# Baked from official LDraw part 11062.dat
o ldraw_11062
v 0.1500000 -4.1000000 0.0000000
v 0.1385850 -4.1000000 0.0574050
v 0.1154875 -4.1000000 0.0478375
v 0.1250000 -4.1000000 0.0000000
v 0.1385850 -4.1000000 0.0574050
v 0.1060650 -4.1000000 0.1060650
v 0.0883875 -4.1000000 0.0883875
v 0.1154875 -4.1000000 0.0478375
v 0.1060650 -4.1000000 0.1060650
v 0.0574050 -4.1000000 0.1385850
v 0.0478375 -4.1000000 0.1154875
v 0.0883875 -4.1000000 0.0883875
v 0.0574050 -4.1000000 0.1385850
v 0.0000000 -4.1000000 0.1500000
v 0.0000000 -4.1000000 0.1250000
v 0.0478375 -4.1000000 0.1154875
v 0.0000000 -4.1000000 0.1500000
v -0.0574050 -4.1000000 0.1385850
v -0.0478375 -4.1000000 0.1154875
v 0.0000000 -4.1000000 0.1250000
v -0.0574050 -4.1000000 0.1385850
v -0.1060650 -4.1000000 0.1060650
v -0.0883875 -4.1000000 0.0883875
v -0.0478375 -4.1000000 0.1154875
v -0.1060650 -4.1000000 0.1060650
v -0.1385850 -4.1000000 0.0574050
v -0.1154875 -4.1000000 0.0478375
v -0.0883875 -4.1000000 0.0883875
v -0.1385850 -4.1000000 0.0574050
v -0.1500000 -4.1000000 0.0000000
v -0.1250000 -4.1000000 0.0000000
v -0.1154875 -4.1000000 0.0478375
v -0.1500000 -4.1000000 0.0000000
v -0.1385850 -4.1000000 -0.0574050
v -0.1154875 -4.1000000 -0.0478375
v -0.1250000 -4.1000000 0.0000000
v -0.1385850 -4.1000000 -0.0574050
v -0.1060650 -4.1000000 -0.1060650
v -0.0883875 -4.1000000 -0.0883875
v -0.1154875 -4.1000000 -0.0478375
v -0.1060650 -4.1000000 -0.1060650
v -0.0574050 -4.1000000 -0.1385850
v -0.0478375 -4.1000000 -0.1154875
v -0.0883875 -4.1000000 -0.0883875
v -0.0574050 -4.1000000 -0.1385850
v 0.0000000 -4.1000000 -0.1500000
v 0.0000000 -4.1000000 -0.1250000
v -0.0478375 -4.1000000 -0.1154875
v 0.0000000 -4.1000000 -0.1500000
v 0.0574050 -4.1000000 -0.1385850
v 0.0478375 -4.1000000 -0.1154875
v 0.0000000 -4.1000000 -0.1250000
v 0.0574050 -4.1000000 -0.1385850
v 0.1060650 -4.1000000 -0.1060650
v 0.0883875 -4.1000000 -0.0883875
v 0.0478375 -4.1000000 -0.1154875
v 0.1060650 -4.1000000 -0.1060650
v 0.1385850 -4.1000000 -0.0574050
v 0.1154875 -4.1000000 -0.0478375
v 0.0883875 -4.1000000 -0.0883875
v 0.1385850 -4.1000000 -0.0574050
v 0.1500000 -4.1000000 0.0000000
v 0.1250000 -4.1000000 0.0000000
v 0.1154875 -4.1000000 -0.0478375
v 0.1250000 -4.1000000 0.0000000
v 0.1154875 -4.1000000 0.0478375
v 0.1154875 -3.7000000 0.0478375
v 0.1250000 -3.7000000 0.0000000
v 0.1154875 -4.1000000 0.0478375
v 0.0883875 -4.1000000 0.0883875
v 0.0883875 -3.7000000 0.0883875
v 0.1154875 -3.7000000 0.0478375
v 0.0883875 -4.1000000 0.0883875
v 0.0478375 -4.1000000 0.1154875
v 0.0478375 -3.7000000 0.1154875
v 0.0883875 -3.7000000 0.0883875
v 0.0478375 -4.1000000 0.1154875
v 0.0000000 -4.1000000 0.1250000
v 0.0000000 -3.7000000 0.1250000
v 0.0478375 -3.7000000 0.1154875
v 0.0000000 -4.1000000 0.1250000
v -0.0478375 -4.1000000 0.1154875
v -0.0478375 -3.7000000 0.1154875
v 0.0000000 -3.7000000 0.1250000
v -0.0478375 -4.1000000 0.1154875
v -0.0883875 -4.1000000 0.0883875
v -0.0883875 -3.7000000 0.0883875
v -0.0478375 -3.7000000 0.1154875
v -0.0883875 -4.1000000 0.0883875
v -0.1154875 -4.1000000 0.0478375
v -0.1154875 -3.7000000 0.0478375
v -0.0883875 -3.7000000 0.0883875
v -0.1154875 -4.1000000 0.0478375
v -0.1250000 -4.1000000 0.0000000
v -0.1250000 -3.7000000 0.0000000
v -0.1154875 -3.7000000 0.0478375
v -0.1250000 -4.1000000 0.0000000
v -0.1154875 -4.1000000 -0.0478375
v -0.1154875 -3.7000000 -0.0478375
v -0.1250000 -3.7000000 0.0000000
v -0.1154875 -4.1000000 -0.0478375
v -0.0883875 -4.1000000 -0.0883875
v -0.0883875 -3.7000000 -0.0883875
v -0.1154875 -3.7000000 -0.0478375
v -0.0883875 -4.1000000 -0.0883875
v -0.0478375 -4.1000000 -0.1154875
v -0.0478375 -3.7000000 -0.1154875
v -0.0883875 -3.7000000 -0.0883875
v -0.0478375 -4.1000000 -0.1154875
v 0.0000000 -4.1000000 -0.1250000
v 0.0000000 -3.7000000 -0.1250000
v -0.0478375 -3.7000000 -0.1154875
v 0.0000000 -4.1000000 -0.1250000
v 0.0478375 -4.1000000 -0.1154875
v 0.0478375 -3.7000000 -0.1154875
v 0.0000000 -3.7000000 -0.1250000
v 0.0478375 -4.1000000 -0.1154875
v 0.0883875 -4.1000000 -0.0883875
v 0.0883875 -3.7000000 -0.0883875
v 0.0478375 -3.7000000 -0.1154875
v 0.0883875 -4.1000000 -0.0883875
v 0.1154875 -4.1000000 -0.0478375
v 0.1154875 -3.7000000 -0.0478375
v 0.0883875 -3.7000000 -0.0883875
v 0.1154875 -4.1000000 -0.0478375
v 0.1250000 -4.1000000 0.0000000
v 0.1250000 -3.7000000 0.0000000
v 0.1154875 -3.7000000 -0.0478375
v 0.0000000 -3.7000000 0.0000000
v 0.1250000 -3.7000000 0.0000000
v 0.1154875 -3.7000000 0.0478375
v 0.0000000 -3.7000000 0.0000000
v 0.1154875 -3.7000000 0.0478375
v 0.0883875 -3.7000000 0.0883875
v 0.0000000 -3.7000000 0.0000000
v 0.0883875 -3.7000000 0.0883875
v 0.0478375 -3.7000000 0.1154875
v 0.0000000 -3.7000000 0.0000000
v 0.0478375 -3.7000000 0.1154875
v 0.0000000 -3.7000000 0.1250000
v 0.0000000 -3.7000000 0.0000000
v 0.0000000 -3.7000000 0.1250000
v -0.0478375 -3.7000000 0.1154875
v 0.0000000 -3.7000000 0.0000000
v -0.0478375 -3.7000000 0.1154875
v -0.0883875 -3.7000000 0.0883875
v 0.0000000 -3.7000000 0.0000000
v -0.0883875 -3.7000000 0.0883875
v -0.1154875 -3.7000000 0.0478375
v 0.0000000 -3.7000000 0.0000000
v -0.1154875 -3.7000000 0.0478375
v -0.1250000 -3.7000000 0.0000000
v 0.0000000 -3.7000000 0.0000000
v -0.1250000 -3.7000000 0.0000000
v -0.1154875 -3.7000000 -0.0478375
v 0.0000000 -3.7000000 0.0000000
v -0.1154875 -3.7000000 -0.0478375
v -0.0883875 -3.7000000 -0.0883875
v 0.0000000 -3.7000000 0.0000000
v -0.0883875 -3.7000000 -0.0883875
v -0.0478375 -3.7000000 -0.1154875
v 0.0000000 -3.7000000 0.0000000
v -0.0478375 -3.7000000 -0.1154875
v 0.0000000 -3.7000000 -0.1250000
v 0.0000000 -3.7000000 0.0000000
v 0.0000000 -3.7000000 -0.1250000
v 0.0478375 -3.7000000 -0.1154875
v 0.0000000 -3.7000000 0.0000000
v 0.0478375 -3.7000000 -0.1154875
v 0.0883875 -3.7000000 -0.0883875
v 0.0000000 -3.7000000 0.0000000
v 0.0883875 -3.7000000 -0.0883875
v 0.1154875 -3.7000000 -0.0478375
v 0.0000000 -3.7000000 0.0000000
v 0.1154875 -3.7000000 -0.0478375
v 0.1250000 -3.7000000 0.0000000
v 0.1500000 -4.2000000 0.0000000
v 0.1385850 -4.2000000 0.0574050
v 0.1385850 -4.1000000 0.0574050
v 0.1500000 -4.1000000 0.0000000
v 0.1385850 -4.2000000 0.0574050
v 0.1060650 -4.2000000 0.1060650
v 0.1060650 -4.1000000 0.1060650
v 0.1385850 -4.1000000 0.0574050
v 0.1060650 -4.2000000 0.1060650
v 0.0574050 -4.2000000 0.1385850
v 0.0574050 -4.1000000 0.1385850
v 0.1060650 -4.1000000 0.1060650
v 0.0574050 -4.2000000 0.1385850
v 0.0000000 -4.2000000 0.1500000
v 0.0000000 -4.1000000 0.1500000
v 0.0574050 -4.1000000 0.1385850
v 0.0000000 -4.2000000 0.1500000
v -0.0574050 -4.2000000 0.1385850
v -0.0574050 -4.1000000 0.1385850
v 0.0000000 -4.1000000 0.1500000
v -0.0574050 -4.2000000 0.1385850
v -0.1060650 -4.2000000 0.1060650
v -0.1060650 -4.1000000 0.1060650
v -0.0574050 -4.1000000 0.1385850
v -0.1060650 -4.2000000 0.1060650
v -0.1385850 -4.2000000 0.0574050
v -0.1385850 -4.1000000 0.0574050
v -0.1060650 -4.1000000 0.1060650
v -0.1385850 -4.2000000 0.0574050
v -0.1500000 -4.2000000 0.0000000
v -0.1500000 -4.1000000 0.0000000
v -0.1385850 -4.1000000 0.0574050
v -0.1500000 -4.2000000 0.0000000
v -0.1385850 -4.2000000 -0.0574050
v -0.1385850 -4.1000000 -0.0574050
v -0.1500000 -4.1000000 0.0000000
v -0.1385850 -4.2000000 -0.0574050
v -0.1060650 -4.2000000 -0.1060650
v -0.1060650 -4.1000000 -0.1060650
v -0.1385850 -4.1000000 -0.0574050
v -0.1060650 -4.2000000 -0.1060650
v -0.0574050 -4.2000000 -0.1385850
v -0.0574050 -4.1000000 -0.1385850
v -0.1060650 -4.1000000 -0.1060650
v -0.0574050 -4.2000000 -0.1385850
v 0.0000000 -4.2000000 -0.1500000
v 0.0000000 -4.1000000 -0.1500000
v -0.0574050 -4.1000000 -0.1385850
v 0.0000000 -4.2000000 -0.1500000
v 0.0574050 -4.2000000 -0.1385850
v 0.0574050 -4.1000000 -0.1385850
v 0.0000000 -4.1000000 -0.1500000
v 0.0574050 -4.2000000 -0.1385850
v 0.1060650 -4.2000000 -0.1060650
v 0.1060650 -4.1000000 -0.1060650
v 0.0574050 -4.1000000 -0.1385850
v 0.1060650 -4.2000000 -0.1060650
v 0.1385850 -4.2000000 -0.0574050
v 0.1385850 -4.1000000 -0.0574050
v 0.1060650 -4.1000000 -0.1060650
v 0.1385850 -4.2000000 -0.0574050
v 0.1500000 -4.2000000 0.0000000
v 0.1500000 -4.1000000 0.0000000
v 0.1385850 -4.1000000 -0.0574050
v 0.2000000 -4.1000000 0.0000000
v 0.1847800 -4.1000000 0.0765400
v 0.1847800 -4.2000000 0.0765400
v 0.2000000 -4.2000000 0.0000000
v 0.1847800 -4.1000000 0.0765400
v 0.1414200 -4.1000000 0.1414200
v 0.1414200 -4.2000000 0.1414200
v 0.1847800 -4.2000000 0.0765400
v 0.1414200 -4.1000000 0.1414200
v 0.0765400 -4.1000000 0.1847800
v 0.0765400 -4.2000000 0.1847800
v 0.1414200 -4.2000000 0.1414200
v 0.0765400 -4.1000000 0.1847800
v 0.0000000 -4.1000000 0.2000000
v 0.0000000 -4.2000000 0.2000000
v 0.0765400 -4.2000000 0.1847800
v 0.0000000 -4.1000000 0.2000000
v -0.0765400 -4.1000000 0.1847800
v -0.0765400 -4.2000000 0.1847800
v 0.0000000 -4.2000000 0.2000000
v -0.0765400 -4.1000000 0.1847800
v -0.1414200 -4.1000000 0.1414200
v -0.1414200 -4.2000000 0.1414200
v -0.0765400 -4.2000000 0.1847800
v -0.1414200 -4.1000000 0.1414200
v -0.1847800 -4.1000000 0.0765400
v -0.1847800 -4.2000000 0.0765400
v -0.1414200 -4.2000000 0.1414200
v -0.1847800 -4.1000000 0.0765400
v -0.2000000 -4.1000000 0.0000000
v -0.2000000 -4.2000000 0.0000000
v -0.1847800 -4.2000000 0.0765400
v -0.2000000 -4.1000000 0.0000000
v -0.1847800 -4.1000000 -0.0765400
v -0.1847800 -4.2000000 -0.0765400
v -0.2000000 -4.2000000 0.0000000
v -0.1847800 -4.1000000 -0.0765400
v -0.1414200 -4.1000000 -0.1414200
v -0.1414200 -4.2000000 -0.1414200
v -0.1847800 -4.2000000 -0.0765400
v -0.1414200 -4.1000000 -0.1414200
v -0.0765400 -4.1000000 -0.1847800
v -0.0765400 -4.2000000 -0.1847800
v -0.1414200 -4.2000000 -0.1414200
v -0.0765400 -4.1000000 -0.1847800
v 0.0000000 -4.1000000 -0.2000000
v 0.0000000 -4.2000000 -0.2000000
v -0.0765400 -4.2000000 -0.1847800
v 0.0000000 -4.1000000 -0.2000000
v 0.0765400 -4.1000000 -0.1847800
v 0.0765400 -4.2000000 -0.1847800
v 0.0000000 -4.2000000 -0.2000000
v 0.0765400 -4.1000000 -0.1847800
v 0.1414200 -4.1000000 -0.1414200
v 0.1414200 -4.2000000 -0.1414200
v 0.0765400 -4.2000000 -0.1847800
v 0.1414200 -4.1000000 -0.1414200
v 0.1847800 -4.1000000 -0.0765400
v 0.1847800 -4.2000000 -0.0765400
v 0.1414200 -4.2000000 -0.1414200
v 0.1847800 -4.1000000 -0.0765400
v 0.2000000 -4.1000000 0.0000000
v 0.2000000 -4.2000000 0.0000000
v 0.1847800 -4.2000000 -0.0765400
v -0.0765400 -4.2000000 0.1847800
v -0.0574050 -4.2000000 0.1385850
v 0.0000000 -4.2000000 0.1500000
v 0.0000000 -4.2000000 0.2000000
v -0.1414200 -4.2000000 0.1414200
v -0.1060650 -4.2000000 0.1060650
v -0.0574050 -4.2000000 0.1385850
v -0.0765400 -4.2000000 0.1847800
v -0.1847800 -4.2000000 0.0765400
v -0.1385850 -4.2000000 0.0574050
v -0.1060650 -4.2000000 0.1060650
v -0.1414200 -4.2000000 0.1414200
v -0.2000000 -4.2000000 0.0000000
v -0.1500000 -4.2000000 0.0000000
v -0.1385850 -4.2000000 0.0574050
v -0.1847800 -4.2000000 0.0765400
v -0.1847800 -4.2000000 -0.0765400
v -0.1385850 -4.2000000 -0.0574050
v -0.1500000 -4.2000000 0.0000000
v -0.2000000 -4.2000000 0.0000000
v -0.1414200 -4.2000000 -0.1414200
v -0.1060650 -4.2000000 -0.1060650
v -0.1385850 -4.2000000 -0.0574050
v -0.1847800 -4.2000000 -0.0765400
v -0.0765400 -4.2000000 -0.1847800
v -0.0574050 -4.2000000 -0.1385850
v -0.1060650 -4.2000000 -0.1060650
v -0.1414200 -4.2000000 -0.1414200
v 0.0000000 -4.2000000 -0.2000000
v 0.0000000 -4.2000000 -0.1500000
v -0.0574050 -4.2000000 -0.1385850
v -0.0765400 -4.2000000 -0.1847800
v 0.0765400 -4.2000000 -0.1847800
v 0.0574050 -4.2000000 -0.1385850
v 0.0000000 -4.2000000 -0.1500000
v 0.0000000 -4.2000000 -0.2000000
v 0.1414200 -4.2000000 -0.1414200
v 0.1060650 -4.2000000 -0.1060650
v 0.0574050 -4.2000000 -0.1385850
v 0.0765400 -4.2000000 -0.1847800
v 0.1847800 -4.2000000 -0.0765400
v 0.1385850 -4.2000000 -0.0574050
v 0.1060650 -4.2000000 -0.1060650
v 0.1414200 -4.2000000 -0.1414200
v 0.2000000 -4.2000000 0.0000000
v 0.1500000 -4.2000000 0.0000000
v 0.1385850 -4.2000000 -0.0574050
v 0.1847800 -4.2000000 -0.0765400
v 0.1847800 -4.2000000 0.0765400
v 0.1385850 -4.2000000 0.0574050
v 0.1500000 -4.2000000 0.0000000
v 0.2000000 -4.2000000 0.0000000
v 0.1414200 -4.2000000 0.1414200
v 0.1060650 -4.2000000 0.1060650
v 0.1385850 -4.2000000 0.0574050
v 0.1847800 -4.2000000 0.0765400
v 0.0765400 -4.2000000 0.1847800
v 0.0574050 -4.2000000 0.1385850
v 0.1060650 -4.2000000 0.1060650
v 0.1414200 -4.2000000 0.1414200
v 0.0000000 -4.2000000 0.2000000
v 0.0000000 -4.2000000 0.1500000
v 0.0574050 -4.2000000 0.1385850
v 0.0765400 -4.2000000 0.1847800
v 0.1847800 -4.1000000 0.0765400
v 0.2000000 -4.1000000 0.0000000
v 0.2000000 -4.1000000 0.2000000
v 0.1414200 -4.1000000 0.1414200
v 0.1847800 -4.1000000 0.0765400
v 0.2000000 -4.1000000 0.2000000
v 0.0765400 -4.1000000 0.1847800
v 0.1414200 -4.1000000 0.1414200
v 0.2000000 -4.1000000 0.2000000
v 0.0000000 -4.1000000 0.2000000
v 0.0765400 -4.1000000 0.1847800
v 0.2000000 -4.1000000 0.2000000
v -0.0765400 -4.1000000 0.1847800
v 0.0000000 -4.1000000 0.2000000
v -0.2000000 -4.1000000 0.2000000
v -0.1414200 -4.1000000 0.1414200
v -0.0765400 -4.1000000 0.1847800
v -0.2000000 -4.1000000 0.2000000
v -0.1847800 -4.1000000 0.0765400
v -0.1414200 -4.1000000 0.1414200
v -0.2000000 -4.1000000 0.2000000
v -0.2000000 -4.1000000 0.0000000
v -0.1847800 -4.1000000 0.0765400
v -0.2000000 -4.1000000 0.2000000
v -0.1847800 -4.1000000 -0.0765400
v -0.2000000 -4.1000000 0.0000000
v -0.2000000 -4.1000000 -0.2000000
v -0.1414200 -4.1000000 -0.1414200
v -0.1847800 -4.1000000 -0.0765400
v -0.2000000 -4.1000000 -0.2000000
v -0.0765400 -4.1000000 -0.1847800
v -0.1414200 -4.1000000 -0.1414200
v -0.2000000 -4.1000000 -0.2000000
v 0.0000000 -4.1000000 -0.2000000
v -0.0765400 -4.1000000 -0.1847800
v -0.2000000 -4.1000000 -0.2000000
v 0.0765400 -4.1000000 -0.1847800
v 0.0000000 -4.1000000 -0.2000000
v 0.2000000 -4.1000000 -0.2000000
v 0.1414200 -4.1000000 -0.1414200
v 0.0765400 -4.1000000 -0.1847800
v 0.2000000 -4.1000000 -0.2000000
v 0.1847800 -4.1000000 -0.0765400
v 0.1414200 -4.1000000 -0.1414200
v 0.2000000 -4.1000000 -0.2000000
v 0.2000000 -4.1000000 0.0000000
v 0.1847800 -4.1000000 -0.0765400
v 0.2000000 -4.1000000 -0.2000000
v 0.4000000 -4.1000000 0.3000000
v 0.2000000 -4.1000000 0.2000000
v 0.2000000 -4.1000000 -0.2000000
v 0.4000000 -4.1000000 -0.3000000
v 0.3000000 -4.1000000 0.4000000
v 0.2000000 -4.1000000 0.2000000
v 0.4000000 -4.1000000 0.3000000
v -0.3000000 -4.1000000 0.4000000
v -0.2000000 -4.1000000 0.2000000
v 0.2000000 -4.1000000 0.2000000
v 0.3000000 -4.1000000 0.4000000
v -0.4000000 -4.1000000 0.3000000
v -0.2000000 -4.1000000 0.2000000
v -0.3000000 -4.1000000 0.4000000
v -0.4000000 -4.1000000 -0.3000000
v -0.2000000 -4.1000000 -0.2000000
v -0.2000000 -4.1000000 0.2000000
v -0.4000000 -4.1000000 0.3000000
v -0.3000000 -4.1000000 -0.4000000
v -0.2000000 -4.1000000 -0.2000000
v -0.4000000 -4.1000000 -0.3000000
v 0.3000000 -4.1000000 -0.4000000
v 0.2000000 -4.1000000 -0.2000000
v -0.2000000 -4.1000000 -0.2000000
v -0.3000000 -4.1000000 -0.4000000
v 0.4000000 -4.1000000 -0.3000000
v 0.2000000 -4.1000000 -0.2000000
v 0.3000000 -4.1000000 -0.4000000
v -0.3923900 -4.1000000 -0.3382700
v -0.3382700 -4.1000000 -0.3923900
v -0.3000000 -4.1000000 -0.4000000
v -0.4000000 -4.1000000 -0.3000000
v -0.3707100 -4.1000000 -0.3707100
v -0.3382700 -4.1000000 -0.3923900
v -0.3923900 -4.1000000 -0.3382700
v 0.3923900 -4.1000000 0.3382700
v 0.3382700 -4.1000000 0.3923900
v 0.3000000 -4.1000000 0.4000000
v 0.4000000 -4.1000000 0.3000000
v 0.3707100 -4.1000000 0.3707100
v 0.3382700 -4.1000000 0.3923900
v 0.3923900 -4.1000000 0.3382700
v 0.3382700 -4.1000000 -0.3923900
v 0.3923900 -4.1000000 -0.3382700
v 0.4000000 -4.1000000 -0.3000000
v 0.3000000 -4.1000000 -0.4000000
v 0.3707100 -4.1000000 -0.3707100
v 0.3923900 -4.1000000 -0.3382700
v 0.3382700 -4.1000000 -0.3923900
v -0.3382700 -4.1000000 0.3923900
v -0.3923900 -4.1000000 0.3382700
v -0.4000000 -4.1000000 0.3000000
v -0.3000000 -4.1000000 0.4000000
v -0.3707100 -4.1000000 0.3707100
v -0.3923900 -4.1000000 0.3382700
v -0.3382700 -4.1000000 0.3923900
v 0.4000000 -4.2000000 0.3000000
v 0.3923900 -4.2000000 0.3382700
v 0.3923900 -4.1000000 0.3382700
v 0.4000000 -4.1000000 0.3000000
v 0.3923900 -4.2000000 0.3382700
v 0.3707100 -4.2000000 0.3707100
v 0.3707100 -4.1000000 0.3707100
v 0.3923900 -4.1000000 0.3382700
v 0.3707100 -4.2000000 0.3707100
v 0.3382700 -4.2000000 0.3923900
v 0.3382700 -4.1000000 0.3923900
v 0.3707100 -4.1000000 0.3707100
v 0.3382700 -4.2000000 0.3923900
v 0.3000000 -4.2000000 0.4000000
v 0.3000000 -4.1000000 0.4000000
v 0.3382700 -4.1000000 0.3923900
v 0.3000000 -4.2000000 -0.4000000
v 0.3382700 -4.2000000 -0.3923900
v 0.3382700 -4.1000000 -0.3923900
v 0.3000000 -4.1000000 -0.4000000
v 0.3382700 -4.2000000 -0.3923900
v 0.3707100 -4.2000000 -0.3707100
v 0.3707100 -4.1000000 -0.3707100
v 0.3382700 -4.1000000 -0.3923900
v 0.3707100 -4.2000000 -0.3707100
v 0.3923900 -4.2000000 -0.3382700
v 0.3923900 -4.1000000 -0.3382700
v 0.3707100 -4.1000000 -0.3707100
v 0.3923900 -4.2000000 -0.3382700
v 0.4000000 -4.2000000 -0.3000000
v 0.4000000 -4.1000000 -0.3000000
v 0.3923900 -4.1000000 -0.3382700
v -0.4000000 -4.2000000 -0.3000000
v -0.3923900 -4.2000000 -0.3382700
v -0.3923900 -4.1000000 -0.3382700
v -0.4000000 -4.1000000 -0.3000000
v -0.3923900 -4.2000000 -0.3382700
v -0.3707100 -4.2000000 -0.3707100
v -0.3707100 -4.1000000 -0.3707100
v -0.3923900 -4.1000000 -0.3382700
v -0.3707100 -4.2000000 -0.3707100
v -0.3382700 -4.2000000 -0.3923900
v -0.3382700 -4.1000000 -0.3923900
v -0.3707100 -4.1000000 -0.3707100
v -0.3382700 -4.2000000 -0.3923900
v -0.3000000 -4.2000000 -0.4000000
v -0.3000000 -4.1000000 -0.4000000
v -0.3382700 -4.1000000 -0.3923900
v -0.3000000 -4.2000000 0.4000000
v -0.3382700 -4.2000000 0.3923900
v -0.3382700 -4.1000000 0.3923900
v -0.3000000 -4.1000000 0.4000000
v -0.3382700 -4.2000000 0.3923900
v -0.3707100 -4.2000000 0.3707100
v -0.3707100 -4.1000000 0.3707100
v -0.3382700 -4.1000000 0.3923900
v -0.3707100 -4.2000000 0.3707100
v -0.3923900 -4.2000000 0.3382700
v -0.3923900 -4.1000000 0.3382700
v -0.3707100 -4.1000000 0.3707100
v -0.3923900 -4.2000000 0.3382700
v -0.4000000 -4.2000000 0.3000000
v -0.4000000 -4.1000000 0.3000000
v -0.3923900 -4.1000000 0.3382700
v 0.4000000 -4.2000000 0.3000000
v 0.4000000 -4.1000000 0.3000000
v 0.4000000 -4.1000000 -0.3000000
v 0.4000000 -4.2000000 -0.3000000
v -0.3000000 -4.2000000 0.4000000
v -0.3000000 -4.1000000 0.4000000
v 0.3000000 -4.1000000 0.4000000
v 0.3000000 -4.2000000 0.4000000
v -0.4000000 -4.2000000 -0.3000000
v -0.4000000 -4.1000000 -0.3000000
v -0.4000000 -4.1000000 0.3000000
v -0.4000000 -4.2000000 0.3000000
v 0.3000000 -4.2000000 -0.4000000
v 0.3000000 -4.1000000 -0.4000000
v -0.3000000 -4.1000000 -0.4000000
v -0.3000000 -4.2000000 -0.4000000
v 0.5000000 -4.2000000 0.3000000
v 0.4847800 -4.2000000 0.3765400
v 0.3923900 -4.2000000 0.3382700
v 0.4000000 -4.2000000 0.3000000
v 0.4847800 -4.2000000 0.3765400
v 0.4414200 -4.2000000 0.4414200
v 0.3707100 -4.2000000 0.3707100
v 0.3923900 -4.2000000 0.3382700
v 0.4414200 -4.2000000 0.4414200
v 0.3765400 -4.2000000 0.4847800
v 0.3382700 -4.2000000 0.3923900
v 0.3707100 -4.2000000 0.3707100
v 0.3765400 -4.2000000 0.4847800
v 0.3000000 -4.2000000 0.5000000
v 0.3000000 -4.2000000 0.4000000
v 0.3382700 -4.2000000 0.3923900
v 0.3000000 -4.2000000 -0.5000000
v 0.3765400 -4.2000000 -0.4847800
v 0.3382700 -4.2000000 -0.3923900
v 0.3000000 -4.2000000 -0.4000000
v 0.3765400 -4.2000000 -0.4847800
v 0.4414200 -4.2000000 -0.4414200
v 0.3707100 -4.2000000 -0.3707100
v 0.3382700 -4.2000000 -0.3923900
v 0.4414200 -4.2000000 -0.4414200
v 0.4847800 -4.2000000 -0.3765400
v 0.3923900 -4.2000000 -0.3382700
v 0.3707100 -4.2000000 -0.3707100
v 0.4847800 -4.2000000 -0.3765400
v 0.5000000 -4.2000000 -0.3000000
v 0.4000000 -4.2000000 -0.3000000
v 0.3923900 -4.2000000 -0.3382700
v -0.5000000 -4.2000000 -0.3000000
v -0.4847800 -4.2000000 -0.3765400
v -0.3923900 -4.2000000 -0.3382700
v -0.4000000 -4.2000000 -0.3000000
v -0.4847800 -4.2000000 -0.3765400
v -0.4414200 -4.2000000 -0.4414200
v -0.3707100 -4.2000000 -0.3707100
v -0.3923900 -4.2000000 -0.3382700
v -0.4414200 -4.2000000 -0.4414200
v -0.3765400 -4.2000000 -0.4847800
v -0.3382700 -4.2000000 -0.3923900
v -0.3707100 -4.2000000 -0.3707100
v -0.3765400 -4.2000000 -0.4847800
v -0.3000000 -4.2000000 -0.5000000
v -0.3000000 -4.2000000 -0.4000000
v -0.3382700 -4.2000000 -0.3923900
v -0.3000000 -4.2000000 0.5000000
v -0.3765400 -4.2000000 0.4847800
v -0.3382700 -4.2000000 0.3923900
v -0.3000000 -4.2000000 0.4000000
v -0.3765400 -4.2000000 0.4847800
v -0.4414200 -4.2000000 0.4414200
v -0.3707100 -4.2000000 0.3707100
v -0.3382700 -4.2000000 0.3923900
v -0.4414200 -4.2000000 0.4414200
v -0.4847800 -4.2000000 0.3765400
v -0.3923900 -4.2000000 0.3382700
v -0.3707100 -4.2000000 0.3707100
v -0.4847800 -4.2000000 0.3765400
v -0.5000000 -4.2000000 0.3000000
v -0.4000000 -4.2000000 0.3000000
v -0.3923900 -4.2000000 0.3382700
v 0.5000000 -4.0500000 0.3000000
v 0.4847800 -4.0500000 0.3765400
v 0.4847800 -4.2000000 0.3765400
v 0.5000000 -4.2000000 0.3000000
v 0.4847800 -4.0500000 0.3765400
v 0.4414200 -4.0500000 0.4414200
v 0.4414200 -4.2000000 0.4414200
v 0.4847800 -4.2000000 0.3765400
v 0.4414200 -4.0500000 0.4414200
v 0.3765400 -4.0500000 0.4847800
v 0.3765400 -4.2000000 0.4847800
v 0.4414200 -4.2000000 0.4414200
v 0.3765400 -4.0500000 0.4847800
v 0.3000000 -4.0500000 0.5000000
v 0.3000000 -4.2000000 0.5000000
v 0.3765400 -4.2000000 0.4847800
v 0.3000000 -4.0500000 -0.5000000
v 0.3765400 -4.0500000 -0.4847800
v 0.3765400 -4.2000000 -0.4847800
v 0.3000000 -4.2000000 -0.5000000
v 0.3765400 -4.0500000 -0.4847800
v 0.4414200 -4.0500000 -0.4414200
v 0.4414200 -4.2000000 -0.4414200
v 0.3765400 -4.2000000 -0.4847800
v 0.4414200 -4.0500000 -0.4414200
v 0.4847800 -4.0500000 -0.3765400
v 0.4847800 -4.2000000 -0.3765400
v 0.4414200 -4.2000000 -0.4414200
v 0.4847800 -4.0500000 -0.3765400
v 0.5000000 -4.0500000 -0.3000000
v 0.5000000 -4.2000000 -0.3000000
v 0.4847800 -4.2000000 -0.3765400
v -0.5000000 -4.0500000 -0.3000000
v -0.4847800 -4.0500000 -0.3765400
v -0.4847800 -4.2000000 -0.3765400
v -0.5000000 -4.2000000 -0.3000000
v -0.4847800 -4.0500000 -0.3765400
v -0.4414200 -4.0500000 -0.4414200
v -0.4414200 -4.2000000 -0.4414200
v -0.4847800 -4.2000000 -0.3765400
v -0.4414200 -4.0500000 -0.4414200
v -0.3765400 -4.0500000 -0.4847800
v -0.3765400 -4.2000000 -0.4847800
v -0.4414200 -4.2000000 -0.4414200
v -0.3765400 -4.0500000 -0.4847800
v -0.3000000 -4.0500000 -0.5000000
v -0.3000000 -4.2000000 -0.5000000
v -0.3765400 -4.2000000 -0.4847800
v -0.3000000 -4.0500000 0.5000000
v -0.3765400 -4.0500000 0.4847800
v -0.3765400 -4.2000000 0.4847800
v -0.3000000 -4.2000000 0.5000000
v -0.3765400 -4.0500000 0.4847800
v -0.4414200 -4.0500000 0.4414200
v -0.4414200 -4.2000000 0.4414200
v -0.3765400 -4.2000000 0.4847800
v -0.4414200 -4.0500000 0.4414200
v -0.4847800 -4.0500000 0.3765400
v -0.4847800 -4.2000000 0.3765400
v -0.4414200 -4.2000000 0.4414200
v -0.4847800 -4.0500000 0.3765400
v -0.5000000 -4.0500000 0.3000000
v -0.5000000 -4.2000000 0.3000000
v -0.4847800 -4.2000000 0.3765400
v -0.5000000 -4.2000000 -0.3000000
v -0.4000000 -4.2000000 -0.3000000
v -0.4000000 -4.2000000 0.3000000
v -0.5000000 -4.2000000 0.3000000
v -0.5000000 -4.0500000 0.3000000
v -0.5000000 -4.0500000 -0.3000000
v -0.5000000 -4.2000000 -0.3000000
v -0.5000000 -4.2000000 0.3000000
v -0.3000000 -4.2000000 0.5000000
v -0.3000000 -4.2000000 0.4000000
v 0.3000000 -4.2000000 0.4000000
v 0.3000000 -4.2000000 0.5000000
v 0.3000000 -4.0500000 0.5000000
v -0.3000000 -4.0500000 0.5000000
v -0.3000000 -4.2000000 0.5000000
v 0.3000000 -4.2000000 0.5000000
v 0.5000000 -4.2000000 0.3000000
v 0.4000000 -4.2000000 0.3000000
v 0.4000000 -4.2000000 -0.3000000
v 0.5000000 -4.2000000 -0.3000000
v 0.5000000 -4.0500000 -0.3000000
v 0.5000000 -4.0500000 0.3000000
v 0.5000000 -4.2000000 0.3000000
v 0.5000000 -4.2000000 -0.3000000
v 0.3000000 -4.2000000 -0.5000000
v 0.3000000 -4.2000000 -0.4000000
v -0.3000000 -4.2000000 -0.4000000
v -0.3000000 -4.2000000 -0.5000000
v -0.3000000 -4.0500000 -0.5000000
v 0.3000000 -4.0500000 -0.5000000
v 0.3000000 -4.2000000 -0.5000000
v -0.3000000 -4.2000000 -0.5000000
v -0.4500000 -4.0000050 -0.3000000
v -0.4385850 -4.0000050 -0.3574050
v -0.4562700 -4.0038000 -0.3647250
v -0.4691400 -4.0038000 -0.3000000
v -0.4691400 -4.0038000 -0.3000000
v -0.4562700 -4.0038000 -0.3647250
v -0.4712550 -4.0146450 -0.3709350
v -0.4853550 -4.0146450 -0.3000000
v -0.4853550 -4.0146450 -0.3000000
v -0.4712550 -4.0146450 -0.3709350
v -0.4812600 -4.0308600 -0.3750900
v -0.4962000 -4.0308600 -0.3000000
v -0.4962000 -4.0308600 -0.3000000
v -0.4812600 -4.0308600 -0.3750900
v -0.4847850 -4.0500000 -0.3765450
v -0.4999950 -4.0500000 -0.3000000
v -0.4385850 -4.0000050 -0.3574050
v -0.4060650 -4.0000050 -0.4060650
v -0.4195950 -4.0038000 -0.4195950
v -0.4562700 -4.0038000 -0.3647250
v -0.4562700 -4.0038000 -0.3647250
v -0.4195950 -4.0038000 -0.4195950
v -0.4310700 -4.0146450 -0.4310700
v -0.4712550 -4.0146450 -0.3709350
v -0.4712550 -4.0146450 -0.3709350
v -0.4310700 -4.0146450 -0.4310700
v -0.4387350 -4.0308600 -0.4387350
v -0.4812600 -4.0308600 -0.3750900
v -0.4812600 -4.0308600 -0.3750900
v -0.4387350 -4.0308600 -0.4387350
v -0.4414200 -4.0500000 -0.4414200
v -0.4847850 -4.0500000 -0.3765450
v -0.4060650 -4.0000050 -0.4060650
v -0.3574050 -4.0000050 -0.4385850
v -0.3647250 -4.0038000 -0.4562700
v -0.4195950 -4.0038000 -0.4195950
v -0.4195950 -4.0038000 -0.4195950
v -0.3647250 -4.0038000 -0.4562700
v -0.3709350 -4.0146450 -0.4712550
v -0.4310700 -4.0146450 -0.4310700
v -0.4310700 -4.0146450 -0.4310700
v -0.3709350 -4.0146450 -0.4712550
v -0.3750900 -4.0308600 -0.4812600
v -0.4387350 -4.0308600 -0.4387350
v -0.4387350 -4.0308600 -0.4387350
v -0.3750900 -4.0308600 -0.4812600
v -0.3765450 -4.0500000 -0.4847850
v -0.4414200 -4.0500000 -0.4414200
v -0.3574050 -4.0000050 -0.4385850
v -0.3000000 -4.0000050 -0.4500000
v -0.3000000 -4.0038000 -0.4691400
v -0.3647250 -4.0038000 -0.4562700
v -0.3647250 -4.0038000 -0.4562700
v -0.3000000 -4.0038000 -0.4691400
v -0.3000000 -4.0146450 -0.4853550
v -0.3709350 -4.0146450 -0.4712550
v -0.3709350 -4.0146450 -0.4712550
v -0.3000000 -4.0146450 -0.4853550
v -0.3000000 -4.0308600 -0.4962000
v -0.3750900 -4.0308600 -0.4812600
v -0.3750900 -4.0308600 -0.4812600
v -0.3000000 -4.0308600 -0.4962000
v -0.3000000 -4.0500000 -0.4999950
v -0.3765450 -4.0500000 -0.4847850
v 0.4500000 -4.0000050 0.3000000
v 0.4385850 -4.0000050 0.3574050
v 0.4562700 -4.0038000 0.3647250
v 0.4691400 -4.0038000 0.3000000
v 0.4691400 -4.0038000 0.3000000
v 0.4562700 -4.0038000 0.3647250
v 0.4712550 -4.0146450 0.3709350
v 0.4853550 -4.0146450 0.3000000
v 0.4853550 -4.0146450 0.3000000
v 0.4712550 -4.0146450 0.3709350
v 0.4812600 -4.0308600 0.3750900
v 0.4962000 -4.0308600 0.3000000
v 0.4962000 -4.0308600 0.3000000
v 0.4812600 -4.0308600 0.3750900
v 0.4847850 -4.0500000 0.3765450
v 0.4999950 -4.0500000 0.3000000
v 0.4385850 -4.0000050 0.3574050
v 0.4060650 -4.0000050 0.4060650
v 0.4195950 -4.0038000 0.4195950
v 0.4562700 -4.0038000 0.3647250
v 0.4562700 -4.0038000 0.3647250
v 0.4195950 -4.0038000 0.4195950
v 0.4310700 -4.0146450 0.4310700
v 0.4712550 -4.0146450 0.3709350
v 0.4712550 -4.0146450 0.3709350
v 0.4310700 -4.0146450 0.4310700
v 0.4387350 -4.0308600 0.4387350
v 0.4812600 -4.0308600 0.3750900
v 0.4812600 -4.0308600 0.3750900
v 0.4387350 -4.0308600 0.4387350
v 0.4414200 -4.0500000 0.4414200
v 0.4847850 -4.0500000 0.3765450
v 0.4060650 -4.0000050 0.4060650
v 0.3574050 -4.0000050 0.4385850
v 0.3647250 -4.0038000 0.4562700
v 0.4195950 -4.0038000 0.4195950
v 0.4195950 -4.0038000 0.4195950
v 0.3647250 -4.0038000 0.4562700
v 0.3709350 -4.0146450 0.4712550
v 0.4310700 -4.0146450 0.4310700
v 0.4310700 -4.0146450 0.4310700
v 0.3709350 -4.0146450 0.4712550
v 0.3750900 -4.0308600 0.4812600
v 0.4387350 -4.0308600 0.4387350
v 0.4387350 -4.0308600 0.4387350
v 0.3750900 -4.0308600 0.4812600
v 0.3765450 -4.0500000 0.4847850
v 0.4414200 -4.0500000 0.4414200
v 0.3574050 -4.0000050 0.4385850
v 0.3000000 -4.0000050 0.4500000
v 0.3000000 -4.0038000 0.4691400
v 0.3647250 -4.0038000 0.4562700
v 0.3647250 -4.0038000 0.4562700
v 0.3000000 -4.0038000 0.4691400
v 0.3000000 -4.0146450 0.4853550
v 0.3709350 -4.0146450 0.4712550
v 0.3709350 -4.0146450 0.4712550
v 0.3000000 -4.0146450 0.4853550
v 0.3000000 -4.0308600 0.4962000
v 0.3750900 -4.0308600 0.4812600
v 0.3750900 -4.0308600 0.4812600
v 0.3000000 -4.0308600 0.4962000
v 0.3000000 -4.0500000 0.4999950
v 0.3765450 -4.0500000 0.4847850
v 0.3000000 -4.0000050 -0.4500000
v 0.3574050 -4.0000050 -0.4385850
v 0.3647250 -4.0038000 -0.4562700
v 0.3000000 -4.0038000 -0.4691400
v 0.3000000 -4.0038000 -0.4691400
v 0.3647250 -4.0038000 -0.4562700
v 0.3709350 -4.0146450 -0.4712550
v 0.3000000 -4.0146450 -0.4853550
v 0.3000000 -4.0146450 -0.4853550
v 0.3709350 -4.0146450 -0.4712550
v 0.3750900 -4.0308600 -0.4812600
v 0.3000000 -4.0308600 -0.4962000
v 0.3000000 -4.0308600 -0.4962000
v 0.3750900 -4.0308600 -0.4812600
v 0.3765450 -4.0500000 -0.4847850
v 0.3000000 -4.0500000 -0.4999950
v 0.3574050 -4.0000050 -0.4385850
v 0.4060650 -4.0000050 -0.4060650
v 0.4195950 -4.0038000 -0.4195950
v 0.3647250 -4.0038000 -0.4562700
v 0.3647250 -4.0038000 -0.4562700
v 0.4195950 -4.0038000 -0.4195950
v 0.4310700 -4.0146450 -0.4310700
v 0.3709350 -4.0146450 -0.4712550
v 0.3709350 -4.0146450 -0.4712550
v 0.4310700 -4.0146450 -0.4310700
v 0.4387350 -4.0308600 -0.4387350
v 0.3750900 -4.0308600 -0.4812600
v 0.3750900 -4.0308600 -0.4812600
v 0.4387350 -4.0308600 -0.4387350
v 0.4414200 -4.0500000 -0.4414200
v 0.3765450 -4.0500000 -0.4847850
v 0.4060650 -4.0000050 -0.4060650
v 0.4385850 -4.0000050 -0.3574050
v 0.4562700 -4.0038000 -0.3647250
v 0.4195950 -4.0038000 -0.4195950
v 0.4195950 -4.0038000 -0.4195950
v 0.4562700 -4.0038000 -0.3647250
v 0.4712550 -4.0146450 -0.3709350
v 0.4310700 -4.0146450 -0.4310700
v 0.4310700 -4.0146450 -0.4310700
v 0.4712550 -4.0146450 -0.3709350
v 0.4812600 -4.0308600 -0.3750900
v 0.4387350 -4.0308600 -0.4387350
v 0.4387350 -4.0308600 -0.4387350
v 0.4812600 -4.0308600 -0.3750900
v 0.4847850 -4.0500000 -0.3765450
v 0.4414200 -4.0500000 -0.4414200
v 0.4385850 -4.0000050 -0.3574050
v 0.4500000 -4.0000050 -0.3000000
v 0.4691400 -4.0038000 -0.3000000
v 0.4562700 -4.0038000 -0.3647250
v 0.4562700 -4.0038000 -0.3647250
v 0.4691400 -4.0038000 -0.3000000
v 0.4853550 -4.0146450 -0.3000000
v 0.4712550 -4.0146450 -0.3709350
v 0.4712550 -4.0146450 -0.3709350
v 0.4853550 -4.0146450 -0.3000000
v 0.4962000 -4.0308600 -0.3000000
v 0.4812600 -4.0308600 -0.3750900
v 0.4812600 -4.0308600 -0.3750900
v 0.4962000 -4.0308600 -0.3000000
v 0.4999950 -4.0500000 -0.3000000
v 0.4847850 -4.0500000 -0.3765450
v -0.3000000 -4.0000050 0.4500000
v -0.3574050 -4.0000050 0.4385850
v -0.3647250 -4.0038000 0.4562700
v -0.3000000 -4.0038000 0.4691400
v -0.3000000 -4.0038000 0.4691400
v -0.3647250 -4.0038000 0.4562700
v -0.3709350 -4.0146450 0.4712550
v -0.3000000 -4.0146450 0.4853550
v -0.3000000 -4.0146450 0.4853550
v -0.3709350 -4.0146450 0.4712550
v -0.3750900 -4.0308600 0.4812600
v -0.3000000 -4.0308600 0.4962000
v -0.3000000 -4.0308600 0.4962000
v -0.3750900 -4.0308600 0.4812600
v -0.3765450 -4.0500000 0.4847850
v -0.3000000 -4.0500000 0.4999950
v -0.3574050 -4.0000050 0.4385850
v -0.4060650 -4.0000050 0.4060650
v -0.4195950 -4.0038000 0.4195950
v -0.3647250 -4.0038000 0.4562700
v -0.3647250 -4.0038000 0.4562700
v -0.4195950 -4.0038000 0.4195950
v -0.4310700 -4.0146450 0.4310700
v -0.3709350 -4.0146450 0.4712550
v -0.3709350 -4.0146450 0.4712550
v -0.4310700 -4.0146450 0.4310700
v -0.4387350 -4.0308600 0.4387350
v -0.3750900 -4.0308600 0.4812600
v -0.3750900 -4.0308600 0.4812600
v -0.4387350 -4.0308600 0.4387350
v -0.4414200 -4.0500000 0.4414200
v -0.3765450 -4.0500000 0.4847850
v -0.4060650 -4.0000050 0.4060650
v -0.4385850 -4.0000050 0.3574050
v -0.4562700 -4.0038000 0.3647250
v -0.4195950 -4.0038000 0.4195950
v -0.4195950 -4.0038000 0.4195950
v -0.4562700 -4.0038000 0.3647250
v -0.4712550 -4.0146450 0.3709350
v -0.4310700 -4.0146450 0.4310700
v -0.4310700 -4.0146450 0.4310700
v -0.4712550 -4.0146450 0.3709350
v -0.4812600 -4.0308600 0.3750900
v -0.4387350 -4.0308600 0.4387350
v -0.4387350 -4.0308600 0.4387350
v -0.4812600 -4.0308600 0.3750900
v -0.4847850 -4.0500000 0.3765450
v -0.4414200 -4.0500000 0.4414200
v -0.4385850 -4.0000050 0.3574050
v -0.4500000 -4.0000050 0.3000000
v -0.4691400 -4.0038000 0.3000000
v -0.4562700 -4.0038000 0.3647250
v -0.4562700 -4.0038000 0.3647250
v -0.4691400 -4.0038000 0.3000000
v -0.4853550 -4.0146450 0.3000000
v -0.4712550 -4.0146450 0.3709350
v -0.4712550 -4.0146450 0.3709350
v -0.4853550 -4.0146450 0.3000000
v -0.4962000 -4.0308600 0.3000000
v -0.4812600 -4.0308600 0.3750900
v -0.4812600 -4.0308600 0.3750900
v -0.4962000 -4.0308600 0.3000000
v -0.4999950 -4.0500000 0.3000000
v -0.4847850 -4.0500000 0.3765450
v -0.4500000 -4.0000000 -0.3000000
v -0.4691350 -4.0038050 -0.3000000
v -0.4691350 -4.0038050 0.3000000
v -0.4500000 -4.0000000 0.3000000
v -0.4691350 -4.0038050 -0.3000000
v -0.4853550 -4.0146450 -0.3000000
v -0.4853550 -4.0146450 0.3000000
v -0.4691350 -4.0038050 0.3000000
v -0.4853550 -4.0146450 -0.3000000
v -0.4961950 -4.0308650 -0.3000000
v -0.4961950 -4.0308650 0.3000000
v -0.4853550 -4.0146450 0.3000000
v -0.4961950 -4.0308650 -0.3000000
v -0.5000000 -4.0500000 -0.3000000
v -0.5000000 -4.0500000 0.3000000
v -0.4961950 -4.0308650 0.3000000
v -0.3000000 -4.0000000 0.4500000
v -0.3000000 -4.0038050 0.4691350
v 0.3000000 -4.0038050 0.4691350
v 0.3000000 -4.0000000 0.4500000
v -0.3000000 -4.0038050 0.4691350
v -0.3000000 -4.0146450 0.4853550
v 0.3000000 -4.0146450 0.4853550
v 0.3000000 -4.0038050 0.4691350
v -0.3000000 -4.0146450 0.4853550
v -0.3000000 -4.0308650 0.4961950
v 0.3000000 -4.0308650 0.4961950
v 0.3000000 -4.0146450 0.4853550
v -0.3000000 -4.0308650 0.4961950
v -0.3000000 -4.0500000 0.5000000
v 0.3000000 -4.0500000 0.5000000
v 0.3000000 -4.0308650 0.4961950
v 0.4500000 -4.0000000 0.3000000
v 0.4691350 -4.0038050 0.3000000
v 0.4691350 -4.0038050 -0.3000000
v 0.4500000 -4.0000000 -0.3000000
v 0.4691350 -4.0038050 0.3000000
v 0.4853550 -4.0146450 0.3000000
v 0.4853550 -4.0146450 -0.3000000
v 0.4691350 -4.0038050 -0.3000000
v 0.4853550 -4.0146450 0.3000000
v 0.4961950 -4.0308650 0.3000000
v 0.4961950 -4.0308650 -0.3000000
v 0.4853550 -4.0146450 -0.3000000
v 0.4961950 -4.0308650 0.3000000
v 0.5000000 -4.0500000 0.3000000
v 0.5000000 -4.0500000 -0.3000000
v 0.4961950 -4.0308650 -0.3000000
v 0.3000000 -4.0000000 -0.4500000
v 0.3000000 -4.0038050 -0.4691350
v -0.3000000 -4.0038050 -0.4691350
v -0.3000000 -4.0000000 -0.4500000
v 0.3000000 -4.0038050 -0.4691350
v 0.3000000 -4.0146450 -0.4853550
v -0.3000000 -4.0146450 -0.4853550
v -0.3000000 -4.0038050 -0.4691350
v 0.3000000 -4.0146450 -0.4853550
v 0.3000000 -4.0308650 -0.4961950
v -0.3000000 -4.0308650 -0.4961950
v -0.3000000 -4.0146450 -0.4853550
v 0.3000000 -4.0308650 -0.4961950
v 0.3000000 -4.0500000 -0.5000000
v -0.3000000 -4.0500000 -0.5000000
v -0.3000000 -4.0308650 -0.4961950
v 0.4500000 -4.0000000 0.3000000
v 0.3000000 -4.0000000 0.4500000
v 0.3574050 -4.0000000 0.4385850
v 0.4385850 -4.0000000 0.3574050
v 0.4385850 -4.0000000 0.3574050
v 0.3574050 -4.0000000 0.4385850
v 0.4060650 -4.0000000 0.4060650
v 0.3000000 -4.0000000 -0.4500000
v 0.4500000 -4.0000000 -0.3000000
v 0.4385850 -4.0000000 -0.3574050
v 0.3574050 -4.0000000 -0.4385850
v 0.3574050 -4.0000000 -0.4385850
v 0.4385850 -4.0000000 -0.3574050
v 0.4060650 -4.0000000 -0.4060650
v -0.4500000 -4.0000000 -0.3000000
v -0.3000000 -4.0000000 -0.4500000
v -0.3574050 -4.0000000 -0.4385850
v -0.4385850 -4.0000000 -0.3574050
v -0.4385850 -4.0000000 -0.3574050
v -0.3574050 -4.0000000 -0.4385850
v -0.4060650 -4.0000000 -0.4060650
v -0.3000000 -4.0000000 0.4500000
v -0.4500000 -4.0000000 0.3000000
v -0.4385850 -4.0000000 0.3574050
v -0.3574050 -4.0000000 0.4385850
v -0.3574050 -4.0000000 0.4385850
v -0.4385850 -4.0000000 0.3574050
v -0.4060650 -4.0000000 0.4060650
v -0.2500000 -4.0000000 0.2500000
v -0.2500000 -4.0000000 -0.2500000
v -0.4500000 -4.0000000 -0.3000000
v -0.4500000 -4.0000000 0.3000000
v -0.3000000 -4.0000000 0.4500000
v -0.2500000 -4.0000000 0.2500000
v -0.4500000 -4.0000000 0.3000000
v -0.3000000 -4.0000000 0.4500000
v 0.3000000 -4.0000000 0.4500000
v 0.2500000 -4.0000000 0.2500000
v -0.2500000 -4.0000000 0.2500000
v 0.4500000 -4.0000000 0.3000000
v 0.2500000 -4.0000000 0.2500000
v 0.3000000 -4.0000000 0.4500000
v 0.2500000 -4.0000000 -0.2500000
v 0.2500000 -4.0000000 0.2500000
v 0.4500000 -4.0000000 0.3000000
v 0.4500000 -4.0000000 -0.3000000
v 0.3000000 -4.0000000 -0.4500000
v 0.2500000 -4.0000000 -0.2500000
v 0.4500000 -4.0000000 -0.3000000
v -0.2500000 -4.0000000 -0.2500000
v 0.2500000 -4.0000000 -0.2500000
v 0.3000000 -4.0000000 -0.4500000
v -0.3000000 -4.0000000 -0.4500000
v -0.4500000 -4.0000000 -0.3000000
v -0.2500000 -4.0000000 -0.2500000
v -0.3000000 -4.0000000 -0.4500000
v 0.2500000 -4.0000000 0.2500000
v 0.2500000 -4.0000000 0.0000000
v 0.2309750 -4.0000000 0.0956750
v 0.2500000 -4.0000000 0.2500000
v 0.2309750 -4.0000000 0.0956750
v 0.1767750 -4.0000000 0.1767750
v 0.2500000 -4.0000000 0.2500000
v 0.1767750 -4.0000000 0.1767750
v 0.0956750 -4.0000000 0.2309750
v 0.2500000 -4.0000000 0.2500000
v 0.0956750 -4.0000000 0.2309750
v 0.0000000 -4.0000000 0.2500000
v -0.2500000 -4.0000000 0.2500000
v 0.0000000 -4.0000000 0.2500000
v -0.0956750 -4.0000000 0.2309750
v -0.2500000 -4.0000000 0.2500000
v -0.0956750 -4.0000000 0.2309750
v -0.1767750 -4.0000000 0.1767750
v -0.2500000 -4.0000000 0.2500000
v -0.1767750 -4.0000000 0.1767750
v -0.2309750 -4.0000000 0.0956750
v -0.2500000 -4.0000000 0.2500000
v -0.2309750 -4.0000000 0.0956750
v -0.2500000 -4.0000000 0.0000000
v -0.2500000 -4.0000000 -0.2500000
v -0.2500000 -4.0000000 0.0000000
v -0.2309750 -4.0000000 -0.0956750
v -0.2500000 -4.0000000 -0.2500000
v -0.2309750 -4.0000000 -0.0956750
v -0.1767750 -4.0000000 -0.1767750
v -0.2500000 -4.0000000 -0.2500000
v -0.1767750 -4.0000000 -0.1767750
v -0.0956750 -4.0000000 -0.2309750
v -0.2500000 -4.0000000 -0.2500000
v -0.0956750 -4.0000000 -0.2309750
v 0.0000000 -4.0000000 -0.2500000
v 0.2500000 -4.0000000 -0.2500000
v 0.0000000 -4.0000000 -0.2500000
v 0.0956750 -4.0000000 -0.2309750
v 0.2500000 -4.0000000 -0.2500000
v 0.0956750 -4.0000000 -0.2309750
v 0.1767750 -4.0000000 -0.1767750
v 0.2500000 -4.0000000 -0.2500000
v 0.1767750 -4.0000000 -0.1767750
v 0.2309750 -4.0000000 -0.0956750
v 0.2500000 -4.0000000 -0.2500000
v 0.2309750 -4.0000000 -0.0956750
v 0.2500000 -4.0000000 0.0000000
v 0.2500000 -3.8500000 0.0000000
v 0.2309750 -3.8500000 0.0956750
v 0.2309750 -4.0000000 0.0956750
v 0.2500000 -4.0000000 0.0000000
v 0.2309750 -3.8500000 0.0956750
v 0.1767750 -3.8500000 0.1767750
v 0.1767750 -4.0000000 0.1767750
v 0.2309750 -4.0000000 0.0956750
v 0.1767750 -3.8500000 0.1767750
v 0.0956750 -3.8500000 0.2309750
v 0.0956750 -4.0000000 0.2309750
v 0.1767750 -4.0000000 0.1767750
v 0.0956750 -3.8500000 0.2309750
v 0.0000000 -3.8500000 0.2500000
v 0.0000000 -4.0000000 0.2500000
v 0.0956750 -4.0000000 0.2309750
v 0.1875000 -3.8500000 0.0000000
v 0.1732313 -3.8500000 0.0717562
v 0.2309750 -3.8500000 0.0956750
v 0.2500000 -3.8500000 0.0000000
v 0.1732313 -3.8500000 0.0717562
v 0.1325813 -3.8500000 0.1325813
v 0.1767750 -3.8500000 0.1767750
v 0.2309750 -3.8500000 0.0956750
v 0.1325813 -3.8500000 0.1325813
v 0.0717562 -3.8500000 0.1732313
v 0.0956750 -3.8500000 0.2309750
v 0.1767750 -3.8500000 0.1767750
v 0.0717562 -3.8500000 0.1732313
v 0.0000000 -3.8500000 0.1875000
v 0.0000000 -3.8500000 0.2500000
v 0.0956750 -3.8500000 0.2309750
v 0.2069750 -2.7745250 0.0751000
v 0.1881500 -2.5854250 0.0000000
v 0.1738250 -2.5854250 0.0720000
v 0.2218500 -2.8437500 0.0555250
v 0.1881500 -2.5854250 0.0000000
v 0.2069750 -2.7745250 0.0751000
v 0.2343750 -2.8972250 0.0000000
v 0.2218500 -2.8437500 0.0555250
v 0.2277500 -2.8972250 0.0574250
v 0.1881500 -2.5854250 0.0000000
v 0.2218500 -2.8437500 0.0555250
v 0.2343750 -2.8972250 0.0000000
v 0.0555250 -2.8437500 0.2220000
v 0.0000000 -2.8972250 0.2343750
v 0.0554750 -2.8972250 0.2277500
v 0.0000000 -2.5854250 0.1881500
v 0.0000000 -2.8972250 0.2343750
v 0.0555250 -2.8437500 0.2220000
v 0.0734500 -2.7743000 0.2072750
v 0.0000000 -2.5854250 0.1881500
v 0.0555250 -2.8437500 0.2220000
v 0.0720000 -2.5854250 0.1738250
v 0.0000000 -2.5854250 0.1881500
v 0.0734500 -2.7743000 0.2072750
v 0.1083250 -2.7269000 0.1846000
v 0.0720000 -2.5854250 0.1738250
v 0.0734500 -2.7743000 0.2072750
v 0.1475250 -2.7137500 0.1508000
v 0.0720000 -2.5854250 0.1738250
v 0.1083250 -2.7269000 0.1846000
v 0.1330500 -2.5854250 0.1330500
v 0.0720000 -2.5854250 0.1738250
v 0.1475250 -2.7137500 0.1508000
v 0.1330500 -2.5854250 0.1330500
v 0.1846000 -2.7260750 0.1083250
v 0.1738250 -2.5854250 0.0720000
v 0.1475250 -2.7137500 0.1508000
v 0.1846000 -2.7260750 0.1083250
v 0.1330500 -2.5854250 0.1330500
v 0.2069750 -2.7745250 0.0751000
v 0.1738250 -2.5854250 0.0720000
v 0.1846000 -2.7260750 0.1083250
v 0.0000000 -2.8972250 0.2343750
v 0.0000000 -3.2137500 0.2500000
v 0.0575000 -3.2137500 0.2437500
v 0.0554750 -2.8972250 0.2277500
v 0.0554750 -2.8972250 0.2277500
v 0.0560500 -2.8437500 0.1190250
v 0.0555250 -2.8437500 0.2220000
v 0.0575000 -3.2137500 0.2437500
v 0.0560500 -2.8437500 0.1190250
v 0.0554750 -2.8972250 0.2277500
v 0.0560500 -3.5937500 0.1190250
v 0.0560500 -2.8437500 0.1190250
v 0.0575000 -3.2137500 0.2437500
v 0.0560500 -3.5937500 0.1190250
v 0.0554750 -3.5302500 0.2286500
v 0.0555250 -3.5937500 0.2218500
v 0.0575000 -3.2137500 0.2437500
v 0.0554750 -3.5302500 0.2286500
v 0.0560500 -3.5937500 0.1190250
v 0.0560500 -2.8437500 0.1190250
v 0.0734500 -2.7743000 0.2072750
v 0.0555250 -2.8437500 0.2220000
v 0.0685500 -2.8094750 0.1066750
v 0.0734500 -2.7743000 0.2072750
v 0.0560500 -2.8437500 0.1190250
v 0.1083250 -2.7269000 0.1846000
v 0.0734500 -2.7743000 0.2072750
v 0.0685500 -2.8094750 0.1066750
v 0.0884750 -2.8004250 0.0869750
v 0.1083250 -2.7269000 0.1846000
v 0.0685500 -2.8094750 0.1066750
v 0.1475250 -2.7137500 0.1508000
v 0.1083250 -2.7269000 0.1846000
v 0.0884750 -2.8004250 0.0869750
v 0.0884750 -2.8004250 0.0869750
v 0.1846000 -2.7260750 0.1083250
v 0.1475250 -2.7137500 0.1508000
v 0.1085000 -2.8126750 0.0671500
v 0.1846000 -2.7260750 0.1083250
v 0.0884750 -2.8004250 0.0869750
v 0.2069750 -2.7745250 0.0751000
v 0.1846000 -2.7260750 0.1083250
v 0.1085000 -2.8126750 0.0671500
v 0.2069750 -2.7745250 0.0751000
v 0.1188750 -2.8437500 0.0568750
v 0.2218500 -2.8437500 0.0555250
v 0.1085000 -2.8126750 0.0671500
v 0.1188750 -2.8437500 0.0568750
v 0.2069750 -2.7745250 0.0751000
v 0.2343750 -2.8972250 0.0000000
v 0.2277500 -2.8972250 0.0574250
v 0.2437500 -3.2137500 0.0575000
v 0.2500000 -3.2137500 0.0000000
v 0.0555250 -3.5937500 0.2218500
v 0.0000000 -3.5302500 0.2357750
v 0.0000000 -3.8500000 0.1875000
v 0.0554750 -3.5302500 0.2286500
v 0.0000000 -3.5302500 0.2357750
v 0.0555250 -3.5937500 0.2218500
v 0.0000000 -3.8500000 0.1875000
v 0.0723250 -3.6653250 0.2088000
v 0.0555250 -3.5937500 0.2218500
v 0.0717500 -3.8500000 0.1732250
v 0.0723250 -3.6653250 0.2088000
v 0.0000000 -3.8500000 0.1875000
v 0.0717500 -3.8500000 0.1732250
v 0.1083250 -3.7122000 0.1846000
v 0.0723250 -3.6653250 0.2088000
v 0.1325750 -3.8500000 0.1325750
v 0.1083250 -3.7122000 0.1846000
v 0.0717500 -3.8500000 0.1732250
v 0.1504500 -3.7236500 0.1478750
v 0.1083250 -3.7122000 0.1846000
v 0.1325750 -3.8500000 0.1325750
v 0.1504500 -3.7236500 0.1478750
v 0.1732250 -3.8500000 0.0717500
v 0.1846000 -3.7083750 0.1083250
v 0.1325750 -3.8500000 0.1325750
v 0.1732250 -3.8500000 0.0717500
v 0.1504500 -3.7236500 0.1478750
v 0.1846000 -3.7083750 0.1083250
v 0.1732250 -3.8500000 0.0717500
v 0.2088000 -3.6573500 0.0723250
v 0.2218500 -3.5937500 0.0555250
v 0.2357750 -3.5302500 0.0000000
v 0.2286500 -3.5302500 0.0574500
v 0.1875000 -3.8500000 0.0000000
v 0.2357750 -3.5302500 0.0000000
v 0.2218500 -3.5937500 0.0555250
v 0.2088000 -3.6573500 0.0723250
v 0.1875000 -3.8500000 0.0000000
v 0.2218500 -3.5937500 0.0555250
v 0.1732250 -3.8500000 0.0717500
v 0.1875000 -3.8500000 0.0000000
v 0.2088000 -3.6573500 0.0723250
v 0.2357750 -3.5302500 0.0000000
v 0.2500000 -3.2137500 0.0000000
v 0.2437500 -3.2137500 0.0575000
v 0.2286500 -3.5302500 0.0574500
v 0.2286500 -3.5302500 0.0574500
v 0.1188750 -3.5937500 0.0568750
v 0.2218500 -3.5937500 0.0555250
v 0.2437500 -3.2137500 0.0575000
v 0.1188750 -2.8437500 0.0568750
v 0.1188750 -3.5937500 0.0568750
v 0.2286500 -3.5302500 0.0574500
v 0.1188750 -2.8437500 0.0568750
v 0.2277500 -2.8972250 0.0574250
v 0.2218500 -2.8437500 0.0555250
v 0.2437500 -3.2137500 0.0575000
v 0.2277500 -2.8972250 0.0574250
v 0.1188750 -2.8437500 0.0568750
v 0.1188750 -3.5937500 0.0568750
v 0.2088000 -3.6573500 0.0723250
v 0.2218500 -3.5937500 0.0555250
v 0.1063750 -3.6263750 0.0692500
v 0.2088000 -3.6573500 0.0723250
v 0.1188750 -3.5937500 0.0568750
v 0.1846000 -3.7083750 0.1083250
v 0.2088000 -3.6573500 0.0723250
v 0.1063750 -3.6263750 0.0692500
v 0.0864750 -3.6370750 0.0889500
v 0.1846000 -3.7083750 0.1083250
v 0.1063750 -3.6263750 0.0692500
v 0.1504500 -3.7236500 0.1478750
v 0.1846000 -3.7083750 0.1083250
v 0.0864750 -3.6370750 0.0889500
v 0.0864750 -3.6370750 0.0889500
v 0.1083250 -3.7122000 0.1846000
v 0.1504500 -3.7236500 0.1478750
v 0.0678250 -3.6259500 0.1074000
v 0.1083250 -3.7122000 0.1846000
v 0.0864750 -3.6370750 0.0889500
v 0.0678250 -3.6259500 0.1074000
v 0.0723250 -3.6653250 0.2088000
v 0.1083250 -3.7122000 0.1846000
v 0.0723250 -3.6653250 0.2088000
v 0.0560500 -3.5937500 0.1190250
v 0.0555250 -3.5937500 0.2218500
v 0.0678250 -3.6259500 0.1074000
v 0.0560500 -3.5937500 0.1190250
v 0.0723250 -3.6653250 0.2088000
v 0.0575000 -3.2137500 0.2437500
v 0.0000000 -3.5302500 0.2357750
v 0.0554750 -3.5302500 0.2286500
v 0.0000000 -3.2137500 0.2500000
v 0.0000000 -3.5302500 0.2357750
v 0.0575000 -3.2137500 0.2437500
v 0.0752750 -2.8437500 0.0742750
v 0.0560500 -2.8437500 0.1190250
v 0.0560500 -3.5937500 0.1190250
v 0.0752750 -3.5937500 0.0742750
v 0.0752750 -2.8437500 0.0742750
v 0.0685500 -2.8094750 0.1066750
v 0.0560500 -2.8437500 0.1190250
v 0.0884750 -2.8004250 0.0869750
v 0.0685500 -2.8094750 0.1066750
v 0.0752750 -2.8437500 0.0742750
v 0.1085000 -2.8126750 0.0671500
v 0.0752750 -2.8437500 0.0742750
v 0.1188750 -2.8437500 0.0568750
v 0.0884750 -2.8004250 0.0869750
v 0.0752750 -2.8437500 0.0742750
v 0.1085000 -2.8126750 0.0671500
v 0.1188750 -2.8437500 0.0568750
v 0.0752750 -2.8437500 0.0742750
v 0.0752750 -3.5937500 0.0742750
v 0.1188750 -3.5937500 0.0568750
v 0.1063750 -3.6263750 0.0692500
v 0.0752750 -3.5937500 0.0742750
v 0.0864750 -3.6370750 0.0889500
v 0.1188750 -3.5937500 0.0568750
v 0.0752750 -3.5937500 0.0742750
v 0.1063750 -3.6263750 0.0692500
v 0.0752750 -3.5937500 0.0742750
v 0.0678250 -3.6259500 0.1074000
v 0.0864750 -3.6370750 0.0889500
v 0.0560500 -3.5937500 0.1190250
v 0.0678250 -3.6259500 0.1074000
v 0.0752750 -3.5937500 0.0742750
v 0.2001540 -2.5813000 0.0000000
v 0.1849138 -2.5813000 0.0765959
v 0.1738318 -2.5854275 0.0720050
v 0.1881500 -2.5854275 0.0000000
v 0.2103329 -2.5695675 0.0000000
v 0.1943213 -2.5695675 0.0804906
v 0.1849138 -2.5813000 0.0765959
v 0.2001540 -2.5813000 0.0000000
v 0.2171251 -2.5519850 0.0000000
v 0.2006055 -2.5519850 0.0830870
v 0.1943213 -2.5695675 0.0804906
v 0.2103329 -2.5695675 0.0000000
v 0.2195146 -2.5312500 0.0000000
v 0.2028069 -2.5312500 0.0840090
v 0.2006055 -2.5519850 0.0830870
v 0.2171251 -2.5519850 0.0000000
v 0.1849138 -2.5813000 0.0765959
v 0.1415264 -2.5813000 0.1415264
v 0.1330409 -2.5854275 0.1330409
v 0.1738318 -2.5854275 0.0720050
v 0.1943213 -2.5695675 0.0804906
v 0.1487138 -2.5695675 0.1487138
v 0.1415264 -2.5813000 0.1415264
v 0.1849138 -2.5813000 0.0765959
v 0.2006055 -2.5519850 0.0830870
v 0.1535304 -2.5519850 0.1535304
v 0.1487138 -2.5695675 0.1487138
v 0.1943213 -2.5695675 0.0804906
v 0.2028069 -2.5312500 0.0840090
v 0.1552237 -2.5312500 0.1552237
v 0.1535304 -2.5519850 0.1535304
v 0.2006055 -2.5519850 0.0830870
v 0.1415264 -2.5813000 0.1415264
v 0.0765959 -2.5813000 0.1849138
v 0.0720050 -2.5854275 0.1738318
v 0.1330409 -2.5854275 0.1330409
v 0.1487138 -2.5695675 0.1487138
v 0.0804906 -2.5695675 0.1943213
v 0.0765959 -2.5813000 0.1849138
v 0.1415264 -2.5813000 0.1415264
v 0.1535304 -2.5519850 0.1535304
v 0.0830870 -2.5519850 0.2006055
v 0.0804906 -2.5695675 0.1943213
v 0.1487138 -2.5695675 0.1487138
v 0.1552237 -2.5312500 0.1552237
v 0.0840090 -2.5312500 0.2028069
v 0.0830870 -2.5519850 0.2006055
v 0.1535304 -2.5519850 0.1535304
v 0.0765959 -2.5813000 0.1849138
v 0.0000000 -2.5813000 0.2001540
v 0.0000000 -2.5854275 0.1881500
v 0.0720050 -2.5854275 0.1738318
v 0.0804906 -2.5695675 0.1943213
v 0.0000000 -2.5695675 0.2103329
v 0.0000000 -2.5813000 0.2001540
v 0.0765959 -2.5813000 0.1849138
v 0.0830870 -2.5519850 0.2006055
v 0.0000000 -2.5519850 0.2171251
v 0.0000000 -2.5695675 0.2103329
v 0.0804906 -2.5695675 0.1943213
v 0.0840090 -2.5312500 0.2028069
v 0.0000000 -2.5312500 0.2195146
v 0.0000000 -2.5519850 0.2171251
v 0.0830870 -2.5519850 0.2006055
v 0.1549500 -2.4687450 0.0000000
v 0.1431583 -2.4687450 0.0592994
v 0.1659824 -2.4735000 0.0687513
v 0.1796645 -2.4735000 0.0000000
v 0.1796645 -2.4735000 0.0000000
v 0.1659824 -2.4735000 0.0687513
v 0.1853357 -2.4870600 0.0767777
v 0.2005983 -2.4870600 0.0000000
v 0.2005983 -2.4870600 0.0000000
v 0.1853357 -2.4870600 0.0767777
v 0.1982740 -2.5073250 0.0821235
v 0.2146058 -2.5073250 0.0000000
v 0.2146058 -2.5073250 0.0000000
v 0.1982740 -2.5073250 0.0821235
v 0.2028141 -2.5312500 0.0840139
v 0.2195177 -2.5312500 0.0000000
v 0.1431583 -2.4687450 0.0592994
v 0.1095651 -2.4687450 0.1095651
v 0.1270435 -2.4735000 0.1270435
v 0.1659824 -2.4735000 0.0687513
v 0.1659824 -2.4735000 0.0687513
v 0.1270435 -2.4735000 0.1270435
v 0.1418412 -2.4870600 0.1418412
v 0.1853357 -2.4870600 0.0767777
v 0.1853357 -2.4870600 0.0767777
v 0.1418412 -2.4870600 0.1418412
v 0.1517425 -2.5073250 0.1517425
v 0.1982740 -2.5073250 0.0821235
v 0.1982740 -2.5073250 0.0821235
v 0.1517425 -2.5073250 0.1517425
v 0.1552134 -2.5312500 0.1552134
v 0.2028141 -2.5312500 0.0840139
v 0.1095651 -2.4687450 0.1095651
v 0.0592994 -2.4687450 0.1431583
v 0.0687513 -2.4735000 0.1659824
v 0.1270435 -2.4735000 0.1270435
v 0.1270435 -2.4735000 0.1270435
v 0.0687513 -2.4735000 0.1659824
v 0.0767777 -2.4870600 0.1853357
v 0.1418412 -2.4870600 0.1418412
v 0.1418412 -2.4870600 0.1418412
v 0.0767777 -2.4870600 0.1853357
v 0.0821235 -2.5073250 0.1982740
v 0.1517425 -2.5073250 0.1517425
v 0.1517425 -2.5073250 0.1517425
v 0.0821235 -2.5073250 0.1982740
v 0.0840139 -2.5312500 0.2028141
v 0.1552134 -2.5312500 0.1552134
v 0.0592994 -2.4687450 0.1431583
v 0.0000000 -2.4687450 0.1549500
v 0.0000000 -2.4735000 0.1796645
v 0.0687513 -2.4735000 0.1659824
v 0.0687513 -2.4735000 0.1659824
v 0.0000000 -2.4735000 0.1796645
v 0.0000000 -2.4870600 0.2005983
v 0.0767777 -2.4870600 0.1853357
v 0.0767777 -2.4870600 0.1853357
v 0.0000000 -2.4870600 0.2005983
v 0.0000000 -2.5073250 0.2146058
v 0.0821235 -2.5073250 0.1982740
v 0.0821235 -2.5073250 0.1982740
v 0.0000000 -2.5073250 0.2146058
v 0.0000000 -2.5312500 0.2195177
v 0.0840139 -2.5312500 0.2028141
v 0.0607000 -2.2921000 0.1408750
v 0.0498250 -2.3357000 0.1448250
v 0.0593000 -2.4687500 0.1431500
v 0.0261750 -2.3662750 0.1509250
v 0.0593000 -2.4687500 0.1431500
v 0.0498250 -2.3357000 0.1448250
v 0.0000000 -2.4687500 0.1549500
v 0.0593000 -2.4687500 0.1431500
v 0.0261750 -2.3662750 0.1509250
v 0.0000000 -2.4687500 0.1549500
v 0.0261750 -2.3662750 0.1509250
v 0.0000000 -2.3739750 0.1528750
v 0.0262000 -0.5397500 0.1509250
v 0.0602750 -0.4375000 0.1455250
v 0.0000000 -0.4375000 0.1575000
v 0.0498250 -0.5703750 0.1448250
v 0.0602750 -0.4375000 0.1455250
v 0.0262000 -0.5397500 0.1509250
v 0.0607000 -0.6139000 0.1408750
v 0.0602750 -0.4375000 0.1455250
v 0.0498250 -0.5703750 0.1448250
v 0.0000000 -0.4375000 0.1575000
v 0.0000000 -0.5320250 0.1528750
v 0.0262000 -0.5397500 0.1509250
v 0.0226250 -0.6139000 0.1188750
v 0.0226250 -2.2921000 0.1188750
v 0.0607000 -2.2921000 0.1408750
v 0.0607000 -0.6139000 0.1408750
v 0.0139000 -2.3096500 0.1188750
v 0.0607000 -2.2921000 0.1408750
v 0.0226250 -2.2921000 0.1188750
v 0.0498250 -2.3357000 0.1448250
v 0.0607000 -2.2921000 0.1408750
v 0.0139000 -2.3096500 0.1188750
v 0.0139000 -2.3096500 0.1188750
v 0.0261750 -2.3662750 0.1509250
v 0.0498250 -2.3357000 0.1448250
v 0.0261750 -2.3662750 0.1509250
v 0.0000000 -2.3155500 0.1188750
v 0.0000000 -2.3739750 0.1528750
v 0.0139000 -2.3096500 0.1188750
v 0.0000000 -2.3155500 0.1188750
v 0.0261750 -2.3662750 0.1509250
v 0.0262000 -0.5397500 0.1509250
v 0.0000000 -0.5320250 0.1528750
v 0.0000000 -0.5904500 0.1189000
v 0.0498250 -0.5703750 0.1448250
v 0.0000000 -0.5904500 0.1189000
v 0.0141250 -0.5975000 0.1189000
v 0.0262000 -0.5397500 0.1509250
v 0.0000000 -0.5904500 0.1189000
v 0.0498250 -0.5703750 0.1448250
v 0.0141250 -0.5975000 0.1189000
v 0.0607000 -0.6139000 0.1408750
v 0.0498250 -0.5703750 0.1448250
v 0.0226250 -0.6139000 0.1188750
v 0.0607000 -0.6139000 0.1408750
v 0.0141250 -0.5975000 0.1189000
v 0.0000000 -2.2921000 0.1133000
v 0.0139000 -2.3096500 0.1188750
v 0.0226250 -2.2921000 0.1188750
v 0.0000000 -2.3155500 0.1188750
v 0.0139000 -2.3096500 0.1188750
v 0.0000000 -2.2921000 0.1133000
v 0.0000000 -2.2921000 0.1133000
v 0.0226250 -2.2921000 0.1188750
v 0.0226250 -0.6139000 0.1188750
v 0.0000000 -0.6139000 0.1133000
v 0.0141250 -0.5975000 0.1189000
v 0.0000000 -0.6139000 0.1133000
v 0.0226250 -0.6139000 0.1188750
v 0.0000000 -0.5904500 0.1189000
v 0.0000000 -0.6139000 0.1133000
v 0.0141250 -0.5975000 0.1189000
v 0.1550750 -2.2921000 0.0163250
v 0.1530500 -2.3357000 0.0277500
v 0.1549500 -2.4687500 0.0000000
v 0.1465250 -2.3662750 0.0512750
v 0.1549500 -2.4687500 0.0000000
v 0.1530500 -2.3357000 0.0277500
v 0.1431500 -2.4687500 0.0593000
v 0.1549500 -2.4687500 0.0000000
v 0.1465250 -2.3662750 0.0512750
v 0.1431500 -2.4687500 0.0593000
v 0.1465250 -2.3662750 0.0512750
v 0.1351500 -2.3739750 0.0748750
v 0.1351500 -2.3739750 0.0748750
v 0.1095750 -2.4687500 0.1095750
v 0.1431500 -2.4687500 0.0593000
v 0.1203250 -2.3668500 0.0966000
v 0.1095750 -2.4687500 0.1095750
v 0.1351500 -2.3739750 0.0748750
v 0.1203250 -2.3668500 0.0966000
v 0.0593000 -2.4687500 0.1431500
v 0.1095750 -2.4687500 0.1095750
v 0.1030000 -2.3369000 0.1142000
v 0.0593000 -2.4687500 0.1431500
v 0.1203250 -2.3668500 0.0966000
v 0.0935500 -2.2921000 0.1220500
v 0.0607000 -2.2921000 0.1408750
v 0.0593000 -2.4687500 0.1431500
v 0.0935500 -0.6139000 0.1220500
v 0.0607000 -0.6139000 0.1408750
v 0.0607000 -2.2921000 0.1408750
v 0.0935500 -2.2921000 0.1220500
v 0.0935500 -2.2921000 0.1220500
v 0.0593000 -2.4687500 0.1431500
v 0.1030000 -2.3369000 0.1142000
v 0.1465250 -0.5397500 0.0512500
v 0.1575000 -0.4375000 0.0000000
v 0.1455250 -0.4375000 0.0602750
v 0.1530500 -0.5703750 0.0277250
v 0.1575000 -0.4375000 0.0000000
v 0.1465250 -0.5397500 0.0512500
v 0.1550750 -0.6139000 0.0163250
v 0.1575000 -0.4375000 0.0000000
v 0.1530500 -0.5703750 0.0277250
v 0.1204250 -0.5390500 0.0964750
v 0.1351750 -0.5320250 0.0748500
v 0.1455250 -0.4375000 0.0602750
v 0.1113750 -0.4375000 0.1113750
v 0.1455250 -0.4375000 0.0602750
v 0.1351750 -0.5320250 0.0748500
v 0.1465250 -0.5397500 0.0512500
v 0.1550750 -2.2921000 0.0163250
v 0.1550750 -0.6139000 0.0163250
v 0.1170000 -0.6139000 0.0383250
v 0.1170000 -2.2921000 0.0383250
v 0.1126250 -2.3096500 0.0458750
v 0.1550750 -2.2921000 0.0163250
v 0.1170000 -2.2921000 0.0383250
v 0.1530500 -2.3357000 0.0277500
v 0.1550750 -2.2921000 0.0163250
v 0.1126250 -2.3096500 0.0458750
v 0.1126250 -2.3096500 0.0458750
v 0.1465250 -2.3662750 0.0512750
v 0.1530500 -2.3357000 0.0277500
v 0.1465250 -2.3662750 0.0512750
v 0.1052750 -2.3155500 0.0586250
v 0.1351500 -2.3739750 0.0748750
v 0.1126250 -2.3096500 0.0458750
v 0.1052750 -2.3155500 0.0586250
v 0.1465250 -2.3662750 0.0512750
v 0.1052750 -2.3155500 0.0586250
v 0.1203250 -2.3668500 0.0966000
v 0.1351500 -2.3739750 0.0748750
v 0.1030000 -2.3369000 0.1142000
v 0.1052750 -2.3155500 0.0586250
v 0.0974250 -2.3084000 0.0722000
v 0.1203250 -2.3668500 0.0966000
v 0.1052750 -2.3155500 0.0586250
v 0.1030000 -2.3369000 0.1142000
v 0.0974250 -2.3084000 0.0722000
v 0.0935500 -2.2921000 0.1220500
v 0.1030000 -2.3369000 0.1142000
v 0.0935500 -2.2921000 0.0789250
v 0.0935500 -2.2921000 0.1220500
v 0.0974250 -2.3084000 0.0722000
v 0.0935500 -0.6139000 0.1220500
v 0.0935500 -2.2921000 0.1220500
v 0.0935500 -2.2921000 0.0789250
v 0.0935500 -0.6139000 0.0789250
v 0.0935500 -0.6139000 0.1220500
v 0.0978250 -0.5974500 0.0715250
v 0.1030500 -0.5690250 0.1141500
v 0.0935500 -0.6139000 0.0789250
v 0.0978250 -0.5974500 0.0715250
v 0.0935500 -0.6139000 0.1220500
v 0.1052750 -0.5904500 0.0586250
v 0.1030500 -0.5690250 0.1141500
v 0.0978250 -0.5974500 0.0715250
v 0.1204250 -0.5390500 0.0964750
v 0.1030500 -0.5690250 0.1141500
v 0.1052750 -0.5904500 0.0586250
v 0.1052750 -0.5904500 0.0586250
v 0.1351750 -0.5320250 0.0748500
v 0.1204250 -0.5390500 0.0964750
v 0.1465250 -0.5397500 0.0512500
v 0.1351750 -0.5320250 0.0748500
v 0.1052750 -0.5904500 0.0586250
v 0.1530500 -0.5703750 0.0277250
v 0.1052750 -0.5904500 0.0586250
v 0.1127500 -0.5975000 0.0456750
v 0.1465250 -0.5397500 0.0512500
v 0.1052750 -0.5904500 0.0586250
v 0.1530500 -0.5703750 0.0277250
v 0.1127500 -0.5975000 0.0456750
v 0.1550750 -0.6139000 0.0163250
v 0.1530500 -0.5703750 0.0277250
v 0.1170000 -0.6139000 0.0383250
v 0.1550750 -0.6139000 0.0163250
v 0.1127500 -0.5975000 0.0456750
v 0.1005250 -2.2921000 0.0557000
v 0.1126250 -2.3096500 0.0458750
v 0.1170000 -2.2921000 0.0383250
v 0.1052750 -2.3155500 0.0586250
v 0.1126250 -2.3096500 0.0458750
v 0.1005250 -2.2921000 0.0557000
v 0.1005250 -2.2921000 0.0557000
v 0.1170000 -2.2921000 0.0383250
v 0.1170000 -0.6139000 0.0383250
v 0.1005250 -0.6139000 0.0557000
v 0.1005250 -2.2921000 0.0557000
v 0.0974250 -2.3084000 0.0722000
v 0.1052750 -2.3155500 0.0586250
v 0.0935500 -2.2921000 0.0789250
v 0.0974250 -2.3084000 0.0722000
v 0.1005250 -2.2921000 0.0557000
v 0.1005250 -0.6139000 0.0557000
v 0.0935500 -0.6139000 0.0789250
v 0.0935500 -2.2921000 0.0789250
v 0.1005250 -2.2921000 0.0557000
v 0.1127500 -0.5975000 0.0456750
v 0.1005250 -0.6139000 0.0557000
v 0.1170000 -0.6139000 0.0383250
v 0.1052750 -0.5904500 0.0586250
v 0.1005250 -0.6139000 0.0557000
v 0.1127500 -0.5975000 0.0456750
v 0.0978250 -0.5974500 0.0715250
v 0.1005250 -0.6139000 0.0557000
v 0.1052750 -0.5904500 0.0586250
v 0.0935500 -0.6139000 0.0789250
v 0.1005250 -0.6139000 0.0557000
v 0.0978250 -0.5974500 0.0715250
v 0.1550750 -0.6139000 0.0163250
v 0.1552000 -0.6139000 0.0000000
v 0.1575000 -0.4375000 0.0000000
v 0.1552000 -2.2921000 0.0000000
v 0.1550750 -2.2921000 0.0163250
v 0.1549500 -2.4687500 0.0000000
v 0.1552000 -0.6139000 0.0000000
v 0.1550750 -0.6139000 0.0163250
v 0.1550750 -2.2921000 0.0163250
v 0.1552000 -2.2921000 0.0000000
v 0.1030500 -0.5690250 0.1141500
v 0.1204250 -0.5390500 0.0964750
v 0.1113750 -0.4375000 0.1113750
v 0.0607000 -0.6139000 0.1408750
v 0.0935500 -0.6139000 0.1220500
v 0.0602750 -0.4375000 0.1455250
v 0.0935500 -0.6139000 0.1220500
v 0.1030500 -0.5690250 0.1141500
v 0.1113750 -0.4375000 0.1113750
v 0.0602750 -0.4375000 0.1455250
v 0.0935500 -0.6139000 0.1220500
v 0.1113750 -0.4375000 0.1113750
v 0.1575000 -0.3125000 0.0000000
v 0.1455143 -0.3125000 0.0602752
v 0.1733602 -0.3172500 0.0718043
v 0.1876455 -0.3172500 0.0000000
v 0.1876455 -0.3172500 0.0000000
v 0.1733602 -0.3172500 0.0718043
v 0.1969538 -0.3308000 0.0815850
v 0.2131920 -0.3308000 0.0000000
v 0.2131920 -0.3308000 0.0000000
v 0.1969538 -0.3308000 0.0815850
v 0.2127352 -0.3510750 0.0881212
v 0.2302650 -0.3510750 0.0000000
v 0.2302650 -0.3510750 0.0000000
v 0.2127352 -0.3510750 0.0881212
v 0.2182792 -0.3750000 0.0904208
v 0.2362500 -0.3750000 0.0000000
v 0.1455143 -0.3125000 0.0602752
v 0.1113683 -0.3125000 0.1113683
v 0.1326780 -0.3172500 0.1326780
v 0.1733602 -0.3172500 0.0718043
v 0.1733602 -0.3172500 0.0718043
v 0.1326780 -0.3172500 0.1326780
v 0.1507432 -0.3308000 0.1507432
v 0.1969538 -0.3308000 0.0815850
v 0.1969538 -0.3308000 0.0815850
v 0.1507432 -0.3308000 0.1507432
v 0.1628078 -0.3510750 0.1628078
v 0.2127352 -0.3510750 0.0881212
v 0.2127352 -0.3510750 0.0881212
v 0.1628078 -0.3510750 0.1628078
v 0.1670603 -0.3750000 0.1670603
v 0.2182792 -0.3750000 0.0904208
v 0.1113683 -0.3125000 0.1113683
v 0.0602752 -0.3125000 0.1455143
v 0.0718043 -0.3172500 0.1733602
v 0.1326780 -0.3172500 0.1326780
v 0.1326780 -0.3172500 0.1326780
v 0.0718043 -0.3172500 0.1733602
v 0.0815850 -0.3308000 0.1969538
v 0.1507432 -0.3308000 0.1507432
v 0.1507432 -0.3308000 0.1507432
v 0.0815850 -0.3308000 0.1969538
v 0.0881212 -0.3510750 0.2127352
v 0.1628078 -0.3510750 0.1628078
v 0.1628078 -0.3510750 0.1628078
v 0.0881212 -0.3510750 0.2127352
v 0.0904208 -0.3750000 0.2182792
v 0.1670603 -0.3750000 0.1670603
v 0.0602752 -0.3125000 0.1455143
v 0.0000000 -0.3125000 0.1575000
v 0.0000000 -0.3172500 0.1876455
v 0.0718043 -0.3172500 0.1733602
v 0.0718043 -0.3172500 0.1733602
v 0.0000000 -0.3172500 0.1876455
v 0.0000000 -0.3308000 0.2131920
v 0.0815850 -0.3308000 0.1969538
v 0.0815850 -0.3308000 0.1969538
v 0.0000000 -0.3308000 0.2131920
v 0.0000000 -0.3510750 0.2302650
v 0.0881212 -0.3510750 0.2127352
v 0.0881212 -0.3510750 0.2127352
v 0.0000000 -0.3510750 0.2302650
v 0.0000000 -0.3750000 0.2362500
v 0.0904208 -0.3750000 0.2182792
v 0.1876455 -0.4327500 0.0000000
v 0.1733602 -0.4327500 0.0718043
v 0.1455143 -0.4375000 0.0602752
v 0.1575000 -0.4375000 0.0000000
v 0.2131920 -0.4192000 0.0000000
v 0.1969538 -0.4192000 0.0815850
v 0.1733602 -0.4327500 0.0718043
v 0.1876455 -0.4327500 0.0000000
v 0.2302650 -0.3989250 0.0000000
v 0.2127352 -0.3989250 0.0881212
v 0.1969538 -0.4192000 0.0815850
v 0.2131920 -0.4192000 0.0000000
v 0.2362500 -0.3750000 0.0000000
v 0.2182792 -0.3750000 0.0904208
v 0.2127352 -0.3989250 0.0881212
v 0.2302650 -0.3989250 0.0000000
v 0.1733602 -0.4327500 0.0718043
v 0.1326780 -0.4327500 0.1326780
v 0.1113683 -0.4375000 0.1113683
v 0.1455143 -0.4375000 0.0602752
v 0.1969538 -0.4192000 0.0815850
v 0.1507432 -0.4192000 0.1507432
v 0.1326780 -0.4327500 0.1326780
v 0.1733602 -0.4327500 0.0718043
v 0.2127352 -0.3989250 0.0881212
v 0.1628078 -0.3989250 0.1628078
v 0.1507432 -0.4192000 0.1507432
v 0.1969538 -0.4192000 0.0815850
v 0.2182792 -0.3750000 0.0904208
v 0.1670603 -0.3750000 0.1670603
v 0.1628078 -0.3989250 0.1628078
v 0.2127352 -0.3989250 0.0881212
v 0.1326780 -0.4327500 0.1326780
v 0.0718043 -0.4327500 0.1733602
v 0.0602752 -0.4375000 0.1455143
v 0.1113683 -0.4375000 0.1113683
v 0.1507432 -0.4192000 0.1507432
v 0.0815850 -0.4192000 0.1969538
v 0.0718043 -0.4327500 0.1733602
v 0.1326780 -0.4327500 0.1326780
v 0.1628078 -0.3989250 0.1628078
v 0.0881212 -0.3989250 0.2127352
v 0.0815850 -0.4192000 0.1969538
v 0.1507432 -0.4192000 0.1507432
v 0.1670603 -0.3750000 0.1670603
v 0.0904208 -0.3750000 0.2182792
v 0.0881212 -0.3989250 0.2127352
v 0.1628078 -0.3989250 0.1628078
v 0.0718043 -0.4327500 0.1733602
v 0.0000000 -0.4327500 0.1876455
v 0.0000000 -0.4375000 0.1575000
v 0.0602752 -0.4375000 0.1455143
v 0.0815850 -0.4192000 0.1969538
v 0.0000000 -0.4192000 0.2131920
v 0.0000000 -0.4327500 0.1876455
v 0.0718043 -0.4327500 0.1733602
v 0.0881212 -0.3989250 0.2127352
v 0.0000000 -0.3989250 0.2302650
v 0.0000000 -0.4192000 0.2131920
v 0.0815850 -0.4192000 0.1969538
v 0.0904208 -0.3750000 0.2182792
v 0.0000000 -0.3750000 0.2362500
v 0.0000000 -0.3989250 0.2302650
v 0.0881212 -0.3989250 0.2127352
v 0.1575000 -0.1250000 0.0000000
v 0.1455143 -0.1250000 0.0602752
v 0.1455143 -0.3125000 0.0602752
v 0.1575000 -0.3125000 0.0000000
v 0.1455143 -0.1250000 0.0602752
v 0.1113683 -0.1250000 0.1113683
v 0.1113683 -0.3125000 0.1113683
v 0.1455143 -0.3125000 0.0602752
v 0.1113683 -0.1250000 0.1113683
v 0.0602752 -0.1250000 0.1455143
v 0.0602752 -0.3125000 0.1455143
v 0.1113683 -0.3125000 0.1113683
v 0.0602752 -0.1250000 0.1455143
v 0.0000000 -0.1250000 0.1575000
v 0.0000000 -0.3125000 0.1575000
v 0.0602752 -0.3125000 0.1455143
v 0.1575000 -0.0000000 0.0000000
v 0.1455143 -0.0000000 0.0602752
v 0.1733602 -0.0047500 0.0718043
v 0.1876455 -0.0047500 0.0000000
v 0.1876455 -0.0047500 0.0000000
v 0.1733602 -0.0047500 0.0718043
v 0.1969538 -0.0183000 0.0815850
v 0.2131920 -0.0183000 0.0000000
v 0.2131920 -0.0183000 0.0000000
v 0.1969538 -0.0183000 0.0815850
v 0.2127352 -0.0385750 0.0881212
v 0.2302650 -0.0385750 0.0000000
v 0.2302650 -0.0385750 0.0000000
v 0.2127352 -0.0385750 0.0881212
v 0.2182792 -0.0625000 0.0904208
v 0.2362500 -0.0625000 0.0000000
v 0.1455143 -0.0000000 0.0602752
v 0.1113683 -0.0000000 0.1113683
v 0.1326780 -0.0047500 0.1326780
v 0.1733602 -0.0047500 0.0718043
v 0.1733602 -0.0047500 0.0718043
v 0.1326780 -0.0047500 0.1326780
v 0.1507432 -0.0183000 0.1507432
v 0.1969538 -0.0183000 0.0815850
v 0.1969538 -0.0183000 0.0815850
v 0.1507432 -0.0183000 0.1507432
v 0.1628078 -0.0385750 0.1628078
v 0.2127352 -0.0385750 0.0881212
v 0.2127352 -0.0385750 0.0881212
v 0.1628078 -0.0385750 0.1628078
v 0.1670603 -0.0625000 0.1670603
v 0.2182792 -0.0625000 0.0904208
v 0.1113683 -0.0000000 0.1113683
v 0.0602752 -0.0000000 0.1455143
v 0.0718043 -0.0047500 0.1733602
v 0.1326780 -0.0047500 0.1326780
v 0.1326780 -0.0047500 0.1326780
v 0.0718043 -0.0047500 0.1733602
v 0.0815850 -0.0183000 0.1969538
v 0.1507432 -0.0183000 0.1507432
v 0.1507432 -0.0183000 0.1507432
v 0.0815850 -0.0183000 0.1969538
v 0.0881212 -0.0385750 0.2127352
v 0.1628078 -0.0385750 0.1628078
v 0.1628078 -0.0385750 0.1628078
v 0.0881212 -0.0385750 0.2127352
v 0.0904208 -0.0625000 0.2182792
v 0.1670603 -0.0625000 0.1670603
v 0.0602752 -0.0000000 0.1455143
v 0.0000000 -0.0000000 0.1575000
v 0.0000000 -0.0047500 0.1876455
v 0.0718043 -0.0047500 0.1733602
v 0.0718043 -0.0047500 0.1733602
v 0.0000000 -0.0047500 0.1876455
v 0.0000000 -0.0183000 0.2131920
v 0.0815850 -0.0183000 0.1969538
v 0.0815850 -0.0183000 0.1969538
v 0.0000000 -0.0183000 0.2131920
v 0.0000000 -0.0385750 0.2302650
v 0.0881212 -0.0385750 0.2127352
v 0.0881212 -0.0385750 0.2127352
v 0.0000000 -0.0385750 0.2302650
v 0.0000000 -0.0625000 0.2362500
v 0.0904208 -0.0625000 0.2182792
v 0.1876455 -0.1202500 0.0000000
v 0.1733602 -0.1202500 0.0718043
v 0.1455143 -0.1250000 0.0602752
v 0.1575000 -0.1250000 0.0000000
v 0.2131920 -0.1067000 0.0000000
v 0.1969538 -0.1067000 0.0815850
v 0.1733602 -0.1202500 0.0718043
v 0.1876455 -0.1202500 0.0000000
v 0.2302650 -0.0864250 0.0000000
v 0.2127352 -0.0864250 0.0881212
v 0.1969538 -0.1067000 0.0815850
v 0.2131920 -0.1067000 0.0000000
v 0.2362500 -0.0625000 0.0000000
v 0.2182792 -0.0625000 0.0904208
v 0.2127352 -0.0864250 0.0881212
v 0.2302650 -0.0864250 0.0000000
v 0.1733602 -0.1202500 0.0718043
v 0.1326780 -0.1202500 0.1326780
v 0.1113683 -0.1250000 0.1113683
v 0.1455143 -0.1250000 0.0602752
v 0.1969538 -0.1067000 0.0815850
v 0.1507432 -0.1067000 0.1507432
v 0.1326780 -0.1202500 0.1326780
v 0.1733602 -0.1202500 0.0718043
v 0.2127352 -0.0864250 0.0881212
v 0.1628078 -0.0864250 0.1628078
v 0.1507432 -0.1067000 0.1507432
v 0.1969538 -0.1067000 0.0815850
v 0.2182792 -0.0625000 0.0904208
v 0.1670603 -0.0625000 0.1670603
v 0.1628078 -0.0864250 0.1628078
v 0.2127352 -0.0864250 0.0881212
v 0.1326780 -0.1202500 0.1326780
v 0.0718043 -0.1202500 0.1733602
v 0.0602752 -0.1250000 0.1455143
v 0.1113683 -0.1250000 0.1113683
v 0.1507432 -0.1067000 0.1507432
v 0.0815850 -0.1067000 0.1969538
v 0.0718043 -0.1202500 0.1733602
v 0.1326780 -0.1202500 0.1326780
v 0.1628078 -0.0864250 0.1628078
v 0.0881212 -0.0864250 0.2127352
v 0.0815850 -0.1067000 0.1969538
v 0.1507432 -0.1067000 0.1507432
v 0.1670603 -0.0625000 0.1670603
v 0.0904208 -0.0625000 0.2182792
v 0.0881212 -0.0864250 0.2127352
v 0.1628078 -0.0864250 0.1628078
v 0.0718043 -0.1202500 0.1733602
v 0.0000000 -0.1202500 0.1876455
v 0.0000000 -0.1250000 0.1575000
v 0.0602752 -0.1250000 0.1455143
v 0.0815850 -0.1067000 0.1969538
v 0.0000000 -0.1067000 0.2131920
v 0.0000000 -0.1202500 0.1876455
v 0.0718043 -0.1202500 0.1733602
v 0.0881212 -0.0864250 0.2127352
v 0.0000000 -0.0864250 0.2302650
v 0.0000000 -0.1067000 0.2131920
v 0.0815850 -0.1067000 0.1969538
v 0.0904208 -0.0625000 0.2182792
v 0.0000000 -0.0625000 0.2362500
v 0.0000000 -0.0864250 0.2302650
v 0.0881212 -0.0864250 0.2127352
v 0.1500000 -0.0000000 0.0000000
v 0.1385850 -0.0000000 0.0574050
v 0.1455143 -0.0000000 0.0602752
v 0.1575000 -0.0000000 0.0000000
v 0.1385850 -0.0000000 0.0574050
v 0.1060650 -0.0000000 0.1060650
v 0.1113683 -0.0000000 0.1113683
v 0.1455143 -0.0000000 0.0602752
v 0.1060650 -0.0000000 0.1060650
v 0.0574050 -0.0000000 0.1385850
v 0.0602752 -0.0000000 0.1455143
v 0.1113683 -0.0000000 0.1113683
v 0.0574050 -0.0000000 0.1385850
v 0.0000000 -0.0000000 0.1500000
v 0.0000000 -0.0000000 0.1575000
v 0.0602752 -0.0000000 0.1455143
v 0.0750000 -0.0000000 0.0000000
v 0.0692925 -0.0000000 0.0287025
v 0.0923900 -0.0000000 0.0382700
v 0.1000000 -0.0000000 0.0000000
v 0.0692925 -0.0000000 0.0287025
v 0.0530325 -0.0000000 0.0530325
v 0.0707100 -0.0000000 0.0707100
v 0.0923900 -0.0000000 0.0382700
v 0.0530325 -0.0000000 0.0530325
v 0.0287025 -0.0000000 0.0692925
v 0.0382700 -0.0000000 0.0923900
v 0.0707100 -0.0000000 0.0707100
v 0.0287025 -0.0000000 0.0692925
v 0.0000000 -0.0000000 0.0750000
v 0.0000000 -0.0000000 0.1000000
v 0.0382700 -0.0000000 0.0923900
v 0.0750000 -0.6500000 0.0000000
v 0.0692925 -0.6500000 0.0287025
v 0.0692925 -0.0000000 0.0287025
v 0.0750000 -0.0000000 0.0000000
v 0.0692925 -0.6500000 0.0287025
v 0.0530325 -0.6500000 0.0530325
v 0.0530325 -0.0000000 0.0530325
v 0.0692925 -0.0000000 0.0287025
v 0.0530325 -0.6500000 0.0530325
v 0.0287025 -0.6500000 0.0692925
v 0.0287025 -0.0000000 0.0692925
v 0.0530325 -0.0000000 0.0530325
v 0.0287025 -0.6500000 0.0692925
v 0.0000000 -0.6500000 0.0750000
v 0.0000000 -0.0000000 0.0750000
v 0.0287025 -0.0000000 0.0692925
v 0.0692925 -0.6500000 0.0287025
v 0.0750000 -0.6500000 0.0000000
v 0.0000000 -0.6500000 0.0000000
v 0.0530325 -0.6500000 0.0530325
v 0.0692925 -0.6500000 0.0287025
v 0.0000000 -0.6500000 0.0000000
v 0.0287025 -0.6500000 0.0692925
v 0.0530325 -0.6500000 0.0530325
v 0.0000000 -0.6500000 0.0000000
v 0.0000000 -0.6500000 0.0750000
v 0.0287025 -0.6500000 0.0692925
v 0.0000000 -0.6500000 0.0000000
v -0.2500000 -4.0000000 0.0000000
v -0.2309750 -4.0000000 0.0956750
v -0.2309750 -3.8500000 0.0956750
v -0.2500000 -3.8500000 0.0000000
v -0.2309750 -4.0000000 0.0956750
v -0.1767750 -4.0000000 0.1767750
v -0.1767750 -3.8500000 0.1767750
v -0.2309750 -3.8500000 0.0956750
v -0.1767750 -4.0000000 0.1767750
v -0.0956750 -4.0000000 0.2309750
v -0.0956750 -3.8500000 0.2309750
v -0.1767750 -3.8500000 0.1767750
v -0.0956750 -4.0000000 0.2309750
v 0.0000000 -4.0000000 0.2500000
v 0.0000000 -3.8500000 0.2500000
v -0.0956750 -3.8500000 0.2309750
v -0.2500000 -3.8500000 0.0000000
v -0.2309750 -3.8500000 0.0956750
v -0.1732313 -3.8500000 0.0717562
v -0.1875000 -3.8500000 0.0000000
v -0.2309750 -3.8500000 0.0956750
v -0.1767750 -3.8500000 0.1767750
v -0.1325813 -3.8500000 0.1325813
v -0.1732313 -3.8500000 0.0717562
v -0.1767750 -3.8500000 0.1767750
v -0.0956750 -3.8500000 0.2309750
v -0.0717562 -3.8500000 0.1732313
v -0.1325813 -3.8500000 0.1325813
v -0.0956750 -3.8500000 0.2309750
v 0.0000000 -3.8500000 0.2500000
v 0.0000000 -3.8500000 0.1875000
v -0.0717562 -3.8500000 0.1732313
v -0.1738250 -2.5854250 0.0720000
v -0.1881500 -2.5854250 0.0000000
v -0.2069750 -2.7745250 0.0751000
v -0.2069750 -2.7745250 0.0751000
v -0.1881500 -2.5854250 0.0000000
v -0.2218500 -2.8437500 0.0555250
v -0.2277500 -2.8972250 0.0574250
v -0.2218500 -2.8437500 0.0555250
v -0.2343750 -2.8972250 0.0000000
v -0.2343750 -2.8972250 0.0000000
v -0.2218500 -2.8437500 0.0555250
v -0.1881500 -2.5854250 0.0000000
v -0.0554750 -2.8972250 0.2277500
v 0.0000000 -2.8972250 0.2343750
v -0.0555250 -2.8437500 0.2220000
v -0.0555250 -2.8437500 0.2220000
v 0.0000000 -2.8972250 0.2343750
v 0.0000000 -2.5854250 0.1881500
v -0.0555250 -2.8437500 0.2220000
v 0.0000000 -2.5854250 0.1881500
v -0.0734500 -2.7743000 0.2072750
v -0.0734500 -2.7743000 0.2072750
v 0.0000000 -2.5854250 0.1881500
v -0.0720000 -2.5854250 0.1738250
v -0.0734500 -2.7743000 0.2072750
v -0.0720000 -2.5854250 0.1738250
v -0.1083250 -2.7269000 0.1846000
v -0.1083250 -2.7269000 0.1846000
v -0.0720000 -2.5854250 0.1738250
v -0.1475250 -2.7137500 0.1508000
v -0.1475250 -2.7137500 0.1508000
v -0.0720000 -2.5854250 0.1738250
v -0.1330500 -2.5854250 0.1330500
v -0.1738250 -2.5854250 0.0720000
v -0.1846000 -2.7260750 0.1083250
v -0.1330500 -2.5854250 0.1330500
v -0.1330500 -2.5854250 0.1330500
v -0.1846000 -2.7260750 0.1083250
v -0.1475250 -2.7137500 0.1508000
v -0.1846000 -2.7260750 0.1083250
v -0.1738250 -2.5854250 0.0720000
v -0.2069750 -2.7745250 0.0751000
v -0.0554750 -2.8972250 0.2277500
v -0.0575000 -3.2137500 0.2437500
v 0.0000000 -3.2137500 0.2500000
v 0.0000000 -2.8972250 0.2343750
v -0.0555250 -2.8437500 0.2220000
v -0.0560500 -2.8437500 0.1190250
v -0.0554750 -2.8972250 0.2277500
v -0.0554750 -2.8972250 0.2277500
v -0.0560500 -2.8437500 0.1190250
v -0.0575000 -3.2137500 0.2437500
v -0.0575000 -3.2137500 0.2437500
v -0.0560500 -2.8437500 0.1190250
v -0.0560500 -3.5937500 0.1190250
v -0.0555250 -3.5937500 0.2218500
v -0.0554750 -3.5302500 0.2286500
v -0.0560500 -3.5937500 0.1190250
v -0.0560500 -3.5937500 0.1190250
v -0.0554750 -3.5302500 0.2286500
v -0.0575000 -3.2137500 0.2437500
v -0.0555250 -2.8437500 0.2220000
v -0.0734500 -2.7743000 0.2072750
v -0.0560500 -2.8437500 0.1190250
v -0.0560500 -2.8437500 0.1190250
v -0.0734500 -2.7743000 0.2072750
v -0.0685500 -2.8094750 0.1066750
v -0.0685500 -2.8094750 0.1066750
v -0.0734500 -2.7743000 0.2072750
v -0.1083250 -2.7269000 0.1846000
v -0.0685500 -2.8094750 0.1066750
v -0.1083250 -2.7269000 0.1846000
v -0.0884750 -2.8004250 0.0869750
v -0.0884750 -2.8004250 0.0869750
v -0.1083250 -2.7269000 0.1846000
v -0.1475250 -2.7137500 0.1508000
v -0.1475250 -2.7137500 0.1508000
v -0.1846000 -2.7260750 0.1083250
v -0.0884750 -2.8004250 0.0869750
v -0.0884750 -2.8004250 0.0869750
v -0.1846000 -2.7260750 0.1083250
v -0.1085000 -2.8126750 0.0671500
v -0.1085000 -2.8126750 0.0671500
v -0.1846000 -2.7260750 0.1083250
v -0.2069750 -2.7745250 0.0751000
v -0.2218500 -2.8437500 0.0555250
v -0.1188750 -2.8437500 0.0568750
v -0.2069750 -2.7745250 0.0751000
v -0.2069750 -2.7745250 0.0751000
v -0.1188750 -2.8437500 0.0568750
v -0.1085000 -2.8126750 0.0671500
v -0.2500000 -3.2137500 0.0000000
v -0.2437500 -3.2137500 0.0575000
v -0.2277500 -2.8972250 0.0574250
v -0.2343750 -2.8972250 0.0000000
v 0.0000000 -3.8500000 0.1875000
v 0.0000000 -3.5302500 0.2357750
v -0.0555250 -3.5937500 0.2218500
v -0.0555250 -3.5937500 0.2218500
v 0.0000000 -3.5302500 0.2357750
v -0.0554750 -3.5302500 0.2286500
v -0.0555250 -3.5937500 0.2218500
v -0.0723250 -3.6653250 0.2088000
v 0.0000000 -3.8500000 0.1875000
v 0.0000000 -3.8500000 0.1875000
v -0.0723250 -3.6653250 0.2088000
v -0.0717500 -3.8500000 0.1732250
v -0.0723250 -3.6653250 0.2088000
v -0.1083250 -3.7122000 0.1846000
v -0.0717500 -3.8500000 0.1732250
v -0.0717500 -3.8500000 0.1732250
v -0.1083250 -3.7122000 0.1846000
v -0.1325750 -3.8500000 0.1325750
v -0.1325750 -3.8500000 0.1325750
v -0.1083250 -3.7122000 0.1846000
v -0.1504500 -3.7236500 0.1478750
v -0.1846000 -3.7083750 0.1083250
v -0.1732250 -3.8500000 0.0717500
v -0.1504500 -3.7236500 0.1478750
v -0.1504500 -3.7236500 0.1478750
v -0.1732250 -3.8500000 0.0717500
v -0.1325750 -3.8500000 0.1325750
v -0.2088000 -3.6573500 0.0723250
v -0.1732250 -3.8500000 0.0717500
v -0.1846000 -3.7083750 0.1083250
v -0.2286500 -3.5302500 0.0574500
v -0.2357750 -3.5302500 0.0000000
v -0.2218500 -3.5937500 0.0555250
v -0.2218500 -3.5937500 0.0555250
v -0.2357750 -3.5302500 0.0000000
v -0.1875000 -3.8500000 0.0000000
v -0.2218500 -3.5937500 0.0555250
v -0.1875000 -3.8500000 0.0000000
v -0.2088000 -3.6573500 0.0723250
v -0.2088000 -3.6573500 0.0723250
v -0.1875000 -3.8500000 0.0000000
v -0.1732250 -3.8500000 0.0717500
v -0.2286500 -3.5302500 0.0574500
v -0.2437500 -3.2137500 0.0575000
v -0.2500000 -3.2137500 0.0000000
v -0.2357750 -3.5302500 0.0000000
v -0.2218500 -3.5937500 0.0555250
v -0.1188750 -3.5937500 0.0568750
v -0.2286500 -3.5302500 0.0574500
v -0.2286500 -3.5302500 0.0574500
v -0.1188750 -3.5937500 0.0568750
v -0.1188750 -2.8437500 0.0568750
v -0.2437500 -3.2137500 0.0575000
v -0.2218500 -2.8437500 0.0555250
v -0.2277500 -2.8972250 0.0574250
v -0.1188750 -2.8437500 0.0568750
v -0.1188750 -2.8437500 0.0568750
v -0.2277500 -2.8972250 0.0574250
v -0.2437500 -3.2137500 0.0575000
v -0.2218500 -3.5937500 0.0555250
v -0.2088000 -3.6573500 0.0723250
v -0.1188750 -3.5937500 0.0568750
v -0.1188750 -3.5937500 0.0568750
v -0.2088000 -3.6573500 0.0723250
v -0.1063750 -3.6263750 0.0692500
v -0.1063750 -3.6263750 0.0692500
v -0.2088000 -3.6573500 0.0723250
v -0.1846000 -3.7083750 0.1083250
v -0.1063750 -3.6263750 0.0692500
v -0.1846000 -3.7083750 0.1083250
v -0.0864750 -3.6370750 0.0889500
v -0.0864750 -3.6370750 0.0889500
v -0.1846000 -3.7083750 0.1083250
v -0.1504500 -3.7236500 0.1478750
v -0.1504500 -3.7236500 0.1478750
v -0.1083250 -3.7122000 0.1846000
v -0.0864750 -3.6370750 0.0889500
v -0.0864750 -3.6370750 0.0889500
v -0.1083250 -3.7122000 0.1846000
v -0.0678250 -3.6259500 0.1074000
v -0.1083250 -3.7122000 0.1846000
v -0.0723250 -3.6653250 0.2088000
v -0.0678250 -3.6259500 0.1074000
v -0.0555250 -3.5937500 0.2218500
v -0.0560500 -3.5937500 0.1190250
v -0.0723250 -3.6653250 0.2088000
v -0.0723250 -3.6653250 0.2088000
v -0.0560500 -3.5937500 0.1190250
v -0.0678250 -3.6259500 0.1074000
v -0.0554750 -3.5302500 0.2286500
v 0.0000000 -3.5302500 0.2357750
v -0.0575000 -3.2137500 0.2437500
v -0.0575000 -3.2137500 0.2437500
v 0.0000000 -3.5302500 0.2357750
v 0.0000000 -3.2137500 0.2500000
v -0.0752750 -3.5937500 0.0742750
v -0.0560500 -3.5937500 0.1190250
v -0.0560500 -2.8437500 0.1190250
v -0.0752750 -2.8437500 0.0742750
v -0.0560500 -2.8437500 0.1190250
v -0.0685500 -2.8094750 0.1066750
v -0.0752750 -2.8437500 0.0742750
v -0.0752750 -2.8437500 0.0742750
v -0.0685500 -2.8094750 0.1066750
v -0.0884750 -2.8004250 0.0869750
v -0.1188750 -2.8437500 0.0568750
v -0.0752750 -2.8437500 0.0742750
v -0.1085000 -2.8126750 0.0671500
v -0.1085000 -2.8126750 0.0671500
v -0.0752750 -2.8437500 0.0742750
v -0.0884750 -2.8004250 0.0869750
v -0.1188750 -3.5937500 0.0568750
v -0.0752750 -3.5937500 0.0742750
v -0.0752750 -2.8437500 0.0742750
v -0.1188750 -2.8437500 0.0568750
v -0.0864750 -3.6370750 0.0889500
v -0.0752750 -3.5937500 0.0742750
v -0.1063750 -3.6263750 0.0692500
v -0.1063750 -3.6263750 0.0692500
v -0.0752750 -3.5937500 0.0742750
v -0.1188750 -3.5937500 0.0568750
v -0.0864750 -3.6370750 0.0889500
v -0.0678250 -3.6259500 0.1074000
v -0.0752750 -3.5937500 0.0742750
v -0.0752750 -3.5937500 0.0742750
v -0.0678250 -3.6259500 0.1074000
v -0.0560500 -3.5937500 0.1190250
v -0.1881500 -2.5854275 0.0000000
v -0.1738318 -2.5854275 0.0720050
v -0.1849138 -2.5813000 0.0765959
v -0.2001540 -2.5813000 0.0000000
v -0.2001540 -2.5813000 0.0000000
v -0.1849138 -2.5813000 0.0765959
v -0.1943213 -2.5695675 0.0804906
v -0.2103329 -2.5695675 0.0000000
v -0.2103329 -2.5695675 0.0000000
v -0.1943213 -2.5695675 0.0804906
v -0.2006055 -2.5519850 0.0830870
v -0.2171251 -2.5519850 0.0000000
v -0.2171251 -2.5519850 0.0000000
v -0.2006055 -2.5519850 0.0830870
v -0.2028069 -2.5312500 0.0840090
v -0.2195146 -2.5312500 0.0000000
v -0.1738318 -2.5854275 0.0720050
v -0.1330409 -2.5854275 0.1330409
v -0.1415264 -2.5813000 0.1415264
v -0.1849138 -2.5813000 0.0765959
v -0.1849138 -2.5813000 0.0765959
v -0.1415264 -2.5813000 0.1415264
v -0.1487138 -2.5695675 0.1487138
v -0.1943213 -2.5695675 0.0804906
v -0.1943213 -2.5695675 0.0804906
v -0.1487138 -2.5695675 0.1487138
v -0.1535304 -2.5519850 0.1535304
v -0.2006055 -2.5519850 0.0830870
v -0.2006055 -2.5519850 0.0830870
v -0.1535304 -2.5519850 0.1535304
v -0.1552237 -2.5312500 0.1552237
v -0.2028069 -2.5312500 0.0840090
v -0.1330409 -2.5854275 0.1330409
v -0.0720050 -2.5854275 0.1738318
v -0.0765959 -2.5813000 0.1849138
v -0.1415264 -2.5813000 0.1415264
v -0.1415264 -2.5813000 0.1415264
v -0.0765959 -2.5813000 0.1849138
v -0.0804906 -2.5695675 0.1943213
v -0.1487138 -2.5695675 0.1487138
v -0.1487138 -2.5695675 0.1487138
v -0.0804906 -2.5695675 0.1943213
v -0.0830870 -2.5519850 0.2006055
v -0.1535304 -2.5519850 0.1535304
v -0.1535304 -2.5519850 0.1535304
v -0.0830870 -2.5519850 0.2006055
v -0.0840090 -2.5312500 0.2028069
v -0.1552237 -2.5312500 0.1552237
v -0.0720050 -2.5854275 0.1738318
v 0.0000000 -2.5854275 0.1881500
v 0.0000000 -2.5813000 0.2001540
v -0.0765959 -2.5813000 0.1849138
v -0.0765959 -2.5813000 0.1849138
v 0.0000000 -2.5813000 0.2001540
v 0.0000000 -2.5695675 0.2103329
v -0.0804906 -2.5695675 0.1943213
v -0.0804906 -2.5695675 0.1943213
v 0.0000000 -2.5695675 0.2103329
v 0.0000000 -2.5519850 0.2171251
v -0.0830870 -2.5519850 0.2006055
v -0.0830870 -2.5519850 0.2006055
v 0.0000000 -2.5519850 0.2171251
v 0.0000000 -2.5312500 0.2195146
v -0.0840090 -2.5312500 0.2028069
v -0.1796645 -2.4735000 0.0000000
v -0.1659824 -2.4735000 0.0687513
v -0.1431583 -2.4687450 0.0592994
v -0.1549500 -2.4687450 0.0000000
v -0.2005983 -2.4870600 0.0000000
v -0.1853357 -2.4870600 0.0767777
v -0.1659824 -2.4735000 0.0687513
v -0.1796645 -2.4735000 0.0000000
v -0.2146058 -2.5073250 0.0000000
v -0.1982740 -2.5073250 0.0821235
v -0.1853357 -2.4870600 0.0767777
v -0.2005983 -2.4870600 0.0000000
v -0.2195177 -2.5312500 0.0000000
v -0.2028141 -2.5312500 0.0840139
v -0.1982740 -2.5073250 0.0821235
v -0.2146058 -2.5073250 0.0000000
v -0.1659824 -2.4735000 0.0687513
v -0.1270435 -2.4735000 0.1270435
v -0.1095651 -2.4687450 0.1095651
v -0.1431583 -2.4687450 0.0592994
v -0.1853357 -2.4870600 0.0767777
v -0.1418412 -2.4870600 0.1418412
v -0.1270435 -2.4735000 0.1270435
v -0.1659824 -2.4735000 0.0687513
v -0.1982740 -2.5073250 0.0821235
v -0.1517425 -2.5073250 0.1517425
v -0.1418412 -2.4870600 0.1418412
v -0.1853357 -2.4870600 0.0767777
v -0.2028141 -2.5312500 0.0840139
v -0.1552134 -2.5312500 0.1552134
v -0.1517425 -2.5073250 0.1517425
v -0.1982740 -2.5073250 0.0821235
v -0.1270435 -2.4735000 0.1270435
v -0.0687513 -2.4735000 0.1659824
v -0.0592994 -2.4687450 0.1431583
v -0.1095651 -2.4687450 0.1095651
v -0.1418412 -2.4870600 0.1418412
v -0.0767777 -2.4870600 0.1853357
v -0.0687513 -2.4735000 0.1659824
v -0.1270435 -2.4735000 0.1270435
v -0.1517425 -2.5073250 0.1517425
v -0.0821235 -2.5073250 0.1982740
v -0.0767777 -2.4870600 0.1853357
v -0.1418412 -2.4870600 0.1418412
v -0.1552134 -2.5312500 0.1552134
v -0.0840139 -2.5312500 0.2028141
v -0.0821235 -2.5073250 0.1982740
v -0.1517425 -2.5073250 0.1517425
v -0.0687513 -2.4735000 0.1659824
v 0.0000000 -2.4735000 0.1796645
v 0.0000000 -2.4687450 0.1549500
v -0.0592994 -2.4687450 0.1431583
v -0.0767777 -2.4870600 0.1853357
v 0.0000000 -2.4870600 0.2005983
v 0.0000000 -2.4735000 0.1796645
v -0.0687513 -2.4735000 0.1659824
v -0.0821235 -2.5073250 0.1982740
v 0.0000000 -2.5073250 0.2146058
v 0.0000000 -2.4870600 0.2005983
v -0.0767777 -2.4870600 0.1853357
v -0.0840139 -2.5312500 0.2028141
v 0.0000000 -2.5312500 0.2195177
v 0.0000000 -2.5073250 0.2146058
v -0.0821235 -2.5073250 0.1982740
v -0.0593000 -2.4687500 0.1431500
v -0.0498250 -2.3357000 0.1448250
v -0.0607000 -2.2921000 0.1408750
v -0.0498250 -2.3357000 0.1448250
v -0.0593000 -2.4687500 0.1431500
v -0.0261750 -2.3662750 0.1509250
v -0.0261750 -2.3662750 0.1509250
v -0.0593000 -2.4687500 0.1431500
v 0.0000000 -2.4687500 0.1549500
v 0.0000000 -2.3739750 0.1528750
v -0.0261750 -2.3662750 0.1509250
v 0.0000000 -2.4687500 0.1549500
v 0.0000000 -0.4375000 0.1575000
v -0.0602750 -0.4375000 0.1455250
v -0.0262000 -0.5397500 0.1509250
v -0.0262000 -0.5397500 0.1509250
v -0.0602750 -0.4375000 0.1455250
v -0.0498250 -0.5703750 0.1448250
v -0.0498250 -0.5703750 0.1448250
v -0.0602750 -0.4375000 0.1455250
v -0.0607000 -0.6139000 0.1408750
v -0.0262000 -0.5397500 0.1509250
v 0.0000000 -0.5320250 0.1528750
v 0.0000000 -0.4375000 0.1575000
v -0.0607000 -0.6139000 0.1408750
v -0.0607000 -2.2921000 0.1408750
v -0.0226250 -2.2921000 0.1188750
v -0.0226250 -0.6139000 0.1188750
v -0.0226250 -2.2921000 0.1188750
v -0.0607000 -2.2921000 0.1408750
v -0.0139000 -2.3096500 0.1188750
v -0.0139000 -2.3096500 0.1188750
v -0.0607000 -2.2921000 0.1408750
v -0.0498250 -2.3357000 0.1448250
v -0.0498250 -2.3357000 0.1448250
v -0.0261750 -2.3662750 0.1509250
v -0.0139000 -2.3096500 0.1188750
v 0.0000000 -2.3739750 0.1528750
v 0.0000000 -2.3155500 0.1188750
v -0.0261750 -2.3662750 0.1509250
v -0.0261750 -2.3662750 0.1509250
v 0.0000000 -2.3155500 0.1188750
v -0.0139000 -2.3096500 0.1188750
v 0.0000000 -0.5904500 0.1189000
v 0.0000000 -0.5320250 0.1528750
v -0.0262000 -0.5397500 0.1509250
v -0.0141250 -0.5975000 0.1189000
v 0.0000000 -0.5904500 0.1189000
v -0.0498250 -0.5703750 0.1448250
v -0.0498250 -0.5703750 0.1448250
v 0.0000000 -0.5904500 0.1189000
v -0.0262000 -0.5397500 0.1509250
v -0.0498250 -0.5703750 0.1448250
v -0.0607000 -0.6139000 0.1408750
v -0.0141250 -0.5975000 0.1189000
v -0.0141250 -0.5975000 0.1189000
v -0.0607000 -0.6139000 0.1408750
v -0.0226250 -0.6139000 0.1188750
v -0.0226250 -2.2921000 0.1188750
v -0.0139000 -2.3096500 0.1188750
v 0.0000000 -2.2921000 0.1133000
v 0.0000000 -2.2921000 0.1133000
v -0.0139000 -2.3096500 0.1188750
v 0.0000000 -2.3155500 0.1188750
v 0.0000000 -0.6139000 0.1133000
v -0.0226250 -0.6139000 0.1188750
v -0.0226250 -2.2921000 0.1188750
v 0.0000000 -2.2921000 0.1133000
v -0.0226250 -0.6139000 0.1188750
v 0.0000000 -0.6139000 0.1133000
v -0.0141250 -0.5975000 0.1189000
v -0.0141250 -0.5975000 0.1189000
v 0.0000000 -0.6139000 0.1133000
v 0.0000000 -0.5904500 0.1189000
v -0.1549500 -2.4687500 0.0000000
v -0.1530500 -2.3357000 0.0277500
v -0.1550750 -2.2921000 0.0163250
v -0.1530500 -2.3357000 0.0277500
v -0.1549500 -2.4687500 0.0000000
v -0.1465250 -2.3662750 0.0512750
v -0.1465250 -2.3662750 0.0512750
v -0.1549500 -2.4687500 0.0000000
v -0.1431500 -2.4687500 0.0593000
v -0.1351500 -2.3739750 0.0748750
v -0.1465250 -2.3662750 0.0512750
v -0.1431500 -2.4687500 0.0593000
v -0.1431500 -2.4687500 0.0593000
v -0.1095750 -2.4687500 0.1095750
v -0.1351500 -2.3739750 0.0748750
v -0.1351500 -2.3739750 0.0748750
v -0.1095750 -2.4687500 0.1095750
v -0.1203250 -2.3668500 0.0966000
v -0.1095750 -2.4687500 0.1095750
v -0.0593000 -2.4687500 0.1431500
v -0.1203250 -2.3668500 0.0966000
v -0.1203250 -2.3668500 0.0966000
v -0.0593000 -2.4687500 0.1431500
v -0.1030000 -2.3369000 0.1142000
v -0.0593000 -2.4687500 0.1431500
v -0.0607000 -2.2921000 0.1408750
v -0.0935500 -2.2921000 0.1220500
v -0.0935500 -2.2921000 0.1220500
v -0.0607000 -2.2921000 0.1408750
v -0.0607000 -0.6139000 0.1408750
v -0.0935500 -0.6139000 0.1220500
v -0.1030000 -2.3369000 0.1142000
v -0.0593000 -2.4687500 0.1431500
v -0.0935500 -2.2921000 0.1220500
v -0.1455250 -0.4375000 0.0602750
v -0.1575000 -0.4375000 0.0000000
v -0.1465250 -0.5397500 0.0512500
v -0.1465250 -0.5397500 0.0512500
v -0.1575000 -0.4375000 0.0000000
v -0.1530500 -0.5703750 0.0277250
v -0.1530500 -0.5703750 0.0277250
v -0.1575000 -0.4375000 0.0000000
v -0.1550750 -0.6139000 0.0163250
v -0.1113750 -0.4375000 0.1113750
v -0.1455250 -0.4375000 0.0602750
v -0.1351750 -0.5320250 0.0748500
v -0.1204250 -0.5390500 0.0964750
v -0.1465250 -0.5397500 0.0512500
v -0.1351750 -0.5320250 0.0748500
v -0.1455250 -0.4375000 0.0602750
v -0.1170000 -2.2921000 0.0383250
v -0.1170000 -0.6139000 0.0383250
v -0.1550750 -0.6139000 0.0163250
v -0.1550750 -2.2921000 0.0163250
v -0.1170000 -2.2921000 0.0383250
v -0.1550750 -2.2921000 0.0163250
v -0.1126250 -2.3096500 0.0458750
v -0.1126250 -2.3096500 0.0458750
v -0.1550750 -2.2921000 0.0163250
v -0.1530500 -2.3357000 0.0277500
v -0.1530500 -2.3357000 0.0277500
v -0.1465250 -2.3662750 0.0512750
v -0.1126250 -2.3096500 0.0458750
v -0.1351500 -2.3739750 0.0748750
v -0.1052750 -2.3155500 0.0586250
v -0.1465250 -2.3662750 0.0512750
v -0.1465250 -2.3662750 0.0512750
v -0.1052750 -2.3155500 0.0586250
v -0.1126250 -2.3096500 0.0458750
v -0.1351500 -2.3739750 0.0748750
v -0.1203250 -2.3668500 0.0966000
v -0.1052750 -2.3155500 0.0586250
v -0.0974250 -2.3084000 0.0722000
v -0.1052750 -2.3155500 0.0586250
v -0.1030000 -2.3369000 0.1142000
v -0.1030000 -2.3369000 0.1142000
v -0.1052750 -2.3155500 0.0586250
v -0.1203250 -2.3668500 0.0966000
v -0.1030000 -2.3369000 0.1142000
v -0.0935500 -2.2921000 0.1220500
v -0.0974250 -2.3084000 0.0722000
v -0.0974250 -2.3084000 0.0722000
v -0.0935500 -2.2921000 0.1220500
v -0.0935500 -2.2921000 0.0789250
v -0.0935500 -0.6139000 0.0789250
v -0.0935500 -2.2921000 0.0789250
v -0.0935500 -2.2921000 0.1220500
v -0.0935500 -0.6139000 0.1220500
v -0.1030500 -0.5690250 0.1141500
v -0.0978250 -0.5974500 0.0715250
v -0.0935500 -0.6139000 0.1220500
v -0.0935500 -0.6139000 0.1220500
v -0.0978250 -0.5974500 0.0715250
v -0.0935500 -0.6139000 0.0789250
v -0.0978250 -0.5974500 0.0715250
v -0.1030500 -0.5690250 0.1141500
v -0.1052750 -0.5904500 0.0586250
v -0.1052750 -0.5904500 0.0586250
v -0.1030500 -0.5690250 0.1141500
v -0.1204250 -0.5390500 0.0964750
v -0.1204250 -0.5390500 0.0964750
v -0.1351750 -0.5320250 0.0748500
v -0.1052750 -0.5904500 0.0586250
v -0.1052750 -0.5904500 0.0586250
v -0.1351750 -0.5320250 0.0748500
v -0.1465250 -0.5397500 0.0512500
v -0.1127500 -0.5975000 0.0456750
v -0.1052750 -0.5904500 0.0586250
v -0.1530500 -0.5703750 0.0277250
v -0.1530500 -0.5703750 0.0277250
v -0.1052750 -0.5904500 0.0586250
v -0.1465250 -0.5397500 0.0512500
v -0.1530500 -0.5703750 0.0277250
v -0.1550750 -0.6139000 0.0163250
v -0.1127500 -0.5975000 0.0456750
v -0.1127500 -0.5975000 0.0456750
v -0.1550750 -0.6139000 0.0163250
v -0.1170000 -0.6139000 0.0383250
v -0.1170000 -2.2921000 0.0383250
v -0.1126250 -2.3096500 0.0458750
v -0.1005250 -2.2921000 0.0557000
v -0.1005250 -2.2921000 0.0557000
v -0.1126250 -2.3096500 0.0458750
v -0.1052750 -2.3155500 0.0586250
v -0.1005250 -0.6139000 0.0557000
v -0.1170000 -0.6139000 0.0383250
v -0.1170000 -2.2921000 0.0383250
v -0.1005250 -2.2921000 0.0557000
v -0.1052750 -2.3155500 0.0586250
v -0.0974250 -2.3084000 0.0722000
v -0.1005250 -2.2921000 0.0557000
v -0.1005250 -2.2921000 0.0557000
v -0.0974250 -2.3084000 0.0722000
v -0.0935500 -2.2921000 0.0789250
v -0.1005250 -2.2921000 0.0557000
v -0.0935500 -2.2921000 0.0789250
v -0.0935500 -0.6139000 0.0789250
v -0.1005250 -0.6139000 0.0557000
v -0.1170000 -0.6139000 0.0383250
v -0.1005250 -0.6139000 0.0557000
v -0.1127500 -0.5975000 0.0456750
v -0.1127500 -0.5975000 0.0456750
v -0.1005250 -0.6139000 0.0557000
v -0.1052750 -0.5904500 0.0586250
v -0.1052750 -0.5904500 0.0586250
v -0.1005250 -0.6139000 0.0557000
v -0.0978250 -0.5974500 0.0715250
v -0.0978250 -0.5974500 0.0715250
v -0.1005250 -0.6139000 0.0557000
v -0.0935500 -0.6139000 0.0789250
v -0.1575000 -0.4375000 0.0000000
v -0.1552000 -0.6139000 0.0000000
v -0.1550750 -0.6139000 0.0163250
v -0.1549500 -2.4687500 0.0000000
v -0.1550750 -2.2921000 0.0163250
v -0.1552000 -2.2921000 0.0000000
v -0.1552000 -2.2921000 0.0000000
v -0.1550750 -2.2921000 0.0163250
v -0.1550750 -0.6139000 0.0163250
v -0.1552000 -0.6139000 0.0000000
v -0.1113750 -0.4375000 0.1113750
v -0.1204250 -0.5390500 0.0964750
v -0.1030500 -0.5690250 0.1141500
v -0.0602750 -0.4375000 0.1455250
v -0.0935500 -0.6139000 0.1220500
v -0.0607000 -0.6139000 0.1408750
v -0.1113750 -0.4375000 0.1113750
v -0.1030500 -0.5690250 0.1141500
v -0.0935500 -0.6139000 0.1220500
v -0.1113750 -0.4375000 0.1113750
v -0.0935500 -0.6139000 0.1220500
v -0.0602750 -0.4375000 0.1455250
v -0.1876455 -0.3172500 0.0000000
v -0.1733602 -0.3172500 0.0718043
v -0.1455143 -0.3125000 0.0602752
v -0.1575000 -0.3125000 0.0000000
v -0.2131920 -0.3308000 0.0000000
v -0.1969538 -0.3308000 0.0815850
v -0.1733602 -0.3172500 0.0718043
v -0.1876455 -0.3172500 0.0000000
v -0.2302650 -0.3510750 0.0000000
v -0.2127352 -0.3510750 0.0881212
v -0.1969538 -0.3308000 0.0815850
v -0.2131920 -0.3308000 0.0000000
v -0.2362500 -0.3750000 0.0000000
v -0.2182792 -0.3750000 0.0904208
v -0.2127352 -0.3510750 0.0881212
v -0.2302650 -0.3510750 0.0000000
v -0.1733602 -0.3172500 0.0718043
v -0.1326780 -0.3172500 0.1326780
v -0.1113683 -0.3125000 0.1113683
v -0.1455143 -0.3125000 0.0602752
v -0.1969538 -0.3308000 0.0815850
v -0.1507432 -0.3308000 0.1507432
v -0.1326780 -0.3172500 0.1326780
v -0.1733602 -0.3172500 0.0718043
v -0.2127352 -0.3510750 0.0881212
v -0.1628078 -0.3510750 0.1628078
v -0.1507432 -0.3308000 0.1507432
v -0.1969538 -0.3308000 0.0815850
v -0.2182792 -0.3750000 0.0904208
v -0.1670603 -0.3750000 0.1670603
v -0.1628078 -0.3510750 0.1628078
v -0.2127352 -0.3510750 0.0881212
v -0.1326780 -0.3172500 0.1326780
v -0.0718043 -0.3172500 0.1733602
v -0.0602752 -0.3125000 0.1455143
v -0.1113683 -0.3125000 0.1113683
v -0.1507432 -0.3308000 0.1507432
v -0.0815850 -0.3308000 0.1969538
v -0.0718043 -0.3172500 0.1733602
v -0.1326780 -0.3172500 0.1326780
v -0.1628078 -0.3510750 0.1628078
v -0.0881212 -0.3510750 0.2127352
v -0.0815850 -0.3308000 0.1969538
v -0.1507432 -0.3308000 0.1507432
v -0.1670603 -0.3750000 0.1670603
v -0.0904208 -0.3750000 0.2182792
v -0.0881212 -0.3510750 0.2127352
v -0.1628078 -0.3510750 0.1628078
v -0.0718043 -0.3172500 0.1733602
v 0.0000000 -0.3172500 0.1876455
v 0.0000000 -0.3125000 0.1575000
v -0.0602752 -0.3125000 0.1455143
v -0.0815850 -0.3308000 0.1969538
v 0.0000000 -0.3308000 0.2131920
v 0.0000000 -0.3172500 0.1876455
v -0.0718043 -0.3172500 0.1733602
v -0.0881212 -0.3510750 0.2127352
v 0.0000000 -0.3510750 0.2302650
v 0.0000000 -0.3308000 0.2131920
v -0.0815850 -0.3308000 0.1969538
v -0.0904208 -0.3750000 0.2182792
v 0.0000000 -0.3750000 0.2362500
v 0.0000000 -0.3510750 0.2302650
v -0.0881212 -0.3510750 0.2127352
v -0.1575000 -0.4375000 0.0000000
v -0.1455143 -0.4375000 0.0602752
v -0.1733602 -0.4327500 0.0718043
v -0.1876455 -0.4327500 0.0000000
v -0.1876455 -0.4327500 0.0000000
v -0.1733602 -0.4327500 0.0718043
v -0.1969538 -0.4192000 0.0815850
v -0.2131920 -0.4192000 0.0000000
v -0.2131920 -0.4192000 0.0000000
v -0.1969538 -0.4192000 0.0815850
v -0.2127352 -0.3989250 0.0881212
v -0.2302650 -0.3989250 0.0000000
v -0.2302650 -0.3989250 0.0000000
v -0.2127352 -0.3989250 0.0881212
v -0.2182792 -0.3750000 0.0904208
v -0.2362500 -0.3750000 0.0000000
v -0.1455143 -0.4375000 0.0602752
v -0.1113683 -0.4375000 0.1113683
v -0.1326780 -0.4327500 0.1326780
v -0.1733602 -0.4327500 0.0718043
v -0.1733602 -0.4327500 0.0718043
v -0.1326780 -0.4327500 0.1326780
v -0.1507432 -0.4192000 0.1507432
v -0.1969538 -0.4192000 0.0815850
v -0.1969538 -0.4192000 0.0815850
v -0.1507432 -0.4192000 0.1507432
v -0.1628078 -0.3989250 0.1628078
v -0.2127352 -0.3989250 0.0881212
v -0.2127352 -0.3989250 0.0881212
v -0.1628078 -0.3989250 0.1628078
v -0.1670603 -0.3750000 0.1670603
v -0.2182792 -0.3750000 0.0904208
v -0.1113683 -0.4375000 0.1113683
v -0.0602752 -0.4375000 0.1455143
v -0.0718043 -0.4327500 0.1733602
v -0.1326780 -0.4327500 0.1326780
v -0.1326780 -0.4327500 0.1326780
v -0.0718043 -0.4327500 0.1733602
v -0.0815850 -0.4192000 0.1969538
v -0.1507432 -0.4192000 0.1507432
v -0.1507432 -0.4192000 0.1507432
v -0.0815850 -0.4192000 0.1969538
v -0.0881212 -0.3989250 0.2127352
v -0.1628078 -0.3989250 0.1628078
v -0.1628078 -0.3989250 0.1628078
v -0.0881212 -0.3989250 0.2127352
v -0.0904208 -0.3750000 0.2182792
v -0.1670603 -0.3750000 0.1670603
v -0.0602752 -0.4375000 0.1455143
v 0.0000000 -0.4375000 0.1575000
v 0.0000000 -0.4327500 0.1876455
v -0.0718043 -0.4327500 0.1733602
v -0.0718043 -0.4327500 0.1733602
v 0.0000000 -0.4327500 0.1876455
v 0.0000000 -0.4192000 0.2131920
v -0.0815850 -0.4192000 0.1969538
v -0.0815850 -0.4192000 0.1969538
v 0.0000000 -0.4192000 0.2131920
v 0.0000000 -0.3989250 0.2302650
v -0.0881212 -0.3989250 0.2127352
v -0.0881212 -0.3989250 0.2127352
v 0.0000000 -0.3989250 0.2302650
v 0.0000000 -0.3750000 0.2362500
v -0.0904208 -0.3750000 0.2182792
v -0.1575000 -0.3125000 0.0000000
v -0.1455143 -0.3125000 0.0602752
v -0.1455143 -0.1250000 0.0602752
v -0.1575000 -0.1250000 0.0000000
v -0.1455143 -0.3125000 0.0602752
v -0.1113683 -0.3125000 0.1113683
v -0.1113683 -0.1250000 0.1113683
v -0.1455143 -0.1250000 0.0602752
v -0.1113683 -0.3125000 0.1113683
v -0.0602752 -0.3125000 0.1455143
v -0.0602752 -0.1250000 0.1455143
v -0.1113683 -0.1250000 0.1113683
v -0.0602752 -0.3125000 0.1455143
v 0.0000000 -0.3125000 0.1575000
v 0.0000000 -0.1250000 0.1575000
v -0.0602752 -0.1250000 0.1455143
v -0.1876455 -0.0047500 0.0000000
v -0.1733602 -0.0047500 0.0718043
v -0.1455143 -0.0000000 0.0602752
v -0.1575000 -0.0000000 0.0000000
v -0.2131920 -0.0183000 0.0000000
v -0.1969538 -0.0183000 0.0815850
v -0.1733602 -0.0047500 0.0718043
v -0.1876455 -0.0047500 0.0000000
v -0.2302650 -0.0385750 0.0000000
v -0.2127352 -0.0385750 0.0881212
v -0.1969538 -0.0183000 0.0815850
v -0.2131920 -0.0183000 0.0000000
v -0.2362500 -0.0625000 0.0000000
v -0.2182792 -0.0625000 0.0904208
v -0.2127352 -0.0385750 0.0881212
v -0.2302650 -0.0385750 0.0000000
v -0.1733602 -0.0047500 0.0718043
v -0.1326780 -0.0047500 0.1326780
v -0.1113683 -0.0000000 0.1113683
v -0.1455143 -0.0000000 0.0602752
v -0.1969538 -0.0183000 0.0815850
v -0.1507432 -0.0183000 0.1507432
v -0.1326780 -0.0047500 0.1326780
v -0.1733602 -0.0047500 0.0718043
v -0.2127352 -0.0385750 0.0881212
v -0.1628078 -0.0385750 0.1628078
v -0.1507432 -0.0183000 0.1507432
v -0.1969538 -0.0183000 0.0815850
v -0.2182792 -0.0625000 0.0904208
v -0.1670603 -0.0625000 0.1670603
v -0.1628078 -0.0385750 0.1628078
v -0.2127352 -0.0385750 0.0881212
v -0.1326780 -0.0047500 0.1326780
v -0.0718043 -0.0047500 0.1733602
v -0.0602752 -0.0000000 0.1455143
v -0.1113683 -0.0000000 0.1113683
v -0.1507432 -0.0183000 0.1507432
v -0.0815850 -0.0183000 0.1969538
v -0.0718043 -0.0047500 0.1733602
v -0.1326780 -0.0047500 0.1326780
v -0.1628078 -0.0385750 0.1628078
v -0.0881212 -0.0385750 0.2127352
v -0.0815850 -0.0183000 0.1969538
v -0.1507432 -0.0183000 0.1507432
v -0.1670603 -0.0625000 0.1670603
v -0.0904208 -0.0625000 0.2182792
v -0.0881212 -0.0385750 0.2127352
v -0.1628078 -0.0385750 0.1628078
v -0.0718043 -0.0047500 0.1733602
v 0.0000000 -0.0047500 0.1876455
v 0.0000000 -0.0000000 0.1575000
v -0.0602752 -0.0000000 0.1455143
v -0.0815850 -0.0183000 0.1969538
v 0.0000000 -0.0183000 0.2131920
v 0.0000000 -0.0047500 0.1876455
v -0.0718043 -0.0047500 0.1733602
v -0.0881212 -0.0385750 0.2127352
v 0.0000000 -0.0385750 0.2302650
v 0.0000000 -0.0183000 0.2131920
v -0.0815850 -0.0183000 0.1969538
v -0.0904208 -0.0625000 0.2182792
v 0.0000000 -0.0625000 0.2362500
v 0.0000000 -0.0385750 0.2302650
v -0.0881212 -0.0385750 0.2127352
v -0.1575000 -0.1250000 0.0000000
v -0.1455143 -0.1250000 0.0602752
v -0.1733602 -0.1202500 0.0718043
v -0.1876455 -0.1202500 0.0000000
v -0.1876455 -0.1202500 0.0000000
v -0.1733602 -0.1202500 0.0718043
v -0.1969538 -0.1067000 0.0815850
v -0.2131920 -0.1067000 0.0000000
v -0.2131920 -0.1067000 0.0000000
v -0.1969538 -0.1067000 0.0815850
v -0.2127352 -0.0864250 0.0881212
v -0.2302650 -0.0864250 0.0000000
v -0.2302650 -0.0864250 0.0000000
v -0.2127352 -0.0864250 0.0881212
v -0.2182792 -0.0625000 0.0904208
v -0.2362500 -0.0625000 0.0000000
v -0.1455143 -0.1250000 0.0602752
v -0.1113683 -0.1250000 0.1113683
v -0.1326780 -0.1202500 0.1326780
v -0.1733602 -0.1202500 0.0718043
v -0.1733602 -0.1202500 0.0718043
v -0.1326780 -0.1202500 0.1326780
v -0.1507432 -0.1067000 0.1507432
v -0.1969538 -0.1067000 0.0815850
v -0.1969538 -0.1067000 0.0815850
v -0.1507432 -0.1067000 0.1507432
v -0.1628078 -0.0864250 0.1628078
v -0.2127352 -0.0864250 0.0881212
v -0.2127352 -0.0864250 0.0881212
v -0.1628078 -0.0864250 0.1628078
v -0.1670603 -0.0625000 0.1670603
v -0.2182792 -0.0625000 0.0904208
v -0.1113683 -0.1250000 0.1113683
v -0.0602752 -0.1250000 0.1455143
v -0.0718043 -0.1202500 0.1733602
v -0.1326780 -0.1202500 0.1326780
v -0.1326780 -0.1202500 0.1326780
v -0.0718043 -0.1202500 0.1733602
v -0.0815850 -0.1067000 0.1969538
v -0.1507432 -0.1067000 0.1507432
v -0.1507432 -0.1067000 0.1507432
v -0.0815850 -0.1067000 0.1969538
v -0.0881212 -0.0864250 0.2127352
v -0.1628078 -0.0864250 0.1628078
v -0.1628078 -0.0864250 0.1628078
v -0.0881212 -0.0864250 0.2127352
v -0.0904208 -0.0625000 0.2182792
v -0.1670603 -0.0625000 0.1670603
v -0.0602752 -0.1250000 0.1455143
v 0.0000000 -0.1250000 0.1575000
v 0.0000000 -0.1202500 0.1876455
v -0.0718043 -0.1202500 0.1733602
v -0.0718043 -0.1202500 0.1733602
v 0.0000000 -0.1202500 0.1876455
v 0.0000000 -0.1067000 0.2131920
v -0.0815850 -0.1067000 0.1969538
v -0.0815850 -0.1067000 0.1969538
v 0.0000000 -0.1067000 0.2131920
v 0.0000000 -0.0864250 0.2302650
v -0.0881212 -0.0864250 0.2127352
v -0.0881212 -0.0864250 0.2127352
v 0.0000000 -0.0864250 0.2302650
v 0.0000000 -0.0625000 0.2362500
v -0.0904208 -0.0625000 0.2182792
v -0.1575000 -0.0000000 0.0000000
v -0.1455143 -0.0000000 0.0602752
v -0.1385850 -0.0000000 0.0574050
v -0.1500000 -0.0000000 0.0000000
v -0.1455143 -0.0000000 0.0602752
v -0.1113683 -0.0000000 0.1113683
v -0.1060650 -0.0000000 0.1060650
v -0.1385850 -0.0000000 0.0574050
v -0.1113683 -0.0000000 0.1113683
v -0.0602752 -0.0000000 0.1455143
v -0.0574050 -0.0000000 0.1385850
v -0.1060650 -0.0000000 0.1060650
v -0.0602752 -0.0000000 0.1455143
v 0.0000000 -0.0000000 0.1575000
v 0.0000000 -0.0000000 0.1500000
v -0.0574050 -0.0000000 0.1385850
v -0.1000000 -0.0000000 0.0000000
v -0.0923900 -0.0000000 0.0382700
v -0.0692925 -0.0000000 0.0287025
v -0.0750000 -0.0000000 0.0000000
v -0.0923900 -0.0000000 0.0382700
v -0.0707100 -0.0000000 0.0707100
v -0.0530325 -0.0000000 0.0530325
v -0.0692925 -0.0000000 0.0287025
v -0.0707100 -0.0000000 0.0707100
v -0.0382700 -0.0000000 0.0923900
v -0.0287025 -0.0000000 0.0692925
v -0.0530325 -0.0000000 0.0530325
v -0.0382700 -0.0000000 0.0923900
v 0.0000000 -0.0000000 0.1000000
v 0.0000000 -0.0000000 0.0750000
v -0.0287025 -0.0000000 0.0692925
v -0.0750000 -0.0000000 0.0000000
v -0.0692925 -0.0000000 0.0287025
v -0.0692925 -0.6500000 0.0287025
v -0.0750000 -0.6500000 0.0000000
v -0.0692925 -0.0000000 0.0287025
v -0.0530325 -0.0000000 0.0530325
v -0.0530325 -0.6500000 0.0530325
v -0.0692925 -0.6500000 0.0287025
v -0.0530325 -0.0000000 0.0530325
v -0.0287025 -0.0000000 0.0692925
v -0.0287025 -0.6500000 0.0692925
v -0.0530325 -0.6500000 0.0530325
v -0.0287025 -0.0000000 0.0692925
v 0.0000000 -0.0000000 0.0750000
v 0.0000000 -0.6500000 0.0750000
v -0.0287025 -0.6500000 0.0692925
v 0.0000000 -0.6500000 0.0000000
v -0.0750000 -0.6500000 0.0000000
v -0.0692925 -0.6500000 0.0287025
v 0.0000000 -0.6500000 0.0000000
v -0.0692925 -0.6500000 0.0287025
v -0.0530325 -0.6500000 0.0530325
v 0.0000000 -0.6500000 0.0000000
v -0.0530325 -0.6500000 0.0530325
v -0.0287025 -0.6500000 0.0692925
v 0.0000000 -0.6500000 0.0000000
v -0.0287025 -0.6500000 0.0692925
v 0.0000000 -0.6500000 0.0750000
v -0.2500000 -3.8500000 0.0000000
v -0.2309750 -3.8500000 -0.0956750
v -0.2309750 -4.0000000 -0.0956750
v -0.2500000 -4.0000000 0.0000000
v -0.2309750 -3.8500000 -0.0956750
v -0.1767750 -3.8500000 -0.1767750
v -0.1767750 -4.0000000 -0.1767750
v -0.2309750 -4.0000000 -0.0956750
v -0.1767750 -3.8500000 -0.1767750
v -0.0956750 -3.8500000 -0.2309750
v -0.0956750 -4.0000000 -0.2309750
v -0.1767750 -4.0000000 -0.1767750
v -0.0956750 -3.8500000 -0.2309750
v 0.0000000 -3.8500000 -0.2500000
v 0.0000000 -4.0000000 -0.2500000
v -0.0956750 -4.0000000 -0.2309750
v -0.1875000 -3.8500000 0.0000000
v -0.1732313 -3.8500000 -0.0717562
v -0.2309750 -3.8500000 -0.0956750
v -0.2500000 -3.8500000 0.0000000
v -0.1732313 -3.8500000 -0.0717562
v -0.1325813 -3.8500000 -0.1325813
v -0.1767750 -3.8500000 -0.1767750
v -0.2309750 -3.8500000 -0.0956750
v -0.1325813 -3.8500000 -0.1325813
v -0.0717562 -3.8500000 -0.1732313
v -0.0956750 -3.8500000 -0.2309750
v -0.1767750 -3.8500000 -0.1767750
v -0.0717562 -3.8500000 -0.1732313
v 0.0000000 -3.8500000 -0.1875000
v 0.0000000 -3.8500000 -0.2500000
v -0.0956750 -3.8500000 -0.2309750
v -0.2069750 -2.7745250 -0.0751000
v -0.1881500 -2.5854250 0.0000000
v -0.1738250 -2.5854250 -0.0720000
v -0.2218500 -2.8437500 -0.0555250
v -0.1881500 -2.5854250 0.0000000
v -0.2069750 -2.7745250 -0.0751000
v -0.2343750 -2.8972250 0.0000000
v -0.2218500 -2.8437500 -0.0555250
v -0.2277500 -2.8972250 -0.0574250
v -0.1881500 -2.5854250 0.0000000
v -0.2218500 -2.8437500 -0.0555250
v -0.2343750 -2.8972250 0.0000000
v -0.0555250 -2.8437500 -0.2220000
v 0.0000000 -2.8972250 -0.2343750
v -0.0554750 -2.8972250 -0.2277500
v 0.0000000 -2.5854250 -0.1881500
v 0.0000000 -2.8972250 -0.2343750
v -0.0555250 -2.8437500 -0.2220000
v -0.0734500 -2.7743000 -0.2072750
v 0.0000000 -2.5854250 -0.1881500
v -0.0555250 -2.8437500 -0.2220000
v -0.0720000 -2.5854250 -0.1738250
v 0.0000000 -2.5854250 -0.1881500
v -0.0734500 -2.7743000 -0.2072750
v -0.1083250 -2.7269000 -0.1846000
v -0.0720000 -2.5854250 -0.1738250
v -0.0734500 -2.7743000 -0.2072750
v -0.1475250 -2.7137500 -0.1508000
v -0.0720000 -2.5854250 -0.1738250
v -0.1083250 -2.7269000 -0.1846000
v -0.1330500 -2.5854250 -0.1330500
v -0.0720000 -2.5854250 -0.1738250
v -0.1475250 -2.7137500 -0.1508000
v -0.1330500 -2.5854250 -0.1330500
v -0.1846000 -2.7260750 -0.1083250
v -0.1738250 -2.5854250 -0.0720000
v -0.1475250 -2.7137500 -0.1508000
v -0.1846000 -2.7260750 -0.1083250
v -0.1330500 -2.5854250 -0.1330500
v -0.2069750 -2.7745250 -0.0751000
v -0.1738250 -2.5854250 -0.0720000
v -0.1846000 -2.7260750 -0.1083250
v 0.0000000 -2.8972250 -0.2343750
v 0.0000000 -3.2137500 -0.2500000
v -0.0575000 -3.2137500 -0.2437500
v -0.0554750 -2.8972250 -0.2277500
v -0.0554750 -2.8972250 -0.2277500
v -0.0560500 -2.8437500 -0.1190250
v -0.0555250 -2.8437500 -0.2220000
v -0.0575000 -3.2137500 -0.2437500
v -0.0560500 -2.8437500 -0.1190250
v -0.0554750 -2.8972250 -0.2277500
v -0.0560500 -3.5937500 -0.1190250
v -0.0560500 -2.8437500 -0.1190250
v -0.0575000 -3.2137500 -0.2437500
v -0.0560500 -3.5937500 -0.1190250
v -0.0554750 -3.5302500 -0.2286500
v -0.0555250 -3.5937500 -0.2218500
v -0.0575000 -3.2137500 -0.2437500
v -0.0554750 -3.5302500 -0.2286500
v -0.0560500 -3.5937500 -0.1190250
v -0.0560500 -2.8437500 -0.1190250
v -0.0734500 -2.7743000 -0.2072750
v -0.0555250 -2.8437500 -0.2220000
v -0.0685500 -2.8094750 -0.1066750
v -0.0734500 -2.7743000 -0.2072750
v -0.0560500 -2.8437500 -0.1190250
v -0.1083250 -2.7269000 -0.1846000
v -0.0734500 -2.7743000 -0.2072750
v -0.0685500 -2.8094750 -0.1066750
v -0.0884750 -2.8004250 -0.0869750
v -0.1083250 -2.7269000 -0.1846000
v -0.0685500 -2.8094750 -0.1066750
v -0.1475250 -2.7137500 -0.1508000
v -0.1083250 -2.7269000 -0.1846000
v -0.0884750 -2.8004250 -0.0869750
v -0.0884750 -2.8004250 -0.0869750
v -0.1846000 -2.7260750 -0.1083250
v -0.1475250 -2.7137500 -0.1508000
v -0.1085000 -2.8126750 -0.0671500
v -0.1846000 -2.7260750 -0.1083250
v -0.0884750 -2.8004250 -0.0869750
v -0.2069750 -2.7745250 -0.0751000
v -0.1846000 -2.7260750 -0.1083250
v -0.1085000 -2.8126750 -0.0671500
v -0.2069750 -2.7745250 -0.0751000
v -0.1188750 -2.8437500 -0.0568750
v -0.2218500 -2.8437500 -0.0555250
v -0.1085000 -2.8126750 -0.0671500
v -0.1188750 -2.8437500 -0.0568750
v -0.2069750 -2.7745250 -0.0751000
v -0.2343750 -2.8972250 0.0000000
v -0.2277500 -2.8972250 -0.0574250
v -0.2437500 -3.2137500 -0.0575000
v -0.2500000 -3.2137500 0.0000000
v -0.0555250 -3.5937500 -0.2218500
v 0.0000000 -3.5302500 -0.2357750
v 0.0000000 -3.8500000 -0.1875000
v -0.0554750 -3.5302500 -0.2286500
v 0.0000000 -3.5302500 -0.2357750
v -0.0555250 -3.5937500 -0.2218500
v 0.0000000 -3.8500000 -0.1875000
v -0.0723250 -3.6653250 -0.2088000
v -0.0555250 -3.5937500 -0.2218500
v -0.0717500 -3.8500000 -0.1732250
v -0.0723250 -3.6653250 -0.2088000
v 0.0000000 -3.8500000 -0.1875000
v -0.0717500 -3.8500000 -0.1732250
v -0.1083250 -3.7122000 -0.1846000
v -0.0723250 -3.6653250 -0.2088000
v -0.1325750 -3.8500000 -0.1325750
v -0.1083250 -3.7122000 -0.1846000
v -0.0717500 -3.8500000 -0.1732250
v -0.1504500 -3.7236500 -0.1478750
v -0.1083250 -3.7122000 -0.1846000
v -0.1325750 -3.8500000 -0.1325750
v -0.1504500 -3.7236500 -0.1478750
v -0.1732250 -3.8500000 -0.0717500
v -0.1846000 -3.7083750 -0.1083250
v -0.1325750 -3.8500000 -0.1325750
v -0.1732250 -3.8500000 -0.0717500
v -0.1504500 -3.7236500 -0.1478750
v -0.1846000 -3.7083750 -0.1083250
v -0.1732250 -3.8500000 -0.0717500
v -0.2088000 -3.6573500 -0.0723250
v -0.2218500 -3.5937500 -0.0555250
v -0.2357750 -3.5302500 0.0000000
v -0.2286500 -3.5302500 -0.0574500
v -0.1875000 -3.8500000 0.0000000
v -0.2357750 -3.5302500 0.0000000
v -0.2218500 -3.5937500 -0.0555250
v -0.2088000 -3.6573500 -0.0723250
v -0.1875000 -3.8500000 0.0000000
v -0.2218500 -3.5937500 -0.0555250
v -0.1732250 -3.8500000 -0.0717500
v -0.1875000 -3.8500000 0.0000000
v -0.2088000 -3.6573500 -0.0723250
v -0.2357750 -3.5302500 0.0000000
v -0.2500000 -3.2137500 0.0000000
v -0.2437500 -3.2137500 -0.0575000
v -0.2286500 -3.5302500 -0.0574500
v -0.2286500 -3.5302500 -0.0574500
v -0.1188750 -3.5937500 -0.0568750
v -0.2218500 -3.5937500 -0.0555250
v -0.2437500 -3.2137500 -0.0575000
v -0.1188750 -2.8437500 -0.0568750
v -0.1188750 -3.5937500 -0.0568750
v -0.2286500 -3.5302500 -0.0574500
v -0.1188750 -2.8437500 -0.0568750
v -0.2277500 -2.8972250 -0.0574250
v -0.2218500 -2.8437500 -0.0555250
v -0.2437500 -3.2137500 -0.0575000
v -0.2277500 -2.8972250 -0.0574250
v -0.1188750 -2.8437500 -0.0568750
v -0.1188750 -3.5937500 -0.0568750
v -0.2088000 -3.6573500 -0.0723250
v -0.2218500 -3.5937500 -0.0555250
v -0.1063750 -3.6263750 -0.0692500
v -0.2088000 -3.6573500 -0.0723250
v -0.1188750 -3.5937500 -0.0568750
v -0.1846000 -3.7083750 -0.1083250
v -0.2088000 -3.6573500 -0.0723250
v -0.1063750 -3.6263750 -0.0692500
v -0.0864750 -3.6370750 -0.0889500
v -0.1846000 -3.7083750 -0.1083250
v -0.1063750 -3.6263750 -0.0692500
v -0.1504500 -3.7236500 -0.1478750
v -0.1846000 -3.7083750 -0.1083250
v -0.0864750 -3.6370750 -0.0889500
v -0.0864750 -3.6370750 -0.0889500
v -0.1083250 -3.7122000 -0.1846000
v -0.1504500 -3.7236500 -0.1478750
v -0.0678250 -3.6259500 -0.1074000
v -0.1083250 -3.7122000 -0.1846000
v -0.0864750 -3.6370750 -0.0889500
v -0.0678250 -3.6259500 -0.1074000
v -0.0723250 -3.6653250 -0.2088000
v -0.1083250 -3.7122000 -0.1846000
v -0.0723250 -3.6653250 -0.2088000
v -0.0560500 -3.5937500 -0.1190250
v -0.0555250 -3.5937500 -0.2218500
v -0.0678250 -3.6259500 -0.1074000
v -0.0560500 -3.5937500 -0.1190250
v -0.0723250 -3.6653250 -0.2088000
v -0.0575000 -3.2137500 -0.2437500
v 0.0000000 -3.5302500 -0.2357750
v -0.0554750 -3.5302500 -0.2286500
v 0.0000000 -3.2137500 -0.2500000
v 0.0000000 -3.5302500 -0.2357750
v -0.0575000 -3.2137500 -0.2437500
v -0.0752750 -2.8437500 -0.0742750
v -0.0560500 -2.8437500 -0.1190250
v -0.0560500 -3.5937500 -0.1190250
v -0.0752750 -3.5937500 -0.0742750
v -0.0752750 -2.8437500 -0.0742750
v -0.0685500 -2.8094750 -0.1066750
v -0.0560500 -2.8437500 -0.1190250
v -0.0884750 -2.8004250 -0.0869750
v -0.0685500 -2.8094750 -0.1066750
v -0.0752750 -2.8437500 -0.0742750
v -0.1085000 -2.8126750 -0.0671500
v -0.0752750 -2.8437500 -0.0742750
v -0.1188750 -2.8437500 -0.0568750
v -0.0884750 -2.8004250 -0.0869750
v -0.0752750 -2.8437500 -0.0742750
v -0.1085000 -2.8126750 -0.0671500
v -0.1188750 -2.8437500 -0.0568750
v -0.0752750 -2.8437500 -0.0742750
v -0.0752750 -3.5937500 -0.0742750
v -0.1188750 -3.5937500 -0.0568750
v -0.1063750 -3.6263750 -0.0692500
v -0.0752750 -3.5937500 -0.0742750
v -0.0864750 -3.6370750 -0.0889500
v -0.1188750 -3.5937500 -0.0568750
v -0.0752750 -3.5937500 -0.0742750
v -0.1063750 -3.6263750 -0.0692500
v -0.0752750 -3.5937500 -0.0742750
v -0.0678250 -3.6259500 -0.1074000
v -0.0864750 -3.6370750 -0.0889500
v -0.0560500 -3.5937500 -0.1190250
v -0.0678250 -3.6259500 -0.1074000
v -0.0752750 -3.5937500 -0.0742750
v -0.2001540 -2.5813000 0.0000000
v -0.1849138 -2.5813000 -0.0765959
v -0.1738318 -2.5854275 -0.0720050
v -0.1881500 -2.5854275 0.0000000
v -0.2103329 -2.5695675 0.0000000
v -0.1943213 -2.5695675 -0.0804906
v -0.1849138 -2.5813000 -0.0765959
v -0.2001540 -2.5813000 0.0000000
v -0.2171251 -2.5519850 0.0000000
v -0.2006055 -2.5519850 -0.0830870
v -0.1943213 -2.5695675 -0.0804906
v -0.2103329 -2.5695675 0.0000000
v -0.2195146 -2.5312500 0.0000000
v -0.2028069 -2.5312500 -0.0840090
v -0.2006055 -2.5519850 -0.0830870
v -0.2171251 -2.5519850 0.0000000
v -0.1849138 -2.5813000 -0.0765959
v -0.1415264 -2.5813000 -0.1415264
v -0.1330409 -2.5854275 -0.1330409
v -0.1738318 -2.5854275 -0.0720050
v -0.1943213 -2.5695675 -0.0804906
v -0.1487138 -2.5695675 -0.1487138
v -0.1415264 -2.5813000 -0.1415264
v -0.1849138 -2.5813000 -0.0765959
v -0.2006055 -2.5519850 -0.0830870
v -0.1535304 -2.5519850 -0.1535304
v -0.1487138 -2.5695675 -0.1487138
v -0.1943213 -2.5695675 -0.0804906
v -0.2028069 -2.5312500 -0.0840090
v -0.1552237 -2.5312500 -0.1552237
v -0.1535304 -2.5519850 -0.1535304
v -0.2006055 -2.5519850 -0.0830870
v -0.1415264 -2.5813000 -0.1415264
v -0.0765959 -2.5813000 -0.1849138
v -0.0720050 -2.5854275 -0.1738318
v -0.1330409 -2.5854275 -0.1330409
v -0.1487138 -2.5695675 -0.1487138
v -0.0804906 -2.5695675 -0.1943213
v -0.0765959 -2.5813000 -0.1849138
v -0.1415264 -2.5813000 -0.1415264
v -0.1535304 -2.5519850 -0.1535304
v -0.0830870 -2.5519850 -0.2006055
v -0.0804906 -2.5695675 -0.1943213
v -0.1487138 -2.5695675 -0.1487138
v -0.1552237 -2.5312500 -0.1552237
v -0.0840090 -2.5312500 -0.2028069
v -0.0830870 -2.5519850 -0.2006055
v -0.1535304 -2.5519850 -0.1535304
v -0.0765959 -2.5813000 -0.1849138
v 0.0000000 -2.5813000 -0.2001540
v 0.0000000 -2.5854275 -0.1881500
v -0.0720050 -2.5854275 -0.1738318
v -0.0804906 -2.5695675 -0.1943213
v 0.0000000 -2.5695675 -0.2103329
v 0.0000000 -2.5813000 -0.2001540
v -0.0765959 -2.5813000 -0.1849138
v -0.0830870 -2.5519850 -0.2006055
v 0.0000000 -2.5519850 -0.2171251
v 0.0000000 -2.5695675 -0.2103329
v -0.0804906 -2.5695675 -0.1943213
v -0.0840090 -2.5312500 -0.2028069
v 0.0000000 -2.5312500 -0.2195146
v 0.0000000 -2.5519850 -0.2171251
v -0.0830870 -2.5519850 -0.2006055
v -0.1549500 -2.4687450 0.0000000
v -0.1431583 -2.4687450 -0.0592994
v -0.1659824 -2.4735000 -0.0687513
v -0.1796645 -2.4735000 0.0000000
v -0.1796645 -2.4735000 0.0000000
v -0.1659824 -2.4735000 -0.0687513
v -0.1853357 -2.4870600 -0.0767777
v -0.2005983 -2.4870600 0.0000000
v -0.2005983 -2.4870600 0.0000000
v -0.1853357 -2.4870600 -0.0767777
v -0.1982740 -2.5073250 -0.0821235
v -0.2146058 -2.5073250 0.0000000
v -0.2146058 -2.5073250 0.0000000
v -0.1982740 -2.5073250 -0.0821235
v -0.2028141 -2.5312500 -0.0840139
v -0.2195177 -2.5312500 0.0000000
v -0.1431583 -2.4687450 -0.0592994
v -0.1095651 -2.4687450 -0.1095651
v -0.1270435 -2.4735000 -0.1270435
v -0.1659824 -2.4735000 -0.0687513
v -0.1659824 -2.4735000 -0.0687513
v -0.1270435 -2.4735000 -0.1270435
v -0.1418412 -2.4870600 -0.1418412
v -0.1853357 -2.4870600 -0.0767777
v -0.1853357 -2.4870600 -0.0767777
v -0.1418412 -2.4870600 -0.1418412
v -0.1517425 -2.5073250 -0.1517425
v -0.1982740 -2.5073250 -0.0821235
v -0.1982740 -2.5073250 -0.0821235
v -0.1517425 -2.5073250 -0.1517425
v -0.1552134 -2.5312500 -0.1552134
v -0.2028141 -2.5312500 -0.0840139
v -0.1095651 -2.4687450 -0.1095651
v -0.0592994 -2.4687450 -0.1431583
v -0.0687513 -2.4735000 -0.1659824
v -0.1270435 -2.4735000 -0.1270435
v -0.1270435 -2.4735000 -0.1270435
v -0.0687513 -2.4735000 -0.1659824
v -0.0767777 -2.4870600 -0.1853357
v -0.1418412 -2.4870600 -0.1418412
v -0.1418412 -2.4870600 -0.1418412
v -0.0767777 -2.4870600 -0.1853357
v -0.0821235 -2.5073250 -0.1982740
v -0.1517425 -2.5073250 -0.1517425
v -0.1517425 -2.5073250 -0.1517425
v -0.0821235 -2.5073250 -0.1982740
v -0.0840139 -2.5312500 -0.2028141
v -0.1552134 -2.5312500 -0.1552134
v -0.0592994 -2.4687450 -0.1431583
v 0.0000000 -2.4687450 -0.1549500
v 0.0000000 -2.4735000 -0.1796645
v -0.0687513 -2.4735000 -0.1659824
v -0.0687513 -2.4735000 -0.1659824
v 0.0000000 -2.4735000 -0.1796645
v 0.0000000 -2.4870600 -0.2005983
v -0.0767777 -2.4870600 -0.1853357
v -0.0767777 -2.4870600 -0.1853357
v 0.0000000 -2.4870600 -0.2005983
v 0.0000000 -2.5073250 -0.2146058
v -0.0821235 -2.5073250 -0.1982740
v -0.0821235 -2.5073250 -0.1982740
v 0.0000000 -2.5073250 -0.2146058
v 0.0000000 -2.5312500 -0.2195177
v -0.0840139 -2.5312500 -0.2028141
v -0.0607000 -2.2921000 -0.1408750
v -0.0498250 -2.3357000 -0.1448250
v -0.0593000 -2.4687500 -0.1431500
v -0.0261750 -2.3662750 -0.1509250
v -0.0593000 -2.4687500 -0.1431500
v -0.0498250 -2.3357000 -0.1448250
v 0.0000000 -2.4687500 -0.1549500
v -0.0593000 -2.4687500 -0.1431500
v -0.0261750 -2.3662750 -0.1509250
v 0.0000000 -2.4687500 -0.1549500
v -0.0261750 -2.3662750 -0.1509250
v 0.0000000 -2.3739750 -0.1528750
v -0.0262000 -0.5397500 -0.1509250
v -0.0602750 -0.4375000 -0.1455250
v 0.0000000 -0.4375000 -0.1575000
v -0.0498250 -0.5703750 -0.1448250
v -0.0602750 -0.4375000 -0.1455250
v -0.0262000 -0.5397500 -0.1509250
v -0.0607000 -0.6139000 -0.1408750
v -0.0602750 -0.4375000 -0.1455250
v -0.0498250 -0.5703750 -0.1448250
v 0.0000000 -0.4375000 -0.1575000
v 0.0000000 -0.5320250 -0.1528750
v -0.0262000 -0.5397500 -0.1509250
v -0.0226250 -0.6139000 -0.1188750
v -0.0226250 -2.2921000 -0.1188750
v -0.0607000 -2.2921000 -0.1408750
v -0.0607000 -0.6139000 -0.1408750
v -0.0139000 -2.3096500 -0.1188750
v -0.0607000 -2.2921000 -0.1408750
v -0.0226250 -2.2921000 -0.1188750
v -0.0498250 -2.3357000 -0.1448250
v -0.0607000 -2.2921000 -0.1408750
v -0.0139000 -2.3096500 -0.1188750
v -0.0139000 -2.3096500 -0.1188750
v -0.0261750 -2.3662750 -0.1509250
v -0.0498250 -2.3357000 -0.1448250
v -0.0261750 -2.3662750 -0.1509250
v 0.0000000 -2.3155500 -0.1188750
v 0.0000000 -2.3739750 -0.1528750
v -0.0139000 -2.3096500 -0.1188750
v 0.0000000 -2.3155500 -0.1188750
v -0.0261750 -2.3662750 -0.1509250
v -0.0262000 -0.5397500 -0.1509250
v 0.0000000 -0.5320250 -0.1528750
v 0.0000000 -0.5904500 -0.1189000
v -0.0498250 -0.5703750 -0.1448250
v 0.0000000 -0.5904500 -0.1189000
v -0.0141250 -0.5975000 -0.1189000
v -0.0262000 -0.5397500 -0.1509250
v 0.0000000 -0.5904500 -0.1189000
v -0.0498250 -0.5703750 -0.1448250
v -0.0141250 -0.5975000 -0.1189000
v -0.0607000 -0.6139000 -0.1408750
v -0.0498250 -0.5703750 -0.1448250
v -0.0226250 -0.6139000 -0.1188750
v -0.0607000 -0.6139000 -0.1408750
v -0.0141250 -0.5975000 -0.1189000
v 0.0000000 -2.2921000 -0.1133000
v -0.0139000 -2.3096500 -0.1188750
v -0.0226250 -2.2921000 -0.1188750
v 0.0000000 -2.3155500 -0.1188750
v -0.0139000 -2.3096500 -0.1188750
v 0.0000000 -2.2921000 -0.1133000
v 0.0000000 -2.2921000 -0.1133000
v -0.0226250 -2.2921000 -0.1188750
v -0.0226250 -0.6139000 -0.1188750
v 0.0000000 -0.6139000 -0.1133000
v -0.0141250 -0.5975000 -0.1189000
v 0.0000000 -0.6139000 -0.1133000
v -0.0226250 -0.6139000 -0.1188750
v 0.0000000 -0.5904500 -0.1189000
v 0.0000000 -0.6139000 -0.1133000
v -0.0141250 -0.5975000 -0.1189000
v -0.1550750 -2.2921000 -0.0163250
v -0.1530500 -2.3357000 -0.0277500
v -0.1549500 -2.4687500 0.0000000
v -0.1465250 -2.3662750 -0.0512750
v -0.1549500 -2.4687500 0.0000000
v -0.1530500 -2.3357000 -0.0277500
v -0.1431500 -2.4687500 -0.0593000
v -0.1549500 -2.4687500 0.0000000
v -0.1465250 -2.3662750 -0.0512750
v -0.1431500 -2.4687500 -0.0593000
v -0.1465250 -2.3662750 -0.0512750
v -0.1351500 -2.3739750 -0.0748750
v -0.1351500 -2.3739750 -0.0748750
v -0.1095750 -2.4687500 -0.1095750
v -0.1431500 -2.4687500 -0.0593000
v -0.1203250 -2.3668500 -0.0966000
v -0.1095750 -2.4687500 -0.1095750
v -0.1351500 -2.3739750 -0.0748750
v -0.1203250 -2.3668500 -0.0966000
v -0.0593000 -2.4687500 -0.1431500
v -0.1095750 -2.4687500 -0.1095750
v -0.1030000 -2.3369000 -0.1142000
v -0.0593000 -2.4687500 -0.1431500
v -0.1203250 -2.3668500 -0.0966000
v -0.0935500 -2.2921000 -0.1220500
v -0.0607000 -2.2921000 -0.1408750
v -0.0593000 -2.4687500 -0.1431500
v -0.0935500 -0.6139000 -0.1220500
v -0.0607000 -0.6139000 -0.1408750
v -0.0607000 -2.2921000 -0.1408750
v -0.0935500 -2.2921000 -0.1220500
v -0.0935500 -2.2921000 -0.1220500
v -0.0593000 -2.4687500 -0.1431500
v -0.1030000 -2.3369000 -0.1142000
v -0.1465250 -0.5397500 -0.0512500
v -0.1575000 -0.4375000 0.0000000
v -0.1455250 -0.4375000 -0.0602750
v -0.1530500 -0.5703750 -0.0277250
v -0.1575000 -0.4375000 0.0000000
v -0.1465250 -0.5397500 -0.0512500
v -0.1550750 -0.6139000 -0.0163250
v -0.1575000 -0.4375000 0.0000000
v -0.1530500 -0.5703750 -0.0277250
v -0.1204250 -0.5390500 -0.0964750
v -0.1351750 -0.5320250 -0.0748500
v -0.1455250 -0.4375000 -0.0602750
v -0.1113750 -0.4375000 -0.1113750
v -0.1455250 -0.4375000 -0.0602750
v -0.1351750 -0.5320250 -0.0748500
v -0.1465250 -0.5397500 -0.0512500
v -0.1550750 -2.2921000 -0.0163250
v -0.1550750 -0.6139000 -0.0163250
v -0.1170000 -0.6139000 -0.0383250
v -0.1170000 -2.2921000 -0.0383250
v -0.1126250 -2.3096500 -0.0458750
v -0.1550750 -2.2921000 -0.0163250
v -0.1170000 -2.2921000 -0.0383250
v -0.1530500 -2.3357000 -0.0277500
v -0.1550750 -2.2921000 -0.0163250
v -0.1126250 -2.3096500 -0.0458750
v -0.1126250 -2.3096500 -0.0458750
v -0.1465250 -2.3662750 -0.0512750
v -0.1530500 -2.3357000 -0.0277500
v -0.1465250 -2.3662750 -0.0512750
v -0.1052750 -2.3155500 -0.0586250
v -0.1351500 -2.3739750 -0.0748750
v -0.1126250 -2.3096500 -0.0458750
v -0.1052750 -2.3155500 -0.0586250
v -0.1465250 -2.3662750 -0.0512750
v -0.1052750 -2.3155500 -0.0586250
v -0.1203250 -2.3668500 -0.0966000
v -0.1351500 -2.3739750 -0.0748750
v -0.1030000 -2.3369000 -0.1142000
v -0.1052750 -2.3155500 -0.0586250
v -0.0974250 -2.3084000 -0.0722000
v -0.1203250 -2.3668500 -0.0966000
v -0.1052750 -2.3155500 -0.0586250
v -0.1030000 -2.3369000 -0.1142000
v -0.0974250 -2.3084000 -0.0722000
v -0.0935500 -2.2921000 -0.1220500
v -0.1030000 -2.3369000 -0.1142000
v -0.0935500 -2.2921000 -0.0789250
v -0.0935500 -2.2921000 -0.1220500
v -0.0974250 -2.3084000 -0.0722000
v -0.0935500 -0.6139000 -0.1220500
v -0.0935500 -2.2921000 -0.1220500
v -0.0935500 -2.2921000 -0.0789250
v -0.0935500 -0.6139000 -0.0789250
v -0.0935500 -0.6139000 -0.1220500
v -0.0978250 -0.5974500 -0.0715250
v -0.1030500 -0.5690250 -0.1141500
v -0.0935500 -0.6139000 -0.0789250
v -0.0978250 -0.5974500 -0.0715250
v -0.0935500 -0.6139000 -0.1220500
v -0.1052750 -0.5904500 -0.0586250
v -0.1030500 -0.5690250 -0.1141500
v -0.0978250 -0.5974500 -0.0715250
v -0.1204250 -0.5390500 -0.0964750
v -0.1030500 -0.5690250 -0.1141500
v -0.1052750 -0.5904500 -0.0586250
v -0.1052750 -0.5904500 -0.0586250
v -0.1351750 -0.5320250 -0.0748500
v -0.1204250 -0.5390500 -0.0964750
v -0.1465250 -0.5397500 -0.0512500
v -0.1351750 -0.5320250 -0.0748500
v -0.1052750 -0.5904500 -0.0586250
v -0.1530500 -0.5703750 -0.0277250
v -0.1052750 -0.5904500 -0.0586250
v -0.1127500 -0.5975000 -0.0456750
v -0.1465250 -0.5397500 -0.0512500
v -0.1052750 -0.5904500 -0.0586250
v -0.1530500 -0.5703750 -0.0277250
v -0.1127500 -0.5975000 -0.0456750
v -0.1550750 -0.6139000 -0.0163250
v -0.1530500 -0.5703750 -0.0277250
v -0.1170000 -0.6139000 -0.0383250
v -0.1550750 -0.6139000 -0.0163250
v -0.1127500 -0.5975000 -0.0456750
v -0.1005250 -2.2921000 -0.0557000
v -0.1126250 -2.3096500 -0.0458750
v -0.1170000 -2.2921000 -0.0383250
v -0.1052750 -2.3155500 -0.0586250
v -0.1126250 -2.3096500 -0.0458750
v -0.1005250 -2.2921000 -0.0557000
v -0.1005250 -2.2921000 -0.0557000
v -0.1170000 -2.2921000 -0.0383250
v -0.1170000 -0.6139000 -0.0383250
v -0.1005250 -0.6139000 -0.0557000
v -0.1005250 -2.2921000 -0.0557000
v -0.0974250 -2.3084000 -0.0722000
v -0.1052750 -2.3155500 -0.0586250
v -0.0935500 -2.2921000 -0.0789250
v -0.0974250 -2.3084000 -0.0722000
v -0.1005250 -2.2921000 -0.0557000
v -0.1005250 -0.6139000 -0.0557000
v -0.0935500 -0.6139000 -0.0789250
v -0.0935500 -2.2921000 -0.0789250
v -0.1005250 -2.2921000 -0.0557000
v -0.1127500 -0.5975000 -0.0456750
v -0.1005250 -0.6139000 -0.0557000
v -0.1170000 -0.6139000 -0.0383250
v -0.1052750 -0.5904500 -0.0586250
v -0.1005250 -0.6139000 -0.0557000
v -0.1127500 -0.5975000 -0.0456750
v -0.0978250 -0.5974500 -0.0715250
v -0.1005250 -0.6139000 -0.0557000
v -0.1052750 -0.5904500 -0.0586250
v -0.0935500 -0.6139000 -0.0789250
v -0.1005250 -0.6139000 -0.0557000
v -0.0978250 -0.5974500 -0.0715250
v -0.1550750 -0.6139000 -0.0163250
v -0.1552000 -0.6139000 0.0000000
v -0.1575000 -0.4375000 0.0000000
v -0.1552000 -2.2921000 0.0000000
v -0.1550750 -2.2921000 -0.0163250
v -0.1549500 -2.4687500 0.0000000
v -0.1552000 -0.6139000 0.0000000
v -0.1550750 -0.6139000 -0.0163250
v -0.1550750 -2.2921000 -0.0163250
v -0.1552000 -2.2921000 0.0000000
v -0.1030500 -0.5690250 -0.1141500
v -0.1204250 -0.5390500 -0.0964750
v -0.1113750 -0.4375000 -0.1113750
v -0.0607000 -0.6139000 -0.1408750
v -0.0935500 -0.6139000 -0.1220500
v -0.0602750 -0.4375000 -0.1455250
v -0.0935500 -0.6139000 -0.1220500
v -0.1030500 -0.5690250 -0.1141500
v -0.1113750 -0.4375000 -0.1113750
v -0.0602750 -0.4375000 -0.1455250
v -0.0935500 -0.6139000 -0.1220500
v -0.1113750 -0.4375000 -0.1113750
v -0.1575000 -0.3125000 0.0000000
v -0.1455143 -0.3125000 -0.0602752
v -0.1733602 -0.3172500 -0.0718043
v -0.1876455 -0.3172500 0.0000000
v -0.1876455 -0.3172500 0.0000000
v -0.1733602 -0.3172500 -0.0718043
v -0.1969538 -0.3308000 -0.0815850
v -0.2131920 -0.3308000 0.0000000
v -0.2131920 -0.3308000 0.0000000
v -0.1969538 -0.3308000 -0.0815850
v -0.2127352 -0.3510750 -0.0881212
v -0.2302650 -0.3510750 0.0000000
v -0.2302650 -0.3510750 0.0000000
v -0.2127352 -0.3510750 -0.0881212
v -0.2182792 -0.3750000 -0.0904208
v -0.2362500 -0.3750000 0.0000000
v -0.1455143 -0.3125000 -0.0602752
v -0.1113683 -0.3125000 -0.1113683
v -0.1326780 -0.3172500 -0.1326780
v -0.1733602 -0.3172500 -0.0718043
v -0.1733602 -0.3172500 -0.0718043
v -0.1326780 -0.3172500 -0.1326780
v -0.1507432 -0.3308000 -0.1507432
v -0.1969538 -0.3308000 -0.0815850
v -0.1969538 -0.3308000 -0.0815850
v -0.1507432 -0.3308000 -0.1507432
v -0.1628078 -0.3510750 -0.1628078
v -0.2127352 -0.3510750 -0.0881212
v -0.2127352 -0.3510750 -0.0881212
v -0.1628078 -0.3510750 -0.1628078
v -0.1670603 -0.3750000 -0.1670603
v -0.2182792 -0.3750000 -0.0904208
v -0.1113683 -0.3125000 -0.1113683
v -0.0602752 -0.3125000 -0.1455143
v -0.0718043 -0.3172500 -0.1733602
v -0.1326780 -0.3172500 -0.1326780
v -0.1326780 -0.3172500 -0.1326780
v -0.0718043 -0.3172500 -0.1733602
v -0.0815850 -0.3308000 -0.1969538
v -0.1507432 -0.3308000 -0.1507432
v -0.1507432 -0.3308000 -0.1507432
v -0.0815850 -0.3308000 -0.1969538
v -0.0881212 -0.3510750 -0.2127352
v -0.1628078 -0.3510750 -0.1628078
v -0.1628078 -0.3510750 -0.1628078
v -0.0881212 -0.3510750 -0.2127352
v -0.0904208 -0.3750000 -0.2182792
v -0.1670603 -0.3750000 -0.1670603
v -0.0602752 -0.3125000 -0.1455143
v 0.0000000 -0.3125000 -0.1575000
v 0.0000000 -0.3172500 -0.1876455
v -0.0718043 -0.3172500 -0.1733602
v -0.0718043 -0.3172500 -0.1733602
v 0.0000000 -0.3172500 -0.1876455
v 0.0000000 -0.3308000 -0.2131920
v -0.0815850 -0.3308000 -0.1969538
v -0.0815850 -0.3308000 -0.1969538
v 0.0000000 -0.3308000 -0.2131920
v 0.0000000 -0.3510750 -0.2302650
v -0.0881212 -0.3510750 -0.2127352
v -0.0881212 -0.3510750 -0.2127352
v 0.0000000 -0.3510750 -0.2302650
v 0.0000000 -0.3750000 -0.2362500
v -0.0904208 -0.3750000 -0.2182792
v -0.1876455 -0.4327500 0.0000000
v -0.1733602 -0.4327500 -0.0718043
v -0.1455143 -0.4375000 -0.0602752
v -0.1575000 -0.4375000 0.0000000
v -0.2131920 -0.4192000 0.0000000
v -0.1969538 -0.4192000 -0.0815850
v -0.1733602 -0.4327500 -0.0718043
v -0.1876455 -0.4327500 0.0000000
v -0.2302650 -0.3989250 0.0000000
v -0.2127352 -0.3989250 -0.0881212
v -0.1969538 -0.4192000 -0.0815850
v -0.2131920 -0.4192000 0.0000000
v -0.2362500 -0.3750000 0.0000000
v -0.2182792 -0.3750000 -0.0904208
v -0.2127352 -0.3989250 -0.0881212
v -0.2302650 -0.3989250 0.0000000
v -0.1733602 -0.4327500 -0.0718043
v -0.1326780 -0.4327500 -0.1326780
v -0.1113683 -0.4375000 -0.1113683
v -0.1455143 -0.4375000 -0.0602752
v -0.1969538 -0.4192000 -0.0815850
v -0.1507432 -0.4192000 -0.1507432
v -0.1326780 -0.4327500 -0.1326780
v -0.1733602 -0.4327500 -0.0718043
v -0.2127352 -0.3989250 -0.0881212
v -0.1628078 -0.3989250 -0.1628078
v -0.1507432 -0.4192000 -0.1507432
v -0.1969538 -0.4192000 -0.0815850
v -0.2182792 -0.3750000 -0.0904208
v -0.1670603 -0.3750000 -0.1670603
v -0.1628078 -0.3989250 -0.1628078
v -0.2127352 -0.3989250 -0.0881212
v -0.1326780 -0.4327500 -0.1326780
v -0.0718043 -0.4327500 -0.1733602
v -0.0602752 -0.4375000 -0.1455143
v -0.1113683 -0.4375000 -0.1113683
v -0.1507432 -0.4192000 -0.1507432
v -0.0815850 -0.4192000 -0.1969538
v -0.0718043 -0.4327500 -0.1733602
v -0.1326780 -0.4327500 -0.1326780
v -0.1628078 -0.3989250 -0.1628078
v -0.0881212 -0.3989250 -0.2127352
v -0.0815850 -0.4192000 -0.1969538
v -0.1507432 -0.4192000 -0.1507432
v -0.1670603 -0.3750000 -0.1670603
v -0.0904208 -0.3750000 -0.2182792
v -0.0881212 -0.3989250 -0.2127352
v -0.1628078 -0.3989250 -0.1628078
v -0.0718043 -0.4327500 -0.1733602
v 0.0000000 -0.4327500 -0.1876455
v 0.0000000 -0.4375000 -0.1575000
v -0.0602752 -0.4375000 -0.1455143
v -0.0815850 -0.4192000 -0.1969538
v 0.0000000 -0.4192000 -0.2131920
v 0.0000000 -0.4327500 -0.1876455
v -0.0718043 -0.4327500 -0.1733602
v -0.0881212 -0.3989250 -0.2127352
v 0.0000000 -0.3989250 -0.2302650
v 0.0000000 -0.4192000 -0.2131920
v -0.0815850 -0.4192000 -0.1969538
v -0.0904208 -0.3750000 -0.2182792
v 0.0000000 -0.3750000 -0.2362500
v 0.0000000 -0.3989250 -0.2302650
v -0.0881212 -0.3989250 -0.2127352
v -0.1575000 -0.1250000 0.0000000
v -0.1455143 -0.1250000 -0.0602752
v -0.1455143 -0.3125000 -0.0602752
v -0.1575000 -0.3125000 0.0000000
v -0.1455143 -0.1250000 -0.0602752
v -0.1113683 -0.1250000 -0.1113683
v -0.1113683 -0.3125000 -0.1113683
v -0.1455143 -0.3125000 -0.0602752
v -0.1113683 -0.1250000 -0.1113683
v -0.0602752 -0.1250000 -0.1455143
v -0.0602752 -0.3125000 -0.1455143
v -0.1113683 -0.3125000 -0.1113683
v -0.0602752 -0.1250000 -0.1455143
v 0.0000000 -0.1250000 -0.1575000
v 0.0000000 -0.3125000 -0.1575000
v -0.0602752 -0.3125000 -0.1455143
v -0.1575000 -0.0000000 0.0000000
v -0.1455143 -0.0000000 -0.0602752
v -0.1733602 -0.0047500 -0.0718043
v -0.1876455 -0.0047500 0.0000000
v -0.1876455 -0.0047500 0.0000000
v -0.1733602 -0.0047500 -0.0718043
v -0.1969538 -0.0183000 -0.0815850
v -0.2131920 -0.0183000 0.0000000
v -0.2131920 -0.0183000 0.0000000
v -0.1969538 -0.0183000 -0.0815850
v -0.2127352 -0.0385750 -0.0881212
v -0.2302650 -0.0385750 0.0000000
v -0.2302650 -0.0385750 0.0000000
v -0.2127352 -0.0385750 -0.0881212
v -0.2182792 -0.0625000 -0.0904208
v -0.2362500 -0.0625000 0.0000000
v -0.1455143 -0.0000000 -0.0602752
v -0.1113683 -0.0000000 -0.1113683
v -0.1326780 -0.0047500 -0.1326780
v -0.1733602 -0.0047500 -0.0718043
v -0.1733602 -0.0047500 -0.0718043
v -0.1326780 -0.0047500 -0.1326780
v -0.1507432 -0.0183000 -0.1507432
v -0.1969538 -0.0183000 -0.0815850
v -0.1969538 -0.0183000 -0.0815850
v -0.1507432 -0.0183000 -0.1507432
v -0.1628078 -0.0385750 -0.1628078
v -0.2127352 -0.0385750 -0.0881212
v -0.2127352 -0.0385750 -0.0881212
v -0.1628078 -0.0385750 -0.1628078
v -0.1670603 -0.0625000 -0.1670603
v -0.2182792 -0.0625000 -0.0904208
v -0.1113683 -0.0000000 -0.1113683
v -0.0602752 -0.0000000 -0.1455143
v -0.0718043 -0.0047500 -0.1733602
v -0.1326780 -0.0047500 -0.1326780
v -0.1326780 -0.0047500 -0.1326780
v -0.0718043 -0.0047500 -0.1733602
v -0.0815850 -0.0183000 -0.1969538
v -0.1507432 -0.0183000 -0.1507432
v -0.1507432 -0.0183000 -0.1507432
v -0.0815850 -0.0183000 -0.1969538
v -0.0881212 -0.0385750 -0.2127352
v -0.1628078 -0.0385750 -0.1628078
v -0.1628078 -0.0385750 -0.1628078
v -0.0881212 -0.0385750 -0.2127352
v -0.0904208 -0.0625000 -0.2182792
v -0.1670603 -0.0625000 -0.1670603
v -0.0602752 -0.0000000 -0.1455143
v 0.0000000 -0.0000000 -0.1575000
v 0.0000000 -0.0047500 -0.1876455
v -0.0718043 -0.0047500 -0.1733602
v -0.0718043 -0.0047500 -0.1733602
v 0.0000000 -0.0047500 -0.1876455
v 0.0000000 -0.0183000 -0.2131920
v -0.0815850 -0.0183000 -0.1969538
v -0.0815850 -0.0183000 -0.1969538
v 0.0000000 -0.0183000 -0.2131920
v 0.0000000 -0.0385750 -0.2302650
v -0.0881212 -0.0385750 -0.2127352
v -0.0881212 -0.0385750 -0.2127352
v 0.0000000 -0.0385750 -0.2302650
v 0.0000000 -0.0625000 -0.2362500
v -0.0904208 -0.0625000 -0.2182792
v -0.1876455 -0.1202500 0.0000000
v -0.1733602 -0.1202500 -0.0718043
v -0.1455143 -0.1250000 -0.0602752
v -0.1575000 -0.1250000 0.0000000
v -0.2131920 -0.1067000 0.0000000
v -0.1969538 -0.1067000 -0.0815850
v -0.1733602 -0.1202500 -0.0718043
v -0.1876455 -0.1202500 0.0000000
v -0.2302650 -0.0864250 0.0000000
v -0.2127352 -0.0864250 -0.0881212
v -0.1969538 -0.1067000 -0.0815850
v -0.2131920 -0.1067000 0.0000000
v -0.2362500 -0.0625000 0.0000000
v -0.2182792 -0.0625000 -0.0904208
v -0.2127352 -0.0864250 -0.0881212
v -0.2302650 -0.0864250 0.0000000
v -0.1733602 -0.1202500 -0.0718043
v -0.1326780 -0.1202500 -0.1326780
v -0.1113683 -0.1250000 -0.1113683
v -0.1455143 -0.1250000 -0.0602752
v -0.1969538 -0.1067000 -0.0815850
v -0.1507432 -0.1067000 -0.1507432
v -0.1326780 -0.1202500 -0.1326780
v -0.1733602 -0.1202500 -0.0718043
v -0.2127352 -0.0864250 -0.0881212
v -0.1628078 -0.0864250 -0.1628078
v -0.1507432 -0.1067000 -0.1507432
v -0.1969538 -0.1067000 -0.0815850
v -0.2182792 -0.0625000 -0.0904208
v -0.1670603 -0.0625000 -0.1670603
v -0.1628078 -0.0864250 -0.1628078
v -0.2127352 -0.0864250 -0.0881212
v -0.1326780 -0.1202500 -0.1326780
v -0.0718043 -0.1202500 -0.1733602
v -0.0602752 -0.1250000 -0.1455143
v -0.1113683 -0.1250000 -0.1113683
v -0.1507432 -0.1067000 -0.1507432
v -0.0815850 -0.1067000 -0.1969538
v -0.0718043 -0.1202500 -0.1733602
v -0.1326780 -0.1202500 -0.1326780
v -0.1628078 -0.0864250 -0.1628078
v -0.0881212 -0.0864250 -0.2127352
v -0.0815850 -0.1067000 -0.1969538
v -0.1507432 -0.1067000 -0.1507432
v -0.1670603 -0.0625000 -0.1670603
v -0.0904208 -0.0625000 -0.2182792
v -0.0881212 -0.0864250 -0.2127352
v -0.1628078 -0.0864250 -0.1628078
v -0.0718043 -0.1202500 -0.1733602
v 0.0000000 -0.1202500 -0.1876455
v 0.0000000 -0.1250000 -0.1575000
v -0.0602752 -0.1250000 -0.1455143
v -0.0815850 -0.1067000 -0.1969538
v 0.0000000 -0.1067000 -0.2131920
v 0.0000000 -0.1202500 -0.1876455
v -0.0718043 -0.1202500 -0.1733602
v -0.0881212 -0.0864250 -0.2127352
v 0.0000000 -0.0864250 -0.2302650
v 0.0000000 -0.1067000 -0.2131920
v -0.0815850 -0.1067000 -0.1969538
v -0.0904208 -0.0625000 -0.2182792
v 0.0000000 -0.0625000 -0.2362500
v 0.0000000 -0.0864250 -0.2302650
v -0.0881212 -0.0864250 -0.2127352
v -0.1500000 -0.0000000 0.0000000
v -0.1385850 -0.0000000 -0.0574050
v -0.1455143 -0.0000000 -0.0602752
v -0.1575000 -0.0000000 0.0000000
v -0.1385850 -0.0000000 -0.0574050
v -0.1060650 -0.0000000 -0.1060650
v -0.1113683 -0.0000000 -0.1113683
v -0.1455143 -0.0000000 -0.0602752
v -0.1060650 -0.0000000 -0.1060650
v -0.0574050 -0.0000000 -0.1385850
v -0.0602752 -0.0000000 -0.1455143
v -0.1113683 -0.0000000 -0.1113683
v -0.0574050 -0.0000000 -0.1385850
v 0.0000000 -0.0000000 -0.1500000
v 0.0000000 -0.0000000 -0.1575000
v -0.0602752 -0.0000000 -0.1455143
v -0.0750000 -0.0000000 0.0000000
v -0.0692925 -0.0000000 -0.0287025
v -0.0923900 -0.0000000 -0.0382700
v -0.1000000 -0.0000000 0.0000000
v -0.0692925 -0.0000000 -0.0287025
v -0.0530325 -0.0000000 -0.0530325
v -0.0707100 -0.0000000 -0.0707100
v -0.0923900 -0.0000000 -0.0382700
v -0.0530325 -0.0000000 -0.0530325
v -0.0287025 -0.0000000 -0.0692925
v -0.0382700 -0.0000000 -0.0923900
v -0.0707100 -0.0000000 -0.0707100
v -0.0287025 -0.0000000 -0.0692925
v 0.0000000 -0.0000000 -0.0750000
v 0.0000000 -0.0000000 -0.1000000
v -0.0382700 -0.0000000 -0.0923900
v -0.0750000 -0.6500000 0.0000000
v -0.0692925 -0.6500000 -0.0287025
v -0.0692925 -0.0000000 -0.0287025
v -0.0750000 -0.0000000 0.0000000
v -0.0692925 -0.6500000 -0.0287025
v -0.0530325 -0.6500000 -0.0530325
v -0.0530325 -0.0000000 -0.0530325
v -0.0692925 -0.0000000 -0.0287025
v -0.0530325 -0.6500000 -0.0530325
v -0.0287025 -0.6500000 -0.0692925
v -0.0287025 -0.0000000 -0.0692925
v -0.0530325 -0.0000000 -0.0530325
v -0.0287025 -0.6500000 -0.0692925
v 0.0000000 -0.6500000 -0.0750000
v 0.0000000 -0.0000000 -0.0750000
v -0.0287025 -0.0000000 -0.0692925
v -0.0692925 -0.6500000 -0.0287025
v -0.0750000 -0.6500000 0.0000000
v 0.0000000 -0.6500000 0.0000000
v -0.0530325 -0.6500000 -0.0530325
v -0.0692925 -0.6500000 -0.0287025
v 0.0000000 -0.6500000 0.0000000
v -0.0287025 -0.6500000 -0.0692925
v -0.0530325 -0.6500000 -0.0530325
v 0.0000000 -0.6500000 0.0000000
v 0.0000000 -0.6500000 -0.0750000
v -0.0287025 -0.6500000 -0.0692925
v 0.0000000 -0.6500000 0.0000000
v 0.2500000 -4.0000000 0.0000000
v 0.2309750 -4.0000000 -0.0956750
v 0.2309750 -3.8500000 -0.0956750
v 0.2500000 -3.8500000 0.0000000
v 0.2309750 -4.0000000 -0.0956750
v 0.1767750 -4.0000000 -0.1767750
v 0.1767750 -3.8500000 -0.1767750
v 0.2309750 -3.8500000 -0.0956750
v 0.1767750 -4.0000000 -0.1767750
v 0.0956750 -4.0000000 -0.2309750
v 0.0956750 -3.8500000 -0.2309750
v 0.1767750 -3.8500000 -0.1767750
v 0.0956750 -4.0000000 -0.2309750
v 0.0000000 -4.0000000 -0.2500000
v 0.0000000 -3.8500000 -0.2500000
v 0.0956750 -3.8500000 -0.2309750
v 0.2500000 -3.8500000 0.0000000
v 0.2309750 -3.8500000 -0.0956750
v 0.1732313 -3.8500000 -0.0717562
v 0.1875000 -3.8500000 0.0000000
v 0.2309750 -3.8500000 -0.0956750
v 0.1767750 -3.8500000 -0.1767750
v 0.1325813 -3.8500000 -0.1325813
v 0.1732313 -3.8500000 -0.0717562
v 0.1767750 -3.8500000 -0.1767750
v 0.0956750 -3.8500000 -0.2309750
v 0.0717562 -3.8500000 -0.1732313
v 0.1325813 -3.8500000 -0.1325813
v 0.0956750 -3.8500000 -0.2309750
v 0.0000000 -3.8500000 -0.2500000
v 0.0000000 -3.8500000 -0.1875000
v 0.0717562 -3.8500000 -0.1732313
v 0.1738250 -2.5854250 -0.0720000
v 0.1881500 -2.5854250 0.0000000
v 0.2069750 -2.7745250 -0.0751000
v 0.2069750 -2.7745250 -0.0751000
v 0.1881500 -2.5854250 0.0000000
v 0.2218500 -2.8437500 -0.0555250
v 0.2277500 -2.8972250 -0.0574250
v 0.2218500 -2.8437500 -0.0555250
v 0.2343750 -2.8972250 0.0000000
v 0.2343750 -2.8972250 0.0000000
v 0.2218500 -2.8437500 -0.0555250
v 0.1881500 -2.5854250 0.0000000
v 0.0554750 -2.8972250 -0.2277500
v 0.0000000 -2.8972250 -0.2343750
v 0.0555250 -2.8437500 -0.2220000
v 0.0555250 -2.8437500 -0.2220000
v 0.0000000 -2.8972250 -0.2343750
v 0.0000000 -2.5854250 -0.1881500
v 0.0555250 -2.8437500 -0.2220000
v 0.0000000 -2.5854250 -0.1881500
v 0.0734500 -2.7743000 -0.2072750
v 0.0734500 -2.7743000 -0.2072750
v 0.0000000 -2.5854250 -0.1881500
v 0.0720000 -2.5854250 -0.1738250
v 0.0734500 -2.7743000 -0.2072750
v 0.0720000 -2.5854250 -0.1738250
v 0.1083250 -2.7269000 -0.1846000
v 0.1083250 -2.7269000 -0.1846000
v 0.0720000 -2.5854250 -0.1738250
v 0.1475250 -2.7137500 -0.1508000
v 0.1475250 -2.7137500 -0.1508000
v 0.0720000 -2.5854250 -0.1738250
v 0.1330500 -2.5854250 -0.1330500
v 0.1738250 -2.5854250 -0.0720000
v 0.1846000 -2.7260750 -0.1083250
v 0.1330500 -2.5854250 -0.1330500
v 0.1330500 -2.5854250 -0.1330500
v 0.1846000 -2.7260750 -0.1083250
v 0.1475250 -2.7137500 -0.1508000
v 0.1846000 -2.7260750 -0.1083250
v 0.1738250 -2.5854250 -0.0720000
v 0.2069750 -2.7745250 -0.0751000
v 0.0554750 -2.8972250 -0.2277500
v 0.0575000 -3.2137500 -0.2437500
v 0.0000000 -3.2137500 -0.2500000
v 0.0000000 -2.8972250 -0.2343750
v 0.0555250 -2.8437500 -0.2220000
v 0.0560500 -2.8437500 -0.1190250
v 0.0554750 -2.8972250 -0.2277500
v 0.0554750 -2.8972250 -0.2277500
v 0.0560500 -2.8437500 -0.1190250
v 0.0575000 -3.2137500 -0.2437500
v 0.0575000 -3.2137500 -0.2437500
v 0.0560500 -2.8437500 -0.1190250
v 0.0560500 -3.5937500 -0.1190250
v 0.0555250 -3.5937500 -0.2218500
v 0.0554750 -3.5302500 -0.2286500
v 0.0560500 -3.5937500 -0.1190250
v 0.0560500 -3.5937500 -0.1190250
v 0.0554750 -3.5302500 -0.2286500
v 0.0575000 -3.2137500 -0.2437500
v 0.0555250 -2.8437500 -0.2220000
v 0.0734500 -2.7743000 -0.2072750
v 0.0560500 -2.8437500 -0.1190250
v 0.0560500 -2.8437500 -0.1190250
v 0.0734500 -2.7743000 -0.2072750
v 0.0685500 -2.8094750 -0.1066750
v 0.0685500 -2.8094750 -0.1066750
v 0.0734500 -2.7743000 -0.2072750
v 0.1083250 -2.7269000 -0.1846000
v 0.0685500 -2.8094750 -0.1066750
v 0.1083250 -2.7269000 -0.1846000
v 0.0884750 -2.8004250 -0.0869750
v 0.0884750 -2.8004250 -0.0869750
v 0.1083250 -2.7269000 -0.1846000
v 0.1475250 -2.7137500 -0.1508000
v 0.1475250 -2.7137500 -0.1508000
v 0.1846000 -2.7260750 -0.1083250
v 0.0884750 -2.8004250 -0.0869750
v 0.0884750 -2.8004250 -0.0869750
v 0.1846000 -2.7260750 -0.1083250
v 0.1085000 -2.8126750 -0.0671500
v 0.1085000 -2.8126750 -0.0671500
v 0.1846000 -2.7260750 -0.1083250
v 0.2069750 -2.7745250 -0.0751000
v 0.2218500 -2.8437500 -0.0555250
v 0.1188750 -2.8437500 -0.0568750
v 0.2069750 -2.7745250 -0.0751000
v 0.2069750 -2.7745250 -0.0751000
v 0.1188750 -2.8437500 -0.0568750
v 0.1085000 -2.8126750 -0.0671500
v 0.2500000 -3.2137500 0.0000000
v 0.2437500 -3.2137500 -0.0575000
v 0.2277500 -2.8972250 -0.0574250
v 0.2343750 -2.8972250 0.0000000
v 0.0000000 -3.8500000 -0.1875000
v 0.0000000 -3.5302500 -0.2357750
v 0.0555250 -3.5937500 -0.2218500
v 0.0555250 -3.5937500 -0.2218500
v 0.0000000 -3.5302500 -0.2357750
v 0.0554750 -3.5302500 -0.2286500
v 0.0555250 -3.5937500 -0.2218500
v 0.0723250 -3.6653250 -0.2088000
v 0.0000000 -3.8500000 -0.1875000
v 0.0000000 -3.8500000 -0.1875000
v 0.0723250 -3.6653250 -0.2088000
v 0.0717500 -3.8500000 -0.1732250
v 0.0723250 -3.6653250 -0.2088000
v 0.1083250 -3.7122000 -0.1846000
v 0.0717500 -3.8500000 -0.1732250
v 0.0717500 -3.8500000 -0.1732250
v 0.1083250 -3.7122000 -0.1846000
v 0.1325750 -3.8500000 -0.1325750
v 0.1325750 -3.8500000 -0.1325750
v 0.1083250 -3.7122000 -0.1846000
v 0.1504500 -3.7236500 -0.1478750
v 0.1846000 -3.7083750 -0.1083250
v 0.1732250 -3.8500000 -0.0717500
v 0.1504500 -3.7236500 -0.1478750
v 0.1504500 -3.7236500 -0.1478750
v 0.1732250 -3.8500000 -0.0717500
v 0.1325750 -3.8500000 -0.1325750
v 0.2088000 -3.6573500 -0.0723250
v 0.1732250 -3.8500000 -0.0717500
v 0.1846000 -3.7083750 -0.1083250
v 0.2286500 -3.5302500 -0.0574500
v 0.2357750 -3.5302500 0.0000000
v 0.2218500 -3.5937500 -0.0555250
v 0.2218500 -3.5937500 -0.0555250
v 0.2357750 -3.5302500 0.0000000
v 0.1875000 -3.8500000 0.0000000
v 0.2218500 -3.5937500 -0.0555250
v 0.1875000 -3.8500000 0.0000000
v 0.2088000 -3.6573500 -0.0723250
v 0.2088000 -3.6573500 -0.0723250
v 0.1875000 -3.8500000 0.0000000
v 0.1732250 -3.8500000 -0.0717500
v 0.2286500 -3.5302500 -0.0574500
v 0.2437500 -3.2137500 -0.0575000
v 0.2500000 -3.2137500 0.0000000
v 0.2357750 -3.5302500 0.0000000
v 0.2218500 -3.5937500 -0.0555250
v 0.1188750 -3.5937500 -0.0568750
v 0.2286500 -3.5302500 -0.0574500
v 0.2286500 -3.5302500 -0.0574500
v 0.1188750 -3.5937500 -0.0568750
v 0.1188750 -2.8437500 -0.0568750
v 0.2437500 -3.2137500 -0.0575000
v 0.2218500 -2.8437500 -0.0555250
v 0.2277500 -2.8972250 -0.0574250
v 0.1188750 -2.8437500 -0.0568750
v 0.1188750 -2.8437500 -0.0568750
v 0.2277500 -2.8972250 -0.0574250
v 0.2437500 -3.2137500 -0.0575000
v 0.2218500 -3.5937500 -0.0555250
v 0.2088000 -3.6573500 -0.0723250
v 0.1188750 -3.5937500 -0.0568750
v 0.1188750 -3.5937500 -0.0568750
v 0.2088000 -3.6573500 -0.0723250
v 0.1063750 -3.6263750 -0.0692500
v 0.1063750 -3.6263750 -0.0692500
v 0.2088000 -3.6573500 -0.0723250
v 0.1846000 -3.7083750 -0.1083250
v 0.1063750 -3.6263750 -0.0692500
v 0.1846000 -3.7083750 -0.1083250
v 0.0864750 -3.6370750 -0.0889500
v 0.0864750 -3.6370750 -0.0889500
v 0.1846000 -3.7083750 -0.1083250
v 0.1504500 -3.7236500 -0.1478750
v 0.1504500 -3.7236500 -0.1478750
v 0.1083250 -3.7122000 -0.1846000
v 0.0864750 -3.6370750 -0.0889500
v 0.0864750 -3.6370750 -0.0889500
v 0.1083250 -3.7122000 -0.1846000
v 0.0678250 -3.6259500 -0.1074000
v 0.1083250 -3.7122000 -0.1846000
v 0.0723250 -3.6653250 -0.2088000
v 0.0678250 -3.6259500 -0.1074000
v 0.0555250 -3.5937500 -0.2218500
v 0.0560500 -3.5937500 -0.1190250
v 0.0723250 -3.6653250 -0.2088000
v 0.0723250 -3.6653250 -0.2088000
v 0.0560500 -3.5937500 -0.1190250
v 0.0678250 -3.6259500 -0.1074000
v 0.0554750 -3.5302500 -0.2286500
v 0.0000000 -3.5302500 -0.2357750
v 0.0575000 -3.2137500 -0.2437500
v 0.0575000 -3.2137500 -0.2437500
v 0.0000000 -3.5302500 -0.2357750
v 0.0000000 -3.2137500 -0.2500000
v 0.0752750 -3.5937500 -0.0742750
v 0.0560500 -3.5937500 -0.1190250
v 0.0560500 -2.8437500 -0.1190250
v 0.0752750 -2.8437500 -0.0742750
v 0.0560500 -2.8437500 -0.1190250
v 0.0685500 -2.8094750 -0.1066750
v 0.0752750 -2.8437500 -0.0742750
v 0.0752750 -2.8437500 -0.0742750
v 0.0685500 -2.8094750 -0.1066750
v 0.0884750 -2.8004250 -0.0869750
v 0.1188750 -2.8437500 -0.0568750
v 0.0752750 -2.8437500 -0.0742750
v 0.1085000 -2.8126750 -0.0671500
v 0.1085000 -2.8126750 -0.0671500
v 0.0752750 -2.8437500 -0.0742750
v 0.0884750 -2.8004250 -0.0869750
v 0.1188750 -3.5937500 -0.0568750
v 0.0752750 -3.5937500 -0.0742750
v 0.0752750 -2.8437500 -0.0742750
v 0.1188750 -2.8437500 -0.0568750
v 0.0864750 -3.6370750 -0.0889500
v 0.0752750 -3.5937500 -0.0742750
v 0.1063750 -3.6263750 -0.0692500
v 0.1063750 -3.6263750 -0.0692500
v 0.0752750 -3.5937500 -0.0742750
v 0.1188750 -3.5937500 -0.0568750
v 0.0864750 -3.6370750 -0.0889500
v 0.0678250 -3.6259500 -0.1074000
v 0.0752750 -3.5937500 -0.0742750
v 0.0752750 -3.5937500 -0.0742750
v 0.0678250 -3.6259500 -0.1074000
v 0.0560500 -3.5937500 -0.1190250
v 0.1881500 -2.5854275 0.0000000
v 0.1738318 -2.5854275 -0.0720050
v 0.1849138 -2.5813000 -0.0765959
v 0.2001540 -2.5813000 0.0000000
v 0.2001540 -2.5813000 0.0000000
v 0.1849138 -2.5813000 -0.0765959
v 0.1943213 -2.5695675 -0.0804906
v 0.2103329 -2.5695675 0.0000000
v 0.2103329 -2.5695675 0.0000000
v 0.1943213 -2.5695675 -0.0804906
v 0.2006055 -2.5519850 -0.0830870
v 0.2171251 -2.5519850 0.0000000
v 0.2171251 -2.5519850 0.0000000
v 0.2006055 -2.5519850 -0.0830870
v 0.2028069 -2.5312500 -0.0840090
v 0.2195146 -2.5312500 0.0000000
v 0.1738318 -2.5854275 -0.0720050
v 0.1330409 -2.5854275 -0.1330409
v 0.1415264 -2.5813000 -0.1415264
v 0.1849138 -2.5813000 -0.0765959
v 0.1849138 -2.5813000 -0.0765959
v 0.1415264 -2.5813000 -0.1415264
v 0.1487138 -2.5695675 -0.1487138
v 0.1943213 -2.5695675 -0.0804906
v 0.1943213 -2.5695675 -0.0804906
v 0.1487138 -2.5695675 -0.1487138
v 0.1535304 -2.5519850 -0.1535304
v 0.2006055 -2.5519850 -0.0830870
v 0.2006055 -2.5519850 -0.0830870
v 0.1535304 -2.5519850 -0.1535304
v 0.1552237 -2.5312500 -0.1552237
v 0.2028069 -2.5312500 -0.0840090
v 0.1330409 -2.5854275 -0.1330409
v 0.0720050 -2.5854275 -0.1738318
v 0.0765959 -2.5813000 -0.1849138
v 0.1415264 -2.5813000 -0.1415264
v 0.1415264 -2.5813000 -0.1415264
v 0.0765959 -2.5813000 -0.1849138
v 0.0804906 -2.5695675 -0.1943213
v 0.1487138 -2.5695675 -0.1487138
v 0.1487138 -2.5695675 -0.1487138
v 0.0804906 -2.5695675 -0.1943213
v 0.0830870 -2.5519850 -0.2006055
v 0.1535304 -2.5519850 -0.1535304
v 0.1535304 -2.5519850 -0.1535304
v 0.0830870 -2.5519850 -0.2006055
v 0.0840090 -2.5312500 -0.2028069
v 0.1552237 -2.5312500 -0.1552237
v 0.0720050 -2.5854275 -0.1738318
v 0.0000000 -2.5854275 -0.1881500
v 0.0000000 -2.5813000 -0.2001540
v 0.0765959 -2.5813000 -0.1849138
v 0.0765959 -2.5813000 -0.1849138
v 0.0000000 -2.5813000 -0.2001540
v 0.0000000 -2.5695675 -0.2103329
v 0.0804906 -2.5695675 -0.1943213
v 0.0804906 -2.5695675 -0.1943213
v 0.0000000 -2.5695675 -0.2103329
v 0.0000000 -2.5519850 -0.2171251
v 0.0830870 -2.5519850 -0.2006055
v 0.0830870 -2.5519850 -0.2006055
v 0.0000000 -2.5519850 -0.2171251
v 0.0000000 -2.5312500 -0.2195146
v 0.0840090 -2.5312500 -0.2028069
v 0.1796645 -2.4735000 0.0000000
v 0.1659824 -2.4735000 -0.0687513
v 0.1431583 -2.4687450 -0.0592994
v 0.1549500 -2.4687450 0.0000000
v 0.2005983 -2.4870600 0.0000000
v 0.1853357 -2.4870600 -0.0767777
v 0.1659824 -2.4735000 -0.0687513
v 0.1796645 -2.4735000 0.0000000
v 0.2146058 -2.5073250 0.0000000
v 0.1982740 -2.5073250 -0.0821235
v 0.1853357 -2.4870600 -0.0767777
v 0.2005983 -2.4870600 0.0000000
v 0.2195177 -2.5312500 0.0000000
v 0.2028141 -2.5312500 -0.0840139
v 0.1982740 -2.5073250 -0.0821235
v 0.2146058 -2.5073250 0.0000000
v 0.1659824 -2.4735000 -0.0687513
v 0.1270435 -2.4735000 -0.1270435
v 0.1095651 -2.4687450 -0.1095651
v 0.1431583 -2.4687450 -0.0592994
v 0.1853357 -2.4870600 -0.0767777
v 0.1418412 -2.4870600 -0.1418412
v 0.1270435 -2.4735000 -0.1270435
v 0.1659824 -2.4735000 -0.0687513
v 0.1982740 -2.5073250 -0.0821235
v 0.1517425 -2.5073250 -0.1517425
v 0.1418412 -2.4870600 -0.1418412
v 0.1853357 -2.4870600 -0.0767777
v 0.2028141 -2.5312500 -0.0840139
v 0.1552134 -2.5312500 -0.1552134
v 0.1517425 -2.5073250 -0.1517425
v 0.1982740 -2.5073250 -0.0821235
v 0.1270435 -2.4735000 -0.1270435
v 0.0687513 -2.4735000 -0.1659824
v 0.0592994 -2.4687450 -0.1431583
v 0.1095651 -2.4687450 -0.1095651
v 0.1418412 -2.4870600 -0.1418412
v 0.0767777 -2.4870600 -0.1853357
v 0.0687513 -2.4735000 -0.1659824
v 0.1270435 -2.4735000 -0.1270435
v 0.1517425 -2.5073250 -0.1517425
v 0.0821235 -2.5073250 -0.1982740
v 0.0767777 -2.4870600 -0.1853357
v 0.1418412 -2.4870600 -0.1418412
v 0.1552134 -2.5312500 -0.1552134
v 0.0840139 -2.5312500 -0.2028141
v 0.0821235 -2.5073250 -0.1982740
v 0.1517425 -2.5073250 -0.1517425
v 0.0687513 -2.4735000 -0.1659824
v 0.0000000 -2.4735000 -0.1796645
v 0.0000000 -2.4687450 -0.1549500
v 0.0592994 -2.4687450 -0.1431583
v 0.0767777 -2.4870600 -0.1853357
v 0.0000000 -2.4870600 -0.2005983
v 0.0000000 -2.4735000 -0.1796645
v 0.0687513 -2.4735000 -0.1659824
v 0.0821235 -2.5073250 -0.1982740
v 0.0000000 -2.5073250 -0.2146058
v 0.0000000 -2.4870600 -0.2005983
v 0.0767777 -2.4870600 -0.1853357
v 0.0840139 -2.5312500 -0.2028141
v 0.0000000 -2.5312500 -0.2195177
v 0.0000000 -2.5073250 -0.2146058
v 0.0821235 -2.5073250 -0.1982740
v 0.0593000 -2.4687500 -0.1431500
v 0.0498250 -2.3357000 -0.1448250
v 0.0607000 -2.2921000 -0.1408750
v 0.0498250 -2.3357000 -0.1448250
v 0.0593000 -2.4687500 -0.1431500
v 0.0261750 -2.3662750 -0.1509250
v 0.0261750 -2.3662750 -0.1509250
v 0.0593000 -2.4687500 -0.1431500
v 0.0000000 -2.4687500 -0.1549500
v 0.0000000 -2.3739750 -0.1528750
v 0.0261750 -2.3662750 -0.1509250
v 0.0000000 -2.4687500 -0.1549500
v 0.0000000 -0.4375000 -0.1575000
v 0.0602750 -0.4375000 -0.1455250
v 0.0262000 -0.5397500 -0.1509250
v 0.0262000 -0.5397500 -0.1509250
v 0.0602750 -0.4375000 -0.1455250
v 0.0498250 -0.5703750 -0.1448250
v 0.0498250 -0.5703750 -0.1448250
v 0.0602750 -0.4375000 -0.1455250
v 0.0607000 -0.6139000 -0.1408750
v 0.0262000 -0.5397500 -0.1509250
v 0.0000000 -0.5320250 -0.1528750
v 0.0000000 -0.4375000 -0.1575000
v 0.0607000 -0.6139000 -0.1408750
v 0.0607000 -2.2921000 -0.1408750
v 0.0226250 -2.2921000 -0.1188750
v 0.0226250 -0.6139000 -0.1188750
v 0.0226250 -2.2921000 -0.1188750
v 0.0607000 -2.2921000 -0.1408750
v 0.0139000 -2.3096500 -0.1188750
v 0.0139000 -2.3096500 -0.1188750
v 0.0607000 -2.2921000 -0.1408750
v 0.0498250 -2.3357000 -0.1448250
v 0.0498250 -2.3357000 -0.1448250
v 0.0261750 -2.3662750 -0.1509250
v 0.0139000 -2.3096500 -0.1188750
v 0.0000000 -2.3739750 -0.1528750
v 0.0000000 -2.3155500 -0.1188750
v 0.0261750 -2.3662750 -0.1509250
v 0.0261750 -2.3662750 -0.1509250
v 0.0000000 -2.3155500 -0.1188750
v 0.0139000 -2.3096500 -0.1188750
v 0.0000000 -0.5904500 -0.1189000
v 0.0000000 -0.5320250 -0.1528750
v 0.0262000 -0.5397500 -0.1509250
v 0.0141250 -0.5975000 -0.1189000
v 0.0000000 -0.5904500 -0.1189000
v 0.0498250 -0.5703750 -0.1448250
v 0.0498250 -0.5703750 -0.1448250
v 0.0000000 -0.5904500 -0.1189000
v 0.0262000 -0.5397500 -0.1509250
v 0.0498250 -0.5703750 -0.1448250
v 0.0607000 -0.6139000 -0.1408750
v 0.0141250 -0.5975000 -0.1189000
v 0.0141250 -0.5975000 -0.1189000
v 0.0607000 -0.6139000 -0.1408750
v 0.0226250 -0.6139000 -0.1188750
v 0.0226250 -2.2921000 -0.1188750
v 0.0139000 -2.3096500 -0.1188750
v 0.0000000 -2.2921000 -0.1133000
v 0.0000000 -2.2921000 -0.1133000
v 0.0139000 -2.3096500 -0.1188750
v 0.0000000 -2.3155500 -0.1188750
v 0.0000000 -0.6139000 -0.1133000
v 0.0226250 -0.6139000 -0.1188750
v 0.0226250 -2.2921000 -0.1188750
v 0.0000000 -2.2921000 -0.1133000
v 0.0226250 -0.6139000 -0.1188750
v 0.0000000 -0.6139000 -0.1133000
v 0.0141250 -0.5975000 -0.1189000
v 0.0141250 -0.5975000 -0.1189000
v 0.0000000 -0.6139000 -0.1133000
v 0.0000000 -0.5904500 -0.1189000
v 0.1549500 -2.4687500 0.0000000
v 0.1530500 -2.3357000 -0.0277500
v 0.1550750 -2.2921000 -0.0163250
v 0.1530500 -2.3357000 -0.0277500
v 0.1549500 -2.4687500 0.0000000
v 0.1465250 -2.3662750 -0.0512750
v 0.1465250 -2.3662750 -0.0512750
v 0.1549500 -2.4687500 0.0000000
v 0.1431500 -2.4687500 -0.0593000
v 0.1351500 -2.3739750 -0.0748750
v 0.1465250 -2.3662750 -0.0512750
v 0.1431500 -2.4687500 -0.0593000
v 0.1431500 -2.4687500 -0.0593000
v 0.1095750 -2.4687500 -0.1095750
v 0.1351500 -2.3739750 -0.0748750
v 0.1351500 -2.3739750 -0.0748750
v 0.1095750 -2.4687500 -0.1095750
v 0.1203250 -2.3668500 -0.0966000
v 0.1095750 -2.4687500 -0.1095750
v 0.0593000 -2.4687500 -0.1431500
v 0.1203250 -2.3668500 -0.0966000
v 0.1203250 -2.3668500 -0.0966000
v 0.0593000 -2.4687500 -0.1431500
v 0.1030000 -2.3369000 -0.1142000
v 0.0593000 -2.4687500 -0.1431500
v 0.0607000 -2.2921000 -0.1408750
v 0.0935500 -2.2921000 -0.1220500
v 0.0935500 -2.2921000 -0.1220500
v 0.0607000 -2.2921000 -0.1408750
v 0.0607000 -0.6139000 -0.1408750
v 0.0935500 -0.6139000 -0.1220500
v 0.1030000 -2.3369000 -0.1142000
v 0.0593000 -2.4687500 -0.1431500
v 0.0935500 -2.2921000 -0.1220500
v 0.1455250 -0.4375000 -0.0602750
v 0.1575000 -0.4375000 0.0000000
v 0.1465250 -0.5397500 -0.0512500
v 0.1465250 -0.5397500 -0.0512500
v 0.1575000 -0.4375000 0.0000000
v 0.1530500 -0.5703750 -0.0277250
v 0.1530500 -0.5703750 -0.0277250
v 0.1575000 -0.4375000 0.0000000
v 0.1550750 -0.6139000 -0.0163250
v 0.1113750 -0.4375000 -0.1113750
v 0.1455250 -0.4375000 -0.0602750
v 0.1351750 -0.5320250 -0.0748500
v 0.1204250 -0.5390500 -0.0964750
v 0.1465250 -0.5397500 -0.0512500
v 0.1351750 -0.5320250 -0.0748500
v 0.1455250 -0.4375000 -0.0602750
v 0.1170000 -2.2921000 -0.0383250
v 0.1170000 -0.6139000 -0.0383250
v 0.1550750 -0.6139000 -0.0163250
v 0.1550750 -2.2921000 -0.0163250
v 0.1170000 -2.2921000 -0.0383250
v 0.1550750 -2.2921000 -0.0163250
v 0.1126250 -2.3096500 -0.0458750
v 0.1126250 -2.3096500 -0.0458750
v 0.1550750 -2.2921000 -0.0163250
v 0.1530500 -2.3357000 -0.0277500
v 0.1530500 -2.3357000 -0.0277500
v 0.1465250 -2.3662750 -0.0512750
v 0.1126250 -2.3096500 -0.0458750
v 0.1351500 -2.3739750 -0.0748750
v 0.1052750 -2.3155500 -0.0586250
v 0.1465250 -2.3662750 -0.0512750
v 0.1465250 -2.3662750 -0.0512750
v 0.1052750 -2.3155500 -0.0586250
v 0.1126250 -2.3096500 -0.0458750
v 0.1351500 -2.3739750 -0.0748750
v 0.1203250 -2.3668500 -0.0966000
v 0.1052750 -2.3155500 -0.0586250
v 0.0974250 -2.3084000 -0.0722000
v 0.1052750 -2.3155500 -0.0586250
v 0.1030000 -2.3369000 -0.1142000
v 0.1030000 -2.3369000 -0.1142000
v 0.1052750 -2.3155500 -0.0586250
v 0.1203250 -2.3668500 -0.0966000
v 0.1030000 -2.3369000 -0.1142000
v 0.0935500 -2.2921000 -0.1220500
v 0.0974250 -2.3084000 -0.0722000
v 0.0974250 -2.3084000 -0.0722000
v 0.0935500 -2.2921000 -0.1220500
v 0.0935500 -2.2921000 -0.0789250
v 0.0935500 -0.6139000 -0.0789250
v 0.0935500 -2.2921000 -0.0789250
v 0.0935500 -2.2921000 -0.1220500
v 0.0935500 -0.6139000 -0.1220500
v 0.1030500 -0.5690250 -0.1141500
v 0.0978250 -0.5974500 -0.0715250
v 0.0935500 -0.6139000 -0.1220500
v 0.0935500 -0.6139000 -0.1220500
v 0.0978250 -0.5974500 -0.0715250
v 0.0935500 -0.6139000 -0.0789250
v 0.0978250 -0.5974500 -0.0715250
v 0.1030500 -0.5690250 -0.1141500
v 0.1052750 -0.5904500 -0.0586250
v 0.1052750 -0.5904500 -0.0586250
v 0.1030500 -0.5690250 -0.1141500
v 0.1204250 -0.5390500 -0.0964750
v 0.1204250 -0.5390500 -0.0964750
v 0.1351750 -0.5320250 -0.0748500
v 0.1052750 -0.5904500 -0.0586250
v 0.1052750 -0.5904500 -0.0586250
v 0.1351750 -0.5320250 -0.0748500
v 0.1465250 -0.5397500 -0.0512500
v 0.1127500 -0.5975000 -0.0456750
v 0.1052750 -0.5904500 -0.0586250
v 0.1530500 -0.5703750 -0.0277250
v 0.1530500 -0.5703750 -0.0277250
v 0.1052750 -0.5904500 -0.0586250
v 0.1465250 -0.5397500 -0.0512500
v 0.1530500 -0.5703750 -0.0277250
v 0.1550750 -0.6139000 -0.0163250
v 0.1127500 -0.5975000 -0.0456750
v 0.1127500 -0.5975000 -0.0456750
v 0.1550750 -0.6139000 -0.0163250
v 0.1170000 -0.6139000 -0.0383250
v 0.1170000 -2.2921000 -0.0383250
v 0.1126250 -2.3096500 -0.0458750
v 0.1005250 -2.2921000 -0.0557000
v 0.1005250 -2.2921000 -0.0557000
v 0.1126250 -2.3096500 -0.0458750
v 0.1052750 -2.3155500 -0.0586250
v 0.1005250 -0.6139000 -0.0557000
v 0.1170000 -0.6139000 -0.0383250
v 0.1170000 -2.2921000 -0.0383250
v 0.1005250 -2.2921000 -0.0557000
v 0.1052750 -2.3155500 -0.0586250
v 0.0974250 -2.3084000 -0.0722000
v 0.1005250 -2.2921000 -0.0557000
v 0.1005250 -2.2921000 -0.0557000
v 0.0974250 -2.3084000 -0.0722000
v 0.0935500 -2.2921000 -0.0789250
v 0.1005250 -2.2921000 -0.0557000
v 0.0935500 -2.2921000 -0.0789250
v 0.0935500 -0.6139000 -0.0789250
v 0.1005250 -0.6139000 -0.0557000
v 0.1170000 -0.6139000 -0.0383250
v 0.1005250 -0.6139000 -0.0557000
v 0.1127500 -0.5975000 -0.0456750
v 0.1127500 -0.5975000 -0.0456750
v 0.1005250 -0.6139000 -0.0557000
v 0.1052750 -0.5904500 -0.0586250
v 0.1052750 -0.5904500 -0.0586250
v 0.1005250 -0.6139000 -0.0557000
v 0.0978250 -0.5974500 -0.0715250
v 0.0978250 -0.5974500 -0.0715250
v 0.1005250 -0.6139000 -0.0557000
v 0.0935500 -0.6139000 -0.0789250
v 0.1575000 -0.4375000 0.0000000
v 0.1552000 -0.6139000 0.0000000
v 0.1550750 -0.6139000 -0.0163250
v 0.1549500 -2.4687500 0.0000000
v 0.1550750 -2.2921000 -0.0163250
v 0.1552000 -2.2921000 0.0000000
v 0.1552000 -2.2921000 0.0000000
v 0.1550750 -2.2921000 -0.0163250
v 0.1550750 -0.6139000 -0.0163250
v 0.1552000 -0.6139000 0.0000000
v 0.1113750 -0.4375000 -0.1113750
v 0.1204250 -0.5390500 -0.0964750
v 0.1030500 -0.5690250 -0.1141500
v 0.0602750 -0.4375000 -0.1455250
v 0.0935500 -0.6139000 -0.1220500
v 0.0607000 -0.6139000 -0.1408750
v 0.1113750 -0.4375000 -0.1113750
v 0.1030500 -0.5690250 -0.1141500
v 0.0935500 -0.6139000 -0.1220500
v 0.1113750 -0.4375000 -0.1113750
v 0.0935500 -0.6139000 -0.1220500
v 0.0602750 -0.4375000 -0.1455250
v 0.1876455 -0.3172500 0.0000000
v 0.1733602 -0.3172500 -0.0718043
v 0.1455143 -0.3125000 -0.0602752
v 0.1575000 -0.3125000 0.0000000
v 0.2131920 -0.3308000 0.0000000
v 0.1969538 -0.3308000 -0.0815850
v 0.1733602 -0.3172500 -0.0718043
v 0.1876455 -0.3172500 0.0000000
v 0.2302650 -0.3510750 0.0000000
v 0.2127352 -0.3510750 -0.0881212
v 0.1969538 -0.3308000 -0.0815850
v 0.2131920 -0.3308000 0.0000000
v 0.2362500 -0.3750000 0.0000000
v 0.2182792 -0.3750000 -0.0904208
v 0.2127352 -0.3510750 -0.0881212
v 0.2302650 -0.3510750 0.0000000
v 0.1733602 -0.3172500 -0.0718043
v 0.1326780 -0.3172500 -0.1326780
v 0.1113683 -0.3125000 -0.1113683
v 0.1455143 -0.3125000 -0.0602752
v 0.1969538 -0.3308000 -0.0815850
v 0.1507432 -0.3308000 -0.1507432
v 0.1326780 -0.3172500 -0.1326780
v 0.1733602 -0.3172500 -0.0718043
v 0.2127352 -0.3510750 -0.0881212
v 0.1628078 -0.3510750 -0.1628078
v 0.1507432 -0.3308000 -0.1507432
v 0.1969538 -0.3308000 -0.0815850
v 0.2182792 -0.3750000 -0.0904208
v 0.1670603 -0.3750000 -0.1670603
v 0.1628078 -0.3510750 -0.1628078
v 0.2127352 -0.3510750 -0.0881212
v 0.1326780 -0.3172500 -0.1326780
v 0.0718043 -0.3172500 -0.1733602
v 0.0602752 -0.3125000 -0.1455143
v 0.1113683 -0.3125000 -0.1113683
v 0.1507432 -0.3308000 -0.1507432
v 0.0815850 -0.3308000 -0.1969538
v 0.0718043 -0.3172500 -0.1733602
v 0.1326780 -0.3172500 -0.1326780
v 0.1628078 -0.3510750 -0.1628078
v 0.0881212 -0.3510750 -0.2127352
v 0.0815850 -0.3308000 -0.1969538
v 0.1507432 -0.3308000 -0.1507432
v 0.1670603 -0.3750000 -0.1670603
v 0.0904208 -0.3750000 -0.2182792
v 0.0881212 -0.3510750 -0.2127352
v 0.1628078 -0.3510750 -0.1628078
v 0.0718043 -0.3172500 -0.1733602
v 0.0000000 -0.3172500 -0.1876455
v 0.0000000 -0.3125000 -0.1575000
v 0.0602752 -0.3125000 -0.1455143
v 0.0815850 -0.3308000 -0.1969538
v 0.0000000 -0.3308000 -0.2131920
v 0.0000000 -0.3172500 -0.1876455
v 0.0718043 -0.3172500 -0.1733602
v 0.0881212 -0.3510750 -0.2127352
v 0.0000000 -0.3510750 -0.2302650
v 0.0000000 -0.3308000 -0.2131920
v 0.0815850 -0.3308000 -0.1969538
v 0.0904208 -0.3750000 -0.2182792
v 0.0000000 -0.3750000 -0.2362500
v 0.0000000 -0.3510750 -0.2302650
v 0.0881212 -0.3510750 -0.2127352
v 0.1575000 -0.4375000 0.0000000
v 0.1455143 -0.4375000 -0.0602752
v 0.1733602 -0.4327500 -0.0718043
v 0.1876455 -0.4327500 0.0000000
v 0.1876455 -0.4327500 0.0000000
v 0.1733602 -0.4327500 -0.0718043
v 0.1969538 -0.4192000 -0.0815850
v 0.2131920 -0.4192000 0.0000000
v 0.2131920 -0.4192000 0.0000000
v 0.1969538 -0.4192000 -0.0815850
v 0.2127352 -0.3989250 -0.0881212
v 0.2302650 -0.3989250 0.0000000
v 0.2302650 -0.3989250 0.0000000
v 0.2127352 -0.3989250 -0.0881212
v 0.2182792 -0.3750000 -0.0904208
v 0.2362500 -0.3750000 0.0000000
v 0.1455143 -0.4375000 -0.0602752
v 0.1113683 -0.4375000 -0.1113683
v 0.1326780 -0.4327500 -0.1326780
v 0.1733602 -0.4327500 -0.0718043
v 0.1733602 -0.4327500 -0.0718043
v 0.1326780 -0.4327500 -0.1326780
v 0.1507432 -0.4192000 -0.1507432
v 0.1969538 -0.4192000 -0.0815850
v 0.1969538 -0.4192000 -0.0815850
v 0.1507432 -0.4192000 -0.1507432
v 0.1628078 -0.3989250 -0.1628078
v 0.2127352 -0.3989250 -0.0881212
v 0.2127352 -0.3989250 -0.0881212
v 0.1628078 -0.3989250 -0.1628078
v 0.1670603 -0.3750000 -0.1670603
v 0.2182792 -0.3750000 -0.0904208
v 0.1113683 -0.4375000 -0.1113683
v 0.0602752 -0.4375000 -0.1455143
v 0.0718043 -0.4327500 -0.1733602
v 0.1326780 -0.4327500 -0.1326780
v 0.1326780 -0.4327500 -0.1326780
v 0.0718043 -0.4327500 -0.1733602
v 0.0815850 -0.4192000 -0.1969538
v 0.1507432 -0.4192000 -0.1507432
v 0.1507432 -0.4192000 -0.1507432
v 0.0815850 -0.4192000 -0.1969538
v 0.0881212 -0.3989250 -0.2127352
v 0.1628078 -0.3989250 -0.1628078
v 0.1628078 -0.3989250 -0.1628078
v 0.0881212 -0.3989250 -0.2127352
v 0.0904208 -0.3750000 -0.2182792
v 0.1670603 -0.3750000 -0.1670603
v 0.0602752 -0.4375000 -0.1455143
v 0.0000000 -0.4375000 -0.1575000
v 0.0000000 -0.4327500 -0.1876455
v 0.0718043 -0.4327500 -0.1733602
v 0.0718043 -0.4327500 -0.1733602
v 0.0000000 -0.4327500 -0.1876455
v 0.0000000 -0.4192000 -0.2131920
v 0.0815850 -0.4192000 -0.1969538
v 0.0815850 -0.4192000 -0.1969538
v 0.0000000 -0.4192000 -0.2131920
v 0.0000000 -0.3989250 -0.2302650
v 0.0881212 -0.3989250 -0.2127352
v 0.0881212 -0.3989250 -0.2127352
v 0.0000000 -0.3989250 -0.2302650
v 0.0000000 -0.3750000 -0.2362500
v 0.0904208 -0.3750000 -0.2182792
v 0.1575000 -0.3125000 0.0000000
v 0.1455143 -0.3125000 -0.0602752
v 0.1455143 -0.1250000 -0.0602752
v 0.1575000 -0.1250000 0.0000000
v 0.1455143 -0.3125000 -0.0602752
v 0.1113683 -0.3125000 -0.1113683
v 0.1113683 -0.1250000 -0.1113683
v 0.1455143 -0.1250000 -0.0602752
v 0.1113683 -0.3125000 -0.1113683
v 0.0602752 -0.3125000 -0.1455143
v 0.0602752 -0.1250000 -0.1455143
v 0.1113683 -0.1250000 -0.1113683
v 0.0602752 -0.3125000 -0.1455143
v 0.0000000 -0.3125000 -0.1575000
v 0.0000000 -0.1250000 -0.1575000
v 0.0602752 -0.1250000 -0.1455143
v 0.1876455 -0.0047500 0.0000000
v 0.1733602 -0.0047500 -0.0718043
v 0.1455143 -0.0000000 -0.0602752
v 0.1575000 -0.0000000 0.0000000
v 0.2131920 -0.0183000 0.0000000
v 0.1969538 -0.0183000 -0.0815850
v 0.1733602 -0.0047500 -0.0718043
v 0.1876455 -0.0047500 0.0000000
v 0.2302650 -0.0385750 0.0000000
v 0.2127352 -0.0385750 -0.0881212
v 0.1969538 -0.0183000 -0.0815850
v 0.2131920 -0.0183000 0.0000000
v 0.2362500 -0.0625000 0.0000000
v 0.2182792 -0.0625000 -0.0904208
v 0.2127352 -0.0385750 -0.0881212
v 0.2302650 -0.0385750 0.0000000
v 0.1733602 -0.0047500 -0.0718043
v 0.1326780 -0.0047500 -0.1326780
v 0.1113683 -0.0000000 -0.1113683
v 0.1455143 -0.0000000 -0.0602752
v 0.1969538 -0.0183000 -0.0815850
v 0.1507432 -0.0183000 -0.1507432
v 0.1326780 -0.0047500 -0.1326780
v 0.1733602 -0.0047500 -0.0718043
v 0.2127352 -0.0385750 -0.0881212
v 0.1628078 -0.0385750 -0.1628078
v 0.1507432 -0.0183000 -0.1507432
v 0.1969538 -0.0183000 -0.0815850
v 0.2182792 -0.0625000 -0.0904208
v 0.1670603 -0.0625000 -0.1670603
v 0.1628078 -0.0385750 -0.1628078
v 0.2127352 -0.0385750 -0.0881212
v 0.1326780 -0.0047500 -0.1326780
v 0.0718043 -0.0047500 -0.1733602
v 0.0602752 -0.0000000 -0.1455143
v 0.1113683 -0.0000000 -0.1113683
v 0.1507432 -0.0183000 -0.1507432
v 0.0815850 -0.0183000 -0.1969538
v 0.0718043 -0.0047500 -0.1733602
v 0.1326780 -0.0047500 -0.1326780
v 0.1628078 -0.0385750 -0.1628078
v 0.0881212 -0.0385750 -0.2127352
v 0.0815850 -0.0183000 -0.1969538
v 0.1507432 -0.0183000 -0.1507432
v 0.1670603 -0.0625000 -0.1670603
v 0.0904208 -0.0625000 -0.2182792
v 0.0881212 -0.0385750 -0.2127352
v 0.1628078 -0.0385750 -0.1628078
v 0.0718043 -0.0047500 -0.1733602
v 0.0000000 -0.0047500 -0.1876455
v 0.0000000 -0.0000000 -0.1575000
v 0.0602752 -0.0000000 -0.1455143
v 0.0815850 -0.0183000 -0.1969538
v 0.0000000 -0.0183000 -0.2131920
v 0.0000000 -0.0047500 -0.1876455
v 0.0718043 -0.0047500 -0.1733602
v 0.0881212 -0.0385750 -0.2127352
v 0.0000000 -0.0385750 -0.2302650
v 0.0000000 -0.0183000 -0.2131920
v 0.0815850 -0.0183000 -0.1969538
v 0.0904208 -0.0625000 -0.2182792
v 0.0000000 -0.0625000 -0.2362500
v 0.0000000 -0.0385750 -0.2302650
v 0.0881212 -0.0385750 -0.2127352
v 0.1575000 -0.1250000 0.0000000
v 0.1455143 -0.1250000 -0.0602752
v 0.1733602 -0.1202500 -0.0718043
v 0.1876455 -0.1202500 0.0000000
v 0.1876455 -0.1202500 0.0000000
v 0.1733602 -0.1202500 -0.0718043
v 0.1969538 -0.1067000 -0.0815850
v 0.2131920 -0.1067000 0.0000000
v 0.2131920 -0.1067000 0.0000000
v 0.1969538 -0.1067000 -0.0815850
v 0.2127352 -0.0864250 -0.0881212
v 0.2302650 -0.0864250 0.0000000
v 0.2302650 -0.0864250 0.0000000
v 0.2127352 -0.0864250 -0.0881212
v 0.2182792 -0.0625000 -0.0904208
v 0.2362500 -0.0625000 0.0000000
v 0.1455143 -0.1250000 -0.0602752
v 0.1113683 -0.1250000 -0.1113683
v 0.1326780 -0.1202500 -0.1326780
v 0.1733602 -0.1202500 -0.0718043
v 0.1733602 -0.1202500 -0.0718043
v 0.1326780 -0.1202500 -0.1326780
v 0.1507432 -0.1067000 -0.1507432
v 0.1969538 -0.1067000 -0.0815850
v 0.1969538 -0.1067000 -0.0815850
v 0.1507432 -0.1067000 -0.1507432
v 0.1628078 -0.0864250 -0.1628078
v 0.2127352 -0.0864250 -0.0881212
v 0.2127352 -0.0864250 -0.0881212
v 0.1628078 -0.0864250 -0.1628078
v 0.1670603 -0.0625000 -0.1670603
v 0.2182792 -0.0625000 -0.0904208
v 0.1113683 -0.1250000 -0.1113683
v 0.0602752 -0.1250000 -0.1455143
v 0.0718043 -0.1202500 -0.1733602
v 0.1326780 -0.1202500 -0.1326780
v 0.1326780 -0.1202500 -0.1326780
v 0.0718043 -0.1202500 -0.1733602
v 0.0815850 -0.1067000 -0.1969538
v 0.1507432 -0.1067000 -0.1507432
v 0.1507432 -0.1067000 -0.1507432
v 0.0815850 -0.1067000 -0.1969538
v 0.0881212 -0.0864250 -0.2127352
v 0.1628078 -0.0864250 -0.1628078
v 0.1628078 -0.0864250 -0.1628078
v 0.0881212 -0.0864250 -0.2127352
v 0.0904208 -0.0625000 -0.2182792
v 0.1670603 -0.0625000 -0.1670603
v 0.0602752 -0.1250000 -0.1455143
v 0.0000000 -0.1250000 -0.1575000
v 0.0000000 -0.1202500 -0.1876455
v 0.0718043 -0.1202500 -0.1733602
v 0.0718043 -0.1202500 -0.1733602
v 0.0000000 -0.1202500 -0.1876455
v 0.0000000 -0.1067000 -0.2131920
v 0.0815850 -0.1067000 -0.1969538
v 0.0815850 -0.1067000 -0.1969538
v 0.0000000 -0.1067000 -0.2131920
v 0.0000000 -0.0864250 -0.2302650
v 0.0881212 -0.0864250 -0.2127352
v 0.0881212 -0.0864250 -0.2127352
v 0.0000000 -0.0864250 -0.2302650
v 0.0000000 -0.0625000 -0.2362500
v 0.0904208 -0.0625000 -0.2182792
v 0.1575000 -0.0000000 0.0000000
v 0.1455143 -0.0000000 -0.0602752
v 0.1385850 -0.0000000 -0.0574050
v 0.1500000 -0.0000000 0.0000000
v 0.1455143 -0.0000000 -0.0602752
v 0.1113683 -0.0000000 -0.1113683
v 0.1060650 -0.0000000 -0.1060650
v 0.1385850 -0.0000000 -0.0574050
v 0.1113683 -0.0000000 -0.1113683
v 0.0602752 -0.0000000 -0.1455143
v 0.0574050 -0.0000000 -0.1385850
v 0.1060650 -0.0000000 -0.1060650
v 0.0602752 -0.0000000 -0.1455143
v 0.0000000 -0.0000000 -0.1575000
v 0.0000000 -0.0000000 -0.1500000
v 0.0574050 -0.0000000 -0.1385850
v 0.1000000 -0.0000000 0.0000000
v 0.0923900 -0.0000000 -0.0382700
v 0.0692925 -0.0000000 -0.0287025
v 0.0750000 -0.0000000 0.0000000
v 0.0923900 -0.0000000 -0.0382700
v 0.0707100 -0.0000000 -0.0707100
v 0.0530325 -0.0000000 -0.0530325
v 0.0692925 -0.0000000 -0.0287025
v 0.0707100 -0.0000000 -0.0707100
v 0.0382700 -0.0000000 -0.0923900
v 0.0287025 -0.0000000 -0.0692925
v 0.0530325 -0.0000000 -0.0530325
v 0.0382700 -0.0000000 -0.0923900
v 0.0000000 -0.0000000 -0.1000000
v 0.0000000 -0.0000000 -0.0750000
v 0.0287025 -0.0000000 -0.0692925
v 0.0750000 -0.0000000 0.0000000
v 0.0692925 -0.0000000 -0.0287025
v 0.0692925 -0.6500000 -0.0287025
v 0.0750000 -0.6500000 0.0000000
v 0.0692925 -0.0000000 -0.0287025
v 0.0530325 -0.0000000 -0.0530325
v 0.0530325 -0.6500000 -0.0530325
v 0.0692925 -0.6500000 -0.0287025
v 0.0530325 -0.0000000 -0.0530325
v 0.0287025 -0.0000000 -0.0692925
v 0.0287025 -0.6500000 -0.0692925
v 0.0530325 -0.6500000 -0.0530325
v 0.0287025 -0.0000000 -0.0692925
v 0.0000000 -0.0000000 -0.0750000
v 0.0000000 -0.6500000 -0.0750000
v 0.0287025 -0.6500000 -0.0692925
v 0.0000000 -0.6500000 0.0000000
v 0.0750000 -0.6500000 0.0000000
v 0.0692925 -0.6500000 -0.0287025
v 0.0000000 -0.6500000 0.0000000
v 0.0692925 -0.6500000 -0.0287025
v 0.0530325 -0.6500000 -0.0530325
v 0.0000000 -0.6500000 0.0000000
v 0.0530325 -0.6500000 -0.0530325
v 0.0287025 -0.6500000 -0.0692925
v 0.0000000 -0.6500000 0.0000000
v 0.0287025 -0.6500000 -0.0692925
v 0.0000000 -0.6500000 -0.0750000
v 0.1000000 -0.0000000 0.0000000
v 0.0923900 -0.0000000 0.0382700
v 0.0923900 0.1000000 0.0382700
v 0.1000000 0.1000000 0.0000000
v 0.0923900 -0.0000000 0.0382700
v 0.0707100 -0.0000000 0.0707100
v 0.0707100 0.1000000 0.0707100
v 0.0923900 0.1000000 0.0382700
v 0.0707100 -0.0000000 0.0707100
v 0.0382700 -0.0000000 0.0923900
v 0.0382700 0.1000000 0.0923900
v 0.0707100 0.1000000 0.0707100
v 0.0382700 -0.0000000 0.0923900
v 0.0000000 -0.0000000 0.1000000
v 0.0000000 0.1000000 0.1000000
v 0.0382700 0.1000000 0.0923900
v 0.0000000 -0.0000000 0.1000000
v -0.0382700 -0.0000000 0.0923900
v -0.0382700 0.1000000 0.0923900
v 0.0000000 0.1000000 0.1000000
v -0.0382700 -0.0000000 0.0923900
v -0.0707100 -0.0000000 0.0707100
v -0.0707100 0.1000000 0.0707100
v -0.0382700 0.1000000 0.0923900
v -0.0707100 -0.0000000 0.0707100
v -0.0923900 -0.0000000 0.0382700
v -0.0923900 0.1000000 0.0382700
v -0.0707100 0.1000000 0.0707100
v -0.0923900 -0.0000000 0.0382700
v -0.1000000 -0.0000000 0.0000000
v -0.1000000 0.1000000 0.0000000
v -0.0923900 0.1000000 0.0382700
v -0.1000000 -0.0000000 0.0000000
v -0.0923900 -0.0000000 -0.0382700
v -0.0923900 0.1000000 -0.0382700
v -0.1000000 0.1000000 0.0000000
v -0.0923900 -0.0000000 -0.0382700
v -0.0707100 -0.0000000 -0.0707100
v -0.0707100 0.1000000 -0.0707100
v -0.0923900 0.1000000 -0.0382700
v -0.0707100 -0.0000000 -0.0707100
v -0.0382700 -0.0000000 -0.0923900
v -0.0382700 0.1000000 -0.0923900
v -0.0707100 0.1000000 -0.0707100
v -0.0382700 -0.0000000 -0.0923900
v 0.0000000 -0.0000000 -0.1000000
v 0.0000000 0.1000000 -0.1000000
v -0.0382700 0.1000000 -0.0923900
v 0.0000000 -0.0000000 -0.1000000
v 0.0382700 -0.0000000 -0.0923900
v 0.0382700 0.1000000 -0.0923900
v 0.0000000 0.1000000 -0.1000000
v 0.0382700 -0.0000000 -0.0923900
v 0.0707100 -0.0000000 -0.0707100
v 0.0707100 0.1000000 -0.0707100
v 0.0382700 0.1000000 -0.0923900
v 0.0707100 -0.0000000 -0.0707100
v 0.0923900 -0.0000000 -0.0382700
v 0.0923900 0.1000000 -0.0382700
v 0.0707100 0.1000000 -0.0707100
v 0.0923900 -0.0000000 -0.0382700
v 0.1000000 -0.0000000 0.0000000
v 0.1000000 0.1000000 0.0000000
v 0.0923900 0.1000000 -0.0382700
v 0.1500000 0.1000000 0.0000000
v 0.1385850 0.1000000 0.0574050
v 0.1385850 -0.0000000 0.0574050
v 0.1500000 -0.0000000 0.0000000
v 0.1385850 0.1000000 0.0574050
v 0.1060650 0.1000000 0.1060650
v 0.1060650 -0.0000000 0.1060650
v 0.1385850 -0.0000000 0.0574050
v 0.1060650 0.1000000 0.1060650
v 0.0574050 0.1000000 0.1385850
v 0.0574050 -0.0000000 0.1385850
v 0.1060650 -0.0000000 0.1060650
v 0.0574050 0.1000000 0.1385850
v 0.0000000 0.1000000 0.1500000
v 0.0000000 -0.0000000 0.1500000
v 0.0574050 -0.0000000 0.1385850
v 0.0000000 0.1000000 0.1500000
v -0.0574050 0.1000000 0.1385850
v -0.0574050 -0.0000000 0.1385850
v 0.0000000 -0.0000000 0.1500000
v -0.0574050 0.1000000 0.1385850
v -0.1060650 0.1000000 0.1060650
v -0.1060650 -0.0000000 0.1060650
v -0.0574050 -0.0000000 0.1385850
v -0.1060650 0.1000000 0.1060650
v -0.1385850 0.1000000 0.0574050
v -0.1385850 -0.0000000 0.0574050
v -0.1060650 -0.0000000 0.1060650
v -0.1385850 0.1000000 0.0574050
v -0.1500000 0.1000000 0.0000000
v -0.1500000 -0.0000000 0.0000000
v -0.1385850 -0.0000000 0.0574050
v -0.1500000 0.1000000 0.0000000
v -0.1385850 0.1000000 -0.0574050
v -0.1385850 -0.0000000 -0.0574050
v -0.1500000 -0.0000000 0.0000000
v -0.1385850 0.1000000 -0.0574050
v -0.1060650 0.1000000 -0.1060650
v -0.1060650 -0.0000000 -0.1060650
v -0.1385850 -0.0000000 -0.0574050
v -0.1060650 0.1000000 -0.1060650
v -0.0574050 0.1000000 -0.1385850
v -0.0574050 -0.0000000 -0.1385850
v -0.1060650 -0.0000000 -0.1060650
v -0.0574050 0.1000000 -0.1385850
v 0.0000000 0.1000000 -0.1500000
v 0.0000000 -0.0000000 -0.1500000
v -0.0574050 -0.0000000 -0.1385850
v 0.0000000 0.1000000 -0.1500000
v 0.0574050 0.1000000 -0.1385850
v 0.0574050 -0.0000000 -0.1385850
v 0.0000000 -0.0000000 -0.1500000
v 0.0574050 0.1000000 -0.1385850
v 0.1060650 0.1000000 -0.1060650
v 0.1060650 -0.0000000 -0.1060650
v 0.0574050 -0.0000000 -0.1385850
v 0.1060650 0.1000000 -0.1060650
v 0.1385850 0.1000000 -0.0574050
v 0.1385850 -0.0000000 -0.0574050
v 0.1060650 -0.0000000 -0.1060650
v 0.1385850 0.1000000 -0.0574050
v 0.1500000 0.1000000 0.0000000
v 0.1500000 -0.0000000 0.0000000
v 0.1385850 -0.0000000 -0.0574050
v 0.0000000 0.1000000 0.1500000
v 0.0000000 0.1000000 0.1000000
v -0.0382700 0.1000000 0.0923900
v -0.0574050 0.1000000 0.1385850
v -0.0574050 0.1000000 0.1385850
v -0.0382700 0.1000000 0.0923900
v -0.0707100 0.1000000 0.0707100
v -0.1060650 0.1000000 0.1060650
v -0.1060650 0.1000000 0.1060650
v -0.0707100 0.1000000 0.0707100
v -0.0923900 0.1000000 0.0382700
v -0.1385850 0.1000000 0.0574050
v -0.1385850 0.1000000 0.0574050
v -0.0923900 0.1000000 0.0382700
v -0.1000000 0.1000000 0.0000000
v -0.1500000 0.1000000 0.0000000
v -0.1500000 0.1000000 0.0000000
v -0.1000000 0.1000000 0.0000000
v -0.0923900 0.1000000 -0.0382700
v -0.1385850 0.1000000 -0.0574050
v -0.1385850 0.1000000 -0.0574050
v -0.0923900 0.1000000 -0.0382700
v -0.0707100 0.1000000 -0.0707100
v -0.1060650 0.1000000 -0.1060650
v -0.1060650 0.1000000 -0.1060650
v -0.0707100 0.1000000 -0.0707100
v -0.0382700 0.1000000 -0.0923900
v -0.0574050 0.1000000 -0.1385850
v -0.0574050 0.1000000 -0.1385850
v -0.0382700 0.1000000 -0.0923900
v 0.0000000 0.1000000 -0.1000000
v 0.0000000 0.1000000 -0.1500000
v 0.0000000 0.1000000 -0.1500000
v 0.0000000 0.1000000 -0.1000000
v 0.0382700 0.1000000 -0.0923900
v 0.0574050 0.1000000 -0.1385850
v 0.0574050 0.1000000 -0.1385850
v 0.0382700 0.1000000 -0.0923900
v 0.0707100 0.1000000 -0.0707100
v 0.1060650 0.1000000 -0.1060650
v 0.1060650 0.1000000 -0.1060650
v 0.0707100 0.1000000 -0.0707100
v 0.0923900 0.1000000 -0.0382700
v 0.1385850 0.1000000 -0.0574050
v 0.1385850 0.1000000 -0.0574050
v 0.0923900 0.1000000 -0.0382700
v 0.1000000 0.1000000 0.0000000
v 0.1500000 0.1000000 0.0000000
v 0.1500000 0.1000000 0.0000000
v 0.1000000 0.1000000 0.0000000
v 0.0923900 0.1000000 0.0382700
v 0.1385850 0.1000000 0.0574050
v 0.1385850 0.1000000 0.0574050
v 0.0923900 0.1000000 0.0382700
v 0.0707100 0.1000000 0.0707100
v 0.1060650 0.1000000 0.1060650
v 0.1060650 0.1000000 0.1060650
v 0.0707100 0.1000000 0.0707100
v 0.0382700 0.1000000 0.0923900
v 0.0574050 0.1000000 0.1385850
v 0.0574050 0.1000000 0.1385850
v 0.0382700 0.1000000 0.0923900
v 0.0000000 0.1000000 0.1000000
v 0.0000000 0.1000000 0.1500000
s off
f 1 2 3
f 1 3 4
f 5 6 7
f 5 7 8
f 9 10 11
f 9 11 12
f 13 14 15
f 13 15 16
f 17 18 19
f 17 19 20
f 21 22 23
f 21 23 24
f 25 26 27
f 25 27 28
f 29 30 31
f 29 31 32
f 33 34 35
f 33 35 36
f 37 38 39
f 37 39 40
f 41 42 43
f 41 43 44
f 45 46 47
f 45 47 48
f 49 50 51
f 49 51 52
f 53 54 55
f 53 55 56
f 57 58 59
f 57 59 60
f 61 62 63
f 61 63 64
f 65 66 67
f 65 67 68
f 69 70 71
f 69 71 72
f 73 74 75
f 73 75 76
f 77 78 79
f 77 79 80
f 81 82 83
f 81 83 84
f 85 86 87
f 85 87 88
f 89 90 91
f 89 91 92
f 93 94 95
f 93 95 96
f 97 98 99
f 97 99 100
f 101 102 103
f 101 103 104
f 105 106 107
f 105 107 108
f 109 110 111
f 109 111 112
f 113 114 115
f 113 115 116
f 117 118 119
f 117 119 120
f 121 122 123
f 121 123 124
f 125 126 127
f 125 127 128
f 129 130 131
f 132 133 134
f 135 136 137
f 138 139 140
f 141 142 143
f 144 145 146
f 147 148 149
f 150 151 152
f 153 154 155
f 156 157 158
f 159 160 161
f 162 163 164
f 165 166 167
f 168 169 170
f 171 172 173
f 174 175 176
f 177 178 179
f 177 179 180
f 181 182 183
f 181 183 184
f 185 186 187
f 185 187 188
f 189 190 191
f 189 191 192
f 193 194 195
f 193 195 196
f 197 198 199
f 197 199 200
f 201 202 203
f 201 203 204
f 205 206 207
f 205 207 208
f 209 210 211
f 209 211 212
f 213 214 215
f 213 215 216
f 217 218 219
f 217 219 220
f 221 222 223
f 221 223 224
f 225 226 227
f 225 227 228
f 229 230 231
f 229 231 232
f 233 234 235
f 233 235 236
f 237 238 239
f 237 239 240
f 241 242 243
f 241 243 244
f 245 246 247
f 245 247 248
f 249 250 251
f 249 251 252
f 253 254 255
f 253 255 256
f 257 258 259
f 257 259 260
f 261 262 263
f 261 263 264
f 265 266 267
f 265 267 268
f 269 270 271
f 269 271 272
f 273 274 275
f 273 275 276
f 277 278 279
f 277 279 280
f 281 282 283
f 281 283 284
f 285 286 287
f 285 287 288
f 289 290 291
f 289 291 292
f 293 294 295
f 293 295 296
f 297 298 299
f 297 299 300
f 301 302 303
f 301 303 304
f 305 306 307
f 305 307 308
f 309 310 311
f 309 311 312
f 313 314 315
f 313 315 316
f 317 318 319
f 317 319 320
f 321 322 323
f 321 323 324
f 325 326 327
f 325 327 328
f 329 330 331
f 329 331 332
f 333 334 335
f 333 335 336
f 337 338 339
f 337 339 340
f 341 342 343
f 341 343 344
f 345 346 347
f 345 347 348
f 349 350 351
f 349 351 352
f 353 354 355
f 353 355 356
f 357 358 359
f 357 359 360
f 361 362 363
f 361 363 364
f 365 366 367
f 365 367 368
f 369 370 371
f 372 373 374
f 375 376 377
f 378 379 380
f 381 382 383
f 384 385 386
f 387 388 389
f 390 391 392
f 393 394 395
f 396 397 398
f 399 400 401
f 402 403 404
f 405 406 407
f 408 409 410
f 411 412 413
f 414 415 416
f 417 418 419
f 417 419 420
f 421 422 423
f 424 425 426
f 424 426 427
f 428 429 430
f 431 432 433
f 431 433 434
f 435 436 437
f 438 439 440
f 438 440 441
f 442 443 444
f 445 446 447
f 445 447 448
f 449 450 451
f 452 453 454
f 452 454 455
f 456 457 458
f 459 460 461
f 459 461 462
f 463 464 465
f 466 467 468
f 466 468 469
f 470 471 472
f 473 474 475
f 473 475 476
f 477 478 479
f 477 479 480
f 481 482 483
f 481 483 484
f 485 486 487
f 485 487 488
f 489 490 491
f 489 491 492
f 493 494 495
f 493 495 496
f 497 498 499
f 497 499 500
f 501 502 503
f 501 503 504
f 505 506 507
f 505 507 508
f 509 510 511
f 509 511 512
f 513 514 515
f 513 515 516
f 517 518 519
f 517 519 520
f 521 522 523
f 521 523 524
f 525 526 527
f 525 527 528
f 529 530 531
f 529 531 532
f 533 534 535
f 533 535 536
f 537 538 539
f 537 539 540
f 541 542 543
f 541 543 544
f 545 546 547
f 545 547 548
f 549 550 551
f 549 551 552
f 553 554 555
f 553 555 556
f 557 558 559
f 557 559 560
f 561 562 563
f 561 563 564
f 565 566 567
f 565 567 568
f 569 570 571
f 569 571 572
f 573 574 575
f 573 575 576
f 577 578 579
f 577 579 580
f 581 582 583
f 581 583 584
f 585 586 587
f 585 587 588
f 589 590 591
f 589 591 592
f 593 594 595
f 593 595 596
f 597 598 599
f 597 599 600
f 601 602 603
f 601 603 604
f 605 606 607
f 605 607 608
f 609 610 611
f 609 611 612
f 613 614 615
f 613 615 616
f 617 618 619
f 617 619 620
f 621 622 623
f 621 623 624
f 625 626 627
f 625 627 628
f 629 630 631
f 629 631 632
f 633 634 635
f 633 635 636
f 637 638 639
f 637 639 640
f 641 642 643
f 641 643 644
f 645 646 647
f 645 647 648
f 649 650 651
f 649 651 652
f 653 654 655
f 653 655 656
f 657 658 659
f 657 659 660
f 661 662 663
f 661 663 664
f 665 666 667
f 665 667 668
f 669 670 671
f 669 671 672
f 673 674 675
f 673 675 676
f 677 678 679
f 677 679 680
f 681 682 683
f 681 683 684
f 685 686 687
f 685 687 688
f 689 690 691
f 689 691 692
f 693 694 695
f 693 695 696
f 697 698 699
f 697 699 700
f 701 702 703
f 701 703 704
f 705 706 707
f 705 707 708
f 709 710 711
f 709 711 712
f 713 714 715
f 713 715 716
f 717 718 719
f 717 719 720
f 721 722 723
f 721 723 724
f 725 726 727
f 725 727 728
f 729 730 731
f 729 731 732
f 733 734 735
f 733 735 736
f 737 738 739
f 737 739 740
f 741 742 743
f 741 743 744
f 745 746 747
f 745 747 748
f 749 750 751
f 749 751 752
f 753 754 755
f 753 755 756
f 757 758 759
f 757 759 760
f 761 762 763
f 761 763 764
f 765 766 767
f 765 767 768
f 769 770 771
f 769 771 772
f 773 774 775
f 773 775 776
f 777 778 779
f 777 779 780
f 781 782 783
f 781 783 784
f 785 786 787
f 785 787 788
f 789 790 791
f 789 791 792
f 793 794 795
f 793 795 796
f 797 798 799
f 797 799 800
f 801 802 803
f 801 803 804
f 805 806 807
f 805 807 808
f 809 810 811
f 809 811 812
f 813 814 815
f 813 815 816
f 817 818 819
f 817 819 820
f 821 822 823
f 821 823 824
f 825 826 827
f 825 827 828
f 829 830 831
f 829 831 832
f 833 834 835
f 833 835 836
f 837 838 839
f 837 839 840
f 841 842 843
f 841 843 844
f 845 846 847
f 845 847 848
f 849 850 851
f 849 851 852
f 853 854 855
f 853 855 856
f 857 858 859
f 857 859 860
f 861 862 863
f 861 863 864
f 865 866 867
f 865 867 868
f 869 870 871
f 869 871 872
f 873 874 875
f 873 875 876
f 877 878 879
f 877 879 880
f 881 882 883
f 881 883 884
f 885 886 887
f 885 887 888
f 889 890 891
f 889 891 892
f 893 894 895
f 893 895 896
f 897 898 899
f 897 899 900
f 901 902 903
f 901 903 904
f 905 906 907
f 905 907 908
f 909 910 911
f 909 911 912
f 913 914 915
f 913 915 916
f 917 918 919
f 917 919 920
f 921 922 923
f 921 923 924
f 925 926 927
f 925 927 928
f 929 930 931
f 929 931 932
f 933 934 935
f 933 935 936
f 937 938 939
f 937 939 940
f 941 942 943
f 941 943 944
f 945 946 947
f 945 947 948
f 949 950 951
f 949 951 952
f 953 954 955
f 953 955 956
f 957 958 959
f 957 959 960
f 961 962 963
f 961 963 964
f 965 966 967
f 965 967 968
f 969 970 971
f 969 971 972
f 973 974 975
f 973 975 976
f 977 978 979
f 977 979 980
f 981 982 983
f 981 983 984
f 985 986 987
f 985 987 988
f 989 990 991
f 989 991 992
f 993 994 995
f 993 995 996
f 997 998 999
f 997 999 1000
f 1001 1002 1003
f 1001 1003 1004
f 1005 1006 1007
f 1005 1007 1008
f 1009 1010 1011
f 1009 1011 1012
f 1013 1014 1015
f 1013 1015 1016
f 1017 1018 1019
f 1017 1019 1020
f 1021 1022 1023
f 1021 1023 1024
f 1025 1026 1027
f 1025 1027 1028
f 1029 1030 1031
f 1029 1031 1032
f 1033 1034 1035
f 1033 1035 1036
f 1037 1038 1039
f 1040 1041 1042
f 1040 1042 1043
f 1044 1045 1046
f 1047 1048 1049
f 1047 1049 1050
f 1051 1052 1053
f 1054 1055 1056
f 1054 1056 1057
f 1058 1059 1060
f 1061 1062 1063
f 1061 1063 1064
f 1065 1066 1067
f 1068 1069 1070
f 1068 1070 1071
f 1072 1073 1074
f 1075 1076 1077
f 1075 1077 1078
f 1079 1080 1081
f 1082 1083 1084
f 1082 1084 1085
f 1086 1087 1088
f 1089 1090 1091
f 1092 1093 1094
f 1095 1096 1097
f 1098 1099 1100
f 1101 1102 1103
f 1104 1105 1106
f 1107 1108 1109
f 1110 1111 1112
f 1113 1114 1115
f 1116 1117 1118
f 1119 1120 1121
f 1122 1123 1124
f 1125 1126 1127
f 1128 1129 1130
f 1131 1132 1133
f 1134 1135 1136
f 1137 1138 1139
f 1137 1139 1140
f 1141 1142 1143
f 1141 1143 1144
f 1145 1146 1147
f 1145 1147 1148
f 1149 1150 1151
f 1149 1151 1152
f 1153 1154 1155
f 1153 1155 1156
f 1157 1158 1159
f 1157 1159 1160
f 1161 1162 1163
f 1161 1163 1164
f 1165 1166 1167
f 1165 1167 1168
f 1169 1170 1171
f 1172 1173 1174
f 1175 1176 1177
f 1178 1179 1180
f 1181 1182 1183
f 1184 1185 1186
f 1187 1188 1189
f 1190 1191 1192
f 1193 1194 1195
f 1196 1197 1198
f 1199 1200 1201
f 1202 1203 1204
f 1205 1206 1207
f 1208 1209 1210
f 1211 1212 1213
f 1211 1213 1214
f 1215 1216 1217
f 1218 1219 1220
f 1221 1222 1223
f 1224 1225 1226
f 1227 1228 1229
f 1230 1231 1232
f 1233 1234 1235
f 1236 1237 1238
f 1239 1240 1241
f 1242 1243 1244
f 1245 1246 1247
f 1248 1249 1250
f 1251 1252 1253
f 1254 1255 1256
f 1257 1258 1259
f 1260 1261 1262
f 1260 1262 1263
f 1264 1265 1266
f 1267 1268 1269
f 1270 1271 1272
f 1273 1274 1275
f 1276 1277 1278
f 1279 1280 1281
f 1282 1283 1284
f 1285 1286 1287
f 1288 1289 1290
f 1291 1292 1293
f 1294 1295 1296
f 1297 1298 1299
f 1300 1301 1302
f 1303 1304 1305
f 1306 1307 1308
f 1306 1308 1309
f 1310 1311 1312
f 1313 1314 1315
f 1313 1315 1316
f 1317 1318 1319
f 1320 1321 1322
f 1323 1324 1325
f 1326 1327 1328
f 1329 1330 1331
f 1332 1333 1334
f 1335 1336 1337
f 1338 1339 1340
f 1341 1342 1343
f 1344 1345 1346
f 1347 1348 1349
f 1350 1351 1352
f 1353 1354 1355
f 1356 1357 1358
f 1359 1360 1361
f 1359 1361 1362
f 1363 1364 1365
f 1366 1367 1368
f 1369 1370 1371
f 1372 1373 1374
f 1375 1376 1377
f 1375 1377 1378
f 1379 1380 1381
f 1382 1383 1384
f 1385 1386 1387
f 1388 1389 1390
f 1391 1392 1393
f 1391 1393 1394
f 1395 1396 1397
f 1395 1397 1398
f 1399 1400 1401
f 1399 1401 1402
f 1403 1404 1405
f 1403 1405 1406
f 1407 1408 1409
f 1407 1409 1410
f 1411 1412 1413
f 1411 1413 1414
f 1415 1416 1417
f 1415 1417 1418
f 1419 1420 1421
f 1419 1421 1422
f 1423 1424 1425
f 1423 1425 1426
f 1427 1428 1429
f 1427 1429 1430
f 1431 1432 1433
f 1431 1433 1434
f 1435 1436 1437
f 1435 1437 1438
f 1439 1440 1441
f 1439 1441 1442
f 1443 1444 1445
f 1443 1445 1446
f 1447 1448 1449
f 1447 1449 1450
f 1451 1452 1453
f 1451 1453 1454
f 1455 1456 1457
f 1455 1457 1458
f 1459 1460 1461
f 1459 1461 1462
f 1463 1464 1465
f 1463 1465 1466
f 1467 1468 1469
f 1467 1469 1470
f 1471 1472 1473
f 1471 1473 1474
f 1475 1476 1477
f 1475 1477 1478
f 1479 1480 1481
f 1479 1481 1482
f 1483 1484 1485
f 1483 1485 1486
f 1487 1488 1489
f 1487 1489 1490
f 1491 1492 1493
f 1491 1493 1494
f 1495 1496 1497
f 1495 1497 1498
f 1499 1500 1501
f 1499 1501 1502
f 1503 1504 1505
f 1503 1505 1506
f 1507 1508 1509
f 1507 1509 1510
f 1511 1512 1513
f 1511 1513 1514
f 1515 1516 1517
f 1515 1517 1518
f 1519 1520 1521
f 1522 1523 1524
f 1525 1526 1527
f 1528 1529 1530
f 1531 1532 1533
f 1534 1535 1536
f 1537 1538 1539
f 1540 1541 1542
f 1543 1544 1545
f 1543 1545 1546
f 1547 1548 1549
f 1550 1551 1552
f 1553 1554 1555
f 1556 1557 1558
f 1559 1560 1561
f 1562 1563 1564
f 1565 1566 1567
f 1568 1569 1570
f 1571 1572 1573
f 1574 1575 1576
f 1577 1578 1579
f 1580 1581 1582
f 1583 1584 1585
f 1583 1585 1586
f 1587 1588 1589
f 1590 1591 1592
f 1593 1594 1595
f 1596 1597 1598
f 1599 1600 1601
f 1602 1603 1604
f 1605 1606 1607
f 1608 1609 1610
f 1611 1612 1613
f 1614 1615 1616
f 1617 1618 1619
f 1620 1621 1622
f 1620 1622 1623
f 1624 1625 1626
f 1627 1628 1629
f 1630 1631 1632
f 1633 1634 1635
f 1636 1637 1638
f 1636 1638 1639
f 1640 1641 1642
f 1643 1644 1645
f 1643 1645 1646
f 1647 1648 1649
f 1650 1651 1652
f 1653 1654 1655
f 1656 1657 1658
f 1659 1660 1661
f 1662 1663 1664
f 1665 1666 1667
f 1668 1669 1670
f 1671 1672 1673
f 1674 1675 1676
f 1677 1678 1679
f 1677 1679 1680
f 1681 1682 1683
f 1684 1685 1686
f 1687 1688 1689
f 1690 1691 1692
f 1693 1694 1695
f 1696 1697 1698
f 1699 1700 1701
f 1702 1703 1704
f 1705 1706 1707
f 1708 1709 1710
f 1711 1712 1713
f 1714 1715 1716
f 1717 1718 1719
f 1717 1719 1720
f 1721 1722 1723
f 1724 1725 1726
f 1727 1728 1729
f 1727 1729 1730
f 1731 1732 1733
f 1734 1735 1736
f 1737 1738 1739
f 1740 1741 1742
f 1743 1744 1745
f 1746 1747 1748
f 1749 1750 1751
f 1749 1751 1752
f 1753 1754 1755
f 1756 1757 1758
f 1759 1760 1761
f 1762 1763 1764
f 1765 1766 1767
f 1765 1767 1768
f 1769 1770 1771
f 1769 1771 1772
f 1773 1774 1775
f 1773 1775 1776
f 1777 1778 1779
f 1777 1779 1780
f 1781 1782 1783
f 1781 1783 1784
f 1785 1786 1787
f 1785 1787 1788
f 1789 1790 1791
f 1789 1791 1792
f 1793 1794 1795
f 1793 1795 1796
f 1797 1798 1799
f 1797 1799 1800
f 1801 1802 1803
f 1801 1803 1804
f 1805 1806 1807
f 1805 1807 1808
f 1809 1810 1811
f 1809 1811 1812
f 1813 1814 1815
f 1813 1815 1816
f 1817 1818 1819
f 1817 1819 1820
f 1821 1822 1823
f 1821 1823 1824
f 1825 1826 1827
f 1825 1827 1828
f 1829 1830 1831
f 1829 1831 1832
f 1833 1834 1835
f 1833 1835 1836
f 1837 1838 1839
f 1837 1839 1840
f 1841 1842 1843
f 1841 1843 1844
f 1845 1846 1847
f 1845 1847 1848
f 1849 1850 1851
f 1849 1851 1852
f 1853 1854 1855
f 1853 1855 1856
f 1857 1858 1859
f 1857 1859 1860
f 1861 1862 1863
f 1861 1863 1864
f 1865 1866 1867
f 1865 1867 1868
f 1869 1870 1871
f 1869 1871 1872
f 1873 1874 1875
f 1873 1875 1876
f 1877 1878 1879
f 1877 1879 1880
f 1881 1882 1883
f 1881 1883 1884
f 1885 1886 1887
f 1885 1887 1888
f 1889 1890 1891
f 1889 1891 1892
f 1893 1894 1895
f 1893 1895 1896
f 1897 1898 1899
f 1897 1899 1900
f 1901 1902 1903
f 1901 1903 1904
f 1905 1906 1907
f 1905 1907 1908
f 1909 1910 1911
f 1909 1911 1912
f 1913 1914 1915
f 1913 1915 1916
f 1917 1918 1919
f 1917 1919 1920
f 1921 1922 1923
f 1921 1923 1924
f 1925 1926 1927
f 1925 1927 1928
f 1929 1930 1931
f 1929 1931 1932
f 1933 1934 1935
f 1933 1935 1936
f 1937 1938 1939
f 1937 1939 1940
f 1941 1942 1943
f 1941 1943 1944
f 1945 1946 1947
f 1945 1947 1948
f 1949 1950 1951
f 1949 1951 1952
f 1953 1954 1955
f 1953 1955 1956
f 1957 1958 1959
f 1957 1959 1960
f 1961 1962 1963
f 1961 1963 1964
f 1965 1966 1967
f 1965 1967 1968
f 1969 1970 1971
f 1969 1971 1972
f 1973 1974 1975
f 1973 1975 1976
f 1977 1978 1979
f 1977 1979 1980
f 1981 1982 1983
f 1981 1983 1984
f 1985 1986 1987
f 1985 1987 1988
f 1989 1990 1991
f 1989 1991 1992
f 1993 1994 1995
f 1993 1995 1996
f 1997 1998 1999
f 1997 1999 2000
f 2001 2002 2003
f 2001 2003 2004
f 2005 2006 2007
f 2005 2007 2008
f 2009 2010 2011
f 2009 2011 2012
f 2013 2014 2015
f 2013 2015 2016
f 2017 2018 2019
f 2017 2019 2020
f 2021 2022 2023
f 2021 2023 2024
f 2025 2026 2027
f 2025 2027 2028
f 2029 2030 2031
f 2029 2031 2032
f 2033 2034 2035
f 2033 2035 2036
f 2037 2038 2039
f 2037 2039 2040
f 2041 2042 2043
f 2041 2043 2044
f 2045 2046 2047
f 2045 2047 2048
f 2049 2050 2051
f 2049 2051 2052
f 2053 2054 2055
f 2053 2055 2056
f 2057 2058 2059
f 2057 2059 2060
f 2061 2062 2063
f 2061 2063 2064
f 2065 2066 2067
f 2065 2067 2068
f 2069 2070 2071
f 2069 2071 2072
f 2073 2074 2075
f 2073 2075 2076
f 2077 2078 2079
f 2077 2079 2080
f 2081 2082 2083
f 2081 2083 2084
f 2085 2086 2087
f 2088 2089 2090
f 2091 2092 2093
f 2094 2095 2096
f 2097 2098 2099
f 2097 2099 2100
f 2101 2102 2103
f 2101 2103 2104
f 2105 2106 2107
f 2105 2107 2108
f 2109 2110 2111
f 2109 2111 2112
f 2113 2114 2115
f 2113 2115 2116
f 2117 2118 2119
f 2117 2119 2120
f 2121 2122 2123
f 2121 2123 2124
f 2125 2126 2127
f 2125 2127 2128
f 2129 2130 2131
f 2132 2133 2134
f 2135 2136 2137
f 2138 2139 2140
f 2141 2142 2143
f 2144 2145 2146
f 2147 2148 2149
f 2150 2151 2152
f 2153 2154 2155
f 2156 2157 2158
f 2159 2160 2161
f 2162 2163 2164
f 2165 2166 2167
f 2168 2169 2170
f 2171 2172 2173
f 2171 2173 2174
f 2175 2176 2177
f 2178 2179 2180
f 2181 2182 2183
f 2184 2185 2186
f 2187 2188 2189
f 2190 2191 2192
f 2193 2194 2195
f 2196 2197 2198
f 2199 2200 2201
f 2202 2203 2204
f 2205 2206 2207
f 2208 2209 2210
f 2211 2212 2213
f 2214 2215 2216
f 2217 2218 2219
f 2220 2221 2222
f 2220 2222 2223
f 2224 2225 2226
f 2227 2228 2229
f 2230 2231 2232
f 2233 2234 2235
f 2236 2237 2238
f 2239 2240 2241
f 2242 2243 2244
f 2245 2246 2247
f 2248 2249 2250
f 2251 2252 2253
f 2254 2255 2256
f 2257 2258 2259
f 2260 2261 2262
f 2263 2264 2265
f 2266 2267 2268
f 2266 2268 2269
f 2270 2271 2272
f 2273 2274 2275
f 2273 2275 2276
f 2277 2278 2279
f 2280 2281 2282
f 2283 2284 2285
f 2286 2287 2288
f 2289 2290 2291
f 2292 2293 2294
f 2295 2296 2297
f 2298 2299 2300
f 2301 2302 2303
f 2304 2305 2306
f 2307 2308 2309
f 2310 2311 2312
f 2313 2314 2315
f 2316 2317 2318
f 2319 2320 2321
f 2319 2321 2322
f 2323 2324 2325
f 2326 2327 2328
f 2329 2330 2331
f 2332 2333 2334
f 2335 2336 2337
f 2335 2337 2338
f 2339 2340 2341
f 2342 2343 2344
f 2345 2346 2347
f 2348 2349 2350
f 2351 2352 2353
f 2351 2353 2354
f 2355 2356 2357
f 2355 2357 2358
f 2359 2360 2361
f 2359 2361 2362
f 2363 2364 2365
f 2363 2365 2366
f 2367 2368 2369
f 2367 2369 2370
f 2371 2372 2373
f 2371 2373 2374
f 2375 2376 2377
f 2375 2377 2378
f 2379 2380 2381
f 2379 2381 2382
f 2383 2384 2385
f 2383 2385 2386
f 2387 2388 2389
f 2387 2389 2390
f 2391 2392 2393
f 2391 2393 2394
f 2395 2396 2397
f 2395 2397 2398
f 2399 2400 2401
f 2399 2401 2402
f 2403 2404 2405
f 2403 2405 2406
f 2407 2408 2409
f 2407 2409 2410
f 2411 2412 2413
f 2411 2413 2414
f 2415 2416 2417
f 2415 2417 2418
f 2419 2420 2421
f 2419 2421 2422
f 2423 2424 2425
f 2423 2425 2426
f 2427 2428 2429
f 2427 2429 2430
f 2431 2432 2433
f 2431 2433 2434
f 2435 2436 2437
f 2435 2437 2438
f 2439 2440 2441
f 2439 2441 2442
f 2443 2444 2445
f 2443 2445 2446
f 2447 2448 2449
f 2447 2449 2450
f 2451 2452 2453
f 2451 2453 2454
f 2455 2456 2457
f 2455 2457 2458
f 2459 2460 2461
f 2459 2461 2462
f 2463 2464 2465
f 2463 2465 2466
f 2467 2468 2469
f 2467 2469 2470
f 2471 2472 2473
f 2471 2473 2474
f 2475 2476 2477
f 2475 2477 2478
f 2479 2480 2481
f 2482 2483 2484
f 2485 2486 2487
f 2488 2489 2490
f 2491 2492 2493
f 2494 2495 2496
f 2497 2498 2499
f 2500 2501 2502
f 2503 2504 2505
f 2503 2505 2506
f 2507 2508 2509
f 2510 2511 2512
f 2513 2514 2515
f 2516 2517 2518
f 2519 2520 2521
f 2522 2523 2524
f 2525 2526 2527
f 2528 2529 2530
f 2531 2532 2533
f 2534 2535 2536
f 2537 2538 2539
f 2540 2541 2542
f 2543 2544 2545
f 2543 2545 2546
f 2547 2548 2549
f 2550 2551 2552
f 2553 2554 2555
f 2556 2557 2558
f 2559 2560 2561
f 2562 2563 2564
f 2565 2566 2567
f 2568 2569 2570
f 2571 2572 2573
f 2574 2575 2576
f 2577 2578 2579
f 2580 2581 2582
f 2580 2582 2583
f 2584 2585 2586
f 2587 2588 2589
f 2590 2591 2592
f 2593 2594 2595
f 2596 2597 2598
f 2596 2598 2599
f 2600 2601 2602
f 2603 2604 2605
f 2603 2605 2606
f 2607 2608 2609
f 2610 2611 2612
f 2613 2614 2615
f 2616 2617 2618
f 2619 2620 2621
f 2622 2623 2624
f 2625 2626 2627
f 2628 2629 2630
f 2631 2632 2633
f 2634 2635 2636
f 2637 2638 2639
f 2637 2639 2640
f 2641 2642 2643
f 2644 2645 2646
f 2647 2648 2649
f 2650 2651 2652
f 2653 2654 2655
f 2656 2657 2658
f 2659 2660 2661
f 2662 2663 2664
f 2665 2666 2667
f 2668 2669 2670
f 2671 2672 2673
f 2674 2675 2676
f 2677 2678 2679
f 2677 2679 2680
f 2681 2682 2683
f 2684 2685 2686
f 2687 2688 2689
f 2687 2689 2690
f 2691 2692 2693
f 2694 2695 2696
f 2697 2698 2699
f 2700 2701 2702
f 2703 2704 2705
f 2706 2707 2708
f 2709 2710 2711
f 2709 2711 2712
f 2713 2714 2715
f 2716 2717 2718
f 2719 2720 2721
f 2722 2723 2724
f 2725 2726 2727
f 2725 2727 2728
f 2729 2730 2731
f 2729 2731 2732
f 2733 2734 2735
f 2733 2735 2736
f 2737 2738 2739
f 2737 2739 2740
f 2741 2742 2743
f 2741 2743 2744
f 2745 2746 2747
f 2745 2747 2748
f 2749 2750 2751
f 2749 2751 2752
f 2753 2754 2755
f 2753 2755 2756
f 2757 2758 2759
f 2757 2759 2760
f 2761 2762 2763
f 2761 2763 2764
f 2765 2766 2767
f 2765 2767 2768
f 2769 2770 2771
f 2769 2771 2772
f 2773 2774 2775
f 2773 2775 2776
f 2777 2778 2779
f 2777 2779 2780
f 2781 2782 2783
f 2781 2783 2784
f 2785 2786 2787
f 2785 2787 2788
f 2789 2790 2791
f 2789 2791 2792
f 2793 2794 2795
f 2793 2795 2796
f 2797 2798 2799
f 2797 2799 2800
f 2801 2802 2803
f 2801 2803 2804
f 2805 2806 2807
f 2805 2807 2808
f 2809 2810 2811
f 2809 2811 2812
f 2813 2814 2815
f 2813 2815 2816
f 2817 2818 2819
f 2817 2819 2820
f 2821 2822 2823
f 2821 2823 2824
f 2825 2826 2827
f 2825 2827 2828
f 2829 2830 2831
f 2829 2831 2832
f 2833 2834 2835
f 2833 2835 2836
f 2837 2838 2839
f 2837 2839 2840
f 2841 2842 2843
f 2841 2843 2844
f 2845 2846 2847
f 2845 2847 2848
f 2849 2850 2851
f 2849 2851 2852
f 2853 2854 2855
f 2853 2855 2856
f 2857 2858 2859
f 2857 2859 2860
f 2861 2862 2863
f 2861 2863 2864
f 2865 2866 2867
f 2865 2867 2868
f 2869 2870 2871
f 2869 2871 2872
f 2873 2874 2875
f 2873 2875 2876
f 2877 2878 2879
f 2877 2879 2880
f 2881 2882 2883
f 2881 2883 2884
f 2885 2886 2887
f 2885 2887 2888
f 2889 2890 2891
f 2889 2891 2892
f 2893 2894 2895
f 2893 2895 2896
f 2897 2898 2899
f 2897 2899 2900
f 2901 2902 2903
f 2901 2903 2904
f 2905 2906 2907
f 2905 2907 2908
f 2909 2910 2911
f 2909 2911 2912
f 2913 2914 2915
f 2913 2915 2916
f 2917 2918 2919
f 2917 2919 2920
f 2921 2922 2923
f 2921 2923 2924
f 2925 2926 2927
f 2925 2927 2928
f 2929 2930 2931
f 2929 2931 2932
f 2933 2934 2935
f 2933 2935 2936
f 2937 2938 2939
f 2937 2939 2940
f 2941 2942 2943
f 2941 2943 2944
f 2945 2946 2947
f 2945 2947 2948
f 2949 2950 2951
f 2949 2951 2952
f 2953 2954 2955
f 2953 2955 2956
f 2957 2958 2959
f 2957 2959 2960
f 2961 2962 2963
f 2961 2963 2964
f 2965 2966 2967
f 2965 2967 2968
f 2969 2970 2971
f 2969 2971 2972
f 2973 2974 2975
f 2973 2975 2976
f 2977 2978 2979
f 2977 2979 2980
f 2981 2982 2983
f 2981 2983 2984
f 2985 2986 2987
f 2985 2987 2988
f 2989 2990 2991
f 2989 2991 2992
f 2993 2994 2995
f 2993 2995 2996
f 2997 2998 2999
f 2997 2999 3000
f 3001 3002 3003
f 3001 3003 3004
f 3005 3006 3007
f 3005 3007 3008
f 3009 3010 3011
f 3009 3011 3012
f 3013 3014 3015
f 3013 3015 3016
f 3017 3018 3019
f 3017 3019 3020
f 3021 3022 3023
f 3021 3023 3024
f 3025 3026 3027
f 3025 3027 3028
f 3029 3030 3031
f 3029 3031 3032
f 3033 3034 3035
f 3033 3035 3036
f 3037 3038 3039
f 3037 3039 3040
f 3041 3042 3043
f 3041 3043 3044
f 3045 3046 3047
f 3048 3049 3050
f 3051 3052 3053
f 3054 3055 3056
f 3057 3058 3059
f 3057 3059 3060
f 3061 3062 3063
f 3061 3063 3064
f 3065 3066 3067
f 3065 3067 3068
f 3069 3070 3071
f 3069 3071 3072
f 3073 3074 3075
f 3073 3075 3076
f 3077 3078 3079
f 3077 3079 3080
f 3081 3082 3083
f 3081 3083 3084
f 3085 3086 3087
f 3085 3087 3088
f 3089 3090 3091
f 3092 3093 3094
f 3095 3096 3097
f 3098 3099 3100
f 3101 3102 3103
f 3104 3105 3106
f 3107 3108 3109
f 3110 3111 3112
f 3113 3114 3115
f 3116 3117 3118
f 3119 3120 3121
f 3122 3123 3124
f 3125 3126 3127
f 3128 3129 3130
f 3131 3132 3133
f 3131 3133 3134
f 3135 3136 3137
f 3138 3139 3140
f 3141 3142 3143
f 3144 3145 3146
f 3147 3148 3149
f 3150 3151 3152
f 3153 3154 3155
f 3156 3157 3158
f 3159 3160 3161
f 3162 3163 3164
f 3165 3166 3167
f 3168 3169 3170
f 3171 3172 3173
f 3174 3175 3176
f 3177 3178 3179
f 3180 3181 3182
f 3180 3182 3183
f 3184 3185 3186
f 3187 3188 3189
f 3190 3191 3192
f 3193 3194 3195
f 3196 3197 3198
f 3199 3200 3201
f 3202 3203 3204
f 3205 3206 3207
f 3208 3209 3210
f 3211 3212 3213
f 3214 3215 3216
f 3217 3218 3219
f 3220 3221 3222
f 3223 3224 3225
f 3226 3227 3228
f 3226 3228 3229
f 3230 3231 3232
f 3233 3234 3235
f 3233 3235 3236
f 3237 3238 3239
f 3240 3241 3242
f 3243 3244 3245
f 3246 3247 3248
f 3249 3250 3251
f 3252 3253 3254
f 3255 3256 3257
f 3258 3259 3260
f 3261 3262 3263
f 3264 3265 3266
f 3267 3268 3269
f 3270 3271 3272
f 3273 3274 3275
f 3276 3277 3278
f 3279 3280 3281
f 3279 3281 3282
f 3283 3284 3285
f 3286 3287 3288
f 3289 3290 3291
f 3292 3293 3294
f 3295 3296 3297
f 3295 3297 3298
f 3299 3300 3301
f 3302 3303 3304
f 3305 3306 3307
f 3308 3309 3310
f 3311 3312 3313
f 3311 3313 3314
f 3315 3316 3317
f 3315 3317 3318
f 3319 3320 3321
f 3319 3321 3322
f 3323 3324 3325
f 3323 3325 3326
f 3327 3328 3329
f 3327 3329 3330
f 3331 3332 3333
f 3331 3333 3334
f 3335 3336 3337
f 3335 3337 3338
f 3339 3340 3341
f 3339 3341 3342
f 3343 3344 3345
f 3343 3345 3346
f 3347 3348 3349
f 3347 3349 3350
f 3351 3352 3353
f 3351 3353 3354
f 3355 3356 3357
f 3355 3357 3358
f 3359 3360 3361
f 3359 3361 3362
f 3363 3364 3365
f 3363 3365 3366
f 3367 3368 3369
f 3367 3369 3370
f 3371 3372 3373
f 3371 3373 3374
f 3375 3376 3377
f 3375 3377 3378
f 3379 3380 3381
f 3379 3381 3382
f 3383 3384 3385
f 3383 3385 3386
f 3387 3388 3389
f 3387 3389 3390
f 3391 3392 3393
f 3391 3393 3394
f 3395 3396 3397
f 3395 3397 3398
f 3399 3400 3401
f 3399 3401 3402
f 3403 3404 3405
f 3403 3405 3406
f 3407 3408 3409
f 3407 3409 3410
f 3411 3412 3413
f 3411 3413 3414
f 3415 3416 3417
f 3415 3417 3418
f 3419 3420 3421
f 3419 3421 3422
f 3423 3424 3425
f 3423 3425 3426
f 3427 3428 3429
f 3427 3429 3430
f 3431 3432 3433
f 3431 3433 3434
f 3435 3436 3437
f 3435 3437 3438
f 3439 3440 3441
f 3442 3443 3444
f 3445 3446 3447
f 3448 3449 3450
f 3451 3452 3453
f 3454 3455 3456
f 3457 3458 3459
f 3460 3461 3462
f 3463 3464 3465
f 3463 3465 3466
f 3467 3468 3469
f 3470 3471 3472
f 3473 3474 3475
f 3476 3477 3478
f 3479 3480 3481
f 3482 3483 3484
f 3485 3486 3487
f 3488 3489 3490
f 3491 3492 3493
f 3494 3495 3496
f 3497 3498 3499
f 3500 3501 3502
f 3503 3504 3505
f 3503 3505 3506
f 3507 3508 3509
f 3510 3511 3512
f 3513 3514 3515
f 3516 3517 3518
f 3519 3520 3521
f 3522 3523 3524
f 3525 3526 3527
f 3528 3529 3530
f 3531 3532 3533
f 3534 3535 3536
f 3537 3538 3539
f 3540 3541 3542
f 3540 3542 3543
f 3544 3545 3546
f 3547 3548 3549
f 3550 3551 3552
f 3553 3554 3555
f 3556 3557 3558
f 3556 3558 3559
f 3560 3561 3562
f 3563 3564 3565
f 3563 3565 3566
f 3567 3568 3569
f 3570 3571 3572
f 3573 3574 3575
f 3576 3577 3578
f 3579 3580 3581
f 3582 3583 3584
f 3585 3586 3587
f 3588 3589 3590
f 3591 3592 3593
f 3594 3595 3596
f 3597 3598 3599
f 3597 3599 3600
f 3601 3602 3603
f 3604 3605 3606
f 3607 3608 3609
f 3610 3611 3612
f 3613 3614 3615
f 3616 3617 3618
f 3619 3620 3621
f 3622 3623 3624
f 3625 3626 3627
f 3628 3629 3630
f 3631 3632 3633
f 3634 3635 3636
f 3637 3638 3639
f 3637 3639 3640
f 3641 3642 3643
f 3644 3645 3646
f 3647 3648 3649
f 3647 3649 3650
f 3651 3652 3653
f 3654 3655 3656
f 3657 3658 3659
f 3660 3661 3662
f 3663 3664 3665
f 3666 3667 3668
f 3669 3670 3671
f 3669 3671 3672
f 3673 3674 3675
f 3676 3677 3678
f 3679 3680 3681
f 3682 3683 3684
f 3685 3686 3687
f 3685 3687 3688
f 3689 3690 3691
f 3689 3691 3692
f 3693 3694 3695
f 3693 3695 3696
f 3697 3698 3699
f 3697 3699 3700
f 3701 3702 3703
f 3701 3703 3704
f 3705 3706 3707
f 3705 3707 3708
f 3709 3710 3711
f 3709 3711 3712
f 3713 3714 3715
f 3713 3715 3716
f 3717 3718 3719
f 3717 3719 3720
f 3721 3722 3723
f 3721 3723 3724
f 3725 3726 3727
f 3725 3727 3728
f 3729 3730 3731
f 3729 3731 3732
f 3733 3734 3735
f 3733 3735 3736
f 3737 3738 3739
f 3737 3739 3740
f 3741 3742 3743
f 3741 3743 3744
f 3745 3746 3747
f 3745 3747 3748
f 3749 3750 3751
f 3749 3751 3752
f 3753 3754 3755
f 3753 3755 3756
f 3757 3758 3759
f 3757 3759 3760
f 3761 3762 3763
f 3761 3763 3764
f 3765 3766 3767
f 3765 3767 3768
f 3769 3770 3771
f 3769 3771 3772
f 3773 3774 3775
f 3773 3775 3776
f 3777 3778 3779
f 3777 3779 3780
f 3781 3782 3783
f 3781 3783 3784
f 3785 3786 3787
f 3785 3787 3788
f 3789 3790 3791
f 3789 3791 3792
f 3793 3794 3795
f 3793 3795 3796
f 3797 3798 3799
f 3797 3799 3800
f 3801 3802 3803
f 3801 3803 3804
f 3805 3806 3807
f 3805 3807 3808
f 3809 3810 3811
f 3809 3811 3812
f 3813 3814 3815
f 3813 3815 3816
f 3817 3818 3819
f 3817 3819 3820
f 3821 3822 3823
f 3821 3823 3824
f 3825 3826 3827
f 3825 3827 3828
f 3829 3830 3831
f 3829 3831 3832
f 3833 3834 3835
f 3833 3835 3836
f 3837 3838 3839
f 3837 3839 3840
f 3841 3842 3843
f 3841 3843 3844
f 3845 3846 3847
f 3845 3847 3848
f 3849 3850 3851
f 3849 3851 3852
f 3853 3854 3855
f 3853 3855 3856
f 3857 3858 3859
f 3857 3859 3860
f 3861 3862 3863
f 3861 3863 3864
f 3865 3866 3867
f 3865 3867 3868
f 3869 3870 3871
f 3869 3871 3872
f 3873 3874 3875
f 3873 3875 3876
f 3877 3878 3879
f 3877 3879 3880
f 3881 3882 3883
f 3881 3883 3884
f 3885 3886 3887
f 3885 3887 3888
f 3889 3890 3891
f 3889 3891 3892
f 3893 3894 3895
f 3893 3895 3896
f 3897 3898 3899
f 3897 3899 3900
f 3901 3902 3903
f 3901 3903 3904
f 3905 3906 3907
f 3905 3907 3908
f 3909 3910 3911
f 3909 3911 3912
f 3913 3914 3915
f 3913 3915 3916
f 3917 3918 3919
f 3917 3919 3920
f 3921 3922 3923
f 3921 3923 3924
f 3925 3926 3927
f 3925 3927 3928
f 3929 3930 3931
f 3929 3931 3932
f 3933 3934 3935
f 3933 3935 3936
f 3937 3938 3939
f 3937 3939 3940
f 3941 3942 3943
f 3941 3943 3944
f 3945 3946 3947
f 3945 3947 3948
f 3949 3950 3951
f 3949 3951 3952
f 3953 3954 3955
f 3953 3955 3956
f 3957 3958 3959
f 3957 3959 3960
f 3961 3962 3963
f 3961 3963 3964
f 3965 3966 3967
f 3965 3967 3968
f 3969 3970 3971
f 3969 3971 3972
f 3973 3974 3975
f 3973 3975 3976
f 3977 3978 3979
f 3977 3979 3980
f 3981 3982 3983
f 3981 3983 3984
f 3985 3986 3987
f 3985 3987 3988
f 3989 3990 3991
f 3989 3991 3992
f 3993 3994 3995
f 3993 3995 3996
f 3997 3998 3999
f 3997 3999 4000
f 4001 4002 4003
f 4001 4003 4004
f 4005 4006 4007
f 4008 4009 4010
f 4011 4012 4013
f 4014 4015 4016
f 4017 4018 4019
f 4017 4019 4020
f 4021 4022 4023
f 4021 4023 4024
f 4025 4026 4027
f 4025 4027 4028
f 4029 4030 4031
f 4029 4031 4032
f 4033 4034 4035
f 4033 4035 4036
f 4037 4038 4039
f 4037 4039 4040
f 4041 4042 4043
f 4041 4043 4044
f 4045 4046 4047
f 4045 4047 4048
f 4049 4050 4051
f 4052 4053 4054
f 4055 4056 4057
f 4058 4059 4060
f 4061 4062 4063
f 4064 4065 4066
f 4067 4068 4069
f 4070 4071 4072
f 4073 4074 4075
f 4076 4077 4078
f 4079 4080 4081
f 4082 4083 4084
f 4085 4086 4087
f 4088 4089 4090
f 4091 4092 4093
f 4091 4093 4094
f 4095 4096 4097
f 4098 4099 4100
f 4101 4102 4103
f 4104 4105 4106
f 4107 4108 4109
f 4110 4111 4112
f 4113 4114 4115
f 4116 4117 4118
f 4119 4120 4121
f 4122 4123 4124
f 4125 4126 4127
f 4128 4129 4130
f 4131 4132 4133
f 4134 4135 4136
f 4137 4138 4139
f 4140 4141 4142
f 4140 4142 4143
f 4144 4145 4146
f 4147 4148 4149
f 4150 4151 4152
f 4153 4154 4155
f 4156 4157 4158
f 4159 4160 4161
f 4162 4163 4164
f 4165 4166 4167
f 4168 4169 4170
f 4171 4172 4173
f 4174 4175 4176
f 4177 4178 4179
f 4180 4181 4182
f 4183 4184 4185
f 4186 4187 4188
f 4186 4188 4189
f 4190 4191 4192
f 4193 4194 4195
f 4193 4195 4196
f 4197 4198 4199
f 4200 4201 4202
f 4203 4204 4205
f 4206 4207 4208
f 4209 4210 4211
f 4212 4213 4214
f 4215 4216 4217
f 4218 4219 4220
f 4221 4222 4223
f 4224 4225 4226
f 4227 4228 4229
f 4230 4231 4232
f 4233 4234 4235
f 4236 4237 4238
f 4239 4240 4241
f 4239 4241 4242
f 4243 4244 4245
f 4246 4247 4248
f 4249 4250 4251
f 4252 4253 4254
f 4255 4256 4257
f 4255 4257 4258
f 4259 4260 4261
f 4262 4263 4264
f 4265 4266 4267
f 4268 4269 4270
f 4271 4272 4273
f 4271 4273 4274
f 4275 4276 4277
f 4275 4277 4278
f 4279 4280 4281
f 4279 4281 4282
f 4283 4284 4285
f 4283 4285 4286
f 4287 4288 4289
f 4287 4289 4290
f 4291 4292 4293
f 4291 4293 4294
f 4295 4296 4297
f 4295 4297 4298
f 4299 4300 4301
f 4299 4301 4302
f 4303 4304 4305
f 4303 4305 4306
f 4307 4308 4309
f 4307 4309 4310
f 4311 4312 4313
f 4311 4313 4314
f 4315 4316 4317
f 4315 4317 4318
f 4319 4320 4321
f 4319 4321 4322
f 4323 4324 4325
f 4323 4325 4326
f 4327 4328 4329
f 4327 4329 4330
f 4331 4332 4333
f 4331 4333 4334
f 4335 4336 4337
f 4335 4337 4338
f 4339 4340 4341
f 4339 4341 4342
f 4343 4344 4345
f 4343 4345 4346
f 4347 4348 4349
f 4347 4349 4350
f 4351 4352 4353
f 4351 4353 4354
f 4355 4356 4357
f 4355 4357 4358
f 4359 4360 4361
f 4359 4361 4362
f 4363 4364 4365
f 4363 4365 4366
f 4367 4368 4369
f 4367 4369 4370
f 4371 4372 4373
f 4371 4373 4374
f 4375 4376 4377
f 4375 4377 4378
f 4379 4380 4381
f 4379 4381 4382
f 4383 4384 4385
f 4383 4385 4386
f 4387 4388 4389
f 4387 4389 4390
f 4391 4392 4393
f 4391 4393 4394
f 4395 4396 4397
f 4395 4397 4398
f 4399 4400 4401
f 4402 4403 4404
f 4405 4406 4407
f 4408 4409 4410
f 4411 4412 4413
f 4414 4415 4416
f 4417 4418 4419
f 4420 4421 4422
f 4423 4424 4425
f 4423 4425 4426
f 4427 4428 4429
f 4430 4431 4432
f 4433 4434 4435
f 4436 4437 4438
f 4439 4440 4441
f 4442 4443 4444
f 4445 4446 4447
f 4448 4449 4450
f 4451 4452 4453
f 4454 4455 4456
f 4457 4458 4459
f 4460 4461 4462
f 4463 4464 4465
f 4463 4465 4466
f 4467 4468 4469
f 4470 4471 4472
f 4473 4474 4475
f 4476 4477 4478
f 4479 4480 4481
f 4482 4483 4484
f 4485 4486 4487
f 4488 4489 4490
f 4491 4492 4493
f 4494 4495 4496
f 4497 4498 4499
f 4500 4501 4502
f 4500 4502 4503
f 4504 4505 4506
f 4507 4508 4509
f 4510 4511 4512
f 4513 4514 4515
f 4516 4517 4518
f 4516 4518 4519
f 4520 4521 4522
f 4523 4524 4525
f 4523 4525 4526
f 4527 4528 4529
f 4530 4531 4532
f 4533 4534 4535
f 4536 4537 4538
f 4539 4540 4541
f 4542 4543 4544
f 4545 4546 4547
f 4548 4549 4550
f 4551 4552 4553
f 4554 4555 4556
f 4557 4558 4559
f 4557 4559 4560
f 4561 4562 4563
f 4564 4565 4566
f 4567 4568 4569
f 4570 4571 4572
f 4573 4574 4575
f 4576 4577 4578
f 4579 4580 4581
f 4582 4583 4584
f 4585 4586 4587
f 4588 4589 4590
f 4591 4592 4593
f 4594 4595 4596
f 4597 4598 4599
f 4597 4599 4600
f 4601 4602 4603
f 4604 4605 4606
f 4607 4608 4609
f 4607 4609 4610
f 4611 4612 4613
f 4614 4615 4616
f 4617 4618 4619
f 4620 4621 4622
f 4623 4624 4625
f 4626 4627 4628
f 4629 4630 4631
f 4629 4631 4632
f 4633 4634 4635
f 4636 4637 4638
f 4639 4640 4641
f 4642 4643 4644
f 4645 4646 4647
f 4645 4647 4648
f 4649 4650 4651
f 4649 4651 4652
f 4653 4654 4655
f 4653 4655 4656
f 4657 4658 4659
f 4657 4659 4660
f 4661 4662 4663
f 4661 4663 4664
f 4665 4666 4667
f 4665 4667 4668
f 4669 4670 4671
f 4669 4671 4672
f 4673 4674 4675
f 4673 4675 4676
f 4677 4678 4679
f 4677 4679 4680
f 4681 4682 4683
f 4681 4683 4684
f 4685 4686 4687
f 4685 4687 4688
f 4689 4690 4691
f 4689 4691 4692
f 4693 4694 4695
f 4693 4695 4696
f 4697 4698 4699
f 4697 4699 4700
f 4701 4702 4703
f 4701 4703 4704
f 4705 4706 4707
f 4705 4707 4708
f 4709 4710 4711
f 4709 4711 4712
f 4713 4714 4715
f 4713 4715 4716
f 4717 4718 4719
f 4717 4719 4720
f 4721 4722 4723
f 4721 4723 4724
f 4725 4726 4727
f 4725 4727 4728
f 4729 4730 4731
f 4729 4731 4732
f 4733 4734 4735
f 4733 4735 4736
f 4737 4738 4739
f 4737 4739 4740
f 4741 4742 4743
f 4741 4743 4744
f 4745 4746 4747
f 4745 4747 4748
f 4749 4750 4751
f 4749 4751 4752
f 4753 4754 4755
f 4753 4755 4756
f 4757 4758 4759
f 4757 4759 4760
f 4761 4762 4763
f 4761 4763 4764
f 4765 4766 4767
f 4765 4767 4768
f 4769 4770 4771
f 4769 4771 4772
f 4773 4774 4775
f 4773 4775 4776
f 4777 4778 4779
f 4777 4779 4780
f 4781 4782 4783
f 4781 4783 4784
f 4785 4786 4787
f 4785 4787 4788
f 4789 4790 4791
f 4789 4791 4792
f 4793 4794 4795
f 4793 4795 4796
f 4797 4798 4799
f 4797 4799 4800
f 4801 4802 4803
f 4801 4803 4804
f 4805 4806 4807
f 4805 4807 4808
f 4809 4810 4811
f 4809 4811 4812
f 4813 4814 4815
f 4813 4815 4816
f 4817 4818 4819
f 4817 4819 4820
f 4821 4822 4823
f 4821 4823 4824
f 4825 4826 4827
f 4825 4827 4828
f 4829 4830 4831
f 4829 4831 4832
f 4833 4834 4835
f 4833 4835 4836
f 4837 4838 4839
f 4837 4839 4840
f 4841 4842 4843
f 4841 4843 4844
f 4845 4846 4847
f 4845 4847 4848
f 4849 4850 4851
f 4849 4851 4852
f 4853 4854 4855
f 4853 4855 4856
f 4857 4858 4859
f 4857 4859 4860
f 4861 4862 4863
f 4861 4863 4864
f 4865 4866 4867
f 4865 4867 4868
f 4869 4870 4871
f 4869 4871 4872
f 4873 4874 4875
f 4873 4875 4876
f 4877 4878 4879
f 4877 4879 4880
f 4881 4882 4883
f 4881 4883 4884
f 4885 4886 4887
f 4885 4887 4888
f 4889 4890 4891
f 4889 4891 4892
f 4893 4894 4895
f 4893 4895 4896
f 4897 4898 4899
f 4897 4899 4900
f 4901 4902 4903
f 4901 4903 4904
f 4905 4906 4907
f 4905 4907 4908
f 4909 4910 4911
f 4909 4911 4912
f 4913 4914 4915
f 4913 4915 4916
f 4917 4918 4919
f 4917 4919 4920
f 4921 4922 4923
f 4921 4923 4924
f 4925 4926 4927
f 4925 4927 4928
f 4929 4930 4931
f 4929 4931 4932
f 4933 4934 4935
f 4933 4935 4936
f 4937 4938 4939
f 4937 4939 4940
f 4941 4942 4943
f 4941 4943 4944
f 4945 4946 4947
f 4945 4947 4948
f 4949 4950 4951
f 4949 4951 4952
f 4953 4954 4955
f 4953 4955 4956
f 4957 4958 4959
f 4957 4959 4960
f 4961 4962 4963
f 4961 4963 4964
f 4965 4966 4967
f 4968 4969 4970
f 4971 4972 4973
f 4974 4975 4976
f 4977 4978 4979
f 4977 4979 4980
f 4981 4982 4983
f 4981 4983 4984
f 4985 4986 4987
f 4985 4987 4988
f 4989 4990 4991
f 4989 4991 4992
f 4993 4994 4995
f 4993 4995 4996
f 4997 4998 4999
f 4997 4999 5000
f 5001 5002 5003
f 5001 5003 5004
f 5005 5006 5007
f 5005 5007 5008
f 5009 5010 5011
f 5009 5011 5012
f 5013 5014 5015
f 5013 5015 5016
f 5017 5018 5019
f 5017 5019 5020
f 5021 5022 5023
f 5021 5023 5024
f 5025 5026 5027
f 5025 5027 5028
f 5029 5030 5031
f 5029 5031 5032
f 5033 5034 5035
f 5033 5035 5036
f 5037 5038 5039
f 5037 5039 5040
f 5041 5042 5043
f 5041 5043 5044
f 5045 5046 5047
f 5045 5047 5048
f 5049 5050 5051
f 5049 5051 5052
f 5053 5054 5055
f 5053 5055 5056
f 5057 5058 5059
f 5057 5059 5060
f 5061 5062 5063
f 5061 5063 5064
f 5065 5066 5067
f 5065 5067 5068
f 5069 5070 5071
f 5069 5071 5072
f 5073 5074 5075
f 5073 5075 5076
f 5077 5078 5079
f 5077 5079 5080
f 5081 5082 5083
f 5081 5083 5084
f 5085 5086 5087
f 5085 5087 5088
f 5089 5090 5091
f 5089 5091 5092
f 5093 5094 5095
f 5093 5095 5096
f 5097 5098 5099
f 5097 5099 5100
f 5101 5102 5103
f 5101 5103 5104
f 5105 5106 5107
f 5105 5107 5108
f 5109 5110 5111
f 5109 5111 5112
f 5113 5114 5115
f 5113 5115 5116
f 5117 5118 5119
f 5117 5119 5120
f 5121 5122 5123
f 5121 5123 5124
f 5125 5126 5127
f 5125 5127 5128
f 5129 5130 5131
f 5129 5131 5132
f 5133 5134 5135
f 5133 5135 5136
f 5137 5138 5139
f 5137 5139 5140
f 5141 5142 5143
f 5141 5143 5144
f 5145 5146 5147
f 5145 5147 5148
f 5149 5150 5151
f 5149 5151 5152
f 5153 5154 5155
f 5153 5155 5156
f 5157 5158 5159
f 5157 5159 5160
f 5161 5162 5163
f 5161 5163 5164
f 5165 5166 5167
f 5165 5167 5168
