# Baked from official LDraw part 2417.dat
o ldraw_2417
v 1.1500000 -0.2000000 1.0000000
v 1.1385850 -0.2000000 1.0574050
v 1.1385850 -0.0750000 1.0574050
v 1.1500000 -0.0750000 1.0000000
v 1.1385850 -0.2000000 1.0574050
v 1.1060650 -0.2000000 1.1060650
v 1.1060650 -0.0750000 1.1060650
v 1.1385850 -0.0750000 1.0574050
v 1.1060650 -0.2000000 1.1060650
v 1.0574050 -0.2000000 1.1385850
v 1.0574050 -0.0750000 1.1385850
v 1.1060650 -0.0750000 1.1060650
v 1.0574050 -0.2000000 1.1385850
v 1.0000000 -0.2000000 1.1500000
v 1.0000000 -0.0750000 1.1500000
v 1.0574050 -0.0750000 1.1385850
v 1.0000000 -0.2000000 1.1500000
v 0.9425950 -0.2000000 1.1385850
v 0.9425950 -0.0750000 1.1385850
v 1.0000000 -0.0750000 1.1500000
v 0.9425950 -0.2000000 1.1385850
v 0.8939350 -0.2000000 1.1060650
v 0.8939350 -0.0750000 1.1060650
v 0.9425950 -0.0750000 1.1385850
v 0.8939350 -0.2000000 1.1060650
v 0.8614150 -0.2000000 1.0574050
v 0.8614150 -0.0750000 1.0574050
v 0.8939350 -0.0750000 1.1060650
v 0.8614150 -0.2000000 1.0574050
v 0.8500000 -0.2000000 1.0000000
v 0.8500000 -0.0750000 1.0000000
v 0.8614150 -0.0750000 1.0574050
v 0.8500000 -0.2000000 1.0000000
v 0.8614150 -0.2000000 0.9425950
v 0.8614150 -0.0750000 0.9425950
v 0.8500000 -0.0750000 1.0000000
v 0.8614150 -0.2000000 0.9425950
v 0.8939350 -0.2000000 0.8939350
v 0.8939350 -0.0750000 0.8939350
v 0.8614150 -0.0750000 0.9425950
v 0.8939350 -0.2000000 0.8939350
v 0.9425950 -0.2000000 0.8614150
v 0.9425950 -0.0750000 0.8614150
v 0.8939350 -0.0750000 0.8939350
v 0.9425950 -0.2000000 0.8614150
v 1.0000000 -0.2000000 0.8500000
v 1.0000000 -0.0750000 0.8500000
v 0.9425950 -0.0750000 0.8614150
v 1.0000000 -0.2000000 0.8500000
v 1.0574050 -0.2000000 0.8614150
v 1.0574050 -0.0750000 0.8614150
v 1.0000000 -0.0750000 0.8500000
v 1.0574050 -0.2000000 0.8614150
v 1.1060650 -0.2000000 0.8939350
v 1.1060650 -0.0750000 0.8939350
v 1.0574050 -0.0750000 0.8614150
v 1.1060650 -0.2000000 0.8939350
v 1.1385850 -0.2000000 0.9425950
v 1.1385850 -0.0750000 0.9425950
v 1.1060650 -0.0750000 0.8939350
v 1.1385850 -0.2000000 0.9425950
v 1.1500000 -0.2000000 1.0000000
v 1.1500000 -0.0750000 1.0000000
v 1.1385850 -0.0750000 0.9425950
v 1.2000000 -0.0750000 1.0000000
v 1.1847800 -0.0750000 1.0765400
v 1.1847800 -0.2000000 1.0765400
v 1.2000000 -0.2000000 1.0000000
v 1.1847800 -0.0750000 1.0765400
v 1.1414200 -0.0750000 1.1414200
v 1.1414200 -0.2000000 1.1414200
v 1.1847800 -0.2000000 1.0765400
v 1.1414200 -0.0750000 1.1414200
v 1.0765400 -0.0750000 1.1847800
v 1.0765400 -0.2000000 1.1847800
v 1.1414200 -0.2000000 1.1414200
v 1.0765400 -0.0750000 1.1847800
v 1.0000000 -0.0750000 1.2000000
v 1.0000000 -0.2000000 1.2000000
v 1.0765400 -0.2000000 1.1847800
v 1.0000000 -0.0750000 1.2000000
v 0.9234600 -0.0750000 1.1847800
v 0.9234600 -0.2000000 1.1847800
v 1.0000000 -0.2000000 1.2000000
v 0.9234600 -0.0750000 1.1847800
v 0.8585800 -0.0750000 1.1414200
v 0.8585800 -0.2000000 1.1414200
v 0.9234600 -0.2000000 1.1847800
v 0.8585800 -0.0750000 1.1414200
v 0.8152200 -0.0750000 1.0765400
v 0.8152200 -0.2000000 1.0765400
v 0.8585800 -0.2000000 1.1414200
v 0.8152200 -0.0750000 1.0765400
v 0.8000000 -0.0750000 1.0000000
v 0.8000000 -0.2000000 1.0000000
v 0.8152200 -0.2000000 1.0765400
v 0.8000000 -0.0750000 1.0000000
v 0.8152200 -0.0750000 0.9234600
v 0.8152200 -0.2000000 0.9234600
v 0.8000000 -0.2000000 1.0000000
v 0.8152200 -0.0750000 0.9234600
v 0.8585800 -0.0750000 0.8585800
v 0.8585800 -0.2000000 0.8585800
v 0.8152200 -0.2000000 0.9234600
v 0.8585800 -0.0750000 0.8585800
v 0.9234600 -0.0750000 0.8152200
v 0.9234600 -0.2000000 0.8152200
v 0.8585800 -0.2000000 0.8585800
v 0.9234600 -0.0750000 0.8152200
v 1.0000000 -0.0750000 0.8000000
v 1.0000000 -0.2000000 0.8000000
v 0.9234600 -0.2000000 0.8152200
v 1.0000000 -0.0750000 0.8000000
v 1.0765400 -0.0750000 0.8152200
v 1.0765400 -0.2000000 0.8152200
v 1.0000000 -0.2000000 0.8000000
v 1.0765400 -0.0750000 0.8152200
v 1.1414200 -0.0750000 0.8585800
v 1.1414200 -0.2000000 0.8585800
v 1.0765400 -0.2000000 0.8152200
v 1.1414200 -0.0750000 0.8585800
v 1.1847800 -0.0750000 0.9234600
v 1.1847800 -0.2000000 0.9234600
v 1.1414200 -0.2000000 0.8585800
v 1.1847800 -0.0750000 0.9234600
v 1.2000000 -0.0750000 1.0000000
v 1.2000000 -0.2000000 1.0000000
v 1.1847800 -0.2000000 0.9234600
v 0.9234600 -0.2000000 1.1847800
v 0.9425950 -0.2000000 1.1385850
v 1.0000000 -0.2000000 1.1500000
v 1.0000000 -0.2000000 1.2000000
v 0.8585800 -0.2000000 1.1414200
v 0.8939350 -0.2000000 1.1060650
v 0.9425950 -0.2000000 1.1385850
v 0.9234600 -0.2000000 1.1847800
v 0.8152200 -0.2000000 1.0765400
v 0.8614150 -0.2000000 1.0574050
v 0.8939350 -0.2000000 1.1060650
v 0.8585800 -0.2000000 1.1414200
v 0.8000000 -0.2000000 1.0000000
v 0.8500000 -0.2000000 1.0000000
v 0.8614150 -0.2000000 1.0574050
v 0.8152200 -0.2000000 1.0765400
v 0.8152200 -0.2000000 0.9234600
v 0.8614150 -0.2000000 0.9425950
v 0.8500000 -0.2000000 1.0000000
v 0.8000000 -0.2000000 1.0000000
v 0.8585800 -0.2000000 0.8585800
v 0.8939350 -0.2000000 0.8939350
v 0.8614150 -0.2000000 0.9425950
v 0.8152200 -0.2000000 0.9234600
v 0.9234600 -0.2000000 0.8152200
v 0.9425950 -0.2000000 0.8614150
v 0.8939350 -0.2000000 0.8939350
v 0.8585800 -0.2000000 0.8585800
v 1.0000000 -0.2000000 0.8000000
v 1.0000000 -0.2000000 0.8500000
v 0.9425950 -0.2000000 0.8614150
v 0.9234600 -0.2000000 0.8152200
v 1.0765400 -0.2000000 0.8152200
v 1.0574050 -0.2000000 0.8614150
v 1.0000000 -0.2000000 0.8500000
v 1.0000000 -0.2000000 0.8000000
v 1.1414200 -0.2000000 0.8585800
v 1.1060650 -0.2000000 0.8939350
v 1.0574050 -0.2000000 0.8614150
v 1.0765400 -0.2000000 0.8152200
v 1.1847800 -0.2000000 0.9234600
v 1.1385850 -0.2000000 0.9425950
v 1.1060650 -0.2000000 0.8939350
v 1.1414200 -0.2000000 0.8585800
v 1.2000000 -0.2000000 1.0000000
v 1.1500000 -0.2000000 1.0000000
v 1.1385850 -0.2000000 0.9425950
v 1.1847800 -0.2000000 0.9234600
v 1.1847800 -0.2000000 1.0765400
v 1.1385850 -0.2000000 1.0574050
v 1.1500000 -0.2000000 1.0000000
v 1.2000000 -0.2000000 1.0000000
v 1.1414200 -0.2000000 1.1414200
v 1.1060650 -0.2000000 1.1060650
v 1.1385850 -0.2000000 1.0574050
v 1.1847800 -0.2000000 1.0765400
v 1.0765400 -0.2000000 1.1847800
v 1.0574050 -0.2000000 1.1385850
v 1.1060650 -0.2000000 1.1060650
v 1.1414200 -0.2000000 1.1414200
v 1.0000000 -0.2000000 1.2000000
v 1.0000000 -0.2000000 1.1500000
v 1.0574050 -0.2000000 1.1385850
v 1.0765400 -0.2000000 1.1847800
v -0.8500000 -0.2000000 1.0000000
v -0.8614150 -0.2000000 1.0574050
v -0.8614150 -0.0750000 1.0574050
v -0.8500000 -0.0750000 1.0000000
v -0.8614150 -0.2000000 1.0574050
v -0.8939350 -0.2000000 1.1060650
v -0.8939350 -0.0750000 1.1060650
v -0.8614150 -0.0750000 1.0574050
v -0.8939350 -0.2000000 1.1060650
v -0.9425950 -0.2000000 1.1385850
v -0.9425950 -0.0750000 1.1385850
v -0.8939350 -0.0750000 1.1060650
v -0.9425950 -0.2000000 1.1385850
v -1.0000000 -0.2000000 1.1500000
v -1.0000000 -0.0750000 1.1500000
v -0.9425950 -0.0750000 1.1385850
v -1.0000000 -0.2000000 1.1500000
v -1.0574050 -0.2000000 1.1385850
v -1.0574050 -0.0750000 1.1385850
v -1.0000000 -0.0750000 1.1500000
v -1.0574050 -0.2000000 1.1385850
v -1.1060650 -0.2000000 1.1060650
v -1.1060650 -0.0750000 1.1060650
v -1.0574050 -0.0750000 1.1385850
v -1.1060650 -0.2000000 1.1060650
v -1.1385850 -0.2000000 1.0574050
v -1.1385850 -0.0750000 1.0574050
v -1.1060650 -0.0750000 1.1060650
v -1.1385850 -0.2000000 1.0574050
v -1.1500000 -0.2000000 1.0000000
v -1.1500000 -0.0750000 1.0000000
v -1.1385850 -0.0750000 1.0574050
v -1.1500000 -0.2000000 1.0000000
v -1.1385850 -0.2000000 0.9425950
v -1.1385850 -0.0750000 0.9425950
v -1.1500000 -0.0750000 1.0000000
v -1.1385850 -0.2000000 0.9425950
v -1.1060650 -0.2000000 0.8939350
v -1.1060650 -0.0750000 0.8939350
v -1.1385850 -0.0750000 0.9425950
v -1.1060650 -0.2000000 0.8939350
v -1.0574050 -0.2000000 0.8614150
v -1.0574050 -0.0750000 0.8614150
v -1.1060650 -0.0750000 0.8939350
v -1.0574050 -0.2000000 0.8614150
v -1.0000000 -0.2000000 0.8500000
v -1.0000000 -0.0750000 0.8500000
v -1.0574050 -0.0750000 0.8614150
v -1.0000000 -0.2000000 0.8500000
v -0.9425950 -0.2000000 0.8614150
v -0.9425950 -0.0750000 0.8614150
v -1.0000000 -0.0750000 0.8500000
v -0.9425950 -0.2000000 0.8614150
v -0.8939350 -0.2000000 0.8939350
v -0.8939350 -0.0750000 0.8939350
v -0.9425950 -0.0750000 0.8614150
v -0.8939350 -0.2000000 0.8939350
v -0.8614150 -0.2000000 0.9425950
v -0.8614150 -0.0750000 0.9425950
v -0.8939350 -0.0750000 0.8939350
v -0.8614150 -0.2000000 0.9425950
v -0.8500000 -0.2000000 1.0000000
v -0.8500000 -0.0750000 1.0000000
v -0.8614150 -0.0750000 0.9425950
v -0.8000000 -0.0750000 1.0000000
v -0.8152200 -0.0750000 1.0765400
v -0.8152200 -0.2000000 1.0765400
v -0.8000000 -0.2000000 1.0000000
v -0.8152200 -0.0750000 1.0765400
v -0.8585800 -0.0750000 1.1414200
v -0.8585800 -0.2000000 1.1414200
v -0.8152200 -0.2000000 1.0765400
v -0.8585800 -0.0750000 1.1414200
v -0.9234600 -0.0750000 1.1847800
v -0.9234600 -0.2000000 1.1847800
v -0.8585800 -0.2000000 1.1414200
v -0.9234600 -0.0750000 1.1847800
v -1.0000000 -0.0750000 1.2000000
v -1.0000000 -0.2000000 1.2000000
v -0.9234600 -0.2000000 1.1847800
v -1.0000000 -0.0750000 1.2000000
v -1.0765400 -0.0750000 1.1847800
v -1.0765400 -0.2000000 1.1847800
v -1.0000000 -0.2000000 1.2000000
v -1.0765400 -0.0750000 1.1847800
v -1.1414200 -0.0750000 1.1414200
v -1.1414200 -0.2000000 1.1414200
v -1.0765400 -0.2000000 1.1847800
v -1.1414200 -0.0750000 1.1414200
v -1.1847800 -0.0750000 1.0765400
v -1.1847800 -0.2000000 1.0765400
v -1.1414200 -0.2000000 1.1414200
v -1.1847800 -0.0750000 1.0765400
v -1.2000000 -0.0750000 1.0000000
v -1.2000000 -0.2000000 1.0000000
v -1.1847800 -0.2000000 1.0765400
v -1.2000000 -0.0750000 1.0000000
v -1.1847800 -0.0750000 0.9234600
v -1.1847800 -0.2000000 0.9234600
v -1.2000000 -0.2000000 1.0000000
v -1.1847800 -0.0750000 0.9234600
v -1.1414200 -0.0750000 0.8585800
v -1.1414200 -0.2000000 0.8585800
v -1.1847800 -0.2000000 0.9234600
v -1.1414200 -0.0750000 0.8585800
v -1.0765400 -0.0750000 0.8152200
v -1.0765400 -0.2000000 0.8152200
v -1.1414200 -0.2000000 0.8585800
v -1.0765400 -0.0750000 0.8152200
v -1.0000000 -0.0750000 0.8000000
v -1.0000000 -0.2000000 0.8000000
v -1.0765400 -0.2000000 0.8152200
v -1.0000000 -0.0750000 0.8000000
v -0.9234600 -0.0750000 0.8152200
v -0.9234600 -0.2000000 0.8152200
v -1.0000000 -0.2000000 0.8000000
v -0.9234600 -0.0750000 0.8152200
v -0.8585800 -0.0750000 0.8585800
v -0.8585800 -0.2000000 0.8585800
v -0.9234600 -0.2000000 0.8152200
v -0.8585800 -0.0750000 0.8585800
v -0.8152200 -0.0750000 0.9234600
v -0.8152200 -0.2000000 0.9234600
v -0.8585800 -0.2000000 0.8585800
v -0.8152200 -0.0750000 0.9234600
v -0.8000000 -0.0750000 1.0000000
v -0.8000000 -0.2000000 1.0000000
v -0.8152200 -0.2000000 0.9234600
v -1.0765400 -0.2000000 1.1847800
v -1.0574050 -0.2000000 1.1385850
v -1.0000000 -0.2000000 1.1500000
v -1.0000000 -0.2000000 1.2000000
v -1.1414200 -0.2000000 1.1414200
v -1.1060650 -0.2000000 1.1060650
v -1.0574050 -0.2000000 1.1385850
v -1.0765400 -0.2000000 1.1847800
v -1.1847800 -0.2000000 1.0765400
v -1.1385850 -0.2000000 1.0574050
v -1.1060650 -0.2000000 1.1060650
v -1.1414200 -0.2000000 1.1414200
v -1.2000000 -0.2000000 1.0000000
v -1.1500000 -0.2000000 1.0000000
v -1.1385850 -0.2000000 1.0574050
v -1.1847800 -0.2000000 1.0765400
v -1.1847800 -0.2000000 0.9234600
v -1.1385850 -0.2000000 0.9425950
v -1.1500000 -0.2000000 1.0000000
v -1.2000000 -0.2000000 1.0000000
v -1.1414200 -0.2000000 0.8585800
v -1.1060650 -0.2000000 0.8939350
v -1.1385850 -0.2000000 0.9425950
v -1.1847800 -0.2000000 0.9234600
v -1.0765400 -0.2000000 0.8152200
v -1.0574050 -0.2000000 0.8614150
v -1.1060650 -0.2000000 0.8939350
v -1.1414200 -0.2000000 0.8585800
v -1.0000000 -0.2000000 0.8000000
v -1.0000000 -0.2000000 0.8500000
v -1.0574050 -0.2000000 0.8614150
v -1.0765400 -0.2000000 0.8152200
v -0.9234600 -0.2000000 0.8152200
v -0.9425950 -0.2000000 0.8614150
v -1.0000000 -0.2000000 0.8500000
v -1.0000000 -0.2000000 0.8000000
v -0.8585800 -0.2000000 0.8585800
v -0.8939350 -0.2000000 0.8939350
v -0.9425950 -0.2000000 0.8614150
v -0.9234600 -0.2000000 0.8152200
v -0.8152200 -0.2000000 0.9234600
v -0.8614150 -0.2000000 0.9425950
v -0.8939350 -0.2000000 0.8939350
v -0.8585800 -0.2000000 0.8585800
v -0.8000000 -0.2000000 1.0000000
v -0.8500000 -0.2000000 1.0000000
v -0.8614150 -0.2000000 0.9425950
v -0.8152200 -0.2000000 0.9234600
v -0.8152200 -0.2000000 1.0765400
v -0.8614150 -0.2000000 1.0574050
v -0.8500000 -0.2000000 1.0000000
v -0.8000000 -0.2000000 1.0000000
v -0.8585800 -0.2000000 1.1414200
v -0.8939350 -0.2000000 1.1060650
v -0.8614150 -0.2000000 1.0574050
v -0.8152200 -0.2000000 1.0765400
v -0.9234600 -0.2000000 1.1847800
v -0.9425950 -0.2000000 1.1385850
v -0.8939350 -0.2000000 1.1060650
v -0.8585800 -0.2000000 1.1414200
v -1.0000000 -0.2000000 1.2000000
v -1.0000000 -0.2000000 1.1500000
v -0.9425950 -0.2000000 1.1385850
v -0.9234600 -0.2000000 1.1847800
v 1.1500000 -0.2000000 0.0000000
v 1.1385850 -0.2000000 0.0574050
v 1.1385850 -0.0750000 0.0574050
v 1.1500000 -0.0750000 0.0000000
v 1.1385850 -0.2000000 0.0574050
v 1.1060650 -0.2000000 0.1060650
v 1.1060650 -0.0750000 0.1060650
v 1.1385850 -0.0750000 0.0574050
v 1.1060650 -0.2000000 0.1060650
v 1.0574050 -0.2000000 0.1385850
v 1.0574050 -0.0750000 0.1385850
v 1.1060650 -0.0750000 0.1060650
v 1.0574050 -0.2000000 0.1385850
v 1.0000000 -0.2000000 0.1500000
v 1.0000000 -0.0750000 0.1500000
v 1.0574050 -0.0750000 0.1385850
v 1.0000000 -0.2000000 0.1500000
v 0.9425950 -0.2000000 0.1385850
v 0.9425950 -0.0750000 0.1385850
v 1.0000000 -0.0750000 0.1500000
v 0.9425950 -0.2000000 0.1385850
v 0.8939350 -0.2000000 0.1060650
v 0.8939350 -0.0750000 0.1060650
v 0.9425950 -0.0750000 0.1385850
v 0.8939350 -0.2000000 0.1060650
v 0.8614150 -0.2000000 0.0574050
v 0.8614150 -0.0750000 0.0574050
v 0.8939350 -0.0750000 0.1060650
v 0.8614150 -0.2000000 0.0574050
v 0.8500000 -0.2000000 0.0000000
v 0.8500000 -0.0750000 0.0000000
v 0.8614150 -0.0750000 0.0574050
v 0.8500000 -0.2000000 0.0000000
v 0.8614150 -0.2000000 -0.0574050
v 0.8614150 -0.0750000 -0.0574050
v 0.8500000 -0.0750000 0.0000000
v 0.8614150 -0.2000000 -0.0574050
v 0.8939350 -0.2000000 -0.1060650
v 0.8939350 -0.0750000 -0.1060650
v 0.8614150 -0.0750000 -0.0574050
v 0.8939350 -0.2000000 -0.1060650
v 0.9425950 -0.2000000 -0.1385850
v 0.9425950 -0.0750000 -0.1385850
v 0.8939350 -0.0750000 -0.1060650
v 0.9425950 -0.2000000 -0.1385850
v 1.0000000 -0.2000000 -0.1500000
v 1.0000000 -0.0750000 -0.1500000
v 0.9425950 -0.0750000 -0.1385850
v 1.0000000 -0.2000000 -0.1500000
v 1.0574050 -0.2000000 -0.1385850
v 1.0574050 -0.0750000 -0.1385850
v 1.0000000 -0.0750000 -0.1500000
v 1.0574050 -0.2000000 -0.1385850
v 1.1060650 -0.2000000 -0.1060650
v 1.1060650 -0.0750000 -0.1060650
v 1.0574050 -0.0750000 -0.1385850
v 1.1060650 -0.2000000 -0.1060650
v 1.1385850 -0.2000000 -0.0574050
v 1.1385850 -0.0750000 -0.0574050
v 1.1060650 -0.0750000 -0.1060650
v 1.1385850 -0.2000000 -0.0574050
v 1.1500000 -0.2000000 0.0000000
v 1.1500000 -0.0750000 0.0000000
v 1.1385850 -0.0750000 -0.0574050
v 1.2000000 -0.0750000 0.0000000
v 1.1847800 -0.0750000 0.0765400
v 1.1847800 -0.2000000 0.0765400
v 1.2000000 -0.2000000 0.0000000
v 1.1847800 -0.0750000 0.0765400
v 1.1414200 -0.0750000 0.1414200
v 1.1414200 -0.2000000 0.1414200
v 1.1847800 -0.2000000 0.0765400
v 1.1414200 -0.0750000 0.1414200
v 1.0765400 -0.0750000 0.1847800
v 1.0765400 -0.2000000 0.1847800
v 1.1414200 -0.2000000 0.1414200
v 1.0765400 -0.0750000 0.1847800
v 1.0000000 -0.0750000 0.2000000
v 1.0000000 -0.2000000 0.2000000
v 1.0765400 -0.2000000 0.1847800
v 1.0000000 -0.0750000 0.2000000
v 0.9234600 -0.0750000 0.1847800
v 0.9234600 -0.2000000 0.1847800
v 1.0000000 -0.2000000 0.2000000
v 0.9234600 -0.0750000 0.1847800
v 0.8585800 -0.0750000 0.1414200
v 0.8585800 -0.2000000 0.1414200
v 0.9234600 -0.2000000 0.1847800
v 0.8585800 -0.0750000 0.1414200
v 0.8152200 -0.0750000 0.0765400
v 0.8152200 -0.2000000 0.0765400
v 0.8585800 -0.2000000 0.1414200
v 0.8152200 -0.0750000 0.0765400
v 0.8000000 -0.0750000 0.0000000
v 0.8000000 -0.2000000 0.0000000
v 0.8152200 -0.2000000 0.0765400
v 0.8000000 -0.0750000 0.0000000
v 0.8152200 -0.0750000 -0.0765400
v 0.8152200 -0.2000000 -0.0765400
v 0.8000000 -0.2000000 0.0000000
v 0.8152200 -0.0750000 -0.0765400
v 0.8585800 -0.0750000 -0.1414200
v 0.8585800 -0.2000000 -0.1414200
v 0.8152200 -0.2000000 -0.0765400
v 0.8585800 -0.0750000 -0.1414200
v 0.9234600 -0.0750000 -0.1847800
v 0.9234600 -0.2000000 -0.1847800
v 0.8585800 -0.2000000 -0.1414200
v 0.9234600 -0.0750000 -0.1847800
v 1.0000000 -0.0750000 -0.2000000
v 1.0000000 -0.2000000 -0.2000000
v 0.9234600 -0.2000000 -0.1847800
v 1.0000000 -0.0750000 -0.2000000
v 1.0765400 -0.0750000 -0.1847800
v 1.0765400 -0.2000000 -0.1847800
v 1.0000000 -0.2000000 -0.2000000
v 1.0765400 -0.0750000 -0.1847800
v 1.1414200 -0.0750000 -0.1414200
v 1.1414200 -0.2000000 -0.1414200
v 1.0765400 -0.2000000 -0.1847800
v 1.1414200 -0.0750000 -0.1414200
v 1.1847800 -0.0750000 -0.0765400
v 1.1847800 -0.2000000 -0.0765400
v 1.1414200 -0.2000000 -0.1414200
v 1.1847800 -0.0750000 -0.0765400
v 1.2000000 -0.0750000 0.0000000
v 1.2000000 -0.2000000 0.0000000
v 1.1847800 -0.2000000 -0.0765400
v 0.9234600 -0.2000000 0.1847800
v 0.9425950 -0.2000000 0.1385850
v 1.0000000 -0.2000000 0.1500000
v 1.0000000 -0.2000000 0.2000000
v 0.8585800 -0.2000000 0.1414200
v 0.8939350 -0.2000000 0.1060650
v 0.9425950 -0.2000000 0.1385850
v 0.9234600 -0.2000000 0.1847800
v 0.8152200 -0.2000000 0.0765400
v 0.8614150 -0.2000000 0.0574050
v 0.8939350 -0.2000000 0.1060650
v 0.8585800 -0.2000000 0.1414200
v 0.8000000 -0.2000000 0.0000000
v 0.8500000 -0.2000000 0.0000000
v 0.8614150 -0.2000000 0.0574050
v 0.8152200 -0.2000000 0.0765400
v 0.8152200 -0.2000000 -0.0765400
v 0.8614150 -0.2000000 -0.0574050
v 0.8500000 -0.2000000 0.0000000
v 0.8000000 -0.2000000 0.0000000
v 0.8585800 -0.2000000 -0.1414200
v 0.8939350 -0.2000000 -0.1060650
v 0.8614150 -0.2000000 -0.0574050
v 0.8152200 -0.2000000 -0.0765400
v 0.9234600 -0.2000000 -0.1847800
v 0.9425950 -0.2000000 -0.1385850
v 0.8939350 -0.2000000 -0.1060650
v 0.8585800 -0.2000000 -0.1414200
v 1.0000000 -0.2000000 -0.2000000
v 1.0000000 -0.2000000 -0.1500000
v 0.9425950 -0.2000000 -0.1385850
v 0.9234600 -0.2000000 -0.1847800
v 1.0765400 -0.2000000 -0.1847800
v 1.0574050 -0.2000000 -0.1385850
v 1.0000000 -0.2000000 -0.1500000
v 1.0000000 -0.2000000 -0.2000000
v 1.1414200 -0.2000000 -0.1414200
v 1.1060650 -0.2000000 -0.1060650
v 1.0574050 -0.2000000 -0.1385850
v 1.0765400 -0.2000000 -0.1847800
v 1.1847800 -0.2000000 -0.0765400
v 1.1385850 -0.2000000 -0.0574050
v 1.1060650 -0.2000000 -0.1060650
v 1.1414200 -0.2000000 -0.1414200
v 1.2000000 -0.2000000 0.0000000
v 1.1500000 -0.2000000 0.0000000
v 1.1385850 -0.2000000 -0.0574050
v 1.1847800 -0.2000000 -0.0765400
v 1.1847800 -0.2000000 0.0765400
v 1.1385850 -0.2000000 0.0574050
v 1.1500000 -0.2000000 0.0000000
v 1.2000000 -0.2000000 0.0000000
v 1.1414200 -0.2000000 0.1414200
v 1.1060650 -0.2000000 0.1060650
v 1.1385850 -0.2000000 0.0574050
v 1.1847800 -0.2000000 0.0765400
v 1.0765400 -0.2000000 0.1847800
v 1.0574050 -0.2000000 0.1385850
v 1.1060650 -0.2000000 0.1060650
v 1.1414200 -0.2000000 0.1414200
v 1.0000000 -0.2000000 0.2000000
v 1.0000000 -0.2000000 0.1500000
v 1.0574050 -0.2000000 0.1385850
v 1.0765400 -0.2000000 0.1847800
v 0.1500000 -0.2000000 0.0000000
v 0.1385850 -0.2000000 0.0574050
v 0.1385850 -0.0750000 0.0574050
v 0.1500000 -0.0750000 0.0000000
v 0.1385850 -0.2000000 0.0574050
v 0.1060650 -0.2000000 0.1060650
v 0.1060650 -0.0750000 0.1060650
v 0.1385850 -0.0750000 0.0574050
v 0.1060650 -0.2000000 0.1060650
v 0.0574050 -0.2000000 0.1385850
v 0.0574050 -0.0750000 0.1385850
v 0.1060650 -0.0750000 0.1060650
v 0.0574050 -0.2000000 0.1385850
v 0.0000000 -0.2000000 0.1500000
v 0.0000000 -0.0750000 0.1500000
v 0.0574050 -0.0750000 0.1385850
v 0.0000000 -0.2000000 0.1500000
v -0.0574050 -0.2000000 0.1385850
v -0.0574050 -0.0750000 0.1385850
v 0.0000000 -0.0750000 0.1500000
v -0.0574050 -0.2000000 0.1385850
v -0.1060650 -0.2000000 0.1060650
v -0.1060650 -0.0750000 0.1060650
v -0.0574050 -0.0750000 0.1385850
v -0.1060650 -0.2000000 0.1060650
v -0.1385850 -0.2000000 0.0574050
v -0.1385850 -0.0750000 0.0574050
v -0.1060650 -0.0750000 0.1060650
v -0.1385850 -0.2000000 0.0574050
v -0.1500000 -0.2000000 0.0000000
v -0.1500000 -0.0750000 0.0000000
v -0.1385850 -0.0750000 0.0574050
v -0.1500000 -0.2000000 0.0000000
v -0.1385850 -0.2000000 -0.0574050
v -0.1385850 -0.0750000 -0.0574050
v -0.1500000 -0.0750000 0.0000000
v -0.1385850 -0.2000000 -0.0574050
v -0.1060650 -0.2000000 -0.1060650
v -0.1060650 -0.0750000 -0.1060650
v -0.1385850 -0.0750000 -0.0574050
v -0.1060650 -0.2000000 -0.1060650
v -0.0574050 -0.2000000 -0.1385850
v -0.0574050 -0.0750000 -0.1385850
v -0.1060650 -0.0750000 -0.1060650
v -0.0574050 -0.2000000 -0.1385850
v 0.0000000 -0.2000000 -0.1500000
v 0.0000000 -0.0750000 -0.1500000
v -0.0574050 -0.0750000 -0.1385850
v 0.0000000 -0.2000000 -0.1500000
v 0.0574050 -0.2000000 -0.1385850
v 0.0574050 -0.0750000 -0.1385850
v 0.0000000 -0.0750000 -0.1500000
v 0.0574050 -0.2000000 -0.1385850
v 0.1060650 -0.2000000 -0.1060650
v 0.1060650 -0.0750000 -0.1060650
v 0.0574050 -0.0750000 -0.1385850
v 0.1060650 -0.2000000 -0.1060650
v 0.1385850 -0.2000000 -0.0574050
v 0.1385850 -0.0750000 -0.0574050
v 0.1060650 -0.0750000 -0.1060650
v 0.1385850 -0.2000000 -0.0574050
v 0.1500000 -0.2000000 0.0000000
v 0.1500000 -0.0750000 0.0000000
v 0.1385850 -0.0750000 -0.0574050
v 0.2000000 -0.0750000 0.0000000
v 0.1847800 -0.0750000 0.0765400
v 0.1847800 -0.2000000 0.0765400
v 0.2000000 -0.2000000 0.0000000
v 0.1847800 -0.0750000 0.0765400
v 0.1414200 -0.0750000 0.1414200
v 0.1414200 -0.2000000 0.1414200
v 0.1847800 -0.2000000 0.0765400
v 0.1414200 -0.0750000 0.1414200
v 0.0765400 -0.0750000 0.1847800
v 0.0765400 -0.2000000 0.1847800
v 0.1414200 -0.2000000 0.1414200
v 0.0765400 -0.0750000 0.1847800
v 0.0000000 -0.0750000 0.2000000
v 0.0000000 -0.2000000 0.2000000
v 0.0765400 -0.2000000 0.1847800
v 0.0000000 -0.0750000 0.2000000
v -0.0765400 -0.0750000 0.1847800
v -0.0765400 -0.2000000 0.1847800
v 0.0000000 -0.2000000 0.2000000
v -0.0765400 -0.0750000 0.1847800
v -0.1414200 -0.0750000 0.1414200
v -0.1414200 -0.2000000 0.1414200
v -0.0765400 -0.2000000 0.1847800
v -0.1414200 -0.0750000 0.1414200
v -0.1847800 -0.0750000 0.0765400
v -0.1847800 -0.2000000 0.0765400
v -0.1414200 -0.2000000 0.1414200
v -0.1847800 -0.0750000 0.0765400
v -0.2000000 -0.0750000 0.0000000
v -0.2000000 -0.2000000 0.0000000
v -0.1847800 -0.2000000 0.0765400
v -0.2000000 -0.0750000 0.0000000
v -0.1847800 -0.0750000 -0.0765400
v -0.1847800 -0.2000000 -0.0765400
v -0.2000000 -0.2000000 0.0000000
v -0.1847800 -0.0750000 -0.0765400
v -0.1414200 -0.0750000 -0.1414200
v -0.1414200 -0.2000000 -0.1414200
v -0.1847800 -0.2000000 -0.0765400
v -0.1414200 -0.0750000 -0.1414200
v -0.0765400 -0.0750000 -0.1847800
v -0.0765400 -0.2000000 -0.1847800
v -0.1414200 -0.2000000 -0.1414200
v -0.0765400 -0.0750000 -0.1847800
v 0.0000000 -0.0750000 -0.2000000
v 0.0000000 -0.2000000 -0.2000000
v -0.0765400 -0.2000000 -0.1847800
v 0.0000000 -0.0750000 -0.2000000
v 0.0765400 -0.0750000 -0.1847800
v 0.0765400 -0.2000000 -0.1847800
v 0.0000000 -0.2000000 -0.2000000
v 0.0765400 -0.0750000 -0.1847800
v 0.1414200 -0.0750000 -0.1414200
v 0.1414200 -0.2000000 -0.1414200
v 0.0765400 -0.2000000 -0.1847800
v 0.1414200 -0.0750000 -0.1414200
v 0.1847800 -0.0750000 -0.0765400
v 0.1847800 -0.2000000 -0.0765400
v 0.1414200 -0.2000000 -0.1414200
v 0.1847800 -0.0750000 -0.0765400
v 0.2000000 -0.0750000 0.0000000
v 0.2000000 -0.2000000 0.0000000
v 0.1847800 -0.2000000 -0.0765400
v -0.0765400 -0.2000000 0.1847800
v -0.0574050 -0.2000000 0.1385850
v 0.0000000 -0.2000000 0.1500000
v 0.0000000 -0.2000000 0.2000000
v -0.1414200 -0.2000000 0.1414200
v -0.1060650 -0.2000000 0.1060650
v -0.0574050 -0.2000000 0.1385850
v -0.0765400 -0.2000000 0.1847800
v -0.1847800 -0.2000000 0.0765400
v -0.1385850 -0.2000000 0.0574050
v -0.1060650 -0.2000000 0.1060650
v -0.1414200 -0.2000000 0.1414200
v -0.2000000 -0.2000000 0.0000000
v -0.1500000 -0.2000000 0.0000000
v -0.1385850 -0.2000000 0.0574050
v -0.1847800 -0.2000000 0.0765400
v -0.1847800 -0.2000000 -0.0765400
v -0.1385850 -0.2000000 -0.0574050
v -0.1500000 -0.2000000 0.0000000
v -0.2000000 -0.2000000 0.0000000
v -0.1414200 -0.2000000 -0.1414200
v -0.1060650 -0.2000000 -0.1060650
v -0.1385850 -0.2000000 -0.0574050
v -0.1847800 -0.2000000 -0.0765400
v -0.0765400 -0.2000000 -0.1847800
v -0.0574050 -0.2000000 -0.1385850
v -0.1060650 -0.2000000 -0.1060650
v -0.1414200 -0.2000000 -0.1414200
v 0.0000000 -0.2000000 -0.2000000
v 0.0000000 -0.2000000 -0.1500000
v -0.0574050 -0.2000000 -0.1385850
v -0.0765400 -0.2000000 -0.1847800
v 0.0765400 -0.2000000 -0.1847800
v 0.0574050 -0.2000000 -0.1385850
v 0.0000000 -0.2000000 -0.1500000
v 0.0000000 -0.2000000 -0.2000000
v 0.1414200 -0.2000000 -0.1414200
v 0.1060650 -0.2000000 -0.1060650
v 0.0574050 -0.2000000 -0.1385850
v 0.0765400 -0.2000000 -0.1847800
v 0.1847800 -0.2000000 -0.0765400
v 0.1385850 -0.2000000 -0.0574050
v 0.1060650 -0.2000000 -0.1060650
v 0.1414200 -0.2000000 -0.1414200
v 0.2000000 -0.2000000 0.0000000
v 0.1500000 -0.2000000 0.0000000
v 0.1385850 -0.2000000 -0.0574050
v 0.1847800 -0.2000000 -0.0765400
v 0.1847800 -0.2000000 0.0765400
v 0.1385850 -0.2000000 0.0574050
v 0.1500000 -0.2000000 0.0000000
v 0.2000000 -0.2000000 0.0000000
v 0.1414200 -0.2000000 0.1414200
v 0.1060650 -0.2000000 0.1060650
v 0.1385850 -0.2000000 0.0574050
v 0.1847800 -0.2000000 0.0765400
v 0.0765400 -0.2000000 0.1847800
v 0.0574050 -0.2000000 0.1385850
v 0.1060650 -0.2000000 0.1060650
v 0.1414200 -0.2000000 0.1414200
v 0.0000000 -0.2000000 0.2000000
v 0.0000000 -0.2000000 0.1500000
v 0.0574050 -0.2000000 0.1385850
v 0.0765400 -0.2000000 0.1847800
v 0.1847800 -0.0750000 0.0765400
v 0.2000000 -0.0750000 0.0000000
v 0.2000000 -0.0750000 0.2000000
v 0.1414200 -0.0750000 0.1414200
v 0.1847800 -0.0750000 0.0765400
v 0.2000000 -0.0750000 0.2000000
v 0.0765400 -0.0750000 0.1847800
v 0.1414200 -0.0750000 0.1414200
v 0.2000000 -0.0750000 0.2000000
v 0.0000000 -0.0750000 0.2000000
v 0.0765400 -0.0750000 0.1847800
v 0.2000000 -0.0750000 0.2000000
v -0.0765400 -0.0750000 0.1847800
v 0.0000000 -0.0750000 0.2000000
v -0.2000000 -0.0750000 0.2000000
v -0.1414200 -0.0750000 0.1414200
v -0.0765400 -0.0750000 0.1847800
v -0.2000000 -0.0750000 0.2000000
v -0.1847800 -0.0750000 0.0765400
v -0.1414200 -0.0750000 0.1414200
v -0.2000000 -0.0750000 0.2000000
v -0.2000000 -0.0750000 0.0000000
v -0.1847800 -0.0750000 0.0765400
v -0.2000000 -0.0750000 0.2000000
v -0.1847800 -0.0750000 -0.0765400
v -0.2000000 -0.0750000 0.0000000
v -0.2000000 -0.0750000 -0.2000000
v -0.1414200 -0.0750000 -0.1414200
v -0.1847800 -0.0750000 -0.0765400
v -0.2000000 -0.0750000 -0.2000000
v -0.0765400 -0.0750000 -0.1847800
v -0.1414200 -0.0750000 -0.1414200
v -0.2000000 -0.0750000 -0.2000000
v 0.0000000 -0.0750000 -0.2000000
v -0.0765400 -0.0750000 -0.1847800
v -0.2000000 -0.0750000 -0.2000000
v 0.0765400 -0.0750000 -0.1847800
v 0.0000000 -0.0750000 -0.2000000
v 0.2000000 -0.0750000 -0.2000000
v 0.1414200 -0.0750000 -0.1414200
v 0.0765400 -0.0750000 -0.1847800
v 0.2000000 -0.0750000 -0.2000000
v 0.1847800 -0.0750000 -0.0765400
v 0.1414200 -0.0750000 -0.1414200
v 0.2000000 -0.0750000 -0.2000000
v 0.2000000 -0.0750000 0.0000000
v 0.1847800 -0.0750000 -0.0765400
v 0.2000000 -0.0750000 -0.2000000
v -0.8500000 -0.2000000 0.0000000
v -0.8614150 -0.2000000 0.0574050
v -0.8614150 -0.0750000 0.0574050
v -0.8500000 -0.0750000 0.0000000
v -0.8614150 -0.2000000 0.0574050
v -0.8939350 -0.2000000 0.1060650
v -0.8939350 -0.0750000 0.1060650
v -0.8614150 -0.0750000 0.0574050
v -0.8939350 -0.2000000 0.1060650
v -0.9425950 -0.2000000 0.1385850
v -0.9425950 -0.0750000 0.1385850
v -0.8939350 -0.0750000 0.1060650
v -0.9425950 -0.2000000 0.1385850
v -1.0000000 -0.2000000 0.1500000
v -1.0000000 -0.0750000 0.1500000
v -0.9425950 -0.0750000 0.1385850
v -1.0000000 -0.2000000 0.1500000
v -1.0574050 -0.2000000 0.1385850
v -1.0574050 -0.0750000 0.1385850
v -1.0000000 -0.0750000 0.1500000
v -1.0574050 -0.2000000 0.1385850
v -1.1060650 -0.2000000 0.1060650
v -1.1060650 -0.0750000 0.1060650
v -1.0574050 -0.0750000 0.1385850
v -1.1060650 -0.2000000 0.1060650
v -1.1385850 -0.2000000 0.0574050
v -1.1385850 -0.0750000 0.0574050
v -1.1060650 -0.0750000 0.1060650
v -1.1385850 -0.2000000 0.0574050
v -1.1500000 -0.2000000 0.0000000
v -1.1500000 -0.0750000 0.0000000
v -1.1385850 -0.0750000 0.0574050
v -1.1500000 -0.2000000 0.0000000
v -1.1385850 -0.2000000 -0.0574050
v -1.1385850 -0.0750000 -0.0574050
v -1.1500000 -0.0750000 0.0000000
v -1.1385850 -0.2000000 -0.0574050
v -1.1060650 -0.2000000 -0.1060650
v -1.1060650 -0.0750000 -0.1060650
v -1.1385850 -0.0750000 -0.0574050
v -1.1060650 -0.2000000 -0.1060650
v -1.0574050 -0.2000000 -0.1385850
v -1.0574050 -0.0750000 -0.1385850
v -1.1060650 -0.0750000 -0.1060650
v -1.0574050 -0.2000000 -0.1385850
v -1.0000000 -0.2000000 -0.1500000
v -1.0000000 -0.0750000 -0.1500000
v -1.0574050 -0.0750000 -0.1385850
v -1.0000000 -0.2000000 -0.1500000
v -0.9425950 -0.2000000 -0.1385850
v -0.9425950 -0.0750000 -0.1385850
v -1.0000000 -0.0750000 -0.1500000
v -0.9425950 -0.2000000 -0.1385850
v -0.8939350 -0.2000000 -0.1060650
v -0.8939350 -0.0750000 -0.1060650
v -0.9425950 -0.0750000 -0.1385850
v -0.8939350 -0.2000000 -0.1060650
v -0.8614150 -0.2000000 -0.0574050
v -0.8614150 -0.0750000 -0.0574050
v -0.8939350 -0.0750000 -0.1060650
v -0.8614150 -0.2000000 -0.0574050
v -0.8500000 -0.2000000 0.0000000
v -0.8500000 -0.0750000 0.0000000
v -0.8614150 -0.0750000 -0.0574050
v -0.8000000 -0.0750000 0.0000000
v -0.8152200 -0.0750000 0.0765400
v -0.8152200 -0.2000000 0.0765400
v -0.8000000 -0.2000000 0.0000000
v -0.8152200 -0.0750000 0.0765400
v -0.8585800 -0.0750000 0.1414200
v -0.8585800 -0.2000000 0.1414200
v -0.8152200 -0.2000000 0.0765400
v -0.8585800 -0.0750000 0.1414200
v -0.9234600 -0.0750000 0.1847800
v -0.9234600 -0.2000000 0.1847800
v -0.8585800 -0.2000000 0.1414200
v -0.9234600 -0.0750000 0.1847800
v -1.0000000 -0.0750000 0.2000000
v -1.0000000 -0.2000000 0.2000000
v -0.9234600 -0.2000000 0.1847800
v -1.0000000 -0.0750000 0.2000000
v -1.0765400 -0.0750000 0.1847800
v -1.0765400 -0.2000000 0.1847800
v -1.0000000 -0.2000000 0.2000000
v -1.0765400 -0.0750000 0.1847800
v -1.1414200 -0.0750000 0.1414200
v -1.1414200 -0.2000000 0.1414200
v -1.0765400 -0.2000000 0.1847800
v -1.1414200 -0.0750000 0.1414200
v -1.1847800 -0.0750000 0.0765400
v -1.1847800 -0.2000000 0.0765400
v -1.1414200 -0.2000000 0.1414200
v -1.1847800 -0.0750000 0.0765400
v -1.2000000 -0.0750000 0.0000000
v -1.2000000 -0.2000000 0.0000000
v -1.1847800 -0.2000000 0.0765400
v -1.2000000 -0.0750000 0.0000000
v -1.1847800 -0.0750000 -0.0765400
v -1.1847800 -0.2000000 -0.0765400
v -1.2000000 -0.2000000 0.0000000
v -1.1847800 -0.0750000 -0.0765400
v -1.1414200 -0.0750000 -0.1414200
v -1.1414200 -0.2000000 -0.1414200
v -1.1847800 -0.2000000 -0.0765400
v -1.1414200 -0.0750000 -0.1414200
v -1.0765400 -0.0750000 -0.1847800
v -1.0765400 -0.2000000 -0.1847800
v -1.1414200 -0.2000000 -0.1414200
v -1.0765400 -0.0750000 -0.1847800
v -1.0000000 -0.0750000 -0.2000000
v -1.0000000 -0.2000000 -0.2000000
v -1.0765400 -0.2000000 -0.1847800
v -1.0000000 -0.0750000 -0.2000000
v -0.9234600 -0.0750000 -0.1847800
v -0.9234600 -0.2000000 -0.1847800
v -1.0000000 -0.2000000 -0.2000000
v -0.9234600 -0.0750000 -0.1847800
v -0.8585800 -0.0750000 -0.1414200
v -0.8585800 -0.2000000 -0.1414200
v -0.9234600 -0.2000000 -0.1847800
v -0.8585800 -0.0750000 -0.1414200
v -0.8152200 -0.0750000 -0.0765400
v -0.8152200 -0.2000000 -0.0765400
v -0.8585800 -0.2000000 -0.1414200
v -0.8152200 -0.0750000 -0.0765400
v -0.8000000 -0.0750000 0.0000000
v -0.8000000 -0.2000000 0.0000000
v -0.8152200 -0.2000000 -0.0765400
v -1.0765400 -0.2000000 0.1847800
v -1.0574050 -0.2000000 0.1385850
v -1.0000000 -0.2000000 0.1500000
v -1.0000000 -0.2000000 0.2000000
v -1.1414200 -0.2000000 0.1414200
v -1.1060650 -0.2000000 0.1060650
v -1.0574050 -0.2000000 0.1385850
v -1.0765400 -0.2000000 0.1847800
v -1.1847800 -0.2000000 0.0765400
v -1.1385850 -0.2000000 0.0574050
v -1.1060650 -0.2000000 0.1060650
v -1.1414200 -0.2000000 0.1414200
v -1.2000000 -0.2000000 0.0000000
v -1.1500000 -0.2000000 0.0000000
v -1.1385850 -0.2000000 0.0574050
v -1.1847800 -0.2000000 0.0765400
v -1.1847800 -0.2000000 -0.0765400
v -1.1385850 -0.2000000 -0.0574050
v -1.1500000 -0.2000000 0.0000000
v -1.2000000 -0.2000000 0.0000000
v -1.1414200 -0.2000000 -0.1414200
v -1.1060650 -0.2000000 -0.1060650
v -1.1385850 -0.2000000 -0.0574050
v -1.1847800 -0.2000000 -0.0765400
v -1.0765400 -0.2000000 -0.1847800
v -1.0574050 -0.2000000 -0.1385850
v -1.1060650 -0.2000000 -0.1060650
v -1.1414200 -0.2000000 -0.1414200
v -1.0000000 -0.2000000 -0.2000000
v -1.0000000 -0.2000000 -0.1500000
v -1.0574050 -0.2000000 -0.1385850
v -1.0765400 -0.2000000 -0.1847800
v -0.9234600 -0.2000000 -0.1847800
v -0.9425950 -0.2000000 -0.1385850
v -1.0000000 -0.2000000 -0.1500000
v -1.0000000 -0.2000000 -0.2000000
v -0.8585800 -0.2000000 -0.1414200
v -0.8939350 -0.2000000 -0.1060650
v -0.9425950 -0.2000000 -0.1385850
v -0.9234600 -0.2000000 -0.1847800
v -0.8152200 -0.2000000 -0.0765400
v -0.8614150 -0.2000000 -0.0574050
v -0.8939350 -0.2000000 -0.1060650
v -0.8585800 -0.2000000 -0.1414200
v -0.8000000 -0.2000000 0.0000000
v -0.8500000 -0.2000000 0.0000000
v -0.8614150 -0.2000000 -0.0574050
v -0.8152200 -0.2000000 -0.0765400
v -0.8152200 -0.2000000 0.0765400
v -0.8614150 -0.2000000 0.0574050
v -0.8500000 -0.2000000 0.0000000
v -0.8000000 -0.2000000 0.0000000
v -0.8585800 -0.2000000 0.1414200
v -0.8939350 -0.2000000 0.1060650
v -0.8614150 -0.2000000 0.0574050
v -0.8152200 -0.2000000 0.0765400
v -0.9234600 -0.2000000 0.1847800
v -0.9425950 -0.2000000 0.1385850
v -0.8939350 -0.2000000 0.1060650
v -0.8585800 -0.2000000 0.1414200
v -1.0000000 -0.2000000 0.2000000
v -1.0000000 -0.2000000 0.1500000
v -0.9425950 -0.2000000 0.1385850
v -0.9234600 -0.2000000 0.1847800
v 0.1500000 -0.2000000 -1.5000000
v 0.1385850 -0.2000000 -1.4425950
v 0.1385850 -0.0750000 -1.4425950
v 0.1500000 -0.0750000 -1.5000000
v 0.1385850 -0.2000000 -1.4425950
v 0.1060650 -0.2000000 -1.3939350
v 0.1060650 -0.0750000 -1.3939350
v 0.1385850 -0.0750000 -1.4425950
v 0.1060650 -0.2000000 -1.3939350
v 0.0574050 -0.2000000 -1.3614150
v 0.0574050 -0.0750000 -1.3614150
v 0.1060650 -0.0750000 -1.3939350
v 0.0574050 -0.2000000 -1.3614150
v 0.0000000 -0.2000000 -1.3500000
v 0.0000000 -0.0750000 -1.3500000
v 0.0574050 -0.0750000 -1.3614150
v 0.0000000 -0.2000000 -1.3500000
v -0.0574050 -0.2000000 -1.3614150
v -0.0574050 -0.0750000 -1.3614150
v 0.0000000 -0.0750000 -1.3500000
v -0.0574050 -0.2000000 -1.3614150
v -0.1060650 -0.2000000 -1.3939350
v -0.1060650 -0.0750000 -1.3939350
v -0.0574050 -0.0750000 -1.3614150
v -0.1060650 -0.2000000 -1.3939350
v -0.1385850 -0.2000000 -1.4425950
v -0.1385850 -0.0750000 -1.4425950
v -0.1060650 -0.0750000 -1.3939350
v -0.1385850 -0.2000000 -1.4425950
v -0.1500000 -0.2000000 -1.5000000
v -0.1500000 -0.0750000 -1.5000000
v -0.1385850 -0.0750000 -1.4425950
v -0.1500000 -0.2000000 -1.5000000
v -0.1385850 -0.2000000 -1.5574050
v -0.1385850 -0.0750000 -1.5574050
v -0.1500000 -0.0750000 -1.5000000
v -0.1385850 -0.2000000 -1.5574050
v -0.1060650 -0.2000000 -1.6060650
v -0.1060650 -0.0750000 -1.6060650
v -0.1385850 -0.0750000 -1.5574050
v -0.1060650 -0.2000000 -1.6060650
v -0.0574050 -0.2000000 -1.6385850
v -0.0574050 -0.0750000 -1.6385850
v -0.1060650 -0.0750000 -1.6060650
v -0.0574050 -0.2000000 -1.6385850
v 0.0000000 -0.2000000 -1.6500000
v 0.0000000 -0.0750000 -1.6500000
v -0.0574050 -0.0750000 -1.6385850
v 0.0000000 -0.2000000 -1.6500000
v 0.0574050 -0.2000000 -1.6385850
v 0.0574050 -0.0750000 -1.6385850
v 0.0000000 -0.0750000 -1.6500000
v 0.0574050 -0.2000000 -1.6385850
v 0.1060650 -0.2000000 -1.6060650
v 0.1060650 -0.0750000 -1.6060650
v 0.0574050 -0.0750000 -1.6385850
v 0.1060650 -0.2000000 -1.6060650
v 0.1385850 -0.2000000 -1.5574050
v 0.1385850 -0.0750000 -1.5574050
v 0.1060650 -0.0750000 -1.6060650
v 0.1385850 -0.2000000 -1.5574050
v 0.1500000 -0.2000000 -1.5000000
v 0.1500000 -0.0750000 -1.5000000
v 0.1385850 -0.0750000 -1.5574050
v 0.2000000 -0.0750000 -1.5000000
v 0.1847800 -0.0750000 -1.4234600
v 0.1847800 -0.2000000 -1.4234600
v 0.2000000 -0.2000000 -1.5000000
v 0.1847800 -0.0750000 -1.4234600
v 0.1414200 -0.0750000 -1.3585800
v 0.1414200 -0.2000000 -1.3585800
v 0.1847800 -0.2000000 -1.4234600
v 0.1414200 -0.0750000 -1.3585800
v 0.0765400 -0.0750000 -1.3152200
v 0.0765400 -0.2000000 -1.3152200
v 0.1414200 -0.2000000 -1.3585800
v 0.0765400 -0.0750000 -1.3152200
v 0.0000000 -0.0750000 -1.3000000
v 0.0000000 -0.2000000 -1.3000000
v 0.0765400 -0.2000000 -1.3152200
v 0.0000000 -0.0750000 -1.3000000
v -0.0765400 -0.0750000 -1.3152200
v -0.0765400 -0.2000000 -1.3152200
v 0.0000000 -0.2000000 -1.3000000
v -0.0765400 -0.0750000 -1.3152200
v -0.1414200 -0.0750000 -1.3585800
v -0.1414200 -0.2000000 -1.3585800
v -0.0765400 -0.2000000 -1.3152200
v -0.1414200 -0.0750000 -1.3585800
v -0.1847800 -0.0750000 -1.4234600
v -0.1847800 -0.2000000 -1.4234600
v -0.1414200 -0.2000000 -1.3585800
v -0.1847800 -0.0750000 -1.4234600
v -0.2000000 -0.0750000 -1.5000000
v -0.2000000 -0.2000000 -1.5000000
v -0.1847800 -0.2000000 -1.4234600
v -0.2000000 -0.0750000 -1.5000000
v -0.1847800 -0.0750000 -1.5765400
v -0.1847800 -0.2000000 -1.5765400
v -0.2000000 -0.2000000 -1.5000000
v -0.1847800 -0.0750000 -1.5765400
v -0.1414200 -0.0750000 -1.6414200
v -0.1414200 -0.2000000 -1.6414200
v -0.1847800 -0.2000000 -1.5765400
v -0.1414200 -0.0750000 -1.6414200
v -0.0765400 -0.0750000 -1.6847800
v -0.0765400 -0.2000000 -1.6847800
v -0.1414200 -0.2000000 -1.6414200
v -0.0765400 -0.0750000 -1.6847800
v 0.0000000 -0.0750000 -1.7000000
v 0.0000000 -0.2000000 -1.7000000
v -0.0765400 -0.2000000 -1.6847800
v 0.0000000 -0.0750000 -1.7000000
v 0.0765400 -0.0750000 -1.6847800
v 0.0765400 -0.2000000 -1.6847800
v 0.0000000 -0.2000000 -1.7000000
v 0.0765400 -0.0750000 -1.6847800
v 0.1414200 -0.0750000 -1.6414200
v 0.1414200 -0.2000000 -1.6414200
v 0.0765400 -0.2000000 -1.6847800
v 0.1414200 -0.0750000 -1.6414200
v 0.1847800 -0.0750000 -1.5765400
v 0.1847800 -0.2000000 -1.5765400
v 0.1414200 -0.2000000 -1.6414200
v 0.1847800 -0.0750000 -1.5765400
v 0.2000000 -0.0750000 -1.5000000
v 0.2000000 -0.2000000 -1.5000000
v 0.1847800 -0.2000000 -1.5765400
v -0.0765400 -0.2000000 -1.3152200
v -0.0574050 -0.2000000 -1.3614150
v 0.0000000 -0.2000000 -1.3500000
v 0.0000000 -0.2000000 -1.3000000
v -0.1414200 -0.2000000 -1.3585800
v -0.1060650 -0.2000000 -1.3939350
v -0.0574050 -0.2000000 -1.3614150
v -0.0765400 -0.2000000 -1.3152200
v -0.1847800 -0.2000000 -1.4234600
v -0.1385850 -0.2000000 -1.4425950
v -0.1060650 -0.2000000 -1.3939350
v -0.1414200 -0.2000000 -1.3585800
v -0.2000000 -0.2000000 -1.5000000
v -0.1500000 -0.2000000 -1.5000000
v -0.1385850 -0.2000000 -1.4425950
v -0.1847800 -0.2000000 -1.4234600
v -0.1847800 -0.2000000 -1.5765400
v -0.1385850 -0.2000000 -1.5574050
v -0.1500000 -0.2000000 -1.5000000
v -0.2000000 -0.2000000 -1.5000000
v -0.1414200 -0.2000000 -1.6414200
v -0.1060650 -0.2000000 -1.6060650
v -0.1385850 -0.2000000 -1.5574050
v -0.1847800 -0.2000000 -1.5765400
v -0.0765400 -0.2000000 -1.6847800
v -0.0574050 -0.2000000 -1.6385850
v -0.1060650 -0.2000000 -1.6060650
v -0.1414200 -0.2000000 -1.6414200
v 0.0000000 -0.2000000 -1.7000000
v 0.0000000 -0.2000000 -1.6500000
v -0.0574050 -0.2000000 -1.6385850
v -0.0765400 -0.2000000 -1.6847800
v 0.0765400 -0.2000000 -1.6847800
v 0.0574050 -0.2000000 -1.6385850
v 0.0000000 -0.2000000 -1.6500000
v 0.0000000 -0.2000000 -1.7000000
v 0.1414200 -0.2000000 -1.6414200
v 0.1060650 -0.2000000 -1.6060650
v 0.0574050 -0.2000000 -1.6385850
v 0.0765400 -0.2000000 -1.6847800
v 0.1847800 -0.2000000 -1.5765400
v 0.1385850 -0.2000000 -1.5574050
v 0.1060650 -0.2000000 -1.6060650
v 0.1414200 -0.2000000 -1.6414200
v 0.2000000 -0.2000000 -1.5000000
v 0.1500000 -0.2000000 -1.5000000
v 0.1385850 -0.2000000 -1.5574050
v 0.1847800 -0.2000000 -1.5765400
v 0.1847800 -0.2000000 -1.4234600
v 0.1385850 -0.2000000 -1.4425950
v 0.1500000 -0.2000000 -1.5000000
v 0.2000000 -0.2000000 -1.5000000
v 0.1414200 -0.2000000 -1.3585800
v 0.1060650 -0.2000000 -1.3939350
v 0.1385850 -0.2000000 -1.4425950
v 0.1847800 -0.2000000 -1.4234600
v 0.0765400 -0.2000000 -1.3152200
v 0.0574050 -0.2000000 -1.3614150
v 0.1060650 -0.2000000 -1.3939350
v 0.1414200 -0.2000000 -1.3585800
v 0.0000000 -0.2000000 -1.3000000
v 0.0000000 -0.2000000 -1.3500000
v 0.0574050 -0.2000000 -1.3614150
v 0.0765400 -0.2000000 -1.3152200
v 1.1000000 -0.0750000 1.0000000
v 1.0923900 -0.0750000 1.0382700
v 1.0923900 -0.0000000 1.0382700
v 1.1000000 -0.0000000 1.0000000
v 1.0923900 -0.0750000 1.0382700
v 1.0707100 -0.0750000 1.0707100
v 1.0707100 -0.0000000 1.0707100
v 1.0923900 -0.0000000 1.0382700
v 1.0707100 -0.0750000 1.0707100
v 1.0382700 -0.0750000 1.0923900
v 1.0382700 -0.0000000 1.0923900
v 1.0707100 -0.0000000 1.0707100
v 1.0382700 -0.0750000 1.0923900
v 1.0000000 -0.0750000 1.1000000
v 1.0000000 -0.0000000 1.1000000
v 1.0382700 -0.0000000 1.0923900
v 1.0000000 -0.0750000 1.1000000
v 0.9617300 -0.0750000 1.0923900
v 0.9617300 -0.0000000 1.0923900
v 1.0000000 -0.0000000 1.1000000
v 0.9617300 -0.0750000 1.0923900
v 0.9292900 -0.0750000 1.0707100
v 0.9292900 -0.0000000 1.0707100
v 0.9617300 -0.0000000 1.0923900
v 0.9292900 -0.0750000 1.0707100
v 0.9076100 -0.0750000 1.0382700
v 0.9076100 -0.0000000 1.0382700
v 0.9292900 -0.0000000 1.0707100
v 0.9076100 -0.0750000 1.0382700
v 0.9000000 -0.0750000 1.0000000
v 0.9000000 -0.0000000 1.0000000
v 0.9076100 -0.0000000 1.0382700
v 0.9000000 -0.0750000 1.0000000
v 0.9076100 -0.0750000 0.9617300
v 0.9076100 -0.0000000 0.9617300
v 0.9000000 -0.0000000 1.0000000
v 0.9076100 -0.0750000 0.9617300
v 0.9292900 -0.0750000 0.9292900
v 0.9292900 -0.0000000 0.9292900
v 0.9076100 -0.0000000 0.9617300
v 0.9292900 -0.0750000 0.9292900
v 0.9617300 -0.0750000 0.9076100
v 0.9617300 -0.0000000 0.9076100
v 0.9292900 -0.0000000 0.9292900
v 0.9617300 -0.0750000 0.9076100
v 1.0000000 -0.0750000 0.9000000
v 1.0000000 -0.0000000 0.9000000
v 0.9617300 -0.0000000 0.9076100
v 1.0000000 -0.0750000 0.9000000
v 1.0382700 -0.0750000 0.9076100
v 1.0382700 -0.0000000 0.9076100
v 1.0000000 -0.0000000 0.9000000
v 1.0382700 -0.0750000 0.9076100
v 1.0707100 -0.0750000 0.9292900
v 1.0707100 -0.0000000 0.9292900
v 1.0382700 -0.0000000 0.9076100
v 1.0707100 -0.0750000 0.9292900
v 1.0923900 -0.0750000 0.9617300
v 1.0923900 -0.0000000 0.9617300
v 1.0707100 -0.0000000 0.9292900
v 1.0923900 -0.0750000 0.9617300
v 1.1000000 -0.0750000 1.0000000
v 1.1000000 -0.0000000 1.0000000
v 1.0923900 -0.0000000 0.9617300
v 0.6000000 -0.0750000 1.0000000
v 0.5923900 -0.0750000 1.0382700
v 0.5923900 -0.0000000 1.0382700
v 0.6000000 -0.0000000 1.0000000
v 0.5923900 -0.0750000 1.0382700
v 0.5707100 -0.0750000 1.0707100
v 0.5707100 -0.0000000 1.0707100
v 0.5923900 -0.0000000 1.0382700
v 0.5707100 -0.0750000 1.0707100
v 0.5382700 -0.0750000 1.0923900
v 0.5382700 -0.0000000 1.0923900
v 0.5707100 -0.0000000 1.0707100
v 0.5382700 -0.0750000 1.0923900
v 0.5000000 -0.0750000 1.1000000
v 0.5000000 -0.0000000 1.1000000
v 0.5382700 -0.0000000 1.0923900
v 0.5000000 -0.0750000 1.1000000
v 0.4617300 -0.0750000 1.0923900
v 0.4617300 -0.0000000 1.0923900
v 0.5000000 -0.0000000 1.1000000
v 0.4617300 -0.0750000 1.0923900
v 0.4292900 -0.0750000 1.0707100
v 0.4292900 -0.0000000 1.0707100
v 0.4617300 -0.0000000 1.0923900
v 0.4292900 -0.0750000 1.0707100
v 0.4076100 -0.0750000 1.0382700
v 0.4076100 -0.0000000 1.0382700
v 0.4292900 -0.0000000 1.0707100
v 0.4076100 -0.0750000 1.0382700
v 0.4000000 -0.0750000 1.0000000
v 0.4000000 -0.0000000 1.0000000
v 0.4076100 -0.0000000 1.0382700
v 0.4000000 -0.0750000 1.0000000
v 0.4076100 -0.0750000 0.9617300
v 0.4076100 -0.0000000 0.9617300
v 0.4000000 -0.0000000 1.0000000
v 0.4076100 -0.0750000 0.9617300
v 0.4292900 -0.0750000 0.9292900
v 0.4292900 -0.0000000 0.9292900
v 0.4076100 -0.0000000 0.9617300
v 0.4292900 -0.0750000 0.9292900
v 0.4617300 -0.0750000 0.9076100
v 0.4617300 -0.0000000 0.9076100
v 0.4292900 -0.0000000 0.9292900
v 0.4617300 -0.0750000 0.9076100
v 0.5000000 -0.0750000 0.9000000
v 0.5000000 -0.0000000 0.9000000
v 0.4617300 -0.0000000 0.9076100
v 0.5000000 -0.0750000 0.9000000
v 0.5382700 -0.0750000 0.9076100
v 0.5382700 -0.0000000 0.9076100
v 0.5000000 -0.0000000 0.9000000
v 0.5382700 -0.0750000 0.9076100
v 0.5707100 -0.0750000 0.9292900
v 0.5707100 -0.0000000 0.9292900
v 0.5382700 -0.0000000 0.9076100
v 0.5707100 -0.0750000 0.9292900
v 0.5923900 -0.0750000 0.9617300
v 0.5923900 -0.0000000 0.9617300
v 0.5707100 -0.0000000 0.9292900
v 0.5923900 -0.0750000 0.9617300
v 0.6000000 -0.0750000 1.0000000
v 0.6000000 -0.0000000 1.0000000
v 0.5923900 -0.0000000 0.9617300
v -0.4000000 -0.0750000 1.0000000
v -0.4076100 -0.0750000 1.0382700
v -0.4076100 -0.0000000 1.0382700
v -0.4000000 -0.0000000 1.0000000
v -0.4076100 -0.0750000 1.0382700
v -0.4292900 -0.0750000 1.0707100
v -0.4292900 -0.0000000 1.0707100
v -0.4076100 -0.0000000 1.0382700
v -0.4292900 -0.0750000 1.0707100
v -0.4617300 -0.0750000 1.0923900
v -0.4617300 -0.0000000 1.0923900
v -0.4292900 -0.0000000 1.0707100
v -0.4617300 -0.0750000 1.0923900
v -0.5000000 -0.0750000 1.1000000
v -0.5000000 -0.0000000 1.1000000
v -0.4617300 -0.0000000 1.0923900
v -0.5000000 -0.0750000 1.1000000
v -0.5382700 -0.0750000 1.0923900
v -0.5382700 -0.0000000 1.0923900
v -0.5000000 -0.0000000 1.1000000
v -0.5382700 -0.0750000 1.0923900
v -0.5707100 -0.0750000 1.0707100
v -0.5707100 -0.0000000 1.0707100
v -0.5382700 -0.0000000 1.0923900
v -0.5707100 -0.0750000 1.0707100
v -0.5923900 -0.0750000 1.0382700
v -0.5923900 -0.0000000 1.0382700
v -0.5707100 -0.0000000 1.0707100
v -0.5923900 -0.0750000 1.0382700
v -0.6000000 -0.0750000 1.0000000
v -0.6000000 -0.0000000 1.0000000
v -0.5923900 -0.0000000 1.0382700
v -0.6000000 -0.0750000 1.0000000
v -0.5923900 -0.0750000 0.9617300
v -0.5923900 -0.0000000 0.9617300
v -0.6000000 -0.0000000 1.0000000
v -0.5923900 -0.0750000 0.9617300
v -0.5707100 -0.0750000 0.9292900
v -0.5707100 -0.0000000 0.9292900
v -0.5923900 -0.0000000 0.9617300
v -0.5707100 -0.0750000 0.9292900
v -0.5382700 -0.0750000 0.9076100
v -0.5382700 -0.0000000 0.9076100
v -0.5707100 -0.0000000 0.9292900
v -0.5382700 -0.0750000 0.9076100
v -0.5000000 -0.0750000 0.9000000
v -0.5000000 -0.0000000 0.9000000
v -0.5382700 -0.0000000 0.9076100
v -0.5000000 -0.0750000 0.9000000
v -0.4617300 -0.0750000 0.9076100
v -0.4617300 -0.0000000 0.9076100
v -0.5000000 -0.0000000 0.9000000
v -0.4617300 -0.0750000 0.9076100
v -0.4292900 -0.0750000 0.9292900
v -0.4292900 -0.0000000 0.9292900
v -0.4617300 -0.0000000 0.9076100
v -0.4292900 -0.0750000 0.9292900
v -0.4076100 -0.0750000 0.9617300
v -0.4076100 -0.0000000 0.9617300
v -0.4292900 -0.0000000 0.9292900
v -0.4076100 -0.0750000 0.9617300
v -0.4000000 -0.0750000 1.0000000
v -0.4000000 -0.0000000 1.0000000
v -0.4076100 -0.0000000 0.9617300
v -0.9000000 -0.0750000 1.0000000
v -0.9076100 -0.0750000 1.0382700
v -0.9076100 -0.0000000 1.0382700
v -0.9000000 -0.0000000 1.0000000
v -0.9076100 -0.0750000 1.0382700
v -0.9292900 -0.0750000 1.0707100
v -0.9292900 -0.0000000 1.0707100
v -0.9076100 -0.0000000 1.0382700
v -0.9292900 -0.0750000 1.0707100
v -0.9617300 -0.0750000 1.0923900
v -0.9617300 -0.0000000 1.0923900
v -0.9292900 -0.0000000 1.0707100
v -0.9617300 -0.0750000 1.0923900
v -1.0000000 -0.0750000 1.1000000
v -1.0000000 -0.0000000 1.1000000
v -0.9617300 -0.0000000 1.0923900
v -1.0000000 -0.0750000 1.1000000
v -1.0382700 -0.0750000 1.0923900
v -1.0382700 -0.0000000 1.0923900
v -1.0000000 -0.0000000 1.1000000
v -1.0382700 -0.0750000 1.0923900
v -1.0707100 -0.0750000 1.0707100
v -1.0707100 -0.0000000 1.0707100
v -1.0382700 -0.0000000 1.0923900
v -1.0707100 -0.0750000 1.0707100
v -1.0923900 -0.0750000 1.0382700
v -1.0923900 -0.0000000 1.0382700
v -1.0707100 -0.0000000 1.0707100
v -1.0923900 -0.0750000 1.0382700
v -1.1000000 -0.0750000 1.0000000
v -1.1000000 -0.0000000 1.0000000
v -1.0923900 -0.0000000 1.0382700
v -1.1000000 -0.0750000 1.0000000
v -1.0923900 -0.0750000 0.9617300
v -1.0923900 -0.0000000 0.9617300
v -1.1000000 -0.0000000 1.0000000
v -1.0923900 -0.0750000 0.9617300
v -1.0707100 -0.0750000 0.9292900
v -1.0707100 -0.0000000 0.9292900
v -1.0923900 -0.0000000 0.9617300
v -1.0707100 -0.0750000 0.9292900
v -1.0382700 -0.0750000 0.9076100
v -1.0382700 -0.0000000 0.9076100
v -1.0707100 -0.0000000 0.9292900
v -1.0382700 -0.0750000 0.9076100
v -1.0000000 -0.0750000 0.9000000
v -1.0000000 -0.0000000 0.9000000
v -1.0382700 -0.0000000 0.9076100
v -1.0000000 -0.0750000 0.9000000
v -0.9617300 -0.0750000 0.9076100
v -0.9617300 -0.0000000 0.9076100
v -1.0000000 -0.0000000 0.9000000
v -0.9617300 -0.0750000 0.9076100
v -0.9292900 -0.0750000 0.9292900
v -0.9292900 -0.0000000 0.9292900
v -0.9617300 -0.0000000 0.9076100
v -0.9292900 -0.0750000 0.9292900
v -0.9076100 -0.0750000 0.9617300
v -0.9076100 -0.0000000 0.9617300
v -0.9292900 -0.0000000 0.9292900
v -0.9076100 -0.0750000 0.9617300
v -0.9000000 -0.0750000 1.0000000
v -0.9000000 -0.0000000 1.0000000
v -0.9076100 -0.0000000 0.9617300
v 1.1000000 -0.0750000 0.5000000
v 1.0923900 -0.0750000 0.5382700
v 1.0923900 -0.0000000 0.5382700
v 1.1000000 -0.0000000 0.5000000
v 1.0923900 -0.0750000 0.5382700
v 1.0707100 -0.0750000 0.5707100
v 1.0707100 -0.0000000 0.5707100
v 1.0923900 -0.0000000 0.5382700
v 1.0707100 -0.0750000 0.5707100
v 1.0382700 -0.0750000 0.5923900
v 1.0382700 -0.0000000 0.5923900
v 1.0707100 -0.0000000 0.5707100
v 1.0382700 -0.0750000 0.5923900
v 1.0000000 -0.0750000 0.6000000
v 1.0000000 -0.0000000 0.6000000
v 1.0382700 -0.0000000 0.5923900
v 1.0000000 -0.0750000 0.6000000
v 0.9617300 -0.0750000 0.5923900
v 0.9617300 -0.0000000 0.5923900
v 1.0000000 -0.0000000 0.6000000
v 0.9617300 -0.0750000 0.5923900
v 0.9292900 -0.0750000 0.5707100
v 0.9292900 -0.0000000 0.5707100
v 0.9617300 -0.0000000 0.5923900
v 0.9292900 -0.0750000 0.5707100
v 0.9076100 -0.0750000 0.5382700
v 0.9076100 -0.0000000 0.5382700
v 0.9292900 -0.0000000 0.5707100
v 0.9076100 -0.0750000 0.5382700
v 0.9000000 -0.0750000 0.5000000
v 0.9000000 -0.0000000 0.5000000
v 0.9076100 -0.0000000 0.5382700
v 0.9000000 -0.0750000 0.5000000
v 0.9076100 -0.0750000 0.4617300
v 0.9076100 -0.0000000 0.4617300
v 0.9000000 -0.0000000 0.5000000
v 0.9076100 -0.0750000 0.4617300
v 0.9292900 -0.0750000 0.4292900
v 0.9292900 -0.0000000 0.4292900
v 0.9076100 -0.0000000 0.4617300
v 0.9292900 -0.0750000 0.4292900
v 0.9617300 -0.0750000 0.4076100
v 0.9617300 -0.0000000 0.4076100
v 0.9292900 -0.0000000 0.4292900
v 0.9617300 -0.0750000 0.4076100
v 1.0000000 -0.0750000 0.4000000
v 1.0000000 -0.0000000 0.4000000
v 0.9617300 -0.0000000 0.4076100
v 1.0000000 -0.0750000 0.4000000
v 1.0382700 -0.0750000 0.4076100
v 1.0382700 -0.0000000 0.4076100
v 1.0000000 -0.0000000 0.4000000
v 1.0382700 -0.0750000 0.4076100
v 1.0707100 -0.0750000 0.4292900
v 1.0707100 -0.0000000 0.4292900
v 1.0382700 -0.0000000 0.4076100
v 1.0707100 -0.0750000 0.4292900
v 1.0923900 -0.0750000 0.4617300
v 1.0923900 -0.0000000 0.4617300
v 1.0707100 -0.0000000 0.4292900
v 1.0923900 -0.0750000 0.4617300
v 1.1000000 -0.0750000 0.5000000
v 1.1000000 -0.0000000 0.5000000
v 1.0923900 -0.0000000 0.4617300
v -0.9000000 -0.0750000 0.5000000
v -0.9076100 -0.0750000 0.5382700
v -0.9076100 -0.0000000 0.5382700
v -0.9000000 -0.0000000 0.5000000
v -0.9076100 -0.0750000 0.5382700
v -0.9292900 -0.0750000 0.5707100
v -0.9292900 -0.0000000 0.5707100
v -0.9076100 -0.0000000 0.5382700
v -0.9292900 -0.0750000 0.5707100
v -0.9617300 -0.0750000 0.5923900
v -0.9617300 -0.0000000 0.5923900
v -0.9292900 -0.0000000 0.5707100
v -0.9617300 -0.0750000 0.5923900
v -1.0000000 -0.0750000 0.6000000
v -1.0000000 -0.0000000 0.6000000
v -0.9617300 -0.0000000 0.5923900
v -1.0000000 -0.0750000 0.6000000
v -1.0382700 -0.0750000 0.5923900
v -1.0382700 -0.0000000 0.5923900
v -1.0000000 -0.0000000 0.6000000
v -1.0382700 -0.0750000 0.5923900
v -1.0707100 -0.0750000 0.5707100
v -1.0707100 -0.0000000 0.5707100
v -1.0382700 -0.0000000 0.5923900
v -1.0707100 -0.0750000 0.5707100
v -1.0923900 -0.0750000 0.5382700
v -1.0923900 -0.0000000 0.5382700
v -1.0707100 -0.0000000 0.5707100
v -1.0923900 -0.0750000 0.5382700
v -1.1000000 -0.0750000 0.5000000
v -1.1000000 -0.0000000 0.5000000
v -1.0923900 -0.0000000 0.5382700
v -1.1000000 -0.0750000 0.5000000
v -1.0923900 -0.0750000 0.4617300
v -1.0923900 -0.0000000 0.4617300
v -1.1000000 -0.0000000 0.5000000
v -1.0923900 -0.0750000 0.4617300
v -1.0707100 -0.0750000 0.4292900
v -1.0707100 -0.0000000 0.4292900
v -1.0923900 -0.0000000 0.4617300
v -1.0707100 -0.0750000 0.4292900
v -1.0382700 -0.0750000 0.4076100
v -1.0382700 -0.0000000 0.4076100
v -1.0707100 -0.0000000 0.4292900
v -1.0382700 -0.0750000 0.4076100
v -1.0000000 -0.0750000 0.4000000
v -1.0000000 -0.0000000 0.4000000
v -1.0382700 -0.0000000 0.4076100
v -1.0000000 -0.0750000 0.4000000
v -0.9617300 -0.0750000 0.4076100
v -0.9617300 -0.0000000 0.4076100
v -1.0000000 -0.0000000 0.4000000
v -0.9617300 -0.0750000 0.4076100
v -0.9292900 -0.0750000 0.4292900
v -0.9292900 -0.0000000 0.4292900
v -0.9617300 -0.0000000 0.4076100
v -0.9292900 -0.0750000 0.4292900
v -0.9076100 -0.0750000 0.4617300
v -0.9076100 -0.0000000 0.4617300
v -0.9292900 -0.0000000 0.4292900
v -0.9076100 -0.0750000 0.4617300
v -0.9000000 -0.0750000 0.5000000
v -0.9000000 -0.0000000 0.5000000
v -0.9076100 -0.0000000 0.4617300
v 1.1000000 -0.0750000 0.0000000
v 1.0923900 -0.0750000 0.0382700
v 1.0923900 -0.0000000 0.0382700
v 1.1000000 -0.0000000 0.0000000
v 1.0923900 -0.0750000 0.0382700
v 1.0707100 -0.0750000 0.0707100
v 1.0707100 -0.0000000 0.0707100
v 1.0923900 -0.0000000 0.0382700
v 1.0707100 -0.0750000 0.0707100
v 1.0382700 -0.0750000 0.0923900
v 1.0382700 -0.0000000 0.0923900
v 1.0707100 -0.0000000 0.0707100
v 1.0382700 -0.0750000 0.0923900
v 1.0000000 -0.0750000 0.1000000
v 1.0000000 -0.0000000 0.1000000
v 1.0382700 -0.0000000 0.0923900
v 1.0000000 -0.0750000 0.1000000
v 0.9617300 -0.0750000 0.0923900
v 0.9617300 -0.0000000 0.0923900
v 1.0000000 -0.0000000 0.1000000
v 0.9617300 -0.0750000 0.0923900
v 0.9292900 -0.0750000 0.0707100
v 0.9292900 -0.0000000 0.0707100
v 0.9617300 -0.0000000 0.0923900
v 0.9292900 -0.0750000 0.0707100
v 0.9076100 -0.0750000 0.0382700
v 0.9076100 -0.0000000 0.0382700
v 0.9292900 -0.0000000 0.0707100
v 0.9076100 -0.0750000 0.0382700
v 0.9000000 -0.0750000 0.0000000
v 0.9000000 -0.0000000 0.0000000
v 0.9076100 -0.0000000 0.0382700
v 0.9000000 -0.0750000 0.0000000
v 0.9076100 -0.0750000 -0.0382700
v 0.9076100 -0.0000000 -0.0382700
v 0.9000000 -0.0000000 0.0000000
v 0.9076100 -0.0750000 -0.0382700
v 0.9292900 -0.0750000 -0.0707100
v 0.9292900 -0.0000000 -0.0707100
v 0.9076100 -0.0000000 -0.0382700
v 0.9292900 -0.0750000 -0.0707100
v 0.9617300 -0.0750000 -0.0923900
v 0.9617300 -0.0000000 -0.0923900
v 0.9292900 -0.0000000 -0.0707100
v 0.9617300 -0.0750000 -0.0923900
v 1.0000000 -0.0750000 -0.1000000
v 1.0000000 -0.0000000 -0.1000000
v 0.9617300 -0.0000000 -0.0923900
v 1.0000000 -0.0750000 -0.1000000
v 1.0382700 -0.0750000 -0.0923900
v 1.0382700 -0.0000000 -0.0923900
v 1.0000000 -0.0000000 -0.1000000
v 1.0382700 -0.0750000 -0.0923900
v 1.0707100 -0.0750000 -0.0707100
v 1.0707100 -0.0000000 -0.0707100
v 1.0382700 -0.0000000 -0.0923900
v 1.0707100 -0.0750000 -0.0707100
v 1.0923900 -0.0750000 -0.0382700
v 1.0923900 -0.0000000 -0.0382700
v 1.0707100 -0.0000000 -0.0707100
v 1.0923900 -0.0750000 -0.0382700
v 1.1000000 -0.0750000 0.0000000
v 1.1000000 -0.0000000 0.0000000
v 1.0923900 -0.0000000 -0.0382700
v 0.1000000 -0.0750000 0.0000000
v 0.0923900 -0.0750000 0.0382700
v 0.0923900 -0.0000000 0.0382700
v 0.1000000 -0.0000000 0.0000000
v 0.0923900 -0.0750000 0.0382700
v 0.0707100 -0.0750000 0.0707100
v 0.0707100 -0.0000000 0.0707100
v 0.0923900 -0.0000000 0.0382700
v 0.0707100 -0.0750000 0.0707100
v 0.0382700 -0.0750000 0.0923900
v 0.0382700 -0.0000000 0.0923900
v 0.0707100 -0.0000000 0.0707100
v 0.0382700 -0.0750000 0.0923900
v 0.0000000 -0.0750000 0.1000000
v 0.0000000 -0.0000000 0.1000000
v 0.0382700 -0.0000000 0.0923900
v 0.0000000 -0.0750000 0.1000000
v -0.0382700 -0.0750000 0.0923900
v -0.0382700 -0.0000000 0.0923900
v 0.0000000 -0.0000000 0.1000000
v -0.0382700 -0.0750000 0.0923900
v -0.0707100 -0.0750000 0.0707100
v -0.0707100 -0.0000000 0.0707100
v -0.0382700 -0.0000000 0.0923900
v -0.0707100 -0.0750000 0.0707100
v -0.0923900 -0.0750000 0.0382700
v -0.0923900 -0.0000000 0.0382700
v -0.0707100 -0.0000000 0.0707100
v -0.0923900 -0.0750000 0.0382700
v -0.1000000 -0.0750000 0.0000000
v -0.1000000 -0.0000000 0.0000000
v -0.0923900 -0.0000000 0.0382700
v -0.1000000 -0.0750000 0.0000000
v -0.0923900 -0.0750000 -0.0382700
v -0.0923900 -0.0000000 -0.0382700
v -0.1000000 -0.0000000 0.0000000
v -0.0923900 -0.0750000 -0.0382700
v -0.0707100 -0.0750000 -0.0707100
v -0.0707100 -0.0000000 -0.0707100
v -0.0923900 -0.0000000 -0.0382700
v -0.0707100 -0.0750000 -0.0707100
v -0.0382700 -0.0750000 -0.0923900
v -0.0382700 -0.0000000 -0.0923900
v -0.0707100 -0.0000000 -0.0707100
v -0.0382700 -0.0750000 -0.0923900
v 0.0000000 -0.0750000 -0.1000000
v 0.0000000 -0.0000000 -0.1000000
v -0.0382700 -0.0000000 -0.0923900
v 0.0000000 -0.0750000 -0.1000000
v 0.0382700 -0.0750000 -0.0923900
v 0.0382700 -0.0000000 -0.0923900
v 0.0000000 -0.0000000 -0.1000000
v 0.0382700 -0.0750000 -0.0923900
v 0.0707100 -0.0750000 -0.0707100
v 0.0707100 -0.0000000 -0.0707100
v 0.0382700 -0.0000000 -0.0923900
v 0.0707100 -0.0750000 -0.0707100
v 0.0923900 -0.0750000 -0.0382700
v 0.0923900 -0.0000000 -0.0382700
v 0.0707100 -0.0000000 -0.0707100
v 0.0923900 -0.0750000 -0.0382700
v 0.1000000 -0.0750000 0.0000000
v 0.1000000 -0.0000000 0.0000000
v 0.0923900 -0.0000000 -0.0382700
v -0.9000000 -0.0750000 0.0000000
v -0.9076100 -0.0750000 0.0382700
v -0.9076100 -0.0000000 0.0382700
v -0.9000000 -0.0000000 0.0000000
v -0.9076100 -0.0750000 0.0382700
v -0.9292900 -0.0750000 0.0707100
v -0.9292900 -0.0000000 0.0707100
v -0.9076100 -0.0000000 0.0382700
v -0.9292900 -0.0750000 0.0707100
v -0.9617300 -0.0750000 0.0923900
v -0.9617300 -0.0000000 0.0923900
v -0.9292900 -0.0000000 0.0707100
v -0.9617300 -0.0750000 0.0923900
v -1.0000000 -0.0750000 0.1000000
v -1.0000000 -0.0000000 0.1000000
v -0.9617300 -0.0000000 0.0923900
v -1.0000000 -0.0750000 0.1000000
v -1.0382700 -0.0750000 0.0923900
v -1.0382700 -0.0000000 0.0923900
v -1.0000000 -0.0000000 0.1000000
v -1.0382700 -0.0750000 0.0923900
v -1.0707100 -0.0750000 0.0707100
v -1.0707100 -0.0000000 0.0707100
v -1.0382700 -0.0000000 0.0923900
v -1.0707100 -0.0750000 0.0707100
v -1.0923900 -0.0750000 0.0382700
v -1.0923900 -0.0000000 0.0382700
v -1.0707100 -0.0000000 0.0707100
v -1.0923900 -0.0750000 0.0382700
v -1.1000000 -0.0750000 0.0000000
v -1.1000000 -0.0000000 0.0000000
v -1.0923900 -0.0000000 0.0382700
v -1.1000000 -0.0750000 0.0000000
v -1.0923900 -0.0750000 -0.0382700
v -1.0923900 -0.0000000 -0.0382700
v -1.1000000 -0.0000000 0.0000000
v -1.0923900 -0.0750000 -0.0382700
v -1.0707100 -0.0750000 -0.0707100
v -1.0707100 -0.0000000 -0.0707100
v -1.0923900 -0.0000000 -0.0382700
v -1.0707100 -0.0750000 -0.0707100
v -1.0382700 -0.0750000 -0.0923900
v -1.0382700 -0.0000000 -0.0923900
v -1.0707100 -0.0000000 -0.0707100
v -1.0382700 -0.0750000 -0.0923900
v -1.0000000 -0.0750000 -0.1000000
v -1.0000000 -0.0000000 -0.1000000
v -1.0382700 -0.0000000 -0.0923900
v -1.0000000 -0.0750000 -0.1000000
v -0.9617300 -0.0750000 -0.0923900
v -0.9617300 -0.0000000 -0.0923900
v -1.0000000 -0.0000000 -0.1000000
v -0.9617300 -0.0750000 -0.0923900
v -0.9292900 -0.0750000 -0.0707100
v -0.9292900 -0.0000000 -0.0707100
v -0.9617300 -0.0000000 -0.0923900
v -0.9292900 -0.0750000 -0.0707100
v -0.9076100 -0.0750000 -0.0382700
v -0.9076100 -0.0000000 -0.0382700
v -0.9292900 -0.0000000 -0.0707100
v -0.9076100 -0.0750000 -0.0382700
v -0.9000000 -0.0750000 0.0000000
v -0.9000000 -0.0000000 0.0000000
v -0.9076100 -0.0000000 -0.0382700
v 0.6000000 -0.0750000 -0.5000000
v 0.5923900 -0.0750000 -0.4617300
v 0.5923900 -0.0000000 -0.4617300
v 0.6000000 -0.0000000 -0.5000000
v 0.5923900 -0.0750000 -0.4617300
v 0.5707100 -0.0750000 -0.4292900
v 0.5707100 -0.0000000 -0.4292900
v 0.5923900 -0.0000000 -0.4617300
v 0.5707100 -0.0750000 -0.4292900
v 0.5382700 -0.0750000 -0.4076100
v 0.5382700 -0.0000000 -0.4076100
v 0.5707100 -0.0000000 -0.4292900
v 0.5382700 -0.0750000 -0.4076100
v 0.5000000 -0.0750000 -0.4000000
v 0.5000000 -0.0000000 -0.4000000
v 0.5382700 -0.0000000 -0.4076100
v 0.5000000 -0.0750000 -0.4000000
v 0.4617300 -0.0750000 -0.4076100
v 0.4617300 -0.0000000 -0.4076100
v 0.5000000 -0.0000000 -0.4000000
v 0.4617300 -0.0750000 -0.4076100
v 0.4292900 -0.0750000 -0.4292900
v 0.4292900 -0.0000000 -0.4292900
v 0.4617300 -0.0000000 -0.4076100
v 0.4292900 -0.0750000 -0.4292900
v 0.4076100 -0.0750000 -0.4617300
v 0.4076100 -0.0000000 -0.4617300
v 0.4292900 -0.0000000 -0.4292900
v 0.4076100 -0.0750000 -0.4617300
v 0.4000000 -0.0750000 -0.5000000
v 0.4000000 -0.0000000 -0.5000000
v 0.4076100 -0.0000000 -0.4617300
v 0.4000000 -0.0750000 -0.5000000
v 0.4076100 -0.0750000 -0.5382700
v 0.4076100 -0.0000000 -0.5382700
v 0.4000000 -0.0000000 -0.5000000
v 0.4076100 -0.0750000 -0.5382700
v 0.4292900 -0.0750000 -0.5707100
v 0.4292900 -0.0000000 -0.5707100
v 0.4076100 -0.0000000 -0.5382700
v 0.4292900 -0.0750000 -0.5707100
v 0.4617300 -0.0750000 -0.5923900
v 0.4617300 -0.0000000 -0.5923900
v 0.4292900 -0.0000000 -0.5707100
v 0.4617300 -0.0750000 -0.5923900
v 0.5000000 -0.0750000 -0.6000000
v 0.5000000 -0.0000000 -0.6000000
v 0.4617300 -0.0000000 -0.5923900
v 0.5000000 -0.0750000 -0.6000000
v 0.5382700 -0.0750000 -0.5923900
v 0.5382700 -0.0000000 -0.5923900
v 0.5000000 -0.0000000 -0.6000000
v 0.5382700 -0.0750000 -0.5923900
v 0.5707100 -0.0750000 -0.5707100
v 0.5707100 -0.0000000 -0.5707100
v 0.5382700 -0.0000000 -0.5923900
v 0.5707100 -0.0750000 -0.5707100
v 0.5923900 -0.0750000 -0.5382700
v 0.5923900 -0.0000000 -0.5382700
v 0.5707100 -0.0000000 -0.5707100
v 0.5923900 -0.0750000 -0.5382700
v 0.6000000 -0.0750000 -0.5000000
v 0.6000000 -0.0000000 -0.5000000
v 0.5923900 -0.0000000 -0.5382700
v -0.4000000 -0.0750000 -0.5000000
v -0.4076100 -0.0750000 -0.4617300
v -0.4076100 -0.0000000 -0.4617300
v -0.4000000 -0.0000000 -0.5000000
v -0.4076100 -0.0750000 -0.4617300
v -0.4292900 -0.0750000 -0.4292900
v -0.4292900 -0.0000000 -0.4292900
v -0.4076100 -0.0000000 -0.4617300
v -0.4292900 -0.0750000 -0.4292900
v -0.4617300 -0.0750000 -0.4076100
v -0.4617300 -0.0000000 -0.4076100
v -0.4292900 -0.0000000 -0.4292900
v -0.4617300 -0.0750000 -0.4076100
v -0.5000000 -0.0750000 -0.4000000
v -0.5000000 -0.0000000 -0.4000000
v -0.4617300 -0.0000000 -0.4076100
v -0.5000000 -0.0750000 -0.4000000
v -0.5382700 -0.0750000 -0.4076100
v -0.5382700 -0.0000000 -0.4076100
v -0.5000000 -0.0000000 -0.4000000
v -0.5382700 -0.0750000 -0.4076100
v -0.5707100 -0.0750000 -0.4292900
v -0.5707100 -0.0000000 -0.4292900
v -0.5382700 -0.0000000 -0.4076100
v -0.5707100 -0.0750000 -0.4292900
v -0.5923900 -0.0750000 -0.4617300
v -0.5923900 -0.0000000 -0.4617300
v -0.5707100 -0.0000000 -0.4292900
v -0.5923900 -0.0750000 -0.4617300
v -0.6000000 -0.0750000 -0.5000000
v -0.6000000 -0.0000000 -0.5000000
v -0.5923900 -0.0000000 -0.4617300
v -0.6000000 -0.0750000 -0.5000000
v -0.5923900 -0.0750000 -0.5382700
v -0.5923900 -0.0000000 -0.5382700
v -0.6000000 -0.0000000 -0.5000000
v -0.5923900 -0.0750000 -0.5382700
v -0.5707100 -0.0750000 -0.5707100
v -0.5707100 -0.0000000 -0.5707100
v -0.5923900 -0.0000000 -0.5382700
v -0.5707100 -0.0750000 -0.5707100
v -0.5382700 -0.0750000 -0.5923900
v -0.5382700 -0.0000000 -0.5923900
v -0.5707100 -0.0000000 -0.5707100
v -0.5382700 -0.0750000 -0.5923900
v -0.5000000 -0.0750000 -0.6000000
v -0.5000000 -0.0000000 -0.6000000
v -0.5382700 -0.0000000 -0.5923900
v -0.5000000 -0.0750000 -0.6000000
v -0.4617300 -0.0750000 -0.5923900
v -0.4617300 -0.0000000 -0.5923900
v -0.5000000 -0.0000000 -0.6000000
v -0.4617300 -0.0750000 -0.5923900
v -0.4292900 -0.0750000 -0.5707100
v -0.4292900 -0.0000000 -0.5707100
v -0.4617300 -0.0000000 -0.5923900
v -0.4292900 -0.0750000 -0.5707100
v -0.4076100 -0.0750000 -0.5382700
v -0.4076100 -0.0000000 -0.5382700
v -0.4292900 -0.0000000 -0.5707100
v -0.4076100 -0.0750000 -0.5382700
v -0.4000000 -0.0750000 -0.5000000
v -0.4000000 -0.0000000 -0.5000000
v -0.4076100 -0.0000000 -0.5382700
v 0.6000000 -0.0750000 -1.0000000
v 0.5923900 -0.0750000 -0.9617300
v 0.5923900 -0.0000000 -0.9617300
v 0.6000000 -0.0000000 -1.0000000
v 0.5923900 -0.0750000 -0.9617300
v 0.5707100 -0.0750000 -0.9292900
v 0.5707100 -0.0000000 -0.9292900
v 0.5923900 -0.0000000 -0.9617300
v 0.5707100 -0.0750000 -0.9292900
v 0.5382700 -0.0750000 -0.9076100
v 0.5382700 -0.0000000 -0.9076100
v 0.5707100 -0.0000000 -0.9292900
v 0.5382700 -0.0750000 -0.9076100
v 0.5000000 -0.0750000 -0.9000000
v 0.5000000 -0.0000000 -0.9000000
v 0.5382700 -0.0000000 -0.9076100
v 0.5000000 -0.0750000 -0.9000000
v 0.4617300 -0.0750000 -0.9076100
v 0.4617300 -0.0000000 -0.9076100
v 0.5000000 -0.0000000 -0.9000000
v 0.4617300 -0.0750000 -0.9076100
v 0.4292900 -0.0750000 -0.9292900
v 0.4292900 -0.0000000 -0.9292900
v 0.4617300 -0.0000000 -0.9076100
v 0.4292900 -0.0750000 -0.9292900
v 0.4076100 -0.0750000 -0.9617300
v 0.4076100 -0.0000000 -0.9617300
v 0.4292900 -0.0000000 -0.9292900
v 0.4076100 -0.0750000 -0.9617300
v 0.4000000 -0.0750000 -1.0000000
v 0.4000000 -0.0000000 -1.0000000
v 0.4076100 -0.0000000 -0.9617300
v 0.4000000 -0.0750000 -1.0000000
v 0.4076100 -0.0750000 -1.0382700
v 0.4076100 -0.0000000 -1.0382700
v 0.4000000 -0.0000000 -1.0000000
v 0.4076100 -0.0750000 -1.0382700
v 0.4292900 -0.0750000 -1.0707100
v 0.4292900 -0.0000000 -1.0707100
v 0.4076100 -0.0000000 -1.0382700
v 0.4292900 -0.0750000 -1.0707100
v 0.4617300 -0.0750000 -1.0923900
v 0.4617300 -0.0000000 -1.0923900
v 0.4292900 -0.0000000 -1.0707100
v 0.4617300 -0.0750000 -1.0923900
v 0.5000000 -0.0750000 -1.1000000
v 0.5000000 -0.0000000 -1.1000000
v 0.4617300 -0.0000000 -1.0923900
v 0.5000000 -0.0750000 -1.1000000
v 0.5382700 -0.0750000 -1.0923900
v 0.5382700 -0.0000000 -1.0923900
v 0.5000000 -0.0000000 -1.1000000
v 0.5382700 -0.0750000 -1.0923900
v 0.5707100 -0.0750000 -1.0707100
v 0.5707100 -0.0000000 -1.0707100
v 0.5382700 -0.0000000 -1.0923900
v 0.5707100 -0.0750000 -1.0707100
v 0.5923900 -0.0750000 -1.0382700
v 0.5923900 -0.0000000 -1.0382700
v 0.5707100 -0.0000000 -1.0707100
v 0.5923900 -0.0750000 -1.0382700
v 0.6000000 -0.0750000 -1.0000000
v 0.6000000 -0.0000000 -1.0000000
v 0.5923900 -0.0000000 -1.0382700
v -0.4000000 -0.0750000 -1.0000000
v -0.4076100 -0.0750000 -0.9617300
v -0.4076100 -0.0000000 -0.9617300
v -0.4000000 -0.0000000 -1.0000000
v -0.4076100 -0.0750000 -0.9617300
v -0.4292900 -0.0750000 -0.9292900
v -0.4292900 -0.0000000 -0.9292900
v -0.4076100 -0.0000000 -0.9617300
v -0.4292900 -0.0750000 -0.9292900
v -0.4617300 -0.0750000 -0.9076100
v -0.4617300 -0.0000000 -0.9076100
v -0.4292900 -0.0000000 -0.9292900
v -0.4617300 -0.0750000 -0.9076100
v -0.5000000 -0.0750000 -0.9000000
v -0.5000000 -0.0000000 -0.9000000
v -0.4617300 -0.0000000 -0.9076100
v -0.5000000 -0.0750000 -0.9000000
v -0.5382700 -0.0750000 -0.9076100
v -0.5382700 -0.0000000 -0.9076100
v -0.5000000 -0.0000000 -0.9000000
v -0.5382700 -0.0750000 -0.9076100
v -0.5707100 -0.0750000 -0.9292900
v -0.5707100 -0.0000000 -0.9292900
v -0.5382700 -0.0000000 -0.9076100
v -0.5707100 -0.0750000 -0.9292900
v -0.5923900 -0.0750000 -0.9617300
v -0.5923900 -0.0000000 -0.9617300
v -0.5707100 -0.0000000 -0.9292900
v -0.5923900 -0.0750000 -0.9617300
v -0.6000000 -0.0750000 -1.0000000
v -0.6000000 -0.0000000 -1.0000000
v -0.5923900 -0.0000000 -0.9617300
v -0.6000000 -0.0750000 -1.0000000
v -0.5923900 -0.0750000 -1.0382700
v -0.5923900 -0.0000000 -1.0382700
v -0.6000000 -0.0000000 -1.0000000
v -0.5923900 -0.0750000 -1.0382700
v -0.5707100 -0.0750000 -1.0707100
v -0.5707100 -0.0000000 -1.0707100
v -0.5923900 -0.0000000 -1.0382700
v -0.5707100 -0.0750000 -1.0707100
v -0.5382700 -0.0750000 -1.0923900
v -0.5382700 -0.0000000 -1.0923900
v -0.5707100 -0.0000000 -1.0707100
v -0.5382700 -0.0750000 -1.0923900
v -0.5000000 -0.0750000 -1.1000000
v -0.5000000 -0.0000000 -1.1000000
v -0.5382700 -0.0000000 -1.0923900
v -0.5000000 -0.0750000 -1.1000000
v -0.4617300 -0.0750000 -1.0923900
v -0.4617300 -0.0000000 -1.0923900
v -0.5000000 -0.0000000 -1.1000000
v -0.4617300 -0.0750000 -1.0923900
v -0.4292900 -0.0750000 -1.0707100
v -0.4292900 -0.0000000 -1.0707100
v -0.4617300 -0.0000000 -1.0923900
v -0.4292900 -0.0750000 -1.0707100
v -0.4076100 -0.0750000 -1.0382700
v -0.4076100 -0.0000000 -1.0382700
v -0.4292900 -0.0000000 -1.0707100
v -0.4076100 -0.0750000 -1.0382700
v -0.4000000 -0.0750000 -1.0000000
v -0.4000000 -0.0000000 -1.0000000
v -0.4076100 -0.0000000 -1.0382700
v 0.1000000 -0.0750000 -1.5000000
v 0.0923900 -0.0750000 -1.4617300
v 0.0923900 -0.0000000 -1.4617300
v 0.1000000 -0.0000000 -1.5000000
v 0.0923900 -0.0750000 -1.4617300
v 0.0707100 -0.0750000 -1.4292900
v 0.0707100 -0.0000000 -1.4292900
v 0.0923900 -0.0000000 -1.4617300
v 0.0707100 -0.0750000 -1.4292900
v 0.0382700 -0.0750000 -1.4076100
v 0.0382700 -0.0000000 -1.4076100
v 0.0707100 -0.0000000 -1.4292900
v 0.0382700 -0.0750000 -1.4076100
v 0.0000000 -0.0750000 -1.4000000
v 0.0000000 -0.0000000 -1.4000000
v 0.0382700 -0.0000000 -1.4076100
v 0.0000000 -0.0750000 -1.4000000
v -0.0382700 -0.0750000 -1.4076100
v -0.0382700 -0.0000000 -1.4076100
v 0.0000000 -0.0000000 -1.4000000
v -0.0382700 -0.0750000 -1.4076100
v -0.0707100 -0.0750000 -1.4292900
v -0.0707100 -0.0000000 -1.4292900
v -0.0382700 -0.0000000 -1.4076100
v -0.0707100 -0.0750000 -1.4292900
v -0.0923900 -0.0750000 -1.4617300
v -0.0923900 -0.0000000 -1.4617300
v -0.0707100 -0.0000000 -1.4292900
v -0.0923900 -0.0750000 -1.4617300
v -0.1000000 -0.0750000 -1.5000000
v -0.1000000 -0.0000000 -1.5000000
v -0.0923900 -0.0000000 -1.4617300
v -0.1000000 -0.0750000 -1.5000000
v -0.0923900 -0.0750000 -1.5382700
v -0.0923900 -0.0000000 -1.5382700
v -0.1000000 -0.0000000 -1.5000000
v -0.0923900 -0.0750000 -1.5382700
v -0.0707100 -0.0750000 -1.5707100
v -0.0707100 -0.0000000 -1.5707100
v -0.0923900 -0.0000000 -1.5382700
v -0.0707100 -0.0750000 -1.5707100
v -0.0382700 -0.0750000 -1.5923900
v -0.0382700 -0.0000000 -1.5923900
v -0.0707100 -0.0000000 -1.5707100
v -0.0382700 -0.0750000 -1.5923900
v 0.0000000 -0.0750000 -1.6000000
v 0.0000000 -0.0000000 -1.6000000
v -0.0382700 -0.0000000 -1.5923900
v 0.0000000 -0.0750000 -1.6000000
v 0.0382700 -0.0750000 -1.5923900
v 0.0382700 -0.0000000 -1.5923900
v 0.0000000 -0.0000000 -1.6000000
v 0.0382700 -0.0750000 -1.5923900
v 0.0707100 -0.0750000 -1.5707100
v 0.0707100 -0.0000000 -1.5707100
v 0.0382700 -0.0000000 -1.5923900
v 0.0707100 -0.0750000 -1.5707100
v 0.0923900 -0.0750000 -1.5382700
v 0.0923900 -0.0000000 -1.5382700
v 0.0707100 -0.0000000 -1.5707100
v 0.0923900 -0.0750000 -1.5382700
v 0.1000000 -0.0750000 -1.5000000
v 0.1000000 -0.0000000 -1.5000000
v 0.0923900 -0.0000000 -1.5382700
v 0.8000000 -0.0000000 1.0000000
v 0.8100000 -0.0000000 0.9500000
v 0.8100000 -0.0750000 0.9500000
v 0.8000000 -0.0750000 1.0000000
v 0.8100000 -0.0000000 0.9500000
v 0.6000000 -0.0000000 0.7400000
v 0.6000000 -0.0750000 0.7400000
v 0.8100000 -0.0750000 0.9500000
v 0.6000000 -0.0000000 0.7400000
v 0.6000000 -0.0000000 0.8915000
v 0.6000000 -0.0750000 0.8915000
v 0.6000000 -0.0750000 0.7400000
v 0.6000000 -0.0000000 0.8915000
v 0.6050000 -0.0000000 0.8950000
v 0.6050000 -0.0750000 0.8950000
v 0.6000000 -0.0750000 0.8915000
v 0.6385850 -0.0750000 0.9425950
v 0.6385850 -0.0000000 0.9425950
v 0.6500000 -0.0000000 1.0000000
v 0.6500000 -0.0750000 1.0000000
v 0.6060650 -0.0750000 0.8939350
v 0.6060650 -0.0000000 0.8939350
v 0.6385850 -0.0000000 0.9425950
v 0.6385850 -0.0750000 0.9425950
v 0.6500000 -0.0750000 1.0000000
v 0.6500000 -0.0000000 1.0000000
v 0.6385850 -0.0000000 1.0574050
v 0.6385850 -0.0750000 1.0574050
v 0.6385850 -0.0750000 1.0574050
v 0.6385850 -0.0000000 1.0574050
v 0.6060650 -0.0000000 1.1060650
v 0.6060650 -0.0750000 1.1060650
v 0.6060650 -0.0750000 1.1060650
v 0.6060650 -0.0000000 1.1060650
v 0.5574050 -0.0000000 1.1385850
v 0.5574050 -0.0750000 1.1385850
v 0.5574050 -0.0750000 1.1385850
v 0.5574050 -0.0000000 1.1385850
v 0.5000000 -0.0000000 1.1500000
v 0.5000000 -0.0750000 1.1500000
v 0.5000000 -0.0750000 1.1500000
v 0.5000000 -0.0000000 1.1500000
v 0.4425950 -0.0000000 1.1385850
v 0.4425950 -0.0750000 1.1385850
v 0.4425950 -0.0750000 1.1385850
v 0.4425950 -0.0000000 1.1385850
v 0.3939350 -0.0000000 1.1060650
v 0.3939350 -0.0750000 1.1060650
v 0.3939350 -0.0750000 1.1060650
v 0.3939350 -0.0000000 1.1060650
v 0.3614150 -0.0000000 1.0574050
v 0.3614150 -0.0750000 1.0574050
v 0.3614150 -0.0750000 1.0574050
v 0.3614150 -0.0000000 1.0574050
v 0.3500000 -0.0000000 1.0000000
v 0.3500000 -0.0750000 1.0000000
v 0.3500000 -0.0750000 1.0000000
v 0.3500000 -0.0000000 1.0000000
v 0.3614150 -0.0000000 0.9425950
v 0.3614150 -0.0750000 0.9425950
v 0.3614150 -0.0750000 0.9425950
v 0.3614150 -0.0000000 0.9425950
v 0.3939350 -0.0000000 0.8939350
v 0.3939350 -0.0750000 0.8939350
v 0.3950000 -0.0000000 0.8950000
v 0.4000000 -0.0000000 0.8915000
v 0.4000000 -0.0750000 0.8915000
v 0.3950000 -0.0750000 0.8950000
v 0.4000000 -0.0000000 0.8915000
v 0.4000000 -0.0000000 0.5400000
v 0.4000000 -0.0750000 0.5400000
v 0.4000000 -0.0750000 0.8915000
v 0.4000000 -0.0000000 0.5400000
v 0.0920000 -0.0000000 0.2320000
v 0.0920000 -0.0750000 0.2320000
v 0.4000000 -0.0750000 0.5400000
v 0.0920000 -0.0000000 0.2320000
v 0.0000000 -0.0000000 0.2500000
v 0.0000000 -0.0750000 0.2500000
v 0.0920000 -0.0750000 0.2320000
v 0.0000000 -0.0000000 0.2500000
v -0.0920000 -0.0000000 0.2320000
v -0.0920000 -0.0750000 0.2320000
v 0.0000000 -0.0750000 0.2500000
v -0.0920000 -0.0000000 0.2320000
v -0.4000000 -0.0000000 0.5400000
v -0.4000000 -0.0750000 0.5400000
v -0.0920000 -0.0750000 0.2320000
v -0.4000000 -0.0000000 0.5400000
v -0.4000000 -0.0000000 0.8915000
v -0.4000000 -0.0750000 0.8915000
v -0.4000000 -0.0750000 0.5400000
v -0.4000000 -0.0000000 0.8915000
v -0.3950000 -0.0000000 0.8950000
v -0.3950000 -0.0750000 0.8950000
v -0.4000000 -0.0750000 0.8915000
v -0.6500000 -0.0750000 1.0000000
v -0.6500000 -0.0000000 1.0000000
v -0.6385850 -0.0000000 0.9425950
v -0.6385850 -0.0750000 0.9425950
v -0.6385850 -0.0750000 0.9425950
v -0.6385850 -0.0000000 0.9425950
v -0.6060650 -0.0000000 0.8939350
v -0.6060650 -0.0750000 0.8939350
v -0.3500000 -0.0750000 1.0000000
v -0.3500000 -0.0000000 1.0000000
v -0.3614150 -0.0000000 1.0574050
v -0.3614150 -0.0750000 1.0574050
v -0.3614150 -0.0750000 1.0574050
v -0.3614150 -0.0000000 1.0574050
v -0.3939350 -0.0000000 1.1060650
v -0.3939350 -0.0750000 1.1060650
v -0.3939350 -0.0750000 1.1060650
v -0.3939350 -0.0000000 1.1060650
v -0.4425950 -0.0000000 1.1385850
v -0.4425950 -0.0750000 1.1385850
v -0.4425950 -0.0750000 1.1385850
v -0.4425950 -0.0000000 1.1385850
v -0.5000000 -0.0000000 1.1500000
v -0.5000000 -0.0750000 1.1500000
v -0.5000000 -0.0750000 1.1500000
v -0.5000000 -0.0000000 1.1500000
v -0.5574050 -0.0000000 1.1385850
v -0.5574050 -0.0750000 1.1385850
v -0.5574050 -0.0750000 1.1385850
v -0.5574050 -0.0000000 1.1385850
v -0.6060650 -0.0000000 1.1060650
v -0.6060650 -0.0750000 1.1060650
v -0.6060650 -0.0750000 1.1060650
v -0.6060650 -0.0000000 1.1060650
v -0.6385850 -0.0000000 1.0574050
v -0.6385850 -0.0750000 1.0574050
v -0.6385850 -0.0750000 1.0574050
v -0.6385850 -0.0000000 1.0574050
v -0.6500000 -0.0000000 1.0000000
v -0.6500000 -0.0750000 1.0000000
v -0.3614150 -0.0750000 0.9425950
v -0.3614150 -0.0000000 0.9425950
v -0.3500000 -0.0000000 1.0000000
v -0.3500000 -0.0750000 1.0000000
v -0.3939350 -0.0750000 0.8939350
v -0.3939350 -0.0000000 0.8939350
v -0.3614150 -0.0000000 0.9425950
v -0.3614150 -0.0750000 0.9425950
v -0.6050000 -0.0000000 0.8950000
v -0.6000000 -0.0000000 0.8915000
v -0.6000000 -0.0750000 0.8915000
v -0.6050000 -0.0750000 0.8950000
v -0.6000000 -0.0000000 0.8915000
v -0.6000000 -0.0000000 0.7400000
v -0.6000000 -0.0750000 0.7400000
v -0.6000000 -0.0750000 0.8915000
v -0.6000000 -0.0000000 0.7400000
v -0.8100000 -0.0000000 0.9500000
v -0.8100000 -0.0750000 0.9500000
v -0.6000000 -0.0750000 0.7400000
v -0.8100000 -0.0000000 0.9500000
v -0.8000000 -0.0000000 1.0000000
v -0.8000000 -0.0750000 1.0000000
v -0.8100000 -0.0750000 0.9500000
v -0.8000000 -0.0750000 1.0000000
v -0.8000000 -0.0000000 1.0000000
v -0.8152200 -0.0000000 1.0765400
v -0.8152200 -0.0750000 1.0765400
v -0.8152200 -0.0750000 1.0765400
v -0.8152200 -0.0000000 1.0765400
v -0.8585800 -0.0000000 1.1414200
v -0.8585800 -0.0750000 1.1414200
v -0.8585800 -0.0750000 1.1414200
v -0.8585800 -0.0000000 1.1414200
v -0.9234600 -0.0000000 1.1847800
v -0.9234600 -0.0750000 1.1847800
v -0.9234600 -0.0750000 1.1847800
v -0.9234600 -0.0000000 1.1847800
v -1.0000000 -0.0000000 1.2000000
v -1.0000000 -0.0750000 1.2000000
v -1.0000000 -0.0750000 1.2000000
v -1.0000000 -0.0000000 1.2000000
v -1.0765400 -0.0000000 1.1847800
v -1.0765400 -0.0750000 1.1847800
v -1.0765400 -0.0750000 1.1847800
v -1.0765400 -0.0000000 1.1847800
v -1.1414200 -0.0000000 1.1414200
v -1.1414200 -0.0750000 1.1414200
v -1.1414200 -0.0750000 1.1414200
v -1.1414200 -0.0000000 1.1414200
v -1.1847800 -0.0000000 1.0765400
v -1.1847800 -0.0750000 1.0765400
v -1.1847800 -0.0750000 1.0765400
v -1.1847800 -0.0000000 1.0765400
v -1.2000000 -0.0000000 1.0000000
v -1.2000000 -0.0750000 1.0000000
v -1.2000000 -0.0750000 1.0000000
v -1.2000000 -0.0000000 1.0000000
v -1.1847800 -0.0000000 0.9234600
v -1.1847800 -0.0750000 0.9234600
v -1.1847800 -0.0750000 0.9234600
v -1.1847800 -0.0000000 0.9234600
v -1.1414200 -0.0000000 0.8585800
v -1.1414200 -0.0750000 0.8585800
v -1.1414200 -0.0750000 0.8585800
v -1.1414200 -0.0000000 0.8585800
v -1.0765400 -0.0000000 0.8152200
v -1.0765400 -0.0750000 0.8152200
v -1.0765400 -0.0750000 0.8152200
v -1.0765400 -0.0000000 0.8152200
v -1.0000000 -0.0000000 0.8000000
v -1.0000000 -0.0750000 0.8000000
v -1.0000000 -0.0000000 0.8000000
v -0.9500000 -0.0000000 0.8100000
v -0.9500000 -0.0750000 0.8100000
v -1.0000000 -0.0750000 0.8000000
v -0.9500000 -0.0000000 0.8100000
v -0.7400000 -0.0000000 0.6000000
v -0.7400000 -0.0750000 0.6000000
v -0.9500000 -0.0750000 0.8100000
v -0.7400000 -0.0000000 0.6000000
v -0.8915000 -0.0000000 0.6000000
v -0.8915000 -0.0750000 0.6000000
v -0.7400000 -0.0750000 0.6000000
v -0.8915000 -0.0000000 0.6000000
v -0.8950000 -0.0000000 0.6050000
v -0.8950000 -0.0750000 0.6050000
v -0.8915000 -0.0750000 0.6000000
v -0.9425950 -0.0750000 0.6385850
v -0.9425950 -0.0000000 0.6385850
v -1.0000000 -0.0000000 0.6500000
v -1.0000000 -0.0750000 0.6500000
v -0.8939350 -0.0750000 0.6060650
v -0.8939350 -0.0000000 0.6060650
v -0.9425950 -0.0000000 0.6385850
v -0.9425950 -0.0750000 0.6385850
v -1.0574050 -0.0750000 0.3614150
v -1.0574050 -0.0000000 0.3614150
v -1.0000000 -0.0000000 0.3500000
v -1.0000000 -0.0750000 0.3500000
v -1.1060650 -0.0750000 0.3939350
v -1.1060650 -0.0000000 0.3939350
v -1.0574050 -0.0000000 0.3614150
v -1.0574050 -0.0750000 0.3614150
v -1.1385850 -0.0750000 0.4425950
v -1.1385850 -0.0000000 0.4425950
v -1.1060650 -0.0000000 0.3939350
v -1.1060650 -0.0750000 0.3939350
v -1.1500000 -0.0750000 0.5000000
v -1.1500000 -0.0000000 0.5000000
v -1.1385850 -0.0000000 0.4425950
v -1.1385850 -0.0750000 0.4425950
v -1.1385850 -0.0750000 0.5574050
v -1.1385850 -0.0000000 0.5574050
v -1.1500000 -0.0000000 0.5000000
v -1.1500000 -0.0750000 0.5000000
v -1.1060650 -0.0750000 0.6060650
v -1.1060650 -0.0000000 0.6060650
v -1.1385850 -0.0000000 0.5574050
v -1.1385850 -0.0750000 0.5574050
v -1.0574050 -0.0750000 0.6385850
v -1.0574050 -0.0000000 0.6385850
v -1.1060650 -0.0000000 0.6060650
v -1.1060650 -0.0750000 0.6060650
v -1.0000000 -0.0750000 0.6500000
v -1.0000000 -0.0000000 0.6500000
v -1.0574050 -0.0000000 0.6385850
v -1.0574050 -0.0750000 0.6385850
v -1.0000000 -0.0750000 0.3500000
v -1.0000000 -0.0000000 0.3500000
v -0.9425950 -0.0000000 0.3614150
v -0.9425950 -0.0750000 0.3614150
v -0.9425950 -0.0750000 0.3614150
v -0.9425950 -0.0000000 0.3614150
v -0.8939350 -0.0000000 0.3939350
v -0.8939350 -0.0750000 0.3939350
v -0.8950000 -0.0000000 0.3950000
v -0.8915000 -0.0000000 0.4000000
v -0.8915000 -0.0750000 0.4000000
v -0.8950000 -0.0750000 0.3950000
v -0.8915000 -0.0000000 0.4000000
v -0.5400000 -0.0000000 0.4000000
v -0.5400000 -0.0750000 0.4000000
v -0.8915000 -0.0750000 0.4000000
v -0.5400000 -0.0000000 0.4000000
v -0.2400000 -0.0000000 0.1000000
v -0.2400000 -0.0750000 0.1000000
v -0.5400000 -0.0750000 0.4000000
v -0.2400000 -0.0000000 0.1000000
v -0.8309000 -0.0000000 0.1000000
v -0.8309000 -0.0750000 0.1000000
v -0.2400000 -0.0750000 0.1000000
v -0.8309000 -0.0000000 0.1000000
v -0.8585800 -0.0000000 0.1414213
v -0.8585800 -0.0750000 0.1414213
v -0.8309000 -0.0750000 0.1000000
v -0.8585788 -0.0750000 0.1414213
v -0.8585788 -0.0000000 0.1414213
v -0.9234628 -0.0000000 0.1847810
v -0.9234628 -0.0750000 0.1847810
v -0.9234628 -0.0750000 0.1847810
v -0.9234628 -0.0000000 0.1847810
v -1.0000000 -0.0000000 0.1999979
v -1.0000000 -0.0750000 0.1999979
v -1.0000000 -0.0750000 0.1999979
v -1.0000000 -0.0000000 0.1999979
v -1.0765372 -0.0000000 0.1847810
v -1.0765372 -0.0750000 0.1847810
v -1.0765372 -0.0750000 0.1847810
v -1.0765372 -0.0000000 0.1847810
v -1.1414213 -0.0000000 0.1414213
v -1.1414213 -0.0750000 0.1414213
v -1.1414213 -0.0750000 0.1414213
v -1.1414213 -0.0000000 0.1414213
v -1.1847810 -0.0000000 0.0765372
v -1.1847810 -0.0750000 0.0765372
v -1.1847810 -0.0750000 0.0765372
v -1.1847810 -0.0000000 0.0765372
v -1.1999979 -0.0000000 0.0000000
v -1.1999979 -0.0750000 0.0000000
v -1.1999979 -0.0750000 0.0000000
v -1.1999979 -0.0000000 0.0000000
v -1.1847810 -0.0000000 -0.0765372
v -1.1847810 -0.0750000 -0.0765372
v -1.1847810 -0.0750000 -0.0765372
v -1.1847810 -0.0000000 -0.0765372
v -1.1414213 -0.0000000 -0.1414213
v -1.1414213 -0.0750000 -0.1414213
v -1.1414213 -0.0750000 -0.1414213
v -1.1414213 -0.0000000 -0.1414213
v -1.0765372 -0.0000000 -0.1847810
v -1.0765372 -0.0750000 -0.1847810
v -1.0765372 -0.0750000 -0.1847810
v -1.0765372 -0.0000000 -0.1847810
v -1.0000000 -0.0000000 -0.1999979
v -1.0000000 -0.0750000 -0.1999979
v -1.0000000 -0.0750000 -0.1999979
v -1.0000000 -0.0000000 -0.1999979
v -0.9234628 -0.0000000 -0.1847810
v -0.9234628 -0.0750000 -0.1847810
v -0.9234628 -0.0750000 -0.1847810
v -0.9234628 -0.0000000 -0.1847810
v -0.8585788 -0.0000000 -0.1414213
v -0.8585788 -0.0750000 -0.1414213
v -0.8585800 -0.0000000 -0.1414213
v -0.8309000 -0.0000000 -0.1000000
v -0.8309000 -0.0750000 -0.1000000
v -0.8585800 -0.0750000 -0.1414213
v -0.8309000 -0.0000000 -0.1000000
v -0.2400000 -0.0000000 -0.1000000
v -0.2400000 -0.0750000 -0.1000000
v -0.8309000 -0.0750000 -0.1000000
v -0.2400000 -0.0000000 -0.1000000
v -0.4917500 -0.0000000 -0.3517500
v -0.4917500 -0.0750000 -0.3517500
v -0.2400000 -0.0750000 -0.1000000
v -0.4917500 -0.0000000 -0.3517500
v -0.5000000 -0.0000000 -0.3500000
v -0.5000000 -0.0750000 -0.3500000
v -0.4917500 -0.0750000 -0.3517500
v -0.3614150 -0.0750000 -0.5574050
v -0.3614150 -0.0000000 -0.5574050
v -0.3500000 -0.0000000 -0.5000000
v -0.3500000 -0.0750000 -0.5000000
v -0.3939350 -0.0750000 -0.6060650
v -0.3939350 -0.0000000 -0.6060650
v -0.3614150 -0.0000000 -0.5574050
v -0.3614150 -0.0750000 -0.5574050
v -0.4425950 -0.0750000 -0.6385850
v -0.4425950 -0.0000000 -0.6385850
v -0.3939350 -0.0000000 -0.6060650
v -0.3939350 -0.0750000 -0.6060650
v -0.5000000 -0.0750000 -0.6500000
v -0.5000000 -0.0000000 -0.6500000
v -0.4425950 -0.0000000 -0.6385850
v -0.4425950 -0.0750000 -0.6385850
v -0.5574050 -0.0750000 -0.6385850
v -0.5574050 -0.0000000 -0.6385850
v -0.5000000 -0.0000000 -0.6500000
v -0.5000000 -0.0750000 -0.6500000
v -0.6060650 -0.0750000 -0.6060650
v -0.6060650 -0.0000000 -0.6060650
v -0.5574050 -0.0000000 -0.6385850
v -0.5574050 -0.0750000 -0.6385850
v -0.6385850 -0.0750000 -0.5574050
v -0.6385850 -0.0000000 -0.5574050
v -0.6060650 -0.0000000 -0.6060650
v -0.6060650 -0.0750000 -0.6060650
v -0.6500000 -0.0750000 -0.5000000
v -0.6500000 -0.0000000 -0.5000000
v -0.6385850 -0.0000000 -0.5574050
v -0.6385850 -0.0750000 -0.5574050
v -0.6385850 -0.0750000 -0.4425950
v -0.6385850 -0.0000000 -0.4425950
v -0.6500000 -0.0000000 -0.5000000
v -0.6500000 -0.0750000 -0.5000000
v -0.6060650 -0.0750000 -0.3939350
v -0.6060650 -0.0000000 -0.3939350
v -0.6385850 -0.0000000 -0.4425950
v -0.6385850 -0.0750000 -0.4425950
v -0.5574050 -0.0750000 -0.3614150
v -0.5574050 -0.0000000 -0.3614150
v -0.6060650 -0.0000000 -0.3939350
v -0.6060650 -0.0750000 -0.3939350
v -0.5000000 -0.0750000 -0.3500000
v -0.5000000 -0.0000000 -0.3500000
v -0.5574050 -0.0000000 -0.3614150
v -0.5574050 -0.0750000 -0.3614150
v -0.3500000 -0.0000000 -0.5000000
v -0.3517500 -0.0000000 -0.4917500
v -0.3517500 -0.0750000 -0.4917500
v -0.3500000 -0.0750000 -0.5000000
v -0.3517500 -0.0000000 -0.4917500
v -0.1000000 -0.0000000 -0.2400000
v -0.1000000 -0.0750000 -0.2400000
v -0.3517500 -0.0750000 -0.4917500
v -0.1000000 -0.0000000 -0.2400000
v -0.1000000 -0.0000000 -0.4600000
v -0.1000000 -0.0750000 -0.4600000
v -0.1000000 -0.0750000 -0.2400000
v -0.1000000 -0.0000000 -0.4600000
v -0.4917500 -0.0000000 -0.8517500
v -0.4917500 -0.0750000 -0.8517500
v -0.1000000 -0.0750000 -0.4600000
v -0.4917500 -0.0000000 -0.8517500
v -0.5000000 -0.0000000 -0.8500000
v -0.5000000 -0.0750000 -0.8500000
v -0.4917500 -0.0750000 -0.8517500
v -0.3614150 -0.0750000 -1.0574050
v -0.3614150 -0.0000000 -1.0574050
v -0.3500000 -0.0000000 -1.0000000
v -0.3500000 -0.0750000 -1.0000000
v -0.3939350 -0.0750000 -1.1060650
v -0.3939350 -0.0000000 -1.1060650
v -0.3614150 -0.0000000 -1.0574050
v -0.3614150 -0.0750000 -1.0574050
v -0.4425950 -0.0750000 -1.1385850
v -0.4425950 -0.0000000 -1.1385850
v -0.3939350 -0.0000000 -1.1060650
v -0.3939350 -0.0750000 -1.1060650
v -0.5000000 -0.0750000 -1.1500000
v -0.5000000 -0.0000000 -1.1500000
v -0.4425950 -0.0000000 -1.1385850
v -0.4425950 -0.0750000 -1.1385850
v -0.5574050 -0.0750000 -1.1385850
v -0.5574050 -0.0000000 -1.1385850
v -0.5000000 -0.0000000 -1.1500000
v -0.5000000 -0.0750000 -1.1500000
v -0.6060650 -0.0750000 -1.1060650
v -0.6060650 -0.0000000 -1.1060650
v -0.5574050 -0.0000000 -1.1385850
v -0.5574050 -0.0750000 -1.1385850
v -0.6385850 -0.0750000 -1.0574050
v -0.6385850 -0.0000000 -1.0574050
v -0.6060650 -0.0000000 -1.1060650
v -0.6060650 -0.0750000 -1.1060650
v -0.6500000 -0.0750000 -1.0000000
v -0.6500000 -0.0000000 -1.0000000
v -0.6385850 -0.0000000 -1.0574050
v -0.6385850 -0.0750000 -1.0574050
v -0.6385850 -0.0750000 -0.9425950
v -0.6385850 -0.0000000 -0.9425950
v -0.6500000 -0.0000000 -1.0000000
v -0.6500000 -0.0750000 -1.0000000
v -0.6060650 -0.0750000 -0.8939350
v -0.6060650 -0.0000000 -0.8939350
v -0.6385850 -0.0000000 -0.9425950
v -0.6385850 -0.0750000 -0.9425950
v -0.5574050 -0.0750000 -0.8614150
v -0.5574050 -0.0000000 -0.8614150
v -0.6060650 -0.0000000 -0.8939350
v -0.6060650 -0.0750000 -0.8939350
v -0.5000000 -0.0750000 -0.8500000
v -0.5000000 -0.0000000 -0.8500000
v -0.5574050 -0.0000000 -0.8614150
v -0.5574050 -0.0750000 -0.8614150
v -0.3500000 -0.0000000 -1.0000000
v -0.3517500 -0.0000000 -0.9917500
v -0.3517500 -0.0750000 -0.9917500
v -0.3500000 -0.0750000 -1.0000000
v -0.3517500 -0.0000000 -0.9917500
v -0.1000000 -0.0000000 -0.7400000
v -0.1000000 -0.0750000 -0.7400000
v -0.3517500 -0.0750000 -0.9917500
v -0.1000000 -0.0000000 -0.7400000
v -0.1000000 -0.0000000 -1.3309000
v -0.1000000 -0.0750000 -1.3309000
v -0.1000000 -0.0750000 -0.7400000
v -0.1000000 -0.0000000 -1.3309000
v -0.1414213 -0.0000000 -1.3585800
v -0.1414213 -0.0750000 -1.3585800
v -0.1000000 -0.0750000 -1.3309000
v 0.1847810 -0.0750000 -1.4234628
v 0.1847810 -0.0000000 -1.4234628
v 0.1414213 -0.0000000 -1.3585788
v 0.1414213 -0.0750000 -1.3585788
v 0.1999979 -0.0750000 -1.5000000
v 0.1999979 -0.0000000 -1.5000000
v 0.1847810 -0.0000000 -1.4234628
v 0.1847810 -0.0750000 -1.4234628
v 0.1847810 -0.0750000 -1.5765372
v 0.1847810 -0.0000000 -1.5765372
v 0.1999979 -0.0000000 -1.5000000
v 0.1999979 -0.0750000 -1.5000000
v 0.1414213 -0.0750000 -1.6414213
v 0.1414213 -0.0000000 -1.6414213
v 0.1847810 -0.0000000 -1.5765372
v 0.1847810 -0.0750000 -1.5765372
v 0.0765372 -0.0750000 -1.6847810
v 0.0765372 -0.0000000 -1.6847810
v 0.1414213 -0.0000000 -1.6414213
v 0.1414213 -0.0750000 -1.6414213
v 0.0000000 -0.0750000 -1.6999979
v 0.0000000 -0.0000000 -1.6999979
v 0.0765372 -0.0000000 -1.6847810
v 0.0765372 -0.0750000 -1.6847810
v -0.0765372 -0.0750000 -1.6847810
v -0.0765372 -0.0000000 -1.6847810
v 0.0000000 -0.0000000 -1.6999979
v 0.0000000 -0.0750000 -1.6999979
v -0.1414213 -0.0750000 -1.6414213
v -0.1414213 -0.0000000 -1.6414213
v -0.0765372 -0.0000000 -1.6847810
v -0.0765372 -0.0750000 -1.6847810
v -0.1847810 -0.0750000 -1.5765372
v -0.1847810 -0.0000000 -1.5765372
v -0.1414213 -0.0000000 -1.6414213
v -0.1414213 -0.0750000 -1.6414213
v -0.1999979 -0.0750000 -1.5000000
v -0.1999979 -0.0000000 -1.5000000
v -0.1847810 -0.0000000 -1.5765372
v -0.1847810 -0.0750000 -1.5765372
v -0.1847810 -0.0750000 -1.4234628
v -0.1847810 -0.0000000 -1.4234628
v -0.1999979 -0.0000000 -1.5000000
v -0.1999979 -0.0750000 -1.5000000
v -0.1414213 -0.0750000 -1.3585788
v -0.1414213 -0.0000000 -1.3585788
v -0.1847810 -0.0000000 -1.4234628
v -0.1847810 -0.0750000 -1.4234628
v 0.1414213 -0.0000000 -1.3585800
v 0.1000000 -0.0000000 -1.3309000
v 0.1000000 -0.0750000 -1.3309000
v 0.1414213 -0.0750000 -1.3585800
v 0.1000000 -0.0000000 -1.3309000
v 0.1000000 -0.0000000 -0.7400000
v 0.1000000 -0.0750000 -0.7400000
v 0.1000000 -0.0750000 -1.3309000
v 0.1000000 -0.0000000 -0.7400000
v 0.3517500 -0.0000000 -0.9917500
v 0.3517500 -0.0750000 -0.9917500
v 0.1000000 -0.0750000 -0.7400000
v 0.3517500 -0.0000000 -0.9917500
v 0.3500000 -0.0000000 -1.0000000
v 0.3500000 -0.0750000 -1.0000000
v 0.3517500 -0.0750000 -0.9917500
v 0.3500000 -0.0750000 -1.0000000
v 0.3500000 -0.0000000 -1.0000000
v 0.3614150 -0.0000000 -1.0574050
v 0.3614150 -0.0750000 -1.0574050
v 0.3614150 -0.0750000 -1.0574050
v 0.3614150 -0.0000000 -1.0574050
v 0.3939350 -0.0000000 -1.1060650
v 0.3939350 -0.0750000 -1.1060650
v 0.3939350 -0.0750000 -1.1060650
v 0.3939350 -0.0000000 -1.1060650
v 0.4425950 -0.0000000 -1.1385850
v 0.4425950 -0.0750000 -1.1385850
v 0.4425950 -0.0750000 -1.1385850
v 0.4425950 -0.0000000 -1.1385850
v 0.5000000 -0.0000000 -1.1500000
v 0.5000000 -0.0750000 -1.1500000
v 0.5000000 -0.0750000 -1.1500000
v 0.5000000 -0.0000000 -1.1500000
v 0.5574050 -0.0000000 -1.1385850
v 0.5574050 -0.0750000 -1.1385850
v 0.5574050 -0.0750000 -1.1385850
v 0.5574050 -0.0000000 -1.1385850
v 0.6060650 -0.0000000 -1.1060650
v 0.6060650 -0.0750000 -1.1060650
v 0.6060650 -0.0750000 -1.1060650
v 0.6060650 -0.0000000 -1.1060650
v 0.6385850 -0.0000000 -1.0574050
v 0.6385850 -0.0750000 -1.0574050
v 0.6385850 -0.0750000 -1.0574050
v 0.6385850 -0.0000000 -1.0574050
v 0.6500000 -0.0000000 -1.0000000
v 0.6500000 -0.0750000 -1.0000000
v 0.6500000 -0.0750000 -1.0000000
v 0.6500000 -0.0000000 -1.0000000
v 0.6385850 -0.0000000 -0.9425950
v 0.6385850 -0.0750000 -0.9425950
v 0.6385850 -0.0750000 -0.9425950
v 0.6385850 -0.0000000 -0.9425950
v 0.6060650 -0.0000000 -0.8939350
v 0.6060650 -0.0750000 -0.8939350
v 0.6060650 -0.0750000 -0.8939350
v 0.6060650 -0.0000000 -0.8939350
v 0.5574050 -0.0000000 -0.8614150
v 0.5574050 -0.0750000 -0.8614150
v 0.5574050 -0.0750000 -0.8614150
v 0.5574050 -0.0000000 -0.8614150
v 0.5000000 -0.0000000 -0.8500000
v 0.5000000 -0.0750000 -0.8500000
v 0.5000000 -0.0000000 -0.8500000
v 0.4917500 -0.0000000 -0.8517500
v 0.4917500 -0.0750000 -0.8517500
v 0.5000000 -0.0750000 -0.8500000
v 0.4917500 -0.0000000 -0.8517500
v 0.1000000 -0.0000000 -0.4600000
v 0.1000000 -0.0750000 -0.4600000
v 0.4917500 -0.0750000 -0.8517500
v 0.1000000 -0.0000000 -0.4600000
v 0.1000000 -0.0000000 -0.2400000
v 0.1000000 -0.0750000 -0.2400000
v 0.1000000 -0.0750000 -0.4600000
v 0.1000000 -0.0000000 -0.2400000
v 0.3517500 -0.0000000 -0.4917500
v 0.3517500 -0.0750000 -0.4917500
v 0.1000000 -0.0750000 -0.2400000
v 0.3517500 -0.0000000 -0.4917500
v 0.3500000 -0.0000000 -0.5000000
v 0.3500000 -0.0750000 -0.5000000
v 0.3517500 -0.0750000 -0.4917500
v 0.3500000 -0.0750000 -0.5000000
v 0.3500000 -0.0000000 -0.5000000
v 0.3614150 -0.0000000 -0.5574050
v 0.3614150 -0.0750000 -0.5574050
v 0.3614150 -0.0750000 -0.5574050
v 0.3614150 -0.0000000 -0.5574050
v 0.3939350 -0.0000000 -0.6060650
v 0.3939350 -0.0750000 -0.6060650
v 0.3939350 -0.0750000 -0.6060650
v 0.3939350 -0.0000000 -0.6060650
v 0.4425950 -0.0000000 -0.6385850
v 0.4425950 -0.0750000 -0.6385850
v 0.4425950 -0.0750000 -0.6385850
v 0.4425950 -0.0000000 -0.6385850
v 0.5000000 -0.0000000 -0.6500000
v 0.5000000 -0.0750000 -0.6500000
v 0.5000000 -0.0750000 -0.6500000
v 0.5000000 -0.0000000 -0.6500000
v 0.5574050 -0.0000000 -0.6385850
v 0.5574050 -0.0750000 -0.6385850
v 0.5574050 -0.0750000 -0.6385850
v 0.5574050 -0.0000000 -0.6385850
v 0.6060650 -0.0000000 -0.6060650
v 0.6060650 -0.0750000 -0.6060650
v 0.6060650 -0.0750000 -0.6060650
v 0.6060650 -0.0000000 -0.6060650
v 0.6385850 -0.0000000 -0.5574050
v 0.6385850 -0.0750000 -0.5574050
v 0.6385850 -0.0750000 -0.5574050
v 0.6385850 -0.0000000 -0.5574050
v 0.6500000 -0.0000000 -0.5000000
v 0.6500000 -0.0750000 -0.5000000
v 0.6500000 -0.0750000 -0.5000000
v 0.6500000 -0.0000000 -0.5000000
v 0.6385850 -0.0000000 -0.4425950
v 0.6385850 -0.0750000 -0.4425950
v 0.6385850 -0.0750000 -0.4425950
v 0.6385850 -0.0000000 -0.4425950
v 0.6060650 -0.0000000 -0.3939350
v 0.6060650 -0.0750000 -0.3939350
v 0.6060650 -0.0750000 -0.3939350
v 0.6060650 -0.0000000 -0.3939350
v 0.5574050 -0.0000000 -0.3614150
v 0.5574050 -0.0750000 -0.3614150
v 0.5574050 -0.0750000 -0.3614150
v 0.5574050 -0.0000000 -0.3614150
v 0.5000000 -0.0000000 -0.3500000
v 0.5000000 -0.0750000 -0.3500000
v 0.5000000 -0.0000000 -0.3500000
v 0.4917500 -0.0000000 -0.3517500
v 0.4917500 -0.0750000 -0.3517500
v 0.5000000 -0.0750000 -0.3500000
v 0.4917500 -0.0000000 -0.3517500
v 0.2400000 -0.0000000 -0.1000000
v 0.2400000 -0.0750000 -0.1000000
v 0.4917500 -0.0750000 -0.3517500
v 0.2400000 -0.0000000 -0.1000000
v 0.8309000 -0.0000000 -0.1000000
v 0.8309000 -0.0750000 -0.1000000
v 0.2400000 -0.0750000 -0.1000000
v 0.8309000 -0.0000000 -0.1000000
v 0.8585800 -0.0000000 -0.1414213
v 0.8585800 -0.0750000 -0.1414213
v 0.8309000 -0.0750000 -0.1000000
v 0.9234628 -0.0750000 0.1847810
v 0.9234628 -0.0000000 0.1847810
v 0.8585788 -0.0000000 0.1414213
v 0.8585788 -0.0750000 0.1414213
v 1.0000000 -0.0750000 0.1999979
v 1.0000000 -0.0000000 0.1999979
v 0.9234628 -0.0000000 0.1847810
v 0.9234628 -0.0750000 0.1847810
v 1.0765372 -0.0750000 0.1847810
v 1.0765372 -0.0000000 0.1847810
v 1.0000000 -0.0000000 0.1999979
v 1.0000000 -0.0750000 0.1999979
v 1.1414213 -0.0750000 0.1414213
v 1.1414213 -0.0000000 0.1414213
v 1.0765372 -0.0000000 0.1847810
v 1.0765372 -0.0750000 0.1847810
v 1.1847810 -0.0750000 0.0765372
v 1.1847810 -0.0000000 0.0765372
v 1.1414213 -0.0000000 0.1414213
v 1.1414213 -0.0750000 0.1414213
v 1.1999979 -0.0750000 0.0000000
v 1.1999979 -0.0000000 0.0000000
v 1.1847810 -0.0000000 0.0765372
v 1.1847810 -0.0750000 0.0765372
v 1.1847810 -0.0750000 -0.0765372
v 1.1847810 -0.0000000 -0.0765372
v 1.1999979 -0.0000000 0.0000000
v 1.1999979 -0.0750000 0.0000000
v 1.1414213 -0.0750000 -0.1414213
v 1.1414213 -0.0000000 -0.1414213
v 1.1847810 -0.0000000 -0.0765372
v 1.1847810 -0.0750000 -0.0765372
v 1.0765372 -0.0750000 -0.1847810
v 1.0765372 -0.0000000 -0.1847810
v 1.1414213 -0.0000000 -0.1414213
v 1.1414213 -0.0750000 -0.1414213
v 1.0000000 -0.0750000 -0.1999979
v 1.0000000 -0.0000000 -0.1999979
v 1.0765372 -0.0000000 -0.1847810
v 1.0765372 -0.0750000 -0.1847810
v 0.9234628 -0.0750000 -0.1847810
v 0.9234628 -0.0000000 -0.1847810
v 1.0000000 -0.0000000 -0.1999979
v 1.0000000 -0.0750000 -0.1999979
v 0.8585788 -0.0750000 -0.1414213
v 0.8585788 -0.0000000 -0.1414213
v 0.9234628 -0.0000000 -0.1847810
v 0.9234628 -0.0750000 -0.1847810
v 0.8585800 -0.0000000 0.1414213
v 0.8309000 -0.0000000 0.1000000
v 0.8309000 -0.0750000 0.1000000
v 0.8585800 -0.0750000 0.1414213
v 0.8309000 -0.0000000 0.1000000
v 0.2400000 -0.0000000 0.1000000
v 0.2400000 -0.0750000 0.1000000
v 0.8309000 -0.0750000 0.1000000
v 0.2400000 -0.0000000 0.1000000
v 0.5400000 -0.0000000 0.4000000
v 0.5400000 -0.0750000 0.4000000
v 0.2400000 -0.0750000 0.1000000
v 0.5400000 -0.0000000 0.4000000
v 0.8915000 -0.0000000 0.4000000
v 0.8915000 -0.0750000 0.4000000
v 0.5400000 -0.0750000 0.4000000
v 0.8915000 -0.0000000 0.4000000
v 0.8950000 -0.0000000 0.3950000
v 0.8950000 -0.0750000 0.3950000
v 0.8915000 -0.0750000 0.4000000
v 0.9425950 -0.0750000 0.3614150
v 0.9425950 -0.0000000 0.3614150
v 1.0000000 -0.0000000 0.3500000
v 1.0000000 -0.0750000 0.3500000
v 0.8939350 -0.0750000 0.3939350
v 0.8939350 -0.0000000 0.3939350
v 0.9425950 -0.0000000 0.3614150
v 0.9425950 -0.0750000 0.3614150
v 1.0000000 -0.0750000 0.3500000
v 1.0000000 -0.0000000 0.3500000
v 1.0574050 -0.0000000 0.3614150
v 1.0574050 -0.0750000 0.3614150
v 1.0574050 -0.0750000 0.3614150
v 1.0574050 -0.0000000 0.3614150
v 1.1060650 -0.0000000 0.3939350
v 1.1060650 -0.0750000 0.3939350
v 1.1060650 -0.0750000 0.3939350
v 1.1060650 -0.0000000 0.3939350
v 1.1385850 -0.0000000 0.4425950
v 1.1385850 -0.0750000 0.4425950
v 1.1385850 -0.0750000 0.4425950
v 1.1385850 -0.0000000 0.4425950
v 1.1500000 -0.0000000 0.5000000
v 1.1500000 -0.0750000 0.5000000
v 1.1500000 -0.0750000 0.5000000
v 1.1500000 -0.0000000 0.5000000
v 1.1385850 -0.0000000 0.5574050
v 1.1385850 -0.0750000 0.5574050
v 1.1385850 -0.0750000 0.5574050
v 1.1385850 -0.0000000 0.5574050
v 1.1060650 -0.0000000 0.6060650
v 1.1060650 -0.0750000 0.6060650
v 1.1060650 -0.0750000 0.6060650
v 1.1060650 -0.0000000 0.6060650
v 1.0574050 -0.0000000 0.6385850
v 1.0574050 -0.0750000 0.6385850
v 1.0574050 -0.0750000 0.6385850
v 1.0574050 -0.0000000 0.6385850
v 1.0000000 -0.0000000 0.6500000
v 1.0000000 -0.0750000 0.6500000
v 1.0000000 -0.0750000 0.6500000
v 1.0000000 -0.0000000 0.6500000
v 0.9425950 -0.0000000 0.6385850
v 0.9425950 -0.0750000 0.6385850
v 0.9425950 -0.0750000 0.6385850
v 0.9425950 -0.0000000 0.6385850
v 0.8939350 -0.0000000 0.6060650
v 0.8939350 -0.0750000 0.6060650
v 0.8950000 -0.0000000 0.6050000
v 0.8915000 -0.0000000 0.6000000
v 0.8915000 -0.0750000 0.6000000
v 0.8950000 -0.0750000 0.6050000
v 0.8915000 -0.0000000 0.6000000
v 0.7400000 -0.0000000 0.6000000
v 0.7400000 -0.0750000 0.6000000
v 0.8915000 -0.0750000 0.6000000
v 0.7400000 -0.0000000 0.6000000
v 0.9500000 -0.0000000 0.8100000
v 0.9500000 -0.0750000 0.8100000
v 0.7400000 -0.0750000 0.6000000
v 0.9500000 -0.0000000 0.8100000
v 1.0000000 -0.0000000 0.8000000
v 1.0000000 -0.0750000 0.8000000
v 0.9500000 -0.0750000 0.8100000
v 0.8152200 -0.0750000 1.0765400
v 0.8152200 -0.0000000 1.0765400
v 0.8000000 -0.0000000 1.0000000
v 0.8000000 -0.0750000 1.0000000
v 0.8585800 -0.0750000 1.1414200
v 0.8585800 -0.0000000 1.1414200
v 0.8152200 -0.0000000 1.0765400
v 0.8152200 -0.0750000 1.0765400
v 0.9234600 -0.0750000 1.1847800
v 0.9234600 -0.0000000 1.1847800
v 0.8585800 -0.0000000 1.1414200
v 0.8585800 -0.0750000 1.1414200
v 1.0000000 -0.0750000 1.2000000
v 1.0000000 -0.0000000 1.2000000
v 0.9234600 -0.0000000 1.1847800
v 0.9234600 -0.0750000 1.1847800
v 1.0765400 -0.0750000 1.1847800
v 1.0765400 -0.0000000 1.1847800
v 1.0000000 -0.0000000 1.2000000
v 1.0000000 -0.0750000 1.2000000
v 1.1414200 -0.0750000 1.1414200
v 1.1414200 -0.0000000 1.1414200
v 1.0765400 -0.0000000 1.1847800
v 1.0765400 -0.0750000 1.1847800
v 1.1847800 -0.0750000 1.0765400
v 1.1847800 -0.0000000 1.0765400
v 1.1414200 -0.0000000 1.1414200
v 1.1414200 -0.0750000 1.1414200
v 1.2000000 -0.0750000 1.0000000
v 1.2000000 -0.0000000 1.0000000
v 1.1847800 -0.0000000 1.0765400
v 1.1847800 -0.0750000 1.0765400
v 1.1847800 -0.0750000 0.9234600
v 1.1847800 -0.0000000 0.9234600
v 1.2000000 -0.0000000 1.0000000
v 1.2000000 -0.0750000 1.0000000
v 1.1414200 -0.0750000 0.8585800
v 1.1414200 -0.0000000 0.8585800
v 1.1847800 -0.0000000 0.9234600
v 1.1847800 -0.0750000 0.9234600
v 1.0765400 -0.0750000 0.8152200
v 1.0765400 -0.0000000 0.8152200
v 1.1414200 -0.0000000 0.8585800
v 1.1414200 -0.0750000 0.8585800
v 1.0000000 -0.0750000 0.8000000
v 1.0000000 -0.0000000 0.8000000
v 1.0765400 -0.0000000 0.8152200
v 1.0765400 -0.0750000 0.8152200
v 0.8915000 -0.0750000 0.6000000
v 0.7400000 -0.0750000 0.6000000
v 0.5400000 -0.0750000 0.4000000
v 0.8915000 -0.0750000 0.4000000
v 0.8100000 -0.0750000 0.9500000
v 0.0920000 -0.0750000 0.2320000
v 0.2000000 -0.0750000 0.2000000
v 0.9500000 -0.0750000 0.8100000
v 0.2400000 -0.0750000 0.1000000
v 0.9500000 -0.0750000 0.8100000
v 0.2000000 -0.0750000 0.2000000
v 0.4000000 -0.0750000 0.8915000
v 0.4000000 -0.0750000 0.5400000
v 0.6000000 -0.0750000 0.7400000
v 0.6000000 -0.0750000 0.8915000
v -0.8915000 -0.0750000 0.4000000
v -0.5400000 -0.0750000 0.4000000
v -0.7400000 -0.0750000 0.6000000
v -0.8915000 -0.0750000 0.6000000
v -0.9500000 -0.0750000 0.8100000
v -0.2000000 -0.0750000 0.2000000
v -0.0920000 -0.0750000 0.2320000
v -0.8100000 -0.0750000 0.9500000
v -0.9500000 -0.0750000 0.8100000
v -0.2400000 -0.0750000 0.1000000
v -0.2000000 -0.0750000 0.2000000
v -0.6000000 -0.0750000 0.8915000
v -0.6000000 -0.0750000 0.7400000
v -0.4000000 -0.0750000 0.5400000
v -0.4000000 -0.0750000 0.8915000
v 0.0920000 -0.0750000 0.2320000
v 0.0000000 -0.0750000 0.2500000
v -0.0920000 -0.0750000 0.2320000
v 0.2000000 -0.0750000 0.2000000
v 0.0920000 -0.0750000 0.2320000
v -0.0920000 -0.0750000 0.2320000
v -0.2000000 -0.0750000 0.2000000
v -0.8309000 -0.0750000 -0.1000000
v -0.2400000 -0.0750000 -0.1000000
v -0.2400000 -0.0750000 0.1000000
v -0.8309000 -0.0750000 0.1000000
v 0.8309000 -0.0750000 0.1000000
v 0.2400000 -0.0750000 0.1000000
v 0.2400000 -0.0750000 -0.1000000
v 0.8309000 -0.0750000 -0.1000000
v -0.0574050 -0.0750000 0.1385850
v -0.0382700 -0.0750000 0.0923900
v 0.0000000 -0.0750000 0.1000000
v 0.0000000 -0.0750000 0.1500000
v -0.1060650 -0.0750000 0.1060650
v -0.0707100 -0.0750000 0.0707100
v -0.0382700 -0.0750000 0.0923900
v -0.0574050 -0.0750000 0.1385850
v -0.1385850 -0.0750000 0.0574050
v -0.0923900 -0.0750000 0.0382700
v -0.0707100 -0.0750000 0.0707100
v -0.1060650 -0.0750000 0.1060650
v -0.1500000 -0.0750000 0.0000000
v -0.1000000 -0.0750000 0.0000000
v -0.0923900 -0.0750000 0.0382700
v -0.1385850 -0.0750000 0.0574050
v -0.1385850 -0.0750000 -0.0574050
v -0.0923900 -0.0750000 -0.0382700
v -0.1000000 -0.0750000 0.0000000
v -0.1500000 -0.0750000 0.0000000
v -0.1060650 -0.0750000 -0.1060650
v -0.0707100 -0.0750000 -0.0707100
v -0.0923900 -0.0750000 -0.0382700
v -0.1385850 -0.0750000 -0.0574050
v -0.0574050 -0.0750000 -0.1385850
v -0.0382700 -0.0750000 -0.0923900
v -0.0707100 -0.0750000 -0.0707100
v -0.1060650 -0.0750000 -0.1060650
v 0.0000000 -0.0750000 -0.1500000
v 0.0000000 -0.0750000 -0.1000000
v -0.0382700 -0.0750000 -0.0923900
v -0.0574050 -0.0750000 -0.1385850
v 0.0574050 -0.0750000 -0.1385850
v 0.0382700 -0.0750000 -0.0923900
v 0.0000000 -0.0750000 -0.1000000
v 0.0000000 -0.0750000 -0.1500000
v 0.1060650 -0.0750000 -0.1060650
v 0.0707100 -0.0750000 -0.0707100
v 0.0382700 -0.0750000 -0.0923900
v 0.0574050 -0.0750000 -0.1385850
v 0.1385850 -0.0750000 -0.0574050
v 0.0923900 -0.0750000 -0.0382700
v 0.0707100 -0.0750000 -0.0707100
v 0.1060650 -0.0750000 -0.1060650
v 0.1500000 -0.0750000 0.0000000
v 0.1000000 -0.0750000 0.0000000
v 0.0923900 -0.0750000 -0.0382700
v 0.1385850 -0.0750000 -0.0574050
v 0.1385850 -0.0750000 0.0574050
v 0.0923900 -0.0750000 0.0382700
v 0.1000000 -0.0750000 0.0000000
v 0.1500000 -0.0750000 0.0000000
v 0.1060650 -0.0750000 0.1060650
v 0.0707100 -0.0750000 0.0707100
v 0.0923900 -0.0750000 0.0382700
v 0.1385850 -0.0750000 0.0574050
v 0.0574050 -0.0750000 0.1385850
v 0.0382700 -0.0750000 0.0923900
v 0.0707100 -0.0750000 0.0707100
v 0.1060650 -0.0750000 0.1060650
v 0.0000000 -0.0750000 0.1500000
v 0.0000000 -0.0750000 0.1000000
v 0.0382700 -0.0750000 0.0923900
v 0.0574050 -0.0750000 0.1385850
v -0.1385850 -0.0000000 0.0574050
v -0.1500000 -0.0000000 0.0000000
v -0.1500000 -0.0000000 0.1500000
v -0.1060650 -0.0000000 0.1060650
v -0.1385850 -0.0000000 0.0574050
v -0.1500000 -0.0000000 0.1500000
v -0.0574050 -0.0000000 0.1385850
v -0.1060650 -0.0000000 0.1060650
v -0.1500000 -0.0000000 0.1500000
v 0.0000000 -0.0000000 0.1500000
v -0.0574050 -0.0000000 0.1385850
v -0.1500000 -0.0000000 0.1500000
v 0.0574050 -0.0000000 0.1385850
v 0.0000000 -0.0000000 0.1500000
v 0.1500000 -0.0000000 0.1500000
v 0.1060650 -0.0000000 0.1060650
v 0.0574050 -0.0000000 0.1385850
v 0.1500000 -0.0000000 0.1500000
v 0.1385850 -0.0000000 0.0574050
v 0.1060650 -0.0000000 0.1060650
v 0.1500000 -0.0000000 0.1500000
v 0.1500000 -0.0000000 0.0000000
v 0.1385850 -0.0000000 0.0574050
v 0.1500000 -0.0000000 0.1500000
v 0.1385850 -0.0000000 -0.0574050
v 0.1500000 -0.0000000 0.0000000
v 0.1500000 -0.0000000 -0.1500000
v 0.1060650 -0.0000000 -0.1060650
v 0.1385850 -0.0000000 -0.0574050
v 0.1500000 -0.0000000 -0.1500000
v 0.0574050 -0.0000000 -0.1385850
v 0.1060650 -0.0000000 -0.1060650
v 0.1500000 -0.0000000 -0.1500000
v 0.0000000 -0.0000000 -0.1500000
v 0.0574050 -0.0000000 -0.1385850
v 0.1500000 -0.0000000 -0.1500000
v -0.0574050 -0.0000000 -0.1385850
v 0.0000000 -0.0000000 -0.1500000
v -0.1500000 -0.0000000 -0.1500000
v -0.1060650 -0.0000000 -0.1060650
v -0.0574050 -0.0000000 -0.1385850
v -0.1500000 -0.0000000 -0.1500000
v -0.1385850 -0.0000000 -0.0574050
v -0.1060650 -0.0000000 -0.1060650
v -0.1500000 -0.0000000 -0.1500000
v -0.1500000 -0.0000000 0.0000000
v -0.1385850 -0.0000000 -0.0574050
v -0.1500000 -0.0000000 -0.1500000
v -0.3517500 -0.0750000 -0.4917500
v -0.2000000 -0.0750000 -0.2000000
v -0.2400000 -0.0750000 -0.1000000
v -0.4917500 -0.0750000 -0.3517500
v -0.3517500 -0.0750000 -0.4917500
v -0.1000000 -0.0750000 -0.2400000
v -0.2000000 -0.0750000 -0.2000000
v -0.3517500 -0.0750000 -0.9917500
v -0.1000000 -0.0750000 -0.7400000
v -0.1000000 -0.0750000 -0.4600000
v -0.4917500 -0.0750000 -0.8517500
v 0.1000000 -0.0750000 -1.3309000
v 0.1000000 -0.0750000 -0.2400000
v -0.1000000 -0.0750000 -0.2400000
v -0.1000000 -0.0750000 -1.3309000
v 0.4917500 -0.0750000 -0.8517500
v 0.1000000 -0.0750000 -0.4600000
v 0.1000000 -0.0750000 -0.7400000
v 0.3517500 -0.0750000 -0.9917500
v 0.4917500 -0.0750000 -0.3517500
v 0.2400000 -0.0750000 -0.1000000
v 0.2000000 -0.0750000 -0.2000000
v 0.3517500 -0.0750000 -0.4917500
v 0.1000000 -0.0750000 -0.2400000
v 0.3517500 -0.0750000 -0.4917500
v 0.2000000 -0.0750000 -0.2000000
v -0.2000000 -0.0750000 -0.2000000
v -0.1000000 -0.0750000 -0.2400000
v 0.1000000 -0.0750000 -0.2400000
v 0.2000000 -0.0750000 -0.2000000
v -0.2000000 -0.0750000 0.2000000
v -0.2400000 -0.0750000 0.1000000
v -0.2400000 -0.0750000 -0.1000000
v -0.2000000 -0.0750000 -0.2000000
v 0.2000000 -0.0750000 -0.2000000
v 0.2400000 -0.0750000 -0.1000000
v 0.2400000 -0.0750000 0.1000000
v 0.2000000 -0.0750000 0.2000000
v 0.9425950 -0.0750000 1.1385850
v 0.9617300 -0.0750000 1.0923900
v 1.0000000 -0.0750000 1.1000000
v 1.0000000 -0.0750000 1.1500000
v 0.8939350 -0.0750000 1.1060650
v 0.9292900 -0.0750000 1.0707100
v 0.9617300 -0.0750000 1.0923900
v 0.9425950 -0.0750000 1.1385850
v 0.8614150 -0.0750000 1.0574050
v 0.9076100 -0.0750000 1.0382700
v 0.9292900 -0.0750000 1.0707100
v 0.8939350 -0.0750000 1.1060650
v 0.8500000 -0.0750000 1.0000000
v 0.9000000 -0.0750000 1.0000000
v 0.9076100 -0.0750000 1.0382700
v 0.8614150 -0.0750000 1.0574050
v 0.8614150 -0.0750000 0.9425950
v 0.9076100 -0.0750000 0.9617300
v 0.9000000 -0.0750000 1.0000000
v 0.8500000 -0.0750000 1.0000000
v 0.8939350 -0.0750000 0.8939350
v 0.9292900 -0.0750000 0.9292900
v 0.9076100 -0.0750000 0.9617300
v 0.8614150 -0.0750000 0.9425950
v 0.9425950 -0.0750000 0.8614150
v 0.9617300 -0.0750000 0.9076100
v 0.9292900 -0.0750000 0.9292900
v 0.8939350 -0.0750000 0.8939350
v 1.0000000 -0.0750000 0.8500000
v 1.0000000 -0.0750000 0.9000000
v 0.9617300 -0.0750000 0.9076100
v 0.9425950 -0.0750000 0.8614150
v 1.0574050 -0.0750000 0.8614150
v 1.0382700 -0.0750000 0.9076100
v 1.0000000 -0.0750000 0.9000000
v 1.0000000 -0.0750000 0.8500000
v 1.1060650 -0.0750000 0.8939350
v 1.0707100 -0.0750000 0.9292900
v 1.0382700 -0.0750000 0.9076100
v 1.0574050 -0.0750000 0.8614150
v 1.1385850 -0.0750000 0.9425950
v 1.0923900 -0.0750000 0.9617300
v 1.0707100 -0.0750000 0.9292900
v 1.1060650 -0.0750000 0.8939350
v 1.1500000 -0.0750000 1.0000000
v 1.1000000 -0.0750000 1.0000000
v 1.0923900 -0.0750000 0.9617300
v 1.1385850 -0.0750000 0.9425950
v 1.1385850 -0.0750000 1.0574050
v 1.0923900 -0.0750000 1.0382700
v 1.1000000 -0.0750000 1.0000000
v 1.1500000 -0.0750000 1.0000000
v 1.1060650 -0.0750000 1.1060650
v 1.0707100 -0.0750000 1.0707100
v 1.0923900 -0.0750000 1.0382700
v 1.1385850 -0.0750000 1.0574050
v 1.0574050 -0.0750000 1.1385850
v 1.0382700 -0.0750000 1.0923900
v 1.0707100 -0.0750000 1.0707100
v 1.1060650 -0.0750000 1.1060650
v 1.0000000 -0.0750000 1.1500000
v 1.0000000 -0.0750000 1.1000000
v 1.0382700 -0.0750000 1.0923900
v 1.0574050 -0.0750000 1.1385850
v 0.4425950 -0.0750000 1.1385850
v 0.4617300 -0.0750000 1.0923900
v 0.5000000 -0.0750000 1.1000000
v 0.5000000 -0.0750000 1.1500000
v 0.3939350 -0.0750000 1.1060650
v 0.4292900 -0.0750000 1.0707100
v 0.4617300 -0.0750000 1.0923900
v 0.4425950 -0.0750000 1.1385850
v 0.3614150 -0.0750000 1.0574050
v 0.4076100 -0.0750000 1.0382700
v 0.4292900 -0.0750000 1.0707100
v 0.3939350 -0.0750000 1.1060650
v 0.3500000 -0.0750000 1.0000000
v 0.4000000 -0.0750000 1.0000000
v 0.4076100 -0.0750000 1.0382700
v 0.3614150 -0.0750000 1.0574050
v 0.3614150 -0.0750000 0.9425950
v 0.4076100 -0.0750000 0.9617300
v 0.4000000 -0.0750000 1.0000000
v 0.3500000 -0.0750000 1.0000000
v 0.3939350 -0.0750000 0.8939350
v 0.4292900 -0.0750000 0.9292900
v 0.4076100 -0.0750000 0.9617300
v 0.3614150 -0.0750000 0.9425950
v 0.4425950 -0.0750000 0.8614150
v 0.4617300 -0.0750000 0.9076100
v 0.4292900 -0.0750000 0.9292900
v 0.3939350 -0.0750000 0.8939350
v 0.5000000 -0.0750000 0.8500000
v 0.5000000 -0.0750000 0.9000000
v 0.4617300 -0.0750000 0.9076100
v 0.4425950 -0.0750000 0.8614150
v 0.5574050 -0.0750000 0.8614150
v 0.5382700 -0.0750000 0.9076100
v 0.5000000 -0.0750000 0.9000000
v 0.5000000 -0.0750000 0.8500000
v 0.6060650 -0.0750000 0.8939350
v 0.5707100 -0.0750000 0.9292900
v 0.5382700 -0.0750000 0.9076100
v 0.5574050 -0.0750000 0.8614150
v 0.6385850 -0.0750000 0.9425950
v 0.5923900 -0.0750000 0.9617300
v 0.5707100 -0.0750000 0.9292900
v 0.6060650 -0.0750000 0.8939350
v 0.6500000 -0.0750000 1.0000000
v 0.6000000 -0.0750000 1.0000000
v 0.5923900 -0.0750000 0.9617300
v 0.6385850 -0.0750000 0.9425950
v 0.6385850 -0.0750000 1.0574050
v 0.5923900 -0.0750000 1.0382700
v 0.6000000 -0.0750000 1.0000000
v 0.6500000 -0.0750000 1.0000000
v 0.6060650 -0.0750000 1.1060650
v 0.5707100 -0.0750000 1.0707100
v 0.5923900 -0.0750000 1.0382700
v 0.6385850 -0.0750000 1.0574050
v 0.5574050 -0.0750000 1.1385850
v 0.5382700 -0.0750000 1.0923900
v 0.5707100 -0.0750000 1.0707100
v 0.6060650 -0.0750000 1.1060650
v 0.5000000 -0.0750000 1.1500000
v 0.5000000 -0.0750000 1.1000000
v 0.5382700 -0.0750000 1.0923900
v 0.5574050 -0.0750000 1.1385850
v -0.5574050 -0.0750000 1.1385850
v -0.5382700 -0.0750000 1.0923900
v -0.5000000 -0.0750000 1.1000000
v -0.5000000 -0.0750000 1.1500000
v -0.6060650 -0.0750000 1.1060650
v -0.5707100 -0.0750000 1.0707100
v -0.5382700 -0.0750000 1.0923900
v -0.5574050 -0.0750000 1.1385850
v -0.6385850 -0.0750000 1.0574050
v -0.5923900 -0.0750000 1.0382700
v -0.5707100 -0.0750000 1.0707100
v -0.6060650 -0.0750000 1.1060650
v -0.6500000 -0.0750000 1.0000000
v -0.6000000 -0.0750000 1.0000000
v -0.5923900 -0.0750000 1.0382700
v -0.6385850 -0.0750000 1.0574050
v -0.6385850 -0.0750000 0.9425950
v -0.5923900 -0.0750000 0.9617300
v -0.6000000 -0.0750000 1.0000000
v -0.6500000 -0.0750000 1.0000000
v -0.6060650 -0.0750000 0.8939350
v -0.5707100 -0.0750000 0.9292900
v -0.5923900 -0.0750000 0.9617300
v -0.6385850 -0.0750000 0.9425950
v -0.5574050 -0.0750000 0.8614150
v -0.5382700 -0.0750000 0.9076100
v -0.5707100 -0.0750000 0.9292900
v -0.6060650 -0.0750000 0.8939350
v -0.5000000 -0.0750000 0.8500000
v -0.5000000 -0.0750000 0.9000000
v -0.5382700 -0.0750000 0.9076100
v -0.5574050 -0.0750000 0.8614150
v -0.4425950 -0.0750000 0.8614150
v -0.4617300 -0.0750000 0.9076100
v -0.5000000 -0.0750000 0.9000000
v -0.5000000 -0.0750000 0.8500000
v -0.3939350 -0.0750000 0.8939350
v -0.4292900 -0.0750000 0.9292900
v -0.4617300 -0.0750000 0.9076100
v -0.4425950 -0.0750000 0.8614150
v -0.3614150 -0.0750000 0.9425950
v -0.4076100 -0.0750000 0.9617300
v -0.4292900 -0.0750000 0.9292900
v -0.3939350 -0.0750000 0.8939350
v -0.3500000 -0.0750000 1.0000000
v -0.4000000 -0.0750000 1.0000000
v -0.4076100 -0.0750000 0.9617300
v -0.3614150 -0.0750000 0.9425950
v -0.3614150 -0.0750000 1.0574050
v -0.4076100 -0.0750000 1.0382700
v -0.4000000 -0.0750000 1.0000000
v -0.3500000 -0.0750000 1.0000000
v -0.3939350 -0.0750000 1.1060650
v -0.4292900 -0.0750000 1.0707100
v -0.4076100 -0.0750000 1.0382700
v -0.3614150 -0.0750000 1.0574050
v -0.4425950 -0.0750000 1.1385850
v -0.4617300 -0.0750000 1.0923900
v -0.4292900 -0.0750000 1.0707100
v -0.3939350 -0.0750000 1.1060650
v -0.5000000 -0.0750000 1.1500000
v -0.5000000 -0.0750000 1.1000000
v -0.4617300 -0.0750000 1.0923900
v -0.4425950 -0.0750000 1.1385850
v -1.0574050 -0.0750000 1.1385850
v -1.0382700 -0.0750000 1.0923900
v -1.0000000 -0.0750000 1.1000000
v -1.0000000 -0.0750000 1.1500000
v -1.1060650 -0.0750000 1.1060650
v -1.0707100 -0.0750000 1.0707100
v -1.0382700 -0.0750000 1.0923900
v -1.0574050 -0.0750000 1.1385850
v -1.1385850 -0.0750000 1.0574050
v -1.0923900 -0.0750000 1.0382700
v -1.0707100 -0.0750000 1.0707100
v -1.1060650 -0.0750000 1.1060650
v -1.1500000 -0.0750000 1.0000000
v -1.1000000 -0.0750000 1.0000000
v -1.0923900 -0.0750000 1.0382700
v -1.1385850 -0.0750000 1.0574050
v -1.1385850 -0.0750000 0.9425950
v -1.0923900 -0.0750000 0.9617300
v -1.1000000 -0.0750000 1.0000000
v -1.1500000 -0.0750000 1.0000000
v -1.1060650 -0.0750000 0.8939350
v -1.0707100 -0.0750000 0.9292900
v -1.0923900 -0.0750000 0.9617300
v -1.1385850 -0.0750000 0.9425950
v -1.0574050 -0.0750000 0.8614150
v -1.0382700 -0.0750000 0.9076100
v -1.0707100 -0.0750000 0.9292900
v -1.1060650 -0.0750000 0.8939350
v -1.0000000 -0.0750000 0.8500000
v -1.0000000 -0.0750000 0.9000000
v -1.0382700 -0.0750000 0.9076100
v -1.0574050 -0.0750000 0.8614150
v -0.9425950 -0.0750000 0.8614150
v -0.9617300 -0.0750000 0.9076100
v -1.0000000 -0.0750000 0.9000000
v -1.0000000 -0.0750000 0.8500000
v -0.8939350 -0.0750000 0.8939350
v -0.9292900 -0.0750000 0.9292900
v -0.9617300 -0.0750000 0.9076100
v -0.9425950 -0.0750000 0.8614150
v -0.8614150 -0.0750000 0.9425950
v -0.9076100 -0.0750000 0.9617300
v -0.9292900 -0.0750000 0.9292900
v -0.8939350 -0.0750000 0.8939350
v -0.8500000 -0.0750000 1.0000000
v -0.9000000 -0.0750000 1.0000000
v -0.9076100 -0.0750000 0.9617300
v -0.8614150 -0.0750000 0.9425950
v -0.8614150 -0.0750000 1.0574050
v -0.9076100 -0.0750000 1.0382700
v -0.9000000 -0.0750000 1.0000000
v -0.8500000 -0.0750000 1.0000000
v -0.8939350 -0.0750000 1.1060650
v -0.9292900 -0.0750000 1.0707100
v -0.9076100 -0.0750000 1.0382700
v -0.8614150 -0.0750000 1.0574050
v -0.9425950 -0.0750000 1.1385850
v -0.9617300 -0.0750000 1.0923900
v -0.9292900 -0.0750000 1.0707100
v -0.8939350 -0.0750000 1.1060650
v -1.0000000 -0.0750000 1.1500000
v -1.0000000 -0.0750000 1.1000000
v -0.9617300 -0.0750000 1.0923900
v -0.9425950 -0.0750000 1.1385850
v 0.9425950 -0.0750000 0.6385850
v 0.9617300 -0.0750000 0.5923900
v 1.0000000 -0.0750000 0.6000000
v 1.0000000 -0.0750000 0.6500000
v 0.8939350 -0.0750000 0.6060650
v 0.9292900 -0.0750000 0.5707100
v 0.9617300 -0.0750000 0.5923900
v 0.9425950 -0.0750000 0.6385850
v 0.8614150 -0.0750000 0.5574050
v 0.9076100 -0.0750000 0.5382700
v 0.9292900 -0.0750000 0.5707100
v 0.8939350 -0.0750000 0.6060650
v 0.8500000 -0.0750000 0.5000000
v 0.9000000 -0.0750000 0.5000000
v 0.9076100 -0.0750000 0.5382700
v 0.8614150 -0.0750000 0.5574050
v 0.8614150 -0.0750000 0.4425950
v 0.9076100 -0.0750000 0.4617300
v 0.9000000 -0.0750000 0.5000000
v 0.8500000 -0.0750000 0.5000000
v 0.8939350 -0.0750000 0.3939350
v 0.9292900 -0.0750000 0.4292900
v 0.9076100 -0.0750000 0.4617300
v 0.8614150 -0.0750000 0.4425950
v 0.9425950 -0.0750000 0.3614150
v 0.9617300 -0.0750000 0.4076100
v 0.9292900 -0.0750000 0.4292900
v 0.8939350 -0.0750000 0.3939350
v 1.0000000 -0.0750000 0.3500000
v 1.0000000 -0.0750000 0.4000000
v 0.9617300 -0.0750000 0.4076100
v 0.9425950 -0.0750000 0.3614150
v 1.0574050 -0.0750000 0.3614150
v 1.0382700 -0.0750000 0.4076100
v 1.0000000 -0.0750000 0.4000000
v 1.0000000 -0.0750000 0.3500000
v 1.1060650 -0.0750000 0.3939350
v 1.0707100 -0.0750000 0.4292900
v 1.0382700 -0.0750000 0.4076100
v 1.0574050 -0.0750000 0.3614150
v 1.1385850 -0.0750000 0.4425950
v 1.0923900 -0.0750000 0.4617300
v 1.0707100 -0.0750000 0.4292900
v 1.1060650 -0.0750000 0.3939350
v 1.1500000 -0.0750000 0.5000000
v 1.1000000 -0.0750000 0.5000000
v 1.0923900 -0.0750000 0.4617300
v 1.1385850 -0.0750000 0.4425950
v 1.1385850 -0.0750000 0.5574050
v 1.0923900 -0.0750000 0.5382700
v 1.1000000 -0.0750000 0.5000000
v 1.1500000 -0.0750000 0.5000000
v 1.1060650 -0.0750000 0.6060650
v 1.0707100 -0.0750000 0.5707100
v 1.0923900 -0.0750000 0.5382700
v 1.1385850 -0.0750000 0.5574050
v 1.0574050 -0.0750000 0.6385850
v 1.0382700 -0.0750000 0.5923900
v 1.0707100 -0.0750000 0.5707100
v 1.1060650 -0.0750000 0.6060650
v 1.0000000 -0.0750000 0.6500000
v 1.0000000 -0.0750000 0.6000000
v 1.0382700 -0.0750000 0.5923900
v 1.0574050 -0.0750000 0.6385850
v -1.0574050 -0.0750000 0.6385850
v -1.0382700 -0.0750000 0.5923900
v -1.0000000 -0.0750000 0.6000000
v -1.0000000 -0.0750000 0.6500000
v -1.1060650 -0.0750000 0.6060650
v -1.0707100 -0.0750000 0.5707100
v -1.0382700 -0.0750000 0.5923900
v -1.0574050 -0.0750000 0.6385850
v -1.1385850 -0.0750000 0.5574050
v -1.0923900 -0.0750000 0.5382700
v -1.0707100 -0.0750000 0.5707100
v -1.1060650 -0.0750000 0.6060650
v -1.1500000 -0.0750000 0.5000000
v -1.1000000 -0.0750000 0.5000000
v -1.0923900 -0.0750000 0.5382700
v -1.1385850 -0.0750000 0.5574050
v -1.1385850 -0.0750000 0.4425950
v -1.0923900 -0.0750000 0.4617300
v -1.1000000 -0.0750000 0.5000000
v -1.1500000 -0.0750000 0.5000000
v -1.1060650 -0.0750000 0.3939350
v -1.0707100 -0.0750000 0.4292900
v -1.0923900 -0.0750000 0.4617300
v -1.1385850 -0.0750000 0.4425950
v -1.0574050 -0.0750000 0.3614150
v -1.0382700 -0.0750000 0.4076100
v -1.0707100 -0.0750000 0.4292900
v -1.1060650 -0.0750000 0.3939350
v -1.0000000 -0.0750000 0.3500000
v -1.0000000 -0.0750000 0.4000000
v -1.0382700 -0.0750000 0.4076100
v -1.0574050 -0.0750000 0.3614150
v -0.9425950 -0.0750000 0.3614150
v -0.9617300 -0.0750000 0.4076100
v -1.0000000 -0.0750000 0.4000000
v -1.0000000 -0.0750000 0.3500000
v -0.8939350 -0.0750000 0.3939350
v -0.9292900 -0.0750000 0.4292900
v -0.9617300 -0.0750000 0.4076100
v -0.9425950 -0.0750000 0.3614150
v -0.8614150 -0.0750000 0.4425950
v -0.9076100 -0.0750000 0.4617300
v -0.9292900 -0.0750000 0.4292900
v -0.8939350 -0.0750000 0.3939350
v -0.8500000 -0.0750000 0.5000000
v -0.9000000 -0.0750000 0.5000000
v -0.9076100 -0.0750000 0.4617300
v -0.8614150 -0.0750000 0.4425950
v -0.8614150 -0.0750000 0.5574050
v -0.9076100 -0.0750000 0.5382700
v -0.9000000 -0.0750000 0.5000000
v -0.8500000 -0.0750000 0.5000000
v -0.8939350 -0.0750000 0.6060650
v -0.9292900 -0.0750000 0.5707100
v -0.9076100 -0.0750000 0.5382700
v -0.8614150 -0.0750000 0.5574050
v -0.9425950 -0.0750000 0.6385850
v -0.9617300 -0.0750000 0.5923900
v -0.9292900 -0.0750000 0.5707100
v -0.8939350 -0.0750000 0.6060650
v -1.0000000 -0.0750000 0.6500000
v -1.0000000 -0.0750000 0.6000000
v -0.9617300 -0.0750000 0.5923900
v -0.9425950 -0.0750000 0.6385850
v 0.9425950 -0.0750000 0.1385850
v 0.9617300 -0.0750000 0.0923900
v 1.0000000 -0.0750000 0.1000000
v 1.0000000 -0.0750000 0.1500000
v 0.8939350 -0.0750000 0.1060650
v 0.9292900 -0.0750000 0.0707100
v 0.9617300 -0.0750000 0.0923900
v 0.9425950 -0.0750000 0.1385850
v 0.8614150 -0.0750000 0.0574050
v 0.9076100 -0.0750000 0.0382700
v 0.9292900 -0.0750000 0.0707100
v 0.8939350 -0.0750000 0.1060650
v 0.8500000 -0.0750000 0.0000000
v 0.9000000 -0.0750000 0.0000000
v 0.9076100 -0.0750000 0.0382700
v 0.8614150 -0.0750000 0.0574050
v 0.8614150 -0.0750000 -0.0574050
v 0.9076100 -0.0750000 -0.0382700
v 0.9000000 -0.0750000 0.0000000
v 0.8500000 -0.0750000 0.0000000
v 0.8939350 -0.0750000 -0.1060650
v 0.9292900 -0.0750000 -0.0707100
v 0.9076100 -0.0750000 -0.0382700
v 0.8614150 -0.0750000 -0.0574050
v 0.9425950 -0.0750000 -0.1385850
v 0.9617300 -0.0750000 -0.0923900
v 0.9292900 -0.0750000 -0.0707100
v 0.8939350 -0.0750000 -0.1060650
v 1.0000000 -0.0750000 -0.1500000
v 1.0000000 -0.0750000 -0.1000000
v 0.9617300 -0.0750000 -0.0923900
v 0.9425950 -0.0750000 -0.1385850
v 1.0574050 -0.0750000 -0.1385850
v 1.0382700 -0.0750000 -0.0923900
v 1.0000000 -0.0750000 -0.1000000
v 1.0000000 -0.0750000 -0.1500000
v 1.1060650 -0.0750000 -0.1060650
v 1.0707100 -0.0750000 -0.0707100
v 1.0382700 -0.0750000 -0.0923900
v 1.0574050 -0.0750000 -0.1385850
v 1.1385850 -0.0750000 -0.0574050
v 1.0923900 -0.0750000 -0.0382700
v 1.0707100 -0.0750000 -0.0707100
v 1.1060650 -0.0750000 -0.1060650
v 1.1500000 -0.0750000 0.0000000
v 1.1000000 -0.0750000 0.0000000
v 1.0923900 -0.0750000 -0.0382700
v 1.1385850 -0.0750000 -0.0574050
v 1.1385850 -0.0750000 0.0574050
v 1.0923900 -0.0750000 0.0382700
v 1.1000000 -0.0750000 0.0000000
v 1.1500000 -0.0750000 0.0000000
v 1.1060650 -0.0750000 0.1060650
v 1.0707100 -0.0750000 0.0707100
v 1.0923900 -0.0750000 0.0382700
v 1.1385850 -0.0750000 0.0574050
v 1.0574050 -0.0750000 0.1385850
v 1.0382700 -0.0750000 0.0923900
v 1.0707100 -0.0750000 0.0707100
v 1.1060650 -0.0750000 0.1060650
v 1.0000000 -0.0750000 0.1500000
v 1.0000000 -0.0750000 0.1000000
v 1.0382700 -0.0750000 0.0923900
v 1.0574050 -0.0750000 0.1385850
v -1.0574050 -0.0750000 0.1385850
v -1.0382700 -0.0750000 0.0923900
v -1.0000000 -0.0750000 0.1000000
v -1.0000000 -0.0750000 0.1500000
v -1.1060650 -0.0750000 0.1060650
v -1.0707100 -0.0750000 0.0707100
v -1.0382700 -0.0750000 0.0923900
v -1.0574050 -0.0750000 0.1385850
v -1.1385850 -0.0750000 0.0574050
v -1.0923900 -0.0750000 0.0382700
v -1.0707100 -0.0750000 0.0707100
v -1.1060650 -0.0750000 0.1060650
v -1.1500000 -0.0750000 0.0000000
v -1.1000000 -0.0750000 0.0000000
v -1.0923900 -0.0750000 0.0382700
v -1.1385850 -0.0750000 0.0574050
v -1.1385850 -0.0750000 -0.0574050
v -1.0923900 -0.0750000 -0.0382700
v -1.1000000 -0.0750000 0.0000000
v -1.1500000 -0.0750000 0.0000000
v -1.1060650 -0.0750000 -0.1060650
v -1.0707100 -0.0750000 -0.0707100
v -1.0923900 -0.0750000 -0.0382700
v -1.1385850 -0.0750000 -0.0574050
v -1.0574050 -0.0750000 -0.1385850
v -1.0382700 -0.0750000 -0.0923900
v -1.0707100 -0.0750000 -0.0707100
v -1.1060650 -0.0750000 -0.1060650
v -1.0000000 -0.0750000 -0.1500000
v -1.0000000 -0.0750000 -0.1000000
v -1.0382700 -0.0750000 -0.0923900
v -1.0574050 -0.0750000 -0.1385850
v -0.9425950 -0.0750000 -0.1385850
v -0.9617300 -0.0750000 -0.0923900
v -1.0000000 -0.0750000 -0.1000000
v -1.0000000 -0.0750000 -0.1500000
v -0.8939350 -0.0750000 -0.1060650
v -0.9292900 -0.0750000 -0.0707100
v -0.9617300 -0.0750000 -0.0923900
v -0.9425950 -0.0750000 -0.1385850
v -0.8614150 -0.0750000 -0.0574050
v -0.9076100 -0.0750000 -0.0382700
v -0.9292900 -0.0750000 -0.0707100
v -0.8939350 -0.0750000 -0.1060650
v -0.8500000 -0.0750000 0.0000000
v -0.9000000 -0.0750000 0.0000000
v -0.9076100 -0.0750000 -0.0382700
v -0.8614150 -0.0750000 -0.0574050
v -0.8614150 -0.0750000 0.0574050
v -0.9076100 -0.0750000 0.0382700
v -0.9000000 -0.0750000 0.0000000
v -0.8500000 -0.0750000 0.0000000
v -0.8939350 -0.0750000 0.1060650
v -0.9292900 -0.0750000 0.0707100
v -0.9076100 -0.0750000 0.0382700
v -0.8614150 -0.0750000 0.0574050
v -0.9425950 -0.0750000 0.1385850
v -0.9617300 -0.0750000 0.0923900
v -0.9292900 -0.0750000 0.0707100
v -0.8939350 -0.0750000 0.1060650
v -1.0000000 -0.0750000 0.1500000
v -1.0000000 -0.0750000 0.1000000
v -0.9617300 -0.0750000 0.0923900
v -0.9425950 -0.0750000 0.1385850
v 0.4425950 -0.0750000 -0.3614150
v 0.4617300 -0.0750000 -0.4076100
v 0.5000000 -0.0750000 -0.4000000
v 0.5000000 -0.0750000 -0.3500000
v 0.3939350 -0.0750000 -0.3939350
v 0.4292900 -0.0750000 -0.4292900
v 0.4617300 -0.0750000 -0.4076100
v 0.4425950 -0.0750000 -0.3614150
v 0.3614150 -0.0750000 -0.4425950
v 0.4076100 -0.0750000 -0.4617300
v 0.4292900 -0.0750000 -0.4292900
v 0.3939350 -0.0750000 -0.3939350
v 0.3500000 -0.0750000 -0.5000000
v 0.4000000 -0.0750000 -0.5000000
v 0.4076100 -0.0750000 -0.4617300
v 0.3614150 -0.0750000 -0.4425950
v 0.3614150 -0.0750000 -0.5574050
v 0.4076100 -0.0750000 -0.5382700
v 0.4000000 -0.0750000 -0.5000000
v 0.3500000 -0.0750000 -0.5000000
v 0.3939350 -0.0750000 -0.6060650
v 0.4292900 -0.0750000 -0.5707100
v 0.4076100 -0.0750000 -0.5382700
v 0.3614150 -0.0750000 -0.5574050
v 0.4425950 -0.0750000 -0.6385850
v 0.4617300 -0.0750000 -0.5923900
v 0.4292900 -0.0750000 -0.5707100
v 0.3939350 -0.0750000 -0.6060650
v 0.5000000 -0.0750000 -0.6500000
v 0.5000000 -0.0750000 -0.6000000
v 0.4617300 -0.0750000 -0.5923900
v 0.4425950 -0.0750000 -0.6385850
v 0.5574050 -0.0750000 -0.6385850
v 0.5382700 -0.0750000 -0.5923900
v 0.5000000 -0.0750000 -0.6000000
v 0.5000000 -0.0750000 -0.6500000
v 0.6060650 -0.0750000 -0.6060650
v 0.5707100 -0.0750000 -0.5707100
v 0.5382700 -0.0750000 -0.5923900
v 0.5574050 -0.0750000 -0.6385850
v 0.6385850 -0.0750000 -0.5574050
v 0.5923900 -0.0750000 -0.5382700
v 0.5707100 -0.0750000 -0.5707100
v 0.6060650 -0.0750000 -0.6060650
v 0.6500000 -0.0750000 -0.5000000
v 0.6000000 -0.0750000 -0.5000000
v 0.5923900 -0.0750000 -0.5382700
v 0.6385850 -0.0750000 -0.5574050
v 0.6385850 -0.0750000 -0.4425950
v 0.5923900 -0.0750000 -0.4617300
v 0.6000000 -0.0750000 -0.5000000
v 0.6500000 -0.0750000 -0.5000000
v 0.6060650 -0.0750000 -0.3939350
v 0.5707100 -0.0750000 -0.4292900
v 0.5923900 -0.0750000 -0.4617300
v 0.6385850 -0.0750000 -0.4425950
v 0.5574050 -0.0750000 -0.3614150
v 0.5382700 -0.0750000 -0.4076100
v 0.5707100 -0.0750000 -0.4292900
v 0.6060650 -0.0750000 -0.3939350
v 0.5000000 -0.0750000 -0.3500000
v 0.5000000 -0.0750000 -0.4000000
v 0.5382700 -0.0750000 -0.4076100
v 0.5574050 -0.0750000 -0.3614150
v -0.5574050 -0.0750000 -0.3614150
v -0.5382700 -0.0750000 -0.4076100
v -0.5000000 -0.0750000 -0.4000000
v -0.5000000 -0.0750000 -0.3500000
v -0.6060650 -0.0750000 -0.3939350
v -0.5707100 -0.0750000 -0.4292900
v -0.5382700 -0.0750000 -0.4076100
v -0.5574050 -0.0750000 -0.3614150
v -0.6385850 -0.0750000 -0.4425950
v -0.5923900 -0.0750000 -0.4617300
v -0.5707100 -0.0750000 -0.4292900
v -0.6060650 -0.0750000 -0.3939350
v -0.6500000 -0.0750000 -0.5000000
v -0.6000000 -0.0750000 -0.5000000
v -0.5923900 -0.0750000 -0.4617300
v -0.6385850 -0.0750000 -0.4425950
v -0.6385850 -0.0750000 -0.5574050
v -0.5923900 -0.0750000 -0.5382700
v -0.6000000 -0.0750000 -0.5000000
v -0.6500000 -0.0750000 -0.5000000
v -0.6060650 -0.0750000 -0.6060650
v -0.5707100 -0.0750000 -0.5707100
v -0.5923900 -0.0750000 -0.5382700
v -0.6385850 -0.0750000 -0.5574050
v -0.5574050 -0.0750000 -0.6385850
v -0.5382700 -0.0750000 -0.5923900
v -0.5707100 -0.0750000 -0.5707100
v -0.6060650 -0.0750000 -0.6060650
v -0.5000000 -0.0750000 -0.6500000
v -0.5000000 -0.0750000 -0.6000000
v -0.5382700 -0.0750000 -0.5923900
v -0.5574050 -0.0750000 -0.6385850
v -0.4425950 -0.0750000 -0.6385850
v -0.4617300 -0.0750000 -0.5923900
v -0.5000000 -0.0750000 -0.6000000
v -0.5000000 -0.0750000 -0.6500000
v -0.3939350 -0.0750000 -0.6060650
v -0.4292900 -0.0750000 -0.5707100
v -0.4617300 -0.0750000 -0.5923900
v -0.4425950 -0.0750000 -0.6385850
v -0.3614150 -0.0750000 -0.5574050
v -0.4076100 -0.0750000 -0.5382700
v -0.4292900 -0.0750000 -0.5707100
v -0.3939350 -0.0750000 -0.6060650
v -0.3500000 -0.0750000 -0.5000000
v -0.4000000 -0.0750000 -0.5000000
v -0.4076100 -0.0750000 -0.5382700
v -0.3614150 -0.0750000 -0.5574050
v -0.3614150 -0.0750000 -0.4425950
v -0.4076100 -0.0750000 -0.4617300
v -0.4000000 -0.0750000 -0.5000000
v -0.3500000 -0.0750000 -0.5000000
v -0.3939350 -0.0750000 -0.3939350
v -0.4292900 -0.0750000 -0.4292900
v -0.4076100 -0.0750000 -0.4617300
v -0.3614150 -0.0750000 -0.4425950
v -0.4425950 -0.0750000 -0.3614150
v -0.4617300 -0.0750000 -0.4076100
v -0.4292900 -0.0750000 -0.4292900
v -0.3939350 -0.0750000 -0.3939350
v -0.5000000 -0.0750000 -0.3500000
v -0.5000000 -0.0750000 -0.4000000
v -0.4617300 -0.0750000 -0.4076100
v -0.4425950 -0.0750000 -0.3614150
v 0.4425950 -0.0750000 -0.8614150
v 0.4617300 -0.0750000 -0.9076100
v 0.5000000 -0.0750000 -0.9000000
v 0.5000000 -0.0750000 -0.8500000
v 0.3939350 -0.0750000 -0.8939350
v 0.4292900 -0.0750000 -0.9292900
v 0.4617300 -0.0750000 -0.9076100
v 0.4425950 -0.0750000 -0.8614150
v 0.3614150 -0.0750000 -0.9425950
v 0.4076100 -0.0750000 -0.9617300
v 0.4292900 -0.0750000 -0.9292900
v 0.3939350 -0.0750000 -0.8939350
v 0.3500000 -0.0750000 -1.0000000
v 0.4000000 -0.0750000 -1.0000000
v 0.4076100 -0.0750000 -0.9617300
v 0.3614150 -0.0750000 -0.9425950
v 0.3614150 -0.0750000 -1.0574050
v 0.4076100 -0.0750000 -1.0382700
v 0.4000000 -0.0750000 -1.0000000
v 0.3500000 -0.0750000 -1.0000000
v 0.3939350 -0.0750000 -1.1060650
v 0.4292900 -0.0750000 -1.0707100
v 0.4076100 -0.0750000 -1.0382700
v 0.3614150 -0.0750000 -1.0574050
v 0.4425950 -0.0750000 -1.1385850
v 0.4617300 -0.0750000 -1.0923900
v 0.4292900 -0.0750000 -1.0707100
v 0.3939350 -0.0750000 -1.1060650
v 0.5000000 -0.0750000 -1.1500000
v 0.5000000 -0.0750000 -1.1000000
v 0.4617300 -0.0750000 -1.0923900
v 0.4425950 -0.0750000 -1.1385850
v 0.5574050 -0.0750000 -1.1385850
v 0.5382700 -0.0750000 -1.0923900
v 0.5000000 -0.0750000 -1.1000000
v 0.5000000 -0.0750000 -1.1500000
v 0.6060650 -0.0750000 -1.1060650
v 0.5707100 -0.0750000 -1.0707100
v 0.5382700 -0.0750000 -1.0923900
v 0.5574050 -0.0750000 -1.1385850
v 0.6385850 -0.0750000 -1.0574050
v 0.5923900 -0.0750000 -1.0382700
v 0.5707100 -0.0750000 -1.0707100
v 0.6060650 -0.0750000 -1.1060650
v 0.6500000 -0.0750000 -1.0000000
v 0.6000000 -0.0750000 -1.0000000
v 0.5923900 -0.0750000 -1.0382700
v 0.6385850 -0.0750000 -1.0574050
v 0.6385850 -0.0750000 -0.9425950
v 0.5923900 -0.0750000 -0.9617300
v 0.6000000 -0.0750000 -1.0000000
v 0.6500000 -0.0750000 -1.0000000
v 0.6060650 -0.0750000 -0.8939350
v 0.5707100 -0.0750000 -0.9292900
v 0.5923900 -0.0750000 -0.9617300
v 0.6385850 -0.0750000 -0.9425950
v 0.5574050 -0.0750000 -0.8614150
v 0.5382700 -0.0750000 -0.9076100
v 0.5707100 -0.0750000 -0.9292900
v 0.6060650 -0.0750000 -0.8939350
v 0.5000000 -0.0750000 -0.8500000
v 0.5000000 -0.0750000 -0.9000000
v 0.5382700 -0.0750000 -0.9076100
v 0.5574050 -0.0750000 -0.8614150
v -0.5574050 -0.0750000 -0.8614150
v -0.5382700 -0.0750000 -0.9076100
v -0.5000000 -0.0750000 -0.9000000
v -0.5000000 -0.0750000 -0.8500000
v -0.6060650 -0.0750000 -0.8939350
v -0.5707100 -0.0750000 -0.9292900
v -0.5382700 -0.0750000 -0.9076100
v -0.5574050 -0.0750000 -0.8614150
v -0.6385850 -0.0750000 -0.9425950
v -0.5923900 -0.0750000 -0.9617300
v -0.5707100 -0.0750000 -0.9292900
v -0.6060650 -0.0750000 -0.8939350
v -0.6500000 -0.0750000 -1.0000000
v -0.6000000 -0.0750000 -1.0000000
v -0.5923900 -0.0750000 -0.9617300
v -0.6385850 -0.0750000 -0.9425950
v -0.6385850 -0.0750000 -1.0574050
v -0.5923900 -0.0750000 -1.0382700
v -0.6000000 -0.0750000 -1.0000000
v -0.6500000 -0.0750000 -1.0000000
v -0.6060650 -0.0750000 -1.1060650
v -0.5707100 -0.0750000 -1.0707100
v -0.5923900 -0.0750000 -1.0382700
v -0.6385850 -0.0750000 -1.0574050
v -0.5574050 -0.0750000 -1.1385850
v -0.5382700 -0.0750000 -1.0923900
v -0.5707100 -0.0750000 -1.0707100
v -0.6060650 -0.0750000 -1.1060650
v -0.5000000 -0.0750000 -1.1500000
v -0.5000000 -0.0750000 -1.1000000
v -0.5382700 -0.0750000 -1.0923900
v -0.5574050 -0.0750000 -1.1385850
v -0.4425950 -0.0750000 -1.1385850
v -0.4617300 -0.0750000 -1.0923900
v -0.5000000 -0.0750000 -1.1000000
v -0.5000000 -0.0750000 -1.1500000
v -0.3939350 -0.0750000 -1.1060650
v -0.4292900 -0.0750000 -1.0707100
v -0.4617300 -0.0750000 -1.0923900
v -0.4425950 -0.0750000 -1.1385850
v -0.3614150 -0.0750000 -1.0574050
v -0.4076100 -0.0750000 -1.0382700
v -0.4292900 -0.0750000 -1.0707100
v -0.3939350 -0.0750000 -1.1060650
v -0.3500000 -0.0750000 -1.0000000
v -0.4000000 -0.0750000 -1.0000000
v -0.4076100 -0.0750000 -1.0382700
v -0.3614150 -0.0750000 -1.0574050
v -0.3614150 -0.0750000 -0.9425950
v -0.4076100 -0.0750000 -0.9617300
v -0.4000000 -0.0750000 -1.0000000
v -0.3500000 -0.0750000 -1.0000000
v -0.3939350 -0.0750000 -0.8939350
v -0.4292900 -0.0750000 -0.9292900
v -0.4076100 -0.0750000 -0.9617300
v -0.3614150 -0.0750000 -0.9425950
v -0.4425950 -0.0750000 -0.8614150
v -0.4617300 -0.0750000 -0.9076100
v -0.4292900 -0.0750000 -0.9292900
v -0.3939350 -0.0750000 -0.8939350
v -0.5000000 -0.0750000 -0.8500000
v -0.5000000 -0.0750000 -0.9000000
v -0.4617300 -0.0750000 -0.9076100
v -0.4425950 -0.0750000 -0.8614150
v -0.0574050 -0.0750000 -1.3614150
v -0.0382700 -0.0750000 -1.4076100
v 0.0000000 -0.0750000 -1.4000000
v 0.0000000 -0.0750000 -1.3500000
v -0.1060650 -0.0750000 -1.3939350
v -0.0707100 -0.0750000 -1.4292900
v -0.0382700 -0.0750000 -1.4076100
v -0.0574050 -0.0750000 -1.3614150
v -0.1385850 -0.0750000 -1.4425950
v -0.0923900 -0.0750000 -1.4617300
v -0.0707100 -0.0750000 -1.4292900
v -0.1060650 -0.0750000 -1.3939350
v -0.1500000 -0.0750000 -1.5000000
v -0.1000000 -0.0750000 -1.5000000
v -0.0923900 -0.0750000 -1.4617300
v -0.1385850 -0.0750000 -1.4425950
v -0.1385850 -0.0750000 -1.5574050
v -0.0923900 -0.0750000 -1.5382700
v -0.1000000 -0.0750000 -1.5000000
v -0.1500000 -0.0750000 -1.5000000
v -0.1060650 -0.0750000 -1.6060650
v -0.0707100 -0.0750000 -1.5707100
v -0.0923900 -0.0750000 -1.5382700
v -0.1385850 -0.0750000 -1.5574050
v -0.0574050 -0.0750000 -1.6385850
v -0.0382700 -0.0750000 -1.5923900
v -0.0707100 -0.0750000 -1.5707100
v -0.1060650 -0.0750000 -1.6060650
v 0.0000000 -0.0750000 -1.6500000
v 0.0000000 -0.0750000 -1.6000000
v -0.0382700 -0.0750000 -1.5923900
v -0.0574050 -0.0750000 -1.6385850
v 0.0574050 -0.0750000 -1.6385850
v 0.0382700 -0.0750000 -1.5923900
v 0.0000000 -0.0750000 -1.6000000
v 0.0000000 -0.0750000 -1.6500000
v 0.1060650 -0.0750000 -1.6060650
v 0.0707100 -0.0750000 -1.5707100
v 0.0382700 -0.0750000 -1.5923900
v 0.0574050 -0.0750000 -1.6385850
v 0.1385850 -0.0750000 -1.5574050
v 0.0923900 -0.0750000 -1.5382700
v 0.0707100 -0.0750000 -1.5707100
v 0.1060650 -0.0750000 -1.6060650
v 0.1500000 -0.0750000 -1.5000000
v 0.1000000 -0.0750000 -1.5000000
v 0.0923900 -0.0750000 -1.5382700
v 0.1385850 -0.0750000 -1.5574050
v 0.1385850 -0.0750000 -1.4425950
v 0.0923900 -0.0750000 -1.4617300
v 0.1000000 -0.0750000 -1.5000000
v 0.1500000 -0.0750000 -1.5000000
v 0.1060650 -0.0750000 -1.3939350
v 0.0707100 -0.0750000 -1.4292900
v 0.0923900 -0.0750000 -1.4617300
v 0.1385850 -0.0750000 -1.4425950
v 0.0574050 -0.0750000 -1.3614150
v 0.0382700 -0.0750000 -1.4076100
v 0.0707100 -0.0750000 -1.4292900
v 0.1060650 -0.0750000 -1.3939350
v 0.0000000 -0.0750000 -1.3500000
v 0.0000000 -0.0750000 -1.4000000
v 0.0382700 -0.0750000 -1.4076100
v 0.0574050 -0.0750000 -1.3614150
v 0.8915000 -0.0000000 0.4000000
v 0.5400000 -0.0000000 0.4000000
v 0.7400000 -0.0000000 0.6000000
v 0.8915000 -0.0000000 0.6000000
v 0.9500000 -0.0000000 0.8100000
v 0.2400000 -0.0000000 0.1000000
v 0.0920000 -0.0000000 0.2320000
v 0.8100000 -0.0000000 0.9500000
v 0.6000000 -0.0000000 0.8915000
v 0.6000000 -0.0000000 0.7400000
v 0.4000000 -0.0000000 0.5400000
v 0.4000000 -0.0000000 0.8915000
v -0.8915000 -0.0000000 0.6000000
v -0.7400000 -0.0000000 0.6000000
v -0.5400000 -0.0000000 0.4000000
v -0.8915000 -0.0000000 0.4000000
v -0.8100000 -0.0000000 0.9500000
v -0.0920000 -0.0000000 0.2320000
v -0.2400000 -0.0000000 0.1000000
v -0.9500000 -0.0000000 0.8100000
v -0.4000000 -0.0000000 0.8915000
v -0.4000000 -0.0000000 0.5400000
v -0.6000000 -0.0000000 0.7400000
v -0.6000000 -0.0000000 0.8915000
v -0.0920000 -0.0000000 0.2320000
v 0.0000000 -0.0000000 0.2500000
v 0.0920000 -0.0000000 0.2320000
v -0.8309000 -0.0000000 0.1000000
v -0.2400000 -0.0000000 0.1000000
v -0.2400000 -0.0000000 -0.1000000
v -0.8309000 -0.0000000 -0.1000000
v 0.8309000 -0.0000000 -0.1000000
v 0.2400000 -0.0000000 -0.1000000
v 0.2400000 -0.0000000 0.1000000
v 0.8309000 -0.0000000 0.1000000
v -0.4917500 -0.0000000 -0.3517500
v -0.2400000 -0.0000000 -0.1000000
v -0.1000000 -0.0000000 -0.2400000
v -0.3517500 -0.0000000 -0.4917500
v -0.4917500 -0.0000000 -0.8517500
v -0.1000000 -0.0000000 -0.4600000
v -0.1000000 -0.0000000 -0.7400000
v -0.3517500 -0.0000000 -0.9917500
v -0.1000000 -0.0000000 -1.3309000
v -0.1000000 -0.0000000 -0.2400000
v 0.1000000 -0.0000000 -0.2400000
v 0.1000000 -0.0000000 -1.3309000
v 0.3517500 -0.0000000 -0.9917500
v 0.1000000 -0.0000000 -0.7400000
v 0.1000000 -0.0000000 -0.4600000
v 0.4917500 -0.0000000 -0.8517500
v 0.3517500 -0.0000000 -0.4917500
v 0.1000000 -0.0000000 -0.2400000
v 0.2400000 -0.0000000 -0.1000000
v 0.4917500 -0.0000000 -0.3517500
v 0.1500000 -0.0000000 -0.1500000
v 0.1000000 -0.0000000 -0.2400000
v -0.1000000 -0.0000000 -0.2400000
v -0.1500000 -0.0000000 -0.1500000
v 0.2400000 -0.0000000 -0.1000000
v 0.1000000 -0.0000000 -0.2400000
v 0.1500000 -0.0000000 -0.1500000
v -0.1500000 -0.0000000 -0.1500000
v -0.2400000 -0.0000000 -0.1000000
v -0.2400000 -0.0000000 0.1000000
v -0.1500000 -0.0000000 0.1500000
v -0.1000000 -0.0000000 -0.2400000
v -0.2400000 -0.0000000 -0.1000000
v -0.1500000 -0.0000000 -0.1500000
v -0.1500000 -0.0000000 0.1500000
v -0.0920000 -0.0000000 0.2320000
v 0.0920000 -0.0000000 0.2320000
v 0.1500000 -0.0000000 0.1500000
v -0.2400000 -0.0000000 0.1000000
v -0.0920000 -0.0000000 0.2320000
v -0.1500000 -0.0000000 0.1500000
v 0.1500000 -0.0000000 0.1500000
v 0.2400000 -0.0000000 0.1000000
v 0.2400000 -0.0000000 -0.1000000
v 0.1500000 -0.0000000 -0.1500000
v 0.0920000 -0.0000000 0.2320000
v 0.2400000 -0.0000000 0.1000000
v 0.1500000 -0.0000000 0.1500000
v 1.0000000 -0.0000000 1.2000000
v 1.0000000 -0.0000000 1.1500000
v 0.9425950 -0.0000000 1.1385850
v 0.9234600 -0.0000000 1.1847800
v 0.9234600 -0.0000000 1.1847800
v 0.9425950 -0.0000000 1.1385850
v 0.8939350 -0.0000000 1.1060650
v 0.8585800 -0.0000000 1.1414200
v 0.8585800 -0.0000000 1.1414200
v 0.8939350 -0.0000000 1.1060650
v 0.8614150 -0.0000000 1.0574050
v 0.8152200 -0.0000000 1.0765400
v 0.8152200 -0.0000000 1.0765400
v 0.8614150 -0.0000000 1.0574050
v 0.8500000 -0.0000000 1.0000000
v 0.8000000 -0.0000000 1.0000000
v 0.8000000 -0.0000000 1.0000000
v 0.8500000 -0.0000000 1.0000000
v 0.8614150 -0.0000000 0.9425950
v 0.8152200 -0.0000000 0.9234600
v 0.8152200 -0.0000000 0.9234600
v 0.8614150 -0.0000000 0.9425950
v 0.8939350 -0.0000000 0.8939350
v 0.8585800 -0.0000000 0.8585800
v 0.8585800 -0.0000000 0.8585800
v 0.8939350 -0.0000000 0.8939350
v 0.9425950 -0.0000000 0.8614150
v 0.9234600 -0.0000000 0.8152200
v 0.9234600 -0.0000000 0.8152200
v 0.9425950 -0.0000000 0.8614150
v 1.0000000 -0.0000000 0.8500000
v 1.0000000 -0.0000000 0.8000000
v 1.0000000 -0.0000000 0.8000000
v 1.0000000 -0.0000000 0.8500000
v 1.0574050 -0.0000000 0.8614150
v 1.0765400 -0.0000000 0.8152200
v 1.0765400 -0.0000000 0.8152200
v 1.0574050 -0.0000000 0.8614150
v 1.1060650 -0.0000000 0.8939350
v 1.1414200 -0.0000000 0.8585800
v 1.1414200 -0.0000000 0.8585800
v 1.1060650 -0.0000000 0.8939350
v 1.1385850 -0.0000000 0.9425950
v 1.1847800 -0.0000000 0.9234600
v 1.1847800 -0.0000000 0.9234600
v 1.1385850 -0.0000000 0.9425950
v 1.1500000 -0.0000000 1.0000000
v 1.2000000 -0.0000000 1.0000000
v 1.2000000 -0.0000000 1.0000000
v 1.1500000 -0.0000000 1.0000000
v 1.1385850 -0.0000000 1.0574050
v 1.1847800 -0.0000000 1.0765400
v 1.1847800 -0.0000000 1.0765400
v 1.1385850 -0.0000000 1.0574050
v 1.1060650 -0.0000000 1.1060650
v 1.1414200 -0.0000000 1.1414200
v 1.1414200 -0.0000000 1.1414200
v 1.1060650 -0.0000000 1.1060650
v 1.0574050 -0.0000000 1.1385850
v 1.0765400 -0.0000000 1.1847800
v 1.0765400 -0.0000000 1.1847800
v 1.0574050 -0.0000000 1.1385850
v 1.0000000 -0.0000000 1.1500000
v 1.0000000 -0.0000000 1.2000000
v -1.0000000 -0.0000000 1.2000000
v -1.0000000 -0.0000000 1.1500000
v -1.0574050 -0.0000000 1.1385850
v -1.0765400 -0.0000000 1.1847800
v -1.0765400 -0.0000000 1.1847800
v -1.0574050 -0.0000000 1.1385850
v -1.1060650 -0.0000000 1.1060650
v -1.1414200 -0.0000000 1.1414200
v -1.1414200 -0.0000000 1.1414200
v -1.1060650 -0.0000000 1.1060650
v -1.1385850 -0.0000000 1.0574050
v -1.1847800 -0.0000000 1.0765400
v -1.1847800 -0.0000000 1.0765400
v -1.1385850 -0.0000000 1.0574050
v -1.1500000 -0.0000000 1.0000000
v -1.2000000 -0.0000000 1.0000000
v -1.2000000 -0.0000000 1.0000000
v -1.1500000 -0.0000000 1.0000000
v -1.1385850 -0.0000000 0.9425950
v -1.1847800 -0.0000000 0.9234600
v -1.1847800 -0.0000000 0.9234600
v -1.1385850 -0.0000000 0.9425950
v -1.1060650 -0.0000000 0.8939350
v -1.1414200 -0.0000000 0.8585800
v -1.1414200 -0.0000000 0.8585800
v -1.1060650 -0.0000000 0.8939350
v -1.0574050 -0.0000000 0.8614150
v -1.0765400 -0.0000000 0.8152200
v -1.0765400 -0.0000000 0.8152200
v -1.0574050 -0.0000000 0.8614150
v -1.0000000 -0.0000000 0.8500000
v -1.0000000 -0.0000000 0.8000000
v -1.0000000 -0.0000000 0.8000000
v -1.0000000 -0.0000000 0.8500000
v -0.9425950 -0.0000000 0.8614150
v -0.9234600 -0.0000000 0.8152200
v -0.9234600 -0.0000000 0.8152200
v -0.9425950 -0.0000000 0.8614150
v -0.8939350 -0.0000000 0.8939350
v -0.8585800 -0.0000000 0.8585800
v -0.8585800 -0.0000000 0.8585800
v -0.8939350 -0.0000000 0.8939350
v -0.8614150 -0.0000000 0.9425950
v -0.8152200 -0.0000000 0.9234600
v -0.8152200 -0.0000000 0.9234600
v -0.8614150 -0.0000000 0.9425950
v -0.8500000 -0.0000000 1.0000000
v -0.8000000 -0.0000000 1.0000000
v -0.8000000 -0.0000000 1.0000000
v -0.8500000 -0.0000000 1.0000000
v -0.8614150 -0.0000000 1.0574050
v -0.8152200 -0.0000000 1.0765400
v -0.8152200 -0.0000000 1.0765400
v -0.8614150 -0.0000000 1.0574050
v -0.8939350 -0.0000000 1.1060650
v -0.8585800 -0.0000000 1.1414200
v -0.8585800 -0.0000000 1.1414200
v -0.8939350 -0.0000000 1.1060650
v -0.9425950 -0.0000000 1.1385850
v -0.9234600 -0.0000000 1.1847800
v -0.9234600 -0.0000000 1.1847800
v -0.9425950 -0.0000000 1.1385850
v -1.0000000 -0.0000000 1.1500000
v -1.0000000 -0.0000000 1.2000000
v 1.0000000 -0.0000000 0.2000000
v 1.0000000 -0.0000000 0.1500000
v 0.9425950 -0.0000000 0.1385850
v 0.9234600 -0.0000000 0.1847800
v 0.9234600 -0.0000000 0.1847800
v 0.9425950 -0.0000000 0.1385850
v 0.8939350 -0.0000000 0.1060650
v 0.8585800 -0.0000000 0.1414200
v 0.8585800 -0.0000000 0.1414200
v 0.8939350 -0.0000000 0.1060650
v 0.8614150 -0.0000000 0.0574050
v 0.8152200 -0.0000000 0.0765400
v 0.8152200 -0.0000000 0.0765400
v 0.8614150 -0.0000000 0.0574050
v 0.8500000 -0.0000000 0.0000000
v 0.8000000 -0.0000000 0.0000000
v 0.8000000 -0.0000000 0.0000000
v 0.8500000 -0.0000000 0.0000000
v 0.8614150 -0.0000000 -0.0574050
v 0.8152200 -0.0000000 -0.0765400
v 0.8152200 -0.0000000 -0.0765400
v 0.8614150 -0.0000000 -0.0574050
v 0.8939350 -0.0000000 -0.1060650
v 0.8585800 -0.0000000 -0.1414200
v 0.8585800 -0.0000000 -0.1414200
v 0.8939350 -0.0000000 -0.1060650
v 0.9425950 -0.0000000 -0.1385850
v 0.9234600 -0.0000000 -0.1847800
v 0.9234600 -0.0000000 -0.1847800
v 0.9425950 -0.0000000 -0.1385850
v 1.0000000 -0.0000000 -0.1500000
v 1.0000000 -0.0000000 -0.2000000
v 1.0000000 -0.0000000 -0.2000000
v 1.0000000 -0.0000000 -0.1500000
v 1.0574050 -0.0000000 -0.1385850
v 1.0765400 -0.0000000 -0.1847800
v 1.0765400 -0.0000000 -0.1847800
v 1.0574050 -0.0000000 -0.1385850
v 1.1060650 -0.0000000 -0.1060650
v 1.1414200 -0.0000000 -0.1414200
v 1.1414200 -0.0000000 -0.1414200
v 1.1060650 -0.0000000 -0.1060650
v 1.1385850 -0.0000000 -0.0574050
v 1.1847800 -0.0000000 -0.0765400
v 1.1847800 -0.0000000 -0.0765400
v 1.1385850 -0.0000000 -0.0574050
v 1.1500000 -0.0000000 0.0000000
v 1.2000000 -0.0000000 0.0000000
v 1.2000000 -0.0000000 0.0000000
v 1.1500000 -0.0000000 0.0000000
v 1.1385850 -0.0000000 0.0574050
v 1.1847800 -0.0000000 0.0765400
v 1.1847800 -0.0000000 0.0765400
v 1.1385850 -0.0000000 0.0574050
v 1.1060650 -0.0000000 0.1060650
v 1.1414200 -0.0000000 0.1414200
v 1.1414200 -0.0000000 0.1414200
v 1.1060650 -0.0000000 0.1060650
v 1.0574050 -0.0000000 0.1385850
v 1.0765400 -0.0000000 0.1847800
v 1.0765400 -0.0000000 0.1847800
v 1.0574050 -0.0000000 0.1385850
v 1.0000000 -0.0000000 0.1500000
v 1.0000000 -0.0000000 0.2000000
v -1.0000000 -0.0000000 0.2000000
v -1.0000000 -0.0000000 0.1500000
v -1.0574050 -0.0000000 0.1385850
v -1.0765400 -0.0000000 0.1847800
v -1.0765400 -0.0000000 0.1847800
v -1.0574050 -0.0000000 0.1385850
v -1.1060650 -0.0000000 0.1060650
v -1.1414200 -0.0000000 0.1414200
v -1.1414200 -0.0000000 0.1414200
v -1.1060650 -0.0000000 0.1060650
v -1.1385850 -0.0000000 0.0574050
v -1.1847800 -0.0000000 0.0765400
v -1.1847800 -0.0000000 0.0765400
v -1.1385850 -0.0000000 0.0574050
v -1.1500000 -0.0000000 0.0000000
v -1.2000000 -0.0000000 0.0000000
v -1.2000000 -0.0000000 0.0000000
v -1.1500000 -0.0000000 0.0000000
v -1.1385850 -0.0000000 -0.0574050
v -1.1847800 -0.0000000 -0.0765400
v -1.1847800 -0.0000000 -0.0765400
v -1.1385850 -0.0000000 -0.0574050
v -1.1060650 -0.0000000 -0.1060650
v -1.1414200 -0.0000000 -0.1414200
v -1.1414200 -0.0000000 -0.1414200
v -1.1060650 -0.0000000 -0.1060650
v -1.0574050 -0.0000000 -0.1385850
v -1.0765400 -0.0000000 -0.1847800
v -1.0765400 -0.0000000 -0.1847800
v -1.0574050 -0.0000000 -0.1385850
v -1.0000000 -0.0000000 -0.1500000
v -1.0000000 -0.0000000 -0.2000000
v -1.0000000 -0.0000000 -0.2000000
v -1.0000000 -0.0000000 -0.1500000
v -0.9425950 -0.0000000 -0.1385850
v -0.9234600 -0.0000000 -0.1847800
v -0.9234600 -0.0000000 -0.1847800
v -0.9425950 -0.0000000 -0.1385850
v -0.8939350 -0.0000000 -0.1060650
v -0.8585800 -0.0000000 -0.1414200
v -0.8585800 -0.0000000 -0.1414200
v -0.8939350 -0.0000000 -0.1060650
v -0.8614150 -0.0000000 -0.0574050
v -0.8152200 -0.0000000 -0.0765400
v -0.8152200 -0.0000000 -0.0765400
v -0.8614150 -0.0000000 -0.0574050
v -0.8500000 -0.0000000 0.0000000
v -0.8000000 -0.0000000 0.0000000
v -0.8000000 -0.0000000 0.0000000
v -0.8500000 -0.0000000 0.0000000
v -0.8614150 -0.0000000 0.0574050
v -0.8152200 -0.0000000 0.0765400
v -0.8152200 -0.0000000 0.0765400
v -0.8614150 -0.0000000 0.0574050
v -0.8939350 -0.0000000 0.1060650
v -0.8585800 -0.0000000 0.1414200
v -0.8585800 -0.0000000 0.1414200
v -0.8939350 -0.0000000 0.1060650
v -0.9425950 -0.0000000 0.1385850
v -0.9234600 -0.0000000 0.1847800
v -0.9234600 -0.0000000 0.1847800
v -0.9425950 -0.0000000 0.1385850
v -1.0000000 -0.0000000 0.1500000
v -1.0000000 -0.0000000 0.2000000
v 0.0000000 -0.0000000 -1.3000000
v 0.0000000 -0.0000000 -1.3500000
v -0.0574050 -0.0000000 -1.3614150
v -0.0765400 -0.0000000 -1.3152200
v -0.0765400 -0.0000000 -1.3152200
v -0.0574050 -0.0000000 -1.3614150
v -0.1060650 -0.0000000 -1.3939350
v -0.1414200 -0.0000000 -1.3585800
v -0.1414200 -0.0000000 -1.3585800
v -0.1060650 -0.0000000 -1.3939350
v -0.1385850 -0.0000000 -1.4425950
v -0.1847800 -0.0000000 -1.4234600
v -0.1847800 -0.0000000 -1.4234600
v -0.1385850 -0.0000000 -1.4425950
v -0.1500000 -0.0000000 -1.5000000
v -0.2000000 -0.0000000 -1.5000000
v -0.2000000 -0.0000000 -1.5000000
v -0.1500000 -0.0000000 -1.5000000
v -0.1385850 -0.0000000 -1.5574050
v -0.1847800 -0.0000000 -1.5765400
v -0.1847800 -0.0000000 -1.5765400
v -0.1385850 -0.0000000 -1.5574050
v -0.1060650 -0.0000000 -1.6060650
v -0.1414200 -0.0000000 -1.6414200
v -0.1414200 -0.0000000 -1.6414200
v -0.1060650 -0.0000000 -1.6060650
v -0.0574050 -0.0000000 -1.6385850
v -0.0765400 -0.0000000 -1.6847800
v -0.0765400 -0.0000000 -1.6847800
v -0.0574050 -0.0000000 -1.6385850
v 0.0000000 -0.0000000 -1.6500000
v 0.0000000 -0.0000000 -1.7000000
v 0.0000000 -0.0000000 -1.7000000
v 0.0000000 -0.0000000 -1.6500000
v 0.0574050 -0.0000000 -1.6385850
v 0.0765400 -0.0000000 -1.6847800
v 0.0765400 -0.0000000 -1.6847800
v 0.0574050 -0.0000000 -1.6385850
v 0.1060650 -0.0000000 -1.6060650
v 0.1414200 -0.0000000 -1.6414200
v 0.1414200 -0.0000000 -1.6414200
v 0.1060650 -0.0000000 -1.6060650
v 0.1385850 -0.0000000 -1.5574050
v 0.1847800 -0.0000000 -1.5765400
v 0.1847800 -0.0000000 -1.5765400
v 0.1385850 -0.0000000 -1.5574050
v 0.1500000 -0.0000000 -1.5000000
v 0.2000000 -0.0000000 -1.5000000
v 0.2000000 -0.0000000 -1.5000000
v 0.1500000 -0.0000000 -1.5000000
v 0.1385850 -0.0000000 -1.4425950
v 0.1847800 -0.0000000 -1.4234600
v 0.1847800 -0.0000000 -1.4234600
v 0.1385850 -0.0000000 -1.4425950
v 0.1060650 -0.0000000 -1.3939350
v 0.1414200 -0.0000000 -1.3585800
v 0.1414200 -0.0000000 -1.3585800
v 0.1060650 -0.0000000 -1.3939350
v 0.0574050 -0.0000000 -1.3614150
v 0.0765400 -0.0000000 -1.3152200
v 0.0765400 -0.0000000 -1.3152200
v 0.0574050 -0.0000000 -1.3614150
v 0.0000000 -0.0000000 -1.3500000
v 0.0000000 -0.0000000 -1.3000000
v 1.1000000 -0.0000000 1.0000000
v 1.0923900 -0.0000000 1.0382700
v 1.0923900 0.1000000 1.0382700
v 1.1000000 0.1000000 1.0000000
v 1.0923900 -0.0000000 1.0382700
v 1.0707100 -0.0000000 1.0707100
v 1.0707100 0.1000000 1.0707100
v 1.0923900 0.1000000 1.0382700
v 1.0707100 -0.0000000 1.0707100
v 1.0382700 -0.0000000 1.0923900
v 1.0382700 0.1000000 1.0923900
v 1.0707100 0.1000000 1.0707100
v 1.0382700 -0.0000000 1.0923900
v 1.0000000 -0.0000000 1.1000000
v 1.0000000 0.1000000 1.1000000
v 1.0382700 0.1000000 1.0923900
v 1.0000000 -0.0000000 1.1000000
v 0.9617300 -0.0000000 1.0923900
v 0.9617300 0.1000000 1.0923900
v 1.0000000 0.1000000 1.1000000
v 0.9617300 -0.0000000 1.0923900
v 0.9292900 -0.0000000 1.0707100
v 0.9292900 0.1000000 1.0707100
v 0.9617300 0.1000000 1.0923900
v 0.9292900 -0.0000000 1.0707100
v 0.9076100 -0.0000000 1.0382700
v 0.9076100 0.1000000 1.0382700
v 0.9292900 0.1000000 1.0707100
v 0.9076100 -0.0000000 1.0382700
v 0.9000000 -0.0000000 1.0000000
v 0.9000000 0.1000000 1.0000000
v 0.9076100 0.1000000 1.0382700
v 0.9000000 -0.0000000 1.0000000
v 0.9076100 -0.0000000 0.9617300
v 0.9076100 0.1000000 0.9617300
v 0.9000000 0.1000000 1.0000000
v 0.9076100 -0.0000000 0.9617300
v 0.9292900 -0.0000000 0.9292900
v 0.9292900 0.1000000 0.9292900
v 0.9076100 0.1000000 0.9617300
v 0.9292900 -0.0000000 0.9292900
v 0.9617300 -0.0000000 0.9076100
v 0.9617300 0.1000000 0.9076100
v 0.9292900 0.1000000 0.9292900
v 0.9617300 -0.0000000 0.9076100
v 1.0000000 -0.0000000 0.9000000
v 1.0000000 0.1000000 0.9000000
v 0.9617300 0.1000000 0.9076100
v 1.0000000 -0.0000000 0.9000000
v 1.0382700 -0.0000000 0.9076100
v 1.0382700 0.1000000 0.9076100
v 1.0000000 0.1000000 0.9000000
v 1.0382700 -0.0000000 0.9076100
v 1.0707100 -0.0000000 0.9292900
v 1.0707100 0.1000000 0.9292900
v 1.0382700 0.1000000 0.9076100
v 1.0707100 -0.0000000 0.9292900
v 1.0923900 -0.0000000 0.9617300
v 1.0923900 0.1000000 0.9617300
v 1.0707100 0.1000000 0.9292900
v 1.0923900 -0.0000000 0.9617300
v 1.1000000 -0.0000000 1.0000000
v 1.1000000 0.1000000 1.0000000
v 1.0923900 0.1000000 0.9617300
v 1.1500000 0.1000000 1.0000000
v 1.1385850 0.1000000 1.0574050
v 1.1385850 -0.0000000 1.0574050
v 1.1500000 -0.0000000 1.0000000
v 1.1385850 0.1000000 1.0574050
v 1.1060650 0.1000000 1.1060650
v 1.1060650 -0.0000000 1.1060650
v 1.1385850 -0.0000000 1.0574050
v 1.1060650 0.1000000 1.1060650
v 1.0574050 0.1000000 1.1385850
v 1.0574050 -0.0000000 1.1385850
v 1.1060650 -0.0000000 1.1060650
v 1.0574050 0.1000000 1.1385850
v 1.0000000 0.1000000 1.1500000
v 1.0000000 -0.0000000 1.1500000
v 1.0574050 -0.0000000 1.1385850
v 1.0000000 0.1000000 1.1500000
v 0.9425950 0.1000000 1.1385850
v 0.9425950 -0.0000000 1.1385850
v 1.0000000 -0.0000000 1.1500000
v 0.9425950 0.1000000 1.1385850
v 0.8939350 0.1000000 1.1060650
v 0.8939350 -0.0000000 1.1060650
v 0.9425950 -0.0000000 1.1385850
v 0.8939350 0.1000000 1.1060650
v 0.8614150 0.1000000 1.0574050
v 0.8614150 -0.0000000 1.0574050
v 0.8939350 -0.0000000 1.1060650
v 0.8614150 0.1000000 1.0574050
v 0.8500000 0.1000000 1.0000000
v 0.8500000 -0.0000000 1.0000000
v 0.8614150 -0.0000000 1.0574050
v 0.8500000 0.1000000 1.0000000
v 0.8614150 0.1000000 0.9425950
v 0.8614150 -0.0000000 0.9425950
v 0.8500000 -0.0000000 1.0000000
v 0.8614150 0.1000000 0.9425950
v 0.8939350 0.1000000 0.8939350
v 0.8939350 -0.0000000 0.8939350
v 0.8614150 -0.0000000 0.9425950
v 0.8939350 0.1000000 0.8939350
v 0.9425950 0.1000000 0.8614150
v 0.9425950 -0.0000000 0.8614150
v 0.8939350 -0.0000000 0.8939350
v 0.9425950 0.1000000 0.8614150
v 1.0000000 0.1000000 0.8500000
v 1.0000000 -0.0000000 0.8500000
v 0.9425950 -0.0000000 0.8614150
v 1.0000000 0.1000000 0.8500000
v 1.0574050 0.1000000 0.8614150
v 1.0574050 -0.0000000 0.8614150
v 1.0000000 -0.0000000 0.8500000
v 1.0574050 0.1000000 0.8614150
v 1.1060650 0.1000000 0.8939350
v 1.1060650 -0.0000000 0.8939350
v 1.0574050 -0.0000000 0.8614150
v 1.1060650 0.1000000 0.8939350
v 1.1385850 0.1000000 0.9425950
v 1.1385850 -0.0000000 0.9425950
v 1.1060650 -0.0000000 0.8939350
v 1.1385850 0.1000000 0.9425950
v 1.1500000 0.1000000 1.0000000
v 1.1500000 -0.0000000 1.0000000
v 1.1385850 -0.0000000 0.9425950
v 1.0000000 0.1000000 1.1500000
v 1.0000000 0.1000000 1.1000000
v 0.9617300 0.1000000 1.0923900
v 0.9425950 0.1000000 1.1385850
v 0.9425950 0.1000000 1.1385850
v 0.9617300 0.1000000 1.0923900
v 0.9292900 0.1000000 1.0707100
v 0.8939350 0.1000000 1.1060650
v 0.8939350 0.1000000 1.1060650
v 0.9292900 0.1000000 1.0707100
v 0.9076100 0.1000000 1.0382700
v 0.8614150 0.1000000 1.0574050
v 0.8614150 0.1000000 1.0574050
v 0.9076100 0.1000000 1.0382700
v 0.9000000 0.1000000 1.0000000
v 0.8500000 0.1000000 1.0000000
v 0.8500000 0.1000000 1.0000000
v 0.9000000 0.1000000 1.0000000
v 0.9076100 0.1000000 0.9617300
v 0.8614150 0.1000000 0.9425950
v 0.8614150 0.1000000 0.9425950
v 0.9076100 0.1000000 0.9617300
v 0.9292900 0.1000000 0.9292900
v 0.8939350 0.1000000 0.8939350
v 0.8939350 0.1000000 0.8939350
v 0.9292900 0.1000000 0.9292900
v 0.9617300 0.1000000 0.9076100
v 0.9425950 0.1000000 0.8614150
v 0.9425950 0.1000000 0.8614150
v 0.9617300 0.1000000 0.9076100
v 1.0000000 0.1000000 0.9000000
v 1.0000000 0.1000000 0.8500000
v 1.0000000 0.1000000 0.8500000
v 1.0000000 0.1000000 0.9000000
v 1.0382700 0.1000000 0.9076100
v 1.0574050 0.1000000 0.8614150
v 1.0574050 0.1000000 0.8614150
v 1.0382700 0.1000000 0.9076100
v 1.0707100 0.1000000 0.9292900
v 1.1060650 0.1000000 0.8939350
v 1.1060650 0.1000000 0.8939350
v 1.0707100 0.1000000 0.9292900
v 1.0923900 0.1000000 0.9617300
v 1.1385850 0.1000000 0.9425950
v 1.1385850 0.1000000 0.9425950
v 1.0923900 0.1000000 0.9617300
v 1.1000000 0.1000000 1.0000000
v 1.1500000 0.1000000 1.0000000
v 1.1500000 0.1000000 1.0000000
v 1.1000000 0.1000000 1.0000000
v 1.0923900 0.1000000 1.0382700
v 1.1385850 0.1000000 1.0574050
v 1.1385850 0.1000000 1.0574050
v 1.0923900 0.1000000 1.0382700
v 1.0707100 0.1000000 1.0707100
v 1.1060650 0.1000000 1.1060650
v 1.1060650 0.1000000 1.1060650
v 1.0707100 0.1000000 1.0707100
v 1.0382700 0.1000000 1.0923900
v 1.0574050 0.1000000 1.1385850
v 1.0574050 0.1000000 1.1385850
v 1.0382700 0.1000000 1.0923900
v 1.0000000 0.1000000 1.1000000
v 1.0000000 0.1000000 1.1500000
v 0.6000000 -0.0000000 1.0000000
v 0.5923900 -0.0000000 1.0382700
v 0.5923900 0.1000000 1.0382700
v 0.6000000 0.1000000 1.0000000
v 0.5923900 -0.0000000 1.0382700
v 0.5707100 -0.0000000 1.0707100
v 0.5707100 0.1000000 1.0707100
v 0.5923900 0.1000000 1.0382700
v 0.5707100 -0.0000000 1.0707100
v 0.5382700 -0.0000000 1.0923900
v 0.5382700 0.1000000 1.0923900
v 0.5707100 0.1000000 1.0707100
v 0.5382700 -0.0000000 1.0923900
v 0.5000000 -0.0000000 1.1000000
v 0.5000000 0.1000000 1.1000000
v 0.5382700 0.1000000 1.0923900
v 0.5000000 -0.0000000 1.1000000
v 0.4617300 -0.0000000 1.0923900
v 0.4617300 0.1000000 1.0923900
v 0.5000000 0.1000000 1.1000000
v 0.4617300 -0.0000000 1.0923900
v 0.4292900 -0.0000000 1.0707100
v 0.4292900 0.1000000 1.0707100
v 0.4617300 0.1000000 1.0923900
v 0.4292900 -0.0000000 1.0707100
v 0.4076100 -0.0000000 1.0382700
v 0.4076100 0.1000000 1.0382700
v 0.4292900 0.1000000 1.0707100
v 0.4076100 -0.0000000 1.0382700
v 0.4000000 -0.0000000 1.0000000
v 0.4000000 0.1000000 1.0000000
v 0.4076100 0.1000000 1.0382700
v 0.4000000 -0.0000000 1.0000000
v 0.4076100 -0.0000000 0.9617300
v 0.4076100 0.1000000 0.9617300
v 0.4000000 0.1000000 1.0000000
v 0.4076100 -0.0000000 0.9617300
v 0.4292900 -0.0000000 0.9292900
v 0.4292900 0.1000000 0.9292900
v 0.4076100 0.1000000 0.9617300
v 0.4292900 -0.0000000 0.9292900
v 0.4617300 -0.0000000 0.9076100
v 0.4617300 0.1000000 0.9076100
v 0.4292900 0.1000000 0.9292900
v 0.4617300 -0.0000000 0.9076100
v 0.5000000 -0.0000000 0.9000000
v 0.5000000 0.1000000 0.9000000
v 0.4617300 0.1000000 0.9076100
v 0.5000000 -0.0000000 0.9000000
v 0.5382700 -0.0000000 0.9076100
v 0.5382700 0.1000000 0.9076100
v 0.5000000 0.1000000 0.9000000
v 0.5382700 -0.0000000 0.9076100
v 0.5707100 -0.0000000 0.9292900
v 0.5707100 0.1000000 0.9292900
v 0.5382700 0.1000000 0.9076100
v 0.5707100 -0.0000000 0.9292900
v 0.5923900 -0.0000000 0.9617300
v 0.5923900 0.1000000 0.9617300
v 0.5707100 0.1000000 0.9292900
v 0.5923900 -0.0000000 0.9617300
v 0.6000000 -0.0000000 1.0000000
v 0.6000000 0.1000000 1.0000000
v 0.5923900 0.1000000 0.9617300
v 0.6500000 0.1000000 1.0000000
v 0.6385850 0.1000000 1.0574050
v 0.6385850 -0.0000000 1.0574050
v 0.6500000 -0.0000000 1.0000000
v 0.6385850 0.1000000 1.0574050
v 0.6060650 0.1000000 1.1060650
v 0.6060650 -0.0000000 1.1060650
v 0.6385850 -0.0000000 1.0574050
v 0.6060650 0.1000000 1.1060650
v 0.5574050 0.1000000 1.1385850
v 0.5574050 -0.0000000 1.1385850
v 0.6060650 -0.0000000 1.1060650
v 0.5574050 0.1000000 1.1385850
v 0.5000000 0.1000000 1.1500000
v 0.5000000 -0.0000000 1.1500000
v 0.5574050 -0.0000000 1.1385850
v 0.5000000 0.1000000 1.1500000
v 0.4425950 0.1000000 1.1385850
v 0.4425950 -0.0000000 1.1385850
v 0.5000000 -0.0000000 1.1500000
v 0.4425950 0.1000000 1.1385850
v 0.3939350 0.1000000 1.1060650
v 0.3939350 -0.0000000 1.1060650
v 0.4425950 -0.0000000 1.1385850
v 0.3939350 0.1000000 1.1060650
v 0.3614150 0.1000000 1.0574050
v 0.3614150 -0.0000000 1.0574050
v 0.3939350 -0.0000000 1.1060650
v 0.3614150 0.1000000 1.0574050
v 0.3500000 0.1000000 1.0000000
v 0.3500000 -0.0000000 1.0000000
v 0.3614150 -0.0000000 1.0574050
v 0.3500000 0.1000000 1.0000000
v 0.3614150 0.1000000 0.9425950
v 0.3614150 -0.0000000 0.9425950
v 0.3500000 -0.0000000 1.0000000
v 0.3614150 0.1000000 0.9425950
v 0.3939350 0.1000000 0.8939350
v 0.3939350 -0.0000000 0.8939350
v 0.3614150 -0.0000000 0.9425950
v 0.3939350 0.1000000 0.8939350
v 0.4425950 0.1000000 0.8614150
v 0.4425950 -0.0000000 0.8614150
v 0.3939350 -0.0000000 0.8939350
v 0.4425950 0.1000000 0.8614150
v 0.5000000 0.1000000 0.8500000
v 0.5000000 -0.0000000 0.8500000
v 0.4425950 -0.0000000 0.8614150
v 0.5000000 0.1000000 0.8500000
v 0.5574050 0.1000000 0.8614150
v 0.5574050 -0.0000000 0.8614150
v 0.5000000 -0.0000000 0.8500000
v 0.5574050 0.1000000 0.8614150
v 0.6060650 0.1000000 0.8939350
v 0.6060650 -0.0000000 0.8939350
v 0.5574050 -0.0000000 0.8614150
v 0.6060650 0.1000000 0.8939350
v 0.6385850 0.1000000 0.9425950
v 0.6385850 -0.0000000 0.9425950
v 0.6060650 -0.0000000 0.8939350
v 0.6385850 0.1000000 0.9425950
v 0.6500000 0.1000000 1.0000000
v 0.6500000 -0.0000000 1.0000000
v 0.6385850 -0.0000000 0.9425950
v 0.5000000 0.1000000 1.1500000
v 0.5000000 0.1000000 1.1000000
v 0.4617300 0.1000000 1.0923900
v 0.4425950 0.1000000 1.1385850
v 0.4425950 0.1000000 1.1385850
v 0.4617300 0.1000000 1.0923900
v 0.4292900 0.1000000 1.0707100
v 0.3939350 0.1000000 1.1060650
v 0.3939350 0.1000000 1.1060650
v 0.4292900 0.1000000 1.0707100
v 0.4076100 0.1000000 1.0382700
v 0.3614150 0.1000000 1.0574050
v 0.3614150 0.1000000 1.0574050
v 0.4076100 0.1000000 1.0382700
v 0.4000000 0.1000000 1.0000000
v 0.3500000 0.1000000 1.0000000
v 0.3500000 0.1000000 1.0000000
v 0.4000000 0.1000000 1.0000000
v 0.4076100 0.1000000 0.9617300
v 0.3614150 0.1000000 0.9425950
v 0.3614150 0.1000000 0.9425950
v 0.4076100 0.1000000 0.9617300
v 0.4292900 0.1000000 0.9292900
v 0.3939350 0.1000000 0.8939350
v 0.3939350 0.1000000 0.8939350
v 0.4292900 0.1000000 0.9292900
v 0.4617300 0.1000000 0.9076100
v 0.4425950 0.1000000 0.8614150
v 0.4425950 0.1000000 0.8614150
v 0.4617300 0.1000000 0.9076100
v 0.5000000 0.1000000 0.9000000
v 0.5000000 0.1000000 0.8500000
v 0.5000000 0.1000000 0.8500000
v 0.5000000 0.1000000 0.9000000
v 0.5382700 0.1000000 0.9076100
v 0.5574050 0.1000000 0.8614150
v 0.5574050 0.1000000 0.8614150
v 0.5382700 0.1000000 0.9076100
v 0.5707100 0.1000000 0.9292900
v 0.6060650 0.1000000 0.8939350
v 0.6060650 0.1000000 0.8939350
v 0.5707100 0.1000000 0.9292900
v 0.5923900 0.1000000 0.9617300
v 0.6385850 0.1000000 0.9425950
v 0.6385850 0.1000000 0.9425950
v 0.5923900 0.1000000 0.9617300
v 0.6000000 0.1000000 1.0000000
v 0.6500000 0.1000000 1.0000000
v 0.6500000 0.1000000 1.0000000
v 0.6000000 0.1000000 1.0000000
v 0.5923900 0.1000000 1.0382700
v 0.6385850 0.1000000 1.0574050
v 0.6385850 0.1000000 1.0574050
v 0.5923900 0.1000000 1.0382700
v 0.5707100 0.1000000 1.0707100
v 0.6060650 0.1000000 1.1060650
v 0.6060650 0.1000000 1.1060650
v 0.5707100 0.1000000 1.0707100
v 0.5382700 0.1000000 1.0923900
v 0.5574050 0.1000000 1.1385850
v 0.5574050 0.1000000 1.1385850
v 0.5382700 0.1000000 1.0923900
v 0.5000000 0.1000000 1.1000000
v 0.5000000 0.1000000 1.1500000
v -0.4000000 -0.0000000 1.0000000
v -0.4076100 -0.0000000 1.0382700
v -0.4076100 0.1000000 1.0382700
v -0.4000000 0.1000000 1.0000000
v -0.4076100 -0.0000000 1.0382700
v -0.4292900 -0.0000000 1.0707100
v -0.4292900 0.1000000 1.0707100
v -0.4076100 0.1000000 1.0382700
v -0.4292900 -0.0000000 1.0707100
v -0.4617300 -0.0000000 1.0923900
v -0.4617300 0.1000000 1.0923900
v -0.4292900 0.1000000 1.0707100
v -0.4617300 -0.0000000 1.0923900
v -0.5000000 -0.0000000 1.1000000
v -0.5000000 0.1000000 1.1000000
v -0.4617300 0.1000000 1.0923900
v -0.5000000 -0.0000000 1.1000000
v -0.5382700 -0.0000000 1.0923900
v -0.5382700 0.1000000 1.0923900
v -0.5000000 0.1000000 1.1000000
v -0.5382700 -0.0000000 1.0923900
v -0.5707100 -0.0000000 1.0707100
v -0.5707100 0.1000000 1.0707100
v -0.5382700 0.1000000 1.0923900
v -0.5707100 -0.0000000 1.0707100
v -0.5923900 -0.0000000 1.0382700
v -0.5923900 0.1000000 1.0382700
v -0.5707100 0.1000000 1.0707100
v -0.5923900 -0.0000000 1.0382700
v -0.6000000 -0.0000000 1.0000000
v -0.6000000 0.1000000 1.0000000
v -0.5923900 0.1000000 1.0382700
v -0.6000000 -0.0000000 1.0000000
v -0.5923900 -0.0000000 0.9617300
v -0.5923900 0.1000000 0.9617300
v -0.6000000 0.1000000 1.0000000
v -0.5923900 -0.0000000 0.9617300
v -0.5707100 -0.0000000 0.9292900
v -0.5707100 0.1000000 0.9292900
v -0.5923900 0.1000000 0.9617300
v -0.5707100 -0.0000000 0.9292900
v -0.5382700 -0.0000000 0.9076100
v -0.5382700 0.1000000 0.9076100
v -0.5707100 0.1000000 0.9292900
v -0.5382700 -0.0000000 0.9076100
v -0.5000000 -0.0000000 0.9000000
v -0.5000000 0.1000000 0.9000000
v -0.5382700 0.1000000 0.9076100
v -0.5000000 -0.0000000 0.9000000
v -0.4617300 -0.0000000 0.9076100
v -0.4617300 0.1000000 0.9076100
v -0.5000000 0.1000000 0.9000000
v -0.4617300 -0.0000000 0.9076100
v -0.4292900 -0.0000000 0.9292900
v -0.4292900 0.1000000 0.9292900
v -0.4617300 0.1000000 0.9076100
v -0.4292900 -0.0000000 0.9292900
v -0.4076100 -0.0000000 0.9617300
v -0.4076100 0.1000000 0.9617300
v -0.4292900 0.1000000 0.9292900
v -0.4076100 -0.0000000 0.9617300
v -0.4000000 -0.0000000 1.0000000
v -0.4000000 0.1000000 1.0000000
v -0.4076100 0.1000000 0.9617300
v -0.3500000 0.1000000 1.0000000
v -0.3614150 0.1000000 1.0574050
v -0.3614150 -0.0000000 1.0574050
v -0.3500000 -0.0000000 1.0000000
v -0.3614150 0.1000000 1.0574050
v -0.3939350 0.1000000 1.1060650
v -0.3939350 -0.0000000 1.1060650
v -0.3614150 -0.0000000 1.0574050
v -0.3939350 0.1000000 1.1060650
v -0.4425950 0.1000000 1.1385850
v -0.4425950 -0.0000000 1.1385850
v -0.3939350 -0.0000000 1.1060650
v -0.4425950 0.1000000 1.1385850
v -0.5000000 0.1000000 1.1500000
v -0.5000000 -0.0000000 1.1500000
v -0.4425950 -0.0000000 1.1385850
v -0.5000000 0.1000000 1.1500000
v -0.5574050 0.1000000 1.1385850
v -0.5574050 -0.0000000 1.1385850
v -0.5000000 -0.0000000 1.1500000
v -0.5574050 0.1000000 1.1385850
v -0.6060650 0.1000000 1.1060650
v -0.6060650 -0.0000000 1.1060650
v -0.5574050 -0.0000000 1.1385850
v -0.6060650 0.1000000 1.1060650
v -0.6385850 0.1000000 1.0574050
v -0.6385850 -0.0000000 1.0574050
v -0.6060650 -0.0000000 1.1060650
v -0.6385850 0.1000000 1.0574050
v -0.6500000 0.1000000 1.0000000
v -0.6500000 -0.0000000 1.0000000
v -0.6385850 -0.0000000 1.0574050
v -0.6500000 0.1000000 1.0000000
v -0.6385850 0.1000000 0.9425950
v -0.6385850 -0.0000000 0.9425950
v -0.6500000 -0.0000000 1.0000000
v -0.6385850 0.1000000 0.9425950
v -0.6060650 0.1000000 0.8939350
v -0.6060650 -0.0000000 0.8939350
v -0.6385850 -0.0000000 0.9425950
v -0.6060650 0.1000000 0.8939350
v -0.5574050 0.1000000 0.8614150
v -0.5574050 -0.0000000 0.8614150
v -0.6060650 -0.0000000 0.8939350
v -0.5574050 0.1000000 0.8614150
v -0.5000000 0.1000000 0.8500000
v -0.5000000 -0.0000000 0.8500000
v -0.5574050 -0.0000000 0.8614150
v -0.5000000 0.1000000 0.8500000
v -0.4425950 0.1000000 0.8614150
v -0.4425950 -0.0000000 0.8614150
v -0.5000000 -0.0000000 0.8500000
v -0.4425950 0.1000000 0.8614150
v -0.3939350 0.1000000 0.8939350
v -0.3939350 -0.0000000 0.8939350
v -0.4425950 -0.0000000 0.8614150
v -0.3939350 0.1000000 0.8939350
v -0.3614150 0.1000000 0.9425950
v -0.3614150 -0.0000000 0.9425950
v -0.3939350 -0.0000000 0.8939350
v -0.3614150 0.1000000 0.9425950
v -0.3500000 0.1000000 1.0000000
v -0.3500000 -0.0000000 1.0000000
v -0.3614150 -0.0000000 0.9425950
v -0.5000000 0.1000000 1.1500000
v -0.5000000 0.1000000 1.1000000
v -0.5382700 0.1000000 1.0923900
v -0.5574050 0.1000000 1.1385850
v -0.5574050 0.1000000 1.1385850
v -0.5382700 0.1000000 1.0923900
v -0.5707100 0.1000000 1.0707100
v -0.6060650 0.1000000 1.1060650
v -0.6060650 0.1000000 1.1060650
v -0.5707100 0.1000000 1.0707100
v -0.5923900 0.1000000 1.0382700
v -0.6385850 0.1000000 1.0574050
v -0.6385850 0.1000000 1.0574050
v -0.5923900 0.1000000 1.0382700
v -0.6000000 0.1000000 1.0000000
v -0.6500000 0.1000000 1.0000000
v -0.6500000 0.1000000 1.0000000
v -0.6000000 0.1000000 1.0000000
v -0.5923900 0.1000000 0.9617300
v -0.6385850 0.1000000 0.9425950
v -0.6385850 0.1000000 0.9425950
v -0.5923900 0.1000000 0.9617300
v -0.5707100 0.1000000 0.9292900
v -0.6060650 0.1000000 0.8939350
v -0.6060650 0.1000000 0.8939350
v -0.5707100 0.1000000 0.9292900
v -0.5382700 0.1000000 0.9076100
v -0.5574050 0.1000000 0.8614150
v -0.5574050 0.1000000 0.8614150
v -0.5382700 0.1000000 0.9076100
v -0.5000000 0.1000000 0.9000000
v -0.5000000 0.1000000 0.8500000
v -0.5000000 0.1000000 0.8500000
v -0.5000000 0.1000000 0.9000000
v -0.4617300 0.1000000 0.9076100
v -0.4425950 0.1000000 0.8614150
v -0.4425950 0.1000000 0.8614150
v -0.4617300 0.1000000 0.9076100
v -0.4292900 0.1000000 0.9292900
v -0.3939350 0.1000000 0.8939350
v -0.3939350 0.1000000 0.8939350
v -0.4292900 0.1000000 0.9292900
v -0.4076100 0.1000000 0.9617300
v -0.3614150 0.1000000 0.9425950
v -0.3614150 0.1000000 0.9425950
v -0.4076100 0.1000000 0.9617300
v -0.4000000 0.1000000 1.0000000
v -0.3500000 0.1000000 1.0000000
v -0.3500000 0.1000000 1.0000000
v -0.4000000 0.1000000 1.0000000
v -0.4076100 0.1000000 1.0382700
v -0.3614150 0.1000000 1.0574050
v -0.3614150 0.1000000 1.0574050
v -0.4076100 0.1000000 1.0382700
v -0.4292900 0.1000000 1.0707100
v -0.3939350 0.1000000 1.1060650
v -0.3939350 0.1000000 1.1060650
v -0.4292900 0.1000000 1.0707100
v -0.4617300 0.1000000 1.0923900
v -0.4425950 0.1000000 1.1385850
v -0.4425950 0.1000000 1.1385850
v -0.4617300 0.1000000 1.0923900
v -0.5000000 0.1000000 1.1000000
v -0.5000000 0.1000000 1.1500000
v -0.9000000 -0.0000000 1.0000000
v -0.9076100 -0.0000000 1.0382700
v -0.9076100 0.1000000 1.0382700
v -0.9000000 0.1000000 1.0000000
v -0.9076100 -0.0000000 1.0382700
v -0.9292900 -0.0000000 1.0707100
v -0.9292900 0.1000000 1.0707100
v -0.9076100 0.1000000 1.0382700
v -0.9292900 -0.0000000 1.0707100
v -0.9617300 -0.0000000 1.0923900
v -0.9617300 0.1000000 1.0923900
v -0.9292900 0.1000000 1.0707100
v -0.9617300 -0.0000000 1.0923900
v -1.0000000 -0.0000000 1.1000000
v -1.0000000 0.1000000 1.1000000
v -0.9617300 0.1000000 1.0923900
v -1.0000000 -0.0000000 1.1000000
v -1.0382700 -0.0000000 1.0923900
v -1.0382700 0.1000000 1.0923900
v -1.0000000 0.1000000 1.1000000
v -1.0382700 -0.0000000 1.0923900
v -1.0707100 -0.0000000 1.0707100
v -1.0707100 0.1000000 1.0707100
v -1.0382700 0.1000000 1.0923900
v -1.0707100 -0.0000000 1.0707100
v -1.0923900 -0.0000000 1.0382700
v -1.0923900 0.1000000 1.0382700
v -1.0707100 0.1000000 1.0707100
v -1.0923900 -0.0000000 1.0382700
v -1.1000000 -0.0000000 1.0000000
v -1.1000000 0.1000000 1.0000000
v -1.0923900 0.1000000 1.0382700
v -1.1000000 -0.0000000 1.0000000
v -1.0923900 -0.0000000 0.9617300
v -1.0923900 0.1000000 0.9617300
v -1.1000000 0.1000000 1.0000000
v -1.0923900 -0.0000000 0.9617300
v -1.0707100 -0.0000000 0.9292900
v -1.0707100 0.1000000 0.9292900
v -1.0923900 0.1000000 0.9617300
v -1.0707100 -0.0000000 0.9292900
v -1.0382700 -0.0000000 0.9076100
v -1.0382700 0.1000000 0.9076100
v -1.0707100 0.1000000 0.9292900
v -1.0382700 -0.0000000 0.9076100
v -1.0000000 -0.0000000 0.9000000
v -1.0000000 0.1000000 0.9000000
v -1.0382700 0.1000000 0.9076100
v -1.0000000 -0.0000000 0.9000000
v -0.9617300 -0.0000000 0.9076100
v -0.9617300 0.1000000 0.9076100
v -1.0000000 0.1000000 0.9000000
v -0.9617300 -0.0000000 0.9076100
v -0.9292900 -0.0000000 0.9292900
v -0.9292900 0.1000000 0.9292900
v -0.9617300 0.1000000 0.9076100
v -0.9292900 -0.0000000 0.9292900
v -0.9076100 -0.0000000 0.9617300
v -0.9076100 0.1000000 0.9617300
v -0.9292900 0.1000000 0.9292900
v -0.9076100 -0.0000000 0.9617300
v -0.9000000 -0.0000000 1.0000000
v -0.9000000 0.1000000 1.0000000
v -0.9076100 0.1000000 0.9617300
v -0.8500000 0.1000000 1.0000000
v -0.8614150 0.1000000 1.0574050
v -0.8614150 -0.0000000 1.0574050
v -0.8500000 -0.0000000 1.0000000
v -0.8614150 0.1000000 1.0574050
v -0.8939350 0.1000000 1.1060650
v -0.8939350 -0.0000000 1.1060650
v -0.8614150 -0.0000000 1.0574050
v -0.8939350 0.1000000 1.1060650
v -0.9425950 0.1000000 1.1385850
v -0.9425950 -0.0000000 1.1385850
v -0.8939350 -0.0000000 1.1060650
v -0.9425950 0.1000000 1.1385850
v -1.0000000 0.1000000 1.1500000
v -1.0000000 -0.0000000 1.1500000
v -0.9425950 -0.0000000 1.1385850
v -1.0000000 0.1000000 1.1500000
v -1.0574050 0.1000000 1.1385850
v -1.0574050 -0.0000000 1.1385850
v -1.0000000 -0.0000000 1.1500000
v -1.0574050 0.1000000 1.1385850
v -1.1060650 0.1000000 1.1060650
v -1.1060650 -0.0000000 1.1060650
v -1.0574050 -0.0000000 1.1385850
v -1.1060650 0.1000000 1.1060650
v -1.1385850 0.1000000 1.0574050
v -1.1385850 -0.0000000 1.0574050
v -1.1060650 -0.0000000 1.1060650
v -1.1385850 0.1000000 1.0574050
v -1.1500000 0.1000000 1.0000000
v -1.1500000 -0.0000000 1.0000000
v -1.1385850 -0.0000000 1.0574050
v -1.1500000 0.1000000 1.0000000
v -1.1385850 0.1000000 0.9425950
v -1.1385850 -0.0000000 0.9425950
v -1.1500000 -0.0000000 1.0000000
v -1.1385850 0.1000000 0.9425950
v -1.1060650 0.1000000 0.8939350
v -1.1060650 -0.0000000 0.8939350
v -1.1385850 -0.0000000 0.9425950
v -1.1060650 0.1000000 0.8939350
v -1.0574050 0.1000000 0.8614150
v -1.0574050 -0.0000000 0.8614150
v -1.1060650 -0.0000000 0.8939350
v -1.0574050 0.1000000 0.8614150
v -1.0000000 0.1000000 0.8500000
v -1.0000000 -0.0000000 0.8500000
v -1.0574050 -0.0000000 0.8614150
v -1.0000000 0.1000000 0.8500000
v -0.9425950 0.1000000 0.8614150
v -0.9425950 -0.0000000 0.8614150
v -1.0000000 -0.0000000 0.8500000
v -0.9425950 0.1000000 0.8614150
v -0.8939350 0.1000000 0.8939350
v -0.8939350 -0.0000000 0.8939350
v -0.9425950 -0.0000000 0.8614150
v -0.8939350 0.1000000 0.8939350
v -0.8614150 0.1000000 0.9425950
v -0.8614150 -0.0000000 0.9425950
v -0.8939350 -0.0000000 0.8939350
v -0.8614150 0.1000000 0.9425950
v -0.8500000 0.1000000 1.0000000
v -0.8500000 -0.0000000 1.0000000
v -0.8614150 -0.0000000 0.9425950
v -1.0000000 0.1000000 1.1500000
v -1.0000000 0.1000000 1.1000000
v -1.0382700 0.1000000 1.0923900
v -1.0574050 0.1000000 1.1385850
v -1.0574050 0.1000000 1.1385850
v -1.0382700 0.1000000 1.0923900
v -1.0707100 0.1000000 1.0707100
v -1.1060650 0.1000000 1.1060650
v -1.1060650 0.1000000 1.1060650
v -1.0707100 0.1000000 1.0707100
v -1.0923900 0.1000000 1.0382700
v -1.1385850 0.1000000 1.0574050
v -1.1385850 0.1000000 1.0574050
v -1.0923900 0.1000000 1.0382700
v -1.1000000 0.1000000 1.0000000
v -1.1500000 0.1000000 1.0000000
v -1.1500000 0.1000000 1.0000000
v -1.1000000 0.1000000 1.0000000
v -1.0923900 0.1000000 0.9617300
v -1.1385850 0.1000000 0.9425950
v -1.1385850 0.1000000 0.9425950
v -1.0923900 0.1000000 0.9617300
v -1.0707100 0.1000000 0.9292900
v -1.1060650 0.1000000 0.8939350
v -1.1060650 0.1000000 0.8939350
v -1.0707100 0.1000000 0.9292900
v -1.0382700 0.1000000 0.9076100
v -1.0574050 0.1000000 0.8614150
v -1.0574050 0.1000000 0.8614150
v -1.0382700 0.1000000 0.9076100
v -1.0000000 0.1000000 0.9000000
v -1.0000000 0.1000000 0.8500000
v -1.0000000 0.1000000 0.8500000
v -1.0000000 0.1000000 0.9000000
v -0.9617300 0.1000000 0.9076100
v -0.9425950 0.1000000 0.8614150
v -0.9425950 0.1000000 0.8614150
v -0.9617300 0.1000000 0.9076100
v -0.9292900 0.1000000 0.9292900
v -0.8939350 0.1000000 0.8939350
v -0.8939350 0.1000000 0.8939350
v -0.9292900 0.1000000 0.9292900
v -0.9076100 0.1000000 0.9617300
v -0.8614150 0.1000000 0.9425950
v -0.8614150 0.1000000 0.9425950
v -0.9076100 0.1000000 0.9617300
v -0.9000000 0.1000000 1.0000000
v -0.8500000 0.1000000 1.0000000
v -0.8500000 0.1000000 1.0000000
v -0.9000000 0.1000000 1.0000000
v -0.9076100 0.1000000 1.0382700
v -0.8614150 0.1000000 1.0574050
v -0.8614150 0.1000000 1.0574050
v -0.9076100 0.1000000 1.0382700
v -0.9292900 0.1000000 1.0707100
v -0.8939350 0.1000000 1.1060650
v -0.8939350 0.1000000 1.1060650
v -0.9292900 0.1000000 1.0707100
v -0.9617300 0.1000000 1.0923900
v -0.9425950 0.1000000 1.1385850
v -0.9425950 0.1000000 1.1385850
v -0.9617300 0.1000000 1.0923900
v -1.0000000 0.1000000 1.1000000
v -1.0000000 0.1000000 1.1500000
v 1.1000000 -0.0000000 0.5000000
v 1.0923900 -0.0000000 0.5382700
v 1.0923900 0.1000000 0.5382700
v 1.1000000 0.1000000 0.5000000
v 1.0923900 -0.0000000 0.5382700
v 1.0707100 -0.0000000 0.5707100
v 1.0707100 0.1000000 0.5707100
v 1.0923900 0.1000000 0.5382700
v 1.0707100 -0.0000000 0.5707100
v 1.0382700 -0.0000000 0.5923900
v 1.0382700 0.1000000 0.5923900
v 1.0707100 0.1000000 0.5707100
v 1.0382700 -0.0000000 0.5923900
v 1.0000000 -0.0000000 0.6000000
v 1.0000000 0.1000000 0.6000000
v 1.0382700 0.1000000 0.5923900
v 1.0000000 -0.0000000 0.6000000
v 0.9617300 -0.0000000 0.5923900
v 0.9617300 0.1000000 0.5923900
v 1.0000000 0.1000000 0.6000000
v 0.9617300 -0.0000000 0.5923900
v 0.9292900 -0.0000000 0.5707100
v 0.9292900 0.1000000 0.5707100
v 0.9617300 0.1000000 0.5923900
v 0.9292900 -0.0000000 0.5707100
v 0.9076100 -0.0000000 0.5382700
v 0.9076100 0.1000000 0.5382700
v 0.9292900 0.1000000 0.5707100
v 0.9076100 -0.0000000 0.5382700
v 0.9000000 -0.0000000 0.5000000
v 0.9000000 0.1000000 0.5000000
v 0.9076100 0.1000000 0.5382700
v 0.9000000 -0.0000000 0.5000000
v 0.9076100 -0.0000000 0.4617300
v 0.9076100 0.1000000 0.4617300
v 0.9000000 0.1000000 0.5000000
v 0.9076100 -0.0000000 0.4617300
v 0.9292900 -0.0000000 0.4292900
v 0.9292900 0.1000000 0.4292900
v 0.9076100 0.1000000 0.4617300
v 0.9292900 -0.0000000 0.4292900
v 0.9617300 -0.0000000 0.4076100
v 0.9617300 0.1000000 0.4076100
v 0.9292900 0.1000000 0.4292900
v 0.9617300 -0.0000000 0.4076100
v 1.0000000 -0.0000000 0.4000000
v 1.0000000 0.1000000 0.4000000
v 0.9617300 0.1000000 0.4076100
v 1.0000000 -0.0000000 0.4000000
v 1.0382700 -0.0000000 0.4076100
v 1.0382700 0.1000000 0.4076100
v 1.0000000 0.1000000 0.4000000
v 1.0382700 -0.0000000 0.4076100
v 1.0707100 -0.0000000 0.4292900
v 1.0707100 0.1000000 0.4292900
v 1.0382700 0.1000000 0.4076100
v 1.0707100 -0.0000000 0.4292900
v 1.0923900 -0.0000000 0.4617300
v 1.0923900 0.1000000 0.4617300
v 1.0707100 0.1000000 0.4292900
v 1.0923900 -0.0000000 0.4617300
v 1.1000000 -0.0000000 0.5000000
v 1.1000000 0.1000000 0.5000000
v 1.0923900 0.1000000 0.4617300
v 1.1500000 0.1000000 0.5000000
v 1.1385850 0.1000000 0.5574050
v 1.1385850 -0.0000000 0.5574050
v 1.1500000 -0.0000000 0.5000000
v 1.1385850 0.1000000 0.5574050
v 1.1060650 0.1000000 0.6060650
v 1.1060650 -0.0000000 0.6060650
v 1.1385850 -0.0000000 0.5574050
v 1.1060650 0.1000000 0.6060650
v 1.0574050 0.1000000 0.6385850
v 1.0574050 -0.0000000 0.6385850
v 1.1060650 -0.0000000 0.6060650
v 1.0574050 0.1000000 0.6385850
v 1.0000000 0.1000000 0.6500000
v 1.0000000 -0.0000000 0.6500000
v 1.0574050 -0.0000000 0.6385850
v 1.0000000 0.1000000 0.6500000
v 0.9425950 0.1000000 0.6385850
v 0.9425950 -0.0000000 0.6385850
v 1.0000000 -0.0000000 0.6500000
v 0.9425950 0.1000000 0.6385850
v 0.8939350 0.1000000 0.6060650
v 0.8939350 -0.0000000 0.6060650
v 0.9425950 -0.0000000 0.6385850
v 0.8939350 0.1000000 0.6060650
v 0.8614150 0.1000000 0.5574050
v 0.8614150 -0.0000000 0.5574050
v 0.8939350 -0.0000000 0.6060650
v 0.8614150 0.1000000 0.5574050
v 0.8500000 0.1000000 0.5000000
v 0.8500000 -0.0000000 0.5000000
v 0.8614150 -0.0000000 0.5574050
v 0.8500000 0.1000000 0.5000000
v 0.8614150 0.1000000 0.4425950
v 0.8614150 -0.0000000 0.4425950
v 0.8500000 -0.0000000 0.5000000
v 0.8614150 0.1000000 0.4425950
v 0.8939350 0.1000000 0.3939350
v 0.8939350 -0.0000000 0.3939350
v 0.8614150 -0.0000000 0.4425950
v 0.8939350 0.1000000 0.3939350
v 0.9425950 0.1000000 0.3614150
v 0.9425950 -0.0000000 0.3614150
v 0.8939350 -0.0000000 0.3939350
v 0.9425950 0.1000000 0.3614150
v 1.0000000 0.1000000 0.3500000
v 1.0000000 -0.0000000 0.3500000
v 0.9425950 -0.0000000 0.3614150
v 1.0000000 0.1000000 0.3500000
v 1.0574050 0.1000000 0.3614150
v 1.0574050 -0.0000000 0.3614150
v 1.0000000 -0.0000000 0.3500000
v 1.0574050 0.1000000 0.3614150
v 1.1060650 0.1000000 0.3939350
v 1.1060650 -0.0000000 0.3939350
v 1.0574050 -0.0000000 0.3614150
v 1.1060650 0.1000000 0.3939350
v 1.1385850 0.1000000 0.4425950
v 1.1385850 -0.0000000 0.4425950
v 1.1060650 -0.0000000 0.3939350
v 1.1385850 0.1000000 0.4425950
v 1.1500000 0.1000000 0.5000000
v 1.1500000 -0.0000000 0.5000000
v 1.1385850 -0.0000000 0.4425950
v 1.0000000 0.1000000 0.6500000
v 1.0000000 0.1000000 0.6000000
v 0.9617300 0.1000000 0.5923900
v 0.9425950 0.1000000 0.6385850
v 0.9425950 0.1000000 0.6385850
v 0.9617300 0.1000000 0.5923900
v 0.9292900 0.1000000 0.5707100
v 0.8939350 0.1000000 0.6060650
v 0.8939350 0.1000000 0.6060650
v 0.9292900 0.1000000 0.5707100
v 0.9076100 0.1000000 0.5382700
v 0.8614150 0.1000000 0.5574050
v 0.8614150 0.1000000 0.5574050
v 0.9076100 0.1000000 0.5382700
v 0.9000000 0.1000000 0.5000000
v 0.8500000 0.1000000 0.5000000
v 0.8500000 0.1000000 0.5000000
v 0.9000000 0.1000000 0.5000000
v 0.9076100 0.1000000 0.4617300
v 0.8614150 0.1000000 0.4425950
v 0.8614150 0.1000000 0.4425950
v 0.9076100 0.1000000 0.4617300
v 0.9292900 0.1000000 0.4292900
v 0.8939350 0.1000000 0.3939350
v 0.8939350 0.1000000 0.3939350
v 0.9292900 0.1000000 0.4292900
v 0.9617300 0.1000000 0.4076100
v 0.9425950 0.1000000 0.3614150
v 0.9425950 0.1000000 0.3614150
v 0.9617300 0.1000000 0.4076100
v 1.0000000 0.1000000 0.4000000
v 1.0000000 0.1000000 0.3500000
v 1.0000000 0.1000000 0.3500000
v 1.0000000 0.1000000 0.4000000
v 1.0382700 0.1000000 0.4076100
v 1.0574050 0.1000000 0.3614150
v 1.0574050 0.1000000 0.3614150
v 1.0382700 0.1000000 0.4076100
v 1.0707100 0.1000000 0.4292900
v 1.1060650 0.1000000 0.3939350
v 1.1060650 0.1000000 0.3939350
v 1.0707100 0.1000000 0.4292900
v 1.0923900 0.1000000 0.4617300
v 1.1385850 0.1000000 0.4425950
v 1.1385850 0.1000000 0.4425950
v 1.0923900 0.1000000 0.4617300
v 1.1000000 0.1000000 0.5000000
v 1.1500000 0.1000000 0.5000000
v 1.1500000 0.1000000 0.5000000
v 1.1000000 0.1000000 0.5000000
v 1.0923900 0.1000000 0.5382700
v 1.1385850 0.1000000 0.5574050
v 1.1385850 0.1000000 0.5574050
v 1.0923900 0.1000000 0.5382700
v 1.0707100 0.1000000 0.5707100
v 1.1060650 0.1000000 0.6060650
v 1.1060650 0.1000000 0.6060650
v 1.0707100 0.1000000 0.5707100
v 1.0382700 0.1000000 0.5923900
v 1.0574050 0.1000000 0.6385850
v 1.0574050 0.1000000 0.6385850
v 1.0382700 0.1000000 0.5923900
v 1.0000000 0.1000000 0.6000000
v 1.0000000 0.1000000 0.6500000
v -0.9000000 -0.0000000 0.5000000
v -0.9076100 -0.0000000 0.5382700
v -0.9076100 0.1000000 0.5382700
v -0.9000000 0.1000000 0.5000000
v -0.9076100 -0.0000000 0.5382700
v -0.9292900 -0.0000000 0.5707100
v -0.9292900 0.1000000 0.5707100
v -0.9076100 0.1000000 0.5382700
v -0.9292900 -0.0000000 0.5707100
v -0.9617300 -0.0000000 0.5923900
v -0.9617300 0.1000000 0.5923900
v -0.9292900 0.1000000 0.5707100
v -0.9617300 -0.0000000 0.5923900
v -1.0000000 -0.0000000 0.6000000
v -1.0000000 0.1000000 0.6000000
v -0.9617300 0.1000000 0.5923900
v -1.0000000 -0.0000000 0.6000000
v -1.0382700 -0.0000000 0.5923900
v -1.0382700 0.1000000 0.5923900
v -1.0000000 0.1000000 0.6000000
v -1.0382700 -0.0000000 0.5923900
v -1.0707100 -0.0000000 0.5707100
v -1.0707100 0.1000000 0.5707100
v -1.0382700 0.1000000 0.5923900
v -1.0707100 -0.0000000 0.5707100
v -1.0923900 -0.0000000 0.5382700
v -1.0923900 0.1000000 0.5382700
v -1.0707100 0.1000000 0.5707100
v -1.0923900 -0.0000000 0.5382700
v -1.1000000 -0.0000000 0.5000000
v -1.1000000 0.1000000 0.5000000
v -1.0923900 0.1000000 0.5382700
v -1.1000000 -0.0000000 0.5000000
v -1.0923900 -0.0000000 0.4617300
v -1.0923900 0.1000000 0.4617300
v -1.1000000 0.1000000 0.5000000
v -1.0923900 -0.0000000 0.4617300
v -1.0707100 -0.0000000 0.4292900
v -1.0707100 0.1000000 0.4292900
v -1.0923900 0.1000000 0.4617300
v -1.0707100 -0.0000000 0.4292900
v -1.0382700 -0.0000000 0.4076100
v -1.0382700 0.1000000 0.4076100
v -1.0707100 0.1000000 0.4292900
v -1.0382700 -0.0000000 0.4076100
v -1.0000000 -0.0000000 0.4000000
v -1.0000000 0.1000000 0.4000000
v -1.0382700 0.1000000 0.4076100
v -1.0000000 -0.0000000 0.4000000
v -0.9617300 -0.0000000 0.4076100
v -0.9617300 0.1000000 0.4076100
v -1.0000000 0.1000000 0.4000000
v -0.9617300 -0.0000000 0.4076100
v -0.9292900 -0.0000000 0.4292900
v -0.9292900 0.1000000 0.4292900
v -0.9617300 0.1000000 0.4076100
v -0.9292900 -0.0000000 0.4292900
v -0.9076100 -0.0000000 0.4617300
v -0.9076100 0.1000000 0.4617300
v -0.9292900 0.1000000 0.4292900
v -0.9076100 -0.0000000 0.4617300
v -0.9000000 -0.0000000 0.5000000
v -0.9000000 0.1000000 0.5000000
v -0.9076100 0.1000000 0.4617300
v -0.8500000 0.1000000 0.5000000
v -0.8614150 0.1000000 0.5574050
v -0.8614150 -0.0000000 0.5574050
v -0.8500000 -0.0000000 0.5000000
v -0.8614150 0.1000000 0.5574050
v -0.8939350 0.1000000 0.6060650
v -0.8939350 -0.0000000 0.6060650
v -0.8614150 -0.0000000 0.5574050
v -0.8939350 0.1000000 0.6060650
v -0.9425950 0.1000000 0.6385850
v -0.9425950 -0.0000000 0.6385850
v -0.8939350 -0.0000000 0.6060650
v -0.9425950 0.1000000 0.6385850
v -1.0000000 0.1000000 0.6500000
v -1.0000000 -0.0000000 0.6500000
v -0.9425950 -0.0000000 0.6385850
v -1.0000000 0.1000000 0.6500000
v -1.0574050 0.1000000 0.6385850
v -1.0574050 -0.0000000 0.6385850
v -1.0000000 -0.0000000 0.6500000
v -1.0574050 0.1000000 0.6385850
v -1.1060650 0.1000000 0.6060650
v -1.1060650 -0.0000000 0.6060650
v -1.0574050 -0.0000000 0.6385850
v -1.1060650 0.1000000 0.6060650
v -1.1385850 0.1000000 0.5574050
v -1.1385850 -0.0000000 0.5574050
v -1.1060650 -0.0000000 0.6060650
v -1.1385850 0.1000000 0.5574050
v -1.1500000 0.1000000 0.5000000
v -1.1500000 -0.0000000 0.5000000
v -1.1385850 -0.0000000 0.5574050
v -1.1500000 0.1000000 0.5000000
v -1.1385850 0.1000000 0.4425950
v -1.1385850 -0.0000000 0.4425950
v -1.1500000 -0.0000000 0.5000000
v -1.1385850 0.1000000 0.4425950
v -1.1060650 0.1000000 0.3939350
v -1.1060650 -0.0000000 0.3939350
v -1.1385850 -0.0000000 0.4425950
v -1.1060650 0.1000000 0.3939350
v -1.0574050 0.1000000 0.3614150
v -1.0574050 -0.0000000 0.3614150
v -1.1060650 -0.0000000 0.3939350
v -1.0574050 0.1000000 0.3614150
v -1.0000000 0.1000000 0.3500000
v -1.0000000 -0.0000000 0.3500000
v -1.0574050 -0.0000000 0.3614150
v -1.0000000 0.1000000 0.3500000
v -0.9425950 0.1000000 0.3614150
v -0.9425950 -0.0000000 0.3614150
v -1.0000000 -0.0000000 0.3500000
v -0.9425950 0.1000000 0.3614150
v -0.8939350 0.1000000 0.3939350
v -0.8939350 -0.0000000 0.3939350
v -0.9425950 -0.0000000 0.3614150
v -0.8939350 0.1000000 0.3939350
v -0.8614150 0.1000000 0.4425950
v -0.8614150 -0.0000000 0.4425950
v -0.8939350 -0.0000000 0.3939350
v -0.8614150 0.1000000 0.4425950
v -0.8500000 0.1000000 0.5000000
v -0.8500000 -0.0000000 0.5000000
v -0.8614150 -0.0000000 0.4425950
v -1.0000000 0.1000000 0.6500000
v -1.0000000 0.1000000 0.6000000
v -1.0382700 0.1000000 0.5923900
v -1.0574050 0.1000000 0.6385850
v -1.0574050 0.1000000 0.6385850
v -1.0382700 0.1000000 0.5923900
v -1.0707100 0.1000000 0.5707100
v -1.1060650 0.1000000 0.6060650
v -1.1060650 0.1000000 0.6060650
v -1.0707100 0.1000000 0.5707100
v -1.0923900 0.1000000 0.5382700
v -1.1385850 0.1000000 0.5574050
v -1.1385850 0.1000000 0.5574050
v -1.0923900 0.1000000 0.5382700
v -1.1000000 0.1000000 0.5000000
v -1.1500000 0.1000000 0.5000000
v -1.1500000 0.1000000 0.5000000
v -1.1000000 0.1000000 0.5000000
v -1.0923900 0.1000000 0.4617300
v -1.1385850 0.1000000 0.4425950
v -1.1385850 0.1000000 0.4425950
v -1.0923900 0.1000000 0.4617300
v -1.0707100 0.1000000 0.4292900
v -1.1060650 0.1000000 0.3939350
v -1.1060650 0.1000000 0.3939350
v -1.0707100 0.1000000 0.4292900
v -1.0382700 0.1000000 0.4076100
v -1.0574050 0.1000000 0.3614150
v -1.0574050 0.1000000 0.3614150
v -1.0382700 0.1000000 0.4076100
v -1.0000000 0.1000000 0.4000000
v -1.0000000 0.1000000 0.3500000
v -1.0000000 0.1000000 0.3500000
v -1.0000000 0.1000000 0.4000000
v -0.9617300 0.1000000 0.4076100
v -0.9425950 0.1000000 0.3614150
v -0.9425950 0.1000000 0.3614150
v -0.9617300 0.1000000 0.4076100
v -0.9292900 0.1000000 0.4292900
v -0.8939350 0.1000000 0.3939350
v -0.8939350 0.1000000 0.3939350
v -0.9292900 0.1000000 0.4292900
v -0.9076100 0.1000000 0.4617300
v -0.8614150 0.1000000 0.4425950
v -0.8614150 0.1000000 0.4425950
v -0.9076100 0.1000000 0.4617300
v -0.9000000 0.1000000 0.5000000
v -0.8500000 0.1000000 0.5000000
v -0.8500000 0.1000000 0.5000000
v -0.9000000 0.1000000 0.5000000
v -0.9076100 0.1000000 0.5382700
v -0.8614150 0.1000000 0.5574050
v -0.8614150 0.1000000 0.5574050
v -0.9076100 0.1000000 0.5382700
v -0.9292900 0.1000000 0.5707100
v -0.8939350 0.1000000 0.6060650
v -0.8939350 0.1000000 0.6060650
v -0.9292900 0.1000000 0.5707100
v -0.9617300 0.1000000 0.5923900
v -0.9425950 0.1000000 0.6385850
v -0.9425950 0.1000000 0.6385850
v -0.9617300 0.1000000 0.5923900
v -1.0000000 0.1000000 0.6000000
v -1.0000000 0.1000000 0.6500000
v 1.1000000 -0.0000000 0.0000000
v 1.0923900 -0.0000000 0.0382700
v 1.0923900 0.1000000 0.0382700
v 1.1000000 0.1000000 0.0000000
v 1.0923900 -0.0000000 0.0382700
v 1.0707100 -0.0000000 0.0707100
v 1.0707100 0.1000000 0.0707100
v 1.0923900 0.1000000 0.0382700
v 1.0707100 -0.0000000 0.0707100
v 1.0382700 -0.0000000 0.0923900
v 1.0382700 0.1000000 0.0923900
v 1.0707100 0.1000000 0.0707100
v 1.0382700 -0.0000000 0.0923900
v 1.0000000 -0.0000000 0.1000000
v 1.0000000 0.1000000 0.1000000
v 1.0382700 0.1000000 0.0923900
v 1.0000000 -0.0000000 0.1000000
v 0.9617300 -0.0000000 0.0923900
v 0.9617300 0.1000000 0.0923900
v 1.0000000 0.1000000 0.1000000
v 0.9617300 -0.0000000 0.0923900
v 0.9292900 -0.0000000 0.0707100
v 0.9292900 0.1000000 0.0707100
v 0.9617300 0.1000000 0.0923900
v 0.9292900 -0.0000000 0.0707100
v 0.9076100 -0.0000000 0.0382700
v 0.9076100 0.1000000 0.0382700
v 0.9292900 0.1000000 0.0707100
v 0.9076100 -0.0000000 0.0382700
v 0.9000000 -0.0000000 0.0000000
v 0.9000000 0.1000000 0.0000000
v 0.9076100 0.1000000 0.0382700
v 0.9000000 -0.0000000 0.0000000
v 0.9076100 -0.0000000 -0.0382700
v 0.9076100 0.1000000 -0.0382700
v 0.9000000 0.1000000 0.0000000
v 0.9076100 -0.0000000 -0.0382700
v 0.9292900 -0.0000000 -0.0707100
v 0.9292900 0.1000000 -0.0707100
v 0.9076100 0.1000000 -0.0382700
v 0.9292900 -0.0000000 -0.0707100
v 0.9617300 -0.0000000 -0.0923900
v 0.9617300 0.1000000 -0.0923900
v 0.9292900 0.1000000 -0.0707100
v 0.9617300 -0.0000000 -0.0923900
v 1.0000000 -0.0000000 -0.1000000
v 1.0000000 0.1000000 -0.1000000
v 0.9617300 0.1000000 -0.0923900
v 1.0000000 -0.0000000 -0.1000000
v 1.0382700 -0.0000000 -0.0923900
v 1.0382700 0.1000000 -0.0923900
v 1.0000000 0.1000000 -0.1000000
v 1.0382700 -0.0000000 -0.0923900
v 1.0707100 -0.0000000 -0.0707100
v 1.0707100 0.1000000 -0.0707100
v 1.0382700 0.1000000 -0.0923900
v 1.0707100 -0.0000000 -0.0707100
v 1.0923900 -0.0000000 -0.0382700
v 1.0923900 0.1000000 -0.0382700
v 1.0707100 0.1000000 -0.0707100
v 1.0923900 -0.0000000 -0.0382700
v 1.1000000 -0.0000000 0.0000000
v 1.1000000 0.1000000 0.0000000
v 1.0923900 0.1000000 -0.0382700
v 1.1500000 0.1000000 0.0000000
v 1.1385850 0.1000000 0.0574050
v 1.1385850 -0.0000000 0.0574050
v 1.1500000 -0.0000000 0.0000000
v 1.1385850 0.1000000 0.0574050
v 1.1060650 0.1000000 0.1060650
v 1.1060650 -0.0000000 0.1060650
v 1.1385850 -0.0000000 0.0574050
v 1.1060650 0.1000000 0.1060650
v 1.0574050 0.1000000 0.1385850
v 1.0574050 -0.0000000 0.1385850
v 1.1060650 -0.0000000 0.1060650
v 1.0574050 0.1000000 0.1385850
v 1.0000000 0.1000000 0.1500000
v 1.0000000 -0.0000000 0.1500000
v 1.0574050 -0.0000000 0.1385850
v 1.0000000 0.1000000 0.1500000
v 0.9425950 0.1000000 0.1385850
v 0.9425950 -0.0000000 0.1385850
v 1.0000000 -0.0000000 0.1500000
v 0.9425950 0.1000000 0.1385850
v 0.8939350 0.1000000 0.1060650
v 0.8939350 -0.0000000 0.1060650
v 0.9425950 -0.0000000 0.1385850
v 0.8939350 0.1000000 0.1060650
v 0.8614150 0.1000000 0.0574050
v 0.8614150 -0.0000000 0.0574050
v 0.8939350 -0.0000000 0.1060650
v 0.8614150 0.1000000 0.0574050
v 0.8500000 0.1000000 0.0000000
v 0.8500000 -0.0000000 0.0000000
v 0.8614150 -0.0000000 0.0574050
v 0.8500000 0.1000000 0.0000000
v 0.8614150 0.1000000 -0.0574050
v 0.8614150 -0.0000000 -0.0574050
v 0.8500000 -0.0000000 0.0000000
v 0.8614150 0.1000000 -0.0574050
v 0.8939350 0.1000000 -0.1060650
v 0.8939350 -0.0000000 -0.1060650
v 0.8614150 -0.0000000 -0.0574050
v 0.8939350 0.1000000 -0.1060650
v 0.9425950 0.1000000 -0.1385850
v 0.9425950 -0.0000000 -0.1385850
v 0.8939350 -0.0000000 -0.1060650
v 0.9425950 0.1000000 -0.1385850
v 1.0000000 0.1000000 -0.1500000
v 1.0000000 -0.0000000 -0.1500000
v 0.9425950 -0.0000000 -0.1385850
v 1.0000000 0.1000000 -0.1500000
v 1.0574050 0.1000000 -0.1385850
v 1.0574050 -0.0000000 -0.1385850
v 1.0000000 -0.0000000 -0.1500000
v 1.0574050 0.1000000 -0.1385850
v 1.1060650 0.1000000 -0.1060650
v 1.1060650 -0.0000000 -0.1060650
v 1.0574050 -0.0000000 -0.1385850
v 1.1060650 0.1000000 -0.1060650
v 1.1385850 0.1000000 -0.0574050
v 1.1385850 -0.0000000 -0.0574050
v 1.1060650 -0.0000000 -0.1060650
v 1.1385850 0.1000000 -0.0574050
v 1.1500000 0.1000000 0.0000000
v 1.1500000 -0.0000000 0.0000000
v 1.1385850 -0.0000000 -0.0574050
v 1.0000000 0.1000000 0.1500000
v 1.0000000 0.1000000 0.1000000
v 0.9617300 0.1000000 0.0923900
v 0.9425950 0.1000000 0.1385850
v 0.9425950 0.1000000 0.1385850
v 0.9617300 0.1000000 0.0923900
v 0.9292900 0.1000000 0.0707100
v 0.8939350 0.1000000 0.1060650
v 0.8939350 0.1000000 0.1060650
v 0.9292900 0.1000000 0.0707100
v 0.9076100 0.1000000 0.0382700
v 0.8614150 0.1000000 0.0574050
v 0.8614150 0.1000000 0.0574050
v 0.9076100 0.1000000 0.0382700
v 0.9000000 0.1000000 0.0000000
v 0.8500000 0.1000000 0.0000000
v 0.8500000 0.1000000 0.0000000
v 0.9000000 0.1000000 0.0000000
v 0.9076100 0.1000000 -0.0382700
v 0.8614150 0.1000000 -0.0574050
v 0.8614150 0.1000000 -0.0574050
v 0.9076100 0.1000000 -0.0382700
v 0.9292900 0.1000000 -0.0707100
v 0.8939350 0.1000000 -0.1060650
v 0.8939350 0.1000000 -0.1060650
v 0.9292900 0.1000000 -0.0707100
v 0.9617300 0.1000000 -0.0923900
v 0.9425950 0.1000000 -0.1385850
v 0.9425950 0.1000000 -0.1385850
v 0.9617300 0.1000000 -0.0923900
v 1.0000000 0.1000000 -0.1000000
v 1.0000000 0.1000000 -0.1500000
v 1.0000000 0.1000000 -0.1500000
v 1.0000000 0.1000000 -0.1000000
v 1.0382700 0.1000000 -0.0923900
v 1.0574050 0.1000000 -0.1385850
v 1.0574050 0.1000000 -0.1385850
v 1.0382700 0.1000000 -0.0923900
v 1.0707100 0.1000000 -0.0707100
v 1.1060650 0.1000000 -0.1060650
v 1.1060650 0.1000000 -0.1060650
v 1.0707100 0.1000000 -0.0707100
v 1.0923900 0.1000000 -0.0382700
v 1.1385850 0.1000000 -0.0574050
v 1.1385850 0.1000000 -0.0574050
v 1.0923900 0.1000000 -0.0382700
v 1.1000000 0.1000000 0.0000000
v 1.1500000 0.1000000 0.0000000
v 1.1500000 0.1000000 0.0000000
v 1.1000000 0.1000000 0.0000000
v 1.0923900 0.1000000 0.0382700
v 1.1385850 0.1000000 0.0574050
v 1.1385850 0.1000000 0.0574050
v 1.0923900 0.1000000 0.0382700
v 1.0707100 0.1000000 0.0707100
v 1.1060650 0.1000000 0.1060650
v 1.1060650 0.1000000 0.1060650
v 1.0707100 0.1000000 0.0707100
v 1.0382700 0.1000000 0.0923900
v 1.0574050 0.1000000 0.1385850
v 1.0574050 0.1000000 0.1385850
v 1.0382700 0.1000000 0.0923900
v 1.0000000 0.1000000 0.1000000
v 1.0000000 0.1000000 0.1500000
v 0.1000000 -0.0000000 0.0000000
v 0.0923900 -0.0000000 0.0382700
v 0.0923900 0.1000000 0.0382700
v 0.1000000 0.1000000 0.0000000
v 0.0923900 -0.0000000 0.0382700
v 0.0707100 -0.0000000 0.0707100
v 0.0707100 0.1000000 0.0707100
v 0.0923900 0.1000000 0.0382700
v 0.0707100 -0.0000000 0.0707100
v 0.0382700 -0.0000000 0.0923900
v 0.0382700 0.1000000 0.0923900
v 0.0707100 0.1000000 0.0707100
v 0.0382700 -0.0000000 0.0923900
v 0.0000000 -0.0000000 0.1000000
v 0.0000000 0.1000000 0.1000000
v 0.0382700 0.1000000 0.0923900
v 0.0000000 -0.0000000 0.1000000
v -0.0382700 -0.0000000 0.0923900
v -0.0382700 0.1000000 0.0923900
v 0.0000000 0.1000000 0.1000000
v -0.0382700 -0.0000000 0.0923900
v -0.0707100 -0.0000000 0.0707100
v -0.0707100 0.1000000 0.0707100
v -0.0382700 0.1000000 0.0923900
v -0.0707100 -0.0000000 0.0707100
v -0.0923900 -0.0000000 0.0382700
v -0.0923900 0.1000000 0.0382700
v -0.0707100 0.1000000 0.0707100
v -0.0923900 -0.0000000 0.0382700
v -0.1000000 -0.0000000 0.0000000
v -0.1000000 0.1000000 0.0000000
v -0.0923900 0.1000000 0.0382700
v -0.1000000 -0.0000000 0.0000000
v -0.0923900 -0.0000000 -0.0382700
v -0.0923900 0.1000000 -0.0382700
v -0.1000000 0.1000000 0.0000000
v -0.0923900 -0.0000000 -0.0382700
v -0.0707100 -0.0000000 -0.0707100
v -0.0707100 0.1000000 -0.0707100
v -0.0923900 0.1000000 -0.0382700
v -0.0707100 -0.0000000 -0.0707100
v -0.0382700 -0.0000000 -0.0923900
v -0.0382700 0.1000000 -0.0923900
v -0.0707100 0.1000000 -0.0707100
v -0.0382700 -0.0000000 -0.0923900
v 0.0000000 -0.0000000 -0.1000000
v 0.0000000 0.1000000 -0.1000000
v -0.0382700 0.1000000 -0.0923900
v 0.0000000 -0.0000000 -0.1000000
v 0.0382700 -0.0000000 -0.0923900
v 0.0382700 0.1000000 -0.0923900
v 0.0000000 0.1000000 -0.1000000
v 0.0382700 -0.0000000 -0.0923900
v 0.0707100 -0.0000000 -0.0707100
v 0.0707100 0.1000000 -0.0707100
v 0.0382700 0.1000000 -0.0923900
v 0.0707100 -0.0000000 -0.0707100
v 0.0923900 -0.0000000 -0.0382700
v 0.0923900 0.1000000 -0.0382700
v 0.0707100 0.1000000 -0.0707100
v 0.0923900 -0.0000000 -0.0382700
v 0.1000000 -0.0000000 0.0000000
v 0.1000000 0.1000000 0.0000000
v 0.0923900 0.1000000 -0.0382700
v 0.1500000 0.1000000 0.0000000
v 0.1385850 0.1000000 0.0574050
v 0.1385850 -0.0000000 0.0574050
v 0.1500000 -0.0000000 0.0000000
v 0.1385850 0.1000000 0.0574050
v 0.1060650 0.1000000 0.1060650
v 0.1060650 -0.0000000 0.1060650
v 0.1385850 -0.0000000 0.0574050
v 0.1060650 0.1000000 0.1060650
v 0.0574050 0.1000000 0.1385850
v 0.0574050 -0.0000000 0.1385850
v 0.1060650 -0.0000000 0.1060650
v 0.0574050 0.1000000 0.1385850
v 0.0000000 0.1000000 0.1500000
v 0.0000000 -0.0000000 0.1500000
v 0.0574050 -0.0000000 0.1385850
v 0.0000000 0.1000000 0.1500000
v -0.0574050 0.1000000 0.1385850
v -0.0574050 -0.0000000 0.1385850
v 0.0000000 -0.0000000 0.1500000
v -0.0574050 0.1000000 0.1385850
v -0.1060650 0.1000000 0.1060650
v -0.1060650 -0.0000000 0.1060650
v -0.0574050 -0.0000000 0.1385850
v -0.1060650 0.1000000 0.1060650
v -0.1385850 0.1000000 0.0574050
v -0.1385850 -0.0000000 0.0574050
v -0.1060650 -0.0000000 0.1060650
v -0.1385850 0.1000000 0.0574050
v -0.1500000 0.1000000 0.0000000
v -0.1500000 -0.0000000 0.0000000
v -0.1385850 -0.0000000 0.0574050
v -0.1500000 0.1000000 0.0000000
v -0.1385850 0.1000000 -0.0574050
v -0.1385850 -0.0000000 -0.0574050
v -0.1500000 -0.0000000 0.0000000
v -0.1385850 0.1000000 -0.0574050
v -0.1060650 0.1000000 -0.1060650
v -0.1060650 -0.0000000 -0.1060650
v -0.1385850 -0.0000000 -0.0574050
v -0.1060650 0.1000000 -0.1060650
v -0.0574050 0.1000000 -0.1385850
v -0.0574050 -0.0000000 -0.1385850
v -0.1060650 -0.0000000 -0.1060650
v -0.0574050 0.1000000 -0.1385850
v 0.0000000 0.1000000 -0.1500000
v 0.0000000 -0.0000000 -0.1500000
v -0.0574050 -0.0000000 -0.1385850
v 0.0000000 0.1000000 -0.1500000
v 0.0574050 0.1000000 -0.1385850
v 0.0574050 -0.0000000 -0.1385850
v 0.0000000 -0.0000000 -0.1500000
v 0.0574050 0.1000000 -0.1385850
v 0.1060650 0.1000000 -0.1060650
v 0.1060650 -0.0000000 -0.1060650
v 0.0574050 -0.0000000 -0.1385850
v 0.1060650 0.1000000 -0.1060650
v 0.1385850 0.1000000 -0.0574050
v 0.1385850 -0.0000000 -0.0574050
v 0.1060650 -0.0000000 -0.1060650
v 0.1385850 0.1000000 -0.0574050
v 0.1500000 0.1000000 0.0000000
v 0.1500000 -0.0000000 0.0000000
v 0.1385850 -0.0000000 -0.0574050
v 0.0000000 0.1000000 0.1500000
v 0.0000000 0.1000000 0.1000000
v -0.0382700 0.1000000 0.0923900
v -0.0574050 0.1000000 0.1385850
v -0.0574050 0.1000000 0.1385850
v -0.0382700 0.1000000 0.0923900
v -0.0707100 0.1000000 0.0707100
v -0.1060650 0.1000000 0.1060650
v -0.1060650 0.1000000 0.1060650
v -0.0707100 0.1000000 0.0707100
v -0.0923900 0.1000000 0.0382700
v -0.1385850 0.1000000 0.0574050
v -0.1385850 0.1000000 0.0574050
v -0.0923900 0.1000000 0.0382700
v -0.1000000 0.1000000 0.0000000
v -0.1500000 0.1000000 0.0000000
v -0.1500000 0.1000000 0.0000000
v -0.1000000 0.1000000 0.0000000
v -0.0923900 0.1000000 -0.0382700
v -0.1385850 0.1000000 -0.0574050
v -0.1385850 0.1000000 -0.0574050
v -0.0923900 0.1000000 -0.0382700
v -0.0707100 0.1000000 -0.0707100
v -0.1060650 0.1000000 -0.1060650
v -0.1060650 0.1000000 -0.1060650
v -0.0707100 0.1000000 -0.0707100
v -0.0382700 0.1000000 -0.0923900
v -0.0574050 0.1000000 -0.1385850
v -0.0574050 0.1000000 -0.1385850
v -0.0382700 0.1000000 -0.0923900
v 0.0000000 0.1000000 -0.1000000
v 0.0000000 0.1000000 -0.1500000
v 0.0000000 0.1000000 -0.1500000
v 0.0000000 0.1000000 -0.1000000
v 0.0382700 0.1000000 -0.0923900
v 0.0574050 0.1000000 -0.1385850
v 0.0574050 0.1000000 -0.1385850
v 0.0382700 0.1000000 -0.0923900
v 0.0707100 0.1000000 -0.0707100
v 0.1060650 0.1000000 -0.1060650
v 0.1060650 0.1000000 -0.1060650
v 0.0707100 0.1000000 -0.0707100
v 0.0923900 0.1000000 -0.0382700
v 0.1385850 0.1000000 -0.0574050
v 0.1385850 0.1000000 -0.0574050
v 0.0923900 0.1000000 -0.0382700
v 0.1000000 0.1000000 0.0000000
v 0.1500000 0.1000000 0.0000000
v 0.1500000 0.1000000 0.0000000
v 0.1000000 0.1000000 0.0000000
v 0.0923900 0.1000000 0.0382700
v 0.1385850 0.1000000 0.0574050
v 0.1385850 0.1000000 0.0574050
v 0.0923900 0.1000000 0.0382700
v 0.0707100 0.1000000 0.0707100
v 0.1060650 0.1000000 0.1060650
v 0.1060650 0.1000000 0.1060650
v 0.0707100 0.1000000 0.0707100
v 0.0382700 0.1000000 0.0923900
v 0.0574050 0.1000000 0.1385850
v 0.0574050 0.1000000 0.1385850
v 0.0382700 0.1000000 0.0923900
v 0.0000000 0.1000000 0.1000000
v 0.0000000 0.1000000 0.1500000
v -0.9000000 -0.0000000 0.0000000
v -0.9076100 -0.0000000 0.0382700
v -0.9076100 0.1000000 0.0382700
v -0.9000000 0.1000000 0.0000000
v -0.9076100 -0.0000000 0.0382700
v -0.9292900 -0.0000000 0.0707100
v -0.9292900 0.1000000 0.0707100
v -0.9076100 0.1000000 0.0382700
v -0.9292900 -0.0000000 0.0707100
v -0.9617300 -0.0000000 0.0923900
v -0.9617300 0.1000000 0.0923900
v -0.9292900 0.1000000 0.0707100
v -0.9617300 -0.0000000 0.0923900
v -1.0000000 -0.0000000 0.1000000
v -1.0000000 0.1000000 0.1000000
v -0.9617300 0.1000000 0.0923900
v -1.0000000 -0.0000000 0.1000000
v -1.0382700 -0.0000000 0.0923900
v -1.0382700 0.1000000 0.0923900
v -1.0000000 0.1000000 0.1000000
v -1.0382700 -0.0000000 0.0923900
v -1.0707100 -0.0000000 0.0707100
v -1.0707100 0.1000000 0.0707100
v -1.0382700 0.1000000 0.0923900
v -1.0707100 -0.0000000 0.0707100
v -1.0923900 -0.0000000 0.0382700
v -1.0923900 0.1000000 0.0382700
v -1.0707100 0.1000000 0.0707100
v -1.0923900 -0.0000000 0.0382700
v -1.1000000 -0.0000000 0.0000000
v -1.1000000 0.1000000 0.0000000
v -1.0923900 0.1000000 0.0382700
v -1.1000000 -0.0000000 0.0000000
v -1.0923900 -0.0000000 -0.0382700
v -1.0923900 0.1000000 -0.0382700
v -1.1000000 0.1000000 0.0000000
v -1.0923900 -0.0000000 -0.0382700
v -1.0707100 -0.0000000 -0.0707100
v -1.0707100 0.1000000 -0.0707100
v -1.0923900 0.1000000 -0.0382700
v -1.0707100 -0.0000000 -0.0707100
v -1.0382700 -0.0000000 -0.0923900
v -1.0382700 0.1000000 -0.0923900
v -1.0707100 0.1000000 -0.0707100
v -1.0382700 -0.0000000 -0.0923900
v -1.0000000 -0.0000000 -0.1000000
v -1.0000000 0.1000000 -0.1000000
v -1.0382700 0.1000000 -0.0923900
v -1.0000000 -0.0000000 -0.1000000
v -0.9617300 -0.0000000 -0.0923900
v -0.9617300 0.1000000 -0.0923900
v -1.0000000 0.1000000 -0.1000000
v -0.9617300 -0.0000000 -0.0923900
v -0.9292900 -0.0000000 -0.0707100
v -0.9292900 0.1000000 -0.0707100
v -0.9617300 0.1000000 -0.0923900
v -0.9292900 -0.0000000 -0.0707100
v -0.9076100 -0.0000000 -0.0382700
v -0.9076100 0.1000000 -0.0382700
v -0.9292900 0.1000000 -0.0707100
v -0.9076100 -0.0000000 -0.0382700
v -0.9000000 -0.0000000 0.0000000
v -0.9000000 0.1000000 0.0000000
v -0.9076100 0.1000000 -0.0382700
v -0.8500000 0.1000000 0.0000000
v -0.8614150 0.1000000 0.0574050
v -0.8614150 -0.0000000 0.0574050
v -0.8500000 -0.0000000 0.0000000
v -0.8614150 0.1000000 0.0574050
v -0.8939350 0.1000000 0.1060650
v -0.8939350 -0.0000000 0.1060650
v -0.8614150 -0.0000000 0.0574050
v -0.8939350 0.1000000 0.1060650
v -0.9425950 0.1000000 0.1385850
v -0.9425950 -0.0000000 0.1385850
v -0.8939350 -0.0000000 0.1060650
v -0.9425950 0.1000000 0.1385850
v -1.0000000 0.1000000 0.1500000
v -1.0000000 -0.0000000 0.1500000
v -0.9425950 -0.0000000 0.1385850
v -1.0000000 0.1000000 0.1500000
v -1.0574050 0.1000000 0.1385850
v -1.0574050 -0.0000000 0.1385850
v -1.0000000 -0.0000000 0.1500000
v -1.0574050 0.1000000 0.1385850
v -1.1060650 0.1000000 0.1060650
v -1.1060650 -0.0000000 0.1060650
v -1.0574050 -0.0000000 0.1385850
v -1.1060650 0.1000000 0.1060650
v -1.1385850 0.1000000 0.0574050
v -1.1385850 -0.0000000 0.0574050
v -1.1060650 -0.0000000 0.1060650
v -1.1385850 0.1000000 0.0574050
v -1.1500000 0.1000000 0.0000000
v -1.1500000 -0.0000000 0.0000000
v -1.1385850 -0.0000000 0.0574050
v -1.1500000 0.1000000 0.0000000
v -1.1385850 0.1000000 -0.0574050
v -1.1385850 -0.0000000 -0.0574050
v -1.1500000 -0.0000000 0.0000000
v -1.1385850 0.1000000 -0.0574050
v -1.1060650 0.1000000 -0.1060650
v -1.1060650 -0.0000000 -0.1060650
v -1.1385850 -0.0000000 -0.0574050
v -1.1060650 0.1000000 -0.1060650
v -1.0574050 0.1000000 -0.1385850
v -1.0574050 -0.0000000 -0.1385850
v -1.1060650 -0.0000000 -0.1060650
v -1.0574050 0.1000000 -0.1385850
v -1.0000000 0.1000000 -0.1500000
v -1.0000000 -0.0000000 -0.1500000
v -1.0574050 -0.0000000 -0.1385850
v -1.0000000 0.1000000 -0.1500000
v -0.9425950 0.1000000 -0.1385850
v -0.9425950 -0.0000000 -0.1385850
v -1.0000000 -0.0000000 -0.1500000
v -0.9425950 0.1000000 -0.1385850
v -0.8939350 0.1000000 -0.1060650
v -0.8939350 -0.0000000 -0.1060650
v -0.9425950 -0.0000000 -0.1385850
v -0.8939350 0.1000000 -0.1060650
v -0.8614150 0.1000000 -0.0574050
v -0.8614150 -0.0000000 -0.0574050
v -0.8939350 -0.0000000 -0.1060650
v -0.8614150 0.1000000 -0.0574050
v -0.8500000 0.1000000 0.0000000
v -0.8500000 -0.0000000 0.0000000
v -0.8614150 -0.0000000 -0.0574050
v -1.0000000 0.1000000 0.1500000
v -1.0000000 0.1000000 0.1000000
v -1.0382700 0.1000000 0.0923900
v -1.0574050 0.1000000 0.1385850
v -1.0574050 0.1000000 0.1385850
v -1.0382700 0.1000000 0.0923900
v -1.0707100 0.1000000 0.0707100
v -1.1060650 0.1000000 0.1060650
v -1.1060650 0.1000000 0.1060650
v -1.0707100 0.1000000 0.0707100
v -1.0923900 0.1000000 0.0382700
v -1.1385850 0.1000000 0.0574050
v -1.1385850 0.1000000 0.0574050
v -1.0923900 0.1000000 0.0382700
v -1.1000000 0.1000000 0.0000000
v -1.1500000 0.1000000 0.0000000
v -1.1500000 0.1000000 0.0000000
v -1.1000000 0.1000000 0.0000000
v -1.0923900 0.1000000 -0.0382700
v -1.1385850 0.1000000 -0.0574050
v -1.1385850 0.1000000 -0.0574050
v -1.0923900 0.1000000 -0.0382700
v -1.0707100 0.1000000 -0.0707100
v -1.1060650 0.1000000 -0.1060650
v -1.1060650 0.1000000 -0.1060650
v -1.0707100 0.1000000 -0.0707100
v -1.0382700 0.1000000 -0.0923900
v -1.0574050 0.1000000 -0.1385850
v -1.0574050 0.1000000 -0.1385850
v -1.0382700 0.1000000 -0.0923900
v -1.0000000 0.1000000 -0.1000000
v -1.0000000 0.1000000 -0.1500000
v -1.0000000 0.1000000 -0.1500000
v -1.0000000 0.1000000 -0.1000000
v -0.9617300 0.1000000 -0.0923900
v -0.9425950 0.1000000 -0.1385850
v -0.9425950 0.1000000 -0.1385850
v -0.9617300 0.1000000 -0.0923900
v -0.9292900 0.1000000 -0.0707100
v -0.8939350 0.1000000 -0.1060650
v -0.8939350 0.1000000 -0.1060650
v -0.9292900 0.1000000 -0.0707100
v -0.9076100 0.1000000 -0.0382700
v -0.8614150 0.1000000 -0.0574050
v -0.8614150 0.1000000 -0.0574050
v -0.9076100 0.1000000 -0.0382700
v -0.9000000 0.1000000 0.0000000
v -0.8500000 0.1000000 0.0000000
v -0.8500000 0.1000000 0.0000000
v -0.9000000 0.1000000 0.0000000
v -0.9076100 0.1000000 0.0382700
v -0.8614150 0.1000000 0.0574050
v -0.8614150 0.1000000 0.0574050
v -0.9076100 0.1000000 0.0382700
v -0.9292900 0.1000000 0.0707100
v -0.8939350 0.1000000 0.1060650
v -0.8939350 0.1000000 0.1060650
v -0.9292900 0.1000000 0.0707100
v -0.9617300 0.1000000 0.0923900
v -0.9425950 0.1000000 0.1385850
v -0.9425950 0.1000000 0.1385850
v -0.9617300 0.1000000 0.0923900
v -1.0000000 0.1000000 0.1000000
v -1.0000000 0.1000000 0.1500000
v 0.6000000 -0.0000000 -0.5000000
v 0.5923900 -0.0000000 -0.4617300
v 0.5923900 0.1000000 -0.4617300
v 0.6000000 0.1000000 -0.5000000
v 0.5923900 -0.0000000 -0.4617300
v 0.5707100 -0.0000000 -0.4292900
v 0.5707100 0.1000000 -0.4292900
v 0.5923900 0.1000000 -0.4617300
v 0.5707100 -0.0000000 -0.4292900
v 0.5382700 -0.0000000 -0.4076100
v 0.5382700 0.1000000 -0.4076100
v 0.5707100 0.1000000 -0.4292900
v 0.5382700 -0.0000000 -0.4076100
v 0.5000000 -0.0000000 -0.4000000
v 0.5000000 0.1000000 -0.4000000
v 0.5382700 0.1000000 -0.4076100
v 0.5000000 -0.0000000 -0.4000000
v 0.4617300 -0.0000000 -0.4076100
v 0.4617300 0.1000000 -0.4076100
v 0.5000000 0.1000000 -0.4000000
v 0.4617300 -0.0000000 -0.4076100
v 0.4292900 -0.0000000 -0.4292900
v 0.4292900 0.1000000 -0.4292900
v 0.4617300 0.1000000 -0.4076100
v 0.4292900 -0.0000000 -0.4292900
v 0.4076100 -0.0000000 -0.4617300
v 0.4076100 0.1000000 -0.4617300
v 0.4292900 0.1000000 -0.4292900
v 0.4076100 -0.0000000 -0.4617300
v 0.4000000 -0.0000000 -0.5000000
v 0.4000000 0.1000000 -0.5000000
v 0.4076100 0.1000000 -0.4617300
v 0.4000000 -0.0000000 -0.5000000
v 0.4076100 -0.0000000 -0.5382700
v 0.4076100 0.1000000 -0.5382700
v 0.4000000 0.1000000 -0.5000000
v 0.4076100 -0.0000000 -0.5382700
v 0.4292900 -0.0000000 -0.5707100
v 0.4292900 0.1000000 -0.5707100
v 0.4076100 0.1000000 -0.5382700
v 0.4292900 -0.0000000 -0.5707100
v 0.4617300 -0.0000000 -0.5923900
v 0.4617300 0.1000000 -0.5923900
v 0.4292900 0.1000000 -0.5707100
v 0.4617300 -0.0000000 -0.5923900
v 0.5000000 -0.0000000 -0.6000000
v 0.5000000 0.1000000 -0.6000000
v 0.4617300 0.1000000 -0.5923900
v 0.5000000 -0.0000000 -0.6000000
v 0.5382700 -0.0000000 -0.5923900
v 0.5382700 0.1000000 -0.5923900
v 0.5000000 0.1000000 -0.6000000
v 0.5382700 -0.0000000 -0.5923900
v 0.5707100 -0.0000000 -0.5707100
v 0.5707100 0.1000000 -0.5707100
v 0.5382700 0.1000000 -0.5923900
v 0.5707100 -0.0000000 -0.5707100
v 0.5923900 -0.0000000 -0.5382700
v 0.5923900 0.1000000 -0.5382700
v 0.5707100 0.1000000 -0.5707100
v 0.5923900 -0.0000000 -0.5382700
v 0.6000000 -0.0000000 -0.5000000
v 0.6000000 0.1000000 -0.5000000
v 0.5923900 0.1000000 -0.5382700
v 0.6500000 0.1000000 -0.5000000
v 0.6385850 0.1000000 -0.4425950
v 0.6385850 -0.0000000 -0.4425950
v 0.6500000 -0.0000000 -0.5000000
v 0.6385850 0.1000000 -0.4425950
v 0.6060650 0.1000000 -0.3939350
v 0.6060650 -0.0000000 -0.3939350
v 0.6385850 -0.0000000 -0.4425950
v 0.6060650 0.1000000 -0.3939350
v 0.5574050 0.1000000 -0.3614150
v 0.5574050 -0.0000000 -0.3614150
v 0.6060650 -0.0000000 -0.3939350
v 0.5574050 0.1000000 -0.3614150
v 0.5000000 0.1000000 -0.3500000
v 0.5000000 -0.0000000 -0.3500000
v 0.5574050 -0.0000000 -0.3614150
v 0.5000000 0.1000000 -0.3500000
v 0.4425950 0.1000000 -0.3614150
v 0.4425950 -0.0000000 -0.3614150
v 0.5000000 -0.0000000 -0.3500000
v 0.4425950 0.1000000 -0.3614150
v 0.3939350 0.1000000 -0.3939350
v 0.3939350 -0.0000000 -0.3939350
v 0.4425950 -0.0000000 -0.3614150
v 0.3939350 0.1000000 -0.3939350
v 0.3614150 0.1000000 -0.4425950
v 0.3614150 -0.0000000 -0.4425950
v 0.3939350 -0.0000000 -0.3939350
v 0.3614150 0.1000000 -0.4425950
v 0.3500000 0.1000000 -0.5000000
v 0.3500000 -0.0000000 -0.5000000
v 0.3614150 -0.0000000 -0.4425950
v 0.3500000 0.1000000 -0.5000000
v 0.3614150 0.1000000 -0.5574050
v 0.3614150 -0.0000000 -0.5574050
v 0.3500000 -0.0000000 -0.5000000
v 0.3614150 0.1000000 -0.5574050
v 0.3939350 0.1000000 -0.6060650
v 0.3939350 -0.0000000 -0.6060650
v 0.3614150 -0.0000000 -0.5574050
v 0.3939350 0.1000000 -0.6060650
v 0.4425950 0.1000000 -0.6385850
v 0.4425950 -0.0000000 -0.6385850
v 0.3939350 -0.0000000 -0.6060650
v 0.4425950 0.1000000 -0.6385850
v 0.5000000 0.1000000 -0.6500000
v 0.5000000 -0.0000000 -0.6500000
v 0.4425950 -0.0000000 -0.6385850
v 0.5000000 0.1000000 -0.6500000
v 0.5574050 0.1000000 -0.6385850
v 0.5574050 -0.0000000 -0.6385850
v 0.5000000 -0.0000000 -0.6500000
v 0.5574050 0.1000000 -0.6385850
v 0.6060650 0.1000000 -0.6060650
v 0.6060650 -0.0000000 -0.6060650
v 0.5574050 -0.0000000 -0.6385850
v 0.6060650 0.1000000 -0.6060650
v 0.6385850 0.1000000 -0.5574050
v 0.6385850 -0.0000000 -0.5574050
v 0.6060650 -0.0000000 -0.6060650
v 0.6385850 0.1000000 -0.5574050
v 0.6500000 0.1000000 -0.5000000
v 0.6500000 -0.0000000 -0.5000000
v 0.6385850 -0.0000000 -0.5574050
v 0.5000000 0.1000000 -0.3500000
v 0.5000000 0.1000000 -0.4000000
v 0.4617300 0.1000000 -0.4076100
v 0.4425950 0.1000000 -0.3614150
v 0.4425950 0.1000000 -0.3614150
v 0.4617300 0.1000000 -0.4076100
v 0.4292900 0.1000000 -0.4292900
v 0.3939350 0.1000000 -0.3939350
v 0.3939350 0.1000000 -0.3939350
v 0.4292900 0.1000000 -0.4292900
v 0.4076100 0.1000000 -0.4617300
v 0.3614150 0.1000000 -0.4425950
v 0.3614150 0.1000000 -0.4425950
v 0.4076100 0.1000000 -0.4617300
v 0.4000000 0.1000000 -0.5000000
v 0.3500000 0.1000000 -0.5000000
v 0.3500000 0.1000000 -0.5000000
v 0.4000000 0.1000000 -0.5000000
v 0.4076100 0.1000000 -0.5382700
v 0.3614150 0.1000000 -0.5574050
v 0.3614150 0.1000000 -0.5574050
v 0.4076100 0.1000000 -0.5382700
v 0.4292900 0.1000000 -0.5707100
v 0.3939350 0.1000000 -0.6060650
v 0.3939350 0.1000000 -0.6060650
v 0.4292900 0.1000000 -0.5707100
v 0.4617300 0.1000000 -0.5923900
v 0.4425950 0.1000000 -0.6385850
v 0.4425950 0.1000000 -0.6385850
v 0.4617300 0.1000000 -0.5923900
v 0.5000000 0.1000000 -0.6000000
v 0.5000000 0.1000000 -0.6500000
v 0.5000000 0.1000000 -0.6500000
v 0.5000000 0.1000000 -0.6000000
v 0.5382700 0.1000000 -0.5923900
v 0.5574050 0.1000000 -0.6385850
v 0.5574050 0.1000000 -0.6385850
v 0.5382700 0.1000000 -0.5923900
v 0.5707100 0.1000000 -0.5707100
v 0.6060650 0.1000000 -0.6060650
v 0.6060650 0.1000000 -0.6060650
v 0.5707100 0.1000000 -0.5707100
v 0.5923900 0.1000000 -0.5382700
v 0.6385850 0.1000000 -0.5574050
v 0.6385850 0.1000000 -0.5574050
v 0.5923900 0.1000000 -0.5382700
v 0.6000000 0.1000000 -0.5000000
v 0.6500000 0.1000000 -0.5000000
v 0.6500000 0.1000000 -0.5000000
v 0.6000000 0.1000000 -0.5000000
v 0.5923900 0.1000000 -0.4617300
v 0.6385850 0.1000000 -0.4425950
v 0.6385850 0.1000000 -0.4425950
v 0.5923900 0.1000000 -0.4617300
v 0.5707100 0.1000000 -0.4292900
v 0.6060650 0.1000000 -0.3939350
v 0.6060650 0.1000000 -0.3939350
v 0.5707100 0.1000000 -0.4292900
v 0.5382700 0.1000000 -0.4076100
v 0.5574050 0.1000000 -0.3614150
v 0.5574050 0.1000000 -0.3614150
v 0.5382700 0.1000000 -0.4076100
v 0.5000000 0.1000000 -0.4000000
v 0.5000000 0.1000000 -0.3500000
v -0.4000000 -0.0000000 -0.5000000
v -0.4076100 -0.0000000 -0.4617300
v -0.4076100 0.1000000 -0.4617300
v -0.4000000 0.1000000 -0.5000000
v -0.4076100 -0.0000000 -0.4617300
v -0.4292900 -0.0000000 -0.4292900
v -0.4292900 0.1000000 -0.4292900
v -0.4076100 0.1000000 -0.4617300
v -0.4292900 -0.0000000 -0.4292900
v -0.4617300 -0.0000000 -0.4076100
v -0.4617300 0.1000000 -0.4076100
v -0.4292900 0.1000000 -0.4292900
v -0.4617300 -0.0000000 -0.4076100
v -0.5000000 -0.0000000 -0.4000000
v -0.5000000 0.1000000 -0.4000000
v -0.4617300 0.1000000 -0.4076100
v -0.5000000 -0.0000000 -0.4000000
v -0.5382700 -0.0000000 -0.4076100
v -0.5382700 0.1000000 -0.4076100
v -0.5000000 0.1000000 -0.4000000
v -0.5382700 -0.0000000 -0.4076100
v -0.5707100 -0.0000000 -0.4292900
v -0.5707100 0.1000000 -0.4292900
v -0.5382700 0.1000000 -0.4076100
v -0.5707100 -0.0000000 -0.4292900
v -0.5923900 -0.0000000 -0.4617300
v -0.5923900 0.1000000 -0.4617300
v -0.5707100 0.1000000 -0.4292900
v -0.5923900 -0.0000000 -0.4617300
v -0.6000000 -0.0000000 -0.5000000
v -0.6000000 0.1000000 -0.5000000
v -0.5923900 0.1000000 -0.4617300
v -0.6000000 -0.0000000 -0.5000000
v -0.5923900 -0.0000000 -0.5382700
v -0.5923900 0.1000000 -0.5382700
v -0.6000000 0.1000000 -0.5000000
v -0.5923900 -0.0000000 -0.5382700
v -0.5707100 -0.0000000 -0.5707100
v -0.5707100 0.1000000 -0.5707100
v -0.5923900 0.1000000 -0.5382700
v -0.5707100 -0.0000000 -0.5707100
v -0.5382700 -0.0000000 -0.5923900
v -0.5382700 0.1000000 -0.5923900
v -0.5707100 0.1000000 -0.5707100
v -0.5382700 -0.0000000 -0.5923900
v -0.5000000 -0.0000000 -0.6000000
v -0.5000000 0.1000000 -0.6000000
v -0.5382700 0.1000000 -0.5923900
v -0.5000000 -0.0000000 -0.6000000
v -0.4617300 -0.0000000 -0.5923900
v -0.4617300 0.1000000 -0.5923900
v -0.5000000 0.1000000 -0.6000000
v -0.4617300 -0.0000000 -0.5923900
v -0.4292900 -0.0000000 -0.5707100
v -0.4292900 0.1000000 -0.5707100
v -0.4617300 0.1000000 -0.5923900
v -0.4292900 -0.0000000 -0.5707100
v -0.4076100 -0.0000000 -0.5382700
v -0.4076100 0.1000000 -0.5382700
v -0.4292900 0.1000000 -0.5707100
v -0.4076100 -0.0000000 -0.5382700
v -0.4000000 -0.0000000 -0.5000000
v -0.4000000 0.1000000 -0.5000000
v -0.4076100 0.1000000 -0.5382700
v -0.3500000 0.1000000 -0.5000000
v -0.3614150 0.1000000 -0.4425950
v -0.3614150 -0.0000000 -0.4425950
v -0.3500000 -0.0000000 -0.5000000
v -0.3614150 0.1000000 -0.4425950
v -0.3939350 0.1000000 -0.3939350
v -0.3939350 -0.0000000 -0.3939350
v -0.3614150 -0.0000000 -0.4425950
v -0.3939350 0.1000000 -0.3939350
v -0.4425950 0.1000000 -0.3614150
v -0.4425950 -0.0000000 -0.3614150
v -0.3939350 -0.0000000 -0.3939350
v -0.4425950 0.1000000 -0.3614150
v -0.5000000 0.1000000 -0.3500000
v -0.5000000 -0.0000000 -0.3500000
v -0.4425950 -0.0000000 -0.3614150
v -0.5000000 0.1000000 -0.3500000
v -0.5574050 0.1000000 -0.3614150
v -0.5574050 -0.0000000 -0.3614150
v -0.5000000 -0.0000000 -0.3500000
v -0.5574050 0.1000000 -0.3614150
v -0.6060650 0.1000000 -0.3939350
v -0.6060650 -0.0000000 -0.3939350
v -0.5574050 -0.0000000 -0.3614150
v -0.6060650 0.1000000 -0.3939350
v -0.6385850 0.1000000 -0.4425950
v -0.6385850 -0.0000000 -0.4425950
v -0.6060650 -0.0000000 -0.3939350
v -0.6385850 0.1000000 -0.4425950
v -0.6500000 0.1000000 -0.5000000
v -0.6500000 -0.0000000 -0.5000000
v -0.6385850 -0.0000000 -0.4425950
v -0.6500000 0.1000000 -0.5000000
v -0.6385850 0.1000000 -0.5574050
v -0.6385850 -0.0000000 -0.5574050
v -0.6500000 -0.0000000 -0.5000000
v -0.6385850 0.1000000 -0.5574050
v -0.6060650 0.1000000 -0.6060650
v -0.6060650 -0.0000000 -0.6060650
v -0.6385850 -0.0000000 -0.5574050
v -0.6060650 0.1000000 -0.6060650
v -0.5574050 0.1000000 -0.6385850
v -0.5574050 -0.0000000 -0.6385850
v -0.6060650 -0.0000000 -0.6060650
v -0.5574050 0.1000000 -0.6385850
v -0.5000000 0.1000000 -0.6500000
v -0.5000000 -0.0000000 -0.6500000
v -0.5574050 -0.0000000 -0.6385850
v -0.5000000 0.1000000 -0.6500000
v -0.4425950 0.1000000 -0.6385850
v -0.4425950 -0.0000000 -0.6385850
v -0.5000000 -0.0000000 -0.6500000
v -0.4425950 0.1000000 -0.6385850
v -0.3939350 0.1000000 -0.6060650
v -0.3939350 -0.0000000 -0.6060650
v -0.4425950 -0.0000000 -0.6385850
v -0.3939350 0.1000000 -0.6060650
v -0.3614150 0.1000000 -0.5574050
v -0.3614150 -0.0000000 -0.5574050
v -0.3939350 -0.0000000 -0.6060650
v -0.3614150 0.1000000 -0.5574050
v -0.3500000 0.1000000 -0.5000000
v -0.3500000 -0.0000000 -0.5000000
v -0.3614150 -0.0000000 -0.5574050
v -0.5000000 0.1000000 -0.3500000
v -0.5000000 0.1000000 -0.4000000
v -0.5382700 0.1000000 -0.4076100
v -0.5574050 0.1000000 -0.3614150
v -0.5574050 0.1000000 -0.3614150
v -0.5382700 0.1000000 -0.4076100
v -0.5707100 0.1000000 -0.4292900
v -0.6060650 0.1000000 -0.3939350
v -0.6060650 0.1000000 -0.3939350
v -0.5707100 0.1000000 -0.4292900
v -0.5923900 0.1000000 -0.4617300
v -0.6385850 0.1000000 -0.4425950
v -0.6385850 0.1000000 -0.4425950
v -0.5923900 0.1000000 -0.4617300
v -0.6000000 0.1000000 -0.5000000
v -0.6500000 0.1000000 -0.5000000
v -0.6500000 0.1000000 -0.5000000
v -0.6000000 0.1000000 -0.5000000
v -0.5923900 0.1000000 -0.5382700
v -0.6385850 0.1000000 -0.5574050
v -0.6385850 0.1000000 -0.5574050
v -0.5923900 0.1000000 -0.5382700
v -0.5707100 0.1000000 -0.5707100
v -0.6060650 0.1000000 -0.6060650
v -0.6060650 0.1000000 -0.6060650
v -0.5707100 0.1000000 -0.5707100
v -0.5382700 0.1000000 -0.5923900
v -0.5574050 0.1000000 -0.6385850
v -0.5574050 0.1000000 -0.6385850
v -0.5382700 0.1000000 -0.5923900
v -0.5000000 0.1000000 -0.6000000
v -0.5000000 0.1000000 -0.6500000
v -0.5000000 0.1000000 -0.6500000
v -0.5000000 0.1000000 -0.6000000
v -0.4617300 0.1000000 -0.5923900
v -0.4425950 0.1000000 -0.6385850
v -0.4425950 0.1000000 -0.6385850
v -0.4617300 0.1000000 -0.5923900
v -0.4292900 0.1000000 -0.5707100
v -0.3939350 0.1000000 -0.6060650
v -0.3939350 0.1000000 -0.6060650
v -0.4292900 0.1000000 -0.5707100
v -0.4076100 0.1000000 -0.5382700
v -0.3614150 0.1000000 -0.5574050
v -0.3614150 0.1000000 -0.5574050
v -0.4076100 0.1000000 -0.5382700
v -0.4000000 0.1000000 -0.5000000
v -0.3500000 0.1000000 -0.5000000
v -0.3500000 0.1000000 -0.5000000
v -0.4000000 0.1000000 -0.5000000
v -0.4076100 0.1000000 -0.4617300
v -0.3614150 0.1000000 -0.4425950
v -0.3614150 0.1000000 -0.4425950
v -0.4076100 0.1000000 -0.4617300
v -0.4292900 0.1000000 -0.4292900
v -0.3939350 0.1000000 -0.3939350
v -0.3939350 0.1000000 -0.3939350
v -0.4292900 0.1000000 -0.4292900
v -0.4617300 0.1000000 -0.4076100
v -0.4425950 0.1000000 -0.3614150
v -0.4425950 0.1000000 -0.3614150
v -0.4617300 0.1000000 -0.4076100
v -0.5000000 0.1000000 -0.4000000
v -0.5000000 0.1000000 -0.3500000
v 0.6000000 -0.0000000 -1.0000000
v 0.5923900 -0.0000000 -0.9617300
v 0.5923900 0.1000000 -0.9617300
v 0.6000000 0.1000000 -1.0000000
v 0.5923900 -0.0000000 -0.9617300
v 0.5707100 -0.0000000 -0.9292900
v 0.5707100 0.1000000 -0.9292900
v 0.5923900 0.1000000 -0.9617300
v 0.5707100 -0.0000000 -0.9292900
v 0.5382700 -0.0000000 -0.9076100
v 0.5382700 0.1000000 -0.9076100
v 0.5707100 0.1000000 -0.9292900
v 0.5382700 -0.0000000 -0.9076100
v 0.5000000 -0.0000000 -0.9000000
v 0.5000000 0.1000000 -0.9000000
v 0.5382700 0.1000000 -0.9076100
v 0.5000000 -0.0000000 -0.9000000
v 0.4617300 -0.0000000 -0.9076100
v 0.4617300 0.1000000 -0.9076100
v 0.5000000 0.1000000 -0.9000000
v 0.4617300 -0.0000000 -0.9076100
v 0.4292900 -0.0000000 -0.9292900
v 0.4292900 0.1000000 -0.9292900
v 0.4617300 0.1000000 -0.9076100
v 0.4292900 -0.0000000 -0.9292900
v 0.4076100 -0.0000000 -0.9617300
v 0.4076100 0.1000000 -0.9617300
v 0.4292900 0.1000000 -0.9292900
v 0.4076100 -0.0000000 -0.9617300
v 0.4000000 -0.0000000 -1.0000000
v 0.4000000 0.1000000 -1.0000000
v 0.4076100 0.1000000 -0.9617300
v 0.4000000 -0.0000000 -1.0000000
v 0.4076100 -0.0000000 -1.0382700
v 0.4076100 0.1000000 -1.0382700
v 0.4000000 0.1000000 -1.0000000
v 0.4076100 -0.0000000 -1.0382700
v 0.4292900 -0.0000000 -1.0707100
v 0.4292900 0.1000000 -1.0707100
v 0.4076100 0.1000000 -1.0382700
v 0.4292900 -0.0000000 -1.0707100
v 0.4617300 -0.0000000 -1.0923900
v 0.4617300 0.1000000 -1.0923900
v 0.4292900 0.1000000 -1.0707100
v 0.4617300 -0.0000000 -1.0923900
v 0.5000000 -0.0000000 -1.1000000
v 0.5000000 0.1000000 -1.1000000
v 0.4617300 0.1000000 -1.0923900
v 0.5000000 -0.0000000 -1.1000000
v 0.5382700 -0.0000000 -1.0923900
v 0.5382700 0.1000000 -1.0923900
v 0.5000000 0.1000000 -1.1000000
v 0.5382700 -0.0000000 -1.0923900
v 0.5707100 -0.0000000 -1.0707100
v 0.5707100 0.1000000 -1.0707100
v 0.5382700 0.1000000 -1.0923900
v 0.5707100 -0.0000000 -1.0707100
v 0.5923900 -0.0000000 -1.0382700
v 0.5923900 0.1000000 -1.0382700
v 0.5707100 0.1000000 -1.0707100
v 0.5923900 -0.0000000 -1.0382700
v 0.6000000 -0.0000000 -1.0000000
v 0.6000000 0.1000000 -1.0000000
v 0.5923900 0.1000000 -1.0382700
v 0.6500000 0.1000000 -1.0000000
v 0.6385850 0.1000000 -0.9425950
v 0.6385850 -0.0000000 -0.9425950
v 0.6500000 -0.0000000 -1.0000000
v 0.6385850 0.1000000 -0.9425950
v 0.6060650 0.1000000 -0.8939350
v 0.6060650 -0.0000000 -0.8939350
v 0.6385850 -0.0000000 -0.9425950
v 0.6060650 0.1000000 -0.8939350
v 0.5574050 0.1000000 -0.8614150
v 0.5574050 -0.0000000 -0.8614150
v 0.6060650 -0.0000000 -0.8939350
v 0.5574050 0.1000000 -0.8614150
v 0.5000000 0.1000000 -0.8500000
v 0.5000000 -0.0000000 -0.8500000
v 0.5574050 -0.0000000 -0.8614150
v 0.5000000 0.1000000 -0.8500000
v 0.4425950 0.1000000 -0.8614150
v 0.4425950 -0.0000000 -0.8614150
v 0.5000000 -0.0000000 -0.8500000
v 0.4425950 0.1000000 -0.8614150
v 0.3939350 0.1000000 -0.8939350
v 0.3939350 -0.0000000 -0.8939350
v 0.4425950 -0.0000000 -0.8614150
v 0.3939350 0.1000000 -0.8939350
v 0.3614150 0.1000000 -0.9425950
v 0.3614150 -0.0000000 -0.9425950
v 0.3939350 -0.0000000 -0.8939350
v 0.3614150 0.1000000 -0.9425950
v 0.3500000 0.1000000 -1.0000000
v 0.3500000 -0.0000000 -1.0000000
v 0.3614150 -0.0000000 -0.9425950
v 0.3500000 0.1000000 -1.0000000
v 0.3614150 0.1000000 -1.0574050
v 0.3614150 -0.0000000 -1.0574050
v 0.3500000 -0.0000000 -1.0000000
v 0.3614150 0.1000000 -1.0574050
v 0.3939350 0.1000000 -1.1060650
v 0.3939350 -0.0000000 -1.1060650
v 0.3614150 -0.0000000 -1.0574050
v 0.3939350 0.1000000 -1.1060650
v 0.4425950 0.1000000 -1.1385850
v 0.4425950 -0.0000000 -1.1385850
v 0.3939350 -0.0000000 -1.1060650
v 0.4425950 0.1000000 -1.1385850
v 0.5000000 0.1000000 -1.1500000
v 0.5000000 -0.0000000 -1.1500000
v 0.4425950 -0.0000000 -1.1385850
v 0.5000000 0.1000000 -1.1500000
v 0.5574050 0.1000000 -1.1385850
v 0.5574050 -0.0000000 -1.1385850
v 0.5000000 -0.0000000 -1.1500000
v 0.5574050 0.1000000 -1.1385850
v 0.6060650 0.1000000 -1.1060650
v 0.6060650 -0.0000000 -1.1060650
v 0.5574050 -0.0000000 -1.1385850
v 0.6060650 0.1000000 -1.1060650
v 0.6385850 0.1000000 -1.0574050
v 0.6385850 -0.0000000 -1.0574050
v 0.6060650 -0.0000000 -1.1060650
v 0.6385850 0.1000000 -1.0574050
v 0.6500000 0.1000000 -1.0000000
v 0.6500000 -0.0000000 -1.0000000
v 0.6385850 -0.0000000 -1.0574050
v 0.5000000 0.1000000 -0.8500000
v 0.5000000 0.1000000 -0.9000000
v 0.4617300 0.1000000 -0.9076100
v 0.4425950 0.1000000 -0.8614150
v 0.4425950 0.1000000 -0.8614150
v 0.4617300 0.1000000 -0.9076100
v 0.4292900 0.1000000 -0.9292900
v 0.3939350 0.1000000 -0.8939350
v 0.3939350 0.1000000 -0.8939350
v 0.4292900 0.1000000 -0.9292900
v 0.4076100 0.1000000 -0.9617300
v 0.3614150 0.1000000 -0.9425950
v 0.3614150 0.1000000 -0.9425950
v 0.4076100 0.1000000 -0.9617300
v 0.4000000 0.1000000 -1.0000000
v 0.3500000 0.1000000 -1.0000000
v 0.3500000 0.1000000 -1.0000000
v 0.4000000 0.1000000 -1.0000000
v 0.4076100 0.1000000 -1.0382700
v 0.3614150 0.1000000 -1.0574050
v 0.3614150 0.1000000 -1.0574050
v 0.4076100 0.1000000 -1.0382700
v 0.4292900 0.1000000 -1.0707100
v 0.3939350 0.1000000 -1.1060650
v 0.3939350 0.1000000 -1.1060650
v 0.4292900 0.1000000 -1.0707100
v 0.4617300 0.1000000 -1.0923900
v 0.4425950 0.1000000 -1.1385850
v 0.4425950 0.1000000 -1.1385850
v 0.4617300 0.1000000 -1.0923900
v 0.5000000 0.1000000 -1.1000000
v 0.5000000 0.1000000 -1.1500000
v 0.5000000 0.1000000 -1.1500000
v 0.5000000 0.1000000 -1.1000000
v 0.5382700 0.1000000 -1.0923900
v 0.5574050 0.1000000 -1.1385850
v 0.5574050 0.1000000 -1.1385850
v 0.5382700 0.1000000 -1.0923900
v 0.5707100 0.1000000 -1.0707100
v 0.6060650 0.1000000 -1.1060650
v 0.6060650 0.1000000 -1.1060650
v 0.5707100 0.1000000 -1.0707100
v 0.5923900 0.1000000 -1.0382700
v 0.6385850 0.1000000 -1.0574050
v 0.6385850 0.1000000 -1.0574050
v 0.5923900 0.1000000 -1.0382700
v 0.6000000 0.1000000 -1.0000000
v 0.6500000 0.1000000 -1.0000000
v 0.6500000 0.1000000 -1.0000000
v 0.6000000 0.1000000 -1.0000000
v 0.5923900 0.1000000 -0.9617300
v 0.6385850 0.1000000 -0.9425950
v 0.6385850 0.1000000 -0.9425950
v 0.5923900 0.1000000 -0.9617300
v 0.5707100 0.1000000 -0.9292900
v 0.6060650 0.1000000 -0.8939350
v 0.6060650 0.1000000 -0.8939350
v 0.5707100 0.1000000 -0.9292900
v 0.5382700 0.1000000 -0.9076100
v 0.5574050 0.1000000 -0.8614150
v 0.5574050 0.1000000 -0.8614150
v 0.5382700 0.1000000 -0.9076100
v 0.5000000 0.1000000 -0.9000000
v 0.5000000 0.1000000 -0.8500000
v -0.4000000 -0.0000000 -1.0000000
v -0.4076100 -0.0000000 -0.9617300
v -0.4076100 0.1000000 -0.9617300
v -0.4000000 0.1000000 -1.0000000
v -0.4076100 -0.0000000 -0.9617300
v -0.4292900 -0.0000000 -0.9292900
v -0.4292900 0.1000000 -0.9292900
v -0.4076100 0.1000000 -0.9617300
v -0.4292900 -0.0000000 -0.9292900
v -0.4617300 -0.0000000 -0.9076100
v -0.4617300 0.1000000 -0.9076100
v -0.4292900 0.1000000 -0.9292900
v -0.4617300 -0.0000000 -0.9076100
v -0.5000000 -0.0000000 -0.9000000
v -0.5000000 0.1000000 -0.9000000
v -0.4617300 0.1000000 -0.9076100
v -0.5000000 -0.0000000 -0.9000000
v -0.5382700 -0.0000000 -0.9076100
v -0.5382700 0.1000000 -0.9076100
v -0.5000000 0.1000000 -0.9000000
v -0.5382700 -0.0000000 -0.9076100
v -0.5707100 -0.0000000 -0.9292900
v -0.5707100 0.1000000 -0.9292900
v -0.5382700 0.1000000 -0.9076100
v -0.5707100 -0.0000000 -0.9292900
v -0.5923900 -0.0000000 -0.9617300
v -0.5923900 0.1000000 -0.9617300
v -0.5707100 0.1000000 -0.9292900
v -0.5923900 -0.0000000 -0.9617300
v -0.6000000 -0.0000000 -1.0000000
v -0.6000000 0.1000000 -1.0000000
v -0.5923900 0.1000000 -0.9617300
v -0.6000000 -0.0000000 -1.0000000
v -0.5923900 -0.0000000 -1.0382700
v -0.5923900 0.1000000 -1.0382700
v -0.6000000 0.1000000 -1.0000000
v -0.5923900 -0.0000000 -1.0382700
v -0.5707100 -0.0000000 -1.0707100
v -0.5707100 0.1000000 -1.0707100
v -0.5923900 0.1000000 -1.0382700
v -0.5707100 -0.0000000 -1.0707100
v -0.5382700 -0.0000000 -1.0923900
v -0.5382700 0.1000000 -1.0923900
v -0.5707100 0.1000000 -1.0707100
v -0.5382700 -0.0000000 -1.0923900
v -0.5000000 -0.0000000 -1.1000000
v -0.5000000 0.1000000 -1.1000000
v -0.5382700 0.1000000 -1.0923900
v -0.5000000 -0.0000000 -1.1000000
v -0.4617300 -0.0000000 -1.0923900
v -0.4617300 0.1000000 -1.0923900
v -0.5000000 0.1000000 -1.1000000
v -0.4617300 -0.0000000 -1.0923900
v -0.4292900 -0.0000000 -1.0707100
v -0.4292900 0.1000000 -1.0707100
v -0.4617300 0.1000000 -1.0923900
v -0.4292900 -0.0000000 -1.0707100
v -0.4076100 -0.0000000 -1.0382700
v -0.4076100 0.1000000 -1.0382700
v -0.4292900 0.1000000 -1.0707100
v -0.4076100 -0.0000000 -1.0382700
v -0.4000000 -0.0000000 -1.0000000
v -0.4000000 0.1000000 -1.0000000
v -0.4076100 0.1000000 -1.0382700
v -0.3500000 0.1000000 -1.0000000
v -0.3614150 0.1000000 -0.9425950
v -0.3614150 -0.0000000 -0.9425950
v -0.3500000 -0.0000000 -1.0000000
v -0.3614150 0.1000000 -0.9425950
v -0.3939350 0.1000000 -0.8939350
v -0.3939350 -0.0000000 -0.8939350
v -0.3614150 -0.0000000 -0.9425950
v -0.3939350 0.1000000 -0.8939350
v -0.4425950 0.1000000 -0.8614150
v -0.4425950 -0.0000000 -0.8614150
v -0.3939350 -0.0000000 -0.8939350
v -0.4425950 0.1000000 -0.8614150
v -0.5000000 0.1000000 -0.8500000
v -0.5000000 -0.0000000 -0.8500000
v -0.4425950 -0.0000000 -0.8614150
v -0.5000000 0.1000000 -0.8500000
v -0.5574050 0.1000000 -0.8614150
v -0.5574050 -0.0000000 -0.8614150
v -0.5000000 -0.0000000 -0.8500000
v -0.5574050 0.1000000 -0.8614150
v -0.6060650 0.1000000 -0.8939350
v -0.6060650 -0.0000000 -0.8939350
v -0.5574050 -0.0000000 -0.8614150
v -0.6060650 0.1000000 -0.8939350
v -0.6385850 0.1000000 -0.9425950
v -0.6385850 -0.0000000 -0.9425950
v -0.6060650 -0.0000000 -0.8939350
v -0.6385850 0.1000000 -0.9425950
v -0.6500000 0.1000000 -1.0000000
v -0.6500000 -0.0000000 -1.0000000
v -0.6385850 -0.0000000 -0.9425950
v -0.6500000 0.1000000 -1.0000000
v -0.6385850 0.1000000 -1.0574050
v -0.6385850 -0.0000000 -1.0574050
v -0.6500000 -0.0000000 -1.0000000
v -0.6385850 0.1000000 -1.0574050
v -0.6060650 0.1000000 -1.1060650
v -0.6060650 -0.0000000 -1.1060650
v -0.6385850 -0.0000000 -1.0574050
v -0.6060650 0.1000000 -1.1060650
v -0.5574050 0.1000000 -1.1385850
v -0.5574050 -0.0000000 -1.1385850
v -0.6060650 -0.0000000 -1.1060650
v -0.5574050 0.1000000 -1.1385850
v -0.5000000 0.1000000 -1.1500000
v -0.5000000 -0.0000000 -1.1500000
v -0.5574050 -0.0000000 -1.1385850
v -0.5000000 0.1000000 -1.1500000
v -0.4425950 0.1000000 -1.1385850
v -0.4425950 -0.0000000 -1.1385850
v -0.5000000 -0.0000000 -1.1500000
v -0.4425950 0.1000000 -1.1385850
v -0.3939350 0.1000000 -1.1060650
v -0.3939350 -0.0000000 -1.1060650
v -0.4425950 -0.0000000 -1.1385850
v -0.3939350 0.1000000 -1.1060650
v -0.3614150 0.1000000 -1.0574050
v -0.3614150 -0.0000000 -1.0574050
v -0.3939350 -0.0000000 -1.1060650
v -0.3614150 0.1000000 -1.0574050
v -0.3500000 0.1000000 -1.0000000
v -0.3500000 -0.0000000 -1.0000000
v -0.3614150 -0.0000000 -1.0574050
v -0.5000000 0.1000000 -0.8500000
v -0.5000000 0.1000000 -0.9000000
v -0.5382700 0.1000000 -0.9076100
v -0.5574050 0.1000000 -0.8614150
v -0.5574050 0.1000000 -0.8614150
v -0.5382700 0.1000000 -0.9076100
v -0.5707100 0.1000000 -0.9292900
v -0.6060650 0.1000000 -0.8939350
v -0.6060650 0.1000000 -0.8939350
v -0.5707100 0.1000000 -0.9292900
v -0.5923900 0.1000000 -0.9617300
v -0.6385850 0.1000000 -0.9425950
v -0.6385850 0.1000000 -0.9425950
v -0.5923900 0.1000000 -0.9617300
v -0.6000000 0.1000000 -1.0000000
v -0.6500000 0.1000000 -1.0000000
v -0.6500000 0.1000000 -1.0000000
v -0.6000000 0.1000000 -1.0000000
v -0.5923900 0.1000000 -1.0382700
v -0.6385850 0.1000000 -1.0574050
v -0.6385850 0.1000000 -1.0574050
v -0.5923900 0.1000000 -1.0382700
v -0.5707100 0.1000000 -1.0707100
v -0.6060650 0.1000000 -1.1060650
v -0.6060650 0.1000000 -1.1060650
v -0.5707100 0.1000000 -1.0707100
v -0.5382700 0.1000000 -1.0923900
v -0.5574050 0.1000000 -1.1385850
v -0.5574050 0.1000000 -1.1385850
v -0.5382700 0.1000000 -1.0923900
v -0.5000000 0.1000000 -1.1000000
v -0.5000000 0.1000000 -1.1500000
v -0.5000000 0.1000000 -1.1500000
v -0.5000000 0.1000000 -1.1000000
v -0.4617300 0.1000000 -1.0923900
v -0.4425950 0.1000000 -1.1385850
v -0.4425950 0.1000000 -1.1385850
v -0.4617300 0.1000000 -1.0923900
v -0.4292900 0.1000000 -1.0707100
v -0.3939350 0.1000000 -1.1060650
v -0.3939350 0.1000000 -1.1060650
v -0.4292900 0.1000000 -1.0707100
v -0.4076100 0.1000000 -1.0382700
v -0.3614150 0.1000000 -1.0574050
v -0.3614150 0.1000000 -1.0574050
v -0.4076100 0.1000000 -1.0382700
v -0.4000000 0.1000000 -1.0000000
v -0.3500000 0.1000000 -1.0000000
v -0.3500000 0.1000000 -1.0000000
v -0.4000000 0.1000000 -1.0000000
v -0.4076100 0.1000000 -0.9617300
v -0.3614150 0.1000000 -0.9425950
v -0.3614150 0.1000000 -0.9425950
v -0.4076100 0.1000000 -0.9617300
v -0.4292900 0.1000000 -0.9292900
v -0.3939350 0.1000000 -0.8939350
v -0.3939350 0.1000000 -0.8939350
v -0.4292900 0.1000000 -0.9292900
v -0.4617300 0.1000000 -0.9076100
v -0.4425950 0.1000000 -0.8614150
v -0.4425950 0.1000000 -0.8614150
v -0.4617300 0.1000000 -0.9076100
v -0.5000000 0.1000000 -0.9000000
v -0.5000000 0.1000000 -0.8500000
v 0.1000000 -0.0000000 -1.5000000
v 0.0923900 -0.0000000 -1.4617300
v 0.0923900 0.1000000 -1.4617300
v 0.1000000 0.1000000 -1.5000000
v 0.0923900 -0.0000000 -1.4617300
v 0.0707100 -0.0000000 -1.4292900
v 0.0707100 0.1000000 -1.4292900
v 0.0923900 0.1000000 -1.4617300
v 0.0707100 -0.0000000 -1.4292900
v 0.0382700 -0.0000000 -1.4076100
v 0.0382700 0.1000000 -1.4076100
v 0.0707100 0.1000000 -1.4292900
v 0.0382700 -0.0000000 -1.4076100
v 0.0000000 -0.0000000 -1.4000000
v 0.0000000 0.1000000 -1.4000000
v 0.0382700 0.1000000 -1.4076100
v 0.0000000 -0.0000000 -1.4000000
v -0.0382700 -0.0000000 -1.4076100
v -0.0382700 0.1000000 -1.4076100
v 0.0000000 0.1000000 -1.4000000
v -0.0382700 -0.0000000 -1.4076100
v -0.0707100 -0.0000000 -1.4292900
v -0.0707100 0.1000000 -1.4292900
v -0.0382700 0.1000000 -1.4076100
v -0.0707100 -0.0000000 -1.4292900
v -0.0923900 -0.0000000 -1.4617300
v -0.0923900 0.1000000 -1.4617300
v -0.0707100 0.1000000 -1.4292900
v -0.0923900 -0.0000000 -1.4617300
v -0.1000000 -0.0000000 -1.5000000
v -0.1000000 0.1000000 -1.5000000
v -0.0923900 0.1000000 -1.4617300
v -0.1000000 -0.0000000 -1.5000000
v -0.0923900 -0.0000000 -1.5382700
v -0.0923900 0.1000000 -1.5382700
v -0.1000000 0.1000000 -1.5000000
v -0.0923900 -0.0000000 -1.5382700
v -0.0707100 -0.0000000 -1.5707100
v -0.0707100 0.1000000 -1.5707100
v -0.0923900 0.1000000 -1.5382700
v -0.0707100 -0.0000000 -1.5707100
v -0.0382700 -0.0000000 -1.5923900
v -0.0382700 0.1000000 -1.5923900
v -0.0707100 0.1000000 -1.5707100
v -0.0382700 -0.0000000 -1.5923900
v 0.0000000 -0.0000000 -1.6000000
v 0.0000000 0.1000000 -1.6000000
v -0.0382700 0.1000000 -1.5923900
v 0.0000000 -0.0000000 -1.6000000
v 0.0382700 -0.0000000 -1.5923900
v 0.0382700 0.1000000 -1.5923900
v 0.0000000 0.1000000 -1.6000000
v 0.0382700 -0.0000000 -1.5923900
v 0.0707100 -0.0000000 -1.5707100
v 0.0707100 0.1000000 -1.5707100
v 0.0382700 0.1000000 -1.5923900
v 0.0707100 -0.0000000 -1.5707100
v 0.0923900 -0.0000000 -1.5382700
v 0.0923900 0.1000000 -1.5382700
v 0.0707100 0.1000000 -1.5707100
v 0.0923900 -0.0000000 -1.5382700
v 0.1000000 -0.0000000 -1.5000000
v 0.1000000 0.1000000 -1.5000000
v 0.0923900 0.1000000 -1.5382700
v 0.1500000 0.1000000 -1.5000000
v 0.1385850 0.1000000 -1.4425950
v 0.1385850 -0.0000000 -1.4425950
v 0.1500000 -0.0000000 -1.5000000
v 0.1385850 0.1000000 -1.4425950
v 0.1060650 0.1000000 -1.3939350
v 0.1060650 -0.0000000 -1.3939350
v 0.1385850 -0.0000000 -1.4425950
v 0.1060650 0.1000000 -1.3939350
v 0.0574050 0.1000000 -1.3614150
v 0.0574050 -0.0000000 -1.3614150
v 0.1060650 -0.0000000 -1.3939350
v 0.0574050 0.1000000 -1.3614150
v 0.0000000 0.1000000 -1.3500000
v 0.0000000 -0.0000000 -1.3500000
v 0.0574050 -0.0000000 -1.3614150
v 0.0000000 0.1000000 -1.3500000
v -0.0574050 0.1000000 -1.3614150
v -0.0574050 -0.0000000 -1.3614150
v 0.0000000 -0.0000000 -1.3500000
v -0.0574050 0.1000000 -1.3614150
v -0.1060650 0.1000000 -1.3939350
v -0.1060650 -0.0000000 -1.3939350
v -0.0574050 -0.0000000 -1.3614150
v -0.1060650 0.1000000 -1.3939350
v -0.1385850 0.1000000 -1.4425950
v -0.1385850 -0.0000000 -1.4425950
v -0.1060650 -0.0000000 -1.3939350
v -0.1385850 0.1000000 -1.4425950
v -0.1500000 0.1000000 -1.5000000
v -0.1500000 -0.0000000 -1.5000000
v -0.1385850 -0.0000000 -1.4425950
v -0.1500000 0.1000000 -1.5000000
v -0.1385850 0.1000000 -1.5574050
v -0.1385850 -0.0000000 -1.5574050
v -0.1500000 -0.0000000 -1.5000000
v -0.1385850 0.1000000 -1.5574050
v -0.1060650 0.1000000 -1.6060650
v -0.1060650 -0.0000000 -1.6060650
v -0.1385850 -0.0000000 -1.5574050
v -0.1060650 0.1000000 -1.6060650
v -0.0574050 0.1000000 -1.6385850
v -0.0574050 -0.0000000 -1.6385850
v -0.1060650 -0.0000000 -1.6060650
v -0.0574050 0.1000000 -1.6385850
v 0.0000000 0.1000000 -1.6500000
v 0.0000000 -0.0000000 -1.6500000
v -0.0574050 -0.0000000 -1.6385850
v 0.0000000 0.1000000 -1.6500000
v 0.0574050 0.1000000 -1.6385850
v 0.0574050 -0.0000000 -1.6385850
v 0.0000000 -0.0000000 -1.6500000
v 0.0574050 0.1000000 -1.6385850
v 0.1060650 0.1000000 -1.6060650
v 0.1060650 -0.0000000 -1.6060650
v 0.0574050 -0.0000000 -1.6385850
v 0.1060650 0.1000000 -1.6060650
v 0.1385850 0.1000000 -1.5574050
v 0.1385850 -0.0000000 -1.5574050
v 0.1060650 -0.0000000 -1.6060650
v 0.1385850 0.1000000 -1.5574050
v 0.1500000 0.1000000 -1.5000000
v 0.1500000 -0.0000000 -1.5000000
v 0.1385850 -0.0000000 -1.5574050
v 0.0000000 0.1000000 -1.3500000
v 0.0000000 0.1000000 -1.4000000
v -0.0382700 0.1000000 -1.4076100
v -0.0574050 0.1000000 -1.3614150
v -0.0574050 0.1000000 -1.3614150
v -0.0382700 0.1000000 -1.4076100
v -0.0707100 0.1000000 -1.4292900
v -0.1060650 0.1000000 -1.3939350
v -0.1060650 0.1000000 -1.3939350
v -0.0707100 0.1000000 -1.4292900
v -0.0923900 0.1000000 -1.4617300
v -0.1385850 0.1000000 -1.4425950
v -0.1385850 0.1000000 -1.4425950
v -0.0923900 0.1000000 -1.4617300
v -0.1000000 0.1000000 -1.5000000
v -0.1500000 0.1000000 -1.5000000
v -0.1500000 0.1000000 -1.5000000
v -0.1000000 0.1000000 -1.5000000
v -0.0923900 0.1000000 -1.5382700
v -0.1385850 0.1000000 -1.5574050
v -0.1385850 0.1000000 -1.5574050
v -0.0923900 0.1000000 -1.5382700
v -0.0707100 0.1000000 -1.5707100
v -0.1060650 0.1000000 -1.6060650
v -0.1060650 0.1000000 -1.6060650
v -0.0707100 0.1000000 -1.5707100
v -0.0382700 0.1000000 -1.5923900
v -0.0574050 0.1000000 -1.6385850
v -0.0574050 0.1000000 -1.6385850
v -0.0382700 0.1000000 -1.5923900
v 0.0000000 0.1000000 -1.6000000
v 0.0000000 0.1000000 -1.6500000
v 0.0000000 0.1000000 -1.6500000
v 0.0000000 0.1000000 -1.6000000
v 0.0382700 0.1000000 -1.5923900
v 0.0574050 0.1000000 -1.6385850
v 0.0574050 0.1000000 -1.6385850
v 0.0382700 0.1000000 -1.5923900
v 0.0707100 0.1000000 -1.5707100
v 0.1060650 0.1000000 -1.6060650
v 0.1060650 0.1000000 -1.6060650
v 0.0707100 0.1000000 -1.5707100
v 0.0923900 0.1000000 -1.5382700
v 0.1385850 0.1000000 -1.5574050
v 0.1385850 0.1000000 -1.5574050
v 0.0923900 0.1000000 -1.5382700
v 0.1000000 0.1000000 -1.5000000
v 0.1500000 0.1000000 -1.5000000
v 0.1500000 0.1000000 -1.5000000
v 0.1000000 0.1000000 -1.5000000
v 0.0923900 0.1000000 -1.4617300
v 0.1385850 0.1000000 -1.4425950
v 0.1385850 0.1000000 -1.4425950
v 0.0923900 0.1000000 -1.4617300
v 0.0707100 0.1000000 -1.4292900
v 0.1060650 0.1000000 -1.3939350
v 0.1060650 0.1000000 -1.3939350
v 0.0707100 0.1000000 -1.4292900
v 0.0382700 0.1000000 -1.4076100
v 0.0574050 0.1000000 -1.3614150
v 0.0574050 0.1000000 -1.3614150
v 0.0382700 0.1000000 -1.4076100
v 0.0000000 0.1000000 -1.4000000
v 0.0000000 0.1000000 -1.3500000
s off
f 1 2 3
f 1 3 4
f 5 6 7
f 5 7 8
f 9 10 11
f 9 11 12
f 13 14 15
f 13 15 16
f 17 18 19
f 17 19 20
f 21 22 23
f 21 23 24
f 25 26 27
f 25 27 28
f 29 30 31
f 29 31 32
f 33 34 35
f 33 35 36
f 37 38 39
f 37 39 40
f 41 42 43
f 41 43 44
f 45 46 47
f 45 47 48
f 49 50 51
f 49 51 52
f 53 54 55
f 53 55 56
f 57 58 59
f 57 59 60
f 61 62 63
f 61 63 64
f 65 66 67
f 65 67 68
f 69 70 71
f 69 71 72
f 73 74 75
f 73 75 76
f 77 78 79
f 77 79 80
f 81 82 83
f 81 83 84
f 85 86 87
f 85 87 88
f 89 90 91
f 89 91 92
f 93 94 95
f 93 95 96
f 97 98 99
f 97 99 100
f 101 102 103
f 101 103 104
f 105 106 107
f 105 107 108
f 109 110 111
f 109 111 112
f 113 114 115
f 113 115 116
f 117 118 119
f 117 119 120
f 121 122 123
f 121 123 124
f 125 126 127
f 125 127 128
f 129 130 131
f 129 131 132
f 133 134 135
f 133 135 136
f 137 138 139
f 137 139 140
f 141 142 143
f 141 143 144
f 145 146 147
f 145 147 148
f 149 150 151
f 149 151 152
f 153 154 155
f 153 155 156
f 157 158 159
f 157 159 160
f 161 162 163
f 161 163 164
f 165 166 167
f 165 167 168
f 169 170 171
f 169 171 172
f 173 174 175
f 173 175 176
f 177 178 179
f 177 179 180
f 181 182 183
f 181 183 184
f 185 186 187
f 185 187 188
f 189 190 191
f 189 191 192
f 193 194 195
f 193 195 196
f 197 198 199
f 197 199 200
f 201 202 203
f 201 203 204
f 205 206 207
f 205 207 208
f 209 210 211
f 209 211 212
f 213 214 215
f 213 215 216
f 217 218 219
f 217 219 220
f 221 222 223
f 221 223 224
f 225 226 227
f 225 227 228
f 229 230 231
f 229 231 232
f 233 234 235
f 233 235 236
f 237 238 239
f 237 239 240
f 241 242 243
f 241 243 244
f 245 246 247
f 245 247 248
f 249 250 251
f 249 251 252
f 253 254 255
f 253 255 256
f 257 258 259
f 257 259 260
f 261 262 263
f 261 263 264
f 265 266 267
f 265 267 268
f 269 270 271
f 269 271 272
f 273 274 275
f 273 275 276
f 277 278 279
f 277 279 280
f 281 282 283
f 281 283 284
f 285 286 287
f 285 287 288
f 289 290 291
f 289 291 292
f 293 294 295
f 293 295 296
f 297 298 299
f 297 299 300
f 301 302 303
f 301 303 304
f 305 306 307
f 305 307 308
f 309 310 311
f 309 311 312
f 313 314 315
f 313 315 316
f 317 318 319
f 317 319 320
f 321 322 323
f 321 323 324
f 325 326 327
f 325 327 328
f 329 330 331
f 329 331 332
f 333 334 335
f 333 335 336
f 337 338 339
f 337 339 340
f 341 342 343
f 341 343 344
f 345 346 347
f 345 347 348
f 349 350 351
f 349 351 352
f 353 354 355
f 353 355 356
f 357 358 359
f 357 359 360
f 361 362 363
f 361 363 364
f 365 366 367
f 365 367 368
f 369 370 371
f 369 371 372
f 373 374 375
f 373 375 376
f 377 378 379
f 377 379 380
f 381 382 383
f 381 383 384
f 385 386 387
f 385 387 388
f 389 390 391
f 389 391 392
f 393 394 395
f 393 395 396
f 397 398 399
f 397 399 400
f 401 402 403
f 401 403 404
f 405 406 407
f 405 407 408
f 409 410 411
f 409 411 412
f 413 414 415
f 413 415 416
f 417 418 419
f 417 419 420
f 421 422 423
f 421 423 424
f 425 426 427
f 425 427 428
f 429 430 431
f 429 431 432
f 433 434 435
f 433 435 436
f 437 438 439
f 437 439 440
f 441 442 443
f 441 443 444
f 445 446 447
f 445 447 448
f 449 450 451
f 449 451 452
f 453 454 455
f 453 455 456
f 457 458 459
f 457 459 460
f 461 462 463
f 461 463 464
f 465 466 467
f 465 467 468
f 469 470 471
f 469 471 472
f 473 474 475
f 473 475 476
f 477 478 479
f 477 479 480
f 481 482 483
f 481 483 484
f 485 486 487
f 485 487 488
f 489 490 491
f 489 491 492
f 493 494 495
f 493 495 496
f 497 498 499
f 497 499 500
f 501 502 503
f 501 503 504
f 505 506 507
f 505 507 508
f 509 510 511
f 509 511 512
f 513 514 515
f 513 515 516
f 517 518 519
f 517 519 520
f 521 522 523
f 521 523 524
f 525 526 527
f 525 527 528
f 529 530 531
f 529 531 532
f 533 534 535
f 533 535 536
f 537 538 539
f 537 539 540
f 541 542 543
f 541 543 544
f 545 546 547
f 545 547 548
f 549 550 551
f 549 551 552
f 553 554 555
f 553 555 556
f 557 558 559
f 557 559 560
f 561 562 563
f 561 563 564
f 565 566 567
f 565 567 568
f 569 570 571
f 569 571 572
f 573 574 575
f 573 575 576
f 577 578 579
f 577 579 580
f 581 582 583
f 581 583 584
f 585 586 587
f 585 587 588
f 589 590 591
f 589 591 592
f 593 594 595
f 593 595 596
f 597 598 599
f 597 599 600
f 601 602 603
f 601 603 604
f 605 606 607
f 605 607 608
f 609 610 611
f 609 611 612
f 613 614 615
f 613 615 616
f 617 618 619
f 617 619 620
f 621 622 623
f 621 623 624
f 625 626 627
f 625 627 628
f 629 630 631
f 629 631 632
f 633 634 635
f 633 635 636
f 637 638 639
f 637 639 640
f 641 642 643
f 641 643 644
f 645 646 647
f 645 647 648
f 649 650 651
f 649 651 652
f 653 654 655
f 653 655 656
f 657 658 659
f 657 659 660
f 661 662 663
f 661 663 664
f 665 666 667
f 665 667 668
f 669 670 671
f 669 671 672
f 673 674 675
f 673 675 676
f 677 678 679
f 677 679 680
f 681 682 683
f 681 683 684
f 685 686 687
f 685 687 688
f 689 690 691
f 689 691 692
f 693 694 695
f 693 695 696
f 697 698 699
f 697 699 700
f 701 702 703
f 701 703 704
f 705 706 707
f 705 707 708
f 709 710 711
f 709 711 712
f 713 714 715
f 713 715 716
f 717 718 719
f 717 719 720
f 721 722 723
f 721 723 724
f 725 726 727
f 725 727 728
f 729 730 731
f 729 731 732
f 733 734 735
f 733 735 736
f 737 738 739
f 737 739 740
f 741 742 743
f 741 743 744
f 745 746 747
f 745 747 748
f 749 750 751
f 749 751 752
f 753 754 755
f 753 755 756
f 757 758 759
f 757 759 760
f 761 762 763
f 761 763 764
f 765 766 767
f 765 767 768
f 769 770 771
f 772 773 774
f 775 776 777
f 778 779 780
f 781 782 783
f 784 785 786
f 787 788 789
f 790 791 792
f 793 794 795
f 796 797 798
f 799 800 801
f 802 803 804
f 805 806 807
f 808 809 810
f 811 812 813
f 814 815 816
f 817 818 819
f 817 819 820
f 821 822 823
f 821 823 824
f 825 826 827
f 825 827 828
f 829 830 831
f 829 831 832
f 833 834 835
f 833 835 836
f 837 838 839
f 837 839 840
f 841 842 843
f 841 843 844
f 845 846 847
f 845 847 848
f 849 850 851
f 849 851 852
f 853 854 855
f 853 855 856
f 857 858 859
f 857 859 860
f 861 862 863
f 861 863 864
f 865 866 867
f 865 867 868
f 869 870 871
f 869 871 872
f 873 874 875
f 873 875 876
f 877 878 879
f 877 879 880
f 881 882 883
f 881 883 884
f 885 886 887
f 885 887 888
f 889 890 891
f 889 891 892
f 893 894 895
f 893 895 896
f 897 898 899
f 897 899 900
f 901 902 903
f 901 903 904
f 905 906 907
f 905 907 908
f 909 910 911
f 909 911 912
f 913 914 915
f 913 915 916
f 917 918 919
f 917 919 920
f 921 922 923
f 921 923 924
f 925 926 927
f 925 927 928
f 929 930 931
f 929 931 932
f 933 934 935
f 933 935 936
f 937 938 939
f 937 939 940
f 941 942 943
f 941 943 944
f 945 946 947
f 945 947 948
f 949 950 951
f 949 951 952
f 953 954 955
f 953 955 956
f 957 958 959
f 957 959 960
f 961 962 963
f 961 963 964
f 965 966 967
f 965 967 968
f 969 970 971
f 969 971 972
f 973 974 975
f 973 975 976
f 977 978 979
f 977 979 980
f 981 982 983
f 981 983 984
f 985 986 987
f 985 987 988
f 989 990 991
f 989 991 992
f 993 994 995
f 993 995 996
f 997 998 999
f 997 999 1000
f 1001 1002 1003
f 1001 1003 1004
f 1005 1006 1007
f 1005 1007 1008
f 1009 1010 1011
f 1009 1011 1012
f 1013 1014 1015
f 1013 1015 1016
f 1017 1018 1019
f 1017 1019 1020
f 1021 1022 1023
f 1021 1023 1024
f 1025 1026 1027
f 1025 1027 1028
f 1029 1030 1031
f 1029 1031 1032
f 1033 1034 1035
f 1033 1035 1036
f 1037 1038 1039
f 1037 1039 1040
f 1041 1042 1043
f 1041 1043 1044
f 1045 1046 1047
f 1045 1047 1048
f 1049 1050 1051
f 1049 1051 1052
f 1053 1054 1055
f 1053 1055 1056
f 1057 1058 1059
f 1057 1059 1060
f 1061 1062 1063
f 1061 1063 1064
f 1065 1066 1067
f 1065 1067 1068
f 1069 1070 1071
f 1069 1071 1072
f 1073 1074 1075
f 1073 1075 1076
f 1077 1078 1079
f 1077 1079 1080
f 1081 1082 1083
f 1081 1083 1084
f 1085 1086 1087
f 1085 1087 1088
f 1089 1090 1091
f 1089 1091 1092
f 1093 1094 1095
f 1093 1095 1096
f 1097 1098 1099
f 1097 1099 1100
f 1101 1102 1103
f 1101 1103 1104
f 1105 1106 1107
f 1105 1107 1108
f 1109 1110 1111
f 1109 1111 1112
f 1113 1114 1115
f 1113 1115 1116
f 1117 1118 1119
f 1117 1119 1120
f 1121 1122 1123
f 1121 1123 1124
f 1125 1126 1127
f 1125 1127 1128
f 1129 1130 1131
f 1129 1131 1132
f 1133 1134 1135
f 1133 1135 1136
f 1137 1138 1139
f 1137 1139 1140
f 1141 1142 1143
f 1141 1143 1144
f 1145 1146 1147
f 1145 1147 1148
f 1149 1150 1151
f 1149 1151 1152
f 1153 1154 1155
f 1153 1155 1156
f 1157 1158 1159
f 1157 1159 1160
f 1161 1162 1163
f 1161 1163 1164
f 1165 1166 1167
f 1165 1167 1168
f 1169 1170 1171
f 1169 1171 1172
f 1173 1174 1175
f 1173 1175 1176
f 1177 1178 1179
f 1177 1179 1180
f 1181 1182 1183
f 1181 1183 1184
f 1185 1186 1187
f 1185 1187 1188
f 1189 1190 1191
f 1189 1191 1192
f 1193 1194 1195
f 1193 1195 1196
f 1197 1198 1199
f 1197 1199 1200
f 1201 1202 1203
f 1201 1203 1204
f 1205 1206 1207
f 1205 1207 1208
f 1209 1210 1211
f 1209 1211 1212
f 1213 1214 1215
f 1213 1215 1216
f 1217 1218 1219
f 1217 1219 1220
f 1221 1222 1223
f 1221 1223 1224
f 1225 1226 1227
f 1225 1227 1228
f 1229 1230 1231
f 1229 1231 1232
f 1233 1234 1235
f 1233 1235 1236
f 1237 1238 1239
f 1237 1239 1240
f 1241 1242 1243
f 1241 1243 1244
f 1245 1246 1247
f 1245 1247 1248
f 1249 1250 1251
f 1249 1251 1252
f 1253 1254 1255
f 1253 1255 1256
f 1257 1258 1259
f 1257 1259 1260
f 1261 1262 1263
f 1261 1263 1264
f 1265 1266 1267
f 1265 1267 1268
f 1269 1270 1271
f 1269 1271 1272
f 1273 1274 1275
f 1273 1275 1276
f 1277 1278 1279
f 1277 1279 1280
f 1281 1282 1283
f 1281 1283 1284
f 1285 1286 1287
f 1285 1287 1288
f 1289 1290 1291
f 1289 1291 1292
f 1293 1294 1295
f 1293 1295 1296
f 1297 1298 1299
f 1297 1299 1300
f 1301 1302 1303
f 1301 1303 1304
f 1305 1306 1307
f 1305 1307 1308
f 1309 1310 1311
f 1309 1311 1312
f 1313 1314 1315
f 1313 1315 1316
f 1317 1318 1319
f 1317 1319 1320
f 1321 1322 1323
f 1321 1323 1324
f 1325 1326 1327
f 1325 1327 1328
f 1329 1330 1331
f 1329 1331 1332
f 1333 1334 1335
f 1333 1335 1336
f 1337 1338 1339
f 1337 1339 1340
f 1341 1342 1343
f 1341 1343 1344
f 1345 1346 1347
f 1345 1347 1348
f 1349 1350 1351
f 1349 1351 1352
f 1353 1354 1355
f 1353 1355 1356
f 1357 1358 1359
f 1357 1359 1360
f 1361 1362 1363
f 1361 1363 1364
f 1365 1366 1367
f 1365 1367 1368
f 1369 1370 1371
f 1369 1371 1372
f 1373 1374 1375
f 1373 1375 1376
f 1377 1378 1379
f 1377 1379 1380
f 1381 1382 1383
f 1381 1383 1384
f 1385 1386 1387
f 1385 1387 1388
f 1389 1390 1391
f 1389 1391 1392
f 1393 1394 1395
f 1393 1395 1396
f 1397 1398 1399
f 1397 1399 1400
f 1401 1402 1403
f 1401 1403 1404
f 1405 1406 1407
f 1405 1407 1408
f 1409 1410 1411
f 1409 1411 1412
f 1413 1414 1415
f 1413 1415 1416
f 1417 1418 1419
f 1417 1419 1420
f 1421 1422 1423
f 1421 1423 1424
f 1425 1426 1427
f 1425 1427 1428
f 1429 1430 1431
f 1429 1431 1432
f 1433 1434 1435
f 1433 1435 1436
f 1437 1438 1439
f 1437 1439 1440
f 1441 1442 1443
f 1441 1443 1444
f 1445 1446 1447
f 1445 1447 1448
f 1449 1450 1451
f 1449 1451 1452
f 1453 1454 1455
f 1453 1455 1456
f 1457 1458 1459
f 1457 1459 1460
f 1461 1462 1463
f 1461 1463 1464
f 1465 1466 1467
f 1465 1467 1468
f 1469 1470 1471
f 1469 1471 1472
f 1473 1474 1475
f 1473 1475 1476
f 1477 1478 1479
f 1477 1479 1480
f 1481 1482 1483
f 1481 1483 1484
f 1485 1486 1487
f 1485 1487 1488
f 1489 1490 1491
f 1489 1491 1492
f 1493 1494 1495
f 1493 1495 1496
f 1497 1498 1499
f 1497 1499 1500
f 1501 1502 1503
f 1501 1503 1504
f 1505 1506 1507
f 1505 1507 1508
f 1509 1510 1511
f 1509 1511 1512
f 1513 1514 1515
f 1513 1515 1516
f 1517 1518 1519
f 1517 1519 1520
f 1521 1522 1523
f 1521 1523 1524
f 1525 1526 1527
f 1525 1527 1528
f 1529 1530 1531
f 1529 1531 1532
f 1533 1534 1535
f 1533 1535 1536
f 1537 1538 1539
f 1537 1539 1540
f 1541 1542 1543
f 1541 1543 1544
f 1545 1546 1547
f 1545 1547 1548
f 1549 1550 1551
f 1549 1551 1552
f 1553 1554 1555
f 1553 1555 1556
f 1557 1558 1559
f 1557 1559 1560
f 1561 1562 1563
f 1561 1563 1564
f 1565 1566 1567
f 1565 1567 1568
f 1569 1570 1571
f 1569 1571 1572
f 1573 1574 1575
f 1573 1575 1576
f 1577 1578 1579
f 1577 1579 1580
f 1581 1582 1583
f 1581 1583 1584
f 1585 1586 1587
f 1585 1587 1588
f 1589 1590 1591
f 1589 1591 1592
f 1593 1594 1595
f 1593 1595 1596
f 1597 1598 1599
f 1597 1599 1600
f 1601 1602 1603
f 1601 1603 1604
f 1605 1606 1607
f 1605 1607 1608
f 1609 1610 1611
f 1609 1611 1612
f 1613 1614 1615
f 1613 1615 1616
f 1617 1618 1619
f 1617 1619 1620
f 1621 1622 1623
f 1621 1623 1624
f 1625 1626 1627
f 1625 1627 1628
f 1629 1630 1631
f 1629 1631 1632
f 1633 1634 1635
f 1633 1635 1636
f 1637 1638 1639
f 1637 1639 1640
f 1641 1642 1643
f 1641 1643 1644
f 1645 1646 1647
f 1645 1647 1648
f 1649 1650 1651
f 1649 1651 1652
f 1653 1654 1655
f 1653 1655 1656
f 1657 1658 1659
f 1657 1659 1660
f 1661 1662 1663
f 1661 1663 1664
f 1665 1666 1667
f 1665 1667 1668
f 1669 1670 1671
f 1669 1671 1672
f 1673 1674 1675
f 1673 1675 1676
f 1677 1678 1679
f 1677 1679 1680
f 1681 1682 1683
f 1681 1683 1684
f 1685 1686 1687
f 1685 1687 1688
f 1689 1690 1691
f 1689 1691 1692
f 1693 1694 1695
f 1693 1695 1696
f 1697 1698 1699
f 1697 1699 1700
f 1701 1702 1703
f 1701 1703 1704
f 1705 1706 1707
f 1705 1707 1708
f 1709 1710 1711
f 1709 1711 1712
f 1713 1714 1715
f 1713 1715 1716
f 1717 1718 1719
f 1717 1719 1720
f 1721 1722 1723
f 1721 1723 1724
f 1725 1726 1727
f 1725 1727 1728
f 1729 1730 1731
f 1729 1731 1732
f 1733 1734 1735
f 1733 1735 1736
f 1737 1738 1739
f 1737 1739 1740
f 1741 1742 1743
f 1741 1743 1744
f 1745 1746 1747
f 1745 1747 1748
f 1749 1750 1751
f 1749 1751 1752
f 1753 1754 1755
f 1753 1755 1756
f 1757 1758 1759
f 1757 1759 1760
f 1761 1762 1763
f 1761 1763 1764
f 1765 1766 1767
f 1765 1767 1768
f 1769 1770 1771
f 1769 1771 1772
f 1773 1774 1775
f 1773 1775 1776
f 1777 1778 1779
f 1777 1779 1780
f 1781 1782 1783
f 1781 1783 1784
f 1785 1786 1787
f 1785 1787 1788
f 1789 1790 1791
f 1789 1791 1792
f 1793 1794 1795
f 1793 1795 1796
f 1797 1798 1799
f 1797 1799 1800
f 1801 1802 1803
f 1801 1803 1804
f 1805 1806 1807
f 1805 1807 1808
f 1809 1810 1811
f 1809 1811 1812
f 1813 1814 1815
f 1813 1815 1816
f 1817 1818 1819
f 1817 1819 1820
f 1821 1822 1823
f 1821 1823 1824
f 1825 1826 1827
f 1825 1827 1828
f 1829 1830 1831
f 1829 1831 1832
f 1833 1834 1835
f 1833 1835 1836
f 1837 1838 1839
f 1837 1839 1840
f 1841 1842 1843
f 1841 1843 1844
f 1845 1846 1847
f 1845 1847 1848
f 1849 1850 1851
f 1849 1851 1852
f 1853 1854 1855
f 1853 1855 1856
f 1857 1858 1859
f 1857 1859 1860
f 1861 1862 1863
f 1861 1863 1864
f 1865 1866 1867
f 1865 1867 1868
f 1869 1870 1871
f 1869 1871 1872
f 1873 1874 1875
f 1873 1875 1876
f 1877 1878 1879
f 1877 1879 1880
f 1881 1882 1883
f 1881 1883 1884
f 1885 1886 1887
f 1885 1887 1888
f 1889 1890 1891
f 1889 1891 1892
f 1893 1894 1895
f 1893 1895 1896
f 1897 1898 1899
f 1897 1899 1900
f 1901 1902 1903
f 1901 1903 1904
f 1905 1906 1907
f 1905 1907 1908
f 1909 1910 1911
f 1909 1911 1912
f 1913 1914 1915
f 1913 1915 1916
f 1917 1918 1919
f 1917 1919 1920
f 1921 1922 1923
f 1921 1923 1924
f 1925 1926 1927
f 1925 1927 1928
f 1929 1930 1931
f 1929 1931 1932
f 1933 1934 1935
f 1933 1935 1936
f 1937 1938 1939
f 1937 1939 1940
f 1941 1942 1943
f 1941 1943 1944
f 1945 1946 1947
f 1945 1947 1948
f 1949 1950 1951
f 1949 1951 1952
f 1953 1954 1955
f 1953 1955 1956
f 1957 1958 1959
f 1957 1959 1960
f 1961 1962 1963
f 1961 1963 1964
f 1965 1966 1967
f 1965 1967 1968
f 1969 1970 1971
f 1969 1971 1972
f 1973 1974 1975
f 1973 1975 1976
f 1977 1978 1979
f 1977 1979 1980
f 1981 1982 1983
f 1981 1983 1984
f 1985 1986 1987
f 1985 1987 1988
f 1989 1990 1991
f 1989 1991 1992
f 1993 1994 1995
f 1993 1995 1996
f 1997 1998 1999
f 1997 1999 2000
f 2001 2002 2003
f 2001 2003 2004
f 2005 2006 2007
f 2005 2007 2008
f 2009 2010 2011
f 2009 2011 2012
f 2013 2014 2015
f 2013 2015 2016
f 2017 2018 2019
f 2017 2019 2020
f 2021 2022 2023
f 2021 2023 2024
f 2025 2026 2027
f 2025 2027 2028
f 2029 2030 2031
f 2029 2031 2032
f 2033 2034 2035
f 2033 2035 2036
f 2037 2038 2039
f 2037 2039 2040
f 2041 2042 2043
f 2041 2043 2044
f 2045 2046 2047
f 2045 2047 2048
f 2049 2050 2051
f 2049 2051 2052
f 2053 2054 2055
f 2053 2055 2056
f 2057 2058 2059
f 2057 2059 2060
f 2061 2062 2063
f 2061 2063 2064
f 2065 2066 2067
f 2065 2067 2068
f 2069 2070 2071
f 2069 2071 2072
f 2073 2074 2075
f 2073 2075 2076
f 2077 2078 2079
f 2077 2079 2080
f 2081 2082 2083
f 2081 2083 2084
f 2085 2086 2087
f 2085 2087 2088
f 2089 2090 2091
f 2089 2091 2092
f 2093 2094 2095
f 2093 2095 2096
f 2097 2098 2099
f 2097 2099 2100
f 2101 2102 2103
f 2101 2103 2104
f 2105 2106 2107
f 2105 2107 2108
f 2109 2110 2111
f 2109 2111 2112
f 2113 2114 2115
f 2113 2115 2116
f 2117 2118 2119
f 2117 2119 2120
f 2121 2122 2123
f 2121 2123 2124
f 2125 2126 2127
f 2125 2127 2128
f 2129 2130 2131
f 2129 2131 2132
f 2133 2134 2135
f 2133 2135 2136
f 2137 2138 2139
f 2137 2139 2140
f 2141 2142 2143
f 2141 2143 2144
f 2145 2146 2147
f 2145 2147 2148
f 2149 2150 2151
f 2149 2151 2152
f 2153 2154 2155
f 2153 2155 2156
f 2157 2158 2159
f 2157 2159 2160
f 2161 2162 2163
f 2161 2163 2164
f 2165 2166 2167
f 2165 2167 2168
f 2169 2170 2171
f 2169 2171 2172
f 2173 2174 2175
f 2173 2175 2176
f 2177 2178 2179
f 2177 2179 2180
f 2181 2182 2183
f 2181 2183 2184
f 2185 2186 2187
f 2185 2187 2188
f 2189 2190 2191
f 2189 2191 2192
f 2193 2194 2195
f 2193 2195 2196
f 2197 2198 2199
f 2197 2199 2200
f 2201 2202 2203
f 2201 2203 2204
f 2205 2206 2207
f 2205 2207 2208
f 2209 2210 2211
f 2209 2211 2212
f 2213 2214 2215
f 2213 2215 2216
f 2217 2218 2219
f 2217 2219 2220
f 2221 2222 2223
f 2221 2223 2224
f 2225 2226 2227
f 2225 2227 2228
f 2229 2230 2231
f 2229 2231 2232
f 2233 2234 2235
f 2233 2235 2236
f 2237 2238 2239
f 2237 2239 2240
f 2241 2242 2243
f 2241 2243 2244
f 2245 2246 2247
f 2245 2247 2248
f 2249 2250 2251
f 2249 2251 2252
f 2253 2254 2255
f 2253 2255 2256
f 2257 2258 2259
f 2257 2259 2260
f 2261 2262 2263
f 2261 2263 2264
f 2265 2266 2267
f 2265 2267 2268
f 2269 2270 2271
f 2269 2271 2272
f 2273 2274 2275
f 2273 2275 2276
f 2277 2278 2279
f 2277 2279 2280
f 2281 2282 2283
f 2281 2283 2284
f 2285 2286 2287
f 2285 2287 2288
f 2289 2290 2291
f 2289 2291 2292
f 2293 2294 2295
f 2293 2295 2296
f 2297 2298 2299
f 2297 2299 2300
f 2301 2302 2303
f 2301 2303 2304
f 2305 2306 2307
f 2305 2307 2308
f 2309 2310 2311
f 2309 2311 2312
f 2313 2314 2315
f 2313 2315 2316
f 2317 2318 2319
f 2317 2319 2320
f 2321 2322 2323
f 2321 2323 2324
f 2325 2326 2327
f 2325 2327 2328
f 2329 2330 2331
f 2329 2331 2332
f 2333 2334 2335
f 2333 2335 2336
f 2337 2338 2339
f 2337 2339 2340
f 2341 2342 2343
f 2341 2343 2344
f 2345 2346 2347
f 2345 2347 2348
f 2349 2350 2351
f 2349 2351 2352
f 2353 2354 2355
f 2353 2355 2356
f 2357 2358 2359
f 2357 2359 2360
f 2361 2362 2363
f 2361 2363 2364
f 2365 2366 2367
f 2365 2367 2368
f 2369 2370 2371
f 2369 2371 2372
f 2373 2374 2375
f 2373 2375 2376
f 2377 2378 2379
f 2377 2379 2380
f 2381 2382 2383
f 2381 2383 2384
f 2385 2386 2387
f 2385 2387 2388
f 2389 2390 2391
f 2389 2391 2392
f 2393 2394 2395
f 2393 2395 2396
f 2397 2398 2399
f 2397 2399 2400
f 2401 2402 2403
f 2401 2403 2404
f 2405 2406 2407
f 2405 2407 2408
f 2409 2410 2411
f 2409 2411 2412
f 2413 2414 2415
f 2413 2415 2416
f 2417 2418 2419
f 2417 2419 2420
f 2421 2422 2423
f 2421 2423 2424
f 2425 2426 2427
f 2425 2427 2428
f 2429 2430 2431
f 2429 2431 2432
f 2433 2434 2435
f 2433 2435 2436
f 2437 2438 2439
f 2437 2439 2440
f 2441 2442 2443
f 2441 2443 2444
f 2445 2446 2447
f 2445 2447 2448
f 2449 2450 2451
f 2449 2451 2452
f 2453 2454 2455
f 2453 2455 2456
f 2457 2458 2459
f 2457 2459 2460
f 2461 2462 2463
f 2461 2463 2464
f 2465 2466 2467
f 2465 2467 2468
f 2469 2470 2471
f 2469 2471 2472
f 2473 2474 2475
f 2473 2475 2476
f 2477 2478 2479
f 2477 2479 2480
f 2481 2482 2483
f 2481 2483 2484
f 2485 2486 2487
f 2485 2487 2488
f 2489 2490 2491
f 2489 2491 2492
f 2493 2494 2495
f 2493 2495 2496
f 2497 2498 2499
f 2497 2499 2500
f 2501 2502 2503
f 2501 2503 2504
f 2505 2506 2507
f 2505 2507 2508
f 2509 2510 2511
f 2509 2511 2512
f 2513 2514 2515
f 2513 2515 2516
f 2517 2518 2519
f 2517 2519 2520
f 2521 2522 2523
f 2521 2523 2524
f 2525 2526 2527
f 2525 2527 2528
f 2529 2530 2531
f 2529 2531 2532
f 2533 2534 2535
f 2533 2535 2536
f 2537 2538 2539
f 2537 2539 2540
f 2541 2542 2543
f 2541 2543 2544
f 2545 2546 2547
f 2545 2547 2548
f 2549 2550 2551
f 2549 2551 2552
f 2553 2554 2555
f 2553 2555 2556
f 2557 2558 2559
f 2557 2559 2560
f 2561 2562 2563
f 2561 2563 2564
f 2565 2566 2567
f 2565 2567 2568
f 2569 2570 2571
f 2569 2571 2572
f 2573 2574 2575
f 2573 2575 2576
f 2577 2578 2579
f 2577 2579 2580
f 2581 2582 2583
f 2581 2583 2584
f 2585 2586 2587
f 2585 2587 2588
f 2589 2590 2591
f 2589 2591 2592
f 2593 2594 2595
f 2593 2595 2596
f 2597 2598 2599
f 2597 2599 2600
f 2601 2602 2603
f 2601 2603 2604
f 2605 2606 2607
f 2605 2607 2608
f 2609 2610 2611
f 2609 2611 2612
f 2613 2614 2615
f 2613 2615 2616
f 2617 2618 2619
f 2617 2619 2620
f 2621 2622 2623
f 2621 2623 2624
f 2625 2626 2627
f 2625 2627 2628
f 2629 2630 2631
f 2629 2631 2632
f 2633 2634 2635
f 2633 2635 2636
f 2637 2638 2639
f 2637 2639 2640
f 2641 2642 2643
f 2641 2643 2644
f 2645 2646 2647
f 2645 2647 2648
f 2649 2650 2651
f 2649 2651 2652
f 2653 2654 2655
f 2653 2655 2656
f 2657 2658 2659
f 2657 2659 2660
f 2661 2662 2663
f 2661 2663 2664
f 2665 2666 2667
f 2665 2667 2668
f 2669 2670 2671
f 2669 2671 2672
f 2673 2674 2675
f 2673 2675 2676
f 2677 2678 2679
f 2677 2679 2680
f 2681 2682 2683
f 2681 2683 2684
f 2685 2686 2687
f 2685 2687 2688
f 2689 2690 2691
f 2689 2691 2692
f 2693 2694 2695
f 2693 2695 2696
f 2697 2698 2699
f 2697 2699 2700
f 2701 2702 2703
f 2701 2703 2704
f 2705 2706 2707
f 2705 2707 2708
f 2709 2710 2711
f 2709 2711 2712
f 2713 2714 2715
f 2713 2715 2716
f 2717 2718 2719
f 2717 2719 2720
f 2721 2722 2723
f 2721 2723 2724
f 2725 2726 2727
f 2725 2727 2728
f 2729 2730 2731
f 2729 2731 2732
f 2733 2734 2735
f 2733 2735 2736
f 2737 2738 2739
f 2737 2739 2740
f 2741 2742 2743
f 2741 2743 2744
f 2745 2746 2747
f 2745 2747 2748
f 2749 2750 2751
f 2749 2751 2752
f 2753 2754 2755
f 2753 2755 2756
f 2757 2758 2759
f 2757 2759 2760
f 2761 2762 2763
f 2761 2763 2764
f 2765 2766 2767
f 2765 2767 2768
f 2769 2770 2771
f 2769 2771 2772
f 2773 2774 2775
f 2773 2775 2776
f 2777 2778 2779
f 2777 2779 2780
f 2781 2782 2783
f 2781 2783 2784
f 2785 2786 2787
f 2785 2787 2788
f 2789 2790 2791
f 2789 2791 2792
f 2793 2794 2795
f 2793 2795 2796
f 2797 2798 2799
f 2797 2799 2800
f 2801 2802 2803
f 2801 2803 2804
f 2805 2806 2807
f 2805 2807 2808
f 2809 2810 2811
f 2809 2811 2812
f 2813 2814 2815
f 2813 2815 2816
f 2817 2818 2819
f 2817 2819 2820
f 2821 2822 2823
f 2821 2823 2824
f 2825 2826 2827
f 2825 2827 2828
f 2829 2830 2831
f 2829 2831 2832
f 2833 2834 2835
f 2833 2835 2836
f 2837 2838 2839
f 2837 2839 2840
f 2841 2842 2843
f 2841 2843 2844
f 2845 2846 2847
f 2845 2847 2848
f 2849 2850 2851
f 2849 2851 2852
f 2853 2854 2855
f 2853 2855 2856
f 2857 2858 2859
f 2857 2859 2860
f 2861 2862 2863
f 2861 2863 2864
f 2865 2866 2867
f 2865 2867 2868
f 2869 2870 2871
f 2869 2871 2872
f 2873 2874 2875
f 2873 2875 2876
f 2877 2878 2879
f 2877 2879 2880
f 2881 2882 2883
f 2881 2883 2884
f 2885 2886 2887
f 2885 2887 2888
f 2889 2890 2891
f 2889 2891 2892
f 2893 2894 2895
f 2893 2895 2896
f 2897 2898 2899
f 2897 2899 2900
f 2901 2902 2903
f 2901 2903 2904
f 2905 2906 2907
f 2905 2907 2908
f 2909 2910 2911
f 2909 2911 2912
f 2913 2914 2915
f 2913 2915 2916
f 2917 2918 2919
f 2917 2919 2920
f 2921 2922 2923
f 2921 2923 2924
f 2925 2926 2927
f 2925 2927 2928
f 2929 2930 2931
f 2929 2931 2932
f 2933 2934 2935
f 2933 2935 2936
f 2937 2938 2939
f 2937 2939 2940
f 2941 2942 2943
f 2941 2943 2944
f 2945 2946 2947
f 2945 2947 2948
f 2949 2950 2951
f 2949 2951 2952
f 2953 2954 2955
f 2953 2955 2956
f 2957 2958 2959
f 2957 2959 2960
f 2961 2962 2963
f 2961 2963 2964
f 2965 2966 2967
f 2965 2967 2968
f 2969 2970 2971
f 2972 2973 2974
f 2972 2974 2975
f 2976 2977 2978
f 2976 2978 2979
f 2980 2981 2982
f 2980 2982 2983
f 2984 2985 2986
f 2987 2988 2989
f 2987 2989 2990
f 2991 2992 2993
f 2994 2995 2996
f 2994 2996 2997
f 2998 2999 3000
f 2998 3000 3001
f 3002 3003 3004
f 3002 3004 3005
f 3006 3007 3008
f 3006 3008 3009
f 3010 3011 3012
f 3010 3012 3013
f 3014 3015 3016
f 3014 3016 3017
f 3018 3019 3020
f 3018 3020 3021
f 3022 3023 3024
f 3022 3024 3025
f 3026 3027 3028
f 3026 3028 3029
f 3030 3031 3032
f 3030 3032 3033
f 3034 3035 3036
f 3034 3036 3037
f 3038 3039 3040
f 3038 3040 3041
f 3042 3043 3044
f 3042 3044 3045
f 3046 3047 3048
f 3046 3048 3049
f 3050 3051 3052
f 3050 3052 3053
f 3054 3055 3056
f 3054 3056 3057
f 3058 3059 3060
f 3058 3060 3061
f 3062 3063 3064
f 3062 3064 3065
f 3066 3067 3068
f 3066 3068 3069
f 3070 3071 3072
f 3073 3074 3075
f 3076 3077 3078
f 3079 3080 3081
f 3082 3083 3084
f 3085 3086 3087
f 3088 3089 3090
f 3091 3092 3093
f 3094 3095 3096
f 3097 3098 3099
f 3100 3101 3102
f 3103 3104 3105
f 3106 3107 3108
f 3109 3110 3111
f 3112 3113 3114
f 3115 3116 3117
f 3118 3119 3120
f 3118 3120 3121
f 3122 3123 3124
f 3125 3126 3127
f 3125 3127 3128
f 3129 3130 3131
f 3129 3131 3132
f 3133 3134 3135
f 3133 3135 3136
f 3137 3138 3139
f 3137 3139 3140
f 3141 3142 3143
f 3144 3145 3146
f 3144 3146 3147
f 3148 3149 3150
f 3148 3150 3151
f 3152 3153 3154
f 3152 3154 3155
f 3156 3157 3158
f 3156 3158 3159
f 3160 3161 3162
f 3160 3162 3163
f 3164 3165 3166
f 3164 3166 3167
f 3168 3169 3170
f 3168 3170 3171
f 3172 3173 3174
f 3172 3174 3175
f 3176 3177 3178
f 3176 3178 3179
f 3180 3181 3182
f 3180 3182 3183
f 3184 3185 3186
f 3184 3186 3187
f 3188 3189 3190
f 3188 3190 3191
f 3192 3193 3194
f 3192 3194 3195
f 3196 3197 3198
f 3196 3198 3199
f 3200 3201 3202
f 3200 3202 3203
f 3204 3205 3206
f 3204 3206 3207
f 3208 3209 3210
f 3208 3210 3211
f 3212 3213 3214
f 3212 3214 3215
f 3216 3217 3218
f 3216 3218 3219
f 3220 3221 3222
f 3220 3222 3223
f 3224 3225 3226
f 3224 3226 3227
f 3228 3229 3230
f 3228 3230 3231
f 3232 3233 3234
f 3232 3234 3235
f 3236 3237 3238
f 3236 3238 3239
f 3240 3241 3242
f 3240 3242 3243
f 3244 3245 3246
f 3244 3246 3247
f 3248 3249 3250
f 3248 3250 3251
f 3252 3253 3254
f 3252 3254 3255
f 3256 3257 3258
f 3256 3258 3259
f 3260 3261 3262
f 3260 3262 3263
f 3264 3265 3266
f 3264 3266 3267
f 3268 3269 3270
f 3268 3270 3271
f 3272 3273 3274
f 3272 3274 3275
f 3276 3277 3278
f 3276 3278 3279
f 3280 3281 3282
f 3280 3282 3283
f 3284 3285 3286
f 3284 3286 3287
f 3288 3289 3290
f 3288 3290 3291
f 3292 3293 3294
f 3292 3294 3295
f 3296 3297 3298
f 3296 3298 3299
f 3300 3301 3302
f 3300 3302 3303
f 3304 3305 3306
f 3304 3306 3307
f 3308 3309 3310
f 3308 3310 3311
f 3312 3313 3314
f 3312 3314 3315
f 3316 3317 3318
f 3316 3318 3319
f 3320 3321 3322
f 3320 3322 3323
f 3324 3325 3326
f 3324 3326 3327
f 3328 3329 3330
f 3328 3330 3331
f 3332 3333 3334
f 3332 3334 3335
f 3336 3337 3338
f 3336 3338 3339
f 3340 3341 3342
f 3340 3342 3343
f 3344 3345 3346
f 3344 3346 3347
f 3348 3349 3350
f 3348 3350 3351
f 3352 3353 3354
f 3352 3354 3355
f 3356 3357 3358
f 3356 3358 3359
f 3360 3361 3362
f 3360 3362 3363
f 3364 3365 3366
f 3364 3366 3367
f 3368 3369 3370
f 3368 3370 3371
f 3372 3373 3374
f 3372 3374 3375
f 3376 3377 3378
f 3376 3378 3379
f 3380 3381 3382
f 3380 3382 3383
f 3384 3385 3386
f 3384 3386 3387
f 3388 3389 3390
f 3388 3390 3391
f 3392 3393 3394
f 3392 3394 3395
f 3396 3397 3398
f 3396 3398 3399
f 3400 3401 3402
f 3400 3402 3403
f 3404 3405 3406
f 3404 3406 3407
f 3408 3409 3410
f 3408 3410 3411
f 3412 3413 3414
f 3412 3414 3415
f 3416 3417 3418
f 3416 3418 3419
f 3420 3421 3422
f 3420 3422 3423
f 3424 3425 3426
f 3424 3426 3427
f 3428 3429 3430
f 3428 3430 3431
f 3432 3433 3434
f 3432 3434 3435
f 3436 3437 3438
f 3436 3438 3439
f 3440 3441 3442
f 3440 3442 3443
f 3444 3445 3446
f 3444 3446 3447
f 3448 3449 3450
f 3448 3450 3451
f 3452 3453 3454
f 3452 3454 3455
f 3456 3457 3458
f 3456 3458 3459
f 3460 3461 3462
f 3460 3462 3463
f 3464 3465 3466
f 3464 3466 3467
f 3468 3469 3470
f 3468 3470 3471
f 3472 3473 3474
f 3472 3474 3475
f 3476 3477 3478
f 3476 3478 3479
f 3480 3481 3482
f 3480 3482 3483
f 3484 3485 3486
f 3484 3486 3487
f 3488 3489 3490
f 3488 3490 3491
f 3492 3493 3494
f 3492 3494 3495
f 3496 3497 3498
f 3496 3498 3499
f 3500 3501 3502
f 3500 3502 3503
f 3504 3505 3506
f 3504 3506 3507
f 3508 3509 3510
f 3508 3510 3511
f 3512 3513 3514
f 3512 3514 3515
f 3516 3517 3518
f 3516 3518 3519
f 3520 3521 3522
f 3520 3522 3523
f 3524 3525 3526
f 3524 3526 3527
f 3528 3529 3530
f 3528 3530 3531
f 3532 3533 3534
f 3532 3534 3535
f 3536 3537 3538
f 3536 3538 3539
f 3540 3541 3542
f 3540 3542 3543
f 3544 3545 3546
f 3544 3546 3547
f 3548 3549 3550
f 3548 3550 3551
f 3552 3553 3554
f 3552 3554 3555
f 3556 3557 3558
f 3556 3558 3559
f 3560 3561 3562
f 3560 3562 3563
f 3564 3565 3566
f 3564 3566 3567
f 3568 3569 3570
f 3568 3570 3571
f 3572 3573 3574
f 3572 3574 3575
f 3576 3577 3578
f 3576 3578 3579
f 3580 3581 3582
f 3580 3582 3583
f 3584 3585 3586
f 3584 3586 3587
f 3588 3589 3590
f 3588 3590 3591
f 3592 3593 3594
f 3592 3594 3595
f 3596 3597 3598
f 3596 3598 3599
f 3600 3601 3602
f 3600 3602 3603
f 3604 3605 3606
f 3604 3606 3607
f 3608 3609 3610
f 3608 3610 3611
f 3612 3613 3614
f 3612 3614 3615
f 3616 3617 3618
f 3616 3618 3619
f 3620 3621 3622
f 3620 3622 3623
f 3624 3625 3626
f 3624 3626 3627
f 3628 3629 3630
f 3628 3630 3631
f 3632 3633 3634
f 3632 3634 3635
f 3636 3637 3638
f 3636 3638 3639
f 3640 3641 3642
f 3640 3642 3643
f 3644 3645 3646
f 3644 3646 3647
f 3648 3649 3650
f 3648 3650 3651
f 3652 3653 3654
f 3652 3654 3655
f 3656 3657 3658
f 3656 3658 3659
f 3660 3661 3662
f 3660 3662 3663
f 3664 3665 3666
f 3664 3666 3667
f 3668 3669 3670
f 3668 3670 3671
f 3672 3673 3674
f 3672 3674 3675
f 3676 3677 3678
f 3676 3678 3679
f 3680 3681 3682
f 3680 3682 3683
f 3684 3685 3686
f 3684 3686 3687
f 3688 3689 3690
f 3688 3690 3691
f 3692 3693 3694
f 3692 3694 3695
f 3696 3697 3698
f 3696 3698 3699
f 3700 3701 3702
f 3700 3702 3703
f 3704 3705 3706
f 3704 3706 3707
f 3708 3709 3710
f 3708 3710 3711
f 3712 3713 3714
f 3712 3714 3715
f 3716 3717 3718
f 3716 3718 3719
f 3720 3721 3722
f 3720 3722 3723
f 3724 3725 3726
f 3724 3726 3727
f 3728 3729 3730
f 3728 3730 3731
f 3732 3733 3734
f 3732 3734 3735
f 3736 3737 3738
f 3736 3738 3739
f 3740 3741 3742
f 3740 3742 3743
f 3744 3745 3746
f 3744 3746 3747
f 3748 3749 3750
f 3748 3750 3751
f 3752 3753 3754
f 3752 3754 3755
f 3756 3757 3758
f 3756 3758 3759
f 3760 3761 3762
f 3760 3762 3763
f 3764 3765 3766
f 3764 3766 3767
f 3768 3769 3770
f 3768 3770 3771
f 3772 3773 3774
f 3772 3774 3775
f 3776 3777 3778
f 3776 3778 3779
f 3780 3781 3782
f 3780 3782 3783
f 3784 3785 3786
f 3784 3786 3787
f 3788 3789 3790
f 3788 3790 3791
f 3792 3793 3794
f 3792 3794 3795
f 3796 3797 3798
f 3796 3798 3799
f 3800 3801 3802
f 3800 3802 3803
f 3804 3805 3806
f 3804 3806 3807
f 3808 3809 3810
f 3808 3810 3811
f 3812 3813 3814
f 3812 3814 3815
f 3816 3817 3818
f 3816 3818 3819
f 3820 3821 3822
f 3820 3822 3823
f 3824 3825 3826
f 3824 3826 3827
f 3828 3829 3830
f 3828 3830 3831
f 3832 3833 3834
f 3832 3834 3835
f 3836 3837 3838
f 3836 3838 3839
f 3840 3841 3842
f 3840 3842 3843
f 3844 3845 3846
f 3844 3846 3847
f 3848 3849 3850
f 3848 3850 3851
f 3852 3853 3854
f 3852 3854 3855
f 3856 3857 3858
f 3856 3858 3859
f 3860 3861 3862
f 3860 3862 3863
f 3864 3865 3866
f 3864 3866 3867
f 3868 3869 3870
f 3868 3870 3871
f 3872 3873 3874
f 3872 3874 3875
f 3876 3877 3878
f 3876 3878 3879
f 3880 3881 3882
f 3880 3882 3883
f 3884 3885 3886
f 3884 3886 3887
f 3888 3889 3890
f 3888 3890 3891
f 3892 3893 3894
f 3892 3894 3895
f 3896 3897 3898
f 3896 3898 3899
f 3900 3901 3902
f 3900 3902 3903
f 3904 3905 3906
f 3904 3906 3907
f 3908 3909 3910
f 3908 3910 3911
f 3912 3913 3914
f 3912 3914 3915
f 3916 3917 3918
f 3916 3918 3919
f 3920 3921 3922
f 3920 3922 3923
f 3924 3925 3926
f 3924 3926 3927
f 3928 3929 3930
f 3928 3930 3931
f 3932 3933 3934
f 3932 3934 3935
f 3936 3937 3938
f 3936 3938 3939
f 3940 3941 3942
f 3940 3942 3943
f 3944 3945 3946
f 3944 3946 3947
f 3948 3949 3950
f 3948 3950 3951
f 3952 3953 3954
f 3952 3954 3955
f 3956 3957 3958
f 3956 3958 3959
f 3960 3961 3962
f 3960 3962 3963
f 3964 3965 3966
f 3964 3966 3967
f 3968 3969 3970
f 3968 3970 3971
f 3972 3973 3974
f 3972 3974 3975
f 3976 3977 3978
f 3976 3978 3979
f 3980 3981 3982
f 3980 3982 3983
f 3984 3985 3986
f 3984 3986 3987
f 3988 3989 3990
f 3988 3990 3991
f 3992 3993 3994
f 3992 3994 3995
f 3996 3997 3998
f 3996 3998 3999
f 4000 4001 4002
f 4000 4002 4003
f 4004 4005 4006
f 4004 4006 4007
f 4008 4009 4010
f 4008 4010 4011
f 4012 4013 4014
f 4015 4016 4017
f 4015 4017 4018
f 4019 4020 4021
f 4019 4021 4022
f 4023 4024 4025
f 4023 4025 4026
f 4027 4028 4029
f 4027 4029 4030
f 4031 4032 4033
f 4031 4033 4034
f 4035 4036 4037
f 4035 4037 4038
f 4039 4040 4041
f 4039 4041 4042
f 4043 4044 4045
f 4043 4045 4046
f 4047 4048 4049
f 4050 4051 4052
f 4050 4052 4053
f 4054 4055 4056
f 4057 4058 4059
f 4057 4059 4060
f 4061 4062 4063
f 4064 4065 4066
f 4064 4066 4067
f 4068 4069 4070
f 4071 4072 4073
f 4071 4073 4074
f 4075 4076 4077
f 4075 4077 4078
f 4079 4080 4081
f 4079 4081 4082
f 4083 4084 4085
f 4083 4085 4086
f 4087 4088 4089
f 4087 4089 4090
f 4091 4092 4093
f 4091 4093 4094
f 4095 4096 4097
f 4095 4097 4098
f 4099 4100 4101
f 4099 4101 4102
f 4103 4104 4105
f 4103 4105 4106
f 4107 4108 4109
f 4107 4109 4110
f 4111 4112 4113
f 4111 4113 4114
f 4115 4116 4117
f 4115 4117 4118
f 4119 4120 4121
f 4119 4121 4122
f 4123 4124 4125
f 4123 4125 4126
f 4127 4128 4129
f 4127 4129 4130
f 4131 4132 4133
f 4131 4133 4134
f 4135 4136 4137
f 4135 4137 4138
f 4139 4140 4141
f 4139 4141 4142
f 4143 4144 4145
f 4143 4145 4146
f 4147 4148 4149
f 4147 4149 4150
f 4151 4152 4153
f 4151 4153 4154
f 4155 4156 4157
f 4155 4157 4158
f 4159 4160 4161
f 4159 4161 4162
f 4163 4164 4165
f 4163 4165 4166
f 4167 4168 4169
f 4167 4169 4170
f 4171 4172 4173
f 4171 4173 4174
f 4175 4176 4177
f 4175 4177 4178
f 4179 4180 4181
f 4179 4181 4182
f 4183 4184 4185
f 4183 4185 4186
f 4187 4188 4189
f 4187 4189 4190
f 4191 4192 4193
f 4191 4193 4194
f 4195 4196 4197
f 4195 4197 4198
f 4199 4200 4201
f 4199 4201 4202
f 4203 4204 4205
f 4203 4205 4206
f 4207 4208 4209
f 4207 4209 4210
f 4211 4212 4213
f 4211 4213 4214
f 4215 4216 4217
f 4215 4217 4218
f 4219 4220 4221
f 4219 4221 4222
f 4223 4224 4225
f 4223 4225 4226
f 4227 4228 4229
f 4227 4229 4230
f 4231 4232 4233
f 4231 4233 4234
f 4235 4236 4237
f 4235 4237 4238
f 4239 4240 4241
f 4239 4241 4242
f 4243 4244 4245
f 4243 4245 4246
f 4247 4248 4249
f 4247 4249 4250
f 4251 4252 4253
f 4251 4253 4254
f 4255 4256 4257
f 4255 4257 4258
f 4259 4260 4261
f 4259 4261 4262
f 4263 4264 4265
f 4263 4265 4266
f 4267 4268 4269
f 4267 4269 4270
f 4271 4272 4273
f 4271 4273 4274
f 4275 4276 4277
f 4275 4277 4278
f 4279 4280 4281
f 4279 4281 4282
f 4283 4284 4285
f 4283 4285 4286
f 4287 4288 4289
f 4287 4289 4290
f 4291 4292 4293
f 4291 4293 4294
f 4295 4296 4297
f 4295 4297 4298
f 4299 4300 4301
f 4299 4301 4302
f 4303 4304 4305
f 4303 4305 4306
f 4307 4308 4309
f 4307 4309 4310
f 4311 4312 4313
f 4311 4313 4314
f 4315 4316 4317
f 4315 4317 4318
f 4319 4320 4321
f 4319 4321 4322
f 4323 4324 4325
f 4323 4325 4326
f 4327 4328 4329
f 4327 4329 4330
f 4331 4332 4333
f 4331 4333 4334
f 4335 4336 4337
f 4335 4337 4338
f 4339 4340 4341
f 4339 4341 4342
f 4343 4344 4345
f 4343 4345 4346
f 4347 4348 4349
f 4347 4349 4350
f 4351 4352 4353
f 4351 4353 4354
f 4355 4356 4357
f 4355 4357 4358
f 4359 4360 4361
f 4359 4361 4362
f 4363 4364 4365
f 4363 4365 4366
f 4367 4368 4369
f 4367 4369 4370
f 4371 4372 4373
f 4371 4373 4374
f 4375 4376 4377
f 4375 4377 4378
f 4379 4380 4381
f 4379 4381 4382
f 4383 4384 4385
f 4383 4385 4386
f 4387 4388 4389
f 4387 4389 4390
f 4391 4392 4393
f 4391 4393 4394
f 4395 4396 4397
f 4395 4397 4398
f 4399 4400 4401
f 4399 4401 4402
f 4403 4404 4405
f 4403 4405 4406
f 4407 4408 4409
f 4407 4409 4410
f 4411 4412 4413
f 4411 4413 4414
f 4415 4416 4417
f 4415 4417 4418
f 4419 4420 4421
f 4419 4421 4422
f 4423 4424 4425
f 4423 4425 4426
f 4427 4428 4429
f 4427 4429 4430
f 4431 4432 4433
f 4431 4433 4434
f 4435 4436 4437
f 4435 4437 4438
f 4439 4440 4441
f 4439 4441 4442
f 4443 4444 4445
f 4443 4445 4446
f 4447 4448 4449
f 4447 4449 4450
f 4451 4452 4453
f 4451 4453 4454
f 4455 4456 4457
f 4455 4457 4458
f 4459 4460 4461
f 4459 4461 4462
f 4463 4464 4465
f 4463 4465 4466
f 4467 4468 4469
f 4467 4469 4470
f 4471 4472 4473
f 4471 4473 4474
f 4475 4476 4477
f 4475 4477 4478
f 4479 4480 4481
f 4479 4481 4482
f 4483 4484 4485
f 4483 4485 4486
f 4487 4488 4489
f 4487 4489 4490
f 4491 4492 4493
f 4491 4493 4494
f 4495 4496 4497
f 4495 4497 4498
f 4499 4500 4501
f 4499 4501 4502
f 4503 4504 4505
f 4503 4505 4506
f 4507 4508 4509
f 4507 4509 4510
f 4511 4512 4513
f 4511 4513 4514
f 4515 4516 4517
f 4515 4517 4518
f 4519 4520 4521
f 4519 4521 4522
f 4523 4524 4525
f 4523 4525 4526
f 4527 4528 4529
f 4527 4529 4530
f 4531 4532 4533
f 4531 4533 4534
f 4535 4536 4537
f 4535 4537 4538
f 4539 4540 4541
f 4539 4541 4542
f 4543 4544 4545
f 4543 4545 4546
f 4547 4548 4549
f 4547 4549 4550
f 4551 4552 4553
f 4551 4553 4554
f 4555 4556 4557
f 4555 4557 4558
f 4559 4560 4561
f 4559 4561 4562
f 4563 4564 4565
f 4563 4565 4566
f 4567 4568 4569
f 4567 4569 4570
f 4571 4572 4573
f 4571 4573 4574
f 4575 4576 4577
f 4575 4577 4578
f 4579 4580 4581
f 4579 4581 4582
f 4583 4584 4585
f 4583 4585 4586
f 4587 4588 4589
f 4587 4589 4590
f 4591 4592 4593
f 4591 4593 4594
f 4595 4596 4597
f 4595 4597 4598
f 4599 4600 4601
f 4599 4601 4602
f 4603 4604 4605
f 4603 4605 4606
f 4607 4608 4609
f 4607 4609 4610
f 4611 4612 4613
f 4611 4613 4614
f 4615 4616 4617
f 4615 4617 4618
f 4619 4620 4621
f 4619 4621 4622
f 4623 4624 4625
f 4623 4625 4626
f 4627 4628 4629
f 4627 4629 4630
f 4631 4632 4633
f 4631 4633 4634
f 4635 4636 4637
f 4635 4637 4638
f 4639 4640 4641
f 4639 4641 4642
f 4643 4644 4645
f 4643 4645 4646
f 4647 4648 4649
f 4647 4649 4650
f 4651 4652 4653
f 4651 4653 4654
f 4655 4656 4657
f 4655 4657 4658
f 4659 4660 4661
f 4659 4661 4662
f 4663 4664 4665
f 4663 4665 4666
f 4667 4668 4669
f 4667 4669 4670
f 4671 4672 4673
f 4671 4673 4674
f 4675 4676 4677
f 4675 4677 4678
f 4679 4680 4681
f 4679 4681 4682
f 4683 4684 4685
f 4683 4685 4686
f 4687 4688 4689
f 4687 4689 4690
f 4691 4692 4693
f 4691 4693 4694
f 4695 4696 4697
f 4695 4697 4698
f 4699 4700 4701
f 4699 4701 4702
f 4703 4704 4705
f 4703 4705 4706
f 4707 4708 4709
f 4707 4709 4710
f 4711 4712 4713
f 4711 4713 4714
f 4715 4716 4717
f 4715 4717 4718
f 4719 4720 4721
f 4719 4721 4722
f 4723 4724 4725
f 4723 4725 4726
f 4727 4728 4729
f 4727 4729 4730
f 4731 4732 4733
f 4731 4733 4734
f 4735 4736 4737
f 4735 4737 4738
f 4739 4740 4741
f 4739 4741 4742
f 4743 4744 4745
f 4743 4745 4746
f 4747 4748 4749
f 4747 4749 4750
f 4751 4752 4753
f 4751 4753 4754
f 4755 4756 4757
f 4755 4757 4758
f 4759 4760 4761
f 4759 4761 4762
f 4763 4764 4765
f 4763 4765 4766
f 4767 4768 4769
f 4767 4769 4770
f 4771 4772 4773
f 4771 4773 4774
f 4775 4776 4777
f 4775 4777 4778
f 4779 4780 4781
f 4779 4781 4782
f 4783 4784 4785
f 4783 4785 4786
f 4787 4788 4789
f 4787 4789 4790
f 4791 4792 4793
f 4791 4793 4794
f 4795 4796 4797
f 4795 4797 4798
f 4799 4800 4801
f 4799 4801 4802
f 4803 4804 4805
f 4803 4805 4806
f 4807 4808 4809
f 4807 4809 4810
f 4811 4812 4813
f 4811 4813 4814
f 4815 4816 4817
f 4815 4817 4818
f 4819 4820 4821
f 4819 4821 4822
f 4823 4824 4825
f 4823 4825 4826
f 4827 4828 4829
f 4827 4829 4830
f 4831 4832 4833
f 4831 4833 4834
f 4835 4836 4837
f 4835 4837 4838
f 4839 4840 4841
f 4839 4841 4842
f 4843 4844 4845
f 4843 4845 4846
f 4847 4848 4849
f 4847 4849 4850
f 4851 4852 4853
f 4851 4853 4854
f 4855 4856 4857
f 4855 4857 4858
f 4859 4860 4861
f 4859 4861 4862
f 4863 4864 4865
f 4863 4865 4866
f 4867 4868 4869
f 4867 4869 4870
f 4871 4872 4873
f 4871 4873 4874
f 4875 4876 4877
f 4875 4877 4878
f 4879 4880 4881
f 4879 4881 4882
f 4883 4884 4885
f 4883 4885 4886
f 4887 4888 4889
f 4887 4889 4890
f 4891 4892 4893
f 4891 4893 4894
f 4895 4896 4897
f 4895 4897 4898
f 4899 4900 4901
f 4899 4901 4902
f 4903 4904 4905
f 4903 4905 4906
f 4907 4908 4909
f 4907 4909 4910
f 4911 4912 4913
f 4911 4913 4914
f 4915 4916 4917
f 4915 4917 4918
f 4919 4920 4921
f 4919 4921 4922
f 4923 4924 4925
f 4923 4925 4926
f 4927 4928 4929
f 4927 4929 4930
f 4931 4932 4933
f 4931 4933 4934
f 4935 4936 4937
f 4935 4937 4938
f 4939 4940 4941
f 4939 4941 4942
f 4943 4944 4945
f 4943 4945 4946
f 4947 4948 4949
f 4947 4949 4950
f 4951 4952 4953
f 4951 4953 4954
f 4955 4956 4957
f 4955 4957 4958
f 4959 4960 4961
f 4959 4961 4962
f 4963 4964 4965
f 4963 4965 4966
f 4967 4968 4969
f 4967 4969 4970
f 4971 4972 4973
f 4971 4973 4974
f 4975 4976 4977
f 4975 4977 4978
f 4979 4980 4981
f 4979 4981 4982
f 4983 4984 4985
f 4983 4985 4986
f 4987 4988 4989
f 4987 4989 4990
f 4991 4992 4993
f 4991 4993 4994
f 4995 4996 4997
f 4995 4997 4998
f 4999 5000 5001
f 4999 5001 5002
f 5003 5004 5005
f 5003 5005 5006
f 5007 5008 5009
f 5007 5009 5010
f 5011 5012 5013
f 5011 5013 5014
f 5015 5016 5017
f 5015 5017 5018
f 5019 5020 5021
f 5019 5021 5022
f 5023 5024 5025
f 5023 5025 5026
f 5027 5028 5029
f 5027 5029 5030
f 5031 5032 5033
f 5031 5033 5034
f 5035 5036 5037
f 5035 5037 5038
f 5039 5040 5041
f 5039 5041 5042
f 5043 5044 5045
f 5043 5045 5046
f 5047 5048 5049
f 5047 5049 5050
f 5051 5052 5053
f 5051 5053 5054
f 5055 5056 5057
f 5055 5057 5058
f 5059 5060 5061
f 5059 5061 5062
f 5063 5064 5065
f 5063 5065 5066
f 5067 5068 5069
f 5067 5069 5070
f 5071 5072 5073
f 5071 5073 5074
f 5075 5076 5077
f 5075 5077 5078
f 5079 5080 5081
f 5079 5081 5082
f 5083 5084 5085
f 5083 5085 5086
f 5087 5088 5089
f 5087 5089 5090
f 5091 5092 5093
f 5091 5093 5094
f 5095 5096 5097
f 5095 5097 5098
f 5099 5100 5101
f 5099 5101 5102
f 5103 5104 5105
f 5103 5105 5106
f 5107 5108 5109
f 5107 5109 5110
f 5111 5112 5113
f 5111 5113 5114
f 5115 5116 5117
f 5115 5117 5118
f 5119 5120 5121
f 5119 5121 5122
f 5123 5124 5125
f 5123 5125 5126
f 5127 5128 5129
f 5127 5129 5130
f 5131 5132 5133
f 5131 5133 5134
f 5135 5136 5137
f 5135 5137 5138
f 5139 5140 5141
f 5139 5141 5142
f 5143 5144 5145
f 5143 5145 5146
f 5147 5148 5149
f 5147 5149 5150
f 5151 5152 5153
f 5151 5153 5154
f 5155 5156 5157
f 5155 5157 5158
f 5159 5160 5161
f 5159 5161 5162
f 5163 5164 5165
f 5163 5165 5166
f 5167 5168 5169
f 5167 5169 5170
f 5171 5172 5173
f 5171 5173 5174
f 5175 5176 5177
f 5175 5177 5178
f 5179 5180 5181
f 5179 5181 5182
f 5183 5184 5185
f 5183 5185 5186
f 5187 5188 5189
f 5187 5189 5190
f 5191 5192 5193
f 5191 5193 5194
f 5195 5196 5197
f 5195 5197 5198
f 5199 5200 5201
f 5199 5201 5202
f 5203 5204 5205
f 5203 5205 5206
f 5207 5208 5209
f 5207 5209 5210
f 5211 5212 5213
f 5211 5213 5214
f 5215 5216 5217
f 5215 5217 5218
f 5219 5220 5221
f 5219 5221 5222
f 5223 5224 5225
f 5223 5225 5226
f 5227 5228 5229
f 5227 5229 5230
f 5231 5232 5233
f 5231 5233 5234
f 5235 5236 5237
f 5235 5237 5238
f 5239 5240 5241
f 5239 5241 5242
f 5243 5244 5245
f 5243 5245 5246
f 5247 5248 5249
f 5247 5249 5250
f 5251 5252 5253
f 5251 5253 5254
f 5255 5256 5257
f 5255 5257 5258
f 5259 5260 5261
f 5259 5261 5262
f 5263 5264 5265
f 5263 5265 5266
f 5267 5268 5269
f 5267 5269 5270
f 5271 5272 5273
f 5271 5273 5274
f 5275 5276 5277
f 5275 5277 5278
f 5279 5280 5281
f 5279 5281 5282
f 5283 5284 5285
f 5283 5285 5286
f 5287 5288 5289
f 5287 5289 5290
f 5291 5292 5293
f 5291 5293 5294
f 5295 5296 5297
f 5295 5297 5298
f 5299 5300 5301
f 5299 5301 5302
f 5303 5304 5305
f 5303 5305 5306
f 5307 5308 5309
f 5307 5309 5310
f 5311 5312 5313
f 5311 5313 5314
f 5315 5316 5317
f 5315 5317 5318
f 5319 5320 5321
f 5319 5321 5322
f 5323 5324 5325
f 5323 5325 5326
f 5327 5328 5329
f 5327 5329 5330
f 5331 5332 5333
f 5331 5333 5334
f 5335 5336 5337
f 5335 5337 5338
f 5339 5340 5341
f 5339 5341 5342
f 5343 5344 5345
f 5343 5345 5346
f 5347 5348 5349
f 5347 5349 5350
f 5351 5352 5353
f 5351 5353 5354
f 5355 5356 5357
f 5355 5357 5358
f 5359 5360 5361
f 5359 5361 5362
f 5363 5364 5365
f 5363 5365 5366
f 5367 5368 5369
f 5367 5369 5370
f 5371 5372 5373
f 5371 5373 5374
f 5375 5376 5377
f 5375 5377 5378
f 5379 5380 5381
f 5379 5381 5382
f 5383 5384 5385
f 5383 5385 5386
f 5387 5388 5389
f 5387 5389 5390
f 5391 5392 5393
f 5391 5393 5394
f 5395 5396 5397
f 5395 5397 5398
f 5399 5400 5401
f 5399 5401 5402
f 5403 5404 5405
f 5403 5405 5406
f 5407 5408 5409
f 5407 5409 5410
f 5411 5412 5413
f 5411 5413 5414
f 5415 5416 5417
f 5415 5417 5418
f 5419 5420 5421
f 5419 5421 5422
f 5423 5424 5425
f 5423 5425 5426
f 5427 5428 5429
f 5427 5429 5430
f 5431 5432 5433
f 5431 5433 5434
f 5435 5436 5437
f 5435 5437 5438
f 5439 5440 5441
f 5439 5441 5442
f 5443 5444 5445
f 5443 5445 5446
f 5447 5448 5449
f 5447 5449 5450
f 5451 5452 5453
f 5451 5453 5454
f 5455 5456 5457
f 5455 5457 5458
f 5459 5460 5461
f 5459 5461 5462
f 5463 5464 5465
f 5463 5465 5466
f 5467 5468 5469
f 5467 5469 5470
f 5471 5472 5473
f 5471 5473 5474
f 5475 5476 5477
f 5475 5477 5478
f 5479 5480 5481
f 5479 5481 5482
f 5483 5484 5485
f 5483 5485 5486
f 5487 5488 5489
f 5487 5489 5490
f 5491 5492 5493
f 5491 5493 5494
f 5495 5496 5497
f 5495 5497 5498
f 5499 5500 5501
f 5499 5501 5502
f 5503 5504 5505
f 5503 5505 5506
f 5507 5508 5509
f 5507 5509 5510
f 5511 5512 5513
f 5511 5513 5514
f 5515 5516 5517
f 5515 5517 5518
f 5519 5520 5521
f 5519 5521 5522
f 5523 5524 5525
f 5523 5525 5526
f 5527 5528 5529
f 5527 5529 5530
f 5531 5532 5533
f 5531 5533 5534
f 5535 5536 5537
f 5535 5537 5538
f 5539 5540 5541
f 5539 5541 5542
f 5543 5544 5545
f 5543 5545 5546
f 5547 5548 5549
f 5547 5549 5550
f 5551 5552 5553
f 5551 5553 5554
f 5555 5556 5557
f 5555 5557 5558
f 5559 5560 5561
f 5559 5561 5562
f 5563 5564 5565
f 5563 5565 5566
f 5567 5568 5569
f 5567 5569 5570
f 5571 5572 5573
f 5571 5573 5574
f 5575 5576 5577
f 5575 5577 5578
f 5579 5580 5581
f 5579 5581 5582
f 5583 5584 5585
f 5583 5585 5586
f 5587 5588 5589
f 5587 5589 5590
f 5591 5592 5593
f 5591 5593 5594
f 5595 5596 5597
f 5595 5597 5598
f 5599 5600 5601
f 5599 5601 5602
f 5603 5604 5605
f 5603 5605 5606
f 5607 5608 5609
f 5607 5609 5610
f 5611 5612 5613
f 5611 5613 5614
f 5615 5616 5617
f 5615 5617 5618
f 5619 5620 5621
f 5619 5621 5622
f 5623 5624 5625
f 5623 5625 5626
f 5627 5628 5629
f 5627 5629 5630
f 5631 5632 5633
f 5631 5633 5634
f 5635 5636 5637
f 5635 5637 5638
f 5639 5640 5641
f 5639 5641 5642
f 5643 5644 5645
f 5643 5645 5646
f 5647 5648 5649
f 5647 5649 5650
f 5651 5652 5653
f 5651 5653 5654
f 5655 5656 5657
f 5655 5657 5658
f 5659 5660 5661
f 5659 5661 5662
f 5663 5664 5665
f 5663 5665 5666
f 5667 5668 5669
f 5667 5669 5670
f 5671 5672 5673
f 5671 5673 5674
f 5675 5676 5677
f 5675 5677 5678
f 5679 5680 5681
f 5679 5681 5682
f 5683 5684 5685
f 5683 5685 5686
f 5687 5688 5689
f 5687 5689 5690
f 5691 5692 5693
f 5691 5693 5694
f 5695 5696 5697
f 5695 5697 5698
f 5699 5700 5701
f 5699 5701 5702
f 5703 5704 5705
f 5703 5705 5706
f 5707 5708 5709
f 5707 5709 5710
f 5711 5712 5713
f 5711 5713 5714
f 5715 5716 5717
f 5715 5717 5718
f 5719 5720 5721
f 5719 5721 5722
f 5723 5724 5725
f 5723 5725 5726
f 5727 5728 5729
f 5727 5729 5730
f 5731 5732 5733
f 5731 5733 5734
f 5735 5736 5737
f 5735 5737 5738
f 5739 5740 5741
f 5739 5741 5742
f 5743 5744 5745
f 5743 5745 5746
f 5747 5748 5749
f 5747 5749 5750
f 5751 5752 5753
f 5751 5753 5754
f 5755 5756 5757
f 5755 5757 5758
f 5759 5760 5761
f 5759 5761 5762
f 5763 5764 5765
f 5763 5765 5766
f 5767 5768 5769
f 5767 5769 5770
f 5771 5772 5773
f 5771 5773 5774
f 5775 5776 5777
f 5775 5777 5778
f 5779 5780 5781
f 5779 5781 5782
f 5783 5784 5785
f 5783 5785 5786
f 5787 5788 5789
f 5787 5789 5790
f 5791 5792 5793
f 5791 5793 5794
f 5795 5796 5797
f 5795 5797 5798
f 5799 5800 5801
f 5799 5801 5802
f 5803 5804 5805
f 5803 5805 5806
f 5807 5808 5809
f 5807 5809 5810
f 5811 5812 5813
f 5811 5813 5814
f 5815 5816 5817
f 5815 5817 5818
f 5819 5820 5821
f 5819 5821 5822
f 5823 5824 5825
f 5823 5825 5826
f 5827 5828 5829
f 5827 5829 5830
f 5831 5832 5833
f 5831 5833 5834
f 5835 5836 5837
f 5835 5837 5838
f 5839 5840 5841
f 5839 5841 5842
f 5843 5844 5845
f 5843 5845 5846
f 5847 5848 5849
f 5847 5849 5850
f 5851 5852 5853
f 5851 5853 5854
f 5855 5856 5857
f 5855 5857 5858
f 5859 5860 5861
f 5859 5861 5862
f 5863 5864 5865
f 5863 5865 5866
f 5867 5868 5869
f 5867 5869 5870
f 5871 5872 5873
f 5871 5873 5874
f 5875 5876 5877
f 5875 5877 5878
f 5879 5880 5881
f 5879 5881 5882
f 5883 5884 5885
f 5883 5885 5886
f 5887 5888 5889
f 5887 5889 5890
f 5891 5892 5893
f 5891 5893 5894
f 5895 5896 5897
f 5895 5897 5898
f 5899 5900 5901
f 5899 5901 5902
f 5903 5904 5905
f 5903 5905 5906
f 5907 5908 5909
f 5907 5909 5910
f 5911 5912 5913
f 5911 5913 5914
f 5915 5916 5917
f 5915 5917 5918
f 5919 5920 5921
f 5919 5921 5922
f 5923 5924 5925
f 5923 5925 5926
f 5927 5928 5929
f 5927 5929 5930
f 5931 5932 5933
f 5931 5933 5934
f 5935 5936 5937
f 5935 5937 5938
f 5939 5940 5941
f 5939 5941 5942
f 5943 5944 5945
f 5943 5945 5946
f 5947 5948 5949
f 5947 5949 5950
f 5951 5952 5953
f 5951 5953 5954
f 5955 5956 5957
f 5955 5957 5958
f 5959 5960 5961
f 5959 5961 5962
f 5963 5964 5965
f 5963 5965 5966
f 5967 5968 5969
f 5967 5969 5970
f 5971 5972 5973
f 5971 5973 5974
f 5975 5976 5977
f 5975 5977 5978
f 5979 5980 5981
f 5979 5981 5982
f 5983 5984 5985
f 5983 5985 5986
f 5987 5988 5989
f 5987 5989 5990
f 5991 5992 5993
f 5991 5993 5994
f 5995 5996 5997
f 5995 5997 5998
f 5999 6000 6001
f 5999 6001 6002
f 6003 6004 6005
f 6003 6005 6006
f 6007 6008 6009
f 6007 6009 6010
f 6011 6012 6013
f 6011 6013 6014
f 6015 6016 6017
f 6015 6017 6018
f 6019 6020 6021
f 6019 6021 6022
f 6023 6024 6025
f 6023 6025 6026
f 6027 6028 6029
f 6027 6029 6030
f 6031 6032 6033
f 6031 6033 6034
f 6035 6036 6037
f 6035 6037 6038
f 6039 6040 6041
f 6039 6041 6042
f 6043 6044 6045
f 6043 6045 6046
f 6047 6048 6049
f 6047 6049 6050
f 6051 6052 6053
f 6051 6053 6054
f 6055 6056 6057
f 6055 6057 6058
f 6059 6060 6061
f 6059 6061 6062
f 6063 6064 6065
f 6063 6065 6066
f 6067 6068 6069
f 6067 6069 6070
f 6071 6072 6073
f 6071 6073 6074
f 6075 6076 6077
f 6075 6077 6078
f 6079 6080 6081
f 6079 6081 6082
f 6083 6084 6085
f 6083 6085 6086
f 6087 6088 6089
f 6087 6089 6090
f 6091 6092 6093
f 6091 6093 6094
f 6095 6096 6097
f 6095 6097 6098
f 6099 6100 6101
f 6099 6101 6102
f 6103 6104 6105
f 6103 6105 6106
f 6107 6108 6109
f 6107 6109 6110
f 6111 6112 6113
f 6111 6113 6114
f 6115 6116 6117
f 6115 6117 6118
f 6119 6120 6121
f 6119 6121 6122
f 6123 6124 6125
f 6123 6125 6126
f 6127 6128 6129
f 6127 6129 6130
f 6131 6132 6133
f 6131 6133 6134
f 6135 6136 6137
f 6135 6137 6138
f 6139 6140 6141
f 6139 6141 6142
f 6143 6144 6145
f 6143 6145 6146
f 6147 6148 6149
f 6147 6149 6150
f 6151 6152 6153
f 6151 6153 6154
f 6155 6156 6157
f 6155 6157 6158
f 6159 6160 6161
f 6159 6161 6162
f 6163 6164 6165
f 6163 6165 6166
f 6167 6168 6169
f 6167 6169 6170
f 6171 6172 6173
f 6171 6173 6174
f 6175 6176 6177
f 6175 6177 6178
f 6179 6180 6181
f 6179 6181 6182
f 6183 6184 6185
f 6183 6185 6186
f 6187 6188 6189
f 6187 6189 6190
f 6191 6192 6193
f 6191 6193 6194
f 6195 6196 6197
f 6195 6197 6198
f 6199 6200 6201
f 6199 6201 6202
f 6203 6204 6205
f 6203 6205 6206
f 6207 6208 6209
f 6207 6209 6210
f 6211 6212 6213
f 6211 6213 6214
f 6215 6216 6217
f 6215 6217 6218
f 6219 6220 6221
f 6219 6221 6222
f 6223 6224 6225
f 6223 6225 6226
f 6227 6228 6229
f 6227 6229 6230
f 6231 6232 6233
f 6231 6233 6234
f 6235 6236 6237
f 6235 6237 6238
f 6239 6240 6241
f 6239 6241 6242
f 6243 6244 6245
f 6243 6245 6246
f 6247 6248 6249
f 6247 6249 6250
f 6251 6252 6253
f 6251 6253 6254
f 6255 6256 6257
f 6255 6257 6258
f 6259 6260 6261
f 6259 6261 6262
f 6263 6264 6265
f 6263 6265 6266
f 6267 6268 6269
f 6267 6269 6270
f 6271 6272 6273
f 6271 6273 6274
f 6275 6276 6277
f 6275 6277 6278
f 6279 6280 6281
f 6279 6281 6282
f 6283 6284 6285
f 6283 6285 6286
f 6287 6288 6289
f 6287 6289 6290
f 6291 6292 6293
f 6291 6293 6294
f 6295 6296 6297
f 6295 6297 6298
f 6299 6300 6301
f 6299 6301 6302
f 6303 6304 6305
f 6303 6305 6306
f 6307 6308 6309
f 6307 6309 6310
f 6311 6312 6313
f 6311 6313 6314
f 6315 6316 6317
f 6315 6317 6318
f 6319 6320 6321
f 6319 6321 6322
f 6323 6324 6325
f 6323 6325 6326
f 6327 6328 6329
f 6327 6329 6330
f 6331 6332 6333
f 6331 6333 6334
f 6335 6336 6337
f 6335 6337 6338
f 6339 6340 6341
f 6339 6341 6342
f 6343 6344 6345
f 6343 6345 6346
f 6347 6348 6349
f 6347 6349 6350
f 6351 6352 6353
f 6351 6353 6354
f 6355 6356 6357
f 6355 6357 6358
f 6359 6360 6361
f 6359 6361 6362
f 6363 6364 6365
f 6363 6365 6366
f 6367 6368 6369
f 6367 6369 6370
f 6371 6372 6373
f 6371 6373 6374
f 6375 6376 6377
f 6375 6377 6378
f 6379 6380 6381
f 6379 6381 6382
f 6383 6384 6385
f 6383 6385 6386
f 6387 6388 6389
f 6387 6389 6390
f 6391 6392 6393
f 6391 6393 6394
f 6395 6396 6397
f 6395 6397 6398
f 6399 6400 6401
f 6399 6401 6402
f 6403 6404 6405
f 6403 6405 6406
f 6407 6408 6409
f 6407 6409 6410
f 6411 6412 6413
f 6411 6413 6414
f 6415 6416 6417
f 6415 6417 6418
f 6419 6420 6421
f 6419 6421 6422
f 6423 6424 6425
f 6423 6425 6426
f 6427 6428 6429
f 6427 6429 6430
f 6431 6432 6433
f 6431 6433 6434
f 6435 6436 6437
f 6435 6437 6438
f 6439 6440 6441
f 6439 6441 6442
f 6443 6444 6445
f 6443 6445 6446
f 6447 6448 6449
f 6447 6449 6450
f 6451 6452 6453
f 6451 6453 6454
f 6455 6456 6457
f 6455 6457 6458
f 6459 6460 6461
f 6459 6461 6462
f 6463 6464 6465
f 6463 6465 6466
f 6467 6468 6469
f 6467 6469 6470
f 6471 6472 6473
f 6471 6473 6474
f 6475 6476 6477
f 6475 6477 6478
f 6479 6480 6481
f 6479 6481 6482
f 6483 6484 6485
f 6483 6485 6486
f 6487 6488 6489
f 6487 6489 6490
f 6491 6492 6493
f 6491 6493 6494
f 6495 6496 6497
f 6495 6497 6498
f 6499 6500 6501
f 6499 6501 6502
f 6503 6504 6505
f 6503 6505 6506
f 6507 6508 6509
f 6507 6509 6510
f 6511 6512 6513
f 6511 6513 6514
f 6515 6516 6517
f 6515 6517 6518
f 6519 6520 6521
f 6519 6521 6522
f 6523 6524 6525
f 6523 6525 6526
f 6527 6528 6529
f 6527 6529 6530
f 6531 6532 6533
f 6531 6533 6534
f 6535 6536 6537
f 6535 6537 6538
f 6539 6540 6541
f 6539 6541 6542
f 6543 6544 6545
f 6543 6545 6546
f 6547 6548 6549
f 6547 6549 6550
f 6551 6552 6553
f 6551 6553 6554
f 6555 6556 6557
f 6555 6557 6558
f 6559 6560 6561
f 6559 6561 6562
f 6563 6564 6565
f 6563 6565 6566
f 6567 6568 6569
f 6567 6569 6570
f 6571 6572 6573
f 6571 6573 6574
f 6575 6576 6577
f 6575 6577 6578
f 6579 6580 6581
f 6579 6581 6582
f 6583 6584 6585
f 6583 6585 6586
f 6587 6588 6589
f 6587 6589 6590
f 6591 6592 6593
f 6591 6593 6594
f 6595 6596 6597
f 6595 6597 6598
f 6599 6600 6601
f 6599 6601 6602
f 6603 6604 6605
f 6603 6605 6606
f 6607 6608 6609
f 6607 6609 6610
f 6611 6612 6613
f 6611 6613 6614
f 6615 6616 6617
f 6615 6617 6618
f 6619 6620 6621
f 6619 6621 6622
f 6623 6624 6625
f 6623 6625 6626
f 6627 6628 6629
f 6627 6629 6630
f 6631 6632 6633
f 6631 6633 6634
f 6635 6636 6637
f 6635 6637 6638
f 6639 6640 6641
f 6639 6641 6642
f 6643 6644 6645
f 6643 6645 6646
f 6647 6648 6649
f 6647 6649 6650
f 6651 6652 6653
f 6651 6653 6654
f 6655 6656 6657
f 6655 6657 6658
f 6659 6660 6661
f 6659 6661 6662
f 6663 6664 6665
f 6663 6665 6666
f 6667 6668 6669
f 6667 6669 6670
f 6671 6672 6673
f 6671 6673 6674
f 6675 6676 6677
f 6675 6677 6678
f 6679 6680 6681
f 6679 6681 6682
f 6683 6684 6685
f 6683 6685 6686
f 6687 6688 6689
f 6687 6689 6690
f 6691 6692 6693
f 6691 6693 6694
f 6695 6696 6697
f 6695 6697 6698
f 6699 6700 6701
f 6699 6701 6702
f 6703 6704 6705
f 6703 6705 6706
f 6707 6708 6709
f 6707 6709 6710
f 6711 6712 6713
f 6711 6713 6714
f 6715 6716 6717
f 6715 6717 6718
f 6719 6720 6721
f 6719 6721 6722
f 6723 6724 6725
f 6723 6725 6726
f 6727 6728 6729
f 6727 6729 6730
f 6731 6732 6733
f 6731 6733 6734
f 6735 6736 6737
f 6735 6737 6738
f 6739 6740 6741
f 6739 6741 6742
f 6743 6744 6745
f 6743 6745 6746
f 6747 6748 6749
f 6747 6749 6750
f 6751 6752 6753
f 6751 6753 6754
f 6755 6756 6757
f 6755 6757 6758
f 6759 6760 6761
f 6759 6761 6762
f 6763 6764 6765
f 6763 6765 6766
f 6767 6768 6769
f 6767 6769 6770
f 6771 6772 6773
f 6771 6773 6774
f 6775 6776 6777
f 6775 6777 6778
f 6779 6780 6781
f 6779 6781 6782
f 6783 6784 6785
f 6783 6785 6786
f 6787 6788 6789
f 6787 6789 6790
f 6791 6792 6793
f 6791 6793 6794
f 6795 6796 6797
f 6795 6797 6798
f 6799 6800 6801
f 6799 6801 6802
f 6803 6804 6805
f 6803 6805 6806
f 6807 6808 6809
f 6807 6809 6810
f 6811 6812 6813
f 6811 6813 6814
f 6815 6816 6817
f 6815 6817 6818
f 6819 6820 6821
f 6819 6821 6822
f 6823 6824 6825
f 6823 6825 6826
f 6827 6828 6829
f 6827 6829 6830
f 6831 6832 6833
f 6831 6833 6834
f 6835 6836 6837
f 6835 6837 6838
f 6839 6840 6841
f 6839 6841 6842
f 6843 6844 6845
f 6843 6845 6846
f 6847 6848 6849
f 6847 6849 6850
f 6851 6852 6853
f 6851 6853 6854
f 6855 6856 6857
f 6855 6857 6858
f 6859 6860 6861
f 6859 6861 6862
f 6863 6864 6865
f 6863 6865 6866
f 6867 6868 6869
f 6867 6869 6870
f 6871 6872 6873
f 6871 6873 6874
f 6875 6876 6877
f 6875 6877 6878
f 6879 6880 6881
f 6879 6881 6882
f 6883 6884 6885
f 6883 6885 6886
f 6887 6888 6889
f 6887 6889 6890
f 6891 6892 6893
f 6891 6893 6894
f 6895 6896 6897
f 6895 6897 6898
f 6899 6900 6901
f 6899 6901 6902
f 6903 6904 6905
f 6903 6905 6906
f 6907 6908 6909
f 6907 6909 6910
f 6911 6912 6913
f 6911 6913 6914
f 6915 6916 6917
f 6915 6917 6918
f 6919 6920 6921
f 6919 6921 6922
f 6923 6924 6925
f 6923 6925 6926
f 6927 6928 6929
f 6927 6929 6930
f 6931 6932 6933
f 6931 6933 6934
f 6935 6936 6937
f 6935 6937 6938
f 6939 6940 6941
f 6939 6941 6942
f 6943 6944 6945
f 6943 6945 6946
f 6947 6948 6949
f 6947 6949 6950
f 6951 6952 6953
f 6951 6953 6954
f 6955 6956 6957
f 6955 6957 6958
f 6959 6960 6961
f 6959 6961 6962
f 6963 6964 6965
f 6963 6965 6966
f 6967 6968 6969
f 6967 6969 6970
f 6971 6972 6973
f 6971 6973 6974
f 6975 6976 6977
f 6975 6977 6978
f 6979 6980 6981
f 6979 6981 6982
f 6983 6984 6985
f 6983 6985 6986
f 6987 6988 6989
f 6987 6989 6990
f 6991 6992 6993
f 6991 6993 6994
f 6995 6996 6997
f 6995 6997 6998
f 6999 7000 7001
f 6999 7001 7002
f 7003 7004 7005
f 7003 7005 7006
f 7007 7008 7009
f 7007 7009 7010
f 7011 7012 7013
f 7011 7013 7014
f 7015 7016 7017
f 7015 7017 7018
f 7019 7020 7021
f 7019 7021 7022
f 7023 7024 7025
f 7023 7025 7026
f 7027 7028 7029
f 7027 7029 7030
f 7031 7032 7033
f 7031 7033 7034
f 7035 7036 7037
f 7035 7037 7038
f 7039 7040 7041
f 7039 7041 7042
f 7043 7044 7045
f 7043 7045 7046
f 7047 7048 7049
f 7047 7049 7050
f 7051 7052 7053
f 7051 7053 7054
f 7055 7056 7057
f 7055 7057 7058
f 7059 7060 7061
f 7059 7061 7062
f 7063 7064 7065
f 7063 7065 7066
f 7067 7068 7069
f 7067 7069 7070
f 7071 7072 7073
f 7071 7073 7074
f 7075 7076 7077
f 7075 7077 7078
