# Baked from official LDraw part 2435.dat
o ldraw_2435
v 0.1250000 2.0500000 0.0000000
v 0.1154875 2.0500000 0.0478375
v 0.1154875 1.9000000 0.0478375
v 0.1250000 1.9000000 0.0000000
v 0.1154875 2.0500000 0.0478375
v 0.0883875 2.0500000 0.0883875
v 0.0883875 1.9000000 0.0883875
v 0.1154875 1.9000000 0.0478375
v 0.0883875 2.0500000 0.0883875
v 0.0478375 2.0500000 0.1154875
v 0.0478375 1.9000000 0.1154875
v 0.0883875 1.9000000 0.0883875
v 0.0478375 2.0500000 0.1154875
v 0.0000000 2.0500000 0.1250000
v 0.0000000 1.9000000 0.1250000
v 0.0478375 1.9000000 0.1154875
v 0.0000000 2.0500000 0.1250000
v -0.0478375 2.0500000 0.1154875
v -0.0478375 1.9000000 0.1154875
v 0.0000000 1.9000000 0.1250000
v -0.0478375 2.0500000 0.1154875
v -0.0883875 2.0500000 0.0883875
v -0.0883875 1.9000000 0.0883875
v -0.0478375 1.9000000 0.1154875
v -0.0883875 2.0500000 0.0883875
v -0.1154875 2.0500000 0.0478375
v -0.1154875 1.9000000 0.0478375
v -0.0883875 1.9000000 0.0883875
v -0.1154875 2.0500000 0.0478375
v -0.1250000 2.0500000 0.0000000
v -0.1250000 1.9000000 0.0000000
v -0.1154875 1.9000000 0.0478375
v -0.1250000 2.0500000 0.0000000
v -0.1154875 2.0500000 -0.0478375
v -0.1154875 1.9000000 -0.0478375
v -0.1250000 1.9000000 0.0000000
v -0.1154875 2.0500000 -0.0478375
v -0.0883875 2.0500000 -0.0883875
v -0.0883875 1.9000000 -0.0883875
v -0.1154875 1.9000000 -0.0478375
v -0.0883875 2.0500000 -0.0883875
v -0.0478375 2.0500000 -0.1154875
v -0.0478375 1.9000000 -0.1154875
v -0.0883875 1.9000000 -0.0883875
v -0.0478375 2.0500000 -0.1154875
v 0.0000000 2.0500000 -0.1250000
v 0.0000000 1.9000000 -0.1250000
v -0.0478375 1.9000000 -0.1154875
v 0.0000000 2.0500000 -0.1250000
v 0.0478375 2.0500000 -0.1154875
v 0.0478375 1.9000000 -0.1154875
v 0.0000000 1.9000000 -0.1250000
v 0.0478375 2.0500000 -0.1154875
v 0.0883875 2.0500000 -0.0883875
v 0.0883875 1.9000000 -0.0883875
v 0.0478375 1.9000000 -0.1154875
v 0.0883875 2.0500000 -0.0883875
v 0.1154875 2.0500000 -0.0478375
v 0.1154875 1.9000000 -0.0478375
v 0.0883875 1.9000000 -0.0883875
v 0.1154875 2.0500000 -0.0478375
v 0.1250000 2.0500000 0.0000000
v 0.1250000 1.9000000 0.0000000
v 0.1154875 1.9000000 -0.0478375
v 0.0000000 2.0500000 0.0000000
v 0.1500000 2.0500000 0.0000000
v 0.1385850 2.0500000 0.0574050
v 0.0000000 2.0500000 0.0000000
v 0.1385850 2.0500000 0.0574050
v 0.1060650 2.0500000 0.1060650
v 0.0000000 2.0500000 0.0000000
v 0.1060650 2.0500000 0.1060650
v 0.0574050 2.0500000 0.1385850
v 0.0000000 2.0500000 0.0000000
v 0.0574050 2.0500000 0.1385850
v 0.0000000 2.0500000 0.1500000
v 0.0000000 2.0500000 0.0000000
v 0.0000000 2.0500000 0.1500000
v -0.0574050 2.0500000 0.1385850
v 0.0000000 2.0500000 0.0000000
v -0.0574050 2.0500000 0.1385850
v -0.1060650 2.0500000 0.1060650
v 0.0000000 2.0500000 0.0000000
v -0.1060650 2.0500000 0.1060650
v -0.1385850 2.0500000 0.0574050
v 0.0000000 2.0500000 0.0000000
v -0.1385850 2.0500000 0.0574050
v -0.1500000 2.0500000 0.0000000
v 0.0000000 2.0500000 0.0000000
v -0.1500000 2.0500000 0.0000000
v -0.1385850 2.0500000 -0.0574050
v 0.0000000 2.0500000 0.0000000
v -0.1385850 2.0500000 -0.0574050
v -0.1060650 2.0500000 -0.1060650
v 0.0000000 2.0500000 0.0000000
v -0.1060650 2.0500000 -0.1060650
v -0.0574050 2.0500000 -0.1385850
v 0.0000000 2.0500000 0.0000000
v -0.0574050 2.0500000 -0.1385850
v 0.0000000 2.0500000 -0.1500000
v 0.0000000 2.0500000 0.0000000
v 0.0000000 2.0500000 -0.1500000
v 0.0574050 2.0500000 -0.1385850
v 0.0000000 2.0500000 0.0000000
v 0.0574050 2.0500000 -0.1385850
v 0.1060650 2.0500000 -0.1060650
v 0.0000000 2.0500000 0.0000000
v 0.1060650 2.0500000 -0.1060650
v 0.1385850 2.0500000 -0.0574050
v 0.0000000 2.0500000 0.0000000
v 0.1385850 2.0500000 -0.0574050
v 0.1500000 2.0500000 0.0000000
v 0.1500000 2.2000000 0.0000000
v 0.1385850 2.2000000 0.0574050
v 0.1385850 2.0500000 0.0574050
v 0.1500000 2.0500000 0.0000000
v 0.1385850 2.2000000 0.0574050
v 0.1060650 2.2000000 0.1060650
v 0.1060650 2.0500000 0.1060650
v 0.1385850 2.0500000 0.0574050
v 0.1060650 2.2000000 0.1060650
v 0.0574050 2.2000000 0.1385850
v 0.0574050 2.0500000 0.1385850
v 0.1060650 2.0500000 0.1060650
v 0.0574050 2.2000000 0.1385850
v 0.0000000 2.2000000 0.1500000
v 0.0000000 2.0500000 0.1500000
v 0.0574050 2.0500000 0.1385850
v 0.0000000 2.2000000 0.1500000
v -0.0574050 2.2000000 0.1385850
v -0.0574050 2.0500000 0.1385850
v 0.0000000 2.0500000 0.1500000
v -0.0574050 2.2000000 0.1385850
v -0.1060650 2.2000000 0.1060650
v -0.1060650 2.0500000 0.1060650
v -0.0574050 2.0500000 0.1385850
v -0.1060650 2.2000000 0.1060650
v -0.1385850 2.2000000 0.0574050
v -0.1385850 2.0500000 0.0574050
v -0.1060650 2.0500000 0.1060650
v -0.1385850 2.2000000 0.0574050
v -0.1500000 2.2000000 0.0000000
v -0.1500000 2.0500000 0.0000000
v -0.1385850 2.0500000 0.0574050
v -0.1500000 2.2000000 0.0000000
v -0.1385850 2.2000000 -0.0574050
v -0.1385850 2.0500000 -0.0574050
v -0.1500000 2.0500000 0.0000000
v -0.1385850 2.2000000 -0.0574050
v -0.1060650 2.2000000 -0.1060650
v -0.1060650 2.0500000 -0.1060650
v -0.1385850 2.0500000 -0.0574050
v -0.1060650 2.2000000 -0.1060650
v -0.0574050 2.2000000 -0.1385850
v -0.0574050 2.0500000 -0.1385850
v -0.1060650 2.0500000 -0.1060650
v -0.0574050 2.2000000 -0.1385850
v 0.0000000 2.2000000 -0.1500000
v 0.0000000 2.0500000 -0.1500000
v -0.0574050 2.0500000 -0.1385850
v 0.0000000 2.2000000 -0.1500000
v 0.0574050 2.2000000 -0.1385850
v 0.0574050 2.0500000 -0.1385850
v 0.0000000 2.0500000 -0.1500000
v 0.0574050 2.2000000 -0.1385850
v 0.1060650 2.2000000 -0.1060650
v 0.1060650 2.0500000 -0.1060650
v 0.0574050 2.0500000 -0.1385850
v 0.1060650 2.2000000 -0.1060650
v 0.1385850 2.2000000 -0.0574050
v 0.1385850 2.0500000 -0.0574050
v 0.1060650 2.0500000 -0.1060650
v 0.1385850 2.2000000 -0.0574050
v 0.1500000 2.2000000 0.0000000
v 0.1500000 2.0500000 0.0000000
v 0.1385850 2.0500000 -0.0574050
v 0.1500000 2.2000000 0.0000000
v 0.1385850 2.2287025 0.0000000
v 0.1385850 2.2000000 0.0574050
v 0.1385850 2.2287025 0.0000000
v 0.1175400 2.2329475 0.0658950
v 0.1385850 2.2000000 0.0574050
v 0.1385850 2.2000000 0.0574050
v 0.1175400 2.2329475 0.0658950
v 0.1060650 2.2000000 0.1060650
v 0.1175400 2.2329475 0.0658950
v 0.0658950 2.2329475 0.1175400
v 0.1060650 2.2000000 0.1060650
v 0.1060650 2.2000000 0.1060650
v 0.0658950 2.2329475 0.1175400
v 0.0574050 2.2000000 0.1385850
v 0.0658950 2.2329475 0.1175400
v 0.0000000 2.2287025 0.1385850
v 0.0574050 2.2000000 0.1385850
v 0.0574050 2.2000000 0.1385850
v 0.0000000 2.2287025 0.1385850
v 0.0000000 2.2000000 0.1500000
v 0.1385850 2.2287025 0.0000000
v 0.1060650 2.2530325 0.0000000
v 0.1175400 2.2329475 0.0658950
v 0.1060650 2.2530325 0.0000000
v 0.0658950 2.2587700 0.0658950
v 0.1175400 2.2329475 0.0658950
v 0.1175400 2.2329475 0.0658950
v 0.0658950 2.2587700 0.0658950
v 0.0658950 2.2329475 0.1175400
v 0.0658950 2.2587700 0.0658950
v 0.0000000 2.2530325 0.1060650
v 0.0658950 2.2329475 0.1175400
v 0.0658950 2.2329475 0.1175400
v 0.0000000 2.2530325 0.1060650
v 0.0000000 2.2287025 0.1385850
v 0.1060650 2.2530325 0.0000000
v 0.0574050 2.2692925 0.0000000
v 0.0658950 2.2587700 0.0658950
v 0.0574050 2.2692925 0.0000000
v 0.0000000 2.2692925 0.0574050
v 0.0658950 2.2587700 0.0658950
v 0.0658950 2.2587700 0.0658950
v 0.0000000 2.2692925 0.0574050
v 0.0000000 2.2530325 0.1060650
v 0.0574050 2.2692925 0.0000000
v 0.0000000 2.2750000 0.0000000
v 0.0000000 2.2692925 0.0574050
v 0.1385850 2.2000000 -0.0574050
v 0.1385850 2.2287025 0.0000000
v 0.1500000 2.2000000 0.0000000
v 0.1385850 2.2000000 -0.0574050
v 0.1175400 2.2329475 -0.0658950
v 0.1385850 2.2287025 0.0000000
v 0.1060650 2.2000000 -0.1060650
v 0.1175400 2.2329475 -0.0658950
v 0.1385850 2.2000000 -0.0574050
v 0.1060650 2.2000000 -0.1060650
v 0.0658950 2.2329475 -0.1175400
v 0.1175400 2.2329475 -0.0658950
v 0.0574050 2.2000000 -0.1385850
v 0.0658950 2.2329475 -0.1175400
v 0.1060650 2.2000000 -0.1060650
v 0.0574050 2.2000000 -0.1385850
v 0.0000000 2.2287025 -0.1385850
v 0.0658950 2.2329475 -0.1175400
v 0.0000000 2.2000000 -0.1500000
v 0.0000000 2.2287025 -0.1385850
v 0.0574050 2.2000000 -0.1385850
v 0.1175400 2.2329475 -0.0658950
v 0.1060650 2.2530325 0.0000000
v 0.1385850 2.2287025 0.0000000
v 0.1175400 2.2329475 -0.0658950
v 0.0658950 2.2587700 -0.0658950
v 0.1060650 2.2530325 0.0000000
v 0.0658950 2.2329475 -0.1175400
v 0.0658950 2.2587700 -0.0658950
v 0.1175400 2.2329475 -0.0658950
v 0.0658950 2.2329475 -0.1175400
v 0.0000000 2.2530325 -0.1060650
v 0.0658950 2.2587700 -0.0658950
v 0.0000000 2.2287025 -0.1385850
v 0.0000000 2.2530325 -0.1060650
v 0.0658950 2.2329475 -0.1175400
v 0.0658950 2.2587700 -0.0658950
v 0.0574050 2.2692925 0.0000000
v 0.1060650 2.2530325 0.0000000
v 0.0658950 2.2587700 -0.0658950
v 0.0000000 2.2692925 -0.0574050
v 0.0574050 2.2692925 0.0000000
v 0.0000000 2.2530325 -0.1060650
v 0.0000000 2.2692925 -0.0574050
v 0.0658950 2.2587700 -0.0658950
v 0.0000000 2.2692925 -0.0574050
v 0.0000000 2.2750000 0.0000000
v 0.0574050 2.2692925 0.0000000
v -0.1385850 2.2000000 0.0574050
v -0.1385850 2.2287025 0.0000000
v -0.1500000 2.2000000 0.0000000
v -0.1385850 2.2000000 0.0574050
v -0.1175400 2.2329475 0.0658950
v -0.1385850 2.2287025 0.0000000
v -0.1060650 2.2000000 0.1060650
v -0.1175400 2.2329475 0.0658950
v -0.1385850 2.2000000 0.0574050
v -0.1060650 2.2000000 0.1060650
v -0.0658950 2.2329475 0.1175400
v -0.1175400 2.2329475 0.0658950
v -0.0574050 2.2000000 0.1385850
v -0.0658950 2.2329475 0.1175400
v -0.1060650 2.2000000 0.1060650
v -0.0574050 2.2000000 0.1385850
v 0.0000000 2.2287025 0.1385850
v -0.0658950 2.2329475 0.1175400
v 0.0000000 2.2000000 0.1500000
v 0.0000000 2.2287025 0.1385850
v -0.0574050 2.2000000 0.1385850
v -0.1175400 2.2329475 0.0658950
v -0.1060650 2.2530325 0.0000000
v -0.1385850 2.2287025 0.0000000
v -0.1175400 2.2329475 0.0658950
v -0.0658950 2.2587700 0.0658950
v -0.1060650 2.2530325 0.0000000
v -0.0658950 2.2329475 0.1175400
v -0.0658950 2.2587700 0.0658950
v -0.1175400 2.2329475 0.0658950
v -0.0658950 2.2329475 0.1175400
v 0.0000000 2.2530325 0.1060650
v -0.0658950 2.2587700 0.0658950
v 0.0000000 2.2287025 0.1385850
v 0.0000000 2.2530325 0.1060650
v -0.0658950 2.2329475 0.1175400
v -0.0658950 2.2587700 0.0658950
v -0.0574050 2.2692925 0.0000000
v -0.1060650 2.2530325 0.0000000
v -0.0658950 2.2587700 0.0658950
v 0.0000000 2.2692925 0.0574050
v -0.0574050 2.2692925 0.0000000
v 0.0000000 2.2530325 0.1060650
v 0.0000000 2.2692925 0.0574050
v -0.0658950 2.2587700 0.0658950
v 0.0000000 2.2692925 0.0574050
v 0.0000000 2.2750000 0.0000000
v -0.0574050 2.2692925 0.0000000
v -0.1500000 2.2000000 0.0000000
v -0.1385850 2.2287025 0.0000000
v -0.1385850 2.2000000 -0.0574050
v -0.1385850 2.2287025 0.0000000
v -0.1175400 2.2329475 -0.0658950
v -0.1385850 2.2000000 -0.0574050
v -0.1385850 2.2000000 -0.0574050
v -0.1175400 2.2329475 -0.0658950
v -0.1060650 2.2000000 -0.1060650
v -0.1175400 2.2329475 -0.0658950
v -0.0658950 2.2329475 -0.1175400
v -0.1060650 2.2000000 -0.1060650
v -0.1060650 2.2000000 -0.1060650
v -0.0658950 2.2329475 -0.1175400
v -0.0574050 2.2000000 -0.1385850
v -0.0658950 2.2329475 -0.1175400
v 0.0000000 2.2287025 -0.1385850
v -0.0574050 2.2000000 -0.1385850
v -0.0574050 2.2000000 -0.1385850
v 0.0000000 2.2287025 -0.1385850
v 0.0000000 2.2000000 -0.1500000
v -0.1385850 2.2287025 0.0000000
v -0.1060650 2.2530325 0.0000000
v -0.1175400 2.2329475 -0.0658950
v -0.1060650 2.2530325 0.0000000
v -0.0658950 2.2587700 -0.0658950
v -0.1175400 2.2329475 -0.0658950
v -0.1175400 2.2329475 -0.0658950
v -0.0658950 2.2587700 -0.0658950
v -0.0658950 2.2329475 -0.1175400
v -0.0658950 2.2587700 -0.0658950
v 0.0000000 2.2530325 -0.1060650
v -0.0658950 2.2329475 -0.1175400
v -0.0658950 2.2329475 -0.1175400
v 0.0000000 2.2530325 -0.1060650
v 0.0000000 2.2287025 -0.1385850
v -0.1060650 2.2530325 0.0000000
v -0.0574050 2.2692925 0.0000000
v -0.0658950 2.2587700 -0.0658950
v -0.0574050 2.2692925 0.0000000
v 0.0000000 2.2692925 -0.0574050
v -0.0658950 2.2587700 -0.0658950
v -0.0658950 2.2587700 -0.0658950
v 0.0000000 2.2692925 -0.0574050
v 0.0000000 2.2530325 -0.1060650
v -0.0574050 2.2692925 0.0000000
v 0.0000000 2.2750000 0.0000000
v 0.0000000 2.2692925 -0.0574050
v 0.1500000 1.7500000 0.0500000
v -0.1500000 1.7500000 0.0500000
v -0.1500000 1.7500000 -0.0500000
v 0.1500000 1.7500000 -0.0500000
v 0.1500000 1.9000000 -0.0500000
v -0.1500000 1.9000000 -0.0500000
v -0.1500000 1.9000000 0.0500000
v 0.1500000 1.9000000 0.0500000
v 0.1500000 1.9000000 -0.0500000
v 0.1500000 1.9000000 0.0500000
v 0.1500000 1.7500000 0.0500000
v 0.1500000 1.7500000 -0.0500000
v -0.1500000 1.7500000 -0.0500000
v -0.1500000 1.7500000 0.0500000
v -0.1500000 1.9000000 0.0500000
v -0.1500000 1.9000000 -0.0500000
v -0.2957500 1.7500000 0.0500000
v 0.2957500 1.7500000 0.0500000
v 0.2120000 1.7500000 0.2120000
v -0.2120000 1.7500000 0.2120000
v -0.2957500 1.7500000 -0.0500000
v -0.2120000 1.7500000 -0.2120000
v 0.2120000 1.7500000 -0.2120000
v 0.2957500 1.7500000 -0.0500000
v -0.2120000 1.7500000 0.2120000
v 0.2120000 1.7500000 0.2120000
v 0.1147500 1.7500000 0.2772500
v -0.1147500 1.7500000 0.2772500
v -0.2120000 1.7500000 -0.2120000
v -0.1147500 1.7500000 -0.2772500
v 0.1147500 1.7500000 -0.2772500
v 0.2120000 1.7500000 -0.2120000
v 0.0000000 1.7500000 0.3000000
v -0.1147500 1.7500000 0.2772500
v 0.1147500 1.7500000 0.2772500
v 0.1147500 1.7500000 -0.2772500
v -0.1147500 1.7500000 -0.2772500
v 0.0000000 1.7500000 -0.3000000
v -0.2422500 1.9000000 0.0500000
v -0.1767500 1.9000000 0.1767500
v 0.1767500 1.9000000 0.1767500
v 0.2422500 1.9000000 0.0500000
v -0.2422500 1.9000000 -0.0500000
v 0.2422500 1.9000000 -0.0500000
v 0.1767500 1.9000000 -0.1767500
v -0.1767500 1.9000000 -0.1767500
v -0.1767500 1.9000000 0.1767500
v -0.0957500 1.9000000 0.2310000
v 0.0957500 1.9000000 0.2310000
v 0.1767500 1.9000000 0.1767500
v -0.1767500 1.9000000 -0.1767500
v 0.1767500 1.9000000 -0.1767500
v 0.0957500 1.9000000 -0.2310000
v -0.0957500 1.9000000 -0.2310000
v 0.0957500 1.9000000 0.2310000
v -0.0957500 1.9000000 0.2310000
v 0.0000000 1.9000000 0.2500000
v 0.0000000 1.9000000 -0.2500000
v -0.0957500 1.9000000 -0.2310000
v 0.0957500 1.9000000 -0.2310000
v 0.1500000 1.9000000 0.0500000
v 0.2422500 1.9000000 0.0500000
v 0.2957500 1.7500000 0.0500000
v 0.1500000 1.7500000 0.0500000
v -0.1500000 1.9000000 0.0500000
v -0.1500000 1.7500000 0.0500000
v -0.2957500 1.7500000 0.0500000
v -0.2422500 1.9000000 0.0500000
v 0.1500000 1.9000000 -0.0500000
v 0.1500000 1.7500000 -0.0500000
v 0.2957500 1.7500000 -0.0500000
v 0.2422500 1.9000000 -0.0500000
v -0.1500000 1.9000000 -0.0500000
v -0.2422500 1.9000000 -0.0500000
v -0.2957500 1.7500000 -0.0500000
v -0.1500000 1.7500000 -0.0500000
v 0.2422500 1.9000000 0.0500000
v 0.1767500 1.9000000 0.1767500
v 0.2120000 1.7500000 0.2120000
v 0.2957500 1.7500000 0.0500000
v -0.2422500 1.9000000 0.0500000
v -0.2957500 1.7500000 0.0500000
v -0.2120000 1.7500000 0.2120000
v -0.1767500 1.9000000 0.1767500
v 0.2422500 1.9000000 -0.0500000
v 0.2957500 1.7500000 -0.0500000
v 0.2120000 1.7500000 -0.2120000
v 0.1767500 1.9000000 -0.1767500
v -0.2422500 1.9000000 -0.0500000
v -0.1767500 1.9000000 -0.1767500
v -0.2120000 1.7500000 -0.2120000
v -0.2957500 1.7500000 -0.0500000
v 0.1767500 1.9000000 0.1767500
v 0.0957500 1.9000000 0.2310000
v 0.1147500 1.7500000 0.2772500
v 0.2120000 1.7500000 0.2120000
v -0.1767500 1.9000000 0.1767500
v -0.2120000 1.7500000 0.2120000
v -0.1147500 1.7500000 0.2772500
v -0.0957500 1.9000000 0.2310000
v 0.1767500 1.9000000 -0.1767500
v 0.2120000 1.7500000 -0.2120000
v 0.1147500 1.7500000 -0.2772500
v 0.0957500 1.9000000 -0.2310000
v -0.1767500 1.9000000 -0.1767500
v -0.0957500 1.9000000 -0.2310000
v -0.1147500 1.7500000 -0.2772500
v -0.2120000 1.7500000 -0.2120000
v 0.0957500 1.9000000 0.2310000
v 0.0000000 1.9000000 0.2500000
v 0.0000000 1.7500000 0.3000000
v 0.1147500 1.7500000 0.2772500
v -0.0957500 1.9000000 0.2310000
v -0.1147500 1.7500000 0.2772500
v 0.0000000 1.7500000 0.3000000
v 0.0000000 1.9000000 0.2500000
v 0.0957500 1.9000000 -0.2310000
v 0.1147500 1.7500000 -0.2772500
v 0.0000000 1.7500000 -0.3000000
v 0.0000000 1.9000000 -0.2500000
v -0.0957500 1.9000000 -0.2310000
v 0.0000000 1.9000000 -0.2500000
v 0.0000000 1.7500000 -0.3000000
v -0.1147500 1.7500000 -0.2772500
v 0.1375000 1.7500000 0.0000000
v 0.1270363 1.7500000 0.0526213
v 0.1270363 1.6000000 0.0526213
v 0.1375000 1.6000000 0.0000000
v 0.1270363 1.7500000 0.0526213
v 0.0972263 1.7500000 0.0972263
v 0.0972263 1.6000000 0.0972263
v 0.1270363 1.6000000 0.0526213
v 0.0972263 1.7500000 0.0972263
v 0.0526213 1.7500000 0.1270363
v 0.0526213 1.6000000 0.1270363
v 0.0972263 1.6000000 0.0972263
v 0.0526213 1.7500000 0.1270363
v 0.0000000 1.7500000 0.1375000
v 0.0000000 1.6000000 0.1375000
v 0.0526213 1.6000000 0.1270363
v 0.0000000 1.7500000 0.1375000
v -0.0526213 1.7500000 0.1270363
v -0.0526213 1.6000000 0.1270363
v 0.0000000 1.6000000 0.1375000
v -0.0526213 1.7500000 0.1270363
v -0.0972263 1.7500000 0.0972263
v -0.0972263 1.6000000 0.0972263
v -0.0526213 1.6000000 0.1270363
v -0.0972263 1.7500000 0.0972263
v -0.1270363 1.7500000 0.0526213
v -0.1270363 1.6000000 0.0526213
v -0.0972263 1.6000000 0.0972263
v -0.1270363 1.7500000 0.0526213
v -0.1375000 1.7500000 0.0000000
v -0.1375000 1.6000000 0.0000000
v -0.1270363 1.6000000 0.0526213
v -0.1375000 1.7500000 0.0000000
v -0.1270363 1.7500000 -0.0526213
v -0.1270363 1.6000000 -0.0526213
v -0.1375000 1.6000000 0.0000000
v -0.1270363 1.7500000 -0.0526213
v -0.0972263 1.7500000 -0.0972263
v -0.0972263 1.6000000 -0.0972263
v -0.1270363 1.6000000 -0.0526213
v -0.0972263 1.7500000 -0.0972263
v -0.0526213 1.7500000 -0.1270363
v -0.0526213 1.6000000 -0.1270363
v -0.0972263 1.6000000 -0.0972263
v -0.0526213 1.7500000 -0.1270363
v 0.0000000 1.7500000 -0.1375000
v 0.0000000 1.6000000 -0.1375000
v -0.0526213 1.6000000 -0.1270363
v 0.0000000 1.7500000 -0.1375000
v 0.0526213 1.7500000 -0.1270363
v 0.0526213 1.6000000 -0.1270363
v 0.0000000 1.6000000 -0.1375000
v 0.0526213 1.7500000 -0.1270363
v 0.0972263 1.7500000 -0.0972263
v 0.0972263 1.6000000 -0.0972263
v 0.0526213 1.6000000 -0.1270363
v 0.0972263 1.7500000 -0.0972263
v 0.1270363 1.7500000 -0.0526213
v 0.1270363 1.6000000 -0.0526213
v 0.0972263 1.6000000 -0.0972263
v 0.1270363 1.7500000 -0.0526213
v 0.1375000 1.7500000 0.0000000
v 0.1375000 1.6000000 0.0000000
v 0.1270363 1.6000000 -0.0526213
v 0.2500000 1.4500000 0.0500000
v -0.2500000 1.4500000 0.0500000
v -0.2500000 1.4500000 -0.0500000
v 0.2500000 1.4500000 -0.0500000
v 0.2500000 1.6000000 -0.0500000
v -0.2500000 1.6000000 -0.0500000
v -0.2500000 1.6000000 0.0500000
v 0.2500000 1.6000000 0.0500000
v 0.2500000 1.6000000 -0.0500000
v 0.2500000 1.6000000 0.0500000
v 0.2500000 1.4500000 0.0500000
v 0.2500000 1.4500000 -0.0500000
v -0.2500000 1.4500000 -0.0500000
v -0.2500000 1.4500000 0.0500000
v -0.2500000 1.6000000 0.0500000
v -0.2500000 1.6000000 -0.0500000
v -0.3967500 1.4500000 0.0500000
v 0.3967500 1.4500000 0.0500000
v 0.2645000 1.4500000 0.3000000
v -0.2645000 1.4500000 0.3000000
v -0.3967500 1.4500000 -0.0500000
v -0.2645000 1.4500000 -0.3000000
v 0.2645000 1.4500000 -0.3000000
v 0.3967500 1.4500000 -0.0500000
v -0.1500000 1.4500000 0.3000000
v 0.1500000 1.4500000 0.3000000
v 0.1500000 1.4500000 0.3707500
v -0.1500000 1.4500000 0.3707500
v -0.1500000 1.4500000 -0.3707500
v 0.1500000 1.4500000 -0.3707500
v 0.1500000 1.4500000 -0.3000000
v -0.1500000 1.4500000 -0.3000000
v 0.0000000 1.4500000 0.4045000
v -0.1500000 1.4500000 0.3707500
v 0.1500000 1.4500000 0.3707500
v 0.1500000 1.4500000 -0.3707500
v -0.1500000 1.4500000 -0.3707500
v 0.0000000 1.4500000 -0.4045000
v -0.3465000 1.6000000 0.0500000
v -0.2142500 1.6000000 0.3000000
v 0.2142500 1.6000000 0.3000000
v 0.3465000 1.6000000 0.0500000
v -0.3465000 1.6000000 -0.0500000
v 0.3465000 1.6000000 -0.0500000
v 0.2142500 1.6000000 -0.3000000
v -0.2142500 1.6000000 -0.3000000
v -0.1500000 1.6000000 0.3162500
v 0.1500000 1.6000000 0.3162500
v 0.1500000 1.6000000 0.3000000
v -0.1500000 1.6000000 0.3000000
v -0.1500000 1.6000000 -0.3000000
v 0.1500000 1.6000000 -0.3000000
v 0.1500000 1.6000000 -0.3162500
v -0.1500000 1.6000000 -0.3162500
v 0.1500000 1.6000000 0.3162500
v -0.1500000 1.6000000 0.3162500
v 0.0000000 1.6000000 0.3500000
v 0.0000000 1.6000000 -0.3500000
v -0.1500000 1.6000000 -0.3162500
v 0.1500000 1.6000000 -0.3162500
v 0.2500000 1.6000000 0.0500000
v 0.3465000 1.6000000 0.0500000
v 0.3967500 1.4500000 0.0500000
v 0.2500000 1.4500000 0.0500000
v -0.2500000 1.6000000 0.0500000
v -0.2500000 1.4500000 0.0500000
v -0.3967500 1.4500000 0.0500000
v -0.3465000 1.6000000 0.0500000
v 0.2500000 1.6000000 -0.0500000
v 0.2500000 1.4500000 -0.0500000
v 0.3967500 1.4500000 -0.0500000
v 0.3465000 1.6000000 -0.0500000
v -0.2500000 1.6000000 -0.0500000
v -0.3465000 1.6000000 -0.0500000
v -0.3967500 1.4500000 -0.0500000
v -0.2500000 1.4500000 -0.0500000
v 0.2142500 1.6000000 0.3000000
v 0.2645000 1.4500000 0.3000000
v 0.3967500 1.4500000 0.0500000
v 0.3465000 1.6000000 0.0500000
v -0.3967500 1.4500000 0.0500000
v -0.2645000 1.4500000 0.3000000
v -0.2142500 1.6000000 0.3000000
v -0.3465000 1.6000000 0.0500000
v 0.3967500 1.4500000 -0.0500000
v 0.2645000 1.4500000 -0.3000000
v 0.2142500 1.6000000 -0.3000000
v 0.3465000 1.6000000 -0.0500000
v -0.2142500 1.6000000 -0.3000000
v -0.2645000 1.4500000 -0.3000000
v -0.3967500 1.4500000 -0.0500000
v -0.3465000 1.6000000 -0.0500000
v 0.2142500 1.6000000 0.3000000
v 0.1500000 1.6000000 0.3000000
v 0.1500000 1.4500000 0.3000000
v 0.2645000 1.4500000 0.3000000
v -0.2142500 1.6000000 0.3000000
v -0.2645000 1.4500000 0.3000000
v -0.1500000 1.4500000 0.3000000
v -0.1500000 1.6000000 0.3000000
v 0.2142500 1.6000000 -0.3000000
v 0.2645000 1.4500000 -0.3000000
v 0.1500000 1.4500000 -0.3000000
v 0.1500000 1.6000000 -0.3000000
v -0.2142500 1.6000000 -0.3000000
v -0.1500000 1.6000000 -0.3000000
v -0.1500000 1.4500000 -0.3000000
v -0.2645000 1.4500000 -0.3000000
v 0.1500000 1.6000000 0.3000000
v 0.1500000 1.6000000 0.3162500
v 0.1500000 1.4500000 0.3707500
v 0.1500000 1.4500000 0.3000000
v -0.1500000 1.6000000 0.3000000
v -0.1500000 1.4500000 0.3000000
v -0.1500000 1.4500000 0.3707500
v -0.1500000 1.6000000 0.3162500
v 0.1500000 1.6000000 -0.3000000
v 0.1500000 1.4500000 -0.3000000
v 0.1500000 1.4500000 -0.3707500
v 0.1500000 1.6000000 -0.3162500
v -0.1500000 1.6000000 -0.3000000
v -0.1500000 1.6000000 -0.3162500
v -0.1500000 1.4500000 -0.3707500
v -0.1500000 1.4500000 -0.3000000
v 0.1500000 1.6000000 0.3162500
v 0.0000000 1.6000000 0.3500000
v 0.0000000 1.4500000 0.4045000
v 0.1500000 1.4500000 0.3707500
v -0.1500000 1.4500000 0.3707500
v 0.0000000 1.4500000 0.4045000
v 0.0000000 1.6000000 0.3500000
v -0.1500000 1.6000000 0.3162500
v 0.1500000 1.4500000 -0.3707500
v 0.0000000 1.4500000 -0.4045000
v 0.0000000 1.6000000 -0.3500000
v 0.1500000 1.6000000 -0.3162500
v -0.1500000 1.6000000 -0.3162500
v 0.0000000 1.6000000 -0.3500000
v 0.0000000 1.4500000 -0.4045000
v -0.1500000 1.4500000 -0.3707500
v 0.1375000 1.4500000 0.0000000
v 0.1270363 1.4500000 0.0526213
v 0.1270363 1.3000000 0.0526213
v 0.1375000 1.3000000 0.0000000
v 0.1270363 1.4500000 0.0526213
v 0.0972263 1.4500000 0.0972263
v 0.0972263 1.3000000 0.0972263
v 0.1270363 1.3000000 0.0526213
v 0.0972263 1.4500000 0.0972263
v 0.0526213 1.4500000 0.1270363
v 0.0526213 1.3000000 0.1270363
v 0.0972263 1.3000000 0.0972263
v 0.0526213 1.4500000 0.1270363
v 0.0000000 1.4500000 0.1375000
v 0.0000000 1.3000000 0.1375000
v 0.0526213 1.3000000 0.1270363
v 0.0000000 1.4500000 0.1375000
v -0.0526213 1.4500000 0.1270363
v -0.0526213 1.3000000 0.1270363
v 0.0000000 1.3000000 0.1375000
v -0.0526213 1.4500000 0.1270363
v -0.0972263 1.4500000 0.0972263
v -0.0972263 1.3000000 0.0972263
v -0.0526213 1.3000000 0.1270363
v -0.0972263 1.4500000 0.0972263
v -0.1270363 1.4500000 0.0526213
v -0.1270363 1.3000000 0.0526213
v -0.0972263 1.3000000 0.0972263
v -0.1270363 1.4500000 0.0526213
v -0.1375000 1.4500000 0.0000000
v -0.1375000 1.3000000 0.0000000
v -0.1270363 1.3000000 0.0526213
v -0.1375000 1.4500000 0.0000000
v -0.1270363 1.4500000 -0.0526213
v -0.1270363 1.3000000 -0.0526213
v -0.1375000 1.3000000 0.0000000
v -0.1270363 1.4500000 -0.0526213
v -0.0972263 1.4500000 -0.0972263
v -0.0972263 1.3000000 -0.0972263
v -0.1270363 1.3000000 -0.0526213
v -0.0972263 1.4500000 -0.0972263
v -0.0526213 1.4500000 -0.1270363
v -0.0526213 1.3000000 -0.1270363
v -0.0972263 1.3000000 -0.0972263
v -0.0526213 1.4500000 -0.1270363
v 0.0000000 1.4500000 -0.1375000
v 0.0000000 1.3000000 -0.1375000
v -0.0526213 1.3000000 -0.1270363
v 0.0000000 1.4500000 -0.1375000
v 0.0526213 1.4500000 -0.1270363
v 0.0526213 1.3000000 -0.1270363
v 0.0000000 1.3000000 -0.1375000
v 0.0526213 1.4500000 -0.1270363
v 0.0972263 1.4500000 -0.0972263
v 0.0972263 1.3000000 -0.0972263
v 0.0526213 1.3000000 -0.1270363
v 0.0972263 1.4500000 -0.0972263
v 0.1270363 1.4500000 -0.0526213
v 0.1270363 1.3000000 -0.0526213
v 0.0972263 1.3000000 -0.0972263
v 0.1270363 1.4500000 -0.0526213
v 0.1375000 1.4500000 0.0000000
v 0.1375000 1.3000000 0.0000000
v 0.1270363 1.3000000 -0.0526213
v 0.2500000 1.1500000 0.0500000
v -0.2500000 1.1500000 0.0500000
v -0.2500000 1.1500000 -0.0500000
v 0.2500000 1.1500000 -0.0500000
v 0.2500000 1.3000000 -0.0500000
v -0.2500000 1.3000000 -0.0500000
v -0.2500000 1.3000000 0.0500000
v 0.2500000 1.3000000 0.0500000
v 0.2500000 1.3000000 -0.0500000
v 0.2500000 1.3000000 0.0500000
v 0.2500000 1.1500000 0.0500000
v 0.2500000 1.1500000 -0.0500000
v -0.2500000 1.1500000 -0.0500000
v -0.2500000 1.1500000 0.0500000
v -0.2500000 1.3000000 0.0500000
v -0.2500000 1.3000000 -0.0500000
v -0.4975000 1.1500000 0.0500000
v 0.4975000 1.1500000 0.0500000
v 0.4000000 1.1500000 0.3000000
v -0.4000000 1.1500000 0.3000000
v -0.4975000 1.1500000 -0.0500000
v -0.4000000 1.1500000 -0.3000000
v 0.4000000 1.1500000 -0.3000000
v 0.4975000 1.1500000 -0.0500000
v -0.1500000 1.1500000 0.3000000
v 0.1500000 1.1500000 0.3000000
v 0.1500000 1.1500000 0.4752500
v -0.1500000 1.1500000 0.4752500
v -0.1500000 1.1500000 -0.4752500
v 0.1500000 1.1500000 -0.4752500
v 0.1500000 1.1500000 -0.3000000
v -0.1500000 1.1500000 -0.3000000
v 0.0000000 1.1500000 0.5002500
v -0.1500000 1.1500000 0.4752500
v 0.1500000 1.1500000 0.4752500
v 0.1500000 1.1500000 -0.4752500
v -0.1500000 1.1500000 -0.4752500
v 0.0000000 1.1500000 -0.5002500
v -0.4475000 1.3000000 0.0500000
v -0.3500000 1.3000000 0.3000000
v 0.3500000 1.3000000 0.3000000
v 0.4475000 1.3000000 0.0500000
v -0.4475000 1.3000000 -0.0500000
v 0.4475000 1.3000000 -0.0500000
v 0.3500000 1.3000000 -0.3000000
v -0.3500000 1.3000000 -0.3000000
v -0.1500000 1.3000000 0.4250000
v 0.1500000 1.3000000 0.4250000
v 0.1500000 1.3000000 0.3000000
v -0.1500000 1.3000000 0.3000000
v -0.1500000 1.3000000 -0.3000000
v 0.1500000 1.3000000 -0.3000000
v 0.1500000 1.3000000 -0.4250000
v -0.1500000 1.3000000 -0.4250000
v 0.1500000 1.3000000 0.4250000
v -0.1500000 1.3000000 0.4250000
v 0.0000000 1.3000000 0.4500000
v 0.0000000 1.3000000 -0.4500000
v -0.1500000 1.3000000 -0.4250000
v 0.1500000 1.3000000 -0.4250000
v 0.2500000 1.3000000 0.0500000
v 0.4475000 1.3000000 0.0500000
v 0.4975000 1.1500000 0.0500000
v 0.2500000 1.1500000 0.0500000
v -0.2500000 1.3000000 0.0500000
v -0.2500000 1.1500000 0.0500000
v -0.4975000 1.1500000 0.0500000
v -0.4475000 1.3000000 0.0500000
v 0.2500000 1.3000000 -0.0500000
v 0.2500000 1.1500000 -0.0500000
v 0.4975000 1.1500000 -0.0500000
v 0.4475000 1.3000000 -0.0500000
v -0.2500000 1.3000000 -0.0500000
v -0.4475000 1.3000000 -0.0500000
v -0.4975000 1.1500000 -0.0500000
v -0.2500000 1.1500000 -0.0500000
v 0.3500000 1.3000000 0.3000000
v 0.4000000 1.1500000 0.3000000
v 0.4975000 1.1500000 0.0500000
v 0.4475000 1.3000000 0.0500000
v -0.4975000 1.1500000 0.0500000
v -0.4000000 1.1500000 0.3000000
v -0.3500000 1.3000000 0.3000000
v -0.4475000 1.3000000 0.0500000
v 0.4975000 1.1500000 -0.0500000
v 0.4000000 1.1500000 -0.3000000
v 0.3500000 1.3000000 -0.3000000
v 0.4475000 1.3000000 -0.0500000
v -0.3500000 1.3000000 -0.3000000
v -0.4000000 1.1500000 -0.3000000
v -0.4975000 1.1500000 -0.0500000
v -0.4475000 1.3000000 -0.0500000
v 0.3500000 1.3000000 0.3000000
v 0.1500000 1.3000000 0.3000000
v 0.1500000 1.1500000 0.3000000
v 0.4000000 1.1500000 0.3000000
v -0.3500000 1.3000000 0.3000000
v -0.4000000 1.1500000 0.3000000
v -0.1500000 1.1500000 0.3000000
v -0.1500000 1.3000000 0.3000000
v 0.3500000 1.3000000 -0.3000000
v 0.4000000 1.1500000 -0.3000000
v 0.1500000 1.1500000 -0.3000000
v 0.1500000 1.3000000 -0.3000000
v -0.3500000 1.3000000 -0.3000000
v -0.1500000 1.3000000 -0.3000000
v -0.1500000 1.1500000 -0.3000000
v -0.4000000 1.1500000 -0.3000000
v 0.1500000 1.3000000 0.3000000
v 0.1500000 1.3000000 0.4250000
v 0.1500000 1.1500000 0.4752500
v 0.1500000 1.1500000 0.3000000
v -0.1500000 1.3000000 0.3000000
v -0.1500000 1.1500000 0.3000000
v -0.1500000 1.1500000 0.4752500
v -0.1500000 1.3000000 0.4250000
v 0.1500000 1.3000000 -0.3000000
v 0.1500000 1.1500000 -0.3000000
v 0.1500000 1.1500000 -0.4752500
v 0.1500000 1.3000000 -0.4250000
v -0.1500000 1.3000000 -0.3000000
v -0.1500000 1.3000000 -0.4250000
v -0.1500000 1.1500000 -0.4752500
v -0.1500000 1.1500000 -0.3000000
v 0.1500000 1.3000000 0.4250000
v 0.0000000 1.3000000 0.4500000
v 0.0000000 1.1500000 0.5002500
v 0.1500000 1.1500000 0.4752500
v -0.1500000 1.1500000 0.4752500
v 0.0000000 1.1500000 0.5002500
v 0.0000000 1.3000000 0.4500000
v -0.1500000 1.3000000 0.4250000
v 0.1500000 1.1500000 -0.4752500
v 0.0000000 1.1500000 -0.5002500
v 0.0000000 1.3000000 -0.4500000
v 0.1500000 1.3000000 -0.4250000
v -0.1500000 1.3000000 -0.4250000
v 0.0000000 1.3000000 -0.4500000
v 0.0000000 1.1500000 -0.5002500
v -0.1500000 1.1500000 -0.4752500
v 0.1375000 1.1500000 0.0000000
v 0.1270363 1.1500000 0.0526213
v 0.1270363 1.0000000 0.0526213
v 0.1375000 1.0000000 0.0000000
v 0.1270363 1.1500000 0.0526213
v 0.0972263 1.1500000 0.0972263
v 0.0972263 1.0000000 0.0972263
v 0.1270363 1.0000000 0.0526213
v 0.0972263 1.1500000 0.0972263
v 0.0526213 1.1500000 0.1270363
v 0.0526213 1.0000000 0.1270363
v 0.0972263 1.0000000 0.0972263
v 0.0526213 1.1500000 0.1270363
v 0.0000000 1.1500000 0.1375000
v 0.0000000 1.0000000 0.1375000
v 0.0526213 1.0000000 0.1270363
v 0.0000000 1.1500000 0.1375000
v -0.0526213 1.1500000 0.1270363
v -0.0526213 1.0000000 0.1270363
v 0.0000000 1.0000000 0.1375000
v -0.0526213 1.1500000 0.1270363
v -0.0972263 1.1500000 0.0972263
v -0.0972263 1.0000000 0.0972263
v -0.0526213 1.0000000 0.1270363
v -0.0972263 1.1500000 0.0972263
v -0.1270363 1.1500000 0.0526213
v -0.1270363 1.0000000 0.0526213
v -0.0972263 1.0000000 0.0972263
v -0.1270363 1.1500000 0.0526213
v -0.1375000 1.1500000 0.0000000
v -0.1375000 1.0000000 0.0000000
v -0.1270363 1.0000000 0.0526213
v -0.1375000 1.1500000 0.0000000
v -0.1270363 1.1500000 -0.0526213
v -0.1270363 1.0000000 -0.0526213
v -0.1375000 1.0000000 0.0000000
v -0.1270363 1.1500000 -0.0526213
v -0.0972263 1.1500000 -0.0972263
v -0.0972263 1.0000000 -0.0972263
v -0.1270363 1.0000000 -0.0526213
v -0.0972263 1.1500000 -0.0972263
v -0.0526213 1.1500000 -0.1270363
v -0.0526213 1.0000000 -0.1270363
v -0.0972263 1.0000000 -0.0972263
v -0.0526213 1.1500000 -0.1270363
v 0.0000000 1.1500000 -0.1375000
v 0.0000000 1.0000000 -0.1375000
v -0.0526213 1.0000000 -0.1270363
v 0.0000000 1.1500000 -0.1375000
v 0.0526213 1.1500000 -0.1270363
v 0.0526213 1.0000000 -0.1270363
v 0.0000000 1.0000000 -0.1375000
v 0.0526213 1.1500000 -0.1270363
v 0.0972263 1.1500000 -0.0972263
v 0.0972263 1.0000000 -0.0972263
v 0.0526213 1.0000000 -0.1270363
v 0.0972263 1.1500000 -0.0972263
v 0.1270363 1.1500000 -0.0526213
v 0.1270363 1.0000000 -0.0526213
v 0.0972263 1.0000000 -0.0972263
v 0.1270363 1.1500000 -0.0526213
v 0.1375000 1.1500000 0.0000000
v 0.1375000 1.0000000 0.0000000
v 0.1270363 1.0000000 -0.0526213
v 0.2500000 0.8500000 0.0500000
v -0.2500000 0.8500000 0.0500000
v -0.2500000 0.8500000 -0.0500000
v 0.2500000 0.8500000 -0.0500000
v 0.2500000 1.0000000 -0.0500000
v -0.2500000 1.0000000 -0.0500000
v -0.2500000 1.0000000 0.0500000
v 0.2500000 1.0000000 0.0500000
v 0.2500000 1.0000000 -0.0500000
v 0.2500000 1.0000000 0.0500000
v 0.2500000 0.8500000 0.0500000
v 0.2500000 0.8500000 -0.0500000
v -0.2500000 0.8500000 -0.0500000
v -0.2500000 0.8500000 0.0500000
v -0.2500000 1.0000000 0.0500000
v -0.2500000 1.0000000 -0.0500000
v -0.5980000 0.8500000 0.0500000
v 0.5980000 0.8500000 0.0500000
v 0.5195000 0.8500000 0.3000000
v -0.5195000 0.8500000 0.3000000
v -0.5980000 0.8500000 -0.0500000
v -0.5195000 0.8500000 -0.3000000
v 0.5195000 0.8500000 -0.3000000
v 0.5980000 0.8500000 -0.0500000
v -0.2000000 0.8500000 0.3000000
v 0.2000000 0.8500000 0.3000000
v 0.2000000 0.8500000 0.4500000
v -0.2000000 0.8500000 0.4500000
v -0.2000000 0.8500000 -0.4500000
v 0.2000000 0.8500000 -0.4500000
v 0.2000000 0.8500000 -0.3000000
v -0.2000000 0.8500000 -0.3000000
v -0.4205000 0.8500000 0.4500000
v 0.4205000 0.8500000 0.4500000
v 0.2295000 0.8500000 0.5542500
v -0.2295000 0.8500000 0.5542500
v -0.4205000 0.8500000 -0.4500000
v -0.2295000 0.8500000 -0.5542500
v 0.2295000 0.8500000 -0.5542500
v 0.4205000 0.8500000 -0.4500000
v 0.0000000 0.8500000 0.6000000
v -0.2295000 0.8500000 0.5542500
v 0.2295000 0.8500000 0.5542500
v 0.2295000 0.8500000 -0.5542500
v -0.2295000 0.8500000 -0.5542500
v 0.0000000 0.8500000 -0.6000000
v -0.5477500 1.0000000 0.0500000
v -0.4692500 1.0000000 0.3000000
v 0.4692500 1.0000000 0.3000000
v 0.5477500 1.0000000 0.0500000
v -0.5477500 1.0000000 -0.0500000
v 0.5477500 1.0000000 -0.0500000
v 0.4692500 1.0000000 -0.3000000
v -0.4692500 1.0000000 -0.3000000
v -0.2000000 1.0000000 0.4500000
v 0.2000000 1.0000000 0.4500000
v 0.2000000 1.0000000 0.3000000
v -0.2000000 1.0000000 0.3000000
v -0.2000000 1.0000000 -0.3000000
v 0.2000000 1.0000000 -0.3000000
v 0.2000000 1.0000000 -0.4500000
v -0.2000000 1.0000000 -0.4500000
v -0.3162500 1.0000000 0.4500000
v -0.2095000 1.0000000 0.5082500
v 0.2095000 1.0000000 0.5082500
v 0.3162500 1.0000000 0.4500000
v -0.3162500 1.0000000 -0.4500000
v 0.3162500 1.0000000 -0.4500000
v 0.2095000 1.0000000 -0.5082500
v -0.2095000 1.0000000 -0.5082500
v 0.2095000 1.0000000 0.5082500
v -0.2095000 1.0000000 0.5082500
v 0.0000000 1.0000000 0.5500000
v 0.0000000 1.0000000 -0.5500000
v -0.2095000 1.0000000 -0.5082500
v 0.2095000 1.0000000 -0.5082500
v 0.2500000 1.0000000 0.0500000
v 0.5477500 1.0000000 0.0500000
v 0.5980000 0.8500000 0.0500000
v 0.2500000 0.8500000 0.0500000
v -0.2500000 1.0000000 0.0500000
v -0.2500000 0.8500000 0.0500000
v -0.5980000 0.8500000 0.0500000
v -0.5477500 1.0000000 0.0500000
v 0.2500000 1.0000000 -0.0500000
v 0.2500000 0.8500000 -0.0500000
v 0.5980000 0.8500000 -0.0500000
v 0.5477500 1.0000000 -0.0500000
v -0.2500000 1.0000000 -0.0500000
v -0.5477500 1.0000000 -0.0500000
v -0.5980000 0.8500000 -0.0500000
v -0.2500000 0.8500000 -0.0500000
v 0.4692500 1.0000000 0.3000000
v 0.5195000 0.8500000 0.3000000
v 0.5980000 0.8500000 0.0500000
v 0.5477500 1.0000000 0.0500000
v -0.5980000 0.8500000 0.0500000
v -0.5195000 0.8500000 0.3000000
v -0.4692500 1.0000000 0.3000000
v -0.5477500 1.0000000 0.0500000
v 0.5980000 0.8500000 -0.0500000
v 0.5195000 0.8500000 -0.3000000
v 0.4692500 1.0000000 -0.3000000
v 0.5477500 1.0000000 -0.0500000
v -0.4692500 1.0000000 -0.3000000
v -0.5195000 0.8500000 -0.3000000
v -0.5980000 0.8500000 -0.0500000
v -0.5477500 1.0000000 -0.0500000
v 0.4692500 1.0000000 0.3000000
v 0.2000000 1.0000000 0.3000000
v 0.2000000 0.8500000 0.3000000
v 0.5195000 0.8500000 0.3000000
v -0.4692500 1.0000000 0.3000000
v -0.5195000 0.8500000 0.3000000
v -0.2000000 0.8500000 0.3000000
v -0.2000000 1.0000000 0.3000000
v 0.4692500 1.0000000 -0.3000000
v 0.5195000 0.8500000 -0.3000000
v 0.2000000 0.8500000 -0.3000000
v 0.2000000 1.0000000 -0.3000000
v -0.4692500 1.0000000 -0.3000000
v -0.2000000 1.0000000 -0.3000000
v -0.2000000 0.8500000 -0.3000000
v -0.5195000 0.8500000 -0.3000000
v 0.2000000 1.0000000 0.3000000
v 0.2000000 1.0000000 0.4500000
v 0.2000000 0.8500000 0.4500000
v 0.2000000 0.8500000 0.3000000
v -0.2000000 0.8500000 0.3000000
v -0.2000000 0.8500000 0.4500000
v -0.2000000 1.0000000 0.4500000
v -0.2000000 1.0000000 0.3000000
v 0.2000000 0.8500000 -0.3000000
v 0.2000000 0.8500000 -0.4500000
v 0.2000000 1.0000000 -0.4500000
v 0.2000000 1.0000000 -0.3000000
v -0.2000000 1.0000000 -0.3000000
v -0.2000000 1.0000000 -0.4500000
v -0.2000000 0.8500000 -0.4500000
v -0.2000000 0.8500000 -0.3000000
v 0.2000000 1.0000000 0.4500000
v 0.3162500 1.0000000 0.4500000
v 0.4205000 0.8500000 0.4500000
v 0.2000000 0.8500000 0.4500000
v -0.2000000 1.0000000 0.4500000
v -0.2000000 0.8500000 0.4500000
v -0.4205000 0.8500000 0.4500000
v -0.3162500 1.0000000 0.4500000
v 0.2000000 1.0000000 -0.4500000
v 0.2000000 0.8500000 -0.4500000
v 0.4205000 0.8500000 -0.4500000
v 0.3162500 1.0000000 -0.4500000
v -0.2000000 1.0000000 -0.4500000
v -0.3162500 1.0000000 -0.4500000
v -0.4205000 0.8500000 -0.4500000
v -0.2000000 0.8500000 -0.4500000
v 0.3162500 1.0000000 0.4500000
v 0.2095000 1.0000000 0.5082500
v 0.2295000 0.8500000 0.5542500
v 0.4205000 0.8500000 0.4500000
v -0.3162500 1.0000000 0.4500000
v -0.4205000 0.8500000 0.4500000
v -0.2295000 0.8500000 0.5542500
v -0.2095000 1.0000000 0.5082500
v 0.3162500 1.0000000 -0.4500000
v 0.4205000 0.8500000 -0.4500000
v 0.2295000 0.8500000 -0.5542500
v 0.2095000 1.0000000 -0.5082500
v -0.3162500 1.0000000 -0.4500000
v -0.2095000 1.0000000 -0.5082500
v -0.2295000 0.8500000 -0.5542500
v -0.4205000 0.8500000 -0.4500000
v 0.2095000 1.0000000 0.5082500
v 0.0000000 1.0000000 0.5500000
v 0.0000000 0.8500000 0.6000000
v 0.2295000 0.8500000 0.5542500
v -0.2095000 1.0000000 0.5082500
v -0.2295000 0.8500000 0.5542500
v 0.0000000 0.8500000 0.6000000
v 0.0000000 1.0000000 0.5500000
v 0.2095000 1.0000000 -0.5082500
v 0.2295000 0.8500000 -0.5542500
v 0.0000000 0.8500000 -0.6000000
v 0.0000000 1.0000000 -0.5500000
v -0.2095000 1.0000000 -0.5082500
v 0.0000000 1.0000000 -0.5500000
v 0.0000000 0.8500000 -0.6000000
v -0.2295000 0.8500000 -0.5542500
v 0.1375000 0.8500000 0.0000000
v 0.1270363 0.8500000 0.0526213
v 0.1270363 0.7000000 0.0526213
v 0.1375000 0.7000000 0.0000000
v 0.1270363 0.8500000 0.0526213
v 0.0972263 0.8500000 0.0972263
v 0.0972263 0.7000000 0.0972263
v 0.1270363 0.7000000 0.0526213
v 0.0972263 0.8500000 0.0972263
v 0.0526213 0.8500000 0.1270363
v 0.0526213 0.7000000 0.1270363
v 0.0972263 0.7000000 0.0972263
v 0.0526213 0.8500000 0.1270363
v 0.0000000 0.8500000 0.1375000
v 0.0000000 0.7000000 0.1375000
v 0.0526213 0.7000000 0.1270363
v 0.0000000 0.8500000 0.1375000
v -0.0526213 0.8500000 0.1270363
v -0.0526213 0.7000000 0.1270363
v 0.0000000 0.7000000 0.1375000
v -0.0526213 0.8500000 0.1270363
v -0.0972263 0.8500000 0.0972263
v -0.0972263 0.7000000 0.0972263
v -0.0526213 0.7000000 0.1270363
v -0.0972263 0.8500000 0.0972263
v -0.1270363 0.8500000 0.0526213
v -0.1270363 0.7000000 0.0526213
v -0.0972263 0.7000000 0.0972263
v -0.1270363 0.8500000 0.0526213
v -0.1375000 0.8500000 0.0000000
v -0.1375000 0.7000000 0.0000000
v -0.1270363 0.7000000 0.0526213
v -0.1375000 0.8500000 0.0000000
v -0.1270363 0.8500000 -0.0526213
v -0.1270363 0.7000000 -0.0526213
v -0.1375000 0.7000000 0.0000000
v -0.1270363 0.8500000 -0.0526213
v -0.0972263 0.8500000 -0.0972263
v -0.0972263 0.7000000 -0.0972263
v -0.1270363 0.7000000 -0.0526213
v -0.0972263 0.8500000 -0.0972263
v -0.0526213 0.8500000 -0.1270363
v -0.0526213 0.7000000 -0.1270363
v -0.0972263 0.7000000 -0.0972263
v -0.0526213 0.8500000 -0.1270363
v 0.0000000 0.8500000 -0.1375000
v 0.0000000 0.7000000 -0.1375000
v -0.0526213 0.7000000 -0.1270363
v 0.0000000 0.8500000 -0.1375000
v 0.0526213 0.8500000 -0.1270363
v 0.0526213 0.7000000 -0.1270363
v 0.0000000 0.7000000 -0.1375000
v 0.0526213 0.8500000 -0.1270363
v 0.0972263 0.8500000 -0.0972263
v 0.0972263 0.7000000 -0.0972263
v 0.0526213 0.7000000 -0.1270363
v 0.0972263 0.8500000 -0.0972263
v 0.1270363 0.8500000 -0.0526213
v 0.1270363 0.7000000 -0.0526213
v 0.0972263 0.7000000 -0.0972263
v 0.1270363 0.8500000 -0.0526213
v 0.1375000 0.8500000 0.0000000
v 0.1375000 0.7000000 0.0000000
v 0.1270363 0.7000000 -0.0526213
v 0.2500000 0.5500000 0.0500000
v -0.2500000 0.5500000 0.0500000
v -0.2500000 0.5500000 -0.0500000
v 0.2500000 0.5500000 -0.0500000
v 0.2500000 0.7000000 -0.0500000
v -0.2500000 0.7000000 -0.0500000
v -0.2500000 0.7000000 0.0500000
v 0.2500000 0.7000000 0.0500000
v 0.2500000 0.7000000 -0.0500000
v 0.2500000 0.7000000 0.0500000
v 0.2500000 0.5500000 0.0500000
v 0.2500000 0.5500000 -0.0500000
v -0.2500000 0.5500000 -0.0500000
v -0.2500000 0.5500000 0.0500000
v -0.2500000 0.7000000 0.0500000
v -0.2500000 0.7000000 -0.0500000
v -0.6985000 0.5500000 0.0500000
v 0.6985000 0.5500000 0.0500000
v 0.6325000 0.5500000 0.3000000
v -0.6325000 0.5500000 0.3000000
v -0.6985000 0.5500000 -0.0500000
v -0.6325000 0.5500000 -0.3000000
v 0.6325000 0.5500000 -0.3000000
v 0.6985000 0.5500000 -0.0500000
v -0.2000000 0.5500000 0.3000000
v 0.2000000 0.5500000 0.3000000
v 0.2000000 0.5500000 0.4500000
v -0.2000000 0.5500000 0.4500000
v -0.2000000 0.5500000 -0.4500000
v 0.2000000 0.5500000 -0.4500000
v 0.2000000 0.5500000 -0.3000000
v -0.2000000 0.5500000 -0.3000000
v -0.5400000 0.5500000 0.4500000
v 0.5400000 0.5500000 0.4500000
v 0.4950000 0.5500000 0.4950000
v -0.4950000 0.5500000 0.4950000
v -0.5400000 0.5500000 -0.4500000
v -0.4950000 0.5500000 -0.4950000
v 0.4950000 0.5500000 -0.4950000
v 0.5400000 0.5500000 -0.4500000
v -0.2680000 0.5500000 0.6467500
v -0.4950000 0.5500000 0.4950000
v 0.4950000 0.5500000 0.4950000
v 0.2680000 0.5500000 0.6467500
v -0.2680000 0.5500000 -0.6467500
v 0.2680000 0.5500000 -0.6467500
v 0.4950000 0.5500000 -0.4950000
v -0.4950000 0.5500000 -0.4950000
v 0.0000000 0.5500000 0.7000000
v -0.2680000 0.5500000 0.6467500
v 0.2680000 0.5500000 0.6467500
v 0.2680000 0.5500000 -0.6467500
v -0.2680000 0.5500000 -0.6467500
v 0.0000000 0.5500000 -0.7000000
v -0.6480000 0.7000000 0.0500000
v -0.5820000 0.7000000 0.3000000
v 0.5820000 0.7000000 0.3000000
v 0.6480000 0.7000000 0.0500000
v -0.6480000 0.7000000 -0.0500000
v 0.6480000 0.7000000 -0.0500000
v 0.5820000 0.7000000 -0.3000000
v -0.5820000 0.7000000 -0.3000000
v -0.2000000 0.7000000 0.4500000
v 0.2000000 0.7000000 0.4500000
v 0.2000000 0.7000000 0.3000000
v -0.2000000 0.7000000 0.3000000
v -0.2000000 0.7000000 -0.3000000
v 0.2000000 0.7000000 -0.3000000
v 0.2000000 0.7000000 -0.4500000
v -0.2000000 0.7000000 -0.4500000
v -0.4690000 0.7000000 0.4500000
v -0.4595000 0.7000000 0.4595000
v 0.4595000 0.7000000 0.4595000
v 0.4690000 0.7000000 0.4500000
v -0.4690000 0.7000000 -0.4500000
v 0.4690000 0.7000000 -0.4500000
v 0.4595000 0.7000000 -0.4595000
v -0.4595000 0.7000000 -0.4595000
v -0.2487500 0.7000000 0.6005000
v 0.2487500 0.7000000 0.6005000
v 0.4595000 0.7000000 0.4595000
v -0.4595000 0.7000000 0.4595000
v -0.2487500 0.7000000 -0.6005000
v -0.4595000 0.7000000 -0.4595000
v 0.4595000 0.7000000 -0.4595000
v 0.2487500 0.7000000 -0.6005000
v 0.2487500 0.7000000 0.6005000
v -0.2487500 0.7000000 0.6005000
v 0.0000000 0.7000000 0.6500000
v 0.0000000 0.7000000 -0.6500000
v -0.2487500 0.7000000 -0.6005000
v 0.2487500 0.7000000 -0.6005000
v 0.2500000 0.7000000 0.0500000
v 0.6480000 0.7000000 0.0500000
v 0.6985000 0.5500000 0.0500000
v 0.2500000 0.5500000 0.0500000
v -0.2500000 0.7000000 0.0500000
v -0.2500000 0.5500000 0.0500000
v -0.6985000 0.5500000 0.0500000
v -0.6480000 0.7000000 0.0500000
v 0.2500000 0.7000000 -0.0500000
v 0.2500000 0.5500000 -0.0500000
v 0.6985000 0.5500000 -0.0500000
v 0.6480000 0.7000000 -0.0500000
v -0.2500000 0.7000000 -0.0500000
v -0.6480000 0.7000000 -0.0500000
v -0.6985000 0.5500000 -0.0500000
v -0.2500000 0.5500000 -0.0500000
v 0.5820000 0.7000000 0.3000000
v 0.6325000 0.5500000 0.3000000
v 0.6985000 0.5500000 0.0500000
v 0.6480000 0.7000000 0.0500000
v -0.6985000 0.5500000 0.0500000
v -0.6325000 0.5500000 0.3000000
v -0.5820000 0.7000000 0.3000000
v -0.6480000 0.7000000 0.0500000
v 0.6985000 0.5500000 -0.0500000
v 0.6325000 0.5500000 -0.3000000
v 0.5820000 0.7000000 -0.3000000
v 0.6480000 0.7000000 -0.0500000
v -0.5820000 0.7000000 -0.3000000
v -0.6325000 0.5500000 -0.3000000
v -0.6985000 0.5500000 -0.0500000
v -0.6480000 0.7000000 -0.0500000
v 0.5820000 0.7000000 0.3000000
v 0.2000000 0.7000000 0.3000000
v 0.2000000 0.5500000 0.3000000
v 0.6325000 0.5500000 0.3000000
v -0.5820000 0.7000000 0.3000000
v -0.6325000 0.5500000 0.3000000
v -0.2000000 0.5500000 0.3000000
v -0.2000000 0.7000000 0.3000000
v 0.5820000 0.7000000 -0.3000000
v 0.6325000 0.5500000 -0.3000000
v 0.2000000 0.5500000 -0.3000000
v 0.2000000 0.7000000 -0.3000000
v -0.5820000 0.7000000 -0.3000000
v -0.2000000 0.7000000 -0.3000000
v -0.2000000 0.5500000 -0.3000000
v -0.6325000 0.5500000 -0.3000000
v 0.2000000 0.7000000 0.3000000
v 0.2000000 0.7000000 0.4500000
v 0.2000000 0.5500000 0.4500000
v 0.2000000 0.5500000 0.3000000
v -0.2000000 0.5500000 0.3000000
v -0.2000000 0.5500000 0.4500000
v -0.2000000 0.7000000 0.4500000
v -0.2000000 0.7000000 0.3000000
v 0.2000000 0.5500000 -0.3000000
v 0.2000000 0.5500000 -0.4500000
v 0.2000000 0.7000000 -0.4500000
v 0.2000000 0.7000000 -0.3000000
v -0.2000000 0.7000000 -0.3000000
v -0.2000000 0.7000000 -0.4500000
v -0.2000000 0.5500000 -0.4500000
v -0.2000000 0.5500000 -0.3000000
v 0.2000000 0.7000000 0.4500000
v 0.4690000 0.7000000 0.4500000
v 0.5400000 0.5500000 0.4500000
v 0.2000000 0.5500000 0.4500000
v -0.2000000 0.7000000 0.4500000
v -0.2000000 0.5500000 0.4500000
v -0.5400000 0.5500000 0.4500000
v -0.4690000 0.7000000 0.4500000
v 0.2000000 0.7000000 -0.4500000
v 0.2000000 0.5500000 -0.4500000
v 0.5400000 0.5500000 -0.4500000
v 0.4690000 0.7000000 -0.4500000
v -0.2000000 0.7000000 -0.4500000
v -0.4690000 0.7000000 -0.4500000
v -0.5400000 0.5500000 -0.4500000
v -0.2000000 0.5500000 -0.4500000
v 0.4690000 0.7000000 0.4500000
v 0.4595000 0.7000000 0.4595000
v 0.4950000 0.5500000 0.4950000
v 0.5400000 0.5500000 0.4500000
v -0.4690000 0.7000000 0.4500000
v -0.5400000 0.5500000 0.4500000
v -0.4950000 0.5500000 0.4950000
v -0.4595000 0.7000000 0.4595000
v 0.4690000 0.7000000 -0.4500000
v 0.5400000 0.5500000 -0.4500000
v 0.4950000 0.5500000 -0.4950000
v 0.4595000 0.7000000 -0.4595000
v -0.4690000 0.7000000 -0.4500000
v -0.4595000 0.7000000 -0.4595000
v -0.4950000 0.5500000 -0.4950000
v -0.5400000 0.5500000 -0.4500000
v 0.4595000 0.7000000 0.4595000
v 0.2487500 0.7000000 0.6005000
v 0.2680000 0.5500000 0.6467500
v 0.4950000 0.5500000 0.4950000
v -0.4595000 0.7000000 0.4595000
v -0.4950000 0.5500000 0.4950000
v -0.2680000 0.5500000 0.6467500
v -0.2487500 0.7000000 0.6005000
v 0.4595000 0.7000000 -0.4595000
v 0.4950000 0.5500000 -0.4950000
v 0.2680000 0.5500000 -0.6467500
v 0.2487500 0.7000000 -0.6005000
v -0.4595000 0.7000000 -0.4595000
v -0.2487500 0.7000000 -0.6005000
v -0.2680000 0.5500000 -0.6467500
v -0.4950000 0.5500000 -0.4950000
v 0.2487500 0.7000000 0.6005000
v 0.0000000 0.7000000 0.6500000
v 0.0000000 0.5500000 0.7000000
v 0.2680000 0.5500000 0.6467500
v -0.2487500 0.7000000 0.6005000
v -0.2680000 0.5500000 0.6467500
v 0.0000000 0.5500000 0.7000000
v 0.0000000 0.7000000 0.6500000
v 0.2487500 0.7000000 -0.6005000
v 0.2680000 0.5500000 -0.6467500
v 0.0000000 0.5500000 -0.7000000
v 0.0000000 0.7000000 -0.6500000
v -0.2487500 0.7000000 -0.6005000
v 0.0000000 0.7000000 -0.6500000
v 0.0000000 0.5500000 -0.7000000
v -0.2680000 0.5500000 -0.6467500
v 0.1375000 0.5500000 0.0000000
v 0.1270363 0.5500000 0.0526213
v 0.1270363 0.4000000 0.0526213
v 0.1375000 0.4000000 0.0000000
v 0.1270363 0.5500000 0.0526213
v 0.0972263 0.5500000 0.0972263
v 0.0972263 0.4000000 0.0972263
v 0.1270363 0.4000000 0.0526213
v 0.0972263 0.5500000 0.0972263
v 0.0526213 0.5500000 0.1270363
v 0.0526213 0.4000000 0.1270363
v 0.0972263 0.4000000 0.0972263
v 0.0526213 0.5500000 0.1270363
v 0.0000000 0.5500000 0.1375000
v 0.0000000 0.4000000 0.1375000
v 0.0526213 0.4000000 0.1270363
v 0.0000000 0.5500000 0.1375000
v -0.0526213 0.5500000 0.1270363
v -0.0526213 0.4000000 0.1270363
v 0.0000000 0.4000000 0.1375000
v -0.0526213 0.5500000 0.1270363
v -0.0972263 0.5500000 0.0972263
v -0.0972263 0.4000000 0.0972263
v -0.0526213 0.4000000 0.1270363
v -0.0972263 0.5500000 0.0972263
v -0.1270363 0.5500000 0.0526213
v -0.1270363 0.4000000 0.0526213
v -0.0972263 0.4000000 0.0972263
v -0.1270363 0.5500000 0.0526213
v -0.1375000 0.5500000 0.0000000
v -0.1375000 0.4000000 0.0000000
v -0.1270363 0.4000000 0.0526213
v -0.1375000 0.5500000 0.0000000
v -0.1270363 0.5500000 -0.0526213
v -0.1270363 0.4000000 -0.0526213
v -0.1375000 0.4000000 0.0000000
v -0.1270363 0.5500000 -0.0526213
v -0.0972263 0.5500000 -0.0972263
v -0.0972263 0.4000000 -0.0972263
v -0.1270363 0.4000000 -0.0526213
v -0.0972263 0.5500000 -0.0972263
v -0.0526213 0.5500000 -0.1270363
v -0.0526213 0.4000000 -0.1270363
v -0.0972263 0.4000000 -0.0972263
v -0.0526213 0.5500000 -0.1270363
v 0.0000000 0.5500000 -0.1375000
v 0.0000000 0.4000000 -0.1375000
v -0.0526213 0.4000000 -0.1270363
v 0.0000000 0.5500000 -0.1375000
v 0.0526213 0.5500000 -0.1270363
v 0.0526213 0.4000000 -0.1270363
v 0.0000000 0.4000000 -0.1375000
v 0.0526213 0.5500000 -0.1270363
v 0.0972263 0.5500000 -0.0972263
v 0.0972263 0.4000000 -0.0972263
v 0.0526213 0.4000000 -0.1270363
v 0.0972263 0.5500000 -0.0972263
v 0.1270363 0.5500000 -0.0526213
v 0.1270363 0.4000000 -0.0526213
v 0.0972263 0.4000000 -0.0972263
v 0.1270363 0.5500000 -0.0526213
v 0.1375000 0.5500000 0.0000000
v 0.1375000 0.4000000 0.0000000
v 0.1270363 0.4000000 -0.0526213
v 0.2500000 0.2500000 0.0500000
v -0.2500000 0.2500000 0.0500000
v -0.2500000 0.2500000 -0.0500000
v 0.2500000 0.2500000 -0.0500000
v 0.2500000 0.4000000 -0.0500000
v -0.2500000 0.4000000 -0.0500000
v -0.2500000 0.4000000 0.0500000
v 0.2500000 0.4000000 0.0500000
v 0.2500000 0.4000000 -0.0500000
v 0.2500000 0.4000000 0.0500000
v 0.2500000 0.2500000 0.0500000
v 0.2500000 0.2500000 -0.0500000
v -0.2500000 0.2500000 -0.0500000
v -0.2500000 0.2500000 0.0500000
v -0.2500000 0.4000000 0.0500000
v -0.2500000 0.4000000 -0.0500000
v -0.7985000 0.2500000 0.0500000
v 0.7985000 0.2500000 0.0500000
v 0.7415000 0.2500000 0.3000000
v -0.7415000 0.2500000 0.3000000
v -0.7985000 0.2500000 -0.0500000
v -0.7415000 0.2500000 -0.3000000
v 0.7415000 0.2500000 -0.3000000
v 0.7985000 0.2500000 -0.0500000
v -0.2000000 0.2500000 0.3000000
v 0.2000000 0.2500000 0.3000000
v 0.2000000 0.2500000 0.4500000
v -0.2000000 0.2500000 0.4500000
v -0.2000000 0.2500000 -0.4500000
v 0.2000000 0.2500000 -0.4500000
v 0.2000000 0.2500000 -0.3000000
v -0.2000000 0.2500000 -0.3000000
v -0.6615000 0.2500000 0.4500000
v 0.6615000 0.2500000 0.4500000
v 0.3307500 0.2500000 0.7000000
v -0.3307500 0.2500000 0.7000000
v -0.6615000 0.2500000 -0.4500000
v -0.3307500 0.2500000 -0.7000000
v 0.3307500 0.2500000 -0.7000000
v 0.6615000 0.2500000 -0.4500000
v -0.1500000 0.2500000 0.7000000
v 0.1500000 0.2500000 0.7000000
v 0.1500000 0.2500000 0.7857500
v -0.1500000 0.2500000 0.7857500
v -0.1500000 0.2500000 -0.7857500
v 0.1500000 0.2500000 -0.7857500
v 0.1500000 0.2500000 -0.7000000
v -0.1500000 0.2500000 -0.7000000
v 0.0000000 0.2500000 0.8010000
v -0.1500000 0.2500000 0.7857500
v 0.1500000 0.2500000 0.7857500
v 0.1500000 0.2500000 -0.7857500
v -0.1500000 0.2500000 -0.7857500
v 0.0000000 0.2500000 -0.8010000
v -0.7482500 0.4000000 0.0500000
v -0.6912500 0.4000000 0.3000000
v 0.6912500 0.4000000 0.3000000
v 0.7482500 0.4000000 0.0500000
v -0.7482500 0.4000000 -0.0500000
v 0.7482500 0.4000000 -0.0500000
v 0.6912500 0.4000000 -0.3000000
v -0.6912500 0.4000000 -0.3000000
v -0.2000000 0.4000000 0.4500000
v 0.2000000 0.4000000 0.4500000
v 0.2000000 0.4000000 0.3000000
v -0.2000000 0.4000000 0.3000000
v -0.2000000 0.4000000 -0.3000000
v 0.2000000 0.4000000 -0.3000000
v 0.2000000 0.4000000 -0.4500000
v -0.2000000 0.4000000 -0.4500000
v -0.6000000 0.4000000 0.4500000
v -0.2692500 0.4000000 0.7000000
v 0.2692500 0.4000000 0.7000000
v 0.6000000 0.4000000 0.4500000
v -0.6000000 0.4000000 -0.4500000
v 0.6000000 0.4000000 -0.4500000
v 0.2692500 0.4000000 -0.7000000
v -0.2692500 0.4000000 -0.7000000
v -0.1500000 0.4000000 0.7347500
v 0.1500000 0.4000000 0.7347500
v 0.1500000 0.4000000 0.7000000
v -0.1500000 0.4000000 0.7000000
v -0.1500000 0.4000000 -0.7000000
v 0.1500000 0.4000000 -0.7000000
v 0.1500000 0.4000000 -0.7347500
v -0.1500000 0.4000000 -0.7347500
v 0.1500000 0.4000000 0.7347500
v -0.1500000 0.4000000 0.7347500
v 0.0000000 0.4000000 0.7500000
v 0.0000000 0.4000000 -0.7500000
v -0.1500000 0.4000000 -0.7347500
v 0.1500000 0.4000000 -0.7347500
v 0.2500000 0.4000000 0.0500000
v 0.7482500 0.4000000 0.0500000
v 0.7985000 0.2500000 0.0500000
v 0.2500000 0.2500000 0.0500000
v -0.2500000 0.4000000 0.0500000
v -0.2500000 0.2500000 0.0500000
v -0.7985000 0.2500000 0.0500000
v -0.7482500 0.4000000 0.0500000
v 0.2500000 0.4000000 -0.0500000
v 0.2500000 0.2500000 -0.0500000
v 0.7985000 0.2500000 -0.0500000
v 0.7482500 0.4000000 -0.0500000
v -0.2500000 0.4000000 -0.0500000
v -0.7482500 0.4000000 -0.0500000
v -0.7985000 0.2500000 -0.0500000
v -0.2500000 0.2500000 -0.0500000
v 0.6912500 0.4000000 0.3000000
v 0.7415000 0.2500000 0.3000000
v 0.7985000 0.2500000 0.0500000
v 0.7482500 0.4000000 0.0500000
v -0.7985000 0.2500000 0.0500000
v -0.7415000 0.2500000 0.3000000
v -0.6912500 0.4000000 0.3000000
v -0.7482500 0.4000000 0.0500000
v 0.7985000 0.2500000 -0.0500000
v 0.7415000 0.2500000 -0.3000000
v 0.6912500 0.4000000 -0.3000000
v 0.7482500 0.4000000 -0.0500000
v -0.6912500 0.4000000 -0.3000000
v -0.7415000 0.2500000 -0.3000000
v -0.7985000 0.2500000 -0.0500000
v -0.7482500 0.4000000 -0.0500000
v 0.6912500 0.4000000 0.3000000
v 0.2000000 0.4000000 0.3000000
v 0.2000000 0.2500000 0.3000000
v 0.7415000 0.2500000 0.3000000
v -0.6912500 0.4000000 0.3000000
v -0.7415000 0.2500000 0.3000000
v -0.2000000 0.2500000 0.3000000
v -0.2000000 0.4000000 0.3000000
v 0.6912500 0.4000000 -0.3000000
v 0.7415000 0.2500000 -0.3000000
v 0.2000000 0.2500000 -0.3000000
v 0.2000000 0.4000000 -0.3000000
v -0.6912500 0.4000000 -0.3000000
v -0.2000000 0.4000000 -0.3000000
v -0.2000000 0.2500000 -0.3000000
v -0.7415000 0.2500000 -0.3000000
v 0.2000000 0.4000000 0.3000000
v 0.2000000 0.4000000 0.4500000
v 0.2000000 0.2500000 0.4500000
v 0.2000000 0.2500000 0.3000000
v -0.2000000 0.2500000 0.3000000
v -0.2000000 0.2500000 0.4500000
v -0.2000000 0.4000000 0.4500000
v -0.2000000 0.4000000 0.3000000
v 0.2000000 0.2500000 -0.3000000
v 0.2000000 0.2500000 -0.4500000
v 0.2000000 0.4000000 -0.4500000
v 0.2000000 0.4000000 -0.3000000
v -0.2000000 0.4000000 -0.3000000
v -0.2000000 0.4000000 -0.4500000
v -0.2000000 0.2500000 -0.4500000
v -0.2000000 0.2500000 -0.3000000
v 0.2000000 0.4000000 0.4500000
v 0.6000000 0.4000000 0.4500000
v 0.6615000 0.2500000 0.4500000
v 0.2000000 0.2500000 0.4500000
v -0.2000000 0.4000000 0.4500000
v -0.2000000 0.2500000 0.4500000
v -0.6615000 0.2500000 0.4500000
v -0.6000000 0.4000000 0.4500000
v 0.2000000 0.4000000 -0.4500000
v 0.2000000 0.2500000 -0.4500000
v 0.6615000 0.2500000 -0.4500000
v 0.6000000 0.4000000 -0.4500000
v -0.2000000 0.4000000 -0.4500000
v -0.6000000 0.4000000 -0.4500000
v -0.6615000 0.2500000 -0.4500000
v -0.2000000 0.2500000 -0.4500000
v 0.2692500 0.4000000 0.7000000
v 0.3307500 0.2500000 0.7000000
v 0.6615000 0.2500000 0.4500000
v 0.6000000 0.4000000 0.4500000
v -0.6615000 0.2500000 0.4500000
v -0.3307500 0.2500000 0.7000000
v -0.2692500 0.4000000 0.7000000
v -0.6000000 0.4000000 0.4500000
v 0.6615000 0.2500000 -0.4500000
v 0.3307500 0.2500000 -0.7000000
v 0.2692500 0.4000000 -0.7000000
v 0.6000000 0.4000000 -0.4500000
v -0.2692500 0.4000000 -0.7000000
v -0.3307500 0.2500000 -0.7000000
v -0.6615000 0.2500000 -0.4500000
v -0.6000000 0.4000000 -0.4500000
v 0.2692500 0.4000000 0.7000000
v 0.1500000 0.4000000 0.7000000
v 0.1500000 0.2500000 0.7000000
v 0.3307500 0.2500000 0.7000000
v -0.2692500 0.4000000 0.7000000
v -0.3307500 0.2500000 0.7000000
v -0.1500000 0.2500000 0.7000000
v -0.1500000 0.4000000 0.7000000
v 0.2692500 0.4000000 -0.7000000
v 0.3307500 0.2500000 -0.7000000
v 0.1500000 0.2500000 -0.7000000
v 0.1500000 0.4000000 -0.7000000
v -0.2692500 0.4000000 -0.7000000
v -0.1500000 0.4000000 -0.7000000
v -0.1500000 0.2500000 -0.7000000
v -0.3307500 0.2500000 -0.7000000
v 0.1500000 0.4000000 0.7000000
v 0.1500000 0.4000000 0.7347500
v 0.1500000 0.2500000 0.7857500
v 0.1500000 0.2500000 0.7000000
v -0.1500000 0.4000000 0.7000000
v -0.1500000 0.2500000 0.7000000
v -0.1500000 0.2500000 0.7857500
v -0.1500000 0.4000000 0.7347500
v 0.1500000 0.4000000 -0.7000000
v 0.1500000 0.2500000 -0.7000000
v 0.1500000 0.2500000 -0.7857500
v 0.1500000 0.4000000 -0.7347500
v -0.1500000 0.4000000 -0.7000000
v -0.1500000 0.4000000 -0.7347500
v -0.1500000 0.2500000 -0.7857500
v -0.1500000 0.2500000 -0.7000000
v 0.1500000 0.4000000 0.7347500
v 0.0000000 0.4000000 0.7500000
v 0.0000000 0.2500000 0.8010000
v 0.1500000 0.2500000 0.7857500
v -0.1500000 0.2500000 0.7857500
v 0.0000000 0.2500000 0.8010000
v 0.0000000 0.4000000 0.7500000
v -0.1500000 0.4000000 0.7347500
v 0.1500000 0.2500000 -0.7857500
v 0.0000000 0.2500000 -0.8010000
v 0.0000000 0.4000000 -0.7500000
v 0.1500000 0.4000000 -0.7347500
v -0.1500000 0.4000000 -0.7347500
v 0.0000000 0.4000000 -0.7500000
v 0.0000000 0.2500000 -0.8010000
v -0.1500000 0.2500000 -0.7857500
v 0.1500000 0.2500000 0.0000000
v 0.1385850 0.2500000 0.0574050
v 0.1385850 0.0750000 0.0574050
v 0.1500000 0.0750000 0.0000000
v 0.1385850 0.2500000 0.0574050
v 0.1060650 0.2500000 0.1060650
v 0.1060650 0.0750000 0.1060650
v 0.1385850 0.0750000 0.0574050
v 0.1060650 0.2500000 0.1060650
v 0.0574050 0.2500000 0.1385850
v 0.0574050 0.0750000 0.1385850
v 0.1060650 0.0750000 0.1060650
v 0.0574050 0.2500000 0.1385850
v 0.0000000 0.2500000 0.1500000
v 0.0000000 0.0750000 0.1500000
v 0.0574050 0.0750000 0.1385850
v 0.0000000 0.2500000 0.1500000
v -0.0574050 0.2500000 0.1385850
v -0.0574050 0.0750000 0.1385850
v 0.0000000 0.0750000 0.1500000
v -0.0574050 0.2500000 0.1385850
v -0.1060650 0.2500000 0.1060650
v -0.1060650 0.0750000 0.1060650
v -0.0574050 0.0750000 0.1385850
v -0.1060650 0.2500000 0.1060650
v -0.1385850 0.2500000 0.0574050
v -0.1385850 0.0750000 0.0574050
v -0.1060650 0.0750000 0.1060650
v -0.1385850 0.2500000 0.0574050
v -0.1500000 0.2500000 0.0000000
v -0.1500000 0.0750000 0.0000000
v -0.1385850 0.0750000 0.0574050
v -0.1500000 0.2500000 0.0000000
v -0.1385850 0.2500000 -0.0574050
v -0.1385850 0.0750000 -0.0574050
v -0.1500000 0.0750000 0.0000000
v -0.1385850 0.2500000 -0.0574050
v -0.1060650 0.2500000 -0.1060650
v -0.1060650 0.0750000 -0.1060650
v -0.1385850 0.0750000 -0.0574050
v -0.1060650 0.2500000 -0.1060650
v -0.0574050 0.2500000 -0.1385850
v -0.0574050 0.0750000 -0.1385850
v -0.1060650 0.0750000 -0.1060650
v -0.0574050 0.2500000 -0.1385850
v 0.0000000 0.2500000 -0.1500000
v 0.0000000 0.0750000 -0.1500000
v -0.0574050 0.0750000 -0.1385850
v 0.0000000 0.2500000 -0.1500000
v 0.0574050 0.2500000 -0.1385850
v 0.0574050 0.0750000 -0.1385850
v 0.0000000 0.0750000 -0.1500000
v 0.0574050 0.2500000 -0.1385850
v 0.1060650 0.2500000 -0.1060650
v 0.1060650 0.0750000 -0.1060650
v 0.0574050 0.0750000 -0.1385850
v 0.1060650 0.2500000 -0.1060650
v 0.1385850 0.2500000 -0.0574050
v 0.1385850 0.0750000 -0.0574050
v 0.1060650 0.0750000 -0.1060650
v 0.1385850 0.2500000 -0.0574050
v 0.1500000 0.2500000 0.0000000
v 0.1500000 0.0750000 0.0000000
v 0.1385850 0.0750000 -0.0574050
v 0.1500000 -0.1000000 0.0000000
v 0.1385850 -0.1000000 -0.0574050
v 0.1385850 -0.2000000 -0.0574050
v 0.1500000 -0.2000000 0.0000000
v 0.1385850 -0.1000000 -0.0574050
v 0.1060650 -0.1000000 -0.1060650
v 0.1060650 -0.2000000 -0.1060650
v 0.1385850 -0.2000000 -0.0574050
v 0.1060650 -0.1000000 -0.1060650
v 0.0574050 -0.1000000 -0.1385850
v 0.0574050 -0.2000000 -0.1385850
v 0.1060650 -0.2000000 -0.1060650
v 0.0574050 -0.1000000 -0.1385850
v 0.0000000 -0.1000000 -0.1500000
v 0.0000000 -0.2000000 -0.1500000
v 0.0574050 -0.2000000 -0.1385850
v 0.0000000 -0.1000000 -0.1500000
v -0.0574050 -0.1000000 -0.1385850
v -0.0574050 -0.2000000 -0.1385850
v 0.0000000 -0.2000000 -0.1500000
v -0.0574050 -0.1000000 -0.1385850
v -0.1060650 -0.1000000 -0.1060650
v -0.1060650 -0.2000000 -0.1060650
v -0.0574050 -0.2000000 -0.1385850
v -0.1060650 -0.1000000 -0.1060650
v -0.1385850 -0.1000000 -0.0574050
v -0.1385850 -0.2000000 -0.0574050
v -0.1060650 -0.2000000 -0.1060650
v -0.1385850 -0.1000000 -0.0574050
v -0.1500000 -0.1000000 0.0000000
v -0.1500000 -0.2000000 0.0000000
v -0.1385850 -0.2000000 -0.0574050
v -0.1500000 -0.1000000 0.0000000
v -0.1385850 -0.1000000 0.0574050
v -0.1385850 -0.2000000 0.0574050
v -0.1500000 -0.2000000 0.0000000
v -0.1385850 -0.1000000 0.0574050
v -0.1060650 -0.1000000 0.1060650
v -0.1060650 -0.2000000 0.1060650
v -0.1385850 -0.2000000 0.0574050
v -0.1060650 -0.1000000 0.1060650
v -0.0574050 -0.1000000 0.1385850
v -0.0574050 -0.2000000 0.1385850
v -0.1060650 -0.2000000 0.1060650
v -0.0574050 -0.1000000 0.1385850
v 0.0000000 -0.1000000 0.1500000
v 0.0000000 -0.2000000 0.1500000
v -0.0574050 -0.2000000 0.1385850
v 0.0000000 -0.1000000 0.1500000
v 0.0574050 -0.1000000 0.1385850
v 0.0574050 -0.2000000 0.1385850
v 0.0000000 -0.2000000 0.1500000
v 0.0574050 -0.1000000 0.1385850
v 0.1060650 -0.1000000 0.1060650
v 0.1060650 -0.2000000 0.1060650
v 0.0574050 -0.2000000 0.1385850
v 0.1060650 -0.1000000 0.1060650
v 0.1385850 -0.1000000 0.0574050
v 0.1385850 -0.2000000 0.0574050
v 0.1060650 -0.2000000 0.1060650
v 0.1385850 -0.1000000 0.0574050
v 0.1500000 -0.1000000 0.0000000
v 0.1500000 -0.2000000 0.0000000
v 0.1385850 -0.2000000 0.0574050
v 0.2000000 -0.2000000 0.0000000
v 0.1847800 -0.2000000 -0.0765400
v 0.1847800 -0.1000000 -0.0765400
v 0.2000000 -0.1000000 0.0000000
v 0.1847800 -0.2000000 -0.0765400
v 0.1414200 -0.2000000 -0.1414200
v 0.1414200 -0.1000000 -0.1414200
v 0.1847800 -0.1000000 -0.0765400
v 0.1414200 -0.2000000 -0.1414200
v 0.0765400 -0.2000000 -0.1847800
v 0.0765400 -0.1000000 -0.1847800
v 0.1414200 -0.1000000 -0.1414200
v 0.0765400 -0.2000000 -0.1847800
v 0.0000000 -0.2000000 -0.2000000
v 0.0000000 -0.1000000 -0.2000000
v 0.0765400 -0.1000000 -0.1847800
v 0.0000000 -0.2000000 -0.2000000
v -0.0765400 -0.2000000 -0.1847800
v -0.0765400 -0.1000000 -0.1847800
v 0.0000000 -0.1000000 -0.2000000
v -0.0765400 -0.2000000 -0.1847800
v -0.1414200 -0.2000000 -0.1414200
v -0.1414200 -0.1000000 -0.1414200
v -0.0765400 -0.1000000 -0.1847800
v -0.1414200 -0.2000000 -0.1414200
v -0.1847800 -0.2000000 -0.0765400
v -0.1847800 -0.1000000 -0.0765400
v -0.1414200 -0.1000000 -0.1414200
v -0.1847800 -0.2000000 -0.0765400
v -0.2000000 -0.2000000 0.0000000
v -0.2000000 -0.1000000 0.0000000
v -0.1847800 -0.1000000 -0.0765400
v -0.2000000 -0.2000000 0.0000000
v -0.1847800 -0.2000000 0.0765400
v -0.1847800 -0.1000000 0.0765400
v -0.2000000 -0.1000000 0.0000000
v -0.1847800 -0.2000000 0.0765400
v -0.1414200 -0.2000000 0.1414200
v -0.1414200 -0.1000000 0.1414200
v -0.1847800 -0.1000000 0.0765400
v -0.1414200 -0.2000000 0.1414200
v -0.0765400 -0.2000000 0.1847800
v -0.0765400 -0.1000000 0.1847800
v -0.1414200 -0.1000000 0.1414200
v -0.0765400 -0.2000000 0.1847800
v 0.0000000 -0.2000000 0.2000000
v 0.0000000 -0.1000000 0.2000000
v -0.0765400 -0.1000000 0.1847800
v 0.0000000 -0.2000000 0.2000000
v 0.0765400 -0.2000000 0.1847800
v 0.0765400 -0.1000000 0.1847800
v 0.0000000 -0.1000000 0.2000000
v 0.0765400 -0.2000000 0.1847800
v 0.1414200 -0.2000000 0.1414200
v 0.1414200 -0.1000000 0.1414200
v 0.0765400 -0.1000000 0.1847800
v 0.1414200 -0.2000000 0.1414200
v 0.1847800 -0.2000000 0.0765400
v 0.1847800 -0.1000000 0.0765400
v 0.1414200 -0.1000000 0.1414200
v 0.1847800 -0.2000000 0.0765400
v 0.2000000 -0.2000000 0.0000000
v 0.2000000 -0.1000000 0.0000000
v 0.1847800 -0.1000000 0.0765400
v 0.0000000 -0.2000000 -0.2000000
v 0.0000000 -0.2000000 -0.1500000
v -0.0574050 -0.2000000 -0.1385850
v -0.0765400 -0.2000000 -0.1847800
v -0.0765400 -0.2000000 -0.1847800
v -0.0574050 -0.2000000 -0.1385850
v -0.1060650 -0.2000000 -0.1060650
v -0.1414200 -0.2000000 -0.1414200
v -0.1414200 -0.2000000 -0.1414200
v -0.1060650 -0.2000000 -0.1060650
v -0.1385850 -0.2000000 -0.0574050
v -0.1847800 -0.2000000 -0.0765400
v -0.1847800 -0.2000000 -0.0765400
v -0.1385850 -0.2000000 -0.0574050
v -0.1500000 -0.2000000 0.0000000
v -0.2000000 -0.2000000 0.0000000
v -0.2000000 -0.2000000 0.0000000
v -0.1500000 -0.2000000 0.0000000
v -0.1385850 -0.2000000 0.0574050
v -0.1847800 -0.2000000 0.0765400
v -0.1847800 -0.2000000 0.0765400
v -0.1385850 -0.2000000 0.0574050
v -0.1060650 -0.2000000 0.1060650
v -0.1414200 -0.2000000 0.1414200
v -0.1414200 -0.2000000 0.1414200
v -0.1060650 -0.2000000 0.1060650
v -0.0574050 -0.2000000 0.1385850
v -0.0765400 -0.2000000 0.1847800
v -0.0765400 -0.2000000 0.1847800
v -0.0574050 -0.2000000 0.1385850
v 0.0000000 -0.2000000 0.1500000
v 0.0000000 -0.2000000 0.2000000
v 0.0000000 -0.2000000 0.2000000
v 0.0000000 -0.2000000 0.1500000
v 0.0574050 -0.2000000 0.1385850
v 0.0765400 -0.2000000 0.1847800
v 0.0765400 -0.2000000 0.1847800
v 0.0574050 -0.2000000 0.1385850
v 0.1060650 -0.2000000 0.1060650
v 0.1414200 -0.2000000 0.1414200
v 0.1414200 -0.2000000 0.1414200
v 0.1060650 -0.2000000 0.1060650
v 0.1385850 -0.2000000 0.0574050
v 0.1847800 -0.2000000 0.0765400
v 0.1847800 -0.2000000 0.0765400
v 0.1385850 -0.2000000 0.0574050
v 0.1500000 -0.2000000 0.0000000
v 0.2000000 -0.2000000 0.0000000
v 0.2000000 -0.2000000 0.0000000
v 0.1500000 -0.2000000 0.0000000
v 0.1385850 -0.2000000 -0.0574050
v 0.1847800 -0.2000000 -0.0765400
v 0.1847800 -0.2000000 -0.0765400
v 0.1385850 -0.2000000 -0.0574050
v 0.1060650 -0.2000000 -0.1060650
v 0.1414200 -0.2000000 -0.1414200
v 0.1414200 -0.2000000 -0.1414200
v 0.1060650 -0.2000000 -0.1060650
v 0.0574050 -0.2000000 -0.1385850
v 0.0765400 -0.2000000 -0.1847800
v 0.0765400 -0.2000000 -0.1847800
v 0.0574050 -0.2000000 -0.1385850
v 0.0000000 -0.2000000 -0.1500000
v 0.0000000 -0.2000000 -0.2000000
v 0.6000000 -0.2000000 0.0000000
v 0.5543400 -0.2000000 0.2296200
v 0.4619500 -0.2000000 0.1913500
v 0.5000000 -0.2000000 0.0000000
v 0.5543400 -0.2000000 0.2296200
v 0.4242600 -0.2000000 0.4242600
v 0.3535500 -0.2000000 0.3535500
v 0.4619500 -0.2000000 0.1913500
v 0.4242600 -0.2000000 0.4242600
v 0.2296200 -0.2000000 0.5543400
v 0.1913500 -0.2000000 0.4619500
v 0.3535500 -0.2000000 0.3535500
v 0.2296200 -0.2000000 0.5543400
v 0.0000000 -0.2000000 0.6000000
v 0.0000000 -0.2000000 0.5000000
v 0.1913500 -0.2000000 0.4619500
v 0.0000000 -0.2000000 0.6000000
v -0.2296200 -0.2000000 0.5543400
v -0.1913500 -0.2000000 0.4619500
v 0.0000000 -0.2000000 0.5000000
v -0.2296200 -0.2000000 0.5543400
v -0.4242600 -0.2000000 0.4242600
v -0.3535500 -0.2000000 0.3535500
v -0.1913500 -0.2000000 0.4619500
v -0.4242600 -0.2000000 0.4242600
v -0.5543400 -0.2000000 0.2296200
v -0.4619500 -0.2000000 0.1913500
v -0.3535500 -0.2000000 0.3535500
v -0.5543400 -0.2000000 0.2296200
v -0.6000000 -0.2000000 0.0000000
v -0.5000000 -0.2000000 0.0000000
v -0.4619500 -0.2000000 0.1913500
v -0.6000000 -0.2000000 0.0000000
v -0.5543400 -0.2000000 -0.2296200
v -0.4619500 -0.2000000 -0.1913500
v -0.5000000 -0.2000000 0.0000000
v -0.5543400 -0.2000000 -0.2296200
v -0.4242600 -0.2000000 -0.4242600
v -0.3535500 -0.2000000 -0.3535500
v -0.4619500 -0.2000000 -0.1913500
v -0.4242600 -0.2000000 -0.4242600
v -0.2296200 -0.2000000 -0.5543400
v -0.1913500 -0.2000000 -0.4619500
v -0.3535500 -0.2000000 -0.3535500
v -0.2296200 -0.2000000 -0.5543400
v 0.0000000 -0.2000000 -0.6000000
v 0.0000000 -0.2000000 -0.5000000
v -0.1913500 -0.2000000 -0.4619500
v 0.0000000 -0.2000000 -0.6000000
v 0.2296200 -0.2000000 -0.5543400
v 0.1913500 -0.2000000 -0.4619500
v 0.0000000 -0.2000000 -0.5000000
v 0.2296200 -0.2000000 -0.5543400
v 0.4242600 -0.2000000 -0.4242600
v 0.3535500 -0.2000000 -0.3535500
v 0.1913500 -0.2000000 -0.4619500
v 0.4242600 -0.2000000 -0.4242600
v 0.5543400 -0.2000000 -0.2296200
v 0.4619500 -0.2000000 -0.1913500
v 0.3535500 -0.2000000 -0.3535500
v 0.5543400 -0.2000000 -0.2296200
v 0.6000000 -0.2000000 0.0000000
v 0.5000000 -0.2000000 0.0000000
v 0.4619500 -0.2000000 -0.1913500
v 0.0000000 -0.1000000 0.0000000
v 0.5000000 -0.1000000 0.0000000
v 0.4619500 -0.1000000 0.1913500
v 0.0000000 -0.1000000 0.0000000
v 0.4619500 -0.1000000 0.1913500
v 0.3535500 -0.1000000 0.3535500
v 0.0000000 -0.1000000 0.0000000
v 0.3535500 -0.1000000 0.3535500
v 0.1913500 -0.1000000 0.4619500
v 0.0000000 -0.1000000 0.0000000
v 0.1913500 -0.1000000 0.4619500
v 0.0000000 -0.1000000 0.5000000
v 0.0000000 -0.1000000 0.0000000
v 0.0000000 -0.1000000 0.5000000
v -0.1913500 -0.1000000 0.4619500
v 0.0000000 -0.1000000 0.0000000
v -0.1913500 -0.1000000 0.4619500
v -0.3535500 -0.1000000 0.3535500
v 0.0000000 -0.1000000 0.0000000
v -0.3535500 -0.1000000 0.3535500
v -0.4619500 -0.1000000 0.1913500
v 0.0000000 -0.1000000 0.0000000
v -0.4619500 -0.1000000 0.1913500
v -0.5000000 -0.1000000 0.0000000
v 0.0000000 -0.1000000 0.0000000
v -0.5000000 -0.1000000 0.0000000
v -0.4619500 -0.1000000 -0.1913500
v 0.0000000 -0.1000000 0.0000000
v -0.4619500 -0.1000000 -0.1913500
v -0.3535500 -0.1000000 -0.3535500
v 0.0000000 -0.1000000 0.0000000
v -0.3535500 -0.1000000 -0.3535500
v -0.1913500 -0.1000000 -0.4619500
v 0.0000000 -0.1000000 0.0000000
v -0.1913500 -0.1000000 -0.4619500
v 0.0000000 -0.1000000 -0.5000000
v 0.0000000 -0.1000000 0.0000000
v 0.0000000 -0.1000000 -0.5000000
v 0.1913500 -0.1000000 -0.4619500
v 0.0000000 -0.1000000 0.0000000
v 0.1913500 -0.1000000 -0.4619500
v 0.3535500 -0.1000000 -0.3535500
v 0.0000000 -0.1000000 0.0000000
v 0.3535500 -0.1000000 -0.3535500
v 0.4619500 -0.1000000 -0.1913500
v 0.0000000 -0.1000000 0.0000000
v 0.4619500 -0.1000000 -0.1913500
v 0.5000000 -0.1000000 0.0000000
v 0.5000000 -0.2000000 0.0000000
v 0.4619500 -0.2000000 0.1913500
v 0.4619500 -0.1000000 0.1913500
v 0.5000000 -0.1000000 0.0000000
v 0.4619500 -0.2000000 0.1913500
v 0.3535500 -0.2000000 0.3535500
v 0.3535500 -0.1000000 0.3535500
v 0.4619500 -0.1000000 0.1913500
v 0.3535500 -0.2000000 0.3535500
v 0.1913500 -0.2000000 0.4619500
v 0.1913500 -0.1000000 0.4619500
v 0.3535500 -0.1000000 0.3535500
v 0.1913500 -0.2000000 0.4619500
v 0.0000000 -0.2000000 0.5000000
v 0.0000000 -0.1000000 0.5000000
v 0.1913500 -0.1000000 0.4619500
v 0.0000000 -0.2000000 0.5000000
v -0.1913500 -0.2000000 0.4619500
v -0.1913500 -0.1000000 0.4619500
v 0.0000000 -0.1000000 0.5000000
v -0.1913500 -0.2000000 0.4619500
v -0.3535500 -0.2000000 0.3535500
v -0.3535500 -0.1000000 0.3535500
v -0.1913500 -0.1000000 0.4619500
v -0.3535500 -0.2000000 0.3535500
v -0.4619500 -0.2000000 0.1913500
v -0.4619500 -0.1000000 0.1913500
v -0.3535500 -0.1000000 0.3535500
v -0.4619500 -0.2000000 0.1913500
v -0.5000000 -0.2000000 0.0000000
v -0.5000000 -0.1000000 0.0000000
v -0.4619500 -0.1000000 0.1913500
v -0.5000000 -0.2000000 0.0000000
v -0.4619500 -0.2000000 -0.1913500
v -0.4619500 -0.1000000 -0.1913500
v -0.5000000 -0.1000000 0.0000000
v -0.4619500 -0.2000000 -0.1913500
v -0.3535500 -0.2000000 -0.3535500
v -0.3535500 -0.1000000 -0.3535500
v -0.4619500 -0.1000000 -0.1913500
v -0.3535500 -0.2000000 -0.3535500
v -0.1913500 -0.2000000 -0.4619500
v -0.1913500 -0.1000000 -0.4619500
v -0.3535500 -0.1000000 -0.3535500
v -0.1913500 -0.2000000 -0.4619500
v 0.0000000 -0.2000000 -0.5000000
v 0.0000000 -0.1000000 -0.5000000
v -0.1913500 -0.1000000 -0.4619500
v 0.0000000 -0.2000000 -0.5000000
v 0.1913500 -0.2000000 -0.4619500
v 0.1913500 -0.1000000 -0.4619500
v 0.0000000 -0.1000000 -0.5000000
v 0.1913500 -0.2000000 -0.4619500
v 0.3535500 -0.2000000 -0.3535500
v 0.3535500 -0.1000000 -0.3535500
v 0.1913500 -0.1000000 -0.4619500
v 0.3535500 -0.2000000 -0.3535500
v 0.4619500 -0.2000000 -0.1913500
v 0.4619500 -0.1000000 -0.1913500
v 0.3535500 -0.1000000 -0.3535500
v 0.4619500 -0.2000000 -0.1913500
v 0.5000000 -0.2000000 0.0000000
v 0.5000000 -0.1000000 0.0000000
v 0.4619500 -0.1000000 -0.1913500
v 0.6000000 -0.1000000 0.0000000
v 0.5543400 -0.1000000 0.2296200
v 0.5543400 -0.2000000 0.2296200
v 0.6000000 -0.2000000 0.0000000
v 0.5543400 -0.1000000 0.2296200
v 0.4242600 -0.1000000 0.4242600
v 0.4242600 -0.2000000 0.4242600
v 0.5543400 -0.2000000 0.2296200
v 0.4242600 -0.1000000 0.4242600
v 0.2296200 -0.1000000 0.5543400
v 0.2296200 -0.2000000 0.5543400
v 0.4242600 -0.2000000 0.4242600
v 0.2296200 -0.1000000 0.5543400
v 0.0000000 -0.1000000 0.6000000
v 0.0000000 -0.2000000 0.6000000
v 0.2296200 -0.2000000 0.5543400
v 0.0000000 -0.1000000 0.6000000
v -0.2296200 -0.1000000 0.5543400
v -0.2296200 -0.2000000 0.5543400
v 0.0000000 -0.2000000 0.6000000
v -0.2296200 -0.1000000 0.5543400
v -0.4242600 -0.1000000 0.4242600
v -0.4242600 -0.2000000 0.4242600
v -0.2296200 -0.2000000 0.5543400
v -0.4242600 -0.1000000 0.4242600
v -0.5543400 -0.1000000 0.2296200
v -0.5543400 -0.2000000 0.2296200
v -0.4242600 -0.2000000 0.4242600
v -0.5543400 -0.1000000 0.2296200
v -0.6000000 -0.1000000 0.0000000
v -0.6000000 -0.2000000 0.0000000
v -0.5543400 -0.2000000 0.2296200
v -0.6000000 -0.1000000 0.0000000
v -0.5543400 -0.1000000 -0.2296200
v -0.5543400 -0.2000000 -0.2296200
v -0.6000000 -0.2000000 0.0000000
v -0.5543400 -0.1000000 -0.2296200
v -0.4242600 -0.1000000 -0.4242600
v -0.4242600 -0.2000000 -0.4242600
v -0.5543400 -0.2000000 -0.2296200
v -0.4242600 -0.1000000 -0.4242600
v -0.2296200 -0.1000000 -0.5543400
v -0.2296200 -0.2000000 -0.5543400
v -0.4242600 -0.2000000 -0.4242600
v -0.2296200 -0.1000000 -0.5543400
v 0.0000000 -0.1000000 -0.6000000
v 0.0000000 -0.2000000 -0.6000000
v -0.2296200 -0.2000000 -0.5543400
v 0.0000000 -0.1000000 -0.6000000
v 0.2296200 -0.1000000 -0.5543400
v 0.2296200 -0.2000000 -0.5543400
v 0.0000000 -0.2000000 -0.6000000
v 0.2296200 -0.1000000 -0.5543400
v 0.4242600 -0.1000000 -0.4242600
v 0.4242600 -0.2000000 -0.4242600
v 0.2296200 -0.2000000 -0.5543400
v 0.4242600 -0.1000000 -0.4242600
v 0.5543400 -0.1000000 -0.2296200
v 0.5543400 -0.2000000 -0.2296200
v 0.4242600 -0.2000000 -0.4242600
v 0.5543400 -0.1000000 -0.2296200
v 0.6000000 -0.1000000 0.0000000
v 0.6000000 -0.2000000 0.0000000
v 0.5543400 -0.2000000 -0.2296200
v 0.0000000 -0.0000000 0.5000000
v 0.0000000 -0.0000000 0.2500000
v -0.0956750 -0.0000000 0.2309750
v -0.1913500 -0.0000000 0.4619500
v -0.1913500 -0.0000000 0.4619500
v -0.0956750 -0.0000000 0.2309750
v -0.1767750 -0.0000000 0.1767750
v -0.3535500 -0.0000000 0.3535500
v -0.3535500 -0.0000000 0.3535500
v -0.1767750 -0.0000000 0.1767750
v -0.2309750 -0.0000000 0.0956750
v -0.4619500 -0.0000000 0.1913500
v -0.4619500 -0.0000000 0.1913500
v -0.2309750 -0.0000000 0.0956750
v -0.2500000 -0.0000000 0.0000000
v -0.5000000 -0.0000000 0.0000000
v -0.5000000 -0.0000000 0.0000000
v -0.2500000 -0.0000000 0.0000000
v -0.2309750 -0.0000000 -0.0956750
v -0.4619500 -0.0000000 -0.1913500
v -0.4619500 -0.0000000 -0.1913500
v -0.2309750 -0.0000000 -0.0956750
v -0.1767750 -0.0000000 -0.1767750
v -0.3535500 -0.0000000 -0.3535500
v -0.3535500 -0.0000000 -0.3535500
v -0.1767750 -0.0000000 -0.1767750
v -0.0956750 -0.0000000 -0.2309750
v -0.1913500 -0.0000000 -0.4619500
v -0.1913500 -0.0000000 -0.4619500
v -0.0956750 -0.0000000 -0.2309750
v 0.0000000 -0.0000000 -0.2500000
v 0.0000000 -0.0000000 -0.5000000
v 0.0000000 -0.0000000 -0.5000000
v 0.0000000 -0.0000000 -0.2500000
v 0.0956750 -0.0000000 -0.2309750
v 0.1913500 -0.0000000 -0.4619500
v 0.1913500 -0.0000000 -0.4619500
v 0.0956750 -0.0000000 -0.2309750
v 0.1767750 -0.0000000 -0.1767750
v 0.3535500 -0.0000000 -0.3535500
v 0.3535500 -0.0000000 -0.3535500
v 0.1767750 -0.0000000 -0.1767750
v 0.2309750 -0.0000000 -0.0956750
v 0.4619500 -0.0000000 -0.1913500
v 0.4619500 -0.0000000 -0.1913500
v 0.2309750 -0.0000000 -0.0956750
v 0.2500000 -0.0000000 0.0000000
v 0.5000000 -0.0000000 0.0000000
v 0.5000000 -0.0000000 0.0000000
v 0.2500000 -0.0000000 0.0000000
v 0.2309750 -0.0000000 0.0956750
v 0.4619500 -0.0000000 0.1913500
v 0.4619500 -0.0000000 0.1913500
v 0.2309750 -0.0000000 0.0956750
v 0.1767750 -0.0000000 0.1767750
v 0.3535500 -0.0000000 0.3535500
v 0.3535500 -0.0000000 0.3535500
v 0.1767750 -0.0000000 0.1767750
v 0.0956750 -0.0000000 0.2309750
v 0.1913500 -0.0000000 0.4619500
v 0.1913500 -0.0000000 0.4619500
v 0.0956750 -0.0000000 0.2309750
v 0.0000000 -0.0000000 0.2500000
v 0.0000000 -0.0000000 0.5000000
v 0.1500000 0.1000000 0.0000000
v 0.1385750 0.1000000 0.0574000
v 0.1456250 0.0617250 0.0603250
v 0.1576000 0.0617250 0.0000000
v 0.1576000 0.0617250 0.0000000
v 0.1456250 0.0617250 0.0603250
v 0.1656500 0.0293000 0.0686250
v 0.1793000 0.0293000 0.0000000
v 0.1793000 0.0293000 0.0000000
v 0.1656500 0.0293000 0.0686250
v 0.1956250 0.0076000 0.0810250
v 0.2117250 0.0076000 0.0000000
v 0.2117250 0.0076000 0.0000000
v 0.1956250 0.0076000 0.0810250
v 0.2309750 -0.0000000 0.0956750
v 0.2500000 -0.0000000 0.0000000
v 0.1385750 0.1000000 0.0574000
v 0.1060750 0.1000000 0.1060750
v 0.1114500 0.0617250 0.1114500
v 0.1456250 0.0617250 0.0603250
v 0.1456250 0.0617250 0.0603250
v 0.1114500 0.0617250 0.1114500
v 0.1267750 0.0293000 0.1267750
v 0.1656500 0.0293000 0.0686250
v 0.1656500 0.0293000 0.0686250
v 0.1267750 0.0293000 0.1267750
v 0.1497250 0.0076000 0.1497250
v 0.1956250 0.0076000 0.0810250
v 0.1956250 0.0076000 0.0810250
v 0.1497250 0.0076000 0.1497250
v 0.1767750 -0.0000000 0.1767750
v 0.2309750 -0.0000000 0.0956750
v 0.1060750 0.1000000 0.1060750
v 0.0574000 0.1000000 0.1385750
v 0.0603250 0.0617250 0.1456250
v 0.1114500 0.0617250 0.1114500
v 0.1114500 0.0617250 0.1114500
v 0.0603250 0.0617250 0.1456250
v 0.0686250 0.0293000 0.1656500
v 0.1267750 0.0293000 0.1267750
v 0.1267750 0.0293000 0.1267750
v 0.0686250 0.0293000 0.1656500
v 0.0810250 0.0076000 0.1956250
v 0.1497250 0.0076000 0.1497250
v 0.1497250 0.0076000 0.1497250
v 0.0810250 0.0076000 0.1956250
v 0.0956750 -0.0000000 0.2309750
v 0.1767750 -0.0000000 0.1767750
v 0.0574000 0.1000000 0.1385750
v 0.0000000 0.1000000 0.1500000
v 0.0000000 0.0617250 0.1576000
v 0.0603250 0.0617250 0.1456250
v 0.0603250 0.0617250 0.1456250
v 0.0000000 0.0617250 0.1576000
v 0.0000000 0.0293000 0.1793000
v 0.0686250 0.0293000 0.1656500
v 0.0686250 0.0293000 0.1656500
v 0.0000000 0.0293000 0.1793000
v 0.0000000 0.0076000 0.2117250
v 0.0810250 0.0076000 0.1956250
v 0.0810250 0.0076000 0.1956250
v 0.0000000 0.0076000 0.2117250
v 0.0000000 -0.0000000 0.2500000
v 0.0956750 -0.0000000 0.2309750
v 0.0000000 0.1000000 0.1500000
v -0.0574000 0.1000000 0.1385750
v -0.0603250 0.0617250 0.1456250
v 0.0000000 0.0617250 0.1576000
v 0.0000000 0.0617250 0.1576000
v -0.0603250 0.0617250 0.1456250
v -0.0686250 0.0293000 0.1656500
v 0.0000000 0.0293000 0.1793000
v 0.0000000 0.0293000 0.1793000
v -0.0686250 0.0293000 0.1656500
v -0.0810250 0.0076000 0.1956250
v 0.0000000 0.0076000 0.2117250
v 0.0000000 0.0076000 0.2117250
v -0.0810250 0.0076000 0.1956250
v -0.0956750 -0.0000000 0.2309750
v 0.0000000 -0.0000000 0.2500000
v -0.0574000 0.1000000 0.1385750
v -0.1060750 0.1000000 0.1060750
v -0.1114500 0.0617250 0.1114500
v -0.0603250 0.0617250 0.1456250
v -0.0603250 0.0617250 0.1456250
v -0.1114500 0.0617250 0.1114500
v -0.1267750 0.0293000 0.1267750
v -0.0686250 0.0293000 0.1656500
v -0.0686250 0.0293000 0.1656500
v -0.1267750 0.0293000 0.1267750
v -0.1497250 0.0076000 0.1497250
v -0.0810250 0.0076000 0.1956250
v -0.0810250 0.0076000 0.1956250
v -0.1497250 0.0076000 0.1497250
v -0.1767750 -0.0000000 0.1767750
v -0.0956750 -0.0000000 0.2309750
v -0.1060750 0.1000000 0.1060750
v -0.1385750 0.1000000 0.0574000
v -0.1456250 0.0617250 0.0603250
v -0.1114500 0.0617250 0.1114500
v -0.1114500 0.0617250 0.1114500
v -0.1456250 0.0617250 0.0603250
v -0.1656500 0.0293000 0.0686250
v -0.1267750 0.0293000 0.1267750
v -0.1267750 0.0293000 0.1267750
v -0.1656500 0.0293000 0.0686250
v -0.1956250 0.0076000 0.0810250
v -0.1497250 0.0076000 0.1497250
v -0.1497250 0.0076000 0.1497250
v -0.1956250 0.0076000 0.0810250
v -0.2309750 -0.0000000 0.0956750
v -0.1767750 -0.0000000 0.1767750
v -0.1385750 0.1000000 0.0574000
v -0.1500000 0.1000000 0.0000000
v -0.1576000 0.0617250 0.0000000
v -0.1456250 0.0617250 0.0603250
v -0.1456250 0.0617250 0.0603250
v -0.1576000 0.0617250 0.0000000
v -0.1793000 0.0293000 0.0000000
v -0.1656500 0.0293000 0.0686250
v -0.1656500 0.0293000 0.0686250
v -0.1793000 0.0293000 0.0000000
v -0.2117250 0.0076000 0.0000000
v -0.1956250 0.0076000 0.0810250
v -0.1956250 0.0076000 0.0810250
v -0.2117250 0.0076000 0.0000000
v -0.2500000 -0.0000000 0.0000000
v -0.2309750 -0.0000000 0.0956750
v -0.1500000 0.1000000 0.0000000
v -0.1385750 0.1000000 -0.0574000
v -0.1456250 0.0617250 -0.0603250
v -0.1576000 0.0617250 0.0000000
v -0.1576000 0.0617250 0.0000000
v -0.1456250 0.0617250 -0.0603250
v -0.1656500 0.0293000 -0.0686250
v -0.1793000 0.0293000 0.0000000
v -0.1793000 0.0293000 0.0000000
v -0.1656500 0.0293000 -0.0686250
v -0.1956250 0.0076000 -0.0810250
v -0.2117250 0.0076000 0.0000000
v -0.2117250 0.0076000 0.0000000
v -0.1956250 0.0076000 -0.0810250
v -0.2309750 -0.0000000 -0.0956750
v -0.2500000 -0.0000000 0.0000000
v -0.1385750 0.1000000 -0.0574000
v -0.1060750 0.1000000 -0.1060750
v -0.1114500 0.0617250 -0.1114500
v -0.1456250 0.0617250 -0.0603250
v -0.1456250 0.0617250 -0.0603250
v -0.1114500 0.0617250 -0.1114500
v -0.1267750 0.0293000 -0.1267750
v -0.1656500 0.0293000 -0.0686250
v -0.1656500 0.0293000 -0.0686250
v -0.1267750 0.0293000 -0.1267750
v -0.1497250 0.0076000 -0.1497250
v -0.1956250 0.0076000 -0.0810250
v -0.1956250 0.0076000 -0.0810250
v -0.1497250 0.0076000 -0.1497250
v -0.1767750 -0.0000000 -0.1767750
v -0.2309750 -0.0000000 -0.0956750
v -0.1060750 0.1000000 -0.1060750
v -0.0574000 0.1000000 -0.1385750
v -0.0603250 0.0617250 -0.1456250
v -0.1114500 0.0617250 -0.1114500
v -0.1114500 0.0617250 -0.1114500
v -0.0603250 0.0617250 -0.1456250
v -0.0686250 0.0293000 -0.1656500
v -0.1267750 0.0293000 -0.1267750
v -0.1267750 0.0293000 -0.1267750
v -0.0686250 0.0293000 -0.1656500
v -0.0810250 0.0076000 -0.1956250
v -0.1497250 0.0076000 -0.1497250
v -0.1497250 0.0076000 -0.1497250
v -0.0810250 0.0076000 -0.1956250
v -0.0956750 -0.0000000 -0.2309750
v -0.1767750 -0.0000000 -0.1767750
v -0.0574000 0.1000000 -0.1385750
v 0.0000000 0.1000000 -0.1500000
v 0.0000000 0.0617250 -0.1576000
v -0.0603250 0.0617250 -0.1456250
v -0.0603250 0.0617250 -0.1456250
v 0.0000000 0.0617250 -0.1576000
v 0.0000000 0.0293000 -0.1793000
v -0.0686250 0.0293000 -0.1656500
v -0.0686250 0.0293000 -0.1656500
v 0.0000000 0.0293000 -0.1793000
v 0.0000000 0.0076000 -0.2117250
v -0.0810250 0.0076000 -0.1956250
v -0.0810250 0.0076000 -0.1956250
v 0.0000000 0.0076000 -0.2117250
v 0.0000000 -0.0000000 -0.2500000
v -0.0956750 -0.0000000 -0.2309750
v 0.0000000 0.1000000 -0.1500000
v 0.0574000 0.1000000 -0.1385750
v 0.0603250 0.0617250 -0.1456250
v 0.0000000 0.0617250 -0.1576000
v 0.0000000 0.0617250 -0.1576000
v 0.0603250 0.0617250 -0.1456250
v 0.0686250 0.0293000 -0.1656500
v 0.0000000 0.0293000 -0.1793000
v 0.0000000 0.0293000 -0.1793000
v 0.0686250 0.0293000 -0.1656500
v 0.0810250 0.0076000 -0.1956250
v 0.0000000 0.0076000 -0.2117250
v 0.0000000 0.0076000 -0.2117250
v 0.0810250 0.0076000 -0.1956250
v 0.0956750 -0.0000000 -0.2309750
v 0.0000000 -0.0000000 -0.2500000
v 0.0574000 0.1000000 -0.1385750
v 0.1060750 0.1000000 -0.1060750
v 0.1114500 0.0617250 -0.1114500
v 0.0603250 0.0617250 -0.1456250
v 0.0603250 0.0617250 -0.1456250
v 0.1114500 0.0617250 -0.1114500
v 0.1267750 0.0293000 -0.1267750
v 0.0686250 0.0293000 -0.1656500
v 0.0686250 0.0293000 -0.1656500
v 0.1267750 0.0293000 -0.1267750
v 0.1497250 0.0076000 -0.1497250
v 0.0810250 0.0076000 -0.1956250
v 0.0810250 0.0076000 -0.1956250
v 0.1497250 0.0076000 -0.1497250
v 0.1767750 -0.0000000 -0.1767750
v 0.0956750 -0.0000000 -0.2309750
v 0.1060750 0.1000000 -0.1060750
v 0.1385750 0.1000000 -0.0574000
v 0.1456250 0.0617250 -0.0603250
v 0.1114500 0.0617250 -0.1114500
v 0.1114500 0.0617250 -0.1114500
v 0.1456250 0.0617250 -0.0603250
v 0.1656500 0.0293000 -0.0686250
v 0.1267750 0.0293000 -0.1267750
v 0.1267750 0.0293000 -0.1267750
v 0.1656500 0.0293000 -0.0686250
v 0.1956250 0.0076000 -0.0810250
v 0.1497250 0.0076000 -0.1497250
v 0.1497250 0.0076000 -0.1497250
v 0.1956250 0.0076000 -0.0810250
v 0.2309750 -0.0000000 -0.0956750
v 0.1767750 -0.0000000 -0.1767750
v 0.1385750 0.1000000 -0.0574000
v 0.1500000 0.1000000 0.0000000
v 0.1576000 0.0617250 0.0000000
v 0.1456250 0.0617250 -0.0603250
v 0.1456250 0.0617250 -0.0603250
v 0.1576000 0.0617250 0.0000000
v 0.1793000 0.0293000 0.0000000
v 0.1656500 0.0293000 -0.0686250
v 0.1656500 0.0293000 -0.0686250
v 0.1793000 0.0293000 0.0000000
v 0.2117250 0.0076000 0.0000000
v 0.1956250 0.0076000 -0.0810250
v 0.1956250 0.0076000 -0.0810250
v 0.2117250 0.0076000 0.0000000
v 0.2500000 -0.0000000 0.0000000
v 0.2309750 -0.0000000 -0.0956750
v 0.5000000 -0.0000000 0.0000000
v 0.4619500 -0.0000000 0.1913500
v 0.4973000 -0.0076000 0.2060000
v 0.5382500 -0.0076000 0.0000000
v 0.5382500 -0.0076000 0.0000000
v 0.4973000 -0.0076000 0.2060000
v 0.5273000 -0.0293000 0.2184000
v 0.5707000 -0.0293000 0.0000000
v 0.5707000 -0.0293000 0.0000000
v 0.5273000 -0.0293000 0.2184000
v 0.5473000 -0.0617500 0.2267000
v 0.5924000 -0.0617500 0.0000000
v 0.5924000 -0.0617500 0.0000000
v 0.5473000 -0.0617500 0.2267000
v 0.5543500 -0.1000000 0.2296000
v 0.6000000 -0.1000000 0.0000000
v 0.4619500 -0.0000000 0.1913500
v 0.3535500 -0.0000000 0.3535500
v 0.3806000 -0.0076000 0.3806000
v 0.4973000 -0.0076000 0.2060000
v 0.4973000 -0.0076000 0.2060000
v 0.3806000 -0.0076000 0.3806000
v 0.4035500 -0.0293000 0.4035500
v 0.5273000 -0.0293000 0.2184000
v 0.5273000 -0.0293000 0.2184000
v 0.4035500 -0.0293000 0.4035500
v 0.4189000 -0.0617500 0.4189000
v 0.5473000 -0.0617500 0.2267000
v 0.5473000 -0.0617500 0.2267000
v 0.4189000 -0.0617500 0.4189000
v 0.4242500 -0.1000000 0.4242500
v 0.5543500 -0.1000000 0.2296000
v 0.3535500 -0.0000000 0.3535500
v 0.1913500 -0.0000000 0.4619500
v 0.2060000 -0.0076000 0.4973000
v 0.3806000 -0.0076000 0.3806000
v 0.3806000 -0.0076000 0.3806000
v 0.2060000 -0.0076000 0.4973000
v 0.2184000 -0.0293000 0.5273000
v 0.4035500 -0.0293000 0.4035500
v 0.4035500 -0.0293000 0.4035500
v 0.2184000 -0.0293000 0.5273000
v 0.2267000 -0.0617500 0.5473000
v 0.4189000 -0.0617500 0.4189000
v 0.4189000 -0.0617500 0.4189000
v 0.2267000 -0.0617500 0.5473000
v 0.2296000 -0.1000000 0.5543500
v 0.4242500 -0.1000000 0.4242500
v 0.1913500 -0.0000000 0.4619500
v 0.0000000 -0.0000000 0.5000000
v 0.0000000 -0.0076000 0.5382500
v 0.2060000 -0.0076000 0.4973000
v 0.2060000 -0.0076000 0.4973000
v 0.0000000 -0.0076000 0.5382500
v 0.0000000 -0.0293000 0.5707000
v 0.2184000 -0.0293000 0.5273000
v 0.2184000 -0.0293000 0.5273000
v 0.0000000 -0.0293000 0.5707000
v 0.0000000 -0.0617500 0.5924000
v 0.2267000 -0.0617500 0.5473000
v 0.2267000 -0.0617500 0.5473000
v 0.0000000 -0.0617500 0.5924000
v 0.0000000 -0.1000000 0.6000000
v 0.2296000 -0.1000000 0.5543500
v 0.0000000 -0.0000000 0.5000000
v -0.1913500 -0.0000000 0.4619500
v -0.2060000 -0.0076000 0.4973000
v 0.0000000 -0.0076000 0.5382500
v 0.0000000 -0.0076000 0.5382500
v -0.2060000 -0.0076000 0.4973000
v -0.2184000 -0.0293000 0.5273000
v 0.0000000 -0.0293000 0.5707000
v 0.0000000 -0.0293000 0.5707000
v -0.2184000 -0.0293000 0.5273000
v -0.2267000 -0.0617500 0.5473000
v 0.0000000 -0.0617500 0.5924000
v 0.0000000 -0.0617500 0.5924000
v -0.2267000 -0.0617500 0.5473000
v -0.2296000 -0.1000000 0.5543500
v 0.0000000 -0.1000000 0.6000000
v -0.1913500 -0.0000000 0.4619500
v -0.3535500 -0.0000000 0.3535500
v -0.3806000 -0.0076000 0.3806000
v -0.2060000 -0.0076000 0.4973000
v -0.2060000 -0.0076000 0.4973000
v -0.3806000 -0.0076000 0.3806000
v -0.4035500 -0.0293000 0.4035500
v -0.2184000 -0.0293000 0.5273000
v -0.2184000 -0.0293000 0.5273000
v -0.4035500 -0.0293000 0.4035500
v -0.4189000 -0.0617500 0.4189000
v -0.2267000 -0.0617500 0.5473000
v -0.2267000 -0.0617500 0.5473000
v -0.4189000 -0.0617500 0.4189000
v -0.4242500 -0.1000000 0.4242500
v -0.2296000 -0.1000000 0.5543500
v -0.3535500 -0.0000000 0.3535500
v -0.4619500 -0.0000000 0.1913500
v -0.4973000 -0.0076000 0.2060000
v -0.3806000 -0.0076000 0.3806000
v -0.3806000 -0.0076000 0.3806000
v -0.4973000 -0.0076000 0.2060000
v -0.5273000 -0.0293000 0.2184000
v -0.4035500 -0.0293000 0.4035500
v -0.4035500 -0.0293000 0.4035500
v -0.5273000 -0.0293000 0.2184000
v -0.5473000 -0.0617500 0.2267000
v -0.4189000 -0.0617500 0.4189000
v -0.4189000 -0.0617500 0.4189000
v -0.5473000 -0.0617500 0.2267000
v -0.5543500 -0.1000000 0.2296000
v -0.4242500 -0.1000000 0.4242500
v -0.4619500 -0.0000000 0.1913500
v -0.5000000 -0.0000000 0.0000000
v -0.5382500 -0.0076000 0.0000000
v -0.4973000 -0.0076000 0.2060000
v -0.4973000 -0.0076000 0.2060000
v -0.5382500 -0.0076000 0.0000000
v -0.5707000 -0.0293000 0.0000000
v -0.5273000 -0.0293000 0.2184000
v -0.5273000 -0.0293000 0.2184000
v -0.5707000 -0.0293000 0.0000000
v -0.5924000 -0.0617500 0.0000000
v -0.5473000 -0.0617500 0.2267000
v -0.5473000 -0.0617500 0.2267000
v -0.5924000 -0.0617500 0.0000000
v -0.6000000 -0.1000000 0.0000000
v -0.5543500 -0.1000000 0.2296000
v -0.5000000 -0.0000000 0.0000000
v -0.4619500 -0.0000000 -0.1913500
v -0.4973000 -0.0076000 -0.2060000
v -0.5382500 -0.0076000 0.0000000
v -0.5382500 -0.0076000 0.0000000
v -0.4973000 -0.0076000 -0.2060000
v -0.5273000 -0.0293000 -0.2184000
v -0.5707000 -0.0293000 0.0000000
v -0.5707000 -0.0293000 0.0000000
v -0.5273000 -0.0293000 -0.2184000
v -0.5473000 -0.0617500 -0.2267000
v -0.5924000 -0.0617500 0.0000000
v -0.5924000 -0.0617500 0.0000000
v -0.5473000 -0.0617500 -0.2267000
v -0.5543500 -0.1000000 -0.2296000
v -0.6000000 -0.1000000 0.0000000
v -0.4619500 -0.0000000 -0.1913500
v -0.3535500 -0.0000000 -0.3535500
v -0.3806000 -0.0076000 -0.3806000
v -0.4973000 -0.0076000 -0.2060000
v -0.4973000 -0.0076000 -0.2060000
v -0.3806000 -0.0076000 -0.3806000
v -0.4035500 -0.0293000 -0.4035500
v -0.5273000 -0.0293000 -0.2184000
v -0.5273000 -0.0293000 -0.2184000
v -0.4035500 -0.0293000 -0.4035500
v -0.4189000 -0.0617500 -0.4189000
v -0.5473000 -0.0617500 -0.2267000
v -0.5473000 -0.0617500 -0.2267000
v -0.4189000 -0.0617500 -0.4189000
v -0.4242500 -0.1000000 -0.4242500
v -0.5543500 -0.1000000 -0.2296000
v -0.3535500 -0.0000000 -0.3535500
v -0.1913500 -0.0000000 -0.4619500
v -0.2060000 -0.0076000 -0.4973000
v -0.3806000 -0.0076000 -0.3806000
v -0.3806000 -0.0076000 -0.3806000
v -0.2060000 -0.0076000 -0.4973000
v -0.2184000 -0.0293000 -0.5273000
v -0.4035500 -0.0293000 -0.4035500
v -0.4035500 -0.0293000 -0.4035500
v -0.2184000 -0.0293000 -0.5273000
v -0.2267000 -0.0617500 -0.5473000
v -0.4189000 -0.0617500 -0.4189000
v -0.4189000 -0.0617500 -0.4189000
v -0.2267000 -0.0617500 -0.5473000
v -0.2296000 -0.1000000 -0.5543500
v -0.4242500 -0.1000000 -0.4242500
v -0.1913500 -0.0000000 -0.4619500
v 0.0000000 -0.0000000 -0.5000000
v 0.0000000 -0.0076000 -0.5382500
v -0.2060000 -0.0076000 -0.4973000
v -0.2060000 -0.0076000 -0.4973000
v 0.0000000 -0.0076000 -0.5382500
v 0.0000000 -0.0293000 -0.5707000
v -0.2184000 -0.0293000 -0.5273000
v -0.2184000 -0.0293000 -0.5273000
v 0.0000000 -0.0293000 -0.5707000
v 0.0000000 -0.0617500 -0.5924000
v -0.2267000 -0.0617500 -0.5473000
v -0.2267000 -0.0617500 -0.5473000
v 0.0000000 -0.0617500 -0.5924000
v 0.0000000 -0.1000000 -0.6000000
v -0.2296000 -0.1000000 -0.5543500
v 0.0000000 -0.0000000 -0.5000000
v 0.1913500 -0.0000000 -0.4619500
v 0.2060000 -0.0076000 -0.4973000
v 0.0000000 -0.0076000 -0.5382500
v 0.0000000 -0.0076000 -0.5382500
v 0.2060000 -0.0076000 -0.4973000
v 0.2184000 -0.0293000 -0.5273000
v 0.0000000 -0.0293000 -0.5707000
v 0.0000000 -0.0293000 -0.5707000
v 0.2184000 -0.0293000 -0.5273000
v 0.2267000 -0.0617500 -0.5473000
v 0.0000000 -0.0617500 -0.5924000
v 0.0000000 -0.0617500 -0.5924000
v 0.2267000 -0.0617500 -0.5473000
v 0.2296000 -0.1000000 -0.5543500
v 0.0000000 -0.1000000 -0.6000000
v 0.1913500 -0.0000000 -0.4619500
v 0.3535500 -0.0000000 -0.3535500
v 0.3806000 -0.0076000 -0.3806000
v 0.2060000 -0.0076000 -0.4973000
v 0.2060000 -0.0076000 -0.4973000
v 0.3806000 -0.0076000 -0.3806000
v 0.4035500 -0.0293000 -0.4035500
v 0.2184000 -0.0293000 -0.5273000
v 0.2184000 -0.0293000 -0.5273000
v 0.4035500 -0.0293000 -0.4035500
v 0.4189000 -0.0617500 -0.4189000
v 0.2267000 -0.0617500 -0.5473000
v 0.2267000 -0.0617500 -0.5473000
v 0.4189000 -0.0617500 -0.4189000
v 0.4242500 -0.1000000 -0.4242500
v 0.2296000 -0.1000000 -0.5543500
v 0.3535500 -0.0000000 -0.3535500
v 0.4619500 -0.0000000 -0.1913500
v 0.4973000 -0.0076000 -0.2060000
v 0.3806000 -0.0076000 -0.3806000
v 0.3806000 -0.0076000 -0.3806000
v 0.4973000 -0.0076000 -0.2060000
v 0.5273000 -0.0293000 -0.2184000
v 0.4035500 -0.0293000 -0.4035500
v 0.4035500 -0.0293000 -0.4035500
v 0.5273000 -0.0293000 -0.2184000
v 0.5473000 -0.0617500 -0.2267000
v 0.4189000 -0.0617500 -0.4189000
v 0.4189000 -0.0617500 -0.4189000
v 0.5473000 -0.0617500 -0.2267000
v 0.5543500 -0.1000000 -0.2296000
v 0.4242500 -0.1000000 -0.4242500
v 0.4619500 -0.0000000 -0.1913500
v 0.5000000 -0.0000000 0.0000000
v 0.5382500 -0.0076000 0.0000000
v 0.4973000 -0.0076000 -0.2060000
v 0.4973000 -0.0076000 -0.2060000
v 0.5382500 -0.0076000 0.0000000
v 0.5707000 -0.0293000 0.0000000
v 0.5273000 -0.0293000 -0.2184000
v 0.5273000 -0.0293000 -0.2184000
v 0.5707000 -0.0293000 0.0000000
v 0.5924000 -0.0617500 0.0000000
v 0.5473000 -0.0617500 -0.2267000
v 0.5473000 -0.0617500 -0.2267000
v 0.5924000 -0.0617500 0.0000000
v 0.6000000 -0.1000000 0.0000000
v 0.5543500 -0.1000000 -0.2296000
s off
f 1 2 3
f 1 3 4
f 5 6 7
f 5 7 8
f 9 10 11
f 9 11 12
f 13 14 15
f 13 15 16
f 17 18 19
f 17 19 20
f 21 22 23
f 21 23 24
f 25 26 27
f 25 27 28
f 29 30 31
f 29 31 32
f 33 34 35
f 33 35 36
f 37 38 39
f 37 39 40
f 41 42 43
f 41 43 44
f 45 46 47
f 45 47 48
f 49 50 51
f 49 51 52
f 53 54 55
f 53 55 56
f 57 58 59
f 57 59 60
f 61 62 63
f 61 63 64
f 65 66 67
f 68 69 70
f 71 72 73
f 74 75 76
f 77 78 79
f 80 81 82
f 83 84 85
f 86 87 88
f 89 90 91
f 92 93 94
f 95 96 97
f 98 99 100
f 101 102 103
f 104 105 106
f 107 108 109
f 110 111 112
f 113 114 115
f 113 115 116
f 117 118 119
f 117 119 120
f 121 122 123
f 121 123 124
f 125 126 127
f 125 127 128
f 129 130 131
f 129 131 132
f 133 134 135
f 133 135 136
f 137 138 139
f 137 139 140
f 141 142 143
f 141 143 144
f 145 146 147
f 145 147 148
f 149 150 151
f 149 151 152
f 153 154 155
f 153 155 156
f 157 158 159
f 157 159 160
f 161 162 163
f 161 163 164
f 165 166 167
f 165 167 168
f 169 170 171
f 169 171 172
f 173 174 175
f 173 175 176
f 177 178 179
f 180 181 182
f 183 184 185
f 186 187 188
f 189 190 191
f 192 193 194
f 195 196 197
f 198 199 200
f 201 202 203
f 204 205 206
f 207 208 209
f 210 211 212
f 213 214 215
f 216 217 218
f 219 220 221
f 222 223 224
f 225 226 227
f 228 229 230
f 231 232 233
f 234 235 236
f 237 238 239
f 240 241 242
f 243 244 245
f 246 247 248
f 249 250 251
f 252 253 254
f 255 256 257
f 258 259 260
f 261 262 263
f 264 265 266
f 267 268 269
f 270 271 272
f 273 274 275
f 276 277 278
f 279 280 281
f 282 283 284
f 285 286 287
f 288 289 290
f 291 292 293
f 294 295 296
f 297 298 299
f 300 301 302
f 303 304 305
f 306 307 308
f 309 310 311
f 312 313 314
f 315 316 317
f 318 319 320
f 321 322 323
f 324 325 326
f 327 328 329
f 330 331 332
f 333 334 335
f 336 337 338
f 339 340 341
f 342 343 344
f 345 346 347
f 348 349 350
f 351 352 353
f 354 355 356
f 357 358 359
f 360 361 362
f 363 364 365
f 366 367 368
f 369 370 371
f 369 371 372
f 373 374 375
f 373 375 376
f 377 378 379
f 377 379 380
f 381 382 383
f 381 383 384
f 385 386 387
f 385 387 388
f 389 390 391
f 389 391 392
f 393 394 395
f 393 395 396
f 397 398 399
f 397 399 400
f 401 402 403
f 404 405 406
f 407 408 409
f 407 409 410
f 411 412 413
f 411 413 414
f 415 416 417
f 415 417 418
f 419 420 421
f 419 421 422
f 423 424 425
f 426 427 428
f 429 430 431
f 429 431 432
f 433 434 435
f 433 435 436
f 437 438 439
f 437 439 440
f 441 442 443
f 441 443 444
f 445 446 447
f 445 447 448
f 449 450 451
f 449 451 452
f 453 454 455
f 453 455 456
f 457 458 459
f 457 459 460
f 461 462 463
f 461 463 464
f 465 466 467
f 465 467 468
f 469 470 471
f 469 471 472
f 473 474 475
f 473 475 476
f 477 478 479
f 477 479 480
f 481 482 483
f 481 483 484
f 485 486 487
f 485 487 488
f 489 490 491
f 489 491 492
f 493 494 495
f 493 495 496
f 497 498 499
f 497 499 500
f 501 502 503
f 501 503 504
f 505 506 507
f 505 507 508
f 509 510 511
f 509 511 512
f 513 514 515
f 513 515 516
f 517 518 519
f 517 519 520
f 521 522 523
f 521 523 524
f 525 526 527
f 525 527 528
f 529 530 531
f 529 531 532
f 533 534 535
f 533 535 536
f 537 538 539
f 537 539 540
f 541 542 543
f 541 543 544
f 545 546 547
f 545 547 548
f 549 550 551
f 549 551 552
f 553 554 555
f 553 555 556
f 557 558 559
f 557 559 560
f 561 562 563
f 561 563 564
f 565 566 567
f 565 567 568
f 569 570 571
f 569 571 572
f 573 574 575
f 573 575 576
f 577 578 579
f 577 579 580
f 581 582 583
f 581 583 584
f 585 586 587
f 585 587 588
f 589 590 591
f 592 593 594
f 595 596 597
f 595 597 598
f 599 600 601
f 599 601 602
f 603 604 605
f 603 605 606
f 607 608 609
f 607 609 610
f 611 612 613
f 614 615 616
f 617 618 619
f 617 619 620
f 621 622 623
f 621 623 624
f 625 626 627
f 625 627 628
f 629 630 631
f 629 631 632
f 633 634 635
f 633 635 636
f 637 638 639
f 637 639 640
f 641 642 643
f 641 643 644
f 645 646 647
f 645 647 648
f 649 650 651
f 649 651 652
f 653 654 655
f 653 655 656
f 657 658 659
f 657 659 660
f 661 662 663
f 661 663 664
f 665 666 667
f 665 667 668
f 669 670 671
f 669 671 672
f 673 674 675
f 673 675 676
f 677 678 679
f 677 679 680
f 681 682 683
f 681 683 684
f 685 686 687
f 685 687 688
f 689 690 691
f 689 691 692
f 693 694 695
f 693 695 696
f 697 698 699
f 697 699 700
f 701 702 703
f 701 703 704
f 705 706 707
f 705 707 708
f 709 710 711
f 709 711 712
f 713 714 715
f 713 715 716
f 717 718 719
f 717 719 720
f 721 722 723
f 721 723 724
f 725 726 727
f 725 727 728
f 729 730 731
f 729 731 732
f 733 734 735
f 733 735 736
f 737 738 739
f 737 739 740
f 741 742 743
f 741 743 744
f 745 746 747
f 745 747 748
f 749 750 751
f 749 751 752
f 753 754 755
f 753 755 756
f 757 758 759
f 757 759 760
f 761 762 763
f 761 763 764
f 765 766 767
f 765 767 768
f 769 770 771
f 769 771 772
f 773 774 775
f 773 775 776
f 777 778 779
f 777 779 780
f 781 782 783
f 781 783 784
f 785 786 787
f 785 787 788
f 789 790 791
f 789 791 792
f 793 794 795
f 796 797 798
f 799 800 801
f 799 801 802
f 803 804 805
f 803 805 806
f 807 808 809
f 807 809 810
f 811 812 813
f 811 813 814
f 815 816 817
f 818 819 820
f 821 822 823
f 821 823 824
f 825 826 827
f 825 827 828
f 829 830 831
f 829 831 832
f 833 834 835
f 833 835 836
f 837 838 839
f 837 839 840
f 841 842 843
f 841 843 844
f 845 846 847
f 845 847 848
f 849 850 851
f 849 851 852
f 853 854 855
f 853 855 856
f 857 858 859
f 857 859 860
f 861 862 863
f 861 863 864
f 865 866 867
f 865 867 868
f 869 870 871
f 869 871 872
f 873 874 875
f 873 875 876
f 877 878 879
f 877 879 880
f 881 882 883
f 881 883 884
f 885 886 887
f 885 887 888
f 889 890 891
f 889 891 892
f 893 894 895
f 893 895 896
f 897 898 899
f 897 899 900
f 901 902 903
f 901 903 904
f 905 906 907
f 905 907 908
f 909 910 911
f 909 911 912
f 913 914 915
f 913 915 916
f 917 918 919
f 917 919 920
f 921 922 923
f 921 923 924
f 925 926 927
f 925 927 928
f 929 930 931
f 929 931 932
f 933 934 935
f 933 935 936
f 937 938 939
f 937 939 940
f 941 942 943
f 941 943 944
f 945 946 947
f 945 947 948
f 949 950 951
f 949 951 952
f 953 954 955
f 953 955 956
f 957 958 959
f 957 959 960
f 961 962 963
f 961 963 964
f 965 966 967
f 965 967 968
f 969 970 971
f 969 971 972
f 973 974 975
f 973 975 976
f 977 978 979
f 977 979 980
f 981 982 983
f 981 983 984
f 985 986 987
f 985 987 988
f 989 990 991
f 989 991 992
f 993 994 995
f 993 995 996
f 997 998 999
f 997 999 1000
f 1001 1002 1003
f 1001 1003 1004
f 1005 1006 1007
f 1008 1009 1010
f 1011 1012 1013
f 1011 1013 1014
f 1015 1016 1017
f 1015 1017 1018
f 1019 1020 1021
f 1019 1021 1022
f 1023 1024 1025
f 1023 1025 1026
f 1027 1028 1029
f 1027 1029 1030
f 1031 1032 1033
f 1031 1033 1034
f 1035 1036 1037
f 1038 1039 1040
f 1041 1042 1043
f 1041 1043 1044
f 1045 1046 1047
f 1045 1047 1048
f 1049 1050 1051
f 1049 1051 1052
f 1053 1054 1055
f 1053 1055 1056
f 1057 1058 1059
f 1057 1059 1060
f 1061 1062 1063
f 1061 1063 1064
f 1065 1066 1067
f 1065 1067 1068
f 1069 1070 1071
f 1069 1071 1072
f 1073 1074 1075
f 1073 1075 1076
f 1077 1078 1079
f 1077 1079 1080
f 1081 1082 1083
f 1081 1083 1084
f 1085 1086 1087
f 1085 1087 1088
f 1089 1090 1091
f 1089 1091 1092
f 1093 1094 1095
f 1093 1095 1096
f 1097 1098 1099
f 1097 1099 1100
f 1101 1102 1103
f 1101 1103 1104
f 1105 1106 1107
f 1105 1107 1108
f 1109 1110 1111
f 1109 1111 1112
f 1113 1114 1115
f 1113 1115 1116
f 1117 1118 1119
f 1117 1119 1120
f 1121 1122 1123
f 1121 1123 1124
f 1125 1126 1127
f 1125 1127 1128
f 1129 1130 1131
f 1129 1131 1132
f 1133 1134 1135
f 1133 1135 1136
f 1137 1138 1139
f 1137 1139 1140
f 1141 1142 1143
f 1141 1143 1144
f 1145 1146 1147
f 1145 1147 1148
f 1149 1150 1151
f 1149 1151 1152
f 1153 1154 1155
f 1153 1155 1156
f 1157 1158 1159
f 1157 1159 1160
f 1161 1162 1163
f 1161 1163 1164
f 1165 1166 1167
f 1165 1167 1168
f 1169 1170 1171
f 1169 1171 1172
f 1173 1174 1175
f 1173 1175 1176
f 1177 1178 1179
f 1177 1179 1180
f 1181 1182 1183
f 1181 1183 1184
f 1185 1186 1187
f 1185 1187 1188
f 1189 1190 1191
f 1189 1191 1192
f 1193 1194 1195
f 1193 1195 1196
f 1197 1198 1199
f 1197 1199 1200
f 1201 1202 1203
f 1201 1203 1204
f 1205 1206 1207
f 1205 1207 1208
f 1209 1210 1211
f 1209 1211 1212
f 1213 1214 1215
f 1213 1215 1216
f 1217 1218 1219
f 1217 1219 1220
f 1221 1222 1223
f 1221 1223 1224
f 1225 1226 1227
f 1225 1227 1228
f 1229 1230 1231
f 1229 1231 1232
f 1233 1234 1235
f 1233 1235 1236
f 1237 1238 1239
f 1237 1239 1240
f 1241 1242 1243
f 1241 1243 1244
f 1245 1246 1247
f 1245 1247 1248
f 1249 1250 1251
f 1249 1251 1252
f 1253 1254 1255
f 1253 1255 1256
f 1257 1258 1259
f 1257 1259 1260
f 1261 1262 1263
f 1261 1263 1264
f 1265 1266 1267
f 1268 1269 1270
f 1271 1272 1273
f 1271 1273 1274
f 1275 1276 1277
f 1275 1277 1278
f 1279 1280 1281
f 1279 1281 1282
f 1283 1284 1285
f 1283 1285 1286
f 1287 1288 1289
f 1287 1289 1290
f 1291 1292 1293
f 1291 1293 1294
f 1295 1296 1297
f 1295 1297 1298
f 1299 1300 1301
f 1299 1301 1302
f 1303 1304 1305
f 1306 1307 1308
f 1309 1310 1311
f 1309 1311 1312
f 1313 1314 1315
f 1313 1315 1316
f 1317 1318 1319
f 1317 1319 1320
f 1321 1322 1323
f 1321 1323 1324
f 1325 1326 1327
f 1325 1327 1328
f 1329 1330 1331
f 1329 1331 1332
f 1333 1334 1335
f 1333 1335 1336
f 1337 1338 1339
f 1337 1339 1340
f 1341 1342 1343
f 1341 1343 1344
f 1345 1346 1347
f 1345 1347 1348
f 1349 1350 1351
f 1349 1351 1352
f 1353 1354 1355
f 1353 1355 1356
f 1357 1358 1359
f 1357 1359 1360
f 1361 1362 1363
f 1361 1363 1364
f 1365 1366 1367
f 1365 1367 1368
f 1369 1370 1371
f 1369 1371 1372
f 1373 1374 1375
f 1373 1375 1376
f 1377 1378 1379
f 1377 1379 1380
f 1381 1382 1383
f 1381 1383 1384
f 1385 1386 1387
f 1385 1387 1388
f 1389 1390 1391
f 1389 1391 1392
f 1393 1394 1395
f 1393 1395 1396
f 1397 1398 1399
f 1397 1399 1400
f 1401 1402 1403
f 1401 1403 1404
f 1405 1406 1407
f 1405 1407 1408
f 1409 1410 1411
f 1409 1411 1412
f 1413 1414 1415
f 1413 1415 1416
f 1417 1418 1419
f 1417 1419 1420
f 1421 1422 1423
f 1421 1423 1424
f 1425 1426 1427
f 1425 1427 1428
f 1429 1430 1431
f 1429 1431 1432
f 1433 1434 1435
f 1433 1435 1436
f 1437 1438 1439
f 1437 1439 1440
f 1441 1442 1443
f 1441 1443 1444
f 1445 1446 1447
f 1445 1447 1448
f 1449 1450 1451
f 1449 1451 1452
f 1453 1454 1455
f 1453 1455 1456
f 1457 1458 1459
f 1457 1459 1460
f 1461 1462 1463
f 1461 1463 1464
f 1465 1466 1467
f 1465 1467 1468
f 1469 1470 1471
f 1469 1471 1472
f 1473 1474 1475
f 1473 1475 1476
f 1477 1478 1479
f 1477 1479 1480
f 1481 1482 1483
f 1481 1483 1484
f 1485 1486 1487
f 1485 1487 1488
f 1489 1490 1491
f 1489 1491 1492
f 1493 1494 1495
f 1493 1495 1496
f 1497 1498 1499
f 1497 1499 1500
f 1501 1502 1503
f 1501 1503 1504
f 1505 1506 1507
f 1505 1507 1508
f 1509 1510 1511
f 1509 1511 1512
f 1513 1514 1515
f 1513 1515 1516
f 1517 1518 1519
f 1517 1519 1520
f 1521 1522 1523
f 1521 1523 1524
f 1525 1526 1527
f 1525 1527 1528
f 1529 1530 1531
f 1529 1531 1532
f 1533 1534 1535
f 1533 1535 1536
f 1537 1538 1539
f 1537 1539 1540
f 1541 1542 1543
f 1541 1543 1544
f 1545 1546 1547
f 1545 1547 1548
f 1549 1550 1551
f 1552 1553 1554
f 1555 1556 1557
f 1555 1557 1558
f 1559 1560 1561
f 1559 1561 1562
f 1563 1564 1565
f 1563 1565 1566
f 1567 1568 1569
f 1567 1569 1570
f 1571 1572 1573
f 1571 1573 1574
f 1575 1576 1577
f 1575 1577 1578
f 1579 1580 1581
f 1579 1581 1582
f 1583 1584 1585
f 1583 1585 1586
f 1587 1588 1589
f 1590 1591 1592
f 1593 1594 1595
f 1593 1595 1596
f 1597 1598 1599
f 1597 1599 1600
f 1601 1602 1603
f 1601 1603 1604
f 1605 1606 1607
f 1605 1607 1608
f 1609 1610 1611
f 1609 1611 1612
f 1613 1614 1615
f 1613 1615 1616
f 1617 1618 1619
f 1617 1619 1620
f 1621 1622 1623
f 1621 1623 1624
f 1625 1626 1627
f 1625 1627 1628
f 1629 1630 1631
f 1629 1631 1632
f 1633 1634 1635
f 1633 1635 1636
f 1637 1638 1639
f 1637 1639 1640
f 1641 1642 1643
f 1641 1643 1644
f 1645 1646 1647
f 1645 1647 1648
f 1649 1650 1651
f 1649 1651 1652
f 1653 1654 1655
f 1653 1655 1656
f 1657 1658 1659
f 1657 1659 1660
f 1661 1662 1663
f 1661 1663 1664
f 1665 1666 1667
f 1665 1667 1668
f 1669 1670 1671
f 1669 1671 1672
f 1673 1674 1675
f 1673 1675 1676
f 1677 1678 1679
f 1677 1679 1680
f 1681 1682 1683
f 1681 1683 1684
f 1685 1686 1687
f 1685 1687 1688
f 1689 1690 1691
f 1689 1691 1692
f 1693 1694 1695
f 1693 1695 1696
f 1697 1698 1699
f 1697 1699 1700
f 1701 1702 1703
f 1701 1703 1704
f 1705 1706 1707
f 1705 1707 1708
f 1709 1710 1711
f 1709 1711 1712
f 1713 1714 1715
f 1713 1715 1716
f 1717 1718 1719
f 1717 1719 1720
f 1721 1722 1723
f 1721 1723 1724
f 1725 1726 1727
f 1725 1727 1728
f 1729 1730 1731
f 1729 1731 1732
f 1733 1734 1735
f 1733 1735 1736
f 1737 1738 1739
f 1737 1739 1740
f 1741 1742 1743
f 1741 1743 1744
f 1745 1746 1747
f 1745 1747 1748
f 1749 1750 1751
f 1749 1751 1752
f 1753 1754 1755
f 1753 1755 1756
f 1757 1758 1759
f 1757 1759 1760
f 1761 1762 1763
f 1761 1763 1764
f 1765 1766 1767
f 1765 1767 1768
f 1769 1770 1771
f 1769 1771 1772
f 1773 1774 1775
f 1773 1775 1776
f 1777 1778 1779
f 1777 1779 1780
f 1781 1782 1783
f 1781 1783 1784
f 1785 1786 1787
f 1785 1787 1788
f 1789 1790 1791
f 1789 1791 1792
f 1793 1794 1795
f 1793 1795 1796
f 1797 1798 1799
f 1797 1799 1800
f 1801 1802 1803
f 1801 1803 1804
f 1805 1806 1807
f 1805 1807 1808
f 1809 1810 1811
f 1809 1811 1812
f 1813 1814 1815
f 1813 1815 1816
f 1817 1818 1819
f 1817 1819 1820
f 1821 1822 1823
f 1821 1823 1824
f 1825 1826 1827
f 1825 1827 1828
f 1829 1830 1831
f 1829 1831 1832
f 1833 1834 1835
f 1833 1835 1836
f 1837 1838 1839
f 1837 1839 1840
f 1841 1842 1843
f 1841 1843 1844
f 1845 1846 1847
f 1845 1847 1848
f 1849 1850 1851
f 1849 1851 1852
f 1853 1854 1855
f 1853 1855 1856
f 1857 1858 1859
f 1857 1859 1860
f 1861 1862 1863
f 1861 1863 1864
f 1865 1866 1867
f 1865 1867 1868
f 1869 1870 1871
f 1869 1871 1872
f 1873 1874 1875
f 1873 1875 1876
f 1877 1878 1879
f 1877 1879 1880
f 1881 1882 1883
f 1881 1883 1884
f 1885 1886 1887
f 1885 1887 1888
f 1889 1890 1891
f 1889 1891 1892
f 1893 1894 1895
f 1893 1895 1896
f 1897 1898 1899
f 1897 1899 1900
f 1901 1902 1903
f 1901 1903 1904
f 1905 1906 1907
f 1905 1907 1908
f 1909 1910 1911
f 1909 1911 1912
f 1913 1914 1915
f 1913 1915 1916
f 1917 1918 1919
f 1917 1919 1920
f 1921 1922 1923
f 1921 1923 1924
f 1925 1926 1927
f 1925 1927 1928
f 1929 1930 1931
f 1929 1931 1932
f 1933 1934 1935
f 1933 1935 1936
f 1937 1938 1939
f 1937 1939 1940
f 1941 1942 1943
f 1941 1943 1944
f 1945 1946 1947
f 1945 1947 1948
f 1949 1950 1951
f 1949 1951 1952
f 1953 1954 1955
f 1953 1955 1956
f 1957 1958 1959
f 1957 1959 1960
f 1961 1962 1963
f 1961 1963 1964
f 1965 1966 1967
f 1965 1967 1968
f 1969 1970 1971
f 1969 1971 1972
f 1973 1974 1975
f 1973 1975 1976
f 1977 1978 1979
f 1977 1979 1980
f 1981 1982 1983
f 1981 1983 1984
f 1985 1986 1987
f 1985 1987 1988
f 1989 1990 1991
f 1989 1991 1992
f 1993 1994 1995
f 1993 1995 1996
f 1997 1998 1999
f 1997 1999 2000
f 2001 2002 2003
f 2001 2003 2004
f 2005 2006 2007
f 2005 2007 2008
f 2009 2010 2011
f 2009 2011 2012
f 2013 2014 2015
f 2013 2015 2016
f 2017 2018 2019
f 2017 2019 2020
f 2021 2022 2023
f 2021 2023 2024
f 2025 2026 2027
f 2025 2027 2028
f 2029 2030 2031
f 2029 2031 2032
f 2033 2034 2035
f 2033 2035 2036
f 2037 2038 2039
f 2037 2039 2040
f 2041 2042 2043
f 2041 2043 2044
f 2045 2046 2047
f 2045 2047 2048
f 2049 2050 2051
f 2049 2051 2052
f 2053 2054 2055
f 2053 2055 2056
f 2057 2058 2059
f 2060 2061 2062
f 2063 2064 2065
f 2066 2067 2068
f 2069 2070 2071
f 2072 2073 2074
f 2075 2076 2077
f 2078 2079 2080
f 2081 2082 2083
f 2084 2085 2086
f 2087 2088 2089
f 2090 2091 2092
f 2093 2094 2095
f 2096 2097 2098
f 2099 2100 2101
f 2102 2103 2104
f 2105 2106 2107
f 2105 2107 2108
f 2109 2110 2111
f 2109 2111 2112
f 2113 2114 2115
f 2113 2115 2116
f 2117 2118 2119
f 2117 2119 2120
f 2121 2122 2123
f 2121 2123 2124
f 2125 2126 2127
f 2125 2127 2128
f 2129 2130 2131
f 2129 2131 2132
f 2133 2134 2135
f 2133 2135 2136
f 2137 2138 2139
f 2137 2139 2140
f 2141 2142 2143
f 2141 2143 2144
f 2145 2146 2147
f 2145 2147 2148
f 2149 2150 2151
f 2149 2151 2152
f 2153 2154 2155
f 2153 2155 2156
f 2157 2158 2159
f 2157 2159 2160
f 2161 2162 2163
f 2161 2163 2164
f 2165 2166 2167
f 2165 2167 2168
f 2169 2170 2171
f 2169 2171 2172
f 2173 2174 2175
f 2173 2175 2176
f 2177 2178 2179
f 2177 2179 2180
f 2181 2182 2183
f 2181 2183 2184
f 2185 2186 2187
f 2185 2187 2188
f 2189 2190 2191
f 2189 2191 2192
f 2193 2194 2195
f 2193 2195 2196
f 2197 2198 2199
f 2197 2199 2200
f 2201 2202 2203
f 2201 2203 2204
f 2205 2206 2207
f 2205 2207 2208
f 2209 2210 2211
f 2209 2211 2212
f 2213 2214 2215
f 2213 2215 2216
f 2217 2218 2219
f 2217 2219 2220
f 2221 2222 2223
f 2221 2223 2224
f 2225 2226 2227
f 2225 2227 2228
f 2229 2230 2231
f 2229 2231 2232
f 2233 2234 2235
f 2233 2235 2236
f 2237 2238 2239
f 2237 2239 2240
f 2241 2242 2243
f 2241 2243 2244
f 2245 2246 2247
f 2245 2247 2248
f 2249 2250 2251
f 2249 2251 2252
f 2253 2254 2255
f 2253 2255 2256
f 2257 2258 2259
f 2257 2259 2260
f 2261 2262 2263
f 2261 2263 2264
f 2265 2266 2267
f 2265 2267 2268
f 2269 2270 2271
f 2269 2271 2272
f 2273 2274 2275
f 2273 2275 2276
f 2277 2278 2279
f 2277 2279 2280
f 2281 2282 2283
f 2281 2283 2284
f 2285 2286 2287
f 2285 2287 2288
f 2289 2290 2291
f 2289 2291 2292
f 2293 2294 2295
f 2293 2295 2296
f 2297 2298 2299
f 2297 2299 2300
f 2301 2302 2303
f 2301 2303 2304
f 2305 2306 2307
f 2305 2307 2308
f 2309 2310 2311
f 2309 2311 2312
f 2313 2314 2315
f 2313 2315 2316
f 2317 2318 2319
f 2317 2319 2320
f 2321 2322 2323
f 2321 2323 2324
f 2325 2326 2327
f 2325 2327 2328
f 2329 2330 2331
f 2329 2331 2332
f 2333 2334 2335
f 2333 2335 2336
f 2337 2338 2339
f 2337 2339 2340
f 2341 2342 2343
f 2341 2343 2344
f 2345 2346 2347
f 2345 2347 2348
f 2349 2350 2351
f 2349 2351 2352
f 2353 2354 2355
f 2353 2355 2356
f 2357 2358 2359
f 2357 2359 2360
f 2361 2362 2363
f 2361 2363 2364
f 2365 2366 2367
f 2365 2367 2368
f 2369 2370 2371
f 2369 2371 2372
f 2373 2374 2375
f 2373 2375 2376
f 2377 2378 2379
f 2377 2379 2380
f 2381 2382 2383
f 2381 2383 2384
f 2385 2386 2387
f 2385 2387 2388
f 2389 2390 2391
f 2389 2391 2392
f 2393 2394 2395
f 2393 2395 2396
f 2397 2398 2399
f 2397 2399 2400
f 2401 2402 2403
f 2401 2403 2404
f 2405 2406 2407
f 2405 2407 2408
f 2409 2410 2411
f 2409 2411 2412
f 2413 2414 2415
f 2413 2415 2416
f 2417 2418 2419
f 2417 2419 2420
f 2421 2422 2423
f 2421 2423 2424
f 2425 2426 2427
f 2425 2427 2428
f 2429 2430 2431
f 2429 2431 2432
f 2433 2434 2435
f 2433 2435 2436
f 2437 2438 2439
f 2437 2439 2440
f 2441 2442 2443
f 2441 2443 2444
f 2445 2446 2447
f 2445 2447 2448
f 2449 2450 2451
f 2449 2451 2452
f 2453 2454 2455
f 2453 2455 2456
f 2457 2458 2459
f 2457 2459 2460
f 2461 2462 2463
f 2461 2463 2464
f 2465 2466 2467
f 2465 2467 2468
f 2469 2470 2471
f 2469 2471 2472
f 2473 2474 2475
f 2473 2475 2476
f 2477 2478 2479
f 2477 2479 2480
f 2481 2482 2483
f 2481 2483 2484
f 2485 2486 2487
f 2485 2487 2488
f 2489 2490 2491
f 2489 2491 2492
f 2493 2494 2495
f 2493 2495 2496
f 2497 2498 2499
f 2497 2499 2500
f 2501 2502 2503
f 2501 2503 2504
f 2505 2506 2507
f 2505 2507 2508
f 2509 2510 2511
f 2509 2511 2512
f 2513 2514 2515
f 2513 2515 2516
f 2517 2518 2519
f 2517 2519 2520
f 2521 2522 2523
f 2521 2523 2524
f 2525 2526 2527
f 2525 2527 2528
f 2529 2530 2531
f 2529 2531 2532
f 2533 2534 2535
f 2533 2535 2536
f 2537 2538 2539
f 2537 2539 2540
f 2541 2542 2543
f 2541 2543 2544
f 2545 2546 2547
f 2545 2547 2548
f 2549 2550 2551
f 2549 2551 2552
f 2553 2554 2555
f 2553 2555 2556
f 2557 2558 2559
f 2557 2559 2560
f 2561 2562 2563
f 2561 2563 2564
f 2565 2566 2567
f 2565 2567 2568
f 2569 2570 2571
f 2569 2571 2572
f 2573 2574 2575
f 2573 2575 2576
f 2577 2578 2579
f 2577 2579 2580
f 2581 2582 2583
f 2581 2583 2584
f 2585 2586 2587
f 2585 2587 2588
f 2589 2590 2591
f 2589 2591 2592
f 2593 2594 2595
f 2593 2595 2596
f 2597 2598 2599
f 2597 2599 2600
f 2601 2602 2603
f 2601 2603 2604
f 2605 2606 2607
f 2605 2607 2608
f 2609 2610 2611
f 2609 2611 2612
f 2613 2614 2615
f 2613 2615 2616
f 2617 2618 2619
f 2617 2619 2620
f 2621 2622 2623
f 2621 2623 2624
f 2625 2626 2627
f 2625 2627 2628
f 2629 2630 2631
f 2629 2631 2632
f 2633 2634 2635
f 2633 2635 2636
f 2637 2638 2639
f 2637 2639 2640
f 2641 2642 2643
f 2641 2643 2644
f 2645 2646 2647
f 2645 2647 2648
f 2649 2650 2651
f 2649 2651 2652
f 2653 2654 2655
f 2653 2655 2656
f 2657 2658 2659
f 2657 2659 2660
f 2661 2662 2663
f 2661 2663 2664
f 2665 2666 2667
f 2665 2667 2668
f 2669 2670 2671
f 2669 2671 2672
f 2673 2674 2675
f 2673 2675 2676
f 2677 2678 2679
f 2677 2679 2680
f 2681 2682 2683
f 2681 2683 2684
f 2685 2686 2687
f 2685 2687 2688
f 2689 2690 2691
f 2689 2691 2692
f 2693 2694 2695
f 2693 2695 2696
f 2697 2698 2699
f 2697 2699 2700
f 2701 2702 2703
f 2701 2703 2704
f 2705 2706 2707
f 2705 2707 2708
f 2709 2710 2711
f 2709 2711 2712
f 2713 2714 2715
f 2713 2715 2716
f 2717 2718 2719
f 2717 2719 2720
f 2721 2722 2723
f 2721 2723 2724
f 2725 2726 2727
f 2725 2727 2728
f 2729 2730 2731
f 2729 2731 2732
f 2733 2734 2735
f 2733 2735 2736
f 2737 2738 2739
f 2737 2739 2740
f 2741 2742 2743
f 2741 2743 2744
f 2745 2746 2747
f 2745 2747 2748
f 2749 2750 2751
f 2749 2751 2752
f 2753 2754 2755
f 2753 2755 2756
f 2757 2758 2759
f 2757 2759 2760
f 2761 2762 2763
f 2761 2763 2764
f 2765 2766 2767
f 2765 2767 2768
f 2769 2770 2771
f 2769 2771 2772
f 2773 2774 2775
f 2773 2775 2776
f 2777 2778 2779
f 2777 2779 2780
f 2781 2782 2783
f 2781 2783 2784
f 2785 2786 2787
f 2785 2787 2788
f 2789 2790 2791
f 2789 2791 2792
f 2793 2794 2795
f 2793 2795 2796
f 2797 2798 2799
f 2797 2799 2800
f 2801 2802 2803
f 2801 2803 2804
f 2805 2806 2807
f 2805 2807 2808
