# Baked from official LDraw part 2656.dat
o ldraw_2656
v -0.6125000 -0.0000000 -0.3125000
v -0.6125000 -0.0000000 -0.3750000
v -0.7500000 -0.0000000 -0.5000000
v -0.7500000 -0.0000000 0.0000000
v -0.5000000 -0.0000000 -0.1000000
v -0.6500000 -0.0000000 -0.2500000
v -0.7500000 -0.0000000 0.0000000
v -0.6500000 -0.0000000 -0.2500000
v -0.7500000 -0.0000000 -0.5000000
v -0.6125000 -0.0000000 -0.3750000
v -0.6125000 -0.0000000 -0.4375000
v -0.7500000 -0.0000000 -0.5000000
v -0.7500000 -0.0000000 0.0000000
v -0.3500000 -0.0000000 -0.1000000
v -0.5000000 -0.0000000 -0.1000000
v -0.5500000 -0.0000000 -0.4375000
v -0.7500000 -0.0000000 -0.5000000
v -0.6125000 -0.0000000 -0.4375000
v -0.4875000 -0.0000000 -0.4375000
v -0.7500000 -0.0000000 -0.5000000
v -0.5500000 -0.0000000 -0.4375000
v -0.7500000 -0.0000000 -0.5000000
v -0.6500000 -0.0000000 -0.2500000
v -0.6125000 -0.0000000 -0.3125000
v -0.3500000 -0.0000000 -0.4000000
v -0.4875000 -0.0000000 -0.4375000
v -0.4922563 -0.0000000 -0.3989187
v -0.3939350 -0.0000000 -0.3560650
v -0.3500000 -0.0000000 -0.2500000
v -0.3500000 -0.0000000 -0.4000000
v -0.3939350 -0.0000000 -0.3560650
v -0.3500000 -0.0000000 -0.1000000
v -0.3500000 -0.0000000 -0.2500000
v -0.3939350 -0.0000000 -0.1439350
v -0.5000000 -0.0000000 -0.1000000
v -0.3500000 -0.0000000 -0.1000000
v -0.3939350 -0.0000000 -0.1439350
v -0.5500000 -0.0000000 -0.4375000
v -0.5260813 -0.0000000 -0.4327438
v -0.4875000 -0.0000000 -0.4375000
v -0.5260813 -0.0000000 -0.4327438
v -0.5058063 -0.0000000 -0.4191938
v -0.4875000 -0.0000000 -0.4375000
v -0.5058063 -0.0000000 -0.4191938
v -0.4922563 -0.0000000 -0.3989187
v -0.4875000 -0.0000000 -0.4375000
v -0.5739188 -0.0000000 -0.4327438
v -0.5500000 -0.0000000 -0.4375000
v -0.6125000 -0.0000000 -0.4375000
v -0.5941937 -0.0000000 -0.4191938
v -0.5739188 -0.0000000 -0.4327438
v -0.6125000 -0.0000000 -0.4375000
v -0.6077438 -0.0000000 -0.3989187
v -0.5941937 -0.0000000 -0.4191938
v -0.6125000 -0.0000000 -0.4375000
v -0.6125000 -0.0000000 -0.3750000
v -0.6077438 -0.0000000 -0.3989187
v -0.6125000 -0.0000000 -0.4375000
v -0.6125000 -0.0000000 -0.3750000
v -0.6125000 -0.0000000 -0.3125000
v -0.6077438 -0.0000000 -0.3510813
v -0.6125000 -0.1000000 -0.3750000
v -0.6077438 -0.1000000 -0.3989187
v -0.6077438 -0.0000000 -0.3989187
v -0.6125000 -0.0000000 -0.3750000
v -0.6077438 -0.1000000 -0.3989187
v -0.5941937 -0.1000000 -0.4191938
v -0.5941937 -0.0000000 -0.4191938
v -0.6077438 -0.0000000 -0.3989187
v -0.5941937 -0.1000000 -0.4191938
v -0.5739188 -0.1000000 -0.4327438
v -0.5739188 -0.0000000 -0.4327438
v -0.5941937 -0.0000000 -0.4191938
v -0.5739188 -0.1000000 -0.4327438
v -0.5500000 -0.1000000 -0.4375000
v -0.5500000 -0.0000000 -0.4375000
v -0.5739188 -0.0000000 -0.4327438
v -0.5500000 -0.1000000 -0.4375000
v -0.5260813 -0.1000000 -0.4327438
v -0.5260813 -0.0000000 -0.4327438
v -0.5500000 -0.0000000 -0.4375000
v -0.5260813 -0.1000000 -0.4327438
v -0.5058063 -0.1000000 -0.4191938
v -0.5058063 -0.0000000 -0.4191938
v -0.5260813 -0.0000000 -0.4327438
v -0.5058063 -0.1000000 -0.4191938
v -0.4922563 -0.1000000 -0.3989187
v -0.4922563 -0.0000000 -0.3989187
v -0.5058063 -0.0000000 -0.4191938
v -0.4922563 -0.1000000 -0.3989187
v -0.4875000 -0.1000000 -0.3750000
v -0.4875000 -0.0000000 -0.3750000
v -0.4922563 -0.0000000 -0.3989187
v -0.4875000 -0.1000000 -0.3750000
v -0.4922563 -0.1000000 -0.3510813
v -0.4922563 -0.0000000 -0.3510813
v -0.4875000 -0.0000000 -0.3750000
v -0.4922563 -0.1000000 -0.3510813
v -0.5058063 -0.1000000 -0.3308063
v -0.5058063 -0.0000000 -0.3308063
v -0.4922563 -0.0000000 -0.3510813
v -0.5058063 -0.1000000 -0.3308063
v -0.5260813 -0.1000000 -0.3172563
v -0.5260813 -0.0000000 -0.3172563
v -0.5058063 -0.0000000 -0.3308063
v -0.5260813 -0.1000000 -0.3172563
v -0.5500000 -0.1000000 -0.3125000
v -0.5500000 -0.0000000 -0.3125000
v -0.5260813 -0.0000000 -0.3172563
v -0.5500000 -0.1000000 -0.3125000
v -0.5739188 -0.1000000 -0.3172563
v -0.5739188 -0.0000000 -0.3172563
v -0.5500000 -0.0000000 -0.3125000
v -0.5739188 -0.1000000 -0.3172563
v -0.5941937 -0.1000000 -0.3308063
v -0.5941937 -0.0000000 -0.3308063
v -0.5739188 -0.0000000 -0.3172563
v -0.5941937 -0.1000000 -0.3308063
v -0.6077438 -0.1000000 -0.3510813
v -0.6077438 -0.0000000 -0.3510813
v -0.5941937 -0.0000000 -0.3308063
v -0.6077438 -0.1000000 -0.3510813
v -0.6125000 -0.1000000 -0.3750000
v -0.6125000 -0.0000000 -0.3750000
v -0.6077438 -0.0000000 -0.3510813
v -0.6077438 -0.1000000 -0.3989187
v -0.6125000 -0.1000000 -0.3750000
v -0.6125000 -0.1000000 -0.4375000
v -0.5941937 -0.1000000 -0.4191938
v -0.6077438 -0.1000000 -0.3989187
v -0.6125000 -0.1000000 -0.4375000
v -0.5739188 -0.1000000 -0.4327438
v -0.5941937 -0.1000000 -0.4191938
v -0.6125000 -0.1000000 -0.4375000
v -0.5500000 -0.1000000 -0.4375000
v -0.5739188 -0.1000000 -0.4327438
v -0.6125000 -0.1000000 -0.4375000
v -0.5260813 -0.1000000 -0.4327438
v -0.5500000 -0.1000000 -0.4375000
v -0.4875000 -0.1000000 -0.4375000
v -0.5058063 -0.1000000 -0.4191938
v -0.5260813 -0.1000000 -0.4327438
v -0.4875000 -0.1000000 -0.4375000
v -0.4922563 -0.1000000 -0.3989187
v -0.5058063 -0.1000000 -0.4191938
v -0.4875000 -0.1000000 -0.4375000
v -0.4875000 -0.1000000 -0.3750000
v -0.4922563 -0.1000000 -0.3989187
v -0.4875000 -0.1000000 -0.4375000
v -0.4922563 -0.1000000 -0.3510813
v -0.4875000 -0.1000000 -0.3750000
v -0.4875000 -0.1000000 -0.3125000
v -0.5058063 -0.1000000 -0.3308063
v -0.4922563 -0.1000000 -0.3510813
v -0.4875000 -0.1000000 -0.3125000
v -0.5260813 -0.1000000 -0.3172563
v -0.5058063 -0.1000000 -0.3308063
v -0.4875000 -0.1000000 -0.3125000
v -0.5500000 -0.1000000 -0.3125000
v -0.5260813 -0.1000000 -0.3172563
v -0.4875000 -0.1000000 -0.3125000
v -0.5739188 -0.1000000 -0.3172563
v -0.5500000 -0.1000000 -0.3125000
v -0.6125000 -0.1000000 -0.3125000
v -0.5941937 -0.1000000 -0.3308063
v -0.5739188 -0.1000000 -0.3172563
v -0.6125000 -0.1000000 -0.3125000
v -0.6077438 -0.1000000 -0.3510813
v -0.5941937 -0.1000000 -0.3308063
v -0.6125000 -0.1000000 -0.3125000
v -0.6125000 -0.1000000 -0.3750000
v -0.6077438 -0.1000000 -0.3510813
v -0.6125000 -0.1000000 -0.3125000
v -0.6125000 -0.1000000 -0.3750000
v -0.6500000 -0.1000000 -0.2750000
v -0.6500000 -0.1000000 -0.5000000
v -0.6125000 -0.1000000 -0.4375000
v -0.6500000 -0.1000000 -0.2750000
v -0.6125000 -0.1000000 -0.3750000
v -0.6125000 -0.1000000 -0.3125000
v -0.5500000 -0.1000000 -0.4375000
v -0.6125000 -0.1000000 -0.4375000
v -0.6500000 -0.1000000 -0.5000000
v -0.4875000 -0.1000000 -0.4375000
v -0.5500000 -0.1000000 -0.4375000
v -0.6500000 -0.1000000 -0.5000000
v -0.5500000 -0.1000000 -0.3125000
v -0.6500000 -0.1000000 -0.2750000
v -0.6125000 -0.1000000 -0.3125000
v -0.4875000 -0.1000000 -0.3125000
v -0.6500000 -0.1000000 -0.2750000
v -0.5500000 -0.1000000 -0.3125000
v -0.4000000 -0.0000000 0.2500000
v -0.4076100 -0.0000000 0.2882700
v -0.4076100 0.1000000 0.2882700
v -0.4000000 0.1000000 0.2500000
v -0.4076100 -0.0000000 0.2882700
v -0.4292900 -0.0000000 0.3207100
v -0.4292900 0.1000000 0.3207100
v -0.4076100 0.1000000 0.2882700
v -0.4292900 -0.0000000 0.3207100
v -0.4617300 -0.0000000 0.3423900
v -0.4617300 0.1000000 0.3423900
v -0.4292900 0.1000000 0.3207100
v -0.4617300 -0.0000000 0.3423900
v -0.5000000 -0.0000000 0.3500000
v -0.5000000 0.1000000 0.3500000
v -0.4617300 0.1000000 0.3423900
v -0.5000000 -0.0000000 0.3500000
v -0.5382700 -0.0000000 0.3423900
v -0.5382700 0.1000000 0.3423900
v -0.5000000 0.1000000 0.3500000
v -0.5382700 -0.0000000 0.3423900
v -0.5707100 -0.0000000 0.3207100
v -0.5707100 0.1000000 0.3207100
v -0.5382700 0.1000000 0.3423900
v -0.5707100 -0.0000000 0.3207100
v -0.5923900 -0.0000000 0.2882700
v -0.5923900 0.1000000 0.2882700
v -0.5707100 0.1000000 0.3207100
v -0.5923900 -0.0000000 0.2882700
v -0.6000000 -0.0000000 0.2500000
v -0.6000000 0.1000000 0.2500000
v -0.5923900 0.1000000 0.2882700
v -0.6000000 -0.0000000 0.2500000
v -0.5923900 -0.0000000 0.2117300
v -0.5923900 0.1000000 0.2117300
v -0.6000000 0.1000000 0.2500000
v -0.5923900 -0.0000000 0.2117300
v -0.5707100 -0.0000000 0.1792900
v -0.5707100 0.1000000 0.1792900
v -0.5923900 0.1000000 0.2117300
v -0.5707100 -0.0000000 0.1792900
v -0.5382700 -0.0000000 0.1576100
v -0.5382700 0.1000000 0.1576100
v -0.5707100 0.1000000 0.1792900
v -0.5382700 -0.0000000 0.1576100
v -0.5000000 -0.0000000 0.1500000
v -0.5000000 0.1000000 0.1500000
v -0.5382700 0.1000000 0.1576100
v -0.5000000 -0.0000000 0.1500000
v -0.4617300 -0.0000000 0.1576100
v -0.4617300 0.1000000 0.1576100
v -0.5000000 0.1000000 0.1500000
v -0.4617300 -0.0000000 0.1576100
v -0.4292900 -0.0000000 0.1792900
v -0.4292900 0.1000000 0.1792900
v -0.4617300 0.1000000 0.1576100
v -0.4292900 -0.0000000 0.1792900
v -0.4076100 -0.0000000 0.2117300
v -0.4076100 0.1000000 0.2117300
v -0.4292900 0.1000000 0.1792900
v -0.4076100 -0.0000000 0.2117300
v -0.4000000 -0.0000000 0.2500000
v -0.4000000 0.1000000 0.2500000
v -0.4076100 0.1000000 0.2117300
v -0.3500000 0.1000000 0.2500000
v -0.3614150 0.1000000 0.3074050
v -0.3614150 -0.0000000 0.3074050
v -0.3500000 -0.0000000 0.2500000
v -0.3614150 0.1000000 0.3074050
v -0.3939350 0.1000000 0.3560650
v -0.3939350 -0.0000000 0.3560650
v -0.3614150 -0.0000000 0.3074050
v -0.3939350 0.1000000 0.3560650
v -0.4425950 0.1000000 0.3885850
v -0.4425950 -0.0000000 0.3885850
v -0.3939350 -0.0000000 0.3560650
v -0.4425950 0.1000000 0.3885850
v -0.5000000 0.1000000 0.4000000
v -0.5000000 -0.0000000 0.4000000
v -0.4425950 -0.0000000 0.3885850
v -0.5000000 0.1000000 0.4000000
v -0.5574050 0.1000000 0.3885850
v -0.5574050 -0.0000000 0.3885850
v -0.5000000 -0.0000000 0.4000000
v -0.5574050 0.1000000 0.3885850
v -0.6060650 0.1000000 0.3560650
v -0.6060650 -0.0000000 0.3560650
v -0.5574050 -0.0000000 0.3885850
v -0.6060650 0.1000000 0.3560650
v -0.6385850 0.1000000 0.3074050
v -0.6385850 -0.0000000 0.3074050
v -0.6060650 -0.0000000 0.3560650
v -0.6385850 0.1000000 0.3074050
v -0.6500000 0.1000000 0.2500000
v -0.6500000 -0.0000000 0.2500000
v -0.6385850 -0.0000000 0.3074050
v -0.6500000 0.1000000 0.2500000
v -0.6385850 0.1000000 0.1925950
v -0.6385850 -0.0000000 0.1925950
v -0.6500000 -0.0000000 0.2500000
v -0.6385850 0.1000000 0.1925950
v -0.6060650 0.1000000 0.1439350
v -0.6060650 -0.0000000 0.1439350
v -0.6385850 -0.0000000 0.1925950
v -0.6060650 0.1000000 0.1439350
v -0.5574050 0.1000000 0.1114150
v -0.5574050 -0.0000000 0.1114150
v -0.6060650 -0.0000000 0.1439350
v -0.5574050 0.1000000 0.1114150
v -0.5000000 0.1000000 0.1000000
v -0.5000000 -0.0000000 0.1000000
v -0.5574050 -0.0000000 0.1114150
v -0.5000000 0.1000000 0.1000000
v -0.4425950 0.1000000 0.1114150
v -0.4425950 -0.0000000 0.1114150
v -0.5000000 -0.0000000 0.1000000
v -0.4425950 0.1000000 0.1114150
v -0.3939350 0.1000000 0.1439350
v -0.3939350 -0.0000000 0.1439350
v -0.4425950 -0.0000000 0.1114150
v -0.3939350 0.1000000 0.1439350
v -0.3614150 0.1000000 0.1925950
v -0.3614150 -0.0000000 0.1925950
v -0.3939350 -0.0000000 0.1439350
v -0.3614150 0.1000000 0.1925950
v -0.3500000 0.1000000 0.2500000
v -0.3500000 -0.0000000 0.2500000
v -0.3614150 -0.0000000 0.1925950
v -0.5000000 0.1000000 0.4000000
v -0.5000000 0.1000000 0.3500000
v -0.5382700 0.1000000 0.3423900
v -0.5574050 0.1000000 0.3885850
v -0.5574050 0.1000000 0.3885850
v -0.5382700 0.1000000 0.3423900
v -0.5707100 0.1000000 0.3207100
v -0.6060650 0.1000000 0.3560650
v -0.6060650 0.1000000 0.3560650
v -0.5707100 0.1000000 0.3207100
v -0.5923900 0.1000000 0.2882700
v -0.6385850 0.1000000 0.3074050
v -0.6385850 0.1000000 0.3074050
v -0.5923900 0.1000000 0.2882700
v -0.6000000 0.1000000 0.2500000
v -0.6500000 0.1000000 0.2500000
v -0.6500000 0.1000000 0.2500000
v -0.6000000 0.1000000 0.2500000
v -0.5923900 0.1000000 0.2117300
v -0.6385850 0.1000000 0.1925950
v -0.6385850 0.1000000 0.1925950
v -0.5923900 0.1000000 0.2117300
v -0.5707100 0.1000000 0.1792900
v -0.6060650 0.1000000 0.1439350
v -0.6060650 0.1000000 0.1439350
v -0.5707100 0.1000000 0.1792900
v -0.5382700 0.1000000 0.1576100
v -0.5574050 0.1000000 0.1114150
v -0.5574050 0.1000000 0.1114150
v -0.5382700 0.1000000 0.1576100
v -0.5000000 0.1000000 0.1500000
v -0.5000000 0.1000000 0.1000000
v -0.5000000 0.1000000 0.1000000
v -0.5000000 0.1000000 0.1500000
v -0.4617300 0.1000000 0.1576100
v -0.4425950 0.1000000 0.1114150
v -0.4425950 0.1000000 0.1114150
v -0.4617300 0.1000000 0.1576100
v -0.4292900 0.1000000 0.1792900
v -0.3939350 0.1000000 0.1439350
v -0.3939350 0.1000000 0.1439350
v -0.4292900 0.1000000 0.1792900
v -0.4076100 0.1000000 0.2117300
v -0.3614150 0.1000000 0.1925950
v -0.3614150 0.1000000 0.1925950
v -0.4076100 0.1000000 0.2117300
v -0.4000000 0.1000000 0.2500000
v -0.3500000 0.1000000 0.2500000
v -0.3500000 0.1000000 0.2500000
v -0.4000000 0.1000000 0.2500000
v -0.4076100 0.1000000 0.2882700
v -0.3614150 0.1000000 0.3074050
v -0.3614150 0.1000000 0.3074050
v -0.4076100 0.1000000 0.2882700
v -0.4292900 0.1000000 0.3207100
v -0.3939350 0.1000000 0.3560650
v -0.3939350 0.1000000 0.3560650
v -0.4292900 0.1000000 0.3207100
v -0.4617300 0.1000000 0.3423900
v -0.4425950 0.1000000 0.3885850
v -0.4425950 0.1000000 0.3885850
v -0.4617300 0.1000000 0.3423900
v -0.5000000 0.1000000 0.3500000
v -0.5000000 0.1000000 0.4000000
v 0.1000000 -0.0000000 0.2500000
v 0.0923900 -0.0000000 0.2882700
v 0.0923900 0.1000000 0.2882700
v 0.1000000 0.1000000 0.2500000
v 0.0923900 -0.0000000 0.2882700
v 0.0707100 -0.0000000 0.3207100
v 0.0707100 0.1000000 0.3207100
v 0.0923900 0.1000000 0.2882700
v 0.0707100 -0.0000000 0.3207100
v 0.0382700 -0.0000000 0.3423900
v 0.0382700 0.1000000 0.3423900
v 0.0707100 0.1000000 0.3207100
v 0.0382700 -0.0000000 0.3423900
v 0.0000000 -0.0000000 0.3500000
v 0.0000000 0.1000000 0.3500000
v 0.0382700 0.1000000 0.3423900
v 0.0000000 -0.0000000 0.3500000
v -0.0382700 -0.0000000 0.3423900
v -0.0382700 0.1000000 0.3423900
v 0.0000000 0.1000000 0.3500000
v -0.0382700 -0.0000000 0.3423900
v -0.0707100 -0.0000000 0.3207100
v -0.0707100 0.1000000 0.3207100
v -0.0382700 0.1000000 0.3423900
v -0.0707100 -0.0000000 0.3207100
v -0.0923900 -0.0000000 0.2882700
v -0.0923900 0.1000000 0.2882700
v -0.0707100 0.1000000 0.3207100
v -0.0923900 -0.0000000 0.2882700
v -0.1000000 -0.0000000 0.2500000
v -0.1000000 0.1000000 0.2500000
v -0.0923900 0.1000000 0.2882700
v -0.1000000 -0.0000000 0.2500000
v -0.0923900 -0.0000000 0.2117300
v -0.0923900 0.1000000 0.2117300
v -0.1000000 0.1000000 0.2500000
v -0.0923900 -0.0000000 0.2117300
v -0.0707100 -0.0000000 0.1792900
v -0.0707100 0.1000000 0.1792900
v -0.0923900 0.1000000 0.2117300
v -0.0707100 -0.0000000 0.1792900
v -0.0382700 -0.0000000 0.1576100
v -0.0382700 0.1000000 0.1576100
v -0.0707100 0.1000000 0.1792900
v -0.0382700 -0.0000000 0.1576100
v 0.0000000 -0.0000000 0.1500000
v 0.0000000 0.1000000 0.1500000
v -0.0382700 0.1000000 0.1576100
v 0.0000000 -0.0000000 0.1500000
v 0.0382700 -0.0000000 0.1576100
v 0.0382700 0.1000000 0.1576100
v 0.0000000 0.1000000 0.1500000
v 0.0382700 -0.0000000 0.1576100
v 0.0707100 -0.0000000 0.1792900
v 0.0707100 0.1000000 0.1792900
v 0.0382700 0.1000000 0.1576100
v 0.0707100 -0.0000000 0.1792900
v 0.0923900 -0.0000000 0.2117300
v 0.0923900 0.1000000 0.2117300
v 0.0707100 0.1000000 0.1792900
v 0.0923900 -0.0000000 0.2117300
v 0.1000000 -0.0000000 0.2500000
v 0.1000000 0.1000000 0.2500000
v 0.0923900 0.1000000 0.2117300
v 0.1500000 0.1000000 0.2500000
v 0.1385850 0.1000000 0.3074050
v 0.1385850 -0.0000000 0.3074050
v 0.1500000 -0.0000000 0.2500000
v 0.1385850 0.1000000 0.3074050
v 0.1060650 0.1000000 0.3560650
v 0.1060650 -0.0000000 0.3560650
v 0.1385850 -0.0000000 0.3074050
v 0.1060650 0.1000000 0.3560650
v 0.0574050 0.1000000 0.3885850
v 0.0574050 -0.0000000 0.3885850
v 0.1060650 -0.0000000 0.3560650
v 0.0574050 0.1000000 0.3885850
v 0.0000000 0.1000000 0.4000000
v 0.0000000 -0.0000000 0.4000000
v 0.0574050 -0.0000000 0.3885850
v 0.0000000 0.1000000 0.4000000
v -0.0574050 0.1000000 0.3885850
v -0.0574050 -0.0000000 0.3885850
v 0.0000000 -0.0000000 0.4000000
v -0.0574050 0.1000000 0.3885850
v -0.1060650 0.1000000 0.3560650
v -0.1060650 -0.0000000 0.3560650
v -0.0574050 -0.0000000 0.3885850
v -0.1060650 0.1000000 0.3560650
v -0.1385850 0.1000000 0.3074050
v -0.1385850 -0.0000000 0.3074050
v -0.1060650 -0.0000000 0.3560650
v -0.1385850 0.1000000 0.3074050
v -0.1500000 0.1000000 0.2500000
v -0.1500000 -0.0000000 0.2500000
v -0.1385850 -0.0000000 0.3074050
v -0.1500000 0.1000000 0.2500000
v -0.1385850 0.1000000 0.1925950
v -0.1385850 -0.0000000 0.1925950
v -0.1500000 -0.0000000 0.2500000
v -0.1385850 0.1000000 0.1925950
v -0.1060650 0.1000000 0.1439350
v -0.1060650 -0.0000000 0.1439350
v -0.1385850 -0.0000000 0.1925950
v -0.1060650 0.1000000 0.1439350
v -0.0574050 0.1000000 0.1114150
v -0.0574050 -0.0000000 0.1114150
v -0.1060650 -0.0000000 0.1439350
v -0.0574050 0.1000000 0.1114150
v 0.0000000 0.1000000 0.1000000
v 0.0000000 -0.0000000 0.1000000
v -0.0574050 -0.0000000 0.1114150
v 0.0000000 0.1000000 0.1000000
v 0.0574050 0.1000000 0.1114150
v 0.0574050 -0.0000000 0.1114150
v 0.0000000 -0.0000000 0.1000000
v 0.0574050 0.1000000 0.1114150
v 0.1060650 0.1000000 0.1439350
v 0.1060650 -0.0000000 0.1439350
v 0.0574050 -0.0000000 0.1114150
v 0.1060650 0.1000000 0.1439350
v 0.1385850 0.1000000 0.1925950
v 0.1385850 -0.0000000 0.1925950
v 0.1060650 -0.0000000 0.1439350
v 0.1385850 0.1000000 0.1925950
v 0.1500000 0.1000000 0.2500000
v 0.1500000 -0.0000000 0.2500000
v 0.1385850 -0.0000000 0.1925950
v 0.0000000 0.1000000 0.4000000
v 0.0000000 0.1000000 0.3500000
v -0.0382700 0.1000000 0.3423900
v -0.0574050 0.1000000 0.3885850
v -0.0574050 0.1000000 0.3885850
v -0.0382700 0.1000000 0.3423900
v -0.0707100 0.1000000 0.3207100
v -0.1060650 0.1000000 0.3560650
v -0.1060650 0.1000000 0.3560650
v -0.0707100 0.1000000 0.3207100
v -0.0923900 0.1000000 0.2882700
v -0.1385850 0.1000000 0.3074050
v -0.1385850 0.1000000 0.3074050
v -0.0923900 0.1000000 0.2882700
v -0.1000000 0.1000000 0.2500000
v -0.1500000 0.1000000 0.2500000
v -0.1500000 0.1000000 0.2500000
v -0.1000000 0.1000000 0.2500000
v -0.0923900 0.1000000 0.2117300
v -0.1385850 0.1000000 0.1925950
v -0.1385850 0.1000000 0.1925950
v -0.0923900 0.1000000 0.2117300
v -0.0707100 0.1000000 0.1792900
v -0.1060650 0.1000000 0.1439350
v -0.1060650 0.1000000 0.1439350
v -0.0707100 0.1000000 0.1792900
v -0.0382700 0.1000000 0.1576100
v -0.0574050 0.1000000 0.1114150
v -0.0574050 0.1000000 0.1114150
v -0.0382700 0.1000000 0.1576100
v 0.0000000 0.1000000 0.1500000
v 0.0000000 0.1000000 0.1000000
v 0.0000000 0.1000000 0.1000000
v 0.0000000 0.1000000 0.1500000
v 0.0382700 0.1000000 0.1576100
v 0.0574050 0.1000000 0.1114150
v 0.0574050 0.1000000 0.1114150
v 0.0382700 0.1000000 0.1576100
v 0.0707100 0.1000000 0.1792900
v 0.1060650 0.1000000 0.1439350
v 0.1060650 0.1000000 0.1439350
v 0.0707100 0.1000000 0.1792900
v 0.0923900 0.1000000 0.2117300
v 0.1385850 0.1000000 0.1925950
v 0.1385850 0.1000000 0.1925950
v 0.0923900 0.1000000 0.2117300
v 0.1000000 0.1000000 0.2500000
v 0.1500000 0.1000000 0.2500000
v 0.1500000 0.1000000 0.2500000
v 0.1000000 0.1000000 0.2500000
v 0.0923900 0.1000000 0.2882700
v 0.1385850 0.1000000 0.3074050
v 0.1385850 0.1000000 0.3074050
v 0.0923900 0.1000000 0.2882700
v 0.0707100 0.1000000 0.3207100
v 0.1060650 0.1000000 0.3560650
v 0.1060650 0.1000000 0.3560650
v 0.0707100 0.1000000 0.3207100
v 0.0382700 0.1000000 0.3423900
v 0.0574050 0.1000000 0.3885850
v 0.0574050 0.1000000 0.3885850
v 0.0382700 0.1000000 0.3423900
v 0.0000000 0.1000000 0.3500000
v 0.0000000 0.1000000 0.4000000
v 0.6000000 -0.0000000 0.2500000
v 0.5923900 -0.0000000 0.2882700
v 0.5923900 0.1000000 0.2882700
v 0.6000000 0.1000000 0.2500000
v 0.5923900 -0.0000000 0.2882700
v 0.5707100 -0.0000000 0.3207100
v 0.5707100 0.1000000 0.3207100
v 0.5923900 0.1000000 0.2882700
v 0.5707100 -0.0000000 0.3207100
v 0.5382700 -0.0000000 0.3423900
v 0.5382700 0.1000000 0.3423900
v 0.5707100 0.1000000 0.3207100
v 0.5382700 -0.0000000 0.3423900
v 0.5000000 -0.0000000 0.3500000
v 0.5000000 0.1000000 0.3500000
v 0.5382700 0.1000000 0.3423900
v 0.5000000 -0.0000000 0.3500000
v 0.4617300 -0.0000000 0.3423900
v 0.4617300 0.1000000 0.3423900
v 0.5000000 0.1000000 0.3500000
v 0.4617300 -0.0000000 0.3423900
v 0.4292900 -0.0000000 0.3207100
v 0.4292900 0.1000000 0.3207100
v 0.4617300 0.1000000 0.3423900
v 0.4292900 -0.0000000 0.3207100
v 0.4076100 -0.0000000 0.2882700
v 0.4076100 0.1000000 0.2882700
v 0.4292900 0.1000000 0.3207100
v 0.4076100 -0.0000000 0.2882700
v 0.4000000 -0.0000000 0.2500000
v 0.4000000 0.1000000 0.2500000
v 0.4076100 0.1000000 0.2882700
v 0.4000000 -0.0000000 0.2500000
v 0.4076100 -0.0000000 0.2117300
v 0.4076100 0.1000000 0.2117300
v 0.4000000 0.1000000 0.2500000
v 0.4076100 -0.0000000 0.2117300
v 0.4292900 -0.0000000 0.1792900
v 0.4292900 0.1000000 0.1792900
v 0.4076100 0.1000000 0.2117300
v 0.4292900 -0.0000000 0.1792900
v 0.4617300 -0.0000000 0.1576100
v 0.4617300 0.1000000 0.1576100
v 0.4292900 0.1000000 0.1792900
v 0.4617300 -0.0000000 0.1576100
v 0.5000000 -0.0000000 0.1500000
v 0.5000000 0.1000000 0.1500000
v 0.4617300 0.1000000 0.1576100
v 0.5000000 -0.0000000 0.1500000
v 0.5382700 -0.0000000 0.1576100
v 0.5382700 0.1000000 0.1576100
v 0.5000000 0.1000000 0.1500000
v 0.5382700 -0.0000000 0.1576100
v 0.5707100 -0.0000000 0.1792900
v 0.5707100 0.1000000 0.1792900
v 0.5382700 0.1000000 0.1576100
v 0.5707100 -0.0000000 0.1792900
v 0.5923900 -0.0000000 0.2117300
v 0.5923900 0.1000000 0.2117300
v 0.5707100 0.1000000 0.1792900
v 0.5923900 -0.0000000 0.2117300
v 0.6000000 -0.0000000 0.2500000
v 0.6000000 0.1000000 0.2500000
v 0.5923900 0.1000000 0.2117300
v 0.6500000 0.1000000 0.2500000
v 0.6385850 0.1000000 0.3074050
v 0.6385850 -0.0000000 0.3074050
v 0.6500000 -0.0000000 0.2500000
v 0.6385850 0.1000000 0.3074050
v 0.6060650 0.1000000 0.3560650
v 0.6060650 -0.0000000 0.3560650
v 0.6385850 -0.0000000 0.3074050
v 0.6060650 0.1000000 0.3560650
v 0.5574050 0.1000000 0.3885850
v 0.5574050 -0.0000000 0.3885850
v 0.6060650 -0.0000000 0.3560650
v 0.5574050 0.1000000 0.3885850
v 0.5000000 0.1000000 0.4000000
v 0.5000000 -0.0000000 0.4000000
v 0.5574050 -0.0000000 0.3885850
v 0.5000000 0.1000000 0.4000000
v 0.4425950 0.1000000 0.3885850
v 0.4425950 -0.0000000 0.3885850
v 0.5000000 -0.0000000 0.4000000
v 0.4425950 0.1000000 0.3885850
v 0.3939350 0.1000000 0.3560650
v 0.3939350 -0.0000000 0.3560650
v 0.4425950 -0.0000000 0.3885850
v 0.3939350 0.1000000 0.3560650
v 0.3614150 0.1000000 0.3074050
v 0.3614150 -0.0000000 0.3074050
v 0.3939350 -0.0000000 0.3560650
v 0.3614150 0.1000000 0.3074050
v 0.3500000 0.1000000 0.2500000
v 0.3500000 -0.0000000 0.2500000
v 0.3614150 -0.0000000 0.3074050
v 0.3500000 0.1000000 0.2500000
v 0.3614150 0.1000000 0.1925950
v 0.3614150 -0.0000000 0.1925950
v 0.3500000 -0.0000000 0.2500000
v 0.3614150 0.1000000 0.1925950
v 0.3939350 0.1000000 0.1439350
v 0.3939350 -0.0000000 0.1439350
v 0.3614150 -0.0000000 0.1925950
v 0.3939350 0.1000000 0.1439350
v 0.4425950 0.1000000 0.1114150
v 0.4425950 -0.0000000 0.1114150
v 0.3939350 -0.0000000 0.1439350
v 0.4425950 0.1000000 0.1114150
v 0.5000000 0.1000000 0.1000000
v 0.5000000 -0.0000000 0.1000000
v 0.4425950 -0.0000000 0.1114150
v 0.5000000 0.1000000 0.1000000
v 0.5574050 0.1000000 0.1114150
v 0.5574050 -0.0000000 0.1114150
v 0.5000000 -0.0000000 0.1000000
v 0.5574050 0.1000000 0.1114150
v 0.6060650 0.1000000 0.1439350
v 0.6060650 -0.0000000 0.1439350
v 0.5574050 -0.0000000 0.1114150
v 0.6060650 0.1000000 0.1439350
v 0.6385850 0.1000000 0.1925950
v 0.6385850 -0.0000000 0.1925950
v 0.6060650 -0.0000000 0.1439350
v 0.6385850 0.1000000 0.1925950
v 0.6500000 0.1000000 0.2500000
v 0.6500000 -0.0000000 0.2500000
v 0.6385850 -0.0000000 0.1925950
v 0.5000000 0.1000000 0.4000000
v 0.5000000 0.1000000 0.3500000
v 0.4617300 0.1000000 0.3423900
v 0.4425950 0.1000000 0.3885850
v 0.4425950 0.1000000 0.3885850
v 0.4617300 0.1000000 0.3423900
v 0.4292900 0.1000000 0.3207100
v 0.3939350 0.1000000 0.3560650
v 0.3939350 0.1000000 0.3560650
v 0.4292900 0.1000000 0.3207100
v 0.4076100 0.1000000 0.2882700
v 0.3614150 0.1000000 0.3074050
v 0.3614150 0.1000000 0.3074050
v 0.4076100 0.1000000 0.2882700
v 0.4000000 0.1000000 0.2500000
v 0.3500000 0.1000000 0.2500000
v 0.3500000 0.1000000 0.2500000
v 0.4000000 0.1000000 0.2500000
v 0.4076100 0.1000000 0.2117300
v 0.3614150 0.1000000 0.1925950
v 0.3614150 0.1000000 0.1925950
v 0.4076100 0.1000000 0.2117300
v 0.4292900 0.1000000 0.1792900
v 0.3939350 0.1000000 0.1439350
v 0.3939350 0.1000000 0.1439350
v 0.4292900 0.1000000 0.1792900
v 0.4617300 0.1000000 0.1576100
v 0.4425950 0.1000000 0.1114150
v 0.4425950 0.1000000 0.1114150
v 0.4617300 0.1000000 0.1576100
v 0.5000000 0.1000000 0.1500000
v 0.5000000 0.1000000 0.1000000
v 0.5000000 0.1000000 0.1000000
v 0.5000000 0.1000000 0.1500000
v 0.5382700 0.1000000 0.1576100
v 0.5574050 0.1000000 0.1114150
v 0.5574050 0.1000000 0.1114150
v 0.5382700 0.1000000 0.1576100
v 0.5707100 0.1000000 0.1792900
v 0.6060650 0.1000000 0.1439350
v 0.6060650 0.1000000 0.1439350
v 0.5707100 0.1000000 0.1792900
v 0.5923900 0.1000000 0.2117300
v 0.6385850 0.1000000 0.1925950
v 0.6385850 0.1000000 0.1925950
v 0.5923900 0.1000000 0.2117300
v 0.6000000 0.1000000 0.2500000
v 0.6500000 0.1000000 0.2500000
v 0.6500000 0.1000000 0.2500000
v 0.6000000 0.1000000 0.2500000
v 0.5923900 0.1000000 0.2882700
v 0.6385850 0.1000000 0.3074050
v 0.6385850 0.1000000 0.3074050
v 0.5923900 0.1000000 0.2882700
v 0.5707100 0.1000000 0.3207100
v 0.6060650 0.1000000 0.3560650
v 0.6060650 0.1000000 0.3560650
v 0.5707100 0.1000000 0.3207100
v 0.5382700 0.1000000 0.3423900
v 0.5574050 0.1000000 0.3885850
v 0.5574050 0.1000000 0.3885850
v 0.5382700 0.1000000 0.3423900
v 0.5000000 0.1000000 0.3500000
v 0.5000000 0.1000000 0.4000000
v -0.1000000 -3.0000000 0.0000000
v -0.1114150 -3.0000000 0.0574050
v -0.1114150 -2.8750000 0.0574050
v -0.1000000 -2.8750000 0.0000000
v -0.1114150 -3.0000000 0.0574050
v -0.1439350 -3.0000000 0.1060650
v -0.1439350 -2.8750000 0.1060650
v -0.1114150 -2.8750000 0.0574050
v -0.1439350 -3.0000000 0.1060650
v -0.1925950 -3.0000000 0.1385850
v -0.1925950 -2.8750000 0.1385850
v -0.1439350 -2.8750000 0.1060650
v -0.1925950 -3.0000000 0.1385850
v -0.2500000 -3.0000000 0.1500000
v -0.2500000 -2.8750000 0.1500000
v -0.1925950 -2.8750000 0.1385850
v -0.2500000 -3.0000000 0.1500000
v -0.3074050 -3.0000000 0.1385850
v -0.3074050 -2.8750000 0.1385850
v -0.2500000 -2.8750000 0.1500000
v -0.3074050 -3.0000000 0.1385850
v -0.3560650 -3.0000000 0.1060650
v -0.3560650 -2.8750000 0.1060650
v -0.3074050 -2.8750000 0.1385850
v -0.3560650 -3.0000000 0.1060650
v -0.3885850 -3.0000000 0.0574050
v -0.3885850 -2.8750000 0.0574050
v -0.3560650 -2.8750000 0.1060650
v -0.3885850 -3.0000000 0.0574050
v -0.4000000 -3.0000000 0.0000000
v -0.4000000 -2.8750000 0.0000000
v -0.3885850 -2.8750000 0.0574050
v -0.4000000 -3.0000000 0.0000000
v -0.3885850 -3.0000000 -0.0574050
v -0.3885850 -2.8750000 -0.0574050
v -0.4000000 -2.8750000 0.0000000
v -0.3885850 -3.0000000 -0.0574050
v -0.3560650 -3.0000000 -0.1060650
v -0.3560650 -2.8750000 -0.1060650
v -0.3885850 -2.8750000 -0.0574050
v -0.3560650 -3.0000000 -0.1060650
v -0.3074050 -3.0000000 -0.1385850
v -0.3074050 -2.8750000 -0.1385850
v -0.3560650 -2.8750000 -0.1060650
v -0.3074050 -3.0000000 -0.1385850
v -0.2500000 -3.0000000 -0.1500000
v -0.2500000 -2.8750000 -0.1500000
v -0.3074050 -2.8750000 -0.1385850
v -0.2500000 -3.0000000 -0.1500000
v -0.1925950 -3.0000000 -0.1385850
v -0.1925950 -2.8750000 -0.1385850
v -0.2500000 -2.8750000 -0.1500000
v -0.1925950 -3.0000000 -0.1385850
v -0.1439350 -3.0000000 -0.1060650
v -0.1439350 -2.8750000 -0.1060650
v -0.1925950 -2.8750000 -0.1385850
v -0.1439350 -3.0000000 -0.1060650
v -0.1114150 -3.0000000 -0.0574050
v -0.1114150 -2.8750000 -0.0574050
v -0.1439350 -2.8750000 -0.1060650
v -0.1114150 -3.0000000 -0.0574050
v -0.1000000 -3.0000000 0.0000000
v -0.1000000 -2.8750000 0.0000000
v -0.1114150 -2.8750000 -0.0574050
v -0.0500000 -2.8750000 0.0000000
v -0.0652200 -2.8750000 0.0765400
v -0.0652200 -3.0000000 0.0765400
v -0.0500000 -3.0000000 0.0000000
v -0.0652200 -2.8750000 0.0765400
v -0.1085800 -2.8750000 0.1414200
v -0.1085800 -3.0000000 0.1414200
v -0.0652200 -3.0000000 0.0765400
v -0.1085800 -2.8750000 0.1414200
v -0.1734600 -2.8750000 0.1847800
v -0.1734600 -3.0000000 0.1847800
v -0.1085800 -3.0000000 0.1414200
v -0.1734600 -2.8750000 0.1847800
v -0.2500000 -2.8750000 0.2000000
v -0.2500000 -3.0000000 0.2000000
v -0.1734600 -3.0000000 0.1847800
v -0.2500000 -2.8750000 0.2000000
v -0.3265400 -2.8750000 0.1847800
v -0.3265400 -3.0000000 0.1847800
v -0.2500000 -3.0000000 0.2000000
v -0.3265400 -2.8750000 0.1847800
v -0.3914200 -2.8750000 0.1414200
v -0.3914200 -3.0000000 0.1414200
v -0.3265400 -3.0000000 0.1847800
v -0.3914200 -2.8750000 0.1414200
v -0.4347800 -2.8750000 0.0765400
v -0.4347800 -3.0000000 0.0765400
v -0.3914200 -3.0000000 0.1414200
v -0.4347800 -2.8750000 0.0765400
v -0.4500000 -2.8750000 0.0000000
v -0.4500000 -3.0000000 0.0000000
v -0.4347800 -3.0000000 0.0765400
v -0.4500000 -2.8750000 0.0000000
v -0.4347800 -2.8750000 -0.0765400
v -0.4347800 -3.0000000 -0.0765400
v -0.4500000 -3.0000000 0.0000000
v -0.4347800 -2.8750000 -0.0765400
v -0.3914200 -2.8750000 -0.1414200
v -0.3914200 -3.0000000 -0.1414200
v -0.4347800 -3.0000000 -0.0765400
v -0.3914200 -2.8750000 -0.1414200
v -0.3265400 -2.8750000 -0.1847800
v -0.3265400 -3.0000000 -0.1847800
v -0.3914200 -3.0000000 -0.1414200
v -0.3265400 -2.8750000 -0.1847800
v -0.2500000 -2.8750000 -0.2000000
v -0.2500000 -3.0000000 -0.2000000
v -0.3265400 -3.0000000 -0.1847800
v -0.2500000 -2.8750000 -0.2000000
v -0.1734600 -2.8750000 -0.1847800
v -0.1734600 -3.0000000 -0.1847800
v -0.2500000 -3.0000000 -0.2000000
v -0.1734600 -2.8750000 -0.1847800
v -0.1085800 -2.8750000 -0.1414200
v -0.1085800 -3.0000000 -0.1414200
v -0.1734600 -3.0000000 -0.1847800
v -0.1085800 -2.8750000 -0.1414200
v -0.0652200 -2.8750000 -0.0765400
v -0.0652200 -3.0000000 -0.0765400
v -0.1085800 -3.0000000 -0.1414200
v -0.0652200 -2.8750000 -0.0765400
v -0.0500000 -2.8750000 0.0000000
v -0.0500000 -3.0000000 0.0000000
v -0.0652200 -3.0000000 -0.0765400
v -0.3265400 -3.0000000 0.1847800
v -0.3074050 -3.0000000 0.1385850
v -0.2500000 -3.0000000 0.1500000
v -0.2500000 -3.0000000 0.2000000
v -0.3914200 -3.0000000 0.1414200
v -0.3560650 -3.0000000 0.1060650
v -0.3074050 -3.0000000 0.1385850
v -0.3265400 -3.0000000 0.1847800
v -0.4347800 -3.0000000 0.0765400
v -0.3885850 -3.0000000 0.0574050
v -0.3560650 -3.0000000 0.1060650
v -0.3914200 -3.0000000 0.1414200
v -0.4500000 -3.0000000 0.0000000
v -0.4000000 -3.0000000 0.0000000
v -0.3885850 -3.0000000 0.0574050
v -0.4347800 -3.0000000 0.0765400
v -0.4347800 -3.0000000 -0.0765400
v -0.3885850 -3.0000000 -0.0574050
v -0.4000000 -3.0000000 0.0000000
v -0.4500000 -3.0000000 0.0000000
v -0.3914200 -3.0000000 -0.1414200
v -0.3560650 -3.0000000 -0.1060650
v -0.3885850 -3.0000000 -0.0574050
v -0.4347800 -3.0000000 -0.0765400
v -0.3265400 -3.0000000 -0.1847800
v -0.3074050 -3.0000000 -0.1385850
v -0.3560650 -3.0000000 -0.1060650
v -0.3914200 -3.0000000 -0.1414200
v -0.2500000 -3.0000000 -0.2000000
v -0.2500000 -3.0000000 -0.1500000
v -0.3074050 -3.0000000 -0.1385850
v -0.3265400 -3.0000000 -0.1847800
v -0.1734600 -3.0000000 -0.1847800
v -0.1925950 -3.0000000 -0.1385850
v -0.2500000 -3.0000000 -0.1500000
v -0.2500000 -3.0000000 -0.2000000
v -0.1085800 -3.0000000 -0.1414200
v -0.1439350 -3.0000000 -0.1060650
v -0.1925950 -3.0000000 -0.1385850
v -0.1734600 -3.0000000 -0.1847800
v -0.0652200 -3.0000000 -0.0765400
v -0.1114150 -3.0000000 -0.0574050
v -0.1439350 -3.0000000 -0.1060650
v -0.1085800 -3.0000000 -0.1414200
v -0.0500000 -3.0000000 0.0000000
v -0.1000000 -3.0000000 0.0000000
v -0.1114150 -3.0000000 -0.0574050
v -0.0652200 -3.0000000 -0.0765400
v -0.0652200 -3.0000000 0.0765400
v -0.1114150 -3.0000000 0.0574050
v -0.1000000 -3.0000000 0.0000000
v -0.0500000 -3.0000000 0.0000000
v -0.1085800 -3.0000000 0.1414200
v -0.1439350 -3.0000000 0.1060650
v -0.1114150 -3.0000000 0.0574050
v -0.0652200 -3.0000000 0.0765400
v -0.1734600 -3.0000000 0.1847800
v -0.1925950 -3.0000000 0.1385850
v -0.1439350 -3.0000000 0.1060650
v -0.1085800 -3.0000000 0.1414200
v -0.2500000 -3.0000000 0.2000000
v -0.2500000 -3.0000000 0.1500000
v -0.1925950 -3.0000000 0.1385850
v -0.1734600 -3.0000000 0.1847800
v 0.4000000 -3.0000000 0.0000000
v 0.3885850 -3.0000000 0.0574050
v 0.3885850 -2.8750000 0.0574050
v 0.4000000 -2.8750000 0.0000000
v 0.3885850 -3.0000000 0.0574050
v 0.3560650 -3.0000000 0.1060650
v 0.3560650 -2.8750000 0.1060650
v 0.3885850 -2.8750000 0.0574050
v 0.3560650 -3.0000000 0.1060650
v 0.3074050 -3.0000000 0.1385850
v 0.3074050 -2.8750000 0.1385850
v 0.3560650 -2.8750000 0.1060650
v 0.3074050 -3.0000000 0.1385850
v 0.2500000 -3.0000000 0.1500000
v 0.2500000 -2.8750000 0.1500000
v 0.3074050 -2.8750000 0.1385850
v 0.2500000 -3.0000000 0.1500000
v 0.1925950 -3.0000000 0.1385850
v 0.1925950 -2.8750000 0.1385850
v 0.2500000 -2.8750000 0.1500000
v 0.1925950 -3.0000000 0.1385850
v 0.1439350 -3.0000000 0.1060650
v 0.1439350 -2.8750000 0.1060650
v 0.1925950 -2.8750000 0.1385850
v 0.1439350 -3.0000000 0.1060650
v 0.1114150 -3.0000000 0.0574050
v 0.1114150 -2.8750000 0.0574050
v 0.1439350 -2.8750000 0.1060650
v 0.1114150 -3.0000000 0.0574050
v 0.1000000 -3.0000000 0.0000000
v 0.1000000 -2.8750000 0.0000000
v 0.1114150 -2.8750000 0.0574050
v 0.1000000 -3.0000000 0.0000000
v 0.1114150 -3.0000000 -0.0574050
v 0.1114150 -2.8750000 -0.0574050
v 0.1000000 -2.8750000 0.0000000
v 0.1114150 -3.0000000 -0.0574050
v 0.1439350 -3.0000000 -0.1060650
v 0.1439350 -2.8750000 -0.1060650
v 0.1114150 -2.8750000 -0.0574050
v 0.1439350 -3.0000000 -0.1060650
v 0.1925950 -3.0000000 -0.1385850
v 0.1925950 -2.8750000 -0.1385850
v 0.1439350 -2.8750000 -0.1060650
v 0.1925950 -3.0000000 -0.1385850
v 0.2500000 -3.0000000 -0.1500000
v 0.2500000 -2.8750000 -0.1500000
v 0.1925950 -2.8750000 -0.1385850
v 0.2500000 -3.0000000 -0.1500000
v 0.3074050 -3.0000000 -0.1385850
v 0.3074050 -2.8750000 -0.1385850
v 0.2500000 -2.8750000 -0.1500000
v 0.3074050 -3.0000000 -0.1385850
v 0.3560650 -3.0000000 -0.1060650
v 0.3560650 -2.8750000 -0.1060650
v 0.3074050 -2.8750000 -0.1385850
v 0.3560650 -3.0000000 -0.1060650
v 0.3885850 -3.0000000 -0.0574050
v 0.3885850 -2.8750000 -0.0574050
v 0.3560650 -2.8750000 -0.1060650
v 0.3885850 -3.0000000 -0.0574050
v 0.4000000 -3.0000000 0.0000000
v 0.4000000 -2.8750000 0.0000000
v 0.3885850 -2.8750000 -0.0574050
v 0.4500000 -2.8750000 0.0000000
v 0.4347800 -2.8750000 0.0765400
v 0.4347800 -3.0000000 0.0765400
v 0.4500000 -3.0000000 0.0000000
v 0.4347800 -2.8750000 0.0765400
v 0.3914200 -2.8750000 0.1414200
v 0.3914200 -3.0000000 0.1414200
v 0.4347800 -3.0000000 0.0765400
v 0.3914200 -2.8750000 0.1414200
v 0.3265400 -2.8750000 0.1847800
v 0.3265400 -3.0000000 0.1847800
v 0.3914200 -3.0000000 0.1414200
v 0.3265400 -2.8750000 0.1847800
v 0.2500000 -2.8750000 0.2000000
v 0.2500000 -3.0000000 0.2000000
v 0.3265400 -3.0000000 0.1847800
v 0.2500000 -2.8750000 0.2000000
v 0.1734600 -2.8750000 0.1847800
v 0.1734600 -3.0000000 0.1847800
v 0.2500000 -3.0000000 0.2000000
v 0.1734600 -2.8750000 0.1847800
v 0.1085800 -2.8750000 0.1414200
v 0.1085800 -3.0000000 0.1414200
v 0.1734600 -3.0000000 0.1847800
v 0.1085800 -2.8750000 0.1414200
v 0.0652200 -2.8750000 0.0765400
v 0.0652200 -3.0000000 0.0765400
v 0.1085800 -3.0000000 0.1414200
v 0.0652200 -2.8750000 0.0765400
v 0.0500000 -2.8750000 0.0000000
v 0.0500000 -3.0000000 0.0000000
v 0.0652200 -3.0000000 0.0765400
v 0.0500000 -2.8750000 0.0000000
v 0.0652200 -2.8750000 -0.0765400
v 0.0652200 -3.0000000 -0.0765400
v 0.0500000 -3.0000000 0.0000000
v 0.0652200 -2.8750000 -0.0765400
v 0.1085800 -2.8750000 -0.1414200
v 0.1085800 -3.0000000 -0.1414200
v 0.0652200 -3.0000000 -0.0765400
v 0.1085800 -2.8750000 -0.1414200
v 0.1734600 -2.8750000 -0.1847800
v 0.1734600 -3.0000000 -0.1847800
v 0.1085800 -3.0000000 -0.1414200
v 0.1734600 -2.8750000 -0.1847800
v 0.2500000 -2.8750000 -0.2000000
v 0.2500000 -3.0000000 -0.2000000
v 0.1734600 -3.0000000 -0.1847800
v 0.2500000 -2.8750000 -0.2000000
v 0.3265400 -2.8750000 -0.1847800
v 0.3265400 -3.0000000 -0.1847800
v 0.2500000 -3.0000000 -0.2000000
v 0.3265400 -2.8750000 -0.1847800
v 0.3914200 -2.8750000 -0.1414200
v 0.3914200 -3.0000000 -0.1414200
v 0.3265400 -3.0000000 -0.1847800
v 0.3914200 -2.8750000 -0.1414200
v 0.4347800 -2.8750000 -0.0765400
v 0.4347800 -3.0000000 -0.0765400
v 0.3914200 -3.0000000 -0.1414200
v 0.4347800 -2.8750000 -0.0765400
v 0.4500000 -2.8750000 0.0000000
v 0.4500000 -3.0000000 0.0000000
v 0.4347800 -3.0000000 -0.0765400
v 0.1734600 -3.0000000 0.1847800
v 0.1925950 -3.0000000 0.1385850
v 0.2500000 -3.0000000 0.1500000
v 0.2500000 -3.0000000 0.2000000
v 0.1085800 -3.0000000 0.1414200
v 0.1439350 -3.0000000 0.1060650
v 0.1925950 -3.0000000 0.1385850
v 0.1734600 -3.0000000 0.1847800
v 0.0652200 -3.0000000 0.0765400
v 0.1114150 -3.0000000 0.0574050
v 0.1439350 -3.0000000 0.1060650
v 0.1085800 -3.0000000 0.1414200
v 0.0500000 -3.0000000 0.0000000
v 0.1000000 -3.0000000 0.0000000
v 0.1114150 -3.0000000 0.0574050
v 0.0652200 -3.0000000 0.0765400
v 0.0652200 -3.0000000 -0.0765400
v 0.1114150 -3.0000000 -0.0574050
v 0.1000000 -3.0000000 0.0000000
v 0.0500000 -3.0000000 0.0000000
v 0.1085800 -3.0000000 -0.1414200
v 0.1439350 -3.0000000 -0.1060650
v 0.1114150 -3.0000000 -0.0574050
v 0.0652200 -3.0000000 -0.0765400
v 0.1734600 -3.0000000 -0.1847800
v 0.1925950 -3.0000000 -0.1385850
v 0.1439350 -3.0000000 -0.1060650
v 0.1085800 -3.0000000 -0.1414200
v 0.2500000 -3.0000000 -0.2000000
v 0.2500000 -3.0000000 -0.1500000
v 0.1925950 -3.0000000 -0.1385850
v 0.1734600 -3.0000000 -0.1847800
v 0.3265400 -3.0000000 -0.1847800
v 0.3074050 -3.0000000 -0.1385850
v 0.2500000 -3.0000000 -0.1500000
v 0.2500000 -3.0000000 -0.2000000
v 0.3914200 -3.0000000 -0.1414200
v 0.3560650 -3.0000000 -0.1060650
v 0.3074050 -3.0000000 -0.1385850
v 0.3265400 -3.0000000 -0.1847800
v 0.4347800 -3.0000000 -0.0765400
v 0.3885850 -3.0000000 -0.0574050
v 0.3560650 -3.0000000 -0.1060650
v 0.3914200 -3.0000000 -0.1414200
v 0.4500000 -3.0000000 0.0000000
v 0.4000000 -3.0000000 0.0000000
v 0.3885850 -3.0000000 -0.0574050
v 0.4347800 -3.0000000 -0.0765400
v 0.4347800 -3.0000000 0.0765400
v 0.3885850 -3.0000000 0.0574050
v 0.4000000 -3.0000000 0.0000000
v 0.4500000 -3.0000000 0.0000000
v 0.3914200 -3.0000000 0.1414200
v 0.3560650 -3.0000000 0.1060650
v 0.3885850 -3.0000000 0.0574050
v 0.4347800 -3.0000000 0.0765400
v 0.3265400 -3.0000000 0.1847800
v 0.3074050 -3.0000000 0.1385850
v 0.3560650 -3.0000000 0.1060650
v 0.3914200 -3.0000000 0.1414200
v 0.2500000 -3.0000000 0.2000000
v 0.2500000 -3.0000000 0.1500000
v 0.3074050 -3.0000000 0.1385850
v 0.3265400 -3.0000000 0.1847800
v 0.1000000 -0.0000000 -0.2500000
v 0.0923900 -0.0000000 -0.2117300
v 0.0923900 0.1000000 -0.2117300
v 0.1000000 0.1000000 -0.2500000
v 0.0923900 -0.0000000 -0.2117300
v 0.0707100 -0.0000000 -0.1792900
v 0.0707100 0.1000000 -0.1792900
v 0.0923900 0.1000000 -0.2117300
v 0.0707100 -0.0000000 -0.1792900
v 0.0382700 -0.0000000 -0.1576100
v 0.0382700 0.1000000 -0.1576100
v 0.0707100 0.1000000 -0.1792900
v 0.0382700 -0.0000000 -0.1576100
v 0.0000000 -0.0000000 -0.1500000
v 0.0000000 0.1000000 -0.1500000
v 0.0382700 0.1000000 -0.1576100
v 0.0000000 -0.0000000 -0.1500000
v -0.0382700 -0.0000000 -0.1576100
v -0.0382700 0.1000000 -0.1576100
v 0.0000000 0.1000000 -0.1500000
v -0.0382700 -0.0000000 -0.1576100
v -0.0707100 -0.0000000 -0.1792900
v -0.0707100 0.1000000 -0.1792900
v -0.0382700 0.1000000 -0.1576100
v -0.0707100 -0.0000000 -0.1792900
v -0.0923900 -0.0000000 -0.2117300
v -0.0923900 0.1000000 -0.2117300
v -0.0707100 0.1000000 -0.1792900
v -0.0923900 -0.0000000 -0.2117300
v -0.1000000 -0.0000000 -0.2500000
v -0.1000000 0.1000000 -0.2500000
v -0.0923900 0.1000000 -0.2117300
v -0.1000000 -0.0000000 -0.2500000
v -0.0923900 -0.0000000 -0.2882700
v -0.0923900 0.1000000 -0.2882700
v -0.1000000 0.1000000 -0.2500000
v -0.0923900 -0.0000000 -0.2882700
v -0.0707100 -0.0000000 -0.3207100
v -0.0707100 0.1000000 -0.3207100
v -0.0923900 0.1000000 -0.2882700
v -0.0707100 -0.0000000 -0.3207100
v -0.0382700 -0.0000000 -0.3423900
v -0.0382700 0.1000000 -0.3423900
v -0.0707100 0.1000000 -0.3207100
v -0.0382700 -0.0000000 -0.3423900
v 0.0000000 -0.0000000 -0.3500000
v 0.0000000 0.1000000 -0.3500000
v -0.0382700 0.1000000 -0.3423900
v 0.0000000 -0.0000000 -0.3500000
v 0.0382700 -0.0000000 -0.3423900
v 0.0382700 0.1000000 -0.3423900
v 0.0000000 0.1000000 -0.3500000
v 0.0382700 -0.0000000 -0.3423900
v 0.0707100 -0.0000000 -0.3207100
v 0.0707100 0.1000000 -0.3207100
v 0.0382700 0.1000000 -0.3423900
v 0.0707100 -0.0000000 -0.3207100
v 0.0923900 -0.0000000 -0.2882700
v 0.0923900 0.1000000 -0.2882700
v 0.0707100 0.1000000 -0.3207100
v 0.0923900 -0.0000000 -0.2882700
v 0.1000000 -0.0000000 -0.2500000
v 0.1000000 0.1000000 -0.2500000
v 0.0923900 0.1000000 -0.2882700
v 0.1500000 0.1000000 -0.2500000
v 0.1385850 0.1000000 -0.1925950
v 0.1385850 -0.0000000 -0.1925950
v 0.1500000 -0.0000000 -0.2500000
v 0.1385850 0.1000000 -0.1925950
v 0.1060650 0.1000000 -0.1439350
v 0.1060650 -0.0000000 -0.1439350
v 0.1385850 -0.0000000 -0.1925950
v 0.1060650 0.1000000 -0.1439350
v 0.0574050 0.1000000 -0.1114150
v 0.0574050 -0.0000000 -0.1114150
v 0.1060650 -0.0000000 -0.1439350
v 0.0574050 0.1000000 -0.1114150
v 0.0000000 0.1000000 -0.1000000
v 0.0000000 -0.0000000 -0.1000000
v 0.0574050 -0.0000000 -0.1114150
v 0.0000000 0.1000000 -0.1000000
v -0.0574050 0.1000000 -0.1114150
v -0.0574050 -0.0000000 -0.1114150
v 0.0000000 -0.0000000 -0.1000000
v -0.0574050 0.1000000 -0.1114150
v -0.1060650 0.1000000 -0.1439350
v -0.1060650 -0.0000000 -0.1439350
v -0.0574050 -0.0000000 -0.1114150
v -0.1060650 0.1000000 -0.1439350
v -0.1385850 0.1000000 -0.1925950
v -0.1385850 -0.0000000 -0.1925950
v -0.1060650 -0.0000000 -0.1439350
v -0.1385850 0.1000000 -0.1925950
v -0.1500000 0.1000000 -0.2500000
v -0.1500000 -0.0000000 -0.2500000
v -0.1385850 -0.0000000 -0.1925950
v -0.1500000 0.1000000 -0.2500000
v -0.1385850 0.1000000 -0.3074050
v -0.1385850 -0.0000000 -0.3074050
v -0.1500000 -0.0000000 -0.2500000
v -0.1385850 0.1000000 -0.3074050
v -0.1060650 0.1000000 -0.3560650
v -0.1060650 -0.0000000 -0.3560650
v -0.1385850 -0.0000000 -0.3074050
v -0.1060650 0.1000000 -0.3560650
v -0.0574050 0.1000000 -0.3885850
v -0.0574050 -0.0000000 -0.3885850
v -0.1060650 -0.0000000 -0.3560650
v -0.0574050 0.1000000 -0.3885850
v 0.0000000 0.1000000 -0.4000000
v 0.0000000 -0.0000000 -0.4000000
v -0.0574050 -0.0000000 -0.3885850
v 0.0000000 0.1000000 -0.4000000
v 0.0574050 0.1000000 -0.3885850
v 0.0574050 -0.0000000 -0.3885850
v 0.0000000 -0.0000000 -0.4000000
v 0.0574050 0.1000000 -0.3885850
v 0.1060650 0.1000000 -0.3560650
v 0.1060650 -0.0000000 -0.3560650
v 0.0574050 -0.0000000 -0.3885850
v 0.1060650 0.1000000 -0.3560650
v 0.1385850 0.1000000 -0.3074050
v 0.1385850 -0.0000000 -0.3074050
v 0.1060650 -0.0000000 -0.3560650
v 0.1385850 0.1000000 -0.3074050
v 0.1500000 0.1000000 -0.2500000
v 0.1500000 -0.0000000 -0.2500000
v 0.1385850 -0.0000000 -0.3074050
v 0.0000000 0.1000000 -0.1000000
v 0.0000000 0.1000000 -0.1500000
v -0.0382700 0.1000000 -0.1576100
v -0.0574050 0.1000000 -0.1114150
v -0.0574050 0.1000000 -0.1114150
v -0.0382700 0.1000000 -0.1576100
v -0.0707100 0.1000000 -0.1792900
v -0.1060650 0.1000000 -0.1439350
v -0.1060650 0.1000000 -0.1439350
v -0.0707100 0.1000000 -0.1792900
v -0.0923900 0.1000000 -0.2117300
v -0.1385850 0.1000000 -0.1925950
v -0.1385850 0.1000000 -0.1925950
v -0.0923900 0.1000000 -0.2117300
v -0.1000000 0.1000000 -0.2500000
v -0.1500000 0.1000000 -0.2500000
v -0.1500000 0.1000000 -0.2500000
v -0.1000000 0.1000000 -0.2500000
v -0.0923900 0.1000000 -0.2882700
v -0.1385850 0.1000000 -0.3074050
v -0.1385850 0.1000000 -0.3074050
v -0.0923900 0.1000000 -0.2882700
v -0.0707100 0.1000000 -0.3207100
v -0.1060650 0.1000000 -0.3560650
v -0.1060650 0.1000000 -0.3560650
v -0.0707100 0.1000000 -0.3207100
v -0.0382700 0.1000000 -0.3423900
v -0.0574050 0.1000000 -0.3885850
v -0.0574050 0.1000000 -0.3885850
v -0.0382700 0.1000000 -0.3423900
v 0.0000000 0.1000000 -0.3500000
v 0.0000000 0.1000000 -0.4000000
v 0.0000000 0.1000000 -0.4000000
v 0.0000000 0.1000000 -0.3500000
v 0.0382700 0.1000000 -0.3423900
v 0.0574050 0.1000000 -0.3885850
v 0.0574050 0.1000000 -0.3885850
v 0.0382700 0.1000000 -0.3423900
v 0.0707100 0.1000000 -0.3207100
v 0.1060650 0.1000000 -0.3560650
v 0.1060650 0.1000000 -0.3560650
v 0.0707100 0.1000000 -0.3207100
v 0.0923900 0.1000000 -0.2882700
v 0.1385850 0.1000000 -0.3074050
v 0.1385850 0.1000000 -0.3074050
v 0.0923900 0.1000000 -0.2882700
v 0.1000000 0.1000000 -0.2500000
v 0.1500000 0.1000000 -0.2500000
v 0.1500000 0.1000000 -0.2500000
v 0.1000000 0.1000000 -0.2500000
v 0.0923900 0.1000000 -0.2117300
v 0.1385850 0.1000000 -0.1925950
v 0.1385850 0.1000000 -0.1925950
v 0.0923900 0.1000000 -0.2117300
v 0.0707100 0.1000000 -0.1792900
v 0.1060650 0.1000000 -0.1439350
v 0.1060650 0.1000000 -0.1439350
v 0.0707100 0.1000000 -0.1792900
v 0.0382700 0.1000000 -0.1576100
v 0.0574050 0.1000000 -0.1114150
v 0.0574050 0.1000000 -0.1114150
v 0.0382700 0.1000000 -0.1576100
v 0.0000000 0.1000000 -0.1500000
v 0.0000000 0.1000000 -0.1000000
v 0.7500000 -0.0000000 -0.5000000
v 0.6125000 -0.0000000 -0.3750000
v 0.6125000 -0.0000000 -0.3125000
v 0.6500000 -0.0000000 -0.2500000
v 0.5000000 -0.0000000 -0.1000000
v 0.7500000 -0.0000000 0.0000000
v 0.7500000 -0.0000000 -0.5000000
v 0.6500000 -0.0000000 -0.2500000
v 0.7500000 -0.0000000 0.0000000
v 0.7500000 -0.0000000 -0.5000000
v 0.6125000 -0.0000000 -0.4375000
v 0.6125000 -0.0000000 -0.3750000
v 0.5000000 -0.0000000 -0.1000000
v 0.3500000 -0.0000000 -0.1000000
v 0.7500000 -0.0000000 0.0000000
v 0.6125000 -0.0000000 -0.4375000
v 0.7500000 -0.0000000 -0.5000000
v 0.5500000 -0.0000000 -0.4375000
v 0.5500000 -0.0000000 -0.4375000
v 0.7500000 -0.0000000 -0.5000000
v 0.4875000 -0.0000000 -0.4375000
v 0.6125000 -0.0000000 -0.3125000
v 0.6500000 -0.0000000 -0.2500000
v 0.7500000 -0.0000000 -0.5000000
v 0.3939350 -0.0000000 -0.3560650
v 0.4922563 -0.0000000 -0.3989187
v 0.4875000 -0.0000000 -0.4375000
v 0.3500000 -0.0000000 -0.4000000
v 0.3939350 -0.0000000 -0.3560650
v 0.3500000 -0.0000000 -0.4000000
v 0.3500000 -0.0000000 -0.2500000
v 0.3939350 -0.0000000 -0.1439350
v 0.3500000 -0.0000000 -0.2500000
v 0.3500000 -0.0000000 -0.1000000
v 0.3939350 -0.0000000 -0.1439350
v 0.3500000 -0.0000000 -0.1000000
v 0.5000000 -0.0000000 -0.1000000
v 0.4875000 -0.0000000 -0.4375000
v 0.5260813 -0.0000000 -0.4327438
v 0.5500000 -0.0000000 -0.4375000
v 0.4875000 -0.0000000 -0.4375000
v 0.5058063 -0.0000000 -0.4191938
v 0.5260813 -0.0000000 -0.4327438
v 0.4875000 -0.0000000 -0.4375000
v 0.4922563 -0.0000000 -0.3989187
v 0.5058063 -0.0000000 -0.4191938
v 0.6125000 -0.0000000 -0.4375000
v 0.5500000 -0.0000000 -0.4375000
v 0.5739188 -0.0000000 -0.4327438
v 0.6125000 -0.0000000 -0.4375000
v 0.5739188 -0.0000000 -0.4327438
v 0.5941937 -0.0000000 -0.4191938
v 0.6125000 -0.0000000 -0.4375000
v 0.5941937 -0.0000000 -0.4191938
v 0.6077438 -0.0000000 -0.3989187
v 0.6125000 -0.0000000 -0.4375000
v 0.6077438 -0.0000000 -0.3989187
v 0.6125000 -0.0000000 -0.3750000
v 0.6077438 -0.0000000 -0.3510813
v 0.6125000 -0.0000000 -0.3125000
v 0.6125000 -0.0000000 -0.3750000
v 0.6125000 -0.0000000 -0.3750000
v 0.6077438 -0.0000000 -0.3989187
v 0.6077438 -0.1000000 -0.3989187
v 0.6125000 -0.1000000 -0.3750000
v 0.6077438 -0.0000000 -0.3989187
v 0.5941937 -0.0000000 -0.4191938
v 0.5941937 -0.1000000 -0.4191938
v 0.6077438 -0.1000000 -0.3989187
v 0.5941937 -0.0000000 -0.4191938
v 0.5739188 -0.0000000 -0.4327438
v 0.5739188 -0.1000000 -0.4327438
v 0.5941937 -0.1000000 -0.4191938
v 0.5739188 -0.0000000 -0.4327438
v 0.5500000 -0.0000000 -0.4375000
v 0.5500000 -0.1000000 -0.4375000
v 0.5739188 -0.1000000 -0.4327438
v 0.5500000 -0.0000000 -0.4375000
v 0.5260813 -0.0000000 -0.4327438
v 0.5260813 -0.1000000 -0.4327438
v 0.5500000 -0.1000000 -0.4375000
v 0.5260813 -0.0000000 -0.4327438
v 0.5058063 -0.0000000 -0.4191938
v 0.5058063 -0.1000000 -0.4191938
v 0.5260813 -0.1000000 -0.4327438
v 0.5058063 -0.0000000 -0.4191938
v 0.4922563 -0.0000000 -0.3989187
v 0.4922563 -0.1000000 -0.3989187
v 0.5058063 -0.1000000 -0.4191938
v 0.4922563 -0.0000000 -0.3989187
v 0.4875000 -0.0000000 -0.3750000
v 0.4875000 -0.1000000 -0.3750000
v 0.4922563 -0.1000000 -0.3989187
v 0.4875000 -0.0000000 -0.3750000
v 0.4922563 -0.0000000 -0.3510813
v 0.4922563 -0.1000000 -0.3510813
v 0.4875000 -0.1000000 -0.3750000
v 0.4922563 -0.0000000 -0.3510813
v 0.5058063 -0.0000000 -0.3308063
v 0.5058063 -0.1000000 -0.3308063
v 0.4922563 -0.1000000 -0.3510813
v 0.5058063 -0.0000000 -0.3308063
v 0.5260813 -0.0000000 -0.3172563
v 0.5260813 -0.1000000 -0.3172563
v 0.5058063 -0.1000000 -0.3308063
v 0.5260813 -0.0000000 -0.3172563
v 0.5500000 -0.0000000 -0.3125000
v 0.5500000 -0.1000000 -0.3125000
v 0.5260813 -0.1000000 -0.3172563
v 0.5500000 -0.0000000 -0.3125000
v 0.5739188 -0.0000000 -0.3172563
v 0.5739188 -0.1000000 -0.3172563
v 0.5500000 -0.1000000 -0.3125000
v 0.5739188 -0.0000000 -0.3172563
v 0.5941937 -0.0000000 -0.3308063
v 0.5941937 -0.1000000 -0.3308063
v 0.5739188 -0.1000000 -0.3172563
v 0.5941937 -0.0000000 -0.3308063
v 0.6077438 -0.0000000 -0.3510813
v 0.6077438 -0.1000000 -0.3510813
v 0.5941937 -0.1000000 -0.3308063
v 0.6077438 -0.0000000 -0.3510813
v 0.6125000 -0.0000000 -0.3750000
v 0.6125000 -0.1000000 -0.3750000
v 0.6077438 -0.1000000 -0.3510813
v 0.6125000 -0.1000000 -0.4375000
v 0.6125000 -0.1000000 -0.3750000
v 0.6077438 -0.1000000 -0.3989187
v 0.6125000 -0.1000000 -0.4375000
v 0.6077438 -0.1000000 -0.3989187
v 0.5941937 -0.1000000 -0.4191938
v 0.6125000 -0.1000000 -0.4375000
v 0.5941937 -0.1000000 -0.4191938
v 0.5739188 -0.1000000 -0.4327438
v 0.6125000 -0.1000000 -0.4375000
v 0.5739188 -0.1000000 -0.4327438
v 0.5500000 -0.1000000 -0.4375000
v 0.4875000 -0.1000000 -0.4375000
v 0.5500000 -0.1000000 -0.4375000
v 0.5260813 -0.1000000 -0.4327438
v 0.4875000 -0.1000000 -0.4375000
v 0.5260813 -0.1000000 -0.4327438
v 0.5058063 -0.1000000 -0.4191938
v 0.4875000 -0.1000000 -0.4375000
v 0.5058063 -0.1000000 -0.4191938
v 0.4922563 -0.1000000 -0.3989187
v 0.4875000 -0.1000000 -0.4375000
v 0.4922563 -0.1000000 -0.3989187
v 0.4875000 -0.1000000 -0.3750000
v 0.4875000 -0.1000000 -0.3125000
v 0.4875000 -0.1000000 -0.3750000
v 0.4922563 -0.1000000 -0.3510813
v 0.4875000 -0.1000000 -0.3125000
v 0.4922563 -0.1000000 -0.3510813
v 0.5058063 -0.1000000 -0.3308063
v 0.4875000 -0.1000000 -0.3125000
v 0.5058063 -0.1000000 -0.3308063
v 0.5260813 -0.1000000 -0.3172563
v 0.4875000 -0.1000000 -0.3125000
v 0.5260813 -0.1000000 -0.3172563
v 0.5500000 -0.1000000 -0.3125000
v 0.6125000 -0.1000000 -0.3125000
v 0.5500000 -0.1000000 -0.3125000
v 0.5739188 -0.1000000 -0.3172563
v 0.6125000 -0.1000000 -0.3125000
v 0.5739188 -0.1000000 -0.3172563
v 0.5941937 -0.1000000 -0.3308063
v 0.6125000 -0.1000000 -0.3125000
v 0.5941937 -0.1000000 -0.3308063
v 0.6077438 -0.1000000 -0.3510813
v 0.6125000 -0.1000000 -0.3125000
v 0.6077438 -0.1000000 -0.3510813
v 0.6125000 -0.1000000 -0.3750000
v 0.6125000 -0.1000000 -0.4375000
v 0.6500000 -0.1000000 -0.5000000
v 0.6500000 -0.1000000 -0.2750000
v 0.6125000 -0.1000000 -0.3750000
v 0.6125000 -0.1000000 -0.3125000
v 0.6125000 -0.1000000 -0.3750000
v 0.6500000 -0.1000000 -0.2750000
v 0.6500000 -0.1000000 -0.5000000
v 0.6125000 -0.1000000 -0.4375000
v 0.5500000 -0.1000000 -0.4375000
v 0.6500000 -0.1000000 -0.5000000
v 0.5500000 -0.1000000 -0.4375000
v 0.4875000 -0.1000000 -0.4375000
v 0.6125000 -0.1000000 -0.3125000
v 0.6500000 -0.1000000 -0.2750000
v 0.5500000 -0.1000000 -0.3125000
v 0.5500000 -0.1000000 -0.3125000
v 0.6500000 -0.1000000 -0.2750000
v 0.4875000 -0.1000000 -0.3125000
v -0.7500000 -3.0000000 0.5000000
v 0.7500000 -3.0000000 0.5000000
v 0.7500000 -0.0000000 0.5000000
v -0.7500000 -0.0000000 0.5000000
v 0.7500000 -3.0000000 0.5000000
v 0.7500000 -3.0000000 -0.5000000
v 0.7500000 -0.0000000 -0.5000000
v 0.7500000 -0.0000000 0.5000000
v -0.7500000 -0.0000000 0.5000000
v -0.7500000 -0.0000000 -0.5000000
v -0.7500000 -3.0000000 -0.5000000
v -0.7500000 -3.0000000 0.5000000
v -0.6500000 -2.8750000 0.4000000
v 0.6500000 -2.8750000 0.4000000
v 0.6500000 -3.0000000 0.4000000
v -0.6500000 -3.0000000 0.4000000
v 0.6500000 -2.8750000 0.4000000
v 0.6500000 -2.8750000 -0.4000000
v 0.6500000 -3.0000000 -0.4000000
v 0.6500000 -3.0000000 0.4000000
v -0.6500000 -3.0000000 0.4000000
v -0.6500000 -3.0000000 -0.4000000
v -0.6500000 -2.8750000 -0.4000000
v -0.6500000 -2.8750000 0.4000000
v -0.4875000 -3.0000000 -0.4375000
v -0.4929800 -3.0000000 -0.4000000
v -0.5058050 -3.0000000 -0.4191950
v -0.5260813 -3.0000000 -0.4327438
v -0.5500000 -3.0000000 -0.4375000
v -0.4875000 -3.0000000 -0.4375000
v -0.5058063 -3.0000000 -0.4191938
v -0.5260813 -3.0000000 -0.4327438
v -0.4875000 -3.0000000 -0.4375000
v -0.6125000 -3.0000000 -0.4375000
v -0.5500000 -3.0000000 -0.4375000
v -0.5739188 -3.0000000 -0.4327438
v -0.6125000 -3.0000000 -0.4375000
v -0.5739188 -3.0000000 -0.4327438
v -0.5941937 -3.0000000 -0.4191938
v -0.5941943 -3.0000000 -0.4191942
v -0.5739179 -3.0000000 -0.4327442
v -0.5739179 -2.8750000 -0.4327442
v -0.5941943 -2.8750000 -0.4191942
v -0.5739179 -3.0000000 -0.4327442
v -0.5500000 -3.0000000 -0.4374995
v -0.5500000 -2.8750000 -0.4374995
v -0.5739179 -2.8750000 -0.4327442
v -0.5500000 -3.0000000 -0.4374995
v -0.5260821 -3.0000000 -0.4327442
v -0.5260821 -2.8750000 -0.4327442
v -0.5500000 -2.8750000 -0.4374995
v -0.5260821 -3.0000000 -0.4327442
v -0.5058058 -3.0000000 -0.4191942
v -0.5058058 -2.8750000 -0.4191942
v -0.5260821 -2.8750000 -0.4327442
v -0.4929800 -3.0000000 -0.4000000
v -0.4929800 -2.8750000 -0.4000000
v -0.5058050 -2.8750000 -0.4191950
v -0.5058050 -3.0000000 -0.4191950
v -0.5941950 -3.0000000 -0.4191950
v -0.5941950 -2.8750000 -0.4191950
v -0.6070200 -2.8750000 -0.4000000
v -0.6070200 -3.0000000 -0.4000000
v -0.6070200 -2.8750000 -0.4000000
v -0.6500000 -2.8750000 -0.4000000
v -0.6500000 -3.0000000 -0.4000000
v -0.6070200 -3.0000000 -0.4000000
v -0.6125000 -2.8750000 -0.3125000
v -0.6125000 -2.8750000 -0.3750000
v -0.6077438 -2.8750000 -0.3510813
v -0.6125000 -2.8750000 -0.3125000
v -0.6077438 -2.8750000 -0.3510813
v -0.5941937 -2.8750000 -0.3308063
v -0.6125000 -2.8750000 -0.3125000
v -0.5941937 -2.8750000 -0.3308063
v -0.5739188 -2.8750000 -0.3172563
v -0.6125000 -2.8750000 -0.3125000
v -0.5739188 -2.8750000 -0.3172563
v -0.5500000 -2.8750000 -0.3125000
v -0.4875000 -2.8750000 -0.3125000
v -0.5500000 -2.8750000 -0.3125000
v -0.5260813 -2.8750000 -0.3172563
v -0.4875000 -2.8750000 -0.3125000
v -0.5260813 -2.8750000 -0.3172563
v -0.5058063 -2.8750000 -0.3308063
v -0.4875000 -2.8750000 -0.3125000
v -0.5058063 -2.8750000 -0.3308063
v -0.4922563 -2.8750000 -0.3510813
v -0.4875000 -2.8750000 -0.3125000
v -0.4922563 -2.8750000 -0.3510813
v -0.4875000 -2.8750000 -0.3750000
v -0.6070200 -2.8750000 -0.4000000
v -0.6077425 -2.8750000 -0.3989175
v -0.6500000 -2.8750000 -0.4000000
v -0.6125000 -2.8750000 -0.3750000
v -0.6077438 -2.8750000 -0.3989187
v -0.6077438 -2.8000000 -0.3989187
v -0.6125000 -2.8000000 -0.3750000
v -0.6077438 -2.8750000 -0.3989187
v -0.5941937 -2.8750000 -0.4191938
v -0.5941937 -2.8000000 -0.4191938
v -0.6077438 -2.8000000 -0.3989187
v -0.5941937 -2.8750000 -0.4191938
v -0.5739188 -2.8750000 -0.4327438
v -0.5739188 -2.8000000 -0.4327438
v -0.5941937 -2.8000000 -0.4191938
v -0.5739188 -2.8750000 -0.4327438
v -0.5500000 -2.8750000 -0.4375000
v -0.5500000 -2.8000000 -0.4375000
v -0.5739188 -2.8000000 -0.4327438
v -0.5500000 -2.8750000 -0.4375000
v -0.5260813 -2.8750000 -0.4327438
v -0.5260813 -2.8000000 -0.4327438
v -0.5500000 -2.8000000 -0.4375000
v -0.5260813 -2.8750000 -0.4327438
v -0.5058063 -2.8750000 -0.4191938
v -0.5058063 -2.8000000 -0.4191938
v -0.5260813 -2.8000000 -0.4327438
v -0.5058063 -2.8750000 -0.4191938
v -0.4922563 -2.8750000 -0.3989187
v -0.4922563 -2.8000000 -0.3989187
v -0.5058063 -2.8000000 -0.4191938
v -0.4922563 -2.8750000 -0.3989187
v -0.4875000 -2.8750000 -0.3750000
v -0.4875000 -2.8000000 -0.3750000
v -0.4922563 -2.8000000 -0.3989187
v -0.4875000 -2.8750000 -0.3750000
v -0.4922563 -2.8750000 -0.3510813
v -0.4922563 -2.8000000 -0.3510813
v -0.4875000 -2.8000000 -0.3750000
v -0.4922563 -2.8750000 -0.3510813
v -0.5058063 -2.8750000 -0.3308063
v -0.5058063 -2.8000000 -0.3308063
v -0.4922563 -2.8000000 -0.3510813
v -0.5058063 -2.8750000 -0.3308063
v -0.5260813 -2.8750000 -0.3172563
v -0.5260813 -2.8000000 -0.3172563
v -0.5058063 -2.8000000 -0.3308063
v -0.5260813 -2.8750000 -0.3172563
v -0.5500000 -2.8750000 -0.3125000
v -0.5500000 -2.8000000 -0.3125000
v -0.5260813 -2.8000000 -0.3172563
v -0.5500000 -2.8750000 -0.3125000
v -0.5739188 -2.8750000 -0.3172563
v -0.5739188 -2.8000000 -0.3172563
v -0.5500000 -2.8000000 -0.3125000
v -0.5739188 -2.8750000 -0.3172563
v -0.5941937 -2.8750000 -0.3308063
v -0.5941937 -2.8000000 -0.3308063
v -0.5739188 -2.8000000 -0.3172563
v -0.5941937 -2.8750000 -0.3308063
v -0.6077438 -2.8750000 -0.3510813
v -0.6077438 -2.8000000 -0.3510813
v -0.5941937 -2.8000000 -0.3308063
v -0.6077438 -2.8750000 -0.3510813
v -0.6125000 -2.8750000 -0.3750000
v -0.6125000 -2.8000000 -0.3750000
v -0.6077438 -2.8000000 -0.3510813
v -0.6125000 -2.8000000 -0.4375000
v -0.6125000 -2.8000000 -0.3750000
v -0.6077438 -2.8000000 -0.3989187
v -0.6125000 -2.8000000 -0.4375000
v -0.6077438 -2.8000000 -0.3989187
v -0.5941937 -2.8000000 -0.4191938
v -0.6125000 -2.8000000 -0.4375000
v -0.5941937 -2.8000000 -0.4191938
v -0.5739188 -2.8000000 -0.4327438
v -0.6125000 -2.8000000 -0.4375000
v -0.5739188 -2.8000000 -0.4327438
v -0.5500000 -2.8000000 -0.4375000
v -0.4875000 -2.8000000 -0.4375000
v -0.5500000 -2.8000000 -0.4375000
v -0.5260813 -2.8000000 -0.4327438
v -0.4875000 -2.8000000 -0.4375000
v -0.5260813 -2.8000000 -0.4327438
v -0.5058063 -2.8000000 -0.4191938
v -0.4875000 -2.8000000 -0.4375000
v -0.5058063 -2.8000000 -0.4191938
v -0.4922563 -2.8000000 -0.3989187
v -0.4875000 -2.8000000 -0.4375000
v -0.4922563 -2.8000000 -0.3989187
v -0.4875000 -2.8000000 -0.3750000
v -0.4875000 -2.8000000 -0.3125000
v -0.4875000 -2.8000000 -0.3750000
v -0.4922563 -2.8000000 -0.3510813
v -0.4875000 -2.8000000 -0.3125000
v -0.4922563 -2.8000000 -0.3510813
v -0.5058063 -2.8000000 -0.3308063
v -0.4875000 -2.8000000 -0.3125000
v -0.5058063 -2.8000000 -0.3308063
v -0.5260813 -2.8000000 -0.3172563
v -0.4875000 -2.8000000 -0.3125000
v -0.5260813 -2.8000000 -0.3172563
v -0.5500000 -2.8000000 -0.3125000
v -0.6125000 -2.8000000 -0.3125000
v -0.5500000 -2.8000000 -0.3125000
v -0.5739188 -2.8000000 -0.3172563
v -0.6125000 -2.8000000 -0.3125000
v -0.5739188 -2.8000000 -0.3172563
v -0.5941937 -2.8000000 -0.3308063
v -0.6125000 -2.8000000 -0.3125000
v -0.5941937 -2.8000000 -0.3308063
v -0.6077438 -2.8000000 -0.3510813
v -0.6125000 -2.8000000 -0.3125000
v -0.6077438 -2.8000000 -0.3510813
v -0.6125000 -2.8000000 -0.3750000
v -0.6125000 -2.8750000 -0.3750000
v -0.6125000 -2.8750000 -0.3874313
v -0.6077438 -2.8750000 -0.3989187
v -0.4922563 -2.8750000 -0.3989187
v -0.4875000 -2.8750000 -0.3874313
v -0.4875000 -2.8750000 -0.3750000
v -0.6500000 -2.8750000 -0.4000000
v -0.6077425 -2.8750000 -0.3989200
v -0.6125000 -2.8750000 -0.3874325
v -0.6125025 -2.8750000 -0.3750000
v -0.6500000 -2.8750000 -0.4000000
v -0.6125000 -2.8750000 -0.3874325
v -0.6125000 -2.8750000 -0.3125000
v -0.6500000 -2.8750000 -0.4000000
v -0.6125025 -2.8750000 -0.3750000
v -0.5941950 -3.0000000 -0.4191950
v -0.6070200 -3.0000000 -0.4000000
v -0.6500000 -3.0000000 -0.4000000
v -0.6125000 -3.0000000 -0.4375000
v -0.6500000 -2.8750000 0.4000000
v -0.6500000 -2.8750000 -0.4000000
v -0.6125000 -2.8750000 -0.3125000
v -0.4875000 -2.8750000 -0.3125000
v -0.6500000 -2.8750000 0.4000000
v -0.6125000 -2.8750000 -0.3125000
v -0.6125000 -3.0000000 -0.4375000
v -0.6500000 -3.0000000 -0.4000000
v -0.7500000 -3.0000000 -0.5000000
v -0.4875000 -3.0000000 -0.4375000
v -0.6125000 -3.0000000 -0.4375000
v -0.7500000 -3.0000000 -0.5000000
v -0.6625000 -2.8000000 0.4250000
v -0.6125000 -2.8000000 -0.3125000
v -0.6125000 -2.8000000 -0.4375000
v -0.6625000 -2.8000000 -0.5000000
v -0.4875000 -2.8000000 -0.4375000
v -0.6625000 -2.8000000 -0.5000000
v -0.6125000 -2.8000000 -0.4375000
v -0.6500000 -3.0000000 0.4000000
v -0.7500000 -3.0000000 0.5000000
v -0.7500000 -3.0000000 -0.5000000
v -0.6500000 -3.0000000 -0.4000000
v 0.5058050 -3.0000000 -0.4191950
v 0.4929800 -3.0000000 -0.4000000
v 0.4875000 -3.0000000 -0.4375000
v 0.4875000 -3.0000000 -0.4375000
v 0.5500000 -3.0000000 -0.4375000
v 0.5260813 -3.0000000 -0.4327438
v 0.4875000 -3.0000000 -0.4375000
v 0.5260813 -3.0000000 -0.4327438
v 0.5058063 -3.0000000 -0.4191938
v 0.5739188 -3.0000000 -0.4327438
v 0.5500000 -3.0000000 -0.4375000
v 0.6125000 -3.0000000 -0.4375000
v 0.5941937 -3.0000000 -0.4191938
v 0.5739188 -3.0000000 -0.4327438
v 0.6125000 -3.0000000 -0.4375000
v 0.5941943 -2.8750000 -0.4191942
v 0.5739179 -2.8750000 -0.4327442
v 0.5739179 -3.0000000 -0.4327442
v 0.5941943 -3.0000000 -0.4191942
v 0.5739179 -2.8750000 -0.4327442
v 0.5500000 -2.8750000 -0.4374995
v 0.5500000 -3.0000000 -0.4374995
v 0.5739179 -3.0000000 -0.4327442
v 0.5500000 -2.8750000 -0.4374995
v 0.5260821 -2.8750000 -0.4327442
v 0.5260821 -3.0000000 -0.4327442
v 0.5500000 -3.0000000 -0.4374995
v 0.5260821 -2.8750000 -0.4327442
v 0.5058058 -2.8750000 -0.4191942
v 0.5058058 -3.0000000 -0.4191942
v 0.5260821 -3.0000000 -0.4327442
v 0.5058050 -3.0000000 -0.4191950
v 0.5058050 -2.8750000 -0.4191950
v 0.4929800 -2.8750000 -0.4000000
v 0.4929800 -3.0000000 -0.4000000
v 0.6070200 -3.0000000 -0.4000000
v 0.6070200 -2.8750000 -0.4000000
v 0.5941950 -2.8750000 -0.4191950
v 0.5941950 -3.0000000 -0.4191950
v 0.6070200 -3.0000000 -0.4000000
v 0.6500000 -3.0000000 -0.4000000
v 0.6500000 -2.8750000 -0.4000000
v 0.6070200 -2.8750000 -0.4000000
v 0.6077438 -2.8750000 -0.3510813
v 0.6125000 -2.8750000 -0.3750000
v 0.6125000 -2.8750000 -0.3125000
v 0.5941937 -2.8750000 -0.3308063
v 0.6077438 -2.8750000 -0.3510813
v 0.6125000 -2.8750000 -0.3125000
v 0.5739188 -2.8750000 -0.3172563
v 0.5941937 -2.8750000 -0.3308063
v 0.6125000 -2.8750000 -0.3125000
v 0.5500000 -2.8750000 -0.3125000
v 0.5739188 -2.8750000 -0.3172563
v 0.6125000 -2.8750000 -0.3125000
v 0.5260813 -2.8750000 -0.3172563
v 0.5500000 -2.8750000 -0.3125000
v 0.4875000 -2.8750000 -0.3125000
v 0.5058063 -2.8750000 -0.3308063
v 0.5260813 -2.8750000 -0.3172563
v 0.4875000 -2.8750000 -0.3125000
v 0.4922563 -2.8750000 -0.3510813
v 0.5058063 -2.8750000 -0.3308063
v 0.4875000 -2.8750000 -0.3125000
v 0.4875000 -2.8750000 -0.3750000
v 0.4922563 -2.8750000 -0.3510813
v 0.4875000 -2.8750000 -0.3125000
v 0.6500000 -2.8750000 -0.4000000
v 0.6077425 -2.8750000 -0.3989175
v 0.6070200 -2.8750000 -0.4000000
v 0.6125000 -2.8000000 -0.3750000
v 0.6077438 -2.8000000 -0.3989187
v 0.6077438 -2.8750000 -0.3989187
v 0.6125000 -2.8750000 -0.3750000
v 0.6077438 -2.8000000 -0.3989187
v 0.5941937 -2.8000000 -0.4191938
v 0.5941937 -2.8750000 -0.4191938
v 0.6077438 -2.8750000 -0.3989187
v 0.5941937 -2.8000000 -0.4191938
v 0.5739188 -2.8000000 -0.4327438
v 0.5739188 -2.8750000 -0.4327438
v 0.5941937 -2.8750000 -0.4191938
v 0.5739188 -2.8000000 -0.4327438
v 0.5500000 -2.8000000 -0.4375000
v 0.5500000 -2.8750000 -0.4375000
v 0.5739188 -2.8750000 -0.4327438
v 0.5500000 -2.8000000 -0.4375000
v 0.5260813 -2.8000000 -0.4327438
v 0.5260813 -2.8750000 -0.4327438
v 0.5500000 -2.8750000 -0.4375000
v 0.5260813 -2.8000000 -0.4327438
v 0.5058063 -2.8000000 -0.4191938
v 0.5058063 -2.8750000 -0.4191938
v 0.5260813 -2.8750000 -0.4327438
v 0.5058063 -2.8000000 -0.4191938
v 0.4922563 -2.8000000 -0.3989187
v 0.4922563 -2.8750000 -0.3989187
v 0.5058063 -2.8750000 -0.4191938
v 0.4922563 -2.8000000 -0.3989187
v 0.4875000 -2.8000000 -0.3750000
v 0.4875000 -2.8750000 -0.3750000
v 0.4922563 -2.8750000 -0.3989187
v 0.4875000 -2.8000000 -0.3750000
v 0.4922563 -2.8000000 -0.3510813
v 0.4922563 -2.8750000 -0.3510813
v 0.4875000 -2.8750000 -0.3750000
v 0.4922563 -2.8000000 -0.3510813
v 0.5058063 -2.8000000 -0.3308063
v 0.5058063 -2.8750000 -0.3308063
v 0.4922563 -2.8750000 -0.3510813
v 0.5058063 -2.8000000 -0.3308063
v 0.5260813 -2.8000000 -0.3172563
v 0.5260813 -2.8750000 -0.3172563
v 0.5058063 -2.8750000 -0.3308063
v 0.5260813 -2.8000000 -0.3172563
v 0.5500000 -2.8000000 -0.3125000
v 0.5500000 -2.8750000 -0.3125000
v 0.5260813 -2.8750000 -0.3172563
v 0.5500000 -2.8000000 -0.3125000
v 0.5739188 -2.8000000 -0.3172563
v 0.5739188 -2.8750000 -0.3172563
v 0.5500000 -2.8750000 -0.3125000
v 0.5739188 -2.8000000 -0.3172563
v 0.5941937 -2.8000000 -0.3308063
v 0.5941937 -2.8750000 -0.3308063
v 0.5739188 -2.8750000 -0.3172563
v 0.5941937 -2.8000000 -0.3308063
v 0.6077438 -2.8000000 -0.3510813
v 0.6077438 -2.8750000 -0.3510813
v 0.5941937 -2.8750000 -0.3308063
v 0.6077438 -2.8000000 -0.3510813
v 0.6125000 -2.8000000 -0.3750000
v 0.6125000 -2.8750000 -0.3750000
v 0.6077438 -2.8750000 -0.3510813
v 0.6077438 -2.8000000 -0.3989187
v 0.6125000 -2.8000000 -0.3750000
v 0.6125000 -2.8000000 -0.4375000
v 0.5941937 -2.8000000 -0.4191938
v 0.6077438 -2.8000000 -0.3989187
v 0.6125000 -2.8000000 -0.4375000
v 0.5739188 -2.8000000 -0.4327438
v 0.5941937 -2.8000000 -0.4191938
v 0.6125000 -2.8000000 -0.4375000
v 0.5500000 -2.8000000 -0.4375000
v 0.5739188 -2.8000000 -0.4327438
v 0.6125000 -2.8000000 -0.4375000
v 0.5260813 -2.8000000 -0.4327438
v 0.5500000 -2.8000000 -0.4375000
v 0.4875000 -2.8000000 -0.4375000
v 0.5058063 -2.8000000 -0.4191938
v 0.5260813 -2.8000000 -0.4327438
v 0.4875000 -2.8000000 -0.4375000
v 0.4922563 -2.8000000 -0.3989187
v 0.5058063 -2.8000000 -0.4191938
v 0.4875000 -2.8000000 -0.4375000
v 0.4875000 -2.8000000 -0.3750000
v 0.4922563 -2.8000000 -0.3989187
v 0.4875000 -2.8000000 -0.4375000
v 0.4922563 -2.8000000 -0.3510813
v 0.4875000 -2.8000000 -0.3750000
v 0.4875000 -2.8000000 -0.3125000
v 0.5058063 -2.8000000 -0.3308063
v 0.4922563 -2.8000000 -0.3510813
v 0.4875000 -2.8000000 -0.3125000
v 0.5260813 -2.8000000 -0.3172563
v 0.5058063 -2.8000000 -0.3308063
v 0.4875000 -2.8000000 -0.3125000
v 0.5500000 -2.8000000 -0.3125000
v 0.5260813 -2.8000000 -0.3172563
v 0.4875000 -2.8000000 -0.3125000
v 0.5739188 -2.8000000 -0.3172563
v 0.5500000 -2.8000000 -0.3125000
v 0.6125000 -2.8000000 -0.3125000
v 0.5941937 -2.8000000 -0.3308063
v 0.5739188 -2.8000000 -0.3172563
v 0.6125000 -2.8000000 -0.3125000
v 0.6077438 -2.8000000 -0.3510813
v 0.5941937 -2.8000000 -0.3308063
v 0.6125000 -2.8000000 -0.3125000
v 0.6125000 -2.8000000 -0.3750000
v 0.6077438 -2.8000000 -0.3510813
v 0.6125000 -2.8000000 -0.3125000
v 0.6077438 -2.8750000 -0.3989187
v 0.6125000 -2.8750000 -0.3874313
v 0.6125000 -2.8750000 -0.3750000
v 0.4875000 -2.8750000 -0.3750000
v 0.4875000 -2.8750000 -0.3874313
v 0.4922563 -2.8750000 -0.3989187
v 0.6125000 -2.8750000 -0.3874325
v 0.6077425 -2.8750000 -0.3989200
v 0.6500000 -2.8750000 -0.4000000
v 0.6125000 -2.8750000 -0.3874325
v 0.6500000 -2.8750000 -0.4000000
v 0.6125025 -2.8750000 -0.3750000
v 0.6125025 -2.8750000 -0.3750000
v 0.6500000 -2.8750000 -0.4000000
v 0.6125000 -2.8750000 -0.3125000
v 0.6125000 -3.0000000 -0.4375000
v 0.6500000 -3.0000000 -0.4000000
v 0.6070200 -3.0000000 -0.4000000
v 0.5941950 -3.0000000 -0.4191950
v 0.6500000 -2.8750000 0.4000000
v 0.6125000 -2.8750000 -0.3125000
v 0.6500000 -2.8750000 -0.4000000
v 0.4875000 -2.8750000 -0.3125000
v 0.6125000 -2.8750000 -0.3125000
v 0.6500000 -2.8750000 0.4000000
v 0.6125000 -3.0000000 -0.4375000
v 0.7500000 -3.0000000 -0.5000000
v 0.6500000 -3.0000000 -0.4000000
v 0.4875000 -3.0000000 -0.4375000
v 0.7500000 -3.0000000 -0.5000000
v 0.6125000 -3.0000000 -0.4375000
v 0.6625000 -2.8000000 0.4250000
v 0.6625000 -2.8000000 -0.5000000
v 0.6125000 -2.8000000 -0.4375000
v 0.6125000 -2.8000000 -0.3125000
v 0.4875000 -2.8000000 -0.4375000
v 0.6125000 -2.8000000 -0.4375000
v 0.6625000 -2.8000000 -0.5000000
v 0.6500000 -3.0000000 0.4000000
v 0.6500000 -3.0000000 -0.4000000
v 0.7500000 -3.0000000 -0.5000000
v 0.7500000 -3.0000000 0.5000000
v -0.6500000 -3.0000000 0.4000000
v 0.6500000 -3.0000000 0.4000000
v 0.7500000 -3.0000000 0.5000000
v -0.7500000 -3.0000000 0.5000000
v 0.4875000 -2.8750000 -0.3125000
v 0.6500000 -2.8750000 0.4000000
v -0.6500000 -2.8750000 0.4000000
v -0.4875000 -2.8750000 -0.3125000
v -0.4875000 -2.8750000 -0.3750000
v 0.4874975 -2.8750000 -0.3750000
v 0.4875000 -2.8750000 -0.3125000
v -0.4875000 -2.8750000 -0.3125000
v 0.4875000 -2.8750000 -0.3874325
v 0.4874975 -2.8750000 -0.3750000
v -0.4875000 -2.8750000 -0.3750000
v -0.4875000 -2.8750000 -0.3874325
v -0.4875000 -2.8750000 -0.3874325
v -0.4922575 -2.8750000 -0.3989175
v 0.4922575 -2.8750000 -0.3989200
v 0.4875000 -2.8750000 -0.3874325
v 0.4929800 -2.8750000 -0.4000000
v 0.4922575 -2.8750000 -0.3989200
v -0.4922575 -2.8750000 -0.3989175
v -0.4929800 -2.8750000 -0.4000000
v -0.7500000 -3.0000000 -0.5000000
v 0.7500000 -3.0000000 -0.5000000
v 0.4875000 -3.0000000 -0.4375000
v -0.4875000 -3.0000000 -0.4375000
v 0.4929800 -3.0000000 -0.4000000
v -0.4929800 -3.0000000 -0.4000000
v -0.4875000 -3.0000000 -0.4375000
v 0.4875000 -3.0000000 -0.4375000
v -0.4929800 -2.8750000 -0.4000000
v -0.4929800 -3.0000000 -0.4000000
v 0.4929800 -3.0000000 -0.4000000
v 0.4929800 -2.8750000 -0.4000000
v 0.7500000 -3.0000000 -0.5000000
v -0.7500000 -3.0000000 -0.5000000
v -0.6625000 -2.8000000 -0.5000000
v 0.6625000 -2.8000000 -0.5000000
v 0.6625000 -2.8000000 -0.5000000
v -0.6625000 -2.8000000 -0.5000000
v -0.4875000 -2.8000000 -0.4375000
v 0.4875000 -2.8000000 -0.4375000
v -0.4875000 -2.8000000 -0.3125000
v 0.4875000 -2.8000000 -0.3125000
v 0.4875000 -2.8000000 -0.4375000
v -0.4875000 -2.8000000 -0.4375000
v 0.2125000 -0.1500000 -0.3000000
v 0.2875000 -0.1500000 -0.3000000
v 0.2875000 -0.1500000 0.4250000
v 0.2125000 -0.1500000 0.4250000
v 0.2125000 -0.1500000 -0.3000000
v 0.2125000 -0.1000000 -0.3000000
v 0.2875000 -0.1000000 -0.3000000
v 0.2875000 -0.1500000 -0.3000000
v 0.2125000 -0.1500000 0.4250000
v 0.2125000 -0.1000000 0.4250000
v 0.2125000 -0.1000000 -0.3000000
v 0.2125000 -0.1500000 -0.3000000
v 0.2875000 -0.1500000 -0.3000000
v 0.2875000 -0.1000000 -0.3000000
v 0.2875000 -0.1000000 0.4250000
v 0.2875000 -0.1500000 0.4250000
v 0.6125000 -1.4125000 -0.2750000
v 0.6125000 -1.4875000 -0.2750000
v 0.6125000 -1.4875000 0.4250000
v 0.6125000 -1.4125000 0.4250000
v 0.6125000 -1.4125000 -0.2750000
v 0.6625000 -1.4125000 -0.2750000
v 0.6625000 -1.4875000 -0.2750000
v 0.6125000 -1.4875000 -0.2750000
v 0.6125000 -1.4125000 0.4250000
v 0.6625000 -1.4125000 0.4250000
v 0.6625000 -1.4125000 -0.2750000
v 0.6125000 -1.4125000 -0.2750000
v 0.6125000 -1.4875000 -0.2750000
v 0.6625000 -1.4875000 -0.2750000
v 0.6625000 -1.4875000 0.4250000
v 0.6125000 -1.4875000 0.4250000
v 0.6125000 -2.3375000 -0.2750000
v 0.6125000 -2.4125000 -0.2750000
v 0.6125000 -2.4125000 0.4250000
v 0.6125000 -2.3375000 0.4250000
v 0.6125000 -2.3375000 -0.2750000
v 0.6625000 -2.3375000 -0.2750000
v 0.6625000 -2.4125000 -0.2750000
v 0.6125000 -2.4125000 -0.2750000
v 0.6125000 -2.3375000 0.4250000
v 0.6625000 -2.3375000 0.4250000
v 0.6625000 -2.3375000 -0.2750000
v 0.6125000 -2.3375000 -0.2750000
v 0.6125000 -2.4125000 -0.2750000
v 0.6625000 -2.4125000 -0.2750000
v 0.6625000 -2.4125000 0.4250000
v 0.6125000 -2.4125000 0.4250000
v -0.2125000 -0.1500000 0.4250000
v -0.2875000 -0.1500000 0.4250000
v -0.2875000 -0.1500000 -0.3000000
v -0.2125000 -0.1500000 -0.3000000
v -0.2875000 -0.1500000 -0.3000000
v -0.2875000 -0.1000000 -0.3000000
v -0.2125000 -0.1000000 -0.3000000
v -0.2125000 -0.1500000 -0.3000000
v -0.2125000 -0.1500000 -0.3000000
v -0.2125000 -0.1000000 -0.3000000
v -0.2125000 -0.1000000 0.4250000
v -0.2125000 -0.1500000 0.4250000
v -0.2875000 -0.1500000 0.4250000
v -0.2875000 -0.1000000 0.4250000
v -0.2875000 -0.1000000 -0.3000000
v -0.2875000 -0.1500000 -0.3000000
v -0.6125000 -1.4125000 0.4250000
v -0.6125000 -1.4875000 0.4250000
v -0.6125000 -1.4875000 -0.2750000
v -0.6125000 -1.4125000 -0.2750000
v -0.6125000 -1.4875000 -0.2750000
v -0.6625000 -1.4875000 -0.2750000
v -0.6625000 -1.4125000 -0.2750000
v -0.6125000 -1.4125000 -0.2750000
v -0.6125000 -1.4125000 -0.2750000
v -0.6625000 -1.4125000 -0.2750000
v -0.6625000 -1.4125000 0.4250000
v -0.6125000 -1.4125000 0.4250000
v -0.6125000 -1.4875000 0.4250000
v -0.6625000 -1.4875000 0.4250000
v -0.6625000 -1.4875000 -0.2750000
v -0.6125000 -1.4875000 -0.2750000
v -0.6125000 -2.3375000 0.4250000
v -0.6125000 -2.4125000 0.4250000
v -0.6125000 -2.4125000 -0.2750000
v -0.6125000 -2.3375000 -0.2750000
v -0.6125000 -2.4125000 -0.2750000
v -0.6625000 -2.4125000 -0.2750000
v -0.6625000 -2.3375000 -0.2750000
v -0.6125000 -2.3375000 -0.2750000
v -0.6125000 -2.3375000 -0.2750000
v -0.6625000 -2.3375000 -0.2750000
v -0.6625000 -2.3375000 0.4250000
v -0.6125000 -2.3375000 0.4250000
v -0.6125000 -2.4125000 0.4250000
v -0.6625000 -2.4125000 0.4250000
v -0.6625000 -2.4125000 -0.2750000
v -0.6125000 -2.4125000 -0.2750000
v 0.6625000 -1.8750000 -0.2750000
v 0.6625000 -1.9500000 -0.2750000
v -0.6625000 -1.9500000 -0.2750000
v -0.6625000 -1.8750000 -0.2750000
v 0.6625000 -1.9500000 -0.2750000
v 0.6625000 -1.9500000 0.4250000
v -0.6625000 -1.9500000 0.4250000
v -0.6625000 -1.9500000 -0.2750000
v -0.6625000 -1.8750000 -0.2750000
v -0.6625000 -1.8750000 0.4250000
v 0.6625000 -1.8750000 0.4250000
v 0.6625000 -1.8750000 -0.2750000
v 0.6625000 -1.0250000 -0.2750000
v -0.6625000 -1.0250000 -0.2750000
v -0.6625000 -0.9500000 -0.2750000
v 0.6625000 -0.9500000 -0.2750000
v -0.6625000 -1.0250000 0.4250000
v -0.6625000 -1.0250000 -0.2750000
v 0.6625000 -1.0250000 -0.2750000
v 0.6625000 -1.0250000 0.4250000
v 0.6625000 -0.9500000 0.3750000
v 0.6625000 -0.9500000 -0.2750000
v -0.6625000 -0.9500000 -0.2750000
v -0.6625000 -0.9500000 0.3750000
v 0.6600000 -0.6500000 0.4250000
v 0.6600000 -0.6500000 0.3750000
v 0.1500000 -0.6500000 0.3750000
v 0.1500000 -0.6500000 0.4250000
v 0.1500000 -0.6500000 0.3750000
v 0.1500000 -0.1000000 0.3750000
v 0.1500000 -0.1000000 0.4250000
v 0.1500000 -0.6500000 0.4250000
v 0.1500000 -0.1000000 0.4250000
v 0.6600000 -0.1000000 0.4250000
v 0.6600000 -0.6500000 0.4250000
v 0.1500000 -0.6500000 0.4250000
v -0.1500000 -0.6500000 0.4250000
v -0.1500000 -0.6500000 0.3750000
v -0.6600000 -0.6500000 0.3750000
v -0.6600000 -0.6500000 0.4250000
v -0.1500000 -0.6500000 0.4250000
v -0.1500000 -0.1000000 0.4250000
v -0.1500000 -0.1000000 0.3750000
v -0.1500000 -0.6500000 0.3750000
v -0.1500000 -0.6500000 0.4250000
v -0.6600000 -0.6500000 0.4250000
v -0.6600000 -0.1000000 0.4250000
v -0.1500000 -0.1000000 0.4250000
v -0.1500000 -0.1000000 0.3750000
v 0.1500000 -0.1000000 0.3750000
v 0.1500000 -0.6500000 0.3750000
v -0.1500000 -0.6500000 0.3750000
v -0.6625000 -0.9500000 0.3750000
v -0.1500000 -0.6500000 0.3750000
v 0.1500000 -0.6500000 0.3750000
v 0.6625000 -0.9500000 0.3750000
v -0.6625000 -0.9500000 0.3750000
v -0.6600000 -0.6500000 0.3750000
v -0.1500000 -0.6500000 0.3750000
v 0.6625000 -0.9500000 0.3750000
v 0.1500000 -0.6500000 0.3750000
v 0.6600000 -0.6500000 0.3750000
v -0.6625000 -2.8000000 0.4250000
v -0.6625000 -1.0250000 0.4250000
v 0.6625000 -1.0250000 0.4250000
v 0.6625000 -2.8000000 0.4250000
v 0.6625000 -2.8000000 0.4250000
v 0.6125000 -2.8000000 -0.3125000
v -0.6125000 -2.8000000 -0.3125000
v -0.6625000 -2.8000000 0.4250000
v 0.6625000 -2.8000000 -0.5000000
v 0.6625000 -2.8000000 0.4250000
v 0.6625000 -0.1000000 0.4250000
v 0.6625000 -0.1000000 -0.5000000
v -0.6625000 -0.1000000 -0.5000000
v -0.6625000 -0.1000000 0.4250000
v -0.6625000 -2.8000000 0.4250000
v -0.6625000 -2.8000000 -0.5000000
v 0.6625000 -0.1000000 0.4250000
v 0.4875000 -0.1000000 -0.3125000
v 0.6500000 -0.1000000 -0.2750000
v -0.6625000 -0.1000000 0.4250000
v -0.6500000 -0.1000000 -0.2750000
v -0.4875000 -0.1000000 -0.3125000
v -0.4875000 -0.1000000 -0.4375000
v 0.4875000 -0.1000000 -0.4375000
v 0.4875000 -0.1000000 -0.3125000
v -0.4875000 -0.1000000 -0.3125000
v 0.6625000 -0.1000000 0.4250000
v -0.6625000 -0.1000000 0.4250000
v -0.4875000 -0.1000000 -0.3125000
v 0.4875000 -0.1000000 -0.3125000
v -0.6625000 -2.8000000 -0.5000000
v -0.7500000 -3.0000000 -0.5000000
v -0.7500000 -0.0000000 -0.5000000
v -0.6625000 -0.1000000 -0.5000000
v 0.7500000 -0.0000000 -0.5000000
v 0.7500000 -3.0000000 -0.5000000
v 0.6625000 -2.8000000 -0.5000000
v 0.6625000 -0.1000000 -0.5000000
v -0.6625000 -0.1000000 -0.5000000
v -0.7500000 -0.0000000 -0.5000000
v 0.7500000 -0.0000000 -0.5000000
v 0.6625000 -0.1000000 -0.5000000
v 0.3500000 -0.0000000 -0.4000000
v -0.3500000 -0.0000000 -0.4000000
v -0.3500000 -0.0000000 -0.1000000
v 0.3500000 -0.0000000 -0.1000000
v -0.3500000 -0.0000000 -0.1000000
v -0.7500000 -0.0000000 0.0000000
v 0.7500000 -0.0000000 0.0000000
v 0.3500000 -0.0000000 -0.1000000
v -0.7500000 -0.0000000 0.0000000
v -0.7500000 -0.0000000 0.5000000
v 0.7500000 -0.0000000 0.5000000
v 0.7500000 -0.0000000 0.0000000
v 0.6625000 -0.1000000 0.4250000
v 0.6500000 -0.1000000 -0.2750000
v 0.6500000 -0.1000000 -0.5000000
v 0.6625000 -0.1000000 -0.5000000
v -0.6625000 -0.1000000 0.4250000
v -0.6625000 -0.1000000 -0.5000000
v -0.6500000 -0.1000000 -0.5000000
v -0.6500000 -0.1000000 -0.2750000
v 0.6500000 -0.1000000 -0.5000000
v 0.4875000 -0.1000000 -0.4375000
v -0.4875000 -0.1000000 -0.4375000
v -0.6500000 -0.1000000 -0.5000000
v 0.4875000 -0.0000000 -0.4375000
v -0.4875000 -0.0000000 -0.4375000
v -0.3500000 -0.0000000 -0.4000000
v 0.3500000 -0.0000000 -0.4000000
v -0.7500000 -0.0000000 -0.5000000
v -0.4875000 -0.0000000 -0.4375000
v 0.4875000 -0.0000000 -0.4375000
v 0.7500000 -0.0000000 -0.5000000
v 0.4425950 -0.0000000 -0.1114150
v 0.5000000 -0.0000000 -0.1000000
v 0.5000000 0.1000000 -0.1000000
v 0.4425950 0.1000000 -0.1114150
v 0.3939350 -0.0000000 -0.1439350
v 0.4425950 -0.0000000 -0.1114150
v 0.4425950 0.1000000 -0.1114150
v 0.3939350 0.1000000 -0.1439350
v 0.3614150 -0.0000000 -0.1925950
v 0.3939350 -0.0000000 -0.1439350
v 0.3939350 0.1000000 -0.1439350
v 0.3614150 0.1000000 -0.1925950
v 0.3500000 -0.0000000 -0.2500000
v 0.3614150 -0.0000000 -0.1925950
v 0.3614150 0.1000000 -0.1925950
v 0.3500000 0.1000000 -0.2500000
v 0.3614150 -0.0000000 -0.3074050
v 0.3500000 -0.0000000 -0.2500000
v 0.3500000 0.1000000 -0.2500000
v 0.3614150 0.1000000 -0.3074050
v 0.3939350 -0.0000000 -0.3560650
v 0.3614150 -0.0000000 -0.3074050
v 0.3614150 0.1000000 -0.3074050
v 0.3939350 0.1000000 -0.3560650
v 0.4425950 -0.0000000 -0.3885850
v 0.3939350 -0.0000000 -0.3560650
v 0.3939350 0.1000000 -0.3560650
v 0.4425950 0.1000000 -0.3885850
v 0.5574050 0.1000000 -0.1114150
v 0.5000000 0.1000000 -0.1000000
v 0.5000000 -0.0000000 -0.1000000
v 0.5574050 -0.0000000 -0.1114150
v 0.6060650 0.1000000 -0.1439350
v 0.5574050 0.1000000 -0.1114150
v 0.5574050 -0.0000000 -0.1114150
v 0.6060650 -0.0000000 -0.1439350
v 0.6385850 0.1000000 -0.1925950
v 0.6060650 0.1000000 -0.1439350
v 0.6060650 -0.0000000 -0.1439350
v 0.6385850 -0.0000000 -0.1925950
v 0.6500000 0.1000000 -0.2500000
v 0.6385850 0.1000000 -0.1925950
v 0.6385850 -0.0000000 -0.1925950
v 0.6500000 -0.0000000 -0.2500000
v 0.6385850 0.1000000 -0.3074050
v 0.6500000 0.1000000 -0.2500000
v 0.6500000 -0.0000000 -0.2500000
v 0.6385850 -0.0000000 -0.3074050
v 0.4922563 0.1000000 -0.3989187
v 0.4922563 -0.0000000 -0.3989187
v 0.4425975 -0.0000000 -0.3885825
v 0.4425975 0.1000000 -0.3885825
v 0.6077438 0.1000000 -0.3510813
v 0.6385825 0.1000000 -0.3074025
v 0.6385825 -0.0000000 -0.3074025
v 0.6077438 -0.0000000 -0.3510813
v 0.5260813 0.1000000 -0.3172563
v 0.5500000 0.1000000 -0.3125000
v 0.5500000 -0.0000000 -0.3125000
v 0.5260813 -0.0000000 -0.3172563
v 0.5058063 0.1000000 -0.3308063
v 0.5260813 0.1000000 -0.3172563
v 0.5260813 -0.0000000 -0.3172563
v 0.5058063 -0.0000000 -0.3308063
v 0.4922563 0.1000000 -0.3510813
v 0.5058063 0.1000000 -0.3308063
v 0.5058063 -0.0000000 -0.3308063
v 0.4922563 -0.0000000 -0.3510813
v 0.4875000 0.1000000 -0.3750000
v 0.4922563 0.1000000 -0.3510813
v 0.4922563 -0.0000000 -0.3510813
v 0.4875000 -0.0000000 -0.3750000
v 0.4922563 0.1000000 -0.3989187
v 0.4875000 0.1000000 -0.3750000
v 0.4875000 -0.0000000 -0.3750000
v 0.4922563 -0.0000000 -0.3989187
v 0.5500000 -0.0000000 -0.3125000
v 0.5500000 0.1000000 -0.3125000
v 0.5739188 0.1000000 -0.3172563
v 0.5739188 -0.0000000 -0.3172563
v 0.5739188 -0.0000000 -0.3172563
v 0.5739188 0.1000000 -0.3172563
v 0.5941937 0.1000000 -0.3308063
v 0.5941937 -0.0000000 -0.3308063
v 0.5941937 -0.0000000 -0.3308063
v 0.5941937 0.1000000 -0.3308063
v 0.6077438 0.1000000 -0.3510813
v 0.6077438 -0.0000000 -0.3510813
v 0.5838248 0.1000000 -0.2933398
v 0.6077425 0.1000000 -0.3510823
v 0.5941950 0.1000000 -0.3308044
v 0.5838248 0.1000000 -0.2933398
v 0.5941950 0.1000000 -0.3308044
v 0.5739175 0.1000000 -0.3172581
v 0.5838248 0.1000000 -0.2933398
v 0.5739175 0.1000000 -0.3172581
v 0.5500005 0.1000000 -0.3124984
v 0.5838248 0.1000000 -0.2933398
v 0.5500005 0.1000000 -0.3124984
v 0.5260823 0.1000000 -0.3172575
v 0.4683398 0.1000000 -0.3411753
v 0.5260823 0.1000000 -0.3172575
v 0.5058044 0.1000000 -0.3308050
v 0.4683398 0.1000000 -0.3411753
v 0.5058044 0.1000000 -0.3308050
v 0.4922581 0.1000000 -0.3510825
v 0.4683398 0.1000000 -0.3411753
v 0.4922581 0.1000000 -0.3510825
v 0.4874984 0.1000000 -0.3749995
v 0.4683398 0.1000000 -0.3411753
v 0.4874984 0.1000000 -0.3749995
v 0.4922575 0.1000000 -0.3989177
v 0.4922550 0.1000000 -0.3989200
v 0.4425950 0.1000000 -0.3885850
v 0.4683400 0.1000000 -0.3411750
v 0.4683400 0.1000000 -0.3411750
v 0.4425950 0.1000000 -0.3885850
v 0.5000000 0.1000000 -0.1000000
v 0.5260825 0.1000000 -0.3172575
v 0.5000000 0.1000000 -0.1000000
v 0.5838250 0.1000000 -0.2933400
v 0.4683400 0.1000000 -0.3411750
v 0.5000000 0.1000000 -0.1000000
v 0.5260825 0.1000000 -0.3172575
v 0.6385825 0.1000000 -0.3074025
v 0.5838250 0.1000000 -0.2933400
v 0.5000000 0.1000000 -0.1000000
v 0.6385825 0.1000000 -0.3074025
v 0.6077425 0.1000000 -0.3510825
v 0.5838250 0.1000000 -0.2933400
v 0.4425950 0.1000000 -0.1114150
v 0.5000000 0.1000000 -0.1000000
v 0.4425950 0.1000000 -0.3885850
v 0.3939350 0.1000000 -0.3560650
v 0.3614150 0.1000000 -0.3074050
v 0.3939350 0.1000000 -0.1439350
v 0.4425950 0.1000000 -0.1114150
v 0.3939350 0.1000000 -0.3560650
v 0.3500000 0.1000000 -0.2500000
v 0.3614150 0.1000000 -0.1925950
v 0.3939350 0.1000000 -0.1439350
v 0.3614150 0.1000000 -0.3074050
v 0.5000000 0.1000000 -0.1000000
v 0.5574050 0.1000000 -0.1114150
v 0.6500000 0.1000000 -0.2500000
v 0.6385850 0.1000000 -0.3074050
v 0.5574050 0.1000000 -0.1114150
v 0.6060650 0.1000000 -0.1439350
v 0.6385850 0.1000000 -0.1925950
v 0.6500000 0.1000000 -0.2500000
v -0.4425950 0.1000000 -0.1114150
v -0.5000000 0.1000000 -0.1000000
v -0.5000000 -0.0000000 -0.1000000
v -0.4425950 -0.0000000 -0.1114150
v -0.3939350 0.1000000 -0.1439350
v -0.4425950 0.1000000 -0.1114150
v -0.4425950 -0.0000000 -0.1114150
v -0.3939350 -0.0000000 -0.1439350
v -0.3614150 0.1000000 -0.1925950
v -0.3939350 0.1000000 -0.1439350
v -0.3939350 -0.0000000 -0.1439350
v -0.3614150 -0.0000000 -0.1925950
v -0.3500000 0.1000000 -0.2500000
v -0.3614150 0.1000000 -0.1925950
v -0.3614150 -0.0000000 -0.1925950
v -0.3500000 -0.0000000 -0.2500000
v -0.3614150 0.1000000 -0.3074050
v -0.3500000 0.1000000 -0.2500000
v -0.3500000 -0.0000000 -0.2500000
v -0.3614150 -0.0000000 -0.3074050
v -0.3939350 0.1000000 -0.3560650
v -0.3614150 0.1000000 -0.3074050
v -0.3614150 -0.0000000 -0.3074050
v -0.3939350 -0.0000000 -0.3560650
v -0.4425950 0.1000000 -0.3885850
v -0.3939350 0.1000000 -0.3560650
v -0.3939350 -0.0000000 -0.3560650
v -0.4425950 -0.0000000 -0.3885850
v -0.5574050 -0.0000000 -0.1114150
v -0.5000000 -0.0000000 -0.1000000
v -0.5000000 0.1000000 -0.1000000
v -0.5574050 0.1000000 -0.1114150
v -0.6060650 -0.0000000 -0.1439350
v -0.5574050 -0.0000000 -0.1114150
v -0.5574050 0.1000000 -0.1114150
v -0.6060650 0.1000000 -0.1439350
v -0.6385850 -0.0000000 -0.1925950
v -0.6060650 -0.0000000 -0.1439350
v -0.6060650 0.1000000 -0.1439350
v -0.6385850 0.1000000 -0.1925950
v -0.6500000 -0.0000000 -0.2500000
v -0.6385850 -0.0000000 -0.1925950
v -0.6385850 0.1000000 -0.1925950
v -0.6500000 0.1000000 -0.2500000
v -0.6385850 -0.0000000 -0.3074050
v -0.6500000 -0.0000000 -0.2500000
v -0.6500000 0.1000000 -0.2500000
v -0.6385850 0.1000000 -0.3074050
v -0.4425975 0.1000000 -0.3885825
v -0.4425975 -0.0000000 -0.3885825
v -0.4922563 -0.0000000 -0.3989187
v -0.4922563 0.1000000 -0.3989187
v -0.6077438 -0.0000000 -0.3510813
v -0.6385825 -0.0000000 -0.3074025
v -0.6385825 0.1000000 -0.3074025
v -0.6077438 0.1000000 -0.3510813
v -0.5260813 -0.0000000 -0.3172563
v -0.5500000 -0.0000000 -0.3125000
v -0.5500000 0.1000000 -0.3125000
v -0.5260813 0.1000000 -0.3172563
v -0.5058063 -0.0000000 -0.3308063
v -0.5260813 -0.0000000 -0.3172563
v -0.5260813 0.1000000 -0.3172563
v -0.5058063 0.1000000 -0.3308063
v -0.4922563 -0.0000000 -0.3510813
v -0.5058063 -0.0000000 -0.3308063
v -0.5058063 0.1000000 -0.3308063
v -0.4922563 0.1000000 -0.3510813
v -0.4875000 -0.0000000 -0.3750000
v -0.4922563 -0.0000000 -0.3510813
v -0.4922563 0.1000000 -0.3510813
v -0.4875000 0.1000000 -0.3750000
v -0.4922563 -0.0000000 -0.3989187
v -0.4875000 -0.0000000 -0.3750000
v -0.4875000 0.1000000 -0.3750000
v -0.4922563 0.1000000 -0.3989187
v -0.5739188 -0.0000000 -0.3172563
v -0.5739188 0.1000000 -0.3172563
v -0.5500000 0.1000000 -0.3125000
v -0.5500000 -0.0000000 -0.3125000
v -0.5941937 -0.0000000 -0.3308063
v -0.5941937 0.1000000 -0.3308063
v -0.5739188 0.1000000 -0.3172563
v -0.5739188 -0.0000000 -0.3172563
v -0.6077438 -0.0000000 -0.3510813
v -0.6077438 0.1000000 -0.3510813
v -0.5941937 0.1000000 -0.3308063
v -0.5941937 -0.0000000 -0.3308063
v -0.5941950 0.1000000 -0.3308044
v -0.6077425 0.1000000 -0.3510823
v -0.5838248 0.1000000 -0.2933398
v -0.5739175 0.1000000 -0.3172581
v -0.5941950 0.1000000 -0.3308044
v -0.5838248 0.1000000 -0.2933398
v -0.5500005 0.1000000 -0.3124984
v -0.5739175 0.1000000 -0.3172581
v -0.5838248 0.1000000 -0.2933398
v -0.5260823 0.1000000 -0.3172575
v -0.5500005 0.1000000 -0.3124984
v -0.5838248 0.1000000 -0.2933398
v -0.5058044 0.1000000 -0.3308050
v -0.5260823 0.1000000 -0.3172575
v -0.4683398 0.1000000 -0.3411753
v -0.4922581 0.1000000 -0.3510825
v -0.5058044 0.1000000 -0.3308050
v -0.4683398 0.1000000 -0.3411753
v -0.4874984 0.1000000 -0.3749995
v -0.4922581 0.1000000 -0.3510825
v -0.4683398 0.1000000 -0.3411753
v -0.4922575 0.1000000 -0.3989177
v -0.4874984 0.1000000 -0.3749995
v -0.4683398 0.1000000 -0.3411753
v -0.4683400 0.1000000 -0.3411750
v -0.4425950 0.1000000 -0.3885850
v -0.4922550 0.1000000 -0.3989200
v -0.5000000 0.1000000 -0.1000000
v -0.4425950 0.1000000 -0.3885850
v -0.4683400 0.1000000 -0.3411750
v -0.5838250 0.1000000 -0.2933400
v -0.5000000 0.1000000 -0.1000000
v -0.5260825 0.1000000 -0.3172575
v -0.5260825 0.1000000 -0.3172575
v -0.5000000 0.1000000 -0.1000000
v -0.4683400 0.1000000 -0.3411750
v -0.5000000 0.1000000 -0.1000000
v -0.5838250 0.1000000 -0.2933400
v -0.6385825 0.1000000 -0.3074025
v -0.5838250 0.1000000 -0.2933400
v -0.6077425 0.1000000 -0.3510825
v -0.6385825 0.1000000 -0.3074025
v -0.3939350 0.1000000 -0.3560650
v -0.4425950 0.1000000 -0.3885850
v -0.5000000 0.1000000 -0.1000000
v -0.4425950 0.1000000 -0.1114150
v -0.3939350 0.1000000 -0.3560650
v -0.4425950 0.1000000 -0.1114150
v -0.3939350 0.1000000 -0.1439350
v -0.3614150 0.1000000 -0.3074050
v -0.3614150 0.1000000 -0.3074050
v -0.3939350 0.1000000 -0.1439350
v -0.3614150 0.1000000 -0.1925950
v -0.3500000 0.1000000 -0.2500000
v -0.6385850 0.1000000 -0.3074050
v -0.6500000 0.1000000 -0.2500000
v -0.5574050 0.1000000 -0.1114150
v -0.5000000 0.1000000 -0.1000000
v -0.6500000 0.1000000 -0.2500000
v -0.6385850 0.1000000 -0.1925950
v -0.6060650 0.1000000 -0.1439350
v -0.5574050 0.1000000 -0.1114150
s off
f 1 2 3
f 4 5 6
f 7 8 9
f 10 11 12
f 13 14 15
f 16 17 18
f 19 20 21
f 22 23 24
f 25 26 27
f 25 27 28
f 29 30 31
f 32 33 34
f 35 36 37
f 38 39 40
f 41 42 43
f 44 45 46
f 47 48 49
f 50 51 52
f 53 54 55
f 56 57 58
f 59 60 61
f 62 63 64
f 62 64 65
f 66 67 68
f 66 68 69
f 70 71 72
f 70 72 73
f 74 75 76
f 74 76 77
f 78 79 80
f 78 80 81
f 82 83 84
f 82 84 85
f 86 87 88
f 86 88 89
f 90 91 92
f 90 92 93
f 94 95 96
f 94 96 97
f 98 99 100
f 98 100 101
f 102 103 104
f 102 104 105
f 106 107 108
f 106 108 109
f 110 111 112
f 110 112 113
f 114 115 116
f 114 116 117
f 118 119 120
f 118 120 121
f 122 123 124
f 122 124 125
f 126 127 128
f 129 130 131
f 132 133 134
f 135 136 137
f 138 139 140
f 141 142 143
f 144 145 146
f 147 148 149
f 150 151 152
f 153 154 155
f 156 157 158
f 159 160 161
f 162 163 164
f 165 166 167
f 168 169 170
f 171 172 173
f 174 175 176
f 174 176 177
f 178 179 180
f 181 182 183
f 184 185 186
f 187 188 189
f 190 191 192
f 193 194 195
f 193 195 196
f 197 198 199
f 197 199 200
f 201 202 203
f 201 203 204
f 205 206 207
f 205 207 208
f 209 210 211
f 209 211 212
f 213 214 215
f 213 215 216
f 217 218 219
f 217 219 220
f 221 222 223
f 221 223 224
f 225 226 227
f 225 227 228
f 229 230 231
f 229 231 232
f 233 234 235
f 233 235 236
f 237 238 239
f 237 239 240
f 241 242 243
f 241 243 244
f 245 246 247
f 245 247 248
f 249 250 251
f 249 251 252
f 253 254 255
f 253 255 256
f 257 258 259
f 257 259 260
f 261 262 263
f 261 263 264
f 265 266 267
f 265 267 268
f 269 270 271
f 269 271 272
f 273 274 275
f 273 275 276
f 277 278 279
f 277 279 280
f 281 282 283
f 281 283 284
f 285 286 287
f 285 287 288
f 289 290 291
f 289 291 292
f 293 294 295
f 293 295 296
f 297 298 299
f 297 299 300
f 301 302 303
f 301 303 304
f 305 306 307
f 305 307 308
f 309 310 311
f 309 311 312
f 313 314 315
f 313 315 316
f 317 318 319
f 317 319 320
f 321 322 323
f 321 323 324
f 325 326 327
f 325 327 328
f 329 330 331
f 329 331 332
f 333 334 335
f 333 335 336
f 337 338 339
f 337 339 340
f 341 342 343
f 341 343 344
f 345 346 347
f 345 347 348
f 349 350 351
f 349 351 352
f 353 354 355
f 353 355 356
f 357 358 359
f 357 359 360
f 361 362 363
f 361 363 364
f 365 366 367
f 365 367 368
f 369 370 371
f 369 371 372
f 373 374 375
f 373 375 376
f 377 378 379
f 377 379 380
f 381 382 383
f 381 383 384
f 385 386 387
f 385 387 388
f 389 390 391
f 389 391 392
f 393 394 395
f 393 395 396
f 397 398 399
f 397 399 400
f 401 402 403
f 401 403 404
f 405 406 407
f 405 407 408
f 409 410 411
f 409 411 412
f 413 414 415
f 413 415 416
f 417 418 419
f 417 419 420
f 421 422 423
f 421 423 424
f 425 426 427
f 425 427 428
f 429 430 431
f 429 431 432
f 433 434 435
f 433 435 436
f 437 438 439
f 437 439 440
f 441 442 443
f 441 443 444
f 445 446 447
f 445 447 448
f 449 450 451
f 449 451 452
f 453 454 455
f 453 455 456
f 457 458 459
f 457 459 460
f 461 462 463
f 461 463 464
f 465 466 467
f 465 467 468
f 469 470 471
f 469 471 472
f 473 474 475
f 473 475 476
f 477 478 479
f 477 479 480
f 481 482 483
f 481 483 484
f 485 486 487
f 485 487 488
f 489 490 491
f 489 491 492
f 493 494 495
f 493 495 496
f 497 498 499
f 497 499 500
f 501 502 503
f 501 503 504
f 505 506 507
f 505 507 508
f 509 510 511
f 509 511 512
f 513 514 515
f 513 515 516
f 517 518 519
f 517 519 520
f 521 522 523
f 521 523 524
f 525 526 527
f 525 527 528
f 529 530 531
f 529 531 532
f 533 534 535
f 533 535 536
f 537 538 539
f 537 539 540
f 541 542 543
f 541 543 544
f 545 546 547
f 545 547 548
f 549 550 551
f 549 551 552
f 553 554 555
f 553 555 556
f 557 558 559
f 557 559 560
f 561 562 563
f 561 563 564
f 565 566 567
f 565 567 568
f 569 570 571
f 569 571 572
f 573 574 575
f 573 575 576
f 577 578 579
f 577 579 580
f 581 582 583
f 581 583 584
f 585 586 587
f 585 587 588
f 589 590 591
f 589 591 592
f 593 594 595
f 593 595 596
f 597 598 599
f 597 599 600
f 601 602 603
f 601 603 604
f 605 606 607
f 605 607 608
f 609 610 611
f 609 611 612
f 613 614 615
f 613 615 616
f 617 618 619
f 617 619 620
f 621 622 623
f 621 623 624
f 625 626 627
f 625 627 628
f 629 630 631
f 629 631 632
f 633 634 635
f 633 635 636
f 637 638 639
f 637 639 640
f 641 642 643
f 641 643 644
f 645 646 647
f 645 647 648
f 649 650 651
f 649 651 652
f 653 654 655
f 653 655 656
f 657 658 659
f 657 659 660
f 661 662 663
f 661 663 664
f 665 666 667
f 665 667 668
f 669 670 671
f 669 671 672
f 673 674 675
f 673 675 676
f 677 678 679
f 677 679 680
f 681 682 683
f 681 683 684
f 685 686 687
f 685 687 688
f 689 690 691
f 689 691 692
f 693 694 695
f 693 695 696
f 697 698 699
f 697 699 700
f 701 702 703
f 701 703 704
f 705 706 707
f 705 707 708
f 709 710 711
f 709 711 712
f 713 714 715
f 713 715 716
f 717 718 719
f 717 719 720
f 721 722 723
f 721 723 724
f 725 726 727
f 725 727 728
f 729 730 731
f 729 731 732
f 733 734 735
f 733 735 736
f 737 738 739
f 737 739 740
f 741 742 743
f 741 743 744
f 745 746 747
f 745 747 748
f 749 750 751
f 749 751 752
f 753 754 755
f 753 755 756
f 757 758 759
f 757 759 760
f 761 762 763
f 761 763 764
f 765 766 767
f 765 767 768
f 769 770 771
f 769 771 772
f 773 774 775
f 773 775 776
f 777 778 779
f 777 779 780
f 781 782 783
f 781 783 784
f 785 786 787
f 785 787 788
f 789 790 791
f 789 791 792
f 793 794 795
f 793 795 796
f 797 798 799
f 797 799 800
f 801 802 803
f 801 803 804
f 805 806 807
f 805 807 808
f 809 810 811
f 809 811 812
f 813 814 815
f 813 815 816
f 817 818 819
f 817 819 820
f 821 822 823
f 821 823 824
f 825 826 827
f 825 827 828
f 829 830 831
f 829 831 832
f 833 834 835
f 833 835 836
f 837 838 839
f 837 839 840
f 841 842 843
f 841 843 844
f 845 846 847
f 845 847 848
f 849 850 851
f 849 851 852
f 853 854 855
f 853 855 856
f 857 858 859
f 857 859 860
f 861 862 863
f 861 863 864
f 865 866 867
f 865 867 868
f 869 870 871
f 869 871 872
f 873 874 875
f 873 875 876
f 877 878 879
f 877 879 880
f 881 882 883
f 881 883 884
f 885 886 887
f 885 887 888
f 889 890 891
f 889 891 892
f 893 894 895
f 893 895 896
f 897 898 899
f 897 899 900
f 901 902 903
f 901 903 904
f 905 906 907
f 905 907 908
f 909 910 911
f 909 911 912
f 913 914 915
f 913 915 916
f 917 918 919
f 917 919 920
f 921 922 923
f 921 923 924
f 925 926 927
f 925 927 928
f 929 930 931
f 929 931 932
f 933 934 935
f 933 935 936
f 937 938 939
f 937 939 940
f 941 942 943
f 941 943 944
f 945 946 947
f 945 947 948
f 949 950 951
f 949 951 952
f 953 954 955
f 953 955 956
f 957 958 959
f 957 959 960
f 961 962 963
f 961 963 964
f 965 966 967
f 965 967 968
f 969 970 971
f 969 971 972
f 973 974 975
f 973 975 976
f 977 978 979
f 977 979 980
f 981 982 983
f 981 983 984
f 985 986 987
f 985 987 988
f 989 990 991
f 989 991 992
f 993 994 995
f 993 995 996
f 997 998 999
f 997 999 1000
f 1001 1002 1003
f 1001 1003 1004
f 1005 1006 1007
f 1005 1007 1008
f 1009 1010 1011
f 1009 1011 1012
f 1013 1014 1015
f 1013 1015 1016
f 1017 1018 1019
f 1017 1019 1020
f 1021 1022 1023
f 1021 1023 1024
f 1025 1026 1027
f 1025 1027 1028
f 1029 1030 1031
f 1029 1031 1032
f 1033 1034 1035
f 1033 1035 1036
f 1037 1038 1039
f 1037 1039 1040
f 1041 1042 1043
f 1041 1043 1044
f 1045 1046 1047
f 1045 1047 1048
f 1049 1050 1051
f 1049 1051 1052
f 1053 1054 1055
f 1053 1055 1056
f 1057 1058 1059
f 1057 1059 1060
f 1061 1062 1063
f 1061 1063 1064
f 1065 1066 1067
f 1065 1067 1068
f 1069 1070 1071
f 1069 1071 1072
f 1073 1074 1075
f 1073 1075 1076
f 1077 1078 1079
f 1077 1079 1080
f 1081 1082 1083
f 1081 1083 1084
f 1085 1086 1087
f 1085 1087 1088
f 1089 1090 1091
f 1089 1091 1092
f 1093 1094 1095
f 1093 1095 1096
f 1097 1098 1099
f 1097 1099 1100
f 1101 1102 1103
f 1101 1103 1104
f 1105 1106 1107
f 1105 1107 1108
f 1109 1110 1111
f 1109 1111 1112
f 1113 1114 1115
f 1113 1115 1116
f 1117 1118 1119
f 1117 1119 1120
f 1121 1122 1123
f 1121 1123 1124
f 1125 1126 1127
f 1125 1127 1128
f 1129 1130 1131
f 1129 1131 1132
f 1133 1134 1135
f 1133 1135 1136
f 1137 1138 1139
f 1137 1139 1140
f 1141 1142 1143
f 1141 1143 1144
f 1145 1146 1147
f 1145 1147 1148
f 1149 1150 1151
f 1149 1151 1152
f 1153 1154 1155
f 1153 1155 1156
f 1157 1158 1159
f 1157 1159 1160
f 1161 1162 1163
f 1161 1163 1164
f 1165 1166 1167
f 1165 1167 1168
f 1169 1170 1171
f 1169 1171 1172
f 1173 1174 1175
f 1173 1175 1176
f 1177 1178 1179
f 1177 1179 1180
f 1181 1182 1183
f 1181 1183 1184
f 1185 1186 1187
f 1185 1187 1188
f 1189 1190 1191
f 1189 1191 1192
f 1193 1194 1195
f 1193 1195 1196
f 1197 1198 1199
f 1197 1199 1200
f 1201 1202 1203
f 1201 1203 1204
f 1205 1206 1207
f 1205 1207 1208
f 1209 1210 1211
f 1209 1211 1212
f 1213 1214 1215
f 1213 1215 1216
f 1217 1218 1219
f 1217 1219 1220
f 1221 1222 1223
f 1221 1223 1224
f 1225 1226 1227
f 1225 1227 1228
f 1229 1230 1231
f 1229 1231 1232
f 1233 1234 1235
f 1233 1235 1236
f 1237 1238 1239
f 1237 1239 1240
f 1241 1242 1243
f 1241 1243 1244
f 1245 1246 1247
f 1245 1247 1248
f 1249 1250 1251
f 1249 1251 1252
f 1253 1254 1255
f 1253 1255 1256
f 1257 1258 1259
f 1257 1259 1260
f 1261 1262 1263
f 1261 1263 1264
f 1265 1266 1267
f 1265 1267 1268
f 1269 1270 1271
f 1269 1271 1272
f 1273 1274 1275
f 1273 1275 1276
f 1277 1278 1279
f 1277 1279 1280
f 1281 1282 1283
f 1281 1283 1284
f 1285 1286 1287
f 1285 1287 1288
f 1289 1290 1291
f 1289 1291 1292
f 1293 1294 1295
f 1293 1295 1296
f 1297 1298 1299
f 1297 1299 1300
f 1301 1302 1303
f 1301 1303 1304
f 1305 1306 1307
f 1305 1307 1308
f 1309 1310 1311
f 1309 1311 1312
f 1313 1314 1315
f 1313 1315 1316
f 1317 1318 1319
f 1317 1319 1320
f 1321 1322 1323
f 1321 1323 1324
f 1325 1326 1327
f 1325 1327 1328
f 1329 1330 1331
f 1329 1331 1332
f 1333 1334 1335
f 1333 1335 1336
f 1337 1338 1339
f 1337 1339 1340
f 1341 1342 1343
f 1341 1343 1344
f 1345 1346 1347
f 1348 1349 1350
f 1351 1352 1353
f 1354 1355 1356
f 1357 1358 1359
f 1360 1361 1362
f 1363 1364 1365
f 1366 1367 1368
f 1369 1370 1371
f 1369 1371 1372
f 1373 1374 1375
f 1376 1377 1378
f 1379 1380 1381
f 1382 1383 1384
f 1385 1386 1387
f 1388 1389 1390
f 1391 1392 1393
f 1394 1395 1396
f 1397 1398 1399
f 1400 1401 1402
f 1403 1404 1405
f 1406 1407 1408
f 1406 1408 1409
f 1410 1411 1412
f 1410 1412 1413
f 1414 1415 1416
f 1414 1416 1417
f 1418 1419 1420
f 1418 1420 1421
f 1422 1423 1424
f 1422 1424 1425
f 1426 1427 1428
f 1426 1428 1429
f 1430 1431 1432
f 1430 1432 1433
f 1434 1435 1436
f 1434 1436 1437
f 1438 1439 1440
f 1438 1440 1441
f 1442 1443 1444
f 1442 1444 1445
f 1446 1447 1448
f 1446 1448 1449
f 1450 1451 1452
f 1450 1452 1453
f 1454 1455 1456
f 1454 1456 1457
f 1458 1459 1460
f 1458 1460 1461
f 1462 1463 1464
f 1462 1464 1465
f 1466 1467 1468
f 1466 1468 1469
f 1470 1471 1472
f 1473 1474 1475
f 1476 1477 1478
f 1479 1480 1481
f 1482 1483 1484
f 1485 1486 1487
f 1488 1489 1490
f 1491 1492 1493
f 1494 1495 1496
f 1497 1498 1499
f 1500 1501 1502
f 1503 1504 1505
f 1506 1507 1508
f 1509 1510 1511
f 1512 1513 1514
f 1515 1516 1517
f 1518 1519 1520
f 1518 1520 1521
f 1522 1523 1524
f 1525 1526 1527
f 1528 1529 1530
f 1531 1532 1533
f 1534 1535 1536
f 1537 1538 1539
f 1537 1539 1540
f 1541 1542 1543
f 1541 1543 1544
f 1545 1546 1547
f 1545 1547 1548
f 1549 1550 1551
f 1549 1551 1552
f 1553 1554 1555
f 1553 1555 1556
f 1557 1558 1559
f 1557 1559 1560
f 1561 1562 1563
f 1564 1565 1566
f 1567 1568 1569
f 1570 1571 1572
f 1573 1574 1575
f 1576 1577 1578
f 1576 1578 1579
f 1580 1581 1582
f 1580 1582 1583
f 1584 1585 1586
f 1584 1586 1587
f 1588 1589 1590
f 1588 1590 1591
f 1592 1593 1594
f 1592 1594 1595
f 1596 1597 1598
f 1596 1598 1599
f 1600 1601 1602
f 1600 1602 1603
f 1604 1605 1606
f 1607 1608 1609
f 1610 1611 1612
f 1613 1614 1615
f 1616 1617 1618
f 1619 1620 1621
f 1622 1623 1624
f 1625 1626 1627
f 1628 1629 1630
f 1631 1632 1633
f 1631 1633 1634
f 1635 1636 1637
f 1635 1637 1638
f 1639 1640 1641
f 1639 1641 1642
f 1643 1644 1645
f 1643 1645 1646
f 1647 1648 1649
f 1647 1649 1650
f 1651 1652 1653
f 1651 1653 1654
f 1655 1656 1657
f 1655 1657 1658
f 1659 1660 1661
f 1659 1661 1662
f 1663 1664 1665
f 1663 1665 1666
f 1667 1668 1669
f 1667 1669 1670
f 1671 1672 1673
f 1671 1673 1674
f 1675 1676 1677
f 1675 1677 1678
f 1679 1680 1681
f 1679 1681 1682
f 1683 1684 1685
f 1683 1685 1686
f 1687 1688 1689
f 1687 1689 1690
f 1691 1692 1693
f 1691 1693 1694
f 1695 1696 1697
f 1698 1699 1700
f 1701 1702 1703
f 1704 1705 1706
f 1707 1708 1709
f 1710 1711 1712
f 1713 1714 1715
f 1716 1717 1718
f 1719 1720 1721
f 1722 1723 1724
f 1725 1726 1727
f 1728 1729 1730
f 1731 1732 1733
f 1734 1735 1736
f 1737 1738 1739
f 1740 1741 1742
f 1743 1744 1745
f 1746 1747 1748
f 1749 1750 1751
f 1752 1753 1754
f 1755 1756 1757
f 1758 1759 1760
f 1758 1760 1761
f 1762 1763 1764
f 1765 1766 1767
f 1768 1769 1770
f 1771 1772 1773
f 1774 1775 1776
f 1774 1776 1777
f 1778 1779 1780
f 1781 1782 1783
f 1781 1783 1784
f 1785 1786 1787
f 1788 1789 1790
f 1791 1792 1793
f 1794 1795 1796
f 1797 1798 1799
f 1800 1801 1802
f 1800 1802 1803
f 1804 1805 1806
f 1804 1806 1807
f 1808 1809 1810
f 1808 1810 1811
f 1812 1813 1814
f 1812 1814 1815
f 1816 1817 1818
f 1816 1818 1819
f 1820 1821 1822
f 1820 1822 1823
f 1824 1825 1826
f 1824 1826 1827
f 1828 1829 1830
f 1831 1832 1833
f 1834 1835 1836
f 1837 1838 1839
f 1840 1841 1842
f 1843 1844 1845
f 1846 1847 1848
f 1849 1850 1851
f 1852 1853 1854
f 1855 1856 1857
f 1855 1857 1858
f 1859 1860 1861
f 1859 1861 1862
f 1863 1864 1865
f 1863 1865 1866
f 1867 1868 1869
f 1867 1869 1870
f 1871 1872 1873
f 1871 1873 1874
f 1875 1876 1877
f 1875 1877 1878
f 1879 1880 1881
f 1879 1881 1882
f 1883 1884 1885
f 1883 1885 1886
f 1887 1888 1889
f 1887 1889 1890
f 1891 1892 1893
f 1891 1893 1894
f 1895 1896 1897
f 1895 1897 1898
f 1899 1900 1901
f 1899 1901 1902
f 1903 1904 1905
f 1903 1905 1906
f 1907 1908 1909
f 1907 1909 1910
f 1911 1912 1913
f 1911 1913 1914
f 1915 1916 1917
f 1915 1917 1918
f 1919 1920 1921
f 1922 1923 1924
f 1925 1926 1927
f 1928 1929 1930
f 1931 1932 1933
f 1934 1935 1936
f 1937 1938 1939
f 1940 1941 1942
f 1943 1944 1945
f 1946 1947 1948
f 1949 1950 1951
f 1952 1953 1954
f 1955 1956 1957
f 1958 1959 1960
f 1961 1962 1963
f 1964 1965 1966
f 1967 1968 1969
f 1970 1971 1972
f 1973 1974 1975
f 1976 1977 1978
f 1979 1980 1981
f 1982 1983 1984
f 1982 1984 1985
f 1986 1987 1988
f 1989 1990 1991
f 1992 1993 1994
f 1995 1996 1997
f 1998 1999 2000
f 1998 2000 2001
f 2002 2003 2004
f 2005 2006 2007
f 2005 2007 2008
f 2009 2010 2011
f 2009 2011 2012
f 2013 2014 2015
f 2013 2015 2016
f 2017 2018 2019
f 2017 2019 2020
f 2021 2022 2023
f 2021 2023 2024
f 2025 2026 2027
f 2025 2027 2028
f 2029 2030 2031
f 2029 2031 2032
f 2033 2034 2035
f 2033 2035 2036
f 2037 2038 2039
f 2037 2039 2040
f 2041 2042 2043
f 2041 2043 2044
f 2045 2046 2047
f 2045 2047 2048
f 2049 2050 2051
f 2049 2051 2052
f 2053 2054 2055
f 2053 2055 2056
f 2057 2058 2059
f 2057 2059 2060
f 2061 2062 2063
f 2061 2063 2064
f 2065 2066 2067
f 2065 2067 2068
f 2069 2070 2071
f 2069 2071 2072
f 2073 2074 2075
f 2073 2075 2076
f 2077 2078 2079
f 2077 2079 2080
f 2081 2082 2083
f 2081 2083 2084
f 2085 2086 2087
f 2085 2087 2088
f 2089 2090 2091
f 2089 2091 2092
f 2093 2094 2095
f 2093 2095 2096
f 2097 2098 2099
f 2097 2099 2100
f 2101 2102 2103
f 2101 2103 2104
f 2105 2106 2107
f 2105 2107 2108
f 2109 2110 2111
f 2109 2111 2112
f 2113 2114 2115
f 2113 2115 2116
f 2117 2118 2119
f 2117 2119 2120
f 2121 2122 2123
f 2121 2123 2124
f 2125 2126 2127
f 2125 2127 2128
f 2129 2130 2131
f 2129 2131 2132
f 2133 2134 2135
f 2133 2135 2136
f 2137 2138 2139
f 2137 2139 2140
f 2141 2142 2143
f 2141 2143 2144
f 2145 2146 2147
f 2145 2147 2148
f 2149 2150 2151
f 2149 2151 2152
f 2153 2154 2155
f 2153 2155 2156
f 2157 2158 2159
f 2157 2159 2160
f 2161 2162 2163
f 2161 2163 2164
f 2165 2166 2167
f 2165 2167 2168
f 2169 2170 2171
f 2169 2171 2172
f 2173 2174 2175
f 2173 2175 2176
f 2177 2178 2179
f 2177 2179 2180
f 2181 2182 2183
f 2181 2183 2184
f 2185 2186 2187
f 2185 2187 2188
f 2189 2190 2191
f 2189 2191 2192
f 2193 2194 2195
f 2193 2195 2196
f 2197 2198 2199
f 2197 2199 2200
f 2201 2202 2203
f 2201 2203 2204
f 2205 2206 2207
f 2205 2207 2208
f 2209 2210 2211
f 2212 2213 2214
f 2215 2216 2217
f 2215 2217 2218
f 2219 2220 2221
f 2219 2221 2222
f 2223 2224 2225
f 2223 2225 2226
f 2227 2228 2229
f 2227 2229 2230
f 2231 2232 2233
f 2234 2235 2236
f 2237 2238 2239
f 2237 2239 2240
f 2241 2242 2243
f 2241 2243 2244
f 2245 2246 2247
f 2245 2247 2248
f 2249 2250 2251
f 2249 2251 2252
f 2253 2254 2255
f 2253 2255 2256
f 2257 2258 2259
f 2257 2259 2260
f 2261 2262 2263
f 2261 2263 2264
f 2265 2266 2267
f 2265 2267 2268
f 2269 2270 2271
f 2269 2271 2272
f 2273 2274 2275
f 2273 2275 2276
f 2277 2278 2279
f 2277 2279 2280
f 2281 2282 2283
f 2281 2283 2284
f 2285 2286 2287
f 2285 2287 2288
f 2289 2290 2291
f 2289 2291 2292
f 2293 2294 2295
f 2293 2295 2296
f 2297 2298 2299
f 2297 2299 2300
f 2301 2302 2303
f 2301 2303 2304
f 2305 2306 2307
f 2305 2307 2308
f 2309 2310 2311
f 2309 2311 2312
f 2313 2314 2315
f 2313 2315 2316
f 2317 2318 2319
f 2317 2319 2320
f 2321 2322 2323
f 2321 2323 2324
f 2325 2326 2327
f 2325 2327 2328
f 2329 2330 2331
f 2329 2331 2332
f 2333 2334 2335
f 2333 2335 2336
f 2337 2338 2339
f 2337 2339 2340
f 2341 2342 2343
f 2341 2343 2344
f 2345 2346 2347
f 2345 2347 2348
f 2349 2350 2351
f 2349 2351 2352
f 2353 2354 2355
f 2353 2355 2356
f 2357 2358 2359
f 2357 2359 2360
f 2361 2362 2363
f 2361 2363 2364
f 2365 2366 2367
f 2365 2367 2368
f 2369 2370 2371
f 2369 2371 2372
f 2373 2374 2375
f 2373 2375 2376
f 2377 2378 2379
f 2380 2381 2382
f 2383 2384 2385
f 2386 2387 2388
f 2389 2390 2391
f 2392 2393 2394
f 2395 2396 2397
f 2398 2399 2400
f 2401 2402 2403
f 2404 2405 2406
f 2407 2408 2409
f 2410 2411 2412
f 2413 2414 2415
f 2416 2417 2418
f 2419 2420 2421
f 2419 2421 2422
f 2423 2424 2425
f 2423 2425 2426
f 2427 2428 2429
f 2427 2429 2430
f 2431 2432 2433
f 2431 2433 2434
f 2435 2436 2437
f 2435 2437 2438
f 2439 2440 2441
f 2439 2441 2442
f 2443 2444 2445
f 2443 2445 2446
f 2447 2448 2449
f 2447 2449 2450
f 2451 2452 2453
f 2451 2453 2454
f 2455 2456 2457
f 2455 2457 2458
f 2459 2460 2461
f 2459 2461 2462
f 2463 2464 2465
f 2463 2465 2466
f 2467 2468 2469
f 2467 2469 2470
f 2471 2472 2473
f 2471 2473 2474
f 2475 2476 2477
f 2475 2477 2478
f 2479 2480 2481
f 2479 2481 2482
f 2483 2484 2485
f 2483 2485 2486
f 2487 2488 2489
f 2487 2489 2490
f 2491 2492 2493
f 2491 2493 2494
f 2495 2496 2497
f 2495 2497 2498
f 2499 2500 2501
f 2499 2501 2502
f 2503 2504 2505
f 2503 2505 2506
f 2507 2508 2509
f 2507 2509 2510
f 2511 2512 2513
f 2511 2513 2514
f 2515 2516 2517
f 2515 2517 2518
f 2519 2520 2521
f 2519 2521 2522
f 2523 2524 2525
f 2523 2525 2526
f 2527 2528 2529
f 2530 2531 2532
f 2533 2534 2535
f 2536 2537 2538
f 2539 2540 2541
f 2542 2543 2544
f 2545 2546 2547
f 2548 2549 2550
f 2551 2552 2553
f 2554 2555 2556
f 2557 2558 2559
f 2560 2561 2562
f 2563 2564 2565
f 2566 2567 2568
f 2569 2570 2571
f 2569 2571 2572
f 2573 2574 2575
f 2573 2575 2576
f 2577 2578 2579
f 2577 2579 2580
f 2581 2582 2583
f 2581 2583 2584
f 2585 2586 2587
f 2585 2587 2588
