# Baked from official LDraw part 3007.dat
o ldraw_3007
v 2.0000000 -0.0000000 0.5000000
v 2.0000000 -0.0000000 -0.5000000
v -2.0000000 -0.0000000 -0.5000000
v -2.0000000 -0.0000000 0.5000000
v 2.0000000 -0.0000000 0.5000000
v -2.0000000 -0.0000000 0.5000000
v -2.0000000 -0.6000000 0.5000000
v 2.0000000 -0.6000000 0.5000000
v -2.0000000 -0.0000000 0.5000000
v -2.0000000 -0.0000000 -0.5000000
v -2.0000000 -0.6000000 -0.5000000
v -2.0000000 -0.6000000 0.5000000
v 2.0000000 -0.0000000 -0.5000000
v 2.0000000 -0.0000000 0.5000000
v 2.0000000 -0.6000000 0.5000000
v 2.0000000 -0.6000000 -0.5000000
v -1.9000000 -0.1000000 -0.4000000
v 1.9000000 -0.1000000 -0.4000000
v 1.9000000 -0.1000000 0.4000000
v -1.9000000 -0.1000000 0.4000000
v 1.9000000 -0.1000000 0.4000000
v 1.9000000 -0.6000000 0.4000000
v -1.9000000 -0.6000000 0.4000000
v -1.9000000 -0.1000000 0.4000000
v -1.9000000 -0.1000000 0.4000000
v -1.9000000 -0.6000000 0.4000000
v -1.9000000 -0.6000000 -0.4000000
v -1.9000000 -0.1000000 -0.4000000
v -1.9000000 -0.1000000 -0.4000000
v -1.9000000 -0.6000000 -0.4000000
v 1.9000000 -0.6000000 -0.4000000
v 1.9000000 -0.1000000 -0.4000000
v 1.9000000 -0.1000000 -0.4000000
v 1.9000000 -0.6000000 -0.4000000
v 1.9000000 -0.6000000 0.4000000
v 1.9000000 -0.1000000 0.4000000
v -2.0000000 -0.6000000 0.5000000
v -1.9000000 -0.6000000 0.4000000
v 1.9000000 -0.6000000 0.4000000
v 2.0000000 -0.6000000 0.5000000
v 2.0000000 -0.6000000 -0.5000000
v 1.9000000 -0.6000000 -0.4000000
v -1.9000000 -0.6000000 -0.4000000
v -2.0000000 -0.6000000 -0.5000000
v 2.0000000 -0.6000000 0.5000000
v 1.9000000 -0.6000000 0.4000000
v 1.9000000 -0.6000000 -0.4000000
v 2.0000000 -0.6000000 -0.5000000
v -2.0000000 -0.6000000 -0.5000000
v -1.9000000 -0.6000000 -0.4000000
v -1.9000000 -0.6000000 0.4000000
v -2.0000000 -0.6000000 0.5000000
v -1.6000000 0.1000000 0.2500000
v -1.6114150 0.1000000 0.3074050
v -1.6114150 -0.0000000 0.3074050
v -1.6000000 -0.0000000 0.2500000
v -1.6114150 0.1000000 0.3074050
v -1.6439350 0.1000000 0.3560650
v -1.6439350 -0.0000000 0.3560650
v -1.6114150 -0.0000000 0.3074050
v -1.6439350 0.1000000 0.3560650
v -1.6925950 0.1000000 0.3885850
v -1.6925950 -0.0000000 0.3885850
v -1.6439350 -0.0000000 0.3560650
v -1.6925950 0.1000000 0.3885850
v -1.7500000 0.1000000 0.4000000
v -1.7500000 -0.0000000 0.4000000
v -1.6925950 -0.0000000 0.3885850
v -1.7500000 0.1000000 0.4000000
v -1.8074050 0.1000000 0.3885850
v -1.8074050 -0.0000000 0.3885850
v -1.7500000 -0.0000000 0.4000000
v -1.8074050 0.1000000 0.3885850
v -1.8560650 0.1000000 0.3560650
v -1.8560650 -0.0000000 0.3560650
v -1.8074050 -0.0000000 0.3885850
v -1.8560650 0.1000000 0.3560650
v -1.8885850 0.1000000 0.3074050
v -1.8885850 -0.0000000 0.3074050
v -1.8560650 -0.0000000 0.3560650
v -1.8885850 0.1000000 0.3074050
v -1.9000000 0.1000000 0.2500000
v -1.9000000 -0.0000000 0.2500000
v -1.8885850 -0.0000000 0.3074050
v -1.9000000 0.1000000 0.2500000
v -1.8885850 0.1000000 0.1925950
v -1.8885850 -0.0000000 0.1925950
v -1.9000000 -0.0000000 0.2500000
v -1.8885850 0.1000000 0.1925950
v -1.8560650 0.1000000 0.1439350
v -1.8560650 -0.0000000 0.1439350
v -1.8885850 -0.0000000 0.1925950
v -1.8560650 0.1000000 0.1439350
v -1.8074050 0.1000000 0.1114150
v -1.8074050 -0.0000000 0.1114150
v -1.8560650 -0.0000000 0.1439350
v -1.8074050 0.1000000 0.1114150
v -1.7500000 0.1000000 0.1000000
v -1.7500000 -0.0000000 0.1000000
v -1.8074050 -0.0000000 0.1114150
v -1.7500000 0.1000000 0.1000000
v -1.6925950 0.1000000 0.1114150
v -1.6925950 -0.0000000 0.1114150
v -1.7500000 -0.0000000 0.1000000
v -1.6925950 0.1000000 0.1114150
v -1.6439350 0.1000000 0.1439350
v -1.6439350 -0.0000000 0.1439350
v -1.6925950 -0.0000000 0.1114150
v -1.6439350 0.1000000 0.1439350
v -1.6114150 0.1000000 0.1925950
v -1.6114150 -0.0000000 0.1925950
v -1.6439350 -0.0000000 0.1439350
v -1.6114150 0.1000000 0.1925950
v -1.6000000 0.1000000 0.2500000
v -1.6000000 -0.0000000 0.2500000
v -1.6114150 -0.0000000 0.1925950
v -1.6114150 0.1000000 0.3074050
v -1.6000000 0.1000000 0.2500000
v -1.7500000 0.1000000 0.2500000
v -1.6439350 0.1000000 0.3560650
v -1.6114150 0.1000000 0.3074050
v -1.7500000 0.1000000 0.2500000
v -1.6925950 0.1000000 0.3885850
v -1.6439350 0.1000000 0.3560650
v -1.7500000 0.1000000 0.2500000
v -1.7500000 0.1000000 0.4000000
v -1.6925950 0.1000000 0.3885850
v -1.7500000 0.1000000 0.2500000
v -1.8074050 0.1000000 0.3885850
v -1.7500000 0.1000000 0.4000000
v -1.7500000 0.1000000 0.2500000
v -1.8560650 0.1000000 0.3560650
v -1.8074050 0.1000000 0.3885850
v -1.7500000 0.1000000 0.2500000
v -1.8885850 0.1000000 0.3074050
v -1.8560650 0.1000000 0.3560650
v -1.7500000 0.1000000 0.2500000
v -1.9000000 0.1000000 0.2500000
v -1.8885850 0.1000000 0.3074050
v -1.7500000 0.1000000 0.2500000
v -1.8885850 0.1000000 0.1925950
v -1.9000000 0.1000000 0.2500000
v -1.7500000 0.1000000 0.2500000
v -1.8560650 0.1000000 0.1439350
v -1.8885850 0.1000000 0.1925950
v -1.7500000 0.1000000 0.2500000
v -1.8074050 0.1000000 0.1114150
v -1.8560650 0.1000000 0.1439350
v -1.7500000 0.1000000 0.2500000
v -1.7500000 0.1000000 0.1000000
v -1.8074050 0.1000000 0.1114150
v -1.7500000 0.1000000 0.2500000
v -1.6925950 0.1000000 0.1114150
v -1.7500000 0.1000000 0.1000000
v -1.7500000 0.1000000 0.2500000
v -1.6439350 0.1000000 0.1439350
v -1.6925950 0.1000000 0.1114150
v -1.7500000 0.1000000 0.2500000
v -1.6114150 0.1000000 0.1925950
v -1.6439350 0.1000000 0.1439350
v -1.7500000 0.1000000 0.2500000
v -1.6000000 0.1000000 0.2500000
v -1.6114150 0.1000000 0.1925950
v -1.7500000 0.1000000 0.2500000
v -1.1000000 0.1000000 0.2500000
v -1.1114150 0.1000000 0.3074050
v -1.1114150 -0.0000000 0.3074050
v -1.1000000 -0.0000000 0.2500000
v -1.1114150 0.1000000 0.3074050
v -1.1439350 0.1000000 0.3560650
v -1.1439350 -0.0000000 0.3560650
v -1.1114150 -0.0000000 0.3074050
v -1.1439350 0.1000000 0.3560650
v -1.1925950 0.1000000 0.3885850
v -1.1925950 -0.0000000 0.3885850
v -1.1439350 -0.0000000 0.3560650
v -1.1925950 0.1000000 0.3885850
v -1.2500000 0.1000000 0.4000000
v -1.2500000 -0.0000000 0.4000000
v -1.1925950 -0.0000000 0.3885850
v -1.2500000 0.1000000 0.4000000
v -1.3074050 0.1000000 0.3885850
v -1.3074050 -0.0000000 0.3885850
v -1.2500000 -0.0000000 0.4000000
v -1.3074050 0.1000000 0.3885850
v -1.3560650 0.1000000 0.3560650
v -1.3560650 -0.0000000 0.3560650
v -1.3074050 -0.0000000 0.3885850
v -1.3560650 0.1000000 0.3560650
v -1.3885850 0.1000000 0.3074050
v -1.3885850 -0.0000000 0.3074050
v -1.3560650 -0.0000000 0.3560650
v -1.3885850 0.1000000 0.3074050
v -1.4000000 0.1000000 0.2500000
v -1.4000000 -0.0000000 0.2500000
v -1.3885850 -0.0000000 0.3074050
v -1.4000000 0.1000000 0.2500000
v -1.3885850 0.1000000 0.1925950
v -1.3885850 -0.0000000 0.1925950
v -1.4000000 -0.0000000 0.2500000
v -1.3885850 0.1000000 0.1925950
v -1.3560650 0.1000000 0.1439350
v -1.3560650 -0.0000000 0.1439350
v -1.3885850 -0.0000000 0.1925950
v -1.3560650 0.1000000 0.1439350
v -1.3074050 0.1000000 0.1114150
v -1.3074050 -0.0000000 0.1114150
v -1.3560650 -0.0000000 0.1439350
v -1.3074050 0.1000000 0.1114150
v -1.2500000 0.1000000 0.1000000
v -1.2500000 -0.0000000 0.1000000
v -1.3074050 -0.0000000 0.1114150
v -1.2500000 0.1000000 0.1000000
v -1.1925950 0.1000000 0.1114150
v -1.1925950 -0.0000000 0.1114150
v -1.2500000 -0.0000000 0.1000000
v -1.1925950 0.1000000 0.1114150
v -1.1439350 0.1000000 0.1439350
v -1.1439350 -0.0000000 0.1439350
v -1.1925950 -0.0000000 0.1114150
v -1.1439350 0.1000000 0.1439350
v -1.1114150 0.1000000 0.1925950
v -1.1114150 -0.0000000 0.1925950
v -1.1439350 -0.0000000 0.1439350
v -1.1114150 0.1000000 0.1925950
v -1.1000000 0.1000000 0.2500000
v -1.1000000 -0.0000000 0.2500000
v -1.1114150 -0.0000000 0.1925950
v -1.1114150 0.1000000 0.3074050
v -1.1000000 0.1000000 0.2500000
v -1.2500000 0.1000000 0.2500000
v -1.1439350 0.1000000 0.3560650
v -1.1114150 0.1000000 0.3074050
v -1.2500000 0.1000000 0.2500000
v -1.1925950 0.1000000 0.3885850
v -1.1439350 0.1000000 0.3560650
v -1.2500000 0.1000000 0.2500000
v -1.2500000 0.1000000 0.4000000
v -1.1925950 0.1000000 0.3885850
v -1.2500000 0.1000000 0.2500000
v -1.3074050 0.1000000 0.3885850
v -1.2500000 0.1000000 0.4000000
v -1.2500000 0.1000000 0.2500000
v -1.3560650 0.1000000 0.3560650
v -1.3074050 0.1000000 0.3885850
v -1.2500000 0.1000000 0.2500000
v -1.3885850 0.1000000 0.3074050
v -1.3560650 0.1000000 0.3560650
v -1.2500000 0.1000000 0.2500000
v -1.4000000 0.1000000 0.2500000
v -1.3885850 0.1000000 0.3074050
v -1.2500000 0.1000000 0.2500000
v -1.3885850 0.1000000 0.1925950
v -1.4000000 0.1000000 0.2500000
v -1.2500000 0.1000000 0.2500000
v -1.3560650 0.1000000 0.1439350
v -1.3885850 0.1000000 0.1925950
v -1.2500000 0.1000000 0.2500000
v -1.3074050 0.1000000 0.1114150
v -1.3560650 0.1000000 0.1439350
v -1.2500000 0.1000000 0.2500000
v -1.2500000 0.1000000 0.1000000
v -1.3074050 0.1000000 0.1114150
v -1.2500000 0.1000000 0.2500000
v -1.1925950 0.1000000 0.1114150
v -1.2500000 0.1000000 0.1000000
v -1.2500000 0.1000000 0.2500000
v -1.1439350 0.1000000 0.1439350
v -1.1925950 0.1000000 0.1114150
v -1.2500000 0.1000000 0.2500000
v -1.1114150 0.1000000 0.1925950
v -1.1439350 0.1000000 0.1439350
v -1.2500000 0.1000000 0.2500000
v -1.1000000 0.1000000 0.2500000
v -1.1114150 0.1000000 0.1925950
v -1.2500000 0.1000000 0.2500000
v -0.6000000 0.1000000 0.2500000
v -0.6114150 0.1000000 0.3074050
v -0.6114150 -0.0000000 0.3074050
v -0.6000000 -0.0000000 0.2500000
v -0.6114150 0.1000000 0.3074050
v -0.6439350 0.1000000 0.3560650
v -0.6439350 -0.0000000 0.3560650
v -0.6114150 -0.0000000 0.3074050
v -0.6439350 0.1000000 0.3560650
v -0.6925950 0.1000000 0.3885850
v -0.6925950 -0.0000000 0.3885850
v -0.6439350 -0.0000000 0.3560650
v -0.6925950 0.1000000 0.3885850
v -0.7500000 0.1000000 0.4000000
v -0.7500000 -0.0000000 0.4000000
v -0.6925950 -0.0000000 0.3885850
v -0.7500000 0.1000000 0.4000000
v -0.8074050 0.1000000 0.3885850
v -0.8074050 -0.0000000 0.3885850
v -0.7500000 -0.0000000 0.4000000
v -0.8074050 0.1000000 0.3885850
v -0.8560650 0.1000000 0.3560650
v -0.8560650 -0.0000000 0.3560650
v -0.8074050 -0.0000000 0.3885850
v -0.8560650 0.1000000 0.3560650
v -0.8885850 0.1000000 0.3074050
v -0.8885850 -0.0000000 0.3074050
v -0.8560650 -0.0000000 0.3560650
v -0.8885850 0.1000000 0.3074050
v -0.9000000 0.1000000 0.2500000
v -0.9000000 -0.0000000 0.2500000
v -0.8885850 -0.0000000 0.3074050
v -0.9000000 0.1000000 0.2500000
v -0.8885850 0.1000000 0.1925950
v -0.8885850 -0.0000000 0.1925950
v -0.9000000 -0.0000000 0.2500000
v -0.8885850 0.1000000 0.1925950
v -0.8560650 0.1000000 0.1439350
v -0.8560650 -0.0000000 0.1439350
v -0.8885850 -0.0000000 0.1925950
v -0.8560650 0.1000000 0.1439350
v -0.8074050 0.1000000 0.1114150
v -0.8074050 -0.0000000 0.1114150
v -0.8560650 -0.0000000 0.1439350
v -0.8074050 0.1000000 0.1114150
v -0.7500000 0.1000000 0.1000000
v -0.7500000 -0.0000000 0.1000000
v -0.8074050 -0.0000000 0.1114150
v -0.7500000 0.1000000 0.1000000
v -0.6925950 0.1000000 0.1114150
v -0.6925950 -0.0000000 0.1114150
v -0.7500000 -0.0000000 0.1000000
v -0.6925950 0.1000000 0.1114150
v -0.6439350 0.1000000 0.1439350
v -0.6439350 -0.0000000 0.1439350
v -0.6925950 -0.0000000 0.1114150
v -0.6439350 0.1000000 0.1439350
v -0.6114150 0.1000000 0.1925950
v -0.6114150 -0.0000000 0.1925950
v -0.6439350 -0.0000000 0.1439350
v -0.6114150 0.1000000 0.1925950
v -0.6000000 0.1000000 0.2500000
v -0.6000000 -0.0000000 0.2500000
v -0.6114150 -0.0000000 0.1925950
v -0.6114150 0.1000000 0.3074050
v -0.6000000 0.1000000 0.2500000
v -0.7500000 0.1000000 0.2500000
v -0.6439350 0.1000000 0.3560650
v -0.6114150 0.1000000 0.3074050
v -0.7500000 0.1000000 0.2500000
v -0.6925950 0.1000000 0.3885850
v -0.6439350 0.1000000 0.3560650
v -0.7500000 0.1000000 0.2500000
v -0.7500000 0.1000000 0.4000000
v -0.6925950 0.1000000 0.3885850
v -0.7500000 0.1000000 0.2500000
v -0.8074050 0.1000000 0.3885850
v -0.7500000 0.1000000 0.4000000
v -0.7500000 0.1000000 0.2500000
v -0.8560650 0.1000000 0.3560650
v -0.8074050 0.1000000 0.3885850
v -0.7500000 0.1000000 0.2500000
v -0.8885850 0.1000000 0.3074050
v -0.8560650 0.1000000 0.3560650
v -0.7500000 0.1000000 0.2500000
v -0.9000000 0.1000000 0.2500000
v -0.8885850 0.1000000 0.3074050
v -0.7500000 0.1000000 0.2500000
v -0.8885850 0.1000000 0.1925950
v -0.9000000 0.1000000 0.2500000
v -0.7500000 0.1000000 0.2500000
v -0.8560650 0.1000000 0.1439350
v -0.8885850 0.1000000 0.1925950
v -0.7500000 0.1000000 0.2500000
v -0.8074050 0.1000000 0.1114150
v -0.8560650 0.1000000 0.1439350
v -0.7500000 0.1000000 0.2500000
v -0.7500000 0.1000000 0.1000000
v -0.8074050 0.1000000 0.1114150
v -0.7500000 0.1000000 0.2500000
v -0.6925950 0.1000000 0.1114150
v -0.7500000 0.1000000 0.1000000
v -0.7500000 0.1000000 0.2500000
v -0.6439350 0.1000000 0.1439350
v -0.6925950 0.1000000 0.1114150
v -0.7500000 0.1000000 0.2500000
v -0.6114150 0.1000000 0.1925950
v -0.6439350 0.1000000 0.1439350
v -0.7500000 0.1000000 0.2500000
v -0.6000000 0.1000000 0.2500000
v -0.6114150 0.1000000 0.1925950
v -0.7500000 0.1000000 0.2500000
v -0.1000000 0.1000000 0.2500000
v -0.1114150 0.1000000 0.3074050
v -0.1114150 -0.0000000 0.3074050
v -0.1000000 -0.0000000 0.2500000
v -0.1114150 0.1000000 0.3074050
v -0.1439350 0.1000000 0.3560650
v -0.1439350 -0.0000000 0.3560650
v -0.1114150 -0.0000000 0.3074050
v -0.1439350 0.1000000 0.3560650
v -0.1925950 0.1000000 0.3885850
v -0.1925950 -0.0000000 0.3885850
v -0.1439350 -0.0000000 0.3560650
v -0.1925950 0.1000000 0.3885850
v -0.2500000 0.1000000 0.4000000
v -0.2500000 -0.0000000 0.4000000
v -0.1925950 -0.0000000 0.3885850
v -0.2500000 0.1000000 0.4000000
v -0.3074050 0.1000000 0.3885850
v -0.3074050 -0.0000000 0.3885850
v -0.2500000 -0.0000000 0.4000000
v -0.3074050 0.1000000 0.3885850
v -0.3560650 0.1000000 0.3560650
v -0.3560650 -0.0000000 0.3560650
v -0.3074050 -0.0000000 0.3885850
v -0.3560650 0.1000000 0.3560650
v -0.3885850 0.1000000 0.3074050
v -0.3885850 -0.0000000 0.3074050
v -0.3560650 -0.0000000 0.3560650
v -0.3885850 0.1000000 0.3074050
v -0.4000000 0.1000000 0.2500000
v -0.4000000 -0.0000000 0.2500000
v -0.3885850 -0.0000000 0.3074050
v -0.4000000 0.1000000 0.2500000
v -0.3885850 0.1000000 0.1925950
v -0.3885850 -0.0000000 0.1925950
v -0.4000000 -0.0000000 0.2500000
v -0.3885850 0.1000000 0.1925950
v -0.3560650 0.1000000 0.1439350
v -0.3560650 -0.0000000 0.1439350
v -0.3885850 -0.0000000 0.1925950
v -0.3560650 0.1000000 0.1439350
v -0.3074050 0.1000000 0.1114150
v -0.3074050 -0.0000000 0.1114150
v -0.3560650 -0.0000000 0.1439350
v -0.3074050 0.1000000 0.1114150
v -0.2500000 0.1000000 0.1000000
v -0.2500000 -0.0000000 0.1000000
v -0.3074050 -0.0000000 0.1114150
v -0.2500000 0.1000000 0.1000000
v -0.1925950 0.1000000 0.1114150
v -0.1925950 -0.0000000 0.1114150
v -0.2500000 -0.0000000 0.1000000
v -0.1925950 0.1000000 0.1114150
v -0.1439350 0.1000000 0.1439350
v -0.1439350 -0.0000000 0.1439350
v -0.1925950 -0.0000000 0.1114150
v -0.1439350 0.1000000 0.1439350
v -0.1114150 0.1000000 0.1925950
v -0.1114150 -0.0000000 0.1925950
v -0.1439350 -0.0000000 0.1439350
v -0.1114150 0.1000000 0.1925950
v -0.1000000 0.1000000 0.2500000
v -0.1000000 -0.0000000 0.2500000
v -0.1114150 -0.0000000 0.1925950
v -0.1114150 0.1000000 0.3074050
v -0.1000000 0.1000000 0.2500000
v -0.2500000 0.1000000 0.2500000
v -0.1439350 0.1000000 0.3560650
v -0.1114150 0.1000000 0.3074050
v -0.2500000 0.1000000 0.2500000
v -0.1925950 0.1000000 0.3885850
v -0.1439350 0.1000000 0.3560650
v -0.2500000 0.1000000 0.2500000
v -0.2500000 0.1000000 0.4000000
v -0.1925950 0.1000000 0.3885850
v -0.2500000 0.1000000 0.2500000
v -0.3074050 0.1000000 0.3885850
v -0.2500000 0.1000000 0.4000000
v -0.2500000 0.1000000 0.2500000
v -0.3560650 0.1000000 0.3560650
v -0.3074050 0.1000000 0.3885850
v -0.2500000 0.1000000 0.2500000
v -0.3885850 0.1000000 0.3074050
v -0.3560650 0.1000000 0.3560650
v -0.2500000 0.1000000 0.2500000
v -0.4000000 0.1000000 0.2500000
v -0.3885850 0.1000000 0.3074050
v -0.2500000 0.1000000 0.2500000
v -0.3885850 0.1000000 0.1925950
v -0.4000000 0.1000000 0.2500000
v -0.2500000 0.1000000 0.2500000
v -0.3560650 0.1000000 0.1439350
v -0.3885850 0.1000000 0.1925950
v -0.2500000 0.1000000 0.2500000
v -0.3074050 0.1000000 0.1114150
v -0.3560650 0.1000000 0.1439350
v -0.2500000 0.1000000 0.2500000
v -0.2500000 0.1000000 0.1000000
v -0.3074050 0.1000000 0.1114150
v -0.2500000 0.1000000 0.2500000
v -0.1925950 0.1000000 0.1114150
v -0.2500000 0.1000000 0.1000000
v -0.2500000 0.1000000 0.2500000
v -0.1439350 0.1000000 0.1439350
v -0.1925950 0.1000000 0.1114150
v -0.2500000 0.1000000 0.2500000
v -0.1114150 0.1000000 0.1925950
v -0.1439350 0.1000000 0.1439350
v -0.2500000 0.1000000 0.2500000
v -0.1000000 0.1000000 0.2500000
v -0.1114150 0.1000000 0.1925950
v -0.2500000 0.1000000 0.2500000
v 0.4000000 0.1000000 0.2500000
v 0.3885850 0.1000000 0.3074050
v 0.3885850 -0.0000000 0.3074050
v 0.4000000 -0.0000000 0.2500000
v 0.3885850 0.1000000 0.3074050
v 0.3560650 0.1000000 0.3560650
v 0.3560650 -0.0000000 0.3560650
v 0.3885850 -0.0000000 0.3074050
v 0.3560650 0.1000000 0.3560650
v 0.3074050 0.1000000 0.3885850
v 0.3074050 -0.0000000 0.3885850
v 0.3560650 -0.0000000 0.3560650
v 0.3074050 0.1000000 0.3885850
v 0.2500000 0.1000000 0.4000000
v 0.2500000 -0.0000000 0.4000000
v 0.3074050 -0.0000000 0.3885850
v 0.2500000 0.1000000 0.4000000
v 0.1925950 0.1000000 0.3885850
v 0.1925950 -0.0000000 0.3885850
v 0.2500000 -0.0000000 0.4000000
v 0.1925950 0.1000000 0.3885850
v 0.1439350 0.1000000 0.3560650
v 0.1439350 -0.0000000 0.3560650
v 0.1925950 -0.0000000 0.3885850
v 0.1439350 0.1000000 0.3560650
v 0.1114150 0.1000000 0.3074050
v 0.1114150 -0.0000000 0.3074050
v 0.1439350 -0.0000000 0.3560650
v 0.1114150 0.1000000 0.3074050
v 0.1000000 0.1000000 0.2500000
v 0.1000000 -0.0000000 0.2500000
v 0.1114150 -0.0000000 0.3074050
v 0.1000000 0.1000000 0.2500000
v 0.1114150 0.1000000 0.1925950
v 0.1114150 -0.0000000 0.1925950
v 0.1000000 -0.0000000 0.2500000
v 0.1114150 0.1000000 0.1925950
v 0.1439350 0.1000000 0.1439350
v 0.1439350 -0.0000000 0.1439350
v 0.1114150 -0.0000000 0.1925950
v 0.1439350 0.1000000 0.1439350
v 0.1925950 0.1000000 0.1114150
v 0.1925950 -0.0000000 0.1114150
v 0.1439350 -0.0000000 0.1439350
v 0.1925950 0.1000000 0.1114150
v 0.2500000 0.1000000 0.1000000
v 0.2500000 -0.0000000 0.1000000
v 0.1925950 -0.0000000 0.1114150
v 0.2500000 0.1000000 0.1000000
v 0.3074050 0.1000000 0.1114150
v 0.3074050 -0.0000000 0.1114150
v 0.2500000 -0.0000000 0.1000000
v 0.3074050 0.1000000 0.1114150
v 0.3560650 0.1000000 0.1439350
v 0.3560650 -0.0000000 0.1439350
v 0.3074050 -0.0000000 0.1114150
v 0.3560650 0.1000000 0.1439350
v 0.3885850 0.1000000 0.1925950
v 0.3885850 -0.0000000 0.1925950
v 0.3560650 -0.0000000 0.1439350
v 0.3885850 0.1000000 0.1925950
v 0.4000000 0.1000000 0.2500000
v 0.4000000 -0.0000000 0.2500000
v 0.3885850 -0.0000000 0.1925950
v 0.3885850 0.1000000 0.3074050
v 0.4000000 0.1000000 0.2500000
v 0.2500000 0.1000000 0.2500000
v 0.3560650 0.1000000 0.3560650
v 0.3885850 0.1000000 0.3074050
v 0.2500000 0.1000000 0.2500000
v 0.3074050 0.1000000 0.3885850
v 0.3560650 0.1000000 0.3560650
v 0.2500000 0.1000000 0.2500000
v 0.2500000 0.1000000 0.4000000
v 0.3074050 0.1000000 0.3885850
v 0.2500000 0.1000000 0.2500000
v 0.1925950 0.1000000 0.3885850
v 0.2500000 0.1000000 0.4000000
v 0.2500000 0.1000000 0.2500000
v 0.1439350 0.1000000 0.3560650
v 0.1925950 0.1000000 0.3885850
v 0.2500000 0.1000000 0.2500000
v 0.1114150 0.1000000 0.3074050
v 0.1439350 0.1000000 0.3560650
v 0.2500000 0.1000000 0.2500000
v 0.1000000 0.1000000 0.2500000
v 0.1114150 0.1000000 0.3074050
v 0.2500000 0.1000000 0.2500000
v 0.1114150 0.1000000 0.1925950
v 0.1000000 0.1000000 0.2500000
v 0.2500000 0.1000000 0.2500000
v 0.1439350 0.1000000 0.1439350
v 0.1114150 0.1000000 0.1925950
v 0.2500000 0.1000000 0.2500000
v 0.1925950 0.1000000 0.1114150
v 0.1439350 0.1000000 0.1439350
v 0.2500000 0.1000000 0.2500000
v 0.2500000 0.1000000 0.1000000
v 0.1925950 0.1000000 0.1114150
v 0.2500000 0.1000000 0.2500000
v 0.3074050 0.1000000 0.1114150
v 0.2500000 0.1000000 0.1000000
v 0.2500000 0.1000000 0.2500000
v 0.3560650 0.1000000 0.1439350
v 0.3074050 0.1000000 0.1114150
v 0.2500000 0.1000000 0.2500000
v 0.3885850 0.1000000 0.1925950
v 0.3560650 0.1000000 0.1439350
v 0.2500000 0.1000000 0.2500000
v 0.4000000 0.1000000 0.2500000
v 0.3885850 0.1000000 0.1925950
v 0.2500000 0.1000000 0.2500000
v 0.9000000 0.1000000 0.2500000
v 0.8885850 0.1000000 0.3074050
v 0.8885850 -0.0000000 0.3074050
v 0.9000000 -0.0000000 0.2500000
v 0.8885850 0.1000000 0.3074050
v 0.8560650 0.1000000 0.3560650
v 0.8560650 -0.0000000 0.3560650
v 0.8885850 -0.0000000 0.3074050
v 0.8560650 0.1000000 0.3560650
v 0.8074050 0.1000000 0.3885850
v 0.8074050 -0.0000000 0.3885850
v 0.8560650 -0.0000000 0.3560650
v 0.8074050 0.1000000 0.3885850
v 0.7500000 0.1000000 0.4000000
v 0.7500000 -0.0000000 0.4000000
v 0.8074050 -0.0000000 0.3885850
v 0.7500000 0.1000000 0.4000000
v 0.6925950 0.1000000 0.3885850
v 0.6925950 -0.0000000 0.3885850
v 0.7500000 -0.0000000 0.4000000
v 0.6925950 0.1000000 0.3885850
v 0.6439350 0.1000000 0.3560650
v 0.6439350 -0.0000000 0.3560650
v 0.6925950 -0.0000000 0.3885850
v 0.6439350 0.1000000 0.3560650
v 0.6114150 0.1000000 0.3074050
v 0.6114150 -0.0000000 0.3074050
v 0.6439350 -0.0000000 0.3560650
v 0.6114150 0.1000000 0.3074050
v 0.6000000 0.1000000 0.2500000
v 0.6000000 -0.0000000 0.2500000
v 0.6114150 -0.0000000 0.3074050
v 0.6000000 0.1000000 0.2500000
v 0.6114150 0.1000000 0.1925950
v 0.6114150 -0.0000000 0.1925950
v 0.6000000 -0.0000000 0.2500000
v 0.6114150 0.1000000 0.1925950
v 0.6439350 0.1000000 0.1439350
v 0.6439350 -0.0000000 0.1439350
v 0.6114150 -0.0000000 0.1925950
v 0.6439350 0.1000000 0.1439350
v 0.6925950 0.1000000 0.1114150
v 0.6925950 -0.0000000 0.1114150
v 0.6439350 -0.0000000 0.1439350
v 0.6925950 0.1000000 0.1114150
v 0.7500000 0.1000000 0.1000000
v 0.7500000 -0.0000000 0.1000000
v 0.6925950 -0.0000000 0.1114150
v 0.7500000 0.1000000 0.1000000
v 0.8074050 0.1000000 0.1114150
v 0.8074050 -0.0000000 0.1114150
v 0.7500000 -0.0000000 0.1000000
v 0.8074050 0.1000000 0.1114150
v 0.8560650 0.1000000 0.1439350
v 0.8560650 -0.0000000 0.1439350
v 0.8074050 -0.0000000 0.1114150
v 0.8560650 0.1000000 0.1439350
v 0.8885850 0.1000000 0.1925950
v 0.8885850 -0.0000000 0.1925950
v 0.8560650 -0.0000000 0.1439350
v 0.8885850 0.1000000 0.1925950
v 0.9000000 0.1000000 0.2500000
v 0.9000000 -0.0000000 0.2500000
v 0.8885850 -0.0000000 0.1925950
v 0.8885850 0.1000000 0.3074050
v 0.9000000 0.1000000 0.2500000
v 0.7500000 0.1000000 0.2500000
v 0.8560650 0.1000000 0.3560650
v 0.8885850 0.1000000 0.3074050
v 0.7500000 0.1000000 0.2500000
v 0.8074050 0.1000000 0.3885850
v 0.8560650 0.1000000 0.3560650
v 0.7500000 0.1000000 0.2500000
v 0.7500000 0.1000000 0.4000000
v 0.8074050 0.1000000 0.3885850
v 0.7500000 0.1000000 0.2500000
v 0.6925950 0.1000000 0.3885850
v 0.7500000 0.1000000 0.4000000
v 0.7500000 0.1000000 0.2500000
v 0.6439350 0.1000000 0.3560650
v 0.6925950 0.1000000 0.3885850
v 0.7500000 0.1000000 0.2500000
v 0.6114150 0.1000000 0.3074050
v 0.6439350 0.1000000 0.3560650
v 0.7500000 0.1000000 0.2500000
v 0.6000000 0.1000000 0.2500000
v 0.6114150 0.1000000 0.3074050
v 0.7500000 0.1000000 0.2500000
v 0.6114150 0.1000000 0.1925950
v 0.6000000 0.1000000 0.2500000
v 0.7500000 0.1000000 0.2500000
v 0.6439350 0.1000000 0.1439350
v 0.6114150 0.1000000 0.1925950
v 0.7500000 0.1000000 0.2500000
v 0.6925950 0.1000000 0.1114150
v 0.6439350 0.1000000 0.1439350
v 0.7500000 0.1000000 0.2500000
v 0.7500000 0.1000000 0.1000000
v 0.6925950 0.1000000 0.1114150
v 0.7500000 0.1000000 0.2500000
v 0.8074050 0.1000000 0.1114150
v 0.7500000 0.1000000 0.1000000
v 0.7500000 0.1000000 0.2500000
v 0.8560650 0.1000000 0.1439350
v 0.8074050 0.1000000 0.1114150
v 0.7500000 0.1000000 0.2500000
v 0.8885850 0.1000000 0.1925950
v 0.8560650 0.1000000 0.1439350
v 0.7500000 0.1000000 0.2500000
v 0.9000000 0.1000000 0.2500000
v 0.8885850 0.1000000 0.1925950
v 0.7500000 0.1000000 0.2500000
v 1.4000000 0.1000000 0.2500000
v 1.3885850 0.1000000 0.3074050
v 1.3885850 -0.0000000 0.3074050
v 1.4000000 -0.0000000 0.2500000
v 1.3885850 0.1000000 0.3074050
v 1.3560650 0.1000000 0.3560650
v 1.3560650 -0.0000000 0.3560650
v 1.3885850 -0.0000000 0.3074050
v 1.3560650 0.1000000 0.3560650
v 1.3074050 0.1000000 0.3885850
v 1.3074050 -0.0000000 0.3885850
v 1.3560650 -0.0000000 0.3560650
v 1.3074050 0.1000000 0.3885850
v 1.2500000 0.1000000 0.4000000
v 1.2500000 -0.0000000 0.4000000
v 1.3074050 -0.0000000 0.3885850
v 1.2500000 0.1000000 0.4000000
v 1.1925950 0.1000000 0.3885850
v 1.1925950 -0.0000000 0.3885850
v 1.2500000 -0.0000000 0.4000000
v 1.1925950 0.1000000 0.3885850
v 1.1439350 0.1000000 0.3560650
v 1.1439350 -0.0000000 0.3560650
v 1.1925950 -0.0000000 0.3885850
v 1.1439350 0.1000000 0.3560650
v 1.1114150 0.1000000 0.3074050
v 1.1114150 -0.0000000 0.3074050
v 1.1439350 -0.0000000 0.3560650
v 1.1114150 0.1000000 0.3074050
v 1.1000000 0.1000000 0.2500000
v 1.1000000 -0.0000000 0.2500000
v 1.1114150 -0.0000000 0.3074050
v 1.1000000 0.1000000 0.2500000
v 1.1114150 0.1000000 0.1925950
v 1.1114150 -0.0000000 0.1925950
v 1.1000000 -0.0000000 0.2500000
v 1.1114150 0.1000000 0.1925950
v 1.1439350 0.1000000 0.1439350
v 1.1439350 -0.0000000 0.1439350
v 1.1114150 -0.0000000 0.1925950
v 1.1439350 0.1000000 0.1439350
v 1.1925950 0.1000000 0.1114150
v 1.1925950 -0.0000000 0.1114150
v 1.1439350 -0.0000000 0.1439350
v 1.1925950 0.1000000 0.1114150
v 1.2500000 0.1000000 0.1000000
v 1.2500000 -0.0000000 0.1000000
v 1.1925950 -0.0000000 0.1114150
v 1.2500000 0.1000000 0.1000000
v 1.3074050 0.1000000 0.1114150
v 1.3074050 -0.0000000 0.1114150
v 1.2500000 -0.0000000 0.1000000
v 1.3074050 0.1000000 0.1114150
v 1.3560650 0.1000000 0.1439350
v 1.3560650 -0.0000000 0.1439350
v 1.3074050 -0.0000000 0.1114150
v 1.3560650 0.1000000 0.1439350
v 1.3885850 0.1000000 0.1925950
v 1.3885850 -0.0000000 0.1925950
v 1.3560650 -0.0000000 0.1439350
v 1.3885850 0.1000000 0.1925950
v 1.4000000 0.1000000 0.2500000
v 1.4000000 -0.0000000 0.2500000
v 1.3885850 -0.0000000 0.1925950
v 1.3885850 0.1000000 0.3074050
v 1.4000000 0.1000000 0.2500000
v 1.2500000 0.1000000 0.2500000
v 1.3560650 0.1000000 0.3560650
v 1.3885850 0.1000000 0.3074050
v 1.2500000 0.1000000 0.2500000
v 1.3074050 0.1000000 0.3885850
v 1.3560650 0.1000000 0.3560650
v 1.2500000 0.1000000 0.2500000
v 1.2500000 0.1000000 0.4000000
v 1.3074050 0.1000000 0.3885850
v 1.2500000 0.1000000 0.2500000
v 1.1925950 0.1000000 0.3885850
v 1.2500000 0.1000000 0.4000000
v 1.2500000 0.1000000 0.2500000
v 1.1439350 0.1000000 0.3560650
v 1.1925950 0.1000000 0.3885850
v 1.2500000 0.1000000 0.2500000
v 1.1114150 0.1000000 0.3074050
v 1.1439350 0.1000000 0.3560650
v 1.2500000 0.1000000 0.2500000
v 1.1000000 0.1000000 0.2500000
v 1.1114150 0.1000000 0.3074050
v 1.2500000 0.1000000 0.2500000
v 1.1114150 0.1000000 0.1925950
v 1.1000000 0.1000000 0.2500000
v 1.2500000 0.1000000 0.2500000
v 1.1439350 0.1000000 0.1439350
v 1.1114150 0.1000000 0.1925950
v 1.2500000 0.1000000 0.2500000
v 1.1925950 0.1000000 0.1114150
v 1.1439350 0.1000000 0.1439350
v 1.2500000 0.1000000 0.2500000
v 1.2500000 0.1000000 0.1000000
v 1.1925950 0.1000000 0.1114150
v 1.2500000 0.1000000 0.2500000
v 1.3074050 0.1000000 0.1114150
v 1.2500000 0.1000000 0.1000000
v 1.2500000 0.1000000 0.2500000
v 1.3560650 0.1000000 0.1439350
v 1.3074050 0.1000000 0.1114150
v 1.2500000 0.1000000 0.2500000
v 1.3885850 0.1000000 0.1925950
v 1.3560650 0.1000000 0.1439350
v 1.2500000 0.1000000 0.2500000
v 1.4000000 0.1000000 0.2500000
v 1.3885850 0.1000000 0.1925950
v 1.2500000 0.1000000 0.2500000
v 1.9000000 0.1000000 0.2500000
v 1.8885850 0.1000000 0.3074050
v 1.8885850 -0.0000000 0.3074050
v 1.9000000 -0.0000000 0.2500000
v 1.8885850 0.1000000 0.3074050
v 1.8560650 0.1000000 0.3560650
v 1.8560650 -0.0000000 0.3560650
v 1.8885850 -0.0000000 0.3074050
v 1.8560650 0.1000000 0.3560650
v 1.8074050 0.1000000 0.3885850
v 1.8074050 -0.0000000 0.3885850
v 1.8560650 -0.0000000 0.3560650
v 1.8074050 0.1000000 0.3885850
v 1.7500000 0.1000000 0.4000000
v 1.7500000 -0.0000000 0.4000000
v 1.8074050 -0.0000000 0.3885850
v 1.7500000 0.1000000 0.4000000
v 1.6925950 0.1000000 0.3885850
v 1.6925950 -0.0000000 0.3885850
v 1.7500000 -0.0000000 0.4000000
v 1.6925950 0.1000000 0.3885850
v 1.6439350 0.1000000 0.3560650
v 1.6439350 -0.0000000 0.3560650
v 1.6925950 -0.0000000 0.3885850
v 1.6439350 0.1000000 0.3560650
v 1.6114150 0.1000000 0.3074050
v 1.6114150 -0.0000000 0.3074050
v 1.6439350 -0.0000000 0.3560650
v 1.6114150 0.1000000 0.3074050
v 1.6000000 0.1000000 0.2500000
v 1.6000000 -0.0000000 0.2500000
v 1.6114150 -0.0000000 0.3074050
v 1.6000000 0.1000000 0.2500000
v 1.6114150 0.1000000 0.1925950
v 1.6114150 -0.0000000 0.1925950
v 1.6000000 -0.0000000 0.2500000
v 1.6114150 0.1000000 0.1925950
v 1.6439350 0.1000000 0.1439350
v 1.6439350 -0.0000000 0.1439350
v 1.6114150 -0.0000000 0.1925950
v 1.6439350 0.1000000 0.1439350
v 1.6925950 0.1000000 0.1114150
v 1.6925950 -0.0000000 0.1114150
v 1.6439350 -0.0000000 0.1439350
v 1.6925950 0.1000000 0.1114150
v 1.7500000 0.1000000 0.1000000
v 1.7500000 -0.0000000 0.1000000
v 1.6925950 -0.0000000 0.1114150
v 1.7500000 0.1000000 0.1000000
v 1.8074050 0.1000000 0.1114150
v 1.8074050 -0.0000000 0.1114150
v 1.7500000 -0.0000000 0.1000000
v 1.8074050 0.1000000 0.1114150
v 1.8560650 0.1000000 0.1439350
v 1.8560650 -0.0000000 0.1439350
v 1.8074050 -0.0000000 0.1114150
v 1.8560650 0.1000000 0.1439350
v 1.8885850 0.1000000 0.1925950
v 1.8885850 -0.0000000 0.1925950
v 1.8560650 -0.0000000 0.1439350
v 1.8885850 0.1000000 0.1925950
v 1.9000000 0.1000000 0.2500000
v 1.9000000 -0.0000000 0.2500000
v 1.8885850 -0.0000000 0.1925950
v 1.8885850 0.1000000 0.3074050
v 1.9000000 0.1000000 0.2500000
v 1.7500000 0.1000000 0.2500000
v 1.8560650 0.1000000 0.3560650
v 1.8885850 0.1000000 0.3074050
v 1.7500000 0.1000000 0.2500000
v 1.8074050 0.1000000 0.3885850
v 1.8560650 0.1000000 0.3560650
v 1.7500000 0.1000000 0.2500000
v 1.7500000 0.1000000 0.4000000
v 1.8074050 0.1000000 0.3885850
v 1.7500000 0.1000000 0.2500000
v 1.6925950 0.1000000 0.3885850
v 1.7500000 0.1000000 0.4000000
v 1.7500000 0.1000000 0.2500000
v 1.6439350 0.1000000 0.3560650
v 1.6925950 0.1000000 0.3885850
v 1.7500000 0.1000000 0.2500000
v 1.6114150 0.1000000 0.3074050
v 1.6439350 0.1000000 0.3560650
v 1.7500000 0.1000000 0.2500000
v 1.6000000 0.1000000 0.2500000
v 1.6114150 0.1000000 0.3074050
v 1.7500000 0.1000000 0.2500000
v 1.6114150 0.1000000 0.1925950
v 1.6000000 0.1000000 0.2500000
v 1.7500000 0.1000000 0.2500000
v 1.6439350 0.1000000 0.1439350
v 1.6114150 0.1000000 0.1925950
v 1.7500000 0.1000000 0.2500000
v 1.6925950 0.1000000 0.1114150
v 1.6439350 0.1000000 0.1439350
v 1.7500000 0.1000000 0.2500000
v 1.7500000 0.1000000 0.1000000
v 1.6925950 0.1000000 0.1114150
v 1.7500000 0.1000000 0.2500000
v 1.8074050 0.1000000 0.1114150
v 1.7500000 0.1000000 0.1000000
v 1.7500000 0.1000000 0.2500000
v 1.8560650 0.1000000 0.1439350
v 1.8074050 0.1000000 0.1114150
v 1.7500000 0.1000000 0.2500000
v 1.8885850 0.1000000 0.1925950
v 1.8560650 0.1000000 0.1439350
v 1.7500000 0.1000000 0.2500000
v 1.9000000 0.1000000 0.2500000
v 1.8885850 0.1000000 0.1925950
v 1.7500000 0.1000000 0.2500000
v -1.6000000 0.1000000 -0.2500000
v -1.6114150 0.1000000 -0.1925950
v -1.6114150 -0.0000000 -0.1925950
v -1.6000000 -0.0000000 -0.2500000
v -1.6114150 0.1000000 -0.1925950
v -1.6439350 0.1000000 -0.1439350
v -1.6439350 -0.0000000 -0.1439350
v -1.6114150 -0.0000000 -0.1925950
v -1.6439350 0.1000000 -0.1439350
v -1.6925950 0.1000000 -0.1114150
v -1.6925950 -0.0000000 -0.1114150
v -1.6439350 -0.0000000 -0.1439350
v -1.6925950 0.1000000 -0.1114150
v -1.7500000 0.1000000 -0.1000000
v -1.7500000 -0.0000000 -0.1000000
v -1.6925950 -0.0000000 -0.1114150
v -1.7500000 0.1000000 -0.1000000
v -1.8074050 0.1000000 -0.1114150
v -1.8074050 -0.0000000 -0.1114150
v -1.7500000 -0.0000000 -0.1000000
v -1.8074050 0.1000000 -0.1114150
v -1.8560650 0.1000000 -0.1439350
v -1.8560650 -0.0000000 -0.1439350
v -1.8074050 -0.0000000 -0.1114150
v -1.8560650 0.1000000 -0.1439350
v -1.8885850 0.1000000 -0.1925950
v -1.8885850 -0.0000000 -0.1925950
v -1.8560650 -0.0000000 -0.1439350
v -1.8885850 0.1000000 -0.1925950
v -1.9000000 0.1000000 -0.2500000
v -1.9000000 -0.0000000 -0.2500000
v -1.8885850 -0.0000000 -0.1925950
v -1.9000000 0.1000000 -0.2500000
v -1.8885850 0.1000000 -0.3074050
v -1.8885850 -0.0000000 -0.3074050
v -1.9000000 -0.0000000 -0.2500000
v -1.8885850 0.1000000 -0.3074050
v -1.8560650 0.1000000 -0.3560650
v -1.8560650 -0.0000000 -0.3560650
v -1.8885850 -0.0000000 -0.3074050
v -1.8560650 0.1000000 -0.3560650
v -1.8074050 0.1000000 -0.3885850
v -1.8074050 -0.0000000 -0.3885850
v -1.8560650 -0.0000000 -0.3560650
v -1.8074050 0.1000000 -0.3885850
v -1.7500000 0.1000000 -0.4000000
v -1.7500000 -0.0000000 -0.4000000
v -1.8074050 -0.0000000 -0.3885850
v -1.7500000 0.1000000 -0.4000000
v -1.6925950 0.1000000 -0.3885850
v -1.6925950 -0.0000000 -0.3885850
v -1.7500000 -0.0000000 -0.4000000
v -1.6925950 0.1000000 -0.3885850
v -1.6439350 0.1000000 -0.3560650
v -1.6439350 -0.0000000 -0.3560650
v -1.6925950 -0.0000000 -0.3885850
v -1.6439350 0.1000000 -0.3560650
v -1.6114150 0.1000000 -0.3074050
v -1.6114150 -0.0000000 -0.3074050
v -1.6439350 -0.0000000 -0.3560650
v -1.6114150 0.1000000 -0.3074050
v -1.6000000 0.1000000 -0.2500000
v -1.6000000 -0.0000000 -0.2500000
v -1.6114150 -0.0000000 -0.3074050
v -1.6114150 0.1000000 -0.1925950
v -1.6000000 0.1000000 -0.2500000
v -1.7500000 0.1000000 -0.2500000
v -1.6439350 0.1000000 -0.1439350
v -1.6114150 0.1000000 -0.1925950
v -1.7500000 0.1000000 -0.2500000
v -1.6925950 0.1000000 -0.1114150
v -1.6439350 0.1000000 -0.1439350
v -1.7500000 0.1000000 -0.2500000
v -1.7500000 0.1000000 -0.1000000
v -1.6925950 0.1000000 -0.1114150
v -1.7500000 0.1000000 -0.2500000
v -1.8074050 0.1000000 -0.1114150
v -1.7500000 0.1000000 -0.1000000
v -1.7500000 0.1000000 -0.2500000
v -1.8560650 0.1000000 -0.1439350
v -1.8074050 0.1000000 -0.1114150
v -1.7500000 0.1000000 -0.2500000
v -1.8885850 0.1000000 -0.1925950
v -1.8560650 0.1000000 -0.1439350
v -1.7500000 0.1000000 -0.2500000
v -1.9000000 0.1000000 -0.2500000
v -1.8885850 0.1000000 -0.1925950
v -1.7500000 0.1000000 -0.2500000
v -1.8885850 0.1000000 -0.3074050
v -1.9000000 0.1000000 -0.2500000
v -1.7500000 0.1000000 -0.2500000
v -1.8560650 0.1000000 -0.3560650
v -1.8885850 0.1000000 -0.3074050
v -1.7500000 0.1000000 -0.2500000
v -1.8074050 0.1000000 -0.3885850
v -1.8560650 0.1000000 -0.3560650
v -1.7500000 0.1000000 -0.2500000
v -1.7500000 0.1000000 -0.4000000
v -1.8074050 0.1000000 -0.3885850
v -1.7500000 0.1000000 -0.2500000
v -1.6925950 0.1000000 -0.3885850
v -1.7500000 0.1000000 -0.4000000
v -1.7500000 0.1000000 -0.2500000
v -1.6439350 0.1000000 -0.3560650
v -1.6925950 0.1000000 -0.3885850
v -1.7500000 0.1000000 -0.2500000
v -1.6114150 0.1000000 -0.3074050
v -1.6439350 0.1000000 -0.3560650
v -1.7500000 0.1000000 -0.2500000
v -1.6000000 0.1000000 -0.2500000
v -1.6114150 0.1000000 -0.3074050
v -1.7500000 0.1000000 -0.2500000
v -1.1000000 0.1000000 -0.2500000
v -1.1114150 0.1000000 -0.1925950
v -1.1114150 -0.0000000 -0.1925950
v -1.1000000 -0.0000000 -0.2500000
v -1.1114150 0.1000000 -0.1925950
v -1.1439350 0.1000000 -0.1439350
v -1.1439350 -0.0000000 -0.1439350
v -1.1114150 -0.0000000 -0.1925950
v -1.1439350 0.1000000 -0.1439350
v -1.1925950 0.1000000 -0.1114150
v -1.1925950 -0.0000000 -0.1114150
v -1.1439350 -0.0000000 -0.1439350
v -1.1925950 0.1000000 -0.1114150
v -1.2500000 0.1000000 -0.1000000
v -1.2500000 -0.0000000 -0.1000000
v -1.1925950 -0.0000000 -0.1114150
v -1.2500000 0.1000000 -0.1000000
v -1.3074050 0.1000000 -0.1114150
v -1.3074050 -0.0000000 -0.1114150
v -1.2500000 -0.0000000 -0.1000000
v -1.3074050 0.1000000 -0.1114150
v -1.3560650 0.1000000 -0.1439350
v -1.3560650 -0.0000000 -0.1439350
v -1.3074050 -0.0000000 -0.1114150
v -1.3560650 0.1000000 -0.1439350
v -1.3885850 0.1000000 -0.1925950
v -1.3885850 -0.0000000 -0.1925950
v -1.3560650 -0.0000000 -0.1439350
v -1.3885850 0.1000000 -0.1925950
v -1.4000000 0.1000000 -0.2500000
v -1.4000000 -0.0000000 -0.2500000
v -1.3885850 -0.0000000 -0.1925950
v -1.4000000 0.1000000 -0.2500000
v -1.3885850 0.1000000 -0.3074050
v -1.3885850 -0.0000000 -0.3074050
v -1.4000000 -0.0000000 -0.2500000
v -1.3885850 0.1000000 -0.3074050
v -1.3560650 0.1000000 -0.3560650
v -1.3560650 -0.0000000 -0.3560650
v -1.3885850 -0.0000000 -0.3074050
v -1.3560650 0.1000000 -0.3560650
v -1.3074050 0.1000000 -0.3885850
v -1.3074050 -0.0000000 -0.3885850
v -1.3560650 -0.0000000 -0.3560650
v -1.3074050 0.1000000 -0.3885850
v -1.2500000 0.1000000 -0.4000000
v -1.2500000 -0.0000000 -0.4000000
v -1.3074050 -0.0000000 -0.3885850
v -1.2500000 0.1000000 -0.4000000
v -1.1925950 0.1000000 -0.3885850
v -1.1925950 -0.0000000 -0.3885850
v -1.2500000 -0.0000000 -0.4000000
v -1.1925950 0.1000000 -0.3885850
v -1.1439350 0.1000000 -0.3560650
v -1.1439350 -0.0000000 -0.3560650
v -1.1925950 -0.0000000 -0.3885850
v -1.1439350 0.1000000 -0.3560650
v -1.1114150 0.1000000 -0.3074050
v -1.1114150 -0.0000000 -0.3074050
v -1.1439350 -0.0000000 -0.3560650
v -1.1114150 0.1000000 -0.3074050
v -1.1000000 0.1000000 -0.2500000
v -1.1000000 -0.0000000 -0.2500000
v -1.1114150 -0.0000000 -0.3074050
v -1.1114150 0.1000000 -0.1925950
v -1.1000000 0.1000000 -0.2500000
v -1.2500000 0.1000000 -0.2500000
v -1.1439350 0.1000000 -0.1439350
v -1.1114150 0.1000000 -0.1925950
v -1.2500000 0.1000000 -0.2500000
v -1.1925950 0.1000000 -0.1114150
v -1.1439350 0.1000000 -0.1439350
v -1.2500000 0.1000000 -0.2500000
v -1.2500000 0.1000000 -0.1000000
v -1.1925950 0.1000000 -0.1114150
v -1.2500000 0.1000000 -0.2500000
v -1.3074050 0.1000000 -0.1114150
v -1.2500000 0.1000000 -0.1000000
v -1.2500000 0.1000000 -0.2500000
v -1.3560650 0.1000000 -0.1439350
v -1.3074050 0.1000000 -0.1114150
v -1.2500000 0.1000000 -0.2500000
v -1.3885850 0.1000000 -0.1925950
v -1.3560650 0.1000000 -0.1439350
v -1.2500000 0.1000000 -0.2500000
v -1.4000000 0.1000000 -0.2500000
v -1.3885850 0.1000000 -0.1925950
v -1.2500000 0.1000000 -0.2500000
v -1.3885850 0.1000000 -0.3074050
v -1.4000000 0.1000000 -0.2500000
v -1.2500000 0.1000000 -0.2500000
v -1.3560650 0.1000000 -0.3560650
v -1.3885850 0.1000000 -0.3074050
v -1.2500000 0.1000000 -0.2500000
v -1.3074050 0.1000000 -0.3885850
v -1.3560650 0.1000000 -0.3560650
v -1.2500000 0.1000000 -0.2500000
v -1.2500000 0.1000000 -0.4000000
v -1.3074050 0.1000000 -0.3885850
v -1.2500000 0.1000000 -0.2500000
v -1.1925950 0.1000000 -0.3885850
v -1.2500000 0.1000000 -0.4000000
v -1.2500000 0.1000000 -0.2500000
v -1.1439350 0.1000000 -0.3560650
v -1.1925950 0.1000000 -0.3885850
v -1.2500000 0.1000000 -0.2500000
v -1.1114150 0.1000000 -0.3074050
v -1.1439350 0.1000000 -0.3560650
v -1.2500000 0.1000000 -0.2500000
v -1.1000000 0.1000000 -0.2500000
v -1.1114150 0.1000000 -0.3074050
v -1.2500000 0.1000000 -0.2500000
v -0.6000000 0.1000000 -0.2500000
v -0.6114150 0.1000000 -0.1925950
v -0.6114150 -0.0000000 -0.1925950
v -0.6000000 -0.0000000 -0.2500000
v -0.6114150 0.1000000 -0.1925950
v -0.6439350 0.1000000 -0.1439350
v -0.6439350 -0.0000000 -0.1439350
v -0.6114150 -0.0000000 -0.1925950
v -0.6439350 0.1000000 -0.1439350
v -0.6925950 0.1000000 -0.1114150
v -0.6925950 -0.0000000 -0.1114150
v -0.6439350 -0.0000000 -0.1439350
v -0.6925950 0.1000000 -0.1114150
v -0.7500000 0.1000000 -0.1000000
v -0.7500000 -0.0000000 -0.1000000
v -0.6925950 -0.0000000 -0.1114150
v -0.7500000 0.1000000 -0.1000000
v -0.8074050 0.1000000 -0.1114150
v -0.8074050 -0.0000000 -0.1114150
v -0.7500000 -0.0000000 -0.1000000
v -0.8074050 0.1000000 -0.1114150
v -0.8560650 0.1000000 -0.1439350
v -0.8560650 -0.0000000 -0.1439350
v -0.8074050 -0.0000000 -0.1114150
v -0.8560650 0.1000000 -0.1439350
v -0.8885850 0.1000000 -0.1925950
v -0.8885850 -0.0000000 -0.1925950
v -0.8560650 -0.0000000 -0.1439350
v -0.8885850 0.1000000 -0.1925950
v -0.9000000 0.1000000 -0.2500000
v -0.9000000 -0.0000000 -0.2500000
v -0.8885850 -0.0000000 -0.1925950
v -0.9000000 0.1000000 -0.2500000
v -0.8885850 0.1000000 -0.3074050
v -0.8885850 -0.0000000 -0.3074050
v -0.9000000 -0.0000000 -0.2500000
v -0.8885850 0.1000000 -0.3074050
v -0.8560650 0.1000000 -0.3560650
v -0.8560650 -0.0000000 -0.3560650
v -0.8885850 -0.0000000 -0.3074050
v -0.8560650 0.1000000 -0.3560650
v -0.8074050 0.1000000 -0.3885850
v -0.8074050 -0.0000000 -0.3885850
v -0.8560650 -0.0000000 -0.3560650
v -0.8074050 0.1000000 -0.3885850
v -0.7500000 0.1000000 -0.4000000
v -0.7500000 -0.0000000 -0.4000000
v -0.8074050 -0.0000000 -0.3885850
v -0.7500000 0.1000000 -0.4000000
v -0.6925950 0.1000000 -0.3885850
v -0.6925950 -0.0000000 -0.3885850
v -0.7500000 -0.0000000 -0.4000000
v -0.6925950 0.1000000 -0.3885850
v -0.6439350 0.1000000 -0.3560650
v -0.6439350 -0.0000000 -0.3560650
v -0.6925950 -0.0000000 -0.3885850
v -0.6439350 0.1000000 -0.3560650
v -0.6114150 0.1000000 -0.3074050
v -0.6114150 -0.0000000 -0.3074050
v -0.6439350 -0.0000000 -0.3560650
v -0.6114150 0.1000000 -0.3074050
v -0.6000000 0.1000000 -0.2500000
v -0.6000000 -0.0000000 -0.2500000
v -0.6114150 -0.0000000 -0.3074050
v -0.6114150 0.1000000 -0.1925950
v -0.6000000 0.1000000 -0.2500000
v -0.7500000 0.1000000 -0.2500000
v -0.6439350 0.1000000 -0.1439350
v -0.6114150 0.1000000 -0.1925950
v -0.7500000 0.1000000 -0.2500000
v -0.6925950 0.1000000 -0.1114150
v -0.6439350 0.1000000 -0.1439350
v -0.7500000 0.1000000 -0.2500000
v -0.7500000 0.1000000 -0.1000000
v -0.6925950 0.1000000 -0.1114150
v -0.7500000 0.1000000 -0.2500000
v -0.8074050 0.1000000 -0.1114150
v -0.7500000 0.1000000 -0.1000000
v -0.7500000 0.1000000 -0.2500000
v -0.8560650 0.1000000 -0.1439350
v -0.8074050 0.1000000 -0.1114150
v -0.7500000 0.1000000 -0.2500000
v -0.8885850 0.1000000 -0.1925950
v -0.8560650 0.1000000 -0.1439350
v -0.7500000 0.1000000 -0.2500000
v -0.9000000 0.1000000 -0.2500000
v -0.8885850 0.1000000 -0.1925950
v -0.7500000 0.1000000 -0.2500000
v -0.8885850 0.1000000 -0.3074050
v -0.9000000 0.1000000 -0.2500000
v -0.7500000 0.1000000 -0.2500000
v -0.8560650 0.1000000 -0.3560650
v -0.8885850 0.1000000 -0.3074050
v -0.7500000 0.1000000 -0.2500000
v -0.8074050 0.1000000 -0.3885850
v -0.8560650 0.1000000 -0.3560650
v -0.7500000 0.1000000 -0.2500000
v -0.7500000 0.1000000 -0.4000000
v -0.8074050 0.1000000 -0.3885850
v -0.7500000 0.1000000 -0.2500000
v -0.6925950 0.1000000 -0.3885850
v -0.7500000 0.1000000 -0.4000000
v -0.7500000 0.1000000 -0.2500000
v -0.6439350 0.1000000 -0.3560650
v -0.6925950 0.1000000 -0.3885850
v -0.7500000 0.1000000 -0.2500000
v -0.6114150 0.1000000 -0.3074050
v -0.6439350 0.1000000 -0.3560650
v -0.7500000 0.1000000 -0.2500000
v -0.6000000 0.1000000 -0.2500000
v -0.6114150 0.1000000 -0.3074050
v -0.7500000 0.1000000 -0.2500000
v -0.1000000 0.1000000 -0.2500000
v -0.1114150 0.1000000 -0.1925950
v -0.1114150 -0.0000000 -0.1925950
v -0.1000000 -0.0000000 -0.2500000
v -0.1114150 0.1000000 -0.1925950
v -0.1439350 0.1000000 -0.1439350
v -0.1439350 -0.0000000 -0.1439350
v -0.1114150 -0.0000000 -0.1925950
v -0.1439350 0.1000000 -0.1439350
v -0.1925950 0.1000000 -0.1114150
v -0.1925950 -0.0000000 -0.1114150
v -0.1439350 -0.0000000 -0.1439350
v -0.1925950 0.1000000 -0.1114150
v -0.2500000 0.1000000 -0.1000000
v -0.2500000 -0.0000000 -0.1000000
v -0.1925950 -0.0000000 -0.1114150
v -0.2500000 0.1000000 -0.1000000
v -0.3074050 0.1000000 -0.1114150
v -0.3074050 -0.0000000 -0.1114150
v -0.2500000 -0.0000000 -0.1000000
v -0.3074050 0.1000000 -0.1114150
v -0.3560650 0.1000000 -0.1439350
v -0.3560650 -0.0000000 -0.1439350
v -0.3074050 -0.0000000 -0.1114150
v -0.3560650 0.1000000 -0.1439350
v -0.3885850 0.1000000 -0.1925950
v -0.3885850 -0.0000000 -0.1925950
v -0.3560650 -0.0000000 -0.1439350
v -0.3885850 0.1000000 -0.1925950
v -0.4000000 0.1000000 -0.2500000
v -0.4000000 -0.0000000 -0.2500000
v -0.3885850 -0.0000000 -0.1925950
v -0.4000000 0.1000000 -0.2500000
v -0.3885850 0.1000000 -0.3074050
v -0.3885850 -0.0000000 -0.3074050
v -0.4000000 -0.0000000 -0.2500000
v -0.3885850 0.1000000 -0.3074050
v -0.3560650 0.1000000 -0.3560650
v -0.3560650 -0.0000000 -0.3560650
v -0.3885850 -0.0000000 -0.3074050
v -0.3560650 0.1000000 -0.3560650
v -0.3074050 0.1000000 -0.3885850
v -0.3074050 -0.0000000 -0.3885850
v -0.3560650 -0.0000000 -0.3560650
v -0.3074050 0.1000000 -0.3885850
v -0.2500000 0.1000000 -0.4000000
v -0.2500000 -0.0000000 -0.4000000
v -0.3074050 -0.0000000 -0.3885850
v -0.2500000 0.1000000 -0.4000000
v -0.1925950 0.1000000 -0.3885850
v -0.1925950 -0.0000000 -0.3885850
v -0.2500000 -0.0000000 -0.4000000
v -0.1925950 0.1000000 -0.3885850
v -0.1439350 0.1000000 -0.3560650
v -0.1439350 -0.0000000 -0.3560650
v -0.1925950 -0.0000000 -0.3885850
v -0.1439350 0.1000000 -0.3560650
v -0.1114150 0.1000000 -0.3074050
v -0.1114150 -0.0000000 -0.3074050
v -0.1439350 -0.0000000 -0.3560650
v -0.1114150 0.1000000 -0.3074050
v -0.1000000 0.1000000 -0.2500000
v -0.1000000 -0.0000000 -0.2500000
v -0.1114150 -0.0000000 -0.3074050
v -0.1114150 0.1000000 -0.1925950
v -0.1000000 0.1000000 -0.2500000
v -0.2500000 0.1000000 -0.2500000
v -0.1439350 0.1000000 -0.1439350
v -0.1114150 0.1000000 -0.1925950
v -0.2500000 0.1000000 -0.2500000
v -0.1925950 0.1000000 -0.1114150
v -0.1439350 0.1000000 -0.1439350
v -0.2500000 0.1000000 -0.2500000
v -0.2500000 0.1000000 -0.1000000
v -0.1925950 0.1000000 -0.1114150
v -0.2500000 0.1000000 -0.2500000
v -0.3074050 0.1000000 -0.1114150
v -0.2500000 0.1000000 -0.1000000
v -0.2500000 0.1000000 -0.2500000
v -0.3560650 0.1000000 -0.1439350
v -0.3074050 0.1000000 -0.1114150
v -0.2500000 0.1000000 -0.2500000
v -0.3885850 0.1000000 -0.1925950
v -0.3560650 0.1000000 -0.1439350
v -0.2500000 0.1000000 -0.2500000
v -0.4000000 0.1000000 -0.2500000
v -0.3885850 0.1000000 -0.1925950
v -0.2500000 0.1000000 -0.2500000
v -0.3885850 0.1000000 -0.3074050
v -0.4000000 0.1000000 -0.2500000
v -0.2500000 0.1000000 -0.2500000
v -0.3560650 0.1000000 -0.3560650
v -0.3885850 0.1000000 -0.3074050
v -0.2500000 0.1000000 -0.2500000
v -0.3074050 0.1000000 -0.3885850
v -0.3560650 0.1000000 -0.3560650
v -0.2500000 0.1000000 -0.2500000
v -0.2500000 0.1000000 -0.4000000
v -0.3074050 0.1000000 -0.3885850
v -0.2500000 0.1000000 -0.2500000
v -0.1925950 0.1000000 -0.3885850
v -0.2500000 0.1000000 -0.4000000
v -0.2500000 0.1000000 -0.2500000
v -0.1439350 0.1000000 -0.3560650
v -0.1925950 0.1000000 -0.3885850
v -0.2500000 0.1000000 -0.2500000
v -0.1114150 0.1000000 -0.3074050
v -0.1439350 0.1000000 -0.3560650
v -0.2500000 0.1000000 -0.2500000
v -0.1000000 0.1000000 -0.2500000
v -0.1114150 0.1000000 -0.3074050
v -0.2500000 0.1000000 -0.2500000
v 0.4000000 0.1000000 -0.2500000
v 0.3885850 0.1000000 -0.1925950
v 0.3885850 -0.0000000 -0.1925950
v 0.4000000 -0.0000000 -0.2500000
v 0.3885850 0.1000000 -0.1925950
v 0.3560650 0.1000000 -0.1439350
v 0.3560650 -0.0000000 -0.1439350
v 0.3885850 -0.0000000 -0.1925950
v 0.3560650 0.1000000 -0.1439350
v 0.3074050 0.1000000 -0.1114150
v 0.3074050 -0.0000000 -0.1114150
v 0.3560650 -0.0000000 -0.1439350
v 0.3074050 0.1000000 -0.1114150
v 0.2500000 0.1000000 -0.1000000
v 0.2500000 -0.0000000 -0.1000000
v 0.3074050 -0.0000000 -0.1114150
v 0.2500000 0.1000000 -0.1000000
v 0.1925950 0.1000000 -0.1114150
v 0.1925950 -0.0000000 -0.1114150
v 0.2500000 -0.0000000 -0.1000000
v 0.1925950 0.1000000 -0.1114150
v 0.1439350 0.1000000 -0.1439350
v 0.1439350 -0.0000000 -0.1439350
v 0.1925950 -0.0000000 -0.1114150
v 0.1439350 0.1000000 -0.1439350
v 0.1114150 0.1000000 -0.1925950
v 0.1114150 -0.0000000 -0.1925950
v 0.1439350 -0.0000000 -0.1439350
v 0.1114150 0.1000000 -0.1925950
v 0.1000000 0.1000000 -0.2500000
v 0.1000000 -0.0000000 -0.2500000
v 0.1114150 -0.0000000 -0.1925950
v 0.1000000 0.1000000 -0.2500000
v 0.1114150 0.1000000 -0.3074050
v 0.1114150 -0.0000000 -0.3074050
v 0.1000000 -0.0000000 -0.2500000
v 0.1114150 0.1000000 -0.3074050
v 0.1439350 0.1000000 -0.3560650
v 0.1439350 -0.0000000 -0.3560650
v 0.1114150 -0.0000000 -0.3074050
v 0.1439350 0.1000000 -0.3560650
v 0.1925950 0.1000000 -0.3885850
v 0.1925950 -0.0000000 -0.3885850
v 0.1439350 -0.0000000 -0.3560650
v 0.1925950 0.1000000 -0.3885850
v 0.2500000 0.1000000 -0.4000000
v 0.2500000 -0.0000000 -0.4000000
v 0.1925950 -0.0000000 -0.3885850
v 0.2500000 0.1000000 -0.4000000
v 0.3074050 0.1000000 -0.3885850
v 0.3074050 -0.0000000 -0.3885850
v 0.2500000 -0.0000000 -0.4000000
v 0.3074050 0.1000000 -0.3885850
v 0.3560650 0.1000000 -0.3560650
v 0.3560650 -0.0000000 -0.3560650
v 0.3074050 -0.0000000 -0.3885850
v 0.3560650 0.1000000 -0.3560650
v 0.3885850 0.1000000 -0.3074050
v 0.3885850 -0.0000000 -0.3074050
v 0.3560650 -0.0000000 -0.3560650
v 0.3885850 0.1000000 -0.3074050
v 0.4000000 0.1000000 -0.2500000
v 0.4000000 -0.0000000 -0.2500000
v 0.3885850 -0.0000000 -0.3074050
v 0.3885850 0.1000000 -0.1925950
v 0.4000000 0.1000000 -0.2500000
v 0.2500000 0.1000000 -0.2500000
v 0.3560650 0.1000000 -0.1439350
v 0.3885850 0.1000000 -0.1925950
v 0.2500000 0.1000000 -0.2500000
v 0.3074050 0.1000000 -0.1114150
v 0.3560650 0.1000000 -0.1439350
v 0.2500000 0.1000000 -0.2500000
v 0.2500000 0.1000000 -0.1000000
v 0.3074050 0.1000000 -0.1114150
v 0.2500000 0.1000000 -0.2500000
v 0.1925950 0.1000000 -0.1114150
v 0.2500000 0.1000000 -0.1000000
v 0.2500000 0.1000000 -0.2500000
v 0.1439350 0.1000000 -0.1439350
v 0.1925950 0.1000000 -0.1114150
v 0.2500000 0.1000000 -0.2500000
v 0.1114150 0.1000000 -0.1925950
v 0.1439350 0.1000000 -0.1439350
v 0.2500000 0.1000000 -0.2500000
v 0.1000000 0.1000000 -0.2500000
v 0.1114150 0.1000000 -0.1925950
v 0.2500000 0.1000000 -0.2500000
v 0.1114150 0.1000000 -0.3074050
v 0.1000000 0.1000000 -0.2500000
v 0.2500000 0.1000000 -0.2500000
v 0.1439350 0.1000000 -0.3560650
v 0.1114150 0.1000000 -0.3074050
v 0.2500000 0.1000000 -0.2500000
v 0.1925950 0.1000000 -0.3885850
v 0.1439350 0.1000000 -0.3560650
v 0.2500000 0.1000000 -0.2500000
v 0.2500000 0.1000000 -0.4000000
v 0.1925950 0.1000000 -0.3885850
v 0.2500000 0.1000000 -0.2500000
v 0.3074050 0.1000000 -0.3885850
v 0.2500000 0.1000000 -0.4000000
v 0.2500000 0.1000000 -0.2500000
v 0.3560650 0.1000000 -0.3560650
v 0.3074050 0.1000000 -0.3885850
v 0.2500000 0.1000000 -0.2500000
v 0.3885850 0.1000000 -0.3074050
v 0.3560650 0.1000000 -0.3560650
v 0.2500000 0.1000000 -0.2500000
v 0.4000000 0.1000000 -0.2500000
v 0.3885850 0.1000000 -0.3074050
v 0.2500000 0.1000000 -0.2500000
v 0.9000000 0.1000000 -0.2500000
v 0.8885850 0.1000000 -0.1925950
v 0.8885850 -0.0000000 -0.1925950
v 0.9000000 -0.0000000 -0.2500000
v 0.8885850 0.1000000 -0.1925950
v 0.8560650 0.1000000 -0.1439350
v 0.8560650 -0.0000000 -0.1439350
v 0.8885850 -0.0000000 -0.1925950
v 0.8560650 0.1000000 -0.1439350
v 0.8074050 0.1000000 -0.1114150
v 0.8074050 -0.0000000 -0.1114150
v 0.8560650 -0.0000000 -0.1439350
v 0.8074050 0.1000000 -0.1114150
v 0.7500000 0.1000000 -0.1000000
v 0.7500000 -0.0000000 -0.1000000
v 0.8074050 -0.0000000 -0.1114150
v 0.7500000 0.1000000 -0.1000000
v 0.6925950 0.1000000 -0.1114150
v 0.6925950 -0.0000000 -0.1114150
v 0.7500000 -0.0000000 -0.1000000
v 0.6925950 0.1000000 -0.1114150
v 0.6439350 0.1000000 -0.1439350
v 0.6439350 -0.0000000 -0.1439350
v 0.6925950 -0.0000000 -0.1114150
v 0.6439350 0.1000000 -0.1439350
v 0.6114150 0.1000000 -0.1925950
v 0.6114150 -0.0000000 -0.1925950
v 0.6439350 -0.0000000 -0.1439350
v 0.6114150 0.1000000 -0.1925950
v 0.6000000 0.1000000 -0.2500000
v 0.6000000 -0.0000000 -0.2500000
v 0.6114150 -0.0000000 -0.1925950
v 0.6000000 0.1000000 -0.2500000
v 0.6114150 0.1000000 -0.3074050
v 0.6114150 -0.0000000 -0.3074050
v 0.6000000 -0.0000000 -0.2500000
v 0.6114150 0.1000000 -0.3074050
v 0.6439350 0.1000000 -0.3560650
v 0.6439350 -0.0000000 -0.3560650
v 0.6114150 -0.0000000 -0.3074050
v 0.6439350 0.1000000 -0.3560650
v 0.6925950 0.1000000 -0.3885850
v 0.6925950 -0.0000000 -0.3885850
v 0.6439350 -0.0000000 -0.3560650
v 0.6925950 0.1000000 -0.3885850
v 0.7500000 0.1000000 -0.4000000
v 0.7500000 -0.0000000 -0.4000000
v 0.6925950 -0.0000000 -0.3885850
v 0.7500000 0.1000000 -0.4000000
v 0.8074050 0.1000000 -0.3885850
v 0.8074050 -0.0000000 -0.3885850
v 0.7500000 -0.0000000 -0.4000000
v 0.8074050 0.1000000 -0.3885850
v 0.8560650 0.1000000 -0.3560650
v 0.8560650 -0.0000000 -0.3560650
v 0.8074050 -0.0000000 -0.3885850
v 0.8560650 0.1000000 -0.3560650
v 0.8885850 0.1000000 -0.3074050
v 0.8885850 -0.0000000 -0.3074050
v 0.8560650 -0.0000000 -0.3560650
v 0.8885850 0.1000000 -0.3074050
v 0.9000000 0.1000000 -0.2500000
v 0.9000000 -0.0000000 -0.2500000
v 0.8885850 -0.0000000 -0.3074050
v 0.8885850 0.1000000 -0.1925950
v 0.9000000 0.1000000 -0.2500000
v 0.7500000 0.1000000 -0.2500000
v 0.8560650 0.1000000 -0.1439350
v 0.8885850 0.1000000 -0.1925950
v 0.7500000 0.1000000 -0.2500000
v 0.8074050 0.1000000 -0.1114150
v 0.8560650 0.1000000 -0.1439350
v 0.7500000 0.1000000 -0.2500000
v 0.7500000 0.1000000 -0.1000000
v 0.8074050 0.1000000 -0.1114150
v 0.7500000 0.1000000 -0.2500000
v 0.6925950 0.1000000 -0.1114150
v 0.7500000 0.1000000 -0.1000000
v 0.7500000 0.1000000 -0.2500000
v 0.6439350 0.1000000 -0.1439350
v 0.6925950 0.1000000 -0.1114150
v 0.7500000 0.1000000 -0.2500000
v 0.6114150 0.1000000 -0.1925950
v 0.6439350 0.1000000 -0.1439350
v 0.7500000 0.1000000 -0.2500000
v 0.6000000 0.1000000 -0.2500000
v 0.6114150 0.1000000 -0.1925950
v 0.7500000 0.1000000 -0.2500000
v 0.6114150 0.1000000 -0.3074050
v 0.6000000 0.1000000 -0.2500000
v 0.7500000 0.1000000 -0.2500000
v 0.6439350 0.1000000 -0.3560650
v 0.6114150 0.1000000 -0.3074050
v 0.7500000 0.1000000 -0.2500000
v 0.6925950 0.1000000 -0.3885850
v 0.6439350 0.1000000 -0.3560650
v 0.7500000 0.1000000 -0.2500000
v 0.7500000 0.1000000 -0.4000000
v 0.6925950 0.1000000 -0.3885850
v 0.7500000 0.1000000 -0.2500000
v 0.8074050 0.1000000 -0.3885850
v 0.7500000 0.1000000 -0.4000000
v 0.7500000 0.1000000 -0.2500000
v 0.8560650 0.1000000 -0.3560650
v 0.8074050 0.1000000 -0.3885850
v 0.7500000 0.1000000 -0.2500000
v 0.8885850 0.1000000 -0.3074050
v 0.8560650 0.1000000 -0.3560650
v 0.7500000 0.1000000 -0.2500000
v 0.9000000 0.1000000 -0.2500000
v 0.8885850 0.1000000 -0.3074050
v 0.7500000 0.1000000 -0.2500000
v 1.4000000 0.1000000 -0.2500000
v 1.3885850 0.1000000 -0.1925950
v 1.3885850 -0.0000000 -0.1925950
v 1.4000000 -0.0000000 -0.2500000
v 1.3885850 0.1000000 -0.1925950
v 1.3560650 0.1000000 -0.1439350
v 1.3560650 -0.0000000 -0.1439350
v 1.3885850 -0.0000000 -0.1925950
v 1.3560650 0.1000000 -0.1439350
v 1.3074050 0.1000000 -0.1114150
v 1.3074050 -0.0000000 -0.1114150
v 1.3560650 -0.0000000 -0.1439350
v 1.3074050 0.1000000 -0.1114150
v 1.2500000 0.1000000 -0.1000000
v 1.2500000 -0.0000000 -0.1000000
v 1.3074050 -0.0000000 -0.1114150
v 1.2500000 0.1000000 -0.1000000
v 1.1925950 0.1000000 -0.1114150
v 1.1925950 -0.0000000 -0.1114150
v 1.2500000 -0.0000000 -0.1000000
v 1.1925950 0.1000000 -0.1114150
v 1.1439350 0.1000000 -0.1439350
v 1.1439350 -0.0000000 -0.1439350
v 1.1925950 -0.0000000 -0.1114150
v 1.1439350 0.1000000 -0.1439350
v 1.1114150 0.1000000 -0.1925950
v 1.1114150 -0.0000000 -0.1925950
v 1.1439350 -0.0000000 -0.1439350
v 1.1114150 0.1000000 -0.1925950
v 1.1000000 0.1000000 -0.2500000
v 1.1000000 -0.0000000 -0.2500000
v 1.1114150 -0.0000000 -0.1925950
v 1.1000000 0.1000000 -0.2500000
v 1.1114150 0.1000000 -0.3074050
v 1.1114150 -0.0000000 -0.3074050
v 1.1000000 -0.0000000 -0.2500000
v 1.1114150 0.1000000 -0.3074050
v 1.1439350 0.1000000 -0.3560650
v 1.1439350 -0.0000000 -0.3560650
v 1.1114150 -0.0000000 -0.3074050
v 1.1439350 0.1000000 -0.3560650
v 1.1925950 0.1000000 -0.3885850
v 1.1925950 -0.0000000 -0.3885850
v 1.1439350 -0.0000000 -0.3560650
v 1.1925950 0.1000000 -0.3885850
v 1.2500000 0.1000000 -0.4000000
v 1.2500000 -0.0000000 -0.4000000
v 1.1925950 -0.0000000 -0.3885850
v 1.2500000 0.1000000 -0.4000000
v 1.3074050 0.1000000 -0.3885850
v 1.3074050 -0.0000000 -0.3885850
v 1.2500000 -0.0000000 -0.4000000
v 1.3074050 0.1000000 -0.3885850
v 1.3560650 0.1000000 -0.3560650
v 1.3560650 -0.0000000 -0.3560650
v 1.3074050 -0.0000000 -0.3885850
v 1.3560650 0.1000000 -0.3560650
v 1.3885850 0.1000000 -0.3074050
v 1.3885850 -0.0000000 -0.3074050
v 1.3560650 -0.0000000 -0.3560650
v 1.3885850 0.1000000 -0.3074050
v 1.4000000 0.1000000 -0.2500000
v 1.4000000 -0.0000000 -0.2500000
v 1.3885850 -0.0000000 -0.3074050
v 1.3885850 0.1000000 -0.1925950
v 1.4000000 0.1000000 -0.2500000
v 1.2500000 0.1000000 -0.2500000
v 1.3560650 0.1000000 -0.1439350
v 1.3885850 0.1000000 -0.1925950
v 1.2500000 0.1000000 -0.2500000
v 1.3074050 0.1000000 -0.1114150
v 1.3560650 0.1000000 -0.1439350
v 1.2500000 0.1000000 -0.2500000
v 1.2500000 0.1000000 -0.1000000
v 1.3074050 0.1000000 -0.1114150
v 1.2500000 0.1000000 -0.2500000
v 1.1925950 0.1000000 -0.1114150
v 1.2500000 0.1000000 -0.1000000
v 1.2500000 0.1000000 -0.2500000
v 1.1439350 0.1000000 -0.1439350
v 1.1925950 0.1000000 -0.1114150
v 1.2500000 0.1000000 -0.2500000
v 1.1114150 0.1000000 -0.1925950
v 1.1439350 0.1000000 -0.1439350
v 1.2500000 0.1000000 -0.2500000
v 1.1000000 0.1000000 -0.2500000
v 1.1114150 0.1000000 -0.1925950
v 1.2500000 0.1000000 -0.2500000
v 1.1114150 0.1000000 -0.3074050
v 1.1000000 0.1000000 -0.2500000
v 1.2500000 0.1000000 -0.2500000
v 1.1439350 0.1000000 -0.3560650
v 1.1114150 0.1000000 -0.3074050
v 1.2500000 0.1000000 -0.2500000
v 1.1925950 0.1000000 -0.3885850
v 1.1439350 0.1000000 -0.3560650
v 1.2500000 0.1000000 -0.2500000
v 1.2500000 0.1000000 -0.4000000
v 1.1925950 0.1000000 -0.3885850
v 1.2500000 0.1000000 -0.2500000
v 1.3074050 0.1000000 -0.3885850
v 1.2500000 0.1000000 -0.4000000
v 1.2500000 0.1000000 -0.2500000
v 1.3560650 0.1000000 -0.3560650
v 1.3074050 0.1000000 -0.3885850
v 1.2500000 0.1000000 -0.2500000
v 1.3885850 0.1000000 -0.3074050
v 1.3560650 0.1000000 -0.3560650
v 1.2500000 0.1000000 -0.2500000
v 1.4000000 0.1000000 -0.2500000
v 1.3885850 0.1000000 -0.3074050
v 1.2500000 0.1000000 -0.2500000
v 1.9000000 0.1000000 -0.2500000
v 1.8885850 0.1000000 -0.1925950
v 1.8885850 -0.0000000 -0.1925950
v 1.9000000 -0.0000000 -0.2500000
v 1.8885850 0.1000000 -0.1925950
v 1.8560650 0.1000000 -0.1439350
v 1.8560650 -0.0000000 -0.1439350
v 1.8885850 -0.0000000 -0.1925950
v 1.8560650 0.1000000 -0.1439350
v 1.8074050 0.1000000 -0.1114150
v 1.8074050 -0.0000000 -0.1114150
v 1.8560650 -0.0000000 -0.1439350
v 1.8074050 0.1000000 -0.1114150
v 1.7500000 0.1000000 -0.1000000
v 1.7500000 -0.0000000 -0.1000000
v 1.8074050 -0.0000000 -0.1114150
v 1.7500000 0.1000000 -0.1000000
v 1.6925950 0.1000000 -0.1114150
v 1.6925950 -0.0000000 -0.1114150
v 1.7500000 -0.0000000 -0.1000000
v 1.6925950 0.1000000 -0.1114150
v 1.6439350 0.1000000 -0.1439350
v 1.6439350 -0.0000000 -0.1439350
v 1.6925950 -0.0000000 -0.1114150
v 1.6439350 0.1000000 -0.1439350
v 1.6114150 0.1000000 -0.1925950
v 1.6114150 -0.0000000 -0.1925950
v 1.6439350 -0.0000000 -0.1439350
v 1.6114150 0.1000000 -0.1925950
v 1.6000000 0.1000000 -0.2500000
v 1.6000000 -0.0000000 -0.2500000
v 1.6114150 -0.0000000 -0.1925950
v 1.6000000 0.1000000 -0.2500000
v 1.6114150 0.1000000 -0.3074050
v 1.6114150 -0.0000000 -0.3074050
v 1.6000000 -0.0000000 -0.2500000
v 1.6114150 0.1000000 -0.3074050
v 1.6439350 0.1000000 -0.3560650
v 1.6439350 -0.0000000 -0.3560650
v 1.6114150 -0.0000000 -0.3074050
v 1.6439350 0.1000000 -0.3560650
v 1.6925950 0.1000000 -0.3885850
v 1.6925950 -0.0000000 -0.3885850
v 1.6439350 -0.0000000 -0.3560650
v 1.6925950 0.1000000 -0.3885850
v 1.7500000 0.1000000 -0.4000000
v 1.7500000 -0.0000000 -0.4000000
v 1.6925950 -0.0000000 -0.3885850
v 1.7500000 0.1000000 -0.4000000
v 1.8074050 0.1000000 -0.3885850
v 1.8074050 -0.0000000 -0.3885850
v 1.7500000 -0.0000000 -0.4000000
v 1.8074050 0.1000000 -0.3885850
v 1.8560650 0.1000000 -0.3560650
v 1.8560650 -0.0000000 -0.3560650
v 1.8074050 -0.0000000 -0.3885850
v 1.8560650 0.1000000 -0.3560650
v 1.8885850 0.1000000 -0.3074050
v 1.8885850 -0.0000000 -0.3074050
v 1.8560650 -0.0000000 -0.3560650
v 1.8885850 0.1000000 -0.3074050
v 1.9000000 0.1000000 -0.2500000
v 1.9000000 -0.0000000 -0.2500000
v 1.8885850 -0.0000000 -0.3074050
v 1.8885850 0.1000000 -0.1925950
v 1.9000000 0.1000000 -0.2500000
v 1.7500000 0.1000000 -0.2500000
v 1.8560650 0.1000000 -0.1439350
v 1.8885850 0.1000000 -0.1925950
v 1.7500000 0.1000000 -0.2500000
v 1.8074050 0.1000000 -0.1114150
v 1.8560650 0.1000000 -0.1439350
v 1.7500000 0.1000000 -0.2500000
v 1.7500000 0.1000000 -0.1000000
v 1.8074050 0.1000000 -0.1114150
v 1.7500000 0.1000000 -0.2500000
v 1.6925950 0.1000000 -0.1114150
v 1.7500000 0.1000000 -0.1000000
v 1.7500000 0.1000000 -0.2500000
v 1.6439350 0.1000000 -0.1439350
v 1.6925950 0.1000000 -0.1114150
v 1.7500000 0.1000000 -0.2500000
v 1.6114150 0.1000000 -0.1925950
v 1.6439350 0.1000000 -0.1439350
v 1.7500000 0.1000000 -0.2500000
v 1.6000000 0.1000000 -0.2500000
v 1.6114150 0.1000000 -0.1925950
v 1.7500000 0.1000000 -0.2500000
v 1.6114150 0.1000000 -0.3074050
v 1.6000000 0.1000000 -0.2500000
v 1.7500000 0.1000000 -0.2500000
v 1.6439350 0.1000000 -0.3560650
v 1.6114150 0.1000000 -0.3074050
v 1.7500000 0.1000000 -0.2500000
v 1.6925950 0.1000000 -0.3885850
v 1.6439350 0.1000000 -0.3560650
v 1.7500000 0.1000000 -0.2500000
v 1.7500000 0.1000000 -0.4000000
v 1.6925950 0.1000000 -0.3885850
v 1.7500000 0.1000000 -0.2500000
v 1.8074050 0.1000000 -0.3885850
v 1.7500000 0.1000000 -0.4000000
v 1.7500000 0.1000000 -0.2500000
v 1.8560650 0.1000000 -0.3560650
v 1.8074050 0.1000000 -0.3885850
v 1.7500000 0.1000000 -0.2500000
v 1.8885850 0.1000000 -0.3074050
v 1.8560650 0.1000000 -0.3560650
v 1.7500000 0.1000000 -0.2500000
v 1.9000000 0.1000000 -0.2500000
v 1.8885850 0.1000000 -0.3074050
v 1.7500000 0.1000000 -0.2500000
v -1.3500000 -0.6000000 0.0000000
v -1.3614150 -0.6000000 0.0574050
v -1.3614150 -0.1000000 0.0574050
v -1.3500000 -0.1000000 0.0000000
v -1.3614150 -0.6000000 0.0574050
v -1.3939350 -0.6000000 0.1060650
v -1.3939350 -0.1000000 0.1060650
v -1.3614150 -0.1000000 0.0574050
v -1.3939350 -0.6000000 0.1060650
v -1.4425950 -0.6000000 0.1385850
v -1.4425950 -0.1000000 0.1385850
v -1.3939350 -0.1000000 0.1060650
v -1.4425950 -0.6000000 0.1385850
v -1.5000000 -0.6000000 0.1500000
v -1.5000000 -0.1000000 0.1500000
v -1.4425950 -0.1000000 0.1385850
v -1.5000000 -0.6000000 0.1500000
v -1.5574050 -0.6000000 0.1385850
v -1.5574050 -0.1000000 0.1385850
v -1.5000000 -0.1000000 0.1500000
v -1.5574050 -0.6000000 0.1385850
v -1.6060650 -0.6000000 0.1060650
v -1.6060650 -0.1000000 0.1060650
v -1.5574050 -0.1000000 0.1385850
v -1.6060650 -0.6000000 0.1060650
v -1.6385850 -0.6000000 0.0574050
v -1.6385850 -0.1000000 0.0574050
v -1.6060650 -0.1000000 0.1060650
v -1.6385850 -0.6000000 0.0574050
v -1.6500000 -0.6000000 0.0000000
v -1.6500000 -0.1000000 0.0000000
v -1.6385850 -0.1000000 0.0574050
v -1.6500000 -0.6000000 0.0000000
v -1.6385850 -0.6000000 -0.0574050
v -1.6385850 -0.1000000 -0.0574050
v -1.6500000 -0.1000000 0.0000000
v -1.6385850 -0.6000000 -0.0574050
v -1.6060650 -0.6000000 -0.1060650
v -1.6060650 -0.1000000 -0.1060650
v -1.6385850 -0.1000000 -0.0574050
v -1.6060650 -0.6000000 -0.1060650
v -1.5574050 -0.6000000 -0.1385850
v -1.5574050 -0.1000000 -0.1385850
v -1.6060650 -0.1000000 -0.1060650
v -1.5574050 -0.6000000 -0.1385850
v -1.5000000 -0.6000000 -0.1500000
v -1.5000000 -0.1000000 -0.1500000
v -1.5574050 -0.1000000 -0.1385850
v -1.5000000 -0.6000000 -0.1500000
v -1.4425950 -0.6000000 -0.1385850
v -1.4425950 -0.1000000 -0.1385850
v -1.5000000 -0.1000000 -0.1500000
v -1.4425950 -0.6000000 -0.1385850
v -1.3939350 -0.6000000 -0.1060650
v -1.3939350 -0.1000000 -0.1060650
v -1.4425950 -0.1000000 -0.1385850
v -1.3939350 -0.6000000 -0.1060650
v -1.3614150 -0.6000000 -0.0574050
v -1.3614150 -0.1000000 -0.0574050
v -1.3939350 -0.1000000 -0.1060650
v -1.3614150 -0.6000000 -0.0574050
v -1.3500000 -0.6000000 0.0000000
v -1.3500000 -0.1000000 0.0000000
v -1.3614150 -0.1000000 -0.0574050
v -1.3000000 -0.1000000 0.0000000
v -1.3152200 -0.1000000 0.0765400
v -1.3152200 -0.6000000 0.0765400
v -1.3000000 -0.6000000 0.0000000
v -1.3152200 -0.1000000 0.0765400
v -1.3585800 -0.1000000 0.1414200
v -1.3585800 -0.6000000 0.1414200
v -1.3152200 -0.6000000 0.0765400
v -1.3585800 -0.1000000 0.1414200
v -1.4234600 -0.1000000 0.1847800
v -1.4234600 -0.6000000 0.1847800
v -1.3585800 -0.6000000 0.1414200
v -1.4234600 -0.1000000 0.1847800
v -1.5000000 -0.1000000 0.2000000
v -1.5000000 -0.6000000 0.2000000
v -1.4234600 -0.6000000 0.1847800
v -1.5000000 -0.1000000 0.2000000
v -1.5765400 -0.1000000 0.1847800
v -1.5765400 -0.6000000 0.1847800
v -1.5000000 -0.6000000 0.2000000
v -1.5765400 -0.1000000 0.1847800
v -1.6414200 -0.1000000 0.1414200
v -1.6414200 -0.6000000 0.1414200
v -1.5765400 -0.6000000 0.1847800
v -1.6414200 -0.1000000 0.1414200
v -1.6847800 -0.1000000 0.0765400
v -1.6847800 -0.6000000 0.0765400
v -1.6414200 -0.6000000 0.1414200
v -1.6847800 -0.1000000 0.0765400
v -1.7000000 -0.1000000 0.0000000
v -1.7000000 -0.6000000 0.0000000
v -1.6847800 -0.6000000 0.0765400
v -1.7000000 -0.1000000 0.0000000
v -1.6847800 -0.1000000 -0.0765400
v -1.6847800 -0.6000000 -0.0765400
v -1.7000000 -0.6000000 0.0000000
v -1.6847800 -0.1000000 -0.0765400
v -1.6414200 -0.1000000 -0.1414200
v -1.6414200 -0.6000000 -0.1414200
v -1.6847800 -0.6000000 -0.0765400
v -1.6414200 -0.1000000 -0.1414200
v -1.5765400 -0.1000000 -0.1847800
v -1.5765400 -0.6000000 -0.1847800
v -1.6414200 -0.6000000 -0.1414200
v -1.5765400 -0.1000000 -0.1847800
v -1.5000000 -0.1000000 -0.2000000
v -1.5000000 -0.6000000 -0.2000000
v -1.5765400 -0.6000000 -0.1847800
v -1.5000000 -0.1000000 -0.2000000
v -1.4234600 -0.1000000 -0.1847800
v -1.4234600 -0.6000000 -0.1847800
v -1.5000000 -0.6000000 -0.2000000
v -1.4234600 -0.1000000 -0.1847800
v -1.3585800 -0.1000000 -0.1414200
v -1.3585800 -0.6000000 -0.1414200
v -1.4234600 -0.6000000 -0.1847800
v -1.3585800 -0.1000000 -0.1414200
v -1.3152200 -0.1000000 -0.0765400
v -1.3152200 -0.6000000 -0.0765400
v -1.3585800 -0.6000000 -0.1414200
v -1.3152200 -0.1000000 -0.0765400
v -1.3000000 -0.1000000 0.0000000
v -1.3000000 -0.6000000 0.0000000
v -1.3152200 -0.6000000 -0.0765400
v -1.5765400 -0.6000000 0.1847800
v -1.5574050 -0.6000000 0.1385850
v -1.5000000 -0.6000000 0.1500000
v -1.5000000 -0.6000000 0.2000000
v -1.6414200 -0.6000000 0.1414200
v -1.6060650 -0.6000000 0.1060650
v -1.5574050 -0.6000000 0.1385850
v -1.5765400 -0.6000000 0.1847800
v -1.6847800 -0.6000000 0.0765400
v -1.6385850 -0.6000000 0.0574050
v -1.6060650 -0.6000000 0.1060650
v -1.6414200 -0.6000000 0.1414200
v -1.7000000 -0.6000000 0.0000000
v -1.6500000 -0.6000000 0.0000000
v -1.6385850 -0.6000000 0.0574050
v -1.6847800 -0.6000000 0.0765400
v -1.6847800 -0.6000000 -0.0765400
v -1.6385850 -0.6000000 -0.0574050
v -1.6500000 -0.6000000 0.0000000
v -1.7000000 -0.6000000 0.0000000
v -1.6414200 -0.6000000 -0.1414200
v -1.6060650 -0.6000000 -0.1060650
v -1.6385850 -0.6000000 -0.0574050
v -1.6847800 -0.6000000 -0.0765400
v -1.5765400 -0.6000000 -0.1847800
v -1.5574050 -0.6000000 -0.1385850
v -1.6060650 -0.6000000 -0.1060650
v -1.6414200 -0.6000000 -0.1414200
v -1.5000000 -0.6000000 -0.2000000
v -1.5000000 -0.6000000 -0.1500000
v -1.5574050 -0.6000000 -0.1385850
v -1.5765400 -0.6000000 -0.1847800
v -1.4234600 -0.6000000 -0.1847800
v -1.4425950 -0.6000000 -0.1385850
v -1.5000000 -0.6000000 -0.1500000
v -1.5000000 -0.6000000 -0.2000000
v -1.3585800 -0.6000000 -0.1414200
v -1.3939350 -0.6000000 -0.1060650
v -1.4425950 -0.6000000 -0.1385850
v -1.4234600 -0.6000000 -0.1847800
v -1.3152200 -0.6000000 -0.0765400
v -1.3614150 -0.6000000 -0.0574050
v -1.3939350 -0.6000000 -0.1060650
v -1.3585800 -0.6000000 -0.1414200
v -1.3000000 -0.6000000 0.0000000
v -1.3500000 -0.6000000 0.0000000
v -1.3614150 -0.6000000 -0.0574050
v -1.3152200 -0.6000000 -0.0765400
v -1.3152200 -0.6000000 0.0765400
v -1.3614150 -0.6000000 0.0574050
v -1.3500000 -0.6000000 0.0000000
v -1.3000000 -0.6000000 0.0000000
v -1.3585800 -0.6000000 0.1414200
v -1.3939350 -0.6000000 0.1060650
v -1.3614150 -0.6000000 0.0574050
v -1.3152200 -0.6000000 0.0765400
v -1.4234600 -0.6000000 0.1847800
v -1.4425950 -0.6000000 0.1385850
v -1.3939350 -0.6000000 0.1060650
v -1.3585800 -0.6000000 0.1414200
v -1.5000000 -0.6000000 0.2000000
v -1.5000000 -0.6000000 0.1500000
v -1.4425950 -0.6000000 0.1385850
v -1.4234600 -0.6000000 0.1847800
v -0.8500000 -0.6000000 0.0000000
v -0.8614150 -0.6000000 0.0574050
v -0.8614150 -0.1000000 0.0574050
v -0.8500000 -0.1000000 0.0000000
v -0.8614150 -0.6000000 0.0574050
v -0.8939350 -0.6000000 0.1060650
v -0.8939350 -0.1000000 0.1060650
v -0.8614150 -0.1000000 0.0574050
v -0.8939350 -0.6000000 0.1060650
v -0.9425950 -0.6000000 0.1385850
v -0.9425950 -0.1000000 0.1385850
v -0.8939350 -0.1000000 0.1060650
v -0.9425950 -0.6000000 0.1385850
v -1.0000000 -0.6000000 0.1500000
v -1.0000000 -0.1000000 0.1500000
v -0.9425950 -0.1000000 0.1385850
v -1.0000000 -0.6000000 0.1500000
v -1.0574050 -0.6000000 0.1385850
v -1.0574050 -0.1000000 0.1385850
v -1.0000000 -0.1000000 0.1500000
v -1.0574050 -0.6000000 0.1385850
v -1.1060650 -0.6000000 0.1060650
v -1.1060650 -0.1000000 0.1060650
v -1.0574050 -0.1000000 0.1385850
v -1.1060650 -0.6000000 0.1060650
v -1.1385850 -0.6000000 0.0574050
v -1.1385850 -0.1000000 0.0574050
v -1.1060650 -0.1000000 0.1060650
v -1.1385850 -0.6000000 0.0574050
v -1.1500000 -0.6000000 0.0000000
v -1.1500000 -0.1000000 0.0000000
v -1.1385850 -0.1000000 0.0574050
v -1.1500000 -0.6000000 0.0000000
v -1.1385850 -0.6000000 -0.0574050
v -1.1385850 -0.1000000 -0.0574050
v -1.1500000 -0.1000000 0.0000000
v -1.1385850 -0.6000000 -0.0574050
v -1.1060650 -0.6000000 -0.1060650
v -1.1060650 -0.1000000 -0.1060650
v -1.1385850 -0.1000000 -0.0574050
v -1.1060650 -0.6000000 -0.1060650
v -1.0574050 -0.6000000 -0.1385850
v -1.0574050 -0.1000000 -0.1385850
v -1.1060650 -0.1000000 -0.1060650
v -1.0574050 -0.6000000 -0.1385850
v -1.0000000 -0.6000000 -0.1500000
v -1.0000000 -0.1000000 -0.1500000
v -1.0574050 -0.1000000 -0.1385850
v -1.0000000 -0.6000000 -0.1500000
v -0.9425950 -0.6000000 -0.1385850
v -0.9425950 -0.1000000 -0.1385850
v -1.0000000 -0.1000000 -0.1500000
v -0.9425950 -0.6000000 -0.1385850
v -0.8939350 -0.6000000 -0.1060650
v -0.8939350 -0.1000000 -0.1060650
v -0.9425950 -0.1000000 -0.1385850
v -0.8939350 -0.6000000 -0.1060650
v -0.8614150 -0.6000000 -0.0574050
v -0.8614150 -0.1000000 -0.0574050
v -0.8939350 -0.1000000 -0.1060650
v -0.8614150 -0.6000000 -0.0574050
v -0.8500000 -0.6000000 0.0000000
v -0.8500000 -0.1000000 0.0000000
v -0.8614150 -0.1000000 -0.0574050
v -0.8000000 -0.1000000 0.0000000
v -0.8152200 -0.1000000 0.0765400
v -0.8152200 -0.6000000 0.0765400
v -0.8000000 -0.6000000 0.0000000
v -0.8152200 -0.1000000 0.0765400
v -0.8585800 -0.1000000 0.1414200
v -0.8585800 -0.6000000 0.1414200
v -0.8152200 -0.6000000 0.0765400
v -0.8585800 -0.1000000 0.1414200
v -0.9234600 -0.1000000 0.1847800
v -0.9234600 -0.6000000 0.1847800
v -0.8585800 -0.6000000 0.1414200
v -0.9234600 -0.1000000 0.1847800
v -1.0000000 -0.1000000 0.2000000
v -1.0000000 -0.6000000 0.2000000
v -0.9234600 -0.6000000 0.1847800
v -1.0000000 -0.1000000 0.2000000
v -1.0765400 -0.1000000 0.1847800
v -1.0765400 -0.6000000 0.1847800
v -1.0000000 -0.6000000 0.2000000
v -1.0765400 -0.1000000 0.1847800
v -1.1414200 -0.1000000 0.1414200
v -1.1414200 -0.6000000 0.1414200
v -1.0765400 -0.6000000 0.1847800
v -1.1414200 -0.1000000 0.1414200
v -1.1847800 -0.1000000 0.0765400
v -1.1847800 -0.6000000 0.0765400
v -1.1414200 -0.6000000 0.1414200
v -1.1847800 -0.1000000 0.0765400
v -1.2000000 -0.1000000 0.0000000
v -1.2000000 -0.6000000 0.0000000
v -1.1847800 -0.6000000 0.0765400
v -1.2000000 -0.1000000 0.0000000
v -1.1847800 -0.1000000 -0.0765400
v -1.1847800 -0.6000000 -0.0765400
v -1.2000000 -0.6000000 0.0000000
v -1.1847800 -0.1000000 -0.0765400
v -1.1414200 -0.1000000 -0.1414200
v -1.1414200 -0.6000000 -0.1414200
v -1.1847800 -0.6000000 -0.0765400
v -1.1414200 -0.1000000 -0.1414200
v -1.0765400 -0.1000000 -0.1847800
v -1.0765400 -0.6000000 -0.1847800
v -1.1414200 -0.6000000 -0.1414200
v -1.0765400 -0.1000000 -0.1847800
v -1.0000000 -0.1000000 -0.2000000
v -1.0000000 -0.6000000 -0.2000000
v -1.0765400 -0.6000000 -0.1847800
v -1.0000000 -0.1000000 -0.2000000
v -0.9234600 -0.1000000 -0.1847800
v -0.9234600 -0.6000000 -0.1847800
v -1.0000000 -0.6000000 -0.2000000
v -0.9234600 -0.1000000 -0.1847800
v -0.8585800 -0.1000000 -0.1414200
v -0.8585800 -0.6000000 -0.1414200
v -0.9234600 -0.6000000 -0.1847800
v -0.8585800 -0.1000000 -0.1414200
v -0.8152200 -0.1000000 -0.0765400
v -0.8152200 -0.6000000 -0.0765400
v -0.8585800 -0.6000000 -0.1414200
v -0.8152200 -0.1000000 -0.0765400
v -0.8000000 -0.1000000 0.0000000
v -0.8000000 -0.6000000 0.0000000
v -0.8152200 -0.6000000 -0.0765400
v -1.0765400 -0.6000000 0.1847800
v -1.0574050 -0.6000000 0.1385850
v -1.0000000 -0.6000000 0.1500000
v -1.0000000 -0.6000000 0.2000000
v -1.1414200 -0.6000000 0.1414200
v -1.1060650 -0.6000000 0.1060650
v -1.0574050 -0.6000000 0.1385850
v -1.0765400 -0.6000000 0.1847800
v -1.1847800 -0.6000000 0.0765400
v -1.1385850 -0.6000000 0.0574050
v -1.1060650 -0.6000000 0.1060650
v -1.1414200 -0.6000000 0.1414200
v -1.2000000 -0.6000000 0.0000000
v -1.1500000 -0.6000000 0.0000000
v -1.1385850 -0.6000000 0.0574050
v -1.1847800 -0.6000000 0.0765400
v -1.1847800 -0.6000000 -0.0765400
v -1.1385850 -0.6000000 -0.0574050
v -1.1500000 -0.6000000 0.0000000
v -1.2000000 -0.6000000 0.0000000
v -1.1414200 -0.6000000 -0.1414200
v -1.1060650 -0.6000000 -0.1060650
v -1.1385850 -0.6000000 -0.0574050
v -1.1847800 -0.6000000 -0.0765400
v -1.0765400 -0.6000000 -0.1847800
v -1.0574050 -0.6000000 -0.1385850
v -1.1060650 -0.6000000 -0.1060650
v -1.1414200 -0.6000000 -0.1414200
v -1.0000000 -0.6000000 -0.2000000
v -1.0000000 -0.6000000 -0.1500000
v -1.0574050 -0.6000000 -0.1385850
v -1.0765400 -0.6000000 -0.1847800
v -0.9234600 -0.6000000 -0.1847800
v -0.9425950 -0.6000000 -0.1385850
v -1.0000000 -0.6000000 -0.1500000
v -1.0000000 -0.6000000 -0.2000000
v -0.8585800 -0.6000000 -0.1414200
v -0.8939350 -0.6000000 -0.1060650
v -0.9425950 -0.6000000 -0.1385850
v -0.9234600 -0.6000000 -0.1847800
v -0.8152200 -0.6000000 -0.0765400
v -0.8614150 -0.6000000 -0.0574050
v -0.8939350 -0.6000000 -0.1060650
v -0.8585800 -0.6000000 -0.1414200
v -0.8000000 -0.6000000 0.0000000
v -0.8500000 -0.6000000 0.0000000
v -0.8614150 -0.6000000 -0.0574050
v -0.8152200 -0.6000000 -0.0765400
v -0.8152200 -0.6000000 0.0765400
v -0.8614150 -0.6000000 0.0574050
v -0.8500000 -0.6000000 0.0000000
v -0.8000000 -0.6000000 0.0000000
v -0.8585800 -0.6000000 0.1414200
v -0.8939350 -0.6000000 0.1060650
v -0.8614150 -0.6000000 0.0574050
v -0.8152200 -0.6000000 0.0765400
v -0.9234600 -0.6000000 0.1847800
v -0.9425950 -0.6000000 0.1385850
v -0.8939350 -0.6000000 0.1060650
v -0.8585800 -0.6000000 0.1414200
v -1.0000000 -0.6000000 0.2000000
v -1.0000000 -0.6000000 0.1500000
v -0.9425950 -0.6000000 0.1385850
v -0.9234600 -0.6000000 0.1847800
v -0.3500000 -0.6000000 0.0000000
v -0.3614150 -0.6000000 0.0574050
v -0.3614150 -0.1000000 0.0574050
v -0.3500000 -0.1000000 0.0000000
v -0.3614150 -0.6000000 0.0574050
v -0.3939350 -0.6000000 0.1060650
v -0.3939350 -0.1000000 0.1060650
v -0.3614150 -0.1000000 0.0574050
v -0.3939350 -0.6000000 0.1060650
v -0.4425950 -0.6000000 0.1385850
v -0.4425950 -0.1000000 0.1385850
v -0.3939350 -0.1000000 0.1060650
v -0.4425950 -0.6000000 0.1385850
v -0.5000000 -0.6000000 0.1500000
v -0.5000000 -0.1000000 0.1500000
v -0.4425950 -0.1000000 0.1385850
v -0.5000000 -0.6000000 0.1500000
v -0.5574050 -0.6000000 0.1385850
v -0.5574050 -0.1000000 0.1385850
v -0.5000000 -0.1000000 0.1500000
v -0.5574050 -0.6000000 0.1385850
v -0.6060650 -0.6000000 0.1060650
v -0.6060650 -0.1000000 0.1060650
v -0.5574050 -0.1000000 0.1385850
v -0.6060650 -0.6000000 0.1060650
v -0.6385850 -0.6000000 0.0574050
v -0.6385850 -0.1000000 0.0574050
v -0.6060650 -0.1000000 0.1060650
v -0.6385850 -0.6000000 0.0574050
v -0.6500000 -0.6000000 0.0000000
v -0.6500000 -0.1000000 0.0000000
v -0.6385850 -0.1000000 0.0574050
v -0.6500000 -0.6000000 0.0000000
v -0.6385850 -0.6000000 -0.0574050
v -0.6385850 -0.1000000 -0.0574050
v -0.6500000 -0.1000000 0.0000000
v -0.6385850 -0.6000000 -0.0574050
v -0.6060650 -0.6000000 -0.1060650
v -0.6060650 -0.1000000 -0.1060650
v -0.6385850 -0.1000000 -0.0574050
v -0.6060650 -0.6000000 -0.1060650
v -0.5574050 -0.6000000 -0.1385850
v -0.5574050 -0.1000000 -0.1385850
v -0.6060650 -0.1000000 -0.1060650
v -0.5574050 -0.6000000 -0.1385850
v -0.5000000 -0.6000000 -0.1500000
v -0.5000000 -0.1000000 -0.1500000
v -0.5574050 -0.1000000 -0.1385850
v -0.5000000 -0.6000000 -0.1500000
v -0.4425950 -0.6000000 -0.1385850
v -0.4425950 -0.1000000 -0.1385850
v -0.5000000 -0.1000000 -0.1500000
v -0.4425950 -0.6000000 -0.1385850
v -0.3939350 -0.6000000 -0.1060650
v -0.3939350 -0.1000000 -0.1060650
v -0.4425950 -0.1000000 -0.1385850
v -0.3939350 -0.6000000 -0.1060650
v -0.3614150 -0.6000000 -0.0574050
v -0.3614150 -0.1000000 -0.0574050
v -0.3939350 -0.1000000 -0.1060650
v -0.3614150 -0.6000000 -0.0574050
v -0.3500000 -0.6000000 0.0000000
v -0.3500000 -0.1000000 0.0000000
v -0.3614150 -0.1000000 -0.0574050
v -0.3000000 -0.1000000 0.0000000
v -0.3152200 -0.1000000 0.0765400
v -0.3152200 -0.6000000 0.0765400
v -0.3000000 -0.6000000 0.0000000
v -0.3152200 -0.1000000 0.0765400
v -0.3585800 -0.1000000 0.1414200
v -0.3585800 -0.6000000 0.1414200
v -0.3152200 -0.6000000 0.0765400
v -0.3585800 -0.1000000 0.1414200
v -0.4234600 -0.1000000 0.1847800
v -0.4234600 -0.6000000 0.1847800
v -0.3585800 -0.6000000 0.1414200
v -0.4234600 -0.1000000 0.1847800
v -0.5000000 -0.1000000 0.2000000
v -0.5000000 -0.6000000 0.2000000
v -0.4234600 -0.6000000 0.1847800
v -0.5000000 -0.1000000 0.2000000
v -0.5765400 -0.1000000 0.1847800
v -0.5765400 -0.6000000 0.1847800
v -0.5000000 -0.6000000 0.2000000
v -0.5765400 -0.1000000 0.1847800
v -0.6414200 -0.1000000 0.1414200
v -0.6414200 -0.6000000 0.1414200
v -0.5765400 -0.6000000 0.1847800
v -0.6414200 -0.1000000 0.1414200
v -0.6847800 -0.1000000 0.0765400
v -0.6847800 -0.6000000 0.0765400
v -0.6414200 -0.6000000 0.1414200
v -0.6847800 -0.1000000 0.0765400
v -0.7000000 -0.1000000 0.0000000
v -0.7000000 -0.6000000 0.0000000
v -0.6847800 -0.6000000 0.0765400
v -0.7000000 -0.1000000 0.0000000
v -0.6847800 -0.1000000 -0.0765400
v -0.6847800 -0.6000000 -0.0765400
v -0.7000000 -0.6000000 0.0000000
v -0.6847800 -0.1000000 -0.0765400
v -0.6414200 -0.1000000 -0.1414200
v -0.6414200 -0.6000000 -0.1414200
v -0.6847800 -0.6000000 -0.0765400
v -0.6414200 -0.1000000 -0.1414200
v -0.5765400 -0.1000000 -0.1847800
v -0.5765400 -0.6000000 -0.1847800
v -0.6414200 -0.6000000 -0.1414200
v -0.5765400 -0.1000000 -0.1847800
v -0.5000000 -0.1000000 -0.2000000
v -0.5000000 -0.6000000 -0.2000000
v -0.5765400 -0.6000000 -0.1847800
v -0.5000000 -0.1000000 -0.2000000
v -0.4234600 -0.1000000 -0.1847800
v -0.4234600 -0.6000000 -0.1847800
v -0.5000000 -0.6000000 -0.2000000
v -0.4234600 -0.1000000 -0.1847800
v -0.3585800 -0.1000000 -0.1414200
v -0.3585800 -0.6000000 -0.1414200
v -0.4234600 -0.6000000 -0.1847800
v -0.3585800 -0.1000000 -0.1414200
v -0.3152200 -0.1000000 -0.0765400
v -0.3152200 -0.6000000 -0.0765400
v -0.3585800 -0.6000000 -0.1414200
v -0.3152200 -0.1000000 -0.0765400
v -0.3000000 -0.1000000 0.0000000
v -0.3000000 -0.6000000 0.0000000
v -0.3152200 -0.6000000 -0.0765400
v -0.5765400 -0.6000000 0.1847800
v -0.5574050 -0.6000000 0.1385850
v -0.5000000 -0.6000000 0.1500000
v -0.5000000 -0.6000000 0.2000000
v -0.6414200 -0.6000000 0.1414200
v -0.6060650 -0.6000000 0.1060650
v -0.5574050 -0.6000000 0.1385850
v -0.5765400 -0.6000000 0.1847800
v -0.6847800 -0.6000000 0.0765400
v -0.6385850 -0.6000000 0.0574050
v -0.6060650 -0.6000000 0.1060650
v -0.6414200 -0.6000000 0.1414200
v -0.7000000 -0.6000000 0.0000000
v -0.6500000 -0.6000000 0.0000000
v -0.6385850 -0.6000000 0.0574050
v -0.6847800 -0.6000000 0.0765400
v -0.6847800 -0.6000000 -0.0765400
v -0.6385850 -0.6000000 -0.0574050
v -0.6500000 -0.6000000 0.0000000
v -0.7000000 -0.6000000 0.0000000
v -0.6414200 -0.6000000 -0.1414200
v -0.6060650 -0.6000000 -0.1060650
v -0.6385850 -0.6000000 -0.0574050
v -0.6847800 -0.6000000 -0.0765400
v -0.5765400 -0.6000000 -0.1847800
v -0.5574050 -0.6000000 -0.1385850
v -0.6060650 -0.6000000 -0.1060650
v -0.6414200 -0.6000000 -0.1414200
v -0.5000000 -0.6000000 -0.2000000
v -0.5000000 -0.6000000 -0.1500000
v -0.5574050 -0.6000000 -0.1385850
v -0.5765400 -0.6000000 -0.1847800
v -0.4234600 -0.6000000 -0.1847800
v -0.4425950 -0.6000000 -0.1385850
v -0.5000000 -0.6000000 -0.1500000
v -0.5000000 -0.6000000 -0.2000000
v -0.3585800 -0.6000000 -0.1414200
v -0.3939350 -0.6000000 -0.1060650
v -0.4425950 -0.6000000 -0.1385850
v -0.4234600 -0.6000000 -0.1847800
v -0.3152200 -0.6000000 -0.0765400
v -0.3614150 -0.6000000 -0.0574050
v -0.3939350 -0.6000000 -0.1060650
v -0.3585800 -0.6000000 -0.1414200
v -0.3000000 -0.6000000 0.0000000
v -0.3500000 -0.6000000 0.0000000
v -0.3614150 -0.6000000 -0.0574050
v -0.3152200 -0.6000000 -0.0765400
v -0.3152200 -0.6000000 0.0765400
v -0.3614150 -0.6000000 0.0574050
v -0.3500000 -0.6000000 0.0000000
v -0.3000000 -0.6000000 0.0000000
v -0.3585800 -0.6000000 0.1414200
v -0.3939350 -0.6000000 0.1060650
v -0.3614150 -0.6000000 0.0574050
v -0.3152200 -0.6000000 0.0765400
v -0.4234600 -0.6000000 0.1847800
v -0.4425950 -0.6000000 0.1385850
v -0.3939350 -0.6000000 0.1060650
v -0.3585800 -0.6000000 0.1414200
v -0.5000000 -0.6000000 0.2000000
v -0.5000000 -0.6000000 0.1500000
v -0.4425950 -0.6000000 0.1385850
v -0.4234600 -0.6000000 0.1847800
v 0.1500000 -0.6000000 0.0000000
v 0.1385850 -0.6000000 0.0574050
v 0.1385850 -0.1000000 0.0574050
v 0.1500000 -0.1000000 0.0000000
v 0.1385850 -0.6000000 0.0574050
v 0.1060650 -0.6000000 0.1060650
v 0.1060650 -0.1000000 0.1060650
v 0.1385850 -0.1000000 0.0574050
v 0.1060650 -0.6000000 0.1060650
v 0.0574050 -0.6000000 0.1385850
v 0.0574050 -0.1000000 0.1385850
v 0.1060650 -0.1000000 0.1060650
v 0.0574050 -0.6000000 0.1385850
v 0.0000000 -0.6000000 0.1500000
v 0.0000000 -0.1000000 0.1500000
v 0.0574050 -0.1000000 0.1385850
v 0.0000000 -0.6000000 0.1500000
v -0.0574050 -0.6000000 0.1385850
v -0.0574050 -0.1000000 0.1385850
v 0.0000000 -0.1000000 0.1500000
v -0.0574050 -0.6000000 0.1385850
v -0.1060650 -0.6000000 0.1060650
v -0.1060650 -0.1000000 0.1060650
v -0.0574050 -0.1000000 0.1385850
v -0.1060650 -0.6000000 0.1060650
v -0.1385850 -0.6000000 0.0574050
v -0.1385850 -0.1000000 0.0574050
v -0.1060650 -0.1000000 0.1060650
v -0.1385850 -0.6000000 0.0574050
v -0.1500000 -0.6000000 0.0000000
v -0.1500000 -0.1000000 0.0000000
v -0.1385850 -0.1000000 0.0574050
v -0.1500000 -0.6000000 0.0000000
v -0.1385850 -0.6000000 -0.0574050
v -0.1385850 -0.1000000 -0.0574050
v -0.1500000 -0.1000000 0.0000000
v -0.1385850 -0.6000000 -0.0574050
v -0.1060650 -0.6000000 -0.1060650
v -0.1060650 -0.1000000 -0.1060650
v -0.1385850 -0.1000000 -0.0574050
v -0.1060650 -0.6000000 -0.1060650
v -0.0574050 -0.6000000 -0.1385850
v -0.0574050 -0.1000000 -0.1385850
v -0.1060650 -0.1000000 -0.1060650
v -0.0574050 -0.6000000 -0.1385850
v 0.0000000 -0.6000000 -0.1500000
v 0.0000000 -0.1000000 -0.1500000
v -0.0574050 -0.1000000 -0.1385850
v 0.0000000 -0.6000000 -0.1500000
v 0.0574050 -0.6000000 -0.1385850
v 0.0574050 -0.1000000 -0.1385850
v 0.0000000 -0.1000000 -0.1500000
v 0.0574050 -0.6000000 -0.1385850
v 0.1060650 -0.6000000 -0.1060650
v 0.1060650 -0.1000000 -0.1060650
v 0.0574050 -0.1000000 -0.1385850
v 0.1060650 -0.6000000 -0.1060650
v 0.1385850 -0.6000000 -0.0574050
v 0.1385850 -0.1000000 -0.0574050
v 0.1060650 -0.1000000 -0.1060650
v 0.1385850 -0.6000000 -0.0574050
v 0.1500000 -0.6000000 0.0000000
v 0.1500000 -0.1000000 0.0000000
v 0.1385850 -0.1000000 -0.0574050
v 0.2000000 -0.1000000 0.0000000
v 0.1847800 -0.1000000 0.0765400
v 0.1847800 -0.6000000 0.0765400
v 0.2000000 -0.6000000 0.0000000
v 0.1847800 -0.1000000 0.0765400
v 0.1414200 -0.1000000 0.1414200
v 0.1414200 -0.6000000 0.1414200
v 0.1847800 -0.6000000 0.0765400
v 0.1414200 -0.1000000 0.1414200
v 0.0765400 -0.1000000 0.1847800
v 0.0765400 -0.6000000 0.1847800
v 0.1414200 -0.6000000 0.1414200
v 0.0765400 -0.1000000 0.1847800
v 0.0000000 -0.1000000 0.2000000
v 0.0000000 -0.6000000 0.2000000
v 0.0765400 -0.6000000 0.1847800
v 0.0000000 -0.1000000 0.2000000
v -0.0765400 -0.1000000 0.1847800
v -0.0765400 -0.6000000 0.1847800
v 0.0000000 -0.6000000 0.2000000
v -0.0765400 -0.1000000 0.1847800
v -0.1414200 -0.1000000 0.1414200
v -0.1414200 -0.6000000 0.1414200
v -0.0765400 -0.6000000 0.1847800
v -0.1414200 -0.1000000 0.1414200
v -0.1847800 -0.1000000 0.0765400
v -0.1847800 -0.6000000 0.0765400
v -0.1414200 -0.6000000 0.1414200
v -0.1847800 -0.1000000 0.0765400
v -0.2000000 -0.1000000 0.0000000
v -0.2000000 -0.6000000 0.0000000
v -0.1847800 -0.6000000 0.0765400
v -0.2000000 -0.1000000 0.0000000
v -0.1847800 -0.1000000 -0.0765400
v -0.1847800 -0.6000000 -0.0765400
v -0.2000000 -0.6000000 0.0000000
v -0.1847800 -0.1000000 -0.0765400
v -0.1414200 -0.1000000 -0.1414200
v -0.1414200 -0.6000000 -0.1414200
v -0.1847800 -0.6000000 -0.0765400
v -0.1414200 -0.1000000 -0.1414200
v -0.0765400 -0.1000000 -0.1847800
v -0.0765400 -0.6000000 -0.1847800
v -0.1414200 -0.6000000 -0.1414200
v -0.0765400 -0.1000000 -0.1847800
v 0.0000000 -0.1000000 -0.2000000
v 0.0000000 -0.6000000 -0.2000000
v -0.0765400 -0.6000000 -0.1847800
v 0.0000000 -0.1000000 -0.2000000
v 0.0765400 -0.1000000 -0.1847800
v 0.0765400 -0.6000000 -0.1847800
v 0.0000000 -0.6000000 -0.2000000
v 0.0765400 -0.1000000 -0.1847800
v 0.1414200 -0.1000000 -0.1414200
v 0.1414200 -0.6000000 -0.1414200
v 0.0765400 -0.6000000 -0.1847800
v 0.1414200 -0.1000000 -0.1414200
v 0.1847800 -0.1000000 -0.0765400
v 0.1847800 -0.6000000 -0.0765400
v 0.1414200 -0.6000000 -0.1414200
v 0.1847800 -0.1000000 -0.0765400
v 0.2000000 -0.1000000 0.0000000
v 0.2000000 -0.6000000 0.0000000
v 0.1847800 -0.6000000 -0.0765400
v -0.0765400 -0.6000000 0.1847800
v -0.0574050 -0.6000000 0.1385850
v 0.0000000 -0.6000000 0.1500000
v 0.0000000 -0.6000000 0.2000000
v -0.1414200 -0.6000000 0.1414200
v -0.1060650 -0.6000000 0.1060650
v -0.0574050 -0.6000000 0.1385850
v -0.0765400 -0.6000000 0.1847800
v -0.1847800 -0.6000000 0.0765400
v -0.1385850 -0.6000000 0.0574050
v -0.1060650 -0.6000000 0.1060650
v -0.1414200 -0.6000000 0.1414200
v -0.2000000 -0.6000000 0.0000000
v -0.1500000 -0.6000000 0.0000000
v -0.1385850 -0.6000000 0.0574050
v -0.1847800 -0.6000000 0.0765400
v -0.1847800 -0.6000000 -0.0765400
v -0.1385850 -0.6000000 -0.0574050
v -0.1500000 -0.6000000 0.0000000
v -0.2000000 -0.6000000 0.0000000
v -0.1414200 -0.6000000 -0.1414200
v -0.1060650 -0.6000000 -0.1060650
v -0.1385850 -0.6000000 -0.0574050
v -0.1847800 -0.6000000 -0.0765400
v -0.0765400 -0.6000000 -0.1847800
v -0.0574050 -0.6000000 -0.1385850
v -0.1060650 -0.6000000 -0.1060650
v -0.1414200 -0.6000000 -0.1414200
v 0.0000000 -0.6000000 -0.2000000
v 0.0000000 -0.6000000 -0.1500000
v -0.0574050 -0.6000000 -0.1385850
v -0.0765400 -0.6000000 -0.1847800
v 0.0765400 -0.6000000 -0.1847800
v 0.0574050 -0.6000000 -0.1385850
v 0.0000000 -0.6000000 -0.1500000
v 0.0000000 -0.6000000 -0.2000000
v 0.1414200 -0.6000000 -0.1414200
v 0.1060650 -0.6000000 -0.1060650
v 0.0574050 -0.6000000 -0.1385850
v 0.0765400 -0.6000000 -0.1847800
v 0.1847800 -0.6000000 -0.0765400
v 0.1385850 -0.6000000 -0.0574050
v 0.1060650 -0.6000000 -0.1060650
v 0.1414200 -0.6000000 -0.1414200
v 0.2000000 -0.6000000 0.0000000
v 0.1500000 -0.6000000 0.0000000
v 0.1385850 -0.6000000 -0.0574050
v 0.1847800 -0.6000000 -0.0765400
v 0.1847800 -0.6000000 0.0765400
v 0.1385850 -0.6000000 0.0574050
v 0.1500000 -0.6000000 0.0000000
v 0.2000000 -0.6000000 0.0000000
v 0.1414200 -0.6000000 0.1414200
v 0.1060650 -0.6000000 0.1060650
v 0.1385850 -0.6000000 0.0574050
v 0.1847800 -0.6000000 0.0765400
v 0.0765400 -0.6000000 0.1847800
v 0.0574050 -0.6000000 0.1385850
v 0.1060650 -0.6000000 0.1060650
v 0.1414200 -0.6000000 0.1414200
v 0.0000000 -0.6000000 0.2000000
v 0.0000000 -0.6000000 0.1500000
v 0.0574050 -0.6000000 0.1385850
v 0.0765400 -0.6000000 0.1847800
v 0.6500000 -0.6000000 0.0000000
v 0.6385850 -0.6000000 0.0574050
v 0.6385850 -0.1000000 0.0574050
v 0.6500000 -0.1000000 0.0000000
v 0.6385850 -0.6000000 0.0574050
v 0.6060650 -0.6000000 0.1060650
v 0.6060650 -0.1000000 0.1060650
v 0.6385850 -0.1000000 0.0574050
v 0.6060650 -0.6000000 0.1060650
v 0.5574050 -0.6000000 0.1385850
v 0.5574050 -0.1000000 0.1385850
v 0.6060650 -0.1000000 0.1060650
v 0.5574050 -0.6000000 0.1385850
v 0.5000000 -0.6000000 0.1500000
v 0.5000000 -0.1000000 0.1500000
v 0.5574050 -0.1000000 0.1385850
v 0.5000000 -0.6000000 0.1500000
v 0.4425950 -0.6000000 0.1385850
v 0.4425950 -0.1000000 0.1385850
v 0.5000000 -0.1000000 0.1500000
v 0.4425950 -0.6000000 0.1385850
v 0.3939350 -0.6000000 0.1060650
v 0.3939350 -0.1000000 0.1060650
v 0.4425950 -0.1000000 0.1385850
v 0.3939350 -0.6000000 0.1060650
v 0.3614150 -0.6000000 0.0574050
v 0.3614150 -0.1000000 0.0574050
v 0.3939350 -0.1000000 0.1060650
v 0.3614150 -0.6000000 0.0574050
v 0.3500000 -0.6000000 0.0000000
v 0.3500000 -0.1000000 0.0000000
v 0.3614150 -0.1000000 0.0574050
v 0.3500000 -0.6000000 0.0000000
v 0.3614150 -0.6000000 -0.0574050
v 0.3614150 -0.1000000 -0.0574050
v 0.3500000 -0.1000000 0.0000000
v 0.3614150 -0.6000000 -0.0574050
v 0.3939350 -0.6000000 -0.1060650
v 0.3939350 -0.1000000 -0.1060650
v 0.3614150 -0.1000000 -0.0574050
v 0.3939350 -0.6000000 -0.1060650
v 0.4425950 -0.6000000 -0.1385850
v 0.4425950 -0.1000000 -0.1385850
v 0.3939350 -0.1000000 -0.1060650
v 0.4425950 -0.6000000 -0.1385850
v 0.5000000 -0.6000000 -0.1500000
v 0.5000000 -0.1000000 -0.1500000
v 0.4425950 -0.1000000 -0.1385850
v 0.5000000 -0.6000000 -0.1500000
v 0.5574050 -0.6000000 -0.1385850
v 0.5574050 -0.1000000 -0.1385850
v 0.5000000 -0.1000000 -0.1500000
v 0.5574050 -0.6000000 -0.1385850
v 0.6060650 -0.6000000 -0.1060650
v 0.6060650 -0.1000000 -0.1060650
v 0.5574050 -0.1000000 -0.1385850
v 0.6060650 -0.6000000 -0.1060650
v 0.6385850 -0.6000000 -0.0574050
v 0.6385850 -0.1000000 -0.0574050
v 0.6060650 -0.1000000 -0.1060650
v 0.6385850 -0.6000000 -0.0574050
v 0.6500000 -0.6000000 0.0000000
v 0.6500000 -0.1000000 0.0000000
v 0.6385850 -0.1000000 -0.0574050
v 0.7000000 -0.1000000 0.0000000
v 0.6847800 -0.1000000 0.0765400
v 0.6847800 -0.6000000 0.0765400
v 0.7000000 -0.6000000 0.0000000
v 0.6847800 -0.1000000 0.0765400
v 0.6414200 -0.1000000 0.1414200
v 0.6414200 -0.6000000 0.1414200
v 0.6847800 -0.6000000 0.0765400
v 0.6414200 -0.1000000 0.1414200
v 0.5765400 -0.1000000 0.1847800
v 0.5765400 -0.6000000 0.1847800
v 0.6414200 -0.6000000 0.1414200
v 0.5765400 -0.1000000 0.1847800
v 0.5000000 -0.1000000 0.2000000
v 0.5000000 -0.6000000 0.2000000
v 0.5765400 -0.6000000 0.1847800
v 0.5000000 -0.1000000 0.2000000
v 0.4234600 -0.1000000 0.1847800
v 0.4234600 -0.6000000 0.1847800
v 0.5000000 -0.6000000 0.2000000
v 0.4234600 -0.1000000 0.1847800
v 0.3585800 -0.1000000 0.1414200
v 0.3585800 -0.6000000 0.1414200
v 0.4234600 -0.6000000 0.1847800
v 0.3585800 -0.1000000 0.1414200
v 0.3152200 -0.1000000 0.0765400
v 0.3152200 -0.6000000 0.0765400
v 0.3585800 -0.6000000 0.1414200
v 0.3152200 -0.1000000 0.0765400
v 0.3000000 -0.1000000 0.0000000
v 0.3000000 -0.6000000 0.0000000
v 0.3152200 -0.6000000 0.0765400
v 0.3000000 -0.1000000 0.0000000
v 0.3152200 -0.1000000 -0.0765400
v 0.3152200 -0.6000000 -0.0765400
v 0.3000000 -0.6000000 0.0000000
v 0.3152200 -0.1000000 -0.0765400
v 0.3585800 -0.1000000 -0.1414200
v 0.3585800 -0.6000000 -0.1414200
v 0.3152200 -0.6000000 -0.0765400
v 0.3585800 -0.1000000 -0.1414200
v 0.4234600 -0.1000000 -0.1847800
v 0.4234600 -0.6000000 -0.1847800
v 0.3585800 -0.6000000 -0.1414200
v 0.4234600 -0.1000000 -0.1847800
v 0.5000000 -0.1000000 -0.2000000
v 0.5000000 -0.6000000 -0.2000000
v 0.4234600 -0.6000000 -0.1847800
v 0.5000000 -0.1000000 -0.2000000
v 0.5765400 -0.1000000 -0.1847800
v 0.5765400 -0.6000000 -0.1847800
v 0.5000000 -0.6000000 -0.2000000
v 0.5765400 -0.1000000 -0.1847800
v 0.6414200 -0.1000000 -0.1414200
v 0.6414200 -0.6000000 -0.1414200
v 0.5765400 -0.6000000 -0.1847800
v 0.6414200 -0.1000000 -0.1414200
v 0.6847800 -0.1000000 -0.0765400
v 0.6847800 -0.6000000 -0.0765400
v 0.6414200 -0.6000000 -0.1414200
v 0.6847800 -0.1000000 -0.0765400
v 0.7000000 -0.1000000 0.0000000
v 0.7000000 -0.6000000 0.0000000
v 0.6847800 -0.6000000 -0.0765400
v 0.4234600 -0.6000000 0.1847800
v 0.4425950 -0.6000000 0.1385850
v 0.5000000 -0.6000000 0.1500000
v 0.5000000 -0.6000000 0.2000000
v 0.3585800 -0.6000000 0.1414200
v 0.3939350 -0.6000000 0.1060650
v 0.4425950 -0.6000000 0.1385850
v 0.4234600 -0.6000000 0.1847800
v 0.3152200 -0.6000000 0.0765400
v 0.3614150 -0.6000000 0.0574050
v 0.3939350 -0.6000000 0.1060650
v 0.3585800 -0.6000000 0.1414200
v 0.3000000 -0.6000000 0.0000000
v 0.3500000 -0.6000000 0.0000000
v 0.3614150 -0.6000000 0.0574050
v 0.3152200 -0.6000000 0.0765400
v 0.3152200 -0.6000000 -0.0765400
v 0.3614150 -0.6000000 -0.0574050
v 0.3500000 -0.6000000 0.0000000
v 0.3000000 -0.6000000 0.0000000
v 0.3585800 -0.6000000 -0.1414200
v 0.3939350 -0.6000000 -0.1060650
v 0.3614150 -0.6000000 -0.0574050
v 0.3152200 -0.6000000 -0.0765400
v 0.4234600 -0.6000000 -0.1847800
v 0.4425950 -0.6000000 -0.1385850
v 0.3939350 -0.6000000 -0.1060650
v 0.3585800 -0.6000000 -0.1414200
v 0.5000000 -0.6000000 -0.2000000
v 0.5000000 -0.6000000 -0.1500000
v 0.4425950 -0.6000000 -0.1385850
v 0.4234600 -0.6000000 -0.1847800
v 0.5765400 -0.6000000 -0.1847800
v 0.5574050 -0.6000000 -0.1385850
v 0.5000000 -0.6000000 -0.1500000
v 0.5000000 -0.6000000 -0.2000000
v 0.6414200 -0.6000000 -0.1414200
v 0.6060650 -0.6000000 -0.1060650
v 0.5574050 -0.6000000 -0.1385850
v 0.5765400 -0.6000000 -0.1847800
v 0.6847800 -0.6000000 -0.0765400
v 0.6385850 -0.6000000 -0.0574050
v 0.6060650 -0.6000000 -0.1060650
v 0.6414200 -0.6000000 -0.1414200
v 0.7000000 -0.6000000 0.0000000
v 0.6500000 -0.6000000 0.0000000
v 0.6385850 -0.6000000 -0.0574050
v 0.6847800 -0.6000000 -0.0765400
v 0.6847800 -0.6000000 0.0765400
v 0.6385850 -0.6000000 0.0574050
v 0.6500000 -0.6000000 0.0000000
v 0.7000000 -0.6000000 0.0000000
v 0.6414200 -0.6000000 0.1414200
v 0.6060650 -0.6000000 0.1060650
v 0.6385850 -0.6000000 0.0574050
v 0.6847800 -0.6000000 0.0765400
v 0.5765400 -0.6000000 0.1847800
v 0.5574050 -0.6000000 0.1385850
v 0.6060650 -0.6000000 0.1060650
v 0.6414200 -0.6000000 0.1414200
v 0.5000000 -0.6000000 0.2000000
v 0.5000000 -0.6000000 0.1500000
v 0.5574050 -0.6000000 0.1385850
v 0.5765400 -0.6000000 0.1847800
v 1.1500000 -0.6000000 0.0000000
v 1.1385850 -0.6000000 0.0574050
v 1.1385850 -0.1000000 0.0574050
v 1.1500000 -0.1000000 0.0000000
v 1.1385850 -0.6000000 0.0574050
v 1.1060650 -0.6000000 0.1060650
v 1.1060650 -0.1000000 0.1060650
v 1.1385850 -0.1000000 0.0574050
v 1.1060650 -0.6000000 0.1060650
v 1.0574050 -0.6000000 0.1385850
v 1.0574050 -0.1000000 0.1385850
v 1.1060650 -0.1000000 0.1060650
v 1.0574050 -0.6000000 0.1385850
v 1.0000000 -0.6000000 0.1500000
v 1.0000000 -0.1000000 0.1500000
v 1.0574050 -0.1000000 0.1385850
v 1.0000000 -0.6000000 0.1500000
v 0.9425950 -0.6000000 0.1385850
v 0.9425950 -0.1000000 0.1385850
v 1.0000000 -0.1000000 0.1500000
v 0.9425950 -0.6000000 0.1385850
v 0.8939350 -0.6000000 0.1060650
v 0.8939350 -0.1000000 0.1060650
v 0.9425950 -0.1000000 0.1385850
v 0.8939350 -0.6000000 0.1060650
v 0.8614150 -0.6000000 0.0574050
v 0.8614150 -0.1000000 0.0574050
v 0.8939350 -0.1000000 0.1060650
v 0.8614150 -0.6000000 0.0574050
v 0.8500000 -0.6000000 0.0000000
v 0.8500000 -0.1000000 0.0000000
v 0.8614150 -0.1000000 0.0574050
v 0.8500000 -0.6000000 0.0000000
v 0.8614150 -0.6000000 -0.0574050
v 0.8614150 -0.1000000 -0.0574050
v 0.8500000 -0.1000000 0.0000000
v 0.8614150 -0.6000000 -0.0574050
v 0.8939350 -0.6000000 -0.1060650
v 0.8939350 -0.1000000 -0.1060650
v 0.8614150 -0.1000000 -0.0574050
v 0.8939350 -0.6000000 -0.1060650
v 0.9425950 -0.6000000 -0.1385850
v 0.9425950 -0.1000000 -0.1385850
v 0.8939350 -0.1000000 -0.1060650
v 0.9425950 -0.6000000 -0.1385850
v 1.0000000 -0.6000000 -0.1500000
v 1.0000000 -0.1000000 -0.1500000
v 0.9425950 -0.1000000 -0.1385850
v 1.0000000 -0.6000000 -0.1500000
v 1.0574050 -0.6000000 -0.1385850
v 1.0574050 -0.1000000 -0.1385850
v 1.0000000 -0.1000000 -0.1500000
v 1.0574050 -0.6000000 -0.1385850
v 1.1060650 -0.6000000 -0.1060650
v 1.1060650 -0.1000000 -0.1060650
v 1.0574050 -0.1000000 -0.1385850
v 1.1060650 -0.6000000 -0.1060650
v 1.1385850 -0.6000000 -0.0574050
v 1.1385850 -0.1000000 -0.0574050
v 1.1060650 -0.1000000 -0.1060650
v 1.1385850 -0.6000000 -0.0574050
v 1.1500000 -0.6000000 0.0000000
v 1.1500000 -0.1000000 0.0000000
v 1.1385850 -0.1000000 -0.0574050
v 1.2000000 -0.1000000 0.0000000
v 1.1847800 -0.1000000 0.0765400
v 1.1847800 -0.6000000 0.0765400
v 1.2000000 -0.6000000 0.0000000
v 1.1847800 -0.1000000 0.0765400
v 1.1414200 -0.1000000 0.1414200
v 1.1414200 -0.6000000 0.1414200
v 1.1847800 -0.6000000 0.0765400
v 1.1414200 -0.1000000 0.1414200
v 1.0765400 -0.1000000 0.1847800
v 1.0765400 -0.6000000 0.1847800
v 1.1414200 -0.6000000 0.1414200
v 1.0765400 -0.1000000 0.1847800
v 1.0000000 -0.1000000 0.2000000
v 1.0000000 -0.6000000 0.2000000
v 1.0765400 -0.6000000 0.1847800
v 1.0000000 -0.1000000 0.2000000
v 0.9234600 -0.1000000 0.1847800
v 0.9234600 -0.6000000 0.1847800
v 1.0000000 -0.6000000 0.2000000
v 0.9234600 -0.1000000 0.1847800
v 0.8585800 -0.1000000 0.1414200
v 0.8585800 -0.6000000 0.1414200
v 0.9234600 -0.6000000 0.1847800
v 0.8585800 -0.1000000 0.1414200
v 0.8152200 -0.1000000 0.0765400
v 0.8152200 -0.6000000 0.0765400
v 0.8585800 -0.6000000 0.1414200
v 0.8152200 -0.1000000 0.0765400
v 0.8000000 -0.1000000 0.0000000
v 0.8000000 -0.6000000 0.0000000
v 0.8152200 -0.6000000 0.0765400
v 0.8000000 -0.1000000 0.0000000
v 0.8152200 -0.1000000 -0.0765400
v 0.8152200 -0.6000000 -0.0765400
v 0.8000000 -0.6000000 0.0000000
v 0.8152200 -0.1000000 -0.0765400
v 0.8585800 -0.1000000 -0.1414200
v 0.8585800 -0.6000000 -0.1414200
v 0.8152200 -0.6000000 -0.0765400
v 0.8585800 -0.1000000 -0.1414200
v 0.9234600 -0.1000000 -0.1847800
v 0.9234600 -0.6000000 -0.1847800
v 0.8585800 -0.6000000 -0.1414200
v 0.9234600 -0.1000000 -0.1847800
v 1.0000000 -0.1000000 -0.2000000
v 1.0000000 -0.6000000 -0.2000000
v 0.9234600 -0.6000000 -0.1847800
v 1.0000000 -0.1000000 -0.2000000
v 1.0765400 -0.1000000 -0.1847800
v 1.0765400 -0.6000000 -0.1847800
v 1.0000000 -0.6000000 -0.2000000
v 1.0765400 -0.1000000 -0.1847800
v 1.1414200 -0.1000000 -0.1414200
v 1.1414200 -0.6000000 -0.1414200
v 1.0765400 -0.6000000 -0.1847800
v 1.1414200 -0.1000000 -0.1414200
v 1.1847800 -0.1000000 -0.0765400
v 1.1847800 -0.6000000 -0.0765400
v 1.1414200 -0.6000000 -0.1414200
v 1.1847800 -0.1000000 -0.0765400
v 1.2000000 -0.1000000 0.0000000
v 1.2000000 -0.6000000 0.0000000
v 1.1847800 -0.6000000 -0.0765400
v 0.9234600 -0.6000000 0.1847800
v 0.9425950 -0.6000000 0.1385850
v 1.0000000 -0.6000000 0.1500000
v 1.0000000 -0.6000000 0.2000000
v 0.8585800 -0.6000000 0.1414200
v 0.8939350 -0.6000000 0.1060650
v 0.9425950 -0.6000000 0.1385850
v 0.9234600 -0.6000000 0.1847800
v 0.8152200 -0.6000000 0.0765400
v 0.8614150 -0.6000000 0.0574050
v 0.8939350 -0.6000000 0.1060650
v 0.8585800 -0.6000000 0.1414200
v 0.8000000 -0.6000000 0.0000000
v 0.8500000 -0.6000000 0.0000000
v 0.8614150 -0.6000000 0.0574050
v 0.8152200 -0.6000000 0.0765400
v 0.8152200 -0.6000000 -0.0765400
v 0.8614150 -0.6000000 -0.0574050
v 0.8500000 -0.6000000 0.0000000
v 0.8000000 -0.6000000 0.0000000
v 0.8585800 -0.6000000 -0.1414200
v 0.8939350 -0.6000000 -0.1060650
v 0.8614150 -0.6000000 -0.0574050
v 0.8152200 -0.6000000 -0.0765400
v 0.9234600 -0.6000000 -0.1847800
v 0.9425950 -0.6000000 -0.1385850
v 0.8939350 -0.6000000 -0.1060650
v 0.8585800 -0.6000000 -0.1414200
v 1.0000000 -0.6000000 -0.2000000
v 1.0000000 -0.6000000 -0.1500000
v 0.9425950 -0.6000000 -0.1385850
v 0.9234600 -0.6000000 -0.1847800
v 1.0765400 -0.6000000 -0.1847800
v 1.0574050 -0.6000000 -0.1385850
v 1.0000000 -0.6000000 -0.1500000
v 1.0000000 -0.6000000 -0.2000000
v 1.1414200 -0.6000000 -0.1414200
v 1.1060650 -0.6000000 -0.1060650
v 1.0574050 -0.6000000 -0.1385850
v 1.0765400 -0.6000000 -0.1847800
v 1.1847800 -0.6000000 -0.0765400
v 1.1385850 -0.6000000 -0.0574050
v 1.1060650 -0.6000000 -0.1060650
v 1.1414200 -0.6000000 -0.1414200
v 1.2000000 -0.6000000 0.0000000
v 1.1500000 -0.6000000 0.0000000
v 1.1385850 -0.6000000 -0.0574050
v 1.1847800 -0.6000000 -0.0765400
v 1.1847800 -0.6000000 0.0765400
v 1.1385850 -0.6000000 0.0574050
v 1.1500000 -0.6000000 0.0000000
v 1.2000000 -0.6000000 0.0000000
v 1.1414200 -0.6000000 0.1414200
v 1.1060650 -0.6000000 0.1060650
v 1.1385850 -0.6000000 0.0574050
v 1.1847800 -0.6000000 0.0765400
v 1.0765400 -0.6000000 0.1847800
v 1.0574050 -0.6000000 0.1385850
v 1.1060650 -0.6000000 0.1060650
v 1.1414200 -0.6000000 0.1414200
v 1.0000000 -0.6000000 0.2000000
v 1.0000000 -0.6000000 0.1500000
v 1.0574050 -0.6000000 0.1385850
v 1.0765400 -0.6000000 0.1847800
v 1.6500000 -0.6000000 0.0000000
v 1.6385850 -0.6000000 0.0574050
v 1.6385850 -0.1000000 0.0574050
v 1.6500000 -0.1000000 0.0000000
v 1.6385850 -0.6000000 0.0574050
v 1.6060650 -0.6000000 0.1060650
v 1.6060650 -0.1000000 0.1060650
v 1.6385850 -0.1000000 0.0574050
v 1.6060650 -0.6000000 0.1060650
v 1.5574050 -0.6000000 0.1385850
v 1.5574050 -0.1000000 0.1385850
v 1.6060650 -0.1000000 0.1060650
v 1.5574050 -0.6000000 0.1385850
v 1.5000000 -0.6000000 0.1500000
v 1.5000000 -0.1000000 0.1500000
v 1.5574050 -0.1000000 0.1385850
v 1.5000000 -0.6000000 0.1500000
v 1.4425950 -0.6000000 0.1385850
v 1.4425950 -0.1000000 0.1385850
v 1.5000000 -0.1000000 0.1500000
v 1.4425950 -0.6000000 0.1385850
v 1.3939350 -0.6000000 0.1060650
v 1.3939350 -0.1000000 0.1060650
v 1.4425950 -0.1000000 0.1385850
v 1.3939350 -0.6000000 0.1060650
v 1.3614150 -0.6000000 0.0574050
v 1.3614150 -0.1000000 0.0574050
v 1.3939350 -0.1000000 0.1060650
v 1.3614150 -0.6000000 0.0574050
v 1.3500000 -0.6000000 0.0000000
v 1.3500000 -0.1000000 0.0000000
v 1.3614150 -0.1000000 0.0574050
v 1.3500000 -0.6000000 0.0000000
v 1.3614150 -0.6000000 -0.0574050
v 1.3614150 -0.1000000 -0.0574050
v 1.3500000 -0.1000000 0.0000000
v 1.3614150 -0.6000000 -0.0574050
v 1.3939350 -0.6000000 -0.1060650
v 1.3939350 -0.1000000 -0.1060650
v 1.3614150 -0.1000000 -0.0574050
v 1.3939350 -0.6000000 -0.1060650
v 1.4425950 -0.6000000 -0.1385850
v 1.4425950 -0.1000000 -0.1385850
v 1.3939350 -0.1000000 -0.1060650
v 1.4425950 -0.6000000 -0.1385850
v 1.5000000 -0.6000000 -0.1500000
v 1.5000000 -0.1000000 -0.1500000
v 1.4425950 -0.1000000 -0.1385850
v 1.5000000 -0.6000000 -0.1500000
v 1.5574050 -0.6000000 -0.1385850
v 1.5574050 -0.1000000 -0.1385850
v 1.5000000 -0.1000000 -0.1500000
v 1.5574050 -0.6000000 -0.1385850
v 1.6060650 -0.6000000 -0.1060650
v 1.6060650 -0.1000000 -0.1060650
v 1.5574050 -0.1000000 -0.1385850
v 1.6060650 -0.6000000 -0.1060650
v 1.6385850 -0.6000000 -0.0574050
v 1.6385850 -0.1000000 -0.0574050
v 1.6060650 -0.1000000 -0.1060650
v 1.6385850 -0.6000000 -0.0574050
v 1.6500000 -0.6000000 0.0000000
v 1.6500000 -0.1000000 0.0000000
v 1.6385850 -0.1000000 -0.0574050
v 1.7000000 -0.1000000 0.0000000
v 1.6847800 -0.1000000 0.0765400
v 1.6847800 -0.6000000 0.0765400
v 1.7000000 -0.6000000 0.0000000
v 1.6847800 -0.1000000 0.0765400
v 1.6414200 -0.1000000 0.1414200
v 1.6414200 -0.6000000 0.1414200
v 1.6847800 -0.6000000 0.0765400
v 1.6414200 -0.1000000 0.1414200
v 1.5765400 -0.1000000 0.1847800
v 1.5765400 -0.6000000 0.1847800
v 1.6414200 -0.6000000 0.1414200
v 1.5765400 -0.1000000 0.1847800
v 1.5000000 -0.1000000 0.2000000
v 1.5000000 -0.6000000 0.2000000
v 1.5765400 -0.6000000 0.1847800
v 1.5000000 -0.1000000 0.2000000
v 1.4234600 -0.1000000 0.1847800
v 1.4234600 -0.6000000 0.1847800
v 1.5000000 -0.6000000 0.2000000
v 1.4234600 -0.1000000 0.1847800
v 1.3585800 -0.1000000 0.1414200
v 1.3585800 -0.6000000 0.1414200
v 1.4234600 -0.6000000 0.1847800
v 1.3585800 -0.1000000 0.1414200
v 1.3152200 -0.1000000 0.0765400
v 1.3152200 -0.6000000 0.0765400
v 1.3585800 -0.6000000 0.1414200
v 1.3152200 -0.1000000 0.0765400
v 1.3000000 -0.1000000 0.0000000
v 1.3000000 -0.6000000 0.0000000
v 1.3152200 -0.6000000 0.0765400
v 1.3000000 -0.1000000 0.0000000
v 1.3152200 -0.1000000 -0.0765400
v 1.3152200 -0.6000000 -0.0765400
v 1.3000000 -0.6000000 0.0000000
v 1.3152200 -0.1000000 -0.0765400
v 1.3585800 -0.1000000 -0.1414200
v 1.3585800 -0.6000000 -0.1414200
v 1.3152200 -0.6000000 -0.0765400
v 1.3585800 -0.1000000 -0.1414200
v 1.4234600 -0.1000000 -0.1847800
v 1.4234600 -0.6000000 -0.1847800
v 1.3585800 -0.6000000 -0.1414200
v 1.4234600 -0.1000000 -0.1847800
v 1.5000000 -0.1000000 -0.2000000
v 1.5000000 -0.6000000 -0.2000000
v 1.4234600 -0.6000000 -0.1847800
v 1.5000000 -0.1000000 -0.2000000
v 1.5765400 -0.1000000 -0.1847800
v 1.5765400 -0.6000000 -0.1847800
v 1.5000000 -0.6000000 -0.2000000
v 1.5765400 -0.1000000 -0.1847800
v 1.6414200 -0.1000000 -0.1414200
v 1.6414200 -0.6000000 -0.1414200
v 1.5765400 -0.6000000 -0.1847800
v 1.6414200 -0.1000000 -0.1414200
v 1.6847800 -0.1000000 -0.0765400
v 1.6847800 -0.6000000 -0.0765400
v 1.6414200 -0.6000000 -0.1414200
v 1.6847800 -0.1000000 -0.0765400
v 1.7000000 -0.1000000 0.0000000
v 1.7000000 -0.6000000 0.0000000
v 1.6847800 -0.6000000 -0.0765400
v 1.4234600 -0.6000000 0.1847800
v 1.4425950 -0.6000000 0.1385850
v 1.5000000 -0.6000000 0.1500000
v 1.5000000 -0.6000000 0.2000000
v 1.3585800 -0.6000000 0.1414200
v 1.3939350 -0.6000000 0.1060650
v 1.4425950 -0.6000000 0.1385850
v 1.4234600 -0.6000000 0.1847800
v 1.3152200 -0.6000000 0.0765400
v 1.3614150 -0.6000000 0.0574050
v 1.3939350 -0.6000000 0.1060650
v 1.3585800 -0.6000000 0.1414200
v 1.3000000 -0.6000000 0.0000000
v 1.3500000 -0.6000000 0.0000000
v 1.3614150 -0.6000000 0.0574050
v 1.3152200 -0.6000000 0.0765400
v 1.3152200 -0.6000000 -0.0765400
v 1.3614150 -0.6000000 -0.0574050
v 1.3500000 -0.6000000 0.0000000
v 1.3000000 -0.6000000 0.0000000
v 1.3585800 -0.6000000 -0.1414200
v 1.3939350 -0.6000000 -0.1060650
v 1.3614150 -0.6000000 -0.0574050
v 1.3152200 -0.6000000 -0.0765400
v 1.4234600 -0.6000000 -0.1847800
v 1.4425950 -0.6000000 -0.1385850
v 1.3939350 -0.6000000 -0.1060650
v 1.3585800 -0.6000000 -0.1414200
v 1.5000000 -0.6000000 -0.2000000
v 1.5000000 -0.6000000 -0.1500000
v 1.4425950 -0.6000000 -0.1385850
v 1.4234600 -0.6000000 -0.1847800
v 1.5765400 -0.6000000 -0.1847800
v 1.5574050 -0.6000000 -0.1385850
v 1.5000000 -0.6000000 -0.1500000
v 1.5000000 -0.6000000 -0.2000000
v 1.6414200 -0.6000000 -0.1414200
v 1.6060650 -0.6000000 -0.1060650
v 1.5574050 -0.6000000 -0.1385850
v 1.5765400 -0.6000000 -0.1847800
v 1.6847800 -0.6000000 -0.0765400
v 1.6385850 -0.6000000 -0.0574050
v 1.6060650 -0.6000000 -0.1060650
v 1.6414200 -0.6000000 -0.1414200
v 1.7000000 -0.6000000 0.0000000
v 1.6500000 -0.6000000 0.0000000
v 1.6385850 -0.6000000 -0.0574050
v 1.6847800 -0.6000000 -0.0765400
v 1.6847800 -0.6000000 0.0765400
v 1.6385850 -0.6000000 0.0574050
v 1.6500000 -0.6000000 0.0000000
v 1.7000000 -0.6000000 0.0000000
v 1.6414200 -0.6000000 0.1414200
v 1.6060650 -0.6000000 0.1060650
v 1.6385850 -0.6000000 0.0574050
v 1.6847800 -0.6000000 0.0765400
v 1.5765400 -0.6000000 0.1847800
v 1.5574050 -0.6000000 0.1385850
v 1.6060650 -0.6000000 0.1060650
v 1.6414200 -0.6000000 0.1414200
v 1.5000000 -0.6000000 0.2000000
v 1.5000000 -0.6000000 0.1500000
v 1.5574050 -0.6000000 0.1385850
v 1.5765400 -0.6000000 0.1847800
v -0.9750000 -0.1000000 0.1950288
v -0.9750000 -0.1000000 0.2000000
v -0.9750000 -0.4625000 0.2000000
v -0.9750000 -0.4625000 0.1950288
v -1.0250000 -0.4625000 0.1950288
v -1.0250000 -0.4625000 0.2000000
v -1.0250000 -0.1000000 0.2000000
v -1.0250000 -0.1000000 0.1950288
v -1.0000000 -0.4625000 0.2000000
v -1.0250000 -0.4625000 0.2000000
v -1.0250000 -0.4625000 0.1950288
v -0.9750000 -0.4625000 0.1950288
v -0.9750000 -0.4625000 0.2000000
v -1.0000000 -0.4625000 0.2000000
v -1.0250000 -0.1000000 0.2000000
v -1.0250000 -0.4625000 0.2000000
v -1.0250000 -0.4625000 0.4000000
v -1.0250000 -0.1000000 0.4000000
v -0.9750000 -0.1000000 0.4000000
v -0.9750000 -0.4625000 0.4000000
v -0.9750000 -0.4625000 0.2000000
v -0.9750000 -0.1000000 0.2000000
v -0.9750000 -0.4625000 0.4000000
v -1.0250000 -0.4625000 0.4000000
v -1.0250000 -0.4625000 0.2000000
v -0.9750000 -0.4625000 0.2000000
v -1.0250000 -0.1000000 -0.1950288
v -1.0250000 -0.1000000 -0.2000000
v -1.0250000 -0.4625000 -0.2000000
v -1.0250000 -0.4625000 -0.1950288
v -0.9750000 -0.4625000 -0.1950288
v -0.9750000 -0.4625000 -0.2000000
v -0.9750000 -0.1000000 -0.2000000
v -0.9750000 -0.1000000 -0.1950288
v -1.0000000 -0.4625000 -0.2000000
v -0.9750000 -0.4625000 -0.2000000
v -0.9750000 -0.4625000 -0.1950288
v -1.0250000 -0.4625000 -0.1950288
v -1.0250000 -0.4625000 -0.2000000
v -1.0000000 -0.4625000 -0.2000000
v -0.9750000 -0.1000000 -0.2000000
v -0.9750000 -0.4625000 -0.2000000
v -0.9750000 -0.4625000 -0.4000000
v -0.9750000 -0.1000000 -0.4000000
v -1.0250000 -0.1000000 -0.4000000
v -1.0250000 -0.4625000 -0.4000000
v -1.0250000 -0.4625000 -0.2000000
v -1.0250000 -0.1000000 -0.2000000
v -1.0250000 -0.4625000 -0.4000000
v -0.9750000 -0.4625000 -0.4000000
v -0.9750000 -0.4625000 -0.2000000
v -1.0250000 -0.4625000 -0.2000000
v 0.0250000 -0.1000000 0.1950288
v 0.0250000 -0.1000000 0.2000000
v 0.0250000 -0.4625000 0.2000000
v 0.0250000 -0.4625000 0.1950288
v -0.0250000 -0.4625000 0.1950288
v -0.0250000 -0.4625000 0.2000000
v -0.0250000 -0.1000000 0.2000000
v -0.0250000 -0.1000000 0.1950288
v 0.0000000 -0.4625000 0.2000000
v -0.0250000 -0.4625000 0.2000000
v -0.0250000 -0.4625000 0.1950288
v 0.0250000 -0.4625000 0.1950288
v 0.0250000 -0.4625000 0.2000000
v 0.0000000 -0.4625000 0.2000000
v -0.0250000 -0.1000000 0.2000000
v -0.0250000 -0.4625000 0.2000000
v -0.0250000 -0.4625000 0.4000000
v -0.0250000 -0.1000000 0.4000000
v 0.0250000 -0.1000000 0.4000000
v 0.0250000 -0.4625000 0.4000000
v 0.0250000 -0.4625000 0.2000000
v 0.0250000 -0.1000000 0.2000000
v 0.0250000 -0.4625000 0.4000000
v -0.0250000 -0.4625000 0.4000000
v -0.0250000 -0.4625000 0.2000000
v 0.0250000 -0.4625000 0.2000000
v -0.0250000 -0.1000000 -0.1950288
v -0.0250000 -0.1000000 -0.2000000
v -0.0250000 -0.4625000 -0.2000000
v -0.0250000 -0.4625000 -0.1950288
v 0.0250000 -0.4625000 -0.1950288
v 0.0250000 -0.4625000 -0.2000000
v 0.0250000 -0.1000000 -0.2000000
v 0.0250000 -0.1000000 -0.1950288
v 0.0000000 -0.4625000 -0.2000000
v 0.0250000 -0.4625000 -0.2000000
v 0.0250000 -0.4625000 -0.1950288
v -0.0250000 -0.4625000 -0.1950288
v -0.0250000 -0.4625000 -0.2000000
v 0.0000000 -0.4625000 -0.2000000
v 0.0250000 -0.1000000 -0.2000000
v 0.0250000 -0.4625000 -0.2000000
v 0.0250000 -0.4625000 -0.4000000
v 0.0250000 -0.1000000 -0.4000000
v -0.0250000 -0.1000000 -0.4000000
v -0.0250000 -0.4625000 -0.4000000
v -0.0250000 -0.4625000 -0.2000000
v -0.0250000 -0.1000000 -0.2000000
v -0.0250000 -0.4625000 -0.4000000
v 0.0250000 -0.4625000 -0.4000000
v 0.0250000 -0.4625000 -0.2000000
v -0.0250000 -0.4625000 -0.2000000
v 1.0250000 -0.1000000 0.1950288
v 1.0250000 -0.1000000 0.2000000
v 1.0250000 -0.4625000 0.2000000
v 1.0250000 -0.4625000 0.1950288
v 0.9750000 -0.4625000 0.1950288
v 0.9750000 -0.4625000 0.2000000
v 0.9750000 -0.1000000 0.2000000
v 0.9750000 -0.1000000 0.1950288
v 1.0000000 -0.4625000 0.2000000
v 0.9750000 -0.4625000 0.2000000
v 0.9750000 -0.4625000 0.1950288
v 1.0250000 -0.4625000 0.1950288
v 1.0250000 -0.4625000 0.2000000
v 1.0000000 -0.4625000 0.2000000
v 0.9750000 -0.1000000 0.2000000
v 0.9750000 -0.4625000 0.2000000
v 0.9750000 -0.4625000 0.4000000
v 0.9750000 -0.1000000 0.4000000
v 1.0250000 -0.1000000 0.4000000
v 1.0250000 -0.4625000 0.4000000
v 1.0250000 -0.4625000 0.2000000
v 1.0250000 -0.1000000 0.2000000
v 1.0250000 -0.4625000 0.4000000
v 0.9750000 -0.4625000 0.4000000
v 0.9750000 -0.4625000 0.2000000
v 1.0250000 -0.4625000 0.2000000
v 0.9750000 -0.1000000 -0.1950288
v 0.9750000 -0.1000000 -0.2000000
v 0.9750000 -0.4625000 -0.2000000
v 0.9750000 -0.4625000 -0.1950288
v 1.0250000 -0.4625000 -0.1950288
v 1.0250000 -0.4625000 -0.2000000
v 1.0250000 -0.1000000 -0.2000000
v 1.0250000 -0.1000000 -0.1950288
v 1.0000000 -0.4625000 -0.2000000
v 1.0250000 -0.4625000 -0.2000000
v 1.0250000 -0.4625000 -0.1950288
v 0.9750000 -0.4625000 -0.1950288
v 0.9750000 -0.4625000 -0.2000000
v 1.0000000 -0.4625000 -0.2000000
v 1.0250000 -0.1000000 -0.2000000
v 1.0250000 -0.4625000 -0.2000000
v 1.0250000 -0.4625000 -0.4000000
v 1.0250000 -0.1000000 -0.4000000
v 0.9750000 -0.1000000 -0.4000000
v 0.9750000 -0.4625000 -0.4000000
v 0.9750000 -0.4625000 -0.2000000
v 0.9750000 -0.1000000 -0.2000000
v 0.9750000 -0.4625000 -0.4000000
v 1.0250000 -0.4625000 -0.4000000
v 1.0250000 -0.4625000 -0.2000000
v 0.9750000 -0.4625000 -0.2000000
v 2.0000000 -0.0000000 -0.5000000
v 2.0000000 -0.6000000 -0.5000000
v -2.0000000 -0.6000000 -0.5000000
v -2.0000000 -0.0000000 -0.5000000
s off
f 1 2 3
f 1 3 4
f 5 6 7
f 5 7 8
f 9 10 11
f 9 11 12
f 13 14 15
f 13 15 16
f 17 18 19
f 17 19 20
f 21 22 23
f 21 23 24
f 25 26 27
f 25 27 28
f 29 30 31
f 29 31 32
f 33 34 35
f 33 35 36
f 37 38 39
f 37 39 40
f 41 42 43
f 41 43 44
f 45 46 47
f 45 47 48
f 49 50 51
f 49 51 52
f 53 54 55
f 53 55 56
f 57 58 59
f 57 59 60
f 61 62 63
f 61 63 64
f 65 66 67
f 65 67 68
f 69 70 71
f 69 71 72
f 73 74 75
f 73 75 76
f 77 78 79
f 77 79 80
f 81 82 83
f 81 83 84
f 85 86 87
f 85 87 88
f 89 90 91
f 89 91 92
f 93 94 95
f 93 95 96
f 97 98 99
f 97 99 100
f 101 102 103
f 101 103 104
f 105 106 107
f 105 107 108
f 109 110 111
f 109 111 112
f 113 114 115
f 113 115 116
f 117 118 119
f 120 121 122
f 123 124 125
f 126 127 128
f 129 130 131
f 132 133 134
f 135 136 137
f 138 139 140
f 141 142 143
f 144 145 146
f 147 148 149
f 150 151 152
f 153 154 155
f 156 157 158
f 159 160 161
f 162 163 164
f 165 166 167
f 165 167 168
f 169 170 171
f 169 171 172
f 173 174 175
f 173 175 176
f 177 178 179
f 177 179 180
f 181 182 183
f 181 183 184
f 185 186 187
f 185 187 188
f 189 190 191
f 189 191 192
f 193 194 195
f 193 195 196
f 197 198 199
f 197 199 200
f 201 202 203
f 201 203 204
f 205 206 207
f 205 207 208
f 209 210 211
f 209 211 212
f 213 214 215
f 213 215 216
f 217 218 219
f 217 219 220
f 221 222 223
f 221 223 224
f 225 226 227
f 225 227 228
f 229 230 231
f 232 233 234
f 235 236 237
f 238 239 240
f 241 242 243
f 244 245 246
f 247 248 249
f 250 251 252
f 253 254 255
f 256 257 258
f 259 260 261
f 262 263 264
f 265 266 267
f 268 269 270
f 271 272 273
f 274 275 276
f 277 278 279
f 277 279 280
f 281 282 283
f 281 283 284
f 285 286 287
f 285 287 288
f 289 290 291
f 289 291 292
f 293 294 295
f 293 295 296
f 297 298 299
f 297 299 300
f 301 302 303
f 301 303 304
f 305 306 307
f 305 307 308
f 309 310 311
f 309 311 312
f 313 314 315
f 313 315 316
f 317 318 319
f 317 319 320
f 321 322 323
f 321 323 324
f 325 326 327
f 325 327 328
f 329 330 331
f 329 331 332
f 333 334 335
f 333 335 336
f 337 338 339
f 337 339 340
f 341 342 343
f 344 345 346
f 347 348 349
f 350 351 352
f 353 354 355
f 356 357 358
f 359 360 361
f 362 363 364
f 365 366 367
f 368 369 370
f 371 372 373
f 374 375 376
f 377 378 379
f 380 381 382
f 383 384 385
f 386 387 388
f 389 390 391
f 389 391 392
f 393 394 395
f 393 395 396
f 397 398 399
f 397 399 400
f 401 402 403
f 401 403 404
f 405 406 407
f 405 407 408
f 409 410 411
f 409 411 412
f 413 414 415
f 413 415 416
f 417 418 419
f 417 419 420
f 421 422 423
f 421 423 424
f 425 426 427
f 425 427 428
f 429 430 431
f 429 431 432
f 433 434 435
f 433 435 436
f 437 438 439
f 437 439 440
f 441 442 443
f 441 443 444
f 445 446 447
f 445 447 448
f 449 450 451
f 449 451 452
f 453 454 455
f 456 457 458
f 459 460 461
f 462 463 464
f 465 466 467
f 468 469 470
f 471 472 473
f 474 475 476
f 477 478 479
f 480 481 482
f 483 484 485
f 486 487 488
f 489 490 491
f 492 493 494
f 495 496 497
f 498 499 500
f 501 502 503
f 501 503 504
f 505 506 507
f 505 507 508
f 509 510 511
f 509 511 512
f 513 514 515
f 513 515 516
f 517 518 519
f 517 519 520
f 521 522 523
f 521 523 524
f 525 526 527
f 525 527 528
f 529 530 531
f 529 531 532
f 533 534 535
f 533 535 536
f 537 538 539
f 537 539 540
f 541 542 543
f 541 543 544
f 545 546 547
f 545 547 548
f 549 550 551
f 549 551 552
f 553 554 555
f 553 555 556
f 557 558 559
f 557 559 560
f 561 562 563
f 561 563 564
f 565 566 567
f 568 569 570
f 571 572 573
f 574 575 576
f 577 578 579
f 580 581 582
f 583 584 585
f 586 587 588
f 589 590 591
f 592 593 594
f 595 596 597
f 598 599 600
f 601 602 603
f 604 605 606
f 607 608 609
f 610 611 612
f 613 614 615
f 613 615 616
f 617 618 619
f 617 619 620
f 621 622 623
f 621 623 624
f 625 626 627
f 625 627 628
f 629 630 631
f 629 631 632
f 633 634 635
f 633 635 636
f 637 638 639
f 637 639 640
f 641 642 643
f 641 643 644
f 645 646 647
f 645 647 648
f 649 650 651
f 649 651 652
f 653 654 655
f 653 655 656
f 657 658 659
f 657 659 660
f 661 662 663
f 661 663 664
f 665 666 667
f 665 667 668
f 669 670 671
f 669 671 672
f 673 674 675
f 673 675 676
f 677 678 679
f 680 681 682
f 683 684 685
f 686 687 688
f 689 690 691
f 692 693 694
f 695 696 697
f 698 699 700
f 701 702 703
f 704 705 706
f 707 708 709
f 710 711 712
f 713 714 715
f 716 717 718
f 719 720 721
f 722 723 724
f 725 726 727
f 725 727 728
f 729 730 731
f 729 731 732
f 733 734 735
f 733 735 736
f 737 738 739
f 737 739 740
f 741 742 743
f 741 743 744
f 745 746 747
f 745 747 748
f 749 750 751
f 749 751 752
f 753 754 755
f 753 755 756
f 757 758 759
f 757 759 760
f 761 762 763
f 761 763 764
f 765 766 767
f 765 767 768
f 769 770 771
f 769 771 772
f 773 774 775
f 773 775 776
f 777 778 779
f 777 779 780
f 781 782 783
f 781 783 784
f 785 786 787
f 785 787 788
f 789 790 791
f 792 793 794
f 795 796 797
f 798 799 800
f 801 802 803
f 804 805 806
f 807 808 809
f 810 811 812
f 813 814 815
f 816 817 818
f 819 820 821
f 822 823 824
f 825 826 827
f 828 829 830
f 831 832 833
f 834 835 836
f 837 838 839
f 837 839 840
f 841 842 843
f 841 843 844
f 845 846 847
f 845 847 848
f 849 850 851
f 849 851 852
f 853 854 855
f 853 855 856
f 857 858 859
f 857 859 860
f 861 862 863
f 861 863 864
f 865 866 867
f 865 867 868
f 869 870 871
f 869 871 872
f 873 874 875
f 873 875 876
f 877 878 879
f 877 879 880
f 881 882 883
f 881 883 884
f 885 886 887
f 885 887 888
f 889 890 891
f 889 891 892
f 893 894 895
f 893 895 896
f 897 898 899
f 897 899 900
f 901 902 903
f 904 905 906
f 907 908 909
f 910 911 912
f 913 914 915
f 916 917 918
f 919 920 921
f 922 923 924
f 925 926 927
f 928 929 930
f 931 932 933
f 934 935 936
f 937 938 939
f 940 941 942
f 943 944 945
f 946 947 948
f 949 950 951
f 949 951 952
f 953 954 955
f 953 955 956
f 957 958 959
f 957 959 960
f 961 962 963
f 961 963 964
f 965 966 967
f 965 967 968
f 969 970 971
f 969 971 972
f 973 974 975
f 973 975 976
f 977 978 979
f 977 979 980
f 981 982 983
f 981 983 984
f 985 986 987
f 985 987 988
f 989 990 991
f 989 991 992
f 993 994 995
f 993 995 996
f 997 998 999
f 997 999 1000
f 1001 1002 1003
f 1001 1003 1004
f 1005 1006 1007
f 1005 1007 1008
f 1009 1010 1011
f 1009 1011 1012
f 1013 1014 1015
f 1016 1017 1018
f 1019 1020 1021
f 1022 1023 1024
f 1025 1026 1027
f 1028 1029 1030
f 1031 1032 1033
f 1034 1035 1036
f 1037 1038 1039
f 1040 1041 1042
f 1043 1044 1045
f 1046 1047 1048
f 1049 1050 1051
f 1052 1053 1054
f 1055 1056 1057
f 1058 1059 1060
f 1061 1062 1063
f 1061 1063 1064
f 1065 1066 1067
f 1065 1067 1068
f 1069 1070 1071
f 1069 1071 1072
f 1073 1074 1075
f 1073 1075 1076
f 1077 1078 1079
f 1077 1079 1080
f 1081 1082 1083
f 1081 1083 1084
f 1085 1086 1087
f 1085 1087 1088
f 1089 1090 1091
f 1089 1091 1092
f 1093 1094 1095
f 1093 1095 1096
f 1097 1098 1099
f 1097 1099 1100
f 1101 1102 1103
f 1101 1103 1104
f 1105 1106 1107
f 1105 1107 1108
f 1109 1110 1111
f 1109 1111 1112
f 1113 1114 1115
f 1113 1115 1116
f 1117 1118 1119
f 1117 1119 1120
f 1121 1122 1123
f 1121 1123 1124
f 1125 1126 1127
f 1128 1129 1130
f 1131 1132 1133
f 1134 1135 1136
f 1137 1138 1139
f 1140 1141 1142
f 1143 1144 1145
f 1146 1147 1148
f 1149 1150 1151
f 1152 1153 1154
f 1155 1156 1157
f 1158 1159 1160
f 1161 1162 1163
f 1164 1165 1166
f 1167 1168 1169
f 1170 1171 1172
f 1173 1174 1175
f 1173 1175 1176
f 1177 1178 1179
f 1177 1179 1180
f 1181 1182 1183
f 1181 1183 1184
f 1185 1186 1187
f 1185 1187 1188
f 1189 1190 1191
f 1189 1191 1192
f 1193 1194 1195
f 1193 1195 1196
f 1197 1198 1199
f 1197 1199 1200
f 1201 1202 1203
f 1201 1203 1204
f 1205 1206 1207
f 1205 1207 1208
f 1209 1210 1211
f 1209 1211 1212
f 1213 1214 1215
f 1213 1215 1216
f 1217 1218 1219
f 1217 1219 1220
f 1221 1222 1223
f 1221 1223 1224
f 1225 1226 1227
f 1225 1227 1228
f 1229 1230 1231
f 1229 1231 1232
f 1233 1234 1235
f 1233 1235 1236
f 1237 1238 1239
f 1240 1241 1242
f 1243 1244 1245
f 1246 1247 1248
f 1249 1250 1251
f 1252 1253 1254
f 1255 1256 1257
f 1258 1259 1260
f 1261 1262 1263
f 1264 1265 1266
f 1267 1268 1269
f 1270 1271 1272
f 1273 1274 1275
f 1276 1277 1278
f 1279 1280 1281
f 1282 1283 1284
f 1285 1286 1287
f 1285 1287 1288
f 1289 1290 1291
f 1289 1291 1292
f 1293 1294 1295
f 1293 1295 1296
f 1297 1298 1299
f 1297 1299 1300
f 1301 1302 1303
f 1301 1303 1304
f 1305 1306 1307
f 1305 1307 1308
f 1309 1310 1311
f 1309 1311 1312
f 1313 1314 1315
f 1313 1315 1316
f 1317 1318 1319
f 1317 1319 1320
f 1321 1322 1323
f 1321 1323 1324
f 1325 1326 1327
f 1325 1327 1328
f 1329 1330 1331
f 1329 1331 1332
f 1333 1334 1335
f 1333 1335 1336
f 1337 1338 1339
f 1337 1339 1340
f 1341 1342 1343
f 1341 1343 1344
f 1345 1346 1347
f 1345 1347 1348
f 1349 1350 1351
f 1352 1353 1354
f 1355 1356 1357
f 1358 1359 1360
f 1361 1362 1363
f 1364 1365 1366
f 1367 1368 1369
f 1370 1371 1372
f 1373 1374 1375
f 1376 1377 1378
f 1379 1380 1381
f 1382 1383 1384
f 1385 1386 1387
f 1388 1389 1390
f 1391 1392 1393
f 1394 1395 1396
f 1397 1398 1399
f 1397 1399 1400
f 1401 1402 1403
f 1401 1403 1404
f 1405 1406 1407
f 1405 1407 1408
f 1409 1410 1411
f 1409 1411 1412
f 1413 1414 1415
f 1413 1415 1416
f 1417 1418 1419
f 1417 1419 1420
f 1421 1422 1423
f 1421 1423 1424
f 1425 1426 1427
f 1425 1427 1428
f 1429 1430 1431
f 1429 1431 1432
f 1433 1434 1435
f 1433 1435 1436
f 1437 1438 1439
f 1437 1439 1440
f 1441 1442 1443
f 1441 1443 1444
f 1445 1446 1447
f 1445 1447 1448
f 1449 1450 1451
f 1449 1451 1452
f 1453 1454 1455
f 1453 1455 1456
f 1457 1458 1459
f 1457 1459 1460
f 1461 1462 1463
f 1464 1465 1466
f 1467 1468 1469
f 1470 1471 1472
f 1473 1474 1475
f 1476 1477 1478
f 1479 1480 1481
f 1482 1483 1484
f 1485 1486 1487
f 1488 1489 1490
f 1491 1492 1493
f 1494 1495 1496
f 1497 1498 1499
f 1500 1501 1502
f 1503 1504 1505
f 1506 1507 1508
f 1509 1510 1511
f 1509 1511 1512
f 1513 1514 1515
f 1513 1515 1516
f 1517 1518 1519
f 1517 1519 1520
f 1521 1522 1523
f 1521 1523 1524
f 1525 1526 1527
f 1525 1527 1528
f 1529 1530 1531
f 1529 1531 1532
f 1533 1534 1535
f 1533 1535 1536
f 1537 1538 1539
f 1537 1539 1540
f 1541 1542 1543
f 1541 1543 1544
f 1545 1546 1547
f 1545 1547 1548
f 1549 1550 1551
f 1549 1551 1552
f 1553 1554 1555
f 1553 1555 1556
f 1557 1558 1559
f 1557 1559 1560
f 1561 1562 1563
f 1561 1563 1564
f 1565 1566 1567
f 1565 1567 1568
f 1569 1570 1571
f 1569 1571 1572
f 1573 1574 1575
f 1576 1577 1578
f 1579 1580 1581
f 1582 1583 1584
f 1585 1586 1587
f 1588 1589 1590
f 1591 1592 1593
f 1594 1595 1596
f 1597 1598 1599
f 1600 1601 1602
f 1603 1604 1605
f 1606 1607 1608
f 1609 1610 1611
f 1612 1613 1614
f 1615 1616 1617
f 1618 1619 1620
f 1621 1622 1623
f 1621 1623 1624
f 1625 1626 1627
f 1625 1627 1628
f 1629 1630 1631
f 1629 1631 1632
f 1633 1634 1635
f 1633 1635 1636
f 1637 1638 1639
f 1637 1639 1640
f 1641 1642 1643
f 1641 1643 1644
f 1645 1646 1647
f 1645 1647 1648
f 1649 1650 1651
f 1649 1651 1652
f 1653 1654 1655
f 1653 1655 1656
f 1657 1658 1659
f 1657 1659 1660
f 1661 1662 1663
f 1661 1663 1664
f 1665 1666 1667
f 1665 1667 1668
f 1669 1670 1671
f 1669 1671 1672
f 1673 1674 1675
f 1673 1675 1676
f 1677 1678 1679
f 1677 1679 1680
f 1681 1682 1683
f 1681 1683 1684
f 1685 1686 1687
f 1688 1689 1690
f 1691 1692 1693
f 1694 1695 1696
f 1697 1698 1699
f 1700 1701 1702
f 1703 1704 1705
f 1706 1707 1708
f 1709 1710 1711
f 1712 1713 1714
f 1715 1716 1717
f 1718 1719 1720
f 1721 1722 1723
f 1724 1725 1726
f 1727 1728 1729
f 1730 1731 1732
f 1733 1734 1735
f 1733 1735 1736
f 1737 1738 1739
f 1737 1739 1740
f 1741 1742 1743
f 1741 1743 1744
f 1745 1746 1747
f 1745 1747 1748
f 1749 1750 1751
f 1749 1751 1752
f 1753 1754 1755
f 1753 1755 1756
f 1757 1758 1759
f 1757 1759 1760
f 1761 1762 1763
f 1761 1763 1764
f 1765 1766 1767
f 1765 1767 1768
f 1769 1770 1771
f 1769 1771 1772
f 1773 1774 1775
f 1773 1775 1776
f 1777 1778 1779
f 1777 1779 1780
f 1781 1782 1783
f 1781 1783 1784
f 1785 1786 1787
f 1785 1787 1788
f 1789 1790 1791
f 1789 1791 1792
f 1793 1794 1795
f 1793 1795 1796
f 1797 1798 1799
f 1800 1801 1802
f 1803 1804 1805
f 1806 1807 1808
f 1809 1810 1811
f 1812 1813 1814
f 1815 1816 1817
f 1818 1819 1820
f 1821 1822 1823
f 1824 1825 1826
f 1827 1828 1829
f 1830 1831 1832
f 1833 1834 1835
f 1836 1837 1838
f 1839 1840 1841
f 1842 1843 1844
f 1845 1846 1847
f 1845 1847 1848
f 1849 1850 1851
f 1849 1851 1852
f 1853 1854 1855
f 1853 1855 1856
f 1857 1858 1859
f 1857 1859 1860
f 1861 1862 1863
f 1861 1863 1864
f 1865 1866 1867
f 1865 1867 1868
f 1869 1870 1871
f 1869 1871 1872
f 1873 1874 1875
f 1873 1875 1876
f 1877 1878 1879
f 1877 1879 1880
f 1881 1882 1883
f 1881 1883 1884
f 1885 1886 1887
f 1885 1887 1888
f 1889 1890 1891
f 1889 1891 1892
f 1893 1894 1895
f 1893 1895 1896
f 1897 1898 1899
f 1897 1899 1900
f 1901 1902 1903
f 1901 1903 1904
f 1905 1906 1907
f 1905 1907 1908
f 1909 1910 1911
f 1909 1911 1912
f 1913 1914 1915
f 1913 1915 1916
f 1917 1918 1919
f 1917 1919 1920
f 1921 1922 1923
f 1921 1923 1924
f 1925 1926 1927
f 1925 1927 1928
f 1929 1930 1931
f 1929 1931 1932
f 1933 1934 1935
f 1933 1935 1936
f 1937 1938 1939
f 1937 1939 1940
f 1941 1942 1943
f 1941 1943 1944
f 1945 1946 1947
f 1945 1947 1948
f 1949 1950 1951
f 1949 1951 1952
f 1953 1954 1955
f 1953 1955 1956
f 1957 1958 1959
f 1957 1959 1960
f 1961 1962 1963
f 1961 1963 1964
f 1965 1966 1967
f 1965 1967 1968
f 1969 1970 1971
f 1969 1971 1972
f 1973 1974 1975
f 1973 1975 1976
f 1977 1978 1979
f 1977 1979 1980
f 1981 1982 1983
f 1981 1983 1984
f 1985 1986 1987
f 1985 1987 1988
f 1989 1990 1991
f 1989 1991 1992
f 1993 1994 1995
f 1993 1995 1996
f 1997 1998 1999
f 1997 1999 2000
f 2001 2002 2003
f 2001 2003 2004
f 2005 2006 2007
f 2005 2007 2008
f 2009 2010 2011
f 2009 2011 2012
f 2013 2014 2015
f 2013 2015 2016
f 2017 2018 2019
f 2017 2019 2020
f 2021 2022 2023
f 2021 2023 2024
f 2025 2026 2027
f 2025 2027 2028
f 2029 2030 2031
f 2029 2031 2032
f 2033 2034 2035
f 2033 2035 2036
f 2037 2038 2039
f 2037 2039 2040
f 2041 2042 2043
f 2041 2043 2044
f 2045 2046 2047
f 2045 2047 2048
f 2049 2050 2051
f 2049 2051 2052
f 2053 2054 2055
f 2053 2055 2056
f 2057 2058 2059
f 2057 2059 2060
f 2061 2062 2063
f 2061 2063 2064
f 2065 2066 2067
f 2065 2067 2068
f 2069 2070 2071
f 2069 2071 2072
f 2073 2074 2075
f 2073 2075 2076
f 2077 2078 2079
f 2077 2079 2080
f 2081 2082 2083
f 2081 2083 2084
f 2085 2086 2087
f 2085 2087 2088
f 2089 2090 2091
f 2089 2091 2092
f 2093 2094 2095
f 2093 2095 2096
f 2097 2098 2099
f 2097 2099 2100
f 2101 2102 2103
f 2101 2103 2104
f 2105 2106 2107
f 2105 2107 2108
f 2109 2110 2111
f 2109 2111 2112
f 2113 2114 2115
f 2113 2115 2116
f 2117 2118 2119
f 2117 2119 2120
f 2121 2122 2123
f 2121 2123 2124
f 2125 2126 2127
f 2125 2127 2128
f 2129 2130 2131
f 2129 2131 2132
f 2133 2134 2135
f 2133 2135 2136
f 2137 2138 2139
f 2137 2139 2140
f 2141 2142 2143
f 2141 2143 2144
f 2145 2146 2147
f 2145 2147 2148
f 2149 2150 2151
f 2149 2151 2152
f 2153 2154 2155
f 2153 2155 2156
f 2157 2158 2159
f 2157 2159 2160
f 2161 2162 2163
f 2161 2163 2164
f 2165 2166 2167
f 2165 2167 2168
f 2169 2170 2171
f 2169 2171 2172
f 2173 2174 2175
f 2173 2175 2176
f 2177 2178 2179
f 2177 2179 2180
f 2181 2182 2183
f 2181 2183 2184
f 2185 2186 2187
f 2185 2187 2188
f 2189 2190 2191
f 2189 2191 2192
f 2193 2194 2195
f 2193 2195 2196
f 2197 2198 2199
f 2197 2199 2200
f 2201 2202 2203
f 2201 2203 2204
f 2205 2206 2207
f 2205 2207 2208
f 2209 2210 2211
f 2209 2211 2212
f 2213 2214 2215
f 2213 2215 2216
f 2217 2218 2219
f 2217 2219 2220
f 2221 2222 2223
f 2221 2223 2224
f 2225 2226 2227
f 2225 2227 2228
f 2229 2230 2231
f 2229 2231 2232
f 2233 2234 2235
f 2233 2235 2236
f 2237 2238 2239
f 2237 2239 2240
f 2241 2242 2243
f 2241 2243 2244
f 2245 2246 2247
f 2245 2247 2248
f 2249 2250 2251
f 2249 2251 2252
f 2253 2254 2255
f 2253 2255 2256
f 2257 2258 2259
f 2257 2259 2260
f 2261 2262 2263
f 2261 2263 2264
f 2265 2266 2267
f 2265 2267 2268
f 2269 2270 2271
f 2269 2271 2272
f 2273 2274 2275
f 2273 2275 2276
f 2277 2278 2279
f 2277 2279 2280
f 2281 2282 2283
f 2281 2283 2284
f 2285 2286 2287
f 2285 2287 2288
f 2289 2290 2291
f 2289 2291 2292
f 2293 2294 2295
f 2293 2295 2296
f 2297 2298 2299
f 2297 2299 2300
f 2301 2302 2303
f 2301 2303 2304
f 2305 2306 2307
f 2305 2307 2308
f 2309 2310 2311
f 2309 2311 2312
f 2313 2314 2315
f 2313 2315 2316
f 2317 2318 2319
f 2317 2319 2320
f 2321 2322 2323
f 2321 2323 2324
f 2325 2326 2327
f 2325 2327 2328
f 2329 2330 2331
f 2329 2331 2332
f 2333 2334 2335
f 2333 2335 2336
f 2337 2338 2339
f 2337 2339 2340
f 2341 2342 2343
f 2341 2343 2344
f 2345 2346 2347
f 2345 2347 2348
f 2349 2350 2351
f 2349 2351 2352
f 2353 2354 2355
f 2353 2355 2356
f 2357 2358 2359
f 2357 2359 2360
f 2361 2362 2363
f 2361 2363 2364
f 2365 2366 2367
f 2365 2367 2368
f 2369 2370 2371
f 2369 2371 2372
f 2373 2374 2375
f 2373 2375 2376
f 2377 2378 2379
f 2377 2379 2380
f 2381 2382 2383
f 2381 2383 2384
f 2385 2386 2387
f 2385 2387 2388
f 2389 2390 2391
f 2389 2391 2392
f 2393 2394 2395
f 2393 2395 2396
f 2397 2398 2399
f 2397 2399 2400
f 2401 2402 2403
f 2401 2403 2404
f 2405 2406 2407
f 2405 2407 2408
f 2409 2410 2411
f 2409 2411 2412
f 2413 2414 2415
f 2413 2415 2416
f 2417 2418 2419
f 2417 2419 2420
f 2421 2422 2423
f 2421 2423 2424
f 2425 2426 2427
f 2425 2427 2428
f 2429 2430 2431
f 2429 2431 2432
f 2433 2434 2435
f 2433 2435 2436
f 2437 2438 2439
f 2437 2439 2440
f 2441 2442 2443
f 2441 2443 2444
f 2445 2446 2447
f 2445 2447 2448
f 2449 2450 2451
f 2449 2451 2452
f 2453 2454 2455
f 2453 2455 2456
f 2457 2458 2459
f 2457 2459 2460
f 2461 2462 2463
f 2461 2463 2464
f 2465 2466 2467
f 2465 2467 2468
f 2469 2470 2471
f 2469 2471 2472
f 2473 2474 2475
f 2473 2475 2476
f 2477 2478 2479
f 2477 2479 2480
f 2481 2482 2483
f 2481 2483 2484
f 2485 2486 2487
f 2485 2487 2488
f 2489 2490 2491
f 2489 2491 2492
f 2493 2494 2495
f 2493 2495 2496
f 2497 2498 2499
f 2497 2499 2500
f 2501 2502 2503
f 2501 2503 2504
f 2505 2506 2507
f 2505 2507 2508
f 2509 2510 2511
f 2509 2511 2512
f 2513 2514 2515
f 2513 2515 2516
f 2517 2518 2519
f 2517 2519 2520
f 2521 2522 2523
f 2521 2523 2524
f 2525 2526 2527
f 2525 2527 2528
f 2529 2530 2531
f 2529 2531 2532
f 2533 2534 2535
f 2533 2535 2536
f 2537 2538 2539
f 2537 2539 2540
f 2541 2542 2543
f 2541 2543 2544
f 2545 2546 2547
f 2545 2547 2548
f 2549 2550 2551
f 2549 2551 2552
f 2553 2554 2555
f 2553 2555 2556
f 2557 2558 2559
f 2557 2559 2560
f 2561 2562 2563
f 2561 2563 2564
f 2565 2566 2567
f 2565 2567 2568
f 2569 2570 2571
f 2569 2571 2572
f 2573 2574 2575
f 2573 2575 2576
f 2577 2578 2579
f 2577 2579 2580
f 2581 2582 2583
f 2581 2583 2584
f 2585 2586 2587
f 2585 2587 2588
f 2589 2590 2591
f 2589 2591 2592
f 2593 2594 2595
f 2593 2595 2596
f 2597 2598 2599
f 2597 2599 2600
f 2601 2602 2603
f 2601 2603 2604
f 2605 2606 2607
f 2605 2607 2608
f 2609 2610 2611
f 2609 2611 2612
f 2613 2614 2615
f 2613 2615 2616
f 2617 2618 2619
f 2617 2619 2620
f 2621 2622 2623
f 2621 2623 2624
f 2625 2626 2627
f 2625 2627 2628
f 2629 2630 2631
f 2629 2631 2632
f 2633 2634 2635
f 2633 2635 2636
f 2637 2638 2639
f 2637 2639 2640
f 2641 2642 2643
f 2641 2643 2644
f 2645 2646 2647
f 2645 2647 2648
f 2649 2650 2651
f 2649 2651 2652
f 2653 2654 2655
f 2653 2655 2656
f 2657 2658 2659
f 2657 2659 2660
f 2661 2662 2663
f 2661 2663 2664
f 2665 2666 2667
f 2665 2667 2668
f 2669 2670 2671
f 2669 2671 2672
f 2673 2674 2675
f 2673 2675 2676
f 2677 2678 2679
f 2677 2679 2680
f 2681 2682 2683
f 2681 2683 2684
f 2685 2686 2687
f 2685 2687 2688
f 2689 2690 2691
f 2689 2691 2692
f 2693 2694 2695
f 2693 2695 2696
f 2697 2698 2699
f 2697 2699 2700
f 2701 2702 2703
f 2701 2703 2704
f 2705 2706 2707
f 2705 2707 2708
f 2709 2710 2711
f 2709 2711 2712
f 2713 2714 2715
f 2713 2715 2716
f 2717 2718 2719
f 2717 2719 2720
f 2721 2722 2723
f 2721 2723 2724
f 2725 2726 2727
f 2725 2727 2728
f 2729 2730 2731
f 2729 2731 2732
f 2733 2734 2735
f 2733 2735 2736
f 2737 2738 2739
f 2737 2739 2740
f 2741 2742 2743
f 2741 2743 2744
f 2745 2746 2747
f 2745 2747 2748
f 2749 2750 2751
f 2749 2751 2752
f 2753 2754 2755
f 2753 2755 2756
f 2757 2758 2759
f 2757 2759 2760
f 2761 2762 2763
f 2761 2763 2764
f 2765 2766 2767
f 2765 2767 2768
f 2769 2770 2771
f 2769 2771 2772
f 2773 2774 2775
f 2773 2775 2776
f 2777 2778 2779
f 2777 2779 2780
f 2781 2782 2783
f 2781 2783 2784
f 2785 2786 2787
f 2785 2787 2788
f 2789 2790 2791
f 2789 2791 2792
f 2793 2794 2795
f 2793 2795 2796
f 2797 2798 2799
f 2797 2799 2800
f 2801 2802 2803
f 2801 2803 2804
f 2805 2806 2807
f 2805 2807 2808
f 2809 2810 2811
f 2809 2811 2812
f 2813 2814 2815
f 2813 2815 2816
f 2817 2818 2819
f 2817 2819 2820
f 2821 2822 2823
f 2821 2823 2824
f 2825 2826 2827
f 2825 2827 2828
f 2829 2830 2831
f 2829 2831 2832
f 2833 2834 2835
f 2833 2835 2836
f 2837 2838 2839
f 2837 2839 2840
f 2841 2842 2843
f 2841 2843 2844
f 2845 2846 2847
f 2845 2847 2848
f 2849 2850 2851
f 2849 2851 2852
f 2853 2854 2855
f 2853 2855 2856
f 2857 2858 2859
f 2857 2859 2860
f 2861 2862 2863
f 2861 2863 2864
f 2865 2866 2867
f 2865 2867 2868
f 2869 2870 2871
f 2869 2871 2872
f 2873 2874 2875
f 2873 2875 2876
f 2877 2878 2879
f 2877 2879 2880
f 2881 2882 2883
f 2881 2883 2884
f 2885 2886 2887
f 2885 2887 2888
f 2889 2890 2891
f 2889 2891 2892
f 2893 2894 2895
f 2893 2895 2896
f 2897 2898 2899
f 2897 2899 2900
f 2901 2902 2903
f 2901 2903 2904
f 2905 2906 2907
f 2905 2907 2908
f 2909 2910 2911
f 2909 2911 2912
f 2913 2914 2915
f 2913 2915 2916
f 2917 2918 2919
f 2917 2919 2920
f 2921 2922 2923
f 2921 2923 2924
f 2925 2926 2927
f 2925 2927 2928
f 2929 2930 2931
f 2929 2931 2932
f 2933 2934 2935
f 2933 2935 2936
f 2937 2938 2939
f 2937 2939 2940
f 2941 2942 2943
f 2941 2943 2944
f 2945 2946 2947
f 2945 2947 2948
f 2949 2950 2951
f 2949 2951 2952
f 2953 2954 2955
f 2953 2955 2956
f 2957 2958 2959
f 2957 2959 2960
f 2961 2962 2963
f 2961 2963 2964
f 2965 2966 2967
f 2965 2967 2968
f 2969 2970 2971
f 2969 2971 2972
f 2973 2974 2975
f 2973 2975 2976
f 2977 2978 2979
f 2977 2979 2980
f 2981 2982 2983
f 2981 2983 2984
f 2985 2986 2987
f 2985 2987 2988
f 2989 2990 2991
f 2989 2991 2992
f 2993 2994 2995
f 2993 2995 2996
f 2997 2998 2999
f 2997 2999 3000
f 3001 3002 3003
f 3001 3003 3004
f 3005 3006 3007
f 3005 3007 3008
f 3009 3010 3011
f 3009 3011 3012
f 3013 3014 3015
f 3013 3015 3016
f 3017 3018 3019
f 3017 3019 3020
f 3021 3022 3023
f 3021 3023 3024
f 3025 3026 3027
f 3025 3027 3028
f 3029 3030 3031
f 3029 3031 3032
f 3033 3034 3035
f 3033 3035 3036
f 3037 3038 3039
f 3037 3039 3040
f 3041 3042 3043
f 3041 3043 3044
f 3045 3046 3047
f 3045 3047 3048
f 3049 3050 3051
f 3049 3051 3052
f 3053 3054 3055
f 3053 3055 3056
f 3057 3058 3059
f 3057 3059 3060
f 3061 3062 3063
f 3061 3063 3064
f 3065 3066 3067
f 3065 3067 3068
f 3069 3070 3071
f 3069 3071 3072
f 3073 3074 3075
f 3073 3075 3076
f 3077 3078 3079
f 3077 3079 3080
f 3081 3082 3083
f 3081 3083 3084
f 3085 3086 3087
f 3085 3087 3088
f 3089 3090 3091
f 3089 3091 3092
f 3093 3094 3095
f 3093 3095 3096
f 3097 3098 3099
f 3097 3099 3100
f 3101 3102 3103
f 3101 3103 3104
f 3105 3106 3107
f 3105 3107 3108
f 3109 3110 3111
f 3109 3111 3112
f 3113 3114 3115
f 3113 3115 3116
f 3117 3118 3119
f 3117 3119 3120
f 3121 3122 3123
f 3121 3123 3124
f 3125 3126 3127
f 3125 3127 3128
f 3129 3130 3131
f 3129 3131 3132
f 3133 3134 3135
f 3133 3135 3136
f 3137 3138 3139
f 3137 3139 3140
f 3141 3142 3143
f 3141 3143 3144
f 3145 3146 3147
f 3145 3147 3148
f 3149 3150 3151
f 3149 3151 3152
f 3153 3154 3155
f 3153 3155 3156
f 3157 3158 3159
f 3157 3159 3160
f 3161 3162 3163
f 3161 3163 3164
f 3165 3166 3167
f 3165 3167 3168
f 3169 3170 3171
f 3169 3171 3172
f 3173 3174 3175
f 3173 3175 3176
f 3177 3178 3179
f 3177 3179 3180
f 3181 3182 3183
f 3181 3183 3184
f 3185 3186 3187
f 3185 3187 3188
f 3189 3190 3191
f 3189 3191 3192
f 3193 3194 3195
f 3193 3195 3196
f 3197 3198 3199
f 3200 3201 3202
f 3203 3204 3205
f 3203 3205 3206
f 3207 3208 3209
f 3207 3209 3210
f 3211 3212 3213
f 3211 3213 3214
f 3215 3216 3217
f 3215 3217 3218
f 3219 3220 3221
f 3219 3221 3222
f 3223 3224 3225
f 3226 3227 3228
f 3229 3230 3231
f 3229 3231 3232
f 3233 3234 3235
f 3233 3235 3236
f 3237 3238 3239
f 3237 3239 3240
f 3241 3242 3243
f 3241 3243 3244
f 3245 3246 3247
f 3245 3247 3248
f 3249 3250 3251
f 3252 3253 3254
f 3255 3256 3257
f 3255 3257 3258
f 3259 3260 3261
f 3259 3261 3262
f 3263 3264 3265
f 3263 3265 3266
f 3267 3268 3269
f 3267 3269 3270
f 3271 3272 3273
f 3271 3273 3274
f 3275 3276 3277
f 3278 3279 3280
f 3281 3282 3283
f 3281 3283 3284
f 3285 3286 3287
f 3285 3287 3288
f 3289 3290 3291
f 3289 3291 3292
f 3293 3294 3295
f 3293 3295 3296
f 3297 3298 3299
f 3297 3299 3300
f 3301 3302 3303
f 3304 3305 3306
f 3307 3308 3309
f 3307 3309 3310
f 3311 3312 3313
f 3311 3313 3314
f 3315 3316 3317
f 3315 3317 3318
f 3319 3320 3321
f 3319 3321 3322
f 3323 3324 3325
f 3323 3325 3326
f 3327 3328 3329
f 3330 3331 3332
f 3333 3334 3335
f 3333 3335 3336
f 3337 3338 3339
f 3337 3339 3340
f 3341 3342 3343
f 3341 3343 3344
f 3345 3346 3347
f 3345 3347 3348
