# Baked from official LDraw part 30176.dat
o ldraw_30176
v 0.1000000 -0.1000000 0.0000000
v 0.0923900 -0.1000000 0.0382700
v 0.0923900 -0.0000000 0.0382700
v 0.1000000 -0.0000000 0.0000000
v 0.0923900 -0.1000000 0.0382700
v 0.0707100 -0.1000000 0.0707100
v 0.0707100 -0.0000000 0.0707100
v 0.0923900 -0.0000000 0.0382700
v 0.0707100 -0.1000000 0.0707100
v 0.0382700 -0.1000000 0.0923900
v 0.0382700 -0.0000000 0.0923900
v 0.0707100 -0.0000000 0.0707100
v 0.0382700 -0.1000000 0.0923900
v 0.0000000 -0.1000000 0.1000000
v 0.0000000 -0.0000000 0.1000000
v 0.0382700 -0.0000000 0.0923900
v 0.0000000 -0.1000000 0.1000000
v -0.0382700 -0.1000000 0.0923900
v -0.0382700 -0.0000000 0.0923900
v 0.0000000 -0.0000000 0.1000000
v -0.0382700 -0.1000000 0.0923900
v -0.0707100 -0.1000000 0.0707100
v -0.0707100 -0.0000000 0.0707100
v -0.0382700 -0.0000000 0.0923900
v -0.0707100 -0.1000000 0.0707100
v -0.0923900 -0.1000000 0.0382700
v -0.0923900 -0.0000000 0.0382700
v -0.0707100 -0.0000000 0.0707100
v -0.0923900 -0.1000000 0.0382700
v -0.1000000 -0.1000000 0.0000000
v -0.1000000 -0.0000000 0.0000000
v -0.0923900 -0.0000000 0.0382700
v -0.1000000 -0.1000000 0.0000000
v -0.0923900 -0.1000000 -0.0382700
v -0.0923900 -0.0000000 -0.0382700
v -0.1000000 -0.0000000 0.0000000
v -0.0923900 -0.1000000 -0.0382700
v -0.0707100 -0.1000000 -0.0707100
v -0.0707100 -0.0000000 -0.0707100
v -0.0923900 -0.0000000 -0.0382700
v -0.0707100 -0.1000000 -0.0707100
v -0.0382700 -0.1000000 -0.0923900
v -0.0382700 -0.0000000 -0.0923900
v -0.0707100 -0.0000000 -0.0707100
v -0.0382700 -0.1000000 -0.0923900
v 0.0000000 -0.1000000 -0.1000000
v 0.0000000 -0.0000000 -0.1000000
v -0.0382700 -0.0000000 -0.0923900
v 0.0000000 -0.1000000 -0.1000000
v 0.0382700 -0.1000000 -0.0923900
v 0.0382700 -0.0000000 -0.0923900
v 0.0000000 -0.0000000 -0.1000000
v 0.0382700 -0.1000000 -0.0923900
v 0.0707100 -0.1000000 -0.0707100
v 0.0707100 -0.0000000 -0.0707100
v 0.0382700 -0.0000000 -0.0923900
v 0.0707100 -0.1000000 -0.0707100
v 0.0923900 -0.1000000 -0.0382700
v 0.0923900 -0.0000000 -0.0382700
v 0.0707100 -0.0000000 -0.0707100
v 0.0923900 -0.1000000 -0.0382700
v 0.1000000 -0.1000000 0.0000000
v 0.1000000 -0.0000000 0.0000000
v 0.0923900 -0.0000000 -0.0382700
v 0.1000000 -0.0000000 0.0000000
v 0.0923900 -0.0000000 0.0382700
v 0.0923900 0.1000000 0.0382700
v 0.1000000 0.1000000 0.0000000
v 0.0923900 -0.0000000 0.0382700
v 0.0707100 -0.0000000 0.0707100
v 0.0707100 0.1000000 0.0707100
v 0.0923900 0.1000000 0.0382700
v 0.0707100 -0.0000000 0.0707100
v 0.0382700 -0.0000000 0.0923900
v 0.0382700 0.1000000 0.0923900
v 0.0707100 0.1000000 0.0707100
v 0.0382700 -0.0000000 0.0923900
v 0.0000000 -0.0000000 0.1000000
v 0.0000000 0.1000000 0.1000000
v 0.0382700 0.1000000 0.0923900
v 0.0000000 -0.0000000 0.1000000
v -0.0382700 -0.0000000 0.0923900
v -0.0382700 0.1000000 0.0923900
v 0.0000000 0.1000000 0.1000000
v -0.0382700 -0.0000000 0.0923900
v -0.0707100 -0.0000000 0.0707100
v -0.0707100 0.1000000 0.0707100
v -0.0382700 0.1000000 0.0923900
v -0.0707100 -0.0000000 0.0707100
v -0.0923900 -0.0000000 0.0382700
v -0.0923900 0.1000000 0.0382700
v -0.0707100 0.1000000 0.0707100
v -0.0923900 -0.0000000 0.0382700
v -0.1000000 -0.0000000 0.0000000
v -0.1000000 0.1000000 0.0000000
v -0.0923900 0.1000000 0.0382700
v -0.1000000 -0.0000000 0.0000000
v -0.0923900 -0.0000000 -0.0382700
v -0.0923900 0.1000000 -0.0382700
v -0.1000000 0.1000000 0.0000000
v -0.0923900 -0.0000000 -0.0382700
v -0.0707100 -0.0000000 -0.0707100
v -0.0707100 0.1000000 -0.0707100
v -0.0923900 0.1000000 -0.0382700
v -0.0707100 -0.0000000 -0.0707100
v -0.0382700 -0.0000000 -0.0923900
v -0.0382700 0.1000000 -0.0923900
v -0.0707100 0.1000000 -0.0707100
v -0.0382700 -0.0000000 -0.0923900
v 0.0000000 -0.0000000 -0.1000000
v 0.0000000 0.1000000 -0.1000000
v -0.0382700 0.1000000 -0.0923900
v 0.0000000 -0.0000000 -0.1000000
v 0.0382700 -0.0000000 -0.0923900
v 0.0382700 0.1000000 -0.0923900
v 0.0000000 0.1000000 -0.1000000
v 0.0382700 -0.0000000 -0.0923900
v 0.0707100 -0.0000000 -0.0707100
v 0.0707100 0.1000000 -0.0707100
v 0.0382700 0.1000000 -0.0923900
v 0.0707100 -0.0000000 -0.0707100
v 0.0923900 -0.0000000 -0.0382700
v 0.0923900 0.1000000 -0.0382700
v 0.0707100 0.1000000 -0.0707100
v 0.0923900 -0.0000000 -0.0382700
v 0.1000000 -0.0000000 0.0000000
v 0.1000000 0.1000000 0.0000000
v 0.0923900 0.1000000 -0.0382700
v 0.1500000 0.1000000 0.0000000
v 0.1385850 0.1000000 0.0574050
v 0.1385850 -0.0000000 0.0574050
v 0.1500000 -0.0000000 0.0000000
v 0.1385850 0.1000000 0.0574050
v 0.1060650 0.1000000 0.1060650
v 0.1060650 -0.0000000 0.1060650
v 0.1385850 -0.0000000 0.0574050
v 0.1060650 0.1000000 0.1060650
v 0.0574050 0.1000000 0.1385850
v 0.0574050 -0.0000000 0.1385850
v 0.1060650 -0.0000000 0.1060650
v 0.0574050 0.1000000 0.1385850
v 0.0000000 0.1000000 0.1500000
v 0.0000000 -0.0000000 0.1500000
v 0.0574050 -0.0000000 0.1385850
v 0.0000000 0.1000000 0.1500000
v -0.0574050 0.1000000 0.1385850
v -0.0574050 -0.0000000 0.1385850
v 0.0000000 -0.0000000 0.1500000
v -0.0574050 0.1000000 0.1385850
v -0.1060650 0.1000000 0.1060650
v -0.1060650 -0.0000000 0.1060650
v -0.0574050 -0.0000000 0.1385850
v -0.1060650 0.1000000 0.1060650
v -0.1385850 0.1000000 0.0574050
v -0.1385850 -0.0000000 0.0574050
v -0.1060650 -0.0000000 0.1060650
v -0.1385850 0.1000000 0.0574050
v -0.1500000 0.1000000 0.0000000
v -0.1500000 -0.0000000 0.0000000
v -0.1385850 -0.0000000 0.0574050
v -0.1500000 0.1000000 0.0000000
v -0.1385850 0.1000000 -0.0574050
v -0.1385850 -0.0000000 -0.0574050
v -0.1500000 -0.0000000 0.0000000
v -0.1385850 0.1000000 -0.0574050
v -0.1060650 0.1000000 -0.1060650
v -0.1060650 -0.0000000 -0.1060650
v -0.1385850 -0.0000000 -0.0574050
v -0.1060650 0.1000000 -0.1060650
v -0.0574050 0.1000000 -0.1385850
v -0.0574050 -0.0000000 -0.1385850
v -0.1060650 -0.0000000 -0.1060650
v -0.0574050 0.1000000 -0.1385850
v 0.0000000 0.1000000 -0.1500000
v 0.0000000 -0.0000000 -0.1500000
v -0.0574050 -0.0000000 -0.1385850
v 0.0000000 0.1000000 -0.1500000
v 0.0574050 0.1000000 -0.1385850
v 0.0574050 -0.0000000 -0.1385850
v 0.0000000 -0.0000000 -0.1500000
v 0.0574050 0.1000000 -0.1385850
v 0.1060650 0.1000000 -0.1060650
v 0.1060650 -0.0000000 -0.1060650
v 0.0574050 -0.0000000 -0.1385850
v 0.1060650 0.1000000 -0.1060650
v 0.1385850 0.1000000 -0.0574050
v 0.1385850 -0.0000000 -0.0574050
v 0.1060650 -0.0000000 -0.1060650
v 0.1385850 0.1000000 -0.0574050
v 0.1500000 0.1000000 0.0000000
v 0.1500000 -0.0000000 0.0000000
v 0.1385850 -0.0000000 -0.0574050
v 0.0000000 0.1000000 0.1500000
v 0.0000000 0.1000000 0.1000000
v -0.0382700 0.1000000 0.0923900
v -0.0574050 0.1000000 0.1385850
v -0.0574050 0.1000000 0.1385850
v -0.0382700 0.1000000 0.0923900
v -0.0707100 0.1000000 0.0707100
v -0.1060650 0.1000000 0.1060650
v -0.1060650 0.1000000 0.1060650
v -0.0707100 0.1000000 0.0707100
v -0.0923900 0.1000000 0.0382700
v -0.1385850 0.1000000 0.0574050
v -0.1385850 0.1000000 0.0574050
v -0.0923900 0.1000000 0.0382700
v -0.1000000 0.1000000 0.0000000
v -0.1500000 0.1000000 0.0000000
v -0.1500000 0.1000000 0.0000000
v -0.1000000 0.1000000 0.0000000
v -0.0923900 0.1000000 -0.0382700
v -0.1385850 0.1000000 -0.0574050
v -0.1385850 0.1000000 -0.0574050
v -0.0923900 0.1000000 -0.0382700
v -0.0707100 0.1000000 -0.0707100
v -0.1060650 0.1000000 -0.1060650
v -0.1060650 0.1000000 -0.1060650
v -0.0707100 0.1000000 -0.0707100
v -0.0382700 0.1000000 -0.0923900
v -0.0574050 0.1000000 -0.1385850
v -0.0574050 0.1000000 -0.1385850
v -0.0382700 0.1000000 -0.0923900
v 0.0000000 0.1000000 -0.1000000
v 0.0000000 0.1000000 -0.1500000
v 0.0000000 0.1000000 -0.1500000
v 0.0000000 0.1000000 -0.1000000
v 0.0382700 0.1000000 -0.0923900
v 0.0574050 0.1000000 -0.1385850
v 0.0574050 0.1000000 -0.1385850
v 0.0382700 0.1000000 -0.0923900
v 0.0707100 0.1000000 -0.0707100
v 0.1060650 0.1000000 -0.1060650
v 0.1060650 0.1000000 -0.1060650
v 0.0707100 0.1000000 -0.0707100
v 0.0923900 0.1000000 -0.0382700
v 0.1385850 0.1000000 -0.0574050
v 0.1385850 0.1000000 -0.0574050
v 0.0923900 0.1000000 -0.0382700
v 0.1000000 0.1000000 0.0000000
v 0.1500000 0.1000000 0.0000000
v 0.1500000 0.1000000 0.0000000
v 0.1000000 0.1000000 0.0000000
v 0.0923900 0.1000000 0.0382700
v 0.1385850 0.1000000 0.0574050
v 0.1385850 0.1000000 0.0574050
v 0.0923900 0.1000000 0.0382700
v 0.0707100 0.1000000 0.0707100
v 0.1060650 0.1000000 0.1060650
v 0.1060650 0.1000000 0.1060650
v 0.0707100 0.1000000 0.0707100
v 0.0382700 0.1000000 0.0923900
v 0.0574050 0.1000000 0.1385850
v 0.0574050 0.1000000 0.1385850
v 0.0382700 0.1000000 0.0923900
v 0.0000000 0.1000000 0.1000000
v 0.0000000 0.1000000 0.1500000
v 0.0000000 -0.0000000 0.2000000
v 0.0000000 -0.0000000 0.1500000
v -0.0574050 -0.0000000 0.1385850
v -0.0765400 -0.0000000 0.1847800
v -0.0765400 -0.0000000 0.1847800
v -0.0574050 -0.0000000 0.1385850
v -0.1060650 -0.0000000 0.1060650
v -0.1414200 -0.0000000 0.1414200
v -0.1414200 -0.0000000 0.1414200
v -0.1060650 -0.0000000 0.1060650
v -0.1385850 -0.0000000 0.0574050
v -0.1847800 -0.0000000 0.0765400
v -0.1847800 -0.0000000 0.0765400
v -0.1385850 -0.0000000 0.0574050
v -0.1500000 -0.0000000 0.0000000
v -0.2000000 -0.0000000 0.0000000
v -0.2000000 -0.0000000 0.0000000
v -0.1500000 -0.0000000 0.0000000
v -0.1385850 -0.0000000 -0.0574050
v -0.1847800 -0.0000000 -0.0765400
v -0.1847800 -0.0000000 -0.0765400
v -0.1385850 -0.0000000 -0.0574050
v -0.1060650 -0.0000000 -0.1060650
v -0.1414200 -0.0000000 -0.1414200
v -0.1414200 -0.0000000 -0.1414200
v -0.1060650 -0.0000000 -0.1060650
v -0.0574050 -0.0000000 -0.1385850
v -0.0765400 -0.0000000 -0.1847800
v -0.0765400 -0.0000000 -0.1847800
v -0.0574050 -0.0000000 -0.1385850
v 0.0000000 -0.0000000 -0.1500000
v 0.0000000 -0.0000000 -0.2000000
v 0.0000000 -0.0000000 -0.2000000
v 0.0000000 -0.0000000 -0.1500000
v 0.0574050 -0.0000000 -0.1385850
v 0.0765400 -0.0000000 -0.1847800
v 0.0765400 -0.0000000 -0.1847800
v 0.0574050 -0.0000000 -0.1385850
v 0.1060650 -0.0000000 -0.1060650
v 0.1414200 -0.0000000 -0.1414200
v 0.1414200 -0.0000000 -0.1414200
v 0.1060650 -0.0000000 -0.1060650
v 0.1385850 -0.0000000 -0.0574050
v 0.1847800 -0.0000000 -0.0765400
v 0.1847800 -0.0000000 -0.0765400
v 0.1385850 -0.0000000 -0.0574050
v 0.1500000 -0.0000000 0.0000000
v 0.2000000 -0.0000000 0.0000000
v 0.2000000 -0.0000000 0.0000000
v 0.1500000 -0.0000000 0.0000000
v 0.1385850 -0.0000000 0.0574050
v 0.1847800 -0.0000000 0.0765400
v 0.1847800 -0.0000000 0.0765400
v 0.1385850 -0.0000000 0.0574050
v 0.1060650 -0.0000000 0.1060650
v 0.1414200 -0.0000000 0.1414200
v 0.1414200 -0.0000000 0.1414200
v 0.1060650 -0.0000000 0.1060650
v 0.0574050 -0.0000000 0.1385850
v 0.0765400 -0.0000000 0.1847800
v 0.0765400 -0.0000000 0.1847800
v 0.0574050 -0.0000000 0.1385850
v 0.0000000 -0.0000000 0.1500000
v 0.0000000 -0.0000000 0.2000000
v -0.0574050 -0.1000000 0.1385850
v -0.0382700 -0.1000000 0.0923900
v 0.0000000 -0.1000000 0.1000000
v 0.0000000 -0.1000000 0.1500000
v -0.1060650 -0.1000000 0.1060650
v -0.0707100 -0.1000000 0.0707100
v -0.0382700 -0.1000000 0.0923900
v -0.0574050 -0.1000000 0.1385850
v -0.1385850 -0.1000000 0.0574050
v -0.0923900 -0.1000000 0.0382700
v -0.0707100 -0.1000000 0.0707100
v -0.1060650 -0.1000000 0.1060650
v -0.1500000 -0.1000000 0.0000000
v -0.1000000 -0.1000000 0.0000000
v -0.0923900 -0.1000000 0.0382700
v -0.1385850 -0.1000000 0.0574050
v -0.1385850 -0.1000000 -0.0574050
v -0.0923900 -0.1000000 -0.0382700
v -0.1000000 -0.1000000 0.0000000
v -0.1500000 -0.1000000 0.0000000
v -0.1060650 -0.1000000 -0.1060650
v -0.0707100 -0.1000000 -0.0707100
v -0.0923900 -0.1000000 -0.0382700
v -0.1385850 -0.1000000 -0.0574050
v -0.0574050 -0.1000000 -0.1385850
v -0.0382700 -0.1000000 -0.0923900
v -0.0707100 -0.1000000 -0.0707100
v -0.1060650 -0.1000000 -0.1060650
v 0.0000000 -0.1000000 -0.1500000
v 0.0000000 -0.1000000 -0.1000000
v -0.0382700 -0.1000000 -0.0923900
v -0.0574050 -0.1000000 -0.1385850
v 0.0574050 -0.1000000 -0.1385850
v 0.0382700 -0.1000000 -0.0923900
v 0.0000000 -0.1000000 -0.1000000
v 0.0000000 -0.1000000 -0.1500000
v 0.1060650 -0.1000000 -0.1060650
v 0.0707100 -0.1000000 -0.0707100
v 0.0382700 -0.1000000 -0.0923900
v 0.0574050 -0.1000000 -0.1385850
v 0.1385850 -0.1000000 -0.0574050
v 0.0923900 -0.1000000 -0.0382700
v 0.0707100 -0.1000000 -0.0707100
v 0.1060650 -0.1000000 -0.1060650
v 0.1500000 -0.1000000 0.0000000
v 0.1000000 -0.1000000 0.0000000
v 0.0923900 -0.1000000 -0.0382700
v 0.1385850 -0.1000000 -0.0574050
v 0.1385850 -0.1000000 0.0574050
v 0.0923900 -0.1000000 0.0382700
v 0.1000000 -0.1000000 0.0000000
v 0.1500000 -0.1000000 0.0000000
v 0.1060650 -0.1000000 0.1060650
v 0.0707100 -0.1000000 0.0707100
v 0.0923900 -0.1000000 0.0382700
v 0.1385850 -0.1000000 0.0574050
v 0.0574050 -0.1000000 0.1385850
v 0.0382700 -0.1000000 0.0923900
v 0.0707100 -0.1000000 0.0707100
v 0.1060650 -0.1000000 0.1060650
v 0.0000000 -0.1000000 0.1500000
v 0.0000000 -0.1000000 0.1000000
v 0.0382700 -0.1000000 0.0923900
v 0.0574050 -0.1000000 0.1385850
v 0.0000000 -0.0000000 0.2500000
v 0.0000000 -0.0000000 0.2000000
v -0.0765400 -0.0000000 0.1847800
v -0.0956750 -0.0000000 0.2309750
v -0.0956750 -0.0000000 0.2309750
v -0.0765400 -0.0000000 0.1847800
v -0.1414200 -0.0000000 0.1414200
v -0.1767750 -0.0000000 0.1767750
v -0.1767750 -0.0000000 0.1767750
v -0.1414200 -0.0000000 0.1414200
v -0.1847800 -0.0000000 0.0765400
v -0.2309750 -0.0000000 0.0956750
v -0.2309750 -0.0000000 0.0956750
v -0.1847800 -0.0000000 0.0765400
v -0.2000000 -0.0000000 0.0000000
v -0.2500000 -0.0000000 0.0000000
v -0.2500000 -0.0000000 0.0000000
v -0.2000000 -0.0000000 0.0000000
v -0.1847800 -0.0000000 -0.0765400
v -0.2309750 -0.0000000 -0.0956750
v -0.2309750 -0.0000000 -0.0956750
v -0.1847800 -0.0000000 -0.0765400
v -0.1414200 -0.0000000 -0.1414200
v -0.1767750 -0.0000000 -0.1767750
v -0.1767750 -0.0000000 -0.1767750
v -0.1414200 -0.0000000 -0.1414200
v -0.0765400 -0.0000000 -0.1847800
v -0.0956750 -0.0000000 -0.2309750
v -0.0956750 -0.0000000 -0.2309750
v -0.0765400 -0.0000000 -0.1847800
v 0.0000000 -0.0000000 -0.2000000
v 0.0000000 -0.0000000 -0.2500000
v 0.0000000 -0.0000000 -0.2500000
v 0.0000000 -0.0000000 -0.2000000
v 0.0765400 -0.0000000 -0.1847800
v 0.0956750 -0.0000000 -0.2309750
v 0.0956750 -0.0000000 -0.2309750
v 0.0765400 -0.0000000 -0.1847800
v 0.1414200 -0.0000000 -0.1414200
v 0.1767750 -0.0000000 -0.1767750
v 0.1767750 -0.0000000 -0.1767750
v 0.1414200 -0.0000000 -0.1414200
v 0.1847800 -0.0000000 -0.0765400
v 0.2309750 -0.0000000 -0.0956750
v 0.2309750 -0.0000000 -0.0956750
v 0.1847800 -0.0000000 -0.0765400
v 0.2000000 -0.0000000 0.0000000
v 0.2500000 -0.0000000 0.0000000
v 0.2500000 -0.0000000 0.0000000
v 0.2000000 -0.0000000 0.0000000
v 0.1847800 -0.0000000 0.0765400
v 0.2309750 -0.0000000 0.0956750
v 0.2309750 -0.0000000 0.0956750
v 0.1847800 -0.0000000 0.0765400
v 0.1414200 -0.0000000 0.1414200
v 0.1767750 -0.0000000 0.1767750
v 0.1767750 -0.0000000 0.1767750
v 0.1414200 -0.0000000 0.1414200
v 0.0765400 -0.0000000 0.1847800
v 0.0956750 -0.0000000 0.2309750
v 0.0956750 -0.0000000 0.2309750
v 0.0765400 -0.0000000 0.1847800
v 0.0000000 -0.0000000 0.2000000
v 0.0000000 -0.0000000 0.2500000
v -0.0956750 -0.4750000 0.2309750
v -0.0765400 -0.4750000 0.1847800
v 0.0000000 -0.4750000 0.2000000
v 0.0000000 -0.4750000 0.2500000
v -0.1767750 -0.4750000 0.1767750
v -0.1414200 -0.4750000 0.1414200
v -0.0765400 -0.4750000 0.1847800
v -0.0956750 -0.4750000 0.2309750
v -0.2309750 -0.4750000 0.0956750
v -0.1847800 -0.4750000 0.0765400
v -0.1414200 -0.4750000 0.1414200
v -0.1767750 -0.4750000 0.1767750
v -0.2500000 -0.4750000 0.0000000
v -0.2000000 -0.4750000 0.0000000
v -0.1847800 -0.4750000 0.0765400
v -0.2309750 -0.4750000 0.0956750
v -0.2309750 -0.4750000 -0.0956750
v -0.1847800 -0.4750000 -0.0765400
v -0.2000000 -0.4750000 0.0000000
v -0.2500000 -0.4750000 0.0000000
v -0.1767750 -0.4750000 -0.1767750
v -0.1414200 -0.4750000 -0.1414200
v -0.1847800 -0.4750000 -0.0765400
v -0.2309750 -0.4750000 -0.0956750
v -0.0956750 -0.4750000 -0.2309750
v -0.0765400 -0.4750000 -0.1847800
v -0.1414200 -0.4750000 -0.1414200
v -0.1767750 -0.4750000 -0.1767750
v 0.0000000 -0.4750000 -0.2500000
v 0.0000000 -0.4750000 -0.2000000
v -0.0765400 -0.4750000 -0.1847800
v -0.0956750 -0.4750000 -0.2309750
v 0.0956750 -0.4750000 -0.2309750
v 0.0765400 -0.4750000 -0.1847800
v 0.0000000 -0.4750000 -0.2000000
v 0.0000000 -0.4750000 -0.2500000
v 0.1767750 -0.4750000 -0.1767750
v 0.1414200 -0.4750000 -0.1414200
v 0.0765400 -0.4750000 -0.1847800
v 0.0956750 -0.4750000 -0.2309750
v 0.2309750 -0.4750000 -0.0956750
v 0.1847800 -0.4750000 -0.0765400
v 0.1414200 -0.4750000 -0.1414200
v 0.1767750 -0.4750000 -0.1767750
v 0.2500000 -0.4750000 0.0000000
v 0.2000000 -0.4750000 0.0000000
v 0.1847800 -0.4750000 -0.0765400
v 0.2309750 -0.4750000 -0.0956750
v 0.2309750 -0.4750000 0.0956750
v 0.1847800 -0.4750000 0.0765400
v 0.2000000 -0.4750000 0.0000000
v 0.2500000 -0.4750000 0.0000000
v 0.1767750 -0.4750000 0.1767750
v 0.1414200 -0.4750000 0.1414200
v 0.1847800 -0.4750000 0.0765400
v 0.2309750 -0.4750000 0.0956750
v 0.0956750 -0.4750000 0.2309750
v 0.0765400 -0.4750000 0.1847800
v 0.1414200 -0.4750000 0.1414200
v 0.1767750 -0.4750000 0.1767750
v 0.0000000 -0.4750000 0.2500000
v 0.0000000 -0.4750000 0.2000000
v 0.0765400 -0.4750000 0.1847800
v 0.0956750 -0.4750000 0.2309750
v 0.2000000 -0.4750000 0.0000000
v 0.1847800 -0.4750000 0.0765400
v 0.1847800 -0.6000000 0.0765400
v 0.2000000 -0.6000000 0.0000000
v 0.1847800 -0.4750000 0.0765400
v 0.1414200 -0.4750000 0.1414200
v 0.1414200 -0.6000000 0.1414200
v 0.1847800 -0.6000000 0.0765400
v 0.1414200 -0.4750000 0.1414200
v 0.0765400 -0.4750000 0.1847800
v 0.0765400 -0.6000000 0.1847800
v 0.1414200 -0.6000000 0.1414200
v 0.0765400 -0.4750000 0.1847800
v 0.0000000 -0.4750000 0.2000000
v 0.0000000 -0.6000000 0.2000000
v 0.0765400 -0.6000000 0.1847800
v 0.0000000 -0.4750000 0.2000000
v -0.0765400 -0.4750000 0.1847800
v -0.0765400 -0.6000000 0.1847800
v 0.0000000 -0.6000000 0.2000000
v -0.0765400 -0.4750000 0.1847800
v -0.1414200 -0.4750000 0.1414200
v -0.1414200 -0.6000000 0.1414200
v -0.0765400 -0.6000000 0.1847800
v -0.1414200 -0.4750000 0.1414200
v -0.1847800 -0.4750000 0.0765400
v -0.1847800 -0.6000000 0.0765400
v -0.1414200 -0.6000000 0.1414200
v -0.1847800 -0.4750000 0.0765400
v -0.2000000 -0.4750000 0.0000000
v -0.2000000 -0.6000000 0.0000000
v -0.1847800 -0.6000000 0.0765400
v -0.2000000 -0.4750000 0.0000000
v -0.1847800 -0.4750000 -0.0765400
v -0.1847800 -0.6000000 -0.0765400
v -0.2000000 -0.6000000 0.0000000
v -0.1847800 -0.4750000 -0.0765400
v -0.1414200 -0.4750000 -0.1414200
v -0.1414200 -0.6000000 -0.1414200
v -0.1847800 -0.6000000 -0.0765400
v -0.1414200 -0.4750000 -0.1414200
v -0.0765400 -0.4750000 -0.1847800
v -0.0765400 -0.6000000 -0.1847800
v -0.1414200 -0.6000000 -0.1414200
v -0.0765400 -0.4750000 -0.1847800
v 0.0000000 -0.4750000 -0.2000000
v 0.0000000 -0.6000000 -0.2000000
v -0.0765400 -0.6000000 -0.1847800
v 0.0000000 -0.4750000 -0.2000000
v 0.0765400 -0.4750000 -0.1847800
v 0.0765400 -0.6000000 -0.1847800
v 0.0000000 -0.6000000 -0.2000000
v 0.0765400 -0.4750000 -0.1847800
v 0.1414200 -0.4750000 -0.1414200
v 0.1414200 -0.6000000 -0.1414200
v 0.0765400 -0.6000000 -0.1847800
v 0.1414200 -0.4750000 -0.1414200
v 0.1847800 -0.4750000 -0.0765400
v 0.1847800 -0.6000000 -0.0765400
v 0.1414200 -0.6000000 -0.1414200
v 0.1847800 -0.4750000 -0.0765400
v 0.2000000 -0.4750000 0.0000000
v 0.2000000 -0.6000000 0.0000000
v 0.1847800 -0.6000000 -0.0765400
v 0.0000000 -0.6000000 -0.2000000
v 0.0000000 -0.6000000 -0.1500000
v -0.0574050 -0.6000000 -0.1385850
v -0.0765400 -0.6000000 -0.1847800
v -0.0765400 -0.6000000 -0.1847800
v -0.0574050 -0.6000000 -0.1385850
v -0.1060650 -0.6000000 -0.1060650
v -0.1414200 -0.6000000 -0.1414200
v -0.1414200 -0.6000000 -0.1414200
v -0.1060650 -0.6000000 -0.1060650
v -0.1385850 -0.6000000 -0.0574050
v -0.1847800 -0.6000000 -0.0765400
v -0.1847800 -0.6000000 -0.0765400
v -0.1385850 -0.6000000 -0.0574050
v -0.1500000 -0.6000000 0.0000000
v -0.2000000 -0.6000000 0.0000000
v -0.2000000 -0.6000000 0.0000000
v -0.1500000 -0.6000000 0.0000000
v -0.1385850 -0.6000000 0.0574050
v -0.1847800 -0.6000000 0.0765400
v -0.1847800 -0.6000000 0.0765400
v -0.1385850 -0.6000000 0.0574050
v -0.1060650 -0.6000000 0.1060650
v -0.1414200 -0.6000000 0.1414200
v -0.1414200 -0.6000000 0.1414200
v -0.1060650 -0.6000000 0.1060650
v -0.0574050 -0.6000000 0.1385850
v -0.0765400 -0.6000000 0.1847800
v -0.0765400 -0.6000000 0.1847800
v -0.0574050 -0.6000000 0.1385850
v 0.0000000 -0.6000000 0.1500000
v 0.0000000 -0.6000000 0.2000000
v 0.0000000 -0.6000000 0.2000000
v 0.0000000 -0.6000000 0.1500000
v 0.0574050 -0.6000000 0.1385850
v 0.0765400 -0.6000000 0.1847800
v 0.0765400 -0.6000000 0.1847800
v 0.0574050 -0.6000000 0.1385850
v 0.1060650 -0.6000000 0.1060650
v 0.1414200 -0.6000000 0.1414200
v 0.1414200 -0.6000000 0.1414200
v 0.1060650 -0.6000000 0.1060650
v 0.1385850 -0.6000000 0.0574050
v 0.1847800 -0.6000000 0.0765400
v 0.1847800 -0.6000000 0.0765400
v 0.1385850 -0.6000000 0.0574050
v 0.1500000 -0.6000000 0.0000000
v 0.2000000 -0.6000000 0.0000000
v 0.2000000 -0.6000000 0.0000000
v 0.1500000 -0.6000000 0.0000000
v 0.1385850 -0.6000000 -0.0574050
v 0.1847800 -0.6000000 -0.0765400
v 0.1847800 -0.6000000 -0.0765400
v 0.1385850 -0.6000000 -0.0574050
v 0.1060650 -0.6000000 -0.1060650
v 0.1414200 -0.6000000 -0.1414200
v 0.1414200 -0.6000000 -0.1414200
v 0.1060650 -0.6000000 -0.1060650
v 0.0574050 -0.6000000 -0.1385850
v 0.0765400 -0.6000000 -0.1847800
v 0.0765400 -0.6000000 -0.1847800
v 0.0574050 -0.6000000 -0.1385850
v 0.0000000 -0.6000000 -0.1500000
v 0.0000000 -0.6000000 -0.2000000
v -0.1500000 -0.6000000 0.0000000
v -0.1385850 -0.6000000 -0.0574050
v -0.1385850 -0.1000000 -0.0574050
v -0.1500000 -0.1000000 0.0000000
v -0.1385850 -0.6000000 -0.0574050
v -0.1060650 -0.6000000 -0.1060650
v -0.1060650 -0.1000000 -0.1060650
v -0.1385850 -0.1000000 -0.0574050
v -0.1060650 -0.6000000 -0.1060650
v -0.0574050 -0.6000000 -0.1385850
v -0.0574050 -0.1000000 -0.1385850
v -0.1060650 -0.1000000 -0.1060650
v -0.0574050 -0.6000000 -0.1385850
v 0.0000000 -0.6000000 -0.1500000
v 0.0000000 -0.1000000 -0.1500000
v -0.0574050 -0.1000000 -0.1385850
v 0.0000000 -0.6000000 -0.1500000
v 0.0574050 -0.6000000 -0.1385850
v 0.0574050 -0.1000000 -0.1385850
v 0.0000000 -0.1000000 -0.1500000
v 0.0574050 -0.6000000 -0.1385850
v 0.1060650 -0.6000000 -0.1060650
v 0.1060650 -0.1000000 -0.1060650
v 0.0574050 -0.1000000 -0.1385850
v 0.1060650 -0.6000000 -0.1060650
v 0.1385850 -0.6000000 -0.0574050
v 0.1385850 -0.1000000 -0.0574050
v 0.1060650 -0.1000000 -0.1060650
v 0.1385850 -0.6000000 -0.0574050
v 0.1500000 -0.6000000 0.0000000
v 0.1500000 -0.1000000 0.0000000
v 0.1385850 -0.1000000 -0.0574050
v 0.1500000 -0.6000000 0.0000000
v 0.1385850 -0.6000000 0.0574050
v 0.1385850 -0.1000000 0.0574050
v 0.1500000 -0.1000000 0.0000000
v 0.1385850 -0.6000000 0.0574050
v 0.1060650 -0.6000000 0.1060650
v 0.1060650 -0.1000000 0.1060650
v 0.1385850 -0.1000000 0.0574050
v 0.1060650 -0.6000000 0.1060650
v 0.0574050 -0.6000000 0.1385850
v 0.0574050 -0.1000000 0.1385850
v 0.1060650 -0.1000000 0.1060650
v 0.0574050 -0.6000000 0.1385850
v 0.0000000 -0.6000000 0.1500000
v 0.0000000 -0.1000000 0.1500000
v 0.0574050 -0.1000000 0.1385850
v 0.0000000 -0.6000000 0.1500000
v -0.0574050 -0.6000000 0.1385850
v -0.0574050 -0.1000000 0.1385850
v 0.0000000 -0.1000000 0.1500000
v -0.0574050 -0.6000000 0.1385850
v -0.1060650 -0.6000000 0.1060650
v -0.1060650 -0.1000000 0.1060650
v -0.0574050 -0.1000000 0.1385850
v -0.1060650 -0.6000000 0.1060650
v -0.1385850 -0.6000000 0.0574050
v -0.1385850 -0.1000000 0.0574050
v -0.1060650 -0.1000000 0.1060650
v -0.1385850 -0.6000000 0.0574050
v -0.1500000 -0.6000000 0.0000000
v -0.1500000 -0.1000000 0.0000000
v -0.1385850 -0.1000000 0.0574050
v 0.2500000 -0.0000000 0.0000000
v 0.2309750 -0.0000000 0.0956750
v 0.2309750 -0.4750000 0.0956750
v 0.2500000 -0.4750000 0.0000000
v 0.2309750 -0.0000000 0.0956750
v 0.1767750 -0.0000000 0.1767750
v 0.1767750 -0.4750000 0.1767750
v 0.2309750 -0.4750000 0.0956750
v 0.1767750 -0.0000000 0.1767750
v 0.0956750 -0.0000000 0.2309750
v 0.0956750 -0.4750000 0.2309750
v 0.1767750 -0.4750000 0.1767750
v 0.0956750 -0.0000000 0.2309750
v 0.0000000 -0.0000000 0.2500000
v 0.0000000 -0.4750000 0.2500000
v 0.0956750 -0.4750000 0.2309750
v 0.0000000 -0.0000000 0.2500000
v -0.0956750 -0.0000000 0.2309750
v -0.0956750 -0.4750000 0.2309750
v 0.0000000 -0.4750000 0.2500000
v -0.0956750 -0.0000000 0.2309750
v -0.1767750 -0.0000000 0.1767750
v -0.1767750 -0.4750000 0.1767750
v -0.0956750 -0.4750000 0.2309750
v -0.1767750 -0.0000000 0.1767750
v -0.2309750 -0.0000000 0.0956750
v -0.2309750 -0.4750000 0.0956750
v -0.1767750 -0.4750000 0.1767750
v -0.2309750 -0.0000000 0.0956750
v -0.2500000 -0.0000000 0.0000000
v -0.2500000 -0.4750000 0.0000000
v -0.2309750 -0.4750000 0.0956750
v -0.2500000 -0.0000000 0.0000000
v -0.2309750 -0.0000000 -0.0956750
v -0.2309750 -0.4750000 -0.0956750
v -0.2500000 -0.4750000 0.0000000
v -0.2309750 -0.0000000 -0.0956750
v -0.1767750 -0.0000000 -0.1767750
v -0.1767750 -0.4750000 -0.1767750
v -0.2309750 -0.4750000 -0.0956750
v -0.1767750 -0.0000000 -0.1767750
v -0.0956750 -0.0000000 -0.2309750
v -0.0956750 -0.4750000 -0.2309750
v -0.1767750 -0.4750000 -0.1767750
v -0.0956750 -0.0000000 -0.2309750
v 0.0000000 -0.0000000 -0.2500000
v 0.0000000 -0.4750000 -0.2500000
v -0.0956750 -0.4750000 -0.2309750
v 0.0000000 -0.0000000 -0.2500000
v 0.0956750 -0.0000000 -0.2309750
v 0.0956750 -0.4750000 -0.2309750
v 0.0000000 -0.4750000 -0.2500000
v 0.0956750 -0.0000000 -0.2309750
v 0.1767750 -0.0000000 -0.1767750
v 0.1767750 -0.4750000 -0.1767750
v 0.0956750 -0.4750000 -0.2309750
v 0.1767750 -0.0000000 -0.1767750
v 0.2309750 -0.0000000 -0.0956750
v 0.2309750 -0.4750000 -0.0956750
v 0.1767750 -0.4750000 -0.1767750
v 0.2309750 -0.0000000 -0.0956750
v 0.2500000 -0.0000000 0.0000000
v 0.2500000 -0.4750000 0.0000000
v 0.2309750 -0.4750000 -0.0956750
v 0.1527125 -0.2475000 -0.1819250
v 0.3134625 -0.2475000 -0.3734250
v 0.3273870 -0.2438852 -0.3617364
v 0.1666370 -0.2438852 -0.1702364
v 0.1666370 -0.2438852 -0.1702364
v 0.3273870 -0.2438852 -0.3617364
v 0.3391903 -0.2335872 -0.3518284
v 0.1784403 -0.2335872 -0.1603284
v 0.1784403 -0.2335872 -0.1603284
v 0.3391903 -0.2335872 -0.3518284
v 0.3470786 -0.2181783 -0.3452068
v 0.1863286 -0.2181783 -0.1537068
v 0.1863286 -0.2181783 -0.1537068
v 0.3470786 -0.2181783 -0.3452068
v 0.3498475 -0.2000000 -0.3428825
v 0.1890975 -0.2000000 -0.1513825
v 0.1890975 -0.2000000 -0.1513825
v 0.3498475 -0.2000000 -0.3428825
v 0.3470786 -0.1818218 -0.3452068
v 0.1863286 -0.1818218 -0.1537068
v 0.1863286 -0.1818218 -0.1537068
v 0.3470786 -0.1818218 -0.3452068
v 0.3391903 -0.1664127 -0.3518284
v 0.1784403 -0.1664127 -0.1603284
v 0.1784403 -0.1664127 -0.1603284
v 0.3391903 -0.1664127 -0.3518284
v 0.3273870 -0.1561148 -0.3617364
v 0.1666370 -0.1561148 -0.1702364
v 0.1666370 -0.1561148 -0.1702364
v 0.3273870 -0.1561148 -0.3617364
v 0.3134625 -0.1525000 -0.3734250
v 0.1527125 -0.1525000 -0.1819250
v 0.3134625 -0.2475000 -0.3734250
v 0.3251511 -0.2438852 -0.3873495
v 0.3273870 -0.2438852 -0.3617364
v 0.3251511 -0.2438852 -0.3873495
v 0.3428638 -0.2372210 -0.3759916
v 0.3273870 -0.2438852 -0.3617364
v 0.3273870 -0.2438852 -0.3617364
v 0.3428638 -0.2372210 -0.3759916
v 0.3391903 -0.2335872 -0.3518284
v 0.3428638 -0.2372210 -0.3759916
v 0.3553911 -0.2208668 -0.3654758
v 0.3391903 -0.2335872 -0.3518284
v 0.3391903 -0.2335872 -0.3518284
v 0.3553911 -0.2208668 -0.3654758
v 0.3470786 -0.2181783 -0.3452068
v 0.3553911 -0.2208668 -0.3654758
v 0.3587672 -0.2000000 -0.3591313
v 0.3470786 -0.2181783 -0.3452068
v 0.3470786 -0.2181783 -0.3452068
v 0.3587672 -0.2000000 -0.3591313
v 0.3498475 -0.2000000 -0.3428825
v 0.3251511 -0.2438852 -0.3873495
v 0.3350591 -0.2335872 -0.3991528
v 0.3428638 -0.2372210 -0.3759916
v 0.3350591 -0.2335872 -0.3991528
v 0.3533795 -0.2208668 -0.3885190
v 0.3428638 -0.2372210 -0.3759916
v 0.3428638 -0.2372210 -0.3759916
v 0.3533795 -0.2208668 -0.3885190
v 0.3553911 -0.2208668 -0.3654758
v 0.3533795 -0.2208668 -0.3885190
v 0.3607869 -0.2000000 -0.3775562
v 0.3553911 -0.2208668 -0.3654758
v 0.3553911 -0.2208668 -0.3654758
v 0.3607869 -0.2000000 -0.3775562
v 0.3587672 -0.2000000 -0.3591313
v 0.3350591 -0.2335872 -0.3991528
v 0.3416807 -0.2181783 -0.4070411
v 0.3533795 -0.2208668 -0.3885190
v 0.3416807 -0.2181783 -0.4070411
v 0.3556053 -0.2000000 -0.3953525
v 0.3533795 -0.2208668 -0.3885190
v 0.3533795 -0.2208668 -0.3885190
v 0.3556053 -0.2000000 -0.3953525
v 0.3607869 -0.2000000 -0.3775562
v 0.3416807 -0.2181783 -0.4070411
v 0.3440050 -0.2000000 -0.4098100
v 0.3556053 -0.2000000 -0.3953525
v 0.3273870 -0.1561148 -0.3617364
v 0.3251511 -0.1561148 -0.3873495
v 0.3134625 -0.1525000 -0.3734250
v 0.3273870 -0.1561148 -0.3617364
v 0.3428638 -0.1627790 -0.3759916
v 0.3251511 -0.1561148 -0.3873495
v 0.3391903 -0.1664127 -0.3518284
v 0.3428638 -0.1627790 -0.3759916
v 0.3273870 -0.1561148 -0.3617364
v 0.3391903 -0.1664127 -0.3518284
v 0.3553911 -0.1791333 -0.3654758
v 0.3428638 -0.1627790 -0.3759916
v 0.3470786 -0.1818218 -0.3452068
v 0.3553911 -0.1791333 -0.3654758
v 0.3391903 -0.1664127 -0.3518284
v 0.3470786 -0.1818218 -0.3452068
v 0.3587672 -0.2000000 -0.3591313
v 0.3553911 -0.1791333 -0.3654758
v 0.3498475 -0.2000000 -0.3428825
v 0.3587672 -0.2000000 -0.3591313
v 0.3470786 -0.1818218 -0.3452068
v 0.3428638 -0.1627790 -0.3759916
v 0.3350591 -0.1664127 -0.3991528
v 0.3251511 -0.1561148 -0.3873495
v 0.3428638 -0.1627790 -0.3759916
v 0.3533795 -0.1791333 -0.3885190
v 0.3350591 -0.1664127 -0.3991528
v 0.3553911 -0.1791333 -0.3654758
v 0.3533795 -0.1791333 -0.3885190
v 0.3428638 -0.1627790 -0.3759916
v 0.3553911 -0.1791333 -0.3654758
v 0.3607869 -0.2000000 -0.3775562
v 0.3533795 -0.1791333 -0.3885190
v 0.3587672 -0.2000000 -0.3591313
v 0.3607869 -0.2000000 -0.3775562
v 0.3553911 -0.1791333 -0.3654758
v 0.3533795 -0.1791333 -0.3885190
v 0.3416807 -0.1818218 -0.4070411
v 0.3350591 -0.1664127 -0.3991528
v 0.3533795 -0.1791333 -0.3885190
v 0.3556053 -0.2000000 -0.3953525
v 0.3416807 -0.1818218 -0.4070411
v 0.3607869 -0.2000000 -0.3775562
v 0.3556053 -0.2000000 -0.3953525
v 0.3533795 -0.1791333 -0.3885190
v 0.3556053 -0.2000000 -0.3953525
v 0.3440050 -0.2000000 -0.4098100
v 0.3416807 -0.1818218 -0.4070411
v 0.7642055 -0.3482500 -0.9103910
v 0.7961812 -0.3195000 -0.8750624
v 0.7888242 -0.2912500 -0.8231322
v 0.7653857 -0.3067500 -0.8395427
v 0.5147987 -0.1717500 -0.3953843
v 0.5149594 -0.1597500 -0.3955758
v 0.4293522 -0.1565000 -0.2940983
v 0.4293522 -0.1687500 -0.2940983
v 0.4293522 -0.1687500 -0.2940983
v 0.4275406 -0.1800000 -0.2959455
v 0.5125048 -0.1830000 -0.3966570
v 0.5147987 -0.1717500 -0.3953843
v 0.4275406 -0.1800000 -0.2959455
v 0.4219296 -0.1887500 -0.3006555
v 0.5065723 -0.1917500 -0.4009840
v 0.5125048 -0.1830000 -0.3966570
v 0.4219296 -0.1887500 -0.3006555
v 0.4139249 -0.1932500 -0.3073748
v 0.4982078 -0.1965000 -0.4073525
v 0.5065723 -0.1917500 -0.4009840
v 0.4083563 -0.1315000 -0.3113964
v 0.4212251 -0.1362500 -0.3005940
v 0.5078160 -0.1395000 -0.4032044
v 0.4951462 -0.1350000 -0.4141662
v 0.4212251 -0.1362500 -0.3005940
v 0.4272457 -0.1450000 -0.2958665
v 0.5133352 -0.1485000 -0.3979185
v 0.5078160 -0.1395000 -0.4032044
v 0.4272457 -0.1450000 -0.2958665
v 0.4293522 -0.1565000 -0.2940983
v 0.5149594 -0.1597500 -0.3955758
v 0.5133352 -0.1485000 -0.3979185
v 0.5979240 -0.1720000 -0.4992717
v 0.5149594 -0.1597500 -0.3955758
v 0.5147987 -0.1717500 -0.3953843
v 0.5974609 -0.1830000 -0.4986811
v 0.6752705 -0.1925000 -0.6057248
v 0.6748266 -0.2022500 -0.6051181
v 0.7475666 -0.2307500 -0.7125001
v 0.7477082 -0.2230000 -0.7127077
v 0.3690243 -0.1740000 -0.2699849
v 0.3378339 -0.1810000 -0.2814772
v 0.3387253 -0.1895000 -0.2836668
v 0.3686559 -0.1832500 -0.2725792
v 0.7798244 -0.2692500 -0.8969537
v 0.7506690 -0.2587500 -0.8688710
v 0.7808877 -0.2397500 -0.8435047
v 0.6992420 -0.2087500 -0.7576352
v 0.7265232 -0.1990000 -0.7344082
v 0.7808877 -0.2397500 -0.8435047
v 0.4212231 -0.1650000 -0.4768719
v 0.4459075 -0.1485000 -0.4561513
v 0.5311433 -0.1605000 -0.5576141
v 0.5064781 -0.1770000 -0.5783187
v 0.4459075 -0.1485000 -0.4561513
v 0.4731197 -0.1397500 -0.4333087
v 0.5583746 -0.1517500 -0.5347555
v 0.5311433 -0.1605000 -0.5576141
v 0.6433081 -0.1717500 -0.6358192
v 0.6546681 -0.1682500 -0.6256305
v 0.7265232 -0.1990000 -0.7344082
v 0.3564731 -0.1452500 -0.3497255
v 0.3849712 -0.1367500 -0.3284149
v 0.4731197 -0.1397500 -0.4333087
v 0.4459075 -0.1485000 -0.4561513
v 0.3553345 -0.1430000 -0.2857202
v 0.3688771 -0.1365000 -0.3092810
v 0.3493871 -0.1390000 -0.3001792
v 0.3688771 -0.1365000 -0.3092810
v 0.3849712 -0.1367500 -0.3284149
v 0.3564731 -0.1452500 -0.3497255
v 0.3418256 -0.1452500 -0.3323151
v 0.3418256 -0.1452500 -0.3323151
v 0.3564731 -0.1452500 -0.3497255
v 0.4212231 -0.1650000 -0.4768719
v 0.3324177 -0.1632500 -0.3673067
v 0.4419068 -0.2152500 -0.4546130
v 0.4982078 -0.1965000 -0.4073525
v 0.4139249 -0.1932500 -0.3073748
v 0.4419068 -0.2152500 -0.4546130
v 0.4139249 -0.1932500 -0.3073748
v 0.3501889 -0.2150000 -0.3523891
v 0.6080573 -0.2462500 -0.6523521
v 0.6566827 -0.2262500 -0.6125141
v 0.5797679 -0.2075000 -0.5086364
v 0.6080573 -0.2462500 -0.6523521
v 0.5797679 -0.2075000 -0.5086364
v 0.5253935 -0.2262500 -0.5539533
v 0.4419068 -0.2152500 -0.4546130
v 0.5253935 -0.2262500 -0.5539533
v 0.5797679 -0.2075000 -0.5086364
v 0.4982078 -0.1965000 -0.4073525
v 0.6897758 -0.2725000 -0.7495859
v 0.6080573 -0.2462500 -0.6523521
v 0.6542525 -0.2980000 -0.7794050
v 0.6542525 -0.2980000 -0.7794050
v 0.6080573 -0.2462500 -0.6523521
v 0.5725915 -0.2702500 -0.6821230
v 0.7653857 -0.3067500 -0.8395427
v 0.7888242 -0.2912500 -0.8231322
v 0.7297146 -0.2537500 -0.7173660
v 0.7653857 -0.3067500 -0.8395427
v 0.7297146 -0.2537500 -0.7173660
v 0.6897758 -0.2725000 -0.7495859
v 0.3182850 -0.2367500 -0.3791700
v 0.4066975 -0.2392500 -0.4844950
v 0.4419068 -0.2152500 -0.4546130
v 0.3501889 -0.2150000 -0.3523891
v 0.5253935 -0.2262500 -0.5539533
v 0.4419068 -0.2152500 -0.4546130
v 0.4066975 -0.2392500 -0.4844950
v 0.4899660 -0.2505000 -0.5836920
v 0.6080573 -0.2462500 -0.6523521
v 0.5253935 -0.2262500 -0.5539533
v 0.4899660 -0.2505000 -0.5836920
v 0.5725915 -0.2702500 -0.6821230
v 0.7298050 -0.3312500 -0.8694100
v 0.7653857 -0.3067500 -0.8395427
v 0.6897758 -0.2725000 -0.7495859
v 0.7298050 -0.3312500 -0.8694100
v 0.6897758 -0.2725000 -0.7495859
v 0.6542525 -0.2980000 -0.7794050
v 0.7642055 -0.3482500 -0.9103910
v 0.7653857 -0.3067500 -0.8395427
v 0.7298050 -0.3312500 -0.8694100
v 0.8036146 -0.2790000 -0.8250799
v 0.8078138 -0.3082500 -0.8855369
v 0.8082218 -0.2995000 -0.8904174
v 0.8036146 -0.2790000 -0.8250799
v 0.8082218 -0.2995000 -0.8904174
v 0.8064240 -0.2700000 -0.8282711
v 0.7973397 -0.2862500 -0.8231656
v 0.8037683 -0.3152500 -0.8804454
v 0.8078138 -0.3082500 -0.8855369
v 0.7973397 -0.2862500 -0.8231656
v 0.8078138 -0.3082500 -0.8855369
v 0.8036146 -0.2790000 -0.8250799
v 0.8036131 -0.2827500 -0.8978768
v 0.8043820 -0.2517500 -0.8319439
v 0.8060148 -0.2627500 -0.8266560
v 0.8036131 -0.2827500 -0.8978768
v 0.8060148 -0.2627500 -0.8266560
v 0.8069458 -0.2930000 -0.8934471
v 0.7959049 -0.2742500 -0.8997772
v 0.7973847 -0.2435000 -0.8374912
v 0.8043820 -0.2517500 -0.8319439
v 0.7959049 -0.2742500 -0.8997772
v 0.8043820 -0.2517500 -0.8319439
v 0.8036131 -0.2827500 -0.8978768
v 0.7798244 -0.2692500 -0.8969537
v 0.7808877 -0.2397500 -0.8435047
v 0.7973847 -0.2435000 -0.8374912
v 0.7798244 -0.2692500 -0.8969537
v 0.7973847 -0.2435000 -0.8374912
v 0.7959049 -0.2742500 -0.8997772
v 0.8064240 -0.2700000 -0.8282711
v 0.8082218 -0.2995000 -0.8904174
v 0.8069458 -0.2930000 -0.8934471
v 0.8064240 -0.2700000 -0.8282711
v 0.8069458 -0.2930000 -0.8934471
v 0.8060148 -0.2627500 -0.8266560
v 0.7888242 -0.2912500 -0.8231322
v 0.7961812 -0.3195000 -0.8750624
v 0.8037683 -0.3152500 -0.8804454
v 0.7888242 -0.2912500 -0.8231322
v 0.8037683 -0.3152500 -0.8804454
v 0.7973397 -0.2862500 -0.8231656
v 0.7842993 -0.3110000 -0.9343285
v 0.8036131 -0.2827500 -0.8978768
v 0.8069458 -0.2930000 -0.8934471
v 0.7842993 -0.3110000 -0.9343285
v 0.8069458 -0.2930000 -0.8934471
v 0.7857460 -0.3250000 -0.9360520
v 0.8082218 -0.2995000 -0.8904174
v 0.8078138 -0.3082500 -0.8855369
v 0.7851030 -0.3315000 -0.9352860
v 0.7851030 -0.3315000 -0.9352860
v 0.8078138 -0.3082500 -0.8855369
v 0.7806020 -0.3430000 -0.9299240
v 0.7441897 -0.2405000 -0.7117439
v 0.8036146 -0.2790000 -0.8250799
v 0.8064240 -0.2700000 -0.8282711
v 0.7441897 -0.2405000 -0.7117439
v 0.8064240 -0.2700000 -0.8282711
v 0.7475666 -0.2307500 -0.7125001
v 0.7806020 -0.3430000 -0.9299240
v 0.8078138 -0.3082500 -0.8855369
v 0.8037683 -0.3152500 -0.8804454
v 0.7806020 -0.3430000 -0.9299240
v 0.8037683 -0.3152500 -0.8804454
v 0.7727253 -0.3492500 -0.9205405
v 0.7379212 -0.2487500 -0.7134150
v 0.7973397 -0.2862500 -0.8231656
v 0.8036146 -0.2790000 -0.8250799
v 0.7379212 -0.2487500 -0.7134150
v 0.8036146 -0.2790000 -0.8250799
v 0.7441897 -0.2405000 -0.7117439
v 0.7441897 -0.2405000 -0.7117439
v 0.7475666 -0.2307500 -0.7125001
v 0.6748266 -0.2022500 -0.6051181
v 0.6718171 -0.2127500 -0.6050329
v 0.6652764 -0.2212500 -0.6075853
v 0.7379212 -0.2487500 -0.7134150
v 0.7441897 -0.2405000 -0.7117439
v 0.6652764 -0.2212500 -0.6075853
v 0.7441897 -0.2405000 -0.7117439
v 0.6718171 -0.2127500 -0.6050329
v 0.7961812 -0.3195000 -0.8750624
v 0.7642055 -0.3482500 -0.9103910
v 0.7727253 -0.3492500 -0.9205405
v 0.7961812 -0.3195000 -0.8750624
v 0.7727253 -0.3492500 -0.9205405
v 0.8037683 -0.3152500 -0.8804454
v 0.7297146 -0.2537500 -0.7173660
v 0.7888242 -0.2912500 -0.8231322
v 0.7973397 -0.2862500 -0.8231656
v 0.7297146 -0.2537500 -0.7173660
v 0.7973397 -0.2862500 -0.8231656
v 0.7379212 -0.2487500 -0.7134150
v 0.6566827 -0.2262500 -0.6125141
v 0.7297146 -0.2537500 -0.7173660
v 0.7379212 -0.2487500 -0.7134150
v 0.6566827 -0.2262500 -0.6125141
v 0.7379212 -0.2487500 -0.7134150
v 0.6652764 -0.2212500 -0.6075853
v 0.6718171 -0.2127500 -0.6050329
v 0.6748266 -0.2022500 -0.6051181
v 0.5947613 -0.1940000 -0.4993150
v 0.5947613 -0.1940000 -0.4993150
v 0.6748266 -0.2022500 -0.6051181
v 0.5974609 -0.1830000 -0.4986811
v 0.5147987 -0.1717500 -0.3953843
v 0.5125048 -0.1830000 -0.3966570
v 0.5947613 -0.1940000 -0.4993150
v 0.5974609 -0.1830000 -0.4986811
v 0.5884614 -0.2027500 -0.5029710
v 0.6652764 -0.2212500 -0.6075853
v 0.6718171 -0.2127500 -0.6050329
v 0.5884614 -0.2027500 -0.5029710
v 0.6718171 -0.2127500 -0.6050329
v 0.5947613 -0.1940000 -0.4993150
v 0.5125048 -0.1830000 -0.3966570
v 0.5065723 -0.1917500 -0.4009840
v 0.5884614 -0.2027500 -0.5029710
v 0.5947613 -0.1940000 -0.4993150
v 0.5797679 -0.2075000 -0.5086364
v 0.6566827 -0.2262500 -0.6125141
v 0.6652764 -0.2212500 -0.6075853
v 0.5797679 -0.2075000 -0.5086364
v 0.6652764 -0.2212500 -0.6075853
v 0.5884614 -0.2027500 -0.5029710
v 0.4982078 -0.1965000 -0.4073525
v 0.5797679 -0.2075000 -0.5086364
v 0.5884614 -0.2027500 -0.5029710
v 0.4982078 -0.1965000 -0.4073525
v 0.5884614 -0.2027500 -0.5029710
v 0.5065723 -0.1917500 -0.4009840
v 0.7959049 -0.2742500 -0.8997772
v 0.7802805 -0.2990000 -0.9295410
v 0.7701533 -0.2870000 -0.9174765
v 0.7959049 -0.2742500 -0.8997772
v 0.7701533 -0.2870000 -0.9174765
v 0.7798244 -0.2692500 -0.8969537
v 0.7808877 -0.2397500 -0.8435047
v 0.7265232 -0.1990000 -0.7344082
v 0.7410383 -0.2022500 -0.7238560
v 0.7808877 -0.2397500 -0.8435047
v 0.7410383 -0.2022500 -0.7238560
v 0.7973847 -0.2435000 -0.8374912
v 0.7802805 -0.2990000 -0.9295410
v 0.7959049 -0.2742500 -0.8997772
v 0.8036131 -0.2827500 -0.8978768
v 0.7802805 -0.2990000 -0.9295410
v 0.8036131 -0.2827500 -0.8978768
v 0.7842993 -0.3110000 -0.9343285
v 0.7973847 -0.2435000 -0.8374912
v 0.7410383 -0.2022500 -0.7238560
v 0.7467189 -0.2112500 -0.7171290
v 0.7973847 -0.2435000 -0.8374912
v 0.7467189 -0.2112500 -0.7171290
v 0.8043820 -0.2517500 -0.8319439
v 0.6684213 -0.1722500 -0.6150650
v 0.7410383 -0.2022500 -0.7238560
v 0.7265232 -0.1990000 -0.7344082
v 0.6684213 -0.1722500 -0.6150650
v 0.7265232 -0.1990000 -0.7344082
v 0.6546681 -0.1682500 -0.6256305
v 0.6740212 -0.1810000 -0.6090586
v 0.7467189 -0.2112500 -0.7171290
v 0.7410383 -0.2022500 -0.7238560
v 0.6740212 -0.1810000 -0.6090586
v 0.7410383 -0.2022500 -0.7238560
v 0.6684213 -0.1722500 -0.6150650
v 0.7477082 -0.2230000 -0.7127077
v 0.8060148 -0.2627500 -0.8266560
v 0.8043820 -0.2517500 -0.8319439
v 0.7477082 -0.2230000 -0.7127077
v 0.8043820 -0.2517500 -0.8319439
v 0.7467189 -0.2112500 -0.7171290
v 0.7477082 -0.2230000 -0.7127077
v 0.7467189 -0.2112500 -0.7171290
v 0.6752705 -0.1925000 -0.6057248
v 0.6752705 -0.1925000 -0.6057248
v 0.7467189 -0.2112500 -0.7171290
v 0.6740212 -0.1810000 -0.6090586
v 0.5909296 -0.1517500 -0.5074279
v 0.6684213 -0.1722500 -0.6150650
v 0.6546681 -0.1682500 -0.6256305
v 0.5909296 -0.1517500 -0.5074279
v 0.6546681 -0.1682500 -0.6256305
v 0.5779650 -0.1472500 -0.5183107
v 0.5779650 -0.1472500 -0.5183107
v 0.4951462 -0.1350000 -0.4141662
v 0.5078160 -0.1395000 -0.4032044
v 0.5779650 -0.1472500 -0.5183107
v 0.5078160 -0.1395000 -0.4032044
v 0.5909296 -0.1517500 -0.5074279
v 0.5965446 -0.1605000 -0.5020617
v 0.6740212 -0.1810000 -0.6090586
v 0.6684213 -0.1722500 -0.6150650
v 0.5965446 -0.1605000 -0.5020617
v 0.6684213 -0.1722500 -0.6150650
v 0.5909296 -0.1517500 -0.5074279
v 0.5965446 -0.1605000 -0.5020617
v 0.5909296 -0.1517500 -0.5074279
v 0.5078160 -0.1395000 -0.4032044
v 0.5133352 -0.1485000 -0.3979185
v 0.5979240 -0.1720000 -0.4992717
v 0.6752705 -0.1925000 -0.6057248
v 0.6740212 -0.1810000 -0.6090586
v 0.5979240 -0.1720000 -0.4992717
v 0.6740212 -0.1810000 -0.6090586
v 0.5965446 -0.1605000 -0.5020617
v 0.5133352 -0.1485000 -0.3979185
v 0.5149594 -0.1597500 -0.3955758
v 0.5979240 -0.1720000 -0.4992717
v 0.5965446 -0.1605000 -0.5020617
v 0.6752705 -0.1925000 -0.6057248
v 0.5979240 -0.1720000 -0.4992717
v 0.5974609 -0.1830000 -0.4986811
v 0.6748266 -0.2022500 -0.6051181
v 0.8060148 -0.2627500 -0.8266560
v 0.7477082 -0.2230000 -0.7127077
v 0.7475666 -0.2307500 -0.7125001
v 0.8060148 -0.2627500 -0.8266560
v 0.7475666 -0.2307500 -0.7125001
v 0.8064240 -0.2700000 -0.8282711
v 0.3142586 -0.1950000 -0.3061635
v 0.3378339 -0.1810000 -0.2814772
v 0.3299940 -0.1622500 -0.2877318
v 0.3142586 -0.1950000 -0.3061635
v 0.3299940 -0.1622500 -0.2877318
v 0.3112064 -0.1692500 -0.3191716
v 0.3180225 -0.2025000 -0.3059419
v 0.3387253 -0.1895000 -0.2836668
v 0.3378339 -0.1810000 -0.2814772
v 0.3180225 -0.2025000 -0.3059419
v 0.3378339 -0.1810000 -0.2814772
v 0.3142586 -0.1950000 -0.3061635
v 0.3394282 -0.1965000 -0.2886263
v 0.3387253 -0.1895000 -0.2836668
v 0.3188020 -0.2085000 -0.3108370
v 0.3188020 -0.2085000 -0.3108370
v 0.3387253 -0.1895000 -0.2836668
v 0.3180225 -0.2025000 -0.3059419
v 0.3394282 -0.1965000 -0.2886263
v 0.3672603 -0.1905000 -0.2779944
v 0.3686559 -0.1832500 -0.2725792
v 0.3394282 -0.1965000 -0.2886263
v 0.3686559 -0.1832500 -0.2725792
v 0.3387253 -0.1895000 -0.2836668
v 0.3220275 -0.2130000 -0.3175962
v 0.3404595 -0.2010000 -0.2959215
v 0.3394282 -0.1965000 -0.2886263
v 0.3220275 -0.2130000 -0.3175962
v 0.3394282 -0.1965000 -0.2886263
v 0.3188020 -0.2085000 -0.3108370
v 0.3404595 -0.2010000 -0.2959215
v 0.3652973 -0.1950000 -0.2858445
v 0.3672603 -0.1905000 -0.2779944
v 0.3404595 -0.2010000 -0.2959215
v 0.3672603 -0.1905000 -0.2779944
v 0.3394282 -0.1965000 -0.2886263
v 0.4007484 -0.1805000 -0.2769779
v 0.4022119 -0.1705000 -0.2744437
v 0.3690243 -0.1740000 -0.2699849
v 0.3686559 -0.1832500 -0.2725792
v 0.4275406 -0.1800000 -0.2959455
v 0.4293522 -0.1687500 -0.2940983
v 0.4007484 -0.1805000 -0.2769779
v 0.4007484 -0.1805000 -0.2769779
v 0.4293522 -0.1687500 -0.2940983
v 0.4022119 -0.1705000 -0.2744437
v 0.3672603 -0.1905000 -0.2779944
v 0.3974651 -0.1885000 -0.2826720
v 0.4007484 -0.1805000 -0.2769779
v 0.3672603 -0.1905000 -0.2779944
v 0.4007484 -0.1805000 -0.2769779
v 0.3686559 -0.1832500 -0.2725792
v 0.4007484 -0.1805000 -0.2769779
v 0.3974651 -0.1885000 -0.2826720
v 0.4219296 -0.1887500 -0.3006555
v 0.4275406 -0.1800000 -0.2959455
v 0.3672603 -0.1905000 -0.2779944
v 0.3652973 -0.1950000 -0.2858445
v 0.3922169 -0.1935000 -0.2903418
v 0.3974651 -0.1885000 -0.2826720
v 0.3501889 -0.2150000 -0.3523891
v 0.3404595 -0.2010000 -0.2959215
v 0.3220275 -0.2130000 -0.3175962
v 0.3652973 -0.1950000 -0.2858445
v 0.3404595 -0.2010000 -0.2959215
v 0.3501889 -0.2150000 -0.3523891
v 0.3922169 -0.1935000 -0.2903418
v 0.3652973 -0.1950000 -0.2858445
v 0.3501889 -0.2150000 -0.3523891
v 0.4139249 -0.1932500 -0.3073748
v 0.3922169 -0.1935000 -0.2903418
v 0.3501889 -0.2150000 -0.3523891
v 0.4139249 -0.1932500 -0.3073748
v 0.4219296 -0.1887500 -0.3006555
v 0.3922169 -0.1935000 -0.2903418
v 0.3922169 -0.1935000 -0.2903418
v 0.4219296 -0.1887500 -0.3006555
v 0.3974651 -0.1885000 -0.2826720
v 0.3378339 -0.1810000 -0.2814772
v 0.3690243 -0.1740000 -0.2699849
v 0.3623118 -0.1580000 -0.2710493
v 0.3378339 -0.1810000 -0.2814772
v 0.3623118 -0.1580000 -0.2710493
v 0.3299940 -0.1622500 -0.2877318
v 0.3690243 -0.1740000 -0.2699849
v 0.4022119 -0.1705000 -0.2744437
v 0.3989041 -0.1567500 -0.2733031
v 0.3690243 -0.1740000 -0.2699849
v 0.3989041 -0.1567500 -0.2733031
v 0.3623118 -0.1580000 -0.2710493
v 0.4022119 -0.1705000 -0.2744437
v 0.4293522 -0.1687500 -0.2940983
v 0.4293522 -0.1565000 -0.2940983
v 0.4022119 -0.1705000 -0.2744437
v 0.4293522 -0.1565000 -0.2940983
v 0.3989041 -0.1567500 -0.2733031
v 0.4212251 -0.1362500 -0.3005940
v 0.3906226 -0.1385000 -0.2831927
v 0.3957478 -0.1465000 -0.2769319
v 0.4212251 -0.1362500 -0.3005940
v 0.3957478 -0.1465000 -0.2769319
v 0.4272457 -0.1450000 -0.2958665
v 0.4083563 -0.1315000 -0.3113964
v 0.3804105 -0.1332500 -0.2956823
v 0.3906226 -0.1385000 -0.2831927
v 0.4083563 -0.1315000 -0.3113964
v 0.3906226 -0.1385000 -0.2831927
v 0.4212251 -0.1362500 -0.3005940
v 0.3688771 -0.1365000 -0.3092810
v 0.3553345 -0.1430000 -0.2857202
v 0.3804105 -0.1332500 -0.2956823
v 0.3804105 -0.1332500 -0.2956823
v 0.3553345 -0.1430000 -0.2857202
v 0.3906226 -0.1385000 -0.2831927
v 0.3493871 -0.1390000 -0.3001792
v 0.3269503 -0.1482500 -0.3209719
v 0.3266071 -0.1510000 -0.3055910
v 0.3493871 -0.1390000 -0.3001792
v 0.3266071 -0.1510000 -0.3055910
v 0.3278853 -0.1555000 -0.2960306
v 0.3553345 -0.1430000 -0.2857202
v 0.3269503 -0.1482500 -0.3209719
v 0.3180001 -0.1632500 -0.3497033
v 0.3109137 -0.1647500 -0.3357392
v 0.3109137 -0.1647500 -0.3357392
v 0.3096345 -0.1670000 -0.3253877
v 0.3269503 -0.1482500 -0.3209719
v 0.3564731 -0.1452500 -0.3497255
v 0.4459075 -0.1485000 -0.4561513
v 0.4212231 -0.1650000 -0.4768719
v 0.4951462 -0.1350000 -0.4141662
v 0.4731197 -0.1397500 -0.4333087
v 0.4083563 -0.1315000 -0.3113964
v 0.4083563 -0.1315000 -0.3113964
v 0.4731197 -0.1397500 -0.4333087
v 0.3849712 -0.1367500 -0.3284149
v 0.7506690 -0.2587500 -0.8688710
v 0.7798244 -0.2692500 -0.8969537
v 0.7701533 -0.2870000 -0.9174765
v 0.7506690 -0.2587500 -0.8688710
v 0.7701533 -0.2870000 -0.9174765
v 0.7381640 -0.2707500 -0.8793680
v 0.7506690 -0.2587500 -0.8688710
v 0.6745768 -0.2255000 -0.7783397
v 0.6992420 -0.2087500 -0.7576352
v 0.7506690 -0.2587500 -0.8688710
v 0.6992420 -0.2087500 -0.7576352
v 0.7808877 -0.2397500 -0.8435047
v 0.7506690 -0.2587500 -0.8688710
v 0.7381640 -0.2707500 -0.8793680
v 0.6621293 -0.2372500 -0.7887885
v 0.6745768 -0.2255000 -0.7783397
v 0.6992420 -0.2087500 -0.7576352
v 0.6745768 -0.2255000 -0.7783397
v 0.5914116 -0.1972500 -0.6793825
v 0.6160768 -0.1805000 -0.6586779
v 0.6621293 -0.2372500 -0.7887885
v 0.5790215 -0.2087500 -0.6897830
v 0.5914116 -0.1972500 -0.6793825
v 0.6745768 -0.2255000 -0.7783397
v 0.5064781 -0.1770000 -0.5783187
v 0.5914116 -0.1972500 -0.6793825
v 0.5790215 -0.2087500 -0.6897830
v 0.5064781 -0.1770000 -0.5783187
v 0.5790215 -0.2087500 -0.6897830
v 0.4941455 -0.1880000 -0.5886710
v 0.5583746 -0.1517500 -0.5347555
v 0.4731197 -0.1397500 -0.4333087
v 0.4951462 -0.1350000 -0.4141662
v 0.5583746 -0.1517500 -0.5347555
v 0.4951462 -0.1350000 -0.4141662
v 0.5779650 -0.1472500 -0.5183107
v 0.5064781 -0.1770000 -0.5783187
v 0.4941455 -0.1880000 -0.5886710
v 0.4089480 -0.1762500 -0.4871760
v 0.4212231 -0.1650000 -0.4768719
v 0.4212231 -0.1650000 -0.4768719
v 0.4089480 -0.1762500 -0.4871760
v 0.3324177 -0.1632500 -0.3673067
v 0.3324177 -0.1632500 -0.3673067
v 0.4089480 -0.1762500 -0.4871760
v 0.3182850 -0.1752500 -0.3791700
v 0.6433081 -0.1717500 -0.6358192
v 0.7265232 -0.1990000 -0.7344082
v 0.6992420 -0.2087500 -0.7576352
v 0.6433081 -0.1717500 -0.6358192
v 0.6992420 -0.2087500 -0.7576352
v 0.6160768 -0.1805000 -0.6586779
v 0.5064781 -0.1770000 -0.5783187
v 0.5311433 -0.1605000 -0.5576141
v 0.6160768 -0.1805000 -0.6586779
v 0.5914116 -0.1972500 -0.6793825
v 0.5311433 -0.1605000 -0.5576141
v 0.5583746 -0.1517500 -0.5347555
v 0.6433081 -0.1717500 -0.6358192
v 0.6160768 -0.1805000 -0.6586779
v 0.3418256 -0.1452500 -0.3323151
v 0.3269503 -0.1482500 -0.3209719
v 0.3493871 -0.1390000 -0.3001792
v 0.3418256 -0.1452500 -0.3323151
v 0.3493871 -0.1390000 -0.3001792
v 0.3688771 -0.1365000 -0.3092810
v 0.6433081 -0.1717500 -0.6358192
v 0.5583746 -0.1517500 -0.5347555
v 0.5779650 -0.1472500 -0.5183107
v 0.6433081 -0.1717500 -0.6358192
v 0.5779650 -0.1472500 -0.5183107
v 0.6546681 -0.1682500 -0.6256305
v 0.4272457 -0.1450000 -0.2958665
v 0.3957478 -0.1465000 -0.2769319
v 0.3989041 -0.1567500 -0.2733031
v 0.4272457 -0.1450000 -0.2958665
v 0.3989041 -0.1567500 -0.2733031
v 0.4293522 -0.1565000 -0.2940983
v 0.3623118 -0.1580000 -0.2710493
v 0.3989041 -0.1567500 -0.2733031
v 0.3957478 -0.1465000 -0.2769319
v 0.3623118 -0.1580000 -0.2710493
v 0.3957478 -0.1465000 -0.2769319
v 0.3590628 -0.1495000 -0.2773675
v 0.3299940 -0.1622500 -0.2877318
v 0.3623118 -0.1580000 -0.2710493
v 0.3590628 -0.1495000 -0.2773675
v 0.3299940 -0.1622500 -0.2877318
v 0.3590628 -0.1495000 -0.2773675
v 0.3278853 -0.1555000 -0.2960306
v 0.3112064 -0.1692500 -0.3191716
v 0.3299940 -0.1622500 -0.2877318
v 0.3278853 -0.1555000 -0.2960306
v 0.3112064 -0.1692500 -0.3191716
v 0.3278853 -0.1555000 -0.2960306
v 0.3096345 -0.1670000 -0.3253877
v 0.3906226 -0.1385000 -0.2831927
v 0.3553345 -0.1430000 -0.2857202
v 0.3590628 -0.1495000 -0.2773675
v 0.3906226 -0.1385000 -0.2831927
v 0.3590628 -0.1495000 -0.2773675
v 0.3957478 -0.1465000 -0.2769319
v 0.3553345 -0.1430000 -0.2857202
v 0.3278853 -0.1555000 -0.2960306
v 0.3590628 -0.1495000 -0.2773675
v 0.3096345 -0.1670000 -0.3253877
v 0.3278853 -0.1555000 -0.2960306
v 0.3266071 -0.1510000 -0.3055910
v 0.3266071 -0.1510000 -0.3055910
v 0.3269503 -0.1482500 -0.3209719
v 0.3096345 -0.1670000 -0.3253877
v 0.8069458 -0.2930000 -0.8934471
v 0.8082218 -0.2995000 -0.8904174
v 0.7857460 -0.3250000 -0.9360520
v 0.7857460 -0.3250000 -0.9360520
v 0.8082218 -0.2995000 -0.8904174
v 0.7851030 -0.3315000 -0.9352860
v 0.3688771 -0.1365000 -0.3092810
v 0.3804105 -0.1332500 -0.2956823
v 0.4083563 -0.1315000 -0.3113964
v 0.3849712 -0.1367500 -0.3284149
v 0.6897758 -0.2725000 -0.7495859
v 0.7297146 -0.2537500 -0.7173660
v 0.6566827 -0.2262500 -0.6125141
v 0.6897758 -0.2725000 -0.7495859
v 0.6566827 -0.2262500 -0.6125141
v 0.6080573 -0.2462500 -0.6523521
v 0.3418256 -0.1452500 -0.3323151
v 0.3180001 -0.1632500 -0.3497033
v 0.3269503 -0.1482500 -0.3209719
v 0.3180001 -0.1632500 -0.3497033
v 0.3418256 -0.1452500 -0.3323151
v 0.3324177 -0.1632500 -0.3673067
v 0.1387880 -0.2438852 -0.1936136
v 0.2995380 -0.2438852 -0.3851136
v 0.3134625 -0.2475000 -0.3734250
v 0.1527125 -0.2475000 -0.1819250
v 0.1269847 -0.2335872 -0.2035216
v 0.2877347 -0.2335872 -0.3950216
v 0.2995380 -0.2438852 -0.3851136
v 0.1387880 -0.2438852 -0.1936136
v 0.1190964 -0.2181783 -0.2101432
v 0.2798464 -0.2181783 -0.4016432
v 0.2877347 -0.2335872 -0.3950216
v 0.1269847 -0.2335872 -0.2035216
v 0.1163275 -0.2000000 -0.2124675
v 0.2770775 -0.2000000 -0.4039675
v 0.2798464 -0.2181783 -0.4016432
v 0.1190964 -0.2181783 -0.2101432
v 0.1190964 -0.1818218 -0.2101432
v 0.2798464 -0.1818218 -0.4016432
v 0.2770775 -0.2000000 -0.4039675
v 0.1163275 -0.2000000 -0.2124675
v 0.1269847 -0.1664127 -0.2035216
v 0.2877347 -0.1664127 -0.3950216
v 0.2798464 -0.1818218 -0.4016432
v 0.1190964 -0.1818218 -0.2101432
v 0.1387880 -0.1561148 -0.1936136
v 0.2995380 -0.1561148 -0.3851136
v 0.2877347 -0.1664127 -0.3950216
v 0.1269847 -0.1664127 -0.2035216
v 0.1527125 -0.1525000 -0.1819250
v 0.3134625 -0.1525000 -0.3734250
v 0.2995380 -0.1561148 -0.3851136
v 0.1387880 -0.1561148 -0.1936136
v 0.2995380 -0.2438852 -0.3851136
v 0.3251511 -0.2438852 -0.3873495
v 0.3134625 -0.2475000 -0.3734250
v 0.2995380 -0.2438852 -0.3851136
v 0.3108959 -0.2372210 -0.4028263
v 0.3251511 -0.2438852 -0.3873495
v 0.2877347 -0.2335872 -0.3950216
v 0.3108959 -0.2372210 -0.4028263
v 0.2995380 -0.2438852 -0.3851136
v 0.2877347 -0.2335872 -0.3950216
v 0.2983685 -0.2208668 -0.4133420
v 0.3108959 -0.2372210 -0.4028263
v 0.2798464 -0.2181783 -0.4016432
v 0.2983685 -0.2208668 -0.4133420
v 0.2877347 -0.2335872 -0.3950216
v 0.2798464 -0.2181783 -0.4016432
v 0.2915350 -0.2000000 -0.4155678
v 0.2983685 -0.2208668 -0.4133420
v 0.2770775 -0.2000000 -0.4039675
v 0.2915350 -0.2000000 -0.4155678
v 0.2798464 -0.2181783 -0.4016432
v 0.3108959 -0.2372210 -0.4028263
v 0.3350591 -0.2335872 -0.3991528
v 0.3251511 -0.2438852 -0.3873495
v 0.3108959 -0.2372210 -0.4028263
v 0.3214117 -0.2208668 -0.4153536
v 0.3350591 -0.2335872 -0.3991528
v 0.2983685 -0.2208668 -0.4133420
v 0.3214117 -0.2208668 -0.4153536
v 0.3108959 -0.2372210 -0.4028263
v 0.2983685 -0.2208668 -0.4133420
v 0.3093313 -0.2000000 -0.4207494
v 0.3214117 -0.2208668 -0.4153536
v 0.2915350 -0.2000000 -0.4155678
v 0.3093313 -0.2000000 -0.4207494
v 0.2983685 -0.2208668 -0.4133420
v 0.3214117 -0.2208668 -0.4153536
v 0.3416807 -0.2181783 -0.4070411
v 0.3350591 -0.2335872 -0.3991528
v 0.3214117 -0.2208668 -0.4153536
v 0.3277562 -0.2000000 -0.4187297
v 0.3416807 -0.2181783 -0.4070411
v 0.3093313 -0.2000000 -0.4207494
v 0.3277562 -0.2000000 -0.4187297
v 0.3214117 -0.2208668 -0.4153536
v 0.3277562 -0.2000000 -0.4187297
v 0.3440050 -0.2000000 -0.4098100
v 0.3416807 -0.2181783 -0.4070411
v 0.3134625 -0.1525000 -0.3734250
v 0.3251511 -0.1561148 -0.3873495
v 0.2995380 -0.1561148 -0.3851136
v 0.3251511 -0.1561148 -0.3873495
v 0.3108959 -0.1627790 -0.4028263
v 0.2995380 -0.1561148 -0.3851136
v 0.2995380 -0.1561148 -0.3851136
v 0.3108959 -0.1627790 -0.4028263
v 0.2877347 -0.1664127 -0.3950216
v 0.3108959 -0.1627790 -0.4028263
v 0.2983685 -0.1791333 -0.4133420
v 0.2877347 -0.1664127 -0.3950216
v 0.2877347 -0.1664127 -0.3950216
v 0.2983685 -0.1791333 -0.4133420
v 0.2798464 -0.1818218 -0.4016432
v 0.2983685 -0.1791333 -0.4133420
v 0.2915350 -0.2000000 -0.4155678
v 0.2798464 -0.1818218 -0.4016432
v 0.2798464 -0.1818218 -0.4016432
v 0.2915350 -0.2000000 -0.4155678
v 0.2770775 -0.2000000 -0.4039675
v 0.3251511 -0.1561148 -0.3873495
v 0.3350591 -0.1664127 -0.3991528
v 0.3108959 -0.1627790 -0.4028263
v 0.3350591 -0.1664127 -0.3991528
v 0.3214117 -0.1791333 -0.4153536
v 0.3108959 -0.1627790 -0.4028263
v 0.3108959 -0.1627790 -0.4028263
v 0.3214117 -0.1791333 -0.4153536
v 0.2983685 -0.1791333 -0.4133420
v 0.3214117 -0.1791333 -0.4153536
v 0.3093313 -0.2000000 -0.4207494
v 0.2983685 -0.1791333 -0.4133420
v 0.2983685 -0.1791333 -0.4133420
v 0.3093313 -0.2000000 -0.4207494
v 0.2915350 -0.2000000 -0.4155678
v 0.3350591 -0.1664127 -0.3991528
v 0.3416807 -0.1818218 -0.4070411
v 0.3214117 -0.1791333 -0.4153536
v 0.3416807 -0.1818218 -0.4070411
v 0.3277562 -0.2000000 -0.4187297
v 0.3214117 -0.1791333 -0.4153536
v 0.3214117 -0.1791333 -0.4153536
v 0.3277562 -0.2000000 -0.4187297
v 0.3093313 -0.2000000 -0.4207494
v 0.3416807 -0.1818218 -0.4070411
v 0.3440050 -0.2000000 -0.4098100
v 0.3277562 -0.2000000 -0.4187297
v 0.6942243 -0.3067500 -0.8992774
v 0.6740008 -0.2912500 -0.9195179
v 0.7238708 -0.3195000 -0.9357616
v 0.7642055 -0.3482500 -0.9103910
v 0.2152553 -0.1687500 -0.4738168
v 0.2152553 -0.1565000 -0.4738168
v 0.3003646 -0.1597500 -0.5757122
v 0.3002038 -0.1717500 -0.5755207
v 0.3002038 -0.1717500 -0.5755207
v 0.3018547 -0.1830000 -0.5734820
v 0.2173884 -0.1800000 -0.4723525
v 0.2152553 -0.1687500 -0.4738168
v 0.3018547 -0.1830000 -0.5734820
v 0.3071442 -0.1917500 -0.5683890
v 0.2229994 -0.1887500 -0.4676425
v 0.2173884 -0.1800000 -0.4723525
v 0.3071442 -0.1917500 -0.5683890
v 0.3148657 -0.1965000 -0.5612545
v 0.2310041 -0.1932500 -0.4609232
v 0.2229994 -0.1887500 -0.4676425
v 0.3221068 -0.1350000 -0.5594199
v 0.3091156 -0.1395000 -0.5699986
v 0.2230609 -0.1362500 -0.4669380
v 0.2359297 -0.1315000 -0.4561357
v 0.3091156 -0.1395000 -0.5699986
v 0.3029533 -0.1485000 -0.5745185
v 0.2173618 -0.1450000 -0.4720485
v 0.2230609 -0.1362500 -0.4669380
v 0.3029533 -0.1485000 -0.5745185
v 0.3003646 -0.1597500 -0.5757122
v 0.2152553 -0.1565000 -0.4738168
v 0.2173618 -0.1450000 -0.4720485
v 0.3876152 -0.1830000 -0.6748309
v 0.3002038 -0.1717500 -0.5755207
v 0.3003646 -0.1597500 -0.5757122
v 0.3881166 -0.1720000 -0.6753894
v 0.5723708 -0.2230000 -0.8598904
v 0.5721909 -0.2307500 -0.8597149
v 0.4790370 -0.2022500 -0.7694689
v 0.4795575 -0.1925000 -0.7700113
v 0.2045786 -0.1832500 -0.4103098
v 0.2206847 -0.1895000 -0.3827531
v 0.2186826 -0.1810000 -0.3814958
v 0.2019597 -0.1740000 -0.4102232
v 0.6954404 -0.2397500 -0.9152313
v 0.7256591 -0.2587500 -0.8898650
v 0.7482652 -0.2692500 -0.9234453
v 0.6954404 -0.2397500 -0.9152313
v 0.5974139 -0.1990000 -0.8427858
v 0.6250166 -0.2087500 -0.8199419
v 0.4818129 -0.1770000 -0.5990233
v 0.4571477 -0.1605000 -0.6197279
v 0.3719885 -0.1485000 -0.5182007
v 0.3966729 -0.1650000 -0.4974801
v 0.4571477 -0.1605000 -0.6197279
v 0.4299164 -0.1517500 -0.6425865
v 0.3447764 -0.1397500 -0.5410433
v 0.3719885 -0.1485000 -0.5182007
v 0.5974139 -0.1990000 -0.8427858
v 0.5027320 -0.1682500 -0.7531695
v 0.5147350 -0.1717500 -0.7437468
v 0.3719885 -0.1485000 -0.5182007
v 0.3447764 -0.1397500 -0.5410433
v 0.2567428 -0.1367500 -0.4360531
v 0.2826690 -0.1452500 -0.4116785
v 0.2350999 -0.1390000 -0.3961148
v 0.2406870 -0.1365000 -0.4168870
v 0.2198291 -0.1430000 -0.3994669
v 0.2680598 -0.1452500 -0.3942360
v 0.2826690 -0.1452500 -0.4116785
v 0.2567428 -0.1367500 -0.4360531
v 0.2406870 -0.1365000 -0.4168870
v 0.3041523 -0.1632500 -0.3910334
v 0.3966729 -0.1650000 -0.4974801
v 0.2826690 -0.1452500 -0.4116785
v 0.2680598 -0.1452500 -0.3942360
v 0.2310041 -0.1932500 -0.4609232
v 0.3148657 -0.1965000 -0.5612545
v 0.3711667 -0.2152500 -0.5139940
v 0.2863811 -0.2150000 -0.4059510
v 0.2310041 -0.1932500 -0.4609232
v 0.3711667 -0.2152500 -0.5139940
v 0.4004856 -0.2075000 -0.6591306
v 0.4894649 -0.2262500 -0.7528809
v 0.5371257 -0.2462500 -0.7118939
v 0.4545385 -0.2262500 -0.6134308
v 0.4004856 -0.2075000 -0.6591306
v 0.5371257 -0.2462500 -0.7118939
v 0.3148657 -0.1965000 -0.5612545
v 0.4004856 -0.2075000 -0.6591306
v 0.4545385 -0.2262500 -0.6134308
v 0.3711667 -0.2152500 -0.5139940
v 0.6542525 -0.2980000 -0.7794050
v 0.5371257 -0.2462500 -0.7118939
v 0.6187293 -0.2725000 -0.8092241
v 0.5725915 -0.2702500 -0.6821230
v 0.5371257 -0.2462500 -0.7118939
v 0.6542525 -0.2980000 -0.7794050
v 0.5800765 -0.2537500 -0.8429760
v 0.6740008 -0.2912500 -0.9195179
v 0.6942243 -0.3067500 -0.8992774
v 0.6187293 -0.2725000 -0.8092241
v 0.5800765 -0.2537500 -0.8429760
v 0.6942243 -0.3067500 -0.8992774
v 0.2863811 -0.2150000 -0.4059510
v 0.3711667 -0.2152500 -0.5139940
v 0.4066975 -0.2392500 -0.4844950
v 0.3182850 -0.2367500 -0.3791700
v 0.4899660 -0.2505000 -0.5836920
v 0.4066975 -0.2392500 -0.4844950
v 0.3711667 -0.2152500 -0.5139940
v 0.4545385 -0.2262500 -0.6134308
v 0.5725915 -0.2702500 -0.6821230
v 0.4899660 -0.2505000 -0.5836920
v 0.4545385 -0.2262500 -0.6134308
v 0.5371257 -0.2462500 -0.7118939
v 0.6187293 -0.2725000 -0.8092241
v 0.6942243 -0.3067500 -0.8992774
v 0.7298050 -0.3312500 -0.8694100
v 0.6542525 -0.2980000 -0.7794050
v 0.6187293 -0.2725000 -0.8092241
v 0.7298050 -0.3312500 -0.8694100
v 0.7298050 -0.3312500 -0.8694100
v 0.6942243 -0.3067500 -0.8992774
v 0.7642055 -0.3482500 -0.9103910
v 0.7369072 -0.2995000 -0.9502807
v 0.7321713 -0.3082500 -0.9490331
v 0.6733564 -0.2790000 -0.9344221
v 0.6760125 -0.2700000 -0.9377419
v 0.7369072 -0.2995000 -0.9502807
v 0.6733564 -0.2790000 -0.9344221
v 0.7321713 -0.3082500 -0.9490331
v 0.7278577 -0.3152500 -0.9441667
v 0.6725583 -0.2862500 -0.9279104
v 0.6733564 -0.2790000 -0.9344221
v 0.7321713 -0.3082500 -0.9490331
v 0.6725583 -0.2862500 -0.9279104
v 0.6744926 -0.2627500 -0.9370590
v 0.6799836 -0.2517500 -0.9363671
v 0.7450524 -0.2827500 -0.9470342
v 0.7401123 -0.2930000 -0.9495489
v 0.6744926 -0.2627500 -0.9370590
v 0.7450524 -0.2827500 -0.9470342
v 0.6799836 -0.2517500 -0.9363671
v 0.6866594 -0.2435000 -0.9304368
v 0.7482597 -0.2742500 -0.9397718
v 0.7450524 -0.2827500 -0.9470342
v 0.6799836 -0.2517500 -0.9363671
v 0.7482597 -0.2742500 -0.9397718
v 0.6866594 -0.2435000 -0.9304368
v 0.6954404 -0.2397500 -0.9152313
v 0.7482652 -0.2692500 -0.9234453
v 0.7482597 -0.2742500 -0.9397718
v 0.6866594 -0.2435000 -0.9304368
v 0.7482652 -0.2692500 -0.9234453
v 0.7401123 -0.2930000 -0.9495489
v 0.7369072 -0.2995000 -0.9502807
v 0.6760125 -0.2700000 -0.9377419
v 0.6744926 -0.2627500 -0.9370590
v 0.7401123 -0.2930000 -0.9495489
v 0.6760125 -0.2700000 -0.9377419
v 0.7278577 -0.3152500 -0.9441667
v 0.7238708 -0.3195000 -0.9357616
v 0.6740008 -0.2912500 -0.9195179
v 0.6725583 -0.2862500 -0.9279104
v 0.7278577 -0.3152500 -0.9441667
v 0.6740008 -0.2912500 -0.9195179
v 0.7401123 -0.2930000 -0.9495489
v 0.7450524 -0.2827500 -0.9470342
v 0.7842993 -0.3110000 -0.9343285
v 0.7857460 -0.3250000 -0.9360520
v 0.7401123 -0.2930000 -0.9495489
v 0.7842993 -0.3110000 -0.9343285
v 0.7851030 -0.3315000 -0.9352860
v 0.7321713 -0.3082500 -0.9490331
v 0.7369072 -0.2995000 -0.9502807
v 0.7806020 -0.3430000 -0.9299240
v 0.7321713 -0.3082500 -0.9490331
v 0.7851030 -0.3315000 -0.9352860
v 0.6760125 -0.2700000 -0.9377419
v 0.6733564 -0.2790000 -0.9344221
v 0.5720313 -0.2405000 -0.8562581
v 0.5721909 -0.2307500 -0.8597149
v 0.6760125 -0.2700000 -0.9377419
v 0.5720313 -0.2405000 -0.8562581
v 0.7278577 -0.3152500 -0.9441667
v 0.7321713 -0.3082500 -0.9490331
v 0.7806020 -0.3430000 -0.9299240
v 0.7727253 -0.3492500 -0.9205405
v 0.7278577 -0.3152500 -0.9441667
v 0.7806020 -0.3430000 -0.9299240
v 0.6733564 -0.2790000 -0.9344221
v 0.6725583 -0.2862500 -0.9279104
v 0.5747633 -0.2487500 -0.8503740
v 0.5720313 -0.2405000 -0.8562581
v 0.6733564 -0.2790000 -0.9344221
v 0.5747633 -0.2487500 -0.8503740
v 0.4794745 -0.2127500 -0.7664902
v 0.4790370 -0.2022500 -0.7694689
v 0.5721909 -0.2307500 -0.8597149
v 0.5720313 -0.2405000 -0.8562581
v 0.5720313 -0.2405000 -0.8562581
v 0.5747633 -0.2487500 -0.8503740
v 0.4831216 -0.2212500 -0.7604907
v 0.4794745 -0.2127500 -0.7664902
v 0.5720313 -0.2405000 -0.8562581
v 0.4831216 -0.2212500 -0.7604907
v 0.7727253 -0.3492500 -0.9205405
v 0.7642055 -0.3482500 -0.9103910
v 0.7238708 -0.3195000 -0.9357616
v 0.7278577 -0.3152500 -0.9441667
v 0.7727253 -0.3492500 -0.9205405
v 0.7238708 -0.3195000 -0.9357616
v 0.6725583 -0.2862500 -0.9279104
v 0.6740008 -0.2912500 -0.9195179
v 0.5800765 -0.2537500 -0.8429760
v 0.5747633 -0.2487500 -0.8503740
v 0.6725583 -0.2862500 -0.9279104
v 0.5800765 -0.2537500 -0.8429760
v 0.5747633 -0.2487500 -0.8503740
v 0.5800765 -0.2537500 -0.8429760
v 0.4894649 -0.2262500 -0.7528809
v 0.4831216 -0.2212500 -0.7604907
v 0.5747633 -0.2487500 -0.8503740
v 0.4894649 -0.2262500 -0.7528809
v 0.3887073 -0.1940000 -0.6722820
v 0.4790370 -0.2022500 -0.7694689
v 0.4794745 -0.2127500 -0.7664902
v 0.3876152 -0.1830000 -0.6748309
v 0.4790370 -0.2022500 -0.7694689
v 0.3887073 -0.1940000 -0.6722820
v 0.3876152 -0.1830000 -0.6748309
v 0.3887073 -0.1940000 -0.6722820
v 0.3018547 -0.1830000 -0.5734820
v 0.3002038 -0.1717500 -0.5755207
v 0.4794745 -0.2127500 -0.7664902
v 0.4831216 -0.2212500 -0.7604907
v 0.3933996 -0.2027500 -0.6667110
v 0.3887073 -0.1940000 -0.6722820
v 0.4794745 -0.2127500 -0.7664902
v 0.3933996 -0.2027500 -0.6667110
v 0.3887073 -0.1940000 -0.6722820
v 0.3933996 -0.2027500 -0.6667110
v 0.3071442 -0.1917500 -0.5683890
v 0.3018547 -0.1830000 -0.5734820
v 0.4831216 -0.2212500 -0.7604907
v 0.4894649 -0.2262500 -0.7528809
v 0.4004856 -0.2075000 -0.6591306
v 0.3933996 -0.2027500 -0.6667110
v 0.4831216 -0.2212500 -0.7604907
v 0.4004856 -0.2075000 -0.6591306
v 0.3933996 -0.2027500 -0.6667110
v 0.4004856 -0.2075000 -0.6591306
v 0.3148657 -0.1965000 -0.5612545
v 0.3071442 -0.1917500 -0.5683890
v 0.3933996 -0.2027500 -0.6667110
v 0.3148657 -0.1965000 -0.5612545
v 0.7701533 -0.2870000 -0.9174765
v 0.7802805 -0.2990000 -0.9295410
v 0.7482597 -0.2742500 -0.9397718
v 0.7482652 -0.2692500 -0.9234453
v 0.7701533 -0.2870000 -0.9174765
v 0.7482597 -0.2742500 -0.9397718
v 0.5845062 -0.2022500 -0.8552530
v 0.5974139 -0.1990000 -0.8427858
v 0.6954404 -0.2397500 -0.9152313
v 0.6866594 -0.2435000 -0.9304368
v 0.5845062 -0.2022500 -0.8552530
v 0.6954404 -0.2397500 -0.9152313
v 0.7450524 -0.2827500 -0.9470342
v 0.7482597 -0.2742500 -0.9397718
v 0.7802805 -0.2990000 -0.9295410
v 0.7842993 -0.3110000 -0.9343285
v 0.7450524 -0.2827500 -0.9470342
v 0.7802805 -0.2990000 -0.9295410
v 0.5768967 -0.2112500 -0.8596820
v 0.5845062 -0.2022500 -0.8552530
v 0.6866594 -0.2435000 -0.9304368
v 0.6799836 -0.2517500 -0.9363671
v 0.5768967 -0.2112500 -0.8596820
v 0.6866594 -0.2435000 -0.9304368
v 0.5974139 -0.1990000 -0.8427858
v 0.5845062 -0.2022500 -0.8552530
v 0.4899433 -0.1722500 -0.7648840
v 0.5027320 -0.1682500 -0.7531695
v 0.5974139 -0.1990000 -0.8427858
v 0.4899433 -0.1722500 -0.7648840
v 0.5845062 -0.2022500 -0.8552530
v 0.5768967 -0.2112500 -0.8596820
v 0.4830574 -0.1810000 -0.7693585
v 0.4899433 -0.1722500 -0.7648840
v 0.5845062 -0.2022500 -0.8552530
v 0.4830574 -0.1810000 -0.7693585
v 0.6799836 -0.2517500 -0.9363671
v 0.6744926 -0.2627500 -0.9370590
v 0.5723708 -0.2230000 -0.8598904
v 0.5768967 -0.2112500 -0.8596820
v 0.6799836 -0.2517500 -0.9363671
v 0.5723708 -0.2230000 -0.8598904
v 0.4795575 -0.1925000 -0.7700113
v 0.5768967 -0.2112500 -0.8596820
v 0.5723708 -0.2230000 -0.8598904
v 0.4830574 -0.1810000 -0.7693585
v 0.5768967 -0.2112500 -0.8596820
v 0.4795575 -0.1925000 -0.7700113
v 0.5027320 -0.1682500 -0.7531695
v 0.4899433 -0.1722500 -0.7648840
v 0.3973614 -0.1517500 -0.6699141
v 0.4103259 -0.1472500 -0.6590313
v 0.5027320 -0.1682500 -0.7531695
v 0.3973614 -0.1517500 -0.6699141
v 0.3091156 -0.1395000 -0.5699986
v 0.3221068 -0.1350000 -0.5594199
v 0.4103259 -0.1472500 -0.6590313
v 0.3973614 -0.1517500 -0.6699141
v 0.3091156 -0.1395000 -0.5699986
v 0.4103259 -0.1472500 -0.6590313
v 0.4899433 -0.1722500 -0.7648840
v 0.4830574 -0.1810000 -0.7693585
v 0.3911034 -0.1605000 -0.6745143
v 0.3973614 -0.1517500 -0.6699141
v 0.4899433 -0.1722500 -0.7648840
v 0.3911034 -0.1605000 -0.6745143
v 0.3029533 -0.1485000 -0.5745185
v 0.3091156 -0.1395000 -0.5699986
v 0.3973614 -0.1517500 -0.6699141
v 0.3911034 -0.1605000 -0.6745143
v 0.4830574 -0.1810000 -0.7693585
v 0.4795575 -0.1925000 -0.7700113
v 0.3881166 -0.1720000 -0.6753894
v 0.3911034 -0.1605000 -0.6745143
v 0.4830574 -0.1810000 -0.7693585
v 0.3881166 -0.1720000 -0.6753894
v 0.3911034 -0.1605000 -0.6745143
v 0.3881166 -0.1720000 -0.6753894
v 0.3003646 -0.1597500 -0.5757122
v 0.3029533 -0.1485000 -0.5745185
v 0.4790370 -0.2022500 -0.7694689
v 0.3876152 -0.1830000 -0.6748309
v 0.3881166 -0.1720000 -0.6753894
v 0.4795575 -0.1925000 -0.7700113
v 0.5721909 -0.2307500 -0.8597149
v 0.5723708 -0.2230000 -0.8598904
v 0.6744926 -0.2627500 -0.9370590
v 0.6760125 -0.2700000 -0.9377419
v 0.5721909 -0.2307500 -0.8597149
v 0.6744926 -0.2627500 -0.9370590
v 0.2262010 -0.1622500 -0.3748583
v 0.2186826 -0.1810000 -0.3814958
v 0.2470804 -0.1950000 -0.3625546
v 0.2604206 -0.1692500 -0.3618025
v 0.2262010 -0.1622500 -0.3748583
v 0.2470804 -0.1950000 -0.3625546
v 0.2186826 -0.1810000 -0.3814958
v 0.2206847 -0.1895000 -0.3827531
v 0.2462100 -0.2025000 -0.3662231
v 0.2470804 -0.1950000 -0.3625546
v 0.2186826 -0.1810000 -0.3814958
v 0.2462100 -0.2025000 -0.3662231
v 0.2508961 -0.2085000 -0.3678390
v 0.2206847 -0.1895000 -0.3827531
v 0.2254474 -0.1965000 -0.3843047
v 0.2462100 -0.2025000 -0.3662231
v 0.2206847 -0.1895000 -0.3827531
v 0.2508961 -0.2085000 -0.3678390
v 0.2045786 -0.1832500 -0.4103098
v 0.2101537 -0.1905000 -0.4098737
v 0.2254474 -0.1965000 -0.3843047
v 0.2206847 -0.1895000 -0.3827531
v 0.2045786 -0.1832500 -0.4103098
v 0.2254474 -0.1965000 -0.3843047
v 0.2254474 -0.1965000 -0.3843047
v 0.2324535 -0.2010000 -0.3865845
v 0.2569941 -0.2130000 -0.3721869
v 0.2508961 -0.2085000 -0.3678390
v 0.2254474 -0.1965000 -0.3843047
v 0.2569941 -0.2130000 -0.3721869
v 0.2101537 -0.1905000 -0.4098737
v 0.2182252 -0.1950000 -0.4093005
v 0.2324535 -0.2010000 -0.3865845
v 0.2254474 -0.1965000 -0.3843047
v 0.2101537 -0.1905000 -0.4098737
v 0.2324535 -0.2010000 -0.3865845
v 0.2045786 -0.1832500 -0.4103098
v 0.2019597 -0.1740000 -0.4102232
v 0.2006006 -0.1705000 -0.4436813
v 0.2033502 -0.1805000 -0.4426791
v 0.2033502 -0.1805000 -0.4426791
v 0.2152553 -0.1687500 -0.4738168
v 0.2173884 -0.1800000 -0.4723525
v 0.2006006 -0.1705000 -0.4436813
v 0.2152553 -0.1687500 -0.4738168
v 0.2033502 -0.1805000 -0.4426791
v 0.2033502 -0.1805000 -0.4426791
v 0.2095269 -0.1885000 -0.4404320
v 0.2101537 -0.1905000 -0.4098737
v 0.2045786 -0.1832500 -0.4103098
v 0.2033502 -0.1805000 -0.4426791
v 0.2101537 -0.1905000 -0.4098737
v 0.2173884 -0.1800000 -0.4723525
v 0.2229994 -0.1887500 -0.4676425
v 0.2095269 -0.1885000 -0.4404320
v 0.2033502 -0.1805000 -0.4426791
v 0.2095269 -0.1885000 -0.4404320
v 0.2179902 -0.1935000 -0.4365922
v 0.2182252 -0.1950000 -0.4093005
v 0.2101537 -0.1905000 -0.4098737
v 0.2569941 -0.2130000 -0.3721869
v 0.2324535 -0.2010000 -0.3865845
v 0.2863811 -0.2150000 -0.4059510
v 0.2863811 -0.2150000 -0.4059510
v 0.2324535 -0.2010000 -0.3865845
v 0.2182252 -0.1950000 -0.4093005
v 0.2863811 -0.2150000 -0.4059510
v 0.2182252 -0.1950000 -0.4093005
v 0.2179902 -0.1935000 -0.4365922
v 0.2863811 -0.2150000 -0.4059510
v 0.2179902 -0.1935000 -0.4365922
v 0.2310041 -0.1932500 -0.4609232
v 0.2179902 -0.1935000 -0.4365922
v 0.2229994 -0.1887500 -0.4676425
v 0.2310041 -0.1932500 -0.4609232
v 0.2095269 -0.1885000 -0.4404320
v 0.2229994 -0.1887500 -0.4676425
v 0.2179902 -0.1935000 -0.4365922
v 0.2041712 -0.1580000 -0.4037967
v 0.2019597 -0.1740000 -0.4102232
v 0.2186826 -0.1810000 -0.3814958
v 0.2262010 -0.1622500 -0.3748583
v 0.2041712 -0.1580000 -0.4037967
v 0.2186826 -0.1810000 -0.3814958
v 0.2000504 -0.1567500 -0.4402259
v 0.2006006 -0.1705000 -0.4436813
v 0.2019597 -0.1740000 -0.4102232
v 0.2041712 -0.1580000 -0.4037967
v 0.2000504 -0.1567500 -0.4402259
v 0.2019597 -0.1740000 -0.4102232
v 0.2152553 -0.1565000 -0.4738168
v 0.2152553 -0.1687500 -0.4738168
v 0.2006006 -0.1705000 -0.4436813
v 0.2000504 -0.1567500 -0.4402259
v 0.2152553 -0.1565000 -0.4738168
v 0.2006006 -0.1705000 -0.4436813
v 0.2041712 -0.1465000 -0.4377462
v 0.2112254 -0.1385000 -0.4337833
v 0.2230609 -0.1362500 -0.4669380
v 0.2173618 -0.1450000 -0.4720485
v 0.2041712 -0.1465000 -0.4377462
v 0.2230609 -0.1362500 -0.4669380
v 0.2112254 -0.1385000 -0.4337833
v 0.2252955 -0.1332500 -0.4258898
v 0.2359297 -0.1315000 -0.4561357
v 0.2230609 -0.1362500 -0.4669380
v 0.2112254 -0.1385000 -0.4337833
v 0.2359297 -0.1315000 -0.4561357
v 0.2252955 -0.1332500 -0.4258898
v 0.2198291 -0.1430000 -0.3994669
v 0.2406870 -0.1365000 -0.4168870
v 0.2112254 -0.1385000 -0.4337833
v 0.2198291 -0.1430000 -0.3994669
v 0.2252955 -0.1332500 -0.4258898
v 0.2443770 -0.1510000 -0.3746170
v 0.2594657 -0.1482500 -0.3776201
v 0.2350999 -0.1390000 -0.3961148
v 0.2198291 -0.1430000 -0.3994669
v 0.2347397 -0.1555000 -0.3742194
v 0.2443770 -0.1510000 -0.3746170
v 0.2350999 -0.1390000 -0.3961148
v 0.2767884 -0.1647500 -0.3643848
v 0.2893134 -0.1632500 -0.3737837
v 0.2594657 -0.1482500 -0.3776201
v 0.2594657 -0.1482500 -0.3776201
v 0.2668150 -0.1670000 -0.3613313
v 0.2767884 -0.1647500 -0.3643848
v 0.3966729 -0.1650000 -0.4974801
v 0.3719885 -0.1485000 -0.5182007
v 0.2826690 -0.1452500 -0.4116785
v 0.2359297 -0.1315000 -0.4561357
v 0.3447764 -0.1397500 -0.5410433
v 0.3221068 -0.1350000 -0.5594199
v 0.2567428 -0.1367500 -0.4360531
v 0.3447764 -0.1397500 -0.5410433
v 0.2359297 -0.1315000 -0.4561357
v 0.7701533 -0.2870000 -0.9174765
v 0.7482652 -0.2692500 -0.9234453
v 0.7256591 -0.2587500 -0.8898650
v 0.7381640 -0.2707500 -0.8793680
v 0.7701533 -0.2870000 -0.9174765
v 0.7256591 -0.2587500 -0.8898650
v 0.6250166 -0.2087500 -0.8199419
v 0.6496818 -0.2255000 -0.7992373
v 0.7256591 -0.2587500 -0.8898650
v 0.6954404 -0.2397500 -0.9152313
v 0.6250166 -0.2087500 -0.8199419
v 0.7256591 -0.2587500 -0.8898650
v 0.6496818 -0.2255000 -0.7992373
v 0.6621293 -0.2372500 -0.7887885
v 0.7381640 -0.2707500 -0.8793680
v 0.7256591 -0.2587500 -0.8898650
v 0.5419663 -0.1805000 -0.7208881
v 0.5666315 -0.1972500 -0.7001835
v 0.6496818 -0.2255000 -0.7992373
v 0.6250166 -0.2087500 -0.8199419
v 0.6496818 -0.2255000 -0.7992373
v 0.5666315 -0.1972500 -0.7001835
v 0.5790215 -0.2087500 -0.6897830
v 0.6621293 -0.2372500 -0.7887885
v 0.5790215 -0.2087500 -0.6897830
v 0.5666315 -0.1972500 -0.7001835
v 0.4818129 -0.1770000 -0.5990233
v 0.4941455 -0.1880000 -0.5886710
v 0.5790215 -0.2087500 -0.6897830
v 0.4818129 -0.1770000 -0.5990233
v 0.3221068 -0.1350000 -0.5594199
v 0.3447764 -0.1397500 -0.5410433
v 0.4299164 -0.1517500 -0.6425865
v 0.4103259 -0.1472500 -0.6590313
v 0.3221068 -0.1350000 -0.5594199
v 0.4299164 -0.1517500 -0.6425865
v 0.3966729 -0.1650000 -0.4974801
v 0.4089480 -0.1762500 -0.4871760
v 0.4941455 -0.1880000 -0.5886710
v 0.4818129 -0.1770000 -0.5990233
v 0.3041523 -0.1632500 -0.3910334
v 0.4089480 -0.1762500 -0.4871760
v 0.3966729 -0.1650000 -0.4974801
v 0.3182850 -0.1752500 -0.3791700
v 0.4089480 -0.1762500 -0.4871760
v 0.3041523 -0.1632500 -0.3910334
v 0.6250166 -0.2087500 -0.8199419
v 0.5974139 -0.1990000 -0.8427858
v 0.5147350 -0.1717500 -0.7437468
v 0.5419663 -0.1805000 -0.7208881
v 0.6250166 -0.2087500 -0.8199419
v 0.5147350 -0.1717500 -0.7437468
v 0.5666315 -0.1972500 -0.7001835
v 0.5419663 -0.1805000 -0.7208881
v 0.4571477 -0.1605000 -0.6197279
v 0.4818129 -0.1770000 -0.5990233
v 0.5419663 -0.1805000 -0.7208881
v 0.5147350 -0.1717500 -0.7437468
v 0.4299164 -0.1517500 -0.6425865
v 0.4571477 -0.1605000 -0.6197279
v 0.2350999 -0.1390000 -0.3961148
v 0.2594657 -0.1482500 -0.3776201
v 0.2680598 -0.1452500 -0.3942360
v 0.2406870 -0.1365000 -0.4168870
v 0.2350999 -0.1390000 -0.3961148
v 0.2680598 -0.1452500 -0.3942360
v 0.4103259 -0.1472500 -0.6590313
v 0.4299164 -0.1517500 -0.6425865
v 0.5147350 -0.1717500 -0.7437468
v 0.5027320 -0.1682500 -0.7531695
v 0.4103259 -0.1472500 -0.6590313
v 0.5147350 -0.1717500 -0.7437468
v 0.2000504 -0.1567500 -0.4402259
v 0.2041712 -0.1465000 -0.4377462
v 0.2173618 -0.1450000 -0.4720485
v 0.2152553 -0.1565000 -0.4738168
v 0.2000504 -0.1567500 -0.4402259
v 0.2173618 -0.1450000 -0.4720485
v 0.2041712 -0.1465000 -0.4377462
v 0.2000504 -0.1567500 -0.4402259
v 0.2041712 -0.1580000 -0.4037967
v 0.2109567 -0.1495000 -0.4016915
v 0.2041712 -0.1465000 -0.4377462
v 0.2041712 -0.1580000 -0.4037967
v 0.2109567 -0.1495000 -0.4016915
v 0.2041712 -0.1580000 -0.4037967
v 0.2262010 -0.1622500 -0.3748583
v 0.2347397 -0.1555000 -0.3742194
v 0.2109567 -0.1495000 -0.4016915
v 0.2262010 -0.1622500 -0.3748583
v 0.2347397 -0.1555000 -0.3742194
v 0.2262010 -0.1622500 -0.3748583
v 0.2604206 -0.1692500 -0.3618025
v 0.2668150 -0.1670000 -0.3613313
v 0.2347397 -0.1555000 -0.3742194
v 0.2604206 -0.1692500 -0.3618025
v 0.2109567 -0.1495000 -0.4016915
v 0.2198291 -0.1430000 -0.3994669
v 0.2112254 -0.1385000 -0.4337833
v 0.2041712 -0.1465000 -0.4377462
v 0.2109567 -0.1495000 -0.4016915
v 0.2112254 -0.1385000 -0.4337833
v 0.2109567 -0.1495000 -0.4016915
v 0.2347397 -0.1555000 -0.3742194
v 0.2198291 -0.1430000 -0.3994669
v 0.2443770 -0.1510000 -0.3746170
v 0.2347397 -0.1555000 -0.3742194
v 0.2668150 -0.1670000 -0.3613313
v 0.2668150 -0.1670000 -0.3613313
v 0.2594657 -0.1482500 -0.3776201
v 0.2443770 -0.1510000 -0.3746170
v 0.7857460 -0.3250000 -0.9360520
v 0.7369072 -0.2995000 -0.9502807
v 0.7401123 -0.2930000 -0.9495489
v 0.7851030 -0.3315000 -0.9352860
v 0.7369072 -0.2995000 -0.9502807
v 0.7857460 -0.3250000 -0.9360520
v 0.2567428 -0.1367500 -0.4360531
v 0.2359297 -0.1315000 -0.4561357
v 0.2252955 -0.1332500 -0.4258898
v 0.2406870 -0.1365000 -0.4168870
v 0.4894649 -0.2262500 -0.7528809
v 0.5800765 -0.2537500 -0.8429760
v 0.6187293 -0.2725000 -0.8092241
v 0.5371257 -0.2462500 -0.7118939
v 0.4894649 -0.2262500 -0.7528809
v 0.6187293 -0.2725000 -0.8092241
v 0.2594657 -0.1482500 -0.3776201
v 0.2893134 -0.1632500 -0.3737837
v 0.2680598 -0.1452500 -0.3942360
v 0.3041523 -0.1632500 -0.3910334
v 0.2680598 -0.1452500 -0.3942360
v 0.2893134 -0.1632500 -0.3737837
v 0.2375000 -0.3475000 0.0000000
v 0.4875000 -0.3475000 0.0000000
v 0.4875000 -0.3438853 0.0181782
v 0.2375000 -0.3438853 0.0181782
v 0.2375000 -0.3438853 0.0181782
v 0.4875000 -0.3438853 0.0181782
v 0.4875000 -0.3335873 0.0335872
v 0.2375000 -0.3335873 0.0335872
v 0.2375000 -0.3335873 0.0335872
v 0.4875000 -0.3335873 0.0335872
v 0.4875000 -0.3181783 0.0438853
v 0.2375000 -0.3181783 0.0438853
v 0.2375000 -0.3181783 0.0438853
v 0.4875000 -0.3181783 0.0438853
v 0.4875000 -0.3000000 0.0475000
v 0.2375000 -0.3000000 0.0475000
v 0.2375000 -0.3000000 0.0475000
v 0.4875000 -0.3000000 0.0475000
v 0.4875000 -0.2818217 0.0438853
v 0.2375000 -0.2818217 0.0438853
v 0.2375000 -0.2818217 0.0438853
v 0.4875000 -0.2818217 0.0438853
v 0.4875000 -0.2664128 0.0335872
v 0.2375000 -0.2664128 0.0335872
v 0.2375000 -0.2664128 0.0335872
v 0.4875000 -0.2664128 0.0335872
v 0.4875000 -0.2561148 0.0181782
v 0.2375000 -0.2561148 0.0181782
v 0.2375000 -0.2561148 0.0181782
v 0.4875000 -0.2561148 0.0181782
v 0.4875000 -0.2525000 0.0000000
v 0.2375000 -0.2525000 0.0000000
v 0.4875000 -0.3475000 0.0000000
v 0.5056782 -0.3438853 0.0000000
v 0.4875000 -0.3438853 0.0181782
v 0.5056782 -0.3438853 0.0000000
v 0.5083667 -0.3372210 0.0208668
v 0.4875000 -0.3438853 0.0181782
v 0.4875000 -0.3438853 0.0181782
v 0.5083667 -0.3372210 0.0208668
v 0.4875000 -0.3335873 0.0335872
v 0.5083667 -0.3372210 0.0208668
v 0.5083667 -0.3208667 0.0372210
v 0.4875000 -0.3335873 0.0335872
v 0.4875000 -0.3335873 0.0335872
v 0.5083667 -0.3208667 0.0372210
v 0.4875000 -0.3181783 0.0438853
v 0.5083667 -0.3208667 0.0372210
v 0.5056782 -0.3000000 0.0438853
v 0.4875000 -0.3181783 0.0438853
v 0.4875000 -0.3181783 0.0438853
v 0.5056782 -0.3000000 0.0438853
v 0.4875000 -0.3000000 0.0475000
v 0.5056782 -0.3438853 0.0000000
v 0.5210873 -0.3335873 0.0000000
v 0.5083667 -0.3372210 0.0208668
v 0.5210873 -0.3335873 0.0000000
v 0.5247210 -0.3208667 0.0208668
v 0.5083667 -0.3372210 0.0208668
v 0.5083667 -0.3372210 0.0208668
v 0.5247210 -0.3208667 0.0208668
v 0.5083667 -0.3208667 0.0372210
v 0.5247210 -0.3208667 0.0208668
v 0.5210873 -0.3000000 0.0335872
v 0.5083667 -0.3208667 0.0372210
v 0.5083667 -0.3208667 0.0372210
v 0.5210873 -0.3000000 0.0335872
v 0.5056782 -0.3000000 0.0438853
v 0.5210873 -0.3335873 0.0000000
v 0.5313853 -0.3181783 0.0000000
v 0.5247210 -0.3208667 0.0208668
v 0.5313853 -0.3181783 0.0000000
v 0.5313853 -0.3000000 0.0181782
v 0.5247210 -0.3208667 0.0208668
v 0.5247210 -0.3208667 0.0208668
v 0.5313853 -0.3000000 0.0181782
v 0.5210873 -0.3000000 0.0335872
v 0.5313853 -0.3181783 0.0000000
v 0.5350000 -0.3000000 0.0000000
v 0.5313853 -0.3000000 0.0181782
v 0.4875000 -0.2561148 0.0181782
v 0.5056782 -0.2561148 0.0000000
v 0.4875000 -0.2525000 0.0000000
v 0.4875000 -0.2561148 0.0181782
v 0.5083667 -0.2627790 0.0208668
v 0.5056782 -0.2561148 0.0000000
v 0.4875000 -0.2664128 0.0335872
v 0.5083667 -0.2627790 0.0208668
v 0.4875000 -0.2561148 0.0181782
v 0.4875000 -0.2664128 0.0335872
v 0.5083667 -0.2791333 0.0372210
v 0.5083667 -0.2627790 0.0208668
v 0.4875000 -0.2818217 0.0438853
v 0.5083667 -0.2791333 0.0372210
v 0.4875000 -0.2664128 0.0335872
v 0.4875000 -0.2818217 0.0438853
v 0.5056782 -0.3000000 0.0438853
v 0.5083667 -0.2791333 0.0372210
v 0.4875000 -0.3000000 0.0475000
v 0.5056782 -0.3000000 0.0438853
v 0.4875000 -0.2818217 0.0438853
v 0.5083667 -0.2627790 0.0208668
v 0.5210873 -0.2664128 0.0000000
v 0.5056782 -0.2561148 0.0000000
v 0.5083667 -0.2627790 0.0208668
v 0.5247210 -0.2791333 0.0208668
v 0.5210873 -0.2664128 0.0000000
v 0.5083667 -0.2791333 0.0372210
v 0.5247210 -0.2791333 0.0208668
v 0.5083667 -0.2627790 0.0208668
v 0.5083667 -0.2791333 0.0372210
v 0.5210873 -0.3000000 0.0335872
v 0.5247210 -0.2791333 0.0208668
v 0.5056782 -0.3000000 0.0438853
v 0.5210873 -0.3000000 0.0335872
v 0.5083667 -0.2791333 0.0372210
v 0.5247210 -0.2791333 0.0208668
v 0.5313853 -0.2818217 0.0000000
v 0.5210873 -0.2664128 0.0000000
v 0.5247210 -0.2791333 0.0208668
v 0.5313853 -0.3000000 0.0181782
v 0.5313853 -0.2818217 0.0000000
v 0.5210873 -0.3000000 0.0335872
v 0.5313853 -0.3000000 0.0181782
v 0.5247210 -0.2791333 0.0208668
v 0.5313853 -0.3000000 0.0181782
v 0.5350000 -0.3000000 0.0000000
v 0.5313853 -0.2818217 0.0000000
v 1.1885000 -0.4482500 0.0000000
v 1.1820000 -0.4195000 0.0472000
v 1.1375000 -0.3912500 0.0749500
v 1.1350000 -0.4067500 0.0464500
v 0.6337500 -0.2717500 0.1400750
v 0.6340000 -0.2597500 0.1400750
v 0.5012500 -0.2565000 0.1397500
v 0.5012500 -0.2687500 0.1397500
v 0.5012500 -0.2687500 0.1397500
v 0.5015000 -0.2800000 0.1371750
v 0.6332500 -0.2830000 0.1375000
v 0.6337500 -0.2717500 0.1400750
v 0.5015000 -0.2800000 0.1371750
v 0.5015000 -0.2887500 0.1298500
v 0.6327500 -0.2917500 0.1301750
v 0.6332500 -0.2830000 0.1375000
v 0.5015000 -0.2887500 0.1298500
v 0.5015000 -0.2932500 0.1194000
v 0.6322500 -0.2965000 0.1196750
v 0.6327500 -0.2917500 0.1301750
v 0.5010000 -0.2315000 0.1125500
v 0.5010000 -0.2362500 0.1293500
v 0.6352500 -0.2395000 0.1297000
v 0.6355000 -0.2350000 0.1129500
v 0.5010000 -0.2362500 0.1293500
v 0.5012500 -0.2450000 0.1370000
v 0.6347500 -0.2485000 0.1373250
v 0.6352500 -0.2395000 0.1297000
v 0.5012500 -0.2450000 0.1370000
v 0.5012500 -0.2565000 0.1397500
v 0.6340000 -0.2597500 0.1400750
v 0.6347500 -0.2485000 0.1373250
v 0.7667500 -0.2720000 0.1369500
v 0.6340000 -0.2597500 0.1400750
v 0.6337500 -0.2717500 0.1400750
v 0.7660000 -0.2830000 0.1369750
v 0.8980000 -0.2925000 0.1277500
v 0.8972500 -0.3022500 0.1278000
v 1.0262500 -0.3307500 0.1144750
v 1.0265000 -0.3230000 0.1144500
v 0.4440000 -0.2740000 0.1090500
v 0.4327500 -0.2810000 0.0777750
v 0.4350000 -0.2895000 0.0770500
v 0.4457500 -0.2832500 0.1071000
v 1.1882500 -0.3692500 0.0206000
v 1.1480000 -0.3587500 0.0163250
v 1.1480000 -0.3397500 0.0557750
v 1.0297500 -0.3087500 0.0484500
v 1.0295000 -0.2990000 0.0842750
v 1.1480000 -0.3397500 0.0557750
v 0.6360000 -0.2650000 0.0160250
v 0.6360000 -0.2485000 0.0482500
v 0.7685000 -0.2605000 0.0483000
v 0.7685000 -0.2770000 0.0161000
v 0.6360000 -0.2485000 0.0482500
v 0.6360000 -0.2397500 0.0837750
v 0.7685000 -0.2517500 0.0838500
v 0.7685000 -0.2605000 0.0483000
v 0.9005000 -0.2717500 0.0839250
v 0.9000000 -0.2682500 0.0991750
v 1.0295000 -0.2990000 0.0842750
v 0.4970000 -0.2452500 0.0481750
v 0.4990000 -0.2367500 0.0837000
v 0.6360000 -0.2397500 0.0837750
v 0.6360000 -0.2485000 0.0482500
v 0.4472500 -0.2430000 0.0884500
v 0.4740000 -0.2365000 0.0836750
v 0.4545000 -0.2390000 0.0746000
v 0.4740000 -0.2365000 0.0836750
v 0.4990000 -0.2367500 0.0837000
v 0.4970000 -0.2452500 0.0481750
v 0.4742500 -0.2452500 0.0481500
v 0.4742500 -0.2452500 0.0481500
v 0.4970000 -0.2452500 0.0481750
v 0.6360000 -0.2650000 0.0160250
v 0.4950000 -0.2632500 0.0184500
v 0.6322500 -0.3152500 0.0461750
v 0.6322500 -0.2965000 0.1196750
v 0.5015000 -0.2932500 0.1194000
v 0.6322500 -0.3152500 0.0461750
v 0.5015000 -0.2932500 0.1194000
v 0.4950000 -0.3150000 0.0416500
v 0.8905000 -0.3462500 0.0463000
v 0.8912500 -0.3262500 0.1091500
v 0.7622500 -0.3075000 0.1170250
v 0.8905000 -0.3462500 0.0463000
v 0.7622500 -0.3075000 0.1170250
v 0.7620000 -0.3262500 0.0462500
v 0.6322500 -0.3152500 0.0461750
v 0.7620000 -0.3262500 0.0462500
v 0.7622500 -0.3075000 0.1170250
v 0.6322500 -0.2965000 0.1196750
v 1.0175000 -0.3725000 0.0463750
v 0.8905000 -0.3462500 0.0463000
v 1.0175000 -0.3980000 0.0000000
v 1.0175000 -0.3980000 0.0000000
v 0.8905000 -0.3462500 0.0463000
v 0.8905000 -0.3702500 0.0000000
v 1.1350000 -0.4067500 0.0464500
v 1.1375000 -0.3912500 0.0749500
v 1.0185000 -0.3537500 0.0976750
v 1.1350000 -0.4067500 0.0464500
v 1.0185000 -0.3537500 0.0976750
v 1.0175000 -0.3725000 0.0463750
v 0.4950000 -0.3367500 0.0000000
v 0.6325000 -0.3392500 0.0000000
v 0.6322500 -0.3152500 0.0461750
v 0.4950000 -0.3150000 0.0416500
v 0.7620000 -0.3262500 0.0462500
v 0.6322500 -0.3152500 0.0461750
v 0.6325000 -0.3392500 0.0000000
v 0.7620000 -0.3505000 0.0000000
v 0.8905000 -0.3462500 0.0463000
v 0.7620000 -0.3262500 0.0462500
v 0.7620000 -0.3505000 0.0000000
v 0.8905000 -0.3702500 0.0000000
v 1.1350000 -0.4312500 0.0000000
v 1.1350000 -0.4067500 0.0464500
v 1.0175000 -0.3725000 0.0463750
v 1.1350000 -0.4312500 0.0000000
v 1.0175000 -0.3725000 0.0463750
v 1.0175000 -0.3980000 0.0000000
v 1.1885000 -0.4482500 0.0000000
v 1.1350000 -0.4067500 0.0464500
v 1.1350000 -0.4312500 0.0000000
v 1.1485000 -0.3790000 0.0850250
v 1.1975000 -0.4082500 0.0493750
v 1.2015000 -0.3995000 0.0465500
v 1.1485000 -0.3790000 0.0850250
v 1.2015000 -0.3995000 0.0465500
v 1.1527500 -0.3700000 0.0851250
v 1.1430000 -0.3862500 0.0814500
v 1.1910000 -0.4152500 0.0495500
v 1.1975000 -0.4082500 0.0493750
v 1.1430000 -0.3862500 0.0814500
v 1.1975000 -0.4082500 0.0493750
v 1.1485000 -0.3790000 0.0850250
v 1.2042500 -0.3827500 0.0382250
v 1.1542500 -0.3517500 0.0812000
v 1.1512500 -0.3627500 0.0858500
v 1.2042500 -0.3827500 0.0382250
v 1.1512500 -0.3627500 0.0858500
v 1.2030000 -0.3930000 0.0436250
v 1.2007500 -0.3742500 0.0311000
v 1.1540000 -0.3435000 0.0722750
v 1.1542500 -0.3517500 0.0812000
v 1.2007500 -0.3742500 0.0311000
v 1.1542500 -0.3517500 0.0812000
v 1.2042500 -0.3827500 0.0382250
v 1.1882500 -0.3692500 0.0206000
v 1.1480000 -0.3397500 0.0557750
v 1.1540000 -0.3435000 0.0722750
v 1.1882500 -0.3692500 0.0206000
v 1.1540000 -0.3435000 0.0722750
v 1.2007500 -0.3742500 0.0311000
v 1.1527500 -0.3700000 0.0851250
v 1.2015000 -0.3995000 0.0465500
v 1.2030000 -0.3930000 0.0436250
v 1.1527500 -0.3700000 0.0851250
v 1.2030000 -0.3930000 0.0436250
v 1.1512500 -0.3627500 0.0858500
v 1.1375000 -0.3912500 0.0749500
v 1.1820000 -0.4195000 0.0472000
v 1.1910000 -0.4152500 0.0495500
v 1.1375000 -0.3912500 0.0749500
v 1.1910000 -0.4152500 0.0495500
v 1.1430000 -0.3862500 0.0814500
v 1.2197500 -0.4110000 0.0000000
v 1.2042500 -0.3827500 0.0382250
v 1.2030000 -0.3930000 0.0436250
v 1.2197500 -0.4110000 0.0000000
v 1.2030000 -0.3930000 0.0436250
v 1.2220000 -0.4250000 0.0000000
v 1.2015000 -0.3995000 0.0465500
v 1.1975000 -0.4082500 0.0493750
v 1.2210000 -0.4315000 0.0000000
v 1.2210000 -0.4315000 0.0000000
v 1.1975000 -0.4082500 0.0493750
v 1.2140000 -0.4430000 0.0000000
v 1.0235000 -0.3405000 0.1123750
v 1.1485000 -0.3790000 0.0850250
v 1.1527500 -0.3700000 0.0851250
v 1.0235000 -0.3405000 0.1123750
v 1.1527500 -0.3700000 0.0851250
v 1.0262500 -0.3307500 0.1144750
v 1.2140000 -0.4430000 0.0000000
v 1.1975000 -0.4082500 0.0493750
v 1.1910000 -0.4152500 0.0495500
v 1.2140000 -0.4430000 0.0000000
v 1.1910000 -0.4152500 0.0495500
v 1.2017500 -0.4492500 0.0000000
v 1.0207500 -0.3487500 0.1065000
v 1.1430000 -0.3862500 0.0814500
v 1.1485000 -0.3790000 0.0850250
v 1.0207500 -0.3487500 0.1065000
v 1.1485000 -0.3790000 0.0850250
v 1.0235000 -0.3405000 0.1123750
v 1.0235000 -0.3405000 0.1123750
v 1.0262500 -0.3307500 0.1144750
v 0.8972500 -0.3022500 0.1278000
v 0.8952500 -0.3127500 0.1255500
v 0.8930000 -0.3212500 0.1189000
v 1.0207500 -0.3487500 0.1065000
v 1.0235000 -0.3405000 0.1123750
v 0.8930000 -0.3212500 0.1189000
v 1.0235000 -0.3405000 0.1123750
v 0.8952500 -0.3127500 0.1255500
v 1.1820000 -0.4195000 0.0472000
v 1.1885000 -0.4482500 0.0000000
v 1.2017500 -0.4492500 0.0000000
v 1.1820000 -0.4195000 0.0472000
v 1.2017500 -0.4492500 0.0000000
v 1.1910000 -0.4152500 0.0495500
v 1.0185000 -0.3537500 0.0976750
v 1.1375000 -0.3912500 0.0749500
v 1.1430000 -0.3862500 0.0814500
v 1.0185000 -0.3537500 0.0976750
v 1.1430000 -0.3862500 0.0814500
v 1.0207500 -0.3487500 0.1065000
v 0.8912500 -0.3262500 0.1091500
v 1.0185000 -0.3537500 0.0976750
v 1.0207500 -0.3487500 0.1065000
v 0.8912500 -0.3262500 0.1091500
v 1.0207500 -0.3487500 0.1065000
v 0.8930000 -0.3212500 0.1189000
v 0.8952500 -0.3127500 0.1255500
v 0.8972500 -0.3022500 0.1278000
v 0.7647500 -0.2940000 0.1345000
v 0.7647500 -0.2940000 0.1345000
v 0.8972500 -0.3022500 0.1278000
v 0.7660000 -0.2830000 0.1369750
v 0.6337500 -0.2717500 0.1400750
v 0.6332500 -0.2830000 0.1375000
v 0.7647500 -0.2940000 0.1345000
v 0.7660000 -0.2830000 0.1369750
v 0.7635000 -0.3027500 0.1273250
v 0.8930000 -0.3212500 0.1189000
v 0.8952500 -0.3127500 0.1255500
v 0.7635000 -0.3027500 0.1273250
v 0.8952500 -0.3127500 0.1255500
v 0.7647500 -0.2940000 0.1345000
v 0.6332500 -0.2830000 0.1375000
v 0.6327500 -0.2917500 0.1301750
v 0.7635000 -0.3027500 0.1273250
v 0.7647500 -0.2940000 0.1345000
v 0.7622500 -0.3075000 0.1170250
v 0.8912500 -0.3262500 0.1091500
v 0.8930000 -0.3212500 0.1189000
v 0.7622500 -0.3075000 0.1170250
v 0.8930000 -0.3212500 0.1189000
v 0.7635000 -0.3027500 0.1273250
v 0.6322500 -0.2965000 0.1196750
v 0.7622500 -0.3075000 0.1170250
v 0.7635000 -0.3027500 0.1273250
v 0.6322500 -0.2965000 0.1196750
v 0.7635000 -0.3027500 0.1273250
v 0.6327500 -0.2917500 0.1301750
v 1.2007500 -0.3742500 0.0311000
v 1.2135000 -0.3990000 0.0000000
v 1.1977500 -0.3870000 0.0000000
v 1.2007500 -0.3742500 0.0311000
v 1.1977500 -0.3870000 0.0000000
v 1.1882500 -0.3692500 0.0206000
v 1.1480000 -0.3397500 0.0557750
v 1.0295000 -0.2990000 0.0842750
v 1.0307500 -0.3022500 0.1021750
v 1.1480000 -0.3397500 0.0557750
v 1.0307500 -0.3022500 0.1021750
v 1.1540000 -0.3435000 0.0722750
v 1.2135000 -0.3990000 0.0000000
v 1.2007500 -0.3742500 0.0311000
v 1.2042500 -0.3827500 0.0382250
v 1.2135000 -0.3990000 0.0000000
v 1.2042500 -0.3827500 0.0382250
v 1.2197500 -0.4110000 0.0000000
v 1.1540000 -0.3435000 0.0722750
v 1.0307500 -0.3022500 0.1021750
v 1.0292500 -0.3112500 0.1108500
v 1.1540000 -0.3435000 0.0722750
v 1.0292500 -0.3112500 0.1108500
v 1.1542500 -0.3517500 0.0812000
v 0.9007500 -0.2722500 0.1165000
v 1.0307500 -0.3022500 0.1021750
v 1.0295000 -0.2990000 0.0842750
v 0.9007500 -0.2722500 0.1165000
v 1.0295000 -0.2990000 0.0842750
v 0.9000000 -0.2682500 0.0991750
v 0.8997500 -0.2810000 0.1246500
v 1.0292500 -0.3112500 0.1108500
v 1.0307500 -0.3022500 0.1021750
v 0.8997500 -0.2810000 0.1246500
v 1.0307500 -0.3022500 0.1021750
v 0.9007500 -0.2722500 0.1165000
v 1.0265000 -0.3230000 0.1144500
v 1.1512500 -0.3627500 0.0858500
v 1.1542500 -0.3517500 0.0812000
v 1.0265000 -0.3230000 0.1144500
v 1.1542500 -0.3517500 0.0812000
v 1.0292500 -0.3112500 0.1108500
v 1.0265000 -0.3230000 0.1144500
v 1.0292500 -0.3112500 0.1108500
v 0.8980000 -0.2925000 0.1277500
v 0.8980000 -0.2925000 0.1277500
v 1.0292500 -0.3112500 0.1108500
v 0.8997500 -0.2810000 0.1246500
v 0.7685000 -0.2517500 0.1263500
v 0.9007500 -0.2722500 0.1165000
v 0.9000000 -0.2682500 0.0991750
v 0.7685000 -0.2517500 0.1263500
v 0.9000000 -0.2682500 0.0991750
v 0.7685000 -0.2472500 0.1094250
v 0.7685000 -0.2472500 0.1094250
v 0.6355000 -0.2350000 0.1129500
v 0.6352500 -0.2395000 0.1297000
v 0.7685000 -0.2472500 0.1094250
v 0.6352500 -0.2395000 0.1297000
v 0.7685000 -0.2517500 0.1263500
v 0.7680000 -0.2605000 0.1341000
v 0.8997500 -0.2810000 0.1246500
v 0.9007500 -0.2722500 0.1165000
v 0.7680000 -0.2605000 0.1341000
v 0.9007500 -0.2722500 0.1165000
v 0.7685000 -0.2517500 0.1263500
v 0.7680000 -0.2605000 0.1341000
v 0.7685000 -0.2517500 0.1263500
v 0.6352500 -0.2395000 0.1297000
v 0.6347500 -0.2485000 0.1373250
v 0.7667500 -0.2720000 0.1369500
v 0.8980000 -0.2925000 0.1277500
v 0.8997500 -0.2810000 0.1246500
v 0.7667500 -0.2720000 0.1369500
v 0.8997500 -0.2810000 0.1246500
v 0.7680000 -0.2605000 0.1341000
v 0.6347500 -0.2485000 0.1373250
v 0.6340000 -0.2597500 0.1400750
v 0.7667500 -0.2720000 0.1369500
v 0.7680000 -0.2605000 0.1341000
v 0.8980000 -0.2925000 0.1277500
v 0.7667500 -0.2720000 0.1369500
v 0.7660000 -0.2830000 0.1369750
v 0.8972500 -0.3022500 0.1278000
v 1.1512500 -0.3627500 0.0858500
v 1.0265000 -0.3230000 0.1144500
v 1.0262500 -0.3307500 0.1144750
v 1.1512500 -0.3627500 0.0858500
v 1.0262500 -0.3307500 0.1144750
v 1.1527500 -0.3700000 0.0851250
v 0.4365000 -0.2950000 0.0438500
v 0.4327500 -0.2810000 0.0777750
v 0.4325000 -0.2622500 0.0677500
v 0.4365000 -0.2950000 0.0438500
v 0.4325000 -0.2622500 0.0677500
v 0.4445000 -0.2692500 0.0331500
v 0.4387500 -0.3025000 0.0468750
v 0.4350000 -0.2895000 0.0770500
v 0.4327500 -0.2810000 0.0777750
v 0.4387500 -0.3025000 0.0468750
v 0.4327500 -0.2810000 0.0777750
v 0.4365000 -0.2950000 0.0438500
v 0.4392500 -0.2965000 0.0744000
v 0.4350000 -0.2895000 0.0770500
v 0.4430000 -0.3085000 0.0443250
v 0.4430000 -0.3085000 0.0443250
v 0.4350000 -0.2895000 0.0770500
v 0.4387500 -0.3025000 0.0468750
v 0.4392500 -0.2965000 0.0744000
v 0.4490000 -0.2905000 0.1025500
v 0.4457500 -0.2832500 0.1071000
v 0.4392500 -0.2965000 0.0744000
v 0.4457500 -0.2832500 0.1071000
v 0.4350000 -0.2895000 0.0770500
v 0.4502500 -0.3130000 0.0424500
v 0.4455000 -0.3010000 0.0705000
v 0.4392500 -0.2965000 0.0744000
v 0.4502500 -0.3130000 0.0424500
v 0.4392500 -0.2965000 0.0744000
v 0.4430000 -0.3085000 0.0443250
v 0.4455000 -0.3010000 0.0705000
v 0.4537500 -0.2950000 0.0960000
v 0.4490000 -0.2905000 0.1025500
v 0.4455000 -0.3010000 0.0705000
v 0.4490000 -0.2905000 0.1025500
v 0.4392500 -0.2965000 0.0744000
v 0.4697500 -0.2805000 0.1288500
v 0.4687500 -0.2705000 0.1316000
v 0.4440000 -0.2740000 0.1090500
v 0.4457500 -0.2832500 0.1071000
v 0.5015000 -0.2800000 0.1371750
v 0.5012500 -0.2687500 0.1397500
v 0.4697500 -0.2805000 0.1288500
v 0.4697500 -0.2805000 0.1288500
v 0.5012500 -0.2687500 0.1397500
v 0.4687500 -0.2705000 0.1316000
v 0.4490000 -0.2905000 0.1025500
v 0.4720000 -0.2885000 0.1226750
v 0.4697500 -0.2805000 0.1288500
v 0.4490000 -0.2905000 0.1025500
v 0.4697500 -0.2805000 0.1288500
v 0.4457500 -0.2832500 0.1071000
v 0.4697500 -0.2805000 0.1288500
v 0.4720000 -0.2885000 0.1226750
v 0.5015000 -0.2887500 0.1298500
v 0.5015000 -0.2800000 0.1371750
v 0.4490000 -0.2905000 0.1025500
v 0.4537500 -0.2950000 0.0960000
v 0.4745000 -0.2935000 0.1137250
v 0.4720000 -0.2885000 0.1226750
v 0.4950000 -0.3150000 0.0416500
v 0.4455000 -0.3010000 0.0705000
v 0.4502500 -0.3130000 0.0424500
v 0.4537500 -0.2950000 0.0960000
v 0.4455000 -0.3010000 0.0705000
v 0.4950000 -0.3150000 0.0416500
v 0.4745000 -0.2935000 0.1137250
v 0.4537500 -0.2950000 0.0960000
v 0.4950000 -0.3150000 0.0416500
v 0.5015000 -0.2932500 0.1194000
v 0.4745000 -0.2935000 0.1137250
v 0.4950000 -0.3150000 0.0416500
v 0.5015000 -0.2932500 0.1194000
v 0.5015000 -0.2887500 0.1298500
v 0.4745000 -0.2935000 0.1137250
v 0.4745000 -0.2935000 0.1137250
v 0.5015000 -0.2887500 0.1298500
v 0.4720000 -0.2885000 0.1226750
v 0.4327500 -0.2810000 0.0777750
v 0.4440000 -0.2740000 0.1090500
v 0.4405000 -0.2580000 0.1032250
v 0.4327500 -0.2810000 0.0777750
v 0.4405000 -0.2580000 0.1032250
v 0.4325000 -0.2622500 0.0677500
v 0.4440000 -0.2740000 0.1090500
v 0.4687500 -0.2705000 0.1316000
v 0.4657500 -0.2567500 0.1298000
v 0.4440000 -0.2740000 0.1090500
v 0.4657500 -0.2567500 0.1298000
v 0.4405000 -0.2580000 0.1032250
v 0.4687500 -0.2705000 0.1316000
v 0.5012500 -0.2687500 0.1397500
v 0.5012500 -0.2565000 0.1397500
v 0.4687500 -0.2705000 0.1316000
v 0.5012500 -0.2565000 0.1397500
v 0.4657500 -0.2567500 0.1298000
v 0.5010000 -0.2362500 0.1293500
v 0.4680000 -0.2385000 0.1171000
v 0.4665000 -0.2465000 0.1250500
v 0.5010000 -0.2362500 0.1293500
v 0.4665000 -0.2465000 0.1250500
v 0.5012500 -0.2450000 0.1370000
v 0.5010000 -0.2315000 0.1125500
v 0.4710000 -0.2332500 0.1012500
v 0.4680000 -0.2385000 0.1171000
v 0.5010000 -0.2315000 0.1125500
v 0.4680000 -0.2385000 0.1171000
v 0.5010000 -0.2362500 0.1293500
v 0.4740000 -0.2365000 0.0836750
v 0.4472500 -0.2430000 0.0884500
v 0.4710000 -0.2332500 0.1012500
v 0.4710000 -0.2332500 0.1012500
v 0.4472500 -0.2430000 0.0884500
v 0.4680000 -0.2385000 0.1171000
v 0.4545000 -0.2390000 0.0746000
v 0.4560000 -0.2482500 0.0440500
v 0.4440000 -0.2510000 0.0536750
v 0.4545000 -0.2390000 0.0746000
v 0.4440000 -0.2510000 0.0536750
v 0.4375000 -0.2555000 0.0608000
v 0.4472500 -0.2430000 0.0884500
v 0.4560000 -0.2482500 0.0440500
v 0.4722500 -0.2632500 0.0187250
v 0.4570000 -0.2647500 0.0222750
v 0.4570000 -0.2647500 0.0222750
v 0.4482500 -0.2670000 0.0279500
v 0.4560000 -0.2482500 0.0440500
v 0.4970000 -0.2452500 0.0481750
v 0.6360000 -0.2485000 0.0482500
v 0.6360000 -0.2650000 0.0160250
v 0.6355000 -0.2350000 0.1129500
v 0.6360000 -0.2397500 0.0837750
v 0.5010000 -0.2315000 0.1125500
v 0.5010000 -0.2315000 0.1125500
v 0.6360000 -0.2397500 0.0837750
v 0.4990000 -0.2367500 0.0837000
v 1.1480000 -0.3587500 0.0163250
v 1.1882500 -0.3692500 0.0206000
v 1.1977500 -0.3870000 0.0000000
v 1.1480000 -0.3587500 0.0163250
v 1.1977500 -0.3870000 0.0000000
v 1.1480000 -0.3707500 0.0000000
v 1.1480000 -0.3587500 0.0163250
v 1.0297500 -0.3255000 0.0162500
v 1.0297500 -0.3087500 0.0484500
v 1.1480000 -0.3587500 0.0163250
v 1.0297500 -0.3087500 0.0484500
v 1.1480000 -0.3397500 0.0557750
v 1.1480000 -0.3587500 0.0163250
v 1.1480000 -0.3707500 0.0000000
v 1.0297500 -0.3372500 0.0000000
v 1.0297500 -0.3255000 0.0162500
v 1.0297500 -0.3087500 0.0484500
v 1.0297500 -0.3255000 0.0162500
v 0.9005000 -0.2972500 0.0161750
v 0.9005000 -0.2805000 0.0483750
v 1.0297500 -0.3372500 0.0000000
v 0.9005000 -0.3087500 0.0000000
v 0.9005000 -0.2972500 0.0161750
v 1.0297500 -0.3255000 0.0162500
v 0.7685000 -0.2770000 0.0161000
v 0.9005000 -0.2972500 0.0161750
v 0.9005000 -0.3087500 0.0000000
v 0.7685000 -0.2770000 0.0161000
v 0.9005000 -0.3087500 0.0000000
v 0.7685000 -0.2880000 0.0000000
v 0.7685000 -0.2517500 0.0838500
v 0.6360000 -0.2397500 0.0837750
v 0.6355000 -0.2350000 0.1129500
v 0.7685000 -0.2517500 0.0838500
v 0.6355000 -0.2350000 0.1129500
v 0.7685000 -0.2472500 0.1094250
v 0.7685000 -0.2770000 0.0161000
v 0.7685000 -0.2880000 0.0000000
v 0.6360000 -0.2762500 0.0000000
v 0.6360000 -0.2650000 0.0160250
v 0.6360000 -0.2650000 0.0160250
v 0.6360000 -0.2762500 0.0000000
v 0.4950000 -0.2632500 0.0184500
v 0.4950000 -0.2632500 0.0184500
v 0.6360000 -0.2762500 0.0000000
v 0.4950000 -0.2752500 0.0000000
v 0.9005000 -0.2717500 0.0839250
v 1.0295000 -0.2990000 0.0842750
v 1.0297500 -0.3087500 0.0484500
v 0.9005000 -0.2717500 0.0839250
v 1.0297500 -0.3087500 0.0484500
v 0.9005000 -0.2805000 0.0483750
v 0.7685000 -0.2770000 0.0161000
v 0.7685000 -0.2605000 0.0483000
v 0.9005000 -0.2805000 0.0483750
v 0.9005000 -0.2972500 0.0161750
v 0.7685000 -0.2605000 0.0483000
v 0.7685000 -0.2517500 0.0838500
v 0.9005000 -0.2717500 0.0839250
v 0.9005000 -0.2805000 0.0483750
v 0.4742500 -0.2452500 0.0481500
v 0.4560000 -0.2482500 0.0440500
v 0.4545000 -0.2390000 0.0746000
v 0.4742500 -0.2452500 0.0481500
v 0.4545000 -0.2390000 0.0746000
v 0.4740000 -0.2365000 0.0836750
v 0.9005000 -0.2717500 0.0839250
v 0.7685000 -0.2517500 0.0838500
v 0.7685000 -0.2472500 0.1094250
v 0.9005000 -0.2717500 0.0839250
v 0.7685000 -0.2472500 0.1094250
v 0.9000000 -0.2682500 0.0991750
v 0.5012500 -0.2450000 0.1370000
v 0.4665000 -0.2465000 0.1250500
v 0.4657500 -0.2567500 0.1298000
v 0.5012500 -0.2450000 0.1370000
v 0.4657500 -0.2567500 0.1298000
v 0.5012500 -0.2565000 0.1397500
v 0.4405000 -0.2580000 0.1032250
v 0.4657500 -0.2567500 0.1298000
v 0.4665000 -0.2465000 0.1250500
v 0.4405000 -0.2580000 0.1032250
v 0.4665000 -0.2465000 0.1250500
v 0.4432500 -0.2495000 0.0966750
v 0.4325000 -0.2622500 0.0677500
v 0.4405000 -0.2580000 0.1032250
v 0.4432500 -0.2495000 0.0966750
v 0.4325000 -0.2622500 0.0677500
v 0.4432500 -0.2495000 0.0966750
v 0.4375000 -0.2555000 0.0608000
v 0.4445000 -0.2692500 0.0331500
v 0.4325000 -0.2622500 0.0677500
v 0.4375000 -0.2555000 0.0608000
v 0.4445000 -0.2692500 0.0331500
v 0.4375000 -0.2555000 0.0608000
v 0.4482500 -0.2670000 0.0279500
v 0.4680000 -0.2385000 0.1171000
v 0.4472500 -0.2430000 0.0884500
v 0.4432500 -0.2495000 0.0966750
v 0.4680000 -0.2385000 0.1171000
v 0.4432500 -0.2495000 0.0966750
v 0.4665000 -0.2465000 0.1250500
v 0.4472500 -0.2430000 0.0884500
v 0.4375000 -0.2555000 0.0608000
v 0.4432500 -0.2495000 0.0966750
v 0.4482500 -0.2670000 0.0279500
v 0.4375000 -0.2555000 0.0608000
v 0.4440000 -0.2510000 0.0536750
v 0.4440000 -0.2510000 0.0536750
v 0.4560000 -0.2482500 0.0440500
v 0.4482500 -0.2670000 0.0279500
v 1.2030000 -0.3930000 0.0436250
v 1.2015000 -0.3995000 0.0465500
v 1.2220000 -0.4250000 0.0000000
v 1.2220000 -0.4250000 0.0000000
v 1.2015000 -0.3995000 0.0465500
v 1.2210000 -0.4315000 0.0000000
v 0.4740000 -0.2365000 0.0836750
v 0.4710000 -0.2332500 0.1012500
v 0.5010000 -0.2315000 0.1125500
v 0.4990000 -0.2367500 0.0837000
v 1.0175000 -0.3725000 0.0463750
v 1.0185000 -0.3537500 0.0976750
v 0.8912500 -0.3262500 0.1091500
v 1.0175000 -0.3725000 0.0463750
v 0.8912500 -0.3262500 0.1091500
v 0.8905000 -0.3462500 0.0463000
v 0.4742500 -0.2452500 0.0481500
v 0.4722500 -0.2632500 0.0187250
v 0.4560000 -0.2482500 0.0440500
v 0.4722500 -0.2632500 0.0187250
v 0.4742500 -0.2452500 0.0481500
v 0.4950000 -0.2632500 0.0184500
v 0.2375000 -0.3438853 -0.0181782
v 0.4875000 -0.3438853 -0.0181782
v 0.4875000 -0.3475000 0.0000000
v 0.2375000 -0.3475000 0.0000000
v 0.2375000 -0.3335873 -0.0335872
v 0.4875000 -0.3335873 -0.0335872
v 0.4875000 -0.3438853 -0.0181782
v 0.2375000 -0.3438853 -0.0181782
v 0.2375000 -0.3181783 -0.0438853
v 0.4875000 -0.3181783 -0.0438853
v 0.4875000 -0.3335873 -0.0335872
v 0.2375000 -0.3335873 -0.0335872
v 0.2375000 -0.3000000 -0.0475000
v 0.4875000 -0.3000000 -0.0475000
v 0.4875000 -0.3181783 -0.0438853
v 0.2375000 -0.3181783 -0.0438853
v 0.2375000 -0.2818217 -0.0438853
v 0.4875000 -0.2818217 -0.0438853
v 0.4875000 -0.3000000 -0.0475000
v 0.2375000 -0.3000000 -0.0475000
v 0.2375000 -0.2664128 -0.0335872
v 0.4875000 -0.2664128 -0.0335872
v 0.4875000 -0.2818217 -0.0438853
v 0.2375000 -0.2818217 -0.0438853
v 0.2375000 -0.2561148 -0.0181782
v 0.4875000 -0.2561148 -0.0181782
v 0.4875000 -0.2664128 -0.0335872
v 0.2375000 -0.2664128 -0.0335872
v 0.2375000 -0.2525000 0.0000000
v 0.4875000 -0.2525000 0.0000000
v 0.4875000 -0.2561148 -0.0181782
v 0.2375000 -0.2561148 -0.0181782
v 0.4875000 -0.3438853 -0.0181782
v 0.5056782 -0.3438853 0.0000000
v 0.4875000 -0.3475000 0.0000000
v 0.4875000 -0.3438853 -0.0181782
v 0.5083667 -0.3372210 -0.0208668
v 0.5056782 -0.3438853 0.0000000
v 0.4875000 -0.3335873 -0.0335872
v 0.5083667 -0.3372210 -0.0208668
v 0.4875000 -0.3438853 -0.0181782
v 0.4875000 -0.3335873 -0.0335872
v 0.5083667 -0.3208667 -0.0372210
v 0.5083667 -0.3372210 -0.0208668
v 0.4875000 -0.3181783 -0.0438853
v 0.5083667 -0.3208667 -0.0372210
v 0.4875000 -0.3335873 -0.0335872
v 0.4875000 -0.3181783 -0.0438853
v 0.5056782 -0.3000000 -0.0438853
v 0.5083667 -0.3208667 -0.0372210
v 0.4875000 -0.3000000 -0.0475000
v 0.5056782 -0.3000000 -0.0438853
v 0.4875000 -0.3181783 -0.0438853
v 0.5083667 -0.3372210 -0.0208668
v 0.5210873 -0.3335873 0.0000000
v 0.5056782 -0.3438853 0.0000000
v 0.5083667 -0.3372210 -0.0208668
v 0.5247210 -0.3208667 -0.0208668
v 0.5210873 -0.3335873 0.0000000
v 0.5083667 -0.3208667 -0.0372210
v 0.5247210 -0.3208667 -0.0208668
v 0.5083667 -0.3372210 -0.0208668
v 0.5083667 -0.3208667 -0.0372210
v 0.5210873 -0.3000000 -0.0335872
v 0.5247210 -0.3208667 -0.0208668
v 0.5056782 -0.3000000 -0.0438853
v 0.5210873 -0.3000000 -0.0335872
v 0.5083667 -0.3208667 -0.0372210
v 0.5247210 -0.3208667 -0.0208668
v 0.5313853 -0.3181783 0.0000000
v 0.5210873 -0.3335873 0.0000000
v 0.5247210 -0.3208667 -0.0208668
v 0.5313853 -0.3000000 -0.0181782
v 0.5313853 -0.3181783 0.0000000
v 0.5210873 -0.3000000 -0.0335872
v 0.5313853 -0.3000000 -0.0181782
v 0.5247210 -0.3208667 -0.0208668
v 0.5313853 -0.3000000 -0.0181782
v 0.5350000 -0.3000000 0.0000000
v 0.5313853 -0.3181783 0.0000000
v 0.4875000 -0.2525000 0.0000000
v 0.5056782 -0.2561148 0.0000000
v 0.4875000 -0.2561148 -0.0181782
v 0.5056782 -0.2561148 0.0000000
v 0.5083667 -0.2627790 -0.0208668
v 0.4875000 -0.2561148 -0.0181782
v 0.4875000 -0.2561148 -0.0181782
v 0.5083667 -0.2627790 -0.0208668
v 0.4875000 -0.2664128 -0.0335872
v 0.5083667 -0.2627790 -0.0208668
v 0.5083667 -0.2791333 -0.0372210
v 0.4875000 -0.2664128 -0.0335872
v 0.4875000 -0.2664128 -0.0335872
v 0.5083667 -0.2791333 -0.0372210
v 0.4875000 -0.2818217 -0.0438853
v 0.5083667 -0.2791333 -0.0372210
v 0.5056782 -0.3000000 -0.0438853
v 0.4875000 -0.2818217 -0.0438853
v 0.4875000 -0.2818217 -0.0438853
v 0.5056782 -0.3000000 -0.0438853
v 0.4875000 -0.3000000 -0.0475000
v 0.5056782 -0.2561148 0.0000000
v 0.5210873 -0.2664128 0.0000000
v 0.5083667 -0.2627790 -0.0208668
v 0.5210873 -0.2664128 0.0000000
v 0.5247210 -0.2791333 -0.0208668
v 0.5083667 -0.2627790 -0.0208668
v 0.5083667 -0.2627790 -0.0208668
v 0.5247210 -0.2791333 -0.0208668
v 0.5083667 -0.2791333 -0.0372210
v 0.5247210 -0.2791333 -0.0208668
v 0.5210873 -0.3000000 -0.0335872
v 0.5083667 -0.2791333 -0.0372210
v 0.5083667 -0.2791333 -0.0372210
v 0.5210873 -0.3000000 -0.0335872
v 0.5056782 -0.3000000 -0.0438853
v 0.5210873 -0.2664128 0.0000000
v 0.5313853 -0.2818217 0.0000000
v 0.5247210 -0.2791333 -0.0208668
v 0.5313853 -0.2818217 0.0000000
v 0.5313853 -0.3000000 -0.0181782
v 0.5247210 -0.2791333 -0.0208668
v 0.5247210 -0.2791333 -0.0208668
v 0.5313853 -0.3000000 -0.0181782
v 0.5210873 -0.3000000 -0.0335872
v 0.5313853 -0.2818217 0.0000000
v 0.5350000 -0.3000000 0.0000000
v 0.5313853 -0.3000000 -0.0181782
v 1.1350000 -0.4067500 -0.0464500
v 1.1375000 -0.3912500 -0.0749500
v 1.1820000 -0.4195000 -0.0472000
v 1.1885000 -0.4482500 0.0000000
v 0.5012500 -0.2687500 -0.1397500
v 0.5012500 -0.2565000 -0.1397500
v 0.6340000 -0.2597500 -0.1400750
v 0.6337500 -0.2717500 -0.1400750
v 0.6337500 -0.2717500 -0.1400750
v 0.6332500 -0.2830000 -0.1375000
v 0.5015000 -0.2800000 -0.1371750
v 0.5012500 -0.2687500 -0.1397500
v 0.6332500 -0.2830000 -0.1375000
v 0.6327500 -0.2917500 -0.1301750
v 0.5015000 -0.2887500 -0.1298500
v 0.5015000 -0.2800000 -0.1371750
v 0.6327500 -0.2917500 -0.1301750
v 0.6322500 -0.2965000 -0.1196750
v 0.5015000 -0.2932500 -0.1194000
v 0.5015000 -0.2887500 -0.1298500
v 0.6355000 -0.2350000 -0.1129500
v 0.6352500 -0.2395000 -0.1297000
v 0.5010000 -0.2362500 -0.1293500
v 0.5010000 -0.2315000 -0.1125500
v 0.6352500 -0.2395000 -0.1297000
v 0.6347500 -0.2485000 -0.1373250
v 0.5012500 -0.2450000 -0.1370000
v 0.5010000 -0.2362500 -0.1293500
v 0.6347500 -0.2485000 -0.1373250
v 0.6340000 -0.2597500 -0.1400750
v 0.5012500 -0.2565000 -0.1397500
v 0.5012500 -0.2450000 -0.1370000
v 0.7660000 -0.2830000 -0.1369750
v 0.6337500 -0.2717500 -0.1400750
v 0.6340000 -0.2597500 -0.1400750
v 0.7667500 -0.2720000 -0.1369500
v 1.0265000 -0.3230000 -0.1144500
v 1.0262500 -0.3307500 -0.1144750
v 0.8972500 -0.3022500 -0.1278000
v 0.8980000 -0.2925000 -0.1277500
v 0.4457500 -0.2832500 -0.1071000
v 0.4350000 -0.2895000 -0.0770500
v 0.4327500 -0.2810000 -0.0777750
v 0.4440000 -0.2740000 -0.1090500
v 1.1480000 -0.3397500 -0.0557750
v 1.1480000 -0.3587500 -0.0163250
v 1.1882500 -0.3692500 -0.0206000
v 1.1480000 -0.3397500 -0.0557750
v 1.0295000 -0.2990000 -0.0842750
v 1.0297500 -0.3087500 -0.0484500
v 0.7685000 -0.2770000 -0.0161000
v 0.7685000 -0.2605000 -0.0483000
v 0.6360000 -0.2485000 -0.0482500
v 0.6360000 -0.2650000 -0.0160250
v 0.7685000 -0.2605000 -0.0483000
v 0.7685000 -0.2517500 -0.0838500
v 0.6360000 -0.2397500 -0.0837750
v 0.6360000 -0.2485000 -0.0482500
v 1.0295000 -0.2990000 -0.0842750
v 0.9000000 -0.2682500 -0.0991750
v 0.9005000 -0.2717500 -0.0839250
v 0.6360000 -0.2485000 -0.0482500
v 0.6360000 -0.2397500 -0.0837750
v 0.4990000 -0.2367500 -0.0837000
v 0.4970000 -0.2452500 -0.0481750
v 0.4545000 -0.2390000 -0.0746000
v 0.4740000 -0.2365000 -0.0836750
v 0.4472500 -0.2430000 -0.0884500
v 0.4742500 -0.2452500 -0.0481500
v 0.4970000 -0.2452500 -0.0481750
v 0.4990000 -0.2367500 -0.0837000
v 0.4740000 -0.2365000 -0.0836750
v 0.4950000 -0.2632500 -0.0184500
v 0.6360000 -0.2650000 -0.0160250
v 0.4970000 -0.2452500 -0.0481750
v 0.4742500 -0.2452500 -0.0481500
v 0.5015000 -0.2932500 -0.1194000
v 0.6322500 -0.2965000 -0.1196750
v 0.6322500 -0.3152500 -0.0461750
v 0.4950000 -0.3150000 -0.0416500
v 0.5015000 -0.2932500 -0.1194000
v 0.6322500 -0.3152500 -0.0461750
v 0.7622500 -0.3075000 -0.1170250
v 0.8912500 -0.3262500 -0.1091500
v 0.8905000 -0.3462500 -0.0463000
v 0.7620000 -0.3262500 -0.0462500
v 0.7622500 -0.3075000 -0.1170250
v 0.8905000 -0.3462500 -0.0463000
v 0.6322500 -0.2965000 -0.1196750
v 0.7622500 -0.3075000 -0.1170250
v 0.7620000 -0.3262500 -0.0462500
v 0.6322500 -0.3152500 -0.0461750
v 1.0175000 -0.3980000 0.0000000
v 0.8905000 -0.3462500 -0.0463000
v 1.0175000 -0.3725000 -0.0463750
v 0.8905000 -0.3702500 0.0000000
v 0.8905000 -0.3462500 -0.0463000
v 1.0175000 -0.3980000 0.0000000
v 1.0185000 -0.3537500 -0.0976750
v 1.1375000 -0.3912500 -0.0749500
v 1.1350000 -0.4067500 -0.0464500
v 1.0175000 -0.3725000 -0.0463750
v 1.0185000 -0.3537500 -0.0976750
v 1.1350000 -0.4067500 -0.0464500
v 0.4950000 -0.3150000 -0.0416500
v 0.6322500 -0.3152500 -0.0461750
v 0.6325000 -0.3392500 0.0000000
v 0.4950000 -0.3367500 0.0000000
v 0.7620000 -0.3505000 0.0000000
v 0.6325000 -0.3392500 0.0000000
v 0.6322500 -0.3152500 -0.0461750
v 0.7620000 -0.3262500 -0.0462500
v 0.8905000 -0.3702500 0.0000000
v 0.7620000 -0.3505000 0.0000000
v 0.7620000 -0.3262500 -0.0462500
v 0.8905000 -0.3462500 -0.0463000
v 1.0175000 -0.3725000 -0.0463750
v 1.1350000 -0.4067500 -0.0464500
v 1.1350000 -0.4312500 0.0000000
v 1.0175000 -0.3980000 0.0000000
v 1.0175000 -0.3725000 -0.0463750
v 1.1350000 -0.4312500 0.0000000
v 1.1350000 -0.4312500 0.0000000
v 1.1350000 -0.4067500 -0.0464500
v 1.1885000 -0.4482500 0.0000000
v 1.2015000 -0.3995000 -0.0465500
v 1.1975000 -0.4082500 -0.0493750
v 1.1485000 -0.3790000 -0.0850250
v 1.1527500 -0.3700000 -0.0851250
v 1.2015000 -0.3995000 -0.0465500
v 1.1485000 -0.3790000 -0.0850250
v 1.1975000 -0.4082500 -0.0493750
v 1.1910000 -0.4152500 -0.0495500
v 1.1430000 -0.3862500 -0.0814500
v 1.1485000 -0.3790000 -0.0850250
v 1.1975000 -0.4082500 -0.0493750
v 1.1430000 -0.3862500 -0.0814500
v 1.1512500 -0.3627500 -0.0858500
v 1.1542500 -0.3517500 -0.0812000
v 1.2042500 -0.3827500 -0.0382250
v 1.2030000 -0.3930000 -0.0436250
v 1.1512500 -0.3627500 -0.0858500
v 1.2042500 -0.3827500 -0.0382250
v 1.1542500 -0.3517500 -0.0812000
v 1.1540000 -0.3435000 -0.0722750
v 1.2007500 -0.3742500 -0.0311000
v 1.2042500 -0.3827500 -0.0382250
v 1.1542500 -0.3517500 -0.0812000
v 1.2007500 -0.3742500 -0.0311000
v 1.1540000 -0.3435000 -0.0722750
v 1.1480000 -0.3397500 -0.0557750
v 1.1882500 -0.3692500 -0.0206000
v 1.2007500 -0.3742500 -0.0311000
v 1.1540000 -0.3435000 -0.0722750
v 1.1882500 -0.3692500 -0.0206000
v 1.2030000 -0.3930000 -0.0436250
v 1.2015000 -0.3995000 -0.0465500
v 1.1527500 -0.3700000 -0.0851250
v 1.1512500 -0.3627500 -0.0858500
v 1.2030000 -0.3930000 -0.0436250
v 1.1527500 -0.3700000 -0.0851250
v 1.1910000 -0.4152500 -0.0495500
v 1.1820000 -0.4195000 -0.0472000
v 1.1375000 -0.3912500 -0.0749500
v 1.1430000 -0.3862500 -0.0814500
v 1.1910000 -0.4152500 -0.0495500
v 1.1375000 -0.3912500 -0.0749500
v 1.2030000 -0.3930000 -0.0436250
v 1.2042500 -0.3827500 -0.0382250
v 1.2197500 -0.4110000 0.0000000
v 1.2220000 -0.4250000 0.0000000
v 1.2030000 -0.3930000 -0.0436250
v 1.2197500 -0.4110000 0.0000000
v 1.2210000 -0.4315000 0.0000000
v 1.1975000 -0.4082500 -0.0493750
v 1.2015000 -0.3995000 -0.0465500
v 1.2140000 -0.4430000 0.0000000
v 1.1975000 -0.4082500 -0.0493750
v 1.2210000 -0.4315000 0.0000000
v 1.1527500 -0.3700000 -0.0851250
v 1.1485000 -0.3790000 -0.0850250
v 1.0235000 -0.3405000 -0.1123750
v 1.0262500 -0.3307500 -0.1144750
v 1.1527500 -0.3700000 -0.0851250
v 1.0235000 -0.3405000 -0.1123750
v 1.1910000 -0.4152500 -0.0495500
v 1.1975000 -0.4082500 -0.0493750
v 1.2140000 -0.4430000 0.0000000
v 1.2017500 -0.4492500 0.0000000
v 1.1910000 -0.4152500 -0.0495500
v 1.2140000 -0.4430000 0.0000000
v 1.1485000 -0.3790000 -0.0850250
v 1.1430000 -0.3862500 -0.0814500
v 1.0207500 -0.3487500 -0.1065000
v 1.0235000 -0.3405000 -0.1123750
v 1.1485000 -0.3790000 -0.0850250
v 1.0207500 -0.3487500 -0.1065000
v 0.8952500 -0.3127500 -0.1255500
v 0.8972500 -0.3022500 -0.1278000
v 1.0262500 -0.3307500 -0.1144750
v 1.0235000 -0.3405000 -0.1123750
v 1.0235000 -0.3405000 -0.1123750
v 1.0207500 -0.3487500 -0.1065000
v 0.8930000 -0.3212500 -0.1189000
v 0.8952500 -0.3127500 -0.1255500
v 1.0235000 -0.3405000 -0.1123750
v 0.8930000 -0.3212500 -0.1189000
v 1.2017500 -0.4492500 0.0000000
v 1.1885000 -0.4482500 0.0000000
v 1.1820000 -0.4195000 -0.0472000
v 1.1910000 -0.4152500 -0.0495500
v 1.2017500 -0.4492500 0.0000000
v 1.1820000 -0.4195000 -0.0472000
v 1.1430000 -0.3862500 -0.0814500
v 1.1375000 -0.3912500 -0.0749500
v 1.0185000 -0.3537500 -0.0976750
v 1.0207500 -0.3487500 -0.1065000
v 1.1430000 -0.3862500 -0.0814500
v 1.0185000 -0.3537500 -0.0976750
v 1.0207500 -0.3487500 -0.1065000
v 1.0185000 -0.3537500 -0.0976750
v 0.8912500 -0.3262500 -0.1091500
v 0.8930000 -0.3212500 -0.1189000
v 1.0207500 -0.3487500 -0.1065000
v 0.8912500 -0.3262500 -0.1091500
v 0.7647500 -0.2940000 -0.1345000
v 0.8972500 -0.3022500 -0.1278000
v 0.8952500 -0.3127500 -0.1255500
v 0.7660000 -0.2830000 -0.1369750
v 0.8972500 -0.3022500 -0.1278000
v 0.7647500 -0.2940000 -0.1345000
v 0.7660000 -0.2830000 -0.1369750
v 0.7647500 -0.2940000 -0.1345000
v 0.6332500 -0.2830000 -0.1375000
v 0.6337500 -0.2717500 -0.1400750
v 0.8952500 -0.3127500 -0.1255500
v 0.8930000 -0.3212500 -0.1189000
v 0.7635000 -0.3027500 -0.1273250
v 0.7647500 -0.2940000 -0.1345000
v 0.8952500 -0.3127500 -0.1255500
v 0.7635000 -0.3027500 -0.1273250
v 0.7647500 -0.2940000 -0.1345000
v 0.7635000 -0.3027500 -0.1273250
v 0.6327500 -0.2917500 -0.1301750
v 0.6332500 -0.2830000 -0.1375000
v 0.8930000 -0.3212500 -0.1189000
v 0.8912500 -0.3262500 -0.1091500
v 0.7622500 -0.3075000 -0.1170250
v 0.7635000 -0.3027500 -0.1273250
v 0.8930000 -0.3212500 -0.1189000
v 0.7622500 -0.3075000 -0.1170250
v 0.7635000 -0.3027500 -0.1273250
v 0.7622500 -0.3075000 -0.1170250
v 0.6322500 -0.2965000 -0.1196750
v 0.6327500 -0.2917500 -0.1301750
v 0.7635000 -0.3027500 -0.1273250
v 0.6322500 -0.2965000 -0.1196750
v 1.1977500 -0.3870000 0.0000000
v 1.2135000 -0.3990000 0.0000000
v 1.2007500 -0.3742500 -0.0311000
v 1.1882500 -0.3692500 -0.0206000
v 1.1977500 -0.3870000 0.0000000
v 1.2007500 -0.3742500 -0.0311000
v 1.0307500 -0.3022500 -0.1021750
v 1.0295000 -0.2990000 -0.0842750
v 1.1480000 -0.3397500 -0.0557750
v 1.1540000 -0.3435000 -0.0722750
v 1.0307500 -0.3022500 -0.1021750
v 1.1480000 -0.3397500 -0.0557750
v 1.2042500 -0.3827500 -0.0382250
v 1.2007500 -0.3742500 -0.0311000
v 1.2135000 -0.3990000 0.0000000
v 1.2197500 -0.4110000 0.0000000
v 1.2042500 -0.3827500 -0.0382250
v 1.2135000 -0.3990000 0.0000000
v 1.0292500 -0.3112500 -0.1108500
v 1.0307500 -0.3022500 -0.1021750
v 1.1540000 -0.3435000 -0.0722750
v 1.1542500 -0.3517500 -0.0812000
v 1.0292500 -0.3112500 -0.1108500
v 1.1540000 -0.3435000 -0.0722750
v 1.0295000 -0.2990000 -0.0842750
v 1.0307500 -0.3022500 -0.1021750
v 0.9007500 -0.2722500 -0.1165000
v 0.9000000 -0.2682500 -0.0991750
v 1.0295000 -0.2990000 -0.0842750
v 0.9007500 -0.2722500 -0.1165000
v 1.0307500 -0.3022500 -0.1021750
v 1.0292500 -0.3112500 -0.1108500
v 0.8997500 -0.2810000 -0.1246500
v 0.9007500 -0.2722500 -0.1165000
v 1.0307500 -0.3022500 -0.1021750
v 0.8997500 -0.2810000 -0.1246500
v 1.1542500 -0.3517500 -0.0812000
v 1.1512500 -0.3627500 -0.0858500
v 1.0265000 -0.3230000 -0.1144500
v 1.0292500 -0.3112500 -0.1108500
v 1.1542500 -0.3517500 -0.0812000
v 1.0265000 -0.3230000 -0.1144500
v 0.8980000 -0.2925000 -0.1277500
v 1.0292500 -0.3112500 -0.1108500
v 1.0265000 -0.3230000 -0.1144500
v 0.8997500 -0.2810000 -0.1246500
v 1.0292500 -0.3112500 -0.1108500
v 0.8980000 -0.2925000 -0.1277500
v 0.9000000 -0.2682500 -0.0991750
v 0.9007500 -0.2722500 -0.1165000
v 0.7685000 -0.2517500 -0.1263500
v 0.7685000 -0.2472500 -0.1094250
v 0.9000000 -0.2682500 -0.0991750
v 0.7685000 -0.2517500 -0.1263500
v 0.6352500 -0.2395000 -0.1297000
v 0.6355000 -0.2350000 -0.1129500
v 0.7685000 -0.2472500 -0.1094250
v 0.7685000 -0.2517500 -0.1263500
v 0.6352500 -0.2395000 -0.1297000
v 0.7685000 -0.2472500 -0.1094250
v 0.9007500 -0.2722500 -0.1165000
v 0.8997500 -0.2810000 -0.1246500
v 0.7680000 -0.2605000 -0.1341000
v 0.7685000 -0.2517500 -0.1263500
v 0.9007500 -0.2722500 -0.1165000
v 0.7680000 -0.2605000 -0.1341000
v 0.6347500 -0.2485000 -0.1373250
v 0.6352500 -0.2395000 -0.1297000
v 0.7685000 -0.2517500 -0.1263500
v 0.7680000 -0.2605000 -0.1341000
v 0.8997500 -0.2810000 -0.1246500
v 0.8980000 -0.2925000 -0.1277500
v 0.7667500 -0.2720000 -0.1369500
v 0.7680000 -0.2605000 -0.1341000
v 0.8997500 -0.2810000 -0.1246500
v 0.7667500 -0.2720000 -0.1369500
v 0.7680000 -0.2605000 -0.1341000
v 0.7667500 -0.2720000 -0.1369500
v 0.6340000 -0.2597500 -0.1400750
v 0.6347500 -0.2485000 -0.1373250
v 0.8972500 -0.3022500 -0.1278000
v 0.7660000 -0.2830000 -0.1369750
v 0.7667500 -0.2720000 -0.1369500
v 0.8980000 -0.2925000 -0.1277500
v 1.0262500 -0.3307500 -0.1144750
v 1.0265000 -0.3230000 -0.1144500
v 1.1512500 -0.3627500 -0.0858500
v 1.1527500 -0.3700000 -0.0851250
v 1.0262500 -0.3307500 -0.1144750
v 1.1512500 -0.3627500 -0.0858500
v 0.4325000 -0.2622500 -0.0677500
v 0.4327500 -0.2810000 -0.0777750
v 0.4365000 -0.2950000 -0.0438500
v 0.4445000 -0.2692500 -0.0331500
v 0.4325000 -0.2622500 -0.0677500
v 0.4365000 -0.2950000 -0.0438500
v 0.4327500 -0.2810000 -0.0777750
v 0.4350000 -0.2895000 -0.0770500
v 0.4387500 -0.3025000 -0.0468750
v 0.4365000 -0.2950000 -0.0438500
v 0.4327500 -0.2810000 -0.0777750
v 0.4387500 -0.3025000 -0.0468750
v 0.4430000 -0.3085000 -0.0443250
v 0.4350000 -0.2895000 -0.0770500
v 0.4392500 -0.2965000 -0.0744000
v 0.4387500 -0.3025000 -0.0468750
v 0.4350000 -0.2895000 -0.0770500
v 0.4430000 -0.3085000 -0.0443250
v 0.4457500 -0.2832500 -0.1071000
v 0.4490000 -0.2905000 -0.1025500
v 0.4392500 -0.2965000 -0.0744000
v 0.4350000 -0.2895000 -0.0770500
v 0.4457500 -0.2832500 -0.1071000
v 0.4392500 -0.2965000 -0.0744000
v 0.4392500 -0.2965000 -0.0744000
v 0.4455000 -0.3010000 -0.0705000
v 0.4502500 -0.3130000 -0.0424500
v 0.4430000 -0.3085000 -0.0443250
v 0.4392500 -0.2965000 -0.0744000
v 0.4502500 -0.3130000 -0.0424500
v 0.4490000 -0.2905000 -0.1025500
v 0.4537500 -0.2950000 -0.0960000
v 0.4455000 -0.3010000 -0.0705000
v 0.4392500 -0.2965000 -0.0744000
v 0.4490000 -0.2905000 -0.1025500
v 0.4455000 -0.3010000 -0.0705000
v 0.4457500 -0.2832500 -0.1071000
v 0.4440000 -0.2740000 -0.1090500
v 0.4687500 -0.2705000 -0.1316000
v 0.4697500 -0.2805000 -0.1288500
v 0.4697500 -0.2805000 -0.1288500
v 0.5012500 -0.2687500 -0.1397500
v 0.5015000 -0.2800000 -0.1371750
v 0.4687500 -0.2705000 -0.1316000
v 0.5012500 -0.2687500 -0.1397500
v 0.4697500 -0.2805000 -0.1288500
v 0.4697500 -0.2805000 -0.1288500
v 0.4720000 -0.2885000 -0.1226750
v 0.4490000 -0.2905000 -0.1025500
v 0.4457500 -0.2832500 -0.1071000
v 0.4697500 -0.2805000 -0.1288500
v 0.4490000 -0.2905000 -0.1025500
v 0.5015000 -0.2800000 -0.1371750
v 0.5015000 -0.2887500 -0.1298500
v 0.4720000 -0.2885000 -0.1226750
v 0.4697500 -0.2805000 -0.1288500
v 0.4720000 -0.2885000 -0.1226750
v 0.4745000 -0.2935000 -0.1137250
v 0.4537500 -0.2950000 -0.0960000
v 0.4490000 -0.2905000 -0.1025500
v 0.4502500 -0.3130000 -0.0424500
v 0.4455000 -0.3010000 -0.0705000
v 0.4950000 -0.3150000 -0.0416500
v 0.4950000 -0.3150000 -0.0416500
v 0.4455000 -0.3010000 -0.0705000
v 0.4537500 -0.2950000 -0.0960000
v 0.4950000 -0.3150000 -0.0416500
v 0.4537500 -0.2950000 -0.0960000
v 0.4745000 -0.2935000 -0.1137250
v 0.4950000 -0.3150000 -0.0416500
v 0.4745000 -0.2935000 -0.1137250
v 0.5015000 -0.2932500 -0.1194000
v 0.4745000 -0.2935000 -0.1137250
v 0.5015000 -0.2887500 -0.1298500
v 0.5015000 -0.2932500 -0.1194000
v 0.4720000 -0.2885000 -0.1226750
v 0.5015000 -0.2887500 -0.1298500
v 0.4745000 -0.2935000 -0.1137250
v 0.4405000 -0.2580000 -0.1032250
v 0.4440000 -0.2740000 -0.1090500
v 0.4327500 -0.2810000 -0.0777750
v 0.4325000 -0.2622500 -0.0677500
v 0.4405000 -0.2580000 -0.1032250
v 0.4327500 -0.2810000 -0.0777750
v 0.4657500 -0.2567500 -0.1298000
v 0.4687500 -0.2705000 -0.1316000
v 0.4440000 -0.2740000 -0.1090500
v 0.4405000 -0.2580000 -0.1032250
v 0.4657500 -0.2567500 -0.1298000
v 0.4440000 -0.2740000 -0.1090500
v 0.5012500 -0.2565000 -0.1397500
v 0.5012500 -0.2687500 -0.1397500
v 0.4687500 -0.2705000 -0.1316000
v 0.4657500 -0.2567500 -0.1298000
v 0.5012500 -0.2565000 -0.1397500
v 0.4687500 -0.2705000 -0.1316000
v 0.4665000 -0.2465000 -0.1250500
v 0.4680000 -0.2385000 -0.1171000
v 0.5010000 -0.2362500 -0.1293500
v 0.5012500 -0.2450000 -0.1370000
v 0.4665000 -0.2465000 -0.1250500
v 0.5010000 -0.2362500 -0.1293500
v 0.4680000 -0.2385000 -0.1171000
v 0.4710000 -0.2332500 -0.1012500
v 0.5010000 -0.2315000 -0.1125500
v 0.5010000 -0.2362500 -0.1293500
v 0.4680000 -0.2385000 -0.1171000
v 0.5010000 -0.2315000 -0.1125500
v 0.4710000 -0.2332500 -0.1012500
v 0.4472500 -0.2430000 -0.0884500
v 0.4740000 -0.2365000 -0.0836750
v 0.4680000 -0.2385000 -0.1171000
v 0.4472500 -0.2430000 -0.0884500
v 0.4710000 -0.2332500 -0.1012500
v 0.4440000 -0.2510000 -0.0536750
v 0.4560000 -0.2482500 -0.0440500
v 0.4545000 -0.2390000 -0.0746000
v 0.4472500 -0.2430000 -0.0884500
v 0.4375000 -0.2555000 -0.0608000
v 0.4440000 -0.2510000 -0.0536750
v 0.4545000 -0.2390000 -0.0746000
v 0.4570000 -0.2647500 -0.0222750
v 0.4722500 -0.2632500 -0.0187250
v 0.4560000 -0.2482500 -0.0440500
v 0.4560000 -0.2482500 -0.0440500
v 0.4482500 -0.2670000 -0.0279500
v 0.4570000 -0.2647500 -0.0222750
v 0.6360000 -0.2650000 -0.0160250
v 0.6360000 -0.2485000 -0.0482500
v 0.4970000 -0.2452500 -0.0481750
v 0.5010000 -0.2315000 -0.1125500
v 0.6360000 -0.2397500 -0.0837750
v 0.6355000 -0.2350000 -0.1129500
v 0.4990000 -0.2367500 -0.0837000
v 0.6360000 -0.2397500 -0.0837750
v 0.5010000 -0.2315000 -0.1125500
v 1.1977500 -0.3870000 0.0000000
v 1.1882500 -0.3692500 -0.0206000
v 1.1480000 -0.3587500 -0.0163250
v 1.1480000 -0.3707500 0.0000000
v 1.1977500 -0.3870000 0.0000000
v 1.1480000 -0.3587500 -0.0163250
v 1.0297500 -0.3087500 -0.0484500
v 1.0297500 -0.3255000 -0.0162500
v 1.1480000 -0.3587500 -0.0163250
v 1.1480000 -0.3397500 -0.0557750
v 1.0297500 -0.3087500 -0.0484500
v 1.1480000 -0.3587500 -0.0163250
v 1.0297500 -0.3255000 -0.0162500
v 1.0297500 -0.3372500 0.0000000
v 1.1480000 -0.3707500 0.0000000
v 1.1480000 -0.3587500 -0.0163250
v 0.9005000 -0.2805000 -0.0483750
v 0.9005000 -0.2972500 -0.0161750
v 1.0297500 -0.3255000 -0.0162500
v 1.0297500 -0.3087500 -0.0484500
v 1.0297500 -0.3255000 -0.0162500
v 0.9005000 -0.2972500 -0.0161750
v 0.9005000 -0.3087500 0.0000000
v 1.0297500 -0.3372500 0.0000000
v 0.9005000 -0.3087500 0.0000000
v 0.9005000 -0.2972500 -0.0161750
v 0.7685000 -0.2770000 -0.0161000
v 0.7685000 -0.2880000 0.0000000
v 0.9005000 -0.3087500 0.0000000
v 0.7685000 -0.2770000 -0.0161000
v 0.6355000 -0.2350000 -0.1129500
v 0.6360000 -0.2397500 -0.0837750
v 0.7685000 -0.2517500 -0.0838500
v 0.7685000 -0.2472500 -0.1094250
v 0.6355000 -0.2350000 -0.1129500
v 0.7685000 -0.2517500 -0.0838500
v 0.6360000 -0.2650000 -0.0160250
v 0.6360000 -0.2762500 0.0000000
v 0.7685000 -0.2880000 0.0000000
v 0.7685000 -0.2770000 -0.0161000
v 0.4950000 -0.2632500 -0.0184500
v 0.6360000 -0.2762500 0.0000000
v 0.6360000 -0.2650000 -0.0160250
v 0.4950000 -0.2752500 0.0000000
v 0.6360000 -0.2762500 0.0000000
v 0.4950000 -0.2632500 -0.0184500
v 1.0297500 -0.3087500 -0.0484500
v 1.0295000 -0.2990000 -0.0842750
v 0.9005000 -0.2717500 -0.0839250
v 0.9005000 -0.2805000 -0.0483750
v 1.0297500 -0.3087500 -0.0484500
v 0.9005000 -0.2717500 -0.0839250
v 0.9005000 -0.2972500 -0.0161750
v 0.9005000 -0.2805000 -0.0483750
v 0.7685000 -0.2605000 -0.0483000
v 0.7685000 -0.2770000 -0.0161000
v 0.9005000 -0.2805000 -0.0483750
v 0.9005000 -0.2717500 -0.0839250
v 0.7685000 -0.2517500 -0.0838500
v 0.7685000 -0.2605000 -0.0483000
v 0.4545000 -0.2390000 -0.0746000
v 0.4560000 -0.2482500 -0.0440500
v 0.4742500 -0.2452500 -0.0481500
v 0.4740000 -0.2365000 -0.0836750
v 0.4545000 -0.2390000 -0.0746000
v 0.4742500 -0.2452500 -0.0481500
v 0.7685000 -0.2472500 -0.1094250
v 0.7685000 -0.2517500 -0.0838500
v 0.9005000 -0.2717500 -0.0839250
v 0.9000000 -0.2682500 -0.0991750
v 0.7685000 -0.2472500 -0.1094250
v 0.9005000 -0.2717500 -0.0839250
v 0.4657500 -0.2567500 -0.1298000
v 0.4665000 -0.2465000 -0.1250500
v 0.5012500 -0.2450000 -0.1370000
v 0.5012500 -0.2565000 -0.1397500
v 0.4657500 -0.2567500 -0.1298000
v 0.5012500 -0.2450000 -0.1370000
v 0.4665000 -0.2465000 -0.1250500
v 0.4657500 -0.2567500 -0.1298000
v 0.4405000 -0.2580000 -0.1032250
v 0.4432500 -0.2495000 -0.0966750
v 0.4665000 -0.2465000 -0.1250500
v 0.4405000 -0.2580000 -0.1032250
v 0.4432500 -0.2495000 -0.0966750
v 0.4405000 -0.2580000 -0.1032250
v 0.4325000 -0.2622500 -0.0677500
v 0.4375000 -0.2555000 -0.0608000
v 0.4432500 -0.2495000 -0.0966750
v 0.4325000 -0.2622500 -0.0677500
v 0.4375000 -0.2555000 -0.0608000
v 0.4325000 -0.2622500 -0.0677500
v 0.4445000 -0.2692500 -0.0331500
v 0.4482500 -0.2670000 -0.0279500
v 0.4375000 -0.2555000 -0.0608000
v 0.4445000 -0.2692500 -0.0331500
v 0.4432500 -0.2495000 -0.0966750
v 0.4472500 -0.2430000 -0.0884500
v 0.4680000 -0.2385000 -0.1171000
v 0.4665000 -0.2465000 -0.1250500
v 0.4432500 -0.2495000 -0.0966750
v 0.4680000 -0.2385000 -0.1171000
v 0.4432500 -0.2495000 -0.0966750
v 0.4375000 -0.2555000 -0.0608000
v 0.4472500 -0.2430000 -0.0884500
v 0.4440000 -0.2510000 -0.0536750
v 0.4375000 -0.2555000 -0.0608000
v 0.4482500 -0.2670000 -0.0279500
v 0.4482500 -0.2670000 -0.0279500
v 0.4560000 -0.2482500 -0.0440500
v 0.4440000 -0.2510000 -0.0536750
v 1.2220000 -0.4250000 0.0000000
v 1.2015000 -0.3995000 -0.0465500
v 1.2030000 -0.3930000 -0.0436250
v 1.2210000 -0.4315000 0.0000000
v 1.2015000 -0.3995000 -0.0465500
v 1.2220000 -0.4250000 0.0000000
v 0.4990000 -0.2367500 -0.0837000
v 0.5010000 -0.2315000 -0.1125500
v 0.4710000 -0.2332500 -0.1012500
v 0.4740000 -0.2365000 -0.0836750
v 0.8912500 -0.3262500 -0.1091500
v 1.0185000 -0.3537500 -0.0976750
v 1.0175000 -0.3725000 -0.0463750
v 0.8905000 -0.3462500 -0.0463000
v 0.8912500 -0.3262500 -0.1091500
v 1.0175000 -0.3725000 -0.0463750
v 0.4560000 -0.2482500 -0.0440500
v 0.4722500 -0.2632500 -0.0187250
v 0.4742500 -0.2452500 -0.0481500
v 0.4950000 -0.2632500 -0.0184500
v 0.4742500 -0.2452500 -0.0481500
v 0.4722500 -0.2632500 -0.0187250
v 0.1527125 -0.1475000 0.1819250
v 0.3134625 -0.1475000 0.3734250
v 0.2995380 -0.1438852 0.3851136
v 0.1387880 -0.1438852 0.1936136
v 0.1387880 -0.1438852 0.1936136
v 0.2995380 -0.1438852 0.3851136
v 0.2877347 -0.1335873 0.3950216
v 0.1269847 -0.1335873 0.2035216
v 0.1269847 -0.1335873 0.2035216
v 0.2877347 -0.1335873 0.3950216
v 0.2798464 -0.1181782 0.4016432
v 0.1190964 -0.1181782 0.2101432
v 0.1190964 -0.1181782 0.2101432
v 0.2798464 -0.1181782 0.4016432
v 0.2770775 -0.1000000 0.4039675
v 0.1163275 -0.1000000 0.2124675
v 0.1163275 -0.1000000 0.2124675
v 0.2770775 -0.1000000 0.4039675
v 0.2798464 -0.0818218 0.4016432
v 0.1190964 -0.0818218 0.2101432
v 0.1190964 -0.0818218 0.2101432
v 0.2798464 -0.0818218 0.4016432
v 0.2877347 -0.0664128 0.3950216
v 0.1269847 -0.0664128 0.2035216
v 0.1269847 -0.0664128 0.2035216
v 0.2877347 -0.0664128 0.3950216
v 0.2995380 -0.0561148 0.3851136
v 0.1387880 -0.0561148 0.1936136
v 0.1387880 -0.0561148 0.1936136
v 0.2995380 -0.0561148 0.3851136
v 0.3134625 -0.0525000 0.3734250
v 0.1527125 -0.0525000 0.1819250
v 0.3134625 -0.1475000 0.3734250
v 0.3251511 -0.1438852 0.3873495
v 0.2995380 -0.1438852 0.3851136
v 0.3251511 -0.1438852 0.3873495
v 0.3108959 -0.1372210 0.4028263
v 0.2995380 -0.1438852 0.3851136
v 0.2995380 -0.1438852 0.3851136
v 0.3108959 -0.1372210 0.4028263
v 0.2877347 -0.1335873 0.3950216
v 0.3108959 -0.1372210 0.4028263
v 0.2983685 -0.1208668 0.4133420
v 0.2877347 -0.1335873 0.3950216
v 0.2877347 -0.1335873 0.3950216
v 0.2983685 -0.1208668 0.4133420
v 0.2798464 -0.1181782 0.4016432
v 0.2983685 -0.1208668 0.4133420
v 0.2915350 -0.1000000 0.4155678
v 0.2798464 -0.1181782 0.4016432
v 0.2798464 -0.1181782 0.4016432
v 0.2915350 -0.1000000 0.4155678
v 0.2770775 -0.1000000 0.4039675
v 0.3251511 -0.1438852 0.3873495
v 0.3350591 -0.1335873 0.3991528
v 0.3108959 -0.1372210 0.4028263
v 0.3350591 -0.1335873 0.3991528
v 0.3214117 -0.1208668 0.4153536
v 0.3108959 -0.1372210 0.4028263
v 0.3108959 -0.1372210 0.4028263
v 0.3214117 -0.1208668 0.4153536
v 0.2983685 -0.1208668 0.4133420
v 0.3214117 -0.1208668 0.4153536
v 0.3093313 -0.1000000 0.4207494
v 0.2983685 -0.1208668 0.4133420
v 0.2983685 -0.1208668 0.4133420
v 0.3093313 -0.1000000 0.4207494
v 0.2915350 -0.1000000 0.4155678
v 0.3350591 -0.1335873 0.3991528
v 0.3416807 -0.1181782 0.4070411
v 0.3214117 -0.1208668 0.4153536
v 0.3416807 -0.1181782 0.4070411
v 0.3277562 -0.1000000 0.4187297
v 0.3214117 -0.1208668 0.4153536
v 0.3214117 -0.1208668 0.4153536
v 0.3277562 -0.1000000 0.4187297
v 0.3093313 -0.1000000 0.4207494
v 0.3416807 -0.1181782 0.4070411
v 0.3440050 -0.1000000 0.4098100
v 0.3277562 -0.1000000 0.4187297
v 0.2995380 -0.0561148 0.3851136
v 0.3251511 -0.0561148 0.3873495
v 0.3134625 -0.0525000 0.3734250
v 0.2995380 -0.0561148 0.3851136
v 0.3108959 -0.0627790 0.4028263
v 0.3251511 -0.0561148 0.3873495
v 0.2877347 -0.0664128 0.3950216
v 0.3108959 -0.0627790 0.4028263
v 0.2995380 -0.0561148 0.3851136
v 0.2877347 -0.0664128 0.3950216
v 0.2983685 -0.0791333 0.4133420
v 0.3108959 -0.0627790 0.4028263
v 0.2798464 -0.0818218 0.4016432
v 0.2983685 -0.0791333 0.4133420
v 0.2877347 -0.0664128 0.3950216
v 0.2798464 -0.0818218 0.4016432
v 0.2915350 -0.1000000 0.4155678
v 0.2983685 -0.0791333 0.4133420
v 0.2770775 -0.1000000 0.4039675
v 0.2915350 -0.1000000 0.4155678
v 0.2798464 -0.0818218 0.4016432
v 0.3108959 -0.0627790 0.4028263
v 0.3350591 -0.0664128 0.3991528
v 0.3251511 -0.0561148 0.3873495
v 0.3108959 -0.0627790 0.4028263
v 0.3214117 -0.0791333 0.4153536
v 0.3350591 -0.0664128 0.3991528
v 0.2983685 -0.0791333 0.4133420
v 0.3214117 -0.0791333 0.4153536
v 0.3108959 -0.0627790 0.4028263
v 0.2983685 -0.0791333 0.4133420
v 0.3093313 -0.1000000 0.4207494
v 0.3214117 -0.0791333 0.4153536
v 0.2915350 -0.1000000 0.4155678
v 0.3093313 -0.1000000 0.4207494
v 0.2983685 -0.0791333 0.4133420
v 0.3214117 -0.0791333 0.4153536
v 0.3416807 -0.0818218 0.4070411
v 0.3350591 -0.0664128 0.3991528
v 0.3214117 -0.0791333 0.4153536
v 0.3277562 -0.1000000 0.4187297
v 0.3416807 -0.0818218 0.4070411
v 0.3093313 -0.1000000 0.4207494
v 0.3277562 -0.1000000 0.4187297
v 0.3214117 -0.0791333 0.4153536
v 0.3277562 -0.1000000 0.4187297
v 0.3440050 -0.1000000 0.4098100
v 0.3416807 -0.0818218 0.4070411
v 0.7642055 -0.2482500 0.9103910
v 0.7238708 -0.2195000 0.9357616
v 0.6740008 -0.1912500 0.9195179
v 0.6942243 -0.2067500 0.8992774
v 0.3002038 -0.0717500 0.5755207
v 0.3003646 -0.0597500 0.5757122
v 0.2152553 -0.0565000 0.4738168
v 0.2152553 -0.0687500 0.4738168
v 0.2152553 -0.0687500 0.4738168
v 0.2173884 -0.0800000 0.4723525
v 0.3018547 -0.0830000 0.5734820
v 0.3002038 -0.0717500 0.5755207
v 0.2173884 -0.0800000 0.4723525
v 0.2229994 -0.0887500 0.4676425
v 0.3071442 -0.0917500 0.5683890
v 0.3018547 -0.0830000 0.5734820
v 0.2229994 -0.0887500 0.4676425
v 0.2310041 -0.0932500 0.4609232
v 0.3148657 -0.0965000 0.5612545
v 0.3071442 -0.0917500 0.5683890
v 0.2359297 -0.0315000 0.4561357
v 0.2230609 -0.0362500 0.4669380
v 0.3091156 -0.0395000 0.5699986
v 0.3221068 -0.0350000 0.5594199
v 0.2230609 -0.0362500 0.4669380
v 0.2173618 -0.0450000 0.4720485
v 0.3029533 -0.0485000 0.5745185
v 0.3091156 -0.0395000 0.5699986
v 0.2173618 -0.0450000 0.4720485
v 0.2152553 -0.0565000 0.4738168
v 0.3003646 -0.0597500 0.5757122
v 0.3029533 -0.0485000 0.5745185
v 0.3881166 -0.0720000 0.6753894
v 0.3003646 -0.0597500 0.5757122
v 0.3002038 -0.0717500 0.5755207
v 0.3876152 -0.0830000 0.6748309
v 0.4795575 -0.0925000 0.7700113
v 0.4790370 -0.1022500 0.7694689
v 0.5721909 -0.1307500 0.8597149
v 0.5723708 -0.1230000 0.8598904
v 0.2019597 -0.0740000 0.4102232
v 0.2186826 -0.0810000 0.3814958
v 0.2206847 -0.0895000 0.3827531
v 0.2045786 -0.0832500 0.4103098
v 0.7482652 -0.1692500 0.9234453
v 0.7256591 -0.1587500 0.8898650
v 0.6954404 -0.1397500 0.9152313
v 0.6250166 -0.1087500 0.8199419
v 0.5974139 -0.0990000 0.8427858
v 0.6954404 -0.1397500 0.9152313
v 0.3966729 -0.0650000 0.4974801
v 0.3719885 -0.0485000 0.5182007
v 0.4571477 -0.0605000 0.6197279
v 0.4818129 -0.0770000 0.5990233
v 0.3719885 -0.0485000 0.5182007
v 0.3447764 -0.0397500 0.5410433
v 0.4299164 -0.0517500 0.6425865
v 0.4571477 -0.0605000 0.6197279
v 0.5147350 -0.0717500 0.7437468
v 0.5027320 -0.0682500 0.7531695
v 0.5974139 -0.0990000 0.8427858
v 0.2826690 -0.0452500 0.4116785
v 0.2567428 -0.0367500 0.4360531
v 0.3447764 -0.0397500 0.5410433
v 0.3719885 -0.0485000 0.5182007
v 0.2198291 -0.0430000 0.3994669
v 0.2406870 -0.0365000 0.4168870
v 0.2350999 -0.0390000 0.3961148
v 0.2406870 -0.0365000 0.4168870
v 0.2567428 -0.0367500 0.4360531
v 0.2826690 -0.0452500 0.4116785
v 0.2680598 -0.0452500 0.3942360
v 0.2680598 -0.0452500 0.3942360
v 0.2826690 -0.0452500 0.4116785
v 0.3966729 -0.0650000 0.4974801
v 0.3041523 -0.0632500 0.3910334
v 0.3711667 -0.1152500 0.5139940
v 0.3148657 -0.0965000 0.5612545
v 0.2310041 -0.0932500 0.4609232
v 0.3711667 -0.1152500 0.5139940
v 0.2310041 -0.0932500 0.4609232
v 0.2863811 -0.1150000 0.4059510
v 0.5371257 -0.1462500 0.7118939
v 0.4894649 -0.1262500 0.7528809
v 0.4004856 -0.1075000 0.6591306
v 0.5371257 -0.1462500 0.7118939
v 0.4004856 -0.1075000 0.6591306
v 0.4545385 -0.1262500 0.6134308
v 0.3711667 -0.1152500 0.5139940
v 0.4545385 -0.1262500 0.6134308
v 0.4004856 -0.1075000 0.6591306
v 0.3148657 -0.0965000 0.5612545
v 0.6187293 -0.1725000 0.8092241
v 0.5371257 -0.1462500 0.7118939
v 0.6542525 -0.1980000 0.7794050
v 0.6542525 -0.1980000 0.7794050
v 0.5371257 -0.1462500 0.7118939
v 0.5725915 -0.1702500 0.6821230
v 0.6942243 -0.2067500 0.8992774
v 0.6740008 -0.1912500 0.9195179
v 0.5800765 -0.1537500 0.8429760
v 0.6942243 -0.2067500 0.8992774
v 0.5800765 -0.1537500 0.8429760
v 0.6187293 -0.1725000 0.8092241
v 0.3182850 -0.1367500 0.3791700
v 0.4066975 -0.1392500 0.4844950
v 0.3711667 -0.1152500 0.5139940
v 0.2863811 -0.1150000 0.4059510
v 0.4545385 -0.1262500 0.6134308
v 0.3711667 -0.1152500 0.5139940
v 0.4066975 -0.1392500 0.4844950
v 0.4899660 -0.1505000 0.5836920
v 0.5371257 -0.1462500 0.7118939
v 0.4545385 -0.1262500 0.6134308
v 0.4899660 -0.1505000 0.5836920
v 0.5725915 -0.1702500 0.6821230
v 0.7298050 -0.2312500 0.8694100
v 0.6942243 -0.2067500 0.8992774
v 0.6187293 -0.1725000 0.8092241
v 0.7298050 -0.2312500 0.8694100
v 0.6187293 -0.1725000 0.8092241
v 0.6542525 -0.1980000 0.7794050
v 0.7642055 -0.2482500 0.9103910
v 0.6942243 -0.2067500 0.8992774
v 0.7298050 -0.2312500 0.8694100
v 0.6733564 -0.1790000 0.9344221
v 0.7321713 -0.2082500 0.9490331
v 0.7369072 -0.1995000 0.9502807
v 0.6733564 -0.1790000 0.9344221
v 0.7369072 -0.1995000 0.9502807
v 0.6760125 -0.1700000 0.9377419
v 0.6725583 -0.1862500 0.9279104
v 0.7278577 -0.2152500 0.9441667
v 0.7321713 -0.2082500 0.9490331
v 0.6725583 -0.1862500 0.9279104
v 0.7321713 -0.2082500 0.9490331
v 0.6733564 -0.1790000 0.9344221
v 0.7450524 -0.1827500 0.9470342
v 0.6799836 -0.1517500 0.9363671
v 0.6744926 -0.1627500 0.9370590
v 0.7450524 -0.1827500 0.9470342
v 0.6744926 -0.1627500 0.9370590
v 0.7401123 -0.1930000 0.9495489
v 0.7482597 -0.1742500 0.9397718
v 0.6866594 -0.1435000 0.9304368
v 0.6799836 -0.1517500 0.9363671
v 0.7482597 -0.1742500 0.9397718
v 0.6799836 -0.1517500 0.9363671
v 0.7450524 -0.1827500 0.9470342
v 0.7482652 -0.1692500 0.9234453
v 0.6954404 -0.1397500 0.9152313
v 0.6866594 -0.1435000 0.9304368
v 0.7482652 -0.1692500 0.9234453
v 0.6866594 -0.1435000 0.9304368
v 0.7482597 -0.1742500 0.9397718
v 0.6760125 -0.1700000 0.9377419
v 0.7369072 -0.1995000 0.9502807
v 0.7401123 -0.1930000 0.9495489
v 0.6760125 -0.1700000 0.9377419
v 0.7401123 -0.1930000 0.9495489
v 0.6744926 -0.1627500 0.9370590
v 0.6740008 -0.1912500 0.9195179
v 0.7238708 -0.2195000 0.9357616
v 0.7278577 -0.2152500 0.9441667
v 0.6740008 -0.1912500 0.9195179
v 0.7278577 -0.2152500 0.9441667
v 0.6725583 -0.1862500 0.9279104
v 0.7842993 -0.2110000 0.9343285
v 0.7450524 -0.1827500 0.9470342
v 0.7401123 -0.1930000 0.9495489
v 0.7842993 -0.2110000 0.9343285
v 0.7401123 -0.1930000 0.9495489
v 0.7857460 -0.2250000 0.9360520
v 0.7369072 -0.1995000 0.9502807
v 0.7321713 -0.2082500 0.9490331
v 0.7851030 -0.2315000 0.9352860
v 0.7851030 -0.2315000 0.9352860
v 0.7321713 -0.2082500 0.9490331
v 0.7806020 -0.2430000 0.9299240
v 0.5720313 -0.1405000 0.8562581
v 0.6733564 -0.1790000 0.9344221
v 0.6760125 -0.1700000 0.9377419
v 0.5720313 -0.1405000 0.8562581
v 0.6760125 -0.1700000 0.9377419
v 0.5721909 -0.1307500 0.8597149
v 0.7806020 -0.2430000 0.9299240
v 0.7321713 -0.2082500 0.9490331
v 0.7278577 -0.2152500 0.9441667
v 0.7806020 -0.2430000 0.9299240
v 0.7278577 -0.2152500 0.9441667
v 0.7727253 -0.2492500 0.9205405
v 0.5747633 -0.1487500 0.8503740
v 0.6725583 -0.1862500 0.9279104
v 0.6733564 -0.1790000 0.9344221
v 0.5747633 -0.1487500 0.8503740
v 0.6733564 -0.1790000 0.9344221
v 0.5720313 -0.1405000 0.8562581
v 0.5720313 -0.1405000 0.8562581
v 0.5721909 -0.1307500 0.8597149
v 0.4790370 -0.1022500 0.7694689
v 0.4794745 -0.1127500 0.7664902
v 0.4831216 -0.1212500 0.7604907
v 0.5747633 -0.1487500 0.8503740
v 0.5720313 -0.1405000 0.8562581
v 0.4831216 -0.1212500 0.7604907
v 0.5720313 -0.1405000 0.8562581
v 0.4794745 -0.1127500 0.7664902
v 0.7238708 -0.2195000 0.9357616
v 0.7642055 -0.2482500 0.9103910
v 0.7727253 -0.2492500 0.9205405
v 0.7238708 -0.2195000 0.9357616
v 0.7727253 -0.2492500 0.9205405
v 0.7278577 -0.2152500 0.9441667
v 0.5800765 -0.1537500 0.8429760
v 0.6740008 -0.1912500 0.9195179
v 0.6725583 -0.1862500 0.9279104
v 0.5800765 -0.1537500 0.8429760
v 0.6725583 -0.1862500 0.9279104
v 0.5747633 -0.1487500 0.8503740
v 0.4894649 -0.1262500 0.7528809
v 0.5800765 -0.1537500 0.8429760
v 0.5747633 -0.1487500 0.8503740
v 0.4894649 -0.1262500 0.7528809
v 0.5747633 -0.1487500 0.8503740
v 0.4831216 -0.1212500 0.7604907
v 0.4794745 -0.1127500 0.7664902
v 0.4790370 -0.1022500 0.7694689
v 0.3887073 -0.0940000 0.6722820
v 0.3887073 -0.0940000 0.6722820
v 0.4790370 -0.1022500 0.7694689
v 0.3876152 -0.0830000 0.6748309
v 0.3002038 -0.0717500 0.5755207
v 0.3018547 -0.0830000 0.5734820
v 0.3887073 -0.0940000 0.6722820
v 0.3876152 -0.0830000 0.6748309
v 0.3933996 -0.1027500 0.6667110
v 0.4831216 -0.1212500 0.7604907
v 0.4794745 -0.1127500 0.7664902
v 0.3933996 -0.1027500 0.6667110
v 0.4794745 -0.1127500 0.7664902
v 0.3887073 -0.0940000 0.6722820
v 0.3018547 -0.0830000 0.5734820
v 0.3071442 -0.0917500 0.5683890
v 0.3933996 -0.1027500 0.6667110
v 0.3887073 -0.0940000 0.6722820
v 0.4004856 -0.1075000 0.6591306
v 0.4894649 -0.1262500 0.7528809
v 0.4831216 -0.1212500 0.7604907
v 0.4004856 -0.1075000 0.6591306
v 0.4831216 -0.1212500 0.7604907
v 0.3933996 -0.1027500 0.6667110
v 0.3148657 -0.0965000 0.5612545
v 0.4004856 -0.1075000 0.6591306
v 0.3933996 -0.1027500 0.6667110
v 0.3148657 -0.0965000 0.5612545
v 0.3933996 -0.1027500 0.6667110
v 0.3071442 -0.0917500 0.5683890
v 0.7482597 -0.1742500 0.9397718
v 0.7802805 -0.1990000 0.9295410
v 0.7701533 -0.1870000 0.9174765
v 0.7482597 -0.1742500 0.9397718
v 0.7701533 -0.1870000 0.9174765
v 0.7482652 -0.1692500 0.9234453
v 0.6954404 -0.1397500 0.9152313
v 0.5974139 -0.0990000 0.8427858
v 0.5845062 -0.1022500 0.8552530
v 0.6954404 -0.1397500 0.9152313
v 0.5845062 -0.1022500 0.8552530
v 0.6866594 -0.1435000 0.9304368
v 0.7802805 -0.1990000 0.9295410
v 0.7482597 -0.1742500 0.9397718
v 0.7450524 -0.1827500 0.9470342
v 0.7802805 -0.1990000 0.9295410
v 0.7450524 -0.1827500 0.9470342
v 0.7842993 -0.2110000 0.9343285
v 0.6866594 -0.1435000 0.9304368
v 0.5845062 -0.1022500 0.8552530
v 0.5768967 -0.1112500 0.8596820
v 0.6866594 -0.1435000 0.9304368
v 0.5768967 -0.1112500 0.8596820
v 0.6799836 -0.1517500 0.9363671
v 0.4899433 -0.0722500 0.7648840
v 0.5845062 -0.1022500 0.8552530
v 0.5974139 -0.0990000 0.8427858
v 0.4899433 -0.0722500 0.7648840
v 0.5974139 -0.0990000 0.8427858
v 0.5027320 -0.0682500 0.7531695
v 0.4830574 -0.0810000 0.7693585
v 0.5768967 -0.1112500 0.8596820
v 0.5845062 -0.1022500 0.8552530
v 0.4830574 -0.0810000 0.7693585
v 0.5845062 -0.1022500 0.8552530
v 0.4899433 -0.0722500 0.7648840
v 0.5723708 -0.1230000 0.8598904
v 0.6744926 -0.1627500 0.9370590
v 0.6799836 -0.1517500 0.9363671
v 0.5723708 -0.1230000 0.8598904
v 0.6799836 -0.1517500 0.9363671
v 0.5768967 -0.1112500 0.8596820
v 0.5723708 -0.1230000 0.8598904
v 0.5768967 -0.1112500 0.8596820
v 0.4795575 -0.0925000 0.7700113
v 0.4795575 -0.0925000 0.7700113
v 0.5768967 -0.1112500 0.8596820
v 0.4830574 -0.0810000 0.7693585
v 0.3973614 -0.0517500 0.6699141
v 0.4899433 -0.0722500 0.7648840
v 0.5027320 -0.0682500 0.7531695
v 0.3973614 -0.0517500 0.6699141
v 0.5027320 -0.0682500 0.7531695
v 0.4103259 -0.0472500 0.6590313
v 0.4103259 -0.0472500 0.6590313
v 0.3221068 -0.0350000 0.5594199
v 0.3091156 -0.0395000 0.5699986
v 0.4103259 -0.0472500 0.6590313
v 0.3091156 -0.0395000 0.5699986
v 0.3973614 -0.0517500 0.6699141
v 0.3911034 -0.0605000 0.6745143
v 0.4830574 -0.0810000 0.7693585
v 0.4899433 -0.0722500 0.7648840
v 0.3911034 -0.0605000 0.6745143
v 0.4899433 -0.0722500 0.7648840
v 0.3973614 -0.0517500 0.6699141
v 0.3911034 -0.0605000 0.6745143
v 0.3973614 -0.0517500 0.6699141
v 0.3091156 -0.0395000 0.5699986
v 0.3029533 -0.0485000 0.5745185
v 0.3881166 -0.0720000 0.6753894
v 0.4795575 -0.0925000 0.7700113
v 0.4830574 -0.0810000 0.7693585
v 0.3881166 -0.0720000 0.6753894
v 0.4830574 -0.0810000 0.7693585
v 0.3911034 -0.0605000 0.6745143
v 0.3029533 -0.0485000 0.5745185
v 0.3003646 -0.0597500 0.5757122
v 0.3881166 -0.0720000 0.6753894
v 0.3911034 -0.0605000 0.6745143
v 0.4795575 -0.0925000 0.7700113
v 0.3881166 -0.0720000 0.6753894
v 0.3876152 -0.0830000 0.6748309
v 0.4790370 -0.1022500 0.7694689
v 0.6744926 -0.1627500 0.9370590
v 0.5723708 -0.1230000 0.8598904
v 0.5721909 -0.1307500 0.8597149
v 0.6744926 -0.1627500 0.9370590
v 0.5721909 -0.1307500 0.8597149
v 0.6760125 -0.1700000 0.9377419
v 0.2470804 -0.0950000 0.3625546
v 0.2186826 -0.0810000 0.3814958
v 0.2262010 -0.0622500 0.3748583
v 0.2470804 -0.0950000 0.3625546
v 0.2262010 -0.0622500 0.3748583
v 0.2604206 -0.0692500 0.3618025
v 0.2462100 -0.1025000 0.3662231
v 0.2206847 -0.0895000 0.3827531
v 0.2186826 -0.0810000 0.3814958
v 0.2462100 -0.1025000 0.3662231
v 0.2186826 -0.0810000 0.3814958
v 0.2470804 -0.0950000 0.3625546
v 0.2254474 -0.0965000 0.3843047
v 0.2206847 -0.0895000 0.3827531
v 0.2508961 -0.1085000 0.3678390
v 0.2508961 -0.1085000 0.3678390
v 0.2206847 -0.0895000 0.3827531
v 0.2462100 -0.1025000 0.3662231
v 0.2254474 -0.0965000 0.3843047
v 0.2101537 -0.0905000 0.4098737
v 0.2045786 -0.0832500 0.4103098
v 0.2254474 -0.0965000 0.3843047
v 0.2045786 -0.0832500 0.4103098
v 0.2206847 -0.0895000 0.3827531
v 0.2569941 -0.1130000 0.3721869
v 0.2324535 -0.1010000 0.3865845
v 0.2254474 -0.0965000 0.3843047
v 0.2569941 -0.1130000 0.3721869
v 0.2254474 -0.0965000 0.3843047
v 0.2508961 -0.1085000 0.3678390
v 0.2324535 -0.1010000 0.3865845
v 0.2182252 -0.0950000 0.4093005
v 0.2101537 -0.0905000 0.4098737
v 0.2324535 -0.1010000 0.3865845
v 0.2101537 -0.0905000 0.4098737
v 0.2254474 -0.0965000 0.3843047
v 0.2033502 -0.0805000 0.4426791
v 0.2006006 -0.0705000 0.4436813
v 0.2019597 -0.0740000 0.4102232
v 0.2045786 -0.0832500 0.4103098
v 0.2173884 -0.0800000 0.4723525
v 0.2152553 -0.0687500 0.4738168
v 0.2033502 -0.0805000 0.4426791
v 0.2033502 -0.0805000 0.4426791
v 0.2152553 -0.0687500 0.4738168
v 0.2006006 -0.0705000 0.4436813
v 0.2101537 -0.0905000 0.4098737
v 0.2095269 -0.0885000 0.4404320
v 0.2033502 -0.0805000 0.4426791
v 0.2101537 -0.0905000 0.4098737
v 0.2033502 -0.0805000 0.4426791
v 0.2045786 -0.0832500 0.4103098
v 0.2033502 -0.0805000 0.4426791
v 0.2095269 -0.0885000 0.4404320
v 0.2229994 -0.0887500 0.4676425
v 0.2173884 -0.0800000 0.4723525
v 0.2101537 -0.0905000 0.4098737
v 0.2182252 -0.0950000 0.4093005
v 0.2179902 -0.0935000 0.4365922
v 0.2095269 -0.0885000 0.4404320
v 0.2863811 -0.1150000 0.4059510
v 0.2324535 -0.1010000 0.3865845
v 0.2569941 -0.1130000 0.3721869
v 0.2182252 -0.0950000 0.4093005
v 0.2324535 -0.1010000 0.3865845
v 0.2863811 -0.1150000 0.4059510
v 0.2179902 -0.0935000 0.4365922
v 0.2182252 -0.0950000 0.4093005
v 0.2863811 -0.1150000 0.4059510
v 0.2310041 -0.0932500 0.4609232
v 0.2179902 -0.0935000 0.4365922
v 0.2863811 -0.1150000 0.4059510
v 0.2310041 -0.0932500 0.4609232
v 0.2229994 -0.0887500 0.4676425
v 0.2179902 -0.0935000 0.4365922
v 0.2179902 -0.0935000 0.4365922
v 0.2229994 -0.0887500 0.4676425
v 0.2095269 -0.0885000 0.4404320
v 0.2186826 -0.0810000 0.3814958
v 0.2019597 -0.0740000 0.4102232
v 0.2041712 -0.0580000 0.4037967
v 0.2186826 -0.0810000 0.3814958
v 0.2041712 -0.0580000 0.4037967
v 0.2262010 -0.0622500 0.3748583
v 0.2019597 -0.0740000 0.4102232
v 0.2006006 -0.0705000 0.4436813
v 0.2000504 -0.0567500 0.4402259
v 0.2019597 -0.0740000 0.4102232
v 0.2000504 -0.0567500 0.4402259
v 0.2041712 -0.0580000 0.4037967
v 0.2006006 -0.0705000 0.4436813
v 0.2152553 -0.0687500 0.4738168
v 0.2152553 -0.0565000 0.4738168
v 0.2006006 -0.0705000 0.4436813
v 0.2152553 -0.0565000 0.4738168
v 0.2000504 -0.0567500 0.4402259
v 0.2230609 -0.0362500 0.4669380
v 0.2112254 -0.0385000 0.4337833
v 0.2041712 -0.0465000 0.4377462
v 0.2230609 -0.0362500 0.4669380
v 0.2041712 -0.0465000 0.4377462
v 0.2173618 -0.0450000 0.4720485
v 0.2359297 -0.0315000 0.4561357
v 0.2252955 -0.0332500 0.4258898
v 0.2112254 -0.0385000 0.4337833
v 0.2359297 -0.0315000 0.4561357
v 0.2112254 -0.0385000 0.4337833
v 0.2230609 -0.0362500 0.4669380
v 0.2406870 -0.0365000 0.4168870
v 0.2198291 -0.0430000 0.3994669
v 0.2252955 -0.0332500 0.4258898
v 0.2252955 -0.0332500 0.4258898
v 0.2198291 -0.0430000 0.3994669
v 0.2112254 -0.0385000 0.4337833
v 0.2350999 -0.0390000 0.3961148
v 0.2594657 -0.0482500 0.3776201
v 0.2443770 -0.0510000 0.3746170
v 0.2350999 -0.0390000 0.3961148
v 0.2443770 -0.0510000 0.3746170
v 0.2347397 -0.0555000 0.3742194
v 0.2198291 -0.0430000 0.3994669
v 0.2594657 -0.0482500 0.3776201
v 0.2893134 -0.0632500 0.3737837
v 0.2767884 -0.0647500 0.3643848
v 0.2767884 -0.0647500 0.3643848
v 0.2668150 -0.0670000 0.3613313
v 0.2594657 -0.0482500 0.3776201
v 0.2826690 -0.0452500 0.4116785
v 0.3719885 -0.0485000 0.5182007
v 0.3966729 -0.0650000 0.4974801
v 0.3221068 -0.0350000 0.5594199
v 0.3447764 -0.0397500 0.5410433
v 0.2359297 -0.0315000 0.4561357
v 0.2359297 -0.0315000 0.4561357
v 0.3447764 -0.0397500 0.5410433
v 0.2567428 -0.0367500 0.4360531
v 0.7256591 -0.1587500 0.8898650
v 0.7482652 -0.1692500 0.9234453
v 0.7701533 -0.1870000 0.9174765
v 0.7256591 -0.1587500 0.8898650
v 0.7701533 -0.1870000 0.9174765
v 0.7381640 -0.1707500 0.8793680
v 0.7256591 -0.1587500 0.8898650
v 0.6496818 -0.1255000 0.7992373
v 0.6250166 -0.1087500 0.8199419
v 0.7256591 -0.1587500 0.8898650
v 0.6250166 -0.1087500 0.8199419
v 0.6954404 -0.1397500 0.9152313
v 0.7256591 -0.1587500 0.8898650
v 0.7381640 -0.1707500 0.8793680
v 0.6621293 -0.1372500 0.7887885
v 0.6496818 -0.1255000 0.7992373
v 0.6250166 -0.1087500 0.8199419
v 0.6496818 -0.1255000 0.7992373
v 0.5666315 -0.0972500 0.7001835
v 0.5419663 -0.0805000 0.7208881
v 0.6621293 -0.1372500 0.7887885
v 0.5790215 -0.1087500 0.6897830
v 0.5666315 -0.0972500 0.7001835
v 0.6496818 -0.1255000 0.7992373
v 0.4818129 -0.0770000 0.5990233
v 0.5666315 -0.0972500 0.7001835
v 0.5790215 -0.1087500 0.6897830
v 0.4818129 -0.0770000 0.5990233
v 0.5790215 -0.1087500 0.6897830
v 0.4941455 -0.0880000 0.5886710
v 0.4299164 -0.0517500 0.6425865
v 0.3447764 -0.0397500 0.5410433
v 0.3221068 -0.0350000 0.5594199
v 0.4299164 -0.0517500 0.6425865
v 0.3221068 -0.0350000 0.5594199
v 0.4103259 -0.0472500 0.6590313
v 0.4818129 -0.0770000 0.5990233
v 0.4941455 -0.0880000 0.5886710
v 0.4089480 -0.0762500 0.4871760
v 0.3966729 -0.0650000 0.4974801
v 0.3966729 -0.0650000 0.4974801
v 0.4089480 -0.0762500 0.4871760
v 0.3041523 -0.0632500 0.3910334
v 0.3041523 -0.0632500 0.3910334
v 0.4089480 -0.0762500 0.4871760
v 0.3182850 -0.0752500 0.3791700
v 0.5147350 -0.0717500 0.7437468
v 0.5974139 -0.0990000 0.8427858
v 0.6250166 -0.1087500 0.8199419
v 0.5147350 -0.0717500 0.7437468
v 0.6250166 -0.1087500 0.8199419
v 0.5419663 -0.0805000 0.7208881
v 0.4818129 -0.0770000 0.5990233
v 0.4571477 -0.0605000 0.6197279
v 0.5419663 -0.0805000 0.7208881
v 0.5666315 -0.0972500 0.7001835
v 0.4571477 -0.0605000 0.6197279
v 0.4299164 -0.0517500 0.6425865
v 0.5147350 -0.0717500 0.7437468
v 0.5419663 -0.0805000 0.7208881
v 0.2680598 -0.0452500 0.3942360
v 0.2594657 -0.0482500 0.3776201
v 0.2350999 -0.0390000 0.3961148
v 0.2680598 -0.0452500 0.3942360
v 0.2350999 -0.0390000 0.3961148
v 0.2406870 -0.0365000 0.4168870
v 0.5147350 -0.0717500 0.7437468
v 0.4299164 -0.0517500 0.6425865
v 0.4103259 -0.0472500 0.6590313
v 0.5147350 -0.0717500 0.7437468
v 0.4103259 -0.0472500 0.6590313
v 0.5027320 -0.0682500 0.7531695
v 0.2173618 -0.0450000 0.4720485
v 0.2041712 -0.0465000 0.4377462
v 0.2000504 -0.0567500 0.4402259
v 0.2173618 -0.0450000 0.4720485
v 0.2000504 -0.0567500 0.4402259
v 0.2152553 -0.0565000 0.4738168
v 0.2041712 -0.0580000 0.4037967
v 0.2000504 -0.0567500 0.4402259
v 0.2041712 -0.0465000 0.4377462
v 0.2041712 -0.0580000 0.4037967
v 0.2041712 -0.0465000 0.4377462
v 0.2109567 -0.0495000 0.4016915
v 0.2262010 -0.0622500 0.3748583
v 0.2041712 -0.0580000 0.4037967
v 0.2109567 -0.0495000 0.4016915
v 0.2262010 -0.0622500 0.3748583
v 0.2109567 -0.0495000 0.4016915
v 0.2347397 -0.0555000 0.3742194
v 0.2604206 -0.0692500 0.3618025
v 0.2262010 -0.0622500 0.3748583
v 0.2347397 -0.0555000 0.3742194
v 0.2604206 -0.0692500 0.3618025
v 0.2347397 -0.0555000 0.3742194
v 0.2668150 -0.0670000 0.3613313
v 0.2112254 -0.0385000 0.4337833
v 0.2198291 -0.0430000 0.3994669
v 0.2109567 -0.0495000 0.4016915
v 0.2112254 -0.0385000 0.4337833
v 0.2109567 -0.0495000 0.4016915
v 0.2041712 -0.0465000 0.4377462
v 0.2198291 -0.0430000 0.3994669
v 0.2347397 -0.0555000 0.3742194
v 0.2109567 -0.0495000 0.4016915
v 0.2668150 -0.0670000 0.3613313
v 0.2347397 -0.0555000 0.3742194
v 0.2443770 -0.0510000 0.3746170
v 0.2443770 -0.0510000 0.3746170
v 0.2594657 -0.0482500 0.3776201
v 0.2668150 -0.0670000 0.3613313
v 0.7401123 -0.1930000 0.9495489
v 0.7369072 -0.1995000 0.9502807
v 0.7857460 -0.2250000 0.9360520
v 0.7857460 -0.2250000 0.9360520
v 0.7369072 -0.1995000 0.9502807
v 0.7851030 -0.2315000 0.9352860
v 0.2406870 -0.0365000 0.4168870
v 0.2252955 -0.0332500 0.4258898
v 0.2359297 -0.0315000 0.4561357
v 0.2567428 -0.0367500 0.4360531
v 0.6187293 -0.1725000 0.8092241
v 0.5800765 -0.1537500 0.8429760
v 0.4894649 -0.1262500 0.7528809
v 0.6187293 -0.1725000 0.8092241
v 0.4894649 -0.1262500 0.7528809
v 0.5371257 -0.1462500 0.7118939
v 0.2680598 -0.0452500 0.3942360
v 0.2893134 -0.0632500 0.3737837
v 0.2594657 -0.0482500 0.3776201
v 0.2893134 -0.0632500 0.3737837
v 0.2680598 -0.0452500 0.3942360
v 0.3041523 -0.0632500 0.3910334
v 0.1666370 -0.1438852 0.1702364
v 0.3273870 -0.1438852 0.3617364
v 0.3134625 -0.1475000 0.3734250
v 0.1527125 -0.1475000 0.1819250
v 0.1784403 -0.1335873 0.1603284
v 0.3391903 -0.1335873 0.3518284
v 0.3273870 -0.1438852 0.3617364
v 0.1666370 -0.1438852 0.1702364
v 0.1863286 -0.1181782 0.1537068
v 0.3470786 -0.1181782 0.3452068
v 0.3391903 -0.1335873 0.3518284
v 0.1784403 -0.1335873 0.1603284
v 0.1890975 -0.1000000 0.1513825
v 0.3498475 -0.1000000 0.3428825
v 0.3470786 -0.1181782 0.3452068
v 0.1863286 -0.1181782 0.1537068
v 0.1863286 -0.0818218 0.1537068
v 0.3470786 -0.0818218 0.3452068
v 0.3498475 -0.1000000 0.3428825
v 0.1890975 -0.1000000 0.1513825
v 0.1784403 -0.0664128 0.1603284
v 0.3391903 -0.0664128 0.3518284
v 0.3470786 -0.0818218 0.3452068
v 0.1863286 -0.0818218 0.1537068
v 0.1666370 -0.0561148 0.1702364
v 0.3273870 -0.0561148 0.3617364
v 0.3391903 -0.0664128 0.3518284
v 0.1784403 -0.0664128 0.1603284
v 0.1527125 -0.0525000 0.1819250
v 0.3134625 -0.0525000 0.3734250
v 0.3273870 -0.0561148 0.3617364
v 0.1666370 -0.0561148 0.1702364
v 0.3273870 -0.1438852 0.3617364
v 0.3251511 -0.1438852 0.3873495
v 0.3134625 -0.1475000 0.3734250
v 0.3273870 -0.1438852 0.3617364
v 0.3428638 -0.1372210 0.3759916
v 0.3251511 -0.1438852 0.3873495
v 0.3391903 -0.1335873 0.3518284
v 0.3428638 -0.1372210 0.3759916
v 0.3273870 -0.1438852 0.3617364
v 0.3391903 -0.1335873 0.3518284
v 0.3553911 -0.1208668 0.3654758
v 0.3428638 -0.1372210 0.3759916
v 0.3470786 -0.1181782 0.3452068
v 0.3553911 -0.1208668 0.3654758
v 0.3391903 -0.1335873 0.3518284
v 0.3470786 -0.1181782 0.3452068
v 0.3587672 -0.1000000 0.3591313
v 0.3553911 -0.1208668 0.3654758
v 0.3498475 -0.1000000 0.3428825
v 0.3587672 -0.1000000 0.3591313
v 0.3470786 -0.1181782 0.3452068
v 0.3428638 -0.1372210 0.3759916
v 0.3350591 -0.1335873 0.3991528
v 0.3251511 -0.1438852 0.3873495
v 0.3428638 -0.1372210 0.3759916
v 0.3533795 -0.1208668 0.3885190
v 0.3350591 -0.1335873 0.3991528
v 0.3553911 -0.1208668 0.3654758
v 0.3533795 -0.1208668 0.3885190
v 0.3428638 -0.1372210 0.3759916
v 0.3553911 -0.1208668 0.3654758
v 0.3607869 -0.1000000 0.3775562
v 0.3533795 -0.1208668 0.3885190
v 0.3587672 -0.1000000 0.3591313
v 0.3607869 -0.1000000 0.3775562
v 0.3553911 -0.1208668 0.3654758
v 0.3533795 -0.1208668 0.3885190
v 0.3416807 -0.1181782 0.4070411
v 0.3350591 -0.1335873 0.3991528
v 0.3533795 -0.1208668 0.3885190
v 0.3556053 -0.1000000 0.3953525
v 0.3416807 -0.1181782 0.4070411
v 0.3607869 -0.1000000 0.3775562
v 0.3556053 -0.1000000 0.3953525
v 0.3533795 -0.1208668 0.3885190
v 0.3556053 -0.1000000 0.3953525
v 0.3440050 -0.1000000 0.4098100
v 0.3416807 -0.1181782 0.4070411
v 0.3134625 -0.0525000 0.3734250
v 0.3251511 -0.0561148 0.3873495
v 0.3273870 -0.0561148 0.3617364
v 0.3251511 -0.0561148 0.3873495
v 0.3428638 -0.0627790 0.3759916
v 0.3273870 -0.0561148 0.3617364
v 0.3273870 -0.0561148 0.3617364
v 0.3428638 -0.0627790 0.3759916
v 0.3391903 -0.0664128 0.3518284
v 0.3428638 -0.0627790 0.3759916
v 0.3553911 -0.0791333 0.3654758
v 0.3391903 -0.0664128 0.3518284
v 0.3391903 -0.0664128 0.3518284
v 0.3553911 -0.0791333 0.3654758
v 0.3470786 -0.0818218 0.3452068
v 0.3553911 -0.0791333 0.3654758
v 0.3587672 -0.1000000 0.3591313
v 0.3470786 -0.0818218 0.3452068
v 0.3470786 -0.0818218 0.3452068
v 0.3587672 -0.1000000 0.3591313
v 0.3498475 -0.1000000 0.3428825
v 0.3251511 -0.0561148 0.3873495
v 0.3350591 -0.0664128 0.3991528
v 0.3428638 -0.0627790 0.3759916
v 0.3350591 -0.0664128 0.3991528
v 0.3533795 -0.0791333 0.3885190
v 0.3428638 -0.0627790 0.3759916
v 0.3428638 -0.0627790 0.3759916
v 0.3533795 -0.0791333 0.3885190
v 0.3553911 -0.0791333 0.3654758
v 0.3533795 -0.0791333 0.3885190
v 0.3607869 -0.1000000 0.3775562
v 0.3553911 -0.0791333 0.3654758
v 0.3553911 -0.0791333 0.3654758
v 0.3607869 -0.1000000 0.3775562
v 0.3587672 -0.1000000 0.3591313
v 0.3350591 -0.0664128 0.3991528
v 0.3416807 -0.0818218 0.4070411
v 0.3533795 -0.0791333 0.3885190
v 0.3416807 -0.0818218 0.4070411
v 0.3556053 -0.1000000 0.3953525
v 0.3533795 -0.0791333 0.3885190
v 0.3533795 -0.0791333 0.3885190
v 0.3556053 -0.1000000 0.3953525
v 0.3607869 -0.1000000 0.3775562
v 0.3416807 -0.0818218 0.4070411
v 0.3440050 -0.1000000 0.4098100
v 0.3556053 -0.1000000 0.3953525
v 0.7653857 -0.2067500 0.8395427
v 0.7888242 -0.1912500 0.8231322
v 0.7961812 -0.2195000 0.8750624
v 0.7642055 -0.2482500 0.9103910
v 0.4293522 -0.0687500 0.2940983
v 0.4293522 -0.0565000 0.2940983
v 0.5149594 -0.0597500 0.3955758
v 0.5147987 -0.0717500 0.3953843
v 0.5147987 -0.0717500 0.3953843
v 0.5125048 -0.0830000 0.3966570
v 0.4275406 -0.0800000 0.2959455
v 0.4293522 -0.0687500 0.2940983
v 0.5125048 -0.0830000 0.3966570
v 0.5065723 -0.0917500 0.4009840
v 0.4219296 -0.0887500 0.3006555
v 0.4275406 -0.0800000 0.2959455
v 0.5065723 -0.0917500 0.4009840
v 0.4982078 -0.0965000 0.4073525
v 0.4139249 -0.0932500 0.3073748
v 0.4219296 -0.0887500 0.3006555
v 0.4951462 -0.0350000 0.4141662
v 0.5078160 -0.0395000 0.4032044
v 0.4212251 -0.0362500 0.3005940
v 0.4083563 -0.0315000 0.3113964
v 0.5078160 -0.0395000 0.4032044
v 0.5133352 -0.0485000 0.3979185
v 0.4272457 -0.0450000 0.2958665
v 0.4212251 -0.0362500 0.3005940
v 0.5133352 -0.0485000 0.3979185
v 0.5149594 -0.0597500 0.3955758
v 0.4293522 -0.0565000 0.2940983
v 0.4272457 -0.0450000 0.2958665
v 0.5974609 -0.0830000 0.4986811
v 0.5147987 -0.0717500 0.3953843
v 0.5149594 -0.0597500 0.3955758
v 0.5979240 -0.0720000 0.4992717
v 0.7477082 -0.1230000 0.7127077
v 0.7475666 -0.1307500 0.7125001
v 0.6748266 -0.1022500 0.6051181
v 0.6752705 -0.0925000 0.6057248
v 0.3686559 -0.0832500 0.2725792
v 0.3387253 -0.0895000 0.2836668
v 0.3378339 -0.0810000 0.2814772
v 0.3690243 -0.0740000 0.2699849
v 0.7808877 -0.1397500 0.8435047
v 0.7506690 -0.1587500 0.8688710
v 0.7798244 -0.1692500 0.8969537
v 0.7808877 -0.1397500 0.8435047
v 0.7265232 -0.0990000 0.7344082
v 0.6992420 -0.1087500 0.7576352
v 0.5064781 -0.0770000 0.5783187
v 0.5311433 -0.0605000 0.5576141
v 0.4459075 -0.0485000 0.4561513
v 0.4212231 -0.0650000 0.4768719
v 0.5311433 -0.0605000 0.5576141
v 0.5583746 -0.0517500 0.5347555
v 0.4731197 -0.0397500 0.4333087
v 0.4459075 -0.0485000 0.4561513
v 0.7265232 -0.0990000 0.7344082
v 0.6546681 -0.0682500 0.6256305
v 0.6433081 -0.0717500 0.6358192
v 0.4459075 -0.0485000 0.4561513
v 0.4731197 -0.0397500 0.4333087
v 0.3849712 -0.0367500 0.3284149
v 0.3564731 -0.0452500 0.3497255
v 0.3493871 -0.0390000 0.3001792
v 0.3688771 -0.0365000 0.3092810
v 0.3553345 -0.0430000 0.2857202
v 0.3418256 -0.0452500 0.3323151
v 0.3564731 -0.0452500 0.3497255
v 0.3849712 -0.0367500 0.3284149
v 0.3688771 -0.0365000 0.3092810
v 0.3324177 -0.0632500 0.3673067
v 0.4212231 -0.0650000 0.4768719
v 0.3564731 -0.0452500 0.3497255
v 0.3418256 -0.0452500 0.3323151
v 0.4139249 -0.0932500 0.3073748
v 0.4982078 -0.0965000 0.4073525
v 0.4419068 -0.1152500 0.4546130
v 0.3501889 -0.1150000 0.3523891
v 0.4139249 -0.0932500 0.3073748
v 0.4419068 -0.1152500 0.4546130
v 0.5797679 -0.1075000 0.5086364
v 0.6566827 -0.1262500 0.6125141
v 0.6080573 -0.1462500 0.6523521
v 0.5253935 -0.1262500 0.5539533
v 0.5797679 -0.1075000 0.5086364
v 0.6080573 -0.1462500 0.6523521
v 0.4982078 -0.0965000 0.4073525
v 0.5797679 -0.1075000 0.5086364
v 0.5253935 -0.1262500 0.5539533
v 0.4419068 -0.1152500 0.4546130
v 0.6542525 -0.1980000 0.7794050
v 0.6080573 -0.1462500 0.6523521
v 0.6897758 -0.1725000 0.7495859
v 0.5725915 -0.1702500 0.6821230
v 0.6080573 -0.1462500 0.6523521
v 0.6542525 -0.1980000 0.7794050
v 0.7297146 -0.1537500 0.7173660
v 0.7888242 -0.1912500 0.8231322
v 0.7653857 -0.2067500 0.8395427
v 0.6897758 -0.1725000 0.7495859
v 0.7297146 -0.1537500 0.7173660
v 0.7653857 -0.2067500 0.8395427
v 0.3501889 -0.1150000 0.3523891
v 0.4419068 -0.1152500 0.4546130
v 0.4066975 -0.1392500 0.4844950
v 0.3182850 -0.1367500 0.3791700
v 0.4899660 -0.1505000 0.5836920
v 0.4066975 -0.1392500 0.4844950
v 0.4419068 -0.1152500 0.4546130
v 0.5253935 -0.1262500 0.5539533
v 0.5725915 -0.1702500 0.6821230
v 0.4899660 -0.1505000 0.5836920
v 0.5253935 -0.1262500 0.5539533
v 0.6080573 -0.1462500 0.6523521
v 0.6897758 -0.1725000 0.7495859
v 0.7653857 -0.2067500 0.8395427
v 0.7298050 -0.2312500 0.8694100
v 0.6542525 -0.1980000 0.7794050
v 0.6897758 -0.1725000 0.7495859
v 0.7298050 -0.2312500 0.8694100
v 0.7298050 -0.2312500 0.8694100
v 0.7653857 -0.2067500 0.8395427
v 0.7642055 -0.2482500 0.9103910
v 0.8082218 -0.1995000 0.8904174
v 0.8078138 -0.2082500 0.8855369
v 0.8036146 -0.1790000 0.8250799
v 0.8064240 -0.1700000 0.8282711
v 0.8082218 -0.1995000 0.8904174
v 0.8036146 -0.1790000 0.8250799
v 0.8078138 -0.2082500 0.8855369
v 0.8037683 -0.2152500 0.8804454
v 0.7973397 -0.1862500 0.8231656
v 0.8036146 -0.1790000 0.8250799
v 0.8078138 -0.2082500 0.8855369
v 0.7973397 -0.1862500 0.8231656
v 0.8060148 -0.1627500 0.8266560
v 0.8043820 -0.1517500 0.8319439
v 0.8036131 -0.1827500 0.8978768
v 0.8069458 -0.1930000 0.8934471
v 0.8060148 -0.1627500 0.8266560
v 0.8036131 -0.1827500 0.8978768
v 0.8043820 -0.1517500 0.8319439
v 0.7973847 -0.1435000 0.8374912
v 0.7959049 -0.1742500 0.8997772
v 0.8036131 -0.1827500 0.8978768
v 0.8043820 -0.1517500 0.8319439
v 0.7959049 -0.1742500 0.8997772
v 0.7973847 -0.1435000 0.8374912
v 0.7808877 -0.1397500 0.8435047
v 0.7798244 -0.1692500 0.8969537
v 0.7959049 -0.1742500 0.8997772
v 0.7973847 -0.1435000 0.8374912
v 0.7798244 -0.1692500 0.8969537
v 0.8069458 -0.1930000 0.8934471
v 0.8082218 -0.1995000 0.8904174
v 0.8064240 -0.1700000 0.8282711
v 0.8060148 -0.1627500 0.8266560
v 0.8069458 -0.1930000 0.8934471
v 0.8064240 -0.1700000 0.8282711
v 0.8037683 -0.2152500 0.8804454
v 0.7961812 -0.2195000 0.8750624
v 0.7888242 -0.1912500 0.8231322
v 0.7973397 -0.1862500 0.8231656
v 0.8037683 -0.2152500 0.8804454
v 0.7888242 -0.1912500 0.8231322
v 0.8069458 -0.1930000 0.8934471
v 0.8036131 -0.1827500 0.8978768
v 0.7842993 -0.2110000 0.9343285
v 0.7857460 -0.2250000 0.9360520
v 0.8069458 -0.1930000 0.8934471
v 0.7842993 -0.2110000 0.9343285
v 0.7851030 -0.2315000 0.9352860
v 0.8078138 -0.2082500 0.8855369
v 0.8082218 -0.1995000 0.8904174
v 0.7806020 -0.2430000 0.9299240
v 0.8078138 -0.2082500 0.8855369
v 0.7851030 -0.2315000 0.9352860
v 0.8064240 -0.1700000 0.8282711
v 0.8036146 -0.1790000 0.8250799
v 0.7441897 -0.1405000 0.7117439
v 0.7475666 -0.1307500 0.7125001
v 0.8064240 -0.1700000 0.8282711
v 0.7441897 -0.1405000 0.7117439
v 0.8037683 -0.2152500 0.8804454
v 0.8078138 -0.2082500 0.8855369
v 0.7806020 -0.2430000 0.9299240
v 0.7727253 -0.2492500 0.9205405
v 0.8037683 -0.2152500 0.8804454
v 0.7806020 -0.2430000 0.9299240
v 0.8036146 -0.1790000 0.8250799
v 0.7973397 -0.1862500 0.8231656
v 0.7379212 -0.1487500 0.7134150
v 0.7441897 -0.1405000 0.7117439
v 0.8036146 -0.1790000 0.8250799
v 0.7379212 -0.1487500 0.7134150
v 0.6718171 -0.1127500 0.6050329
v 0.6748266 -0.1022500 0.6051181
v 0.7475666 -0.1307500 0.7125001
v 0.7441897 -0.1405000 0.7117439
v 0.7441897 -0.1405000 0.7117439
v 0.7379212 -0.1487500 0.7134150
v 0.6652764 -0.1212500 0.6075853
v 0.6718171 -0.1127500 0.6050329
v 0.7441897 -0.1405000 0.7117439
v 0.6652764 -0.1212500 0.6075853
v 0.7727253 -0.2492500 0.9205405
v 0.7642055 -0.2482500 0.9103910
v 0.7961812 -0.2195000 0.8750624
v 0.8037683 -0.2152500 0.8804454
v 0.7727253 -0.2492500 0.9205405
v 0.7961812 -0.2195000 0.8750624
v 0.7973397 -0.1862500 0.8231656
v 0.7888242 -0.1912500 0.8231322
v 0.7297146 -0.1537500 0.7173660
v 0.7379212 -0.1487500 0.7134150
v 0.7973397 -0.1862500 0.8231656
v 0.7297146 -0.1537500 0.7173660
v 0.7379212 -0.1487500 0.7134150
v 0.7297146 -0.1537500 0.7173660
v 0.6566827 -0.1262500 0.6125141
v 0.6652764 -0.1212500 0.6075853
v 0.7379212 -0.1487500 0.7134150
v 0.6566827 -0.1262500 0.6125141
v 0.5947613 -0.0940000 0.4993150
v 0.6748266 -0.1022500 0.6051181
v 0.6718171 -0.1127500 0.6050329
v 0.5974609 -0.0830000 0.4986811
v 0.6748266 -0.1022500 0.6051181
v 0.5947613 -0.0940000 0.4993150
v 0.5974609 -0.0830000 0.4986811
v 0.5947613 -0.0940000 0.4993150
v 0.5125048 -0.0830000 0.3966570
v 0.5147987 -0.0717500 0.3953843
v 0.6718171 -0.1127500 0.6050329
v 0.6652764 -0.1212500 0.6075853
v 0.5884614 -0.1027500 0.5029710
v 0.5947613 -0.0940000 0.4993150
v 0.6718171 -0.1127500 0.6050329
v 0.5884614 -0.1027500 0.5029710
v 0.5947613 -0.0940000 0.4993150
v 0.5884614 -0.1027500 0.5029710
v 0.5065723 -0.0917500 0.4009840
v 0.5125048 -0.0830000 0.3966570
v 0.6652764 -0.1212500 0.6075853
v 0.6566827 -0.1262500 0.6125141
v 0.5797679 -0.1075000 0.5086364
v 0.5884614 -0.1027500 0.5029710
v 0.6652764 -0.1212500 0.6075853
v 0.5797679 -0.1075000 0.5086364
v 0.5884614 -0.1027500 0.5029710
v 0.5797679 -0.1075000 0.5086364
v 0.4982078 -0.0965000 0.4073525
v 0.5065723 -0.0917500 0.4009840
v 0.5884614 -0.1027500 0.5029710
v 0.4982078 -0.0965000 0.4073525
v 0.7701533 -0.1870000 0.9174765
v 0.7802805 -0.1990000 0.9295410
v 0.7959049 -0.1742500 0.8997772
v 0.7798244 -0.1692500 0.8969537
v 0.7701533 -0.1870000 0.9174765
v 0.7959049 -0.1742500 0.8997772
v 0.7410383 -0.1022500 0.7238560
v 0.7265232 -0.0990000 0.7344082
v 0.7808877 -0.1397500 0.8435047
v 0.7973847 -0.1435000 0.8374912
v 0.7410383 -0.1022500 0.7238560
v 0.7808877 -0.1397500 0.8435047
v 0.8036131 -0.1827500 0.8978768
v 0.7959049 -0.1742500 0.8997772
v 0.7802805 -0.1990000 0.9295410
v 0.7842993 -0.2110000 0.9343285
v 0.8036131 -0.1827500 0.8978768
v 0.7802805 -0.1990000 0.9295410
v 0.7467189 -0.1112500 0.7171290
v 0.7410383 -0.1022500 0.7238560
v 0.7973847 -0.1435000 0.8374912
v 0.8043820 -0.1517500 0.8319439
v 0.7467189 -0.1112500 0.7171290
v 0.7973847 -0.1435000 0.8374912
v 0.7265232 -0.0990000 0.7344082
v 0.7410383 -0.1022500 0.7238560
v 0.6684213 -0.0722500 0.6150650
v 0.6546681 -0.0682500 0.6256305
v 0.7265232 -0.0990000 0.7344082
v 0.6684213 -0.0722500 0.6150650
v 0.7410383 -0.1022500 0.7238560
v 0.7467189 -0.1112500 0.7171290
v 0.6740212 -0.0810000 0.6090586
v 0.6684213 -0.0722500 0.6150650
v 0.7410383 -0.1022500 0.7238560
v 0.6740212 -0.0810000 0.6090586
v 0.8043820 -0.1517500 0.8319439
v 0.8060148 -0.1627500 0.8266560
v 0.7477082 -0.1230000 0.7127077
v 0.7467189 -0.1112500 0.7171290
v 0.8043820 -0.1517500 0.8319439
v 0.7477082 -0.1230000 0.7127077
v 0.6752705 -0.0925000 0.6057248
v 0.7467189 -0.1112500 0.7171290
v 0.7477082 -0.1230000 0.7127077
v 0.6740212 -0.0810000 0.6090586
v 0.7467189 -0.1112500 0.7171290
v 0.6752705 -0.0925000 0.6057248
v 0.6546681 -0.0682500 0.6256305
v 0.6684213 -0.0722500 0.6150650
v 0.5909296 -0.0517500 0.5074279
v 0.5779650 -0.0472500 0.5183107
v 0.6546681 -0.0682500 0.6256305
v 0.5909296 -0.0517500 0.5074279
v 0.5078160 -0.0395000 0.4032044
v 0.4951462 -0.0350000 0.4141662
v 0.5779650 -0.0472500 0.5183107
v 0.5909296 -0.0517500 0.5074279
v 0.5078160 -0.0395000 0.4032044
v 0.5779650 -0.0472500 0.5183107
v 0.6684213 -0.0722500 0.6150650
v 0.6740212 -0.0810000 0.6090586
v 0.5965446 -0.0605000 0.5020617
v 0.5909296 -0.0517500 0.5074279
v 0.6684213 -0.0722500 0.6150650
v 0.5965446 -0.0605000 0.5020617
v 0.5133352 -0.0485000 0.3979185
v 0.5078160 -0.0395000 0.4032044
v 0.5909296 -0.0517500 0.5074279
v 0.5965446 -0.0605000 0.5020617
v 0.6740212 -0.0810000 0.6090586
v 0.6752705 -0.0925000 0.6057248
v 0.5979240 -0.0720000 0.4992717
v 0.5965446 -0.0605000 0.5020617
v 0.6740212 -0.0810000 0.6090586
v 0.5979240 -0.0720000 0.4992717
v 0.5965446 -0.0605000 0.5020617
v 0.5979240 -0.0720000 0.4992717
v 0.5149594 -0.0597500 0.3955758
v 0.5133352 -0.0485000 0.3979185
v 0.6748266 -0.1022500 0.6051181
v 0.5974609 -0.0830000 0.4986811
v 0.5979240 -0.0720000 0.4992717
v 0.6752705 -0.0925000 0.6057248
v 0.7475666 -0.1307500 0.7125001
v 0.7477082 -0.1230000 0.7127077
v 0.8060148 -0.1627500 0.8266560
v 0.8064240 -0.1700000 0.8282711
v 0.7475666 -0.1307500 0.7125001
v 0.8060148 -0.1627500 0.8266560
v 0.3299940 -0.0622500 0.2877318
v 0.3378339 -0.0810000 0.2814772
v 0.3142586 -0.0950000 0.3061635
v 0.3112064 -0.0692500 0.3191716
v 0.3299940 -0.0622500 0.2877318
v 0.3142586 -0.0950000 0.3061635
v 0.3378339 -0.0810000 0.2814772
v 0.3387253 -0.0895000 0.2836668
v 0.3180225 -0.1025000 0.3059419
v 0.3142586 -0.0950000 0.3061635
v 0.3378339 -0.0810000 0.2814772
v 0.3180225 -0.1025000 0.3059419
v 0.3188020 -0.1085000 0.3108370
v 0.3387253 -0.0895000 0.2836668
v 0.3394282 -0.0965000 0.2886263
v 0.3180225 -0.1025000 0.3059419
v 0.3387253 -0.0895000 0.2836668
v 0.3188020 -0.1085000 0.3108370
v 0.3686559 -0.0832500 0.2725792
v 0.3672603 -0.0905000 0.2779944
v 0.3394282 -0.0965000 0.2886263
v 0.3387253 -0.0895000 0.2836668
v 0.3686559 -0.0832500 0.2725792
v 0.3394282 -0.0965000 0.2886263
v 0.3394282 -0.0965000 0.2886263
v 0.3404595 -0.1010000 0.2959215
v 0.3220275 -0.1130000 0.3175962
v 0.3188020 -0.1085000 0.3108370
v 0.3394282 -0.0965000 0.2886263
v 0.3220275 -0.1130000 0.3175962
v 0.3672603 -0.0905000 0.2779944
v 0.3652973 -0.0950000 0.2858445
v 0.3404595 -0.1010000 0.2959215
v 0.3394282 -0.0965000 0.2886263
v 0.3672603 -0.0905000 0.2779944
v 0.3404595 -0.1010000 0.2959215
v 0.3686559 -0.0832500 0.2725792
v 0.3690243 -0.0740000 0.2699849
v 0.4022119 -0.0705000 0.2744437
v 0.4007484 -0.0805000 0.2769779
v 0.4007484 -0.0805000 0.2769779
v 0.4293522 -0.0687500 0.2940983
v 0.4275406 -0.0800000 0.2959455
v 0.4022119 -0.0705000 0.2744437
v 0.4293522 -0.0687500 0.2940983
v 0.4007484 -0.0805000 0.2769779
v 0.4007484 -0.0805000 0.2769779
v 0.3974651 -0.0885000 0.2826720
v 0.3672603 -0.0905000 0.2779944
v 0.3686559 -0.0832500 0.2725792
v 0.4007484 -0.0805000 0.2769779
v 0.3672603 -0.0905000 0.2779944
v 0.4275406 -0.0800000 0.2959455
v 0.4219296 -0.0887500 0.3006555
v 0.3974651 -0.0885000 0.2826720
v 0.4007484 -0.0805000 0.2769779
v 0.3974651 -0.0885000 0.2826720
v 0.3922169 -0.0935000 0.2903418
v 0.3652973 -0.0950000 0.2858445
v 0.3672603 -0.0905000 0.2779944
v 0.3220275 -0.1130000 0.3175962
v 0.3404595 -0.1010000 0.2959215
v 0.3501889 -0.1150000 0.3523891
v 0.3501889 -0.1150000 0.3523891
v 0.3404595 -0.1010000 0.2959215
v 0.3652973 -0.0950000 0.2858445
v 0.3501889 -0.1150000 0.3523891
v 0.3652973 -0.0950000 0.2858445
v 0.3922169 -0.0935000 0.2903418
v 0.3501889 -0.1150000 0.3523891
v 0.3922169 -0.0935000 0.2903418
v 0.4139249 -0.0932500 0.3073748
v 0.3922169 -0.0935000 0.2903418
v 0.4219296 -0.0887500 0.3006555
v 0.4139249 -0.0932500 0.3073748
v 0.3974651 -0.0885000 0.2826720
v 0.4219296 -0.0887500 0.3006555
v 0.3922169 -0.0935000 0.2903418
v 0.3623118 -0.0580000 0.2710493
v 0.3690243 -0.0740000 0.2699849
v 0.3378339 -0.0810000 0.2814772
v 0.3299940 -0.0622500 0.2877318
v 0.3623118 -0.0580000 0.2710493
v 0.3378339 -0.0810000 0.2814772
v 0.3989041 -0.0567500 0.2733031
v 0.4022119 -0.0705000 0.2744437
v 0.3690243 -0.0740000 0.2699849
v 0.3623118 -0.0580000 0.2710493
v 0.3989041 -0.0567500 0.2733031
v 0.3690243 -0.0740000 0.2699849
v 0.4293522 -0.0565000 0.2940983
v 0.4293522 -0.0687500 0.2940983
v 0.4022119 -0.0705000 0.2744437
v 0.3989041 -0.0567500 0.2733031
v 0.4293522 -0.0565000 0.2940983
v 0.4022119 -0.0705000 0.2744437
v 0.3957478 -0.0465000 0.2769319
v 0.3906226 -0.0385000 0.2831927
v 0.4212251 -0.0362500 0.3005940
v 0.4272457 -0.0450000 0.2958665
v 0.3957478 -0.0465000 0.2769319
v 0.4212251 -0.0362500 0.3005940
v 0.3906226 -0.0385000 0.2831927
v 0.3804105 -0.0332500 0.2956823
v 0.4083563 -0.0315000 0.3113964
v 0.4212251 -0.0362500 0.3005940
v 0.3906226 -0.0385000 0.2831927
v 0.4083563 -0.0315000 0.3113964
v 0.3804105 -0.0332500 0.2956823
v 0.3553345 -0.0430000 0.2857202
v 0.3688771 -0.0365000 0.3092810
v 0.3906226 -0.0385000 0.2831927
v 0.3553345 -0.0430000 0.2857202
v 0.3804105 -0.0332500 0.2956823
v 0.3266071 -0.0510000 0.3055910
v 0.3269503 -0.0482500 0.3209719
v 0.3493871 -0.0390000 0.3001792
v 0.3553345 -0.0430000 0.2857202
v 0.3278853 -0.0555000 0.2960306
v 0.3266071 -0.0510000 0.3055910
v 0.3493871 -0.0390000 0.3001792
v 0.3109137 -0.0647500 0.3357392
v 0.3180001 -0.0632500 0.3497033
v 0.3269503 -0.0482500 0.3209719
v 0.3269503 -0.0482500 0.3209719
v 0.3096345 -0.0670000 0.3253877
v 0.3109137 -0.0647500 0.3357392
v 0.4212231 -0.0650000 0.4768719
v 0.4459075 -0.0485000 0.4561513
v 0.3564731 -0.0452500 0.3497255
v 0.4083563 -0.0315000 0.3113964
v 0.4731197 -0.0397500 0.4333087
v 0.4951462 -0.0350000 0.4141662
v 0.3849712 -0.0367500 0.3284149
v 0.4731197 -0.0397500 0.4333087
v 0.4083563 -0.0315000 0.3113964
v 0.7701533 -0.1870000 0.9174765
v 0.7798244 -0.1692500 0.8969537
v 0.7506690 -0.1587500 0.8688710
v 0.7381640 -0.1707500 0.8793680
v 0.7701533 -0.1870000 0.9174765
v 0.7506690 -0.1587500 0.8688710
v 0.6992420 -0.1087500 0.7576352
v 0.6745768 -0.1255000 0.7783397
v 0.7506690 -0.1587500 0.8688710
v 0.7808877 -0.1397500 0.8435047
v 0.6992420 -0.1087500 0.7576352
v 0.7506690 -0.1587500 0.8688710
v 0.6745768 -0.1255000 0.7783397
v 0.6621293 -0.1372500 0.7887885
v 0.7381640 -0.1707500 0.8793680
v 0.7506690 -0.1587500 0.8688710
v 0.6160768 -0.0805000 0.6586779
v 0.5914116 -0.0972500 0.6793825
v 0.6745768 -0.1255000 0.7783397
v 0.6992420 -0.1087500 0.7576352
v 0.6745768 -0.1255000 0.7783397
v 0.5914116 -0.0972500 0.6793825
v 0.5790215 -0.1087500 0.6897830
v 0.6621293 -0.1372500 0.7887885
v 0.5790215 -0.1087500 0.6897830
v 0.5914116 -0.0972500 0.6793825
v 0.5064781 -0.0770000 0.5783187
v 0.4941455 -0.0880000 0.5886710
v 0.5790215 -0.1087500 0.6897830
v 0.5064781 -0.0770000 0.5783187
v 0.4951462 -0.0350000 0.4141662
v 0.4731197 -0.0397500 0.4333087
v 0.5583746 -0.0517500 0.5347555
v 0.5779650 -0.0472500 0.5183107
v 0.4951462 -0.0350000 0.4141662
v 0.5583746 -0.0517500 0.5347555
v 0.4212231 -0.0650000 0.4768719
v 0.4089480 -0.0762500 0.4871760
v 0.4941455 -0.0880000 0.5886710
v 0.5064781 -0.0770000 0.5783187
v 0.3324177 -0.0632500 0.3673067
v 0.4089480 -0.0762500 0.4871760
v 0.4212231 -0.0650000 0.4768719
v 0.3182850 -0.0752500 0.3791700
v 0.4089480 -0.0762500 0.4871760
v 0.3324177 -0.0632500 0.3673067
v 0.6992420 -0.1087500 0.7576352
v 0.7265232 -0.0990000 0.7344082
v 0.6433081 -0.0717500 0.6358192
v 0.6160768 -0.0805000 0.6586779
v 0.6992420 -0.1087500 0.7576352
v 0.6433081 -0.0717500 0.6358192
v 0.5914116 -0.0972500 0.6793825
v 0.6160768 -0.0805000 0.6586779
v 0.5311433 -0.0605000 0.5576141
v 0.5064781 -0.0770000 0.5783187
v 0.6160768 -0.0805000 0.6586779
v 0.6433081 -0.0717500 0.6358192
v 0.5583746 -0.0517500 0.5347555
v 0.5311433 -0.0605000 0.5576141
v 0.3493871 -0.0390000 0.3001792
v 0.3269503 -0.0482500 0.3209719
v 0.3418256 -0.0452500 0.3323151
v 0.3688771 -0.0365000 0.3092810
v 0.3493871 -0.0390000 0.3001792
v 0.3418256 -0.0452500 0.3323151
v 0.5779650 -0.0472500 0.5183107
v 0.5583746 -0.0517500 0.5347555
v 0.6433081 -0.0717500 0.6358192
v 0.6546681 -0.0682500 0.6256305
v 0.5779650 -0.0472500 0.5183107
v 0.6433081 -0.0717500 0.6358192
v 0.3989041 -0.0567500 0.2733031
v 0.3957478 -0.0465000 0.2769319
v 0.4272457 -0.0450000 0.2958665
v 0.4293522 -0.0565000 0.2940983
v 0.3989041 -0.0567500 0.2733031
v 0.4272457 -0.0450000 0.2958665
v 0.3957478 -0.0465000 0.2769319
v 0.3989041 -0.0567500 0.2733031
v 0.3623118 -0.0580000 0.2710493
v 0.3590628 -0.0495000 0.2773675
v 0.3957478 -0.0465000 0.2769319
v 0.3623118 -0.0580000 0.2710493
v 0.3590628 -0.0495000 0.2773675
v 0.3623118 -0.0580000 0.2710493
v 0.3299940 -0.0622500 0.2877318
v 0.3278853 -0.0555000 0.2960306
v 0.3590628 -0.0495000 0.2773675
v 0.3299940 -0.0622500 0.2877318
v 0.3278853 -0.0555000 0.2960306
v 0.3299940 -0.0622500 0.2877318
v 0.3112064 -0.0692500 0.3191716
v 0.3096345 -0.0670000 0.3253877
v 0.3278853 -0.0555000 0.2960306
v 0.3112064 -0.0692500 0.3191716
v 0.3590628 -0.0495000 0.2773675
v 0.3553345 -0.0430000 0.2857202
v 0.3906226 -0.0385000 0.2831927
v 0.3957478 -0.0465000 0.2769319
v 0.3590628 -0.0495000 0.2773675
v 0.3906226 -0.0385000 0.2831927
v 0.3590628 -0.0495000 0.2773675
v 0.3278853 -0.0555000 0.2960306
v 0.3553345 -0.0430000 0.2857202
v 0.3266071 -0.0510000 0.3055910
v 0.3278853 -0.0555000 0.2960306
v 0.3096345 -0.0670000 0.3253877
v 0.3096345 -0.0670000 0.3253877
v 0.3269503 -0.0482500 0.3209719
v 0.3266071 -0.0510000 0.3055910
v 0.7857460 -0.2250000 0.9360520
v 0.8082218 -0.1995000 0.8904174
v 0.8069458 -0.1930000 0.8934471
v 0.7851030 -0.2315000 0.9352860
v 0.8082218 -0.1995000 0.8904174
v 0.7857460 -0.2250000 0.9360520
v 0.3849712 -0.0367500 0.3284149
v 0.4083563 -0.0315000 0.3113964
v 0.3804105 -0.0332500 0.2956823
v 0.3688771 -0.0365000 0.3092810
v 0.6566827 -0.1262500 0.6125141
v 0.7297146 -0.1537500 0.7173660
v 0.6897758 -0.1725000 0.7495859
v 0.6080573 -0.1462500 0.6523521
v 0.6566827 -0.1262500 0.6125141
v 0.6897758 -0.1725000 0.7495859
v 0.3269503 -0.0482500 0.3209719
v 0.3180001 -0.0632500 0.3497033
v 0.3418256 -0.0452500 0.3323151
v 0.3324177 -0.0632500 0.3673067
v 0.3418256 -0.0452500 0.3323151
v 0.3180001 -0.0632500 0.3497033
s off
f 1 2 3
f 1 3 4
f 5 6 7
f 5 7 8
f 9 10 11
f 9 11 12
f 13 14 15
f 13 15 16
f 17 18 19
f 17 19 20
f 21 22 23
f 21 23 24
f 25 26 27
f 25 27 28
f 29 30 31
f 29 31 32
f 33 34 35
f 33 35 36
f 37 38 39
f 37 39 40
f 41 42 43
f 41 43 44
f 45 46 47
f 45 47 48
f 49 50 51
f 49 51 52
f 53 54 55
f 53 55 56
f 57 58 59
f 57 59 60
f 61 62 63
f 61 63 64
f 65 66 67
f 65 67 68
f 69 70 71
f 69 71 72
f 73 74 75
f 73 75 76
f 77 78 79
f 77 79 80
f 81 82 83
f 81 83 84
f 85 86 87
f 85 87 88
f 89 90 91
f 89 91 92
f 93 94 95
f 93 95 96
f 97 98 99
f 97 99 100
f 101 102 103
f 101 103 104
f 105 106 107
f 105 107 108
f 109 110 111
f 109 111 112
f 113 114 115
f 113 115 116
f 117 118 119
f 117 119 120
f 121 122 123
f 121 123 124
f 125 126 127
f 125 127 128
f 129 130 131
f 129 131 132
f 133 134 135
f 133 135 136
f 137 138 139
f 137 139 140
f 141 142 143
f 141 143 144
f 145 146 147
f 145 147 148
f 149 150 151
f 149 151 152
f 153 154 155
f 153 155 156
f 157 158 159
f 157 159 160
f 161 162 163
f 161 163 164
f 165 166 167
f 165 167 168
f 169 170 171
f 169 171 172
f 173 174 175
f 173 175 176
f 177 178 179
f 177 179 180
f 181 182 183
f 181 183 184
f 185 186 187
f 185 187 188
f 189 190 191
f 189 191 192
f 193 194 195
f 193 195 196
f 197 198 199
f 197 199 200
f 201 202 203
f 201 203 204
f 205 206 207
f 205 207 208
f 209 210 211
f 209 211 212
f 213 214 215
f 213 215 216
f 217 218 219
f 217 219 220
f 221 222 223
f 221 223 224
f 225 226 227
f 225 227 228
f 229 230 231
f 229 231 232
f 233 234 235
f 233 235 236
f 237 238 239
f 237 239 240
f 241 242 243
f 241 243 244
f 245 246 247
f 245 247 248
f 249 250 251
f 249 251 252
f 253 254 255
f 253 255 256
f 257 258 259
f 257 259 260
f 261 262 263
f 261 263 264
f 265 266 267
f 265 267 268
f 269 270 271
f 269 271 272
f 273 274 275
f 273 275 276
f 277 278 279
f 277 279 280
f 281 282 283
f 281 283 284
f 285 286 287
f 285 287 288
f 289 290 291
f 289 291 292
f 293 294 295
f 293 295 296
f 297 298 299
f 297 299 300
f 301 302 303
f 301 303 304
f 305 306 307
f 305 307 308
f 309 310 311
f 309 311 312
f 313 314 315
f 313 315 316
f 317 318 319
f 317 319 320
f 321 322 323
f 321 323 324
f 325 326 327
f 325 327 328
f 329 330 331
f 329 331 332
f 333 334 335
f 333 335 336
f 337 338 339
f 337 339 340
f 341 342 343
f 341 343 344
f 345 346 347
f 345 347 348
f 349 350 351
f 349 351 352
f 353 354 355
f 353 355 356
f 357 358 359
f 357 359 360
f 361 362 363
f 361 363 364
f 365 366 367
f 365 367 368
f 369 370 371
f 369 371 372
f 373 374 375
f 373 375 376
f 377 378 379
f 377 379 380
f 381 382 383
f 381 383 384
f 385 386 387
f 385 387 388
f 389 390 391
f 389 391 392
f 393 394 395
f 393 395 396
f 397 398 399
f 397 399 400
f 401 402 403
f 401 403 404
f 405 406 407
f 405 407 408
f 409 410 411
f 409 411 412
f 413 414 415
f 413 415 416
f 417 418 419
f 417 419 420
f 421 422 423
f 421 423 424
f 425 426 427
f 425 427 428
f 429 430 431
f 429 431 432
f 433 434 435
f 433 435 436
f 437 438 439
f 437 439 440
f 441 442 443
f 441 443 444
f 445 446 447
f 445 447 448
f 449 450 451
f 449 451 452
f 453 454 455
f 453 455 456
f 457 458 459
f 457 459 460
f 461 462 463
f 461 463 464
f 465 466 467
f 465 467 468
f 469 470 471
f 469 471 472
f 473 474 475
f 473 475 476
f 477 478 479
f 477 479 480
f 481 482 483
f 481 483 484
f 485 486 487
f 485 487 488
f 489 490 491
f 489 491 492
f 493 494 495
f 493 495 496
f 497 498 499
f 497 499 500
f 501 502 503
f 501 503 504
f 505 506 507
f 505 507 508
f 509 510 511
f 509 511 512
f 513 514 515
f 513 515 516
f 517 518 519
f 517 519 520
f 521 522 523
f 521 523 524
f 525 526 527
f 525 527 528
f 529 530 531
f 529 531 532
f 533 534 535
f 533 535 536
f 537 538 539
f 537 539 540
f 541 542 543
f 541 543 544
f 545 546 547
f 545 547 548
f 549 550 551
f 549 551 552
f 553 554 555
f 553 555 556
f 557 558 559
f 557 559 560
f 561 562 563
f 561 563 564
f 565 566 567
f 565 567 568
f 569 570 571
f 569 571 572
f 573 574 575
f 573 575 576
f 577 578 579
f 577 579 580
f 581 582 583
f 581 583 584
f 585 586 587
f 585 587 588
f 589 590 591
f 589 591 592
f 593 594 595
f 593 595 596
f 597 598 599
f 597 599 600
f 601 602 603
f 601 603 604
f 605 606 607
f 605 607 608
f 609 610 611
f 609 611 612
f 613 614 615
f 613 615 616
f 617 618 619
f 617 619 620
f 621 622 623
f 621 623 624
f 625 626 627
f 625 627 628
f 629 630 631
f 629 631 632
f 633 634 635
f 633 635 636
f 637 638 639
f 637 639 640
f 641 642 643
f 641 643 644
f 645 646 647
f 645 647 648
f 649 650 651
f 649 651 652
f 653 654 655
f 653 655 656
f 657 658 659
f 657 659 660
f 661 662 663
f 661 663 664
f 665 666 667
f 665 667 668
f 669 670 671
f 669 671 672
f 673 674 675
f 673 675 676
f 677 678 679
f 677 679 680
f 681 682 683
f 681 683 684
f 685 686 687
f 685 687 688
f 689 690 691
f 689 691 692
f 693 694 695
f 693 695 696
f 697 698 699
f 697 699 700
f 701 702 703
f 701 703 704
f 705 706 707
f 705 707 708
f 709 710 711
f 709 711 712
f 713 714 715
f 713 715 716
f 717 718 719
f 717 719 720
f 721 722 723
f 721 723 724
f 725 726 727
f 725 727 728
f 729 730 731
f 729 731 732
f 733 734 735
f 733 735 736
f 737 738 739
f 737 739 740
f 741 742 743
f 741 743 744
f 745 746 747
f 745 747 748
f 749 750 751
f 749 751 752
f 753 754 755
f 753 755 756
f 757 758 759
f 757 759 760
f 761 762 763
f 761 763 764
f 765 766 767
f 765 767 768
f 769 770 771
f 769 771 772
f 773 774 775
f 773 775 776
f 777 778 779
f 777 779 780
f 781 782 783
f 781 783 784
f 785 786 787
f 785 787 788
f 789 790 791
f 789 791 792
f 793 794 795
f 793 795 796
f 797 798 799
f 797 799 800
f 801 802 803
f 804 805 806
f 807 808 809
f 810 811 812
f 813 814 815
f 816 817 818
f 819 820 821
f 822 823 824
f 825 826 827
f 828 829 830
f 831 832 833
f 834 835 836
f 837 838 839
f 840 841 842
f 843 844 845
f 846 847 848
f 849 850 851
f 852 853 854
f 855 856 857
f 858 859 860
f 861 862 863
f 864 865 866
f 867 868 869
f 870 871 872
f 873 874 875
f 876 877 878
f 879 880 881
f 882 883 884
f 885 886 887
f 888 889 890
f 891 892 893
f 894 895 896
f 897 898 899
f 897 899 900
f 901 902 903
f 901 903 904
f 905 906 907
f 905 907 908
f 909 910 911
f 909 911 912
f 913 914 915
f 913 915 916
f 917 918 919
f 917 919 920
f 921 922 923
f 921 923 924
f 925 926 927
f 925 927 928
f 929 930 931
f 929 931 932
f 933 934 935
f 933 935 936
f 937 938 939
f 937 939 940
f 941 942 943
f 944 945 946
f 947 948 949
f 947 949 950
f 951 952 953
f 951 953 954
f 955 956 957
f 958 959 960
f 958 960 961
f 962 963 964
f 965 966 967
f 965 967 968
f 969 970 971
f 969 971 972
f 973 974 975
f 976 977 978
f 979 980 981
f 982 983 984
f 985 986 987
f 985 987 988
f 989 990 991
f 992 993 994
f 995 996 997
f 998 999 1000
f 1001 1002 1003
f 1001 1003 1004
f 1005 1006 1007
f 1005 1007 1008
f 1009 1010 1011
f 1009 1011 1012
f 1013 1014 1015
f 1016 1017 1018
f 1019 1020 1021
f 1022 1023 1024
f 1025 1026 1027
f 1028 1029 1030
f 1031 1032 1033
f 1034 1035 1036
f 1037 1038 1039
f 1040 1041 1042
f 1043 1044 1045
f 1046 1047 1048
f 1049 1050 1051
f 1052 1053 1054
f 1055 1056 1057
f 1058 1059 1060
f 1061 1062 1063
f 1064 1065 1066
f 1067 1068 1069
f 1070 1071 1072
f 1073 1074 1075
f 1076 1077 1078
f 1079 1080 1081
f 1082 1083 1084
f 1085 1086 1087
f 1088 1089 1090
f 1091 1092 1093
f 1094 1095 1096
f 1094 1096 1097
f 1098 1099 1100
f 1101 1102 1103
f 1104 1105 1106
f 1107 1108 1109
f 1110 1111 1112
f 1113 1114 1115
f 1116 1117 1118
f 1119 1120 1121
f 1122 1123 1124
f 1125 1126 1127
f 1128 1129 1130
f 1128 1130 1131
f 1132 1133 1134
f 1135 1136 1137
f 1138 1139 1140
f 1138 1140 1141
f 1142 1143 1144
f 1145 1146 1147
f 1148 1149 1150
f 1151 1152 1153
f 1154 1155 1156
f 1157 1158 1159
f 1160 1161 1162
f 1163 1164 1165
f 1166 1167 1168
f 1169 1170 1171
f 1172 1173 1174
f 1175 1176 1177
f 1178 1179 1180
f 1181 1182 1183
f 1184 1185 1186
f 1187 1188 1189
f 1190 1191 1192
f 1193 1194 1195
f 1196 1197 1198
f 1199 1200 1201
f 1202 1203 1204
f 1205 1206 1207
f 1208 1209 1210
f 1211 1212 1213
f 1214 1215 1216
f 1217 1218 1219
f 1220 1221 1222
f 1220 1222 1223
f 1224 1225 1226
f 1227 1228 1229
f 1230 1231 1232
f 1230 1232 1233
f 1234 1235 1236
f 1234 1236 1237
f 1238 1239 1240
f 1241 1242 1243
f 1244 1245 1246
f 1247 1248 1249
f 1250 1251 1252
f 1253 1254 1255
f 1256 1257 1258
f 1259 1260 1261
f 1262 1263 1264
f 1265 1266 1267
f 1268 1269 1270
f 1271 1272 1273
f 1274 1275 1276
f 1277 1278 1279
f 1280 1281 1282
f 1280 1282 1283
f 1284 1285 1286
f 1287 1288 1289
f 1290 1291 1292
f 1293 1294 1295
f 1296 1297 1298
f 1296 1298 1299
f 1300 1301 1302
f 1300 1302 1303
f 1304 1305 1306
f 1307 1308 1309
f 1310 1311 1312
f 1313 1314 1315
f 1316 1317 1318
f 1319 1320 1321
f 1322 1323 1324
f 1325 1326 1327
f 1328 1329 1330
f 1331 1332 1333
f 1334 1335 1336
f 1337 1338 1339
f 1340 1341 1342
f 1343 1344 1345
f 1346 1347 1348
f 1349 1350 1351
f 1352 1353 1354
f 1355 1356 1357
f 1358 1359 1360
f 1361 1362 1363
f 1361 1363 1364
f 1365 1366 1367
f 1368 1369 1370
f 1371 1372 1373
f 1374 1375 1376
f 1377 1378 1379
f 1380 1381 1382
f 1383 1384 1385
f 1386 1387 1388
f 1389 1390 1391
f 1392 1393 1394
f 1392 1394 1395
f 1396 1397 1398
f 1396 1398 1399
f 1400 1401 1402
f 1400 1402 1403
f 1404 1405 1406
f 1407 1408 1409
f 1410 1411 1412
f 1413 1414 1415
f 1416 1417 1418
f 1416 1418 1419
f 1420 1421 1422
f 1423 1424 1425
f 1426 1427 1428
f 1429 1430 1431
f 1432 1433 1434
f 1432 1434 1435
f 1436 1437 1438
f 1436 1438 1439
f 1440 1441 1442
f 1443 1444 1445
f 1446 1447 1448
f 1449 1450 1451
f 1452 1453 1454
f 1455 1456 1457
f 1458 1459 1460
f 1461 1462 1463
f 1464 1465 1466
f 1467 1468 1469
f 1470 1471 1472
f 1473 1474 1475
f 1476 1477 1478
f 1479 1480 1481
f 1482 1483 1484
f 1485 1486 1487
f 1488 1489 1490
f 1491 1492 1493
f 1494 1495 1496
f 1497 1498 1499
f 1497 1499 1500
f 1501 1502 1503
f 1504 1505 1506
f 1507 1508 1509
f 1510 1511 1512
f 1513 1514 1515
f 1513 1515 1516
f 1517 1518 1519
f 1517 1519 1520
f 1521 1522 1523
f 1521 1523 1524
f 1525 1526 1527
f 1525 1527 1528
f 1529 1530 1531
f 1529 1531 1532
f 1533 1534 1535
f 1533 1535 1536
f 1537 1538 1539
f 1537 1539 1540
f 1541 1542 1543
f 1541 1543 1544
f 1545 1546 1547
f 1548 1549 1550
f 1551 1552 1553
f 1554 1555 1556
f 1557 1558 1559
f 1560 1561 1562
f 1563 1564 1565
f 1566 1567 1568
f 1569 1570 1571
f 1572 1573 1574
f 1575 1576 1577
f 1578 1579 1580
f 1581 1582 1583
f 1584 1585 1586
f 1587 1588 1589
f 1590 1591 1592
f 1593 1594 1595
f 1596 1597 1598
f 1599 1600 1601
f 1602 1603 1604
f 1605 1606 1607
f 1608 1609 1610
f 1611 1612 1613
f 1614 1615 1616
f 1617 1618 1619
f 1620 1621 1622
f 1623 1624 1625
f 1626 1627 1628
f 1629 1630 1631
f 1632 1633 1634
f 1635 1636 1637
f 1638 1639 1640
f 1641 1642 1643
f 1641 1643 1644
f 1645 1646 1647
f 1645 1647 1648
f 1649 1650 1651
f 1649 1651 1652
f 1653 1654 1655
f 1653 1655 1656
f 1657 1658 1659
f 1657 1659 1660
f 1661 1662 1663
f 1661 1663 1664
f 1665 1666 1667
f 1665 1667 1668
f 1669 1670 1671
f 1669 1671 1672
f 1673 1674 1675
f 1673 1675 1676
f 1677 1678 1679
f 1677 1679 1680
f 1681 1682 1683
f 1681 1683 1684
f 1685 1686 1687
f 1688 1689 1690
f 1691 1692 1693
f 1691 1693 1694
f 1695 1696 1697
f 1695 1697 1698
f 1699 1700 1701
f 1702 1703 1704
f 1702 1704 1705
f 1706 1707 1708
f 1709 1710 1711
f 1709 1711 1712
f 1713 1714 1715
f 1713 1715 1716
f 1717 1718 1719
f 1720 1721 1722
f 1723 1724 1725
f 1726 1727 1728
f 1729 1730 1731
f 1729 1731 1732
f 1733 1734 1735
f 1736 1737 1738
f 1739 1740 1741
f 1742 1743 1744
f 1745 1746 1747
f 1745 1747 1748
f 1749 1750 1751
f 1749 1751 1752
f 1753 1754 1755
f 1753 1755 1756
f 1757 1758 1759
f 1760 1761 1762
f 1763 1764 1765
f 1766 1767 1768
f 1769 1770 1771
f 1772 1773 1774
f 1775 1776 1777
f 1778 1779 1780
f 1781 1782 1783
f 1784 1785 1786
f 1787 1788 1789
f 1790 1791 1792
f 1793 1794 1795
f 1796 1797 1798
f 1799 1800 1801
f 1802 1803 1804
f 1805 1806 1807
f 1808 1809 1810
f 1811 1812 1813
f 1814 1815 1816
f 1817 1818 1819
f 1820 1821 1822
f 1823 1824 1825
f 1826 1827 1828
f 1829 1830 1831
f 1832 1833 1834
f 1835 1836 1837
f 1838 1839 1840
f 1838 1840 1841
f 1842 1843 1844
f 1845 1846 1847
f 1848 1849 1850
f 1851 1852 1853
f 1854 1855 1856
f 1857 1858 1859
f 1860 1861 1862
f 1863 1864 1865
f 1866 1867 1868
f 1869 1870 1871
f 1872 1873 1874
f 1872 1874 1875
f 1876 1877 1878
f 1879 1880 1881
f 1882 1883 1884
f 1882 1884 1885
f 1886 1887 1888
f 1889 1890 1891
f 1892 1893 1894
f 1895 1896 1897
f 1898 1899 1900
f 1901 1902 1903
f 1904 1905 1906
f 1907 1908 1909
f 1910 1911 1912
f 1913 1914 1915
f 1916 1917 1918
f 1919 1920 1921
f 1922 1923 1924
f 1925 1926 1927
f 1928 1929 1930
f 1931 1932 1933
f 1934 1935 1936
f 1937 1938 1939
f 1940 1941 1942
f 1943 1944 1945
f 1946 1947 1948
f 1949 1950 1951
f 1952 1953 1954
f 1955 1956 1957
f 1958 1959 1960
f 1961 1962 1963
f 1964 1965 1966
f 1964 1966 1967
f 1968 1969 1970
f 1971 1972 1973
f 1974 1975 1976
f 1974 1976 1977
f 1978 1979 1980
f 1978 1980 1981
f 1982 1983 1984
f 1985 1986 1987
f 1988 1989 1990
f 1991 1992 1993
f 1994 1995 1996
f 1997 1998 1999
f 2000 2001 2002
f 2003 2004 2005
f 2006 2007 2008
f 2009 2010 2011
f 2012 2013 2014
f 2015 2016 2017
f 2018 2019 2020
f 2021 2022 2023
f 2024 2025 2026
f 2024 2026 2027
f 2028 2029 2030
f 2031 2032 2033
f 2034 2035 2036
f 2037 2038 2039
f 2040 2041 2042
f 2040 2042 2043
f 2044 2045 2046
f 2044 2046 2047
f 2048 2049 2050
f 2051 2052 2053
f 2054 2055 2056
f 2057 2058 2059
f 2060 2061 2062
f 2063 2064 2065
f 2066 2067 2068
f 2069 2070 2071
f 2072 2073 2074
f 2075 2076 2077
f 2078 2079 2080
f 2081 2082 2083
f 2084 2085 2086
f 2087 2088 2089
f 2090 2091 2092
f 2093 2094 2095
f 2096 2097 2098
f 2099 2100 2101
f 2102 2103 2104
f 2105 2106 2107
f 2105 2107 2108
f 2109 2110 2111
f 2112 2113 2114
f 2115 2116 2117
f 2118 2119 2120
f 2121 2122 2123
f 2124 2125 2126
f 2127 2128 2129
f 2130 2131 2132
f 2133 2134 2135
f 2136 2137 2138
f 2136 2138 2139
f 2140 2141 2142
f 2140 2142 2143
f 2144 2145 2146
f 2144 2146 2147
f 2148 2149 2150
f 2151 2152 2153
f 2154 2155 2156
f 2157 2158 2159
f 2160 2161 2162
f 2160 2162 2163
f 2164 2165 2166
f 2167 2168 2169
f 2170 2171 2172
f 2173 2174 2175
f 2176 2177 2178
f 2176 2178 2179
f 2180 2181 2182
f 2180 2182 2183
f 2184 2185 2186
f 2187 2188 2189
f 2190 2191 2192
f 2193 2194 2195
f 2196 2197 2198
f 2199 2200 2201
f 2202 2203 2204
f 2205 2206 2207
f 2208 2209 2210
f 2211 2212 2213
f 2214 2215 2216
f 2217 2218 2219
f 2220 2221 2222
f 2223 2224 2225
f 2226 2227 2228
f 2229 2230 2231
f 2232 2233 2234
f 2235 2236 2237
f 2238 2239 2240
f 2241 2242 2243
f 2241 2243 2244
f 2245 2246 2247
f 2248 2249 2250
f 2251 2252 2253
f 2254 2255 2256
f 2257 2258 2259
f 2257 2259 2260
f 2261 2262 2263
f 2261 2263 2264
f 2265 2266 2267
f 2265 2267 2268
f 2269 2270 2271
f 2269 2271 2272
f 2273 2274 2275
f 2273 2275 2276
f 2277 2278 2279
f 2277 2279 2280
f 2281 2282 2283
f 2281 2283 2284
f 2285 2286 2287
f 2285 2287 2288
f 2289 2290 2291
f 2292 2293 2294
f 2295 2296 2297
f 2298 2299 2300
f 2301 2302 2303
f 2304 2305 2306
f 2307 2308 2309
f 2310 2311 2312
f 2313 2314 2315
f 2316 2317 2318
f 2319 2320 2321
f 2322 2323 2324
f 2325 2326 2327
f 2328 2329 2330
f 2331 2332 2333
f 2334 2335 2336
f 2337 2338 2339
f 2340 2341 2342
f 2343 2344 2345
f 2346 2347 2348
f 2349 2350 2351
f 2352 2353 2354
f 2355 2356 2357
f 2358 2359 2360
f 2361 2362 2363
f 2364 2365 2366
f 2367 2368 2369
f 2370 2371 2372
f 2373 2374 2375
f 2376 2377 2378
f 2379 2380 2381
f 2382 2383 2384
f 2385 2386 2387
f 2385 2387 2388
f 2389 2390 2391
f 2389 2391 2392
f 2393 2394 2395
f 2393 2395 2396
f 2397 2398 2399
f 2397 2399 2400
f 2401 2402 2403
f 2401 2403 2404
f 2405 2406 2407
f 2405 2407 2408
f 2409 2410 2411
f 2409 2411 2412
f 2413 2414 2415
f 2413 2415 2416
f 2417 2418 2419
f 2417 2419 2420
f 2421 2422 2423
f 2421 2423 2424
f 2425 2426 2427
f 2425 2427 2428
f 2429 2430 2431
f 2432 2433 2434
f 2435 2436 2437
f 2435 2437 2438
f 2439 2440 2441
f 2439 2441 2442
f 2443 2444 2445
f 2446 2447 2448
f 2446 2448 2449
f 2450 2451 2452
f 2453 2454 2455
f 2453 2455 2456
f 2457 2458 2459
f 2457 2459 2460
f 2461 2462 2463
f 2464 2465 2466
f 2467 2468 2469
f 2470 2471 2472
f 2473 2474 2475
f 2473 2475 2476
f 2477 2478 2479
f 2480 2481 2482
f 2483 2484 2485
f 2486 2487 2488
f 2489 2490 2491
f 2489 2491 2492
f 2493 2494 2495
f 2493 2495 2496
f 2497 2498 2499
f 2497 2499 2500
f 2501 2502 2503
f 2504 2505 2506
f 2507 2508 2509
f 2510 2511 2512
f 2513 2514 2515
f 2516 2517 2518
f 2519 2520 2521
f 2522 2523 2524
f 2525 2526 2527
f 2528 2529 2530
f 2531 2532 2533
f 2534 2535 2536
f 2537 2538 2539
f 2540 2541 2542
f 2543 2544 2545
f 2546 2547 2548
f 2549 2550 2551
f 2552 2553 2554
f 2555 2556 2557
f 2558 2559 2560
f 2561 2562 2563
f 2564 2565 2566
f 2567 2568 2569
f 2570 2571 2572
f 2573 2574 2575
f 2576 2577 2578
f 2579 2580 2581
f 2582 2583 2584
f 2582 2584 2585
f 2586 2587 2588
f 2589 2590 2591
f 2592 2593 2594
f 2595 2596 2597
f 2598 2599 2600
f 2601 2602 2603
f 2604 2605 2606
f 2607 2608 2609
f 2610 2611 2612
f 2613 2614 2615
f 2616 2617 2618
f 2616 2618 2619
f 2620 2621 2622
f 2623 2624 2625
f 2626 2627 2628
f 2626 2628 2629
f 2630 2631 2632
f 2633 2634 2635
f 2636 2637 2638
f 2639 2640 2641
f 2642 2643 2644
f 2645 2646 2647
f 2648 2649 2650
f 2651 2652 2653
f 2654 2655 2656
f 2657 2658 2659
f 2660 2661 2662
f 2663 2664 2665
f 2666 2667 2668
f 2669 2670 2671
f 2672 2673 2674
f 2675 2676 2677
f 2678 2679 2680
f 2681 2682 2683
f 2684 2685 2686
f 2687 2688 2689
f 2690 2691 2692
f 2693 2694 2695
f 2696 2697 2698
f 2699 2700 2701
f 2702 2703 2704
f 2705 2706 2707
f 2708 2709 2710
f 2708 2710 2711
f 2712 2713 2714
f 2715 2716 2717
f 2718 2719 2720
f 2718 2720 2721
f 2722 2723 2724
f 2722 2724 2725
f 2726 2727 2728
f 2729 2730 2731
f 2732 2733 2734
f 2735 2736 2737
f 2738 2739 2740
f 2741 2742 2743
f 2744 2745 2746
f 2747 2748 2749
f 2750 2751 2752
f 2753 2754 2755
f 2756 2757 2758
f 2759 2760 2761
f 2762 2763 2764
f 2765 2766 2767
f 2768 2769 2770
f 2768 2770 2771
f 2772 2773 2774
f 2775 2776 2777
f 2778 2779 2780
f 2781 2782 2783
f 2784 2785 2786
f 2784 2786 2787
f 2788 2789 2790
f 2788 2790 2791
f 2792 2793 2794
f 2795 2796 2797
f 2798 2799 2800
f 2801 2802 2803
f 2804 2805 2806
f 2807 2808 2809
f 2810 2811 2812
f 2813 2814 2815
f 2816 2817 2818
f 2819 2820 2821
f 2822 2823 2824
f 2825 2826 2827
f 2828 2829 2830
f 2831 2832 2833
f 2834 2835 2836
f 2837 2838 2839
f 2840 2841 2842
f 2843 2844 2845
f 2846 2847 2848
f 2849 2850 2851
f 2849 2851 2852
f 2853 2854 2855
f 2856 2857 2858
f 2859 2860 2861
f 2862 2863 2864
f 2865 2866 2867
f 2868 2869 2870
f 2871 2872 2873
f 2874 2875 2876
f 2877 2878 2879
f 2880 2881 2882
f 2880 2882 2883
f 2884 2885 2886
f 2884 2886 2887
f 2888 2889 2890
f 2888 2890 2891
f 2892 2893 2894
f 2895 2896 2897
f 2898 2899 2900
f 2901 2902 2903
f 2904 2905 2906
f 2904 2906 2907
f 2908 2909 2910
f 2911 2912 2913
f 2914 2915 2916
f 2917 2918 2919
f 2920 2921 2922
f 2920 2922 2923
f 2924 2925 2926
f 2924 2926 2927
f 2928 2929 2930
f 2931 2932 2933
f 2934 2935 2936
f 2937 2938 2939
f 2940 2941 2942
f 2943 2944 2945
f 2946 2947 2948
f 2949 2950 2951
f 2952 2953 2954
f 2955 2956 2957
f 2958 2959 2960
f 2961 2962 2963
f 2964 2965 2966
f 2967 2968 2969
f 2970 2971 2972
f 2973 2974 2975
f 2976 2977 2978
f 2979 2980 2981
f 2982 2983 2984
f 2985 2986 2987
f 2985 2987 2988
f 2989 2990 2991
f 2992 2993 2994
f 2995 2996 2997
f 2998 2999 3000
f 3001 3002 3003
f 3001 3003 3004
f 3005 3006 3007
f 3005 3007 3008
f 3009 3010 3011
f 3009 3011 3012
f 3013 3014 3015
f 3013 3015 3016
f 3017 3018 3019
f 3017 3019 3020
f 3021 3022 3023
f 3021 3023 3024
f 3025 3026 3027
f 3025 3027 3028
f 3029 3030 3031
f 3029 3031 3032
f 3033 3034 3035
f 3036 3037 3038
f 3039 3040 3041
f 3042 3043 3044
f 3045 3046 3047
f 3048 3049 3050
f 3051 3052 3053
f 3054 3055 3056
f 3057 3058 3059
f 3060 3061 3062
f 3063 3064 3065
f 3066 3067 3068
f 3069 3070 3071
f 3072 3073 3074
f 3075 3076 3077
f 3078 3079 3080
f 3081 3082 3083
f 3084 3085 3086
f 3087 3088 3089
f 3090 3091 3092
f 3093 3094 3095
f 3096 3097 3098
f 3099 3100 3101
f 3102 3103 3104
f 3105 3106 3107
f 3108 3109 3110
f 3111 3112 3113
f 3114 3115 3116
f 3117 3118 3119
f 3120 3121 3122
f 3123 3124 3125
f 3126 3127 3128
f 3129 3130 3131
f 3129 3131 3132
f 3133 3134 3135
f 3133 3135 3136
f 3137 3138 3139
f 3137 3139 3140
f 3141 3142 3143
f 3141 3143 3144
f 3145 3146 3147
f 3145 3147 3148
f 3149 3150 3151
f 3149 3151 3152
f 3153 3154 3155
f 3153 3155 3156
f 3157 3158 3159
f 3157 3159 3160
f 3161 3162 3163
f 3161 3163 3164
f 3165 3166 3167
f 3165 3167 3168
f 3169 3170 3171
f 3169 3171 3172
f 3173 3174 3175
f 3176 3177 3178
f 3179 3180 3181
f 3179 3181 3182
f 3183 3184 3185
f 3183 3185 3186
f 3187 3188 3189
f 3190 3191 3192
f 3190 3192 3193
f 3194 3195 3196
f 3197 3198 3199
f 3197 3199 3200
f 3201 3202 3203
f 3201 3203 3204
f 3205 3206 3207
f 3208 3209 3210
f 3211 3212 3213
f 3214 3215 3216
f 3217 3218 3219
f 3217 3219 3220
f 3221 3222 3223
f 3224 3225 3226
f 3227 3228 3229
f 3230 3231 3232
f 3233 3234 3235
f 3233 3235 3236
f 3237 3238 3239
f 3237 3239 3240
f 3241 3242 3243
f 3241 3243 3244
f 3245 3246 3247
f 3248 3249 3250
f 3251 3252 3253
f 3254 3255 3256
f 3257 3258 3259
f 3260 3261 3262
f 3263 3264 3265
f 3266 3267 3268
f 3269 3270 3271
f 3272 3273 3274
f 3275 3276 3277
f 3278 3279 3280
f 3281 3282 3283
f 3284 3285 3286
f 3287 3288 3289
f 3290 3291 3292
f 3293 3294 3295
f 3296 3297 3298
f 3299 3300 3301
f 3302 3303 3304
f 3305 3306 3307
f 3308 3309 3310
f 3311 3312 3313
f 3314 3315 3316
f 3317 3318 3319
f 3320 3321 3322
f 3323 3324 3325
f 3326 3327 3328
f 3326 3328 3329
f 3330 3331 3332
f 3333 3334 3335
f 3336 3337 3338
f 3339 3340 3341
f 3342 3343 3344
f 3345 3346 3347
f 3348 3349 3350
f 3351 3352 3353
f 3354 3355 3356
f 3357 3358 3359
f 3360 3361 3362
f 3360 3362 3363
f 3364 3365 3366
f 3367 3368 3369
f 3370 3371 3372
f 3370 3372 3373
f 3374 3375 3376
f 3377 3378 3379
f 3380 3381 3382
f 3383 3384 3385
f 3386 3387 3388
f 3389 3390 3391
f 3392 3393 3394
f 3395 3396 3397
f 3398 3399 3400
f 3401 3402 3403
f 3404 3405 3406
f 3407 3408 3409
f 3410 3411 3412
f 3413 3414 3415
f 3416 3417 3418
f 3419 3420 3421
f 3422 3423 3424
f 3425 3426 3427
f 3428 3429 3430
f 3431 3432 3433
f 3434 3435 3436
f 3437 3438 3439
f 3440 3441 3442
f 3443 3444 3445
f 3446 3447 3448
f 3449 3450 3451
f 3452 3453 3454
f 3452 3454 3455
f 3456 3457 3458
f 3459 3460 3461
f 3462 3463 3464
f 3462 3464 3465
f 3466 3467 3468
f 3466 3468 3469
f 3470 3471 3472
f 3473 3474 3475
f 3476 3477 3478
f 3479 3480 3481
f 3482 3483 3484
f 3485 3486 3487
f 3488 3489 3490
f 3491 3492 3493
f 3494 3495 3496
f 3497 3498 3499
f 3500 3501 3502
f 3503 3504 3505
f 3506 3507 3508
f 3509 3510 3511
f 3512 3513 3514
f 3512 3514 3515
f 3516 3517 3518
f 3519 3520 3521
f 3522 3523 3524
f 3525 3526 3527
f 3528 3529 3530
f 3528 3530 3531
f 3532 3533 3534
f 3532 3534 3535
f 3536 3537 3538
f 3539 3540 3541
f 3542 3543 3544
f 3545 3546 3547
f 3548 3549 3550
f 3551 3552 3553
f 3554 3555 3556
f 3557 3558 3559
f 3560 3561 3562
f 3563 3564 3565
f 3566 3567 3568
f 3569 3570 3571
f 3572 3573 3574
f 3575 3576 3577
f 3578 3579 3580
f 3581 3582 3583
f 3584 3585 3586
f 3587 3588 3589
f 3590 3591 3592
f 3593 3594 3595
f 3593 3595 3596
f 3597 3598 3599
f 3600 3601 3602
f 3603 3604 3605
f 3606 3607 3608
f 3609 3610 3611
f 3612 3613 3614
f 3615 3616 3617
f 3618 3619 3620
f 3621 3622 3623
f 3624 3625 3626
f 3624 3626 3627
f 3628 3629 3630
f 3628 3630 3631
f 3632 3633 3634
f 3632 3634 3635
f 3636 3637 3638
f 3639 3640 3641
f 3642 3643 3644
f 3645 3646 3647
f 3648 3649 3650
f 3648 3650 3651
f 3652 3653 3654
f 3655 3656 3657
f 3658 3659 3660
f 3661 3662 3663
f 3664 3665 3666
f 3664 3666 3667
f 3668 3669 3670
f 3668 3670 3671
f 3672 3673 3674
f 3675 3676 3677
f 3678 3679 3680
f 3681 3682 3683
f 3684 3685 3686
f 3687 3688 3689
f 3690 3691 3692
f 3693 3694 3695
f 3696 3697 3698
f 3699 3700 3701
f 3702 3703 3704
f 3705 3706 3707
f 3708 3709 3710
f 3711 3712 3713
f 3714 3715 3716
f 3717 3718 3719
f 3720 3721 3722
f 3723 3724 3725
f 3726 3727 3728
f 3729 3730 3731
f 3729 3731 3732
f 3733 3734 3735
f 3736 3737 3738
f 3739 3740 3741
f 3742 3743 3744
f 3745 3746 3747
f 3745 3747 3748
f 3749 3750 3751
f 3749 3751 3752
f 3753 3754 3755
f 3753 3755 3756
f 3757 3758 3759
f 3757 3759 3760
f 3761 3762 3763
f 3761 3763 3764
f 3765 3766 3767
f 3765 3767 3768
f 3769 3770 3771
f 3769 3771 3772
f 3773 3774 3775
f 3773 3775 3776
f 3777 3778 3779
f 3780 3781 3782
f 3783 3784 3785
f 3786 3787 3788
f 3789 3790 3791
f 3792 3793 3794
f 3795 3796 3797
f 3798 3799 3800
f 3801 3802 3803
f 3804 3805 3806
f 3807 3808 3809
f 3810 3811 3812
f 3813 3814 3815
f 3816 3817 3818
f 3819 3820 3821
f 3822 3823 3824
f 3825 3826 3827
f 3828 3829 3830
f 3831 3832 3833
f 3834 3835 3836
f 3837 3838 3839
f 3840 3841 3842
f 3843 3844 3845
f 3846 3847 3848
f 3849 3850 3851
f 3852 3853 3854
f 3855 3856 3857
f 3858 3859 3860
f 3861 3862 3863
f 3864 3865 3866
f 3867 3868 3869
f 3870 3871 3872
f 3873 3874 3875
f 3873 3875 3876
f 3877 3878 3879
f 3877 3879 3880
f 3881 3882 3883
f 3881 3883 3884
f 3885 3886 3887
f 3885 3887 3888
f 3889 3890 3891
f 3889 3891 3892
f 3893 3894 3895
f 3893 3895 3896
f 3897 3898 3899
f 3897 3899 3900
f 3901 3902 3903
f 3901 3903 3904
f 3905 3906 3907
f 3905 3907 3908
f 3909 3910 3911
f 3909 3911 3912
f 3913 3914 3915
f 3913 3915 3916
f 3917 3918 3919
f 3920 3921 3922
f 3923 3924 3925
f 3923 3925 3926
f 3927 3928 3929
f 3927 3929 3930
f 3931 3932 3933
f 3934 3935 3936
f 3934 3936 3937
f 3938 3939 3940
f 3941 3942 3943
f 3941 3943 3944
f 3945 3946 3947
f 3945 3947 3948
f 3949 3950 3951
f 3952 3953 3954
f 3955 3956 3957
f 3958 3959 3960
f 3961 3962 3963
f 3961 3963 3964
f 3965 3966 3967
f 3968 3969 3970
f 3971 3972 3973
f 3974 3975 3976
f 3977 3978 3979
f 3977 3979 3980
f 3981 3982 3983
f 3981 3983 3984
f 3985 3986 3987
f 3985 3987 3988
f 3989 3990 3991
f 3992 3993 3994
f 3995 3996 3997
f 3998 3999 4000
f 4001 4002 4003
f 4004 4005 4006
f 4007 4008 4009
f 4010 4011 4012
f 4013 4014 4015
f 4016 4017 4018
f 4019 4020 4021
f 4022 4023 4024
f 4025 4026 4027
f 4028 4029 4030
f 4031 4032 4033
f 4034 4035 4036
f 4037 4038 4039
f 4040 4041 4042
f 4043 4044 4045
f 4046 4047 4048
f 4049 4050 4051
f 4052 4053 4054
f 4055 4056 4057
f 4058 4059 4060
f 4061 4062 4063
f 4064 4065 4066
f 4067 4068 4069
f 4070 4071 4072
f 4070 4072 4073
f 4074 4075 4076
f 4077 4078 4079
f 4080 4081 4082
f 4083 4084 4085
f 4086 4087 4088
f 4089 4090 4091
f 4092 4093 4094
f 4095 4096 4097
f 4098 4099 4100
f 4101 4102 4103
f 4104 4105 4106
f 4104 4106 4107
f 4108 4109 4110
f 4111 4112 4113
f 4114 4115 4116
f 4114 4116 4117
f 4118 4119 4120
f 4121 4122 4123
f 4124 4125 4126
f 4127 4128 4129
f 4130 4131 4132
f 4133 4134 4135
f 4136 4137 4138
f 4139 4140 4141
f 4142 4143 4144
f 4145 4146 4147
f 4148 4149 4150
f 4151 4152 4153
f 4154 4155 4156
f 4157 4158 4159
f 4160 4161 4162
f 4163 4164 4165
f 4166 4167 4168
f 4169 4170 4171
f 4172 4173 4174
f 4175 4176 4177
f 4178 4179 4180
f 4181 4182 4183
f 4184 4185 4186
f 4187 4188 4189
f 4190 4191 4192
f 4193 4194 4195
f 4196 4197 4198
f 4196 4198 4199
f 4200 4201 4202
f 4203 4204 4205
f 4206 4207 4208
f 4206 4208 4209
f 4210 4211 4212
f 4210 4212 4213
f 4214 4215 4216
f 4217 4218 4219
f 4220 4221 4222
f 4223 4224 4225
f 4226 4227 4228
f 4229 4230 4231
f 4232 4233 4234
f 4235 4236 4237
f 4238 4239 4240
f 4241 4242 4243
f 4244 4245 4246
f 4247 4248 4249
f 4250 4251 4252
f 4253 4254 4255
f 4256 4257 4258
f 4256 4258 4259
f 4260 4261 4262
f 4263 4264 4265
f 4266 4267 4268
f 4269 4270 4271
f 4272 4273 4274
f 4272 4274 4275
f 4276 4277 4278
f 4276 4278 4279
f 4280 4281 4282
f 4283 4284 4285
f 4286 4287 4288
f 4289 4290 4291
f 4292 4293 4294
f 4295 4296 4297
f 4298 4299 4300
f 4301 4302 4303
f 4304 4305 4306
f 4307 4308 4309
f 4310 4311 4312
f 4313 4314 4315
f 4316 4317 4318
f 4319 4320 4321
f 4322 4323 4324
f 4325 4326 4327
f 4328 4329 4330
f 4331 4332 4333
f 4334 4335 4336
f 4337 4338 4339
f 4337 4339 4340
f 4341 4342 4343
f 4344 4345 4346
f 4347 4348 4349
f 4350 4351 4352
f 4353 4354 4355
f 4356 4357 4358
f 4359 4360 4361
f 4362 4363 4364
f 4365 4366 4367
f 4368 4369 4370
f 4368 4370 4371
f 4372 4373 4374
f 4372 4374 4375
f 4376 4377 4378
f 4376 4378 4379
f 4380 4381 4382
f 4383 4384 4385
f 4386 4387 4388
f 4389 4390 4391
f 4392 4393 4394
f 4392 4394 4395
f 4396 4397 4398
f 4399 4400 4401
f 4402 4403 4404
f 4405 4406 4407
f 4408 4409 4410
f 4408 4410 4411
f 4412 4413 4414
f 4412 4414 4415
f 4416 4417 4418
f 4419 4420 4421
f 4422 4423 4424
f 4425 4426 4427
f 4428 4429 4430
f 4431 4432 4433
f 4434 4435 4436
f 4437 4438 4439
f 4440 4441 4442
f 4443 4444 4445
f 4446 4447 4448
f 4449 4450 4451
f 4452 4453 4454
f 4455 4456 4457
f 4458 4459 4460
f 4461 4462 4463
f 4464 4465 4466
f 4467 4468 4469
f 4470 4471 4472
f 4473 4474 4475
f 4473 4475 4476
f 4477 4478 4479
f 4480 4481 4482
f 4483 4484 4485
f 4486 4487 4488
f 4489 4490 4491
f 4489 4491 4492
f 4493 4494 4495
f 4493 4495 4496
f 4497 4498 4499
f 4497 4499 4500
f 4501 4502 4503
f 4501 4503 4504
f 4505 4506 4507
f 4505 4507 4508
f 4509 4510 4511
f 4509 4511 4512
f 4513 4514 4515
f 4513 4515 4516
f 4517 4518 4519
f 4517 4519 4520
f 4521 4522 4523
f 4524 4525 4526
f 4527 4528 4529
f 4530 4531 4532
f 4533 4534 4535
f 4536 4537 4538
f 4539 4540 4541
f 4542 4543 4544
f 4545 4546 4547
f 4548 4549 4550
f 4551 4552 4553
f 4554 4555 4556
f 4557 4558 4559
f 4560 4561 4562
f 4563 4564 4565
f 4566 4567 4568
f 4569 4570 4571
f 4572 4573 4574
f 4575 4576 4577
f 4578 4579 4580
f 4581 4582 4583
f 4584 4585 4586
f 4587 4588 4589
f 4590 4591 4592
f 4593 4594 4595
f 4596 4597 4598
f 4599 4600 4601
f 4602 4603 4604
f 4605 4606 4607
f 4608 4609 4610
f 4611 4612 4613
f 4614 4615 4616
f 4617 4618 4619
f 4617 4619 4620
f 4621 4622 4623
f 4621 4623 4624
f 4625 4626 4627
f 4625 4627 4628
f 4629 4630 4631
f 4629 4631 4632
f 4633 4634 4635
f 4633 4635 4636
f 4637 4638 4639
f 4637 4639 4640
f 4641 4642 4643
f 4641 4643 4644
f 4645 4646 4647
f 4645 4647 4648
f 4649 4650 4651
f 4649 4651 4652
f 4653 4654 4655
f 4653 4655 4656
f 4657 4658 4659
f 4657 4659 4660
f 4661 4662 4663
f 4664 4665 4666
f 4667 4668 4669
f 4667 4669 4670
f 4671 4672 4673
f 4671 4673 4674
f 4675 4676 4677
f 4678 4679 4680
f 4678 4680 4681
f 4682 4683 4684
f 4685 4686 4687
f 4685 4687 4688
f 4689 4690 4691
f 4689 4691 4692
f 4693 4694 4695
f 4696 4697 4698
f 4699 4700 4701
f 4702 4703 4704
f 4705 4706 4707
f 4705 4707 4708
f 4709 4710 4711
f 4712 4713 4714
f 4715 4716 4717
f 4718 4719 4720
f 4721 4722 4723
f 4721 4723 4724
f 4725 4726 4727
f 4725 4727 4728
f 4729 4730 4731
f 4729 4731 4732
f 4733 4734 4735
f 4736 4737 4738
f 4739 4740 4741
f 4742 4743 4744
f 4745 4746 4747
f 4748 4749 4750
f 4751 4752 4753
f 4754 4755 4756
f 4757 4758 4759
f 4760 4761 4762
f 4763 4764 4765
f 4766 4767 4768
f 4769 4770 4771
f 4772 4773 4774
f 4775 4776 4777
f 4778 4779 4780
f 4781 4782 4783
f 4784 4785 4786
f 4787 4788 4789
f 4790 4791 4792
f 4793 4794 4795
f 4796 4797 4798
f 4799 4800 4801
f 4802 4803 4804
f 4805 4806 4807
f 4808 4809 4810
f 4811 4812 4813
f 4814 4815 4816
f 4814 4816 4817
f 4818 4819 4820
f 4821 4822 4823
f 4824 4825 4826
f 4827 4828 4829
f 4830 4831 4832
f 4833 4834 4835
f 4836 4837 4838
f 4839 4840 4841
f 4842 4843 4844
f 4845 4846 4847
f 4848 4849 4850
f 4848 4850 4851
f 4852 4853 4854
f 4855 4856 4857
f 4858 4859 4860
f 4858 4860 4861
f 4862 4863 4864
f 4865 4866 4867
f 4868 4869 4870
f 4871 4872 4873
f 4874 4875 4876
f 4877 4878 4879
f 4880 4881 4882
f 4883 4884 4885
f 4886 4887 4888
f 4889 4890 4891
f 4892 4893 4894
f 4895 4896 4897
f 4898 4899 4900
f 4901 4902 4903
f 4904 4905 4906
f 4907 4908 4909
f 4910 4911 4912
f 4913 4914 4915
f 4916 4917 4918
f 4919 4920 4921
f 4922 4923 4924
f 4925 4926 4927
f 4928 4929 4930
f 4931 4932 4933
f 4934 4935 4936
f 4937 4938 4939
f 4940 4941 4942
f 4940 4942 4943
f 4944 4945 4946
f 4947 4948 4949
f 4950 4951 4952
f 4950 4952 4953
f 4954 4955 4956
f 4954 4956 4957
f 4958 4959 4960
f 4961 4962 4963
f 4964 4965 4966
f 4967 4968 4969
f 4970 4971 4972
f 4973 4974 4975
f 4976 4977 4978
f 4979 4980 4981
f 4982 4983 4984
f 4985 4986 4987
f 4988 4989 4990
f 4991 4992 4993
f 4994 4995 4996
f 4997 4998 4999
f 5000 5001 5002
f 5000 5002 5003
f 5004 5005 5006
f 5007 5008 5009
f 5010 5011 5012
f 5013 5014 5015
f 5016 5017 5018
f 5016 5018 5019
f 5020 5021 5022
f 5020 5022 5023
f 5024 5025 5026
f 5027 5028 5029
f 5030 5031 5032
f 5033 5034 5035
f 5036 5037 5038
f 5039 5040 5041
f 5042 5043 5044
f 5045 5046 5047
f 5048 5049 5050
f 5051 5052 5053
f 5054 5055 5056
f 5057 5058 5059
f 5060 5061 5062
f 5063 5064 5065
f 5066 5067 5068
f 5069 5070 5071
f 5072 5073 5074
f 5075 5076 5077
f 5078 5079 5080
f 5081 5082 5083
f 5081 5083 5084
f 5085 5086 5087
f 5088 5089 5090
f 5091 5092 5093
f 5094 5095 5096
f 5097 5098 5099
f 5100 5101 5102
f 5103 5104 5105
f 5106 5107 5108
f 5109 5110 5111
f 5112 5113 5114
f 5112 5114 5115
f 5116 5117 5118
f 5116 5118 5119
f 5120 5121 5122
f 5120 5122 5123
f 5124 5125 5126
f 5127 5128 5129
f 5130 5131 5132
f 5133 5134 5135
f 5136 5137 5138
f 5136 5138 5139
f 5140 5141 5142
f 5143 5144 5145
f 5146 5147 5148
f 5149 5150 5151
f 5152 5153 5154
f 5152 5154 5155
f 5156 5157 5158
f 5156 5158 5159
f 5160 5161 5162
f 5163 5164 5165
f 5166 5167 5168
f 5169 5170 5171
f 5172 5173 5174
f 5175 5176 5177
f 5178 5179 5180
f 5181 5182 5183
f 5184 5185 5186
f 5187 5188 5189
f 5190 5191 5192
f 5193 5194 5195
f 5196 5197 5198
f 5199 5200 5201
f 5202 5203 5204
f 5205 5206 5207
f 5208 5209 5210
f 5211 5212 5213
f 5214 5215 5216
f 5217 5218 5219
f 5217 5219 5220
f 5221 5222 5223
f 5224 5225 5226
f 5227 5228 5229
f 5230 5231 5232
