# Baked from official LDraw part 3035.dat
o ldraw_3035
v 1.6500000 -0.2000000 0.5000000
v 1.6385850 -0.2000000 0.5574050
v 1.6385850 -0.1000000 0.5574050
v 1.6500000 -0.1000000 0.5000000
v 1.6385850 -0.2000000 0.5574050
v 1.6060650 -0.2000000 0.6060650
v 1.6060650 -0.1000000 0.6060650
v 1.6385850 -0.1000000 0.5574050
v 1.6060650 -0.2000000 0.6060650
v 1.5574050 -0.2000000 0.6385850
v 1.5574050 -0.1000000 0.6385850
v 1.6060650 -0.1000000 0.6060650
v 1.5574050 -0.2000000 0.6385850
v 1.5000000 -0.2000000 0.6500000
v 1.5000000 -0.1000000 0.6500000
v 1.5574050 -0.1000000 0.6385850
v 1.5000000 -0.2000000 0.6500000
v 1.4425950 -0.2000000 0.6385850
v 1.4425950 -0.1000000 0.6385850
v 1.5000000 -0.1000000 0.6500000
v 1.4425950 -0.2000000 0.6385850
v 1.3939350 -0.2000000 0.6060650
v 1.3939350 -0.1000000 0.6060650
v 1.4425950 -0.1000000 0.6385850
v 1.3939350 -0.2000000 0.6060650
v 1.3614150 -0.2000000 0.5574050
v 1.3614150 -0.1000000 0.5574050
v 1.3939350 -0.1000000 0.6060650
v 1.3614150 -0.2000000 0.5574050
v 1.3500000 -0.2000000 0.5000000
v 1.3500000 -0.1000000 0.5000000
v 1.3614150 -0.1000000 0.5574050
v 1.3500000 -0.2000000 0.5000000
v 1.3614150 -0.2000000 0.4425950
v 1.3614150 -0.1000000 0.4425950
v 1.3500000 -0.1000000 0.5000000
v 1.3614150 -0.2000000 0.4425950
v 1.3939350 -0.2000000 0.3939350
v 1.3939350 -0.1000000 0.3939350
v 1.3614150 -0.1000000 0.4425950
v 1.3939350 -0.2000000 0.3939350
v 1.4425950 -0.2000000 0.3614150
v 1.4425950 -0.1000000 0.3614150
v 1.3939350 -0.1000000 0.3939350
v 1.4425950 -0.2000000 0.3614150
v 1.5000000 -0.2000000 0.3500000
v 1.5000000 -0.1000000 0.3500000
v 1.4425950 -0.1000000 0.3614150
v 1.5000000 -0.2000000 0.3500000
v 1.5574050 -0.2000000 0.3614150
v 1.5574050 -0.1000000 0.3614150
v 1.5000000 -0.1000000 0.3500000
v 1.5574050 -0.2000000 0.3614150
v 1.6060650 -0.2000000 0.3939350
v 1.6060650 -0.1000000 0.3939350
v 1.5574050 -0.1000000 0.3614150
v 1.6060650 -0.2000000 0.3939350
v 1.6385850 -0.2000000 0.4425950
v 1.6385850 -0.1000000 0.4425950
v 1.6060650 -0.1000000 0.3939350
v 1.6385850 -0.2000000 0.4425950
v 1.6500000 -0.2000000 0.5000000
v 1.6500000 -0.1000000 0.5000000
v 1.6385850 -0.1000000 0.4425950
v 1.7000000 -0.1000000 0.5000000
v 1.6847800 -0.1000000 0.5765400
v 1.6847800 -0.2000000 0.5765400
v 1.7000000 -0.2000000 0.5000000
v 1.6847800 -0.1000000 0.5765400
v 1.6414200 -0.1000000 0.6414200
v 1.6414200 -0.2000000 0.6414200
v 1.6847800 -0.2000000 0.5765400
v 1.6414200 -0.1000000 0.6414200
v 1.5765400 -0.1000000 0.6847800
v 1.5765400 -0.2000000 0.6847800
v 1.6414200 -0.2000000 0.6414200
v 1.5765400 -0.1000000 0.6847800
v 1.5000000 -0.1000000 0.7000000
v 1.5000000 -0.2000000 0.7000000
v 1.5765400 -0.2000000 0.6847800
v 1.5000000 -0.1000000 0.7000000
v 1.4234600 -0.1000000 0.6847800
v 1.4234600 -0.2000000 0.6847800
v 1.5000000 -0.2000000 0.7000000
v 1.4234600 -0.1000000 0.6847800
v 1.3585800 -0.1000000 0.6414200
v 1.3585800 -0.2000000 0.6414200
v 1.4234600 -0.2000000 0.6847800
v 1.3585800 -0.1000000 0.6414200
v 1.3152200 -0.1000000 0.5765400
v 1.3152200 -0.2000000 0.5765400
v 1.3585800 -0.2000000 0.6414200
v 1.3152200 -0.1000000 0.5765400
v 1.3000000 -0.1000000 0.5000000
v 1.3000000 -0.2000000 0.5000000
v 1.3152200 -0.2000000 0.5765400
v 1.3000000 -0.1000000 0.5000000
v 1.3152200 -0.1000000 0.4234600
v 1.3152200 -0.2000000 0.4234600
v 1.3000000 -0.2000000 0.5000000
v 1.3152200 -0.1000000 0.4234600
v 1.3585800 -0.1000000 0.3585800
v 1.3585800 -0.2000000 0.3585800
v 1.3152200 -0.2000000 0.4234600
v 1.3585800 -0.1000000 0.3585800
v 1.4234600 -0.1000000 0.3152200
v 1.4234600 -0.2000000 0.3152200
v 1.3585800 -0.2000000 0.3585800
v 1.4234600 -0.1000000 0.3152200
v 1.5000000 -0.1000000 0.3000000
v 1.5000000 -0.2000000 0.3000000
v 1.4234600 -0.2000000 0.3152200
v 1.5000000 -0.1000000 0.3000000
v 1.5765400 -0.1000000 0.3152200
v 1.5765400 -0.2000000 0.3152200
v 1.5000000 -0.2000000 0.3000000
v 1.5765400 -0.1000000 0.3152200
v 1.6414200 -0.1000000 0.3585800
v 1.6414200 -0.2000000 0.3585800
v 1.5765400 -0.2000000 0.3152200
v 1.6414200 -0.1000000 0.3585800
v 1.6847800 -0.1000000 0.4234600
v 1.6847800 -0.2000000 0.4234600
v 1.6414200 -0.2000000 0.3585800
v 1.6847800 -0.1000000 0.4234600
v 1.7000000 -0.1000000 0.5000000
v 1.7000000 -0.2000000 0.5000000
v 1.6847800 -0.2000000 0.4234600
v 1.4234600 -0.2000000 0.6847800
v 1.4425950 -0.2000000 0.6385850
v 1.5000000 -0.2000000 0.6500000
v 1.5000000 -0.2000000 0.7000000
v 1.3585800 -0.2000000 0.6414200
v 1.3939350 -0.2000000 0.6060650
v 1.4425950 -0.2000000 0.6385850
v 1.4234600 -0.2000000 0.6847800
v 1.3152200 -0.2000000 0.5765400
v 1.3614150 -0.2000000 0.5574050
v 1.3939350 -0.2000000 0.6060650
v 1.3585800 -0.2000000 0.6414200
v 1.3000000 -0.2000000 0.5000000
v 1.3500000 -0.2000000 0.5000000
v 1.3614150 -0.2000000 0.5574050
v 1.3152200 -0.2000000 0.5765400
v 1.3152200 -0.2000000 0.4234600
v 1.3614150 -0.2000000 0.4425950
v 1.3500000 -0.2000000 0.5000000
v 1.3000000 -0.2000000 0.5000000
v 1.3585800 -0.2000000 0.3585800
v 1.3939350 -0.2000000 0.3939350
v 1.3614150 -0.2000000 0.4425950
v 1.3152200 -0.2000000 0.4234600
v 1.4234600 -0.2000000 0.3152200
v 1.4425950 -0.2000000 0.3614150
v 1.3939350 -0.2000000 0.3939350
v 1.3585800 -0.2000000 0.3585800
v 1.5000000 -0.2000000 0.3000000
v 1.5000000 -0.2000000 0.3500000
v 1.4425950 -0.2000000 0.3614150
v 1.4234600 -0.2000000 0.3152200
v 1.5765400 -0.2000000 0.3152200
v 1.5574050 -0.2000000 0.3614150
v 1.5000000 -0.2000000 0.3500000
v 1.5000000 -0.2000000 0.3000000
v 1.6414200 -0.2000000 0.3585800
v 1.6060650 -0.2000000 0.3939350
v 1.5574050 -0.2000000 0.3614150
v 1.5765400 -0.2000000 0.3152200
v 1.6847800 -0.2000000 0.4234600
v 1.6385850 -0.2000000 0.4425950
v 1.6060650 -0.2000000 0.3939350
v 1.6414200 -0.2000000 0.3585800
v 1.7000000 -0.2000000 0.5000000
v 1.6500000 -0.2000000 0.5000000
v 1.6385850 -0.2000000 0.4425950
v 1.6847800 -0.2000000 0.4234600
v 1.6847800 -0.2000000 0.5765400
v 1.6385850 -0.2000000 0.5574050
v 1.6500000 -0.2000000 0.5000000
v 1.7000000 -0.2000000 0.5000000
v 1.6414200 -0.2000000 0.6414200
v 1.6060650 -0.2000000 0.6060650
v 1.6385850 -0.2000000 0.5574050
v 1.6847800 -0.2000000 0.5765400
v 1.5765400 -0.2000000 0.6847800
v 1.5574050 -0.2000000 0.6385850
v 1.6060650 -0.2000000 0.6060650
v 1.6414200 -0.2000000 0.6414200
v 1.5000000 -0.2000000 0.7000000
v 1.5000000 -0.2000000 0.6500000
v 1.5574050 -0.2000000 0.6385850
v 1.5765400 -0.2000000 0.6847800
v 1.1500000 -0.2000000 0.5000000
v 1.1385850 -0.2000000 0.5574050
v 1.1385850 -0.1000000 0.5574050
v 1.1500000 -0.1000000 0.5000000
v 1.1385850 -0.2000000 0.5574050
v 1.1060650 -0.2000000 0.6060650
v 1.1060650 -0.1000000 0.6060650
v 1.1385850 -0.1000000 0.5574050
v 1.1060650 -0.2000000 0.6060650
v 1.0574050 -0.2000000 0.6385850
v 1.0574050 -0.1000000 0.6385850
v 1.1060650 -0.1000000 0.6060650
v 1.0574050 -0.2000000 0.6385850
v 1.0000000 -0.2000000 0.6500000
v 1.0000000 -0.1000000 0.6500000
v 1.0574050 -0.1000000 0.6385850
v 1.0000000 -0.2000000 0.6500000
v 0.9425950 -0.2000000 0.6385850
v 0.9425950 -0.1000000 0.6385850
v 1.0000000 -0.1000000 0.6500000
v 0.9425950 -0.2000000 0.6385850
v 0.8939350 -0.2000000 0.6060650
v 0.8939350 -0.1000000 0.6060650
v 0.9425950 -0.1000000 0.6385850
v 0.8939350 -0.2000000 0.6060650
v 0.8614150 -0.2000000 0.5574050
v 0.8614150 -0.1000000 0.5574050
v 0.8939350 -0.1000000 0.6060650
v 0.8614150 -0.2000000 0.5574050
v 0.8500000 -0.2000000 0.5000000
v 0.8500000 -0.1000000 0.5000000
v 0.8614150 -0.1000000 0.5574050
v 0.8500000 -0.2000000 0.5000000
v 0.8614150 -0.2000000 0.4425950
v 0.8614150 -0.1000000 0.4425950
v 0.8500000 -0.1000000 0.5000000
v 0.8614150 -0.2000000 0.4425950
v 0.8939350 -0.2000000 0.3939350
v 0.8939350 -0.1000000 0.3939350
v 0.8614150 -0.1000000 0.4425950
v 0.8939350 -0.2000000 0.3939350
v 0.9425950 -0.2000000 0.3614150
v 0.9425950 -0.1000000 0.3614150
v 0.8939350 -0.1000000 0.3939350
v 0.9425950 -0.2000000 0.3614150
v 1.0000000 -0.2000000 0.3500000
v 1.0000000 -0.1000000 0.3500000
v 0.9425950 -0.1000000 0.3614150
v 1.0000000 -0.2000000 0.3500000
v 1.0574050 -0.2000000 0.3614150
v 1.0574050 -0.1000000 0.3614150
v 1.0000000 -0.1000000 0.3500000
v 1.0574050 -0.2000000 0.3614150
v 1.1060650 -0.2000000 0.3939350
v 1.1060650 -0.1000000 0.3939350
v 1.0574050 -0.1000000 0.3614150
v 1.1060650 -0.2000000 0.3939350
v 1.1385850 -0.2000000 0.4425950
v 1.1385850 -0.1000000 0.4425950
v 1.1060650 -0.1000000 0.3939350
v 1.1385850 -0.2000000 0.4425950
v 1.1500000 -0.2000000 0.5000000
v 1.1500000 -0.1000000 0.5000000
v 1.1385850 -0.1000000 0.4425950
v 1.2000000 -0.1000000 0.5000000
v 1.1847800 -0.1000000 0.5765400
v 1.1847800 -0.2000000 0.5765400
v 1.2000000 -0.2000000 0.5000000
v 1.1847800 -0.1000000 0.5765400
v 1.1414200 -0.1000000 0.6414200
v 1.1414200 -0.2000000 0.6414200
v 1.1847800 -0.2000000 0.5765400
v 1.1414200 -0.1000000 0.6414200
v 1.0765400 -0.1000000 0.6847800
v 1.0765400 -0.2000000 0.6847800
v 1.1414200 -0.2000000 0.6414200
v 1.0765400 -0.1000000 0.6847800
v 1.0000000 -0.1000000 0.7000000
v 1.0000000 -0.2000000 0.7000000
v 1.0765400 -0.2000000 0.6847800
v 1.0000000 -0.1000000 0.7000000
v 0.9234600 -0.1000000 0.6847800
v 0.9234600 -0.2000000 0.6847800
v 1.0000000 -0.2000000 0.7000000
v 0.9234600 -0.1000000 0.6847800
v 0.8585800 -0.1000000 0.6414200
v 0.8585800 -0.2000000 0.6414200
v 0.9234600 -0.2000000 0.6847800
v 0.8585800 -0.1000000 0.6414200
v 0.8152200 -0.1000000 0.5765400
v 0.8152200 -0.2000000 0.5765400
v 0.8585800 -0.2000000 0.6414200
v 0.8152200 -0.1000000 0.5765400
v 0.8000000 -0.1000000 0.5000000
v 0.8000000 -0.2000000 0.5000000
v 0.8152200 -0.2000000 0.5765400
v 0.8000000 -0.1000000 0.5000000
v 0.8152200 -0.1000000 0.4234600
v 0.8152200 -0.2000000 0.4234600
v 0.8000000 -0.2000000 0.5000000
v 0.8152200 -0.1000000 0.4234600
v 0.8585800 -0.1000000 0.3585800
v 0.8585800 -0.2000000 0.3585800
v 0.8152200 -0.2000000 0.4234600
v 0.8585800 -0.1000000 0.3585800
v 0.9234600 -0.1000000 0.3152200
v 0.9234600 -0.2000000 0.3152200
v 0.8585800 -0.2000000 0.3585800
v 0.9234600 -0.1000000 0.3152200
v 1.0000000 -0.1000000 0.3000000
v 1.0000000 -0.2000000 0.3000000
v 0.9234600 -0.2000000 0.3152200
v 1.0000000 -0.1000000 0.3000000
v 1.0765400 -0.1000000 0.3152200
v 1.0765400 -0.2000000 0.3152200
v 1.0000000 -0.2000000 0.3000000
v 1.0765400 -0.1000000 0.3152200
v 1.1414200 -0.1000000 0.3585800
v 1.1414200 -0.2000000 0.3585800
v 1.0765400 -0.2000000 0.3152200
v 1.1414200 -0.1000000 0.3585800
v 1.1847800 -0.1000000 0.4234600
v 1.1847800 -0.2000000 0.4234600
v 1.1414200 -0.2000000 0.3585800
v 1.1847800 -0.1000000 0.4234600
v 1.2000000 -0.1000000 0.5000000
v 1.2000000 -0.2000000 0.5000000
v 1.1847800 -0.2000000 0.4234600
v 0.9234600 -0.2000000 0.6847800
v 0.9425950 -0.2000000 0.6385850
v 1.0000000 -0.2000000 0.6500000
v 1.0000000 -0.2000000 0.7000000
v 0.8585800 -0.2000000 0.6414200
v 0.8939350 -0.2000000 0.6060650
v 0.9425950 -0.2000000 0.6385850
v 0.9234600 -0.2000000 0.6847800
v 0.8152200 -0.2000000 0.5765400
v 0.8614150 -0.2000000 0.5574050
v 0.8939350 -0.2000000 0.6060650
v 0.8585800 -0.2000000 0.6414200
v 0.8000000 -0.2000000 0.5000000
v 0.8500000 -0.2000000 0.5000000
v 0.8614150 -0.2000000 0.5574050
v 0.8152200 -0.2000000 0.5765400
v 0.8152200 -0.2000000 0.4234600
v 0.8614150 -0.2000000 0.4425950
v 0.8500000 -0.2000000 0.5000000
v 0.8000000 -0.2000000 0.5000000
v 0.8585800 -0.2000000 0.3585800
v 0.8939350 -0.2000000 0.3939350
v 0.8614150 -0.2000000 0.4425950
v 0.8152200 -0.2000000 0.4234600
v 0.9234600 -0.2000000 0.3152200
v 0.9425950 -0.2000000 0.3614150
v 0.8939350 -0.2000000 0.3939350
v 0.8585800 -0.2000000 0.3585800
v 1.0000000 -0.2000000 0.3000000
v 1.0000000 -0.2000000 0.3500000
v 0.9425950 -0.2000000 0.3614150
v 0.9234600 -0.2000000 0.3152200
v 1.0765400 -0.2000000 0.3152200
v 1.0574050 -0.2000000 0.3614150
v 1.0000000 -0.2000000 0.3500000
v 1.0000000 -0.2000000 0.3000000
v 1.1414200 -0.2000000 0.3585800
v 1.1060650 -0.2000000 0.3939350
v 1.0574050 -0.2000000 0.3614150
v 1.0765400 -0.2000000 0.3152200
v 1.1847800 -0.2000000 0.4234600
v 1.1385850 -0.2000000 0.4425950
v 1.1060650 -0.2000000 0.3939350
v 1.1414200 -0.2000000 0.3585800
v 1.2000000 -0.2000000 0.5000000
v 1.1500000 -0.2000000 0.5000000
v 1.1385850 -0.2000000 0.4425950
v 1.1847800 -0.2000000 0.4234600
v 1.1847800 -0.2000000 0.5765400
v 1.1385850 -0.2000000 0.5574050
v 1.1500000 -0.2000000 0.5000000
v 1.2000000 -0.2000000 0.5000000
v 1.1414200 -0.2000000 0.6414200
v 1.1060650 -0.2000000 0.6060650
v 1.1385850 -0.2000000 0.5574050
v 1.1847800 -0.2000000 0.5765400
v 1.0765400 -0.2000000 0.6847800
v 1.0574050 -0.2000000 0.6385850
v 1.1060650 -0.2000000 0.6060650
v 1.1414200 -0.2000000 0.6414200
v 1.0000000 -0.2000000 0.7000000
v 1.0000000 -0.2000000 0.6500000
v 1.0574050 -0.2000000 0.6385850
v 1.0765400 -0.2000000 0.6847800
v 0.6500000 -0.2000000 0.5000000
v 0.6385850 -0.2000000 0.5574050
v 0.6385850 -0.1000000 0.5574050
v 0.6500000 -0.1000000 0.5000000
v 0.6385850 -0.2000000 0.5574050
v 0.6060650 -0.2000000 0.6060650
v 0.6060650 -0.1000000 0.6060650
v 0.6385850 -0.1000000 0.5574050
v 0.6060650 -0.2000000 0.6060650
v 0.5574050 -0.2000000 0.6385850
v 0.5574050 -0.1000000 0.6385850
v 0.6060650 -0.1000000 0.6060650
v 0.5574050 -0.2000000 0.6385850
v 0.5000000 -0.2000000 0.6500000
v 0.5000000 -0.1000000 0.6500000
v 0.5574050 -0.1000000 0.6385850
v 0.5000000 -0.2000000 0.6500000
v 0.4425950 -0.2000000 0.6385850
v 0.4425950 -0.1000000 0.6385850
v 0.5000000 -0.1000000 0.6500000
v 0.4425950 -0.2000000 0.6385850
v 0.3939350 -0.2000000 0.6060650
v 0.3939350 -0.1000000 0.6060650
v 0.4425950 -0.1000000 0.6385850
v 0.3939350 -0.2000000 0.6060650
v 0.3614150 -0.2000000 0.5574050
v 0.3614150 -0.1000000 0.5574050
v 0.3939350 -0.1000000 0.6060650
v 0.3614150 -0.2000000 0.5574050
v 0.3500000 -0.2000000 0.5000000
v 0.3500000 -0.1000000 0.5000000
v 0.3614150 -0.1000000 0.5574050
v 0.3500000 -0.2000000 0.5000000
v 0.3614150 -0.2000000 0.4425950
v 0.3614150 -0.1000000 0.4425950
v 0.3500000 -0.1000000 0.5000000
v 0.3614150 -0.2000000 0.4425950
v 0.3939350 -0.2000000 0.3939350
v 0.3939350 -0.1000000 0.3939350
v 0.3614150 -0.1000000 0.4425950
v 0.3939350 -0.2000000 0.3939350
v 0.4425950 -0.2000000 0.3614150
v 0.4425950 -0.1000000 0.3614150
v 0.3939350 -0.1000000 0.3939350
v 0.4425950 -0.2000000 0.3614150
v 0.5000000 -0.2000000 0.3500000
v 0.5000000 -0.1000000 0.3500000
v 0.4425950 -0.1000000 0.3614150
v 0.5000000 -0.2000000 0.3500000
v 0.5574050 -0.2000000 0.3614150
v 0.5574050 -0.1000000 0.3614150
v 0.5000000 -0.1000000 0.3500000
v 0.5574050 -0.2000000 0.3614150
v 0.6060650 -0.2000000 0.3939350
v 0.6060650 -0.1000000 0.3939350
v 0.5574050 -0.1000000 0.3614150
v 0.6060650 -0.2000000 0.3939350
v 0.6385850 -0.2000000 0.4425950
v 0.6385850 -0.1000000 0.4425950
v 0.6060650 -0.1000000 0.3939350
v 0.6385850 -0.2000000 0.4425950
v 0.6500000 -0.2000000 0.5000000
v 0.6500000 -0.1000000 0.5000000
v 0.6385850 -0.1000000 0.4425950
v 0.7000000 -0.1000000 0.5000000
v 0.6847800 -0.1000000 0.5765400
v 0.6847800 -0.2000000 0.5765400
v 0.7000000 -0.2000000 0.5000000
v 0.6847800 -0.1000000 0.5765400
v 0.6414200 -0.1000000 0.6414200
v 0.6414200 -0.2000000 0.6414200
v 0.6847800 -0.2000000 0.5765400
v 0.6414200 -0.1000000 0.6414200
v 0.5765400 -0.1000000 0.6847800
v 0.5765400 -0.2000000 0.6847800
v 0.6414200 -0.2000000 0.6414200
v 0.5765400 -0.1000000 0.6847800
v 0.5000000 -0.1000000 0.7000000
v 0.5000000 -0.2000000 0.7000000
v 0.5765400 -0.2000000 0.6847800
v 0.5000000 -0.1000000 0.7000000
v 0.4234600 -0.1000000 0.6847800
v 0.4234600 -0.2000000 0.6847800
v 0.5000000 -0.2000000 0.7000000
v 0.4234600 -0.1000000 0.6847800
v 0.3585800 -0.1000000 0.6414200
v 0.3585800 -0.2000000 0.6414200
v 0.4234600 -0.2000000 0.6847800
v 0.3585800 -0.1000000 0.6414200
v 0.3152200 -0.1000000 0.5765400
v 0.3152200 -0.2000000 0.5765400
v 0.3585800 -0.2000000 0.6414200
v 0.3152200 -0.1000000 0.5765400
v 0.3000000 -0.1000000 0.5000000
v 0.3000000 -0.2000000 0.5000000
v 0.3152200 -0.2000000 0.5765400
v 0.3000000 -0.1000000 0.5000000
v 0.3152200 -0.1000000 0.4234600
v 0.3152200 -0.2000000 0.4234600
v 0.3000000 -0.2000000 0.5000000
v 0.3152200 -0.1000000 0.4234600
v 0.3585800 -0.1000000 0.3585800
v 0.3585800 -0.2000000 0.3585800
v 0.3152200 -0.2000000 0.4234600
v 0.3585800 -0.1000000 0.3585800
v 0.4234600 -0.1000000 0.3152200
v 0.4234600 -0.2000000 0.3152200
v 0.3585800 -0.2000000 0.3585800
v 0.4234600 -0.1000000 0.3152200
v 0.5000000 -0.1000000 0.3000000
v 0.5000000 -0.2000000 0.3000000
v 0.4234600 -0.2000000 0.3152200
v 0.5000000 -0.1000000 0.3000000
v 0.5765400 -0.1000000 0.3152200
v 0.5765400 -0.2000000 0.3152200
v 0.5000000 -0.2000000 0.3000000
v 0.5765400 -0.1000000 0.3152200
v 0.6414200 -0.1000000 0.3585800
v 0.6414200 -0.2000000 0.3585800
v 0.5765400 -0.2000000 0.3152200
v 0.6414200 -0.1000000 0.3585800
v 0.6847800 -0.1000000 0.4234600
v 0.6847800 -0.2000000 0.4234600
v 0.6414200 -0.2000000 0.3585800
v 0.6847800 -0.1000000 0.4234600
v 0.7000000 -0.1000000 0.5000000
v 0.7000000 -0.2000000 0.5000000
v 0.6847800 -0.2000000 0.4234600
v 0.4234600 -0.2000000 0.6847800
v 0.4425950 -0.2000000 0.6385850
v 0.5000000 -0.2000000 0.6500000
v 0.5000000 -0.2000000 0.7000000
v 0.3585800 -0.2000000 0.6414200
v 0.3939350 -0.2000000 0.6060650
v 0.4425950 -0.2000000 0.6385850
v 0.4234600 -0.2000000 0.6847800
v 0.3152200 -0.2000000 0.5765400
v 0.3614150 -0.2000000 0.5574050
v 0.3939350 -0.2000000 0.6060650
v 0.3585800 -0.2000000 0.6414200
v 0.3000000 -0.2000000 0.5000000
v 0.3500000 -0.2000000 0.5000000
v 0.3614150 -0.2000000 0.5574050
v 0.3152200 -0.2000000 0.5765400
v 0.3152200 -0.2000000 0.4234600
v 0.3614150 -0.2000000 0.4425950
v 0.3500000 -0.2000000 0.5000000
v 0.3000000 -0.2000000 0.5000000
v 0.3585800 -0.2000000 0.3585800
v 0.3939350 -0.2000000 0.3939350
v 0.3614150 -0.2000000 0.4425950
v 0.3152200 -0.2000000 0.4234600
v 0.4234600 -0.2000000 0.3152200
v 0.4425950 -0.2000000 0.3614150
v 0.3939350 -0.2000000 0.3939350
v 0.3585800 -0.2000000 0.3585800
v 0.5000000 -0.2000000 0.3000000
v 0.5000000 -0.2000000 0.3500000
v 0.4425950 -0.2000000 0.3614150
v 0.4234600 -0.2000000 0.3152200
v 0.5765400 -0.2000000 0.3152200
v 0.5574050 -0.2000000 0.3614150
v 0.5000000 -0.2000000 0.3500000
v 0.5000000 -0.2000000 0.3000000
v 0.6414200 -0.2000000 0.3585800
v 0.6060650 -0.2000000 0.3939350
v 0.5574050 -0.2000000 0.3614150
v 0.5765400 -0.2000000 0.3152200
v 0.6847800 -0.2000000 0.4234600
v 0.6385850 -0.2000000 0.4425950
v 0.6060650 -0.2000000 0.3939350
v 0.6414200 -0.2000000 0.3585800
v 0.7000000 -0.2000000 0.5000000
v 0.6500000 -0.2000000 0.5000000
v 0.6385850 -0.2000000 0.4425950
v 0.6847800 -0.2000000 0.4234600
v 0.6847800 -0.2000000 0.5765400
v 0.6385850 -0.2000000 0.5574050
v 0.6500000 -0.2000000 0.5000000
v 0.7000000 -0.2000000 0.5000000
v 0.6414200 -0.2000000 0.6414200
v 0.6060650 -0.2000000 0.6060650
v 0.6385850 -0.2000000 0.5574050
v 0.6847800 -0.2000000 0.5765400
v 0.5765400 -0.2000000 0.6847800
v 0.5574050 -0.2000000 0.6385850
v 0.6060650 -0.2000000 0.6060650
v 0.6414200 -0.2000000 0.6414200
v 0.5000000 -0.2000000 0.7000000
v 0.5000000 -0.2000000 0.6500000
v 0.5574050 -0.2000000 0.6385850
v 0.5765400 -0.2000000 0.6847800
v 0.1500000 -0.2000000 0.5000000
v 0.1385850 -0.2000000 0.5574050
v 0.1385850 -0.1000000 0.5574050
v 0.1500000 -0.1000000 0.5000000
v 0.1385850 -0.2000000 0.5574050
v 0.1060650 -0.2000000 0.6060650
v 0.1060650 -0.1000000 0.6060650
v 0.1385850 -0.1000000 0.5574050
v 0.1060650 -0.2000000 0.6060650
v 0.0574050 -0.2000000 0.6385850
v 0.0574050 -0.1000000 0.6385850
v 0.1060650 -0.1000000 0.6060650
v 0.0574050 -0.2000000 0.6385850
v 0.0000000 -0.2000000 0.6500000
v 0.0000000 -0.1000000 0.6500000
v 0.0574050 -0.1000000 0.6385850
v 0.0000000 -0.2000000 0.6500000
v -0.0574050 -0.2000000 0.6385850
v -0.0574050 -0.1000000 0.6385850
v 0.0000000 -0.1000000 0.6500000
v -0.0574050 -0.2000000 0.6385850
v -0.1060650 -0.2000000 0.6060650
v -0.1060650 -0.1000000 0.6060650
v -0.0574050 -0.1000000 0.6385850
v -0.1060650 -0.2000000 0.6060650
v -0.1385850 -0.2000000 0.5574050
v -0.1385850 -0.1000000 0.5574050
v -0.1060650 -0.1000000 0.6060650
v -0.1385850 -0.2000000 0.5574050
v -0.1500000 -0.2000000 0.5000000
v -0.1500000 -0.1000000 0.5000000
v -0.1385850 -0.1000000 0.5574050
v -0.1500000 -0.2000000 0.5000000
v -0.1385850 -0.2000000 0.4425950
v -0.1385850 -0.1000000 0.4425950
v -0.1500000 -0.1000000 0.5000000
v -0.1385850 -0.2000000 0.4425950
v -0.1060650 -0.2000000 0.3939350
v -0.1060650 -0.1000000 0.3939350
v -0.1385850 -0.1000000 0.4425950
v -0.1060650 -0.2000000 0.3939350
v -0.0574050 -0.2000000 0.3614150
v -0.0574050 -0.1000000 0.3614150
v -0.1060650 -0.1000000 0.3939350
v -0.0574050 -0.2000000 0.3614150
v 0.0000000 -0.2000000 0.3500000
v 0.0000000 -0.1000000 0.3500000
v -0.0574050 -0.1000000 0.3614150
v 0.0000000 -0.2000000 0.3500000
v 0.0574050 -0.2000000 0.3614150
v 0.0574050 -0.1000000 0.3614150
v 0.0000000 -0.1000000 0.3500000
v 0.0574050 -0.2000000 0.3614150
v 0.1060650 -0.2000000 0.3939350
v 0.1060650 -0.1000000 0.3939350
v 0.0574050 -0.1000000 0.3614150
v 0.1060650 -0.2000000 0.3939350
v 0.1385850 -0.2000000 0.4425950
v 0.1385850 -0.1000000 0.4425950
v 0.1060650 -0.1000000 0.3939350
v 0.1385850 -0.2000000 0.4425950
v 0.1500000 -0.2000000 0.5000000
v 0.1500000 -0.1000000 0.5000000
v 0.1385850 -0.1000000 0.4425950
v 0.2000000 -0.1000000 0.5000000
v 0.1847800 -0.1000000 0.5765400
v 0.1847800 -0.2000000 0.5765400
v 0.2000000 -0.2000000 0.5000000
v 0.1847800 -0.1000000 0.5765400
v 0.1414200 -0.1000000 0.6414200
v 0.1414200 -0.2000000 0.6414200
v 0.1847800 -0.2000000 0.5765400
v 0.1414200 -0.1000000 0.6414200
v 0.0765400 -0.1000000 0.6847800
v 0.0765400 -0.2000000 0.6847800
v 0.1414200 -0.2000000 0.6414200
v 0.0765400 -0.1000000 0.6847800
v 0.0000000 -0.1000000 0.7000000
v 0.0000000 -0.2000000 0.7000000
v 0.0765400 -0.2000000 0.6847800
v 0.0000000 -0.1000000 0.7000000
v -0.0765400 -0.1000000 0.6847800
v -0.0765400 -0.2000000 0.6847800
v 0.0000000 -0.2000000 0.7000000
v -0.0765400 -0.1000000 0.6847800
v -0.1414200 -0.1000000 0.6414200
v -0.1414200 -0.2000000 0.6414200
v -0.0765400 -0.2000000 0.6847800
v -0.1414200 -0.1000000 0.6414200
v -0.1847800 -0.1000000 0.5765400
v -0.1847800 -0.2000000 0.5765400
v -0.1414200 -0.2000000 0.6414200
v -0.1847800 -0.1000000 0.5765400
v -0.2000000 -0.1000000 0.5000000
v -0.2000000 -0.2000000 0.5000000
v -0.1847800 -0.2000000 0.5765400
v -0.2000000 -0.1000000 0.5000000
v -0.1847800 -0.1000000 0.4234600
v -0.1847800 -0.2000000 0.4234600
v -0.2000000 -0.2000000 0.5000000
v -0.1847800 -0.1000000 0.4234600
v -0.1414200 -0.1000000 0.3585800
v -0.1414200 -0.2000000 0.3585800
v -0.1847800 -0.2000000 0.4234600
v -0.1414200 -0.1000000 0.3585800
v -0.0765400 -0.1000000 0.3152200
v -0.0765400 -0.2000000 0.3152200
v -0.1414200 -0.2000000 0.3585800
v -0.0765400 -0.1000000 0.3152200
v 0.0000000 -0.1000000 0.3000000
v 0.0000000 -0.2000000 0.3000000
v -0.0765400 -0.2000000 0.3152200
v 0.0000000 -0.1000000 0.3000000
v 0.0765400 -0.1000000 0.3152200
v 0.0765400 -0.2000000 0.3152200
v 0.0000000 -0.2000000 0.3000000
v 0.0765400 -0.1000000 0.3152200
v 0.1414200 -0.1000000 0.3585800
v 0.1414200 -0.2000000 0.3585800
v 0.0765400 -0.2000000 0.3152200
v 0.1414200 -0.1000000 0.3585800
v 0.1847800 -0.1000000 0.4234600
v 0.1847800 -0.2000000 0.4234600
v 0.1414200 -0.2000000 0.3585800
v 0.1847800 -0.1000000 0.4234600
v 0.2000000 -0.1000000 0.5000000
v 0.2000000 -0.2000000 0.5000000
v 0.1847800 -0.2000000 0.4234600
v -0.0765400 -0.2000000 0.6847800
v -0.0574050 -0.2000000 0.6385850
v 0.0000000 -0.2000000 0.6500000
v 0.0000000 -0.2000000 0.7000000
v -0.1414200 -0.2000000 0.6414200
v -0.1060650 -0.2000000 0.6060650
v -0.0574050 -0.2000000 0.6385850
v -0.0765400 -0.2000000 0.6847800
v -0.1847800 -0.2000000 0.5765400
v -0.1385850 -0.2000000 0.5574050
v -0.1060650 -0.2000000 0.6060650
v -0.1414200 -0.2000000 0.6414200
v -0.2000000 -0.2000000 0.5000000
v -0.1500000 -0.2000000 0.5000000
v -0.1385850 -0.2000000 0.5574050
v -0.1847800 -0.2000000 0.5765400
v -0.1847800 -0.2000000 0.4234600
v -0.1385850 -0.2000000 0.4425950
v -0.1500000 -0.2000000 0.5000000
v -0.2000000 -0.2000000 0.5000000
v -0.1414200 -0.2000000 0.3585800
v -0.1060650 -0.2000000 0.3939350
v -0.1385850 -0.2000000 0.4425950
v -0.1847800 -0.2000000 0.4234600
v -0.0765400 -0.2000000 0.3152200
v -0.0574050 -0.2000000 0.3614150
v -0.1060650 -0.2000000 0.3939350
v -0.1414200 -0.2000000 0.3585800
v 0.0000000 -0.2000000 0.3000000
v 0.0000000 -0.2000000 0.3500000
v -0.0574050 -0.2000000 0.3614150
v -0.0765400 -0.2000000 0.3152200
v 0.0765400 -0.2000000 0.3152200
v 0.0574050 -0.2000000 0.3614150
v 0.0000000 -0.2000000 0.3500000
v 0.0000000 -0.2000000 0.3000000
v 0.1414200 -0.2000000 0.3585800
v 0.1060650 -0.2000000 0.3939350
v 0.0574050 -0.2000000 0.3614150
v 0.0765400 -0.2000000 0.3152200
v 0.1847800 -0.2000000 0.4234600
v 0.1385850 -0.2000000 0.4425950
v 0.1060650 -0.2000000 0.3939350
v 0.1414200 -0.2000000 0.3585800
v 0.2000000 -0.2000000 0.5000000
v 0.1500000 -0.2000000 0.5000000
v 0.1385850 -0.2000000 0.4425950
v 0.1847800 -0.2000000 0.4234600
v 0.1847800 -0.2000000 0.5765400
v 0.1385850 -0.2000000 0.5574050
v 0.1500000 -0.2000000 0.5000000
v 0.2000000 -0.2000000 0.5000000
v 0.1414200 -0.2000000 0.6414200
v 0.1060650 -0.2000000 0.6060650
v 0.1385850 -0.2000000 0.5574050
v 0.1847800 -0.2000000 0.5765400
v 0.0765400 -0.2000000 0.6847800
v 0.0574050 -0.2000000 0.6385850
v 0.1060650 -0.2000000 0.6060650
v 0.1414200 -0.2000000 0.6414200
v 0.0000000 -0.2000000 0.7000000
v 0.0000000 -0.2000000 0.6500000
v 0.0574050 -0.2000000 0.6385850
v 0.0765400 -0.2000000 0.6847800
v -0.3500000 -0.2000000 0.5000000
v -0.3614150 -0.2000000 0.5574050
v -0.3614150 -0.1000000 0.5574050
v -0.3500000 -0.1000000 0.5000000
v -0.3614150 -0.2000000 0.5574050
v -0.3939350 -0.2000000 0.6060650
v -0.3939350 -0.1000000 0.6060650
v -0.3614150 -0.1000000 0.5574050
v -0.3939350 -0.2000000 0.6060650
v -0.4425950 -0.2000000 0.6385850
v -0.4425950 -0.1000000 0.6385850
v -0.3939350 -0.1000000 0.6060650
v -0.4425950 -0.2000000 0.6385850
v -0.5000000 -0.2000000 0.6500000
v -0.5000000 -0.1000000 0.6500000
v -0.4425950 -0.1000000 0.6385850
v -0.5000000 -0.2000000 0.6500000
v -0.5574050 -0.2000000 0.6385850
v -0.5574050 -0.1000000 0.6385850
v -0.5000000 -0.1000000 0.6500000
v -0.5574050 -0.2000000 0.6385850
v -0.6060650 -0.2000000 0.6060650
v -0.6060650 -0.1000000 0.6060650
v -0.5574050 -0.1000000 0.6385850
v -0.6060650 -0.2000000 0.6060650
v -0.6385850 -0.2000000 0.5574050
v -0.6385850 -0.1000000 0.5574050
v -0.6060650 -0.1000000 0.6060650
v -0.6385850 -0.2000000 0.5574050
v -0.6500000 -0.2000000 0.5000000
v -0.6500000 -0.1000000 0.5000000
v -0.6385850 -0.1000000 0.5574050
v -0.6500000 -0.2000000 0.5000000
v -0.6385850 -0.2000000 0.4425950
v -0.6385850 -0.1000000 0.4425950
v -0.6500000 -0.1000000 0.5000000
v -0.6385850 -0.2000000 0.4425950
v -0.6060650 -0.2000000 0.3939350
v -0.6060650 -0.1000000 0.3939350
v -0.6385850 -0.1000000 0.4425950
v -0.6060650 -0.2000000 0.3939350
v -0.5574050 -0.2000000 0.3614150
v -0.5574050 -0.1000000 0.3614150
v -0.6060650 -0.1000000 0.3939350
v -0.5574050 -0.2000000 0.3614150
v -0.5000000 -0.2000000 0.3500000
v -0.5000000 -0.1000000 0.3500000
v -0.5574050 -0.1000000 0.3614150
v -0.5000000 -0.2000000 0.3500000
v -0.4425950 -0.2000000 0.3614150
v -0.4425950 -0.1000000 0.3614150
v -0.5000000 -0.1000000 0.3500000
v -0.4425950 -0.2000000 0.3614150
v -0.3939350 -0.2000000 0.3939350
v -0.3939350 -0.1000000 0.3939350
v -0.4425950 -0.1000000 0.3614150
v -0.3939350 -0.2000000 0.3939350
v -0.3614150 -0.2000000 0.4425950
v -0.3614150 -0.1000000 0.4425950
v -0.3939350 -0.1000000 0.3939350
v -0.3614150 -0.2000000 0.4425950
v -0.3500000 -0.2000000 0.5000000
v -0.3500000 -0.1000000 0.5000000
v -0.3614150 -0.1000000 0.4425950
v -0.3000000 -0.1000000 0.5000000
v -0.3152200 -0.1000000 0.5765400
v -0.3152200 -0.2000000 0.5765400
v -0.3000000 -0.2000000 0.5000000
v -0.3152200 -0.1000000 0.5765400
v -0.3585800 -0.1000000 0.6414200
v -0.3585800 -0.2000000 0.6414200
v -0.3152200 -0.2000000 0.5765400
v -0.3585800 -0.1000000 0.6414200
v -0.4234600 -0.1000000 0.6847800
v -0.4234600 -0.2000000 0.6847800
v -0.3585800 -0.2000000 0.6414200
v -0.4234600 -0.1000000 0.6847800
v -0.5000000 -0.1000000 0.7000000
v -0.5000000 -0.2000000 0.7000000
v -0.4234600 -0.2000000 0.6847800
v -0.5000000 -0.1000000 0.7000000
v -0.5765400 -0.1000000 0.6847800
v -0.5765400 -0.2000000 0.6847800
v -0.5000000 -0.2000000 0.7000000
v -0.5765400 -0.1000000 0.6847800
v -0.6414200 -0.1000000 0.6414200
v -0.6414200 -0.2000000 0.6414200
v -0.5765400 -0.2000000 0.6847800
v -0.6414200 -0.1000000 0.6414200
v -0.6847800 -0.1000000 0.5765400
v -0.6847800 -0.2000000 0.5765400
v -0.6414200 -0.2000000 0.6414200
v -0.6847800 -0.1000000 0.5765400
v -0.7000000 -0.1000000 0.5000000
v -0.7000000 -0.2000000 0.5000000
v -0.6847800 -0.2000000 0.5765400
v -0.7000000 -0.1000000 0.5000000
v -0.6847800 -0.1000000 0.4234600
v -0.6847800 -0.2000000 0.4234600
v -0.7000000 -0.2000000 0.5000000
v -0.6847800 -0.1000000 0.4234600
v -0.6414200 -0.1000000 0.3585800
v -0.6414200 -0.2000000 0.3585800
v -0.6847800 -0.2000000 0.4234600
v -0.6414200 -0.1000000 0.3585800
v -0.5765400 -0.1000000 0.3152200
v -0.5765400 -0.2000000 0.3152200
v -0.6414200 -0.2000000 0.3585800
v -0.5765400 -0.1000000 0.3152200
v -0.5000000 -0.1000000 0.3000000
v -0.5000000 -0.2000000 0.3000000
v -0.5765400 -0.2000000 0.3152200
v -0.5000000 -0.1000000 0.3000000
v -0.4234600 -0.1000000 0.3152200
v -0.4234600 -0.2000000 0.3152200
v -0.5000000 -0.2000000 0.3000000
v -0.4234600 -0.1000000 0.3152200
v -0.3585800 -0.1000000 0.3585800
v -0.3585800 -0.2000000 0.3585800
v -0.4234600 -0.2000000 0.3152200
v -0.3585800 -0.1000000 0.3585800
v -0.3152200 -0.1000000 0.4234600
v -0.3152200 -0.2000000 0.4234600
v -0.3585800 -0.2000000 0.3585800
v -0.3152200 -0.1000000 0.4234600
v -0.3000000 -0.1000000 0.5000000
v -0.3000000 -0.2000000 0.5000000
v -0.3152200 -0.2000000 0.4234600
v -0.5765400 -0.2000000 0.6847800
v -0.5574050 -0.2000000 0.6385850
v -0.5000000 -0.2000000 0.6500000
v -0.5000000 -0.2000000 0.7000000
v -0.6414200 -0.2000000 0.6414200
v -0.6060650 -0.2000000 0.6060650
v -0.5574050 -0.2000000 0.6385850
v -0.5765400 -0.2000000 0.6847800
v -0.6847800 -0.2000000 0.5765400
v -0.6385850 -0.2000000 0.5574050
v -0.6060650 -0.2000000 0.6060650
v -0.6414200 -0.2000000 0.6414200
v -0.7000000 -0.2000000 0.5000000
v -0.6500000 -0.2000000 0.5000000
v -0.6385850 -0.2000000 0.5574050
v -0.6847800 -0.2000000 0.5765400
v -0.6847800 -0.2000000 0.4234600
v -0.6385850 -0.2000000 0.4425950
v -0.6500000 -0.2000000 0.5000000
v -0.7000000 -0.2000000 0.5000000
v -0.6414200 -0.2000000 0.3585800
v -0.6060650 -0.2000000 0.3939350
v -0.6385850 -0.2000000 0.4425950
v -0.6847800 -0.2000000 0.4234600
v -0.5765400 -0.2000000 0.3152200
v -0.5574050 -0.2000000 0.3614150
v -0.6060650 -0.2000000 0.3939350
v -0.6414200 -0.2000000 0.3585800
v -0.5000000 -0.2000000 0.3000000
v -0.5000000 -0.2000000 0.3500000
v -0.5574050 -0.2000000 0.3614150
v -0.5765400 -0.2000000 0.3152200
v -0.4234600 -0.2000000 0.3152200
v -0.4425950 -0.2000000 0.3614150
v -0.5000000 -0.2000000 0.3500000
v -0.5000000 -0.2000000 0.3000000
v -0.3585800 -0.2000000 0.3585800
v -0.3939350 -0.2000000 0.3939350
v -0.4425950 -0.2000000 0.3614150
v -0.4234600 -0.2000000 0.3152200
v -0.3152200 -0.2000000 0.4234600
v -0.3614150 -0.2000000 0.4425950
v -0.3939350 -0.2000000 0.3939350
v -0.3585800 -0.2000000 0.3585800
v -0.3000000 -0.2000000 0.5000000
v -0.3500000 -0.2000000 0.5000000
v -0.3614150 -0.2000000 0.4425950
v -0.3152200 -0.2000000 0.4234600
v -0.3152200 -0.2000000 0.5765400
v -0.3614150 -0.2000000 0.5574050
v -0.3500000 -0.2000000 0.5000000
v -0.3000000 -0.2000000 0.5000000
v -0.3585800 -0.2000000 0.6414200
v -0.3939350 -0.2000000 0.6060650
v -0.3614150 -0.2000000 0.5574050
v -0.3152200 -0.2000000 0.5765400
v -0.4234600 -0.2000000 0.6847800
v -0.4425950 -0.2000000 0.6385850
v -0.3939350 -0.2000000 0.6060650
v -0.3585800 -0.2000000 0.6414200
v -0.5000000 -0.2000000 0.7000000
v -0.5000000 -0.2000000 0.6500000
v -0.4425950 -0.2000000 0.6385850
v -0.4234600 -0.2000000 0.6847800
v -0.8500000 -0.2000000 0.5000000
v -0.8614150 -0.2000000 0.5574050
v -0.8614150 -0.1000000 0.5574050
v -0.8500000 -0.1000000 0.5000000
v -0.8614150 -0.2000000 0.5574050
v -0.8939350 -0.2000000 0.6060650
v -0.8939350 -0.1000000 0.6060650
v -0.8614150 -0.1000000 0.5574050
v -0.8939350 -0.2000000 0.6060650
v -0.9425950 -0.2000000 0.6385850
v -0.9425950 -0.1000000 0.6385850
v -0.8939350 -0.1000000 0.6060650
v -0.9425950 -0.2000000 0.6385850
v -1.0000000 -0.2000000 0.6500000
v -1.0000000 -0.1000000 0.6500000
v -0.9425950 -0.1000000 0.6385850
v -1.0000000 -0.2000000 0.6500000
v -1.0574050 -0.2000000 0.6385850
v -1.0574050 -0.1000000 0.6385850
v -1.0000000 -0.1000000 0.6500000
v -1.0574050 -0.2000000 0.6385850
v -1.1060650 -0.2000000 0.6060650
v -1.1060650 -0.1000000 0.6060650
v -1.0574050 -0.1000000 0.6385850
v -1.1060650 -0.2000000 0.6060650
v -1.1385850 -0.2000000 0.5574050
v -1.1385850 -0.1000000 0.5574050
v -1.1060650 -0.1000000 0.6060650
v -1.1385850 -0.2000000 0.5574050
v -1.1500000 -0.2000000 0.5000000
v -1.1500000 -0.1000000 0.5000000
v -1.1385850 -0.1000000 0.5574050
v -1.1500000 -0.2000000 0.5000000
v -1.1385850 -0.2000000 0.4425950
v -1.1385850 -0.1000000 0.4425950
v -1.1500000 -0.1000000 0.5000000
v -1.1385850 -0.2000000 0.4425950
v -1.1060650 -0.2000000 0.3939350
v -1.1060650 -0.1000000 0.3939350
v -1.1385850 -0.1000000 0.4425950
v -1.1060650 -0.2000000 0.3939350
v -1.0574050 -0.2000000 0.3614150
v -1.0574050 -0.1000000 0.3614150
v -1.1060650 -0.1000000 0.3939350
v -1.0574050 -0.2000000 0.3614150
v -1.0000000 -0.2000000 0.3500000
v -1.0000000 -0.1000000 0.3500000
v -1.0574050 -0.1000000 0.3614150
v -1.0000000 -0.2000000 0.3500000
v -0.9425950 -0.2000000 0.3614150
v -0.9425950 -0.1000000 0.3614150
v -1.0000000 -0.1000000 0.3500000
v -0.9425950 -0.2000000 0.3614150
v -0.8939350 -0.2000000 0.3939350
v -0.8939350 -0.1000000 0.3939350
v -0.9425950 -0.1000000 0.3614150
v -0.8939350 -0.2000000 0.3939350
v -0.8614150 -0.2000000 0.4425950
v -0.8614150 -0.1000000 0.4425950
v -0.8939350 -0.1000000 0.3939350
v -0.8614150 -0.2000000 0.4425950
v -0.8500000 -0.2000000 0.5000000
v -0.8500000 -0.1000000 0.5000000
v -0.8614150 -0.1000000 0.4425950
v -0.8000000 -0.1000000 0.5000000
v -0.8152200 -0.1000000 0.5765400
v -0.8152200 -0.2000000 0.5765400
v -0.8000000 -0.2000000 0.5000000
v -0.8152200 -0.1000000 0.5765400
v -0.8585800 -0.1000000 0.6414200
v -0.8585800 -0.2000000 0.6414200
v -0.8152200 -0.2000000 0.5765400
v -0.8585800 -0.1000000 0.6414200
v -0.9234600 -0.1000000 0.6847800
v -0.9234600 -0.2000000 0.6847800
v -0.8585800 -0.2000000 0.6414200
v -0.9234600 -0.1000000 0.6847800
v -1.0000000 -0.1000000 0.7000000
v -1.0000000 -0.2000000 0.7000000
v -0.9234600 -0.2000000 0.6847800
v -1.0000000 -0.1000000 0.7000000
v -1.0765400 -0.1000000 0.6847800
v -1.0765400 -0.2000000 0.6847800
v -1.0000000 -0.2000000 0.7000000
v -1.0765400 -0.1000000 0.6847800
v -1.1414200 -0.1000000 0.6414200
v -1.1414200 -0.2000000 0.6414200
v -1.0765400 -0.2000000 0.6847800
v -1.1414200 -0.1000000 0.6414200
v -1.1847800 -0.1000000 0.5765400
v -1.1847800 -0.2000000 0.5765400
v -1.1414200 -0.2000000 0.6414200
v -1.1847800 -0.1000000 0.5765400
v -1.2000000 -0.1000000 0.5000000
v -1.2000000 -0.2000000 0.5000000
v -1.1847800 -0.2000000 0.5765400
v -1.2000000 -0.1000000 0.5000000
v -1.1847800 -0.1000000 0.4234600
v -1.1847800 -0.2000000 0.4234600
v -1.2000000 -0.2000000 0.5000000
v -1.1847800 -0.1000000 0.4234600
v -1.1414200 -0.1000000 0.3585800
v -1.1414200 -0.2000000 0.3585800
v -1.1847800 -0.2000000 0.4234600
v -1.1414200 -0.1000000 0.3585800
v -1.0765400 -0.1000000 0.3152200
v -1.0765400 -0.2000000 0.3152200
v -1.1414200 -0.2000000 0.3585800
v -1.0765400 -0.1000000 0.3152200
v -1.0000000 -0.1000000 0.3000000
v -1.0000000 -0.2000000 0.3000000
v -1.0765400 -0.2000000 0.3152200
v -1.0000000 -0.1000000 0.3000000
v -0.9234600 -0.1000000 0.3152200
v -0.9234600 -0.2000000 0.3152200
v -1.0000000 -0.2000000 0.3000000
v -0.9234600 -0.1000000 0.3152200
v -0.8585800 -0.1000000 0.3585800
v -0.8585800 -0.2000000 0.3585800
v -0.9234600 -0.2000000 0.3152200
v -0.8585800 -0.1000000 0.3585800
v -0.8152200 -0.1000000 0.4234600
v -0.8152200 -0.2000000 0.4234600
v -0.8585800 -0.2000000 0.3585800
v -0.8152200 -0.1000000 0.4234600
v -0.8000000 -0.1000000 0.5000000
v -0.8000000 -0.2000000 0.5000000
v -0.8152200 -0.2000000 0.4234600
v -1.0765400 -0.2000000 0.6847800
v -1.0574050 -0.2000000 0.6385850
v -1.0000000 -0.2000000 0.6500000
v -1.0000000 -0.2000000 0.7000000
v -1.1414200 -0.2000000 0.6414200
v -1.1060650 -0.2000000 0.6060650
v -1.0574050 -0.2000000 0.6385850
v -1.0765400 -0.2000000 0.6847800
v -1.1847800 -0.2000000 0.5765400
v -1.1385850 -0.2000000 0.5574050
v -1.1060650 -0.2000000 0.6060650
v -1.1414200 -0.2000000 0.6414200
v -1.2000000 -0.2000000 0.5000000
v -1.1500000 -0.2000000 0.5000000
v -1.1385850 -0.2000000 0.5574050
v -1.1847800 -0.2000000 0.5765400
v -1.1847800 -0.2000000 0.4234600
v -1.1385850 -0.2000000 0.4425950
v -1.1500000 -0.2000000 0.5000000
v -1.2000000 -0.2000000 0.5000000
v -1.1414200 -0.2000000 0.3585800
v -1.1060650 -0.2000000 0.3939350
v -1.1385850 -0.2000000 0.4425950
v -1.1847800 -0.2000000 0.4234600
v -1.0765400 -0.2000000 0.3152200
v -1.0574050 -0.2000000 0.3614150
v -1.1060650 -0.2000000 0.3939350
v -1.1414200 -0.2000000 0.3585800
v -1.0000000 -0.2000000 0.3000000
v -1.0000000 -0.2000000 0.3500000
v -1.0574050 -0.2000000 0.3614150
v -1.0765400 -0.2000000 0.3152200
v -0.9234600 -0.2000000 0.3152200
v -0.9425950 -0.2000000 0.3614150
v -1.0000000 -0.2000000 0.3500000
v -1.0000000 -0.2000000 0.3000000
v -0.8585800 -0.2000000 0.3585800
v -0.8939350 -0.2000000 0.3939350
v -0.9425950 -0.2000000 0.3614150
v -0.9234600 -0.2000000 0.3152200
v -0.8152200 -0.2000000 0.4234600
v -0.8614150 -0.2000000 0.4425950
v -0.8939350 -0.2000000 0.3939350
v -0.8585800 -0.2000000 0.3585800
v -0.8000000 -0.2000000 0.5000000
v -0.8500000 -0.2000000 0.5000000
v -0.8614150 -0.2000000 0.4425950
v -0.8152200 -0.2000000 0.4234600
v -0.8152200 -0.2000000 0.5765400
v -0.8614150 -0.2000000 0.5574050
v -0.8500000 -0.2000000 0.5000000
v -0.8000000 -0.2000000 0.5000000
v -0.8585800 -0.2000000 0.6414200
v -0.8939350 -0.2000000 0.6060650
v -0.8614150 -0.2000000 0.5574050
v -0.8152200 -0.2000000 0.5765400
v -0.9234600 -0.2000000 0.6847800
v -0.9425950 -0.2000000 0.6385850
v -0.8939350 -0.2000000 0.6060650
v -0.8585800 -0.2000000 0.6414200
v -1.0000000 -0.2000000 0.7000000
v -1.0000000 -0.2000000 0.6500000
v -0.9425950 -0.2000000 0.6385850
v -0.9234600 -0.2000000 0.6847800
v -1.3500000 -0.2000000 0.5000000
v -1.3614150 -0.2000000 0.5574050
v -1.3614150 -0.1000000 0.5574050
v -1.3500000 -0.1000000 0.5000000
v -1.3614150 -0.2000000 0.5574050
v -1.3939350 -0.2000000 0.6060650
v -1.3939350 -0.1000000 0.6060650
v -1.3614150 -0.1000000 0.5574050
v -1.3939350 -0.2000000 0.6060650
v -1.4425950 -0.2000000 0.6385850
v -1.4425950 -0.1000000 0.6385850
v -1.3939350 -0.1000000 0.6060650
v -1.4425950 -0.2000000 0.6385850
v -1.5000000 -0.2000000 0.6500000
v -1.5000000 -0.1000000 0.6500000
v -1.4425950 -0.1000000 0.6385850
v -1.5000000 -0.2000000 0.6500000
v -1.5574050 -0.2000000 0.6385850
v -1.5574050 -0.1000000 0.6385850
v -1.5000000 -0.1000000 0.6500000
v -1.5574050 -0.2000000 0.6385850
v -1.6060650 -0.2000000 0.6060650
v -1.6060650 -0.1000000 0.6060650
v -1.5574050 -0.1000000 0.6385850
v -1.6060650 -0.2000000 0.6060650
v -1.6385850 -0.2000000 0.5574050
v -1.6385850 -0.1000000 0.5574050
v -1.6060650 -0.1000000 0.6060650
v -1.6385850 -0.2000000 0.5574050
v -1.6500000 -0.2000000 0.5000000
v -1.6500000 -0.1000000 0.5000000
v -1.6385850 -0.1000000 0.5574050
v -1.6500000 -0.2000000 0.5000000
v -1.6385850 -0.2000000 0.4425950
v -1.6385850 -0.1000000 0.4425950
v -1.6500000 -0.1000000 0.5000000
v -1.6385850 -0.2000000 0.4425950
v -1.6060650 -0.2000000 0.3939350
v -1.6060650 -0.1000000 0.3939350
v -1.6385850 -0.1000000 0.4425950
v -1.6060650 -0.2000000 0.3939350
v -1.5574050 -0.2000000 0.3614150
v -1.5574050 -0.1000000 0.3614150
v -1.6060650 -0.1000000 0.3939350
v -1.5574050 -0.2000000 0.3614150
v -1.5000000 -0.2000000 0.3500000
v -1.5000000 -0.1000000 0.3500000
v -1.5574050 -0.1000000 0.3614150
v -1.5000000 -0.2000000 0.3500000
v -1.4425950 -0.2000000 0.3614150
v -1.4425950 -0.1000000 0.3614150
v -1.5000000 -0.1000000 0.3500000
v -1.4425950 -0.2000000 0.3614150
v -1.3939350 -0.2000000 0.3939350
v -1.3939350 -0.1000000 0.3939350
v -1.4425950 -0.1000000 0.3614150
v -1.3939350 -0.2000000 0.3939350
v -1.3614150 -0.2000000 0.4425950
v -1.3614150 -0.1000000 0.4425950
v -1.3939350 -0.1000000 0.3939350
v -1.3614150 -0.2000000 0.4425950
v -1.3500000 -0.2000000 0.5000000
v -1.3500000 -0.1000000 0.5000000
v -1.3614150 -0.1000000 0.4425950
v -1.3000000 -0.1000000 0.5000000
v -1.3152200 -0.1000000 0.5765400
v -1.3152200 -0.2000000 0.5765400
v -1.3000000 -0.2000000 0.5000000
v -1.3152200 -0.1000000 0.5765400
v -1.3585800 -0.1000000 0.6414200
v -1.3585800 -0.2000000 0.6414200
v -1.3152200 -0.2000000 0.5765400
v -1.3585800 -0.1000000 0.6414200
v -1.4234600 -0.1000000 0.6847800
v -1.4234600 -0.2000000 0.6847800
v -1.3585800 -0.2000000 0.6414200
v -1.4234600 -0.1000000 0.6847800
v -1.5000000 -0.1000000 0.7000000
v -1.5000000 -0.2000000 0.7000000
v -1.4234600 -0.2000000 0.6847800
v -1.5000000 -0.1000000 0.7000000
v -1.5765400 -0.1000000 0.6847800
v -1.5765400 -0.2000000 0.6847800
v -1.5000000 -0.2000000 0.7000000
v -1.5765400 -0.1000000 0.6847800
v -1.6414200 -0.1000000 0.6414200
v -1.6414200 -0.2000000 0.6414200
v -1.5765400 -0.2000000 0.6847800
v -1.6414200 -0.1000000 0.6414200
v -1.6847800 -0.1000000 0.5765400
v -1.6847800 -0.2000000 0.5765400
v -1.6414200 -0.2000000 0.6414200
v -1.6847800 -0.1000000 0.5765400
v -1.7000000 -0.1000000 0.5000000
v -1.7000000 -0.2000000 0.5000000
v -1.6847800 -0.2000000 0.5765400
v -1.7000000 -0.1000000 0.5000000
v -1.6847800 -0.1000000 0.4234600
v -1.6847800 -0.2000000 0.4234600
v -1.7000000 -0.2000000 0.5000000
v -1.6847800 -0.1000000 0.4234600
v -1.6414200 -0.1000000 0.3585800
v -1.6414200 -0.2000000 0.3585800
v -1.6847800 -0.2000000 0.4234600
v -1.6414200 -0.1000000 0.3585800
v -1.5765400 -0.1000000 0.3152200
v -1.5765400 -0.2000000 0.3152200
v -1.6414200 -0.2000000 0.3585800
v -1.5765400 -0.1000000 0.3152200
v -1.5000000 -0.1000000 0.3000000
v -1.5000000 -0.2000000 0.3000000
v -1.5765400 -0.2000000 0.3152200
v -1.5000000 -0.1000000 0.3000000
v -1.4234600 -0.1000000 0.3152200
v -1.4234600 -0.2000000 0.3152200
v -1.5000000 -0.2000000 0.3000000
v -1.4234600 -0.1000000 0.3152200
v -1.3585800 -0.1000000 0.3585800
v -1.3585800 -0.2000000 0.3585800
v -1.4234600 -0.2000000 0.3152200
v -1.3585800 -0.1000000 0.3585800
v -1.3152200 -0.1000000 0.4234600
v -1.3152200 -0.2000000 0.4234600
v -1.3585800 -0.2000000 0.3585800
v -1.3152200 -0.1000000 0.4234600
v -1.3000000 -0.1000000 0.5000000
v -1.3000000 -0.2000000 0.5000000
v -1.3152200 -0.2000000 0.4234600
v -1.5765400 -0.2000000 0.6847800
v -1.5574050 -0.2000000 0.6385850
v -1.5000000 -0.2000000 0.6500000
v -1.5000000 -0.2000000 0.7000000
v -1.6414200 -0.2000000 0.6414200
v -1.6060650 -0.2000000 0.6060650
v -1.5574050 -0.2000000 0.6385850
v -1.5765400 -0.2000000 0.6847800
v -1.6847800 -0.2000000 0.5765400
v -1.6385850 -0.2000000 0.5574050
v -1.6060650 -0.2000000 0.6060650
v -1.6414200 -0.2000000 0.6414200
v -1.7000000 -0.2000000 0.5000000
v -1.6500000 -0.2000000 0.5000000
v -1.6385850 -0.2000000 0.5574050
v -1.6847800 -0.2000000 0.5765400
v -1.6847800 -0.2000000 0.4234600
v -1.6385850 -0.2000000 0.4425950
v -1.6500000 -0.2000000 0.5000000
v -1.7000000 -0.2000000 0.5000000
v -1.6414200 -0.2000000 0.3585800
v -1.6060650 -0.2000000 0.3939350
v -1.6385850 -0.2000000 0.4425950
v -1.6847800 -0.2000000 0.4234600
v -1.5765400 -0.2000000 0.3152200
v -1.5574050 -0.2000000 0.3614150
v -1.6060650 -0.2000000 0.3939350
v -1.6414200 -0.2000000 0.3585800
v -1.5000000 -0.2000000 0.3000000
v -1.5000000 -0.2000000 0.3500000
v -1.5574050 -0.2000000 0.3614150
v -1.5765400 -0.2000000 0.3152200
v -1.4234600 -0.2000000 0.3152200
v -1.4425950 -0.2000000 0.3614150
v -1.5000000 -0.2000000 0.3500000
v -1.5000000 -0.2000000 0.3000000
v -1.3585800 -0.2000000 0.3585800
v -1.3939350 -0.2000000 0.3939350
v -1.4425950 -0.2000000 0.3614150
v -1.4234600 -0.2000000 0.3152200
v -1.3152200 -0.2000000 0.4234600
v -1.3614150 -0.2000000 0.4425950
v -1.3939350 -0.2000000 0.3939350
v -1.3585800 -0.2000000 0.3585800
v -1.3000000 -0.2000000 0.5000000
v -1.3500000 -0.2000000 0.5000000
v -1.3614150 -0.2000000 0.4425950
v -1.3152200 -0.2000000 0.4234600
v -1.3152200 -0.2000000 0.5765400
v -1.3614150 -0.2000000 0.5574050
v -1.3500000 -0.2000000 0.5000000
v -1.3000000 -0.2000000 0.5000000
v -1.3585800 -0.2000000 0.6414200
v -1.3939350 -0.2000000 0.6060650
v -1.3614150 -0.2000000 0.5574050
v -1.3152200 -0.2000000 0.5765400
v -1.4234600 -0.2000000 0.6847800
v -1.4425950 -0.2000000 0.6385850
v -1.3939350 -0.2000000 0.6060650
v -1.3585800 -0.2000000 0.6414200
v -1.5000000 -0.2000000 0.7000000
v -1.5000000 -0.2000000 0.6500000
v -1.4425950 -0.2000000 0.6385850
v -1.4234600 -0.2000000 0.6847800
v 1.6500000 -0.2000000 0.0000000
v 1.6385850 -0.2000000 0.0574050
v 1.6385850 -0.1000000 0.0574050
v 1.6500000 -0.1000000 0.0000000
v 1.6385850 -0.2000000 0.0574050
v 1.6060650 -0.2000000 0.1060650
v 1.6060650 -0.1000000 0.1060650
v 1.6385850 -0.1000000 0.0574050
v 1.6060650 -0.2000000 0.1060650
v 1.5574050 -0.2000000 0.1385850
v 1.5574050 -0.1000000 0.1385850
v 1.6060650 -0.1000000 0.1060650
v 1.5574050 -0.2000000 0.1385850
v 1.5000000 -0.2000000 0.1500000
v 1.5000000 -0.1000000 0.1500000
v 1.5574050 -0.1000000 0.1385850
v 1.5000000 -0.2000000 0.1500000
v 1.4425950 -0.2000000 0.1385850
v 1.4425950 -0.1000000 0.1385850
v 1.5000000 -0.1000000 0.1500000
v 1.4425950 -0.2000000 0.1385850
v 1.3939350 -0.2000000 0.1060650
v 1.3939350 -0.1000000 0.1060650
v 1.4425950 -0.1000000 0.1385850
v 1.3939350 -0.2000000 0.1060650
v 1.3614150 -0.2000000 0.0574050
v 1.3614150 -0.1000000 0.0574050
v 1.3939350 -0.1000000 0.1060650
v 1.3614150 -0.2000000 0.0574050
v 1.3500000 -0.2000000 0.0000000
v 1.3500000 -0.1000000 0.0000000
v 1.3614150 -0.1000000 0.0574050
v 1.3500000 -0.2000000 0.0000000
v 1.3614150 -0.2000000 -0.0574050
v 1.3614150 -0.1000000 -0.0574050
v 1.3500000 -0.1000000 0.0000000
v 1.3614150 -0.2000000 -0.0574050
v 1.3939350 -0.2000000 -0.1060650
v 1.3939350 -0.1000000 -0.1060650
v 1.3614150 -0.1000000 -0.0574050
v 1.3939350 -0.2000000 -0.1060650
v 1.4425950 -0.2000000 -0.1385850
v 1.4425950 -0.1000000 -0.1385850
v 1.3939350 -0.1000000 -0.1060650
v 1.4425950 -0.2000000 -0.1385850
v 1.5000000 -0.2000000 -0.1500000
v 1.5000000 -0.1000000 -0.1500000
v 1.4425950 -0.1000000 -0.1385850
v 1.5000000 -0.2000000 -0.1500000
v 1.5574050 -0.2000000 -0.1385850
v 1.5574050 -0.1000000 -0.1385850
v 1.5000000 -0.1000000 -0.1500000
v 1.5574050 -0.2000000 -0.1385850
v 1.6060650 -0.2000000 -0.1060650
v 1.6060650 -0.1000000 -0.1060650
v 1.5574050 -0.1000000 -0.1385850
v 1.6060650 -0.2000000 -0.1060650
v 1.6385850 -0.2000000 -0.0574050
v 1.6385850 -0.1000000 -0.0574050
v 1.6060650 -0.1000000 -0.1060650
v 1.6385850 -0.2000000 -0.0574050
v 1.6500000 -0.2000000 0.0000000
v 1.6500000 -0.1000000 0.0000000
v 1.6385850 -0.1000000 -0.0574050
v 1.7000000 -0.1000000 0.0000000
v 1.6847800 -0.1000000 0.0765400
v 1.6847800 -0.2000000 0.0765400
v 1.7000000 -0.2000000 0.0000000
v 1.6847800 -0.1000000 0.0765400
v 1.6414200 -0.1000000 0.1414200
v 1.6414200 -0.2000000 0.1414200
v 1.6847800 -0.2000000 0.0765400
v 1.6414200 -0.1000000 0.1414200
v 1.5765400 -0.1000000 0.1847800
v 1.5765400 -0.2000000 0.1847800
v 1.6414200 -0.2000000 0.1414200
v 1.5765400 -0.1000000 0.1847800
v 1.5000000 -0.1000000 0.2000000
v 1.5000000 -0.2000000 0.2000000
v 1.5765400 -0.2000000 0.1847800
v 1.5000000 -0.1000000 0.2000000
v 1.4234600 -0.1000000 0.1847800
v 1.4234600 -0.2000000 0.1847800
v 1.5000000 -0.2000000 0.2000000
v 1.4234600 -0.1000000 0.1847800
v 1.3585800 -0.1000000 0.1414200
v 1.3585800 -0.2000000 0.1414200
v 1.4234600 -0.2000000 0.1847800
v 1.3585800 -0.1000000 0.1414200
v 1.3152200 -0.1000000 0.0765400
v 1.3152200 -0.2000000 0.0765400
v 1.3585800 -0.2000000 0.1414200
v 1.3152200 -0.1000000 0.0765400
v 1.3000000 -0.1000000 0.0000000
v 1.3000000 -0.2000000 0.0000000
v 1.3152200 -0.2000000 0.0765400
v 1.3000000 -0.1000000 0.0000000
v 1.3152200 -0.1000000 -0.0765400
v 1.3152200 -0.2000000 -0.0765400
v 1.3000000 -0.2000000 0.0000000
v 1.3152200 -0.1000000 -0.0765400
v 1.3585800 -0.1000000 -0.1414200
v 1.3585800 -0.2000000 -0.1414200
v 1.3152200 -0.2000000 -0.0765400
v 1.3585800 -0.1000000 -0.1414200
v 1.4234600 -0.1000000 -0.1847800
v 1.4234600 -0.2000000 -0.1847800
v 1.3585800 -0.2000000 -0.1414200
v 1.4234600 -0.1000000 -0.1847800
v 1.5000000 -0.1000000 -0.2000000
v 1.5000000 -0.2000000 -0.2000000
v 1.4234600 -0.2000000 -0.1847800
v 1.5000000 -0.1000000 -0.2000000
v 1.5765400 -0.1000000 -0.1847800
v 1.5765400 -0.2000000 -0.1847800
v 1.5000000 -0.2000000 -0.2000000
v 1.5765400 -0.1000000 -0.1847800
v 1.6414200 -0.1000000 -0.1414200
v 1.6414200 -0.2000000 -0.1414200
v 1.5765400 -0.2000000 -0.1847800
v 1.6414200 -0.1000000 -0.1414200
v 1.6847800 -0.1000000 -0.0765400
v 1.6847800 -0.2000000 -0.0765400
v 1.6414200 -0.2000000 -0.1414200
v 1.6847800 -0.1000000 -0.0765400
v 1.7000000 -0.1000000 0.0000000
v 1.7000000 -0.2000000 0.0000000
v 1.6847800 -0.2000000 -0.0765400
v 1.4234600 -0.2000000 0.1847800
v 1.4425950 -0.2000000 0.1385850
v 1.5000000 -0.2000000 0.1500000
v 1.5000000 -0.2000000 0.2000000
v 1.3585800 -0.2000000 0.1414200
v 1.3939350 -0.2000000 0.1060650
v 1.4425950 -0.2000000 0.1385850
v 1.4234600 -0.2000000 0.1847800
v 1.3152200 -0.2000000 0.0765400
v 1.3614150 -0.2000000 0.0574050
v 1.3939350 -0.2000000 0.1060650
v 1.3585800 -0.2000000 0.1414200
v 1.3000000 -0.2000000 0.0000000
v 1.3500000 -0.2000000 0.0000000
v 1.3614150 -0.2000000 0.0574050
v 1.3152200 -0.2000000 0.0765400
v 1.3152200 -0.2000000 -0.0765400
v 1.3614150 -0.2000000 -0.0574050
v 1.3500000 -0.2000000 0.0000000
v 1.3000000 -0.2000000 0.0000000
v 1.3585800 -0.2000000 -0.1414200
v 1.3939350 -0.2000000 -0.1060650
v 1.3614150 -0.2000000 -0.0574050
v 1.3152200 -0.2000000 -0.0765400
v 1.4234600 -0.2000000 -0.1847800
v 1.4425950 -0.2000000 -0.1385850
v 1.3939350 -0.2000000 -0.1060650
v 1.3585800 -0.2000000 -0.1414200
v 1.5000000 -0.2000000 -0.2000000
v 1.5000000 -0.2000000 -0.1500000
v 1.4425950 -0.2000000 -0.1385850
v 1.4234600 -0.2000000 -0.1847800
v 1.5765400 -0.2000000 -0.1847800
v 1.5574050 -0.2000000 -0.1385850
v 1.5000000 -0.2000000 -0.1500000
v 1.5000000 -0.2000000 -0.2000000
v 1.6414200 -0.2000000 -0.1414200
v 1.6060650 -0.2000000 -0.1060650
v 1.5574050 -0.2000000 -0.1385850
v 1.5765400 -0.2000000 -0.1847800
v 1.6847800 -0.2000000 -0.0765400
v 1.6385850 -0.2000000 -0.0574050
v 1.6060650 -0.2000000 -0.1060650
v 1.6414200 -0.2000000 -0.1414200
v 1.7000000 -0.2000000 0.0000000
v 1.6500000 -0.2000000 0.0000000
v 1.6385850 -0.2000000 -0.0574050
v 1.6847800 -0.2000000 -0.0765400
v 1.6847800 -0.2000000 0.0765400
v 1.6385850 -0.2000000 0.0574050
v 1.6500000 -0.2000000 0.0000000
v 1.7000000 -0.2000000 0.0000000
v 1.6414200 -0.2000000 0.1414200
v 1.6060650 -0.2000000 0.1060650
v 1.6385850 -0.2000000 0.0574050
v 1.6847800 -0.2000000 0.0765400
v 1.5765400 -0.2000000 0.1847800
v 1.5574050 -0.2000000 0.1385850
v 1.6060650 -0.2000000 0.1060650
v 1.6414200 -0.2000000 0.1414200
v 1.5000000 -0.2000000 0.2000000
v 1.5000000 -0.2000000 0.1500000
v 1.5574050 -0.2000000 0.1385850
v 1.5765400 -0.2000000 0.1847800
v 1.1500000 -0.2000000 0.0000000
v 1.1385850 -0.2000000 0.0574050
v 1.1385850 -0.1000000 0.0574050
v 1.1500000 -0.1000000 0.0000000
v 1.1385850 -0.2000000 0.0574050
v 1.1060650 -0.2000000 0.1060650
v 1.1060650 -0.1000000 0.1060650
v 1.1385850 -0.1000000 0.0574050
v 1.1060650 -0.2000000 0.1060650
v 1.0574050 -0.2000000 0.1385850
v 1.0574050 -0.1000000 0.1385850
v 1.1060650 -0.1000000 0.1060650
v 1.0574050 -0.2000000 0.1385850
v 1.0000000 -0.2000000 0.1500000
v 1.0000000 -0.1000000 0.1500000
v 1.0574050 -0.1000000 0.1385850
v 1.0000000 -0.2000000 0.1500000
v 0.9425950 -0.2000000 0.1385850
v 0.9425950 -0.1000000 0.1385850
v 1.0000000 -0.1000000 0.1500000
v 0.9425950 -0.2000000 0.1385850
v 0.8939350 -0.2000000 0.1060650
v 0.8939350 -0.1000000 0.1060650
v 0.9425950 -0.1000000 0.1385850
v 0.8939350 -0.2000000 0.1060650
v 0.8614150 -0.2000000 0.0574050
v 0.8614150 -0.1000000 0.0574050
v 0.8939350 -0.1000000 0.1060650
v 0.8614150 -0.2000000 0.0574050
v 0.8500000 -0.2000000 0.0000000
v 0.8500000 -0.1000000 0.0000000
v 0.8614150 -0.1000000 0.0574050
v 0.8500000 -0.2000000 0.0000000
v 0.8614150 -0.2000000 -0.0574050
v 0.8614150 -0.1000000 -0.0574050
v 0.8500000 -0.1000000 0.0000000
v 0.8614150 -0.2000000 -0.0574050
v 0.8939350 -0.2000000 -0.1060650
v 0.8939350 -0.1000000 -0.1060650
v 0.8614150 -0.1000000 -0.0574050
v 0.8939350 -0.2000000 -0.1060650
v 0.9425950 -0.2000000 -0.1385850
v 0.9425950 -0.1000000 -0.1385850
v 0.8939350 -0.1000000 -0.1060650
v 0.9425950 -0.2000000 -0.1385850
v 1.0000000 -0.2000000 -0.1500000
v 1.0000000 -0.1000000 -0.1500000
v 0.9425950 -0.1000000 -0.1385850
v 1.0000000 -0.2000000 -0.1500000
v 1.0574050 -0.2000000 -0.1385850
v 1.0574050 -0.1000000 -0.1385850
v 1.0000000 -0.1000000 -0.1500000
v 1.0574050 -0.2000000 -0.1385850
v 1.1060650 -0.2000000 -0.1060650
v 1.1060650 -0.1000000 -0.1060650
v 1.0574050 -0.1000000 -0.1385850
v 1.1060650 -0.2000000 -0.1060650
v 1.1385850 -0.2000000 -0.0574050
v 1.1385850 -0.1000000 -0.0574050
v 1.1060650 -0.1000000 -0.1060650
v 1.1385850 -0.2000000 -0.0574050
v 1.1500000 -0.2000000 0.0000000
v 1.1500000 -0.1000000 0.0000000
v 1.1385850 -0.1000000 -0.0574050
v 1.2000000 -0.1000000 0.0000000
v 1.1847800 -0.1000000 0.0765400
v 1.1847800 -0.2000000 0.0765400
v 1.2000000 -0.2000000 0.0000000
v 1.1847800 -0.1000000 0.0765400
v 1.1414200 -0.1000000 0.1414200
v 1.1414200 -0.2000000 0.1414200
v 1.1847800 -0.2000000 0.0765400
v 1.1414200 -0.1000000 0.1414200
v 1.0765400 -0.1000000 0.1847800
v 1.0765400 -0.2000000 0.1847800
v 1.1414200 -0.2000000 0.1414200
v 1.0765400 -0.1000000 0.1847800
v 1.0000000 -0.1000000 0.2000000
v 1.0000000 -0.2000000 0.2000000
v 1.0765400 -0.2000000 0.1847800
v 1.0000000 -0.1000000 0.2000000
v 0.9234600 -0.1000000 0.1847800
v 0.9234600 -0.2000000 0.1847800
v 1.0000000 -0.2000000 0.2000000
v 0.9234600 -0.1000000 0.1847800
v 0.8585800 -0.1000000 0.1414200
v 0.8585800 -0.2000000 0.1414200
v 0.9234600 -0.2000000 0.1847800
v 0.8585800 -0.1000000 0.1414200
v 0.8152200 -0.1000000 0.0765400
v 0.8152200 -0.2000000 0.0765400
v 0.8585800 -0.2000000 0.1414200
v 0.8152200 -0.1000000 0.0765400
v 0.8000000 -0.1000000 0.0000000
v 0.8000000 -0.2000000 0.0000000
v 0.8152200 -0.2000000 0.0765400
v 0.8000000 -0.1000000 0.0000000
v 0.8152200 -0.1000000 -0.0765400
v 0.8152200 -0.2000000 -0.0765400
v 0.8000000 -0.2000000 0.0000000
v 0.8152200 -0.1000000 -0.0765400
v 0.8585800 -0.1000000 -0.1414200
v 0.8585800 -0.2000000 -0.1414200
v 0.8152200 -0.2000000 -0.0765400
v 0.8585800 -0.1000000 -0.1414200
v 0.9234600 -0.1000000 -0.1847800
v 0.9234600 -0.2000000 -0.1847800
v 0.8585800 -0.2000000 -0.1414200
v 0.9234600 -0.1000000 -0.1847800
v 1.0000000 -0.1000000 -0.2000000
v 1.0000000 -0.2000000 -0.2000000
v 0.9234600 -0.2000000 -0.1847800
v 1.0000000 -0.1000000 -0.2000000
v 1.0765400 -0.1000000 -0.1847800
v 1.0765400 -0.2000000 -0.1847800
v 1.0000000 -0.2000000 -0.2000000
v 1.0765400 -0.1000000 -0.1847800
v 1.1414200 -0.1000000 -0.1414200
v 1.1414200 -0.2000000 -0.1414200
v 1.0765400 -0.2000000 -0.1847800
v 1.1414200 -0.1000000 -0.1414200
v 1.1847800 -0.1000000 -0.0765400
v 1.1847800 -0.2000000 -0.0765400
v 1.1414200 -0.2000000 -0.1414200
v 1.1847800 -0.1000000 -0.0765400
v 1.2000000 -0.1000000 0.0000000
v 1.2000000 -0.2000000 0.0000000
v 1.1847800 -0.2000000 -0.0765400
v 0.9234600 -0.2000000 0.1847800
v 0.9425950 -0.2000000 0.1385850
v 1.0000000 -0.2000000 0.1500000
v 1.0000000 -0.2000000 0.2000000
v 0.8585800 -0.2000000 0.1414200
v 0.8939350 -0.2000000 0.1060650
v 0.9425950 -0.2000000 0.1385850
v 0.9234600 -0.2000000 0.1847800
v 0.8152200 -0.2000000 0.0765400
v 0.8614150 -0.2000000 0.0574050
v 0.8939350 -0.2000000 0.1060650
v 0.8585800 -0.2000000 0.1414200
v 0.8000000 -0.2000000 0.0000000
v 0.8500000 -0.2000000 0.0000000
v 0.8614150 -0.2000000 0.0574050
v 0.8152200 -0.2000000 0.0765400
v 0.8152200 -0.2000000 -0.0765400
v 0.8614150 -0.2000000 -0.0574050
v 0.8500000 -0.2000000 0.0000000
v 0.8000000 -0.2000000 0.0000000
v 0.8585800 -0.2000000 -0.1414200
v 0.8939350 -0.2000000 -0.1060650
v 0.8614150 -0.2000000 -0.0574050
v 0.8152200 -0.2000000 -0.0765400
v 0.9234600 -0.2000000 -0.1847800
v 0.9425950 -0.2000000 -0.1385850
v 0.8939350 -0.2000000 -0.1060650
v 0.8585800 -0.2000000 -0.1414200
v 1.0000000 -0.2000000 -0.2000000
v 1.0000000 -0.2000000 -0.1500000
v 0.9425950 -0.2000000 -0.1385850
v 0.9234600 -0.2000000 -0.1847800
v 1.0765400 -0.2000000 -0.1847800
v 1.0574050 -0.2000000 -0.1385850
v 1.0000000 -0.2000000 -0.1500000
v 1.0000000 -0.2000000 -0.2000000
v 1.1414200 -0.2000000 -0.1414200
v 1.1060650 -0.2000000 -0.1060650
v 1.0574050 -0.2000000 -0.1385850
v 1.0765400 -0.2000000 -0.1847800
v 1.1847800 -0.2000000 -0.0765400
v 1.1385850 -0.2000000 -0.0574050
v 1.1060650 -0.2000000 -0.1060650
v 1.1414200 -0.2000000 -0.1414200
v 1.2000000 -0.2000000 0.0000000
v 1.1500000 -0.2000000 0.0000000
v 1.1385850 -0.2000000 -0.0574050
v 1.1847800 -0.2000000 -0.0765400
v 1.1847800 -0.2000000 0.0765400
v 1.1385850 -0.2000000 0.0574050
v 1.1500000 -0.2000000 0.0000000
v 1.2000000 -0.2000000 0.0000000
v 1.1414200 -0.2000000 0.1414200
v 1.1060650 -0.2000000 0.1060650
v 1.1385850 -0.2000000 0.0574050
v 1.1847800 -0.2000000 0.0765400
v 1.0765400 -0.2000000 0.1847800
v 1.0574050 -0.2000000 0.1385850
v 1.1060650 -0.2000000 0.1060650
v 1.1414200 -0.2000000 0.1414200
v 1.0000000 -0.2000000 0.2000000
v 1.0000000 -0.2000000 0.1500000
v 1.0574050 -0.2000000 0.1385850
v 1.0765400 -0.2000000 0.1847800
v 0.6500000 -0.2000000 0.0000000
v 0.6385850 -0.2000000 0.0574050
v 0.6385850 -0.1000000 0.0574050
v 0.6500000 -0.1000000 0.0000000
v 0.6385850 -0.2000000 0.0574050
v 0.6060650 -0.2000000 0.1060650
v 0.6060650 -0.1000000 0.1060650
v 0.6385850 -0.1000000 0.0574050
v 0.6060650 -0.2000000 0.1060650
v 0.5574050 -0.2000000 0.1385850
v 0.5574050 -0.1000000 0.1385850
v 0.6060650 -0.1000000 0.1060650
v 0.5574050 -0.2000000 0.1385850
v 0.5000000 -0.2000000 0.1500000
v 0.5000000 -0.1000000 0.1500000
v 0.5574050 -0.1000000 0.1385850
v 0.5000000 -0.2000000 0.1500000
v 0.4425950 -0.2000000 0.1385850
v 0.4425950 -0.1000000 0.1385850
v 0.5000000 -0.1000000 0.1500000
v 0.4425950 -0.2000000 0.1385850
v 0.3939350 -0.2000000 0.1060650
v 0.3939350 -0.1000000 0.1060650
v 0.4425950 -0.1000000 0.1385850
v 0.3939350 -0.2000000 0.1060650
v 0.3614150 -0.2000000 0.0574050
v 0.3614150 -0.1000000 0.0574050
v 0.3939350 -0.1000000 0.1060650
v 0.3614150 -0.2000000 0.0574050
v 0.3500000 -0.2000000 0.0000000
v 0.3500000 -0.1000000 0.0000000
v 0.3614150 -0.1000000 0.0574050
v 0.3500000 -0.2000000 0.0000000
v 0.3614150 -0.2000000 -0.0574050
v 0.3614150 -0.1000000 -0.0574050
v 0.3500000 -0.1000000 0.0000000
v 0.3614150 -0.2000000 -0.0574050
v 0.3939350 -0.2000000 -0.1060650
v 0.3939350 -0.1000000 -0.1060650
v 0.3614150 -0.1000000 -0.0574050
v 0.3939350 -0.2000000 -0.1060650
v 0.4425950 -0.2000000 -0.1385850
v 0.4425950 -0.1000000 -0.1385850
v 0.3939350 -0.1000000 -0.1060650
v 0.4425950 -0.2000000 -0.1385850
v 0.5000000 -0.2000000 -0.1500000
v 0.5000000 -0.1000000 -0.1500000
v 0.4425950 -0.1000000 -0.1385850
v 0.5000000 -0.2000000 -0.1500000
v 0.5574050 -0.2000000 -0.1385850
v 0.5574050 -0.1000000 -0.1385850
v 0.5000000 -0.1000000 -0.1500000
v 0.5574050 -0.2000000 -0.1385850
v 0.6060650 -0.2000000 -0.1060650
v 0.6060650 -0.1000000 -0.1060650
v 0.5574050 -0.1000000 -0.1385850
v 0.6060650 -0.2000000 -0.1060650
v 0.6385850 -0.2000000 -0.0574050
v 0.6385850 -0.1000000 -0.0574050
v 0.6060650 -0.1000000 -0.1060650
v 0.6385850 -0.2000000 -0.0574050
v 0.6500000 -0.2000000 0.0000000
v 0.6500000 -0.1000000 0.0000000
v 0.6385850 -0.1000000 -0.0574050
v 0.7000000 -0.1000000 0.0000000
v 0.6847800 -0.1000000 0.0765400
v 0.6847800 -0.2000000 0.0765400
v 0.7000000 -0.2000000 0.0000000
v 0.6847800 -0.1000000 0.0765400
v 0.6414200 -0.1000000 0.1414200
v 0.6414200 -0.2000000 0.1414200
v 0.6847800 -0.2000000 0.0765400
v 0.6414200 -0.1000000 0.1414200
v 0.5765400 -0.1000000 0.1847800
v 0.5765400 -0.2000000 0.1847800
v 0.6414200 -0.2000000 0.1414200
v 0.5765400 -0.1000000 0.1847800
v 0.5000000 -0.1000000 0.2000000
v 0.5000000 -0.2000000 0.2000000
v 0.5765400 -0.2000000 0.1847800
v 0.5000000 -0.1000000 0.2000000
v 0.4234600 -0.1000000 0.1847800
v 0.4234600 -0.2000000 0.1847800
v 0.5000000 -0.2000000 0.2000000
v 0.4234600 -0.1000000 0.1847800
v 0.3585800 -0.1000000 0.1414200
v 0.3585800 -0.2000000 0.1414200
v 0.4234600 -0.2000000 0.1847800
v 0.3585800 -0.1000000 0.1414200
v 0.3152200 -0.1000000 0.0765400
v 0.3152200 -0.2000000 0.0765400
v 0.3585800 -0.2000000 0.1414200
v 0.3152200 -0.1000000 0.0765400
v 0.3000000 -0.1000000 0.0000000
v 0.3000000 -0.2000000 0.0000000
v 0.3152200 -0.2000000 0.0765400
v 0.3000000 -0.1000000 0.0000000
v 0.3152200 -0.1000000 -0.0765400
v 0.3152200 -0.2000000 -0.0765400
v 0.3000000 -0.2000000 0.0000000
v 0.3152200 -0.1000000 -0.0765400
v 0.3585800 -0.1000000 -0.1414200
v 0.3585800 -0.2000000 -0.1414200
v 0.3152200 -0.2000000 -0.0765400
v 0.3585800 -0.1000000 -0.1414200
v 0.4234600 -0.1000000 -0.1847800
v 0.4234600 -0.2000000 -0.1847800
v 0.3585800 -0.2000000 -0.1414200
v 0.4234600 -0.1000000 -0.1847800
v 0.5000000 -0.1000000 -0.2000000
v 0.5000000 -0.2000000 -0.2000000
v 0.4234600 -0.2000000 -0.1847800
v 0.5000000 -0.1000000 -0.2000000
v 0.5765400 -0.1000000 -0.1847800
v 0.5765400 -0.2000000 -0.1847800
v 0.5000000 -0.2000000 -0.2000000
v 0.5765400 -0.1000000 -0.1847800
v 0.6414200 -0.1000000 -0.1414200
v 0.6414200 -0.2000000 -0.1414200
v 0.5765400 -0.2000000 -0.1847800
v 0.6414200 -0.1000000 -0.1414200
v 0.6847800 -0.1000000 -0.0765400
v 0.6847800 -0.2000000 -0.0765400
v 0.6414200 -0.2000000 -0.1414200
v 0.6847800 -0.1000000 -0.0765400
v 0.7000000 -0.1000000 0.0000000
v 0.7000000 -0.2000000 0.0000000
v 0.6847800 -0.2000000 -0.0765400
v 0.4234600 -0.2000000 0.1847800
v 0.4425950 -0.2000000 0.1385850
v 0.5000000 -0.2000000 0.1500000
v 0.5000000 -0.2000000 0.2000000
v 0.3585800 -0.2000000 0.1414200
v 0.3939350 -0.2000000 0.1060650
v 0.4425950 -0.2000000 0.1385850
v 0.4234600 -0.2000000 0.1847800
v 0.3152200 -0.2000000 0.0765400
v 0.3614150 -0.2000000 0.0574050
v 0.3939350 -0.2000000 0.1060650
v 0.3585800 -0.2000000 0.1414200
v 0.3000000 -0.2000000 0.0000000
v 0.3500000 -0.2000000 0.0000000
v 0.3614150 -0.2000000 0.0574050
v 0.3152200 -0.2000000 0.0765400
v 0.3152200 -0.2000000 -0.0765400
v 0.3614150 -0.2000000 -0.0574050
v 0.3500000 -0.2000000 0.0000000
v 0.3000000 -0.2000000 0.0000000
v 0.3585800 -0.2000000 -0.1414200
v 0.3939350 -0.2000000 -0.1060650
v 0.3614150 -0.2000000 -0.0574050
v 0.3152200 -0.2000000 -0.0765400
v 0.4234600 -0.2000000 -0.1847800
v 0.4425950 -0.2000000 -0.1385850
v 0.3939350 -0.2000000 -0.1060650
v 0.3585800 -0.2000000 -0.1414200
v 0.5000000 -0.2000000 -0.2000000
v 0.5000000 -0.2000000 -0.1500000
v 0.4425950 -0.2000000 -0.1385850
v 0.4234600 -0.2000000 -0.1847800
v 0.5765400 -0.2000000 -0.1847800
v 0.5574050 -0.2000000 -0.1385850
v 0.5000000 -0.2000000 -0.1500000
v 0.5000000 -0.2000000 -0.2000000
v 0.6414200 -0.2000000 -0.1414200
v 0.6060650 -0.2000000 -0.1060650
v 0.5574050 -0.2000000 -0.1385850
v 0.5765400 -0.2000000 -0.1847800
v 0.6847800 -0.2000000 -0.0765400
v 0.6385850 -0.2000000 -0.0574050
v 0.6060650 -0.2000000 -0.1060650
v 0.6414200 -0.2000000 -0.1414200
v 0.7000000 -0.2000000 0.0000000
v 0.6500000 -0.2000000 0.0000000
v 0.6385850 -0.2000000 -0.0574050
v 0.6847800 -0.2000000 -0.0765400
v 0.6847800 -0.2000000 0.0765400
v 0.6385850 -0.2000000 0.0574050
v 0.6500000 -0.2000000 0.0000000
v 0.7000000 -0.2000000 0.0000000
v 0.6414200 -0.2000000 0.1414200
v 0.6060650 -0.2000000 0.1060650
v 0.6385850 -0.2000000 0.0574050
v 0.6847800 -0.2000000 0.0765400
v 0.5765400 -0.2000000 0.1847800
v 0.5574050 -0.2000000 0.1385850
v 0.6060650 -0.2000000 0.1060650
v 0.6414200 -0.2000000 0.1414200
v 0.5000000 -0.2000000 0.2000000
v 0.5000000 -0.2000000 0.1500000
v 0.5574050 -0.2000000 0.1385850
v 0.5765400 -0.2000000 0.1847800
v 0.1500000 -0.2000000 0.0000000
v 0.1385850 -0.2000000 0.0574050
v 0.1385850 -0.1000000 0.0574050
v 0.1500000 -0.1000000 0.0000000
v 0.1385850 -0.2000000 0.0574050
v 0.1060650 -0.2000000 0.1060650
v 0.1060650 -0.1000000 0.1060650
v 0.1385850 -0.1000000 0.0574050
v 0.1060650 -0.2000000 0.1060650
v 0.0574050 -0.2000000 0.1385850
v 0.0574050 -0.1000000 0.1385850
v 0.1060650 -0.1000000 0.1060650
v 0.0574050 -0.2000000 0.1385850
v 0.0000000 -0.2000000 0.1500000
v 0.0000000 -0.1000000 0.1500000
v 0.0574050 -0.1000000 0.1385850
v 0.0000000 -0.2000000 0.1500000
v -0.0574050 -0.2000000 0.1385850
v -0.0574050 -0.1000000 0.1385850
v 0.0000000 -0.1000000 0.1500000
v -0.0574050 -0.2000000 0.1385850
v -0.1060650 -0.2000000 0.1060650
v -0.1060650 -0.1000000 0.1060650
v -0.0574050 -0.1000000 0.1385850
v -0.1060650 -0.2000000 0.1060650
v -0.1385850 -0.2000000 0.0574050
v -0.1385850 -0.1000000 0.0574050
v -0.1060650 -0.1000000 0.1060650
v -0.1385850 -0.2000000 0.0574050
v -0.1500000 -0.2000000 0.0000000
v -0.1500000 -0.1000000 0.0000000
v -0.1385850 -0.1000000 0.0574050
v -0.1500000 -0.2000000 0.0000000
v -0.1385850 -0.2000000 -0.0574050
v -0.1385850 -0.1000000 -0.0574050
v -0.1500000 -0.1000000 0.0000000
v -0.1385850 -0.2000000 -0.0574050
v -0.1060650 -0.2000000 -0.1060650
v -0.1060650 -0.1000000 -0.1060650
v -0.1385850 -0.1000000 -0.0574050
v -0.1060650 -0.2000000 -0.1060650
v -0.0574050 -0.2000000 -0.1385850
v -0.0574050 -0.1000000 -0.1385850
v -0.1060650 -0.1000000 -0.1060650
v -0.0574050 -0.2000000 -0.1385850
v 0.0000000 -0.2000000 -0.1500000
v 0.0000000 -0.1000000 -0.1500000
v -0.0574050 -0.1000000 -0.1385850
v 0.0000000 -0.2000000 -0.1500000
v 0.0574050 -0.2000000 -0.1385850
v 0.0574050 -0.1000000 -0.1385850
v 0.0000000 -0.1000000 -0.1500000
v 0.0574050 -0.2000000 -0.1385850
v 0.1060650 -0.2000000 -0.1060650
v 0.1060650 -0.1000000 -0.1060650
v 0.0574050 -0.1000000 -0.1385850
v 0.1060650 -0.2000000 -0.1060650
v 0.1385850 -0.2000000 -0.0574050
v 0.1385850 -0.1000000 -0.0574050
v 0.1060650 -0.1000000 -0.1060650
v 0.1385850 -0.2000000 -0.0574050
v 0.1500000 -0.2000000 0.0000000
v 0.1500000 -0.1000000 0.0000000
v 0.1385850 -0.1000000 -0.0574050
v 0.2000000 -0.1000000 0.0000000
v 0.1847800 -0.1000000 0.0765400
v 0.1847800 -0.2000000 0.0765400
v 0.2000000 -0.2000000 0.0000000
v 0.1847800 -0.1000000 0.0765400
v 0.1414200 -0.1000000 0.1414200
v 0.1414200 -0.2000000 0.1414200
v 0.1847800 -0.2000000 0.0765400
v 0.1414200 -0.1000000 0.1414200
v 0.0765400 -0.1000000 0.1847800
v 0.0765400 -0.2000000 0.1847800
v 0.1414200 -0.2000000 0.1414200
v 0.0765400 -0.1000000 0.1847800
v 0.0000000 -0.1000000 0.2000000
v 0.0000000 -0.2000000 0.2000000
v 0.0765400 -0.2000000 0.1847800
v 0.0000000 -0.1000000 0.2000000
v -0.0765400 -0.1000000 0.1847800
v -0.0765400 -0.2000000 0.1847800
v 0.0000000 -0.2000000 0.2000000
v -0.0765400 -0.1000000 0.1847800
v -0.1414200 -0.1000000 0.1414200
v -0.1414200 -0.2000000 0.1414200
v -0.0765400 -0.2000000 0.1847800
v -0.1414200 -0.1000000 0.1414200
v -0.1847800 -0.1000000 0.0765400
v -0.1847800 -0.2000000 0.0765400
v -0.1414200 -0.2000000 0.1414200
v -0.1847800 -0.1000000 0.0765400
v -0.2000000 -0.1000000 0.0000000
v -0.2000000 -0.2000000 0.0000000
v -0.1847800 -0.2000000 0.0765400
v -0.2000000 -0.1000000 0.0000000
v -0.1847800 -0.1000000 -0.0765400
v -0.1847800 -0.2000000 -0.0765400
v -0.2000000 -0.2000000 0.0000000
v -0.1847800 -0.1000000 -0.0765400
v -0.1414200 -0.1000000 -0.1414200
v -0.1414200 -0.2000000 -0.1414200
v -0.1847800 -0.2000000 -0.0765400
v -0.1414200 -0.1000000 -0.1414200
v -0.0765400 -0.1000000 -0.1847800
v -0.0765400 -0.2000000 -0.1847800
v -0.1414200 -0.2000000 -0.1414200
v -0.0765400 -0.1000000 -0.1847800
v 0.0000000 -0.1000000 -0.2000000
v 0.0000000 -0.2000000 -0.2000000
v -0.0765400 -0.2000000 -0.1847800
v 0.0000000 -0.1000000 -0.2000000
v 0.0765400 -0.1000000 -0.1847800
v 0.0765400 -0.2000000 -0.1847800
v 0.0000000 -0.2000000 -0.2000000
v 0.0765400 -0.1000000 -0.1847800
v 0.1414200 -0.1000000 -0.1414200
v 0.1414200 -0.2000000 -0.1414200
v 0.0765400 -0.2000000 -0.1847800
v 0.1414200 -0.1000000 -0.1414200
v 0.1847800 -0.1000000 -0.0765400
v 0.1847800 -0.2000000 -0.0765400
v 0.1414200 -0.2000000 -0.1414200
v 0.1847800 -0.1000000 -0.0765400
v 0.2000000 -0.1000000 0.0000000
v 0.2000000 -0.2000000 0.0000000
v 0.1847800 -0.2000000 -0.0765400
v -0.0765400 -0.2000000 0.1847800
v -0.0574050 -0.2000000 0.1385850
v 0.0000000 -0.2000000 0.1500000
v 0.0000000 -0.2000000 0.2000000
v -0.1414200 -0.2000000 0.1414200
v -0.1060650 -0.2000000 0.1060650
v -0.0574050 -0.2000000 0.1385850
v -0.0765400 -0.2000000 0.1847800
v -0.1847800 -0.2000000 0.0765400
v -0.1385850 -0.2000000 0.0574050
v -0.1060650 -0.2000000 0.1060650
v -0.1414200 -0.2000000 0.1414200
v -0.2000000 -0.2000000 0.0000000
v -0.1500000 -0.2000000 0.0000000
v -0.1385850 -0.2000000 0.0574050
v -0.1847800 -0.2000000 0.0765400
v -0.1847800 -0.2000000 -0.0765400
v -0.1385850 -0.2000000 -0.0574050
v -0.1500000 -0.2000000 0.0000000
v -0.2000000 -0.2000000 0.0000000
v -0.1414200 -0.2000000 -0.1414200
v -0.1060650 -0.2000000 -0.1060650
v -0.1385850 -0.2000000 -0.0574050
v -0.1847800 -0.2000000 -0.0765400
v -0.0765400 -0.2000000 -0.1847800
v -0.0574050 -0.2000000 -0.1385850
v -0.1060650 -0.2000000 -0.1060650
v -0.1414200 -0.2000000 -0.1414200
v 0.0000000 -0.2000000 -0.2000000
v 0.0000000 -0.2000000 -0.1500000
v -0.0574050 -0.2000000 -0.1385850
v -0.0765400 -0.2000000 -0.1847800
v 0.0765400 -0.2000000 -0.1847800
v 0.0574050 -0.2000000 -0.1385850
v 0.0000000 -0.2000000 -0.1500000
v 0.0000000 -0.2000000 -0.2000000
v 0.1414200 -0.2000000 -0.1414200
v 0.1060650 -0.2000000 -0.1060650
v 0.0574050 -0.2000000 -0.1385850
v 0.0765400 -0.2000000 -0.1847800
v 0.1847800 -0.2000000 -0.0765400
v 0.1385850 -0.2000000 -0.0574050
v 0.1060650 -0.2000000 -0.1060650
v 0.1414200 -0.2000000 -0.1414200
v 0.2000000 -0.2000000 0.0000000
v 0.1500000 -0.2000000 0.0000000
v 0.1385850 -0.2000000 -0.0574050
v 0.1847800 -0.2000000 -0.0765400
v 0.1847800 -0.2000000 0.0765400
v 0.1385850 -0.2000000 0.0574050
v 0.1500000 -0.2000000 0.0000000
v 0.2000000 -0.2000000 0.0000000
v 0.1414200 -0.2000000 0.1414200
v 0.1060650 -0.2000000 0.1060650
v 0.1385850 -0.2000000 0.0574050
v 0.1847800 -0.2000000 0.0765400
v 0.0765400 -0.2000000 0.1847800
v 0.0574050 -0.2000000 0.1385850
v 0.1060650 -0.2000000 0.1060650
v 0.1414200 -0.2000000 0.1414200
v 0.0000000 -0.2000000 0.2000000
v 0.0000000 -0.2000000 0.1500000
v 0.0574050 -0.2000000 0.1385850
v 0.0765400 -0.2000000 0.1847800
v -0.3500000 -0.2000000 0.0000000
v -0.3614150 -0.2000000 0.0574050
v -0.3614150 -0.1000000 0.0574050
v -0.3500000 -0.1000000 0.0000000
v -0.3614150 -0.2000000 0.0574050
v -0.3939350 -0.2000000 0.1060650
v -0.3939350 -0.1000000 0.1060650
v -0.3614150 -0.1000000 0.0574050
v -0.3939350 -0.2000000 0.1060650
v -0.4425950 -0.2000000 0.1385850
v -0.4425950 -0.1000000 0.1385850
v -0.3939350 -0.1000000 0.1060650
v -0.4425950 -0.2000000 0.1385850
v -0.5000000 -0.2000000 0.1500000
v -0.5000000 -0.1000000 0.1500000
v -0.4425950 -0.1000000 0.1385850
v -0.5000000 -0.2000000 0.1500000
v -0.5574050 -0.2000000 0.1385850
v -0.5574050 -0.1000000 0.1385850
v -0.5000000 -0.1000000 0.1500000
v -0.5574050 -0.2000000 0.1385850
v -0.6060650 -0.2000000 0.1060650
v -0.6060650 -0.1000000 0.1060650
v -0.5574050 -0.1000000 0.1385850
v -0.6060650 -0.2000000 0.1060650
v -0.6385850 -0.2000000 0.0574050
v -0.6385850 -0.1000000 0.0574050
v -0.6060650 -0.1000000 0.1060650
v -0.6385850 -0.2000000 0.0574050
v -0.6500000 -0.2000000 0.0000000
v -0.6500000 -0.1000000 0.0000000
v -0.6385850 -0.1000000 0.0574050
v -0.6500000 -0.2000000 0.0000000
v -0.6385850 -0.2000000 -0.0574050
v -0.6385850 -0.1000000 -0.0574050
v -0.6500000 -0.1000000 0.0000000
v -0.6385850 -0.2000000 -0.0574050
v -0.6060650 -0.2000000 -0.1060650
v -0.6060650 -0.1000000 -0.1060650
v -0.6385850 -0.1000000 -0.0574050
v -0.6060650 -0.2000000 -0.1060650
v -0.5574050 -0.2000000 -0.1385850
v -0.5574050 -0.1000000 -0.1385850
v -0.6060650 -0.1000000 -0.1060650
v -0.5574050 -0.2000000 -0.1385850
v -0.5000000 -0.2000000 -0.1500000
v -0.5000000 -0.1000000 -0.1500000
v -0.5574050 -0.1000000 -0.1385850
v -0.5000000 -0.2000000 -0.1500000
v -0.4425950 -0.2000000 -0.1385850
v -0.4425950 -0.1000000 -0.1385850
v -0.5000000 -0.1000000 -0.1500000
v -0.4425950 -0.2000000 -0.1385850
v -0.3939350 -0.2000000 -0.1060650
v -0.3939350 -0.1000000 -0.1060650
v -0.4425950 -0.1000000 -0.1385850
v -0.3939350 -0.2000000 -0.1060650
v -0.3614150 -0.2000000 -0.0574050
v -0.3614150 -0.1000000 -0.0574050
v -0.3939350 -0.1000000 -0.1060650
v -0.3614150 -0.2000000 -0.0574050
v -0.3500000 -0.2000000 0.0000000
v -0.3500000 -0.1000000 0.0000000
v -0.3614150 -0.1000000 -0.0574050
v -0.3000000 -0.1000000 0.0000000
v -0.3152200 -0.1000000 0.0765400
v -0.3152200 -0.2000000 0.0765400
v -0.3000000 -0.2000000 0.0000000
v -0.3152200 -0.1000000 0.0765400
v -0.3585800 -0.1000000 0.1414200
v -0.3585800 -0.2000000 0.1414200
v -0.3152200 -0.2000000 0.0765400
v -0.3585800 -0.1000000 0.1414200
v -0.4234600 -0.1000000 0.1847800
v -0.4234600 -0.2000000 0.1847800
v -0.3585800 -0.2000000 0.1414200
v -0.4234600 -0.1000000 0.1847800
v -0.5000000 -0.1000000 0.2000000
v -0.5000000 -0.2000000 0.2000000
v -0.4234600 -0.2000000 0.1847800
v -0.5000000 -0.1000000 0.2000000
v -0.5765400 -0.1000000 0.1847800
v -0.5765400 -0.2000000 0.1847800
v -0.5000000 -0.2000000 0.2000000
v -0.5765400 -0.1000000 0.1847800
v -0.6414200 -0.1000000 0.1414200
v -0.6414200 -0.2000000 0.1414200
v -0.5765400 -0.2000000 0.1847800
v -0.6414200 -0.1000000 0.1414200
v -0.6847800 -0.1000000 0.0765400
v -0.6847800 -0.2000000 0.0765400
v -0.6414200 -0.2000000 0.1414200
v -0.6847800 -0.1000000 0.0765400
v -0.7000000 -0.1000000 0.0000000
v -0.7000000 -0.2000000 0.0000000
v -0.6847800 -0.2000000 0.0765400
v -0.7000000 -0.1000000 0.0000000
v -0.6847800 -0.1000000 -0.0765400
v -0.6847800 -0.2000000 -0.0765400
v -0.7000000 -0.2000000 0.0000000
v -0.6847800 -0.1000000 -0.0765400
v -0.6414200 -0.1000000 -0.1414200
v -0.6414200 -0.2000000 -0.1414200
v -0.6847800 -0.2000000 -0.0765400
v -0.6414200 -0.1000000 -0.1414200
v -0.5765400 -0.1000000 -0.1847800
v -0.5765400 -0.2000000 -0.1847800
v -0.6414200 -0.2000000 -0.1414200
v -0.5765400 -0.1000000 -0.1847800
v -0.5000000 -0.1000000 -0.2000000
v -0.5000000 -0.2000000 -0.2000000
v -0.5765400 -0.2000000 -0.1847800
v -0.5000000 -0.1000000 -0.2000000
v -0.4234600 -0.1000000 -0.1847800
v -0.4234600 -0.2000000 -0.1847800
v -0.5000000 -0.2000000 -0.2000000
v -0.4234600 -0.1000000 -0.1847800
v -0.3585800 -0.1000000 -0.1414200
v -0.3585800 -0.2000000 -0.1414200
v -0.4234600 -0.2000000 -0.1847800
v -0.3585800 -0.1000000 -0.1414200
v -0.3152200 -0.1000000 -0.0765400
v -0.3152200 -0.2000000 -0.0765400
v -0.3585800 -0.2000000 -0.1414200
v -0.3152200 -0.1000000 -0.0765400
v -0.3000000 -0.1000000 0.0000000
v -0.3000000 -0.2000000 0.0000000
v -0.3152200 -0.2000000 -0.0765400
v -0.5765400 -0.2000000 0.1847800
v -0.5574050 -0.2000000 0.1385850
v -0.5000000 -0.2000000 0.1500000
v -0.5000000 -0.2000000 0.2000000
v -0.6414200 -0.2000000 0.1414200
v -0.6060650 -0.2000000 0.1060650
v -0.5574050 -0.2000000 0.1385850
v -0.5765400 -0.2000000 0.1847800
v -0.6847800 -0.2000000 0.0765400
v -0.6385850 -0.2000000 0.0574050
v -0.6060650 -0.2000000 0.1060650
v -0.6414200 -0.2000000 0.1414200
v -0.7000000 -0.2000000 0.0000000
v -0.6500000 -0.2000000 0.0000000
v -0.6385850 -0.2000000 0.0574050
v -0.6847800 -0.2000000 0.0765400
v -0.6847800 -0.2000000 -0.0765400
v -0.6385850 -0.2000000 -0.0574050
v -0.6500000 -0.2000000 0.0000000
v -0.7000000 -0.2000000 0.0000000
v -0.6414200 -0.2000000 -0.1414200
v -0.6060650 -0.2000000 -0.1060650
v -0.6385850 -0.2000000 -0.0574050
v -0.6847800 -0.2000000 -0.0765400
v -0.5765400 -0.2000000 -0.1847800
v -0.5574050 -0.2000000 -0.1385850
v -0.6060650 -0.2000000 -0.1060650
v -0.6414200 -0.2000000 -0.1414200
v -0.5000000 -0.2000000 -0.2000000
v -0.5000000 -0.2000000 -0.1500000
v -0.5574050 -0.2000000 -0.1385850
v -0.5765400 -0.2000000 -0.1847800
v -0.4234600 -0.2000000 -0.1847800
v -0.4425950 -0.2000000 -0.1385850
v -0.5000000 -0.2000000 -0.1500000
v -0.5000000 -0.2000000 -0.2000000
v -0.3585800 -0.2000000 -0.1414200
v -0.3939350 -0.2000000 -0.1060650
v -0.4425950 -0.2000000 -0.1385850
v -0.4234600 -0.2000000 -0.1847800
v -0.3152200 -0.2000000 -0.0765400
v -0.3614150 -0.2000000 -0.0574050
v -0.3939350 -0.2000000 -0.1060650
v -0.3585800 -0.2000000 -0.1414200
v -0.3000000 -0.2000000 0.0000000
v -0.3500000 -0.2000000 0.0000000
v -0.3614150 -0.2000000 -0.0574050
v -0.3152200 -0.2000000 -0.0765400
v -0.3152200 -0.2000000 0.0765400
v -0.3614150 -0.2000000 0.0574050
v -0.3500000 -0.2000000 0.0000000
v -0.3000000 -0.2000000 0.0000000
v -0.3585800 -0.2000000 0.1414200
v -0.3939350 -0.2000000 0.1060650
v -0.3614150 -0.2000000 0.0574050
v -0.3152200 -0.2000000 0.0765400
v -0.4234600 -0.2000000 0.1847800
v -0.4425950 -0.2000000 0.1385850
v -0.3939350 -0.2000000 0.1060650
v -0.3585800 -0.2000000 0.1414200
v -0.5000000 -0.2000000 0.2000000
v -0.5000000 -0.2000000 0.1500000
v -0.4425950 -0.2000000 0.1385850
v -0.4234600 -0.2000000 0.1847800
v -0.8500000 -0.2000000 0.0000000
v -0.8614150 -0.2000000 0.0574050
v -0.8614150 -0.1000000 0.0574050
v -0.8500000 -0.1000000 0.0000000
v -0.8614150 -0.2000000 0.0574050
v -0.8939350 -0.2000000 0.1060650
v -0.8939350 -0.1000000 0.1060650
v -0.8614150 -0.1000000 0.0574050
v -0.8939350 -0.2000000 0.1060650
v -0.9425950 -0.2000000 0.1385850
v -0.9425950 -0.1000000 0.1385850
v -0.8939350 -0.1000000 0.1060650
v -0.9425950 -0.2000000 0.1385850
v -1.0000000 -0.2000000 0.1500000
v -1.0000000 -0.1000000 0.1500000
v -0.9425950 -0.1000000 0.1385850
v -1.0000000 -0.2000000 0.1500000
v -1.0574050 -0.2000000 0.1385850
v -1.0574050 -0.1000000 0.1385850
v -1.0000000 -0.1000000 0.1500000
v -1.0574050 -0.2000000 0.1385850
v -1.1060650 -0.2000000 0.1060650
v -1.1060650 -0.1000000 0.1060650
v -1.0574050 -0.1000000 0.1385850
v -1.1060650 -0.2000000 0.1060650
v -1.1385850 -0.2000000 0.0574050
v -1.1385850 -0.1000000 0.0574050
v -1.1060650 -0.1000000 0.1060650
v -1.1385850 -0.2000000 0.0574050
v -1.1500000 -0.2000000 0.0000000
v -1.1500000 -0.1000000 0.0000000
v -1.1385850 -0.1000000 0.0574050
v -1.1500000 -0.2000000 0.0000000
v -1.1385850 -0.2000000 -0.0574050
v -1.1385850 -0.1000000 -0.0574050
v -1.1500000 -0.1000000 0.0000000
v -1.1385850 -0.2000000 -0.0574050
v -1.1060650 -0.2000000 -0.1060650
v -1.1060650 -0.1000000 -0.1060650
v -1.1385850 -0.1000000 -0.0574050
v -1.1060650 -0.2000000 -0.1060650
v -1.0574050 -0.2000000 -0.1385850
v -1.0574050 -0.1000000 -0.1385850
v -1.1060650 -0.1000000 -0.1060650
v -1.0574050 -0.2000000 -0.1385850
v -1.0000000 -0.2000000 -0.1500000
v -1.0000000 -0.1000000 -0.1500000
v -1.0574050 -0.1000000 -0.1385850
v -1.0000000 -0.2000000 -0.1500000
v -0.9425950 -0.2000000 -0.1385850
v -0.9425950 -0.1000000 -0.1385850
v -1.0000000 -0.1000000 -0.1500000
v -0.9425950 -0.2000000 -0.1385850
v -0.8939350 -0.2000000 -0.1060650
v -0.8939350 -0.1000000 -0.1060650
v -0.9425950 -0.1000000 -0.1385850
v -0.8939350 -0.2000000 -0.1060650
v -0.8614150 -0.2000000 -0.0574050
v -0.8614150 -0.1000000 -0.0574050
v -0.8939350 -0.1000000 -0.1060650
v -0.8614150 -0.2000000 -0.0574050
v -0.8500000 -0.2000000 0.0000000
v -0.8500000 -0.1000000 0.0000000
v -0.8614150 -0.1000000 -0.0574050
v -0.8000000 -0.1000000 0.0000000
v -0.8152200 -0.1000000 0.0765400
v -0.8152200 -0.2000000 0.0765400
v -0.8000000 -0.2000000 0.0000000
v -0.8152200 -0.1000000 0.0765400
v -0.8585800 -0.1000000 0.1414200
v -0.8585800 -0.2000000 0.1414200
v -0.8152200 -0.2000000 0.0765400
v -0.8585800 -0.1000000 0.1414200
v -0.9234600 -0.1000000 0.1847800
v -0.9234600 -0.2000000 0.1847800
v -0.8585800 -0.2000000 0.1414200
v -0.9234600 -0.1000000 0.1847800
v -1.0000000 -0.1000000 0.2000000
v -1.0000000 -0.2000000 0.2000000
v -0.9234600 -0.2000000 0.1847800
v -1.0000000 -0.1000000 0.2000000
v -1.0765400 -0.1000000 0.1847800
v -1.0765400 -0.2000000 0.1847800
v -1.0000000 -0.2000000 0.2000000
v -1.0765400 -0.1000000 0.1847800
v -1.1414200 -0.1000000 0.1414200
v -1.1414200 -0.2000000 0.1414200
v -1.0765400 -0.2000000 0.1847800
v -1.1414200 -0.1000000 0.1414200
v -1.1847800 -0.1000000 0.0765400
v -1.1847800 -0.2000000 0.0765400
v -1.1414200 -0.2000000 0.1414200
v -1.1847800 -0.1000000 0.0765400
v -1.2000000 -0.1000000 0.0000000
v -1.2000000 -0.2000000 0.0000000
v -1.1847800 -0.2000000 0.0765400
v -1.2000000 -0.1000000 0.0000000
v -1.1847800 -0.1000000 -0.0765400
v -1.1847800 -0.2000000 -0.0765400
v -1.2000000 -0.2000000 0.0000000
v -1.1847800 -0.1000000 -0.0765400
v -1.1414200 -0.1000000 -0.1414200
v -1.1414200 -0.2000000 -0.1414200
v -1.1847800 -0.2000000 -0.0765400
v -1.1414200 -0.1000000 -0.1414200
v -1.0765400 -0.1000000 -0.1847800
v -1.0765400 -0.2000000 -0.1847800
v -1.1414200 -0.2000000 -0.1414200
v -1.0765400 -0.1000000 -0.1847800
v -1.0000000 -0.1000000 -0.2000000
v -1.0000000 -0.2000000 -0.2000000
v -1.0765400 -0.2000000 -0.1847800
v -1.0000000 -0.1000000 -0.2000000
v -0.9234600 -0.1000000 -0.1847800
v -0.9234600 -0.2000000 -0.1847800
v -1.0000000 -0.2000000 -0.2000000
v -0.9234600 -0.1000000 -0.1847800
v -0.8585800 -0.1000000 -0.1414200
v -0.8585800 -0.2000000 -0.1414200
v -0.9234600 -0.2000000 -0.1847800
v -0.8585800 -0.1000000 -0.1414200
v -0.8152200 -0.1000000 -0.0765400
v -0.8152200 -0.2000000 -0.0765400
v -0.8585800 -0.2000000 -0.1414200
v -0.8152200 -0.1000000 -0.0765400
v -0.8000000 -0.1000000 0.0000000
v -0.8000000 -0.2000000 0.0000000
v -0.8152200 -0.2000000 -0.0765400
v -1.0765400 -0.2000000 0.1847800
v -1.0574050 -0.2000000 0.1385850
v -1.0000000 -0.2000000 0.1500000
v -1.0000000 -0.2000000 0.2000000
v -1.1414200 -0.2000000 0.1414200
v -1.1060650 -0.2000000 0.1060650
v -1.0574050 -0.2000000 0.1385850
v -1.0765400 -0.2000000 0.1847800
v -1.1847800 -0.2000000 0.0765400
v -1.1385850 -0.2000000 0.0574050
v -1.1060650 -0.2000000 0.1060650
v -1.1414200 -0.2000000 0.1414200
v -1.2000000 -0.2000000 0.0000000
v -1.1500000 -0.2000000 0.0000000
v -1.1385850 -0.2000000 0.0574050
v -1.1847800 -0.2000000 0.0765400
v -1.1847800 -0.2000000 -0.0765400
v -1.1385850 -0.2000000 -0.0574050
v -1.1500000 -0.2000000 0.0000000
v -1.2000000 -0.2000000 0.0000000
v -1.1414200 -0.2000000 -0.1414200
v -1.1060650 -0.2000000 -0.1060650
v -1.1385850 -0.2000000 -0.0574050
v -1.1847800 -0.2000000 -0.0765400
v -1.0765400 -0.2000000 -0.1847800
v -1.0574050 -0.2000000 -0.1385850
v -1.1060650 -0.2000000 -0.1060650
v -1.1414200 -0.2000000 -0.1414200
v -1.0000000 -0.2000000 -0.2000000
v -1.0000000 -0.2000000 -0.1500000
v -1.0574050 -0.2000000 -0.1385850
v -1.0765400 -0.2000000 -0.1847800
v -0.9234600 -0.2000000 -0.1847800
v -0.9425950 -0.2000000 -0.1385850
v -1.0000000 -0.2000000 -0.1500000
v -1.0000000 -0.2000000 -0.2000000
v -0.8585800 -0.2000000 -0.1414200
v -0.8939350 -0.2000000 -0.1060650
v -0.9425950 -0.2000000 -0.1385850
v -0.9234600 -0.2000000 -0.1847800
v -0.8152200 -0.2000000 -0.0765400
v -0.8614150 -0.2000000 -0.0574050
v -0.8939350 -0.2000000 -0.1060650
v -0.8585800 -0.2000000 -0.1414200
v -0.8000000 -0.2000000 0.0000000
v -0.8500000 -0.2000000 0.0000000
v -0.8614150 -0.2000000 -0.0574050
v -0.8152200 -0.2000000 -0.0765400
v -0.8152200 -0.2000000 0.0765400
v -0.8614150 -0.2000000 0.0574050
v -0.8500000 -0.2000000 0.0000000
v -0.8000000 -0.2000000 0.0000000
v -0.8585800 -0.2000000 0.1414200
v -0.8939350 -0.2000000 0.1060650
v -0.8614150 -0.2000000 0.0574050
v -0.8152200 -0.2000000 0.0765400
v -0.9234600 -0.2000000 0.1847800
v -0.9425950 -0.2000000 0.1385850
v -0.8939350 -0.2000000 0.1060650
v -0.8585800 -0.2000000 0.1414200
v -1.0000000 -0.2000000 0.2000000
v -1.0000000 -0.2000000 0.1500000
v -0.9425950 -0.2000000 0.1385850
v -0.9234600 -0.2000000 0.1847800
v -1.3500000 -0.2000000 0.0000000
v -1.3614150 -0.2000000 0.0574050
v -1.3614150 -0.1000000 0.0574050
v -1.3500000 -0.1000000 0.0000000
v -1.3614150 -0.2000000 0.0574050
v -1.3939350 -0.2000000 0.1060650
v -1.3939350 -0.1000000 0.1060650
v -1.3614150 -0.1000000 0.0574050
v -1.3939350 -0.2000000 0.1060650
v -1.4425950 -0.2000000 0.1385850
v -1.4425950 -0.1000000 0.1385850
v -1.3939350 -0.1000000 0.1060650
v -1.4425950 -0.2000000 0.1385850
v -1.5000000 -0.2000000 0.1500000
v -1.5000000 -0.1000000 0.1500000
v -1.4425950 -0.1000000 0.1385850
v -1.5000000 -0.2000000 0.1500000
v -1.5574050 -0.2000000 0.1385850
v -1.5574050 -0.1000000 0.1385850
v -1.5000000 -0.1000000 0.1500000
v -1.5574050 -0.2000000 0.1385850
v -1.6060650 -0.2000000 0.1060650
v -1.6060650 -0.1000000 0.1060650
v -1.5574050 -0.1000000 0.1385850
v -1.6060650 -0.2000000 0.1060650
v -1.6385850 -0.2000000 0.0574050
v -1.6385850 -0.1000000 0.0574050
v -1.6060650 -0.1000000 0.1060650
v -1.6385850 -0.2000000 0.0574050
v -1.6500000 -0.2000000 0.0000000
v -1.6500000 -0.1000000 0.0000000
v -1.6385850 -0.1000000 0.0574050
v -1.6500000 -0.2000000 0.0000000
v -1.6385850 -0.2000000 -0.0574050
v -1.6385850 -0.1000000 -0.0574050
v -1.6500000 -0.1000000 0.0000000
v -1.6385850 -0.2000000 -0.0574050
v -1.6060650 -0.2000000 -0.1060650
v -1.6060650 -0.1000000 -0.1060650
v -1.6385850 -0.1000000 -0.0574050
v -1.6060650 -0.2000000 -0.1060650
v -1.5574050 -0.2000000 -0.1385850
v -1.5574050 -0.1000000 -0.1385850
v -1.6060650 -0.1000000 -0.1060650
v -1.5574050 -0.2000000 -0.1385850
v -1.5000000 -0.2000000 -0.1500000
v -1.5000000 -0.1000000 -0.1500000
v -1.5574050 -0.1000000 -0.1385850
v -1.5000000 -0.2000000 -0.1500000
v -1.4425950 -0.2000000 -0.1385850
v -1.4425950 -0.1000000 -0.1385850
v -1.5000000 -0.1000000 -0.1500000
v -1.4425950 -0.2000000 -0.1385850
v -1.3939350 -0.2000000 -0.1060650
v -1.3939350 -0.1000000 -0.1060650
v -1.4425950 -0.1000000 -0.1385850
v -1.3939350 -0.2000000 -0.1060650
v -1.3614150 -0.2000000 -0.0574050
v -1.3614150 -0.1000000 -0.0574050
v -1.3939350 -0.1000000 -0.1060650
v -1.3614150 -0.2000000 -0.0574050
v -1.3500000 -0.2000000 0.0000000
v -1.3500000 -0.1000000 0.0000000
v -1.3614150 -0.1000000 -0.0574050
v -1.3000000 -0.1000000 0.0000000
v -1.3152200 -0.1000000 0.0765400
v -1.3152200 -0.2000000 0.0765400
v -1.3000000 -0.2000000 0.0000000
v -1.3152200 -0.1000000 0.0765400
v -1.3585800 -0.1000000 0.1414200
v -1.3585800 -0.2000000 0.1414200
v -1.3152200 -0.2000000 0.0765400
v -1.3585800 -0.1000000 0.1414200
v -1.4234600 -0.1000000 0.1847800
v -1.4234600 -0.2000000 0.1847800
v -1.3585800 -0.2000000 0.1414200
v -1.4234600 -0.1000000 0.1847800
v -1.5000000 -0.1000000 0.2000000
v -1.5000000 -0.2000000 0.2000000
v -1.4234600 -0.2000000 0.1847800
v -1.5000000 -0.1000000 0.2000000
v -1.5765400 -0.1000000 0.1847800
v -1.5765400 -0.2000000 0.1847800
v -1.5000000 -0.2000000 0.2000000
v -1.5765400 -0.1000000 0.1847800
v -1.6414200 -0.1000000 0.1414200
v -1.6414200 -0.2000000 0.1414200
v -1.5765400 -0.2000000 0.1847800
v -1.6414200 -0.1000000 0.1414200
v -1.6847800 -0.1000000 0.0765400
v -1.6847800 -0.2000000 0.0765400
v -1.6414200 -0.2000000 0.1414200
v -1.6847800 -0.1000000 0.0765400
v -1.7000000 -0.1000000 0.0000000
v -1.7000000 -0.2000000 0.0000000
v -1.6847800 -0.2000000 0.0765400
v -1.7000000 -0.1000000 0.0000000
v -1.6847800 -0.1000000 -0.0765400
v -1.6847800 -0.2000000 -0.0765400
v -1.7000000 -0.2000000 0.0000000
v -1.6847800 -0.1000000 -0.0765400
v -1.6414200 -0.1000000 -0.1414200
v -1.6414200 -0.2000000 -0.1414200
v -1.6847800 -0.2000000 -0.0765400
v -1.6414200 -0.1000000 -0.1414200
v -1.5765400 -0.1000000 -0.1847800
v -1.5765400 -0.2000000 -0.1847800
v -1.6414200 -0.2000000 -0.1414200
v -1.5765400 -0.1000000 -0.1847800
v -1.5000000 -0.1000000 -0.2000000
v -1.5000000 -0.2000000 -0.2000000
v -1.5765400 -0.2000000 -0.1847800
v -1.5000000 -0.1000000 -0.2000000
v -1.4234600 -0.1000000 -0.1847800
v -1.4234600 -0.2000000 -0.1847800
v -1.5000000 -0.2000000 -0.2000000
v -1.4234600 -0.1000000 -0.1847800
v -1.3585800 -0.1000000 -0.1414200
v -1.3585800 -0.2000000 -0.1414200
v -1.4234600 -0.2000000 -0.1847800
v -1.3585800 -0.1000000 -0.1414200
v -1.3152200 -0.1000000 -0.0765400
v -1.3152200 -0.2000000 -0.0765400
v -1.3585800 -0.2000000 -0.1414200
v -1.3152200 -0.1000000 -0.0765400
v -1.3000000 -0.1000000 0.0000000
v -1.3000000 -0.2000000 0.0000000
v -1.3152200 -0.2000000 -0.0765400
v -1.5765400 -0.2000000 0.1847800
v -1.5574050 -0.2000000 0.1385850
v -1.5000000 -0.2000000 0.1500000
v -1.5000000 -0.2000000 0.2000000
v -1.6414200 -0.2000000 0.1414200
v -1.6060650 -0.2000000 0.1060650
v -1.5574050 -0.2000000 0.1385850
v -1.5765400 -0.2000000 0.1847800
v -1.6847800 -0.2000000 0.0765400
v -1.6385850 -0.2000000 0.0574050
v -1.6060650 -0.2000000 0.1060650
v -1.6414200 -0.2000000 0.1414200
v -1.7000000 -0.2000000 0.0000000
v -1.6500000 -0.2000000 0.0000000
v -1.6385850 -0.2000000 0.0574050
v -1.6847800 -0.2000000 0.0765400
v -1.6847800 -0.2000000 -0.0765400
v -1.6385850 -0.2000000 -0.0574050
v -1.6500000 -0.2000000 0.0000000
v -1.7000000 -0.2000000 0.0000000
v -1.6414200 -0.2000000 -0.1414200
v -1.6060650 -0.2000000 -0.1060650
v -1.6385850 -0.2000000 -0.0574050
v -1.6847800 -0.2000000 -0.0765400
v -1.5765400 -0.2000000 -0.1847800
v -1.5574050 -0.2000000 -0.1385850
v -1.6060650 -0.2000000 -0.1060650
v -1.6414200 -0.2000000 -0.1414200
v -1.5000000 -0.2000000 -0.2000000
v -1.5000000 -0.2000000 -0.1500000
v -1.5574050 -0.2000000 -0.1385850
v -1.5765400 -0.2000000 -0.1847800
v -1.4234600 -0.2000000 -0.1847800
v -1.4425950 -0.2000000 -0.1385850
v -1.5000000 -0.2000000 -0.1500000
v -1.5000000 -0.2000000 -0.2000000
v -1.3585800 -0.2000000 -0.1414200
v -1.3939350 -0.2000000 -0.1060650
v -1.4425950 -0.2000000 -0.1385850
v -1.4234600 -0.2000000 -0.1847800
v -1.3152200 -0.2000000 -0.0765400
v -1.3614150 -0.2000000 -0.0574050
v -1.3939350 -0.2000000 -0.1060650
v -1.3585800 -0.2000000 -0.1414200
v -1.3000000 -0.2000000 0.0000000
v -1.3500000 -0.2000000 0.0000000
v -1.3614150 -0.2000000 -0.0574050
v -1.3152200 -0.2000000 -0.0765400
v -1.3152200 -0.2000000 0.0765400
v -1.3614150 -0.2000000 0.0574050
v -1.3500000 -0.2000000 0.0000000
v -1.3000000 -0.2000000 0.0000000
v -1.3585800 -0.2000000 0.1414200
v -1.3939350 -0.2000000 0.1060650
v -1.3614150 -0.2000000 0.0574050
v -1.3152200 -0.2000000 0.0765400
v -1.4234600 -0.2000000 0.1847800
v -1.4425950 -0.2000000 0.1385850
v -1.3939350 -0.2000000 0.1060650
v -1.3585800 -0.2000000 0.1414200
v -1.5000000 -0.2000000 0.2000000
v -1.5000000 -0.2000000 0.1500000
v -1.4425950 -0.2000000 0.1385850
v -1.4234600 -0.2000000 0.1847800
v 1.6500000 -0.2000000 -0.5000000
v 1.6385850 -0.2000000 -0.4425950
v 1.6385850 -0.1000000 -0.4425950
v 1.6500000 -0.1000000 -0.5000000
v 1.6385850 -0.2000000 -0.4425950
v 1.6060650 -0.2000000 -0.3939350
v 1.6060650 -0.1000000 -0.3939350
v 1.6385850 -0.1000000 -0.4425950
v 1.6060650 -0.2000000 -0.3939350
v 1.5574050 -0.2000000 -0.3614150
v 1.5574050 -0.1000000 -0.3614150
v 1.6060650 -0.1000000 -0.3939350
v 1.5574050 -0.2000000 -0.3614150
v 1.5000000 -0.2000000 -0.3500000
v 1.5000000 -0.1000000 -0.3500000
v 1.5574050 -0.1000000 -0.3614150
v 1.5000000 -0.2000000 -0.3500000
v 1.4425950 -0.2000000 -0.3614150
v 1.4425950 -0.1000000 -0.3614150
v 1.5000000 -0.1000000 -0.3500000
v 1.4425950 -0.2000000 -0.3614150
v 1.3939350 -0.2000000 -0.3939350
v 1.3939350 -0.1000000 -0.3939350
v 1.4425950 -0.1000000 -0.3614150
v 1.3939350 -0.2000000 -0.3939350
v 1.3614150 -0.2000000 -0.4425950
v 1.3614150 -0.1000000 -0.4425950
v 1.3939350 -0.1000000 -0.3939350
v 1.3614150 -0.2000000 -0.4425950
v 1.3500000 -0.2000000 -0.5000000
v 1.3500000 -0.1000000 -0.5000000
v 1.3614150 -0.1000000 -0.4425950
v 1.3500000 -0.2000000 -0.5000000
v 1.3614150 -0.2000000 -0.5574050
v 1.3614150 -0.1000000 -0.5574050
v 1.3500000 -0.1000000 -0.5000000
v 1.3614150 -0.2000000 -0.5574050
v 1.3939350 -0.2000000 -0.6060650
v 1.3939350 -0.1000000 -0.6060650
v 1.3614150 -0.1000000 -0.5574050
v 1.3939350 -0.2000000 -0.6060650
v 1.4425950 -0.2000000 -0.6385850
v 1.4425950 -0.1000000 -0.6385850
v 1.3939350 -0.1000000 -0.6060650
v 1.4425950 -0.2000000 -0.6385850
v 1.5000000 -0.2000000 -0.6500000
v 1.5000000 -0.1000000 -0.6500000
v 1.4425950 -0.1000000 -0.6385850
v 1.5000000 -0.2000000 -0.6500000
v 1.5574050 -0.2000000 -0.6385850
v 1.5574050 -0.1000000 -0.6385850
v 1.5000000 -0.1000000 -0.6500000
v 1.5574050 -0.2000000 -0.6385850
v 1.6060650 -0.2000000 -0.6060650
v 1.6060650 -0.1000000 -0.6060650
v 1.5574050 -0.1000000 -0.6385850
v 1.6060650 -0.2000000 -0.6060650
v 1.6385850 -0.2000000 -0.5574050
v 1.6385850 -0.1000000 -0.5574050
v 1.6060650 -0.1000000 -0.6060650
v 1.6385850 -0.2000000 -0.5574050
v 1.6500000 -0.2000000 -0.5000000
v 1.6500000 -0.1000000 -0.5000000
v 1.6385850 -0.1000000 -0.5574050
v 1.7000000 -0.1000000 -0.5000000
v 1.6847800 -0.1000000 -0.4234600
v 1.6847800 -0.2000000 -0.4234600
v 1.7000000 -0.2000000 -0.5000000
v 1.6847800 -0.1000000 -0.4234600
v 1.6414200 -0.1000000 -0.3585800
v 1.6414200 -0.2000000 -0.3585800
v 1.6847800 -0.2000000 -0.4234600
v 1.6414200 -0.1000000 -0.3585800
v 1.5765400 -0.1000000 -0.3152200
v 1.5765400 -0.2000000 -0.3152200
v 1.6414200 -0.2000000 -0.3585800
v 1.5765400 -0.1000000 -0.3152200
v 1.5000000 -0.1000000 -0.3000000
v 1.5000000 -0.2000000 -0.3000000
v 1.5765400 -0.2000000 -0.3152200
v 1.5000000 -0.1000000 -0.3000000
v 1.4234600 -0.1000000 -0.3152200
v 1.4234600 -0.2000000 -0.3152200
v 1.5000000 -0.2000000 -0.3000000
v 1.4234600 -0.1000000 -0.3152200
v 1.3585800 -0.1000000 -0.3585800
v 1.3585800 -0.2000000 -0.3585800
v 1.4234600 -0.2000000 -0.3152200
v 1.3585800 -0.1000000 -0.3585800
v 1.3152200 -0.1000000 -0.4234600
v 1.3152200 -0.2000000 -0.4234600
v 1.3585800 -0.2000000 -0.3585800
v 1.3152200 -0.1000000 -0.4234600
v 1.3000000 -0.1000000 -0.5000000
v 1.3000000 -0.2000000 -0.5000000
v 1.3152200 -0.2000000 -0.4234600
v 1.3000000 -0.1000000 -0.5000000
v 1.3152200 -0.1000000 -0.5765400
v 1.3152200 -0.2000000 -0.5765400
v 1.3000000 -0.2000000 -0.5000000
v 1.3152200 -0.1000000 -0.5765400
v 1.3585800 -0.1000000 -0.6414200
v 1.3585800 -0.2000000 -0.6414200
v 1.3152200 -0.2000000 -0.5765400
v 1.3585800 -0.1000000 -0.6414200
v 1.4234600 -0.1000000 -0.6847800
v 1.4234600 -0.2000000 -0.6847800
v 1.3585800 -0.2000000 -0.6414200
v 1.4234600 -0.1000000 -0.6847800
v 1.5000000 -0.1000000 -0.7000000
v 1.5000000 -0.2000000 -0.7000000
v 1.4234600 -0.2000000 -0.6847800
v 1.5000000 -0.1000000 -0.7000000
v 1.5765400 -0.1000000 -0.6847800
v 1.5765400 -0.2000000 -0.6847800
v 1.5000000 -0.2000000 -0.7000000
v 1.5765400 -0.1000000 -0.6847800
v 1.6414200 -0.1000000 -0.6414200
v 1.6414200 -0.2000000 -0.6414200
v 1.5765400 -0.2000000 -0.6847800
v 1.6414200 -0.1000000 -0.6414200
v 1.6847800 -0.1000000 -0.5765400
v 1.6847800 -0.2000000 -0.5765400
v 1.6414200 -0.2000000 -0.6414200
v 1.6847800 -0.1000000 -0.5765400
v 1.7000000 -0.1000000 -0.5000000
v 1.7000000 -0.2000000 -0.5000000
v 1.6847800 -0.2000000 -0.5765400
v 1.4234600 -0.2000000 -0.3152200
v 1.4425950 -0.2000000 -0.3614150
v 1.5000000 -0.2000000 -0.3500000
v 1.5000000 -0.2000000 -0.3000000
v 1.3585800 -0.2000000 -0.3585800
v 1.3939350 -0.2000000 -0.3939350
v 1.4425950 -0.2000000 -0.3614150
v 1.4234600 -0.2000000 -0.3152200
v 1.3152200 -0.2000000 -0.4234600
v 1.3614150 -0.2000000 -0.4425950
v 1.3939350 -0.2000000 -0.3939350
v 1.3585800 -0.2000000 -0.3585800
v 1.3000000 -0.2000000 -0.5000000
v 1.3500000 -0.2000000 -0.5000000
v 1.3614150 -0.2000000 -0.4425950
v 1.3152200 -0.2000000 -0.4234600
v 1.3152200 -0.2000000 -0.5765400
v 1.3614150 -0.2000000 -0.5574050
v 1.3500000 -0.2000000 -0.5000000
v 1.3000000 -0.2000000 -0.5000000
v 1.3585800 -0.2000000 -0.6414200
v 1.3939350 -0.2000000 -0.6060650
v 1.3614150 -0.2000000 -0.5574050
v 1.3152200 -0.2000000 -0.5765400
v 1.4234600 -0.2000000 -0.6847800
v 1.4425950 -0.2000000 -0.6385850
v 1.3939350 -0.2000000 -0.6060650
v 1.3585800 -0.2000000 -0.6414200
v 1.5000000 -0.2000000 -0.7000000
v 1.5000000 -0.2000000 -0.6500000
v 1.4425950 -0.2000000 -0.6385850
v 1.4234600 -0.2000000 -0.6847800
v 1.5765400 -0.2000000 -0.6847800
v 1.5574050 -0.2000000 -0.6385850
v 1.5000000 -0.2000000 -0.6500000
v 1.5000000 -0.2000000 -0.7000000
v 1.6414200 -0.2000000 -0.6414200
v 1.6060650 -0.2000000 -0.6060650
v 1.5574050 -0.2000000 -0.6385850
v 1.5765400 -0.2000000 -0.6847800
v 1.6847800 -0.2000000 -0.5765400
v 1.6385850 -0.2000000 -0.5574050
v 1.6060650 -0.2000000 -0.6060650
v 1.6414200 -0.2000000 -0.6414200
v 1.7000000 -0.2000000 -0.5000000
v 1.6500000 -0.2000000 -0.5000000
v 1.6385850 -0.2000000 -0.5574050
v 1.6847800 -0.2000000 -0.5765400
v 1.6847800 -0.2000000 -0.4234600
v 1.6385850 -0.2000000 -0.4425950
v 1.6500000 -0.2000000 -0.5000000
v 1.7000000 -0.2000000 -0.5000000
v 1.6414200 -0.2000000 -0.3585800
v 1.6060650 -0.2000000 -0.3939350
v 1.6385850 -0.2000000 -0.4425950
v 1.6847800 -0.2000000 -0.4234600
v 1.5765400 -0.2000000 -0.3152200
v 1.5574050 -0.2000000 -0.3614150
v 1.6060650 -0.2000000 -0.3939350
v 1.6414200 -0.2000000 -0.3585800
v 1.5000000 -0.2000000 -0.3000000
v 1.5000000 -0.2000000 -0.3500000
v 1.5574050 -0.2000000 -0.3614150
v 1.5765400 -0.2000000 -0.3152200
v 1.1500000 -0.2000000 -0.5000000
v 1.1385850 -0.2000000 -0.4425950
v 1.1385850 -0.1000000 -0.4425950
v 1.1500000 -0.1000000 -0.5000000
v 1.1385850 -0.2000000 -0.4425950
v 1.1060650 -0.2000000 -0.3939350
v 1.1060650 -0.1000000 -0.3939350
v 1.1385850 -0.1000000 -0.4425950
v 1.1060650 -0.2000000 -0.3939350
v 1.0574050 -0.2000000 -0.3614150
v 1.0574050 -0.1000000 -0.3614150
v 1.1060650 -0.1000000 -0.3939350
v 1.0574050 -0.2000000 -0.3614150
v 1.0000000 -0.2000000 -0.3500000
v 1.0000000 -0.1000000 -0.3500000
v 1.0574050 -0.1000000 -0.3614150
v 1.0000000 -0.2000000 -0.3500000
v 0.9425950 -0.2000000 -0.3614150
v 0.9425950 -0.1000000 -0.3614150
v 1.0000000 -0.1000000 -0.3500000
v 0.9425950 -0.2000000 -0.3614150
v 0.8939350 -0.2000000 -0.3939350
v 0.8939350 -0.1000000 -0.3939350
v 0.9425950 -0.1000000 -0.3614150
v 0.8939350 -0.2000000 -0.3939350
v 0.8614150 -0.2000000 -0.4425950
v 0.8614150 -0.1000000 -0.4425950
v 0.8939350 -0.1000000 -0.3939350
v 0.8614150 -0.2000000 -0.4425950
v 0.8500000 -0.2000000 -0.5000000
v 0.8500000 -0.1000000 -0.5000000
v 0.8614150 -0.1000000 -0.4425950
v 0.8500000 -0.2000000 -0.5000000
v 0.8614150 -0.2000000 -0.5574050
v 0.8614150 -0.1000000 -0.5574050
v 0.8500000 -0.1000000 -0.5000000
v 0.8614150 -0.2000000 -0.5574050
v 0.8939350 -0.2000000 -0.6060650
v 0.8939350 -0.1000000 -0.6060650
v 0.8614150 -0.1000000 -0.5574050
v 0.8939350 -0.2000000 -0.6060650
v 0.9425950 -0.2000000 -0.6385850
v 0.9425950 -0.1000000 -0.6385850
v 0.8939350 -0.1000000 -0.6060650
v 0.9425950 -0.2000000 -0.6385850
v 1.0000000 -0.2000000 -0.6500000
v 1.0000000 -0.1000000 -0.6500000
v 0.9425950 -0.1000000 -0.6385850
v 1.0000000 -0.2000000 -0.6500000
v 1.0574050 -0.2000000 -0.6385850
v 1.0574050 -0.1000000 -0.6385850
v 1.0000000 -0.1000000 -0.6500000
v 1.0574050 -0.2000000 -0.6385850
v 1.1060650 -0.2000000 -0.6060650
v 1.1060650 -0.1000000 -0.6060650
v 1.0574050 -0.1000000 -0.6385850
v 1.1060650 -0.2000000 -0.6060650
v 1.1385850 -0.2000000 -0.5574050
v 1.1385850 -0.1000000 -0.5574050
v 1.1060650 -0.1000000 -0.6060650
v 1.1385850 -0.2000000 -0.5574050
v 1.1500000 -0.2000000 -0.5000000
v 1.1500000 -0.1000000 -0.5000000
v 1.1385850 -0.1000000 -0.5574050
v 1.2000000 -0.1000000 -0.5000000
v 1.1847800 -0.1000000 -0.4234600
v 1.1847800 -0.2000000 -0.4234600
v 1.2000000 -0.2000000 -0.5000000
v 1.1847800 -0.1000000 -0.4234600
v 1.1414200 -0.1000000 -0.3585800
v 1.1414200 -0.2000000 -0.3585800
v 1.1847800 -0.2000000 -0.4234600
v 1.1414200 -0.1000000 -0.3585800
v 1.0765400 -0.1000000 -0.3152200
v 1.0765400 -0.2000000 -0.3152200
v 1.1414200 -0.2000000 -0.3585800
v 1.0765400 -0.1000000 -0.3152200
v 1.0000000 -0.1000000 -0.3000000
v 1.0000000 -0.2000000 -0.3000000
v 1.0765400 -0.2000000 -0.3152200
v 1.0000000 -0.1000000 -0.3000000
v 0.9234600 -0.1000000 -0.3152200
v 0.9234600 -0.2000000 -0.3152200
v 1.0000000 -0.2000000 -0.3000000
v 0.9234600 -0.1000000 -0.3152200
v 0.8585800 -0.1000000 -0.3585800
v 0.8585800 -0.2000000 -0.3585800
v 0.9234600 -0.2000000 -0.3152200
v 0.8585800 -0.1000000 -0.3585800
v 0.8152200 -0.1000000 -0.4234600
v 0.8152200 -0.2000000 -0.4234600
v 0.8585800 -0.2000000 -0.3585800
v 0.8152200 -0.1000000 -0.4234600
v 0.8000000 -0.1000000 -0.5000000
v 0.8000000 -0.2000000 -0.5000000
v 0.8152200 -0.2000000 -0.4234600
v 0.8000000 -0.1000000 -0.5000000
v 0.8152200 -0.1000000 -0.5765400
v 0.8152200 -0.2000000 -0.5765400
v 0.8000000 -0.2000000 -0.5000000
v 0.8152200 -0.1000000 -0.5765400
v 0.8585800 -0.1000000 -0.6414200
v 0.8585800 -0.2000000 -0.6414200
v 0.8152200 -0.2000000 -0.5765400
v 0.8585800 -0.1000000 -0.6414200
v 0.9234600 -0.1000000 -0.6847800
v 0.9234600 -0.2000000 -0.6847800
v 0.8585800 -0.2000000 -0.6414200
v 0.9234600 -0.1000000 -0.6847800
v 1.0000000 -0.1000000 -0.7000000
v 1.0000000 -0.2000000 -0.7000000
v 0.9234600 -0.2000000 -0.6847800
v 1.0000000 -0.1000000 -0.7000000
v 1.0765400 -0.1000000 -0.6847800
v 1.0765400 -0.2000000 -0.6847800
v 1.0000000 -0.2000000 -0.7000000
v 1.0765400 -0.1000000 -0.6847800
v 1.1414200 -0.1000000 -0.6414200
v 1.1414200 -0.2000000 -0.6414200
v 1.0765400 -0.2000000 -0.6847800
v 1.1414200 -0.1000000 -0.6414200
v 1.1847800 -0.1000000 -0.5765400
v 1.1847800 -0.2000000 -0.5765400
v 1.1414200 -0.2000000 -0.6414200
v 1.1847800 -0.1000000 -0.5765400
v 1.2000000 -0.1000000 -0.5000000
v 1.2000000 -0.2000000 -0.5000000
v 1.1847800 -0.2000000 -0.5765400
v 0.9234600 -0.2000000 -0.3152200
v 0.9425950 -0.2000000 -0.3614150
v 1.0000000 -0.2000000 -0.3500000
v 1.0000000 -0.2000000 -0.3000000
v 0.8585800 -0.2000000 -0.3585800
v 0.8939350 -0.2000000 -0.3939350
v 0.9425950 -0.2000000 -0.3614150
v 0.9234600 -0.2000000 -0.3152200
v 0.8152200 -0.2000000 -0.4234600
v 0.8614150 -0.2000000 -0.4425950
v 0.8939350 -0.2000000 -0.3939350
v 0.8585800 -0.2000000 -0.3585800
v 0.8000000 -0.2000000 -0.5000000
v 0.8500000 -0.2000000 -0.5000000
v 0.8614150 -0.2000000 -0.4425950
v 0.8152200 -0.2000000 -0.4234600
v 0.8152200 -0.2000000 -0.5765400
v 0.8614150 -0.2000000 -0.5574050
v 0.8500000 -0.2000000 -0.5000000
v 0.8000000 -0.2000000 -0.5000000
v 0.8585800 -0.2000000 -0.6414200
v 0.8939350 -0.2000000 -0.6060650
v 0.8614150 -0.2000000 -0.5574050
v 0.8152200 -0.2000000 -0.5765400
v 0.9234600 -0.2000000 -0.6847800
v 0.9425950 -0.2000000 -0.6385850
v 0.8939350 -0.2000000 -0.6060650
v 0.8585800 -0.2000000 -0.6414200
v 1.0000000 -0.2000000 -0.7000000
v 1.0000000 -0.2000000 -0.6500000
v 0.9425950 -0.2000000 -0.6385850
v 0.9234600 -0.2000000 -0.6847800
v 1.0765400 -0.2000000 -0.6847800
v 1.0574050 -0.2000000 -0.6385850
v 1.0000000 -0.2000000 -0.6500000
v 1.0000000 -0.2000000 -0.7000000
v 1.1414200 -0.2000000 -0.6414200
v 1.1060650 -0.2000000 -0.6060650
v 1.0574050 -0.2000000 -0.6385850
v 1.0765400 -0.2000000 -0.6847800
v 1.1847800 -0.2000000 -0.5765400
v 1.1385850 -0.2000000 -0.5574050
v 1.1060650 -0.2000000 -0.6060650
v 1.1414200 -0.2000000 -0.6414200
v 1.2000000 -0.2000000 -0.5000000
v 1.1500000 -0.2000000 -0.5000000
v 1.1385850 -0.2000000 -0.5574050
v 1.1847800 -0.2000000 -0.5765400
v 1.1847800 -0.2000000 -0.4234600
v 1.1385850 -0.2000000 -0.4425950
v 1.1500000 -0.2000000 -0.5000000
v 1.2000000 -0.2000000 -0.5000000
v 1.1414200 -0.2000000 -0.3585800
v 1.1060650 -0.2000000 -0.3939350
v 1.1385850 -0.2000000 -0.4425950
v 1.1847800 -0.2000000 -0.4234600
v 1.0765400 -0.2000000 -0.3152200
v 1.0574050 -0.2000000 -0.3614150
v 1.1060650 -0.2000000 -0.3939350
v 1.1414200 -0.2000000 -0.3585800
v 1.0000000 -0.2000000 -0.3000000
v 1.0000000 -0.2000000 -0.3500000
v 1.0574050 -0.2000000 -0.3614150
v 1.0765400 -0.2000000 -0.3152200
v 0.6500000 -0.2000000 -0.5000000
v 0.6385850 -0.2000000 -0.4425950
v 0.6385850 -0.1000000 -0.4425950
v 0.6500000 -0.1000000 -0.5000000
v 0.6385850 -0.2000000 -0.4425950
v 0.6060650 -0.2000000 -0.3939350
v 0.6060650 -0.1000000 -0.3939350
v 0.6385850 -0.1000000 -0.4425950
v 0.6060650 -0.2000000 -0.3939350
v 0.5574050 -0.2000000 -0.3614150
v 0.5574050 -0.1000000 -0.3614150
v 0.6060650 -0.1000000 -0.3939350
v 0.5574050 -0.2000000 -0.3614150
v 0.5000000 -0.2000000 -0.3500000
v 0.5000000 -0.1000000 -0.3500000
v 0.5574050 -0.1000000 -0.3614150
v 0.5000000 -0.2000000 -0.3500000
v 0.4425950 -0.2000000 -0.3614150
v 0.4425950 -0.1000000 -0.3614150
v 0.5000000 -0.1000000 -0.3500000
v 0.4425950 -0.2000000 -0.3614150
v 0.3939350 -0.2000000 -0.3939350
v 0.3939350 -0.1000000 -0.3939350
v 0.4425950 -0.1000000 -0.3614150
v 0.3939350 -0.2000000 -0.3939350
v 0.3614150 -0.2000000 -0.4425950
v 0.3614150 -0.1000000 -0.4425950
v 0.3939350 -0.1000000 -0.3939350
v 0.3614150 -0.2000000 -0.4425950
v 0.3500000 -0.2000000 -0.5000000
v 0.3500000 -0.1000000 -0.5000000
v 0.3614150 -0.1000000 -0.4425950
v 0.3500000 -0.2000000 -0.5000000
v 0.3614150 -0.2000000 -0.5574050
v 0.3614150 -0.1000000 -0.5574050
v 0.3500000 -0.1000000 -0.5000000
v 0.3614150 -0.2000000 -0.5574050
v 0.3939350 -0.2000000 -0.6060650
v 0.3939350 -0.1000000 -0.6060650
v 0.3614150 -0.1000000 -0.5574050
v 0.3939350 -0.2000000 -0.6060650
v 0.4425950 -0.2000000 -0.6385850
v 0.4425950 -0.1000000 -0.6385850
v 0.3939350 -0.1000000 -0.6060650
v 0.4425950 -0.2000000 -0.6385850
v 0.5000000 -0.2000000 -0.6500000
v 0.5000000 -0.1000000 -0.6500000
v 0.4425950 -0.1000000 -0.6385850
v 0.5000000 -0.2000000 -0.6500000
v 0.5574050 -0.2000000 -0.6385850
v 0.5574050 -0.1000000 -0.6385850
v 0.5000000 -0.1000000 -0.6500000
v 0.5574050 -0.2000000 -0.6385850
v 0.6060650 -0.2000000 -0.6060650
v 0.6060650 -0.1000000 -0.6060650
v 0.5574050 -0.1000000 -0.6385850
v 0.6060650 -0.2000000 -0.6060650
v 0.6385850 -0.2000000 -0.5574050
v 0.6385850 -0.1000000 -0.5574050
v 0.6060650 -0.1000000 -0.6060650
v 0.6385850 -0.2000000 -0.5574050
v 0.6500000 -0.2000000 -0.5000000
v 0.6500000 -0.1000000 -0.5000000
v 0.6385850 -0.1000000 -0.5574050
v 0.7000000 -0.1000000 -0.5000000
v 0.6847800 -0.1000000 -0.4234600
v 0.6847800 -0.2000000 -0.4234600
v 0.7000000 -0.2000000 -0.5000000
v 0.6847800 -0.1000000 -0.4234600
v 0.6414200 -0.1000000 -0.3585800
v 0.6414200 -0.2000000 -0.3585800
v 0.6847800 -0.2000000 -0.4234600
v 0.6414200 -0.1000000 -0.3585800
v 0.5765400 -0.1000000 -0.3152200
v 0.5765400 -0.2000000 -0.3152200
v 0.6414200 -0.2000000 -0.3585800
v 0.5765400 -0.1000000 -0.3152200
v 0.5000000 -0.1000000 -0.3000000
v 0.5000000 -0.2000000 -0.3000000
v 0.5765400 -0.2000000 -0.3152200
v 0.5000000 -0.1000000 -0.3000000
v 0.4234600 -0.1000000 -0.3152200
v 0.4234600 -0.2000000 -0.3152200
v 0.5000000 -0.2000000 -0.3000000
v 0.4234600 -0.1000000 -0.3152200
v 0.3585800 -0.1000000 -0.3585800
v 0.3585800 -0.2000000 -0.3585800
v 0.4234600 -0.2000000 -0.3152200
v 0.3585800 -0.1000000 -0.3585800
v 0.3152200 -0.1000000 -0.4234600
v 0.3152200 -0.2000000 -0.4234600
v 0.3585800 -0.2000000 -0.3585800
v 0.3152200 -0.1000000 -0.4234600
v 0.3000000 -0.1000000 -0.5000000
v 0.3000000 -0.2000000 -0.5000000
v 0.3152200 -0.2000000 -0.4234600
v 0.3000000 -0.1000000 -0.5000000
v 0.3152200 -0.1000000 -0.5765400
v 0.3152200 -0.2000000 -0.5765400
v 0.3000000 -0.2000000 -0.5000000
v 0.3152200 -0.1000000 -0.5765400
v 0.3585800 -0.1000000 -0.6414200
v 0.3585800 -0.2000000 -0.6414200
v 0.3152200 -0.2000000 -0.5765400
v 0.3585800 -0.1000000 -0.6414200
v 0.4234600 -0.1000000 -0.6847800
v 0.4234600 -0.2000000 -0.6847800
v 0.3585800 -0.2000000 -0.6414200
v 0.4234600 -0.1000000 -0.6847800
v 0.5000000 -0.1000000 -0.7000000
v 0.5000000 -0.2000000 -0.7000000
v 0.4234600 -0.2000000 -0.6847800
v 0.5000000 -0.1000000 -0.7000000
v 0.5765400 -0.1000000 -0.6847800
v 0.5765400 -0.2000000 -0.6847800
v 0.5000000 -0.2000000 -0.7000000
v 0.5765400 -0.1000000 -0.6847800
v 0.6414200 -0.1000000 -0.6414200
v 0.6414200 -0.2000000 -0.6414200
v 0.5765400 -0.2000000 -0.6847800
v 0.6414200 -0.1000000 -0.6414200
v 0.6847800 -0.1000000 -0.5765400
v 0.6847800 -0.2000000 -0.5765400
v 0.6414200 -0.2000000 -0.6414200
v 0.6847800 -0.1000000 -0.5765400
v 0.7000000 -0.1000000 -0.5000000
v 0.7000000 -0.2000000 -0.5000000
v 0.6847800 -0.2000000 -0.5765400
v 0.4234600 -0.2000000 -0.3152200
v 0.4425950 -0.2000000 -0.3614150
v 0.5000000 -0.2000000 -0.3500000
v 0.5000000 -0.2000000 -0.3000000
v 0.3585800 -0.2000000 -0.3585800
v 0.3939350 -0.2000000 -0.3939350
v 0.4425950 -0.2000000 -0.3614150
v 0.4234600 -0.2000000 -0.3152200
v 0.3152200 -0.2000000 -0.4234600
v 0.3614150 -0.2000000 -0.4425950
v 0.3939350 -0.2000000 -0.3939350
v 0.3585800 -0.2000000 -0.3585800
v 0.3000000 -0.2000000 -0.5000000
v 0.3500000 -0.2000000 -0.5000000
v 0.3614150 -0.2000000 -0.4425950
v 0.3152200 -0.2000000 -0.4234600
v 0.3152200 -0.2000000 -0.5765400
v 0.3614150 -0.2000000 -0.5574050
v 0.3500000 -0.2000000 -0.5000000
v 0.3000000 -0.2000000 -0.5000000
v 0.3585800 -0.2000000 -0.6414200
v 0.3939350 -0.2000000 -0.6060650
v 0.3614150 -0.2000000 -0.5574050
v 0.3152200 -0.2000000 -0.5765400
v 0.4234600 -0.2000000 -0.6847800
v 0.4425950 -0.2000000 -0.6385850
v 0.3939350 -0.2000000 -0.6060650
v 0.3585800 -0.2000000 -0.6414200
v 0.5000000 -0.2000000 -0.7000000
v 0.5000000 -0.2000000 -0.6500000
v 0.4425950 -0.2000000 -0.6385850
v 0.4234600 -0.2000000 -0.6847800
v 0.5765400 -0.2000000 -0.6847800
v 0.5574050 -0.2000000 -0.6385850
v 0.5000000 -0.2000000 -0.6500000
v 0.5000000 -0.2000000 -0.7000000
v 0.6414200 -0.2000000 -0.6414200
v 0.6060650 -0.2000000 -0.6060650
v 0.5574050 -0.2000000 -0.6385850
v 0.5765400 -0.2000000 -0.6847800
v 0.6847800 -0.2000000 -0.5765400
v 0.6385850 -0.2000000 -0.5574050
v 0.6060650 -0.2000000 -0.6060650
v 0.6414200 -0.2000000 -0.6414200
v 0.7000000 -0.2000000 -0.5000000
v 0.6500000 -0.2000000 -0.5000000
v 0.6385850 -0.2000000 -0.5574050
v 0.6847800 -0.2000000 -0.5765400
v 0.6847800 -0.2000000 -0.4234600
v 0.6385850 -0.2000000 -0.4425950
v 0.6500000 -0.2000000 -0.5000000
v 0.7000000 -0.2000000 -0.5000000
v 0.6414200 -0.2000000 -0.3585800
v 0.6060650 -0.2000000 -0.3939350
v 0.6385850 -0.2000000 -0.4425950
v 0.6847800 -0.2000000 -0.4234600
v 0.5765400 -0.2000000 -0.3152200
v 0.5574050 -0.2000000 -0.3614150
v 0.6060650 -0.2000000 -0.3939350
v 0.6414200 -0.2000000 -0.3585800
v 0.5000000 -0.2000000 -0.3000000
v 0.5000000 -0.2000000 -0.3500000
v 0.5574050 -0.2000000 -0.3614150
v 0.5765400 -0.2000000 -0.3152200
v 0.1500000 -0.2000000 -0.5000000
v 0.1385850 -0.2000000 -0.4425950
v 0.1385850 -0.1000000 -0.4425950
v 0.1500000 -0.1000000 -0.5000000
v 0.1385850 -0.2000000 -0.4425950
v 0.1060650 -0.2000000 -0.3939350
v 0.1060650 -0.1000000 -0.3939350
v 0.1385850 -0.1000000 -0.4425950
v 0.1060650 -0.2000000 -0.3939350
v 0.0574050 -0.2000000 -0.3614150
v 0.0574050 -0.1000000 -0.3614150
v 0.1060650 -0.1000000 -0.3939350
v 0.0574050 -0.2000000 -0.3614150
v 0.0000000 -0.2000000 -0.3500000
v 0.0000000 -0.1000000 -0.3500000
v 0.0574050 -0.1000000 -0.3614150
v 0.0000000 -0.2000000 -0.3500000
v -0.0574050 -0.2000000 -0.3614150
v -0.0574050 -0.1000000 -0.3614150
v 0.0000000 -0.1000000 -0.3500000
v -0.0574050 -0.2000000 -0.3614150
v -0.1060650 -0.2000000 -0.3939350
v -0.1060650 -0.1000000 -0.3939350
v -0.0574050 -0.1000000 -0.3614150
v -0.1060650 -0.2000000 -0.3939350
v -0.1385850 -0.2000000 -0.4425950
v -0.1385850 -0.1000000 -0.4425950
v -0.1060650 -0.1000000 -0.3939350
v -0.1385850 -0.2000000 -0.4425950
v -0.1500000 -0.2000000 -0.5000000
v -0.1500000 -0.1000000 -0.5000000
v -0.1385850 -0.1000000 -0.4425950
v -0.1500000 -0.2000000 -0.5000000
v -0.1385850 -0.2000000 -0.5574050
v -0.1385850 -0.1000000 -0.5574050
v -0.1500000 -0.1000000 -0.5000000
v -0.1385850 -0.2000000 -0.5574050
v -0.1060650 -0.2000000 -0.6060650
v -0.1060650 -0.1000000 -0.6060650
v -0.1385850 -0.1000000 -0.5574050
v -0.1060650 -0.2000000 -0.6060650
v -0.0574050 -0.2000000 -0.6385850
v -0.0574050 -0.1000000 -0.6385850
v -0.1060650 -0.1000000 -0.6060650
v -0.0574050 -0.2000000 -0.6385850
v 0.0000000 -0.2000000 -0.6500000
v 0.0000000 -0.1000000 -0.6500000
v -0.0574050 -0.1000000 -0.6385850
v 0.0000000 -0.2000000 -0.6500000
v 0.0574050 -0.2000000 -0.6385850
v 0.0574050 -0.1000000 -0.6385850
v 0.0000000 -0.1000000 -0.6500000
v 0.0574050 -0.2000000 -0.6385850
v 0.1060650 -0.2000000 -0.6060650
v 0.1060650 -0.1000000 -0.6060650
v 0.0574050 -0.1000000 -0.6385850
v 0.1060650 -0.2000000 -0.6060650
v 0.1385850 -0.2000000 -0.5574050
v 0.1385850 -0.1000000 -0.5574050
v 0.1060650 -0.1000000 -0.6060650
v 0.1385850 -0.2000000 -0.5574050
v 0.1500000 -0.2000000 -0.5000000
v 0.1500000 -0.1000000 -0.5000000
v 0.1385850 -0.1000000 -0.5574050
v 0.2000000 -0.1000000 -0.5000000
v 0.1847800 -0.1000000 -0.4234600
v 0.1847800 -0.2000000 -0.4234600
v 0.2000000 -0.2000000 -0.5000000
v 0.1847800 -0.1000000 -0.4234600
v 0.1414200 -0.1000000 -0.3585800
v 0.1414200 -0.2000000 -0.3585800
v 0.1847800 -0.2000000 -0.4234600
v 0.1414200 -0.1000000 -0.3585800
v 0.0765400 -0.1000000 -0.3152200
v 0.0765400 -0.2000000 -0.3152200
v 0.1414200 -0.2000000 -0.3585800
v 0.0765400 -0.1000000 -0.3152200
v 0.0000000 -0.1000000 -0.3000000
v 0.0000000 -0.2000000 -0.3000000
v 0.0765400 -0.2000000 -0.3152200
v 0.0000000 -0.1000000 -0.3000000
v -0.0765400 -0.1000000 -0.3152200
v -0.0765400 -0.2000000 -0.3152200
v 0.0000000 -0.2000000 -0.3000000
v -0.0765400 -0.1000000 -0.3152200
v -0.1414200 -0.1000000 -0.3585800
v -0.1414200 -0.2000000 -0.3585800
v -0.0765400 -0.2000000 -0.3152200
v -0.1414200 -0.1000000 -0.3585800
v -0.1847800 -0.1000000 -0.4234600
v -0.1847800 -0.2000000 -0.4234600
v -0.1414200 -0.2000000 -0.3585800
v -0.1847800 -0.1000000 -0.4234600
v -0.2000000 -0.1000000 -0.5000000
v -0.2000000 -0.2000000 -0.5000000
v -0.1847800 -0.2000000 -0.4234600
v -0.2000000 -0.1000000 -0.5000000
v -0.1847800 -0.1000000 -0.5765400
v -0.1847800 -0.2000000 -0.5765400
v -0.2000000 -0.2000000 -0.5000000
v -0.1847800 -0.1000000 -0.5765400
v -0.1414200 -0.1000000 -0.6414200
v -0.1414200 -0.2000000 -0.6414200
v -0.1847800 -0.2000000 -0.5765400
v -0.1414200 -0.1000000 -0.6414200
v -0.0765400 -0.1000000 -0.6847800
v -0.0765400 -0.2000000 -0.6847800
v -0.1414200 -0.2000000 -0.6414200
v -0.0765400 -0.1000000 -0.6847800
v 0.0000000 -0.1000000 -0.7000000
v 0.0000000 -0.2000000 -0.7000000
v -0.0765400 -0.2000000 -0.6847800
v 0.0000000 -0.1000000 -0.7000000
v 0.0765400 -0.1000000 -0.6847800
v 0.0765400 -0.2000000 -0.6847800
v 0.0000000 -0.2000000 -0.7000000
v 0.0765400 -0.1000000 -0.6847800
v 0.1414200 -0.1000000 -0.6414200
v 0.1414200 -0.2000000 -0.6414200
v 0.0765400 -0.2000000 -0.6847800
v 0.1414200 -0.1000000 -0.6414200
v 0.1847800 -0.1000000 -0.5765400
v 0.1847800 -0.2000000 -0.5765400
v 0.1414200 -0.2000000 -0.6414200
v 0.1847800 -0.1000000 -0.5765400
v 0.2000000 -0.1000000 -0.5000000
v 0.2000000 -0.2000000 -0.5000000
v 0.1847800 -0.2000000 -0.5765400
v -0.0765400 -0.2000000 -0.3152200
v -0.0574050 -0.2000000 -0.3614150
v 0.0000000 -0.2000000 -0.3500000
v 0.0000000 -0.2000000 -0.3000000
v -0.1414200 -0.2000000 -0.3585800
v -0.1060650 -0.2000000 -0.3939350
v -0.0574050 -0.2000000 -0.3614150
v -0.0765400 -0.2000000 -0.3152200
v -0.1847800 -0.2000000 -0.4234600
v -0.1385850 -0.2000000 -0.4425950
v -0.1060650 -0.2000000 -0.3939350
v -0.1414200 -0.2000000 -0.3585800
v -0.2000000 -0.2000000 -0.5000000
v -0.1500000 -0.2000000 -0.5000000
v -0.1385850 -0.2000000 -0.4425950
v -0.1847800 -0.2000000 -0.4234600
v -0.1847800 -0.2000000 -0.5765400
v -0.1385850 -0.2000000 -0.5574050
v -0.1500000 -0.2000000 -0.5000000
v -0.2000000 -0.2000000 -0.5000000
v -0.1414200 -0.2000000 -0.6414200
v -0.1060650 -0.2000000 -0.6060650
v -0.1385850 -0.2000000 -0.5574050
v -0.1847800 -0.2000000 -0.5765400
v -0.0765400 -0.2000000 -0.6847800
v -0.0574050 -0.2000000 -0.6385850
v -0.1060650 -0.2000000 -0.6060650
v -0.1414200 -0.2000000 -0.6414200
v 0.0000000 -0.2000000 -0.7000000
v 0.0000000 -0.2000000 -0.6500000
v -0.0574050 -0.2000000 -0.6385850
v -0.0765400 -0.2000000 -0.6847800
v 0.0765400 -0.2000000 -0.6847800
v 0.0574050 -0.2000000 -0.6385850
v 0.0000000 -0.2000000 -0.6500000
v 0.0000000 -0.2000000 -0.7000000
v 0.1414200 -0.2000000 -0.6414200
v 0.1060650 -0.2000000 -0.6060650
v 0.0574050 -0.2000000 -0.6385850
v 0.0765400 -0.2000000 -0.6847800
v 0.1847800 -0.2000000 -0.5765400
v 0.1385850 -0.2000000 -0.5574050
v 0.1060650 -0.2000000 -0.6060650
v 0.1414200 -0.2000000 -0.6414200
v 0.2000000 -0.2000000 -0.5000000
v 0.1500000 -0.2000000 -0.5000000
v 0.1385850 -0.2000000 -0.5574050
v 0.1847800 -0.2000000 -0.5765400
v 0.1847800 -0.2000000 -0.4234600
v 0.1385850 -0.2000000 -0.4425950
v 0.1500000 -0.2000000 -0.5000000
v 0.2000000 -0.2000000 -0.5000000
v 0.1414200 -0.2000000 -0.3585800
v 0.1060650 -0.2000000 -0.3939350
v 0.1385850 -0.2000000 -0.4425950
v 0.1847800 -0.2000000 -0.4234600
v 0.0765400 -0.2000000 -0.3152200
v 0.0574050 -0.2000000 -0.3614150
v 0.1060650 -0.2000000 -0.3939350
v 0.1414200 -0.2000000 -0.3585800
v 0.0000000 -0.2000000 -0.3000000
v 0.0000000 -0.2000000 -0.3500000
v 0.0574050 -0.2000000 -0.3614150
v 0.0765400 -0.2000000 -0.3152200
v -0.3500000 -0.2000000 -0.5000000
v -0.3614150 -0.2000000 -0.4425950
v -0.3614150 -0.1000000 -0.4425950
v -0.3500000 -0.1000000 -0.5000000
v -0.3614150 -0.2000000 -0.4425950
v -0.3939350 -0.2000000 -0.3939350
v -0.3939350 -0.1000000 -0.3939350
v -0.3614150 -0.1000000 -0.4425950
v -0.3939350 -0.2000000 -0.3939350
v -0.4425950 -0.2000000 -0.3614150
v -0.4425950 -0.1000000 -0.3614150
v -0.3939350 -0.1000000 -0.3939350
v -0.4425950 -0.2000000 -0.3614150
v -0.5000000 -0.2000000 -0.3500000
v -0.5000000 -0.1000000 -0.3500000
v -0.4425950 -0.1000000 -0.3614150
v -0.5000000 -0.2000000 -0.3500000
v -0.5574050 -0.2000000 -0.3614150
v -0.5574050 -0.1000000 -0.3614150
v -0.5000000 -0.1000000 -0.3500000
v -0.5574050 -0.2000000 -0.3614150
v -0.6060650 -0.2000000 -0.3939350
v -0.6060650 -0.1000000 -0.3939350
v -0.5574050 -0.1000000 -0.3614150
v -0.6060650 -0.2000000 -0.3939350
v -0.6385850 -0.2000000 -0.4425950
v -0.6385850 -0.1000000 -0.4425950
v -0.6060650 -0.1000000 -0.3939350
v -0.6385850 -0.2000000 -0.4425950
v -0.6500000 -0.2000000 -0.5000000
v -0.6500000 -0.1000000 -0.5000000
v -0.6385850 -0.1000000 -0.4425950
v -0.6500000 -0.2000000 -0.5000000
v -0.6385850 -0.2000000 -0.5574050
v -0.6385850 -0.1000000 -0.5574050
v -0.6500000 -0.1000000 -0.5000000
v -0.6385850 -0.2000000 -0.5574050
v -0.6060650 -0.2000000 -0.6060650
v -0.6060650 -0.1000000 -0.6060650
v -0.6385850 -0.1000000 -0.5574050
v -0.6060650 -0.2000000 -0.6060650
v -0.5574050 -0.2000000 -0.6385850
v -0.5574050 -0.1000000 -0.6385850
v -0.6060650 -0.1000000 -0.6060650
v -0.5574050 -0.2000000 -0.6385850
v -0.5000000 -0.2000000 -0.6500000
v -0.5000000 -0.1000000 -0.6500000
v -0.5574050 -0.1000000 -0.6385850
v -0.5000000 -0.2000000 -0.6500000
v -0.4425950 -0.2000000 -0.6385850
v -0.4425950 -0.1000000 -0.6385850
v -0.5000000 -0.1000000 -0.6500000
v -0.4425950 -0.2000000 -0.6385850
v -0.3939350 -0.2000000 -0.6060650
v -0.3939350 -0.1000000 -0.6060650
v -0.4425950 -0.1000000 -0.6385850
v -0.3939350 -0.2000000 -0.6060650
v -0.3614150 -0.2000000 -0.5574050
v -0.3614150 -0.1000000 -0.5574050
v -0.3939350 -0.1000000 -0.6060650
v -0.3614150 -0.2000000 -0.5574050
v -0.3500000 -0.2000000 -0.5000000
v -0.3500000 -0.1000000 -0.5000000
v -0.3614150 -0.1000000 -0.5574050
v -0.3000000 -0.1000000 -0.5000000
v -0.3152200 -0.1000000 -0.4234600
v -0.3152200 -0.2000000 -0.4234600
v -0.3000000 -0.2000000 -0.5000000
v -0.3152200 -0.1000000 -0.4234600
v -0.3585800 -0.1000000 -0.3585800
v -0.3585800 -0.2000000 -0.3585800
v -0.3152200 -0.2000000 -0.4234600
v -0.3585800 -0.1000000 -0.3585800
v -0.4234600 -0.1000000 -0.3152200
v -0.4234600 -0.2000000 -0.3152200
v -0.3585800 -0.2000000 -0.3585800
v -0.4234600 -0.1000000 -0.3152200
v -0.5000000 -0.1000000 -0.3000000
v -0.5000000 -0.2000000 -0.3000000
v -0.4234600 -0.2000000 -0.3152200
v -0.5000000 -0.1000000 -0.3000000
v -0.5765400 -0.1000000 -0.3152200
v -0.5765400 -0.2000000 -0.3152200
v -0.5000000 -0.2000000 -0.3000000
v -0.5765400 -0.1000000 -0.3152200
v -0.6414200 -0.1000000 -0.3585800
v -0.6414200 -0.2000000 -0.3585800
v -0.5765400 -0.2000000 -0.3152200
v -0.6414200 -0.1000000 -0.3585800
v -0.6847800 -0.1000000 -0.4234600
v -0.6847800 -0.2000000 -0.4234600
v -0.6414200 -0.2000000 -0.3585800
v -0.6847800 -0.1000000 -0.4234600
v -0.7000000 -0.1000000 -0.5000000
v -0.7000000 -0.2000000 -0.5000000
v -0.6847800 -0.2000000 -0.4234600
v -0.7000000 -0.1000000 -0.5000000
v -0.6847800 -0.1000000 -0.5765400
v -0.6847800 -0.2000000 -0.5765400
v -0.7000000 -0.2000000 -0.5000000
v -0.6847800 -0.1000000 -0.5765400
v -0.6414200 -0.1000000 -0.6414200
v -0.6414200 -0.2000000 -0.6414200
v -0.6847800 -0.2000000 -0.5765400
v -0.6414200 -0.1000000 -0.6414200
v -0.5765400 -0.1000000 -0.6847800
v -0.5765400 -0.2000000 -0.6847800
v -0.6414200 -0.2000000 -0.6414200
v -0.5765400 -0.1000000 -0.6847800
v -0.5000000 -0.1000000 -0.7000000
v -0.5000000 -0.2000000 -0.7000000
v -0.5765400 -0.2000000 -0.6847800
v -0.5000000 -0.1000000 -0.7000000
v -0.4234600 -0.1000000 -0.6847800
v -0.4234600 -0.2000000 -0.6847800
v -0.5000000 -0.2000000 -0.7000000
v -0.4234600 -0.1000000 -0.6847800
v -0.3585800 -0.1000000 -0.6414200
v -0.3585800 -0.2000000 -0.6414200
v -0.4234600 -0.2000000 -0.6847800
v -0.3585800 -0.1000000 -0.6414200
v -0.3152200 -0.1000000 -0.5765400
v -0.3152200 -0.2000000 -0.5765400
v -0.3585800 -0.2000000 -0.6414200
v -0.3152200 -0.1000000 -0.5765400
v -0.3000000 -0.1000000 -0.5000000
v -0.3000000 -0.2000000 -0.5000000
v -0.3152200 -0.2000000 -0.5765400
v -0.5765400 -0.2000000 -0.3152200
v -0.5574050 -0.2000000 -0.3614150
v -0.5000000 -0.2000000 -0.3500000
v -0.5000000 -0.2000000 -0.3000000
v -0.6414200 -0.2000000 -0.3585800
v -0.6060650 -0.2000000 -0.3939350
v -0.5574050 -0.2000000 -0.3614150
v -0.5765400 -0.2000000 -0.3152200
v -0.6847800 -0.2000000 -0.4234600
v -0.6385850 -0.2000000 -0.4425950
v -0.6060650 -0.2000000 -0.3939350
v -0.6414200 -0.2000000 -0.3585800
v -0.7000000 -0.2000000 -0.5000000
v -0.6500000 -0.2000000 -0.5000000
v -0.6385850 -0.2000000 -0.4425950
v -0.6847800 -0.2000000 -0.4234600
v -0.6847800 -0.2000000 -0.5765400
v -0.6385850 -0.2000000 -0.5574050
v -0.6500000 -0.2000000 -0.5000000
v -0.7000000 -0.2000000 -0.5000000
v -0.6414200 -0.2000000 -0.6414200
v -0.6060650 -0.2000000 -0.6060650
v -0.6385850 -0.2000000 -0.5574050
v -0.6847800 -0.2000000 -0.5765400
v -0.5765400 -0.2000000 -0.6847800
v -0.5574050 -0.2000000 -0.6385850
v -0.6060650 -0.2000000 -0.6060650
v -0.6414200 -0.2000000 -0.6414200
v -0.5000000 -0.2000000 -0.7000000
v -0.5000000 -0.2000000 -0.6500000
v -0.5574050 -0.2000000 -0.6385850
v -0.5765400 -0.2000000 -0.6847800
v -0.4234600 -0.2000000 -0.6847800
v -0.4425950 -0.2000000 -0.6385850
v -0.5000000 -0.2000000 -0.6500000
v -0.5000000 -0.2000000 -0.7000000
v -0.3585800 -0.2000000 -0.6414200
v -0.3939350 -0.2000000 -0.6060650
v -0.4425950 -0.2000000 -0.6385850
v -0.4234600 -0.2000000 -0.6847800
v -0.3152200 -0.2000000 -0.5765400
v -0.3614150 -0.2000000 -0.5574050
v -0.3939350 -0.2000000 -0.6060650
v -0.3585800 -0.2000000 -0.6414200
v -0.3000000 -0.2000000 -0.5000000
v -0.3500000 -0.2000000 -0.5000000
v -0.3614150 -0.2000000 -0.5574050
v -0.3152200 -0.2000000 -0.5765400
v -0.3152200 -0.2000000 -0.4234600
v -0.3614150 -0.2000000 -0.4425950
v -0.3500000 -0.2000000 -0.5000000
v -0.3000000 -0.2000000 -0.5000000
v -0.3585800 -0.2000000 -0.3585800
v -0.3939350 -0.2000000 -0.3939350
v -0.3614150 -0.2000000 -0.4425950
v -0.3152200 -0.2000000 -0.4234600
v -0.4234600 -0.2000000 -0.3152200
v -0.4425950 -0.2000000 -0.3614150
v -0.3939350 -0.2000000 -0.3939350
v -0.3585800 -0.2000000 -0.3585800
v -0.5000000 -0.2000000 -0.3000000
v -0.5000000 -0.2000000 -0.3500000
v -0.4425950 -0.2000000 -0.3614150
v -0.4234600 -0.2000000 -0.3152200
v -0.8500000 -0.2000000 -0.5000000
v -0.8614150 -0.2000000 -0.4425950
v -0.8614150 -0.1000000 -0.4425950
v -0.8500000 -0.1000000 -0.5000000
v -0.8614150 -0.2000000 -0.4425950
v -0.8939350 -0.2000000 -0.3939350
v -0.8939350 -0.1000000 -0.3939350
v -0.8614150 -0.1000000 -0.4425950
v -0.8939350 -0.2000000 -0.3939350
v -0.9425950 -0.2000000 -0.3614150
v -0.9425950 -0.1000000 -0.3614150
v -0.8939350 -0.1000000 -0.3939350
v -0.9425950 -0.2000000 -0.3614150
v -1.0000000 -0.2000000 -0.3500000
v -1.0000000 -0.1000000 -0.3500000
v -0.9425950 -0.1000000 -0.3614150
v -1.0000000 -0.2000000 -0.3500000
v -1.0574050 -0.2000000 -0.3614150
v -1.0574050 -0.1000000 -0.3614150
v -1.0000000 -0.1000000 -0.3500000
v -1.0574050 -0.2000000 -0.3614150
v -1.1060650 -0.2000000 -0.3939350
v -1.1060650 -0.1000000 -0.3939350
v -1.0574050 -0.1000000 -0.3614150
v -1.1060650 -0.2000000 -0.3939350
v -1.1385850 -0.2000000 -0.4425950
v -1.1385850 -0.1000000 -0.4425950
v -1.1060650 -0.1000000 -0.3939350
v -1.1385850 -0.2000000 -0.4425950
v -1.1500000 -0.2000000 -0.5000000
v -1.1500000 -0.1000000 -0.5000000
v -1.1385850 -0.1000000 -0.4425950
v -1.1500000 -0.2000000 -0.5000000
v -1.1385850 -0.2000000 -0.5574050
v -1.1385850 -0.1000000 -0.5574050
v -1.1500000 -0.1000000 -0.5000000
v -1.1385850 -0.2000000 -0.5574050
v -1.1060650 -0.2000000 -0.6060650
v -1.1060650 -0.1000000 -0.6060650
v -1.1385850 -0.1000000 -0.5574050
v -1.1060650 -0.2000000 -0.6060650
v -1.0574050 -0.2000000 -0.6385850
v -1.0574050 -0.1000000 -0.6385850
v -1.1060650 -0.1000000 -0.6060650
v -1.0574050 -0.2000000 -0.6385850
v -1.0000000 -0.2000000 -0.6500000
v -1.0000000 -0.1000000 -0.6500000
v -1.0574050 -0.1000000 -0.6385850
v -1.0000000 -0.2000000 -0.6500000
v -0.9425950 -0.2000000 -0.6385850
v -0.9425950 -0.1000000 -0.6385850
v -1.0000000 -0.1000000 -0.6500000
v -0.9425950 -0.2000000 -0.6385850
v -0.8939350 -0.2000000 -0.6060650
v -0.8939350 -0.1000000 -0.6060650
v -0.9425950 -0.1000000 -0.6385850
v -0.8939350 -0.2000000 -0.6060650
v -0.8614150 -0.2000000 -0.5574050
v -0.8614150 -0.1000000 -0.5574050
v -0.8939350 -0.1000000 -0.6060650
v -0.8614150 -0.2000000 -0.5574050
v -0.8500000 -0.2000000 -0.5000000
v -0.8500000 -0.1000000 -0.5000000
v -0.8614150 -0.1000000 -0.5574050
v -0.8000000 -0.1000000 -0.5000000
v -0.8152200 -0.1000000 -0.4234600
v -0.8152200 -0.2000000 -0.4234600
v -0.8000000 -0.2000000 -0.5000000
v -0.8152200 -0.1000000 -0.4234600
v -0.8585800 -0.1000000 -0.3585800
v -0.8585800 -0.2000000 -0.3585800
v -0.8152200 -0.2000000 -0.4234600
v -0.8585800 -0.1000000 -0.3585800
v -0.9234600 -0.1000000 -0.3152200
v -0.9234600 -0.2000000 -0.3152200
v -0.8585800 -0.2000000 -0.3585800
v -0.9234600 -0.1000000 -0.3152200
v -1.0000000 -0.1000000 -0.3000000
v -1.0000000 -0.2000000 -0.3000000
v -0.9234600 -0.2000000 -0.3152200
v -1.0000000 -0.1000000 -0.3000000
v -1.0765400 -0.1000000 -0.3152200
v -1.0765400 -0.2000000 -0.3152200
v -1.0000000 -0.2000000 -0.3000000
v -1.0765400 -0.1000000 -0.3152200
v -1.1414200 -0.1000000 -0.3585800
v -1.1414200 -0.2000000 -0.3585800
v -1.0765400 -0.2000000 -0.3152200
v -1.1414200 -0.1000000 -0.3585800
v -1.1847800 -0.1000000 -0.4234600
v -1.1847800 -0.2000000 -0.4234600
v -1.1414200 -0.2000000 -0.3585800
v -1.1847800 -0.1000000 -0.4234600
v -1.2000000 -0.1000000 -0.5000000
v -1.2000000 -0.2000000 -0.5000000
v -1.1847800 -0.2000000 -0.4234600
v -1.2000000 -0.1000000 -0.5000000
v -1.1847800 -0.1000000 -0.5765400
v -1.1847800 -0.2000000 -0.5765400
v -1.2000000 -0.2000000 -0.5000000
v -1.1847800 -0.1000000 -0.5765400
v -1.1414200 -0.1000000 -0.6414200
v -1.1414200 -0.2000000 -0.6414200
v -1.1847800 -0.2000000 -0.5765400
v -1.1414200 -0.1000000 -0.6414200
v -1.0765400 -0.1000000 -0.6847800
v -1.0765400 -0.2000000 -0.6847800
v -1.1414200 -0.2000000 -0.6414200
v -1.0765400 -0.1000000 -0.6847800
v -1.0000000 -0.1000000 -0.7000000
v -1.0000000 -0.2000000 -0.7000000
v -1.0765400 -0.2000000 -0.6847800
v -1.0000000 -0.1000000 -0.7000000
v -0.9234600 -0.1000000 -0.6847800
v -0.9234600 -0.2000000 -0.6847800
v -1.0000000 -0.2000000 -0.7000000
v -0.9234600 -0.1000000 -0.6847800
v -0.8585800 -0.1000000 -0.6414200
v -0.8585800 -0.2000000 -0.6414200
v -0.9234600 -0.2000000 -0.6847800
v -0.8585800 -0.1000000 -0.6414200
v -0.8152200 -0.1000000 -0.5765400
v -0.8152200 -0.2000000 -0.5765400
v -0.8585800 -0.2000000 -0.6414200
v -0.8152200 -0.1000000 -0.5765400
v -0.8000000 -0.1000000 -0.5000000
v -0.8000000 -0.2000000 -0.5000000
v -0.8152200 -0.2000000 -0.5765400
v -1.0765400 -0.2000000 -0.3152200
v -1.0574050 -0.2000000 -0.3614150
v -1.0000000 -0.2000000 -0.3500000
v -1.0000000 -0.2000000 -0.3000000
v -1.1414200 -0.2000000 -0.3585800
v -1.1060650 -0.2000000 -0.3939350
v -1.0574050 -0.2000000 -0.3614150
v -1.0765400 -0.2000000 -0.3152200
v -1.1847800 -0.2000000 -0.4234600
v -1.1385850 -0.2000000 -0.4425950
v -1.1060650 -0.2000000 -0.3939350
v -1.1414200 -0.2000000 -0.3585800
v -1.2000000 -0.2000000 -0.5000000
v -1.1500000 -0.2000000 -0.5000000
v -1.1385850 -0.2000000 -0.4425950
v -1.1847800 -0.2000000 -0.4234600
v -1.1847800 -0.2000000 -0.5765400
v -1.1385850 -0.2000000 -0.5574050
v -1.1500000 -0.2000000 -0.5000000
v -1.2000000 -0.2000000 -0.5000000
v -1.1414200 -0.2000000 -0.6414200
v -1.1060650 -0.2000000 -0.6060650
v -1.1385850 -0.2000000 -0.5574050
v -1.1847800 -0.2000000 -0.5765400
v -1.0765400 -0.2000000 -0.6847800
v -1.0574050 -0.2000000 -0.6385850
v -1.1060650 -0.2000000 -0.6060650
v -1.1414200 -0.2000000 -0.6414200
v -1.0000000 -0.2000000 -0.7000000
v -1.0000000 -0.2000000 -0.6500000
v -1.0574050 -0.2000000 -0.6385850
v -1.0765400 -0.2000000 -0.6847800
v -0.9234600 -0.2000000 -0.6847800
v -0.9425950 -0.2000000 -0.6385850
v -1.0000000 -0.2000000 -0.6500000
v -1.0000000 -0.2000000 -0.7000000
v -0.8585800 -0.2000000 -0.6414200
v -0.8939350 -0.2000000 -0.6060650
v -0.9425950 -0.2000000 -0.6385850
v -0.9234600 -0.2000000 -0.6847800
v -0.8152200 -0.2000000 -0.5765400
v -0.8614150 -0.2000000 -0.5574050
v -0.8939350 -0.2000000 -0.6060650
v -0.8585800 -0.2000000 -0.6414200
v -0.8000000 -0.2000000 -0.5000000
v -0.8500000 -0.2000000 -0.5000000
v -0.8614150 -0.2000000 -0.5574050
v -0.8152200 -0.2000000 -0.5765400
v -0.8152200 -0.2000000 -0.4234600
v -0.8614150 -0.2000000 -0.4425950
v -0.8500000 -0.2000000 -0.5000000
v -0.8000000 -0.2000000 -0.5000000
v -0.8585800 -0.2000000 -0.3585800
v -0.8939350 -0.2000000 -0.3939350
v -0.8614150 -0.2000000 -0.4425950
v -0.8152200 -0.2000000 -0.4234600
v -0.9234600 -0.2000000 -0.3152200
v -0.9425950 -0.2000000 -0.3614150
v -0.8939350 -0.2000000 -0.3939350
v -0.8585800 -0.2000000 -0.3585800
v -1.0000000 -0.2000000 -0.3000000
v -1.0000000 -0.2000000 -0.3500000
v -0.9425950 -0.2000000 -0.3614150
v -0.9234600 -0.2000000 -0.3152200
v -1.3500000 -0.2000000 -0.5000000
v -1.3614150 -0.2000000 -0.4425950
v -1.3614150 -0.1000000 -0.4425950
v -1.3500000 -0.1000000 -0.5000000
v -1.3614150 -0.2000000 -0.4425950
v -1.3939350 -0.2000000 -0.3939350
v -1.3939350 -0.1000000 -0.3939350
v -1.3614150 -0.1000000 -0.4425950
v -1.3939350 -0.2000000 -0.3939350
v -1.4425950 -0.2000000 -0.3614150
v -1.4425950 -0.1000000 -0.3614150
v -1.3939350 -0.1000000 -0.3939350
v -1.4425950 -0.2000000 -0.3614150
v -1.5000000 -0.2000000 -0.3500000
v -1.5000000 -0.1000000 -0.3500000
v -1.4425950 -0.1000000 -0.3614150
v -1.5000000 -0.2000000 -0.3500000
v -1.5574050 -0.2000000 -0.3614150
v -1.5574050 -0.1000000 -0.3614150
v -1.5000000 -0.1000000 -0.3500000
v -1.5574050 -0.2000000 -0.3614150
v -1.6060650 -0.2000000 -0.3939350
v -1.6060650 -0.1000000 -0.3939350
v -1.5574050 -0.1000000 -0.3614150
v -1.6060650 -0.2000000 -0.3939350
v -1.6385850 -0.2000000 -0.4425950
v -1.6385850 -0.1000000 -0.4425950
v -1.6060650 -0.1000000 -0.3939350
v -1.6385850 -0.2000000 -0.4425950
v -1.6500000 -0.2000000 -0.5000000
v -1.6500000 -0.1000000 -0.5000000
v -1.6385850 -0.1000000 -0.4425950
v -1.6500000 -0.2000000 -0.5000000
v -1.6385850 -0.2000000 -0.5574050
v -1.6385850 -0.1000000 -0.5574050
v -1.6500000 -0.1000000 -0.5000000
v -1.6385850 -0.2000000 -0.5574050
v -1.6060650 -0.2000000 -0.6060650
v -1.6060650 -0.1000000 -0.6060650
v -1.6385850 -0.1000000 -0.5574050
v -1.6060650 -0.2000000 -0.6060650
v -1.5574050 -0.2000000 -0.6385850
v -1.5574050 -0.1000000 -0.6385850
v -1.6060650 -0.1000000 -0.6060650
v -1.5574050 -0.2000000 -0.6385850
v -1.5000000 -0.2000000 -0.6500000
v -1.5000000 -0.1000000 -0.6500000
v -1.5574050 -0.1000000 -0.6385850
v -1.5000000 -0.2000000 -0.6500000
v -1.4425950 -0.2000000 -0.6385850
v -1.4425950 -0.1000000 -0.6385850
v -1.5000000 -0.1000000 -0.6500000
v -1.4425950 -0.2000000 -0.6385850
v -1.3939350 -0.2000000 -0.6060650
v -1.3939350 -0.1000000 -0.6060650
v -1.4425950 -0.1000000 -0.6385850
v -1.3939350 -0.2000000 -0.6060650
v -1.3614150 -0.2000000 -0.5574050
v -1.3614150 -0.1000000 -0.5574050
v -1.3939350 -0.1000000 -0.6060650
v -1.3614150 -0.2000000 -0.5574050
v -1.3500000 -0.2000000 -0.5000000
v -1.3500000 -0.1000000 -0.5000000
v -1.3614150 -0.1000000 -0.5574050
v -1.3000000 -0.1000000 -0.5000000
v -1.3152200 -0.1000000 -0.4234600
v -1.3152200 -0.2000000 -0.4234600
v -1.3000000 -0.2000000 -0.5000000
v -1.3152200 -0.1000000 -0.4234600
v -1.3585800 -0.1000000 -0.3585800
v -1.3585800 -0.2000000 -0.3585800
v -1.3152200 -0.2000000 -0.4234600
v -1.3585800 -0.1000000 -0.3585800
v -1.4234600 -0.1000000 -0.3152200
v -1.4234600 -0.2000000 -0.3152200
v -1.3585800 -0.2000000 -0.3585800
v -1.4234600 -0.1000000 -0.3152200
v -1.5000000 -0.1000000 -0.3000000
v -1.5000000 -0.2000000 -0.3000000
v -1.4234600 -0.2000000 -0.3152200
v -1.5000000 -0.1000000 -0.3000000
v -1.5765400 -0.1000000 -0.3152200
v -1.5765400 -0.2000000 -0.3152200
v -1.5000000 -0.2000000 -0.3000000
v -1.5765400 -0.1000000 -0.3152200
v -1.6414200 -0.1000000 -0.3585800
v -1.6414200 -0.2000000 -0.3585800
v -1.5765400 -0.2000000 -0.3152200
v -1.6414200 -0.1000000 -0.3585800
v -1.6847800 -0.1000000 -0.4234600
v -1.6847800 -0.2000000 -0.4234600
v -1.6414200 -0.2000000 -0.3585800
v -1.6847800 -0.1000000 -0.4234600
v -1.7000000 -0.1000000 -0.5000000
v -1.7000000 -0.2000000 -0.5000000
v -1.6847800 -0.2000000 -0.4234600
v -1.7000000 -0.1000000 -0.5000000
v -1.6847800 -0.1000000 -0.5765400
v -1.6847800 -0.2000000 -0.5765400
v -1.7000000 -0.2000000 -0.5000000
v -1.6847800 -0.1000000 -0.5765400
v -1.6414200 -0.1000000 -0.6414200
v -1.6414200 -0.2000000 -0.6414200
v -1.6847800 -0.2000000 -0.5765400
v -1.6414200 -0.1000000 -0.6414200
v -1.5765400 -0.1000000 -0.6847800
v -1.5765400 -0.2000000 -0.6847800
v -1.6414200 -0.2000000 -0.6414200
v -1.5765400 -0.1000000 -0.6847800
v -1.5000000 -0.1000000 -0.7000000
v -1.5000000 -0.2000000 -0.7000000
v -1.5765400 -0.2000000 -0.6847800
v -1.5000000 -0.1000000 -0.7000000
v -1.4234600 -0.1000000 -0.6847800
v -1.4234600 -0.2000000 -0.6847800
v -1.5000000 -0.2000000 -0.7000000
v -1.4234600 -0.1000000 -0.6847800
v -1.3585800 -0.1000000 -0.6414200
v -1.3585800 -0.2000000 -0.6414200
v -1.4234600 -0.2000000 -0.6847800
v -1.3585800 -0.1000000 -0.6414200
v -1.3152200 -0.1000000 -0.5765400
v -1.3152200 -0.2000000 -0.5765400
v -1.3585800 -0.2000000 -0.6414200
v -1.3152200 -0.1000000 -0.5765400
v -1.3000000 -0.1000000 -0.5000000
v -1.3000000 -0.2000000 -0.5000000
v -1.3152200 -0.2000000 -0.5765400
v -1.5765400 -0.2000000 -0.3152200
v -1.5574050 -0.2000000 -0.3614150
v -1.5000000 -0.2000000 -0.3500000
v -1.5000000 -0.2000000 -0.3000000
v -1.6414200 -0.2000000 -0.3585800
v -1.6060650 -0.2000000 -0.3939350
v -1.5574050 -0.2000000 -0.3614150
v -1.5765400 -0.2000000 -0.3152200
v -1.6847800 -0.2000000 -0.4234600
v -1.6385850 -0.2000000 -0.4425950
v -1.6060650 -0.2000000 -0.3939350
v -1.6414200 -0.2000000 -0.3585800
v -1.7000000 -0.2000000 -0.5000000
v -1.6500000 -0.2000000 -0.5000000
v -1.6385850 -0.2000000 -0.4425950
v -1.6847800 -0.2000000 -0.4234600
v -1.6847800 -0.2000000 -0.5765400
v -1.6385850 -0.2000000 -0.5574050
v -1.6500000 -0.2000000 -0.5000000
v -1.7000000 -0.2000000 -0.5000000
v -1.6414200 -0.2000000 -0.6414200
v -1.6060650 -0.2000000 -0.6060650
v -1.6385850 -0.2000000 -0.5574050
v -1.6847800 -0.2000000 -0.5765400
v -1.5765400 -0.2000000 -0.6847800
v -1.5574050 -0.2000000 -0.6385850
v -1.6060650 -0.2000000 -0.6060650
v -1.6414200 -0.2000000 -0.6414200
v -1.5000000 -0.2000000 -0.7000000
v -1.5000000 -0.2000000 -0.6500000
v -1.5574050 -0.2000000 -0.6385850
v -1.5765400 -0.2000000 -0.6847800
v -1.4234600 -0.2000000 -0.6847800
v -1.4425950 -0.2000000 -0.6385850
v -1.5000000 -0.2000000 -0.6500000
v -1.5000000 -0.2000000 -0.7000000
v -1.3585800 -0.2000000 -0.6414200
v -1.3939350 -0.2000000 -0.6060650
v -1.4425950 -0.2000000 -0.6385850
v -1.4234600 -0.2000000 -0.6847800
v -1.3152200 -0.2000000 -0.5765400
v -1.3614150 -0.2000000 -0.5574050
v -1.3939350 -0.2000000 -0.6060650
v -1.3585800 -0.2000000 -0.6414200
v -1.3000000 -0.2000000 -0.5000000
v -1.3500000 -0.2000000 -0.5000000
v -1.3614150 -0.2000000 -0.5574050
v -1.3152200 -0.2000000 -0.5765400
v -1.3152200 -0.2000000 -0.4234600
v -1.3614150 -0.2000000 -0.4425950
v -1.3500000 -0.2000000 -0.5000000
v -1.3000000 -0.2000000 -0.5000000
v -1.3585800 -0.2000000 -0.3585800
v -1.3939350 -0.2000000 -0.3939350
v -1.3614150 -0.2000000 -0.4425950
v -1.3152200 -0.2000000 -0.4234600
v -1.4234600 -0.2000000 -0.3152200
v -1.4425950 -0.2000000 -0.3614150
v -1.3939350 -0.2000000 -0.3939350
v -1.3585800 -0.2000000 -0.3585800
v -1.5000000 -0.2000000 -0.3000000
v -1.5000000 -0.2000000 -0.3500000
v -1.4425950 -0.2000000 -0.3614150
v -1.4234600 -0.2000000 -0.3152200
v -1.9000000 -0.1000000 -0.9000000
v 1.9000000 -0.1000000 -0.9000000
v 1.9000000 -0.1000000 0.9000000
v -1.9000000 -0.1000000 0.9000000
v 1.9000000 -0.1000000 0.9000000
v 1.9000000 -0.2000000 0.9000000
v -1.9000000 -0.2000000 0.9000000
v -1.9000000 -0.1000000 0.9000000
v -1.9000000 -0.1000000 0.9000000
v -1.9000000 -0.2000000 0.9000000
v -1.9000000 -0.2000000 -0.9000000
v -1.9000000 -0.1000000 -0.9000000
v -1.9000000 -0.1000000 -0.9000000
v -1.9000000 -0.2000000 -0.9000000
v 1.9000000 -0.2000000 -0.9000000
v 1.9000000 -0.1000000 -0.9000000
v 1.9000000 -0.1000000 -0.9000000
v 1.9000000 -0.2000000 -0.9000000
v 1.9000000 -0.2000000 0.9000000
v 1.9000000 -0.1000000 0.9000000
v 2.0000000 -0.2000000 -1.0000000
v 1.9000000 -0.2000000 -0.9000000
v -1.9000000 -0.2000000 -0.9000000
v -2.0000000 -0.2000000 -1.0000000
v 2.0000000 -0.2000000 1.0000000
v 1.9000000 -0.2000000 0.9000000
v 1.9000000 -0.2000000 -0.9000000
v 2.0000000 -0.2000000 -1.0000000
v -1.9000000 -0.2000000 -0.9000000
v -1.9000000 -0.2000000 0.9000000
v -2.0000000 -0.2000000 1.0000000
v -2.0000000 -0.2000000 -1.0000000
v -1.9000000 -0.2000000 0.9000000
v 1.9000000 -0.2000000 0.9000000
v 2.0000000 -0.2000000 1.0000000
v -2.0000000 -0.2000000 1.0000000
v -2.0000000 -0.0000000 1.0000000
v 2.0000000 -0.0000000 1.0000000
v 2.0000000 -0.0000000 -1.0000000
v -2.0000000 -0.0000000 -1.0000000
v -2.0000000 -0.0000000 1.0000000
v -2.0000000 -0.2000000 1.0000000
v 2.0000000 -0.2000000 1.0000000
v 2.0000000 -0.0000000 1.0000000
v -2.0000000 -0.0000000 -1.0000000
v -2.0000000 -0.2000000 -1.0000000
v -2.0000000 -0.2000000 1.0000000
v -2.0000000 -0.0000000 1.0000000
v 2.0000000 -0.0000000 -1.0000000
v 2.0000000 -0.2000000 -1.0000000
v -2.0000000 -0.2000000 -1.0000000
v -2.0000000 -0.0000000 -1.0000000
v 2.0000000 -0.0000000 1.0000000
v 2.0000000 -0.2000000 1.0000000
v 2.0000000 -0.2000000 -1.0000000
v 2.0000000 -0.0000000 -1.0000000
v 1.9000000 0.1000000 0.7500000
v 1.8885850 0.1000000 0.8074050
v 1.8885850 -0.0000000 0.8074050
v 1.9000000 -0.0000000 0.7500000
v 1.8885850 0.1000000 0.8074050
v 1.8560650 0.1000000 0.8560650
v 1.8560650 -0.0000000 0.8560650
v 1.8885850 -0.0000000 0.8074050
v 1.8560650 0.1000000 0.8560650
v 1.8074050 0.1000000 0.8885850
v 1.8074050 -0.0000000 0.8885850
v 1.8560650 -0.0000000 0.8560650
v 1.8074050 0.1000000 0.8885850
v 1.7500000 0.1000000 0.9000000
v 1.7500000 -0.0000000 0.9000000
v 1.8074050 -0.0000000 0.8885850
v 1.7500000 0.1000000 0.9000000
v 1.6925950 0.1000000 0.8885850
v 1.6925950 -0.0000000 0.8885850
v 1.7500000 -0.0000000 0.9000000
v 1.6925950 0.1000000 0.8885850
v 1.6439350 0.1000000 0.8560650
v 1.6439350 -0.0000000 0.8560650
v 1.6925950 -0.0000000 0.8885850
v 1.6439350 0.1000000 0.8560650
v 1.6114150 0.1000000 0.8074050
v 1.6114150 -0.0000000 0.8074050
v 1.6439350 -0.0000000 0.8560650
v 1.6114150 0.1000000 0.8074050
v 1.6000000 0.1000000 0.7500000
v 1.6000000 -0.0000000 0.7500000
v 1.6114150 -0.0000000 0.8074050
v 1.6000000 0.1000000 0.7500000
v 1.6114150 0.1000000 0.6925950
v 1.6114150 -0.0000000 0.6925950
v 1.6000000 -0.0000000 0.7500000
v 1.6114150 0.1000000 0.6925950
v 1.6439350 0.1000000 0.6439350
v 1.6439350 -0.0000000 0.6439350
v 1.6114150 -0.0000000 0.6925950
v 1.6439350 0.1000000 0.6439350
v 1.6925950 0.1000000 0.6114150
v 1.6925950 -0.0000000 0.6114150
v 1.6439350 -0.0000000 0.6439350
v 1.6925950 0.1000000 0.6114150
v 1.7500000 0.1000000 0.6000000
v 1.7500000 -0.0000000 0.6000000
v 1.6925950 -0.0000000 0.6114150
v 1.7500000 0.1000000 0.6000000
v 1.8074050 0.1000000 0.6114150
v 1.8074050 -0.0000000 0.6114150
v 1.7500000 -0.0000000 0.6000000
v 1.8074050 0.1000000 0.6114150
v 1.8560650 0.1000000 0.6439350
v 1.8560650 -0.0000000 0.6439350
v 1.8074050 -0.0000000 0.6114150
v 1.8560650 0.1000000 0.6439350
v 1.8885850 0.1000000 0.6925950
v 1.8885850 -0.0000000 0.6925950
v 1.8560650 -0.0000000 0.6439350
v 1.8885850 0.1000000 0.6925950
v 1.9000000 0.1000000 0.7500000
v 1.9000000 -0.0000000 0.7500000
v 1.8885850 -0.0000000 0.6925950
v 1.8885850 0.1000000 0.8074050
v 1.9000000 0.1000000 0.7500000
v 1.7500000 0.1000000 0.7500000
v 1.8560650 0.1000000 0.8560650
v 1.8885850 0.1000000 0.8074050
v 1.7500000 0.1000000 0.7500000
v 1.8074050 0.1000000 0.8885850
v 1.8560650 0.1000000 0.8560650
v 1.7500000 0.1000000 0.7500000
v 1.7500000 0.1000000 0.9000000
v 1.8074050 0.1000000 0.8885850
v 1.7500000 0.1000000 0.7500000
v 1.6925950 0.1000000 0.8885850
v 1.7500000 0.1000000 0.9000000
v 1.7500000 0.1000000 0.7500000
v 1.6439350 0.1000000 0.8560650
v 1.6925950 0.1000000 0.8885850
v 1.7500000 0.1000000 0.7500000
v 1.6114150 0.1000000 0.8074050
v 1.6439350 0.1000000 0.8560650
v 1.7500000 0.1000000 0.7500000
v 1.6000000 0.1000000 0.7500000
v 1.6114150 0.1000000 0.8074050
v 1.7500000 0.1000000 0.7500000
v 1.6114150 0.1000000 0.6925950
v 1.6000000 0.1000000 0.7500000
v 1.7500000 0.1000000 0.7500000
v 1.6439350 0.1000000 0.6439350
v 1.6114150 0.1000000 0.6925950
v 1.7500000 0.1000000 0.7500000
v 1.6925950 0.1000000 0.6114150
v 1.6439350 0.1000000 0.6439350
v 1.7500000 0.1000000 0.7500000
v 1.7500000 0.1000000 0.6000000
v 1.6925950 0.1000000 0.6114150
v 1.7500000 0.1000000 0.7500000
v 1.8074050 0.1000000 0.6114150
v 1.7500000 0.1000000 0.6000000
v 1.7500000 0.1000000 0.7500000
v 1.8560650 0.1000000 0.6439350
v 1.8074050 0.1000000 0.6114150
v 1.7500000 0.1000000 0.7500000
v 1.8885850 0.1000000 0.6925950
v 1.8560650 0.1000000 0.6439350
v 1.7500000 0.1000000 0.7500000
v 1.9000000 0.1000000 0.7500000
v 1.8885850 0.1000000 0.6925950
v 1.7500000 0.1000000 0.7500000
v 1.4000000 0.1000000 0.7500000
v 1.3885850 0.1000000 0.8074050
v 1.3885850 -0.0000000 0.8074050
v 1.4000000 -0.0000000 0.7500000
v 1.3885850 0.1000000 0.8074050
v 1.3560650 0.1000000 0.8560650
v 1.3560650 -0.0000000 0.8560650
v 1.3885850 -0.0000000 0.8074050
v 1.3560650 0.1000000 0.8560650
v 1.3074050 0.1000000 0.8885850
v 1.3074050 -0.0000000 0.8885850
v 1.3560650 -0.0000000 0.8560650
v 1.3074050 0.1000000 0.8885850
v 1.2500000 0.1000000 0.9000000
v 1.2500000 -0.0000000 0.9000000
v 1.3074050 -0.0000000 0.8885850
v 1.2500000 0.1000000 0.9000000
v 1.1925950 0.1000000 0.8885850
v 1.1925950 -0.0000000 0.8885850
v 1.2500000 -0.0000000 0.9000000
v 1.1925950 0.1000000 0.8885850
v 1.1439350 0.1000000 0.8560650
v 1.1439350 -0.0000000 0.8560650
v 1.1925950 -0.0000000 0.8885850
v 1.1439350 0.1000000 0.8560650
v 1.1114150 0.1000000 0.8074050
v 1.1114150 -0.0000000 0.8074050
v 1.1439350 -0.0000000 0.8560650
v 1.1114150 0.1000000 0.8074050
v 1.1000000 0.1000000 0.7500000
v 1.1000000 -0.0000000 0.7500000
v 1.1114150 -0.0000000 0.8074050
v 1.1000000 0.1000000 0.7500000
v 1.1114150 0.1000000 0.6925950
v 1.1114150 -0.0000000 0.6925950
v 1.1000000 -0.0000000 0.7500000
v 1.1114150 0.1000000 0.6925950
v 1.1439350 0.1000000 0.6439350
v 1.1439350 -0.0000000 0.6439350
v 1.1114150 -0.0000000 0.6925950
v 1.1439350 0.1000000 0.6439350
v 1.1925950 0.1000000 0.6114150
v 1.1925950 -0.0000000 0.6114150
v 1.1439350 -0.0000000 0.6439350
v 1.1925950 0.1000000 0.6114150
v 1.2500000 0.1000000 0.6000000
v 1.2500000 -0.0000000 0.6000000
v 1.1925950 -0.0000000 0.6114150
v 1.2500000 0.1000000 0.6000000
v 1.3074050 0.1000000 0.6114150
v 1.3074050 -0.0000000 0.6114150
v 1.2500000 -0.0000000 0.6000000
v 1.3074050 0.1000000 0.6114150
v 1.3560650 0.1000000 0.6439350
v 1.3560650 -0.0000000 0.6439350
v 1.3074050 -0.0000000 0.6114150
v 1.3560650 0.1000000 0.6439350
v 1.3885850 0.1000000 0.6925950
v 1.3885850 -0.0000000 0.6925950
v 1.3560650 -0.0000000 0.6439350
v 1.3885850 0.1000000 0.6925950
v 1.4000000 0.1000000 0.7500000
v 1.4000000 -0.0000000 0.7500000
v 1.3885850 -0.0000000 0.6925950
v 1.3885850 0.1000000 0.8074050
v 1.4000000 0.1000000 0.7500000
v 1.2500000 0.1000000 0.7500000
v 1.3560650 0.1000000 0.8560650
v 1.3885850 0.1000000 0.8074050
v 1.2500000 0.1000000 0.7500000
v 1.3074050 0.1000000 0.8885850
v 1.3560650 0.1000000 0.8560650
v 1.2500000 0.1000000 0.7500000
v 1.2500000 0.1000000 0.9000000
v 1.3074050 0.1000000 0.8885850
v 1.2500000 0.1000000 0.7500000
v 1.1925950 0.1000000 0.8885850
v 1.2500000 0.1000000 0.9000000
v 1.2500000 0.1000000 0.7500000
v 1.1439350 0.1000000 0.8560650
v 1.1925950 0.1000000 0.8885850
v 1.2500000 0.1000000 0.7500000
v 1.1114150 0.1000000 0.8074050
v 1.1439350 0.1000000 0.8560650
v 1.2500000 0.1000000 0.7500000
v 1.1000000 0.1000000 0.7500000
v 1.1114150 0.1000000 0.8074050
v 1.2500000 0.1000000 0.7500000
v 1.1114150 0.1000000 0.6925950
v 1.1000000 0.1000000 0.7500000
v 1.2500000 0.1000000 0.7500000
v 1.1439350 0.1000000 0.6439350
v 1.1114150 0.1000000 0.6925950
v 1.2500000 0.1000000 0.7500000
v 1.1925950 0.1000000 0.6114150
v 1.1439350 0.1000000 0.6439350
v 1.2500000 0.1000000 0.7500000
v 1.2500000 0.1000000 0.6000000
v 1.1925950 0.1000000 0.6114150
v 1.2500000 0.1000000 0.7500000
v 1.3074050 0.1000000 0.6114150
v 1.2500000 0.1000000 0.6000000
v 1.2500000 0.1000000 0.7500000
v 1.3560650 0.1000000 0.6439350
v 1.3074050 0.1000000 0.6114150
v 1.2500000 0.1000000 0.7500000
v 1.3885850 0.1000000 0.6925950
v 1.3560650 0.1000000 0.6439350
v 1.2500000 0.1000000 0.7500000
v 1.4000000 0.1000000 0.7500000
v 1.3885850 0.1000000 0.6925950
v 1.2500000 0.1000000 0.7500000
v 0.9000000 0.1000000 0.7500000
v 0.8885850 0.1000000 0.8074050
v 0.8885850 -0.0000000 0.8074050
v 0.9000000 -0.0000000 0.7500000
v 0.8885850 0.1000000 0.8074050
v 0.8560650 0.1000000 0.8560650
v 0.8560650 -0.0000000 0.8560650
v 0.8885850 -0.0000000 0.8074050
v 0.8560650 0.1000000 0.8560650
v 0.8074050 0.1000000 0.8885850
v 0.8074050 -0.0000000 0.8885850
v 0.8560650 -0.0000000 0.8560650
v 0.8074050 0.1000000 0.8885850
v 0.7500000 0.1000000 0.9000000
v 0.7500000 -0.0000000 0.9000000
v 0.8074050 -0.0000000 0.8885850
v 0.7500000 0.1000000 0.9000000
v 0.6925950 0.1000000 0.8885850
v 0.6925950 -0.0000000 0.8885850
v 0.7500000 -0.0000000 0.9000000
v 0.6925950 0.1000000 0.8885850
v 0.6439350 0.1000000 0.8560650
v 0.6439350 -0.0000000 0.8560650
v 0.6925950 -0.0000000 0.8885850
v 0.6439350 0.1000000 0.8560650
v 0.6114150 0.1000000 0.8074050
v 0.6114150 -0.0000000 0.8074050
v 0.6439350 -0.0000000 0.8560650
v 0.6114150 0.1000000 0.8074050
v 0.6000000 0.1000000 0.7500000
v 0.6000000 -0.0000000 0.7500000
v 0.6114150 -0.0000000 0.8074050
v 0.6000000 0.1000000 0.7500000
v 0.6114150 0.1000000 0.6925950
v 0.6114150 -0.0000000 0.6925950
v 0.6000000 -0.0000000 0.7500000
v 0.6114150 0.1000000 0.6925950
v 0.6439350 0.1000000 0.6439350
v 0.6439350 -0.0000000 0.6439350
v 0.6114150 -0.0000000 0.6925950
v 0.6439350 0.1000000 0.6439350
v 0.6925950 0.1000000 0.6114150
v 0.6925950 -0.0000000 0.6114150
v 0.6439350 -0.0000000 0.6439350
v 0.6925950 0.1000000 0.6114150
v 0.7500000 0.1000000 0.6000000
v 0.7500000 -0.0000000 0.6000000
v 0.6925950 -0.0000000 0.6114150
v 0.7500000 0.1000000 0.6000000
v 0.8074050 0.1000000 0.6114150
v 0.8074050 -0.0000000 0.6114150
v 0.7500000 -0.0000000 0.6000000
v 0.8074050 0.1000000 0.6114150
v 0.8560650 0.1000000 0.6439350
v 0.8560650 -0.0000000 0.6439350
v 0.8074050 -0.0000000 0.6114150
v 0.8560650 0.1000000 0.6439350
v 0.8885850 0.1000000 0.6925950
v 0.8885850 -0.0000000 0.6925950
v 0.8560650 -0.0000000 0.6439350
v 0.8885850 0.1000000 0.6925950
v 0.9000000 0.1000000 0.7500000
v 0.9000000 -0.0000000 0.7500000
v 0.8885850 -0.0000000 0.6925950
v 0.8885850 0.1000000 0.8074050
v 0.9000000 0.1000000 0.7500000
v 0.7500000 0.1000000 0.7500000
v 0.8560650 0.1000000 0.8560650
v 0.8885850 0.1000000 0.8074050
v 0.7500000 0.1000000 0.7500000
v 0.8074050 0.1000000 0.8885850
v 0.8560650 0.1000000 0.8560650
v 0.7500000 0.1000000 0.7500000
v 0.7500000 0.1000000 0.9000000
v 0.8074050 0.1000000 0.8885850
v 0.7500000 0.1000000 0.7500000
v 0.6925950 0.1000000 0.8885850
v 0.7500000 0.1000000 0.9000000
v 0.7500000 0.1000000 0.7500000
v 0.6439350 0.1000000 0.8560650
v 0.6925950 0.1000000 0.8885850
v 0.7500000 0.1000000 0.7500000
v 0.6114150 0.1000000 0.8074050
v 0.6439350 0.1000000 0.8560650
v 0.7500000 0.1000000 0.7500000
v 0.6000000 0.1000000 0.7500000
v 0.6114150 0.1000000 0.8074050
v 0.7500000 0.1000000 0.7500000
v 0.6114150 0.1000000 0.6925950
v 0.6000000 0.1000000 0.7500000
v 0.7500000 0.1000000 0.7500000
v 0.6439350 0.1000000 0.6439350
v 0.6114150 0.1000000 0.6925950
v 0.7500000 0.1000000 0.7500000
v 0.6925950 0.1000000 0.6114150
v 0.6439350 0.1000000 0.6439350
v 0.7500000 0.1000000 0.7500000
v 0.7500000 0.1000000 0.6000000
v 0.6925950 0.1000000 0.6114150
v 0.7500000 0.1000000 0.7500000
v 0.8074050 0.1000000 0.6114150
v 0.7500000 0.1000000 0.6000000
v 0.7500000 0.1000000 0.7500000
v 0.8560650 0.1000000 0.6439350
v 0.8074050 0.1000000 0.6114150
v 0.7500000 0.1000000 0.7500000
v 0.8885850 0.1000000 0.6925950
v 0.8560650 0.1000000 0.6439350
v 0.7500000 0.1000000 0.7500000
v 0.9000000 0.1000000 0.7500000
v 0.8885850 0.1000000 0.6925950
v 0.7500000 0.1000000 0.7500000
v 0.4000000 0.1000000 0.7500000
v 0.3885850 0.1000000 0.8074050
v 0.3885850 -0.0000000 0.8074050
v 0.4000000 -0.0000000 0.7500000
v 0.3885850 0.1000000 0.8074050
v 0.3560650 0.1000000 0.8560650
v 0.3560650 -0.0000000 0.8560650
v 0.3885850 -0.0000000 0.8074050
v 0.3560650 0.1000000 0.8560650
v 0.3074050 0.1000000 0.8885850
v 0.3074050 -0.0000000 0.8885850
v 0.3560650 -0.0000000 0.8560650
v 0.3074050 0.1000000 0.8885850
v 0.2500000 0.1000000 0.9000000
v 0.2500000 -0.0000000 0.9000000
v 0.3074050 -0.0000000 0.8885850
v 0.2500000 0.1000000 0.9000000
v 0.1925950 0.1000000 0.8885850
v 0.1925950 -0.0000000 0.8885850
v 0.2500000 -0.0000000 0.9000000
v 0.1925950 0.1000000 0.8885850
v 0.1439350 0.1000000 0.8560650
v 0.1439350 -0.0000000 0.8560650
v 0.1925950 -0.0000000 0.8885850
v 0.1439350 0.1000000 0.8560650
v 0.1114150 0.1000000 0.8074050
v 0.1114150 -0.0000000 0.8074050
v 0.1439350 -0.0000000 0.8560650
v 0.1114150 0.1000000 0.8074050
v 0.1000000 0.1000000 0.7500000
v 0.1000000 -0.0000000 0.7500000
v 0.1114150 -0.0000000 0.8074050
v 0.1000000 0.1000000 0.7500000
v 0.1114150 0.1000000 0.6925950
v 0.1114150 -0.0000000 0.6925950
v 0.1000000 -0.0000000 0.7500000
v 0.1114150 0.1000000 0.6925950
v 0.1439350 0.1000000 0.6439350
v 0.1439350 -0.0000000 0.6439350
v 0.1114150 -0.0000000 0.6925950
v 0.1439350 0.1000000 0.6439350
v 0.1925950 0.1000000 0.6114150
v 0.1925950 -0.0000000 0.6114150
v 0.1439350 -0.0000000 0.6439350
v 0.1925950 0.1000000 0.6114150
v 0.2500000 0.1000000 0.6000000
v 0.2500000 -0.0000000 0.6000000
v 0.1925950 -0.0000000 0.6114150
v 0.2500000 0.1000000 0.6000000
v 0.3074050 0.1000000 0.6114150
v 0.3074050 -0.0000000 0.6114150
v 0.2500000 -0.0000000 0.6000000
v 0.3074050 0.1000000 0.6114150
v 0.3560650 0.1000000 0.6439350
v 0.3560650 -0.0000000 0.6439350
v 0.3074050 -0.0000000 0.6114150
v 0.3560650 0.1000000 0.6439350
v 0.3885850 0.1000000 0.6925950
v 0.3885850 -0.0000000 0.6925950
v 0.3560650 -0.0000000 0.6439350
v 0.3885850 0.1000000 0.6925950
v 0.4000000 0.1000000 0.7500000
v 0.4000000 -0.0000000 0.7500000
v 0.3885850 -0.0000000 0.6925950
v 0.3885850 0.1000000 0.8074050
v 0.4000000 0.1000000 0.7500000
v 0.2500000 0.1000000 0.7500000
v 0.3560650 0.1000000 0.8560650
v 0.3885850 0.1000000 0.8074050
v 0.2500000 0.1000000 0.7500000
v 0.3074050 0.1000000 0.8885850
v 0.3560650 0.1000000 0.8560650
v 0.2500000 0.1000000 0.7500000
v 0.2500000 0.1000000 0.9000000
v 0.3074050 0.1000000 0.8885850
v 0.2500000 0.1000000 0.7500000
v 0.1925950 0.1000000 0.8885850
v 0.2500000 0.1000000 0.9000000
v 0.2500000 0.1000000 0.7500000
v 0.1439350 0.1000000 0.8560650
v 0.1925950 0.1000000 0.8885850
v 0.2500000 0.1000000 0.7500000
v 0.1114150 0.1000000 0.8074050
v 0.1439350 0.1000000 0.8560650
v 0.2500000 0.1000000 0.7500000
v 0.1000000 0.1000000 0.7500000
v 0.1114150 0.1000000 0.8074050
v 0.2500000 0.1000000 0.7500000
v 0.1114150 0.1000000 0.6925950
v 0.1000000 0.1000000 0.7500000
v 0.2500000 0.1000000 0.7500000
v 0.1439350 0.1000000 0.6439350
v 0.1114150 0.1000000 0.6925950
v 0.2500000 0.1000000 0.7500000
v 0.1925950 0.1000000 0.6114150
v 0.1439350 0.1000000 0.6439350
v 0.2500000 0.1000000 0.7500000
v 0.2500000 0.1000000 0.6000000
v 0.1925950 0.1000000 0.6114150
v 0.2500000 0.1000000 0.7500000
v 0.3074050 0.1000000 0.6114150
v 0.2500000 0.1000000 0.6000000
v 0.2500000 0.1000000 0.7500000
v 0.3560650 0.1000000 0.6439350
v 0.3074050 0.1000000 0.6114150
v 0.2500000 0.1000000 0.7500000
v 0.3885850 0.1000000 0.6925950
v 0.3560650 0.1000000 0.6439350
v 0.2500000 0.1000000 0.7500000
v 0.4000000 0.1000000 0.7500000
v 0.3885850 0.1000000 0.6925950
v 0.2500000 0.1000000 0.7500000
v -0.1000000 0.1000000 0.7500000
v -0.1114150 0.1000000 0.8074050
v -0.1114150 -0.0000000 0.8074050
v -0.1000000 -0.0000000 0.7500000
v -0.1114150 0.1000000 0.8074050
v -0.1439350 0.1000000 0.8560650
v -0.1439350 -0.0000000 0.8560650
v -0.1114150 -0.0000000 0.8074050
v -0.1439350 0.1000000 0.8560650
v -0.1925950 0.1000000 0.8885850
v -0.1925950 -0.0000000 0.8885850
v -0.1439350 -0.0000000 0.8560650
v -0.1925950 0.1000000 0.8885850
v -0.2500000 0.1000000 0.9000000
v -0.2500000 -0.0000000 0.9000000
v -0.1925950 -0.0000000 0.8885850
v -0.2500000 0.1000000 0.9000000
v -0.3074050 0.1000000 0.8885850
v -0.3074050 -0.0000000 0.8885850
v -0.2500000 -0.0000000 0.9000000
v -0.3074050 0.1000000 0.8885850
v -0.3560650 0.1000000 0.8560650
v -0.3560650 -0.0000000 0.8560650
v -0.3074050 -0.0000000 0.8885850
v -0.3560650 0.1000000 0.8560650
v -0.3885850 0.1000000 0.8074050
v -0.3885850 -0.0000000 0.8074050
v -0.3560650 -0.0000000 0.8560650
v -0.3885850 0.1000000 0.8074050
v -0.4000000 0.1000000 0.7500000
v -0.4000000 -0.0000000 0.7500000
v -0.3885850 -0.0000000 0.8074050
v -0.4000000 0.1000000 0.7500000
v -0.3885850 0.1000000 0.6925950
v -0.3885850 -0.0000000 0.6925950
v -0.4000000 -0.0000000 0.7500000
v -0.3885850 0.1000000 0.6925950
v -0.3560650 0.1000000 0.6439350
v -0.3560650 -0.0000000 0.6439350
v -0.3885850 -0.0000000 0.6925950
v -0.3560650 0.1000000 0.6439350
v -0.3074050 0.1000000 0.6114150
v -0.3074050 -0.0000000 0.6114150
v -0.3560650 -0.0000000 0.6439350
v -0.3074050 0.1000000 0.6114150
v -0.2500000 0.1000000 0.6000000
v -0.2500000 -0.0000000 0.6000000
v -0.3074050 -0.0000000 0.6114150
v -0.2500000 0.1000000 0.6000000
v -0.1925950 0.1000000 0.6114150
v -0.1925950 -0.0000000 0.6114150
v -0.2500000 -0.0000000 0.6000000
v -0.1925950 0.1000000 0.6114150
v -0.1439350 0.1000000 0.6439350
v -0.1439350 -0.0000000 0.6439350
v -0.1925950 -0.0000000 0.6114150
v -0.1439350 0.1000000 0.6439350
v -0.1114150 0.1000000 0.6925950
v -0.1114150 -0.0000000 0.6925950
v -0.1439350 -0.0000000 0.6439350
v -0.1114150 0.1000000 0.6925950
v -0.1000000 0.1000000 0.7500000
v -0.1000000 -0.0000000 0.7500000
v -0.1114150 -0.0000000 0.6925950
v -0.1114150 0.1000000 0.8074050
v -0.1000000 0.1000000 0.7500000
v -0.2500000 0.1000000 0.7500000
v -0.1439350 0.1000000 0.8560650
v -0.1114150 0.1000000 0.8074050
v -0.2500000 0.1000000 0.7500000
v -0.1925950 0.1000000 0.8885850
v -0.1439350 0.1000000 0.8560650
v -0.2500000 0.1000000 0.7500000
v -0.2500000 0.1000000 0.9000000
v -0.1925950 0.1000000 0.8885850
v -0.2500000 0.1000000 0.7500000
v -0.3074050 0.1000000 0.8885850
v -0.2500000 0.1000000 0.9000000
v -0.2500000 0.1000000 0.7500000
v -0.3560650 0.1000000 0.8560650
v -0.3074050 0.1000000 0.8885850
v -0.2500000 0.1000000 0.7500000
v -0.3885850 0.1000000 0.8074050
v -0.3560650 0.1000000 0.8560650
v -0.2500000 0.1000000 0.7500000
v -0.4000000 0.1000000 0.7500000
v -0.3885850 0.1000000 0.8074050
v -0.2500000 0.1000000 0.7500000
v -0.3885850 0.1000000 0.6925950
v -0.4000000 0.1000000 0.7500000
v -0.2500000 0.1000000 0.7500000
v -0.3560650 0.1000000 0.6439350
v -0.3885850 0.1000000 0.6925950
v -0.2500000 0.1000000 0.7500000
v -0.3074050 0.1000000 0.6114150
v -0.3560650 0.1000000 0.6439350
v -0.2500000 0.1000000 0.7500000
v -0.2500000 0.1000000 0.6000000
v -0.3074050 0.1000000 0.6114150
v -0.2500000 0.1000000 0.7500000
v -0.1925950 0.1000000 0.6114150
v -0.2500000 0.1000000 0.6000000
v -0.2500000 0.1000000 0.7500000
v -0.1439350 0.1000000 0.6439350
v -0.1925950 0.1000000 0.6114150
v -0.2500000 0.1000000 0.7500000
v -0.1114150 0.1000000 0.6925950
v -0.1439350 0.1000000 0.6439350
v -0.2500000 0.1000000 0.7500000
v -0.1000000 0.1000000 0.7500000
v -0.1114150 0.1000000 0.6925950
v -0.2500000 0.1000000 0.7500000
v -0.6000000 0.1000000 0.7500000
v -0.6114150 0.1000000 0.8074050
v -0.6114150 -0.0000000 0.8074050
v -0.6000000 -0.0000000 0.7500000
v -0.6114150 0.1000000 0.8074050
v -0.6439350 0.1000000 0.8560650
v -0.6439350 -0.0000000 0.8560650
v -0.6114150 -0.0000000 0.8074050
v -0.6439350 0.1000000 0.8560650
v -0.6925950 0.1000000 0.8885850
v -0.6925950 -0.0000000 0.8885850
v -0.6439350 -0.0000000 0.8560650
v -0.6925950 0.1000000 0.8885850
v -0.7500000 0.1000000 0.9000000
v -0.7500000 -0.0000000 0.9000000
v -0.6925950 -0.0000000 0.8885850
v -0.7500000 0.1000000 0.9000000
v -0.8074050 0.1000000 0.8885850
v -0.8074050 -0.0000000 0.8885850
v -0.7500000 -0.0000000 0.9000000
v -0.8074050 0.1000000 0.8885850
v -0.8560650 0.1000000 0.8560650
v -0.8560650 -0.0000000 0.8560650
v -0.8074050 -0.0000000 0.8885850
v -0.8560650 0.1000000 0.8560650
v -0.8885850 0.1000000 0.8074050
v -0.8885850 -0.0000000 0.8074050
v -0.8560650 -0.0000000 0.8560650
v -0.8885850 0.1000000 0.8074050
v -0.9000000 0.1000000 0.7500000
v -0.9000000 -0.0000000 0.7500000
v -0.8885850 -0.0000000 0.8074050
v -0.9000000 0.1000000 0.7500000
v -0.8885850 0.1000000 0.6925950
v -0.8885850 -0.0000000 0.6925950
v -0.9000000 -0.0000000 0.7500000
v -0.8885850 0.1000000 0.6925950
v -0.8560650 0.1000000 0.6439350
v -0.8560650 -0.0000000 0.6439350
v -0.8885850 -0.0000000 0.6925950
v -0.8560650 0.1000000 0.6439350
v -0.8074050 0.1000000 0.6114150
v -0.8074050 -0.0000000 0.6114150
v -0.8560650 -0.0000000 0.6439350
v -0.8074050 0.1000000 0.6114150
v -0.7500000 0.1000000 0.6000000
v -0.7500000 -0.0000000 0.6000000
v -0.8074050 -0.0000000 0.6114150
v -0.7500000 0.1000000 0.6000000
v -0.6925950 0.1000000 0.6114150
v -0.6925950 -0.0000000 0.6114150
v -0.7500000 -0.0000000 0.6000000
v -0.6925950 0.1000000 0.6114150
v -0.6439350 0.1000000 0.6439350
v -0.6439350 -0.0000000 0.6439350
v -0.6925950 -0.0000000 0.6114150
v -0.6439350 0.1000000 0.6439350
v -0.6114150 0.1000000 0.6925950
v -0.6114150 -0.0000000 0.6925950
v -0.6439350 -0.0000000 0.6439350
v -0.6114150 0.1000000 0.6925950
v -0.6000000 0.1000000 0.7500000
v -0.6000000 -0.0000000 0.7500000
v -0.6114150 -0.0000000 0.6925950
v -0.6114150 0.1000000 0.8074050
v -0.6000000 0.1000000 0.7500000
v -0.7500000 0.1000000 0.7500000
v -0.6439350 0.1000000 0.8560650
v -0.6114150 0.1000000 0.8074050
v -0.7500000 0.1000000 0.7500000
v -0.6925950 0.1000000 0.8885850
v -0.6439350 0.1000000 0.8560650
v -0.7500000 0.1000000 0.7500000
v -0.7500000 0.1000000 0.9000000
v -0.6925950 0.1000000 0.8885850
v -0.7500000 0.1000000 0.7500000
v -0.8074050 0.1000000 0.8885850
v -0.7500000 0.1000000 0.9000000
v -0.7500000 0.1000000 0.7500000
v -0.8560650 0.1000000 0.8560650
v -0.8074050 0.1000000 0.8885850
v -0.7500000 0.1000000 0.7500000
v -0.8885850 0.1000000 0.8074050
v -0.8560650 0.1000000 0.8560650
v -0.7500000 0.1000000 0.7500000
v -0.9000000 0.1000000 0.7500000
v -0.8885850 0.1000000 0.8074050
v -0.7500000 0.1000000 0.7500000
v -0.8885850 0.1000000 0.6925950
v -0.9000000 0.1000000 0.7500000
v -0.7500000 0.1000000 0.7500000
v -0.8560650 0.1000000 0.6439350
v -0.8885850 0.1000000 0.6925950
v -0.7500000 0.1000000 0.7500000
v -0.8074050 0.1000000 0.6114150
v -0.8560650 0.1000000 0.6439350
v -0.7500000 0.1000000 0.7500000
v -0.7500000 0.1000000 0.6000000
v -0.8074050 0.1000000 0.6114150
v -0.7500000 0.1000000 0.7500000
v -0.6925950 0.1000000 0.6114150
v -0.7500000 0.1000000 0.6000000
v -0.7500000 0.1000000 0.7500000
v -0.6439350 0.1000000 0.6439350
v -0.6925950 0.1000000 0.6114150
v -0.7500000 0.1000000 0.7500000
v -0.6114150 0.1000000 0.6925950
v -0.6439350 0.1000000 0.6439350
v -0.7500000 0.1000000 0.7500000
v -0.6000000 0.1000000 0.7500000
v -0.6114150 0.1000000 0.6925950
v -0.7500000 0.1000000 0.7500000
v -1.1000000 0.1000000 0.7500000
v -1.1114150 0.1000000 0.8074050
v -1.1114150 -0.0000000 0.8074050
v -1.1000000 -0.0000000 0.7500000
v -1.1114150 0.1000000 0.8074050
v -1.1439350 0.1000000 0.8560650
v -1.1439350 -0.0000000 0.8560650
v -1.1114150 -0.0000000 0.8074050
v -1.1439350 0.1000000 0.8560650
v -1.1925950 0.1000000 0.8885850
v -1.1925950 -0.0000000 0.8885850
v -1.1439350 -0.0000000 0.8560650
v -1.1925950 0.1000000 0.8885850
v -1.2500000 0.1000000 0.9000000
v -1.2500000 -0.0000000 0.9000000
v -1.1925950 -0.0000000 0.8885850
v -1.2500000 0.1000000 0.9000000
v -1.3074050 0.1000000 0.8885850
v -1.3074050 -0.0000000 0.8885850
v -1.2500000 -0.0000000 0.9000000
v -1.3074050 0.1000000 0.8885850
v -1.3560650 0.1000000 0.8560650
v -1.3560650 -0.0000000 0.8560650
v -1.3074050 -0.0000000 0.8885850
v -1.3560650 0.1000000 0.8560650
v -1.3885850 0.1000000 0.8074050
v -1.3885850 -0.0000000 0.8074050
v -1.3560650 -0.0000000 0.8560650
v -1.3885850 0.1000000 0.8074050
v -1.4000000 0.1000000 0.7500000
v -1.4000000 -0.0000000 0.7500000
v -1.3885850 -0.0000000 0.8074050
v -1.4000000 0.1000000 0.7500000
v -1.3885850 0.1000000 0.6925950
v -1.3885850 -0.0000000 0.6925950
v -1.4000000 -0.0000000 0.7500000
v -1.3885850 0.1000000 0.6925950
v -1.3560650 0.1000000 0.6439350
v -1.3560650 -0.0000000 0.6439350
v -1.3885850 -0.0000000 0.6925950
v -1.3560650 0.1000000 0.6439350
v -1.3074050 0.1000000 0.6114150
v -1.3074050 -0.0000000 0.6114150
v -1.3560650 -0.0000000 0.6439350
v -1.3074050 0.1000000 0.6114150
v -1.2500000 0.1000000 0.6000000
v -1.2500000 -0.0000000 0.6000000
v -1.3074050 -0.0000000 0.6114150
v -1.2500000 0.1000000 0.6000000
v -1.1925950 0.1000000 0.6114150
v -1.1925950 -0.0000000 0.6114150
v -1.2500000 -0.0000000 0.6000000
v -1.1925950 0.1000000 0.6114150
v -1.1439350 0.1000000 0.6439350
v -1.1439350 -0.0000000 0.6439350
v -1.1925950 -0.0000000 0.6114150
v -1.1439350 0.1000000 0.6439350
v -1.1114150 0.1000000 0.6925950
v -1.1114150 -0.0000000 0.6925950
v -1.1439350 -0.0000000 0.6439350
v -1.1114150 0.1000000 0.6925950
v -1.1000000 0.1000000 0.7500000
v -1.1000000 -0.0000000 0.7500000
v -1.1114150 -0.0000000 0.6925950
v -1.1114150 0.1000000 0.8074050
v -1.1000000 0.1000000 0.7500000
v -1.2500000 0.1000000 0.7500000
v -1.1439350 0.1000000 0.8560650
v -1.1114150 0.1000000 0.8074050
v -1.2500000 0.1000000 0.7500000
v -1.1925950 0.1000000 0.8885850
v -1.1439350 0.1000000 0.8560650
v -1.2500000 0.1000000 0.7500000
v -1.2500000 0.1000000 0.9000000
v -1.1925950 0.1000000 0.8885850
v -1.2500000 0.1000000 0.7500000
v -1.3074050 0.1000000 0.8885850
v -1.2500000 0.1000000 0.9000000
v -1.2500000 0.1000000 0.7500000
v -1.3560650 0.1000000 0.8560650
v -1.3074050 0.1000000 0.8885850
v -1.2500000 0.1000000 0.7500000
v -1.3885850 0.1000000 0.8074050
v -1.3560650 0.1000000 0.8560650
v -1.2500000 0.1000000 0.7500000
v -1.4000000 0.1000000 0.7500000
v -1.3885850 0.1000000 0.8074050
v -1.2500000 0.1000000 0.7500000
v -1.3885850 0.1000000 0.6925950
v -1.4000000 0.1000000 0.7500000
v -1.2500000 0.1000000 0.7500000
v -1.3560650 0.1000000 0.6439350
v -1.3885850 0.1000000 0.6925950
v -1.2500000 0.1000000 0.7500000
v -1.3074050 0.1000000 0.6114150
v -1.3560650 0.1000000 0.6439350
v -1.2500000 0.1000000 0.7500000
v -1.2500000 0.1000000 0.6000000
v -1.3074050 0.1000000 0.6114150
v -1.2500000 0.1000000 0.7500000
v -1.1925950 0.1000000 0.6114150
v -1.2500000 0.1000000 0.6000000
v -1.2500000 0.1000000 0.7500000
v -1.1439350 0.1000000 0.6439350
v -1.1925950 0.1000000 0.6114150
v -1.2500000 0.1000000 0.7500000
v -1.1114150 0.1000000 0.6925950
v -1.1439350 0.1000000 0.6439350
v -1.2500000 0.1000000 0.7500000
v -1.1000000 0.1000000 0.7500000
v -1.1114150 0.1000000 0.6925950
v -1.2500000 0.1000000 0.7500000
v -1.6000000 0.1000000 0.7500000
v -1.6114150 0.1000000 0.8074050
v -1.6114150 -0.0000000 0.8074050
v -1.6000000 -0.0000000 0.7500000
v -1.6114150 0.1000000 0.8074050
v -1.6439350 0.1000000 0.8560650
v -1.6439350 -0.0000000 0.8560650
v -1.6114150 -0.0000000 0.8074050
v -1.6439350 0.1000000 0.8560650
v -1.6925950 0.1000000 0.8885850
v -1.6925950 -0.0000000 0.8885850
v -1.6439350 -0.0000000 0.8560650
v -1.6925950 0.1000000 0.8885850
v -1.7500000 0.1000000 0.9000000
v -1.7500000 -0.0000000 0.9000000
v -1.6925950 -0.0000000 0.8885850
v -1.7500000 0.1000000 0.9000000
v -1.8074050 0.1000000 0.8885850
v -1.8074050 -0.0000000 0.8885850
v -1.7500000 -0.0000000 0.9000000
v -1.8074050 0.1000000 0.8885850
v -1.8560650 0.1000000 0.8560650
v -1.8560650 -0.0000000 0.8560650
v -1.8074050 -0.0000000 0.8885850
v -1.8560650 0.1000000 0.8560650
v -1.8885850 0.1000000 0.8074050
v -1.8885850 -0.0000000 0.8074050
v -1.8560650 -0.0000000 0.8560650
v -1.8885850 0.1000000 0.8074050
v -1.9000000 0.1000000 0.7500000
v -1.9000000 -0.0000000 0.7500000
v -1.8885850 -0.0000000 0.8074050
v -1.9000000 0.1000000 0.7500000
v -1.8885850 0.1000000 0.6925950
v -1.8885850 -0.0000000 0.6925950
v -1.9000000 -0.0000000 0.7500000
v -1.8885850 0.1000000 0.6925950
v -1.8560650 0.1000000 0.6439350
v -1.8560650 -0.0000000 0.6439350
v -1.8885850 -0.0000000 0.6925950
v -1.8560650 0.1000000 0.6439350
v -1.8074050 0.1000000 0.6114150
v -1.8074050 -0.0000000 0.6114150
v -1.8560650 -0.0000000 0.6439350
v -1.8074050 0.1000000 0.6114150
v -1.7500000 0.1000000 0.6000000
v -1.7500000 -0.0000000 0.6000000
v -1.8074050 -0.0000000 0.6114150
v -1.7500000 0.1000000 0.6000000
v -1.6925950 0.1000000 0.6114150
v -1.6925950 -0.0000000 0.6114150
v -1.7500000 -0.0000000 0.6000000
v -1.6925950 0.1000000 0.6114150
v -1.6439350 0.1000000 0.6439350
v -1.6439350 -0.0000000 0.6439350
v -1.6925950 -0.0000000 0.6114150
v -1.6439350 0.1000000 0.6439350
v -1.6114150 0.1000000 0.6925950
v -1.6114150 -0.0000000 0.6925950
v -1.6439350 -0.0000000 0.6439350
v -1.6114150 0.1000000 0.6925950
v -1.6000000 0.1000000 0.7500000
v -1.6000000 -0.0000000 0.7500000
v -1.6114150 -0.0000000 0.6925950
v -1.6114150 0.1000000 0.8074050
v -1.6000000 0.1000000 0.7500000
v -1.7500000 0.1000000 0.7500000
v -1.6439350 0.1000000 0.8560650
v -1.6114150 0.1000000 0.8074050
v -1.7500000 0.1000000 0.7500000
v -1.6925950 0.1000000 0.8885850
v -1.6439350 0.1000000 0.8560650
v -1.7500000 0.1000000 0.7500000
v -1.7500000 0.1000000 0.9000000
v -1.6925950 0.1000000 0.8885850
v -1.7500000 0.1000000 0.7500000
v -1.8074050 0.1000000 0.8885850
v -1.7500000 0.1000000 0.9000000
v -1.7500000 0.1000000 0.7500000
v -1.8560650 0.1000000 0.8560650
v -1.8074050 0.1000000 0.8885850
v -1.7500000 0.1000000 0.7500000
v -1.8885850 0.1000000 0.8074050
v -1.8560650 0.1000000 0.8560650
v -1.7500000 0.1000000 0.7500000
v -1.9000000 0.1000000 0.7500000
v -1.8885850 0.1000000 0.8074050
v -1.7500000 0.1000000 0.7500000
v -1.8885850 0.1000000 0.6925950
v -1.9000000 0.1000000 0.7500000
v -1.7500000 0.1000000 0.7500000
v -1.8560650 0.1000000 0.6439350
v -1.8885850 0.1000000 0.6925950
v -1.7500000 0.1000000 0.7500000
v -1.8074050 0.1000000 0.6114150
v -1.8560650 0.1000000 0.6439350
v -1.7500000 0.1000000 0.7500000
v -1.7500000 0.1000000 0.6000000
v -1.8074050 0.1000000 0.6114150
v -1.7500000 0.1000000 0.7500000
v -1.6925950 0.1000000 0.6114150
v -1.7500000 0.1000000 0.6000000
v -1.7500000 0.1000000 0.7500000
v -1.6439350 0.1000000 0.6439350
v -1.6925950 0.1000000 0.6114150
v -1.7500000 0.1000000 0.7500000
v -1.6114150 0.1000000 0.6925950
v -1.6439350 0.1000000 0.6439350
v -1.7500000 0.1000000 0.7500000
v -1.6000000 0.1000000 0.7500000
v -1.6114150 0.1000000 0.6925950
v -1.7500000 0.1000000 0.7500000
v 1.9000000 0.1000000 0.2500000
v 1.8885850 0.1000000 0.3074050
v 1.8885850 -0.0000000 0.3074050
v 1.9000000 -0.0000000 0.2500000
v 1.8885850 0.1000000 0.3074050
v 1.8560650 0.1000000 0.3560650
v 1.8560650 -0.0000000 0.3560650
v 1.8885850 -0.0000000 0.3074050
v 1.8560650 0.1000000 0.3560650
v 1.8074050 0.1000000 0.3885850
v 1.8074050 -0.0000000 0.3885850
v 1.8560650 -0.0000000 0.3560650
v 1.8074050 0.1000000 0.3885850
v 1.7500000 0.1000000 0.4000000
v 1.7500000 -0.0000000 0.4000000
v 1.8074050 -0.0000000 0.3885850
v 1.7500000 0.1000000 0.4000000
v 1.6925950 0.1000000 0.3885850
v 1.6925950 -0.0000000 0.3885850
v 1.7500000 -0.0000000 0.4000000
v 1.6925950 0.1000000 0.3885850
v 1.6439350 0.1000000 0.3560650
v 1.6439350 -0.0000000 0.3560650
v 1.6925950 -0.0000000 0.3885850
v 1.6439350 0.1000000 0.3560650
v 1.6114150 0.1000000 0.3074050
v 1.6114150 -0.0000000 0.3074050
v 1.6439350 -0.0000000 0.3560650
v 1.6114150 0.1000000 0.3074050
v 1.6000000 0.1000000 0.2500000
v 1.6000000 -0.0000000 0.2500000
v 1.6114150 -0.0000000 0.3074050
v 1.6000000 0.1000000 0.2500000
v 1.6114150 0.1000000 0.1925950
v 1.6114150 -0.0000000 0.1925950
v 1.6000000 -0.0000000 0.2500000
v 1.6114150 0.1000000 0.1925950
v 1.6439350 0.1000000 0.1439350
v 1.6439350 -0.0000000 0.1439350
v 1.6114150 -0.0000000 0.1925950
v 1.6439350 0.1000000 0.1439350
v 1.6925950 0.1000000 0.1114150
v 1.6925950 -0.0000000 0.1114150
v 1.6439350 -0.0000000 0.1439350
v 1.6925950 0.1000000 0.1114150
v 1.7500000 0.1000000 0.1000000
v 1.7500000 -0.0000000 0.1000000
v 1.6925950 -0.0000000 0.1114150
v 1.7500000 0.1000000 0.1000000
v 1.8074050 0.1000000 0.1114150
v 1.8074050 -0.0000000 0.1114150
v 1.7500000 -0.0000000 0.1000000
v 1.8074050 0.1000000 0.1114150
v 1.8560650 0.1000000 0.1439350
v 1.8560650 -0.0000000 0.1439350
v 1.8074050 -0.0000000 0.1114150
v 1.8560650 0.1000000 0.1439350
v 1.8885850 0.1000000 0.1925950
v 1.8885850 -0.0000000 0.1925950
v 1.8560650 -0.0000000 0.1439350
v 1.8885850 0.1000000 0.1925950
v 1.9000000 0.1000000 0.2500000
v 1.9000000 -0.0000000 0.2500000
v 1.8885850 -0.0000000 0.1925950
v 1.8885850 0.1000000 0.3074050
v 1.9000000 0.1000000 0.2500000
v 1.7500000 0.1000000 0.2500000
v 1.8560650 0.1000000 0.3560650
v 1.8885850 0.1000000 0.3074050
v 1.7500000 0.1000000 0.2500000
v 1.8074050 0.1000000 0.3885850
v 1.8560650 0.1000000 0.3560650
v 1.7500000 0.1000000 0.2500000
v 1.7500000 0.1000000 0.4000000
v 1.8074050 0.1000000 0.3885850
v 1.7500000 0.1000000 0.2500000
v 1.6925950 0.1000000 0.3885850
v 1.7500000 0.1000000 0.4000000
v 1.7500000 0.1000000 0.2500000
v 1.6439350 0.1000000 0.3560650
v 1.6925950 0.1000000 0.3885850
v 1.7500000 0.1000000 0.2500000
v 1.6114150 0.1000000 0.3074050
v 1.6439350 0.1000000 0.3560650
v 1.7500000 0.1000000 0.2500000
v 1.6000000 0.1000000 0.2500000
v 1.6114150 0.1000000 0.3074050
v 1.7500000 0.1000000 0.2500000
v 1.6114150 0.1000000 0.1925950
v 1.6000000 0.1000000 0.2500000
v 1.7500000 0.1000000 0.2500000
v 1.6439350 0.1000000 0.1439350
v 1.6114150 0.1000000 0.1925950
v 1.7500000 0.1000000 0.2500000
v 1.6925950 0.1000000 0.1114150
v 1.6439350 0.1000000 0.1439350
v 1.7500000 0.1000000 0.2500000
v 1.7500000 0.1000000 0.1000000
v 1.6925950 0.1000000 0.1114150
v 1.7500000 0.1000000 0.2500000
v 1.8074050 0.1000000 0.1114150
v 1.7500000 0.1000000 0.1000000
v 1.7500000 0.1000000 0.2500000
v 1.8560650 0.1000000 0.1439350
v 1.8074050 0.1000000 0.1114150
v 1.7500000 0.1000000 0.2500000
v 1.8885850 0.1000000 0.1925950
v 1.8560650 0.1000000 0.1439350
v 1.7500000 0.1000000 0.2500000
v 1.9000000 0.1000000 0.2500000
v 1.8885850 0.1000000 0.1925950
v 1.7500000 0.1000000 0.2500000
v 1.4000000 0.1000000 0.2500000
v 1.3885850 0.1000000 0.3074050
v 1.3885850 -0.0000000 0.3074050
v 1.4000000 -0.0000000 0.2500000
v 1.3885850 0.1000000 0.3074050
v 1.3560650 0.1000000 0.3560650
v 1.3560650 -0.0000000 0.3560650
v 1.3885850 -0.0000000 0.3074050
v 1.3560650 0.1000000 0.3560650
v 1.3074050 0.1000000 0.3885850
v 1.3074050 -0.0000000 0.3885850
v 1.3560650 -0.0000000 0.3560650
v 1.3074050 0.1000000 0.3885850
v 1.2500000 0.1000000 0.4000000
v 1.2500000 -0.0000000 0.4000000
v 1.3074050 -0.0000000 0.3885850
v 1.2500000 0.1000000 0.4000000
v 1.1925950 0.1000000 0.3885850
v 1.1925950 -0.0000000 0.3885850
v 1.2500000 -0.0000000 0.4000000
v 1.1925950 0.1000000 0.3885850
v 1.1439350 0.1000000 0.3560650
v 1.1439350 -0.0000000 0.3560650
v 1.1925950 -0.0000000 0.3885850
v 1.1439350 0.1000000 0.3560650
v 1.1114150 0.1000000 0.3074050
v 1.1114150 -0.0000000 0.3074050
v 1.1439350 -0.0000000 0.3560650
v 1.1114150 0.1000000 0.3074050
v 1.1000000 0.1000000 0.2500000
v 1.1000000 -0.0000000 0.2500000
v 1.1114150 -0.0000000 0.3074050
v 1.1000000 0.1000000 0.2500000
v 1.1114150 0.1000000 0.1925950
v 1.1114150 -0.0000000 0.1925950
v 1.1000000 -0.0000000 0.2500000
v 1.1114150 0.1000000 0.1925950
v 1.1439350 0.1000000 0.1439350
v 1.1439350 -0.0000000 0.1439350
v 1.1114150 -0.0000000 0.1925950
v 1.1439350 0.1000000 0.1439350
v 1.1925950 0.1000000 0.1114150
v 1.1925950 -0.0000000 0.1114150
v 1.1439350 -0.0000000 0.1439350
v 1.1925950 0.1000000 0.1114150
v 1.2500000 0.1000000 0.1000000
v 1.2500000 -0.0000000 0.1000000
v 1.1925950 -0.0000000 0.1114150
v 1.2500000 0.1000000 0.1000000
v 1.3074050 0.1000000 0.1114150
v 1.3074050 -0.0000000 0.1114150
v 1.2500000 -0.0000000 0.1000000
v 1.3074050 0.1000000 0.1114150
v 1.3560650 0.1000000 0.1439350
v 1.3560650 -0.0000000 0.1439350
v 1.3074050 -0.0000000 0.1114150
v 1.3560650 0.1000000 0.1439350
v 1.3885850 0.1000000 0.1925950
v 1.3885850 -0.0000000 0.1925950
v 1.3560650 -0.0000000 0.1439350
v 1.3885850 0.1000000 0.1925950
v 1.4000000 0.1000000 0.2500000
v 1.4000000 -0.0000000 0.2500000
v 1.3885850 -0.0000000 0.1925950
v 1.3885850 0.1000000 0.3074050
v 1.4000000 0.1000000 0.2500000
v 1.2500000 0.1000000 0.2500000
v 1.3560650 0.1000000 0.3560650
v 1.3885850 0.1000000 0.3074050
v 1.2500000 0.1000000 0.2500000
v 1.3074050 0.1000000 0.3885850
v 1.3560650 0.1000000 0.3560650
v 1.2500000 0.1000000 0.2500000
v 1.2500000 0.1000000 0.4000000
v 1.3074050 0.1000000 0.3885850
v 1.2500000 0.1000000 0.2500000
v 1.1925950 0.1000000 0.3885850
v 1.2500000 0.1000000 0.4000000
v 1.2500000 0.1000000 0.2500000
v 1.1439350 0.1000000 0.3560650
v 1.1925950 0.1000000 0.3885850
v 1.2500000 0.1000000 0.2500000
v 1.1114150 0.1000000 0.3074050
v 1.1439350 0.1000000 0.3560650
v 1.2500000 0.1000000 0.2500000
v 1.1000000 0.1000000 0.2500000
v 1.1114150 0.1000000 0.3074050
v 1.2500000 0.1000000 0.2500000
v 1.1114150 0.1000000 0.1925950
v 1.1000000 0.1000000 0.2500000
v 1.2500000 0.1000000 0.2500000
v 1.1439350 0.1000000 0.1439350
v 1.1114150 0.1000000 0.1925950
v 1.2500000 0.1000000 0.2500000
v 1.1925950 0.1000000 0.1114150
v 1.1439350 0.1000000 0.1439350
v 1.2500000 0.1000000 0.2500000
v 1.2500000 0.1000000 0.1000000
v 1.1925950 0.1000000 0.1114150
v 1.2500000 0.1000000 0.2500000
v 1.3074050 0.1000000 0.1114150
v 1.2500000 0.1000000 0.1000000
v 1.2500000 0.1000000 0.2500000
v 1.3560650 0.1000000 0.1439350
v 1.3074050 0.1000000 0.1114150
v 1.2500000 0.1000000 0.2500000
v 1.3885850 0.1000000 0.1925950
v 1.3560650 0.1000000 0.1439350
v 1.2500000 0.1000000 0.2500000
v 1.4000000 0.1000000 0.2500000
v 1.3885850 0.1000000 0.1925950
v 1.2500000 0.1000000 0.2500000
v 0.9000000 0.1000000 0.2500000
v 0.8885850 0.1000000 0.3074050
v 0.8885850 -0.0000000 0.3074050
v 0.9000000 -0.0000000 0.2500000
v 0.8885850 0.1000000 0.3074050
v 0.8560650 0.1000000 0.3560650
v 0.8560650 -0.0000000 0.3560650
v 0.8885850 -0.0000000 0.3074050
v 0.8560650 0.1000000 0.3560650
v 0.8074050 0.1000000 0.3885850
v 0.8074050 -0.0000000 0.3885850
v 0.8560650 -0.0000000 0.3560650
v 0.8074050 0.1000000 0.3885850
v 0.7500000 0.1000000 0.4000000
v 0.7500000 -0.0000000 0.4000000
v 0.8074050 -0.0000000 0.3885850
v 0.7500000 0.1000000 0.4000000
v 0.6925950 0.1000000 0.3885850
v 0.6925950 -0.0000000 0.3885850
v 0.7500000 -0.0000000 0.4000000
v 0.6925950 0.1000000 0.3885850
v 0.6439350 0.1000000 0.3560650
v 0.6439350 -0.0000000 0.3560650
v 0.6925950 -0.0000000 0.3885850
v 0.6439350 0.1000000 0.3560650
v 0.6114150 0.1000000 0.3074050
v 0.6114150 -0.0000000 0.3074050
v 0.6439350 -0.0000000 0.3560650
v 0.6114150 0.1000000 0.3074050
v 0.6000000 0.1000000 0.2500000
v 0.6000000 -0.0000000 0.2500000
v 0.6114150 -0.0000000 0.3074050
v 0.6000000 0.1000000 0.2500000
v 0.6114150 0.1000000 0.1925950
v 0.6114150 -0.0000000 0.1925950
v 0.6000000 -0.0000000 0.2500000
v 0.6114150 0.1000000 0.1925950
v 0.6439350 0.1000000 0.1439350
v 0.6439350 -0.0000000 0.1439350
v 0.6114150 -0.0000000 0.1925950
v 0.6439350 0.1000000 0.1439350
v 0.6925950 0.1000000 0.1114150
v 0.6925950 -0.0000000 0.1114150
v 0.6439350 -0.0000000 0.1439350
v 0.6925950 0.1000000 0.1114150
v 0.7500000 0.1000000 0.1000000
v 0.7500000 -0.0000000 0.1000000
v 0.6925950 -0.0000000 0.1114150
v 0.7500000 0.1000000 0.1000000
v 0.8074050 0.1000000 0.1114150
v 0.8074050 -0.0000000 0.1114150
v 0.7500000 -0.0000000 0.1000000
v 0.8074050 0.1000000 0.1114150
v 0.8560650 0.1000000 0.1439350
v 0.8560650 -0.0000000 0.1439350
v 0.8074050 -0.0000000 0.1114150
v 0.8560650 0.1000000 0.1439350
v 0.8885850 0.1000000 0.1925950
v 0.8885850 -0.0000000 0.1925950
v 0.8560650 -0.0000000 0.1439350
v 0.8885850 0.1000000 0.1925950
v 0.9000000 0.1000000 0.2500000
v 0.9000000 -0.0000000 0.2500000
v 0.8885850 -0.0000000 0.1925950
v 0.8885850 0.1000000 0.3074050
v 0.9000000 0.1000000 0.2500000
v 0.7500000 0.1000000 0.2500000
v 0.8560650 0.1000000 0.3560650
v 0.8885850 0.1000000 0.3074050
v 0.7500000 0.1000000 0.2500000
v 0.8074050 0.1000000 0.3885850
v 0.8560650 0.1000000 0.3560650
v 0.7500000 0.1000000 0.2500000
v 0.7500000 0.1000000 0.4000000
v 0.8074050 0.1000000 0.3885850
v 0.7500000 0.1000000 0.2500000
v 0.6925950 0.1000000 0.3885850
v 0.7500000 0.1000000 0.4000000
v 0.7500000 0.1000000 0.2500000
v 0.6439350 0.1000000 0.3560650
v 0.6925950 0.1000000 0.3885850
v 0.7500000 0.1000000 0.2500000
v 0.6114150 0.1000000 0.3074050
v 0.6439350 0.1000000 0.3560650
v 0.7500000 0.1000000 0.2500000
v 0.6000000 0.1000000 0.2500000
v 0.6114150 0.1000000 0.3074050
v 0.7500000 0.1000000 0.2500000
v 0.6114150 0.1000000 0.1925950
v 0.6000000 0.1000000 0.2500000
v 0.7500000 0.1000000 0.2500000
v 0.6439350 0.1000000 0.1439350
v 0.6114150 0.1000000 0.1925950
v 0.7500000 0.1000000 0.2500000
v 0.6925950 0.1000000 0.1114150
v 0.6439350 0.1000000 0.1439350
v 0.7500000 0.1000000 0.2500000
v 0.7500000 0.1000000 0.1000000
v 0.6925950 0.1000000 0.1114150
v 0.7500000 0.1000000 0.2500000
v 0.8074050 0.1000000 0.1114150
v 0.7500000 0.1000000 0.1000000
v 0.7500000 0.1000000 0.2500000
v 0.8560650 0.1000000 0.1439350
v 0.8074050 0.1000000 0.1114150
v 0.7500000 0.1000000 0.2500000
v 0.8885850 0.1000000 0.1925950
v 0.8560650 0.1000000 0.1439350
v 0.7500000 0.1000000 0.2500000
v 0.9000000 0.1000000 0.2500000
v 0.8885850 0.1000000 0.1925950
v 0.7500000 0.1000000 0.2500000
v 0.4000000 0.1000000 0.2500000
v 0.3885850 0.1000000 0.3074050
v 0.3885850 -0.0000000 0.3074050
v 0.4000000 -0.0000000 0.2500000
v 0.3885850 0.1000000 0.3074050
v 0.3560650 0.1000000 0.3560650
v 0.3560650 -0.0000000 0.3560650
v 0.3885850 -0.0000000 0.3074050
v 0.3560650 0.1000000 0.3560650
v 0.3074050 0.1000000 0.3885850
v 0.3074050 -0.0000000 0.3885850
v 0.3560650 -0.0000000 0.3560650
v 0.3074050 0.1000000 0.3885850
v 0.2500000 0.1000000 0.4000000
v 0.2500000 -0.0000000 0.4000000
v 0.3074050 -0.0000000 0.3885850
v 0.2500000 0.1000000 0.4000000
v 0.1925950 0.1000000 0.3885850
v 0.1925950 -0.0000000 0.3885850
v 0.2500000 -0.0000000 0.4000000
v 0.1925950 0.1000000 0.3885850
v 0.1439350 0.1000000 0.3560650
v 0.1439350 -0.0000000 0.3560650
v 0.1925950 -0.0000000 0.3885850
v 0.1439350 0.1000000 0.3560650
v 0.1114150 0.1000000 0.3074050
v 0.1114150 -0.0000000 0.3074050
v 0.1439350 -0.0000000 0.3560650
v 0.1114150 0.1000000 0.3074050
v 0.1000000 0.1000000 0.2500000
v 0.1000000 -0.0000000 0.2500000
v 0.1114150 -0.0000000 0.3074050
v 0.1000000 0.1000000 0.2500000
v 0.1114150 0.1000000 0.1925950
v 0.1114150 -0.0000000 0.1925950
v 0.1000000 -0.0000000 0.2500000
v 0.1114150 0.1000000 0.1925950
v 0.1439350 0.1000000 0.1439350
v 0.1439350 -0.0000000 0.1439350
v 0.1114150 -0.0000000 0.1925950
v 0.1439350 0.1000000 0.1439350
v 0.1925950 0.1000000 0.1114150
v 0.1925950 -0.0000000 0.1114150
v 0.1439350 -0.0000000 0.1439350
v 0.1925950 0.1000000 0.1114150
v 0.2500000 0.1000000 0.1000000
v 0.2500000 -0.0000000 0.1000000
v 0.1925950 -0.0000000 0.1114150
v 0.2500000 0.1000000 0.1000000
v 0.3074050 0.1000000 0.1114150
v 0.3074050 -0.0000000 0.1114150
v 0.2500000 -0.0000000 0.1000000
v 0.3074050 0.1000000 0.1114150
v 0.3560650 0.1000000 0.1439350
v 0.3560650 -0.0000000 0.1439350
v 0.3074050 -0.0000000 0.1114150
v 0.3560650 0.1000000 0.1439350
v 0.3885850 0.1000000 0.1925950
v 0.3885850 -0.0000000 0.1925950
v 0.3560650 -0.0000000 0.1439350
v 0.3885850 0.1000000 0.1925950
v 0.4000000 0.1000000 0.2500000
v 0.4000000 -0.0000000 0.2500000
v 0.3885850 -0.0000000 0.1925950
v 0.3885850 0.1000000 0.3074050
v 0.4000000 0.1000000 0.2500000
v 0.2500000 0.1000000 0.2500000
v 0.3560650 0.1000000 0.3560650
v 0.3885850 0.1000000 0.3074050
v 0.2500000 0.1000000 0.2500000
v 0.3074050 0.1000000 0.3885850
v 0.3560650 0.1000000 0.3560650
v 0.2500000 0.1000000 0.2500000
v 0.2500000 0.1000000 0.4000000
v 0.3074050 0.1000000 0.3885850
v 0.2500000 0.1000000 0.2500000
v 0.1925950 0.1000000 0.3885850
v 0.2500000 0.1000000 0.4000000
v 0.2500000 0.1000000 0.2500000
v 0.1439350 0.1000000 0.3560650
v 0.1925950 0.1000000 0.3885850
v 0.2500000 0.1000000 0.2500000
v 0.1114150 0.1000000 0.3074050
v 0.1439350 0.1000000 0.3560650
v 0.2500000 0.1000000 0.2500000
v 0.1000000 0.1000000 0.2500000
v 0.1114150 0.1000000 0.3074050
v 0.2500000 0.1000000 0.2500000
v 0.1114150 0.1000000 0.1925950
v 0.1000000 0.1000000 0.2500000
v 0.2500000 0.1000000 0.2500000
v 0.1439350 0.1000000 0.1439350
v 0.1114150 0.1000000 0.1925950
v 0.2500000 0.1000000 0.2500000
v 0.1925950 0.1000000 0.1114150
v 0.1439350 0.1000000 0.1439350
v 0.2500000 0.1000000 0.2500000
v 0.2500000 0.1000000 0.1000000
v 0.1925950 0.1000000 0.1114150
v 0.2500000 0.1000000 0.2500000
v 0.3074050 0.1000000 0.1114150
v 0.2500000 0.1000000 0.1000000
v 0.2500000 0.1000000 0.2500000
v 0.3560650 0.1000000 0.1439350
v 0.3074050 0.1000000 0.1114150
v 0.2500000 0.1000000 0.2500000
v 0.3885850 0.1000000 0.1925950
v 0.3560650 0.1000000 0.1439350
v 0.2500000 0.1000000 0.2500000
v 0.4000000 0.1000000 0.2500000
v 0.3885850 0.1000000 0.1925950
v 0.2500000 0.1000000 0.2500000
v -0.1000000 0.1000000 0.2500000
v -0.1114150 0.1000000 0.3074050
v -0.1114150 -0.0000000 0.3074050
v -0.1000000 -0.0000000 0.2500000
v -0.1114150 0.1000000 0.3074050
v -0.1439350 0.1000000 0.3560650
v -0.1439350 -0.0000000 0.3560650
v -0.1114150 -0.0000000 0.3074050
v -0.1439350 0.1000000 0.3560650
v -0.1925950 0.1000000 0.3885850
v -0.1925950 -0.0000000 0.3885850
v -0.1439350 -0.0000000 0.3560650
v -0.1925950 0.1000000 0.3885850
v -0.2500000 0.1000000 0.4000000
v -0.2500000 -0.0000000 0.4000000
v -0.1925950 -0.0000000 0.3885850
v -0.2500000 0.1000000 0.4000000
v -0.3074050 0.1000000 0.3885850
v -0.3074050 -0.0000000 0.3885850
v -0.2500000 -0.0000000 0.4000000
v -0.3074050 0.1000000 0.3885850
v -0.3560650 0.1000000 0.3560650
v -0.3560650 -0.0000000 0.3560650
v -0.3074050 -0.0000000 0.3885850
v -0.3560650 0.1000000 0.3560650
v -0.3885850 0.1000000 0.3074050
v -0.3885850 -0.0000000 0.3074050
v -0.3560650 -0.0000000 0.3560650
v -0.3885850 0.1000000 0.3074050
v -0.4000000 0.1000000 0.2500000
v -0.4000000 -0.0000000 0.2500000
v -0.3885850 -0.0000000 0.3074050
v -0.4000000 0.1000000 0.2500000
v -0.3885850 0.1000000 0.1925950
v -0.3885850 -0.0000000 0.1925950
v -0.4000000 -0.0000000 0.2500000
v -0.3885850 0.1000000 0.1925950
v -0.3560650 0.1000000 0.1439350
v -0.3560650 -0.0000000 0.1439350
v -0.3885850 -0.0000000 0.1925950
v -0.3560650 0.1000000 0.1439350
v -0.3074050 0.1000000 0.1114150
v -0.3074050 -0.0000000 0.1114150
v -0.3560650 -0.0000000 0.1439350
v -0.3074050 0.1000000 0.1114150
v -0.2500000 0.1000000 0.1000000
v -0.2500000 -0.0000000 0.1000000
v -0.3074050 -0.0000000 0.1114150
v -0.2500000 0.1000000 0.1000000
v -0.1925950 0.1000000 0.1114150
v -0.1925950 -0.0000000 0.1114150
v -0.2500000 -0.0000000 0.1000000
v -0.1925950 0.1000000 0.1114150
v -0.1439350 0.1000000 0.1439350
v -0.1439350 -0.0000000 0.1439350
v -0.1925950 -0.0000000 0.1114150
v -0.1439350 0.1000000 0.1439350
v -0.1114150 0.1000000 0.1925950
v -0.1114150 -0.0000000 0.1925950
v -0.1439350 -0.0000000 0.1439350
v -0.1114150 0.1000000 0.1925950
v -0.1000000 0.1000000 0.2500000
v -0.1000000 -0.0000000 0.2500000
v -0.1114150 -0.0000000 0.1925950
v -0.1114150 0.1000000 0.3074050
v -0.1000000 0.1000000 0.2500000
v -0.2500000 0.1000000 0.2500000
v -0.1439350 0.1000000 0.3560650
v -0.1114150 0.1000000 0.3074050
v -0.2500000 0.1000000 0.2500000
v -0.1925950 0.1000000 0.3885850
v -0.1439350 0.1000000 0.3560650
v -0.2500000 0.1000000 0.2500000
v -0.2500000 0.1000000 0.4000000
v -0.1925950 0.1000000 0.3885850
v -0.2500000 0.1000000 0.2500000
v -0.3074050 0.1000000 0.3885850
v -0.2500000 0.1000000 0.4000000
v -0.2500000 0.1000000 0.2500000
v -0.3560650 0.1000000 0.3560650
v -0.3074050 0.1000000 0.3885850
v -0.2500000 0.1000000 0.2500000
v -0.3885850 0.1000000 0.3074050
v -0.3560650 0.1000000 0.3560650
v -0.2500000 0.1000000 0.2500000
v -0.4000000 0.1000000 0.2500000
v -0.3885850 0.1000000 0.3074050
v -0.2500000 0.1000000 0.2500000
v -0.3885850 0.1000000 0.1925950
v -0.4000000 0.1000000 0.2500000
v -0.2500000 0.1000000 0.2500000
v -0.3560650 0.1000000 0.1439350
v -0.3885850 0.1000000 0.1925950
v -0.2500000 0.1000000 0.2500000
v -0.3074050 0.1000000 0.1114150
v -0.3560650 0.1000000 0.1439350
v -0.2500000 0.1000000 0.2500000
v -0.2500000 0.1000000 0.1000000
v -0.3074050 0.1000000 0.1114150
v -0.2500000 0.1000000 0.2500000
v -0.1925950 0.1000000 0.1114150
v -0.2500000 0.1000000 0.1000000
v -0.2500000 0.1000000 0.2500000
v -0.1439350 0.1000000 0.1439350
v -0.1925950 0.1000000 0.1114150
v -0.2500000 0.1000000 0.2500000
v -0.1114150 0.1000000 0.1925950
v -0.1439350 0.1000000 0.1439350
v -0.2500000 0.1000000 0.2500000
v -0.1000000 0.1000000 0.2500000
v -0.1114150 0.1000000 0.1925950
v -0.2500000 0.1000000 0.2500000
v -0.6000000 0.1000000 0.2500000
v -0.6114150 0.1000000 0.3074050
v -0.6114150 -0.0000000 0.3074050
v -0.6000000 -0.0000000 0.2500000
v -0.6114150 0.1000000 0.3074050
v -0.6439350 0.1000000 0.3560650
v -0.6439350 -0.0000000 0.3560650
v -0.6114150 -0.0000000 0.3074050
v -0.6439350 0.1000000 0.3560650
v -0.6925950 0.1000000 0.3885850
v -0.6925950 -0.0000000 0.3885850
v -0.6439350 -0.0000000 0.3560650
v -0.6925950 0.1000000 0.3885850
v -0.7500000 0.1000000 0.4000000
v -0.7500000 -0.0000000 0.4000000
v -0.6925950 -0.0000000 0.3885850
v -0.7500000 0.1000000 0.4000000
v -0.8074050 0.1000000 0.3885850
v -0.8074050 -0.0000000 0.3885850
v -0.7500000 -0.0000000 0.4000000
v -0.8074050 0.1000000 0.3885850
v -0.8560650 0.1000000 0.3560650
v -0.8560650 -0.0000000 0.3560650
v -0.8074050 -0.0000000 0.3885850
v -0.8560650 0.1000000 0.3560650
v -0.8885850 0.1000000 0.3074050
v -0.8885850 -0.0000000 0.3074050
v -0.8560650 -0.0000000 0.3560650
v -0.8885850 0.1000000 0.3074050
v -0.9000000 0.1000000 0.2500000
v -0.9000000 -0.0000000 0.2500000
v -0.8885850 -0.0000000 0.3074050
v -0.9000000 0.1000000 0.2500000
v -0.8885850 0.1000000 0.1925950
v -0.8885850 -0.0000000 0.1925950
v -0.9000000 -0.0000000 0.2500000
v -0.8885850 0.1000000 0.1925950
v -0.8560650 0.1000000 0.1439350
v -0.8560650 -0.0000000 0.1439350
v -0.8885850 -0.0000000 0.1925950
v -0.8560650 0.1000000 0.1439350
v -0.8074050 0.1000000 0.1114150
v -0.8074050 -0.0000000 0.1114150
v -0.8560650 -0.0000000 0.1439350
v -0.8074050 0.1000000 0.1114150
v -0.7500000 0.1000000 0.1000000
v -0.7500000 -0.0000000 0.1000000
v -0.8074050 -0.0000000 0.1114150
v -0.7500000 0.1000000 0.1000000
v -0.6925950 0.1000000 0.1114150
v -0.6925950 -0.0000000 0.1114150
v -0.7500000 -0.0000000 0.1000000
v -0.6925950 0.1000000 0.1114150
v -0.6439350 0.1000000 0.1439350
v -0.6439350 -0.0000000 0.1439350
v -0.6925950 -0.0000000 0.1114150
v -0.6439350 0.1000000 0.1439350
v -0.6114150 0.1000000 0.1925950
v -0.6114150 -0.0000000 0.1925950
v -0.6439350 -0.0000000 0.1439350
v -0.6114150 0.1000000 0.1925950
v -0.6000000 0.1000000 0.2500000
v -0.6000000 -0.0000000 0.2500000
v -0.6114150 -0.0000000 0.1925950
v -0.6114150 0.1000000 0.3074050
v -0.6000000 0.1000000 0.2500000
v -0.7500000 0.1000000 0.2500000
v -0.6439350 0.1000000 0.3560650
v -0.6114150 0.1000000 0.3074050
v -0.7500000 0.1000000 0.2500000
v -0.6925950 0.1000000 0.3885850
v -0.6439350 0.1000000 0.3560650
v -0.7500000 0.1000000 0.2500000
v -0.7500000 0.1000000 0.4000000
v -0.6925950 0.1000000 0.3885850
v -0.7500000 0.1000000 0.2500000
v -0.8074050 0.1000000 0.3885850
v -0.7500000 0.1000000 0.4000000
v -0.7500000 0.1000000 0.2500000
v -0.8560650 0.1000000 0.3560650
v -0.8074050 0.1000000 0.3885850
v -0.7500000 0.1000000 0.2500000
v -0.8885850 0.1000000 0.3074050
v -0.8560650 0.1000000 0.3560650
v -0.7500000 0.1000000 0.2500000
v -0.9000000 0.1000000 0.2500000
v -0.8885850 0.1000000 0.3074050
v -0.7500000 0.1000000 0.2500000
v -0.8885850 0.1000000 0.1925950
v -0.9000000 0.1000000 0.2500000
v -0.7500000 0.1000000 0.2500000
v -0.8560650 0.1000000 0.1439350
v -0.8885850 0.1000000 0.1925950
v -0.7500000 0.1000000 0.2500000
v -0.8074050 0.1000000 0.1114150
v -0.8560650 0.1000000 0.1439350
v -0.7500000 0.1000000 0.2500000
v -0.7500000 0.1000000 0.1000000
v -0.8074050 0.1000000 0.1114150
v -0.7500000 0.1000000 0.2500000
v -0.6925950 0.1000000 0.1114150
v -0.7500000 0.1000000 0.1000000
v -0.7500000 0.1000000 0.2500000
v -0.6439350 0.1000000 0.1439350
v -0.6925950 0.1000000 0.1114150
v -0.7500000 0.1000000 0.2500000
v -0.6114150 0.1000000 0.1925950
v -0.6439350 0.1000000 0.1439350
v -0.7500000 0.1000000 0.2500000
v -0.6000000 0.1000000 0.2500000
v -0.6114150 0.1000000 0.1925950
v -0.7500000 0.1000000 0.2500000
v -1.1000000 0.1000000 0.2500000
v -1.1114150 0.1000000 0.3074050
v -1.1114150 -0.0000000 0.3074050
v -1.1000000 -0.0000000 0.2500000
v -1.1114150 0.1000000 0.3074050
v -1.1439350 0.1000000 0.3560650
v -1.1439350 -0.0000000 0.3560650
v -1.1114150 -0.0000000 0.3074050
v -1.1439350 0.1000000 0.3560650
v -1.1925950 0.1000000 0.3885850
v -1.1925950 -0.0000000 0.3885850
v -1.1439350 -0.0000000 0.3560650
v -1.1925950 0.1000000 0.3885850
v -1.2500000 0.1000000 0.4000000
v -1.2500000 -0.0000000 0.4000000
v -1.1925950 -0.0000000 0.3885850
v -1.2500000 0.1000000 0.4000000
v -1.3074050 0.1000000 0.3885850
v -1.3074050 -0.0000000 0.3885850
v -1.2500000 -0.0000000 0.4000000
v -1.3074050 0.1000000 0.3885850
v -1.3560650 0.1000000 0.3560650
v -1.3560650 -0.0000000 0.3560650
v -1.3074050 -0.0000000 0.3885850
v -1.3560650 0.1000000 0.3560650
v -1.3885850 0.1000000 0.3074050
v -1.3885850 -0.0000000 0.3074050
v -1.3560650 -0.0000000 0.3560650
v -1.3885850 0.1000000 0.3074050
v -1.4000000 0.1000000 0.2500000
v -1.4000000 -0.0000000 0.2500000
v -1.3885850 -0.0000000 0.3074050
v -1.4000000 0.1000000 0.2500000
v -1.3885850 0.1000000 0.1925950
v -1.3885850 -0.0000000 0.1925950
v -1.4000000 -0.0000000 0.2500000
v -1.3885850 0.1000000 0.1925950
v -1.3560650 0.1000000 0.1439350
v -1.3560650 -0.0000000 0.1439350
v -1.3885850 -0.0000000 0.1925950
v -1.3560650 0.1000000 0.1439350
v -1.3074050 0.1000000 0.1114150
v -1.3074050 -0.0000000 0.1114150
v -1.3560650 -0.0000000 0.1439350
v -1.3074050 0.1000000 0.1114150
v -1.2500000 0.1000000 0.1000000
v -1.2500000 -0.0000000 0.1000000
v -1.3074050 -0.0000000 0.1114150
v -1.2500000 0.1000000 0.1000000
v -1.1925950 0.1000000 0.1114150
v -1.1925950 -0.0000000 0.1114150
v -1.2500000 -0.0000000 0.1000000
v -1.1925950 0.1000000 0.1114150
v -1.1439350 0.1000000 0.1439350
v -1.1439350 -0.0000000 0.1439350
v -1.1925950 -0.0000000 0.1114150
v -1.1439350 0.1000000 0.1439350
v -1.1114150 0.1000000 0.1925950
v -1.1114150 -0.0000000 0.1925950
v -1.1439350 -0.0000000 0.1439350
v -1.1114150 0.1000000 0.1925950
v -1.1000000 0.1000000 0.2500000
v -1.1000000 -0.0000000 0.2500000
v -1.1114150 -0.0000000 0.1925950
v -1.1114150 0.1000000 0.3074050
v -1.1000000 0.1000000 0.2500000
v -1.2500000 0.1000000 0.2500000
v -1.1439350 0.1000000 0.3560650
v -1.1114150 0.1000000 0.3074050
v -1.2500000 0.1000000 0.2500000
v -1.1925950 0.1000000 0.3885850
v -1.1439350 0.1000000 0.3560650
v -1.2500000 0.1000000 0.2500000
v -1.2500000 0.1000000 0.4000000
v -1.1925950 0.1000000 0.3885850
v -1.2500000 0.1000000 0.2500000
v -1.3074050 0.1000000 0.3885850
v -1.2500000 0.1000000 0.4000000
v -1.2500000 0.1000000 0.2500000
v -1.3560650 0.1000000 0.3560650
v -1.3074050 0.1000000 0.3885850
v -1.2500000 0.1000000 0.2500000
v -1.3885850 0.1000000 0.3074050
v -1.3560650 0.1000000 0.3560650
v -1.2500000 0.1000000 0.2500000
v -1.4000000 0.1000000 0.2500000
v -1.3885850 0.1000000 0.3074050
v -1.2500000 0.1000000 0.2500000
v -1.3885850 0.1000000 0.1925950
v -1.4000000 0.1000000 0.2500000
v -1.2500000 0.1000000 0.2500000
v -1.3560650 0.1000000 0.1439350
v -1.3885850 0.1000000 0.1925950
v -1.2500000 0.1000000 0.2500000
v -1.3074050 0.1000000 0.1114150
v -1.3560650 0.1000000 0.1439350
v -1.2500000 0.1000000 0.2500000
v -1.2500000 0.1000000 0.1000000
v -1.3074050 0.1000000 0.1114150
v -1.2500000 0.1000000 0.2500000
v -1.1925950 0.1000000 0.1114150
v -1.2500000 0.1000000 0.1000000
v -1.2500000 0.1000000 0.2500000
v -1.1439350 0.1000000 0.1439350
v -1.1925950 0.1000000 0.1114150
v -1.2500000 0.1000000 0.2500000
v -1.1114150 0.1000000 0.1925950
v -1.1439350 0.1000000 0.1439350
v -1.2500000 0.1000000 0.2500000
v -1.1000000 0.1000000 0.2500000
v -1.1114150 0.1000000 0.1925950
v -1.2500000 0.1000000 0.2500000
v -1.6000000 0.1000000 0.2500000
v -1.6114150 0.1000000 0.3074050
v -1.6114150 -0.0000000 0.3074050
v -1.6000000 -0.0000000 0.2500000
v -1.6114150 0.1000000 0.3074050
v -1.6439350 0.1000000 0.3560650
v -1.6439350 -0.0000000 0.3560650
v -1.6114150 -0.0000000 0.3074050
v -1.6439350 0.1000000 0.3560650
v -1.6925950 0.1000000 0.3885850
v -1.6925950 -0.0000000 0.3885850
v -1.6439350 -0.0000000 0.3560650
v -1.6925950 0.1000000 0.3885850
v -1.7500000 0.1000000 0.4000000
v -1.7500000 -0.0000000 0.4000000
v -1.6925950 -0.0000000 0.3885850
v -1.7500000 0.1000000 0.4000000
v -1.8074050 0.1000000 0.3885850
v -1.8074050 -0.0000000 0.3885850
v -1.7500000 -0.0000000 0.4000000
v -1.8074050 0.1000000 0.3885850
v -1.8560650 0.1000000 0.3560650
v -1.8560650 -0.0000000 0.3560650
v -1.8074050 -0.0000000 0.3885850
v -1.8560650 0.1000000 0.3560650
v -1.8885850 0.1000000 0.3074050
v -1.8885850 -0.0000000 0.3074050
v -1.8560650 -0.0000000 0.3560650
v -1.8885850 0.1000000 0.3074050
v -1.9000000 0.1000000 0.2500000
v -1.9000000 -0.0000000 0.2500000
v -1.8885850 -0.0000000 0.3074050
v -1.9000000 0.1000000 0.2500000
v -1.8885850 0.1000000 0.1925950
v -1.8885850 -0.0000000 0.1925950
v -1.9000000 -0.0000000 0.2500000
v -1.8885850 0.1000000 0.1925950
v -1.8560650 0.1000000 0.1439350
v -1.8560650 -0.0000000 0.1439350
v -1.8885850 -0.0000000 0.1925950
v -1.8560650 0.1000000 0.1439350
v -1.8074050 0.1000000 0.1114150
v -1.8074050 -0.0000000 0.1114150
v -1.8560650 -0.0000000 0.1439350
v -1.8074050 0.1000000 0.1114150
v -1.7500000 0.1000000 0.1000000
v -1.7500000 -0.0000000 0.1000000
v -1.8074050 -0.0000000 0.1114150
v -1.7500000 0.1000000 0.1000000
v -1.6925950 0.1000000 0.1114150
v -1.6925950 -0.0000000 0.1114150
v -1.7500000 -0.0000000 0.1000000
v -1.6925950 0.1000000 0.1114150
v -1.6439350 0.1000000 0.1439350
v -1.6439350 -0.0000000 0.1439350
v -1.6925950 -0.0000000 0.1114150
v -1.6439350 0.1000000 0.1439350
v -1.6114150 0.1000000 0.1925950
v -1.6114150 -0.0000000 0.1925950
v -1.6439350 -0.0000000 0.1439350
v -1.6114150 0.1000000 0.1925950
v -1.6000000 0.1000000 0.2500000
v -1.6000000 -0.0000000 0.2500000
v -1.6114150 -0.0000000 0.1925950
v -1.6114150 0.1000000 0.3074050
v -1.6000000 0.1000000 0.2500000
v -1.7500000 0.1000000 0.2500000
v -1.6439350 0.1000000 0.3560650
v -1.6114150 0.1000000 0.3074050
v -1.7500000 0.1000000 0.2500000
v -1.6925950 0.1000000 0.3885850
v -1.6439350 0.1000000 0.3560650
v -1.7500000 0.1000000 0.2500000
v -1.7500000 0.1000000 0.4000000
v -1.6925950 0.1000000 0.3885850
v -1.7500000 0.1000000 0.2500000
v -1.8074050 0.1000000 0.3885850
v -1.7500000 0.1000000 0.4000000
v -1.7500000 0.1000000 0.2500000
v -1.8560650 0.1000000 0.3560650
v -1.8074050 0.1000000 0.3885850
v -1.7500000 0.1000000 0.2500000
v -1.8885850 0.1000000 0.3074050
v -1.8560650 0.1000000 0.3560650
v -1.7500000 0.1000000 0.2500000
v -1.9000000 0.1000000 0.2500000
v -1.8885850 0.1000000 0.3074050
v -1.7500000 0.1000000 0.2500000
v -1.8885850 0.1000000 0.1925950
v -1.9000000 0.1000000 0.2500000
v -1.7500000 0.1000000 0.2500000
v -1.8560650 0.1000000 0.1439350
v -1.8885850 0.1000000 0.1925950
v -1.7500000 0.1000000 0.2500000
v -1.8074050 0.1000000 0.1114150
v -1.8560650 0.1000000 0.1439350
v -1.7500000 0.1000000 0.2500000
v -1.7500000 0.1000000 0.1000000
v -1.8074050 0.1000000 0.1114150
v -1.7500000 0.1000000 0.2500000
v -1.6925950 0.1000000 0.1114150
v -1.7500000 0.1000000 0.1000000
v -1.7500000 0.1000000 0.2500000
v -1.6439350 0.1000000 0.1439350
v -1.6925950 0.1000000 0.1114150
v -1.7500000 0.1000000 0.2500000
v -1.6114150 0.1000000 0.1925950
v -1.6439350 0.1000000 0.1439350
v -1.7500000 0.1000000 0.2500000
v -1.6000000 0.1000000 0.2500000
v -1.6114150 0.1000000 0.1925950
v -1.7500000 0.1000000 0.2500000
v 1.9000000 0.1000000 -0.2500000
v 1.8885850 0.1000000 -0.1925950
v 1.8885850 -0.0000000 -0.1925950
v 1.9000000 -0.0000000 -0.2500000
v 1.8885850 0.1000000 -0.1925950
v 1.8560650 0.1000000 -0.1439350
v 1.8560650 -0.0000000 -0.1439350
v 1.8885850 -0.0000000 -0.1925950
v 1.8560650 0.1000000 -0.1439350
v 1.8074050 0.1000000 -0.1114150
v 1.8074050 -0.0000000 -0.1114150
v 1.8560650 -0.0000000 -0.1439350
v 1.8074050 0.1000000 -0.1114150
v 1.7500000 0.1000000 -0.1000000
v 1.7500000 -0.0000000 -0.1000000
v 1.8074050 -0.0000000 -0.1114150
v 1.7500000 0.1000000 -0.1000000
v 1.6925950 0.1000000 -0.1114150
v 1.6925950 -0.0000000 -0.1114150
v 1.7500000 -0.0000000 -0.1000000
v 1.6925950 0.1000000 -0.1114150
v 1.6439350 0.1000000 -0.1439350
v 1.6439350 -0.0000000 -0.1439350
v 1.6925950 -0.0000000 -0.1114150
v 1.6439350 0.1000000 -0.1439350
v 1.6114150 0.1000000 -0.1925950
v 1.6114150 -0.0000000 -0.1925950
v 1.6439350 -0.0000000 -0.1439350
v 1.6114150 0.1000000 -0.1925950
v 1.6000000 0.1000000 -0.2500000
v 1.6000000 -0.0000000 -0.2500000
v 1.6114150 -0.0000000 -0.1925950
v 1.6000000 0.1000000 -0.2500000
v 1.6114150 0.1000000 -0.3074050
v 1.6114150 -0.0000000 -0.3074050
v 1.6000000 -0.0000000 -0.2500000
v 1.6114150 0.1000000 -0.3074050
v 1.6439350 0.1000000 -0.3560650
v 1.6439350 -0.0000000 -0.3560650
v 1.6114150 -0.0000000 -0.3074050
v 1.6439350 0.1000000 -0.3560650
v 1.6925950 0.1000000 -0.3885850
v 1.6925950 -0.0000000 -0.3885850
v 1.6439350 -0.0000000 -0.3560650
v 1.6925950 0.1000000 -0.3885850
v 1.7500000 0.1000000 -0.4000000
v 1.7500000 -0.0000000 -0.4000000
v 1.6925950 -0.0000000 -0.3885850
v 1.7500000 0.1000000 -0.4000000
v 1.8074050 0.1000000 -0.3885850
v 1.8074050 -0.0000000 -0.3885850
v 1.7500000 -0.0000000 -0.4000000
v 1.8074050 0.1000000 -0.3885850
v 1.8560650 0.1000000 -0.3560650
v 1.8560650 -0.0000000 -0.3560650
v 1.8074050 -0.0000000 -0.3885850
v 1.8560650 0.1000000 -0.3560650
v 1.8885850 0.1000000 -0.3074050
v 1.8885850 -0.0000000 -0.3074050
v 1.8560650 -0.0000000 -0.3560650
v 1.8885850 0.1000000 -0.3074050
v 1.9000000 0.1000000 -0.2500000
v 1.9000000 -0.0000000 -0.2500000
v 1.8885850 -0.0000000 -0.3074050
v 1.8885850 0.1000000 -0.1925950
v 1.9000000 0.1000000 -0.2500000
v 1.7500000 0.1000000 -0.2500000
v 1.8560650 0.1000000 -0.1439350
v 1.8885850 0.1000000 -0.1925950
v 1.7500000 0.1000000 -0.2500000
v 1.8074050 0.1000000 -0.1114150
v 1.8560650 0.1000000 -0.1439350
v 1.7500000 0.1000000 -0.2500000
v 1.7500000 0.1000000 -0.1000000
v 1.8074050 0.1000000 -0.1114150
v 1.7500000 0.1000000 -0.2500000
v 1.6925950 0.1000000 -0.1114150
v 1.7500000 0.1000000 -0.1000000
v 1.7500000 0.1000000 -0.2500000
v 1.6439350 0.1000000 -0.1439350
v 1.6925950 0.1000000 -0.1114150
v 1.7500000 0.1000000 -0.2500000
v 1.6114150 0.1000000 -0.1925950
v 1.6439350 0.1000000 -0.1439350
v 1.7500000 0.1000000 -0.2500000
v 1.6000000 0.1000000 -0.2500000
v 1.6114150 0.1000000 -0.1925950
v 1.7500000 0.1000000 -0.2500000
v 1.6114150 0.1000000 -0.3074050
v 1.6000000 0.1000000 -0.2500000
v 1.7500000 0.1000000 -0.2500000
v 1.6439350 0.1000000 -0.3560650
v 1.6114150 0.1000000 -0.3074050
v 1.7500000 0.1000000 -0.2500000
v 1.6925950 0.1000000 -0.3885850
v 1.6439350 0.1000000 -0.3560650
v 1.7500000 0.1000000 -0.2500000
v 1.7500000 0.1000000 -0.4000000
v 1.6925950 0.1000000 -0.3885850
v 1.7500000 0.1000000 -0.2500000
v 1.8074050 0.1000000 -0.3885850
v 1.7500000 0.1000000 -0.4000000
v 1.7500000 0.1000000 -0.2500000
v 1.8560650 0.1000000 -0.3560650
v 1.8074050 0.1000000 -0.3885850
v 1.7500000 0.1000000 -0.2500000
v 1.8885850 0.1000000 -0.3074050
v 1.8560650 0.1000000 -0.3560650
v 1.7500000 0.1000000 -0.2500000
v 1.9000000 0.1000000 -0.2500000
v 1.8885850 0.1000000 -0.3074050
v 1.7500000 0.1000000 -0.2500000
v 1.4000000 0.1000000 -0.2500000
v 1.3885850 0.1000000 -0.1925950
v 1.3885850 -0.0000000 -0.1925950
v 1.4000000 -0.0000000 -0.2500000
v 1.3885850 0.1000000 -0.1925950
v 1.3560650 0.1000000 -0.1439350
v 1.3560650 -0.0000000 -0.1439350
v 1.3885850 -0.0000000 -0.1925950
v 1.3560650 0.1000000 -0.1439350
v 1.3074050 0.1000000 -0.1114150
v 1.3074050 -0.0000000 -0.1114150
v 1.3560650 -0.0000000 -0.1439350
v 1.3074050 0.1000000 -0.1114150
v 1.2500000 0.1000000 -0.1000000
v 1.2500000 -0.0000000 -0.1000000
v 1.3074050 -0.0000000 -0.1114150
v 1.2500000 0.1000000 -0.1000000
v 1.1925950 0.1000000 -0.1114150
v 1.1925950 -0.0000000 -0.1114150
v 1.2500000 -0.0000000 -0.1000000
v 1.1925950 0.1000000 -0.1114150
v 1.1439350 0.1000000 -0.1439350
v 1.1439350 -0.0000000 -0.1439350
v 1.1925950 -0.0000000 -0.1114150
v 1.1439350 0.1000000 -0.1439350
v 1.1114150 0.1000000 -0.1925950
v 1.1114150 -0.0000000 -0.1925950
v 1.1439350 -0.0000000 -0.1439350
v 1.1114150 0.1000000 -0.1925950
v 1.1000000 0.1000000 -0.2500000
v 1.1000000 -0.0000000 -0.2500000
v 1.1114150 -0.0000000 -0.1925950
v 1.1000000 0.1000000 -0.2500000
v 1.1114150 0.1000000 -0.3074050
v 1.1114150 -0.0000000 -0.3074050
v 1.1000000 -0.0000000 -0.2500000
v 1.1114150 0.1000000 -0.3074050
v 1.1439350 0.1000000 -0.3560650
v 1.1439350 -0.0000000 -0.3560650
v 1.1114150 -0.0000000 -0.3074050
v 1.1439350 0.1000000 -0.3560650
v 1.1925950 0.1000000 -0.3885850
v 1.1925950 -0.0000000 -0.3885850
v 1.1439350 -0.0000000 -0.3560650
v 1.1925950 0.1000000 -0.3885850
v 1.2500000 0.1000000 -0.4000000
v 1.2500000 -0.0000000 -0.4000000
v 1.1925950 -0.0000000 -0.3885850
v 1.2500000 0.1000000 -0.4000000
v 1.3074050 0.1000000 -0.3885850
v 1.3074050 -0.0000000 -0.3885850
v 1.2500000 -0.0000000 -0.4000000
v 1.3074050 0.1000000 -0.3885850
v 1.3560650 0.1000000 -0.3560650
v 1.3560650 -0.0000000 -0.3560650
v 1.3074050 -0.0000000 -0.3885850
v 1.3560650 0.1000000 -0.3560650
v 1.3885850 0.1000000 -0.3074050
v 1.3885850 -0.0000000 -0.3074050
v 1.3560650 -0.0000000 -0.3560650
v 1.3885850 0.1000000 -0.3074050
v 1.4000000 0.1000000 -0.2500000
v 1.4000000 -0.0000000 -0.2500000
v 1.3885850 -0.0000000 -0.3074050
v 1.3885850 0.1000000 -0.1925950
v 1.4000000 0.1000000 -0.2500000
v 1.2500000 0.1000000 -0.2500000
v 1.3560650 0.1000000 -0.1439350
v 1.3885850 0.1000000 -0.1925950
v 1.2500000 0.1000000 -0.2500000
v 1.3074050 0.1000000 -0.1114150
v 1.3560650 0.1000000 -0.1439350
v 1.2500000 0.1000000 -0.2500000
v 1.2500000 0.1000000 -0.1000000
v 1.3074050 0.1000000 -0.1114150
v 1.2500000 0.1000000 -0.2500000
v 1.1925950 0.1000000 -0.1114150
v 1.2500000 0.1000000 -0.1000000
v 1.2500000 0.1000000 -0.2500000
v 1.1439350 0.1000000 -0.1439350
v 1.1925950 0.1000000 -0.1114150
v 1.2500000 0.1000000 -0.2500000
v 1.1114150 0.1000000 -0.1925950
v 1.1439350 0.1000000 -0.1439350
v 1.2500000 0.1000000 -0.2500000
v 1.1000000 0.1000000 -0.2500000
v 1.1114150 0.1000000 -0.1925950
v 1.2500000 0.1000000 -0.2500000
v 1.1114150 0.1000000 -0.3074050
v 1.1000000 0.1000000 -0.2500000
v 1.2500000 0.1000000 -0.2500000
v 1.1439350 0.1000000 -0.3560650
v 1.1114150 0.1000000 -0.3074050
v 1.2500000 0.1000000 -0.2500000
v 1.1925950 0.1000000 -0.3885850
v 1.1439350 0.1000000 -0.3560650
v 1.2500000 0.1000000 -0.2500000
v 1.2500000 0.1000000 -0.4000000
v 1.1925950 0.1000000 -0.3885850
v 1.2500000 0.1000000 -0.2500000
v 1.3074050 0.1000000 -0.3885850
v 1.2500000 0.1000000 -0.4000000
v 1.2500000 0.1000000 -0.2500000
v 1.3560650 0.1000000 -0.3560650
v 1.3074050 0.1000000 -0.3885850
v 1.2500000 0.1000000 -0.2500000
v 1.3885850 0.1000000 -0.3074050
v 1.3560650 0.1000000 -0.3560650
v 1.2500000 0.1000000 -0.2500000
v 1.4000000 0.1000000 -0.2500000
v 1.3885850 0.1000000 -0.3074050
v 1.2500000 0.1000000 -0.2500000
v 0.9000000 0.1000000 -0.2500000
v 0.8885850 0.1000000 -0.1925950
v 0.8885850 -0.0000000 -0.1925950
v 0.9000000 -0.0000000 -0.2500000
v 0.8885850 0.1000000 -0.1925950
v 0.8560650 0.1000000 -0.1439350
v 0.8560650 -0.0000000 -0.1439350
v 0.8885850 -0.0000000 -0.1925950
v 0.8560650 0.1000000 -0.1439350
v 0.8074050 0.1000000 -0.1114150
v 0.8074050 -0.0000000 -0.1114150
v 0.8560650 -0.0000000 -0.1439350
v 0.8074050 0.1000000 -0.1114150
v 0.7500000 0.1000000 -0.1000000
v 0.7500000 -0.0000000 -0.1000000
v 0.8074050 -0.0000000 -0.1114150
v 0.7500000 0.1000000 -0.1000000
v 0.6925950 0.1000000 -0.1114150
v 0.6925950 -0.0000000 -0.1114150
v 0.7500000 -0.0000000 -0.1000000
v 0.6925950 0.1000000 -0.1114150
v 0.6439350 0.1000000 -0.1439350
v 0.6439350 -0.0000000 -0.1439350
v 0.6925950 -0.0000000 -0.1114150
v 0.6439350 0.1000000 -0.1439350
v 0.6114150 0.1000000 -0.1925950
v 0.6114150 -0.0000000 -0.1925950
v 0.6439350 -0.0000000 -0.1439350
v 0.6114150 0.1000000 -0.1925950
v 0.6000000 0.1000000 -0.2500000
v 0.6000000 -0.0000000 -0.2500000
v 0.6114150 -0.0000000 -0.1925950
v 0.6000000 0.1000000 -0.2500000
v 0.6114150 0.1000000 -0.3074050
v 0.6114150 -0.0000000 -0.3074050
v 0.6000000 -0.0000000 -0.2500000
v 0.6114150 0.1000000 -0.3074050
v 0.6439350 0.1000000 -0.3560650
v 0.6439350 -0.0000000 -0.3560650
v 0.6114150 -0.0000000 -0.3074050
v 0.6439350 0.1000000 -0.3560650
v 0.6925950 0.1000000 -0.3885850
v 0.6925950 -0.0000000 -0.3885850
v 0.6439350 -0.0000000 -0.3560650
v 0.6925950 0.1000000 -0.3885850
v 0.7500000 0.1000000 -0.4000000
v 0.7500000 -0.0000000 -0.4000000
v 0.6925950 -0.0000000 -0.3885850
v 0.7500000 0.1000000 -0.4000000
v 0.8074050 0.1000000 -0.3885850
v 0.8074050 -0.0000000 -0.3885850
v 0.7500000 -0.0000000 -0.4000000
v 0.8074050 0.1000000 -0.3885850
v 0.8560650 0.1000000 -0.3560650
v 0.8560650 -0.0000000 -0.3560650
v 0.8074050 -0.0000000 -0.3885850
v 0.8560650 0.1000000 -0.3560650
v 0.8885850 0.1000000 -0.3074050
v 0.8885850 -0.0000000 -0.3074050
v 0.8560650 -0.0000000 -0.3560650
v 0.8885850 0.1000000 -0.3074050
v 0.9000000 0.1000000 -0.2500000
v 0.9000000 -0.0000000 -0.2500000
v 0.8885850 -0.0000000 -0.3074050
v 0.8885850 0.1000000 -0.1925950
v 0.9000000 0.1000000 -0.2500000
v 0.7500000 0.1000000 -0.2500000
v 0.8560650 0.1000000 -0.1439350
v 0.8885850 0.1000000 -0.1925950
v 0.7500000 0.1000000 -0.2500000
v 0.8074050 0.1000000 -0.1114150
v 0.8560650 0.1000000 -0.1439350
v 0.7500000 0.1000000 -0.2500000
v 0.7500000 0.1000000 -0.1000000
v 0.8074050 0.1000000 -0.1114150
v 0.7500000 0.1000000 -0.2500000
v 0.6925950 0.1000000 -0.1114150
v 0.7500000 0.1000000 -0.1000000
v 0.7500000 0.1000000 -0.2500000
v 0.6439350 0.1000000 -0.1439350
v 0.6925950 0.1000000 -0.1114150
v 0.7500000 0.1000000 -0.2500000
v 0.6114150 0.1000000 -0.1925950
v 0.6439350 0.1000000 -0.1439350
v 0.7500000 0.1000000 -0.2500000
v 0.6000000 0.1000000 -0.2500000
v 0.6114150 0.1000000 -0.1925950
v 0.7500000 0.1000000 -0.2500000
v 0.6114150 0.1000000 -0.3074050
v 0.6000000 0.1000000 -0.2500000
v 0.7500000 0.1000000 -0.2500000
v 0.6439350 0.1000000 -0.3560650
v 0.6114150 0.1000000 -0.3074050
v 0.7500000 0.1000000 -0.2500000
v 0.6925950 0.1000000 -0.3885850
v 0.6439350 0.1000000 -0.3560650
v 0.7500000 0.1000000 -0.2500000
v 0.7500000 0.1000000 -0.4000000
v 0.6925950 0.1000000 -0.3885850
v 0.7500000 0.1000000 -0.2500000
v 0.8074050 0.1000000 -0.3885850
v 0.7500000 0.1000000 -0.4000000
v 0.7500000 0.1000000 -0.2500000
v 0.8560650 0.1000000 -0.3560650
v 0.8074050 0.1000000 -0.3885850
v 0.7500000 0.1000000 -0.2500000
v 0.8885850 0.1000000 -0.3074050
v 0.8560650 0.1000000 -0.3560650
v 0.7500000 0.1000000 -0.2500000
v 0.9000000 0.1000000 -0.2500000
v 0.8885850 0.1000000 -0.3074050
v 0.7500000 0.1000000 -0.2500000
v 0.4000000 0.1000000 -0.2500000
v 0.3885850 0.1000000 -0.1925950
v 0.3885850 -0.0000000 -0.1925950
v 0.4000000 -0.0000000 -0.2500000
v 0.3885850 0.1000000 -0.1925950
v 0.3560650 0.1000000 -0.1439350
v 0.3560650 -0.0000000 -0.1439350
v 0.3885850 -0.0000000 -0.1925950
v 0.3560650 0.1000000 -0.1439350
v 0.3074050 0.1000000 -0.1114150
v 0.3074050 -0.0000000 -0.1114150
v 0.3560650 -0.0000000 -0.1439350
v 0.3074050 0.1000000 -0.1114150
v 0.2500000 0.1000000 -0.1000000
v 0.2500000 -0.0000000 -0.1000000
v 0.3074050 -0.0000000 -0.1114150
v 0.2500000 0.1000000 -0.1000000
v 0.1925950 0.1000000 -0.1114150
v 0.1925950 -0.0000000 -0.1114150
v 0.2500000 -0.0000000 -0.1000000
v 0.1925950 0.1000000 -0.1114150
v 0.1439350 0.1000000 -0.1439350
v 0.1439350 -0.0000000 -0.1439350
v 0.1925950 -0.0000000 -0.1114150
v 0.1439350 0.1000000 -0.1439350
v 0.1114150 0.1000000 -0.1925950
v 0.1114150 -0.0000000 -0.1925950
v 0.1439350 -0.0000000 -0.1439350
v 0.1114150 0.1000000 -0.1925950
v 0.1000000 0.1000000 -0.2500000
v 0.1000000 -0.0000000 -0.2500000
v 0.1114150 -0.0000000 -0.1925950
v 0.1000000 0.1000000 -0.2500000
v 0.1114150 0.1000000 -0.3074050
v 0.1114150 -0.0000000 -0.3074050
v 0.1000000 -0.0000000 -0.2500000
v 0.1114150 0.1000000 -0.3074050
v 0.1439350 0.1000000 -0.3560650
v 0.1439350 -0.0000000 -0.3560650
v 0.1114150 -0.0000000 -0.3074050
v 0.1439350 0.1000000 -0.3560650
v 0.1925950 0.1000000 -0.3885850
v 0.1925950 -0.0000000 -0.3885850
v 0.1439350 -0.0000000 -0.3560650
v 0.1925950 0.1000000 -0.3885850
v 0.2500000 0.1000000 -0.4000000
v 0.2500000 -0.0000000 -0.4000000
v 0.1925950 -0.0000000 -0.3885850
v 0.2500000 0.1000000 -0.4000000
v 0.3074050 0.1000000 -0.3885850
v 0.3074050 -0.0000000 -0.3885850
v 0.2500000 -0.0000000 -0.4000000
v 0.3074050 0.1000000 -0.3885850
v 0.3560650 0.1000000 -0.3560650
v 0.3560650 -0.0000000 -0.3560650
v 0.3074050 -0.0000000 -0.3885850
v 0.3560650 0.1000000 -0.3560650
v 0.3885850 0.1000000 -0.3074050
v 0.3885850 -0.0000000 -0.3074050
v 0.3560650 -0.0000000 -0.3560650
v 0.3885850 0.1000000 -0.3074050
v 0.4000000 0.1000000 -0.2500000
v 0.4000000 -0.0000000 -0.2500000
v 0.3885850 -0.0000000 -0.3074050
v 0.3885850 0.1000000 -0.1925950
v 0.4000000 0.1000000 -0.2500000
v 0.2500000 0.1000000 -0.2500000
v 0.3560650 0.1000000 -0.1439350
v 0.3885850 0.1000000 -0.1925950
v 0.2500000 0.1000000 -0.2500000
v 0.3074050 0.1000000 -0.1114150
v 0.3560650 0.1000000 -0.1439350
v 0.2500000 0.1000000 -0.2500000
v 0.2500000 0.1000000 -0.1000000
v 0.3074050 0.1000000 -0.1114150
v 0.2500000 0.1000000 -0.2500000
v 0.1925950 0.1000000 -0.1114150
v 0.2500000 0.1000000 -0.1000000
v 0.2500000 0.1000000 -0.2500000
v 0.1439350 0.1000000 -0.1439350
v 0.1925950 0.1000000 -0.1114150
v 0.2500000 0.1000000 -0.2500000
v 0.1114150 0.1000000 -0.1925950
v 0.1439350 0.1000000 -0.1439350
v 0.2500000 0.1000000 -0.2500000
v 0.1000000 0.1000000 -0.2500000
v 0.1114150 0.1000000 -0.1925950
v 0.2500000 0.1000000 -0.2500000
v 0.1114150 0.1000000 -0.3074050
v 0.1000000 0.1000000 -0.2500000
v 0.2500000 0.1000000 -0.2500000
v 0.1439350 0.1000000 -0.3560650
v 0.1114150 0.1000000 -0.3074050
v 0.2500000 0.1000000 -0.2500000
v 0.1925950 0.1000000 -0.3885850
v 0.1439350 0.1000000 -0.3560650
v 0.2500000 0.1000000 -0.2500000
v 0.2500000 0.1000000 -0.4000000
v 0.1925950 0.1000000 -0.3885850
v 0.2500000 0.1000000 -0.2500000
v 0.3074050 0.1000000 -0.3885850
v 0.2500000 0.1000000 -0.4000000
v 0.2500000 0.1000000 -0.2500000
v 0.3560650 0.1000000 -0.3560650
v 0.3074050 0.1000000 -0.3885850
v 0.2500000 0.1000000 -0.2500000
v 0.3885850 0.1000000 -0.3074050
v 0.3560650 0.1000000 -0.3560650
v 0.2500000 0.1000000 -0.2500000
v 0.4000000 0.1000000 -0.2500000
v 0.3885850 0.1000000 -0.3074050
v 0.2500000 0.1000000 -0.2500000
v -0.1000000 0.1000000 -0.2500000
v -0.1114150 0.1000000 -0.1925950
v -0.1114150 -0.0000000 -0.1925950
v -0.1000000 -0.0000000 -0.2500000
v -0.1114150 0.1000000 -0.1925950
v -0.1439350 0.1000000 -0.1439350
v -0.1439350 -0.0000000 -0.1439350
v -0.1114150 -0.0000000 -0.1925950
v -0.1439350 0.1000000 -0.1439350
v -0.1925950 0.1000000 -0.1114150
v -0.1925950 -0.0000000 -0.1114150
v -0.1439350 -0.0000000 -0.1439350
v -0.1925950 0.1000000 -0.1114150
v -0.2500000 0.1000000 -0.1000000
v -0.2500000 -0.0000000 -0.1000000
v -0.1925950 -0.0000000 -0.1114150
v -0.2500000 0.1000000 -0.1000000
v -0.3074050 0.1000000 -0.1114150
v -0.3074050 -0.0000000 -0.1114150
v -0.2500000 -0.0000000 -0.1000000
v -0.3074050 0.1000000 -0.1114150
v -0.3560650 0.1000000 -0.1439350
v -0.3560650 -0.0000000 -0.1439350
v -0.3074050 -0.0000000 -0.1114150
v -0.3560650 0.1000000 -0.1439350
v -0.3885850 0.1000000 -0.1925950
v -0.3885850 -0.0000000 -0.1925950
v -0.3560650 -0.0000000 -0.1439350
v -0.3885850 0.1000000 -0.1925950
v -0.4000000 0.1000000 -0.2500000
v -0.4000000 -0.0000000 -0.2500000
v -0.3885850 -0.0000000 -0.1925950
v -0.4000000 0.1000000 -0.2500000
v -0.3885850 0.1000000 -0.3074050
v -0.3885850 -0.0000000 -0.3074050
v -0.4000000 -0.0000000 -0.2500000
v -0.3885850 0.1000000 -0.3074050
v -0.3560650 0.1000000 -0.3560650
v -0.3560650 -0.0000000 -0.3560650
v -0.3885850 -0.0000000 -0.3074050
v -0.3560650 0.1000000 -0.3560650
v -0.3074050 0.1000000 -0.3885850
v -0.3074050 -0.0000000 -0.3885850
v -0.3560650 -0.0000000 -0.3560650
v -0.3074050 0.1000000 -0.3885850
v -0.2500000 0.1000000 -0.4000000
v -0.2500000 -0.0000000 -0.4000000
v -0.3074050 -0.0000000 -0.3885850
v -0.2500000 0.1000000 -0.4000000
v -0.1925950 0.1000000 -0.3885850
v -0.1925950 -0.0000000 -0.3885850
v -0.2500000 -0.0000000 -0.4000000
v -0.1925950 0.1000000 -0.3885850
v -0.1439350 0.1000000 -0.3560650
v -0.1439350 -0.0000000 -0.3560650
v -0.1925950 -0.0000000 -0.3885850
v -0.1439350 0.1000000 -0.3560650
v -0.1114150 0.1000000 -0.3074050
v -0.1114150 -0.0000000 -0.3074050
v -0.1439350 -0.0000000 -0.3560650
v -0.1114150 0.1000000 -0.3074050
v -0.1000000 0.1000000 -0.2500000
v -0.1000000 -0.0000000 -0.2500000
v -0.1114150 -0.0000000 -0.3074050
v -0.1114150 0.1000000 -0.1925950
v -0.1000000 0.1000000 -0.2500000
v -0.2500000 0.1000000 -0.2500000
v -0.1439350 0.1000000 -0.1439350
v -0.1114150 0.1000000 -0.1925950
v -0.2500000 0.1000000 -0.2500000
v -0.1925950 0.1000000 -0.1114150
v -0.1439350 0.1000000 -0.1439350
v -0.2500000 0.1000000 -0.2500000
v -0.2500000 0.1000000 -0.1000000
v -0.1925950 0.1000000 -0.1114150
v -0.2500000 0.1000000 -0.2500000
v -0.3074050 0.1000000 -0.1114150
v -0.2500000 0.1000000 -0.1000000
v -0.2500000 0.1000000 -0.2500000
v -0.3560650 0.1000000 -0.1439350
v -0.3074050 0.1000000 -0.1114150
v -0.2500000 0.1000000 -0.2500000
v -0.3885850 0.1000000 -0.1925950
v -0.3560650 0.1000000 -0.1439350
v -0.2500000 0.1000000 -0.2500000
v -0.4000000 0.1000000 -0.2500000
v -0.3885850 0.1000000 -0.1925950
v -0.2500000 0.1000000 -0.2500000
v -0.3885850 0.1000000 -0.3074050
v -0.4000000 0.1000000 -0.2500000
v -0.2500000 0.1000000 -0.2500000
v -0.3560650 0.1000000 -0.3560650
v -0.3885850 0.1000000 -0.3074050
v -0.2500000 0.1000000 -0.2500000
v -0.3074050 0.1000000 -0.3885850
v -0.3560650 0.1000000 -0.3560650
v -0.2500000 0.1000000 -0.2500000
v -0.2500000 0.1000000 -0.4000000
v -0.3074050 0.1000000 -0.3885850
v -0.2500000 0.1000000 -0.2500000
v -0.1925950 0.1000000 -0.3885850
v -0.2500000 0.1000000 -0.4000000
v -0.2500000 0.1000000 -0.2500000
v -0.1439350 0.1000000 -0.3560650
v -0.1925950 0.1000000 -0.3885850
v -0.2500000 0.1000000 -0.2500000
v -0.1114150 0.1000000 -0.3074050
v -0.1439350 0.1000000 -0.3560650
v -0.2500000 0.1000000 -0.2500000
v -0.1000000 0.1000000 -0.2500000
v -0.1114150 0.1000000 -0.3074050
v -0.2500000 0.1000000 -0.2500000
v -0.6000000 0.1000000 -0.2500000
v -0.6114150 0.1000000 -0.1925950
v -0.6114150 -0.0000000 -0.1925950
v -0.6000000 -0.0000000 -0.2500000
v -0.6114150 0.1000000 -0.1925950
v -0.6439350 0.1000000 -0.1439350
v -0.6439350 -0.0000000 -0.1439350
v -0.6114150 -0.0000000 -0.1925950
v -0.6439350 0.1000000 -0.1439350
v -0.6925950 0.1000000 -0.1114150
v -0.6925950 -0.0000000 -0.1114150
v -0.6439350 -0.0000000 -0.1439350
v -0.6925950 0.1000000 -0.1114150
v -0.7500000 0.1000000 -0.1000000
v -0.7500000 -0.0000000 -0.1000000
v -0.6925950 -0.0000000 -0.1114150
v -0.7500000 0.1000000 -0.1000000
v -0.8074050 0.1000000 -0.1114150
v -0.8074050 -0.0000000 -0.1114150
v -0.7500000 -0.0000000 -0.1000000
v -0.8074050 0.1000000 -0.1114150
v -0.8560650 0.1000000 -0.1439350
v -0.8560650 -0.0000000 -0.1439350
v -0.8074050 -0.0000000 -0.1114150
v -0.8560650 0.1000000 -0.1439350
v -0.8885850 0.1000000 -0.1925950
v -0.8885850 -0.0000000 -0.1925950
v -0.8560650 -0.0000000 -0.1439350
v -0.8885850 0.1000000 -0.1925950
v -0.9000000 0.1000000 -0.2500000
v -0.9000000 -0.0000000 -0.2500000
v -0.8885850 -0.0000000 -0.1925950
v -0.9000000 0.1000000 -0.2500000
v -0.8885850 0.1000000 -0.3074050
v -0.8885850 -0.0000000 -0.3074050
v -0.9000000 -0.0000000 -0.2500000
v -0.8885850 0.1000000 -0.3074050
v -0.8560650 0.1000000 -0.3560650
v -0.8560650 -0.0000000 -0.3560650
v -0.8885850 -0.0000000 -0.3074050
v -0.8560650 0.1000000 -0.3560650
v -0.8074050 0.1000000 -0.3885850
v -0.8074050 -0.0000000 -0.3885850
v -0.8560650 -0.0000000 -0.3560650
v -0.8074050 0.1000000 -0.3885850
v -0.7500000 0.1000000 -0.4000000
v -0.7500000 -0.0000000 -0.4000000
v -0.8074050 -0.0000000 -0.3885850
v -0.7500000 0.1000000 -0.4000000
v -0.6925950 0.1000000 -0.3885850
v -0.6925950 -0.0000000 -0.3885850
v -0.7500000 -0.0000000 -0.4000000
v -0.6925950 0.1000000 -0.3885850
v -0.6439350 0.1000000 -0.3560650
v -0.6439350 -0.0000000 -0.3560650
v -0.6925950 -0.0000000 -0.3885850
v -0.6439350 0.1000000 -0.3560650
v -0.6114150 0.1000000 -0.3074050
v -0.6114150 -0.0000000 -0.3074050
v -0.6439350 -0.0000000 -0.3560650
v -0.6114150 0.1000000 -0.3074050
v -0.6000000 0.1000000 -0.2500000
v -0.6000000 -0.0000000 -0.2500000
v -0.6114150 -0.0000000 -0.3074050
v -0.6114150 0.1000000 -0.1925950
v -0.6000000 0.1000000 -0.2500000
v -0.7500000 0.1000000 -0.2500000
v -0.6439350 0.1000000 -0.1439350
v -0.6114150 0.1000000 -0.1925950
v -0.7500000 0.1000000 -0.2500000
v -0.6925950 0.1000000 -0.1114150
v -0.6439350 0.1000000 -0.1439350
v -0.7500000 0.1000000 -0.2500000
v -0.7500000 0.1000000 -0.1000000
v -0.6925950 0.1000000 -0.1114150
v -0.7500000 0.1000000 -0.2500000
v -0.8074050 0.1000000 -0.1114150
v -0.7500000 0.1000000 -0.1000000
v -0.7500000 0.1000000 -0.2500000
v -0.8560650 0.1000000 -0.1439350
v -0.8074050 0.1000000 -0.1114150
v -0.7500000 0.1000000 -0.2500000
v -0.8885850 0.1000000 -0.1925950
v -0.8560650 0.1000000 -0.1439350
v -0.7500000 0.1000000 -0.2500000
v -0.9000000 0.1000000 -0.2500000
v -0.8885850 0.1000000 -0.1925950
v -0.7500000 0.1000000 -0.2500000
v -0.8885850 0.1000000 -0.3074050
v -0.9000000 0.1000000 -0.2500000
v -0.7500000 0.1000000 -0.2500000
v -0.8560650 0.1000000 -0.3560650
v -0.8885850 0.1000000 -0.3074050
v -0.7500000 0.1000000 -0.2500000
v -0.8074050 0.1000000 -0.3885850
v -0.8560650 0.1000000 -0.3560650
v -0.7500000 0.1000000 -0.2500000
v -0.7500000 0.1000000 -0.4000000
v -0.8074050 0.1000000 -0.3885850
v -0.7500000 0.1000000 -0.2500000
v -0.6925950 0.1000000 -0.3885850
v -0.7500000 0.1000000 -0.4000000
v -0.7500000 0.1000000 -0.2500000
v -0.6439350 0.1000000 -0.3560650
v -0.6925950 0.1000000 -0.3885850
v -0.7500000 0.1000000 -0.2500000
v -0.6114150 0.1000000 -0.3074050
v -0.6439350 0.1000000 -0.3560650
v -0.7500000 0.1000000 -0.2500000
v -0.6000000 0.1000000 -0.2500000
v -0.6114150 0.1000000 -0.3074050
v -0.7500000 0.1000000 -0.2500000
v -1.1000000 0.1000000 -0.2500000
v -1.1114150 0.1000000 -0.1925950
v -1.1114150 -0.0000000 -0.1925950
v -1.1000000 -0.0000000 -0.2500000
v -1.1114150 0.1000000 -0.1925950
v -1.1439350 0.1000000 -0.1439350
v -1.1439350 -0.0000000 -0.1439350
v -1.1114150 -0.0000000 -0.1925950
v -1.1439350 0.1000000 -0.1439350
v -1.1925950 0.1000000 -0.1114150
v -1.1925950 -0.0000000 -0.1114150
v -1.1439350 -0.0000000 -0.1439350
v -1.1925950 0.1000000 -0.1114150
v -1.2500000 0.1000000 -0.1000000
v -1.2500000 -0.0000000 -0.1000000
v -1.1925950 -0.0000000 -0.1114150
v -1.2500000 0.1000000 -0.1000000
v -1.3074050 0.1000000 -0.1114150
v -1.3074050 -0.0000000 -0.1114150
v -1.2500000 -0.0000000 -0.1000000
v -1.3074050 0.1000000 -0.1114150
v -1.3560650 0.1000000 -0.1439350
v -1.3560650 -0.0000000 -0.1439350
v -1.3074050 -0.0000000 -0.1114150
v -1.3560650 0.1000000 -0.1439350
v -1.3885850 0.1000000 -0.1925950
v -1.3885850 -0.0000000 -0.1925950
v -1.3560650 -0.0000000 -0.1439350
v -1.3885850 0.1000000 -0.1925950
v -1.4000000 0.1000000 -0.2500000
v -1.4000000 -0.0000000 -0.2500000
v -1.3885850 -0.0000000 -0.1925950
v -1.4000000 0.1000000 -0.2500000
v -1.3885850 0.1000000 -0.3074050
v -1.3885850 -0.0000000 -0.3074050
v -1.4000000 -0.0000000 -0.2500000
v -1.3885850 0.1000000 -0.3074050
v -1.3560650 0.1000000 -0.3560650
v -1.3560650 -0.0000000 -0.3560650
v -1.3885850 -0.0000000 -0.3074050
v -1.3560650 0.1000000 -0.3560650
v -1.3074050 0.1000000 -0.3885850
v -1.3074050 -0.0000000 -0.3885850
v -1.3560650 -0.0000000 -0.3560650
v -1.3074050 0.1000000 -0.3885850
v -1.2500000 0.1000000 -0.4000000
v -1.2500000 -0.0000000 -0.4000000
v -1.3074050 -0.0000000 -0.3885850
v -1.2500000 0.1000000 -0.4000000
v -1.1925950 0.1000000 -0.3885850
v -1.1925950 -0.0000000 -0.3885850
v -1.2500000 -0.0000000 -0.4000000
v -1.1925950 0.1000000 -0.3885850
v -1.1439350 0.1000000 -0.3560650
v -1.1439350 -0.0000000 -0.3560650
v -1.1925950 -0.0000000 -0.3885850
v -1.1439350 0.1000000 -0.3560650
v -1.1114150 0.1000000 -0.3074050
v -1.1114150 -0.0000000 -0.3074050
v -1.1439350 -0.0000000 -0.3560650
v -1.1114150 0.1000000 -0.3074050
v -1.1000000 0.1000000 -0.2500000
v -1.1000000 -0.0000000 -0.2500000
v -1.1114150 -0.0000000 -0.3074050
v -1.1114150 0.1000000 -0.1925950
v -1.1000000 0.1000000 -0.2500000
v -1.2500000 0.1000000 -0.2500000
v -1.1439350 0.1000000 -0.1439350
v -1.1114150 0.1000000 -0.1925950
v -1.2500000 0.1000000 -0.2500000
v -1.1925950 0.1000000 -0.1114150
v -1.1439350 0.1000000 -0.1439350
v -1.2500000 0.1000000 -0.2500000
v -1.2500000 0.1000000 -0.1000000
v -1.1925950 0.1000000 -0.1114150
v -1.2500000 0.1000000 -0.2500000
v -1.3074050 0.1000000 -0.1114150
v -1.2500000 0.1000000 -0.1000000
v -1.2500000 0.1000000 -0.2500000
v -1.3560650 0.1000000 -0.1439350
v -1.3074050 0.1000000 -0.1114150
v -1.2500000 0.1000000 -0.2500000
v -1.3885850 0.1000000 -0.1925950
v -1.3560650 0.1000000 -0.1439350
v -1.2500000 0.1000000 -0.2500000
v -1.4000000 0.1000000 -0.2500000
v -1.3885850 0.1000000 -0.1925950
v -1.2500000 0.1000000 -0.2500000
v -1.3885850 0.1000000 -0.3074050
v -1.4000000 0.1000000 -0.2500000
v -1.2500000 0.1000000 -0.2500000
v -1.3560650 0.1000000 -0.3560650
v -1.3885850 0.1000000 -0.3074050
v -1.2500000 0.1000000 -0.2500000
v -1.3074050 0.1000000 -0.3885850
v -1.3560650 0.1000000 -0.3560650
v -1.2500000 0.1000000 -0.2500000
v -1.2500000 0.1000000 -0.4000000
v -1.3074050 0.1000000 -0.3885850
v -1.2500000 0.1000000 -0.2500000
v -1.1925950 0.1000000 -0.3885850
v -1.2500000 0.1000000 -0.4000000
v -1.2500000 0.1000000 -0.2500000
v -1.1439350 0.1000000 -0.3560650
v -1.1925950 0.1000000 -0.3885850
v -1.2500000 0.1000000 -0.2500000
v -1.1114150 0.1000000 -0.3074050
v -1.1439350 0.1000000 -0.3560650
v -1.2500000 0.1000000 -0.2500000
v -1.1000000 0.1000000 -0.2500000
v -1.1114150 0.1000000 -0.3074050
v -1.2500000 0.1000000 -0.2500000
v -1.6000000 0.1000000 -0.2500000
v -1.6114150 0.1000000 -0.1925950
v -1.6114150 -0.0000000 -0.1925950
v -1.6000000 -0.0000000 -0.2500000
v -1.6114150 0.1000000 -0.1925950
v -1.6439350 0.1000000 -0.1439350
v -1.6439350 -0.0000000 -0.1439350
v -1.6114150 -0.0000000 -0.1925950
v -1.6439350 0.1000000 -0.1439350
v -1.6925950 0.1000000 -0.1114150
v -1.6925950 -0.0000000 -0.1114150
v -1.6439350 -0.0000000 -0.1439350
v -1.6925950 0.1000000 -0.1114150
v -1.7500000 0.1000000 -0.1000000
v -1.7500000 -0.0000000 -0.1000000
v -1.6925950 -0.0000000 -0.1114150
v -1.7500000 0.1000000 -0.1000000
v -1.8074050 0.1000000 -0.1114150
v -1.8074050 -0.0000000 -0.1114150
v -1.7500000 -0.0000000 -0.1000000
v -1.8074050 0.1000000 -0.1114150
v -1.8560650 0.1000000 -0.1439350
v -1.8560650 -0.0000000 -0.1439350
v -1.8074050 -0.0000000 -0.1114150
v -1.8560650 0.1000000 -0.1439350
v -1.8885850 0.1000000 -0.1925950
v -1.8885850 -0.0000000 -0.1925950
v -1.8560650 -0.0000000 -0.1439350
v -1.8885850 0.1000000 -0.1925950
v -1.9000000 0.1000000 -0.2500000
v -1.9000000 -0.0000000 -0.2500000
v -1.8885850 -0.0000000 -0.1925950
v -1.9000000 0.1000000 -0.2500000
v -1.8885850 0.1000000 -0.3074050
v -1.8885850 -0.0000000 -0.3074050
v -1.9000000 -0.0000000 -0.2500000
v -1.8885850 0.1000000 -0.3074050
v -1.8560650 0.1000000 -0.3560650
v -1.8560650 -0.0000000 -0.3560650
v -1.8885850 -0.0000000 -0.3074050
v -1.8560650 0.1000000 -0.3560650
v -1.8074050 0.1000000 -0.3885850
v -1.8074050 -0.0000000 -0.3885850
v -1.8560650 -0.0000000 -0.3560650
v -1.8074050 0.1000000 -0.3885850
v -1.7500000 0.1000000 -0.4000000
v -1.7500000 -0.0000000 -0.4000000
v -1.8074050 -0.0000000 -0.3885850
v -1.7500000 0.1000000 -0.4000000
v -1.6925950 0.1000000 -0.3885850
v -1.6925950 -0.0000000 -0.3885850
v -1.7500000 -0.0000000 -0.4000000
v -1.6925950 0.1000000 -0.3885850
v -1.6439350 0.1000000 -0.3560650
v -1.6439350 -0.0000000 -0.3560650
v -1.6925950 -0.0000000 -0.3885850
v -1.6439350 0.1000000 -0.3560650
v -1.6114150 0.1000000 -0.3074050
v -1.6114150 -0.0000000 -0.3074050
v -1.6439350 -0.0000000 -0.3560650
v -1.6114150 0.1000000 -0.3074050
v -1.6000000 0.1000000 -0.2500000
v -1.6000000 -0.0000000 -0.2500000
v -1.6114150 -0.0000000 -0.3074050
v -1.6114150 0.1000000 -0.1925950
v -1.6000000 0.1000000 -0.2500000
v -1.7500000 0.1000000 -0.2500000
v -1.6439350 0.1000000 -0.1439350
v -1.6114150 0.1000000 -0.1925950
v -1.7500000 0.1000000 -0.2500000
v -1.6925950 0.1000000 -0.1114150
v -1.6439350 0.1000000 -0.1439350
v -1.7500000 0.1000000 -0.2500000
v -1.7500000 0.1000000 -0.1000000
v -1.6925950 0.1000000 -0.1114150
v -1.7500000 0.1000000 -0.2500000
v -1.8074050 0.1000000 -0.1114150
v -1.7500000 0.1000000 -0.1000000
v -1.7500000 0.1000000 -0.2500000
v -1.8560650 0.1000000 -0.1439350
v -1.8074050 0.1000000 -0.1114150
v -1.7500000 0.1000000 -0.2500000
v -1.8885850 0.1000000 -0.1925950
v -1.8560650 0.1000000 -0.1439350
v -1.7500000 0.1000000 -0.2500000
v -1.9000000 0.1000000 -0.2500000
v -1.8885850 0.1000000 -0.1925950
v -1.7500000 0.1000000 -0.2500000
v -1.8885850 0.1000000 -0.3074050
v -1.9000000 0.1000000 -0.2500000
v -1.7500000 0.1000000 -0.2500000
v -1.8560650 0.1000000 -0.3560650
v -1.8885850 0.1000000 -0.3074050
v -1.7500000 0.1000000 -0.2500000
v -1.8074050 0.1000000 -0.3885850
v -1.8560650 0.1000000 -0.3560650
v -1.7500000 0.1000000 -0.2500000
v -1.7500000 0.1000000 -0.4000000
v -1.8074050 0.1000000 -0.3885850
v -1.7500000 0.1000000 -0.2500000
v -1.6925950 0.1000000 -0.3885850
v -1.7500000 0.1000000 -0.4000000
v -1.7500000 0.1000000 -0.2500000
v -1.6439350 0.1000000 -0.3560650
v -1.6925950 0.1000000 -0.3885850
v -1.7500000 0.1000000 -0.2500000
v -1.6114150 0.1000000 -0.3074050
v -1.6439350 0.1000000 -0.3560650
v -1.7500000 0.1000000 -0.2500000
v -1.6000000 0.1000000 -0.2500000
v -1.6114150 0.1000000 -0.3074050
v -1.7500000 0.1000000 -0.2500000
v 1.9000000 0.1000000 -0.7500000
v 1.8885850 0.1000000 -0.6925950
v 1.8885850 -0.0000000 -0.6925950
v 1.9000000 -0.0000000 -0.7500000
v 1.8885850 0.1000000 -0.6925950
v 1.8560650 0.1000000 -0.6439350
v 1.8560650 -0.0000000 -0.6439350
v 1.8885850 -0.0000000 -0.6925950
v 1.8560650 0.1000000 -0.6439350
v 1.8074050 0.1000000 -0.6114150
v 1.8074050 -0.0000000 -0.6114150
v 1.8560650 -0.0000000 -0.6439350
v 1.8074050 0.1000000 -0.6114150
v 1.7500000 0.1000000 -0.6000000
v 1.7500000 -0.0000000 -0.6000000
v 1.8074050 -0.0000000 -0.6114150
v 1.7500000 0.1000000 -0.6000000
v 1.6925950 0.1000000 -0.6114150
v 1.6925950 -0.0000000 -0.6114150
v 1.7500000 -0.0000000 -0.6000000
v 1.6925950 0.1000000 -0.6114150
v 1.6439350 0.1000000 -0.6439350
v 1.6439350 -0.0000000 -0.6439350
v 1.6925950 -0.0000000 -0.6114150
v 1.6439350 0.1000000 -0.6439350
v 1.6114150 0.1000000 -0.6925950
v 1.6114150 -0.0000000 -0.6925950
v 1.6439350 -0.0000000 -0.6439350
v 1.6114150 0.1000000 -0.6925950
v 1.6000000 0.1000000 -0.7500000
v 1.6000000 -0.0000000 -0.7500000
v 1.6114150 -0.0000000 -0.6925950
v 1.6000000 0.1000000 -0.7500000
v 1.6114150 0.1000000 -0.8074050
v 1.6114150 -0.0000000 -0.8074050
v 1.6000000 -0.0000000 -0.7500000
v 1.6114150 0.1000000 -0.8074050
v 1.6439350 0.1000000 -0.8560650
v 1.6439350 -0.0000000 -0.8560650
v 1.6114150 -0.0000000 -0.8074050
v 1.6439350 0.1000000 -0.8560650
v 1.6925950 0.1000000 -0.8885850
v 1.6925950 -0.0000000 -0.8885850
v 1.6439350 -0.0000000 -0.8560650
v 1.6925950 0.1000000 -0.8885850
v 1.7500000 0.1000000 -0.9000000
v 1.7500000 -0.0000000 -0.9000000
v 1.6925950 -0.0000000 -0.8885850
v 1.7500000 0.1000000 -0.9000000
v 1.8074050 0.1000000 -0.8885850
v 1.8074050 -0.0000000 -0.8885850
v 1.7500000 -0.0000000 -0.9000000
v 1.8074050 0.1000000 -0.8885850
v 1.8560650 0.1000000 -0.8560650
v 1.8560650 -0.0000000 -0.8560650
v 1.8074050 -0.0000000 -0.8885850
v 1.8560650 0.1000000 -0.8560650
v 1.8885850 0.1000000 -0.8074050
v 1.8885850 -0.0000000 -0.8074050
v 1.8560650 -0.0000000 -0.8560650
v 1.8885850 0.1000000 -0.8074050
v 1.9000000 0.1000000 -0.7500000
v 1.9000000 -0.0000000 -0.7500000
v 1.8885850 -0.0000000 -0.8074050
v 1.8885850 0.1000000 -0.6925950
v 1.9000000 0.1000000 -0.7500000
v 1.7500000 0.1000000 -0.7500000
v 1.8560650 0.1000000 -0.6439350
v 1.8885850 0.1000000 -0.6925950
v 1.7500000 0.1000000 -0.7500000
v 1.8074050 0.1000000 -0.6114150
v 1.8560650 0.1000000 -0.6439350
v 1.7500000 0.1000000 -0.7500000
v 1.7500000 0.1000000 -0.6000000
v 1.8074050 0.1000000 -0.6114150
v 1.7500000 0.1000000 -0.7500000
v 1.6925950 0.1000000 -0.6114150
v 1.7500000 0.1000000 -0.6000000
v 1.7500000 0.1000000 -0.7500000
v 1.6439350 0.1000000 -0.6439350
v 1.6925950 0.1000000 -0.6114150
v 1.7500000 0.1000000 -0.7500000
v 1.6114150 0.1000000 -0.6925950
v 1.6439350 0.1000000 -0.6439350
v 1.7500000 0.1000000 -0.7500000
v 1.6000000 0.1000000 -0.7500000
v 1.6114150 0.1000000 -0.6925950
v 1.7500000 0.1000000 -0.7500000
v 1.6114150 0.1000000 -0.8074050
v 1.6000000 0.1000000 -0.7500000
v 1.7500000 0.1000000 -0.7500000
v 1.6439350 0.1000000 -0.8560650
v 1.6114150 0.1000000 -0.8074050
v 1.7500000 0.1000000 -0.7500000
v 1.6925950 0.1000000 -0.8885850
v 1.6439350 0.1000000 -0.8560650
v 1.7500000 0.1000000 -0.7500000
v 1.7500000 0.1000000 -0.9000000
v 1.6925950 0.1000000 -0.8885850
v 1.7500000 0.1000000 -0.7500000
v 1.8074050 0.1000000 -0.8885850
v 1.7500000 0.1000000 -0.9000000
v 1.7500000 0.1000000 -0.7500000
v 1.8560650 0.1000000 -0.8560650
v 1.8074050 0.1000000 -0.8885850
v 1.7500000 0.1000000 -0.7500000
v 1.8885850 0.1000000 -0.8074050
v 1.8560650 0.1000000 -0.8560650
v 1.7500000 0.1000000 -0.7500000
v 1.9000000 0.1000000 -0.7500000
v 1.8885850 0.1000000 -0.8074050
v 1.7500000 0.1000000 -0.7500000
v 1.4000000 0.1000000 -0.7500000
v 1.3885850 0.1000000 -0.6925950
v 1.3885850 -0.0000000 -0.6925950
v 1.4000000 -0.0000000 -0.7500000
v 1.3885850 0.1000000 -0.6925950
v 1.3560650 0.1000000 -0.6439350
v 1.3560650 -0.0000000 -0.6439350
v 1.3885850 -0.0000000 -0.6925950
v 1.3560650 0.1000000 -0.6439350
v 1.3074050 0.1000000 -0.6114150
v 1.3074050 -0.0000000 -0.6114150
v 1.3560650 -0.0000000 -0.6439350
v 1.3074050 0.1000000 -0.6114150
v 1.2500000 0.1000000 -0.6000000
v 1.2500000 -0.0000000 -0.6000000
v 1.3074050 -0.0000000 -0.6114150
v 1.2500000 0.1000000 -0.6000000
v 1.1925950 0.1000000 -0.6114150
v 1.1925950 -0.0000000 -0.6114150
v 1.2500000 -0.0000000 -0.6000000
v 1.1925950 0.1000000 -0.6114150
v 1.1439350 0.1000000 -0.6439350
v 1.1439350 -0.0000000 -0.6439350
v 1.1925950 -0.0000000 -0.6114150
v 1.1439350 0.1000000 -0.6439350
v 1.1114150 0.1000000 -0.6925950
v 1.1114150 -0.0000000 -0.6925950
v 1.1439350 -0.0000000 -0.6439350
v 1.1114150 0.1000000 -0.6925950
v 1.1000000 0.1000000 -0.7500000
v 1.1000000 -0.0000000 -0.7500000
v 1.1114150 -0.0000000 -0.6925950
v 1.1000000 0.1000000 -0.7500000
v 1.1114150 0.1000000 -0.8074050
v 1.1114150 -0.0000000 -0.8074050
v 1.1000000 -0.0000000 -0.7500000
v 1.1114150 0.1000000 -0.8074050
v 1.1439350 0.1000000 -0.8560650
v 1.1439350 -0.0000000 -0.8560650
v 1.1114150 -0.0000000 -0.8074050
v 1.1439350 0.1000000 -0.8560650
v 1.1925950 0.1000000 -0.8885850
v 1.1925950 -0.0000000 -0.8885850
v 1.1439350 -0.0000000 -0.8560650
v 1.1925950 0.1000000 -0.8885850
v 1.2500000 0.1000000 -0.9000000
v 1.2500000 -0.0000000 -0.9000000
v 1.1925950 -0.0000000 -0.8885850
v 1.2500000 0.1000000 -0.9000000
v 1.3074050 0.1000000 -0.8885850
v 1.3074050 -0.0000000 -0.8885850
v 1.2500000 -0.0000000 -0.9000000
v 1.3074050 0.1000000 -0.8885850
v 1.3560650 0.1000000 -0.8560650
v 1.3560650 -0.0000000 -0.8560650
v 1.3074050 -0.0000000 -0.8885850
v 1.3560650 0.1000000 -0.8560650
v 1.3885850 0.1000000 -0.8074050
v 1.3885850 -0.0000000 -0.8074050
v 1.3560650 -0.0000000 -0.8560650
v 1.3885850 0.1000000 -0.8074050
v 1.4000000 0.1000000 -0.7500000
v 1.4000000 -0.0000000 -0.7500000
v 1.3885850 -0.0000000 -0.8074050
v 1.3885850 0.1000000 -0.6925950
v 1.4000000 0.1000000 -0.7500000
v 1.2500000 0.1000000 -0.7500000
v 1.3560650 0.1000000 -0.6439350
v 1.3885850 0.1000000 -0.6925950
v 1.2500000 0.1000000 -0.7500000
v 1.3074050 0.1000000 -0.6114150
v 1.3560650 0.1000000 -0.6439350
v 1.2500000 0.1000000 -0.7500000
v 1.2500000 0.1000000 -0.6000000
v 1.3074050 0.1000000 -0.6114150
v 1.2500000 0.1000000 -0.7500000
v 1.1925950 0.1000000 -0.6114150
v 1.2500000 0.1000000 -0.6000000
v 1.2500000 0.1000000 -0.7500000
v 1.1439350 0.1000000 -0.6439350
v 1.1925950 0.1000000 -0.6114150
v 1.2500000 0.1000000 -0.7500000
v 1.1114150 0.1000000 -0.6925950
v 1.1439350 0.1000000 -0.6439350
v 1.2500000 0.1000000 -0.7500000
v 1.1000000 0.1000000 -0.7500000
v 1.1114150 0.1000000 -0.6925950
v 1.2500000 0.1000000 -0.7500000
v 1.1114150 0.1000000 -0.8074050
v 1.1000000 0.1000000 -0.7500000
v 1.2500000 0.1000000 -0.7500000
v 1.1439350 0.1000000 -0.8560650
v 1.1114150 0.1000000 -0.8074050
v 1.2500000 0.1000000 -0.7500000
v 1.1925950 0.1000000 -0.8885850
v 1.1439350 0.1000000 -0.8560650
v 1.2500000 0.1000000 -0.7500000
v 1.2500000 0.1000000 -0.9000000
v 1.1925950 0.1000000 -0.8885850
v 1.2500000 0.1000000 -0.7500000
v 1.3074050 0.1000000 -0.8885850
v 1.2500000 0.1000000 -0.9000000
v 1.2500000 0.1000000 -0.7500000
v 1.3560650 0.1000000 -0.8560650
v 1.3074050 0.1000000 -0.8885850
v 1.2500000 0.1000000 -0.7500000
v 1.3885850 0.1000000 -0.8074050
v 1.3560650 0.1000000 -0.8560650
v 1.2500000 0.1000000 -0.7500000
v 1.4000000 0.1000000 -0.7500000
v 1.3885850 0.1000000 -0.8074050
v 1.2500000 0.1000000 -0.7500000
v 0.9000000 0.1000000 -0.7500000
v 0.8885850 0.1000000 -0.6925950
v 0.8885850 -0.0000000 -0.6925950
v 0.9000000 -0.0000000 -0.7500000
v 0.8885850 0.1000000 -0.6925950
v 0.8560650 0.1000000 -0.6439350
v 0.8560650 -0.0000000 -0.6439350
v 0.8885850 -0.0000000 -0.6925950
v 0.8560650 0.1000000 -0.6439350
v 0.8074050 0.1000000 -0.6114150
v 0.8074050 -0.0000000 -0.6114150
v 0.8560650 -0.0000000 -0.6439350
v 0.8074050 0.1000000 -0.6114150
v 0.7500000 0.1000000 -0.6000000
v 0.7500000 -0.0000000 -0.6000000
v 0.8074050 -0.0000000 -0.6114150
v 0.7500000 0.1000000 -0.6000000
v 0.6925950 0.1000000 -0.6114150
v 0.6925950 -0.0000000 -0.6114150
v 0.7500000 -0.0000000 -0.6000000
v 0.6925950 0.1000000 -0.6114150
v 0.6439350 0.1000000 -0.6439350
v 0.6439350 -0.0000000 -0.6439350
v 0.6925950 -0.0000000 -0.6114150
v 0.6439350 0.1000000 -0.6439350
v 0.6114150 0.1000000 -0.6925950
v 0.6114150 -0.0000000 -0.6925950
v 0.6439350 -0.0000000 -0.6439350
v 0.6114150 0.1000000 -0.6925950
v 0.6000000 0.1000000 -0.7500000
v 0.6000000 -0.0000000 -0.7500000
v 0.6114150 -0.0000000 -0.6925950
v 0.6000000 0.1000000 -0.7500000
v 0.6114150 0.1000000 -0.8074050
v 0.6114150 -0.0000000 -0.8074050
v 0.6000000 -0.0000000 -0.7500000
v 0.6114150 0.1000000 -0.8074050
v 0.6439350 0.1000000 -0.8560650
v 0.6439350 -0.0000000 -0.8560650
v 0.6114150 -0.0000000 -0.8074050
v 0.6439350 0.1000000 -0.8560650
v 0.6925950 0.1000000 -0.8885850
v 0.6925950 -0.0000000 -0.8885850
v 0.6439350 -0.0000000 -0.8560650
v 0.6925950 0.1000000 -0.8885850
v 0.7500000 0.1000000 -0.9000000
v 0.7500000 -0.0000000 -0.9000000
v 0.6925950 -0.0000000 -0.8885850
v 0.7500000 0.1000000 -0.9000000
v 0.8074050 0.1000000 -0.8885850
v 0.8074050 -0.0000000 -0.8885850
v 0.7500000 -0.0000000 -0.9000000
v 0.8074050 0.1000000 -0.8885850
v 0.8560650 0.1000000 -0.8560650
v 0.8560650 -0.0000000 -0.8560650
v 0.8074050 -0.0000000 -0.8885850
v 0.8560650 0.1000000 -0.8560650
v 0.8885850 0.1000000 -0.8074050
v 0.8885850 -0.0000000 -0.8074050
v 0.8560650 -0.0000000 -0.8560650
v 0.8885850 0.1000000 -0.8074050
v 0.9000000 0.1000000 -0.7500000
v 0.9000000 -0.0000000 -0.7500000
v 0.8885850 -0.0000000 -0.8074050
v 0.8885850 0.1000000 -0.6925950
v 0.9000000 0.1000000 -0.7500000
v 0.7500000 0.1000000 -0.7500000
v 0.8560650 0.1000000 -0.6439350
v 0.8885850 0.1000000 -0.6925950
v 0.7500000 0.1000000 -0.7500000
v 0.8074050 0.1000000 -0.6114150
v 0.8560650 0.1000000 -0.6439350
v 0.7500000 0.1000000 -0.7500000
v 0.7500000 0.1000000 -0.6000000
v 0.8074050 0.1000000 -0.6114150
v 0.7500000 0.1000000 -0.7500000
v 0.6925950 0.1000000 -0.6114150
v 0.7500000 0.1000000 -0.6000000
v 0.7500000 0.1000000 -0.7500000
v 0.6439350 0.1000000 -0.6439350
v 0.6925950 0.1000000 -0.6114150
v 0.7500000 0.1000000 -0.7500000
v 0.6114150 0.1000000 -0.6925950
v 0.6439350 0.1000000 -0.6439350
v 0.7500000 0.1000000 -0.7500000
v 0.6000000 0.1000000 -0.7500000
v 0.6114150 0.1000000 -0.6925950
v 0.7500000 0.1000000 -0.7500000
v 0.6114150 0.1000000 -0.8074050
v 0.6000000 0.1000000 -0.7500000
v 0.7500000 0.1000000 -0.7500000
v 0.6439350 0.1000000 -0.8560650
v 0.6114150 0.1000000 -0.8074050
v 0.7500000 0.1000000 -0.7500000
v 0.6925950 0.1000000 -0.8885850
v 0.6439350 0.1000000 -0.8560650
v 0.7500000 0.1000000 -0.7500000
v 0.7500000 0.1000000 -0.9000000
v 0.6925950 0.1000000 -0.8885850
v 0.7500000 0.1000000 -0.7500000
v 0.8074050 0.1000000 -0.8885850
v 0.7500000 0.1000000 -0.9000000
v 0.7500000 0.1000000 -0.7500000
v 0.8560650 0.1000000 -0.8560650
v 0.8074050 0.1000000 -0.8885850
v 0.7500000 0.1000000 -0.7500000
v 0.8885850 0.1000000 -0.8074050
v 0.8560650 0.1000000 -0.8560650
v 0.7500000 0.1000000 -0.7500000
v 0.9000000 0.1000000 -0.7500000
v 0.8885850 0.1000000 -0.8074050
v 0.7500000 0.1000000 -0.7500000
v 0.4000000 0.1000000 -0.7500000
v 0.3885850 0.1000000 -0.6925950
v 0.3885850 -0.0000000 -0.6925950
v 0.4000000 -0.0000000 -0.7500000
v 0.3885850 0.1000000 -0.6925950
v 0.3560650 0.1000000 -0.6439350
v 0.3560650 -0.0000000 -0.6439350
v 0.3885850 -0.0000000 -0.6925950
v 0.3560650 0.1000000 -0.6439350
v 0.3074050 0.1000000 -0.6114150
v 0.3074050 -0.0000000 -0.6114150
v 0.3560650 -0.0000000 -0.6439350
v 0.3074050 0.1000000 -0.6114150
v 0.2500000 0.1000000 -0.6000000
v 0.2500000 -0.0000000 -0.6000000
v 0.3074050 -0.0000000 -0.6114150
v 0.2500000 0.1000000 -0.6000000
v 0.1925950 0.1000000 -0.6114150
v 0.1925950 -0.0000000 -0.6114150
v 0.2500000 -0.0000000 -0.6000000
v 0.1925950 0.1000000 -0.6114150
v 0.1439350 0.1000000 -0.6439350
v 0.1439350 -0.0000000 -0.6439350
v 0.1925950 -0.0000000 -0.6114150
v 0.1439350 0.1000000 -0.6439350
v 0.1114150 0.1000000 -0.6925950
v 0.1114150 -0.0000000 -0.6925950
v 0.1439350 -0.0000000 -0.6439350
v 0.1114150 0.1000000 -0.6925950
v 0.1000000 0.1000000 -0.7500000
v 0.1000000 -0.0000000 -0.7500000
v 0.1114150 -0.0000000 -0.6925950
v 0.1000000 0.1000000 -0.7500000
v 0.1114150 0.1000000 -0.8074050
v 0.1114150 -0.0000000 -0.8074050
v 0.1000000 -0.0000000 -0.7500000
v 0.1114150 0.1000000 -0.8074050
v 0.1439350 0.1000000 -0.8560650
v 0.1439350 -0.0000000 -0.8560650
v 0.1114150 -0.0000000 -0.8074050
v 0.1439350 0.1000000 -0.8560650
v 0.1925950 0.1000000 -0.8885850
v 0.1925950 -0.0000000 -0.8885850
v 0.1439350 -0.0000000 -0.8560650
v 0.1925950 0.1000000 -0.8885850
v 0.2500000 0.1000000 -0.9000000
v 0.2500000 -0.0000000 -0.9000000
v 0.1925950 -0.0000000 -0.8885850
v 0.2500000 0.1000000 -0.9000000
v 0.3074050 0.1000000 -0.8885850
v 0.3074050 -0.0000000 -0.8885850
v 0.2500000 -0.0000000 -0.9000000
v 0.3074050 0.1000000 -0.8885850
v 0.3560650 0.1000000 -0.8560650
v 0.3560650 -0.0000000 -0.8560650
v 0.3074050 -0.0000000 -0.8885850
v 0.3560650 0.1000000 -0.8560650
v 0.3885850 0.1000000 -0.8074050
v 0.3885850 -0.0000000 -0.8074050
v 0.3560650 -0.0000000 -0.8560650
v 0.3885850 0.1000000 -0.8074050
v 0.4000000 0.1000000 -0.7500000
v 0.4000000 -0.0000000 -0.7500000
v 0.3885850 -0.0000000 -0.8074050
v 0.3885850 0.1000000 -0.6925950
v 0.4000000 0.1000000 -0.7500000
v 0.2500000 0.1000000 -0.7500000
v 0.3560650 0.1000000 -0.6439350
v 0.3885850 0.1000000 -0.6925950
v 0.2500000 0.1000000 -0.7500000
v 0.3074050 0.1000000 -0.6114150
v 0.3560650 0.1000000 -0.6439350
v 0.2500000 0.1000000 -0.7500000
v 0.2500000 0.1000000 -0.6000000
v 0.3074050 0.1000000 -0.6114150
v 0.2500000 0.1000000 -0.7500000
v 0.1925950 0.1000000 -0.6114150
v 0.2500000 0.1000000 -0.6000000
v 0.2500000 0.1000000 -0.7500000
v 0.1439350 0.1000000 -0.6439350
v 0.1925950 0.1000000 -0.6114150
v 0.2500000 0.1000000 -0.7500000
v 0.1114150 0.1000000 -0.6925950
v 0.1439350 0.1000000 -0.6439350
v 0.2500000 0.1000000 -0.7500000
v 0.1000000 0.1000000 -0.7500000
v 0.1114150 0.1000000 -0.6925950
v 0.2500000 0.1000000 -0.7500000
v 0.1114150 0.1000000 -0.8074050
v 0.1000000 0.1000000 -0.7500000
v 0.2500000 0.1000000 -0.7500000
v 0.1439350 0.1000000 -0.8560650
v 0.1114150 0.1000000 -0.8074050
v 0.2500000 0.1000000 -0.7500000
v 0.1925950 0.1000000 -0.8885850
v 0.1439350 0.1000000 -0.8560650
v 0.2500000 0.1000000 -0.7500000
v 0.2500000 0.1000000 -0.9000000
v 0.1925950 0.1000000 -0.8885850
v 0.2500000 0.1000000 -0.7500000
v 0.3074050 0.1000000 -0.8885850
v 0.2500000 0.1000000 -0.9000000
v 0.2500000 0.1000000 -0.7500000
v 0.3560650 0.1000000 -0.8560650
v 0.3074050 0.1000000 -0.8885850
v 0.2500000 0.1000000 -0.7500000
v 0.3885850 0.1000000 -0.8074050
v 0.3560650 0.1000000 -0.8560650
v 0.2500000 0.1000000 -0.7500000
v 0.4000000 0.1000000 -0.7500000
v 0.3885850 0.1000000 -0.8074050
v 0.2500000 0.1000000 -0.7500000
v -0.1000000 0.1000000 -0.7500000
v -0.1114150 0.1000000 -0.6925950
v -0.1114150 -0.0000000 -0.6925950
v -0.1000000 -0.0000000 -0.7500000
v -0.1114150 0.1000000 -0.6925950
v -0.1439350 0.1000000 -0.6439350
v -0.1439350 -0.0000000 -0.6439350
v -0.1114150 -0.0000000 -0.6925950
v -0.1439350 0.1000000 -0.6439350
v -0.1925950 0.1000000 -0.6114150
v -0.1925950 -0.0000000 -0.6114150
v -0.1439350 -0.0000000 -0.6439350
v -0.1925950 0.1000000 -0.6114150
v -0.2500000 0.1000000 -0.6000000
v -0.2500000 -0.0000000 -0.6000000
v -0.1925950 -0.0000000 -0.6114150
v -0.2500000 0.1000000 -0.6000000
v -0.3074050 0.1000000 -0.6114150
v -0.3074050 -0.0000000 -0.6114150
v -0.2500000 -0.0000000 -0.6000000
v -0.3074050 0.1000000 -0.6114150
v -0.3560650 0.1000000 -0.6439350
v -0.3560650 -0.0000000 -0.6439350
v -0.3074050 -0.0000000 -0.6114150
v -0.3560650 0.1000000 -0.6439350
v -0.3885850 0.1000000 -0.6925950
v -0.3885850 -0.0000000 -0.6925950
v -0.3560650 -0.0000000 -0.6439350
v -0.3885850 0.1000000 -0.6925950
v -0.4000000 0.1000000 -0.7500000
v -0.4000000 -0.0000000 -0.7500000
v -0.3885850 -0.0000000 -0.6925950
v -0.4000000 0.1000000 -0.7500000
v -0.3885850 0.1000000 -0.8074050
v -0.3885850 -0.0000000 -0.8074050
v -0.4000000 -0.0000000 -0.7500000
v -0.3885850 0.1000000 -0.8074050
v -0.3560650 0.1000000 -0.8560650
v -0.3560650 -0.0000000 -0.8560650
v -0.3885850 -0.0000000 -0.8074050
v -0.3560650 0.1000000 -0.8560650
v -0.3074050 0.1000000 -0.8885850
v -0.3074050 -0.0000000 -0.8885850
v -0.3560650 -0.0000000 -0.8560650
v -0.3074050 0.1000000 -0.8885850
v -0.2500000 0.1000000 -0.9000000
v -0.2500000 -0.0000000 -0.9000000
v -0.3074050 -0.0000000 -0.8885850
v -0.2500000 0.1000000 -0.9000000
v -0.1925950 0.1000000 -0.8885850
v -0.1925950 -0.0000000 -0.8885850
v -0.2500000 -0.0000000 -0.9000000
v -0.1925950 0.1000000 -0.8885850
v -0.1439350 0.1000000 -0.8560650
v -0.1439350 -0.0000000 -0.8560650
v -0.1925950 -0.0000000 -0.8885850
v -0.1439350 0.1000000 -0.8560650
v -0.1114150 0.1000000 -0.8074050
v -0.1114150 -0.0000000 -0.8074050
v -0.1439350 -0.0000000 -0.8560650
v -0.1114150 0.1000000 -0.8074050
v -0.1000000 0.1000000 -0.7500000
v -0.1000000 -0.0000000 -0.7500000
v -0.1114150 -0.0000000 -0.8074050
v -0.1114150 0.1000000 -0.6925950
v -0.1000000 0.1000000 -0.7500000
v -0.2500000 0.1000000 -0.7500000
v -0.1439350 0.1000000 -0.6439350
v -0.1114150 0.1000000 -0.6925950
v -0.2500000 0.1000000 -0.7500000
v -0.1925950 0.1000000 -0.6114150
v -0.1439350 0.1000000 -0.6439350
v -0.2500000 0.1000000 -0.7500000
v -0.2500000 0.1000000 -0.6000000
v -0.1925950 0.1000000 -0.6114150
v -0.2500000 0.1000000 -0.7500000
v -0.3074050 0.1000000 -0.6114150
v -0.2500000 0.1000000 -0.6000000
v -0.2500000 0.1000000 -0.7500000
v -0.3560650 0.1000000 -0.6439350
v -0.3074050 0.1000000 -0.6114150
v -0.2500000 0.1000000 -0.7500000
v -0.3885850 0.1000000 -0.6925950
v -0.3560650 0.1000000 -0.6439350
v -0.2500000 0.1000000 -0.7500000
v -0.4000000 0.1000000 -0.7500000
v -0.3885850 0.1000000 -0.6925950
v -0.2500000 0.1000000 -0.7500000
v -0.3885850 0.1000000 -0.8074050
v -0.4000000 0.1000000 -0.7500000
v -0.2500000 0.1000000 -0.7500000
v -0.3560650 0.1000000 -0.8560650
v -0.3885850 0.1000000 -0.8074050
v -0.2500000 0.1000000 -0.7500000
v -0.3074050 0.1000000 -0.8885850
v -0.3560650 0.1000000 -0.8560650
v -0.2500000 0.1000000 -0.7500000
v -0.2500000 0.1000000 -0.9000000
v -0.3074050 0.1000000 -0.8885850
v -0.2500000 0.1000000 -0.7500000
v -0.1925950 0.1000000 -0.8885850
v -0.2500000 0.1000000 -0.9000000
v -0.2500000 0.1000000 -0.7500000
v -0.1439350 0.1000000 -0.8560650
v -0.1925950 0.1000000 -0.8885850
v -0.2500000 0.1000000 -0.7500000
v -0.1114150 0.1000000 -0.8074050
v -0.1439350 0.1000000 -0.8560650
v -0.2500000 0.1000000 -0.7500000
v -0.1000000 0.1000000 -0.7500000
v -0.1114150 0.1000000 -0.8074050
v -0.2500000 0.1000000 -0.7500000
v -0.6000000 0.1000000 -0.7500000
v -0.6114150 0.1000000 -0.6925950
v -0.6114150 -0.0000000 -0.6925950
v -0.6000000 -0.0000000 -0.7500000
v -0.6114150 0.1000000 -0.6925950
v -0.6439350 0.1000000 -0.6439350
v -0.6439350 -0.0000000 -0.6439350
v -0.6114150 -0.0000000 -0.6925950
v -0.6439350 0.1000000 -0.6439350
v -0.6925950 0.1000000 -0.6114150
v -0.6925950 -0.0000000 -0.6114150
v -0.6439350 -0.0000000 -0.6439350
v -0.6925950 0.1000000 -0.6114150
v -0.7500000 0.1000000 -0.6000000
v -0.7500000 -0.0000000 -0.6000000
v -0.6925950 -0.0000000 -0.6114150
v -0.7500000 0.1000000 -0.6000000
v -0.8074050 0.1000000 -0.6114150
v -0.8074050 -0.0000000 -0.6114150
v -0.7500000 -0.0000000 -0.6000000
v -0.8074050 0.1000000 -0.6114150
v -0.8560650 0.1000000 -0.6439350
v -0.8560650 -0.0000000 -0.6439350
v -0.8074050 -0.0000000 -0.6114150
v -0.8560650 0.1000000 -0.6439350
v -0.8885850 0.1000000 -0.6925950
v -0.8885850 -0.0000000 -0.6925950
v -0.8560650 -0.0000000 -0.6439350
v -0.8885850 0.1000000 -0.6925950
v -0.9000000 0.1000000 -0.7500000
v -0.9000000 -0.0000000 -0.7500000
v -0.8885850 -0.0000000 -0.6925950
v -0.9000000 0.1000000 -0.7500000
v -0.8885850 0.1000000 -0.8074050
v -0.8885850 -0.0000000 -0.8074050
v -0.9000000 -0.0000000 -0.7500000
v -0.8885850 0.1000000 -0.8074050
v -0.8560650 0.1000000 -0.8560650
v -0.8560650 -0.0000000 -0.8560650
v -0.8885850 -0.0000000 -0.8074050
v -0.8560650 0.1000000 -0.8560650
v -0.8074050 0.1000000 -0.8885850
v -0.8074050 -0.0000000 -0.8885850
v -0.8560650 -0.0000000 -0.8560650
v -0.8074050 0.1000000 -0.8885850
v -0.7500000 0.1000000 -0.9000000
v -0.7500000 -0.0000000 -0.9000000
v -0.8074050 -0.0000000 -0.8885850
v -0.7500000 0.1000000 -0.9000000
v -0.6925950 0.1000000 -0.8885850
v -0.6925950 -0.0000000 -0.8885850
v -0.7500000 -0.0000000 -0.9000000
v -0.6925950 0.1000000 -0.8885850
v -0.6439350 0.1000000 -0.8560650
v -0.6439350 -0.0000000 -0.8560650
v -0.6925950 -0.0000000 -0.8885850
v -0.6439350 0.1000000 -0.8560650
v -0.6114150 0.1000000 -0.8074050
v -0.6114150 -0.0000000 -0.8074050
v -0.6439350 -0.0000000 -0.8560650
v -0.6114150 0.1000000 -0.8074050
v -0.6000000 0.1000000 -0.7500000
v -0.6000000 -0.0000000 -0.7500000
v -0.6114150 -0.0000000 -0.8074050
v -0.6114150 0.1000000 -0.6925950
v -0.6000000 0.1000000 -0.7500000
v -0.7500000 0.1000000 -0.7500000
v -0.6439350 0.1000000 -0.6439350
v -0.6114150 0.1000000 -0.6925950
v -0.7500000 0.1000000 -0.7500000
v -0.6925950 0.1000000 -0.6114150
v -0.6439350 0.1000000 -0.6439350
v -0.7500000 0.1000000 -0.7500000
v -0.7500000 0.1000000 -0.6000000
v -0.6925950 0.1000000 -0.6114150
v -0.7500000 0.1000000 -0.7500000
v -0.8074050 0.1000000 -0.6114150
v -0.7500000 0.1000000 -0.6000000
v -0.7500000 0.1000000 -0.7500000
v -0.8560650 0.1000000 -0.6439350
v -0.8074050 0.1000000 -0.6114150
v -0.7500000 0.1000000 -0.7500000
v -0.8885850 0.1000000 -0.6925950
v -0.8560650 0.1000000 -0.6439350
v -0.7500000 0.1000000 -0.7500000
v -0.9000000 0.1000000 -0.7500000
v -0.8885850 0.1000000 -0.6925950
v -0.7500000 0.1000000 -0.7500000
v -0.8885850 0.1000000 -0.8074050
v -0.9000000 0.1000000 -0.7500000
v -0.7500000 0.1000000 -0.7500000
v -0.8560650 0.1000000 -0.8560650
v -0.8885850 0.1000000 -0.8074050
v -0.7500000 0.1000000 -0.7500000
v -0.8074050 0.1000000 -0.8885850
v -0.8560650 0.1000000 -0.8560650
v -0.7500000 0.1000000 -0.7500000
v -0.7500000 0.1000000 -0.9000000
v -0.8074050 0.1000000 -0.8885850
v -0.7500000 0.1000000 -0.7500000
v -0.6925950 0.1000000 -0.8885850
v -0.7500000 0.1000000 -0.9000000
v -0.7500000 0.1000000 -0.7500000
v -0.6439350 0.1000000 -0.8560650
v -0.6925950 0.1000000 -0.8885850
v -0.7500000 0.1000000 -0.7500000
v -0.6114150 0.1000000 -0.8074050
v -0.6439350 0.1000000 -0.8560650
v -0.7500000 0.1000000 -0.7500000
v -0.6000000 0.1000000 -0.7500000
v -0.6114150 0.1000000 -0.8074050
v -0.7500000 0.1000000 -0.7500000
v -1.1000000 0.1000000 -0.7500000
v -1.1114150 0.1000000 -0.6925950
v -1.1114150 -0.0000000 -0.6925950
v -1.1000000 -0.0000000 -0.7500000
v -1.1114150 0.1000000 -0.6925950
v -1.1439350 0.1000000 -0.6439350
v -1.1439350 -0.0000000 -0.6439350
v -1.1114150 -0.0000000 -0.6925950
v -1.1439350 0.1000000 -0.6439350
v -1.1925950 0.1000000 -0.6114150
v -1.1925950 -0.0000000 -0.6114150
v -1.1439350 -0.0000000 -0.6439350
v -1.1925950 0.1000000 -0.6114150
v -1.2500000 0.1000000 -0.6000000
v -1.2500000 -0.0000000 -0.6000000
v -1.1925950 -0.0000000 -0.6114150
v -1.2500000 0.1000000 -0.6000000
v -1.3074050 0.1000000 -0.6114150
v -1.3074050 -0.0000000 -0.6114150
v -1.2500000 -0.0000000 -0.6000000
v -1.3074050 0.1000000 -0.6114150
v -1.3560650 0.1000000 -0.6439350
v -1.3560650 -0.0000000 -0.6439350
v -1.3074050 -0.0000000 -0.6114150
v -1.3560650 0.1000000 -0.6439350
v -1.3885850 0.1000000 -0.6925950
v -1.3885850 -0.0000000 -0.6925950
v -1.3560650 -0.0000000 -0.6439350
v -1.3885850 0.1000000 -0.6925950
v -1.4000000 0.1000000 -0.7500000
v -1.4000000 -0.0000000 -0.7500000
v -1.3885850 -0.0000000 -0.6925950
v -1.4000000 0.1000000 -0.7500000
v -1.3885850 0.1000000 -0.8074050
v -1.3885850 -0.0000000 -0.8074050
v -1.4000000 -0.0000000 -0.7500000
v -1.3885850 0.1000000 -0.8074050
v -1.3560650 0.1000000 -0.8560650
v -1.3560650 -0.0000000 -0.8560650
v -1.3885850 -0.0000000 -0.8074050
v -1.3560650 0.1000000 -0.8560650
v -1.3074050 0.1000000 -0.8885850
v -1.3074050 -0.0000000 -0.8885850
v -1.3560650 -0.0000000 -0.8560650
v -1.3074050 0.1000000 -0.8885850
v -1.2500000 0.1000000 -0.9000000
v -1.2500000 -0.0000000 -0.9000000
v -1.3074050 -0.0000000 -0.8885850
v -1.2500000 0.1000000 -0.9000000
v -1.1925950 0.1000000 -0.8885850
v -1.1925950 -0.0000000 -0.8885850
v -1.2500000 -0.0000000 -0.9000000
v -1.1925950 0.1000000 -0.8885850
v -1.1439350 0.1000000 -0.8560650
v -1.1439350 -0.0000000 -0.8560650
v -1.1925950 -0.0000000 -0.8885850
v -1.1439350 0.1000000 -0.8560650
v -1.1114150 0.1000000 -0.8074050
v -1.1114150 -0.0000000 -0.8074050
v -1.1439350 -0.0000000 -0.8560650
v -1.1114150 0.1000000 -0.8074050
v -1.1000000 0.1000000 -0.7500000
v -1.1000000 -0.0000000 -0.7500000
v -1.1114150 -0.0000000 -0.8074050
v -1.1114150 0.1000000 -0.6925950
v -1.1000000 0.1000000 -0.7500000
v -1.2500000 0.1000000 -0.7500000
v -1.1439350 0.1000000 -0.6439350
v -1.1114150 0.1000000 -0.6925950
v -1.2500000 0.1000000 -0.7500000
v -1.1925950 0.1000000 -0.6114150
v -1.1439350 0.1000000 -0.6439350
v -1.2500000 0.1000000 -0.7500000
v -1.2500000 0.1000000 -0.6000000
v -1.1925950 0.1000000 -0.6114150
v -1.2500000 0.1000000 -0.7500000
v -1.3074050 0.1000000 -0.6114150
v -1.2500000 0.1000000 -0.6000000
v -1.2500000 0.1000000 -0.7500000
v -1.3560650 0.1000000 -0.6439350
v -1.3074050 0.1000000 -0.6114150
v -1.2500000 0.1000000 -0.7500000
v -1.3885850 0.1000000 -0.6925950
v -1.3560650 0.1000000 -0.6439350
v -1.2500000 0.1000000 -0.7500000
v -1.4000000 0.1000000 -0.7500000
v -1.3885850 0.1000000 -0.6925950
v -1.2500000 0.1000000 -0.7500000
v -1.3885850 0.1000000 -0.8074050
v -1.4000000 0.1000000 -0.7500000
v -1.2500000 0.1000000 -0.7500000
v -1.3560650 0.1000000 -0.8560650
v -1.3885850 0.1000000 -0.8074050
v -1.2500000 0.1000000 -0.7500000
v -1.3074050 0.1000000 -0.8885850
v -1.3560650 0.1000000 -0.8560650
v -1.2500000 0.1000000 -0.7500000
v -1.2500000 0.1000000 -0.9000000
v -1.3074050 0.1000000 -0.8885850
v -1.2500000 0.1000000 -0.7500000
v -1.1925950 0.1000000 -0.8885850
v -1.2500000 0.1000000 -0.9000000
v -1.2500000 0.1000000 -0.7500000
v -1.1439350 0.1000000 -0.8560650
v -1.1925950 0.1000000 -0.8885850
v -1.2500000 0.1000000 -0.7500000
v -1.1114150 0.1000000 -0.8074050
v -1.1439350 0.1000000 -0.8560650
v -1.2500000 0.1000000 -0.7500000
v -1.1000000 0.1000000 -0.7500000
v -1.1114150 0.1000000 -0.8074050
v -1.2500000 0.1000000 -0.7500000
v -1.6000000 0.1000000 -0.7500000
v -1.6114150 0.1000000 -0.6925950
v -1.6114150 -0.0000000 -0.6925950
v -1.6000000 -0.0000000 -0.7500000
v -1.6114150 0.1000000 -0.6925950
v -1.6439350 0.1000000 -0.6439350
v -1.6439350 -0.0000000 -0.6439350
v -1.6114150 -0.0000000 -0.6925950
v -1.6439350 0.1000000 -0.6439350
v -1.6925950 0.1000000 -0.6114150
v -1.6925950 -0.0000000 -0.6114150
v -1.6439350 -0.0000000 -0.6439350
v -1.6925950 0.1000000 -0.6114150
v -1.7500000 0.1000000 -0.6000000
v -1.7500000 -0.0000000 -0.6000000
v -1.6925950 -0.0000000 -0.6114150
v -1.7500000 0.1000000 -0.6000000
v -1.8074050 0.1000000 -0.6114150
v -1.8074050 -0.0000000 -0.6114150
v -1.7500000 -0.0000000 -0.6000000
v -1.8074050 0.1000000 -0.6114150
v -1.8560650 0.1000000 -0.6439350
v -1.8560650 -0.0000000 -0.6439350
v -1.8074050 -0.0000000 -0.6114150
v -1.8560650 0.1000000 -0.6439350
v -1.8885850 0.1000000 -0.6925950
v -1.8885850 -0.0000000 -0.6925950
v -1.8560650 -0.0000000 -0.6439350
v -1.8885850 0.1000000 -0.6925950
v -1.9000000 0.1000000 -0.7500000
v -1.9000000 -0.0000000 -0.7500000
v -1.8885850 -0.0000000 -0.6925950
v -1.9000000 0.1000000 -0.7500000
v -1.8885850 0.1000000 -0.8074050
v -1.8885850 -0.0000000 -0.8074050
v -1.9000000 -0.0000000 -0.7500000
v -1.8885850 0.1000000 -0.8074050
v -1.8560650 0.1000000 -0.8560650
v -1.8560650 -0.0000000 -0.8560650
v -1.8885850 -0.0000000 -0.8074050
v -1.8560650 0.1000000 -0.8560650
v -1.8074050 0.1000000 -0.8885850
v -1.8074050 -0.0000000 -0.8885850
v -1.8560650 -0.0000000 -0.8560650
v -1.8074050 0.1000000 -0.8885850
v -1.7500000 0.1000000 -0.9000000
v -1.7500000 -0.0000000 -0.9000000
v -1.8074050 -0.0000000 -0.8885850
v -1.7500000 0.1000000 -0.9000000
v -1.6925950 0.1000000 -0.8885850
v -1.6925950 -0.0000000 -0.8885850
v -1.7500000 -0.0000000 -0.9000000
v -1.6925950 0.1000000 -0.8885850
v -1.6439350 0.1000000 -0.8560650
v -1.6439350 -0.0000000 -0.8560650
v -1.6925950 -0.0000000 -0.8885850
v -1.6439350 0.1000000 -0.8560650
v -1.6114150 0.1000000 -0.8074050
v -1.6114150 -0.0000000 -0.8074050
v -1.6439350 -0.0000000 -0.8560650
v -1.6114150 0.1000000 -0.8074050
v -1.6000000 0.1000000 -0.7500000
v -1.6000000 -0.0000000 -0.7500000
v -1.6114150 -0.0000000 -0.8074050
v -1.6114150 0.1000000 -0.6925950
v -1.6000000 0.1000000 -0.7500000
v -1.7500000 0.1000000 -0.7500000
v -1.6439350 0.1000000 -0.6439350
v -1.6114150 0.1000000 -0.6925950
v -1.7500000 0.1000000 -0.7500000
v -1.6925950 0.1000000 -0.6114150
v -1.6439350 0.1000000 -0.6439350
v -1.7500000 0.1000000 -0.7500000
v -1.7500000 0.1000000 -0.6000000
v -1.6925950 0.1000000 -0.6114150
v -1.7500000 0.1000000 -0.7500000
v -1.8074050 0.1000000 -0.6114150
v -1.7500000 0.1000000 -0.6000000
v -1.7500000 0.1000000 -0.7500000
v -1.8560650 0.1000000 -0.6439350
v -1.8074050 0.1000000 -0.6114150
v -1.7500000 0.1000000 -0.7500000
v -1.8885850 0.1000000 -0.6925950
v -1.8560650 0.1000000 -0.6439350
v -1.7500000 0.1000000 -0.7500000
v -1.9000000 0.1000000 -0.7500000
v -1.8885850 0.1000000 -0.6925950
v -1.7500000 0.1000000 -0.7500000
v -1.8885850 0.1000000 -0.8074050
v -1.9000000 0.1000000 -0.7500000
v -1.7500000 0.1000000 -0.7500000
v -1.8560650 0.1000000 -0.8560650
v -1.8885850 0.1000000 -0.8074050
v -1.7500000 0.1000000 -0.7500000
v -1.8074050 0.1000000 -0.8885850
v -1.8560650 0.1000000 -0.8560650
v -1.7500000 0.1000000 -0.7500000
v -1.7500000 0.1000000 -0.9000000
v -1.8074050 0.1000000 -0.8885850
v -1.7500000 0.1000000 -0.7500000
v -1.6925950 0.1000000 -0.8885850
v -1.7500000 0.1000000 -0.9000000
v -1.7500000 0.1000000 -0.7500000
v -1.6439350 0.1000000 -0.8560650
v -1.6925950 0.1000000 -0.8885850
v -1.7500000 0.1000000 -0.7500000
v -1.6114150 0.1000000 -0.8074050
v -1.6439350 0.1000000 -0.8560650
v -1.7500000 0.1000000 -0.7500000
v -1.6000000 0.1000000 -0.7500000
v -1.6114150 0.1000000 -0.8074050
v -1.7500000 0.1000000 -0.7500000
s off
f 1 2 3
f 1 3 4
f 5 6 7
f 5 7 8
f 9 10 11
f 9 11 12
f 13 14 15
f 13 15 16
f 17 18 19
f 17 19 20
f 21 22 23
f 21 23 24
f 25 26 27
f 25 27 28
f 29 30 31
f 29 31 32
f 33 34 35
f 33 35 36
f 37 38 39
f 37 39 40
f 41 42 43
f 41 43 44
f 45 46 47
f 45 47 48
f 49 50 51
f 49 51 52
f 53 54 55
f 53 55 56
f 57 58 59
f 57 59 60
f 61 62 63
f 61 63 64
f 65 66 67
f 65 67 68
f 69 70 71
f 69 71 72
f 73 74 75
f 73 75 76
f 77 78 79
f 77 79 80
f 81 82 83
f 81 83 84
f 85 86 87
f 85 87 88
f 89 90 91
f 89 91 92
f 93 94 95
f 93 95 96
f 97 98 99
f 97 99 100
f 101 102 103
f 101 103 104
f 105 106 107
f 105 107 108
f 109 110 111
f 109 111 112
f 113 114 115
f 113 115 116
f 117 118 119
f 117 119 120
f 121 122 123
f 121 123 124
f 125 126 127
f 125 127 128
f 129 130 131
f 129 131 132
f 133 134 135
f 133 135 136
f 137 138 139
f 137 139 140
f 141 142 143
f 141 143 144
f 145 146 147
f 145 147 148
f 149 150 151
f 149 151 152
f 153 154 155
f 153 155 156
f 157 158 159
f 157 159 160
f 161 162 163
f 161 163 164
f 165 166 167
f 165 167 168
f 169 170 171
f 169 171 172
f 173 174 175
f 173 175 176
f 177 178 179
f 177 179 180
f 181 182 183
f 181 183 184
f 185 186 187
f 185 187 188
f 189 190 191
f 189 191 192
f 193 194 195
f 193 195 196
f 197 198 199
f 197 199 200
f 201 202 203
f 201 203 204
f 205 206 207
f 205 207 208
f 209 210 211
f 209 211 212
f 213 214 215
f 213 215 216
f 217 218 219
f 217 219 220
f 221 222 223
f 221 223 224
f 225 226 227
f 225 227 228
f 229 230 231
f 229 231 232
f 233 234 235
f 233 235 236
f 237 238 239
f 237 239 240
f 241 242 243
f 241 243 244
f 245 246 247
f 245 247 248
f 249 250 251
f 249 251 252
f 253 254 255
f 253 255 256
f 257 258 259
f 257 259 260
f 261 262 263
f 261 263 264
f 265 266 267
f 265 267 268
f 269 270 271
f 269 271 272
f 273 274 275
f 273 275 276
f 277 278 279
f 277 279 280
f 281 282 283
f 281 283 284
f 285 286 287
f 285 287 288
f 289 290 291
f 289 291 292
f 293 294 295
f 293 295 296
f 297 298 299
f 297 299 300
f 301 302 303
f 301 303 304
f 305 306 307
f 305 307 308
f 309 310 311
f 309 311 312
f 313 314 315
f 313 315 316
f 317 318 319
f 317 319 320
f 321 322 323
f 321 323 324
f 325 326 327
f 325 327 328
f 329 330 331
f 329 331 332
f 333 334 335
f 333 335 336
f 337 338 339
f 337 339 340
f 341 342 343
f 341 343 344
f 345 346 347
f 345 347 348
f 349 350 351
f 349 351 352
f 353 354 355
f 353 355 356
f 357 358 359
f 357 359 360
f 361 362 363
f 361 363 364
f 365 366 367
f 365 367 368
f 369 370 371
f 369 371 372
f 373 374 375
f 373 375 376
f 377 378 379
f 377 379 380
f 381 382 383
f 381 383 384
f 385 386 387
f 385 387 388
f 389 390 391
f 389 391 392
f 393 394 395
f 393 395 396
f 397 398 399
f 397 399 400
f 401 402 403
f 401 403 404
f 405 406 407
f 405 407 408
f 409 410 411
f 409 411 412
f 413 414 415
f 413 415 416
f 417 418 419
f 417 419 420
f 421 422 423
f 421 423 424
f 425 426 427
f 425 427 428
f 429 430 431
f 429 431 432
f 433 434 435
f 433 435 436
f 437 438 439
f 437 439 440
f 441 442 443
f 441 443 444
f 445 446 447
f 445 447 448
f 449 450 451
f 449 451 452
f 453 454 455
f 453 455 456
f 457 458 459
f 457 459 460
f 461 462 463
f 461 463 464
f 465 466 467
f 465 467 468
f 469 470 471
f 469 471 472
f 473 474 475
f 473 475 476
f 477 478 479
f 477 479 480
f 481 482 483
f 481 483 484
f 485 486 487
f 485 487 488
f 489 490 491
f 489 491 492
f 493 494 495
f 493 495 496
f 497 498 499
f 497 499 500
f 501 502 503
f 501 503 504
f 505 506 507
f 505 507 508
f 509 510 511
f 509 511 512
f 513 514 515
f 513 515 516
f 517 518 519
f 517 519 520
f 521 522 523
f 521 523 524
f 525 526 527
f 525 527 528
f 529 530 531
f 529 531 532
f 533 534 535
f 533 535 536
f 537 538 539
f 537 539 540
f 541 542 543
f 541 543 544
f 545 546 547
f 545 547 548
f 549 550 551
f 549 551 552
f 553 554 555
f 553 555 556
f 557 558 559
f 557 559 560
f 561 562 563
f 561 563 564
f 565 566 567
f 565 567 568
f 569 570 571
f 569 571 572
f 573 574 575
f 573 575 576
f 577 578 579
f 577 579 580
f 581 582 583
f 581 583 584
f 585 586 587
f 585 587 588
f 589 590 591
f 589 591 592
f 593 594 595
f 593 595 596
f 597 598 599
f 597 599 600
f 601 602 603
f 601 603 604
f 605 606 607
f 605 607 608
f 609 610 611
f 609 611 612
f 613 614 615
f 613 615 616
f 617 618 619
f 617 619 620
f 621 622 623
f 621 623 624
f 625 626 627
f 625 627 628
f 629 630 631
f 629 631 632
f 633 634 635
f 633 635 636
f 637 638 639
f 637 639 640
f 641 642 643
f 641 643 644
f 645 646 647
f 645 647 648
f 649 650 651
f 649 651 652
f 653 654 655
f 653 655 656
f 657 658 659
f 657 659 660
f 661 662 663
f 661 663 664
f 665 666 667
f 665 667 668
f 669 670 671
f 669 671 672
f 673 674 675
f 673 675 676
f 677 678 679
f 677 679 680
f 681 682 683
f 681 683 684
f 685 686 687
f 685 687 688
f 689 690 691
f 689 691 692
f 693 694 695
f 693 695 696
f 697 698 699
f 697 699 700
f 701 702 703
f 701 703 704
f 705 706 707
f 705 707 708
f 709 710 711
f 709 711 712
f 713 714 715
f 713 715 716
f 717 718 719
f 717 719 720
f 721 722 723
f 721 723 724
f 725 726 727
f 725 727 728
f 729 730 731
f 729 731 732
f 733 734 735
f 733 735 736
f 737 738 739
f 737 739 740
f 741 742 743
f 741 743 744
f 745 746 747
f 745 747 748
f 749 750 751
f 749 751 752
f 753 754 755
f 753 755 756
f 757 758 759
f 757 759 760
f 761 762 763
f 761 763 764
f 765 766 767
f 765 767 768
f 769 770 771
f 769 771 772
f 773 774 775
f 773 775 776
f 777 778 779
f 777 779 780
f 781 782 783
f 781 783 784
f 785 786 787
f 785 787 788
f 789 790 791
f 789 791 792
f 793 794 795
f 793 795 796
f 797 798 799
f 797 799 800
f 801 802 803
f 801 803 804
f 805 806 807
f 805 807 808
f 809 810 811
f 809 811 812
f 813 814 815
f 813 815 816
f 817 818 819
f 817 819 820
f 821 822 823
f 821 823 824
f 825 826 827
f 825 827 828
f 829 830 831
f 829 831 832
f 833 834 835
f 833 835 836
f 837 838 839
f 837 839 840
f 841 842 843
f 841 843 844
f 845 846 847
f 845 847 848
f 849 850 851
f 849 851 852
f 853 854 855
f 853 855 856
f 857 858 859
f 857 859 860
f 861 862 863
f 861 863 864
f 865 866 867
f 865 867 868
f 869 870 871
f 869 871 872
f 873 874 875
f 873 875 876
f 877 878 879
f 877 879 880
f 881 882 883
f 881 883 884
f 885 886 887
f 885 887 888
f 889 890 891
f 889 891 892
f 893 894 895
f 893 895 896
f 897 898 899
f 897 899 900
f 901 902 903
f 901 903 904
f 905 906 907
f 905 907 908
f 909 910 911
f 909 911 912
f 913 914 915
f 913 915 916
f 917 918 919
f 917 919 920
f 921 922 923
f 921 923 924
f 925 926 927
f 925 927 928
f 929 930 931
f 929 931 932
f 933 934 935
f 933 935 936
f 937 938 939
f 937 939 940
f 941 942 943
f 941 943 944
f 945 946 947
f 945 947 948
f 949 950 951
f 949 951 952
f 953 954 955
f 953 955 956
f 957 958 959
f 957 959 960
f 961 962 963
f 961 963 964
f 965 966 967
f 965 967 968
f 969 970 971
f 969 971 972
f 973 974 975
f 973 975 976
f 977 978 979
f 977 979 980
f 981 982 983
f 981 983 984
f 985 986 987
f 985 987 988
f 989 990 991
f 989 991 992
f 993 994 995
f 993 995 996
f 997 998 999
f 997 999 1000
f 1001 1002 1003
f 1001 1003 1004
f 1005 1006 1007
f 1005 1007 1008
f 1009 1010 1011
f 1009 1011 1012
f 1013 1014 1015
f 1013 1015 1016
f 1017 1018 1019
f 1017 1019 1020
f 1021 1022 1023
f 1021 1023 1024
f 1025 1026 1027
f 1025 1027 1028
f 1029 1030 1031
f 1029 1031 1032
f 1033 1034 1035
f 1033 1035 1036
f 1037 1038 1039
f 1037 1039 1040
f 1041 1042 1043
f 1041 1043 1044
f 1045 1046 1047
f 1045 1047 1048
f 1049 1050 1051
f 1049 1051 1052
f 1053 1054 1055
f 1053 1055 1056
f 1057 1058 1059
f 1057 1059 1060
f 1061 1062 1063
f 1061 1063 1064
f 1065 1066 1067
f 1065 1067 1068
f 1069 1070 1071
f 1069 1071 1072
f 1073 1074 1075
f 1073 1075 1076
f 1077 1078 1079
f 1077 1079 1080
f 1081 1082 1083
f 1081 1083 1084
f 1085 1086 1087
f 1085 1087 1088
f 1089 1090 1091
f 1089 1091 1092
f 1093 1094 1095
f 1093 1095 1096
f 1097 1098 1099
f 1097 1099 1100
f 1101 1102 1103
f 1101 1103 1104
f 1105 1106 1107
f 1105 1107 1108
f 1109 1110 1111
f 1109 1111 1112
f 1113 1114 1115
f 1113 1115 1116
f 1117 1118 1119
f 1117 1119 1120
f 1121 1122 1123
f 1121 1123 1124
f 1125 1126 1127
f 1125 1127 1128
f 1129 1130 1131
f 1129 1131 1132
f 1133 1134 1135
f 1133 1135 1136
f 1137 1138 1139
f 1137 1139 1140
f 1141 1142 1143
f 1141 1143 1144
f 1145 1146 1147
f 1145 1147 1148
f 1149 1150 1151
f 1149 1151 1152
f 1153 1154 1155
f 1153 1155 1156
f 1157 1158 1159
f 1157 1159 1160
f 1161 1162 1163
f 1161 1163 1164
f 1165 1166 1167
f 1165 1167 1168
f 1169 1170 1171
f 1169 1171 1172
f 1173 1174 1175
f 1173 1175 1176
f 1177 1178 1179
f 1177 1179 1180
f 1181 1182 1183
f 1181 1183 1184
f 1185 1186 1187
f 1185 1187 1188
f 1189 1190 1191
f 1189 1191 1192
f 1193 1194 1195
f 1193 1195 1196
f 1197 1198 1199
f 1197 1199 1200
f 1201 1202 1203
f 1201 1203 1204
f 1205 1206 1207
f 1205 1207 1208
f 1209 1210 1211
f 1209 1211 1212
f 1213 1214 1215
f 1213 1215 1216
f 1217 1218 1219
f 1217 1219 1220
f 1221 1222 1223
f 1221 1223 1224
f 1225 1226 1227
f 1225 1227 1228
f 1229 1230 1231
f 1229 1231 1232
f 1233 1234 1235
f 1233 1235 1236
f 1237 1238 1239
f 1237 1239 1240
f 1241 1242 1243
f 1241 1243 1244
f 1245 1246 1247
f 1245 1247 1248
f 1249 1250 1251
f 1249 1251 1252
f 1253 1254 1255
f 1253 1255 1256
f 1257 1258 1259
f 1257 1259 1260
f 1261 1262 1263
f 1261 1263 1264
f 1265 1266 1267
f 1265 1267 1268
f 1269 1270 1271
f 1269 1271 1272
f 1273 1274 1275
f 1273 1275 1276
f 1277 1278 1279
f 1277 1279 1280
f 1281 1282 1283
f 1281 1283 1284
f 1285 1286 1287
f 1285 1287 1288
f 1289 1290 1291
f 1289 1291 1292
f 1293 1294 1295
f 1293 1295 1296
f 1297 1298 1299
f 1297 1299 1300
f 1301 1302 1303
f 1301 1303 1304
f 1305 1306 1307
f 1305 1307 1308
f 1309 1310 1311
f 1309 1311 1312
f 1313 1314 1315
f 1313 1315 1316
f 1317 1318 1319
f 1317 1319 1320
f 1321 1322 1323
f 1321 1323 1324
f 1325 1326 1327
f 1325 1327 1328
f 1329 1330 1331
f 1329 1331 1332
f 1333 1334 1335
f 1333 1335 1336
f 1337 1338 1339
f 1337 1339 1340
f 1341 1342 1343
f 1341 1343 1344
f 1345 1346 1347
f 1345 1347 1348
f 1349 1350 1351
f 1349 1351 1352
f 1353 1354 1355
f 1353 1355 1356
f 1357 1358 1359
f 1357 1359 1360
f 1361 1362 1363
f 1361 1363 1364
f 1365 1366 1367
f 1365 1367 1368
f 1369 1370 1371
f 1369 1371 1372
f 1373 1374 1375
f 1373 1375 1376
f 1377 1378 1379
f 1377 1379 1380
f 1381 1382 1383
f 1381 1383 1384
f 1385 1386 1387
f 1385 1387 1388
f 1389 1390 1391
f 1389 1391 1392
f 1393 1394 1395
f 1393 1395 1396
f 1397 1398 1399
f 1397 1399 1400
f 1401 1402 1403
f 1401 1403 1404
f 1405 1406 1407
f 1405 1407 1408
f 1409 1410 1411
f 1409 1411 1412
f 1413 1414 1415
f 1413 1415 1416
f 1417 1418 1419
f 1417 1419 1420
f 1421 1422 1423
f 1421 1423 1424
f 1425 1426 1427
f 1425 1427 1428
f 1429 1430 1431
f 1429 1431 1432
f 1433 1434 1435
f 1433 1435 1436
f 1437 1438 1439
f 1437 1439 1440
f 1441 1442 1443
f 1441 1443 1444
f 1445 1446 1447
f 1445 1447 1448
f 1449 1450 1451
f 1449 1451 1452
f 1453 1454 1455
f 1453 1455 1456
f 1457 1458 1459
f 1457 1459 1460
f 1461 1462 1463
f 1461 1463 1464
f 1465 1466 1467
f 1465 1467 1468
f 1469 1470 1471
f 1469 1471 1472
f 1473 1474 1475
f 1473 1475 1476
f 1477 1478 1479
f 1477 1479 1480
f 1481 1482 1483
f 1481 1483 1484
f 1485 1486 1487
f 1485 1487 1488
f 1489 1490 1491
f 1489 1491 1492
f 1493 1494 1495
f 1493 1495 1496
f 1497 1498 1499
f 1497 1499 1500
f 1501 1502 1503
f 1501 1503 1504
f 1505 1506 1507
f 1505 1507 1508
f 1509 1510 1511
f 1509 1511 1512
f 1513 1514 1515
f 1513 1515 1516
f 1517 1518 1519
f 1517 1519 1520
f 1521 1522 1523
f 1521 1523 1524
f 1525 1526 1527
f 1525 1527 1528
f 1529 1530 1531
f 1529 1531 1532
f 1533 1534 1535
f 1533 1535 1536
f 1537 1538 1539
f 1537 1539 1540
f 1541 1542 1543
f 1541 1543 1544
f 1545 1546 1547
f 1545 1547 1548
f 1549 1550 1551
f 1549 1551 1552
f 1553 1554 1555
f 1553 1555 1556
f 1557 1558 1559
f 1557 1559 1560
f 1561 1562 1563
f 1561 1563 1564
f 1565 1566 1567
f 1565 1567 1568
f 1569 1570 1571
f 1569 1571 1572
f 1573 1574 1575
f 1573 1575 1576
f 1577 1578 1579
f 1577 1579 1580
f 1581 1582 1583
f 1581 1583 1584
f 1585 1586 1587
f 1585 1587 1588
f 1589 1590 1591
f 1589 1591 1592
f 1593 1594 1595
f 1593 1595 1596
f 1597 1598 1599
f 1597 1599 1600
f 1601 1602 1603
f 1601 1603 1604
f 1605 1606 1607
f 1605 1607 1608
f 1609 1610 1611
f 1609 1611 1612
f 1613 1614 1615
f 1613 1615 1616
f 1617 1618 1619
f 1617 1619 1620
f 1621 1622 1623
f 1621 1623 1624
f 1625 1626 1627
f 1625 1627 1628
f 1629 1630 1631
f 1629 1631 1632
f 1633 1634 1635
f 1633 1635 1636
f 1637 1638 1639
f 1637 1639 1640
f 1641 1642 1643
f 1641 1643 1644
f 1645 1646 1647
f 1645 1647 1648
f 1649 1650 1651
f 1649 1651 1652
f 1653 1654 1655
f 1653 1655 1656
f 1657 1658 1659
f 1657 1659 1660
f 1661 1662 1663
f 1661 1663 1664
f 1665 1666 1667
f 1665 1667 1668
f 1669 1670 1671
f 1669 1671 1672
f 1673 1674 1675
f 1673 1675 1676
f 1677 1678 1679
f 1677 1679 1680
f 1681 1682 1683
f 1681 1683 1684
f 1685 1686 1687
f 1685 1687 1688
f 1689 1690 1691
f 1689 1691 1692
f 1693 1694 1695
f 1693 1695 1696
f 1697 1698 1699
f 1697 1699 1700
f 1701 1702 1703
f 1701 1703 1704
f 1705 1706 1707
f 1705 1707 1708
f 1709 1710 1711
f 1709 1711 1712
f 1713 1714 1715
f 1713 1715 1716
f 1717 1718 1719
f 1717 1719 1720
f 1721 1722 1723
f 1721 1723 1724
f 1725 1726 1727
f 1725 1727 1728
f 1729 1730 1731
f 1729 1731 1732
f 1733 1734 1735
f 1733 1735 1736
f 1737 1738 1739
f 1737 1739 1740
f 1741 1742 1743
f 1741 1743 1744
f 1745 1746 1747
f 1745 1747 1748
f 1749 1750 1751
f 1749 1751 1752
f 1753 1754 1755
f 1753 1755 1756
f 1757 1758 1759
f 1757 1759 1760
f 1761 1762 1763
f 1761 1763 1764
f 1765 1766 1767
f 1765 1767 1768
f 1769 1770 1771
f 1769 1771 1772
f 1773 1774 1775
f 1773 1775 1776
f 1777 1778 1779
f 1777 1779 1780
f 1781 1782 1783
f 1781 1783 1784
f 1785 1786 1787
f 1785 1787 1788
f 1789 1790 1791
f 1789 1791 1792
f 1793 1794 1795
f 1793 1795 1796
f 1797 1798 1799
f 1797 1799 1800
f 1801 1802 1803
f 1801 1803 1804
f 1805 1806 1807
f 1805 1807 1808
f 1809 1810 1811
f 1809 1811 1812
f 1813 1814 1815
f 1813 1815 1816
f 1817 1818 1819
f 1817 1819 1820
f 1821 1822 1823
f 1821 1823 1824
f 1825 1826 1827
f 1825 1827 1828
f 1829 1830 1831
f 1829 1831 1832
f 1833 1834 1835
f 1833 1835 1836
f 1837 1838 1839
f 1837 1839 1840
f 1841 1842 1843
f 1841 1843 1844
f 1845 1846 1847
f 1845 1847 1848
f 1849 1850 1851
f 1849 1851 1852
f 1853 1854 1855
f 1853 1855 1856
f 1857 1858 1859
f 1857 1859 1860
f 1861 1862 1863
f 1861 1863 1864
f 1865 1866 1867
f 1865 1867 1868
f 1869 1870 1871
f 1869 1871 1872
f 1873 1874 1875
f 1873 1875 1876
f 1877 1878 1879
f 1877 1879 1880
f 1881 1882 1883
f 1881 1883 1884
f 1885 1886 1887
f 1885 1887 1888
f 1889 1890 1891
f 1889 1891 1892
f 1893 1894 1895
f 1893 1895 1896
f 1897 1898 1899
f 1897 1899 1900
f 1901 1902 1903
f 1901 1903 1904
f 1905 1906 1907
f 1905 1907 1908
f 1909 1910 1911
f 1909 1911 1912
f 1913 1914 1915
f 1913 1915 1916
f 1917 1918 1919
f 1917 1919 1920
f 1921 1922 1923
f 1921 1923 1924
f 1925 1926 1927
f 1925 1927 1928
f 1929 1930 1931
f 1929 1931 1932
f 1933 1934 1935
f 1933 1935 1936
f 1937 1938 1939
f 1937 1939 1940
f 1941 1942 1943
f 1941 1943 1944
f 1945 1946 1947
f 1945 1947 1948
f 1949 1950 1951
f 1949 1951 1952
f 1953 1954 1955
f 1953 1955 1956
f 1957 1958 1959
f 1957 1959 1960
f 1961 1962 1963
f 1961 1963 1964
f 1965 1966 1967
f 1965 1967 1968
f 1969 1970 1971
f 1969 1971 1972
f 1973 1974 1975
f 1973 1975 1976
f 1977 1978 1979
f 1977 1979 1980
f 1981 1982 1983
f 1981 1983 1984
f 1985 1986 1987
f 1985 1987 1988
f 1989 1990 1991
f 1989 1991 1992
f 1993 1994 1995
f 1993 1995 1996
f 1997 1998 1999
f 1997 1999 2000
f 2001 2002 2003
f 2001 2003 2004
f 2005 2006 2007
f 2005 2007 2008
f 2009 2010 2011
f 2009 2011 2012
f 2013 2014 2015
f 2013 2015 2016
f 2017 2018 2019
f 2017 2019 2020
f 2021 2022 2023
f 2021 2023 2024
f 2025 2026 2027
f 2025 2027 2028
f 2029 2030 2031
f 2029 2031 2032
f 2033 2034 2035
f 2033 2035 2036
f 2037 2038 2039
f 2037 2039 2040
f 2041 2042 2043
f 2041 2043 2044
f 2045 2046 2047
f 2045 2047 2048
f 2049 2050 2051
f 2049 2051 2052
f 2053 2054 2055
f 2053 2055 2056
f 2057 2058 2059
f 2057 2059 2060
f 2061 2062 2063
f 2061 2063 2064
f 2065 2066 2067
f 2065 2067 2068
f 2069 2070 2071
f 2069 2071 2072
f 2073 2074 2075
f 2073 2075 2076
f 2077 2078 2079
f 2077 2079 2080
f 2081 2082 2083
f 2081 2083 2084
f 2085 2086 2087
f 2085 2087 2088
f 2089 2090 2091
f 2089 2091 2092
f 2093 2094 2095
f 2093 2095 2096
f 2097 2098 2099
f 2097 2099 2100
f 2101 2102 2103
f 2101 2103 2104
f 2105 2106 2107
f 2105 2107 2108
f 2109 2110 2111
f 2109 2111 2112
f 2113 2114 2115
f 2113 2115 2116
f 2117 2118 2119
f 2117 2119 2120
f 2121 2122 2123
f 2121 2123 2124
f 2125 2126 2127
f 2125 2127 2128
f 2129 2130 2131
f 2129 2131 2132
f 2133 2134 2135
f 2133 2135 2136
f 2137 2138 2139
f 2137 2139 2140
f 2141 2142 2143
f 2141 2143 2144
f 2145 2146 2147
f 2145 2147 2148
f 2149 2150 2151
f 2149 2151 2152
f 2153 2154 2155
f 2153 2155 2156
f 2157 2158 2159
f 2157 2159 2160
f 2161 2162 2163
f 2161 2163 2164
f 2165 2166 2167
f 2165 2167 2168
f 2169 2170 2171
f 2169 2171 2172
f 2173 2174 2175
f 2173 2175 2176
f 2177 2178 2179
f 2177 2179 2180
f 2181 2182 2183
f 2181 2183 2184
f 2185 2186 2187
f 2185 2187 2188
f 2189 2190 2191
f 2189 2191 2192
f 2193 2194 2195
f 2193 2195 2196
f 2197 2198 2199
f 2197 2199 2200
f 2201 2202 2203
f 2201 2203 2204
f 2205 2206 2207
f 2205 2207 2208
f 2209 2210 2211
f 2209 2211 2212
f 2213 2214 2215
f 2213 2215 2216
f 2217 2218 2219
f 2217 2219 2220
f 2221 2222 2223
f 2221 2223 2224
f 2225 2226 2227
f 2225 2227 2228
f 2229 2230 2231
f 2229 2231 2232
f 2233 2234 2235
f 2233 2235 2236
f 2237 2238 2239
f 2237 2239 2240
f 2241 2242 2243
f 2241 2243 2244
f 2245 2246 2247
f 2245 2247 2248
f 2249 2250 2251
f 2249 2251 2252
f 2253 2254 2255
f 2253 2255 2256
f 2257 2258 2259
f 2257 2259 2260
f 2261 2262 2263
f 2261 2263 2264
f 2265 2266 2267
f 2265 2267 2268
f 2269 2270 2271
f 2269 2271 2272
f 2273 2274 2275
f 2273 2275 2276
f 2277 2278 2279
f 2277 2279 2280
f 2281 2282 2283
f 2281 2283 2284
f 2285 2286 2287
f 2285 2287 2288
f 2289 2290 2291
f 2289 2291 2292
f 2293 2294 2295
f 2293 2295 2296
f 2297 2298 2299
f 2297 2299 2300
f 2301 2302 2303
f 2301 2303 2304
f 2305 2306 2307
f 2305 2307 2308
f 2309 2310 2311
f 2309 2311 2312
f 2313 2314 2315
f 2313 2315 2316
f 2317 2318 2319
f 2317 2319 2320
f 2321 2322 2323
f 2321 2323 2324
f 2325 2326 2327
f 2325 2327 2328
f 2329 2330 2331
f 2329 2331 2332
f 2333 2334 2335
f 2333 2335 2336
f 2337 2338 2339
f 2337 2339 2340
f 2341 2342 2343
f 2341 2343 2344
f 2345 2346 2347
f 2345 2347 2348
f 2349 2350 2351
f 2349 2351 2352
f 2353 2354 2355
f 2353 2355 2356
f 2357 2358 2359
f 2357 2359 2360
f 2361 2362 2363
f 2361 2363 2364
f 2365 2366 2367
f 2365 2367 2368
f 2369 2370 2371
f 2369 2371 2372
f 2373 2374 2375
f 2373 2375 2376
f 2377 2378 2379
f 2377 2379 2380
f 2381 2382 2383
f 2381 2383 2384
f 2385 2386 2387
f 2385 2387 2388
f 2389 2390 2391
f 2389 2391 2392
f 2393 2394 2395
f 2393 2395 2396
f 2397 2398 2399
f 2397 2399 2400
f 2401 2402 2403
f 2401 2403 2404
f 2405 2406 2407
f 2405 2407 2408
f 2409 2410 2411
f 2409 2411 2412
f 2413 2414 2415
f 2413 2415 2416
f 2417 2418 2419
f 2417 2419 2420
f 2421 2422 2423
f 2421 2423 2424
f 2425 2426 2427
f 2425 2427 2428
f 2429 2430 2431
f 2429 2431 2432
f 2433 2434 2435
f 2433 2435 2436
f 2437 2438 2439
f 2437 2439 2440
f 2441 2442 2443
f 2441 2443 2444
f 2445 2446 2447
f 2445 2447 2448
f 2449 2450 2451
f 2449 2451 2452
f 2453 2454 2455
f 2453 2455 2456
f 2457 2458 2459
f 2457 2459 2460
f 2461 2462 2463
f 2461 2463 2464
f 2465 2466 2467
f 2465 2467 2468
f 2469 2470 2471
f 2469 2471 2472
f 2473 2474 2475
f 2473 2475 2476
f 2477 2478 2479
f 2477 2479 2480
f 2481 2482 2483
f 2481 2483 2484
f 2485 2486 2487
f 2485 2487 2488
f 2489 2490 2491
f 2489 2491 2492
f 2493 2494 2495
f 2493 2495 2496
f 2497 2498 2499
f 2497 2499 2500
f 2501 2502 2503
f 2501 2503 2504
f 2505 2506 2507
f 2505 2507 2508
f 2509 2510 2511
f 2509 2511 2512
f 2513 2514 2515
f 2513 2515 2516
f 2517 2518 2519
f 2517 2519 2520
f 2521 2522 2523
f 2521 2523 2524
f 2525 2526 2527
f 2525 2527 2528
f 2529 2530 2531
f 2529 2531 2532
f 2533 2534 2535
f 2533 2535 2536
f 2537 2538 2539
f 2537 2539 2540
f 2541 2542 2543
f 2541 2543 2544
f 2545 2546 2547
f 2545 2547 2548
f 2549 2550 2551
f 2549 2551 2552
f 2553 2554 2555
f 2553 2555 2556
f 2557 2558 2559
f 2557 2559 2560
f 2561 2562 2563
f 2561 2563 2564
f 2565 2566 2567
f 2565 2567 2568
f 2569 2570 2571
f 2569 2571 2572
f 2573 2574 2575
f 2573 2575 2576
f 2577 2578 2579
f 2577 2579 2580
f 2581 2582 2583
f 2581 2583 2584
f 2585 2586 2587
f 2585 2587 2588
f 2589 2590 2591
f 2589 2591 2592
f 2593 2594 2595
f 2593 2595 2596
f 2597 2598 2599
f 2597 2599 2600
f 2601 2602 2603
f 2601 2603 2604
f 2605 2606 2607
f 2605 2607 2608
f 2609 2610 2611
f 2609 2611 2612
f 2613 2614 2615
f 2613 2615 2616
f 2617 2618 2619
f 2617 2619 2620
f 2621 2622 2623
f 2621 2623 2624
f 2625 2626 2627
f 2625 2627 2628
f 2629 2630 2631
f 2629 2631 2632
f 2633 2634 2635
f 2633 2635 2636
f 2637 2638 2639
f 2637 2639 2640
f 2641 2642 2643
f 2641 2643 2644
f 2645 2646 2647
f 2645 2647 2648
f 2649 2650 2651
f 2649 2651 2652
f 2653 2654 2655
f 2653 2655 2656
f 2657 2658 2659
f 2657 2659 2660
f 2661 2662 2663
f 2661 2663 2664
f 2665 2666 2667
f 2665 2667 2668
f 2669 2670 2671
f 2669 2671 2672
f 2673 2674 2675
f 2673 2675 2676
f 2677 2678 2679
f 2677 2679 2680
f 2681 2682 2683
f 2681 2683 2684
f 2685 2686 2687
f 2685 2687 2688
f 2689 2690 2691
f 2689 2691 2692
f 2693 2694 2695
f 2693 2695 2696
f 2697 2698 2699
f 2697 2699 2700
f 2701 2702 2703
f 2701 2703 2704
f 2705 2706 2707
f 2705 2707 2708
f 2709 2710 2711
f 2709 2711 2712
f 2713 2714 2715
f 2713 2715 2716
f 2717 2718 2719
f 2717 2719 2720
f 2721 2722 2723
f 2721 2723 2724
f 2725 2726 2727
f 2725 2727 2728
f 2729 2730 2731
f 2729 2731 2732
f 2733 2734 2735
f 2733 2735 2736
f 2737 2738 2739
f 2737 2739 2740
f 2741 2742 2743
f 2741 2743 2744
f 2745 2746 2747
f 2745 2747 2748
f 2749 2750 2751
f 2749 2751 2752
f 2753 2754 2755
f 2753 2755 2756
f 2757 2758 2759
f 2757 2759 2760
f 2761 2762 2763
f 2761 2763 2764
f 2765 2766 2767
f 2765 2767 2768
f 2769 2770 2771
f 2769 2771 2772
f 2773 2774 2775
f 2773 2775 2776
f 2777 2778 2779
f 2777 2779 2780
f 2781 2782 2783
f 2781 2783 2784
f 2785 2786 2787
f 2785 2787 2788
f 2789 2790 2791
f 2789 2791 2792
f 2793 2794 2795
f 2793 2795 2796
f 2797 2798 2799
f 2797 2799 2800
f 2801 2802 2803
f 2801 2803 2804
f 2805 2806 2807
f 2805 2807 2808
f 2809 2810 2811
f 2809 2811 2812
f 2813 2814 2815
f 2813 2815 2816
f 2817 2818 2819
f 2817 2819 2820
f 2821 2822 2823
f 2821 2823 2824
f 2825 2826 2827
f 2825 2827 2828
f 2829 2830 2831
f 2829 2831 2832
f 2833 2834 2835
f 2833 2835 2836
f 2837 2838 2839
f 2837 2839 2840
f 2841 2842 2843
f 2841 2843 2844
f 2845 2846 2847
f 2845 2847 2848
f 2849 2850 2851
f 2849 2851 2852
f 2853 2854 2855
f 2853 2855 2856
f 2857 2858 2859
f 2857 2859 2860
f 2861 2862 2863
f 2861 2863 2864
f 2865 2866 2867
f 2865 2867 2868
f 2869 2870 2871
f 2869 2871 2872
f 2873 2874 2875
f 2873 2875 2876
f 2877 2878 2879
f 2877 2879 2880
f 2881 2882 2883
f 2881 2883 2884
f 2885 2886 2887
f 2885 2887 2888
f 2889 2890 2891
f 2889 2891 2892
f 2893 2894 2895
f 2893 2895 2896
f 2897 2898 2899
f 2897 2899 2900
f 2901 2902 2903
f 2901 2903 2904
f 2905 2906 2907
f 2905 2907 2908
f 2909 2910 2911
f 2909 2911 2912
f 2913 2914 2915
f 2913 2915 2916
f 2917 2918 2919
f 2917 2919 2920
f 2921 2922 2923
f 2921 2923 2924
f 2925 2926 2927
f 2925 2927 2928
f 2929 2930 2931
f 2929 2931 2932
f 2933 2934 2935
f 2933 2935 2936
f 2937 2938 2939
f 2937 2939 2940
f 2941 2942 2943
f 2941 2943 2944
f 2945 2946 2947
f 2945 2947 2948
f 2949 2950 2951
f 2949 2951 2952
f 2953 2954 2955
f 2953 2955 2956
f 2957 2958 2959
f 2957 2959 2960
f 2961 2962 2963
f 2961 2963 2964
f 2965 2966 2967
f 2965 2967 2968
f 2969 2970 2971
f 2969 2971 2972
f 2973 2974 2975
f 2973 2975 2976
f 2977 2978 2979
f 2977 2979 2980
f 2981 2982 2983
f 2981 2983 2984
f 2985 2986 2987
f 2985 2987 2988
f 2989 2990 2991
f 2989 2991 2992
f 2993 2994 2995
f 2993 2995 2996
f 2997 2998 2999
f 2997 2999 3000
f 3001 3002 3003
f 3001 3003 3004
f 3005 3006 3007
f 3005 3007 3008
f 3009 3010 3011
f 3009 3011 3012
f 3013 3014 3015
f 3013 3015 3016
f 3017 3018 3019
f 3017 3019 3020
f 3021 3022 3023
f 3021 3023 3024
f 3025 3026 3027
f 3025 3027 3028
f 3029 3030 3031
f 3029 3031 3032
f 3033 3034 3035
f 3033 3035 3036
f 3037 3038 3039
f 3037 3039 3040
f 3041 3042 3043
f 3041 3043 3044
f 3045 3046 3047
f 3045 3047 3048
f 3049 3050 3051
f 3049 3051 3052
f 3053 3054 3055
f 3053 3055 3056
f 3057 3058 3059
f 3057 3059 3060
f 3061 3062 3063
f 3061 3063 3064
f 3065 3066 3067
f 3065 3067 3068
f 3069 3070 3071
f 3069 3071 3072
f 3073 3074 3075
f 3073 3075 3076
f 3077 3078 3079
f 3077 3079 3080
f 3081 3082 3083
f 3081 3083 3084
f 3085 3086 3087
f 3085 3087 3088
f 3089 3090 3091
f 3089 3091 3092
f 3093 3094 3095
f 3093 3095 3096
f 3097 3098 3099
f 3097 3099 3100
f 3101 3102 3103
f 3101 3103 3104
f 3105 3106 3107
f 3105 3107 3108
f 3109 3110 3111
f 3109 3111 3112
f 3113 3114 3115
f 3113 3115 3116
f 3117 3118 3119
f 3117 3119 3120
f 3121 3122 3123
f 3121 3123 3124
f 3125 3126 3127
f 3125 3127 3128
f 3129 3130 3131
f 3129 3131 3132
f 3133 3134 3135
f 3133 3135 3136
f 3137 3138 3139
f 3137 3139 3140
f 3141 3142 3143
f 3141 3143 3144
f 3145 3146 3147
f 3145 3147 3148
f 3149 3150 3151
f 3149 3151 3152
f 3153 3154 3155
f 3153 3155 3156
f 3157 3158 3159
f 3157 3159 3160
f 3161 3162 3163
f 3161 3163 3164
f 3165 3166 3167
f 3165 3167 3168
f 3169 3170 3171
f 3169 3171 3172
f 3173 3174 3175
f 3173 3175 3176
f 3177 3178 3179
f 3177 3179 3180
f 3181 3182 3183
f 3181 3183 3184
f 3185 3186 3187
f 3185 3187 3188
f 3189 3190 3191
f 3189 3191 3192
f 3193 3194 3195
f 3193 3195 3196
f 3197 3198 3199
f 3197 3199 3200
f 3201 3202 3203
f 3201 3203 3204
f 3205 3206 3207
f 3205 3207 3208
f 3209 3210 3211
f 3209 3211 3212
f 3213 3214 3215
f 3213 3215 3216
f 3217 3218 3219
f 3217 3219 3220
f 3221 3222 3223
f 3221 3223 3224
f 3225 3226 3227
f 3225 3227 3228
f 3229 3230 3231
f 3229 3231 3232
f 3233 3234 3235
f 3233 3235 3236
f 3237 3238 3239
f 3237 3239 3240
f 3241 3242 3243
f 3241 3243 3244
f 3245 3246 3247
f 3245 3247 3248
f 3249 3250 3251
f 3249 3251 3252
f 3253 3254 3255
f 3253 3255 3256
f 3257 3258 3259
f 3257 3259 3260
f 3261 3262 3263
f 3261 3263 3264
f 3265 3266 3267
f 3265 3267 3268
f 3269 3270 3271
f 3269 3271 3272
f 3273 3274 3275
f 3273 3275 3276
f 3277 3278 3279
f 3277 3279 3280
f 3281 3282 3283
f 3281 3283 3284
f 3285 3286 3287
f 3285 3287 3288
f 3289 3290 3291
f 3289 3291 3292
f 3293 3294 3295
f 3293 3295 3296
f 3297 3298 3299
f 3297 3299 3300
f 3301 3302 3303
f 3301 3303 3304
f 3305 3306 3307
f 3305 3307 3308
f 3309 3310 3311
f 3309 3311 3312
f 3313 3314 3315
f 3313 3315 3316
f 3317 3318 3319
f 3317 3319 3320
f 3321 3322 3323
f 3321 3323 3324
f 3325 3326 3327
f 3325 3327 3328
f 3329 3330 3331
f 3329 3331 3332
f 3333 3334 3335
f 3333 3335 3336
f 3337 3338 3339
f 3337 3339 3340
f 3341 3342 3343
f 3341 3343 3344
f 3345 3346 3347
f 3345 3347 3348
f 3349 3350 3351
f 3349 3351 3352
f 3353 3354 3355
f 3353 3355 3356
f 3357 3358 3359
f 3357 3359 3360
f 3361 3362 3363
f 3361 3363 3364
f 3365 3366 3367
f 3365 3367 3368
f 3369 3370 3371
f 3369 3371 3372
f 3373 3374 3375
f 3373 3375 3376
f 3377 3378 3379
f 3377 3379 3380
f 3381 3382 3383
f 3381 3383 3384
f 3385 3386 3387
f 3385 3387 3388
f 3389 3390 3391
f 3389 3391 3392
f 3393 3394 3395
f 3393 3395 3396
f 3397 3398 3399
f 3397 3399 3400
f 3401 3402 3403
f 3401 3403 3404
f 3405 3406 3407
f 3405 3407 3408
f 3409 3410 3411
f 3409 3411 3412
f 3413 3414 3415
f 3413 3415 3416
f 3417 3418 3419
f 3417 3419 3420
f 3421 3422 3423
f 3421 3423 3424
f 3425 3426 3427
f 3425 3427 3428
f 3429 3430 3431
f 3429 3431 3432
f 3433 3434 3435
f 3433 3435 3436
f 3437 3438 3439
f 3437 3439 3440
f 3441 3442 3443
f 3441 3443 3444
f 3445 3446 3447
f 3445 3447 3448
f 3449 3450 3451
f 3449 3451 3452
f 3453 3454 3455
f 3453 3455 3456
f 3457 3458 3459
f 3457 3459 3460
f 3461 3462 3463
f 3461 3463 3464
f 3465 3466 3467
f 3465 3467 3468
f 3469 3470 3471
f 3469 3471 3472
f 3473 3474 3475
f 3473 3475 3476
f 3477 3478 3479
f 3477 3479 3480
f 3481 3482 3483
f 3481 3483 3484
f 3485 3486 3487
f 3485 3487 3488
f 3489 3490 3491
f 3489 3491 3492
f 3493 3494 3495
f 3493 3495 3496
f 3497 3498 3499
f 3497 3499 3500
f 3501 3502 3503
f 3501 3503 3504
f 3505 3506 3507
f 3505 3507 3508
f 3509 3510 3511
f 3509 3511 3512
f 3513 3514 3515
f 3513 3515 3516
f 3517 3518 3519
f 3517 3519 3520
f 3521 3522 3523
f 3521 3523 3524
f 3525 3526 3527
f 3525 3527 3528
f 3529 3530 3531
f 3529 3531 3532
f 3533 3534 3535
f 3533 3535 3536
f 3537 3538 3539
f 3537 3539 3540
f 3541 3542 3543
f 3541 3543 3544
f 3545 3546 3547
f 3545 3547 3548
f 3549 3550 3551
f 3549 3551 3552
f 3553 3554 3555
f 3553 3555 3556
f 3557 3558 3559
f 3557 3559 3560
f 3561 3562 3563
f 3561 3563 3564
f 3565 3566 3567
f 3565 3567 3568
f 3569 3570 3571
f 3569 3571 3572
f 3573 3574 3575
f 3573 3575 3576
f 3577 3578 3579
f 3577 3579 3580
f 3581 3582 3583
f 3581 3583 3584
f 3585 3586 3587
f 3585 3587 3588
f 3589 3590 3591
f 3589 3591 3592
f 3593 3594 3595
f 3593 3595 3596
f 3597 3598 3599
f 3597 3599 3600
f 3601 3602 3603
f 3601 3603 3604
f 3605 3606 3607
f 3605 3607 3608
f 3609 3610 3611
f 3609 3611 3612
f 3613 3614 3615
f 3613 3615 3616
f 3617 3618 3619
f 3617 3619 3620
f 3621 3622 3623
f 3621 3623 3624
f 3625 3626 3627
f 3625 3627 3628
f 3629 3630 3631
f 3629 3631 3632
f 3633 3634 3635
f 3633 3635 3636
f 3637 3638 3639
f 3637 3639 3640
f 3641 3642 3643
f 3641 3643 3644
f 3645 3646 3647
f 3645 3647 3648
f 3649 3650 3651
f 3649 3651 3652
f 3653 3654 3655
f 3653 3655 3656
f 3657 3658 3659
f 3657 3659 3660
f 3661 3662 3663
f 3661 3663 3664
f 3665 3666 3667
f 3665 3667 3668
f 3669 3670 3671
f 3669 3671 3672
f 3673 3674 3675
f 3673 3675 3676
f 3677 3678 3679
f 3677 3679 3680
f 3681 3682 3683
f 3681 3683 3684
f 3685 3686 3687
f 3685 3687 3688
f 3689 3690 3691
f 3689 3691 3692
f 3693 3694 3695
f 3693 3695 3696
f 3697 3698 3699
f 3697 3699 3700
f 3701 3702 3703
f 3701 3703 3704
f 3705 3706 3707
f 3705 3707 3708
f 3709 3710 3711
f 3709 3711 3712
f 3713 3714 3715
f 3713 3715 3716
f 3717 3718 3719
f 3717 3719 3720
f 3721 3722 3723
f 3721 3723 3724
f 3725 3726 3727
f 3725 3727 3728
f 3729 3730 3731
f 3729 3731 3732
f 3733 3734 3735
f 3733 3735 3736
f 3737 3738 3739
f 3737 3739 3740
f 3741 3742 3743
f 3741 3743 3744
f 3745 3746 3747
f 3745 3747 3748
f 3749 3750 3751
f 3749 3751 3752
f 3753 3754 3755
f 3753 3755 3756
f 3757 3758 3759
f 3757 3759 3760
f 3761 3762 3763
f 3761 3763 3764
f 3765 3766 3767
f 3765 3767 3768
f 3769 3770 3771
f 3769 3771 3772
f 3773 3774 3775
f 3773 3775 3776
f 3777 3778 3779
f 3777 3779 3780
f 3781 3782 3783
f 3781 3783 3784
f 3785 3786 3787
f 3785 3787 3788
f 3789 3790 3791
f 3789 3791 3792
f 3793 3794 3795
f 3793 3795 3796
f 3797 3798 3799
f 3797 3799 3800
f 3801 3802 3803
f 3801 3803 3804
f 3805 3806 3807
f 3805 3807 3808
f 3809 3810 3811
f 3809 3811 3812
f 3813 3814 3815
f 3813 3815 3816
f 3817 3818 3819
f 3817 3819 3820
f 3821 3822 3823
f 3821 3823 3824
f 3825 3826 3827
f 3825 3827 3828
f 3829 3830 3831
f 3829 3831 3832
f 3833 3834 3835
f 3833 3835 3836
f 3837 3838 3839
f 3837 3839 3840
f 3841 3842 3843
f 3841 3843 3844
f 3845 3846 3847
f 3845 3847 3848
f 3849 3850 3851
f 3849 3851 3852
f 3853 3854 3855
f 3853 3855 3856
f 3857 3858 3859
f 3857 3859 3860
f 3861 3862 3863
f 3861 3863 3864
f 3865 3866 3867
f 3865 3867 3868
f 3869 3870 3871
f 3869 3871 3872
f 3873 3874 3875
f 3873 3875 3876
f 3877 3878 3879
f 3877 3879 3880
f 3881 3882 3883
f 3881 3883 3884
f 3885 3886 3887
f 3885 3887 3888
f 3889 3890 3891
f 3889 3891 3892
f 3893 3894 3895
f 3893 3895 3896
f 3897 3898 3899
f 3897 3899 3900
f 3901 3902 3903
f 3901 3903 3904
f 3905 3906 3907
f 3905 3907 3908
f 3909 3910 3911
f 3909 3911 3912
f 3913 3914 3915
f 3913 3915 3916
f 3917 3918 3919
f 3917 3919 3920
f 3921 3922 3923
f 3921 3923 3924
f 3925 3926 3927
f 3925 3927 3928
f 3929 3930 3931
f 3929 3931 3932
f 3933 3934 3935
f 3933 3935 3936
f 3937 3938 3939
f 3937 3939 3940
f 3941 3942 3943
f 3941 3943 3944
f 3945 3946 3947
f 3945 3947 3948
f 3949 3950 3951
f 3949 3951 3952
f 3953 3954 3955
f 3953 3955 3956
f 3957 3958 3959
f 3957 3959 3960
f 3961 3962 3963
f 3961 3963 3964
f 3965 3966 3967
f 3965 3967 3968
f 3969 3970 3971
f 3969 3971 3972
f 3973 3974 3975
f 3973 3975 3976
f 3977 3978 3979
f 3977 3979 3980
f 3981 3982 3983
f 3981 3983 3984
f 3985 3986 3987
f 3985 3987 3988
f 3989 3990 3991
f 3989 3991 3992
f 3993 3994 3995
f 3993 3995 3996
f 3997 3998 3999
f 3997 3999 4000
f 4001 4002 4003
f 4001 4003 4004
f 4005 4006 4007
f 4005 4007 4008
f 4009 4010 4011
f 4009 4011 4012
f 4013 4014 4015
f 4013 4015 4016
f 4017 4018 4019
f 4017 4019 4020
f 4021 4022 4023
f 4021 4023 4024
f 4025 4026 4027
f 4025 4027 4028
f 4029 4030 4031
f 4029 4031 4032
f 4033 4034 4035
f 4033 4035 4036
f 4037 4038 4039
f 4037 4039 4040
f 4041 4042 4043
f 4041 4043 4044
f 4045 4046 4047
f 4045 4047 4048
f 4049 4050 4051
f 4049 4051 4052
f 4053 4054 4055
f 4053 4055 4056
f 4057 4058 4059
f 4057 4059 4060
f 4061 4062 4063
f 4061 4063 4064
f 4065 4066 4067
f 4065 4067 4068
f 4069 4070 4071
f 4069 4071 4072
f 4073 4074 4075
f 4073 4075 4076
f 4077 4078 4079
f 4077 4079 4080
f 4081 4082 4083
f 4081 4083 4084
f 4085 4086 4087
f 4085 4087 4088
f 4089 4090 4091
f 4089 4091 4092
f 4093 4094 4095
f 4093 4095 4096
f 4097 4098 4099
f 4097 4099 4100
f 4101 4102 4103
f 4101 4103 4104
f 4105 4106 4107
f 4105 4107 4108
f 4109 4110 4111
f 4109 4111 4112
f 4113 4114 4115
f 4113 4115 4116
f 4117 4118 4119
f 4117 4119 4120
f 4121 4122 4123
f 4121 4123 4124
f 4125 4126 4127
f 4125 4127 4128
f 4129 4130 4131
f 4129 4131 4132
f 4133 4134 4135
f 4133 4135 4136
f 4137 4138 4139
f 4137 4139 4140
f 4141 4142 4143
f 4141 4143 4144
f 4145 4146 4147
f 4145 4147 4148
f 4149 4150 4151
f 4149 4151 4152
f 4153 4154 4155
f 4156 4157 4158
f 4159 4160 4161
f 4162 4163 4164
f 4165 4166 4167
f 4168 4169 4170
f 4171 4172 4173
f 4174 4175 4176
f 4177 4178 4179
f 4180 4181 4182
f 4183 4184 4185
f 4186 4187 4188
f 4189 4190 4191
f 4192 4193 4194
f 4195 4196 4197
f 4198 4199 4200
f 4201 4202 4203
f 4201 4203 4204
f 4205 4206 4207
f 4205 4207 4208
f 4209 4210 4211
f 4209 4211 4212
f 4213 4214 4215
f 4213 4215 4216
f 4217 4218 4219
f 4217 4219 4220
f 4221 4222 4223
f 4221 4223 4224
f 4225 4226 4227
f 4225 4227 4228
f 4229 4230 4231
f 4229 4231 4232
f 4233 4234 4235
f 4233 4235 4236
f 4237 4238 4239
f 4237 4239 4240
f 4241 4242 4243
f 4241 4243 4244
f 4245 4246 4247
f 4245 4247 4248
f 4249 4250 4251
f 4249 4251 4252
f 4253 4254 4255
f 4253 4255 4256
f 4257 4258 4259
f 4257 4259 4260
f 4261 4262 4263
f 4261 4263 4264
f 4265 4266 4267
f 4268 4269 4270
f 4271 4272 4273
f 4274 4275 4276
f 4277 4278 4279
f 4280 4281 4282
f 4283 4284 4285
f 4286 4287 4288
f 4289 4290 4291
f 4292 4293 4294
f 4295 4296 4297
f 4298 4299 4300
f 4301 4302 4303
f 4304 4305 4306
f 4307 4308 4309
f 4310 4311 4312
f 4313 4314 4315
f 4313 4315 4316
f 4317 4318 4319
f 4317 4319 4320
f 4321 4322 4323
f 4321 4323 4324
f 4325 4326 4327
f 4325 4327 4328
f 4329 4330 4331
f 4329 4331 4332
f 4333 4334 4335
f 4333 4335 4336
f 4337 4338 4339
f 4337 4339 4340
f 4341 4342 4343
f 4341 4343 4344
f 4345 4346 4347
f 4345 4347 4348
f 4349 4350 4351
f 4349 4351 4352
f 4353 4354 4355
f 4353 4355 4356
f 4357 4358 4359
f 4357 4359 4360
f 4361 4362 4363
f 4361 4363 4364
f 4365 4366 4367
f 4365 4367 4368
f 4369 4370 4371
f 4369 4371 4372
f 4373 4374 4375
f 4373 4375 4376
f 4377 4378 4379
f 4380 4381 4382
f 4383 4384 4385
f 4386 4387 4388
f 4389 4390 4391
f 4392 4393 4394
f 4395 4396 4397
f 4398 4399 4400
f 4401 4402 4403
f 4404 4405 4406
f 4407 4408 4409
f 4410 4411 4412
f 4413 4414 4415
f 4416 4417 4418
f 4419 4420 4421
f 4422 4423 4424
f 4425 4426 4427
f 4425 4427 4428
f 4429 4430 4431
f 4429 4431 4432
f 4433 4434 4435
f 4433 4435 4436
f 4437 4438 4439
f 4437 4439 4440
f 4441 4442 4443
f 4441 4443 4444
f 4445 4446 4447
f 4445 4447 4448
f 4449 4450 4451
f 4449 4451 4452
f 4453 4454 4455
f 4453 4455 4456
f 4457 4458 4459
f 4457 4459 4460
f 4461 4462 4463
f 4461 4463 4464
f 4465 4466 4467
f 4465 4467 4468
f 4469 4470 4471
f 4469 4471 4472
f 4473 4474 4475
f 4473 4475 4476
f 4477 4478 4479
f 4477 4479 4480
f 4481 4482 4483
f 4481 4483 4484
f 4485 4486 4487
f 4485 4487 4488
f 4489 4490 4491
f 4492 4493 4494
f 4495 4496 4497
f 4498 4499 4500
f 4501 4502 4503
f 4504 4505 4506
f 4507 4508 4509
f 4510 4511 4512
f 4513 4514 4515
f 4516 4517 4518
f 4519 4520 4521
f 4522 4523 4524
f 4525 4526 4527
f 4528 4529 4530
f 4531 4532 4533
f 4534 4535 4536
f 4537 4538 4539
f 4537 4539 4540
f 4541 4542 4543
f 4541 4543 4544
f 4545 4546 4547
f 4545 4547 4548
f 4549 4550 4551
f 4549 4551 4552
f 4553 4554 4555
f 4553 4555 4556
f 4557 4558 4559
f 4557 4559 4560
f 4561 4562 4563
f 4561 4563 4564
f 4565 4566 4567
f 4565 4567 4568
f 4569 4570 4571
f 4569 4571 4572
f 4573 4574 4575
f 4573 4575 4576
f 4577 4578 4579
f 4577 4579 4580
f 4581 4582 4583
f 4581 4583 4584
f 4585 4586 4587
f 4585 4587 4588
f 4589 4590 4591
f 4589 4591 4592
f 4593 4594 4595
f 4593 4595 4596
f 4597 4598 4599
f 4597 4599 4600
f 4601 4602 4603
f 4604 4605 4606
f 4607 4608 4609
f 4610 4611 4612
f 4613 4614 4615
f 4616 4617 4618
f 4619 4620 4621
f 4622 4623 4624
f 4625 4626 4627
f 4628 4629 4630
f 4631 4632 4633
f 4634 4635 4636
f 4637 4638 4639
f 4640 4641 4642
f 4643 4644 4645
f 4646 4647 4648
f 4649 4650 4651
f 4649 4651 4652
f 4653 4654 4655
f 4653 4655 4656
f 4657 4658 4659
f 4657 4659 4660
f 4661 4662 4663
f 4661 4663 4664
f 4665 4666 4667
f 4665 4667 4668
f 4669 4670 4671
f 4669 4671 4672
f 4673 4674 4675
f 4673 4675 4676
f 4677 4678 4679
f 4677 4679 4680
f 4681 4682 4683
f 4681 4683 4684
f 4685 4686 4687
f 4685 4687 4688
f 4689 4690 4691
f 4689 4691 4692
f 4693 4694 4695
f 4693 4695 4696
f 4697 4698 4699
f 4697 4699 4700
f 4701 4702 4703
f 4701 4703 4704
f 4705 4706 4707
f 4705 4707 4708
f 4709 4710 4711
f 4709 4711 4712
f 4713 4714 4715
f 4716 4717 4718
f 4719 4720 4721
f 4722 4723 4724
f 4725 4726 4727
f 4728 4729 4730
f 4731 4732 4733
f 4734 4735 4736
f 4737 4738 4739
f 4740 4741 4742
f 4743 4744 4745
f 4746 4747 4748
f 4749 4750 4751
f 4752 4753 4754
f 4755 4756 4757
f 4758 4759 4760
f 4761 4762 4763
f 4761 4763 4764
f 4765 4766 4767
f 4765 4767 4768
f 4769 4770 4771
f 4769 4771 4772
f 4773 4774 4775
f 4773 4775 4776
f 4777 4778 4779
f 4777 4779 4780
f 4781 4782 4783
f 4781 4783 4784
f 4785 4786 4787
f 4785 4787 4788
f 4789 4790 4791
f 4789 4791 4792
f 4793 4794 4795
f 4793 4795 4796
f 4797 4798 4799
f 4797 4799 4800
f 4801 4802 4803
f 4801 4803 4804
f 4805 4806 4807
f 4805 4807 4808
f 4809 4810 4811
f 4809 4811 4812
f 4813 4814 4815
f 4813 4815 4816
f 4817 4818 4819
f 4817 4819 4820
f 4821 4822 4823
f 4821 4823 4824
f 4825 4826 4827
f 4828 4829 4830
f 4831 4832 4833
f 4834 4835 4836
f 4837 4838 4839
f 4840 4841 4842
f 4843 4844 4845
f 4846 4847 4848
f 4849 4850 4851
f 4852 4853 4854
f 4855 4856 4857
f 4858 4859 4860
f 4861 4862 4863
f 4864 4865 4866
f 4867 4868 4869
f 4870 4871 4872
f 4873 4874 4875
f 4873 4875 4876
f 4877 4878 4879
f 4877 4879 4880
f 4881 4882 4883
f 4881 4883 4884
f 4885 4886 4887
f 4885 4887 4888
f 4889 4890 4891
f 4889 4891 4892
f 4893 4894 4895
f 4893 4895 4896
f 4897 4898 4899
f 4897 4899 4900
f 4901 4902 4903
f 4901 4903 4904
f 4905 4906 4907
f 4905 4907 4908
f 4909 4910 4911
f 4909 4911 4912
f 4913 4914 4915
f 4913 4915 4916
f 4917 4918 4919
f 4917 4919 4920
f 4921 4922 4923
f 4921 4923 4924
f 4925 4926 4927
f 4925 4927 4928
f 4929 4930 4931
f 4929 4931 4932
f 4933 4934 4935
f 4933 4935 4936
f 4937 4938 4939
f 4940 4941 4942
f 4943 4944 4945
f 4946 4947 4948
f 4949 4950 4951
f 4952 4953 4954
f 4955 4956 4957
f 4958 4959 4960
f 4961 4962 4963
f 4964 4965 4966
f 4967 4968 4969
f 4970 4971 4972
f 4973 4974 4975
f 4976 4977 4978
f 4979 4980 4981
f 4982 4983 4984
f 4985 4986 4987
f 4985 4987 4988
f 4989 4990 4991
f 4989 4991 4992
f 4993 4994 4995
f 4993 4995 4996
f 4997 4998 4999
f 4997 4999 5000
f 5001 5002 5003
f 5001 5003 5004
f 5005 5006 5007
f 5005 5007 5008
f 5009 5010 5011
f 5009 5011 5012
f 5013 5014 5015
f 5013 5015 5016
f 5017 5018 5019
f 5017 5019 5020
f 5021 5022 5023
f 5021 5023 5024
f 5025 5026 5027
f 5025 5027 5028
f 5029 5030 5031
f 5029 5031 5032
f 5033 5034 5035
f 5033 5035 5036
f 5037 5038 5039
f 5037 5039 5040
f 5041 5042 5043
f 5041 5043 5044
f 5045 5046 5047
f 5045 5047 5048
f 5049 5050 5051
f 5052 5053 5054
f 5055 5056 5057
f 5058 5059 5060
f 5061 5062 5063
f 5064 5065 5066
f 5067 5068 5069
f 5070 5071 5072
f 5073 5074 5075
f 5076 5077 5078
f 5079 5080 5081
f 5082 5083 5084
f 5085 5086 5087
f 5088 5089 5090
f 5091 5092 5093
f 5094 5095 5096
f 5097 5098 5099
f 5097 5099 5100
f 5101 5102 5103
f 5101 5103 5104
f 5105 5106 5107
f 5105 5107 5108
f 5109 5110 5111
f 5109 5111 5112
f 5113 5114 5115
f 5113 5115 5116
f 5117 5118 5119
f 5117 5119 5120
f 5121 5122 5123
f 5121 5123 5124
f 5125 5126 5127
f 5125 5127 5128
f 5129 5130 5131
f 5129 5131 5132
f 5133 5134 5135
f 5133 5135 5136
f 5137 5138 5139
f 5137 5139 5140
f 5141 5142 5143
f 5141 5143 5144
f 5145 5146 5147
f 5145 5147 5148
f 5149 5150 5151
f 5149 5151 5152
f 5153 5154 5155
f 5153 5155 5156
f 5157 5158 5159
f 5157 5159 5160
f 5161 5162 5163
f 5164 5165 5166
f 5167 5168 5169
f 5170 5171 5172
f 5173 5174 5175
f 5176 5177 5178
f 5179 5180 5181
f 5182 5183 5184
f 5185 5186 5187
f 5188 5189 5190
f 5191 5192 5193
f 5194 5195 5196
f 5197 5198 5199
f 5200 5201 5202
f 5203 5204 5205
f 5206 5207 5208
f 5209 5210 5211
f 5209 5211 5212
f 5213 5214 5215
f 5213 5215 5216
f 5217 5218 5219
f 5217 5219 5220
f 5221 5222 5223
f 5221 5223 5224
f 5225 5226 5227
f 5225 5227 5228
f 5229 5230 5231
f 5229 5231 5232
f 5233 5234 5235
f 5233 5235 5236
f 5237 5238 5239
f 5237 5239 5240
f 5241 5242 5243
f 5241 5243 5244
f 5245 5246 5247
f 5245 5247 5248
f 5249 5250 5251
f 5249 5251 5252
f 5253 5254 5255
f 5253 5255 5256
f 5257 5258 5259
f 5257 5259 5260
f 5261 5262 5263
f 5261 5263 5264
f 5265 5266 5267
f 5265 5267 5268
f 5269 5270 5271
f 5269 5271 5272
f 5273 5274 5275
f 5276 5277 5278
f 5279 5280 5281
f 5282 5283 5284
f 5285 5286 5287
f 5288 5289 5290
f 5291 5292 5293
f 5294 5295 5296
f 5297 5298 5299
f 5300 5301 5302
f 5303 5304 5305
f 5306 5307 5308
f 5309 5310 5311
f 5312 5313 5314
f 5315 5316 5317
f 5318 5319 5320
f 5321 5322 5323
f 5321 5323 5324
f 5325 5326 5327
f 5325 5327 5328
f 5329 5330 5331
f 5329 5331 5332
f 5333 5334 5335
f 5333 5335 5336
f 5337 5338 5339
f 5337 5339 5340
f 5341 5342 5343
f 5341 5343 5344
f 5345 5346 5347
f 5345 5347 5348
f 5349 5350 5351
f 5349 5351 5352
f 5353 5354 5355
f 5353 5355 5356
f 5357 5358 5359
f 5357 5359 5360
f 5361 5362 5363
f 5361 5363 5364
f 5365 5366 5367
f 5365 5367 5368
f 5369 5370 5371
f 5369 5371 5372
f 5373 5374 5375
f 5373 5375 5376
f 5377 5378 5379
f 5377 5379 5380
f 5381 5382 5383
f 5381 5383 5384
f 5385 5386 5387
f 5388 5389 5390
f 5391 5392 5393
f 5394 5395 5396
f 5397 5398 5399
f 5400 5401 5402
f 5403 5404 5405
f 5406 5407 5408
f 5409 5410 5411
f 5412 5413 5414
f 5415 5416 5417
f 5418 5419 5420
f 5421 5422 5423
f 5424 5425 5426
f 5427 5428 5429
f 5430 5431 5432
f 5433 5434 5435
f 5433 5435 5436
f 5437 5438 5439
f 5437 5439 5440
f 5441 5442 5443
f 5441 5443 5444
f 5445 5446 5447
f 5445 5447 5448
f 5449 5450 5451
f 5449 5451 5452
f 5453 5454 5455
f 5453 5455 5456
f 5457 5458 5459
f 5457 5459 5460
f 5461 5462 5463
f 5461 5463 5464
f 5465 5466 5467
f 5465 5467 5468
f 5469 5470 5471
f 5469 5471 5472
f 5473 5474 5475
f 5473 5475 5476
f 5477 5478 5479
f 5477 5479 5480
f 5481 5482 5483
f 5481 5483 5484
f 5485 5486 5487
f 5485 5487 5488
f 5489 5490 5491
f 5489 5491 5492
f 5493 5494 5495
f 5493 5495 5496
f 5497 5498 5499
f 5500 5501 5502
f 5503 5504 5505
f 5506 5507 5508
f 5509 5510 5511
f 5512 5513 5514
f 5515 5516 5517
f 5518 5519 5520
f 5521 5522 5523
f 5524 5525 5526
f 5527 5528 5529
f 5530 5531 5532
f 5533 5534 5535
f 5536 5537 5538
f 5539 5540 5541
f 5542 5543 5544
f 5545 5546 5547
f 5545 5547 5548
f 5549 5550 5551
f 5549 5551 5552
f 5553 5554 5555
f 5553 5555 5556
f 5557 5558 5559
f 5557 5559 5560
f 5561 5562 5563
f 5561 5563 5564
f 5565 5566 5567
f 5565 5567 5568
f 5569 5570 5571
f 5569 5571 5572
f 5573 5574 5575
f 5573 5575 5576
f 5577 5578 5579
f 5577 5579 5580
f 5581 5582 5583
f 5581 5583 5584
f 5585 5586 5587
f 5585 5587 5588
f 5589 5590 5591
f 5589 5591 5592
f 5593 5594 5595
f 5593 5595 5596
f 5597 5598 5599
f 5597 5599 5600
f 5601 5602 5603
f 5601 5603 5604
f 5605 5606 5607
f 5605 5607 5608
f 5609 5610 5611
f 5612 5613 5614
f 5615 5616 5617
f 5618 5619 5620
f 5621 5622 5623
f 5624 5625 5626
f 5627 5628 5629
f 5630 5631 5632
f 5633 5634 5635
f 5636 5637 5638
f 5639 5640 5641
f 5642 5643 5644
f 5645 5646 5647
f 5648 5649 5650
f 5651 5652 5653
f 5654 5655 5656
f 5657 5658 5659
f 5657 5659 5660
f 5661 5662 5663
f 5661 5663 5664
f 5665 5666 5667
f 5665 5667 5668
f 5669 5670 5671
f 5669 5671 5672
f 5673 5674 5675
f 5673 5675 5676
f 5677 5678 5679
f 5677 5679 5680
f 5681 5682 5683
f 5681 5683 5684
f 5685 5686 5687
f 5685 5687 5688
f 5689 5690 5691
f 5689 5691 5692
f 5693 5694 5695
f 5693 5695 5696
f 5697 5698 5699
f 5697 5699 5700
f 5701 5702 5703
f 5701 5703 5704
f 5705 5706 5707
f 5705 5707 5708
f 5709 5710 5711
f 5709 5711 5712
f 5713 5714 5715
f 5713 5715 5716
f 5717 5718 5719
f 5717 5719 5720
f 5721 5722 5723
f 5724 5725 5726
f 5727 5728 5729
f 5730 5731 5732
f 5733 5734 5735
f 5736 5737 5738
f 5739 5740 5741
f 5742 5743 5744
f 5745 5746 5747
f 5748 5749 5750
f 5751 5752 5753
f 5754 5755 5756
f 5757 5758 5759
f 5760 5761 5762
f 5763 5764 5765
f 5766 5767 5768
f 5769 5770 5771
f 5769 5771 5772
f 5773 5774 5775
f 5773 5775 5776
f 5777 5778 5779
f 5777 5779 5780
f 5781 5782 5783
f 5781 5783 5784
f 5785 5786 5787
f 5785 5787 5788
f 5789 5790 5791
f 5789 5791 5792
f 5793 5794 5795
f 5793 5795 5796
f 5797 5798 5799
f 5797 5799 5800
f 5801 5802 5803
f 5801 5803 5804
f 5805 5806 5807
f 5805 5807 5808
f 5809 5810 5811
f 5809 5811 5812
f 5813 5814 5815
f 5813 5815 5816
f 5817 5818 5819
f 5817 5819 5820
f 5821 5822 5823
f 5821 5823 5824
f 5825 5826 5827
f 5825 5827 5828
f 5829 5830 5831
f 5829 5831 5832
f 5833 5834 5835
f 5836 5837 5838
f 5839 5840 5841
f 5842 5843 5844
f 5845 5846 5847
f 5848 5849 5850
f 5851 5852 5853
f 5854 5855 5856
f 5857 5858 5859
f 5860 5861 5862
f 5863 5864 5865
f 5866 5867 5868
f 5869 5870 5871
f 5872 5873 5874
f 5875 5876 5877
f 5878 5879 5880
f 5881 5882 5883
f 5881 5883 5884
f 5885 5886 5887
f 5885 5887 5888
f 5889 5890 5891
f 5889 5891 5892
f 5893 5894 5895
f 5893 5895 5896
f 5897 5898 5899
f 5897 5899 5900
f 5901 5902 5903
f 5901 5903 5904
f 5905 5906 5907
f 5905 5907 5908
f 5909 5910 5911
f 5909 5911 5912
f 5913 5914 5915
f 5913 5915 5916
f 5917 5918 5919
f 5917 5919 5920
f 5921 5922 5923
f 5921 5923 5924
f 5925 5926 5927
f 5925 5927 5928
f 5929 5930 5931
f 5929 5931 5932
f 5933 5934 5935
f 5933 5935 5936
f 5937 5938 5939
f 5937 5939 5940
f 5941 5942 5943
f 5941 5943 5944
f 5945 5946 5947
f 5948 5949 5950
f 5951 5952 5953
f 5954 5955 5956
f 5957 5958 5959
f 5960 5961 5962
f 5963 5964 5965
f 5966 5967 5968
f 5969 5970 5971
f 5972 5973 5974
f 5975 5976 5977
f 5978 5979 5980
f 5981 5982 5983
f 5984 5985 5986
f 5987 5988 5989
f 5990 5991 5992
f 5993 5994 5995
f 5993 5995 5996
f 5997 5998 5999
f 5997 5999 6000
f 6001 6002 6003
f 6001 6003 6004
f 6005 6006 6007
f 6005 6007 6008
f 6009 6010 6011
f 6009 6011 6012
f 6013 6014 6015
f 6013 6015 6016
f 6017 6018 6019
f 6017 6019 6020
f 6021 6022 6023
f 6021 6023 6024
f 6025 6026 6027
f 6025 6027 6028
f 6029 6030 6031
f 6029 6031 6032
f 6033 6034 6035
f 6033 6035 6036
f 6037 6038 6039
f 6037 6039 6040
f 6041 6042 6043
f 6041 6043 6044
f 6045 6046 6047
f 6045 6047 6048
f 6049 6050 6051
f 6049 6051 6052
f 6053 6054 6055
f 6053 6055 6056
f 6057 6058 6059
f 6060 6061 6062
f 6063 6064 6065
f 6066 6067 6068
f 6069 6070 6071
f 6072 6073 6074
f 6075 6076 6077
f 6078 6079 6080
f 6081 6082 6083
f 6084 6085 6086
f 6087 6088 6089
f 6090 6091 6092
f 6093 6094 6095
f 6096 6097 6098
f 6099 6100 6101
f 6102 6103 6104
f 6105 6106 6107
f 6105 6107 6108
f 6109 6110 6111
f 6109 6111 6112
f 6113 6114 6115
f 6113 6115 6116
f 6117 6118 6119
f 6117 6119 6120
f 6121 6122 6123
f 6121 6123 6124
f 6125 6126 6127
f 6125 6127 6128
f 6129 6130 6131
f 6129 6131 6132
f 6133 6134 6135
f 6133 6135 6136
f 6137 6138 6139
f 6137 6139 6140
f 6141 6142 6143
f 6141 6143 6144
f 6145 6146 6147
f 6145 6147 6148
f 6149 6150 6151
f 6149 6151 6152
f 6153 6154 6155
f 6153 6155 6156
f 6157 6158 6159
f 6157 6159 6160
f 6161 6162 6163
f 6161 6163 6164
f 6165 6166 6167
f 6165 6167 6168
f 6169 6170 6171
f 6172 6173 6174
f 6175 6176 6177
f 6178 6179 6180
f 6181 6182 6183
f 6184 6185 6186
f 6187 6188 6189
f 6190 6191 6192
f 6193 6194 6195
f 6196 6197 6198
f 6199 6200 6201
f 6202 6203 6204
f 6205 6206 6207
f 6208 6209 6210
f 6211 6212 6213
f 6214 6215 6216
f 6217 6218 6219
f 6217 6219 6220
f 6221 6222 6223
f 6221 6223 6224
f 6225 6226 6227
f 6225 6227 6228
f 6229 6230 6231
f 6229 6231 6232
f 6233 6234 6235
f 6233 6235 6236
f 6237 6238 6239
f 6237 6239 6240
f 6241 6242 6243
f 6241 6243 6244
f 6245 6246 6247
f 6245 6247 6248
f 6249 6250 6251
f 6249 6251 6252
f 6253 6254 6255
f 6253 6255 6256
f 6257 6258 6259
f 6257 6259 6260
f 6261 6262 6263
f 6261 6263 6264
f 6265 6266 6267
f 6265 6267 6268
f 6269 6270 6271
f 6269 6271 6272
f 6273 6274 6275
f 6273 6275 6276
f 6277 6278 6279
f 6277 6279 6280
f 6281 6282 6283
f 6284 6285 6286
f 6287 6288 6289
f 6290 6291 6292
f 6293 6294 6295
f 6296 6297 6298
f 6299 6300 6301
f 6302 6303 6304
f 6305 6306 6307
f 6308 6309 6310
f 6311 6312 6313
f 6314 6315 6316
f 6317 6318 6319
f 6320 6321 6322
f 6323 6324 6325
f 6326 6327 6328
f 6329 6330 6331
f 6329 6331 6332
f 6333 6334 6335
f 6333 6335 6336
f 6337 6338 6339
f 6337 6339 6340
f 6341 6342 6343
f 6341 6343 6344
f 6345 6346 6347
f 6345 6347 6348
f 6349 6350 6351
f 6349 6351 6352
f 6353 6354 6355
f 6353 6355 6356
f 6357 6358 6359
f 6357 6359 6360
f 6361 6362 6363
f 6361 6363 6364
f 6365 6366 6367
f 6365 6367 6368
f 6369 6370 6371
f 6369 6371 6372
f 6373 6374 6375
f 6373 6375 6376
f 6377 6378 6379
f 6377 6379 6380
f 6381 6382 6383
f 6381 6383 6384
f 6385 6386 6387
f 6385 6387 6388
f 6389 6390 6391
f 6389 6391 6392
f 6393 6394 6395
f 6396 6397 6398
f 6399 6400 6401
f 6402 6403 6404
f 6405 6406 6407
f 6408 6409 6410
f 6411 6412 6413
f 6414 6415 6416
f 6417 6418 6419
f 6420 6421 6422
f 6423 6424 6425
f 6426 6427 6428
f 6429 6430 6431
f 6432 6433 6434
f 6435 6436 6437
f 6438 6439 6440
f 6441 6442 6443
f 6441 6443 6444
f 6445 6446 6447
f 6445 6447 6448
f 6449 6450 6451
f 6449 6451 6452
f 6453 6454 6455
f 6453 6455 6456
f 6457 6458 6459
f 6457 6459 6460
f 6461 6462 6463
f 6461 6463 6464
f 6465 6466 6467
f 6465 6467 6468
f 6469 6470 6471
f 6469 6471 6472
f 6473 6474 6475
f 6473 6475 6476
f 6477 6478 6479
f 6477 6479 6480
f 6481 6482 6483
f 6481 6483 6484
f 6485 6486 6487
f 6485 6487 6488
f 6489 6490 6491
f 6489 6491 6492
f 6493 6494 6495
f 6493 6495 6496
f 6497 6498 6499
f 6497 6499 6500
f 6501 6502 6503
f 6501 6503 6504
f 6505 6506 6507
f 6508 6509 6510
f 6511 6512 6513
f 6514 6515 6516
f 6517 6518 6519
f 6520 6521 6522
f 6523 6524 6525
f 6526 6527 6528
f 6529 6530 6531
f 6532 6533 6534
f 6535 6536 6537
f 6538 6539 6540
f 6541 6542 6543
f 6544 6545 6546
f 6547 6548 6549
f 6550 6551 6552
f 6553 6554 6555
f 6553 6555 6556
f 6557 6558 6559
f 6557 6559 6560
f 6561 6562 6563
f 6561 6563 6564
f 6565 6566 6567
f 6565 6567 6568
f 6569 6570 6571
f 6569 6571 6572
f 6573 6574 6575
f 6573 6575 6576
f 6577 6578 6579
f 6577 6579 6580
f 6581 6582 6583
f 6581 6583 6584
f 6585 6586 6587
f 6585 6587 6588
f 6589 6590 6591
f 6589 6591 6592
f 6593 6594 6595
f 6593 6595 6596
f 6597 6598 6599
f 6597 6599 6600
f 6601 6602 6603
f 6601 6603 6604
f 6605 6606 6607
f 6605 6607 6608
f 6609 6610 6611
f 6609 6611 6612
f 6613 6614 6615
f 6613 6615 6616
f 6617 6618 6619
f 6620 6621 6622
f 6623 6624 6625
f 6626 6627 6628
f 6629 6630 6631
f 6632 6633 6634
f 6635 6636 6637
f 6638 6639 6640
f 6641 6642 6643
f 6644 6645 6646
f 6647 6648 6649
f 6650 6651 6652
f 6653 6654 6655
f 6656 6657 6658
f 6659 6660 6661
f 6662 6663 6664
f 6665 6666 6667
f 6665 6667 6668
f 6669 6670 6671
f 6669 6671 6672
f 6673 6674 6675
f 6673 6675 6676
f 6677 6678 6679
f 6677 6679 6680
f 6681 6682 6683
f 6681 6683 6684
f 6685 6686 6687
f 6685 6687 6688
f 6689 6690 6691
f 6689 6691 6692
f 6693 6694 6695
f 6693 6695 6696
f 6697 6698 6699
f 6697 6699 6700
f 6701 6702 6703
f 6701 6703 6704
f 6705 6706 6707
f 6705 6707 6708
f 6709 6710 6711
f 6709 6711 6712
f 6713 6714 6715
f 6713 6715 6716
f 6717 6718 6719
f 6717 6719 6720
f 6721 6722 6723
f 6721 6723 6724
f 6725 6726 6727
f 6725 6727 6728
f 6729 6730 6731
f 6732 6733 6734
f 6735 6736 6737
f 6738 6739 6740
f 6741 6742 6743
f 6744 6745 6746
f 6747 6748 6749
f 6750 6751 6752
f 6753 6754 6755
f 6756 6757 6758
f 6759 6760 6761
f 6762 6763 6764
f 6765 6766 6767
f 6768 6769 6770
f 6771 6772 6773
f 6774 6775 6776
f 6777 6778 6779
f 6777 6779 6780
f 6781 6782 6783
f 6781 6783 6784
f 6785 6786 6787
f 6785 6787 6788
f 6789 6790 6791
f 6789 6791 6792
f 6793 6794 6795
f 6793 6795 6796
f 6797 6798 6799
f 6797 6799 6800
f 6801 6802 6803
f 6801 6803 6804
f 6805 6806 6807
f 6805 6807 6808
f 6809 6810 6811
f 6809 6811 6812
f 6813 6814 6815
f 6813 6815 6816
f 6817 6818 6819
f 6817 6819 6820
f 6821 6822 6823
f 6821 6823 6824
f 6825 6826 6827
f 6825 6827 6828
f 6829 6830 6831
f 6829 6831 6832
f 6833 6834 6835
f 6833 6835 6836
f 6837 6838 6839
f 6837 6839 6840
f 6841 6842 6843
f 6844 6845 6846
f 6847 6848 6849
f 6850 6851 6852
f 6853 6854 6855
f 6856 6857 6858
f 6859 6860 6861
f 6862 6863 6864
f 6865 6866 6867
f 6868 6869 6870
f 6871 6872 6873
f 6874 6875 6876
f 6877 6878 6879
f 6880 6881 6882
f 6883 6884 6885
f 6886 6887 6888
f 6889 6890 6891
f 6889 6891 6892
f 6893 6894 6895
f 6893 6895 6896
f 6897 6898 6899
f 6897 6899 6900
f 6901 6902 6903
f 6901 6903 6904
f 6905 6906 6907
f 6905 6907 6908
f 6909 6910 6911
f 6909 6911 6912
f 6913 6914 6915
f 6913 6915 6916
f 6917 6918 6919
f 6917 6919 6920
f 6921 6922 6923
f 6921 6923 6924
f 6925 6926 6927
f 6925 6927 6928
f 6929 6930 6931
f 6929 6931 6932
f 6933 6934 6935
f 6933 6935 6936
f 6937 6938 6939
f 6937 6939 6940
f 6941 6942 6943
f 6941 6943 6944
f 6945 6946 6947
f 6945 6947 6948
f 6949 6950 6951
f 6949 6951 6952
f 6953 6954 6955
f 6956 6957 6958
f 6959 6960 6961
f 6962 6963 6964
f 6965 6966 6967
f 6968 6969 6970
f 6971 6972 6973
f 6974 6975 6976
f 6977 6978 6979
f 6980 6981 6982
f 6983 6984 6985
f 6986 6987 6988
f 6989 6990 6991
f 6992 6993 6994
f 6995 6996 6997
f 6998 6999 7000
f 7001 7002 7003
f 7001 7003 7004
f 7005 7006 7007
f 7005 7007 7008
f 7009 7010 7011
f 7009 7011 7012
f 7013 7014 7015
f 7013 7015 7016
f 7017 7018 7019
f 7017 7019 7020
f 7021 7022 7023
f 7021 7023 7024
f 7025 7026 7027
f 7025 7027 7028
f 7029 7030 7031
f 7029 7031 7032
f 7033 7034 7035
f 7033 7035 7036
f 7037 7038 7039
f 7037 7039 7040
f 7041 7042 7043
f 7041 7043 7044
f 7045 7046 7047
f 7045 7047 7048
f 7049 7050 7051
f 7049 7051 7052
f 7053 7054 7055
f 7053 7055 7056
f 7057 7058 7059
f 7057 7059 7060
f 7061 7062 7063
f 7061 7063 7064
f 7065 7066 7067
f 7068 7069 7070
f 7071 7072 7073
f 7074 7075 7076
f 7077 7078 7079
f 7080 7081 7082
f 7083 7084 7085
f 7086 7087 7088
f 7089 7090 7091
f 7092 7093 7094
f 7095 7096 7097
f 7098 7099 7100
f 7101 7102 7103
f 7104 7105 7106
f 7107 7108 7109
f 7110 7111 7112
f 7113 7114 7115
f 7113 7115 7116
f 7117 7118 7119
f 7117 7119 7120
f 7121 7122 7123
f 7121 7123 7124
f 7125 7126 7127
f 7125 7127 7128
f 7129 7130 7131
f 7129 7131 7132
f 7133 7134 7135
f 7133 7135 7136
f 7137 7138 7139
f 7137 7139 7140
f 7141 7142 7143
f 7141 7143 7144
f 7145 7146 7147
f 7145 7147 7148
f 7149 7150 7151
f 7149 7151 7152
f 7153 7154 7155
f 7153 7155 7156
f 7157 7158 7159
f 7157 7159 7160
f 7161 7162 7163
f 7161 7163 7164
f 7165 7166 7167
f 7165 7167 7168
f 7169 7170 7171
f 7169 7171 7172
f 7173 7174 7175
f 7173 7175 7176
f 7177 7178 7179
f 7180 7181 7182
f 7183 7184 7185
f 7186 7187 7188
f 7189 7190 7191
f 7192 7193 7194
f 7195 7196 7197
f 7198 7199 7200
f 7201 7202 7203
f 7204 7205 7206
f 7207 7208 7209
f 7210 7211 7212
f 7213 7214 7215
f 7216 7217 7218
f 7219 7220 7221
f 7222 7223 7224
f 7225 7226 7227
f 7225 7227 7228
f 7229 7230 7231
f 7229 7231 7232
f 7233 7234 7235
f 7233 7235 7236
f 7237 7238 7239
f 7237 7239 7240
f 7241 7242 7243
f 7241 7243 7244
f 7245 7246 7247
f 7245 7247 7248
f 7249 7250 7251
f 7249 7251 7252
f 7253 7254 7255
f 7253 7255 7256
f 7257 7258 7259
f 7257 7259 7260
f 7261 7262 7263
f 7261 7263 7264
f 7265 7266 7267
f 7265 7267 7268
f 7269 7270 7271
f 7269 7271 7272
f 7273 7274 7275
f 7273 7275 7276
f 7277 7278 7279
f 7277 7279 7280
f 7281 7282 7283
f 7281 7283 7284
f 7285 7286 7287
f 7285 7287 7288
f 7289 7290 7291
f 7292 7293 7294
f 7295 7296 7297
f 7298 7299 7300
f 7301 7302 7303
f 7304 7305 7306
f 7307 7308 7309
f 7310 7311 7312
f 7313 7314 7315
f 7316 7317 7318
f 7319 7320 7321
f 7322 7323 7324
f 7325 7326 7327
f 7328 7329 7330
f 7331 7332 7333
f 7334 7335 7336
f 7337 7338 7339
f 7337 7339 7340
f 7341 7342 7343
f 7341 7343 7344
f 7345 7346 7347
f 7345 7347 7348
f 7349 7350 7351
f 7349 7351 7352
f 7353 7354 7355
f 7353 7355 7356
f 7357 7358 7359
f 7357 7359 7360
f 7361 7362 7363
f 7361 7363 7364
f 7365 7366 7367
f 7365 7367 7368
f 7369 7370 7371
f 7369 7371 7372
f 7373 7374 7375
f 7373 7375 7376
f 7377 7378 7379
f 7377 7379 7380
f 7381 7382 7383
f 7381 7383 7384
f 7385 7386 7387
f 7385 7387 7388
f 7389 7390 7391
f 7389 7391 7392
f 7393 7394 7395
f 7393 7395 7396
f 7397 7398 7399
f 7397 7399 7400
f 7401 7402 7403
f 7404 7405 7406
f 7407 7408 7409
f 7410 7411 7412
f 7413 7414 7415
f 7416 7417 7418
f 7419 7420 7421
f 7422 7423 7424
f 7425 7426 7427
f 7428 7429 7430
f 7431 7432 7433
f 7434 7435 7436
f 7437 7438 7439
f 7440 7441 7442
f 7443 7444 7445
f 7446 7447 7448
f 7449 7450 7451
f 7449 7451 7452
f 7453 7454 7455
f 7453 7455 7456
f 7457 7458 7459
f 7457 7459 7460
f 7461 7462 7463
f 7461 7463 7464
f 7465 7466 7467
f 7465 7467 7468
f 7469 7470 7471
f 7469 7471 7472
f 7473 7474 7475
f 7473 7475 7476
f 7477 7478 7479
f 7477 7479 7480
f 7481 7482 7483
f 7481 7483 7484
f 7485 7486 7487
f 7485 7487 7488
f 7489 7490 7491
f 7489 7491 7492
f 7493 7494 7495
f 7493 7495 7496
f 7497 7498 7499
f 7497 7499 7500
f 7501 7502 7503
f 7501 7503 7504
f 7505 7506 7507
f 7505 7507 7508
f 7509 7510 7511
f 7509 7511 7512
f 7513 7514 7515
f 7516 7517 7518
f 7519 7520 7521
f 7522 7523 7524
f 7525 7526 7527
f 7528 7529 7530
f 7531 7532 7533
f 7534 7535 7536
f 7537 7538 7539
f 7540 7541 7542
f 7543 7544 7545
f 7546 7547 7548
f 7549 7550 7551
f 7552 7553 7554
f 7555 7556 7557
f 7558 7559 7560
f 7561 7562 7563
f 7561 7563 7564
f 7565 7566 7567
f 7565 7567 7568
f 7569 7570 7571
f 7569 7571 7572
f 7573 7574 7575
f 7573 7575 7576
f 7577 7578 7579
f 7577 7579 7580
f 7581 7582 7583
f 7581 7583 7584
f 7585 7586 7587
f 7585 7587 7588
f 7589 7590 7591
f 7589 7591 7592
f 7593 7594 7595
f 7593 7595 7596
f 7597 7598 7599
f 7597 7599 7600
f 7601 7602 7603
f 7601 7603 7604
f 7605 7606 7607
f 7605 7607 7608
f 7609 7610 7611
f 7609 7611 7612
f 7613 7614 7615
f 7613 7615 7616
f 7617 7618 7619
f 7617 7619 7620
f 7621 7622 7623
f 7621 7623 7624
f 7625 7626 7627
f 7628 7629 7630
f 7631 7632 7633
f 7634 7635 7636
f 7637 7638 7639
f 7640 7641 7642
f 7643 7644 7645
f 7646 7647 7648
f 7649 7650 7651
f 7652 7653 7654
f 7655 7656 7657
f 7658 7659 7660
f 7661 7662 7663
f 7664 7665 7666
f 7667 7668 7669
f 7670 7671 7672
