# Baked from official LDraw part 3470.dat
o ldraw_3470
v 0.5047500 1.0000000 -0.0750000
v 0.2000000 1.0000000 -0.0750000
v 0.2000000 0.8530000 -0.0750000
v 0.6910000 1.1500000 -0.0750000
v 0.8177500 1.3000000 -0.0750000
v 0.2375000 1.3000000 -0.0750000
v 0.2375000 1.1500000 -0.0750000
v 0.9097500 1.4500000 -0.0750000
v 0.9772500 1.6000000 -0.0750000
v 0.2375000 1.6000000 -0.0750000
v 0.2375000 1.4500000 -0.0750000
v 1.0250000 1.7500000 -0.0750000
v 1.0555000 1.9000000 -0.0750000
v 0.2375000 1.9000000 -0.0750000
v 0.2375000 1.7500000 -0.0750000
v 1.0705000 2.2000000 -0.0750000
v 0.2375000 2.2000000 -0.0750000
v 0.2375000 2.0500000 -0.0750000
v 1.0705000 2.0500000 -0.0750000
v 1.0555000 2.3500000 -0.0750000
v 1.0250000 2.5000000 -0.0750000
v 0.2375000 2.5000000 -0.0750000
v 0.2375000 2.3500000 -0.0750000
v 0.9772500 2.6500000 -0.0750000
v 0.9097500 2.8000000 -0.0750000
v 0.2375000 2.8000000 -0.0750000
v 0.2375000 2.6500000 -0.0750000
v 0.8177500 2.9500000 -0.0750000
v 0.6910000 3.1000000 -0.0750000
v 0.2375000 3.1000000 -0.0750000
v 0.2375000 2.9500000 -0.0750000
v 0.4890000 3.2500000 -0.2750000
v 0.0875000 3.2500000 -0.2750000
v 0.0875000 3.3575000 -0.2750000
v 0.4890000 1.0000000 -0.2750000
v 0.0875000 0.8925000 -0.2750000
v 0.0875000 1.0000000 -0.2750000
v 0.7922500 1.3000000 -0.2750000
v 0.6697500 1.1500000 -0.2750000
v 0.1750000 1.1500000 -0.2750000
v 0.1750000 1.3000000 -0.2750000
v 0.9470000 1.6000000 -0.2750000
v 0.8817500 1.4500000 -0.2750000
v 0.1750000 1.4500000 -0.2750000
v 0.1750000 1.6000000 -0.2750000
v 1.0230000 1.9000000 -0.2750000
v 0.9932500 1.7500000 -0.2750000
v 0.1750000 1.7500000 -0.2750000
v 0.1750000 1.9000000 -0.2750000
v 1.0375000 2.0500000 -0.2750000
v 0.1750000 2.0500000 -0.2750000
v 0.1750000 2.2000000 -0.2750000
v 1.0375000 2.2000000 -0.2750000
v 0.9932500 2.5000000 -0.2750000
v 1.0230000 2.3500000 -0.2750000
v 0.1750000 2.3500000 -0.2750000
v 0.1750000 2.5000000 -0.2750000
v 0.8817500 2.8000000 -0.2750000
v 0.9470000 2.6500000 -0.2750000
v 0.1750000 2.6500000 -0.2750000
v 0.1750000 2.8000000 -0.2750000
v 0.6697500 3.1000000 -0.2750000
v 0.7922500 2.9500000 -0.2750000
v 0.1750000 2.9500000 -0.2750000
v 0.1750000 3.1000000 -0.2750000
v 0.6362500 1.1500000 -0.4250000
v 0.7527500 1.3000000 -0.4250000
v 0.1750000 1.3000000 -0.4250000
v 0.1750000 1.1500000 -0.4250000
v 0.8377500 1.4500000 -0.4250000
v 0.8997500 1.6000000 -0.4250000
v 0.1750000 1.6000000 -0.4250000
v 0.1750000 1.4500000 -0.4250000
v 0.9437500 1.7500000 -0.4250000
v 0.9720000 1.9000000 -0.4250000
v 0.1750000 1.9000000 -0.4250000
v 0.1750000 1.7500000 -0.4250000
v 0.9857500 2.2000000 -0.4250000
v 0.1750000 2.2000000 -0.4250000
v 0.1750000 2.0500000 -0.4250000
v 0.9857500 2.0500000 -0.4250000
v 0.9720000 2.3500000 -0.4250000
v 0.9437500 2.5000000 -0.4250000
v 0.1750000 2.5000000 -0.4250000
v 0.1750000 2.3500000 -0.4250000
v 0.8997500 2.6500000 -0.4250000
v 0.8377500 2.8000000 -0.4250000
v 0.1750000 2.8000000 -0.4250000
v 0.1750000 2.6500000 -0.4250000
v 0.7527500 2.9500000 -0.4250000
v 0.6362500 3.1000000 -0.4250000
v 0.1750000 3.1000000 -0.4250000
v 0.1750000 2.9500000 -0.4250000
v 0.6667500 1.3000000 -0.6250000
v 0.5635000 1.1500000 -0.6250000
v 0.0875000 1.1500000 -0.6250000
v 0.0875000 1.3000000 -0.6250000
v 0.7970000 1.6000000 -0.6250000
v 0.7420000 1.4500000 -0.6250000
v 0.1125000 1.4500000 -0.6250000
v 0.1125000 1.6000000 -0.6250000
v 0.8610000 1.9000000 -0.6250000
v 0.8360000 1.7500000 -0.6250000
v 0.1125000 1.7500000 -0.6250000
v 0.1125000 1.9000000 -0.6250000
v 0.8732500 2.0500000 -0.6250000
v 0.1125000 2.0500000 -0.6250000
v 0.1125000 2.2000000 -0.6250000
v 0.8732500 2.2000000 -0.6250000
v 0.8360000 2.5000000 -0.6250000
v 0.8610000 2.3500000 -0.6250000
v 0.1125000 2.3500000 -0.6250000
v 0.1125000 2.5000000 -0.6250000
v 0.7420000 2.8000000 -0.6250000
v 0.7970000 2.6500000 -0.6250000
v 0.1125000 2.6500000 -0.6250000
v 0.1125000 2.8000000 -0.6250000
v 0.5635000 3.1000000 -0.6250000
v 0.6667500 2.9500000 -0.6250000
v 0.0875000 2.9500000 -0.6250000
v 0.0875000 3.1000000 -0.6250000
v 0.6320000 1.4500000 -0.7750000
v 0.6790000 1.6000000 -0.7750000
v 0.1125000 1.6000000 -0.7750000
v 0.1125000 1.4500000 -0.7750000
v 0.7120000 1.7500000 -0.7750000
v 0.7332500 1.9000000 -0.7750000
v 0.1125000 1.9000000 -0.7750000
v 0.1125000 1.7500000 -0.7750000
v 0.7437500 2.2000000 -0.7750000
v 0.1125000 2.2000000 -0.7750000
v 0.1125000 2.0500000 -0.7750000
v 0.7437500 2.0500000 -0.7750000
v 0.7332500 2.3500000 -0.7750000
v 0.7120000 2.5000000 -0.7750000
v 0.1125000 2.5000000 -0.7750000
v 0.1125000 2.3500000 -0.7750000
v 0.6790000 2.6500000 -0.7750000
v 0.6320000 2.8000000 -0.7750000
v 0.1125000 2.8000000 -0.7750000
v 0.1125000 2.6500000 -0.7750000
v -0.2000000 0.8530000 -0.0750000
v -0.2000000 1.0000000 -0.0750000
v -0.5047500 1.0000000 -0.0750000
v -0.2375000 1.1500000 -0.0750000
v -0.2375000 1.3000000 -0.0750000
v -0.8177500 1.3000000 -0.0750000
v -0.6910000 1.1500000 -0.0750000
v -0.2375000 1.4500000 -0.0750000
v -0.2375000 1.6000000 -0.0750000
v -0.9772500 1.6000000 -0.0750000
v -0.9097500 1.4500000 -0.0750000
v -0.2375000 1.7500000 -0.0750000
v -0.2375000 1.9000000 -0.0750000
v -1.0555000 1.9000000 -0.0750000
v -1.0250000 1.7500000 -0.0750000
v -0.2375000 2.2000000 -0.0750000
v -1.0705000 2.2000000 -0.0750000
v -1.0705000 2.0500000 -0.0750000
v -0.2375000 2.0500000 -0.0750000
v -0.2375000 2.3500000 -0.0750000
v -0.2375000 2.5000000 -0.0750000
v -1.0250000 2.5000000 -0.0750000
v -1.0555000 2.3500000 -0.0750000
v -0.2375000 2.6500000 -0.0750000
v -0.2375000 2.8000000 -0.0750000
v -0.9097500 2.8000000 -0.0750000
v -0.9772500 2.6500000 -0.0750000
v -0.2375000 2.9500000 -0.0750000
v -0.2375000 3.1000000 -0.0750000
v -0.6910000 3.1000000 -0.0750000
v -0.8177500 2.9500000 -0.0750000
v -0.0875000 3.3575000 -0.2750000
v -0.0875000 3.2500000 -0.2750000
v -0.4890000 3.2500000 -0.2750000
v -0.0875000 1.0000000 -0.2750000
v -0.0875000 0.8925000 -0.2750000
v -0.4890000 1.0000000 -0.2750000
v -0.1750000 1.3000000 -0.2750000
v -0.1750000 1.1500000 -0.2750000
v -0.6697500 1.1500000 -0.2750000
v -0.7922500 1.3000000 -0.2750000
v -0.1750000 1.6000000 -0.2750000
v -0.1750000 1.4500000 -0.2750000
v -0.8817500 1.4500000 -0.2750000
v -0.9470000 1.6000000 -0.2750000
v -0.1750000 1.9000000 -0.2750000
v -0.1750000 1.7500000 -0.2750000
v -0.9932500 1.7500000 -0.2750000
v -1.0230000 1.9000000 -0.2750000
v -0.1750000 2.0500000 -0.2750000
v -1.0375000 2.0500000 -0.2750000
v -1.0375000 2.2000000 -0.2750000
v -0.1750000 2.2000000 -0.2750000
v -0.1750000 2.5000000 -0.2750000
v -0.1750000 2.3500000 -0.2750000
v -1.0230000 2.3500000 -0.2750000
v -0.9932500 2.5000000 -0.2750000
v -0.1750000 2.8000000 -0.2750000
v -0.1750000 2.6500000 -0.2750000
v -0.9470000 2.6500000 -0.2750000
v -0.8817500 2.8000000 -0.2750000
v -0.1750000 3.1000000 -0.2750000
v -0.1750000 2.9500000 -0.2750000
v -0.7922500 2.9500000 -0.2750000
v -0.6697500 3.1000000 -0.2750000
v -0.1750000 1.1500000 -0.4250000
v -0.1750000 1.3000000 -0.4250000
v -0.7527500 1.3000000 -0.4250000
v -0.6362500 1.1500000 -0.4250000
v -0.1750000 1.4500000 -0.4250000
v -0.1750000 1.6000000 -0.4250000
v -0.8997500 1.6000000 -0.4250000
v -0.8377500 1.4500000 -0.4250000
v -0.1750000 1.7500000 -0.4250000
v -0.1750000 1.9000000 -0.4250000
v -0.9720000 1.9000000 -0.4250000
v -0.9437500 1.7500000 -0.4250000
v -0.1750000 2.2000000 -0.4250000
v -0.9857500 2.2000000 -0.4250000
v -0.9857500 2.0500000 -0.4250000
v -0.1750000 2.0500000 -0.4250000
v -0.1750000 2.3500000 -0.4250000
v -0.1750000 2.5000000 -0.4250000
v -0.9437500 2.5000000 -0.4250000
v -0.9720000 2.3500000 -0.4250000
v -0.1750000 2.6500000 -0.4250000
v -0.1750000 2.8000000 -0.4250000
v -0.8377500 2.8000000 -0.4250000
v -0.8997500 2.6500000 -0.4250000
v -0.1750000 2.9500000 -0.4250000
v -0.1750000 3.1000000 -0.4250000
v -0.6362500 3.1000000 -0.4250000
v -0.7527500 2.9500000 -0.4250000
v -0.0875000 1.3000000 -0.6250000
v -0.0875000 1.1500000 -0.6250000
v -0.5635000 1.1500000 -0.6250000
v -0.6667500 1.3000000 -0.6250000
v -0.1125000 1.6000000 -0.6250000
v -0.1125000 1.4500000 -0.6250000
v -0.7420000 1.4500000 -0.6250000
v -0.7970000 1.6000000 -0.6250000
v -0.1125000 1.9000000 -0.6250000
v -0.1125000 1.7500000 -0.6250000
v -0.8360000 1.7500000 -0.6250000
v -0.8610000 1.9000000 -0.6250000
v -0.1125000 2.0500000 -0.6250000
v -0.8732500 2.0500000 -0.6250000
v -0.8732500 2.2000000 -0.6250000
v -0.1125000 2.2000000 -0.6250000
v -0.1125000 2.5000000 -0.6250000
v -0.1125000 2.3500000 -0.6250000
v -0.8610000 2.3500000 -0.6250000
v -0.8360000 2.5000000 -0.6250000
v -0.1125000 2.8000000 -0.6250000
v -0.1125000 2.6500000 -0.6250000
v -0.7970000 2.6500000 -0.6250000
v -0.7420000 2.8000000 -0.6250000
v -0.0875000 3.1000000 -0.6250000
v -0.0875000 2.9500000 -0.6250000
v -0.6667500 2.9500000 -0.6250000
v -0.5635000 3.1000000 -0.6250000
v -0.1125000 1.4500000 -0.7750000
v -0.1125000 1.6000000 -0.7750000
v -0.6790000 1.6000000 -0.7750000
v -0.6320000 1.4500000 -0.7750000
v -0.1125000 1.7500000 -0.7750000
v -0.1125000 1.9000000 -0.7750000
v -0.7332500 1.9000000 -0.7750000
v -0.7120000 1.7500000 -0.7750000
v -0.1125000 2.2000000 -0.7750000
v -0.7437500 2.2000000 -0.7750000
v -0.7437500 2.0500000 -0.7750000
v -0.1125000 2.0500000 -0.7750000
v -0.1125000 2.3500000 -0.7750000
v -0.1125000 2.5000000 -0.7750000
v -0.7120000 2.5000000 -0.7750000
v -0.7332500 2.3500000 -0.7750000
v -0.1125000 2.6500000 -0.7750000
v -0.1125000 2.8000000 -0.7750000
v -0.6320000 2.8000000 -0.7750000
v -0.6790000 2.6500000 -0.7750000
v 0.2000000 0.8530000 0.0750000
v 0.2000000 1.0000000 0.0750000
v 0.5047500 1.0000000 0.0750000
v 0.2375000 1.1500000 0.0750000
v 0.2375000 1.3000000 0.0750000
v 0.8177500 1.3000000 0.0750000
v 0.6910000 1.1500000 0.0750000
v 0.2375000 1.4500000 0.0750000
v 0.2375000 1.6000000 0.0750000
v 0.9772500 1.6000000 0.0750000
v 0.9097500 1.4500000 0.0750000
v 0.2375000 1.7500000 0.0750000
v 0.2375000 1.9000000 0.0750000
v 1.0555000 1.9000000 0.0750000
v 1.0250000 1.7500000 0.0750000
v 0.2375000 2.2000000 0.0750000
v 1.0705000 2.2000000 0.0750000
v 1.0705000 2.0500000 0.0750000
v 0.2375000 2.0500000 0.0750000
v 0.2375000 2.3500000 0.0750000
v 0.2375000 2.5000000 0.0750000
v 1.0250000 2.5000000 0.0750000
v 1.0555000 2.3500000 0.0750000
v 0.2375000 2.6500000 0.0750000
v 0.2375000 2.8000000 0.0750000
v 0.9097500 2.8000000 0.0750000
v 0.9772500 2.6500000 0.0750000
v 0.2375000 2.9500000 0.0750000
v 0.2375000 3.1000000 0.0750000
v 0.6910000 3.1000000 0.0750000
v 0.8177500 2.9500000 0.0750000
v 0.0875000 3.3575000 0.2750000
v 0.0875000 3.2500000 0.2750000
v 0.4890000 3.2500000 0.2750000
v 0.0875000 1.0000000 0.2750000
v 0.0875000 0.8925000 0.2750000
v 0.4890000 1.0000000 0.2750000
v 0.1750000 1.3000000 0.2750000
v 0.1750000 1.1500000 0.2750000
v 0.6697500 1.1500000 0.2750000
v 0.7922500 1.3000000 0.2750000
v 0.1750000 1.6000000 0.2750000
v 0.1750000 1.4500000 0.2750000
v 0.8817500 1.4500000 0.2750000
v 0.9470000 1.6000000 0.2750000
v 0.1750000 1.9000000 0.2750000
v 0.1750000 1.7500000 0.2750000
v 0.9932500 1.7500000 0.2750000
v 1.0230000 1.9000000 0.2750000
v 0.1750000 2.0500000 0.2750000
v 1.0375000 2.0500000 0.2750000
v 1.0375000 2.2000000 0.2750000
v 0.1750000 2.2000000 0.2750000
v 0.1750000 2.5000000 0.2750000
v 0.1750000 2.3500000 0.2750000
v 1.0230000 2.3500000 0.2750000
v 0.9932500 2.5000000 0.2750000
v 0.1750000 2.8000000 0.2750000
v 0.1750000 2.6500000 0.2750000
v 0.9470000 2.6500000 0.2750000
v 0.8817500 2.8000000 0.2750000
v 0.1750000 3.1000000 0.2750000
v 0.1750000 2.9500000 0.2750000
v 0.7922500 2.9500000 0.2750000
v 0.6697500 3.1000000 0.2750000
v 0.1750000 1.1500000 0.4250000
v 0.1750000 1.3000000 0.4250000
v 0.7527500 1.3000000 0.4250000
v 0.6362500 1.1500000 0.4250000
v 0.1750000 1.4500000 0.4250000
v 0.1750000 1.6000000 0.4250000
v 0.8997500 1.6000000 0.4250000
v 0.8377500 1.4500000 0.4250000
v 0.1750000 1.7500000 0.4250000
v 0.1750000 1.9000000 0.4250000
v 0.9720000 1.9000000 0.4250000
v 0.9437500 1.7500000 0.4250000
v 0.1750000 2.2000000 0.4250000
v 0.9857500 2.2000000 0.4250000
v 0.9857500 2.0500000 0.4250000
v 0.1750000 2.0500000 0.4250000
v 0.1750000 2.3500000 0.4250000
v 0.1750000 2.5000000 0.4250000
v 0.9437500 2.5000000 0.4250000
v 0.9720000 2.3500000 0.4250000
v 0.1750000 2.6500000 0.4250000
v 0.1750000 2.8000000 0.4250000
v 0.8377500 2.8000000 0.4250000
v 0.8997500 2.6500000 0.4250000
v 0.1750000 2.9500000 0.4250000
v 0.1750000 3.1000000 0.4250000
v 0.6362500 3.1000000 0.4250000
v 0.7527500 2.9500000 0.4250000
v 0.0875000 1.3000000 0.6250000
v 0.0875000 1.1500000 0.6250000
v 0.5635000 1.1500000 0.6250000
v 0.6667500 1.3000000 0.6250000
v 0.1125000 1.6000000 0.6250000
v 0.1125000 1.4500000 0.6250000
v 0.7420000 1.4500000 0.6250000
v 0.7970000 1.6000000 0.6250000
v 0.1125000 1.9000000 0.6250000
v 0.1125000 1.7500000 0.6250000
v 0.8360000 1.7500000 0.6250000
v 0.8610000 1.9000000 0.6250000
v 0.1125000 2.0500000 0.6250000
v 0.8732500 2.0500000 0.6250000
v 0.8732500 2.2000000 0.6250000
v 0.1125000 2.2000000 0.6250000
v 0.1125000 2.5000000 0.6250000
v 0.1125000 2.3500000 0.6250000
v 0.8610000 2.3500000 0.6250000
v 0.8360000 2.5000000 0.6250000
v 0.1125000 2.8000000 0.6250000
v 0.1125000 2.6500000 0.6250000
v 0.7970000 2.6500000 0.6250000
v 0.7420000 2.8000000 0.6250000
v 0.0875000 3.1000000 0.6250000
v 0.0875000 2.9500000 0.6250000
v 0.6667500 2.9500000 0.6250000
v 0.5635000 3.1000000 0.6250000
v 0.1125000 1.4500000 0.7750000
v 0.1125000 1.6000000 0.7750000
v 0.6790000 1.6000000 0.7750000
v 0.6320000 1.4500000 0.7750000
v 0.1125000 1.7500000 0.7750000
v 0.1125000 1.9000000 0.7750000
v 0.7332500 1.9000000 0.7750000
v 0.7120000 1.7500000 0.7750000
v 0.1125000 2.2000000 0.7750000
v 0.7437500 2.2000000 0.7750000
v 0.7437500 2.0500000 0.7750000
v 0.1125000 2.0500000 0.7750000
v 0.1125000 2.3500000 0.7750000
v 0.1125000 2.5000000 0.7750000
v 0.7120000 2.5000000 0.7750000
v 0.7332500 2.3500000 0.7750000
v 0.1125000 2.6500000 0.7750000
v 0.1125000 2.8000000 0.7750000
v 0.6320000 2.8000000 0.7750000
v 0.6790000 2.6500000 0.7750000
v -0.5047500 1.0000000 0.0750000
v -0.2000000 1.0000000 0.0750000
v -0.2000000 0.8530000 0.0750000
v 0.5047500 3.2500000 0.0750000
v 0.1500000 3.2500000 0.0750000
v 0.1500000 3.3970000 0.0750000
v 0.1500000 3.3970000 -0.0750000
v 0.1500000 3.2500000 -0.0750000
v 0.5047500 3.2500000 -0.0750000
v -0.5047500 3.2500000 -0.0750000
v -0.1500000 3.2500000 -0.0750000
v -0.1500000 3.3970000 -0.0750000
v -0.1500000 3.3970000 0.0750000
v -0.1500000 3.2500000 0.0750000
v -0.5047500 3.2500000 0.0750000
v -0.6910000 1.1500000 0.0750000
v -0.8177500 1.3000000 0.0750000
v -0.2375000 1.3000000 0.0750000
v -0.2375000 1.1500000 0.0750000
v -0.9097500 1.4500000 0.0750000
v -0.9772500 1.6000000 0.0750000
v -0.2375000 1.6000000 0.0750000
v -0.2375000 1.4500000 0.0750000
v -1.0250000 1.7500000 0.0750000
v -1.0555000 1.9000000 0.0750000
v -0.2375000 1.9000000 0.0750000
v -0.2375000 1.7500000 0.0750000
v -1.0705000 2.2000000 0.0750000
v -0.2375000 2.2000000 0.0750000
v -0.2375000 2.0500000 0.0750000
v -1.0705000 2.0500000 0.0750000
v -1.0555000 2.3500000 0.0750000
v -1.0250000 2.5000000 0.0750000
v -0.2375000 2.5000000 0.0750000
v -0.2375000 2.3500000 0.0750000
v -0.9772500 2.6500000 0.0750000
v -0.9097500 2.8000000 0.0750000
v -0.2375000 2.8000000 0.0750000
v -0.2375000 2.6500000 0.0750000
v -0.8177500 2.9500000 0.0750000
v -0.6910000 3.1000000 0.0750000
v -0.2375000 3.1000000 0.0750000
v -0.2375000 2.9500000 0.0750000
v -0.4890000 3.2500000 0.2750000
v -0.0875000 3.2500000 0.2750000
v -0.0875000 3.3575000 0.2750000
v -0.4890000 1.0000000 0.2750000
v -0.0875000 0.8925000 0.2750000
v -0.0875000 1.0000000 0.2750000
v -0.7922500 1.3000000 0.2750000
v -0.6697500 1.1500000 0.2750000
v -0.1750000 1.1500000 0.2750000
v -0.1750000 1.3000000 0.2750000
v -0.9470000 1.6000000 0.2750000
v -0.8817500 1.4500000 0.2750000
v -0.1750000 1.4500000 0.2750000
v -0.1750000 1.6000000 0.2750000
v -1.0230000 1.9000000 0.2750000
v -0.9932500 1.7500000 0.2750000
v -0.1750000 1.7500000 0.2750000
v -0.1750000 1.9000000 0.2750000
v -1.0375000 2.0500000 0.2750000
v -0.1750000 2.0500000 0.2750000
v -0.1750000 2.2000000 0.2750000
v -1.0375000 2.2000000 0.2750000
v -0.9932500 2.5000000 0.2750000
v -1.0230000 2.3500000 0.2750000
v -0.1750000 2.3500000 0.2750000
v -0.1750000 2.5000000 0.2750000
v -0.8817500 2.8000000 0.2750000
v -0.9470000 2.6500000 0.2750000
v -0.1750000 2.6500000 0.2750000
v -0.1750000 2.8000000 0.2750000
v -0.6697500 3.1000000 0.2750000
v -0.7922500 2.9500000 0.2750000
v -0.1750000 2.9500000 0.2750000
v -0.1750000 3.1000000 0.2750000
v -0.6362500 1.1500000 0.4250000
v -0.7527500 1.3000000 0.4250000
v -0.1750000 1.3000000 0.4250000
v -0.1750000 1.1500000 0.4250000
v -0.8377500 1.4500000 0.4250000
v -0.8997500 1.6000000 0.4250000
v -0.1750000 1.6000000 0.4250000
v -0.1750000 1.4500000 0.4250000
v -0.9437500 1.7500000 0.4250000
v -0.9720000 1.9000000 0.4250000
v -0.1750000 1.9000000 0.4250000
v -0.1750000 1.7500000 0.4250000
v -0.9857500 2.2000000 0.4250000
v -0.1750000 2.2000000 0.4250000
v -0.1750000 2.0500000 0.4250000
v -0.9857500 2.0500000 0.4250000
v -0.9720000 2.3500000 0.4250000
v -0.9437500 2.5000000 0.4250000
v -0.1750000 2.5000000 0.4250000
v -0.1750000 2.3500000 0.4250000
v -0.8997500 2.6500000 0.4250000
v -0.8377500 2.8000000 0.4250000
v -0.1750000 2.8000000 0.4250000
v -0.1750000 2.6500000 0.4250000
v -0.7527500 2.9500000 0.4250000
v -0.6362500 3.1000000 0.4250000
v -0.1750000 3.1000000 0.4250000
v -0.1750000 2.9500000 0.4250000
v -0.6667500 1.3000000 0.6250000
v -0.5635000 1.1500000 0.6250000
v -0.0875000 1.1500000 0.6250000
v -0.0875000 1.3000000 0.6250000
v -0.7970000 1.6000000 0.6250000
v -0.7420000 1.4500000 0.6250000
v -0.1125000 1.4500000 0.6250000
v -0.1125000 1.6000000 0.6250000
v -0.8610000 1.9000000 0.6250000
v -0.8360000 1.7500000 0.6250000
v -0.1125000 1.7500000 0.6250000
v -0.1125000 1.9000000 0.6250000
v -0.8732500 2.0500000 0.6250000
v -0.1125000 2.0500000 0.6250000
v -0.1125000 2.2000000 0.6250000
v -0.8732500 2.2000000 0.6250000
v -0.8360000 2.5000000 0.6250000
v -0.8610000 2.3500000 0.6250000
v -0.1125000 2.3500000 0.6250000
v -0.1125000 2.5000000 0.6250000
v -0.7420000 2.8000000 0.6250000
v -0.7970000 2.6500000 0.6250000
v -0.1125000 2.6500000 0.6250000
v -0.1125000 2.8000000 0.6250000
v -0.5635000 3.1000000 0.6250000
v -0.6667500 2.9500000 0.6250000
v -0.0875000 2.9500000 0.6250000
v -0.0875000 3.1000000 0.6250000
v -0.6320000 1.4500000 0.7750000
v -0.6790000 1.6000000 0.7750000
v -0.1125000 1.6000000 0.7750000
v -0.1125000 1.4500000 0.7750000
v -0.7120000 1.7500000 0.7750000
v -0.7332500 1.9000000 0.7750000
v -0.1125000 1.9000000 0.7750000
v -0.1125000 1.7500000 0.7750000
v -0.7437500 2.2000000 0.7750000
v -0.1125000 2.2000000 0.7750000
v -0.1125000 2.0500000 0.7750000
v -0.7437500 2.0500000 0.7750000
v -0.7332500 2.3500000 0.7750000
v -0.7120000 2.5000000 0.7750000
v -0.1125000 2.5000000 0.7750000
v -0.1125000 2.3500000 0.7750000
v -0.6790000 2.6500000 0.7750000
v -0.6320000 2.8000000 0.7750000
v -0.1125000 2.8000000 0.7750000
v -0.1125000 2.6500000 0.7750000
v 0.1500000 -0.1000000 0.0000000
v 0.1385850 -0.1000000 -0.0574050
v 0.1385850 -0.2000000 -0.0574050
v 0.1500000 -0.2000000 0.0000000
v 0.1385850 -0.1000000 -0.0574050
v 0.1060650 -0.1000000 -0.1060650
v 0.1060650 -0.2000000 -0.1060650
v 0.1385850 -0.2000000 -0.0574050
v 0.1060650 -0.1000000 -0.1060650
v 0.0574050 -0.1000000 -0.1385850
v 0.0574050 -0.2000000 -0.1385850
v 0.1060650 -0.2000000 -0.1060650
v 0.0574050 -0.1000000 -0.1385850
v 0.0000000 -0.1000000 -0.1500000
v 0.0000000 -0.2000000 -0.1500000
v 0.0574050 -0.2000000 -0.1385850
v 0.0000000 -0.1000000 -0.1500000
v -0.0574050 -0.1000000 -0.1385850
v -0.0574050 -0.2000000 -0.1385850
v 0.0000000 -0.2000000 -0.1500000
v -0.0574050 -0.1000000 -0.1385850
v -0.1060650 -0.1000000 -0.1060650
v -0.1060650 -0.2000000 -0.1060650
v -0.0574050 -0.2000000 -0.1385850
v -0.1060650 -0.1000000 -0.1060650
v -0.1385850 -0.1000000 -0.0574050
v -0.1385850 -0.2000000 -0.0574050
v -0.1060650 -0.2000000 -0.1060650
v -0.1385850 -0.1000000 -0.0574050
v -0.1500000 -0.1000000 0.0000000
v -0.1500000 -0.2000000 0.0000000
v -0.1385850 -0.2000000 -0.0574050
v -0.1500000 -0.1000000 0.0000000
v -0.1385850 -0.1000000 0.0574050
v -0.1385850 -0.2000000 0.0574050
v -0.1500000 -0.2000000 0.0000000
v -0.1385850 -0.1000000 0.0574050
v -0.1060650 -0.1000000 0.1060650
v -0.1060650 -0.2000000 0.1060650
v -0.1385850 -0.2000000 0.0574050
v -0.1060650 -0.1000000 0.1060650
v -0.0574050 -0.1000000 0.1385850
v -0.0574050 -0.2000000 0.1385850
v -0.1060650 -0.2000000 0.1060650
v -0.0574050 -0.1000000 0.1385850
v 0.0000000 -0.1000000 0.1500000
v 0.0000000 -0.2000000 0.1500000
v -0.0574050 -0.2000000 0.1385850
v 0.0000000 -0.1000000 0.1500000
v 0.0574050 -0.1000000 0.1385850
v 0.0574050 -0.2000000 0.1385850
v 0.0000000 -0.2000000 0.1500000
v 0.0574050 -0.1000000 0.1385850
v 0.1060650 -0.1000000 0.1060650
v 0.1060650 -0.2000000 0.1060650
v 0.0574050 -0.2000000 0.1385850
v 0.1060650 -0.1000000 0.1060650
v 0.1385850 -0.1000000 0.0574050
v 0.1385850 -0.2000000 0.0574050
v 0.1060650 -0.2000000 0.1060650
v 0.1385850 -0.1000000 0.0574050
v 0.1500000 -0.1000000 0.0000000
v 0.1500000 -0.2000000 0.0000000
v 0.1385850 -0.2000000 0.0574050
v 0.2000000 -0.2000000 0.0000000
v 0.1847800 -0.2000000 -0.0765400
v 0.1847800 -0.1000000 -0.0765400
v 0.2000000 -0.1000000 0.0000000
v 0.1847800 -0.2000000 -0.0765400
v 0.1414200 -0.2000000 -0.1414200
v 0.1414200 -0.1000000 -0.1414200
v 0.1847800 -0.1000000 -0.0765400
v 0.1414200 -0.2000000 -0.1414200
v 0.0765400 -0.2000000 -0.1847800
v 0.0765400 -0.1000000 -0.1847800
v 0.1414200 -0.1000000 -0.1414200
v 0.0765400 -0.2000000 -0.1847800
v 0.0000000 -0.2000000 -0.2000000
v 0.0000000 -0.1000000 -0.2000000
v 0.0765400 -0.1000000 -0.1847800
v 0.0000000 -0.2000000 -0.2000000
v -0.0765400 -0.2000000 -0.1847800
v -0.0765400 -0.1000000 -0.1847800
v 0.0000000 -0.1000000 -0.2000000
v -0.0765400 -0.2000000 -0.1847800
v -0.1414200 -0.2000000 -0.1414200
v -0.1414200 -0.1000000 -0.1414200
v -0.0765400 -0.1000000 -0.1847800
v -0.1414200 -0.2000000 -0.1414200
v -0.1847800 -0.2000000 -0.0765400
v -0.1847800 -0.1000000 -0.0765400
v -0.1414200 -0.1000000 -0.1414200
v -0.1847800 -0.2000000 -0.0765400
v -0.2000000 -0.2000000 0.0000000
v -0.2000000 -0.1000000 0.0000000
v -0.1847800 -0.1000000 -0.0765400
v -0.2000000 -0.2000000 0.0000000
v -0.1847800 -0.2000000 0.0765400
v -0.1847800 -0.1000000 0.0765400
v -0.2000000 -0.1000000 0.0000000
v -0.1847800 -0.2000000 0.0765400
v -0.1414200 -0.2000000 0.1414200
v -0.1414200 -0.1000000 0.1414200
v -0.1847800 -0.1000000 0.0765400
v -0.1414200 -0.2000000 0.1414200
v -0.0765400 -0.2000000 0.1847800
v -0.0765400 -0.1000000 0.1847800
v -0.1414200 -0.1000000 0.1414200
v -0.0765400 -0.2000000 0.1847800
v 0.0000000 -0.2000000 0.2000000
v 0.0000000 -0.1000000 0.2000000
v -0.0765400 -0.1000000 0.1847800
v 0.0000000 -0.2000000 0.2000000
v 0.0765400 -0.2000000 0.1847800
v 0.0765400 -0.1000000 0.1847800
v 0.0000000 -0.1000000 0.2000000
v 0.0765400 -0.2000000 0.1847800
v 0.1414200 -0.2000000 0.1414200
v 0.1414200 -0.1000000 0.1414200
v 0.0765400 -0.1000000 0.1847800
v 0.1414200 -0.2000000 0.1414200
v 0.1847800 -0.2000000 0.0765400
v 0.1847800 -0.1000000 0.0765400
v 0.1414200 -0.1000000 0.1414200
v 0.1847800 -0.2000000 0.0765400
v 0.2000000 -0.2000000 0.0000000
v 0.2000000 -0.1000000 0.0000000
v 0.1847800 -0.1000000 0.0765400
v 0.0000000 -0.2000000 -0.2000000
v 0.0000000 -0.2000000 -0.1500000
v -0.0574050 -0.2000000 -0.1385850
v -0.0765400 -0.2000000 -0.1847800
v -0.0765400 -0.2000000 -0.1847800
v -0.0574050 -0.2000000 -0.1385850
v -0.1060650 -0.2000000 -0.1060650
v -0.1414200 -0.2000000 -0.1414200
v -0.1414200 -0.2000000 -0.1414200
v -0.1060650 -0.2000000 -0.1060650
v -0.1385850 -0.2000000 -0.0574050
v -0.1847800 -0.2000000 -0.0765400
v -0.1847800 -0.2000000 -0.0765400
v -0.1385850 -0.2000000 -0.0574050
v -0.1500000 -0.2000000 0.0000000
v -0.2000000 -0.2000000 0.0000000
v -0.2000000 -0.2000000 0.0000000
v -0.1500000 -0.2000000 0.0000000
v -0.1385850 -0.2000000 0.0574050
v -0.1847800 -0.2000000 0.0765400
v -0.1847800 -0.2000000 0.0765400
v -0.1385850 -0.2000000 0.0574050
v -0.1060650 -0.2000000 0.1060650
v -0.1414200 -0.2000000 0.1414200
v -0.1414200 -0.2000000 0.1414200
v -0.1060650 -0.2000000 0.1060650
v -0.0574050 -0.2000000 0.1385850
v -0.0765400 -0.2000000 0.1847800
v -0.0765400 -0.2000000 0.1847800
v -0.0574050 -0.2000000 0.1385850
v 0.0000000 -0.2000000 0.1500000
v 0.0000000 -0.2000000 0.2000000
v 0.0000000 -0.2000000 0.2000000
v 0.0000000 -0.2000000 0.1500000
v 0.0574050 -0.2000000 0.1385850
v 0.0765400 -0.2000000 0.1847800
v 0.0765400 -0.2000000 0.1847800
v 0.0574050 -0.2000000 0.1385850
v 0.1060650 -0.2000000 0.1060650
v 0.1414200 -0.2000000 0.1414200
v 0.1414200 -0.2000000 0.1414200
v 0.1060650 -0.2000000 0.1060650
v 0.1385850 -0.2000000 0.0574050
v 0.1847800 -0.2000000 0.0765400
v 0.1847800 -0.2000000 0.0765400
v 0.1385850 -0.2000000 0.0574050
v 0.1500000 -0.2000000 0.0000000
v 0.2000000 -0.2000000 0.0000000
v 0.2000000 -0.2000000 0.0000000
v 0.1500000 -0.2000000 0.0000000
v 0.1385850 -0.2000000 -0.0574050
v 0.1847800 -0.2000000 -0.0765400
v 0.1847800 -0.2000000 -0.0765400
v 0.1385850 -0.2000000 -0.0574050
v 0.1060650 -0.2000000 -0.1060650
v 0.1414200 -0.2000000 -0.1414200
v 0.1414200 -0.2000000 -0.1414200
v 0.1060650 -0.2000000 -0.1060650
v 0.0574050 -0.2000000 -0.1385850
v 0.0765400 -0.2000000 -0.1847800
v 0.0765400 -0.2000000 -0.1847800
v 0.0574050 -0.2000000 -0.1385850
v 0.0000000 -0.2000000 -0.1500000
v 0.0000000 -0.2000000 -0.2000000
v 0.6000000 -0.2000000 0.0000000
v 0.5543400 -0.2000000 0.2296200
v 0.4619500 -0.2000000 0.1913500
v 0.5000000 -0.2000000 0.0000000
v 0.5543400 -0.2000000 0.2296200
v 0.4242600 -0.2000000 0.4242600
v 0.3535500 -0.2000000 0.3535500
v 0.4619500 -0.2000000 0.1913500
v 0.4242600 -0.2000000 0.4242600
v 0.2296200 -0.2000000 0.5543400
v 0.1913500 -0.2000000 0.4619500
v 0.3535500 -0.2000000 0.3535500
v 0.2296200 -0.2000000 0.5543400
v 0.0000000 -0.2000000 0.6000000
v 0.0000000 -0.2000000 0.5000000
v 0.1913500 -0.2000000 0.4619500
v 0.0000000 -0.2000000 0.6000000
v -0.2296200 -0.2000000 0.5543400
v -0.1913500 -0.2000000 0.4619500
v 0.0000000 -0.2000000 0.5000000
v -0.2296200 -0.2000000 0.5543400
v -0.4242600 -0.2000000 0.4242600
v -0.3535500 -0.2000000 0.3535500
v -0.1913500 -0.2000000 0.4619500
v -0.4242600 -0.2000000 0.4242600
v -0.5543400 -0.2000000 0.2296200
v -0.4619500 -0.2000000 0.1913500
v -0.3535500 -0.2000000 0.3535500
v -0.5543400 -0.2000000 0.2296200
v -0.6000000 -0.2000000 0.0000000
v -0.5000000 -0.2000000 0.0000000
v -0.4619500 -0.2000000 0.1913500
v -0.6000000 -0.2000000 0.0000000
v -0.5543400 -0.2000000 -0.2296200
v -0.4619500 -0.2000000 -0.1913500
v -0.5000000 -0.2000000 0.0000000
v -0.5543400 -0.2000000 -0.2296200
v -0.4242600 -0.2000000 -0.4242600
v -0.3535500 -0.2000000 -0.3535500
v -0.4619500 -0.2000000 -0.1913500
v -0.4242600 -0.2000000 -0.4242600
v -0.2296200 -0.2000000 -0.5543400
v -0.1913500 -0.2000000 -0.4619500
v -0.3535500 -0.2000000 -0.3535500
v -0.2296200 -0.2000000 -0.5543400
v 0.0000000 -0.2000000 -0.6000000
v 0.0000000 -0.2000000 -0.5000000
v -0.1913500 -0.2000000 -0.4619500
v 0.0000000 -0.2000000 -0.6000000
v 0.2296200 -0.2000000 -0.5543400
v 0.1913500 -0.2000000 -0.4619500
v 0.0000000 -0.2000000 -0.5000000
v 0.2296200 -0.2000000 -0.5543400
v 0.4242600 -0.2000000 -0.4242600
v 0.3535500 -0.2000000 -0.3535500
v 0.1913500 -0.2000000 -0.4619500
v 0.4242600 -0.2000000 -0.4242600
v 0.5543400 -0.2000000 -0.2296200
v 0.4619500 -0.2000000 -0.1913500
v 0.3535500 -0.2000000 -0.3535500
v 0.5543400 -0.2000000 -0.2296200
v 0.6000000 -0.2000000 0.0000000
v 0.5000000 -0.2000000 0.0000000
v 0.4619500 -0.2000000 -0.1913500
v 0.0000000 -0.1000000 0.0000000
v 0.5000000 -0.1000000 0.0000000
v 0.4619500 -0.1000000 0.1913500
v 0.0000000 -0.1000000 0.0000000
v 0.4619500 -0.1000000 0.1913500
v 0.3535500 -0.1000000 0.3535500
v 0.0000000 -0.1000000 0.0000000
v 0.3535500 -0.1000000 0.3535500
v 0.1913500 -0.1000000 0.4619500
v 0.0000000 -0.1000000 0.0000000
v 0.1913500 -0.1000000 0.4619500
v 0.0000000 -0.1000000 0.5000000
v 0.0000000 -0.1000000 0.0000000
v 0.0000000 -0.1000000 0.5000000
v -0.1913500 -0.1000000 0.4619500
v 0.0000000 -0.1000000 0.0000000
v -0.1913500 -0.1000000 0.4619500
v -0.3535500 -0.1000000 0.3535500
v 0.0000000 -0.1000000 0.0000000
v -0.3535500 -0.1000000 0.3535500
v -0.4619500 -0.1000000 0.1913500
v 0.0000000 -0.1000000 0.0000000
v -0.4619500 -0.1000000 0.1913500
v -0.5000000 -0.1000000 0.0000000
v 0.0000000 -0.1000000 0.0000000
v -0.5000000 -0.1000000 0.0000000
v -0.4619500 -0.1000000 -0.1913500
v 0.0000000 -0.1000000 0.0000000
v -0.4619500 -0.1000000 -0.1913500
v -0.3535500 -0.1000000 -0.3535500
v 0.0000000 -0.1000000 0.0000000
v -0.3535500 -0.1000000 -0.3535500
v -0.1913500 -0.1000000 -0.4619500
v 0.0000000 -0.1000000 0.0000000
v -0.1913500 -0.1000000 -0.4619500
v 0.0000000 -0.1000000 -0.5000000
v 0.0000000 -0.1000000 0.0000000
v 0.0000000 -0.1000000 -0.5000000
v 0.1913500 -0.1000000 -0.4619500
v 0.0000000 -0.1000000 0.0000000
v 0.1913500 -0.1000000 -0.4619500
v 0.3535500 -0.1000000 -0.3535500
v 0.0000000 -0.1000000 0.0000000
v 0.3535500 -0.1000000 -0.3535500
v 0.4619500 -0.1000000 -0.1913500
v 0.0000000 -0.1000000 0.0000000
v 0.4619500 -0.1000000 -0.1913500
v 0.5000000 -0.1000000 0.0000000
v 0.5000000 -0.2000000 0.0000000
v 0.4619500 -0.2000000 0.1913500
v 0.4619500 -0.1000000 0.1913500
v 0.5000000 -0.1000000 0.0000000
v 0.4619500 -0.2000000 0.1913500
v 0.3535500 -0.2000000 0.3535500
v 0.3535500 -0.1000000 0.3535500
v 0.4619500 -0.1000000 0.1913500
v 0.3535500 -0.2000000 0.3535500
v 0.1913500 -0.2000000 0.4619500
v 0.1913500 -0.1000000 0.4619500
v 0.3535500 -0.1000000 0.3535500
v 0.1913500 -0.2000000 0.4619500
v 0.0000000 -0.2000000 0.5000000
v 0.0000000 -0.1000000 0.5000000
v 0.1913500 -0.1000000 0.4619500
v 0.0000000 -0.2000000 0.5000000
v -0.1913500 -0.2000000 0.4619500
v -0.1913500 -0.1000000 0.4619500
v 0.0000000 -0.1000000 0.5000000
v -0.1913500 -0.2000000 0.4619500
v -0.3535500 -0.2000000 0.3535500
v -0.3535500 -0.1000000 0.3535500
v -0.1913500 -0.1000000 0.4619500
v -0.3535500 -0.2000000 0.3535500
v -0.4619500 -0.2000000 0.1913500
v -0.4619500 -0.1000000 0.1913500
v -0.3535500 -0.1000000 0.3535500
v -0.4619500 -0.2000000 0.1913500
v -0.5000000 -0.2000000 0.0000000
v -0.5000000 -0.1000000 0.0000000
v -0.4619500 -0.1000000 0.1913500
v -0.5000000 -0.2000000 0.0000000
v -0.4619500 -0.2000000 -0.1913500
v -0.4619500 -0.1000000 -0.1913500
v -0.5000000 -0.1000000 0.0000000
v -0.4619500 -0.2000000 -0.1913500
v -0.3535500 -0.2000000 -0.3535500
v -0.3535500 -0.1000000 -0.3535500
v -0.4619500 -0.1000000 -0.1913500
v -0.3535500 -0.2000000 -0.3535500
v -0.1913500 -0.2000000 -0.4619500
v -0.1913500 -0.1000000 -0.4619500
v -0.3535500 -0.1000000 -0.3535500
v -0.1913500 -0.2000000 -0.4619500
v 0.0000000 -0.2000000 -0.5000000
v 0.0000000 -0.1000000 -0.5000000
v -0.1913500 -0.1000000 -0.4619500
v 0.0000000 -0.2000000 -0.5000000
v 0.1913500 -0.2000000 -0.4619500
v 0.1913500 -0.1000000 -0.4619500
v 0.0000000 -0.1000000 -0.5000000
v 0.1913500 -0.2000000 -0.4619500
v 0.3535500 -0.2000000 -0.3535500
v 0.3535500 -0.1000000 -0.3535500
v 0.1913500 -0.1000000 -0.4619500
v 0.3535500 -0.2000000 -0.3535500
v 0.4619500 -0.2000000 -0.1913500
v 0.4619500 -0.1000000 -0.1913500
v 0.3535500 -0.1000000 -0.3535500
v 0.4619500 -0.2000000 -0.1913500
v 0.5000000 -0.2000000 0.0000000
v 0.5000000 -0.1000000 0.0000000
v 0.4619500 -0.1000000 -0.1913500
v 0.6000000 -0.1000000 0.0000000
v 0.5543400 -0.1000000 0.2296200
v 0.5543400 -0.2000000 0.2296200
v 0.6000000 -0.2000000 0.0000000
v 0.5543400 -0.1000000 0.2296200
v 0.4242600 -0.1000000 0.4242600
v 0.4242600 -0.2000000 0.4242600
v 0.5543400 -0.2000000 0.2296200
v 0.4242600 -0.1000000 0.4242600
v 0.2296200 -0.1000000 0.5543400
v 0.2296200 -0.2000000 0.5543400
v 0.4242600 -0.2000000 0.4242600
v 0.2296200 -0.1000000 0.5543400
v 0.0000000 -0.1000000 0.6000000
v 0.0000000 -0.2000000 0.6000000
v 0.2296200 -0.2000000 0.5543400
v 0.0000000 -0.1000000 0.6000000
v -0.2296200 -0.1000000 0.5543400
v -0.2296200 -0.2000000 0.5543400
v 0.0000000 -0.2000000 0.6000000
v -0.2296200 -0.1000000 0.5543400
v -0.4242600 -0.1000000 0.4242600
v -0.4242600 -0.2000000 0.4242600
v -0.2296200 -0.2000000 0.5543400
v -0.4242600 -0.1000000 0.4242600
v -0.5543400 -0.1000000 0.2296200
v -0.5543400 -0.2000000 0.2296200
v -0.4242600 -0.2000000 0.4242600
v -0.5543400 -0.1000000 0.2296200
v -0.6000000 -0.1000000 0.0000000
v -0.6000000 -0.2000000 0.0000000
v -0.5543400 -0.2000000 0.2296200
v -0.6000000 -0.1000000 0.0000000
v -0.5543400 -0.1000000 -0.2296200
v -0.5543400 -0.2000000 -0.2296200
v -0.6000000 -0.2000000 0.0000000
v -0.5543400 -0.1000000 -0.2296200
v -0.4242600 -0.1000000 -0.4242600
v -0.4242600 -0.2000000 -0.4242600
v -0.5543400 -0.2000000 -0.2296200
v -0.4242600 -0.1000000 -0.4242600
v -0.2296200 -0.1000000 -0.5543400
v -0.2296200 -0.2000000 -0.5543400
v -0.4242600 -0.2000000 -0.4242600
v -0.2296200 -0.1000000 -0.5543400
v 0.0000000 -0.1000000 -0.6000000
v 0.0000000 -0.2000000 -0.6000000
v -0.2296200 -0.2000000 -0.5543400
v 0.0000000 -0.1000000 -0.6000000
v 0.2296200 -0.1000000 -0.5543400
v 0.2296200 -0.2000000 -0.5543400
v 0.0000000 -0.2000000 -0.6000000
v 0.2296200 -0.1000000 -0.5543400
v 0.4242600 -0.1000000 -0.4242600
v 0.4242600 -0.2000000 -0.4242600
v 0.2296200 -0.2000000 -0.5543400
v 0.4242600 -0.1000000 -0.4242600
v 0.5543400 -0.1000000 -0.2296200
v 0.5543400 -0.2000000 -0.2296200
v 0.4242600 -0.2000000 -0.4242600
v 0.5543400 -0.1000000 -0.2296200
v 0.6000000 -0.1000000 0.0000000
v 0.6000000 -0.2000000 0.0000000
v 0.5543400 -0.2000000 -0.2296200
v 0.0000000 -0.0000000 0.5000000
v 0.0000000 -0.0000000 0.2500000
v -0.0956750 -0.0000000 0.2309750
v -0.1913500 -0.0000000 0.4619500
v -0.1913500 -0.0000000 0.4619500
v -0.0956750 -0.0000000 0.2309750
v -0.1767750 -0.0000000 0.1767750
v -0.3535500 -0.0000000 0.3535500
v -0.3535500 -0.0000000 0.3535500
v -0.1767750 -0.0000000 0.1767750
v -0.2309750 -0.0000000 0.0956750
v -0.4619500 -0.0000000 0.1913500
v -0.4619500 -0.0000000 0.1913500
v -0.2309750 -0.0000000 0.0956750
v -0.2500000 -0.0000000 0.0000000
v -0.5000000 -0.0000000 0.0000000
v -0.5000000 -0.0000000 0.0000000
v -0.2500000 -0.0000000 0.0000000
v -0.2309750 -0.0000000 -0.0956750
v -0.4619500 -0.0000000 -0.1913500
v -0.4619500 -0.0000000 -0.1913500
v -0.2309750 -0.0000000 -0.0956750
v -0.1767750 -0.0000000 -0.1767750
v -0.3535500 -0.0000000 -0.3535500
v -0.3535500 -0.0000000 -0.3535500
v -0.1767750 -0.0000000 -0.1767750
v -0.0956750 -0.0000000 -0.2309750
v -0.1913500 -0.0000000 -0.4619500
v -0.1913500 -0.0000000 -0.4619500
v -0.0956750 -0.0000000 -0.2309750
v 0.0000000 -0.0000000 -0.2500000
v 0.0000000 -0.0000000 -0.5000000
v 0.0000000 -0.0000000 -0.5000000
v 0.0000000 -0.0000000 -0.2500000
v 0.0956750 -0.0000000 -0.2309750
v 0.1913500 -0.0000000 -0.4619500
v 0.1913500 -0.0000000 -0.4619500
v 0.0956750 -0.0000000 -0.2309750
v 0.1767750 -0.0000000 -0.1767750
v 0.3535500 -0.0000000 -0.3535500
v 0.3535500 -0.0000000 -0.3535500
v 0.1767750 -0.0000000 -0.1767750
v 0.2309750 -0.0000000 -0.0956750
v 0.4619500 -0.0000000 -0.1913500
v 0.4619500 -0.0000000 -0.1913500
v 0.2309750 -0.0000000 -0.0956750
v 0.2500000 -0.0000000 0.0000000
v 0.5000000 -0.0000000 0.0000000
v 0.5000000 -0.0000000 0.0000000
v 0.2500000 -0.0000000 0.0000000
v 0.2309750 -0.0000000 0.0956750
v 0.4619500 -0.0000000 0.1913500
v 0.4619500 -0.0000000 0.1913500
v 0.2309750 -0.0000000 0.0956750
v 0.1767750 -0.0000000 0.1767750
v 0.3535500 -0.0000000 0.3535500
v 0.3535500 -0.0000000 0.3535500
v 0.1767750 -0.0000000 0.1767750
v 0.0956750 -0.0000000 0.2309750
v 0.1913500 -0.0000000 0.4619500
v 0.1913500 -0.0000000 0.4619500
v 0.0956750 -0.0000000 0.2309750
v 0.0000000 -0.0000000 0.2500000
v 0.0000000 -0.0000000 0.5000000
v 0.1500000 0.1000000 0.0000000
v 0.1385750 0.1000000 0.0574000
v 0.1456250 0.0617250 0.0603250
v 0.1576000 0.0617250 0.0000000
v 0.1576000 0.0617250 0.0000000
v 0.1456250 0.0617250 0.0603250
v 0.1656500 0.0293000 0.0686250
v 0.1793000 0.0293000 0.0000000
v 0.1793000 0.0293000 0.0000000
v 0.1656500 0.0293000 0.0686250
v 0.1956250 0.0076000 0.0810250
v 0.2117250 0.0076000 0.0000000
v 0.2117250 0.0076000 0.0000000
v 0.1956250 0.0076000 0.0810250
v 0.2309750 -0.0000000 0.0956750
v 0.2500000 -0.0000000 0.0000000
v 0.1385750 0.1000000 0.0574000
v 0.1060750 0.1000000 0.1060750
v 0.1114500 0.0617250 0.1114500
v 0.1456250 0.0617250 0.0603250
v 0.1456250 0.0617250 0.0603250
v 0.1114500 0.0617250 0.1114500
v 0.1267750 0.0293000 0.1267750
v 0.1656500 0.0293000 0.0686250
v 0.1656500 0.0293000 0.0686250
v 0.1267750 0.0293000 0.1267750
v 0.1497250 0.0076000 0.1497250
v 0.1956250 0.0076000 0.0810250
v 0.1956250 0.0076000 0.0810250
v 0.1497250 0.0076000 0.1497250
v 0.1767750 -0.0000000 0.1767750
v 0.2309750 -0.0000000 0.0956750
v 0.1060750 0.1000000 0.1060750
v 0.0574000 0.1000000 0.1385750
v 0.0603250 0.0617250 0.1456250
v 0.1114500 0.0617250 0.1114500
v 0.1114500 0.0617250 0.1114500
v 0.0603250 0.0617250 0.1456250
v 0.0686250 0.0293000 0.1656500
v 0.1267750 0.0293000 0.1267750
v 0.1267750 0.0293000 0.1267750
v 0.0686250 0.0293000 0.1656500
v 0.0810250 0.0076000 0.1956250
v 0.1497250 0.0076000 0.1497250
v 0.1497250 0.0076000 0.1497250
v 0.0810250 0.0076000 0.1956250
v 0.0956750 -0.0000000 0.2309750
v 0.1767750 -0.0000000 0.1767750
v 0.0574000 0.1000000 0.1385750
v 0.0000000 0.1000000 0.1500000
v 0.0000000 0.0617250 0.1576000
v 0.0603250 0.0617250 0.1456250
v 0.0603250 0.0617250 0.1456250
v 0.0000000 0.0617250 0.1576000
v 0.0000000 0.0293000 0.1793000
v 0.0686250 0.0293000 0.1656500
v 0.0686250 0.0293000 0.1656500
v 0.0000000 0.0293000 0.1793000
v 0.0000000 0.0076000 0.2117250
v 0.0810250 0.0076000 0.1956250
v 0.0810250 0.0076000 0.1956250
v 0.0000000 0.0076000 0.2117250
v 0.0000000 -0.0000000 0.2500000
v 0.0956750 -0.0000000 0.2309750
v 0.0000000 0.1000000 0.1500000
v -0.0574000 0.1000000 0.1385750
v -0.0603250 0.0617250 0.1456250
v 0.0000000 0.0617250 0.1576000
v 0.0000000 0.0617250 0.1576000
v -0.0603250 0.0617250 0.1456250
v -0.0686250 0.0293000 0.1656500
v 0.0000000 0.0293000 0.1793000
v 0.0000000 0.0293000 0.1793000
v -0.0686250 0.0293000 0.1656500
v -0.0810250 0.0076000 0.1956250
v 0.0000000 0.0076000 0.2117250
v 0.0000000 0.0076000 0.2117250
v -0.0810250 0.0076000 0.1956250
v -0.0956750 -0.0000000 0.2309750
v 0.0000000 -0.0000000 0.2500000
v -0.0574000 0.1000000 0.1385750
v -0.1060750 0.1000000 0.1060750
v -0.1114500 0.0617250 0.1114500
v -0.0603250 0.0617250 0.1456250
v -0.0603250 0.0617250 0.1456250
v -0.1114500 0.0617250 0.1114500
v -0.1267750 0.0293000 0.1267750
v -0.0686250 0.0293000 0.1656500
v -0.0686250 0.0293000 0.1656500
v -0.1267750 0.0293000 0.1267750
v -0.1497250 0.0076000 0.1497250
v -0.0810250 0.0076000 0.1956250
v -0.0810250 0.0076000 0.1956250
v -0.1497250 0.0076000 0.1497250
v -0.1767750 -0.0000000 0.1767750
v -0.0956750 -0.0000000 0.2309750
v -0.1060750 0.1000000 0.1060750
v -0.1385750 0.1000000 0.0574000
v -0.1456250 0.0617250 0.0603250
v -0.1114500 0.0617250 0.1114500
v -0.1114500 0.0617250 0.1114500
v -0.1456250 0.0617250 0.0603250
v -0.1656500 0.0293000 0.0686250
v -0.1267750 0.0293000 0.1267750
v -0.1267750 0.0293000 0.1267750
v -0.1656500 0.0293000 0.0686250
v -0.1956250 0.0076000 0.0810250
v -0.1497250 0.0076000 0.1497250
v -0.1497250 0.0076000 0.1497250
v -0.1956250 0.0076000 0.0810250
v -0.2309750 -0.0000000 0.0956750
v -0.1767750 -0.0000000 0.1767750
v -0.1385750 0.1000000 0.0574000
v -0.1500000 0.1000000 0.0000000
v -0.1576000 0.0617250 0.0000000
v -0.1456250 0.0617250 0.0603250
v -0.1456250 0.0617250 0.0603250
v -0.1576000 0.0617250 0.0000000
v -0.1793000 0.0293000 0.0000000
v -0.1656500 0.0293000 0.0686250
v -0.1656500 0.0293000 0.0686250
v -0.1793000 0.0293000 0.0000000
v -0.2117250 0.0076000 0.0000000
v -0.1956250 0.0076000 0.0810250
v -0.1956250 0.0076000 0.0810250
v -0.2117250 0.0076000 0.0000000
v -0.2500000 -0.0000000 0.0000000
v -0.2309750 -0.0000000 0.0956750
v -0.1500000 0.1000000 0.0000000
v -0.1385750 0.1000000 -0.0574000
v -0.1456250 0.0617250 -0.0603250
v -0.1576000 0.0617250 0.0000000
v -0.1576000 0.0617250 0.0000000
v -0.1456250 0.0617250 -0.0603250
v -0.1656500 0.0293000 -0.0686250
v -0.1793000 0.0293000 0.0000000
v -0.1793000 0.0293000 0.0000000
v -0.1656500 0.0293000 -0.0686250
v -0.1956250 0.0076000 -0.0810250
v -0.2117250 0.0076000 0.0000000
v -0.2117250 0.0076000 0.0000000
v -0.1956250 0.0076000 -0.0810250
v -0.2309750 -0.0000000 -0.0956750
v -0.2500000 -0.0000000 0.0000000
v -0.1385750 0.1000000 -0.0574000
v -0.1060750 0.1000000 -0.1060750
v -0.1114500 0.0617250 -0.1114500
v -0.1456250 0.0617250 -0.0603250
v -0.1456250 0.0617250 -0.0603250
v -0.1114500 0.0617250 -0.1114500
v -0.1267750 0.0293000 -0.1267750
v -0.1656500 0.0293000 -0.0686250
v -0.1656500 0.0293000 -0.0686250
v -0.1267750 0.0293000 -0.1267750
v -0.1497250 0.0076000 -0.1497250
v -0.1956250 0.0076000 -0.0810250
v -0.1956250 0.0076000 -0.0810250
v -0.1497250 0.0076000 -0.1497250
v -0.1767750 -0.0000000 -0.1767750
v -0.2309750 -0.0000000 -0.0956750
v -0.1060750 0.1000000 -0.1060750
v -0.0574000 0.1000000 -0.1385750
v -0.0603250 0.0617250 -0.1456250
v -0.1114500 0.0617250 -0.1114500
v -0.1114500 0.0617250 -0.1114500
v -0.0603250 0.0617250 -0.1456250
v -0.0686250 0.0293000 -0.1656500
v -0.1267750 0.0293000 -0.1267750
v -0.1267750 0.0293000 -0.1267750
v -0.0686250 0.0293000 -0.1656500
v -0.0810250 0.0076000 -0.1956250
v -0.1497250 0.0076000 -0.1497250
v -0.1497250 0.0076000 -0.1497250
v -0.0810250 0.0076000 -0.1956250
v -0.0956750 -0.0000000 -0.2309750
v -0.1767750 -0.0000000 -0.1767750
v -0.0574000 0.1000000 -0.1385750
v 0.0000000 0.1000000 -0.1500000
v 0.0000000 0.0617250 -0.1576000
v -0.0603250 0.0617250 -0.1456250
v -0.0603250 0.0617250 -0.1456250
v 0.0000000 0.0617250 -0.1576000
v 0.0000000 0.0293000 -0.1793000
v -0.0686250 0.0293000 -0.1656500
v -0.0686250 0.0293000 -0.1656500
v 0.0000000 0.0293000 -0.1793000
v 0.0000000 0.0076000 -0.2117250
v -0.0810250 0.0076000 -0.1956250
v -0.0810250 0.0076000 -0.1956250
v 0.0000000 0.0076000 -0.2117250
v 0.0000000 -0.0000000 -0.2500000
v -0.0956750 -0.0000000 -0.2309750
v 0.0000000 0.1000000 -0.1500000
v 0.0574000 0.1000000 -0.1385750
v 0.0603250 0.0617250 -0.1456250
v 0.0000000 0.0617250 -0.1576000
v 0.0000000 0.0617250 -0.1576000
v 0.0603250 0.0617250 -0.1456250
v 0.0686250 0.0293000 -0.1656500
v 0.0000000 0.0293000 -0.1793000
v 0.0000000 0.0293000 -0.1793000
v 0.0686250 0.0293000 -0.1656500
v 0.0810250 0.0076000 -0.1956250
v 0.0000000 0.0076000 -0.2117250
v 0.0000000 0.0076000 -0.2117250
v 0.0810250 0.0076000 -0.1956250
v 0.0956750 -0.0000000 -0.2309750
v 0.0000000 -0.0000000 -0.2500000
v 0.0574000 0.1000000 -0.1385750
v 0.1060750 0.1000000 -0.1060750
v 0.1114500 0.0617250 -0.1114500
v 0.0603250 0.0617250 -0.1456250
v 0.0603250 0.0617250 -0.1456250
v 0.1114500 0.0617250 -0.1114500
v 0.1267750 0.0293000 -0.1267750
v 0.0686250 0.0293000 -0.1656500
v 0.0686250 0.0293000 -0.1656500
v 0.1267750 0.0293000 -0.1267750
v 0.1497250 0.0076000 -0.1497250
v 0.0810250 0.0076000 -0.1956250
v 0.0810250 0.0076000 -0.1956250
v 0.1497250 0.0076000 -0.1497250
v 0.1767750 -0.0000000 -0.1767750
v 0.0956750 -0.0000000 -0.2309750
v 0.1060750 0.1000000 -0.1060750
v 0.1385750 0.1000000 -0.0574000
v 0.1456250 0.0617250 -0.0603250
v 0.1114500 0.0617250 -0.1114500
v 0.1114500 0.0617250 -0.1114500
v 0.1456250 0.0617250 -0.0603250
v 0.1656500 0.0293000 -0.0686250
v 0.1267750 0.0293000 -0.1267750
v 0.1267750 0.0293000 -0.1267750
v 0.1656500 0.0293000 -0.0686250
v 0.1956250 0.0076000 -0.0810250
v 0.1497250 0.0076000 -0.1497250
v 0.1497250 0.0076000 -0.1497250
v 0.1956250 0.0076000 -0.0810250
v 0.2309750 -0.0000000 -0.0956750
v 0.1767750 -0.0000000 -0.1767750
v 0.1385750 0.1000000 -0.0574000
v 0.1500000 0.1000000 0.0000000
v 0.1576000 0.0617250 0.0000000
v 0.1456250 0.0617250 -0.0603250
v 0.1456250 0.0617250 -0.0603250
v 0.1576000 0.0617250 0.0000000
v 0.1793000 0.0293000 0.0000000
v 0.1656500 0.0293000 -0.0686250
v 0.1656500 0.0293000 -0.0686250
v 0.1793000 0.0293000 0.0000000
v 0.2117250 0.0076000 0.0000000
v 0.1956250 0.0076000 -0.0810250
v 0.1956250 0.0076000 -0.0810250
v 0.2117250 0.0076000 0.0000000
v 0.2500000 -0.0000000 0.0000000
v 0.2309750 -0.0000000 -0.0956750
v 0.5000000 -0.0000000 0.0000000
v 0.4619500 -0.0000000 0.1913500
v 0.4973000 -0.0076000 0.2060000
v 0.5382500 -0.0076000 0.0000000
v 0.5382500 -0.0076000 0.0000000
v 0.4973000 -0.0076000 0.2060000
v 0.5273000 -0.0293000 0.2184000
v 0.5707000 -0.0293000 0.0000000
v 0.5707000 -0.0293000 0.0000000
v 0.5273000 -0.0293000 0.2184000
v 0.5473000 -0.0617500 0.2267000
v 0.5924000 -0.0617500 0.0000000
v 0.5924000 -0.0617500 0.0000000
v 0.5473000 -0.0617500 0.2267000
v 0.5543500 -0.1000000 0.2296000
v 0.6000000 -0.1000000 0.0000000
v 0.4619500 -0.0000000 0.1913500
v 0.3535500 -0.0000000 0.3535500
v 0.3806000 -0.0076000 0.3806000
v 0.4973000 -0.0076000 0.2060000
v 0.4973000 -0.0076000 0.2060000
v 0.3806000 -0.0076000 0.3806000
v 0.4035500 -0.0293000 0.4035500
v 0.5273000 -0.0293000 0.2184000
v 0.5273000 -0.0293000 0.2184000
v 0.4035500 -0.0293000 0.4035500
v 0.4189000 -0.0617500 0.4189000
v 0.5473000 -0.0617500 0.2267000
v 0.5473000 -0.0617500 0.2267000
v 0.4189000 -0.0617500 0.4189000
v 0.4242500 -0.1000000 0.4242500
v 0.5543500 -0.1000000 0.2296000
v 0.3535500 -0.0000000 0.3535500
v 0.1913500 -0.0000000 0.4619500
v 0.2060000 -0.0076000 0.4973000
v 0.3806000 -0.0076000 0.3806000
v 0.3806000 -0.0076000 0.3806000
v 0.2060000 -0.0076000 0.4973000
v 0.2184000 -0.0293000 0.5273000
v 0.4035500 -0.0293000 0.4035500
v 0.4035500 -0.0293000 0.4035500
v 0.2184000 -0.0293000 0.5273000
v 0.2267000 -0.0617500 0.5473000
v 0.4189000 -0.0617500 0.4189000
v 0.4189000 -0.0617500 0.4189000
v 0.2267000 -0.0617500 0.5473000
v 0.2296000 -0.1000000 0.5543500
v 0.4242500 -0.1000000 0.4242500
v 0.1913500 -0.0000000 0.4619500
v 0.0000000 -0.0000000 0.5000000
v 0.0000000 -0.0076000 0.5382500
v 0.2060000 -0.0076000 0.4973000
v 0.2060000 -0.0076000 0.4973000
v 0.0000000 -0.0076000 0.5382500
v 0.0000000 -0.0293000 0.5707000
v 0.2184000 -0.0293000 0.5273000
v 0.2184000 -0.0293000 0.5273000
v 0.0000000 -0.0293000 0.5707000
v 0.0000000 -0.0617500 0.5924000
v 0.2267000 -0.0617500 0.5473000
v 0.2267000 -0.0617500 0.5473000
v 0.0000000 -0.0617500 0.5924000
v 0.0000000 -0.1000000 0.6000000
v 0.2296000 -0.1000000 0.5543500
v 0.0000000 -0.0000000 0.5000000
v -0.1913500 -0.0000000 0.4619500
v -0.2060000 -0.0076000 0.4973000
v 0.0000000 -0.0076000 0.5382500
v 0.0000000 -0.0076000 0.5382500
v -0.2060000 -0.0076000 0.4973000
v -0.2184000 -0.0293000 0.5273000
v 0.0000000 -0.0293000 0.5707000
v 0.0000000 -0.0293000 0.5707000
v -0.2184000 -0.0293000 0.5273000
v -0.2267000 -0.0617500 0.5473000
v 0.0000000 -0.0617500 0.5924000
v 0.0000000 -0.0617500 0.5924000
v -0.2267000 -0.0617500 0.5473000
v -0.2296000 -0.1000000 0.5543500
v 0.0000000 -0.1000000 0.6000000
v -0.1913500 -0.0000000 0.4619500
v -0.3535500 -0.0000000 0.3535500
v -0.3806000 -0.0076000 0.3806000
v -0.2060000 -0.0076000 0.4973000
v -0.2060000 -0.0076000 0.4973000
v -0.3806000 -0.0076000 0.3806000
v -0.4035500 -0.0293000 0.4035500
v -0.2184000 -0.0293000 0.5273000
v -0.2184000 -0.0293000 0.5273000
v -0.4035500 -0.0293000 0.4035500
v -0.4189000 -0.0617500 0.4189000
v -0.2267000 -0.0617500 0.5473000
v -0.2267000 -0.0617500 0.5473000
v -0.4189000 -0.0617500 0.4189000
v -0.4242500 -0.1000000 0.4242500
v -0.2296000 -0.1000000 0.5543500
v -0.3535500 -0.0000000 0.3535500
v -0.4619500 -0.0000000 0.1913500
v -0.4973000 -0.0076000 0.2060000
v -0.3806000 -0.0076000 0.3806000
v -0.3806000 -0.0076000 0.3806000
v -0.4973000 -0.0076000 0.2060000
v -0.5273000 -0.0293000 0.2184000
v -0.4035500 -0.0293000 0.4035500
v -0.4035500 -0.0293000 0.4035500
v -0.5273000 -0.0293000 0.2184000
v -0.5473000 -0.0617500 0.2267000
v -0.4189000 -0.0617500 0.4189000
v -0.4189000 -0.0617500 0.4189000
v -0.5473000 -0.0617500 0.2267000
v -0.5543500 -0.1000000 0.2296000
v -0.4242500 -0.1000000 0.4242500
v -0.4619500 -0.0000000 0.1913500
v -0.5000000 -0.0000000 0.0000000
v -0.5382500 -0.0076000 0.0000000
v -0.4973000 -0.0076000 0.2060000
v -0.4973000 -0.0076000 0.2060000
v -0.5382500 -0.0076000 0.0000000
v -0.5707000 -0.0293000 0.0000000
v -0.5273000 -0.0293000 0.2184000
v -0.5273000 -0.0293000 0.2184000
v -0.5707000 -0.0293000 0.0000000
v -0.5924000 -0.0617500 0.0000000
v -0.5473000 -0.0617500 0.2267000
v -0.5473000 -0.0617500 0.2267000
v -0.5924000 -0.0617500 0.0000000
v -0.6000000 -0.1000000 0.0000000
v -0.5543500 -0.1000000 0.2296000
v -0.5000000 -0.0000000 0.0000000
v -0.4619500 -0.0000000 -0.1913500
v -0.4973000 -0.0076000 -0.2060000
v -0.5382500 -0.0076000 0.0000000
v -0.5382500 -0.0076000 0.0000000
v -0.4973000 -0.0076000 -0.2060000
v -0.5273000 -0.0293000 -0.2184000
v -0.5707000 -0.0293000 0.0000000
v -0.5707000 -0.0293000 0.0000000
v -0.5273000 -0.0293000 -0.2184000
v -0.5473000 -0.0617500 -0.2267000
v -0.5924000 -0.0617500 0.0000000
v -0.5924000 -0.0617500 0.0000000
v -0.5473000 -0.0617500 -0.2267000
v -0.5543500 -0.1000000 -0.2296000
v -0.6000000 -0.1000000 0.0000000
v -0.4619500 -0.0000000 -0.1913500
v -0.3535500 -0.0000000 -0.3535500
v -0.3806000 -0.0076000 -0.3806000
v -0.4973000 -0.0076000 -0.2060000
v -0.4973000 -0.0076000 -0.2060000
v -0.3806000 -0.0076000 -0.3806000
v -0.4035500 -0.0293000 -0.4035500
v -0.5273000 -0.0293000 -0.2184000
v -0.5273000 -0.0293000 -0.2184000
v -0.4035500 -0.0293000 -0.4035500
v -0.4189000 -0.0617500 -0.4189000
v -0.5473000 -0.0617500 -0.2267000
v -0.5473000 -0.0617500 -0.2267000
v -0.4189000 -0.0617500 -0.4189000
v -0.4242500 -0.1000000 -0.4242500
v -0.5543500 -0.1000000 -0.2296000
v -0.3535500 -0.0000000 -0.3535500
v -0.1913500 -0.0000000 -0.4619500
v -0.2060000 -0.0076000 -0.4973000
v -0.3806000 -0.0076000 -0.3806000
v -0.3806000 -0.0076000 -0.3806000
v -0.2060000 -0.0076000 -0.4973000
v -0.2184000 -0.0293000 -0.5273000
v -0.4035500 -0.0293000 -0.4035500
v -0.4035500 -0.0293000 -0.4035500
v -0.2184000 -0.0293000 -0.5273000
v -0.2267000 -0.0617500 -0.5473000
v -0.4189000 -0.0617500 -0.4189000
v -0.4189000 -0.0617500 -0.4189000
v -0.2267000 -0.0617500 -0.5473000
v -0.2296000 -0.1000000 -0.5543500
v -0.4242500 -0.1000000 -0.4242500
v -0.1913500 -0.0000000 -0.4619500
v 0.0000000 -0.0000000 -0.5000000
v 0.0000000 -0.0076000 -0.5382500
v -0.2060000 -0.0076000 -0.4973000
v -0.2060000 -0.0076000 -0.4973000
v 0.0000000 -0.0076000 -0.5382500
v 0.0000000 -0.0293000 -0.5707000
v -0.2184000 -0.0293000 -0.5273000
v -0.2184000 -0.0293000 -0.5273000
v 0.0000000 -0.0293000 -0.5707000
v 0.0000000 -0.0617500 -0.5924000
v -0.2267000 -0.0617500 -0.5473000
v -0.2267000 -0.0617500 -0.5473000
v 0.0000000 -0.0617500 -0.5924000
v 0.0000000 -0.1000000 -0.6000000
v -0.2296000 -0.1000000 -0.5543500
v 0.0000000 -0.0000000 -0.5000000
v 0.1913500 -0.0000000 -0.4619500
v 0.2060000 -0.0076000 -0.4973000
v 0.0000000 -0.0076000 -0.5382500
v 0.0000000 -0.0076000 -0.5382500
v 0.2060000 -0.0076000 -0.4973000
v 0.2184000 -0.0293000 -0.5273000
v 0.0000000 -0.0293000 -0.5707000
v 0.0000000 -0.0293000 -0.5707000
v 0.2184000 -0.0293000 -0.5273000
v 0.2267000 -0.0617500 -0.5473000
v 0.0000000 -0.0617500 -0.5924000
v 0.0000000 -0.0617500 -0.5924000
v 0.2267000 -0.0617500 -0.5473000
v 0.2296000 -0.1000000 -0.5543500
v 0.0000000 -0.1000000 -0.6000000
v 0.1913500 -0.0000000 -0.4619500
v 0.3535500 -0.0000000 -0.3535500
v 0.3806000 -0.0076000 -0.3806000
v 0.2060000 -0.0076000 -0.4973000
v 0.2060000 -0.0076000 -0.4973000
v 0.3806000 -0.0076000 -0.3806000
v 0.4035500 -0.0293000 -0.4035500
v 0.2184000 -0.0293000 -0.5273000
v 0.2184000 -0.0293000 -0.5273000
v 0.4035500 -0.0293000 -0.4035500
v 0.4189000 -0.0617500 -0.4189000
v 0.2267000 -0.0617500 -0.5473000
v 0.2267000 -0.0617500 -0.5473000
v 0.4189000 -0.0617500 -0.4189000
v 0.4242500 -0.1000000 -0.4242500
v 0.2296000 -0.1000000 -0.5543500
v 0.3535500 -0.0000000 -0.3535500
v 0.4619500 -0.0000000 -0.1913500
v 0.4973000 -0.0076000 -0.2060000
v 0.3806000 -0.0076000 -0.3806000
v 0.3806000 -0.0076000 -0.3806000
v 0.4973000 -0.0076000 -0.2060000
v 0.5273000 -0.0293000 -0.2184000
v 0.4035500 -0.0293000 -0.4035500
v 0.4035500 -0.0293000 -0.4035500
v 0.5273000 -0.0293000 -0.2184000
v 0.5473000 -0.0617500 -0.2267000
v 0.4189000 -0.0617500 -0.4189000
v 0.4189000 -0.0617500 -0.4189000
v 0.5473000 -0.0617500 -0.2267000
v 0.5543500 -0.1000000 -0.2296000
v 0.4242500 -0.1000000 -0.4242500
v 0.4619500 -0.0000000 -0.1913500
v 0.5000000 -0.0000000 0.0000000
v 0.5382500 -0.0076000 0.0000000
v 0.4973000 -0.0076000 -0.2060000
v 0.4973000 -0.0076000 -0.2060000
v 0.5382500 -0.0076000 0.0000000
v 0.5707000 -0.0293000 0.0000000
v 0.5273000 -0.0293000 -0.2184000
v 0.5273000 -0.0293000 -0.2184000
v 0.5707000 -0.0293000 0.0000000
v 0.5924000 -0.0617500 0.0000000
v 0.5473000 -0.0617500 -0.2267000
v 0.5473000 -0.0617500 -0.2267000
v 0.5924000 -0.0617500 0.0000000
v 0.6000000 -0.1000000 0.0000000
v 0.5543500 -0.1000000 -0.2296000
v 0.1500000 0.9000000 0.0000000
v 0.1385850 0.9000000 0.0574050
v 0.1385850 0.1000000 0.0574050
v 0.1500000 0.1000000 0.0000000
v 0.1385850 0.9000000 0.0574050
v 0.1060650 0.9000000 0.1060650
v 0.1060650 0.1000000 0.1060650
v 0.1385850 0.1000000 0.0574050
v 0.1060650 0.9000000 0.1060650
v 0.0574050 0.9000000 0.1385850
v 0.0574050 0.1000000 0.1385850
v 0.1060650 0.1000000 0.1060650
v 0.0574050 0.9000000 0.1385850
v 0.0000000 0.9000000 0.1500000
v 0.0000000 0.1000000 0.1500000
v 0.0574050 0.1000000 0.1385850
v 0.0000000 0.9000000 0.1500000
v -0.0574050 0.9000000 0.1385850
v -0.0574050 0.1000000 0.1385850
v 0.0000000 0.1000000 0.1500000
v -0.0574050 0.9000000 0.1385850
v -0.1060650 0.9000000 0.1060650
v -0.1060650 0.1000000 0.1060650
v -0.0574050 0.1000000 0.1385850
v -0.1060650 0.9000000 0.1060650
v -0.1385850 0.9000000 0.0574050
v -0.1385850 0.1000000 0.0574050
v -0.1060650 0.1000000 0.1060650
v -0.1385850 0.9000000 0.0574050
v -0.1500000 0.9000000 0.0000000
v -0.1500000 0.1000000 0.0000000
v -0.1385850 0.1000000 0.0574050
v -0.1500000 0.9000000 0.0000000
v -0.1385850 0.9000000 -0.0574050
v -0.1385850 0.1000000 -0.0574050
v -0.1500000 0.1000000 0.0000000
v -0.1385850 0.9000000 -0.0574050
v -0.1060650 0.9000000 -0.1060650
v -0.1060650 0.1000000 -0.1060650
v -0.1385850 0.1000000 -0.0574050
v -0.1060650 0.9000000 -0.1060650
v -0.0574050 0.9000000 -0.1385850
v -0.0574050 0.1000000 -0.1385850
v -0.1060650 0.1000000 -0.1060650
v -0.0574050 0.9000000 -0.1385850
v 0.0000000 0.9000000 -0.1500000
v 0.0000000 0.1000000 -0.1500000
v -0.0574050 0.1000000 -0.1385850
v 0.0000000 0.9000000 -0.1500000
v 0.0574050 0.9000000 -0.1385850
v 0.0574050 0.1000000 -0.1385850
v 0.0000000 0.1000000 -0.1500000
v 0.0574050 0.9000000 -0.1385850
v 0.1060650 0.9000000 -0.1060650
v 0.1060650 0.1000000 -0.1060650
v 0.0574050 0.1000000 -0.1385850
v 0.1060650 0.9000000 -0.1060650
v 0.1385850 0.9000000 -0.0574050
v 0.1385850 0.1000000 -0.0574050
v 0.1060650 0.1000000 -0.1060650
v 0.1385850 0.9000000 -0.0574050
v 0.1500000 0.9000000 0.0000000
v 0.1500000 0.1000000 0.0000000
v 0.1385850 0.1000000 -0.0574050
v 0.1500000 1.1500000 0.0000000
v 0.1385850 1.1500000 0.0574050
v 0.1385850 1.0000000 0.0574050
v 0.1500000 1.0000000 0.0000000
v 0.1385850 1.1500000 0.0574050
v 0.1060650 1.1500000 0.1060650
v 0.1060650 1.0000000 0.1060650
v 0.1385850 1.0000000 0.0574050
v 0.1060650 1.1500000 0.1060650
v 0.0574050 1.1500000 0.1385850
v 0.0574050 1.0000000 0.1385850
v 0.1060650 1.0000000 0.1060650
v 0.0574050 1.1500000 0.1385850
v 0.0000000 1.1500000 0.1500000
v 0.0000000 1.0000000 0.1500000
v 0.0574050 1.0000000 0.1385850
v 0.0000000 1.1500000 0.1500000
v -0.0574050 1.1500000 0.1385850
v -0.0574050 1.0000000 0.1385850
v 0.0000000 1.0000000 0.1500000
v -0.0574050 1.1500000 0.1385850
v -0.1060650 1.1500000 0.1060650
v -0.1060650 1.0000000 0.1060650
v -0.0574050 1.0000000 0.1385850
v -0.1060650 1.1500000 0.1060650
v -0.1385850 1.1500000 0.0574050
v -0.1385850 1.0000000 0.0574050
v -0.1060650 1.0000000 0.1060650
v -0.1385850 1.1500000 0.0574050
v -0.1500000 1.1500000 0.0000000
v -0.1500000 1.0000000 0.0000000
v -0.1385850 1.0000000 0.0574050
v -0.1500000 1.1500000 0.0000000
v -0.1385850 1.1500000 -0.0574050
v -0.1385850 1.0000000 -0.0574050
v -0.1500000 1.0000000 0.0000000
v -0.1385850 1.1500000 -0.0574050
v -0.1060650 1.1500000 -0.1060650
v -0.1060650 1.0000000 -0.1060650
v -0.1385850 1.0000000 -0.0574050
v -0.1060650 1.1500000 -0.1060650
v -0.0574050 1.1500000 -0.1385850
v -0.0574050 1.0000000 -0.1385850
v -0.1060650 1.0000000 -0.1060650
v -0.0574050 1.1500000 -0.1385850
v 0.0000000 1.1500000 -0.1500000
v 0.0000000 1.0000000 -0.1500000
v -0.0574050 1.0000000 -0.1385850
v 0.0000000 1.1500000 -0.1500000
v 0.0574050 1.1500000 -0.1385850
v 0.0574050 1.0000000 -0.1385850
v 0.0000000 1.0000000 -0.1500000
v 0.0574050 1.1500000 -0.1385850
v 0.1060650 1.1500000 -0.1060650
v 0.1060650 1.0000000 -0.1060650
v 0.0574050 1.0000000 -0.1385850
v 0.1060650 1.1500000 -0.1060650
v 0.1385850 1.1500000 -0.0574050
v 0.1385850 1.0000000 -0.0574050
v 0.1060650 1.0000000 -0.1060650
v 0.1385850 1.1500000 -0.0574050
v 0.1500000 1.1500000 0.0000000
v 0.1500000 1.0000000 0.0000000
v 0.1385850 1.0000000 -0.0574050
v 0.1375000 1.4500000 0.0000000
v 0.1270363 1.4500000 0.0526213
v 0.1270363 1.3000000 0.0526213
v 0.1375000 1.3000000 0.0000000
v 0.1270363 1.4500000 0.0526213
v 0.0972263 1.4500000 0.0972263
v 0.0972263 1.3000000 0.0972263
v 0.1270363 1.3000000 0.0526213
v 0.0972263 1.4500000 0.0972263
v 0.0526213 1.4500000 0.1270363
v 0.0526213 1.3000000 0.1270363
v 0.0972263 1.3000000 0.0972263
v 0.0526213 1.4500000 0.1270363
v 0.0000000 1.4500000 0.1375000
v 0.0000000 1.3000000 0.1375000
v 0.0526213 1.3000000 0.1270363
v 0.0000000 1.4500000 0.1375000
v -0.0526213 1.4500000 0.1270363
v -0.0526213 1.3000000 0.1270363
v 0.0000000 1.3000000 0.1375000
v -0.0526213 1.4500000 0.1270363
v -0.0972263 1.4500000 0.0972263
v -0.0972263 1.3000000 0.0972263
v -0.0526213 1.3000000 0.1270363
v -0.0972263 1.4500000 0.0972263
v -0.1270363 1.4500000 0.0526213
v -0.1270363 1.3000000 0.0526213
v -0.0972263 1.3000000 0.0972263
v -0.1270363 1.4500000 0.0526213
v -0.1375000 1.4500000 0.0000000
v -0.1375000 1.3000000 0.0000000
v -0.1270363 1.3000000 0.0526213
v -0.1375000 1.4500000 0.0000000
v -0.1270363 1.4500000 -0.0526213
v -0.1270363 1.3000000 -0.0526213
v -0.1375000 1.3000000 0.0000000
v -0.1270363 1.4500000 -0.0526213
v -0.0972263 1.4500000 -0.0972263
v -0.0972263 1.3000000 -0.0972263
v -0.1270363 1.3000000 -0.0526213
v -0.0972263 1.4500000 -0.0972263
v -0.0526213 1.4500000 -0.1270363
v -0.0526213 1.3000000 -0.1270363
v -0.0972263 1.3000000 -0.0972263
v -0.0526213 1.4500000 -0.1270363
v 0.0000000 1.4500000 -0.1375000
v 0.0000000 1.3000000 -0.1375000
v -0.0526213 1.3000000 -0.1270363
v 0.0000000 1.4500000 -0.1375000
v 0.0526213 1.4500000 -0.1270363
v 0.0526213 1.3000000 -0.1270363
v 0.0000000 1.3000000 -0.1375000
v 0.0526213 1.4500000 -0.1270363
v 0.0972263 1.4500000 -0.0972263
v 0.0972263 1.3000000 -0.0972263
v 0.0526213 1.3000000 -0.1270363
v 0.0972263 1.4500000 -0.0972263
v 0.1270363 1.4500000 -0.0526213
v 0.1270363 1.3000000 -0.0526213
v 0.0972263 1.3000000 -0.0972263
v 0.1270363 1.4500000 -0.0526213
v 0.1375000 1.4500000 0.0000000
v 0.1375000 1.3000000 0.0000000
v 0.1270363 1.3000000 -0.0526213
v 0.1375000 1.7500000 0.0000000
v 0.1270363 1.7500000 0.0526213
v 0.1270363 1.6000000 0.0526213
v 0.1375000 1.6000000 0.0000000
v 0.1270363 1.7500000 0.0526213
v 0.0972263 1.7500000 0.0972263
v 0.0972263 1.6000000 0.0972263
v 0.1270363 1.6000000 0.0526213
v 0.0972263 1.7500000 0.0972263
v 0.0526213 1.7500000 0.1270363
v 0.0526213 1.6000000 0.1270363
v 0.0972263 1.6000000 0.0972263
v 0.0526213 1.7500000 0.1270363
v 0.0000000 1.7500000 0.1375000
v 0.0000000 1.6000000 0.1375000
v 0.0526213 1.6000000 0.1270363
v 0.0000000 1.7500000 0.1375000
v -0.0526213 1.7500000 0.1270363
v -0.0526213 1.6000000 0.1270363
v 0.0000000 1.6000000 0.1375000
v -0.0526213 1.7500000 0.1270363
v -0.0972263 1.7500000 0.0972263
v -0.0972263 1.6000000 0.0972263
v -0.0526213 1.6000000 0.1270363
v -0.0972263 1.7500000 0.0972263
v -0.1270363 1.7500000 0.0526213
v -0.1270363 1.6000000 0.0526213
v -0.0972263 1.6000000 0.0972263
v -0.1270363 1.7500000 0.0526213
v -0.1375000 1.7500000 0.0000000
v -0.1375000 1.6000000 0.0000000
v -0.1270363 1.6000000 0.0526213
v -0.1375000 1.7500000 0.0000000
v -0.1270363 1.7500000 -0.0526213
v -0.1270363 1.6000000 -0.0526213
v -0.1375000 1.6000000 0.0000000
v -0.1270363 1.7500000 -0.0526213
v -0.0972263 1.7500000 -0.0972263
v -0.0972263 1.6000000 -0.0972263
v -0.1270363 1.6000000 -0.0526213
v -0.0972263 1.7500000 -0.0972263
v -0.0526213 1.7500000 -0.1270363
v -0.0526213 1.6000000 -0.1270363
v -0.0972263 1.6000000 -0.0972263
v -0.0526213 1.7500000 -0.1270363
v 0.0000000 1.7500000 -0.1375000
v 0.0000000 1.6000000 -0.1375000
v -0.0526213 1.6000000 -0.1270363
v 0.0000000 1.7500000 -0.1375000
v 0.0526213 1.7500000 -0.1270363
v 0.0526213 1.6000000 -0.1270363
v 0.0000000 1.6000000 -0.1375000
v 0.0526213 1.7500000 -0.1270363
v 0.0972263 1.7500000 -0.0972263
v 0.0972263 1.6000000 -0.0972263
v 0.0526213 1.6000000 -0.1270363
v 0.0972263 1.7500000 -0.0972263
v 0.1270363 1.7500000 -0.0526213
v 0.1270363 1.6000000 -0.0526213
v 0.0972263 1.6000000 -0.0972263
v 0.1270363 1.7500000 -0.0526213
v 0.1375000 1.7500000 0.0000000
v 0.1375000 1.6000000 0.0000000
v 0.1270363 1.6000000 -0.0526213
v 0.1375000 2.0500000 0.0000000
v 0.1270363 2.0500000 0.0526213
v 0.1270363 1.9000000 0.0526213
v 0.1375000 1.9000000 0.0000000
v 0.1270363 2.0500000 0.0526213
v 0.0972263 2.0500000 0.0972263
v 0.0972263 1.9000000 0.0972263
v 0.1270363 1.9000000 0.0526213
v 0.0972263 2.0500000 0.0972263
v 0.0526213 2.0500000 0.1270363
v 0.0526213 1.9000000 0.1270363
v 0.0972263 1.9000000 0.0972263
v 0.0526213 2.0500000 0.1270363
v 0.0000000 2.0500000 0.1375000
v 0.0000000 1.9000000 0.1375000
v 0.0526213 1.9000000 0.1270363
v 0.0000000 2.0500000 0.1375000
v -0.0526213 2.0500000 0.1270363
v -0.0526213 1.9000000 0.1270363
v 0.0000000 1.9000000 0.1375000
v -0.0526213 2.0500000 0.1270363
v -0.0972263 2.0500000 0.0972263
v -0.0972263 1.9000000 0.0972263
v -0.0526213 1.9000000 0.1270363
v -0.0972263 2.0500000 0.0972263
v -0.1270363 2.0500000 0.0526213
v -0.1270363 1.9000000 0.0526213
v -0.0972263 1.9000000 0.0972263
v -0.1270363 2.0500000 0.0526213
v -0.1375000 2.0500000 0.0000000
v -0.1375000 1.9000000 0.0000000
v -0.1270363 1.9000000 0.0526213
v -0.1375000 2.0500000 0.0000000
v -0.1270363 2.0500000 -0.0526213
v -0.1270363 1.9000000 -0.0526213
v -0.1375000 1.9000000 0.0000000
v -0.1270363 2.0500000 -0.0526213
v -0.0972263 2.0500000 -0.0972263
v -0.0972263 1.9000000 -0.0972263
v -0.1270363 1.9000000 -0.0526213
v -0.0972263 2.0500000 -0.0972263
v -0.0526213 2.0500000 -0.1270363
v -0.0526213 1.9000000 -0.1270363
v -0.0972263 1.9000000 -0.0972263
v -0.0526213 2.0500000 -0.1270363
v 0.0000000 2.0500000 -0.1375000
v 0.0000000 1.9000000 -0.1375000
v -0.0526213 1.9000000 -0.1270363
v 0.0000000 2.0500000 -0.1375000
v 0.0526213 2.0500000 -0.1270363
v 0.0526213 1.9000000 -0.1270363
v 0.0000000 1.9000000 -0.1375000
v 0.0526213 2.0500000 -0.1270363
v 0.0972263 2.0500000 -0.0972263
v 0.0972263 1.9000000 -0.0972263
v 0.0526213 1.9000000 -0.1270363
v 0.0972263 2.0500000 -0.0972263
v 0.1270363 2.0500000 -0.0526213
v 0.1270363 1.9000000 -0.0526213
v 0.0972263 1.9000000 -0.0972263
v 0.1270363 2.0500000 -0.0526213
v 0.1375000 2.0500000 0.0000000
v 0.1375000 1.9000000 0.0000000
v 0.1270363 1.9000000 -0.0526213
v 0.1375000 2.3500000 0.0000000
v 0.1270363 2.3500000 0.0526213
v 0.1270363 2.2000000 0.0526213
v 0.1375000 2.2000000 0.0000000
v 0.1270363 2.3500000 0.0526213
v 0.0972263 2.3500000 0.0972263
v 0.0972263 2.2000000 0.0972263
v 0.1270363 2.2000000 0.0526213
v 0.0972263 2.3500000 0.0972263
v 0.0526213 2.3500000 0.1270363
v 0.0526213 2.2000000 0.1270363
v 0.0972263 2.2000000 0.0972263
v 0.0526213 2.3500000 0.1270363
v 0.0000000 2.3500000 0.1375000
v 0.0000000 2.2000000 0.1375000
v 0.0526213 2.2000000 0.1270363
v 0.0000000 2.3500000 0.1375000
v -0.0526213 2.3500000 0.1270363
v -0.0526213 2.2000000 0.1270363
v 0.0000000 2.2000000 0.1375000
v -0.0526213 2.3500000 0.1270363
v -0.0972263 2.3500000 0.0972263
v -0.0972263 2.2000000 0.0972263
v -0.0526213 2.2000000 0.1270363
v -0.0972263 2.3500000 0.0972263
v -0.1270363 2.3500000 0.0526213
v -0.1270363 2.2000000 0.0526213
v -0.0972263 2.2000000 0.0972263
v -0.1270363 2.3500000 0.0526213
v -0.1375000 2.3500000 0.0000000
v -0.1375000 2.2000000 0.0000000
v -0.1270363 2.2000000 0.0526213
v -0.1375000 2.3500000 0.0000000
v -0.1270363 2.3500000 -0.0526213
v -0.1270363 2.2000000 -0.0526213
v -0.1375000 2.2000000 0.0000000
v -0.1270363 2.3500000 -0.0526213
v -0.0972263 2.3500000 -0.0972263
v -0.0972263 2.2000000 -0.0972263
v -0.1270363 2.2000000 -0.0526213
v -0.0972263 2.3500000 -0.0972263
v -0.0526213 2.3500000 -0.1270363
v -0.0526213 2.2000000 -0.1270363
v -0.0972263 2.2000000 -0.0972263
v -0.0526213 2.3500000 -0.1270363
v 0.0000000 2.3500000 -0.1375000
v 0.0000000 2.2000000 -0.1375000
v -0.0526213 2.2000000 -0.1270363
v 0.0000000 2.3500000 -0.1375000
v 0.0526213 2.3500000 -0.1270363
v 0.0526213 2.2000000 -0.1270363
v 0.0000000 2.2000000 -0.1375000
v 0.0526213 2.3500000 -0.1270363
v 0.0972263 2.3500000 -0.0972263
v 0.0972263 2.2000000 -0.0972263
v 0.0526213 2.2000000 -0.1270363
v 0.0972263 2.3500000 -0.0972263
v 0.1270363 2.3500000 -0.0526213
v 0.1270363 2.2000000 -0.0526213
v 0.0972263 2.2000000 -0.0972263
v 0.1270363 2.3500000 -0.0526213
v 0.1375000 2.3500000 0.0000000
v 0.1375000 2.2000000 0.0000000
v 0.1270363 2.2000000 -0.0526213
v 0.1250000 2.6500000 0.0000000
v 0.1154875 2.6500000 0.0478375
v 0.1154875 2.5000000 0.0478375
v 0.1250000 2.5000000 0.0000000
v 0.1154875 2.6500000 0.0478375
v 0.0883875 2.6500000 0.0883875
v 0.0883875 2.5000000 0.0883875
v 0.1154875 2.5000000 0.0478375
v 0.0883875 2.6500000 0.0883875
v 0.0478375 2.6500000 0.1154875
v 0.0478375 2.5000000 0.1154875
v 0.0883875 2.5000000 0.0883875
v 0.0478375 2.6500000 0.1154875
v 0.0000000 2.6500000 0.1250000
v 0.0000000 2.5000000 0.1250000
v 0.0478375 2.5000000 0.1154875
v 0.0000000 2.6500000 0.1250000
v -0.0478375 2.6500000 0.1154875
v -0.0478375 2.5000000 0.1154875
v 0.0000000 2.5000000 0.1250000
v -0.0478375 2.6500000 0.1154875
v -0.0883875 2.6500000 0.0883875
v -0.0883875 2.5000000 0.0883875
v -0.0478375 2.5000000 0.1154875
v -0.0883875 2.6500000 0.0883875
v -0.1154875 2.6500000 0.0478375
v -0.1154875 2.5000000 0.0478375
v -0.0883875 2.5000000 0.0883875
v -0.1154875 2.6500000 0.0478375
v -0.1250000 2.6500000 0.0000000
v -0.1250000 2.5000000 0.0000000
v -0.1154875 2.5000000 0.0478375
v -0.1250000 2.6500000 0.0000000
v -0.1154875 2.6500000 -0.0478375
v -0.1154875 2.5000000 -0.0478375
v -0.1250000 2.5000000 0.0000000
v -0.1154875 2.6500000 -0.0478375
v -0.0883875 2.6500000 -0.0883875
v -0.0883875 2.5000000 -0.0883875
v -0.1154875 2.5000000 -0.0478375
v -0.0883875 2.6500000 -0.0883875
v -0.0478375 2.6500000 -0.1154875
v -0.0478375 2.5000000 -0.1154875
v -0.0883875 2.5000000 -0.0883875
v -0.0478375 2.6500000 -0.1154875
v 0.0000000 2.6500000 -0.1250000
v 0.0000000 2.5000000 -0.1250000
v -0.0478375 2.5000000 -0.1154875
v 0.0000000 2.6500000 -0.1250000
v 0.0478375 2.6500000 -0.1154875
v 0.0478375 2.5000000 -0.1154875
v 0.0000000 2.5000000 -0.1250000
v 0.0478375 2.6500000 -0.1154875
v 0.0883875 2.6500000 -0.0883875
v 0.0883875 2.5000000 -0.0883875
v 0.0478375 2.5000000 -0.1154875
v 0.0883875 2.6500000 -0.0883875
v 0.1154875 2.6500000 -0.0478375
v 0.1154875 2.5000000 -0.0478375
v 0.0883875 2.5000000 -0.0883875
v 0.1154875 2.6500000 -0.0478375
v 0.1250000 2.6500000 0.0000000
v 0.1250000 2.5000000 0.0000000
v 0.1154875 2.5000000 -0.0478375
v 0.1250000 2.9500000 0.0000000
v 0.1154875 2.9500000 0.0478375
v 0.1154875 2.8000000 0.0478375
v 0.1250000 2.8000000 0.0000000
v 0.1154875 2.9500000 0.0478375
v 0.0883875 2.9500000 0.0883875
v 0.0883875 2.8000000 0.0883875
v 0.1154875 2.8000000 0.0478375
v 0.0883875 2.9500000 0.0883875
v 0.0478375 2.9500000 0.1154875
v 0.0478375 2.8000000 0.1154875
v 0.0883875 2.8000000 0.0883875
v 0.0478375 2.9500000 0.1154875
v 0.0000000 2.9500000 0.1250000
v 0.0000000 2.8000000 0.1250000
v 0.0478375 2.8000000 0.1154875
v 0.0000000 2.9500000 0.1250000
v -0.0478375 2.9500000 0.1154875
v -0.0478375 2.8000000 0.1154875
v 0.0000000 2.8000000 0.1250000
v -0.0478375 2.9500000 0.1154875
v -0.0883875 2.9500000 0.0883875
v -0.0883875 2.8000000 0.0883875
v -0.0478375 2.8000000 0.1154875
v -0.0883875 2.9500000 0.0883875
v -0.1154875 2.9500000 0.0478375
v -0.1154875 2.8000000 0.0478375
v -0.0883875 2.8000000 0.0883875
v -0.1154875 2.9500000 0.0478375
v -0.1250000 2.9500000 0.0000000
v -0.1250000 2.8000000 0.0000000
v -0.1154875 2.8000000 0.0478375
v -0.1250000 2.9500000 0.0000000
v -0.1154875 2.9500000 -0.0478375
v -0.1154875 2.8000000 -0.0478375
v -0.1250000 2.8000000 0.0000000
v -0.1154875 2.9500000 -0.0478375
v -0.0883875 2.9500000 -0.0883875
v -0.0883875 2.8000000 -0.0883875
v -0.1154875 2.8000000 -0.0478375
v -0.0883875 2.9500000 -0.0883875
v -0.0478375 2.9500000 -0.1154875
v -0.0478375 2.8000000 -0.1154875
v -0.0883875 2.8000000 -0.0883875
v -0.0478375 2.9500000 -0.1154875
v 0.0000000 2.9500000 -0.1250000
v 0.0000000 2.8000000 -0.1250000
v -0.0478375 2.8000000 -0.1154875
v 0.0000000 2.9500000 -0.1250000
v 0.0478375 2.9500000 -0.1154875
v 0.0478375 2.8000000 -0.1154875
v 0.0000000 2.8000000 -0.1250000
v 0.0478375 2.9500000 -0.1154875
v 0.0883875 2.9500000 -0.0883875
v 0.0883875 2.8000000 -0.0883875
v 0.0478375 2.8000000 -0.1154875
v 0.0883875 2.9500000 -0.0883875
v 0.1154875 2.9500000 -0.0478375
v 0.1154875 2.8000000 -0.0478375
v 0.0883875 2.8000000 -0.0883875
v 0.1154875 2.9500000 -0.0478375
v 0.1250000 2.9500000 0.0000000
v 0.1250000 2.8000000 0.0000000
v 0.1154875 2.8000000 -0.0478375
v 0.1000000 3.2500000 0.0000000
v 0.0923900 3.2500000 0.0382700
v 0.0923900 3.1000000 0.0382700
v 0.1000000 3.1000000 0.0000000
v 0.0923900 3.2500000 0.0382700
v 0.0707100 3.2500000 0.0707100
v 0.0707100 3.1000000 0.0707100
v 0.0923900 3.1000000 0.0382700
v 0.0707100 3.2500000 0.0707100
v 0.0382700 3.2500000 0.0923900
v 0.0382700 3.1000000 0.0923900
v 0.0707100 3.1000000 0.0707100
v 0.0382700 3.2500000 0.0923900
v 0.0000000 3.2500000 0.1000000
v 0.0000000 3.1000000 0.1000000
v 0.0382700 3.1000000 0.0923900
v 0.0000000 3.2500000 0.1000000
v -0.0382700 3.2500000 0.0923900
v -0.0382700 3.1000000 0.0923900
v 0.0000000 3.1000000 0.1000000
v -0.0382700 3.2500000 0.0923900
v -0.0707100 3.2500000 0.0707100
v -0.0707100 3.1000000 0.0707100
v -0.0382700 3.1000000 0.0923900
v -0.0707100 3.2500000 0.0707100
v -0.0923900 3.2500000 0.0382700
v -0.0923900 3.1000000 0.0382700
v -0.0707100 3.1000000 0.0707100
v -0.0923900 3.2500000 0.0382700
v -0.1000000 3.2500000 0.0000000
v -0.1000000 3.1000000 0.0000000
v -0.0923900 3.1000000 0.0382700
v -0.1000000 3.2500000 0.0000000
v -0.0923900 3.2500000 -0.0382700
v -0.0923900 3.1000000 -0.0382700
v -0.1000000 3.1000000 0.0000000
v -0.0923900 3.2500000 -0.0382700
v -0.0707100 3.2500000 -0.0707100
v -0.0707100 3.1000000 -0.0707100
v -0.0923900 3.1000000 -0.0382700
v -0.0707100 3.2500000 -0.0707100
v -0.0382700 3.2500000 -0.0923900
v -0.0382700 3.1000000 -0.0923900
v -0.0707100 3.1000000 -0.0707100
v -0.0382700 3.2500000 -0.0923900
v 0.0000000 3.2500000 -0.1000000
v 0.0000000 3.1000000 -0.1000000
v -0.0382700 3.1000000 -0.0923900
v 0.0000000 3.2500000 -0.1000000
v 0.0382700 3.2500000 -0.0923900
v 0.0382700 3.1000000 -0.0923900
v 0.0000000 3.1000000 -0.1000000
v 0.0382700 3.2500000 -0.0923900
v 0.0707100 3.2500000 -0.0707100
v 0.0707100 3.1000000 -0.0707100
v 0.0382700 3.1000000 -0.0923900
v 0.0707100 3.2500000 -0.0707100
v 0.0923900 3.2500000 -0.0382700
v 0.0923900 3.1000000 -0.0382700
v 0.0707100 3.1000000 -0.0707100
v 0.0923900 3.2500000 -0.0382700
v 0.1000000 3.2500000 0.0000000
v 0.1000000 3.1000000 0.0000000
v 0.0923900 3.1000000 -0.0382700
v -0.0250000 0.9250000 0.3045000
v -0.0250000 2.1250000 0.0000000
v -0.0250000 0.8750000 0.1050000
v -0.0250000 0.9000000 0.2100000
v -0.0250000 2.1250000 0.0000000
v -0.0250000 0.9250000 0.3045000
v -0.0250000 0.9750000 0.3990000
v -0.0250000 1.0875000 0.5880000
v -0.0250000 2.1250000 0.0000000
v -0.0250000 0.9750000 0.3990000
v -0.0250000 1.0250000 0.4935000
v -0.0250000 2.1250000 0.0000000
v -0.0250000 1.0875000 0.5880000
v -0.0250000 1.1625000 0.6615000
v -0.0250000 1.3375000 0.8085000
v -0.0250000 2.1250000 0.0000000
v -0.0250000 1.1625000 0.6615000
v -0.0250000 1.2375000 0.7455000
v -0.0250000 1.5375000 0.9240000
v -0.0250000 2.1250000 0.0000000
v -0.0250000 1.3375000 0.8085000
v -0.0250000 1.4250000 0.8715000
v -0.0250000 2.1250000 0.0000000
v -0.0250000 1.5375000 0.9240000
v -0.0250000 1.6500000 0.9660000
v -0.0250000 1.8750000 1.0290000
v -0.0250000 2.1250000 0.0000000
v -0.0250000 1.6500000 0.9660000
v -0.0250000 1.7625000 1.0080000
v -0.0250000 2.1250000 1.0500000
v -0.0250000 2.1250000 0.0000000
v -0.0250000 1.8750000 1.0290000
v -0.0250000 2.0000000 1.0500000
v -0.0250000 2.3750000 1.0290000
v -0.0250000 2.1250000 0.0000000
v -0.0250000 2.1250000 1.0500000
v -0.0250000 2.2500000 1.0500000
v -0.0250000 2.6000000 0.9660000
v -0.0250000 2.1250000 0.0000000
v -0.0250000 2.3750000 1.0290000
v -0.0250000 2.4875000 1.0080000
v -0.0250000 2.8250000 0.8715000
v -0.0250000 2.1250000 0.0000000
v -0.0250000 2.6000000 0.9660000
v -0.0250000 2.7125000 0.9240000
v -0.0250000 2.1250000 0.0000000
v -0.0250000 2.8250000 0.8715000
v -0.0250000 2.9125000 0.8085000
v -0.0250000 3.0875000 0.6615000
v -0.0250000 2.1250000 0.0000000
v -0.0250000 2.9125000 0.8085000
v -0.0250000 3.0125000 0.7455000
v -0.0250000 3.2250000 0.4935000
v -0.0250000 2.1250000 0.0000000
v -0.0250000 3.0875000 0.6615000
v -0.0250000 3.1625000 0.5880000
v -0.0250000 2.1250000 0.0000000
v -0.0250000 3.2250000 0.4935000
v -0.0250000 3.2750000 0.3990000
v -0.0250000 3.3500000 0.2100000
v -0.0250000 2.1250000 0.0000000
v -0.0250000 3.2750000 0.3990000
v -0.0250000 3.3250000 0.3045000
v -0.0250000 2.1250000 0.0000000
v -0.0250000 3.3500000 0.2100000
v -0.0250000 3.3750000 0.1050000
v -0.0250000 3.3250000 -0.3045000
v -0.0250000 2.1250000 0.0000000
v -0.0250000 3.3750000 -0.1050000
v -0.0250000 3.3500000 -0.2100000
v -0.0250000 2.1250000 0.0000000
v -0.0250000 3.3250000 -0.3045000
v -0.0250000 3.2750000 -0.3990000
v -0.0250000 3.1625000 -0.5880000
v -0.0250000 2.1250000 0.0000000
v -0.0250000 3.2750000 -0.3990000
v -0.0250000 3.2250000 -0.4935000
v -0.0250000 2.1250000 0.0000000
v -0.0250000 3.1625000 -0.5880000
v -0.0250000 3.0875000 -0.6615000
v -0.0250000 2.9125000 -0.8085000
v -0.0250000 2.1250000 0.0000000
v -0.0250000 3.0875000 -0.6615000
v -0.0250000 3.0125000 -0.7455000
v -0.0250000 2.7125000 -0.9240000
v -0.0250000 2.1250000 0.0000000
v -0.0250000 2.9125000 -0.8085000
v -0.0250000 2.8250000 -0.8715000
v -0.0250000 2.1250000 0.0000000
v -0.0250000 2.7125000 -0.9240000
v -0.0250000 2.6000000 -0.9660000
v -0.0250000 2.3750000 -1.0290000
v -0.0250000 2.1250000 0.0000000
v -0.0250000 2.6000000 -0.9660000
v -0.0250000 2.4875000 -1.0080000
v -0.0250000 2.1250000 -1.0500000
v -0.0250000 2.1250000 0.0000000
v -0.0250000 2.3750000 -1.0290000
v -0.0250000 2.2500000 -1.0500000
v -0.0250000 1.8750000 -1.0290000
v -0.0250000 2.1250000 0.0000000
v -0.0250000 2.1250000 -1.0500000
v -0.0250000 2.0000000 -1.0500000
v -0.0250000 1.6500000 -0.9660000
v -0.0250000 2.1250000 0.0000000
v -0.0250000 1.8750000 -1.0290000
v -0.0250000 1.7625000 -1.0080000
v -0.0250000 1.4250000 -0.8715000
v -0.0250000 2.1250000 0.0000000
v -0.0250000 1.6500000 -0.9660000
v -0.0250000 1.5375000 -0.9240000
v -0.0250000 2.1250000 0.0000000
v -0.0250000 1.4250000 -0.8715000
v -0.0250000 1.3375000 -0.8085000
v -0.0250000 1.1625000 -0.6615000
v -0.0250000 2.1250000 0.0000000
v -0.0250000 1.3375000 -0.8085000
v -0.0250000 1.2375000 -0.7455000
v -0.0250000 1.0250000 -0.4935000
v -0.0250000 2.1250000 0.0000000
v -0.0250000 1.1625000 -0.6615000
v -0.0250000 1.0875000 -0.5880000
v -0.0250000 2.1250000 0.0000000
v -0.0250000 1.0250000 -0.4935000
v -0.0250000 0.9750000 -0.3990000
v -0.0250000 0.9000000 -0.2100000
v -0.0250000 2.1250000 0.0000000
v -0.0250000 0.9750000 -0.3990000
v -0.0250000 0.9250000 -0.3045000
v -0.0250000 2.1250000 0.0000000
v -0.0250000 0.9000000 -0.2100000
v -0.0250000 0.8750000 -0.1050000
v -0.0250000 0.9750000 0.3990000
v 0.0250000 0.9750000 0.3990000
v 0.0250000 1.0250000 0.4935000
v -0.0250000 1.0250000 0.4935000
v -0.0250000 1.0250000 0.4935000
v 0.0250000 1.0250000 0.4935000
v 0.0250000 1.0875000 0.5880000
v -0.0250000 1.0875000 0.5880000
v -0.0250000 1.0875000 0.5880000
v 0.0250000 1.0875000 0.5880000
v 0.0250000 1.1625000 0.6615000
v -0.0250000 1.1625000 0.6615000
v -0.0250000 1.2375000 0.7455000
v 0.0250000 1.2375000 0.7455000
v 0.0250000 1.3375000 0.8085000
v -0.0250000 1.3375000 0.8085000
v -0.0250000 1.3375000 0.8085000
v 0.0250000 1.3375000 0.8085000
v 0.0250000 1.4250000 0.8715000
v -0.0250000 1.4250000 0.8715000
v -0.0250000 1.4250000 0.8715000
v 0.0250000 1.4250000 0.8715000
v 0.0250000 1.5375000 0.9240000
v -0.0250000 1.5375000 0.9240000
v -0.0250000 1.5375000 0.9240000
v 0.0250000 1.5375000 0.9240000
v 0.0250000 1.6500000 0.9660000
v -0.0250000 1.6500000 0.9660000
v -0.0250000 1.6500000 0.9660000
v 0.0250000 1.6500000 0.9660000
v 0.0250000 1.7625000 1.0080000
v -0.0250000 1.7625000 1.0080000
v -0.0250000 1.8750000 1.0290000
v 0.0250000 1.8750000 1.0290000
v 0.0250000 2.0000000 1.0500000
v -0.0250000 2.0000000 1.0500000
v -0.0250000 2.0000000 1.0500000
v 0.0250000 2.0000000 1.0500000
v 0.0250000 2.1250000 1.0500000
v -0.0250000 2.1250000 1.0500000
v -0.0250000 2.1250000 1.0500000
v 0.0250000 2.1250000 1.0500000
v 0.0250000 2.2500000 1.0500000
v -0.0250000 2.2500000 1.0500000
v -0.0250000 2.2500000 1.0500000
v 0.0250000 2.2500000 1.0500000
v 0.0250000 2.3750000 1.0290000
v -0.0250000 2.3750000 1.0290000
v -0.0250000 2.4875000 1.0080000
v 0.0250000 2.4875000 1.0080000
v 0.0250000 2.6000000 0.9660000
v -0.0250000 2.6000000 0.9660000
v -0.0250000 2.6000000 0.9660000
v 0.0250000 2.6000000 0.9660000
v 0.0250000 2.7125000 0.9240000
v -0.0250000 2.7125000 0.9240000
v -0.0250000 2.7125000 0.9240000
v 0.0250000 2.7125000 0.9240000
v 0.0250000 2.8250000 0.8715000
v -0.0250000 2.8250000 0.8715000
v -0.0250000 2.8250000 0.8715000
v 0.0250000 2.8250000 0.8715000
v 0.0250000 2.9125000 0.8085000
v -0.0250000 2.9125000 0.8085000
v -0.0250000 2.9125000 0.8085000
v 0.0250000 2.9125000 0.8085000
v 0.0250000 3.0125000 0.7455000
v -0.0250000 3.0125000 0.7455000
v -0.0250000 3.0875000 0.6615000
v 0.0250000 3.0875000 0.6615000
v 0.0250000 3.1625000 0.5880000
v -0.0250000 3.1625000 0.5880000
v -0.0250000 3.1625000 0.5880000
v 0.0250000 3.1625000 0.5880000
v 0.0250000 3.2250000 0.4935000
v -0.0250000 3.2250000 0.4935000
v -0.0250000 3.2250000 0.4935000
v 0.0250000 3.2250000 0.4935000
v 0.0250000 3.2750000 0.3990000
v -0.0250000 3.2750000 0.3990000
v -0.0250000 3.2750000 -0.3990000
v 0.0250000 3.2750000 -0.3990000
v 0.0250000 3.2250000 -0.4935000
v -0.0250000 3.2250000 -0.4935000
v -0.0250000 3.2250000 -0.4935000
v 0.0250000 3.2250000 -0.4935000
v 0.0250000 3.1625000 -0.5880000
v -0.0250000 3.1625000 -0.5880000
v -0.0250000 3.1625000 -0.5880000
v 0.0250000 3.1625000 -0.5880000
v 0.0250000 3.0875000 -0.6615000
v -0.0250000 3.0875000 -0.6615000
v -0.0250000 3.0125000 -0.7455000
v 0.0250000 3.0125000 -0.7455000
v 0.0250000 2.9125000 -0.8085000
v -0.0250000 2.9125000 -0.8085000
v -0.0250000 2.9125000 -0.8085000
v 0.0250000 2.9125000 -0.8085000
v 0.0250000 2.8250000 -0.8715000
v -0.0250000 2.8250000 -0.8715000
v -0.0250000 2.8250000 -0.8715000
v 0.0250000 2.8250000 -0.8715000
v 0.0250000 2.7125000 -0.9240000
v -0.0250000 2.7125000 -0.9240000
v -0.0250000 2.7125000 -0.9240000
v 0.0250000 2.7125000 -0.9240000
v 0.0250000 2.6000000 -0.9660000
v -0.0250000 2.6000000 -0.9660000
v -0.0250000 2.6000000 -0.9660000
v 0.0250000 2.6000000 -0.9660000
v 0.0250000 2.4875000 -1.0080000
v -0.0250000 2.4875000 -1.0080000
v -0.0250000 2.3750000 -1.0290000
v 0.0250000 2.3750000 -1.0290000
v 0.0250000 2.2500000 -1.0500000
v -0.0250000 2.2500000 -1.0500000
v -0.0250000 2.2500000 -1.0500000
v 0.0250000 2.2500000 -1.0500000
v 0.0250000 2.1250000 -1.0500000
v -0.0250000 2.1250000 -1.0500000
v -0.0250000 2.1250000 -1.0500000
v 0.0250000 2.1250000 -1.0500000
v 0.0250000 2.0000000 -1.0500000
v -0.0250000 2.0000000 -1.0500000
v -0.0250000 2.0000000 -1.0500000
v 0.0250000 2.0000000 -1.0500000
v 0.0250000 1.8750000 -1.0290000
v -0.0250000 1.8750000 -1.0290000
v -0.0250000 1.7625000 -1.0080000
v 0.0250000 1.7625000 -1.0080000
v 0.0250000 1.6500000 -0.9660000
v -0.0250000 1.6500000 -0.9660000
v -0.0250000 1.6500000 -0.9660000
v 0.0250000 1.6500000 -0.9660000
v 0.0250000 1.5375000 -0.9240000
v -0.0250000 1.5375000 -0.9240000
v -0.0250000 1.5375000 -0.9240000
v 0.0250000 1.5375000 -0.9240000
v 0.0250000 1.4250000 -0.8715000
v -0.0250000 1.4250000 -0.8715000
v -0.0250000 1.4250000 -0.8715000
v 0.0250000 1.4250000 -0.8715000
v 0.0250000 1.3375000 -0.8085000
v -0.0250000 1.3375000 -0.8085000
v -0.0250000 1.3375000 -0.8085000
v 0.0250000 1.3375000 -0.8085000
v 0.0250000 1.2375000 -0.7455000
v -0.0250000 1.2375000 -0.7455000
v -0.0250000 1.1625000 -0.6615000
v 0.0250000 1.1625000 -0.6615000
v 0.0250000 1.0875000 -0.5880000
v -0.0250000 1.0875000 -0.5880000
v -0.0250000 1.0875000 -0.5880000
v 0.0250000 1.0875000 -0.5880000
v 0.0250000 1.0250000 -0.4935000
v -0.0250000 1.0250000 -0.4935000
v -0.0250000 1.0250000 -0.4935000
v 0.0250000 1.0250000 -0.4935000
v 0.0250000 0.9750000 -0.3990000
v -0.0250000 0.9750000 -0.3990000
v 0.0250000 0.9000000 0.2100000
v 0.0250000 0.8750000 0.1050000
v 0.0250000 2.1250000 0.0000000
v 0.0250000 0.9250000 0.3045000
v 0.0250000 0.9750000 0.3990000
v 0.0250000 0.9250000 0.3045000
v 0.0250000 2.1250000 0.0000000
v 0.0250000 1.0250000 0.4935000
v 0.0250000 0.9750000 0.3990000
v 0.0250000 2.1250000 0.0000000
v 0.0250000 1.0875000 0.5880000
v 0.0250000 1.1625000 0.6615000
v 0.0250000 1.0875000 0.5880000
v 0.0250000 2.1250000 0.0000000
v 0.0250000 1.2375000 0.7455000
v 0.0250000 1.1625000 0.6615000
v 0.0250000 2.1250000 0.0000000
v 0.0250000 1.3375000 0.8085000
v 0.0250000 1.4250000 0.8715000
v 0.0250000 1.3375000 0.8085000
v 0.0250000 2.1250000 0.0000000
v 0.0250000 1.5375000 0.9240000
v 0.0250000 1.6500000 0.9660000
v 0.0250000 1.5375000 0.9240000
v 0.0250000 2.1250000 0.0000000
v 0.0250000 1.7625000 1.0080000
v 0.0250000 1.6500000 0.9660000
v 0.0250000 2.1250000 0.0000000
v 0.0250000 1.8750000 1.0290000
v 0.0250000 2.0000000 1.0500000
v 0.0250000 1.8750000 1.0290000
v 0.0250000 2.1250000 0.0000000
v 0.0250000 2.1250000 1.0500000
v 0.0250000 2.2500000 1.0500000
v 0.0250000 2.1250000 1.0500000
v 0.0250000 2.1250000 0.0000000
v 0.0250000 2.3750000 1.0290000
v 0.0250000 2.4875000 1.0080000
v 0.0250000 2.3750000 1.0290000
v 0.0250000 2.1250000 0.0000000
v 0.0250000 2.6000000 0.9660000
v 0.0250000 2.7125000 0.9240000
v 0.0250000 2.6000000 0.9660000
v 0.0250000 2.1250000 0.0000000
v 0.0250000 2.8250000 0.8715000
v 0.0250000 2.9125000 0.8085000
v 0.0250000 2.8250000 0.8715000
v 0.0250000 2.1250000 0.0000000
v 0.0250000 3.0125000 0.7455000
v 0.0250000 2.9125000 0.8085000
v 0.0250000 2.1250000 0.0000000
v 0.0250000 3.0875000 0.6615000
v 0.0250000 3.1625000 0.5880000
v 0.0250000 3.0875000 0.6615000
v 0.0250000 2.1250000 0.0000000
v 0.0250000 3.2250000 0.4935000
v 0.0250000 3.2750000 0.3990000
v 0.0250000 3.2250000 0.4935000
v 0.0250000 2.1250000 0.0000000
v 0.0250000 3.3250000 0.3045000
v 0.0250000 3.2750000 0.3990000
v 0.0250000 2.1250000 0.0000000
v 0.0250000 3.3500000 0.2100000
v 0.0250000 3.3750000 0.1050000
v 0.0250000 3.3500000 0.2100000
v 0.0250000 2.1250000 0.0000000
v 0.0250000 3.3500000 -0.2100000
v 0.0250000 3.3750000 -0.1050000
v 0.0250000 2.1250000 0.0000000
v 0.0250000 3.3250000 -0.3045000
v 0.0250000 3.2750000 -0.3990000
v 0.0250000 3.3250000 -0.3045000
v 0.0250000 2.1250000 0.0000000
v 0.0250000 3.2250000 -0.4935000
v 0.0250000 3.2750000 -0.3990000
v 0.0250000 2.1250000 0.0000000
v 0.0250000 3.1625000 -0.5880000
v 0.0250000 3.0875000 -0.6615000
v 0.0250000 3.1625000 -0.5880000
v 0.0250000 2.1250000 0.0000000
v 0.0250000 3.0125000 -0.7455000
v 0.0250000 3.0875000 -0.6615000
v 0.0250000 2.1250000 0.0000000
v 0.0250000 2.9125000 -0.8085000
v 0.0250000 2.8250000 -0.8715000
v 0.0250000 2.9125000 -0.8085000
v 0.0250000 2.1250000 0.0000000
v 0.0250000 2.7125000 -0.9240000
v 0.0250000 2.6000000 -0.9660000
v 0.0250000 2.7125000 -0.9240000
v 0.0250000 2.1250000 0.0000000
v 0.0250000 2.4875000 -1.0080000
v 0.0250000 2.6000000 -0.9660000
v 0.0250000 2.1250000 0.0000000
v 0.0250000 2.3750000 -1.0290000
v 0.0250000 2.2500000 -1.0500000
v 0.0250000 2.3750000 -1.0290000
v 0.0250000 2.1250000 0.0000000
v 0.0250000 2.1250000 -1.0500000
v 0.0250000 2.0000000 -1.0500000
v 0.0250000 2.1250000 -1.0500000
v 0.0250000 2.1250000 0.0000000
v 0.0250000 1.8750000 -1.0290000
v 0.0250000 1.7625000 -1.0080000
v 0.0250000 1.8750000 -1.0290000
v 0.0250000 2.1250000 0.0000000
v 0.0250000 1.6500000 -0.9660000
v 0.0250000 1.5375000 -0.9240000
v 0.0250000 1.6500000 -0.9660000
v 0.0250000 2.1250000 0.0000000
v 0.0250000 1.4250000 -0.8715000
v 0.0250000 1.3375000 -0.8085000
v 0.0250000 1.4250000 -0.8715000
v 0.0250000 2.1250000 0.0000000
v 0.0250000 1.2375000 -0.7455000
v 0.0250000 1.3375000 -0.8085000
v 0.0250000 2.1250000 0.0000000
v 0.0250000 1.1625000 -0.6615000
v 0.0250000 1.0875000 -0.5880000
v 0.0250000 1.1625000 -0.6615000
v 0.0250000 2.1250000 0.0000000
v 0.0250000 1.0250000 -0.4935000
v 0.0250000 0.9750000 -0.3990000
v 0.0250000 1.0250000 -0.4935000
v 0.0250000 2.1250000 0.0000000
v 0.0250000 0.9250000 -0.3045000
v 0.0250000 0.9750000 -0.3990000
v 0.0250000 2.1250000 0.0000000
v 0.0250000 0.9000000 -0.2100000
v 0.0250000 0.8750000 -0.1050000
v 0.0250000 0.9000000 -0.2100000
v 0.0250000 2.1250000 0.0000000
v 0.4890000 1.0000000 0.2750000
v 0.2000000 0.8530000 0.0750000
v 0.5047500 1.0000000 0.0750000
v 0.4890000 1.0000000 0.2750000
v 0.0875000 0.8925000 0.2750000
v 0.2000000 0.8530000 0.0750000
v 0.4890000 1.0000000 0.2750000
v 0.5047500 1.0000000 0.0750000
v -0.5047500 1.0000000 0.0750000
v -0.4890000 1.0000000 0.2750000
v 0.2000000 0.8530000 0.0750000
v 0.0875000 0.8925000 0.2750000
v -0.0875000 0.8925000 0.2750000
v -0.2000000 0.8530000 0.0750000
v -0.0875000 0.8925000 0.2750000
v -0.4890000 1.0000000 0.2750000
v -0.2000000 0.8530000 0.0750000
v -0.2000000 0.8530000 0.0750000
v -0.4890000 1.0000000 0.2750000
v -0.5047500 1.0000000 0.0750000
v -0.0875000 1.0000000 -0.5060000
v -0.0875000 1.0000000 -0.2750000
v 0.0875000 1.0000000 -0.2750000
v 0.0875000 1.0000000 -0.5060000
v 0.0875000 0.8925000 -0.2750000
v 0.0875000 1.0000000 -0.5060000
v 0.0875000 1.0000000 -0.2750000
v -0.0875000 0.8925000 -0.2750000
v -0.0875000 1.0000000 -0.2750000
v -0.0875000 1.0000000 -0.5060000
v -0.0875000 1.0000000 -0.5060000
v 0.0875000 1.0000000 -0.5060000
v 0.0875000 0.8925000 -0.2750000
v -0.0875000 0.8925000 -0.2750000
v 0.0875000 1.0000000 0.5060000
v 0.0875000 1.0000000 0.2750000
v -0.0875000 1.0000000 0.2750000
v -0.0875000 1.0000000 0.5060000
v 0.0875000 1.0000000 0.2750000
v 0.0875000 1.0000000 0.5060000
v 0.0875000 0.8925000 0.2750000
v -0.0875000 1.0000000 0.5060000
v -0.0875000 1.0000000 0.2750000
v -0.0875000 0.8925000 0.2750000
v -0.0875000 0.8925000 0.2750000
v 0.0875000 0.8925000 0.2750000
v 0.0875000 1.0000000 0.5060000
v -0.0875000 1.0000000 0.5060000
v 0.2000000 0.8530000 -0.0750000
v 0.2000000 1.0000000 -0.0750000
v 0.2000000 1.0000000 0.0750000
v 0.2000000 0.8530000 0.0750000
v -0.2000000 1.0000000 -0.0750000
v -0.2000000 0.8530000 -0.0750000
v -0.2000000 0.8530000 0.0750000
v -0.2000000 1.0000000 0.0750000
v 0.2000000 1.0000000 0.0750000
v 0.2000000 1.0000000 -0.0750000
v -0.2000000 1.0000000 -0.0750000
v -0.2000000 1.0000000 0.0750000
v -0.2000000 0.8530000 0.0750000
v -0.2000000 0.8530000 -0.0750000
v 0.2000000 0.8530000 -0.0750000
v 0.2000000 0.8530000 0.0750000
v 0.5047500 1.0000000 -0.0750000
v 0.2000000 0.8530000 -0.0750000
v 0.4890000 1.0000000 -0.2750000
v 0.4890000 1.0000000 -0.2750000
v 0.2000000 0.8530000 -0.0750000
v 0.0875000 0.8925000 -0.2750000
v 0.5047500 1.0000000 -0.0750000
v 0.4890000 1.0000000 -0.2750000
v -0.4890000 1.0000000 -0.2750000
v -0.5047500 1.0000000 -0.0750000
v 0.0875000 0.8925000 -0.2750000
v 0.2000000 0.8530000 -0.0750000
v -0.2000000 0.8530000 -0.0750000
v -0.0875000 0.8925000 -0.2750000
v -0.2000000 0.8530000 -0.0750000
v -0.4890000 1.0000000 -0.2750000
v -0.0875000 0.8925000 -0.2750000
v -0.2000000 0.8530000 -0.0750000
v -0.5047500 1.0000000 -0.0750000
v -0.4890000 1.0000000 -0.2750000
v 0.6667500 1.3000000 0.6250000
v 0.6362500 1.1500000 0.4250000
v 0.7527500 1.3000000 0.4250000
v 0.6667500 1.3000000 0.6250000
v 0.5635000 1.1500000 0.6250000
v 0.6362500 1.1500000 0.4250000
v 0.6667500 1.3000000 0.6250000
v 0.7527500 1.3000000 0.4250000
v -0.7527500 1.3000000 0.4250000
v -0.6667500 1.3000000 0.6250000
v 0.6362500 1.1500000 0.4250000
v 0.5635000 1.1500000 0.6250000
v -0.5635000 1.1500000 0.6250000
v -0.6362500 1.1500000 0.4250000
v -0.5635000 1.1500000 0.6250000
v -0.6667500 1.3000000 0.6250000
v -0.6362500 1.1500000 0.4250000
v -0.6362500 1.1500000 0.4250000
v -0.6667500 1.3000000 0.6250000
v -0.7527500 1.3000000 0.4250000
v 0.1750000 1.1500000 0.2750000
v 0.1750000 1.3000000 0.2750000
v 0.1750000 1.3000000 0.4250000
v 0.1750000 1.1500000 0.4250000
v -0.1750000 1.3000000 0.2750000
v -0.1750000 1.1500000 0.2750000
v -0.1750000 1.1500000 0.4250000
v -0.1750000 1.3000000 0.4250000
v 0.1750000 1.3000000 0.4250000
v 0.1750000 1.3000000 0.2750000
v -0.1750000 1.3000000 0.2750000
v -0.1750000 1.3000000 0.4250000
v -0.1750000 1.1500000 0.4250000
v -0.1750000 1.1500000 0.2750000
v 0.1750000 1.1500000 0.2750000
v 0.1750000 1.1500000 0.4250000
v 0.7922500 1.3000000 0.2750000
v 0.6910000 1.1500000 0.0750000
v 0.8177500 1.3000000 0.0750000
v 0.7922500 1.3000000 0.2750000
v 0.6697500 1.1500000 0.2750000
v 0.6910000 1.1500000 0.0750000
v 0.7922500 1.3000000 0.2750000
v 0.8177500 1.3000000 0.0750000
v -0.8177500 1.3000000 0.0750000
v -0.7922500 1.3000000 0.2750000
v 0.6910000 1.1500000 0.0750000
v 0.6697500 1.1500000 0.2750000
v -0.6697500 1.1500000 0.2750000
v -0.6910000 1.1500000 0.0750000
v -0.6697500 1.1500000 0.2750000
v -0.7922500 1.3000000 0.2750000
v -0.6910000 1.1500000 0.0750000
v -0.6910000 1.1500000 0.0750000
v -0.7922500 1.3000000 0.2750000
v -0.8177500 1.3000000 0.0750000
v 0.2375000 1.1500000 -0.0750000
v 0.2375000 1.3000000 -0.0750000
v 0.2375000 1.3000000 0.0750000
v 0.2375000 1.1500000 0.0750000
v -0.2375000 1.3000000 -0.0750000
v -0.2375000 1.1500000 -0.0750000
v -0.2375000 1.1500000 0.0750000
v -0.2375000 1.3000000 0.0750000
v 0.2375000 1.3000000 0.0750000
v 0.2375000 1.3000000 -0.0750000
v -0.2375000 1.3000000 -0.0750000
v -0.2375000 1.3000000 0.0750000
v -0.2375000 1.1500000 0.0750000
v -0.2375000 1.1500000 -0.0750000
v 0.2375000 1.1500000 -0.0750000
v 0.2375000 1.1500000 0.0750000
v 0.8177500 1.3000000 -0.0750000
v 0.6910000 1.1500000 -0.0750000
v 0.7922500 1.3000000 -0.2750000
v 0.7922500 1.3000000 -0.2750000
v 0.6910000 1.1500000 -0.0750000
v 0.6697500 1.1500000 -0.2750000
v 0.8177500 1.3000000 -0.0750000
v 0.7922500 1.3000000 -0.2750000
v -0.7922500 1.3000000 -0.2750000
v -0.8177500 1.3000000 -0.0750000
v 0.6697500 1.1500000 -0.2750000
v 0.6910000 1.1500000 -0.0750000
v -0.6910000 1.1500000 -0.0750000
v -0.6697500 1.1500000 -0.2750000
v -0.6910000 1.1500000 -0.0750000
v -0.7922500 1.3000000 -0.2750000
v -0.6697500 1.1500000 -0.2750000
v -0.6910000 1.1500000 -0.0750000
v -0.8177500 1.3000000 -0.0750000
v -0.7922500 1.3000000 -0.2750000
v -0.0875000 1.3000000 -0.8195000
v -0.0875000 1.3000000 -0.6250000
v 0.0875000 1.3000000 -0.6250000
v 0.0875000 1.3000000 -0.8195000
v 0.0875000 1.1500000 -0.6927500
v 0.0875000 1.1500000 -0.6250000
v -0.0875000 1.1500000 -0.6250000
v -0.0875000 1.1500000 -0.6927500
v 0.0875000 1.3000000 -0.8195000
v 0.0875000 1.3000000 -0.6250000
v 0.0875000 1.1500000 -0.6250000
v 0.0875000 1.1500000 -0.6927500
v -0.0875000 1.3000000 -0.6250000
v -0.0875000 1.3000000 -0.8195000
v -0.0875000 1.1500000 -0.6927500
v -0.0875000 1.1500000 -0.6250000
v -0.0875000 1.3000000 -0.8195000
v 0.0875000 1.3000000 -0.8195000
v 0.0875000 1.1500000 -0.6927500
v -0.0875000 1.1500000 -0.6927500
v 0.0875000 1.3000000 0.8195000
v 0.0875000 1.3000000 0.6250000
v -0.0875000 1.3000000 0.6250000
v -0.0875000 1.3000000 0.8195000
v -0.0875000 1.1500000 0.6927500
v -0.0875000 1.1500000 0.6250000
v 0.0875000 1.1500000 0.6250000
v 0.0875000 1.1500000 0.6927500
v 0.0875000 1.1500000 0.6927500
v 0.0875000 1.1500000 0.6250000
v 0.0875000 1.3000000 0.6250000
v 0.0875000 1.3000000 0.8195000
v -0.0875000 1.1500000 0.6250000
v -0.0875000 1.1500000 0.6927500
v -0.0875000 1.3000000 0.8195000
v -0.0875000 1.3000000 0.6250000
v -0.0875000 1.1500000 0.6927500
v 0.0875000 1.1500000 0.6927500
v 0.0875000 1.3000000 0.8195000
v -0.0875000 1.3000000 0.8195000
v 0.1750000 1.1500000 -0.4250000
v 0.1750000 1.3000000 -0.4250000
v 0.1750000 1.3000000 -0.2750000
v 0.1750000 1.1500000 -0.2750000
v -0.1750000 1.3000000 -0.4250000
v -0.1750000 1.1500000 -0.4250000
v -0.1750000 1.1500000 -0.2750000
v -0.1750000 1.3000000 -0.2750000
v 0.1750000 1.3000000 -0.2750000
v 0.1750000 1.3000000 -0.4250000
v -0.1750000 1.3000000 -0.4250000
v -0.1750000 1.3000000 -0.2750000
v -0.1750000 1.1500000 -0.2750000
v -0.1750000 1.1500000 -0.4250000
v 0.1750000 1.1500000 -0.4250000
v 0.1750000 1.1500000 -0.2750000
v 0.7527500 1.3000000 -0.4250000
v 0.6362500 1.1500000 -0.4250000
v 0.6667500 1.3000000 -0.6250000
v 0.6667500 1.3000000 -0.6250000
v 0.6362500 1.1500000 -0.4250000
v 0.5635000 1.1500000 -0.6250000
v 0.7527500 1.3000000 -0.4250000
v 0.6667500 1.3000000 -0.6250000
v -0.6667500 1.3000000 -0.6250000
v -0.7527500 1.3000000 -0.4250000
v 0.5635000 1.1500000 -0.6250000
v 0.6362500 1.1500000 -0.4250000
v -0.6362500 1.1500000 -0.4250000
v -0.5635000 1.1500000 -0.6250000
v -0.6362500 1.1500000 -0.4250000
v -0.6667500 1.3000000 -0.6250000
v -0.5635000 1.1500000 -0.6250000
v -0.6362500 1.1500000 -0.4250000
v -0.7527500 1.3000000 -0.4250000
v -0.6667500 1.3000000 -0.6250000
v 0.4125000 1.6000000 0.9750000
v 0.6320000 1.4500000 0.7750000
v 0.6790000 1.6000000 0.7750000
v 0.4125000 1.6000000 0.9750000
v 0.3840000 1.4500000 0.9120000
v 0.6320000 1.4500000 0.7750000
v 0.4125000 1.6000000 0.9750000
v 0.6790000 1.6000000 0.7750000
v -0.6790000 1.6000000 0.7750000
v -0.4125000 1.6000000 0.9750000
v 0.6320000 1.4500000 0.7750000
v 0.3840000 1.4500000 0.9120000
v -0.3840000 1.4500000 0.9120000
v -0.6320000 1.4500000 0.7750000
v -0.3840000 1.4500000 0.9120000
v -0.4125000 1.6000000 0.9750000
v -0.6320000 1.4500000 0.7750000
v -0.6320000 1.4500000 0.7750000
v -0.4125000 1.6000000 0.9750000
v -0.6790000 1.6000000 0.7750000
v 0.4125000 1.6000000 0.9750000
v 0.0000000 1.6000000 0.9797500
v 0.0000000 1.6000000 0.9750000
v 0.0000000 1.6000000 0.9797500
v 0.3840000 1.4500000 0.9120000
v 0.4125000 1.6000000 0.9750000
v 0.3840000 1.4500000 0.9120000
v 0.0000000 1.6000000 0.9797500
v 0.0000000 1.4500000 0.9120000
v -0.4125000 1.6000000 0.9750000
v 0.0000000 1.6000000 0.9797500
v 0.0000000 1.6000000 0.9750000
v 0.0000000 1.4500000 0.9120000
v 0.0000000 1.6000000 0.9797500
v -0.3840000 1.4500000 0.9120000
v -0.4125000 1.6000000 0.9750000
v -0.3840000 1.4500000 0.9120000
v 0.0000000 1.6000000 0.9797500
v 0.1125000 1.4500000 0.6250000
v 0.1125000 1.6000000 0.6250000
v 0.1125000 1.6000000 0.7750000
v 0.1125000 1.4500000 0.7750000
v -0.1125000 1.6000000 0.6250000
v -0.1125000 1.4500000 0.6250000
v -0.1125000 1.4500000 0.7750000
v -0.1125000 1.6000000 0.7750000
v 0.1125000 1.6000000 0.7750000
v 0.1125000 1.6000000 0.6250000
v -0.1125000 1.6000000 0.6250000
v -0.1125000 1.6000000 0.7750000
v -0.1125000 1.4500000 0.7750000
v -0.1125000 1.4500000 0.6250000
v 0.1125000 1.4500000 0.6250000
v 0.1125000 1.4500000 0.7750000
v 0.7970000 1.6000000 0.6250000
v 0.8377500 1.4500000 0.4250000
v 0.8997500 1.6000000 0.4250000
v 0.7970000 1.6000000 0.6250000
v 0.7420000 1.4500000 0.6250000
v 0.8377500 1.4500000 0.4250000
v 0.7970000 1.6000000 0.6250000
v 0.8997500 1.6000000 0.4250000
v -0.8997500 1.6000000 0.4250000
v -0.7970000 1.6000000 0.6250000
v 0.8377500 1.4500000 0.4250000
v 0.7420000 1.4500000 0.6250000
v -0.7420000 1.4500000 0.6250000
v -0.8377500 1.4500000 0.4250000
v -0.7420000 1.4500000 0.6250000
v -0.7970000 1.6000000 0.6250000
v -0.8377500 1.4500000 0.4250000
v -0.8377500 1.4500000 0.4250000
v -0.7970000 1.6000000 0.6250000
v -0.8997500 1.6000000 0.4250000
v 0.1750000 1.4500000 0.2750000
v 0.1750000 1.6000000 0.2750000
v 0.1750000 1.6000000 0.4250000
v 0.1750000 1.4500000 0.4250000
v -0.1750000 1.6000000 0.2750000
v -0.1750000 1.4500000 0.2750000
v -0.1750000 1.4500000 0.4250000
v -0.1750000 1.6000000 0.4250000
v 0.1750000 1.6000000 0.4250000
v 0.1750000 1.6000000 0.2750000
v -0.1750000 1.6000000 0.2750000
v -0.1750000 1.6000000 0.4250000
v -0.1750000 1.4500000 0.4250000
v -0.1750000 1.4500000 0.2750000
v 0.1750000 1.4500000 0.2750000
v 0.1750000 1.4500000 0.4250000
v 0.8817500 1.4500000 0.2750000
v 0.9097500 1.4500000 0.0750000
v 0.9772500 1.6000000 0.0750000
v 0.9470000 1.6000000 0.2750000
v 0.9470000 1.6000000 0.2750000
v 0.9772500 1.6000000 0.0750000
v -0.9772500 1.6000000 0.0750000
v -0.9470000 1.6000000 0.2750000
v 0.9097500 1.4500000 0.0750000
v 0.8817500 1.4500000 0.2750000
v -0.8817500 1.4500000 0.2750000
v -0.9097500 1.4500000 0.0750000
v -0.9470000 1.6000000 0.2750000
v -0.9772500 1.6000000 0.0750000
v -0.9097500 1.4500000 0.0750000
v -0.8817500 1.4500000 0.2750000
v 0.2375000 1.4500000 -0.0750000
v 0.2375000 1.6000000 -0.0750000
v 0.2375000 1.6000000 0.0750000
v 0.2375000 1.4500000 0.0750000
v -0.2375000 1.6000000 -0.0750000
v -0.2375000 1.4500000 -0.0750000
v -0.2375000 1.4500000 0.0750000
v -0.2375000 1.6000000 0.0750000
v 0.2375000 1.6000000 0.0750000
v 0.2375000 1.6000000 -0.0750000
v -0.2375000 1.6000000 -0.0750000
v -0.2375000 1.6000000 0.0750000
v -0.2375000 1.4500000 0.0750000
v -0.2375000 1.4500000 -0.0750000
v 0.2375000 1.4500000 -0.0750000
v 0.2375000 1.4500000 0.0750000
v 0.9097500 1.4500000 -0.0750000
v 0.8817500 1.4500000 -0.2750000
v 0.9470000 1.6000000 -0.2750000
v 0.9772500 1.6000000 -0.0750000
v 0.9772500 1.6000000 -0.0750000
v 0.9470000 1.6000000 -0.2750000
v -0.9470000 1.6000000 -0.2750000
v -0.9772500 1.6000000 -0.0750000
v 0.8817500 1.4500000 -0.2750000
v 0.9097500 1.4500000 -0.0750000
v -0.9097500 1.4500000 -0.0750000
v -0.8817500 1.4500000 -0.2750000
v -0.9772500 1.6000000 -0.0750000
v -0.9470000 1.6000000 -0.2750000
v -0.8817500 1.4500000 -0.2750000
v -0.9097500 1.4500000 -0.0750000
v 0.1750000 1.4500000 -0.4250000
v 0.1750000 1.6000000 -0.4250000
v 0.1750000 1.6000000 -0.2750000
v 0.1750000 1.4500000 -0.2750000
v -0.1750000 1.6000000 -0.4250000
v -0.1750000 1.4500000 -0.4250000
v -0.1750000 1.4500000 -0.2750000
v -0.1750000 1.6000000 -0.2750000
v 0.1750000 1.6000000 -0.2750000
v 0.1750000 1.6000000 -0.4250000
v -0.1750000 1.6000000 -0.4250000
v -0.1750000 1.6000000 -0.2750000
v -0.1750000 1.4500000 -0.2750000
v -0.1750000 1.4500000 -0.4250000
v 0.1750000 1.4500000 -0.4250000
v 0.1750000 1.4500000 -0.2750000
v 0.8997500 1.6000000 -0.4250000
v 0.8377500 1.4500000 -0.4250000
v 0.7970000 1.6000000 -0.6250000
v 0.7970000 1.6000000 -0.6250000
v 0.8377500 1.4500000 -0.4250000
v 0.7420000 1.4500000 -0.6250000
v 0.8997500 1.6000000 -0.4250000
v 0.7970000 1.6000000 -0.6250000
v -0.7970000 1.6000000 -0.6250000
v -0.8997500 1.6000000 -0.4250000
v 0.7420000 1.4500000 -0.6250000
v 0.8377500 1.4500000 -0.4250000
v -0.8377500 1.4500000 -0.4250000
v -0.7420000 1.4500000 -0.6250000
v -0.8377500 1.4500000 -0.4250000
v -0.7970000 1.6000000 -0.6250000
v -0.7420000 1.4500000 -0.6250000
v -0.8377500 1.4500000 -0.4250000
v -0.8997500 1.6000000 -0.4250000
v -0.7970000 1.6000000 -0.6250000
v 0.1125000 1.4500000 -0.7750000
v 0.1125000 1.6000000 -0.7750000
v 0.1125000 1.6000000 -0.6250000
v 0.1125000 1.4500000 -0.6250000
v -0.1125000 1.6000000 -0.7750000
v -0.1125000 1.4500000 -0.7750000
v -0.1125000 1.4500000 -0.6250000
v -0.1125000 1.6000000 -0.6250000
v 0.1125000 1.6000000 -0.6250000
v 0.1125000 1.6000000 -0.7750000
v -0.1125000 1.6000000 -0.7750000
v -0.1125000 1.6000000 -0.6250000
v -0.1125000 1.4500000 -0.6250000
v -0.1125000 1.4500000 -0.7750000
v 0.1125000 1.4500000 -0.7750000
v 0.1125000 1.4500000 -0.6250000
v 0.4125000 1.6000000 -0.9750000
v 0.0000000 1.6000000 -0.9797500
v 0.0000000 1.6000000 -0.9750000
v 0.0000000 1.4500000 -0.9120000
v 0.0000000 1.6000000 -0.9797500
v 0.3840000 1.4500000 -0.9120000
v 0.4125000 1.6000000 -0.9750000
v 0.3840000 1.4500000 -0.9120000
v 0.0000000 1.6000000 -0.9797500
v -0.4125000 1.6000000 -0.9750000
v 0.0000000 1.6000000 -0.9797500
v 0.0000000 1.6000000 -0.9750000
v 0.0000000 1.6000000 -0.9797500
v -0.3840000 1.4500000 -0.9120000
v -0.4125000 1.6000000 -0.9750000
v -0.3840000 1.4500000 -0.9120000
v 0.0000000 1.6000000 -0.9797500
v 0.0000000 1.4500000 -0.9120000
v 0.6790000 1.6000000 -0.7750000
v 0.6320000 1.4500000 -0.7750000
v 0.4125000 1.6000000 -0.9750000
v 0.4125000 1.6000000 -0.9750000
v 0.6320000 1.4500000 -0.7750000
v 0.3840000 1.4500000 -0.9120000
v 0.6790000 1.6000000 -0.7750000
v 0.4125000 1.6000000 -0.9750000
v -0.4125000 1.6000000 -0.9750000
v -0.6790000 1.6000000 -0.7750000
v 0.3840000 1.4500000 -0.9120000
v 0.6320000 1.4500000 -0.7750000
v -0.6320000 1.4500000 -0.7750000
v -0.3840000 1.4500000 -0.9120000
v -0.6320000 1.4500000 -0.7750000
v -0.4125000 1.6000000 -0.9750000
v -0.3840000 1.4500000 -0.9120000
v -0.6320000 1.4500000 -0.7750000
v -0.6790000 1.6000000 -0.7750000
v -0.4125000 1.6000000 -0.9750000
v 0.4457500 1.9000000 0.9750000
v 0.7120000 1.7500000 0.7750000
v 0.7332500 1.9000000 0.7750000
v 0.4457500 1.9000000 0.9750000
v 0.4327500 1.7500000 0.9750000
v 0.7120000 1.7500000 0.7750000
v 0.4457500 1.9000000 0.9750000
v 0.7332500 1.9000000 0.7750000
v -0.7332500 1.9000000 0.7750000
v -0.4457500 1.9000000 0.9750000
v 0.7120000 1.7500000 0.7750000
v 0.4327500 1.7500000 0.9750000
v -0.4327500 1.7500000 0.9750000
v -0.7120000 1.7500000 0.7750000
v -0.4327500 1.7500000 0.9750000
v -0.4457500 1.9000000 0.9750000
v -0.7120000 1.7500000 0.7750000
v -0.7120000 1.7500000 0.7750000
v -0.4457500 1.9000000 0.9750000
v -0.7332500 1.9000000 0.7750000
v 0.4457500 1.9000000 0.9750000
v 0.0000000 1.9000000 0.9750000
v 0.0000000 1.9000000 1.0582500
v 0.0000000 1.9000000 1.0582500
v 0.4327500 1.7500000 0.9750000
v 0.4457500 1.9000000 0.9750000
v 0.0000000 1.9000000 1.0582500
v 0.0000000 1.7500000 1.0275000
v 0.4327500 1.7500000 0.9750000
v 0.4327500 1.7500000 0.9750000
v 0.0000000 1.7500000 1.0275000
v 0.0000000 1.7500000 0.9750000
v -0.4457500 1.9000000 0.9750000
v 0.0000000 1.9000000 1.0582500
v 0.0000000 1.9000000 0.9750000
v 0.0000000 1.7500000 1.0275000
v 0.0000000 1.9000000 1.0582500
v -0.4327500 1.7500000 0.9750000
v -0.4327500 1.7500000 0.9750000
v 0.0000000 1.9000000 1.0582500
v -0.4457500 1.9000000 0.9750000
v -0.4327500 1.7500000 0.9750000
v 0.0000000 1.7500000 0.9750000
v 0.0000000 1.7500000 1.0275000
v 0.1125000 1.7500000 0.6250000
v 0.1125000 1.9000000 0.6250000
v 0.1125000 1.9000000 0.7750000
v 0.1125000 1.7500000 0.7750000
v -0.1125000 1.9000000 0.6250000
v -0.1125000 1.7500000 0.6250000
v -0.1125000 1.7500000 0.7750000
v -0.1125000 1.9000000 0.7750000
v 0.1125000 1.9000000 0.7750000
v 0.1125000 1.9000000 0.6250000
v -0.1125000 1.9000000 0.6250000
v -0.1125000 1.9000000 0.7750000
v -0.1125000 1.7500000 0.7750000
v -0.1125000 1.7500000 0.6250000
v 0.1125000 1.7500000 0.6250000
v 0.1125000 1.7500000 0.7750000
v 0.8610000 1.9000000 0.6250000
v 0.9437500 1.7500000 0.4250000
v 0.9720000 1.9000000 0.4250000
v 0.8610000 1.9000000 0.6250000
v 0.8360000 1.7500000 0.6250000
v 0.9437500 1.7500000 0.4250000
v 0.8610000 1.9000000 0.6250000
v 0.9720000 1.9000000 0.4250000
v -0.9720000 1.9000000 0.4250000
v -0.8610000 1.9000000 0.6250000
v 0.9437500 1.7500000 0.4250000
v 0.8360000 1.7500000 0.6250000
v -0.8360000 1.7500000 0.6250000
v -0.9437500 1.7500000 0.4250000
v -0.8360000 1.7500000 0.6250000
v -0.8610000 1.9000000 0.6250000
v -0.9437500 1.7500000 0.4250000
v -0.9437500 1.7500000 0.4250000
v -0.8610000 1.9000000 0.6250000
v -0.9720000 1.9000000 0.4250000
v 0.1750000 1.7500000 0.2750000
v 0.1750000 1.9000000 0.2750000
v 0.1750000 1.9000000 0.4250000
v 0.1750000 1.7500000 0.4250000
v -0.1750000 1.9000000 0.2750000
v -0.1750000 1.7500000 0.2750000
v -0.1750000 1.7500000 0.4250000
v -0.1750000 1.9000000 0.4250000
v 0.1750000 1.9000000 0.4250000
v 0.1750000 1.9000000 0.2750000
v -0.1750000 1.9000000 0.2750000
v -0.1750000 1.9000000 0.4250000
v -0.1750000 1.7500000 0.4250000
v -0.1750000 1.7500000 0.2750000
v 0.1750000 1.7500000 0.2750000
v 0.1750000 1.7500000 0.4250000
v 0.9932500 1.7500000 0.2750000
v 1.0250000 1.7500000 0.0750000
v 1.0555000 1.9000000 0.0750000
v 1.0230000 1.9000000 0.2750000
v 1.0230000 1.9000000 0.2750000
v 1.0555000 1.9000000 0.0750000
v -1.0555000 1.9000000 0.0750000
v -1.0230000 1.9000000 0.2750000
v 1.0250000 1.7500000 0.0750000
v 0.9932500 1.7500000 0.2750000
v -0.9932500 1.7500000 0.2750000
v -1.0250000 1.7500000 0.0750000
v -1.0230000 1.9000000 0.2750000
v -1.0555000 1.9000000 0.0750000
v -1.0250000 1.7500000 0.0750000
v -0.9932500 1.7500000 0.2750000
v 0.2375000 1.7500000 -0.0750000
v 0.2375000 1.9000000 -0.0750000
v 0.2375000 1.9000000 0.0750000
v 0.2375000 1.7500000 0.0750000
v -0.2375000 1.9000000 -0.0750000
v -0.2375000 1.7500000 -0.0750000
v -0.2375000 1.7500000 0.0750000
v -0.2375000 1.9000000 0.0750000
v 0.2375000 1.9000000 0.0750000
v 0.2375000 1.9000000 -0.0750000
v -0.2375000 1.9000000 -0.0750000
v -0.2375000 1.9000000 0.0750000
v -0.2375000 1.7500000 0.0750000
v -0.2375000 1.7500000 -0.0750000
v 0.2375000 1.7500000 -0.0750000
v 0.2375000 1.7500000 0.0750000
v 1.0250000 1.7500000 -0.0750000
v 0.9932500 1.7500000 -0.2750000
v 1.0230000 1.9000000 -0.2750000
v 1.0555000 1.9000000 -0.0750000
v 1.0555000 1.9000000 -0.0750000
v 1.0230000 1.9000000 -0.2750000
v -1.0230000 1.9000000 -0.2750000
v -1.0555000 1.9000000 -0.0750000
v 0.9932500 1.7500000 -0.2750000
v 1.0250000 1.7500000 -0.0750000
v -1.0250000 1.7500000 -0.0750000
v -0.9932500 1.7500000 -0.2750000
v -1.0555000 1.9000000 -0.0750000
v -1.0230000 1.9000000 -0.2750000
v -0.9932500 1.7500000 -0.2750000
v -1.0250000 1.7500000 -0.0750000
v 0.1750000 1.7500000 -0.4250000
v 0.1750000 1.9000000 -0.4250000
v 0.1750000 1.9000000 -0.2750000
v 0.1750000 1.7500000 -0.2750000
v -0.1750000 1.9000000 -0.4250000
v -0.1750000 1.7500000 -0.4250000
v -0.1750000 1.7500000 -0.2750000
v -0.1750000 1.9000000 -0.2750000
v 0.1750000 1.9000000 -0.2750000
v 0.1750000 1.9000000 -0.4250000
v -0.1750000 1.9000000 -0.4250000
v -0.1750000 1.9000000 -0.2750000
v -0.1750000 1.7500000 -0.2750000
v -0.1750000 1.7500000 -0.4250000
v 0.1750000 1.7500000 -0.4250000
v 0.1750000 1.7500000 -0.2750000
v 0.9720000 1.9000000 -0.4250000
v 0.9437500 1.7500000 -0.4250000
v 0.8610000 1.9000000 -0.6250000
v 0.8610000 1.9000000 -0.6250000
v 0.9437500 1.7500000 -0.4250000
v 0.8360000 1.7500000 -0.6250000
v 0.9720000 1.9000000 -0.4250000
v 0.8610000 1.9000000 -0.6250000
v -0.8610000 1.9000000 -0.6250000
v -0.9720000 1.9000000 -0.4250000
v 0.8360000 1.7500000 -0.6250000
v 0.9437500 1.7500000 -0.4250000
v -0.9437500 1.7500000 -0.4250000
v -0.8360000 1.7500000 -0.6250000
v -0.9437500 1.7500000 -0.4250000
v -0.8610000 1.9000000 -0.6250000
v -0.8360000 1.7500000 -0.6250000
v -0.9437500 1.7500000 -0.4250000
v -0.9720000 1.9000000 -0.4250000
v -0.8610000 1.9000000 -0.6250000
v 0.1125000 1.7500000 -0.7750000
v 0.1125000 1.9000000 -0.7750000
v 0.1125000 1.9000000 -0.6250000
v 0.1125000 1.7500000 -0.6250000
v -0.1125000 1.9000000 -0.7750000
v -0.1125000 1.7500000 -0.7750000
v -0.1125000 1.7500000 -0.6250000
v -0.1125000 1.9000000 -0.6250000
v 0.1125000 1.9000000 -0.6250000
v 0.1125000 1.9000000 -0.7750000
v -0.1125000 1.9000000 -0.7750000
v -0.1125000 1.9000000 -0.6250000
v -0.1125000 1.7500000 -0.6250000
v -0.1125000 1.7500000 -0.7750000
v 0.1125000 1.7500000 -0.7750000
v 0.1125000 1.7500000 -0.6250000
v 0.4457500 1.9000000 -0.9750000
v 0.0000000 1.9000000 -1.0582500
v 0.0000000 1.9000000 -0.9750000
v 0.0000000 1.7500000 -1.0275000
v 0.0000000 1.9000000 -1.0582500
v 0.4327500 1.7500000 -0.9750000
v 0.4327500 1.7500000 -0.9750000
v 0.0000000 1.9000000 -1.0582500
v 0.4457500 1.9000000 -0.9750000
v 0.4327500 1.7500000 -0.9750000
v 0.0000000 1.7500000 -0.9750000
v 0.0000000 1.7500000 -1.0275000
v -0.4457500 1.9000000 -0.9750000
v 0.0000000 1.9000000 -0.9750000
v 0.0000000 1.9000000 -1.0582500
v 0.0000000 1.9000000 -1.0582500
v -0.4327500 1.7500000 -0.9750000
v -0.4457500 1.9000000 -0.9750000
v 0.0000000 1.9000000 -1.0582500
v 0.0000000 1.7500000 -1.0275000
v -0.4327500 1.7500000 -0.9750000
v -0.4327500 1.7500000 -0.9750000
v 0.0000000 1.7500000 -1.0275000
v 0.0000000 1.7500000 -0.9750000
v 0.7332500 1.9000000 -0.7750000
v 0.7120000 1.7500000 -0.7750000
v 0.4457500 1.9000000 -0.9750000
v 0.4457500 1.9000000 -0.9750000
v 0.7120000 1.7500000 -0.7750000
v 0.4327500 1.7500000 -0.9750000
v 0.7332500 1.9000000 -0.7750000
v 0.4457500 1.9000000 -0.9750000
v -0.4457500 1.9000000 -0.9750000
v -0.7332500 1.9000000 -0.7750000
v 0.4327500 1.7500000 -0.9750000
v 0.7120000 1.7500000 -0.7750000
v -0.7120000 1.7500000 -0.7750000
v -0.4327500 1.7500000 -0.9750000
v -0.7120000 1.7500000 -0.7750000
v -0.4457500 1.9000000 -0.9750000
v -0.4327500 1.7500000 -0.9750000
v -0.7120000 1.7500000 -0.7750000
v -0.7332500 1.9000000 -0.7750000
v -0.4457500 1.9000000 -0.9750000
v 0.7437500 2.0500000 0.7750000
v 0.7437500 2.2000000 0.7750000
v 0.4520000 2.2000000 0.9750000
v 0.4520000 2.0500000 0.9750000
v 0.4520000 2.2000000 0.9750000
v 0.7437500 2.2000000 0.7750000
v -0.7437500 2.2000000 0.7750000
v -0.4520000 2.2000000 0.9750000
v 0.7437500 2.0500000 0.7750000
v 0.4520000 2.0500000 0.9750000
v -0.4520000 2.0500000 0.9750000
v -0.7437500 2.0500000 0.7750000
v -0.7437500 2.2000000 0.7750000
v -0.7437500 2.0500000 0.7750000
v -0.4520000 2.0500000 0.9750000
v -0.4520000 2.2000000 0.9750000
v 0.4520000 2.2000000 0.9750000
v 0.0000000 2.2000000 0.9750000
v 0.0000000 2.2000000 1.0732500
v 0.4520000 2.0500000 0.9750000
v 0.4520000 2.2000000 0.9750000
v 0.0000000 2.2000000 1.0732500
v 0.0000000 2.0500000 1.0732500
v 0.4520000 2.0500000 0.9750000
v 0.0000000 2.0500000 1.0732500
v 0.0000000 2.0500000 0.9750000
v -0.4520000 2.2000000 0.9750000
v 0.0000000 2.2000000 1.0732500
v 0.0000000 2.2000000 0.9750000
v -0.4520000 2.2000000 0.9750000
v -0.4520000 2.0500000 0.9750000
v 0.0000000 2.0500000 1.0732500
v 0.0000000 2.2000000 1.0732500
v -0.4520000 2.0500000 0.9750000
v 0.0000000 2.0500000 0.9750000
v 0.0000000 2.0500000 1.0732500
v 0.1125000 2.0500000 0.6250000
v 0.1125000 2.2000000 0.6250000
v 0.1125000 2.2000000 0.7750000
v 0.1125000 2.0500000 0.7750000
v -0.1125000 2.2000000 0.6250000
v -0.1125000 2.0500000 0.6250000
v -0.1125000 2.0500000 0.7750000
v -0.1125000 2.2000000 0.7750000
v 0.1125000 2.2000000 0.7750000
v 0.1125000 2.2000000 0.6250000
v -0.1125000 2.2000000 0.6250000
v -0.1125000 2.2000000 0.7750000
v -0.1125000 2.0500000 0.7750000
v -0.1125000 2.0500000 0.6250000
v 0.1125000 2.0500000 0.6250000
v 0.1125000 2.0500000 0.7750000
v 0.9857500 2.0500000 0.4250000
v 0.9857500 2.2000000 0.4250000
v 0.8732500 2.2000000 0.6250000
v 0.8732500 2.0500000 0.6250000
v 0.8732500 2.2000000 0.6250000
v 0.9857500 2.2000000 0.4250000
v -0.9857500 2.2000000 0.4250000
v -0.8732500 2.2000000 0.6250000
v 0.9857500 2.0500000 0.4250000
v 0.8732500 2.0500000 0.6250000
v -0.8732500 2.0500000 0.6250000
v -0.9857500 2.0500000 0.4250000
v -0.9857500 2.2000000 0.4250000
v -0.9857500 2.0500000 0.4250000
v -0.8732500 2.0500000 0.6250000
v -0.8732500 2.2000000 0.6250000
v 0.1750000 2.0500000 0.2750000
v 0.1750000 2.2000000 0.2750000
v 0.1750000 2.2000000 0.4250000
v 0.1750000 2.0500000 0.4250000
v -0.1750000 2.2000000 0.2750000
v -0.1750000 2.0500000 0.2750000
v -0.1750000 2.0500000 0.4250000
v -0.1750000 2.2000000 0.4250000
v 0.1750000 2.2000000 0.4250000
v 0.1750000 2.2000000 0.2750000
v -0.1750000 2.2000000 0.2750000
v -0.1750000 2.2000000 0.4250000
v -0.1750000 2.0500000 0.4250000
v -0.1750000 2.0500000 0.2750000
v 0.1750000 2.0500000 0.2750000
v 0.1750000 2.0500000 0.4250000
v 1.0705000 2.0500000 0.0750000
v 1.0705000 2.2000000 0.0750000
v 1.0375000 2.2000000 0.2750000
v 1.0375000 2.0500000 0.2750000
v 1.0375000 2.2000000 0.2750000
v 1.0705000 2.2000000 0.0750000
v -1.0705000 2.2000000 0.0750000
v -1.0375000 2.2000000 0.2750000
v 1.0705000 2.0500000 0.0750000
v 1.0375000 2.0500000 0.2750000
v -1.0375000 2.0500000 0.2750000
v -1.0705000 2.0500000 0.0750000
v -1.0705000 2.2000000 0.0750000
v -1.0705000 2.0500000 0.0750000
v -1.0375000 2.0500000 0.2750000
v -1.0375000 2.2000000 0.2750000
v 0.2375000 2.0500000 -0.0750000
v 0.2375000 2.2000000 -0.0750000
v 0.2375000 2.2000000 0.0750000
v 0.2375000 2.0500000 0.0750000
v -0.2375000 2.2000000 -0.0750000
v -0.2375000 2.0500000 -0.0750000
v -0.2375000 2.0500000 0.0750000
v -0.2375000 2.2000000 0.0750000
v 0.2375000 2.2000000 0.0750000
v 0.2375000 2.2000000 -0.0750000
v -0.2375000 2.2000000 -0.0750000
v -0.2375000 2.2000000 0.0750000
v -0.2375000 2.0500000 0.0750000
v -0.2375000 2.0500000 -0.0750000
v 0.2375000 2.0500000 -0.0750000
v 0.2375000 2.0500000 0.0750000
v 1.0375000 2.0500000 -0.2750000
v 1.0375000 2.2000000 -0.2750000
v 1.0705000 2.2000000 -0.0750000
v 1.0705000 2.0500000 -0.0750000
v 1.0705000 2.2000000 -0.0750000
v 1.0375000 2.2000000 -0.2750000
v -1.0375000 2.2000000 -0.2750000
v -1.0705000 2.2000000 -0.0750000
v 1.0375000 2.0500000 -0.2750000
v 1.0705000 2.0500000 -0.0750000
v -1.0705000 2.0500000 -0.0750000
v -1.0375000 2.0500000 -0.2750000
v -1.0375000 2.2000000 -0.2750000
v -1.0375000 2.0500000 -0.2750000
v -1.0705000 2.0500000 -0.0750000
v -1.0705000 2.2000000 -0.0750000
v 0.1750000 2.0500000 -0.4250000
v 0.1750000 2.2000000 -0.4250000
v 0.1750000 2.2000000 -0.2750000
v 0.1750000 2.0500000 -0.2750000
v -0.1750000 2.2000000 -0.4250000
v -0.1750000 2.0500000 -0.4250000
v -0.1750000 2.0500000 -0.2750000
v -0.1750000 2.2000000 -0.2750000
v 0.1750000 2.2000000 -0.2750000
v 0.1750000 2.2000000 -0.4250000
v -0.1750000 2.2000000 -0.4250000
v -0.1750000 2.2000000 -0.2750000
v -0.1750000 2.0500000 -0.2750000
v -0.1750000 2.0500000 -0.4250000
v 0.1750000 2.0500000 -0.4250000
v 0.1750000 2.0500000 -0.2750000
v 0.8732500 2.0500000 -0.6250000
v 0.8732500 2.2000000 -0.6250000
v 0.9857500 2.2000000 -0.4250000
v 0.9857500 2.0500000 -0.4250000
v 0.9857500 2.2000000 -0.4250000
v 0.8732500 2.2000000 -0.6250000
v -0.8732500 2.2000000 -0.6250000
v -0.9857500 2.2000000 -0.4250000
v 0.8732500 2.0500000 -0.6250000
v 0.9857500 2.0500000 -0.4250000
v -0.9857500 2.0500000 -0.4250000
v -0.8732500 2.0500000 -0.6250000
v -0.8732500 2.2000000 -0.6250000
v -0.8732500 2.0500000 -0.6250000
v -0.9857500 2.0500000 -0.4250000
v -0.9857500 2.2000000 -0.4250000
v 0.1125000 2.0500000 -0.7750000
v 0.1125000 2.2000000 -0.7750000
v 0.1125000 2.2000000 -0.6250000
v 0.1125000 2.0500000 -0.6250000
v -0.1125000 2.2000000 -0.7750000
v -0.1125000 2.0500000 -0.7750000
v -0.1125000 2.0500000 -0.6250000
v -0.1125000 2.2000000 -0.6250000
v 0.1125000 2.2000000 -0.6250000
v 0.1125000 2.2000000 -0.7750000
v -0.1125000 2.2000000 -0.7750000
v -0.1125000 2.2000000 -0.6250000
v -0.1125000 2.0500000 -0.6250000
v -0.1125000 2.0500000 -0.7750000
v 0.1125000 2.0500000 -0.7750000
v 0.1125000 2.0500000 -0.6250000
v 0.4520000 2.2000000 -0.9750000
v 0.0000000 2.2000000 -1.0732500
v 0.0000000 2.2000000 -0.9750000
v 0.4520000 2.2000000 -0.9750000
v 0.4520000 2.0500000 -0.9750000
v 0.0000000 2.0500000 -1.0732500
v 0.0000000 2.2000000 -1.0732500
v 0.4520000 2.0500000 -0.9750000
v 0.0000000 2.0500000 -0.9750000
v 0.0000000 2.0500000 -1.0732500
v -0.4520000 2.2000000 -0.9750000
v 0.0000000 2.2000000 -0.9750000
v 0.0000000 2.2000000 -1.0732500
v -0.4520000 2.0500000 -0.9750000
v -0.4520000 2.2000000 -0.9750000
v 0.0000000 2.2000000 -1.0732500
v 0.0000000 2.0500000 -1.0732500
v -0.4520000 2.0500000 -0.9750000
v 0.0000000 2.0500000 -1.0732500
v 0.0000000 2.0500000 -0.9750000
v 0.4520000 2.0500000 -0.9750000
v 0.4520000 2.2000000 -0.9750000
v 0.7437500 2.2000000 -0.7750000
v 0.7437500 2.0500000 -0.7750000
v 0.7437500 2.2000000 -0.7750000
v 0.4520000 2.2000000 -0.9750000
v -0.4520000 2.2000000 -0.9750000
v -0.7437500 2.2000000 -0.7750000
v 0.4520000 2.0500000 -0.9750000
v 0.7437500 2.0500000 -0.7750000
v -0.7437500 2.0500000 -0.7750000
v -0.4520000 2.0500000 -0.9750000
v -0.4520000 2.2000000 -0.9750000
v -0.4520000 2.0500000 -0.9750000
v -0.7437500 2.0500000 -0.7750000
v -0.7437500 2.2000000 -0.7750000
v 0.4327500 2.5000000 0.9750000
v 0.4457500 2.3500000 0.9750000
v 0.7120000 2.5000000 0.7750000
v 0.7120000 2.5000000 0.7750000
v 0.4457500 2.3500000 0.9750000
v 0.7332500 2.3500000 0.7750000
v 0.4327500 2.5000000 0.9750000
v 0.7120000 2.5000000 0.7750000
v -0.7120000 2.5000000 0.7750000
v -0.4327500 2.5000000 0.9750000
v 0.7332500 2.3500000 0.7750000
v 0.4457500 2.3500000 0.9750000
v -0.4457500 2.3500000 0.9750000
v -0.7332500 2.3500000 0.7750000
v -0.4457500 2.3500000 0.9750000
v -0.7120000 2.5000000 0.7750000
v -0.7332500 2.3500000 0.7750000
v -0.4457500 2.3500000 0.9750000
v -0.4327500 2.5000000 0.9750000
v -0.7120000 2.5000000 0.7750000
v 0.4327500 2.5000000 0.9750000
v 0.0000000 2.5000000 0.9750000
v 0.0000000 2.5000000 1.0275000
v 0.0000000 2.5000000 1.0275000
v 0.0000000 2.3500000 1.0582500
v 0.4327500 2.5000000 0.9750000
v 0.4327500 2.5000000 0.9750000
v 0.0000000 2.3500000 1.0582500
v 0.4457500 2.3500000 0.9750000
v 0.4457500 2.3500000 0.9750000
v 0.0000000 2.3500000 1.0582500
v 0.0000000 2.3500000 0.9750000
v -0.4327500 2.5000000 0.9750000
v 0.0000000 2.5000000 1.0275000
v 0.0000000 2.5000000 0.9750000
v 0.0000000 2.3500000 1.0582500
v -0.4327500 2.5000000 0.9750000
v -0.4457500 2.3500000 0.9750000
v 0.0000000 2.3500000 1.0582500
v 0.0000000 2.5000000 1.0275000
v -0.4327500 2.5000000 0.9750000
v -0.4457500 2.3500000 0.9750000
v 0.0000000 2.3500000 0.9750000
v 0.0000000 2.3500000 1.0582500
v 0.1125000 2.3500000 0.6250000
v 0.1125000 2.5000000 0.6250000
v 0.1125000 2.5000000 0.7750000
v 0.1125000 2.3500000 0.7750000
v -0.1125000 2.5000000 0.6250000
v -0.1125000 2.3500000 0.6250000
v -0.1125000 2.3500000 0.7750000
v -0.1125000 2.5000000 0.7750000
v 0.1125000 2.5000000 0.7750000
v 0.1125000 2.5000000 0.6250000
v -0.1125000 2.5000000 0.6250000
v -0.1125000 2.5000000 0.7750000
v -0.1125000 2.3500000 0.7750000
v -0.1125000 2.3500000 0.6250000
v 0.1125000 2.3500000 0.6250000
v 0.1125000 2.3500000 0.7750000
v 0.8360000 2.5000000 0.6250000
v 0.8610000 2.3500000 0.6250000
v 0.9437500 2.5000000 0.4250000
v 0.9437500 2.5000000 0.4250000
v 0.8610000 2.3500000 0.6250000
v 0.9720000 2.3500000 0.4250000
v 0.8360000 2.5000000 0.6250000
v 0.9437500 2.5000000 0.4250000
v -0.9437500 2.5000000 0.4250000
v -0.8360000 2.5000000 0.6250000
v 0.9720000 2.3500000 0.4250000
v 0.8610000 2.3500000 0.6250000
v -0.8610000 2.3500000 0.6250000
v -0.9720000 2.3500000 0.4250000
v -0.8610000 2.3500000 0.6250000
v -0.9437500 2.5000000 0.4250000
v -0.9720000 2.3500000 0.4250000
v -0.8610000 2.3500000 0.6250000
v -0.8360000 2.5000000 0.6250000
v -0.9437500 2.5000000 0.4250000
v 0.1750000 2.3500000 0.2750000
v 0.1750000 2.5000000 0.2750000
v 0.1750000 2.5000000 0.4250000
v 0.1750000 2.3500000 0.4250000
v -0.1750000 2.5000000 0.2750000
v -0.1750000 2.3500000 0.2750000
v -0.1750000 2.3500000 0.4250000
v -0.1750000 2.5000000 0.4250000
v 0.1750000 2.5000000 0.4250000
v 0.1750000 2.5000000 0.2750000
v -0.1750000 2.5000000 0.2750000
v -0.1750000 2.5000000 0.4250000
v -0.1750000 2.3500000 0.4250000
v -0.1750000 2.3500000 0.2750000
v 0.1750000 2.3500000 0.2750000
v 0.1750000 2.3500000 0.4250000
v 1.0230000 2.3500000 0.2750000
v 1.0555000 2.3500000 0.0750000
v 1.0250000 2.5000000 0.0750000
v 0.9932500 2.5000000 0.2750000
v 0.9932500 2.5000000 0.2750000
v 1.0250000 2.5000000 0.0750000
v -1.0250000 2.5000000 0.0750000
v -0.9932500 2.5000000 0.2750000
v 1.0555000 2.3500000 0.0750000
v 1.0230000 2.3500000 0.2750000
v -1.0230000 2.3500000 0.2750000
v -1.0555000 2.3500000 0.0750000
v -0.9932500 2.5000000 0.2750000
v -1.0250000 2.5000000 0.0750000
v -1.0555000 2.3500000 0.0750000
v -1.0230000 2.3500000 0.2750000
v 0.2375000 2.3500000 -0.0750000
v 0.2375000 2.5000000 -0.0750000
v 0.2375000 2.5000000 0.0750000
v 0.2375000 2.3500000 0.0750000
v -0.2375000 2.5000000 -0.0750000
v -0.2375000 2.3500000 -0.0750000
v -0.2375000 2.3500000 0.0750000
v -0.2375000 2.5000000 0.0750000
v 0.2375000 2.5000000 0.0750000
v 0.2375000 2.5000000 -0.0750000
v -0.2375000 2.5000000 -0.0750000
v -0.2375000 2.5000000 0.0750000
v -0.2375000 2.3500000 0.0750000
v -0.2375000 2.3500000 -0.0750000
v 0.2375000 2.3500000 -0.0750000
v 0.2375000 2.3500000 0.0750000
v 1.0555000 2.3500000 -0.0750000
v 1.0230000 2.3500000 -0.2750000
v 0.9932500 2.5000000 -0.2750000
v 1.0250000 2.5000000 -0.0750000
v 1.0250000 2.5000000 -0.0750000
v 0.9932500 2.5000000 -0.2750000
v -0.9932500 2.5000000 -0.2750000
v -1.0250000 2.5000000 -0.0750000
v 1.0230000 2.3500000 -0.2750000
v 1.0555000 2.3500000 -0.0750000
v -1.0555000 2.3500000 -0.0750000
v -1.0230000 2.3500000 -0.2750000
v -1.0250000 2.5000000 -0.0750000
v -0.9932500 2.5000000 -0.2750000
v -1.0230000 2.3500000 -0.2750000
v -1.0555000 2.3500000 -0.0750000
v 0.1750000 2.3500000 -0.4250000
v 0.1750000 2.5000000 -0.4250000
v 0.1750000 2.5000000 -0.2750000
v 0.1750000 2.3500000 -0.2750000
v -0.1750000 2.5000000 -0.4250000
v -0.1750000 2.3500000 -0.4250000
v -0.1750000 2.3500000 -0.2750000
v -0.1750000 2.5000000 -0.2750000
v 0.1750000 2.5000000 -0.2750000
v 0.1750000 2.5000000 -0.4250000
v -0.1750000 2.5000000 -0.4250000
v -0.1750000 2.5000000 -0.2750000
v -0.1750000 2.3500000 -0.2750000
v -0.1750000 2.3500000 -0.4250000
v 0.1750000 2.3500000 -0.4250000
v 0.1750000 2.3500000 -0.2750000
v 0.9437500 2.5000000 -0.4250000
v 0.8610000 2.3500000 -0.6250000
v 0.8360000 2.5000000 -0.6250000
v 0.9437500 2.5000000 -0.4250000
v 0.9720000 2.3500000 -0.4250000
v 0.8610000 2.3500000 -0.6250000
v 0.9437500 2.5000000 -0.4250000
v 0.8360000 2.5000000 -0.6250000
v -0.8360000 2.5000000 -0.6250000
v -0.9437500 2.5000000 -0.4250000
v 0.8610000 2.3500000 -0.6250000
v 0.9720000 2.3500000 -0.4250000
v -0.9720000 2.3500000 -0.4250000
v -0.8610000 2.3500000 -0.6250000
v -0.9720000 2.3500000 -0.4250000
v -0.9437500 2.5000000 -0.4250000
v -0.8610000 2.3500000 -0.6250000
v -0.8610000 2.3500000 -0.6250000
v -0.9437500 2.5000000 -0.4250000
v -0.8360000 2.5000000 -0.6250000
v 0.1125000 2.3500000 -0.7750000
v 0.1125000 2.5000000 -0.7750000
v 0.1125000 2.5000000 -0.6250000
v 0.1125000 2.3500000 -0.6250000
v -0.1125000 2.5000000 -0.7750000
v -0.1125000 2.3500000 -0.7750000
v -0.1125000 2.3500000 -0.6250000
v -0.1125000 2.5000000 -0.6250000
v 0.1125000 2.5000000 -0.6250000
v 0.1125000 2.5000000 -0.7750000
v -0.1125000 2.5000000 -0.7750000
v -0.1125000 2.5000000 -0.6250000
v -0.1125000 2.3500000 -0.6250000
v -0.1125000 2.3500000 -0.7750000
v 0.1125000 2.3500000 -0.7750000
v 0.1125000 2.3500000 -0.6250000
v 0.4327500 2.5000000 -0.9750000
v 0.0000000 2.5000000 -1.0275000
v 0.0000000 2.5000000 -0.9750000
v 0.0000000 2.3500000 -1.0582500
v 0.0000000 2.5000000 -1.0275000
v 0.4327500 2.5000000 -0.9750000
v 0.4457500 2.3500000 -0.9750000
v 0.0000000 2.3500000 -0.9750000
v 0.0000000 2.3500000 -1.0582500
v -0.4327500 2.5000000 -0.9750000
v 0.0000000 2.5000000 -0.9750000
v 0.0000000 2.5000000 -1.0275000
v 0.0000000 2.5000000 -1.0275000
v 0.0000000 2.3500000 -1.0582500
v -0.4327500 2.5000000 -0.9750000
v -0.4327500 2.5000000 -0.9750000
v 0.0000000 2.3500000 -1.0582500
v -0.4457500 2.3500000 -0.9750000
v 0.4457500 2.3500000 -0.9750000
v 0.0000000 2.3500000 -1.0582500
v 0.4327500 2.5000000 -0.9750000
v -0.4457500 2.3500000 -0.9750000
v 0.0000000 2.3500000 -1.0582500
v 0.0000000 2.3500000 -0.9750000
v 0.7120000 2.5000000 -0.7750000
v 0.4457500 2.3500000 -0.9750000
v 0.4327500 2.5000000 -0.9750000
v 0.7120000 2.5000000 -0.7750000
v 0.7332500 2.3500000 -0.7750000
v 0.4457500 2.3500000 -0.9750000
v 0.7120000 2.5000000 -0.7750000
v 0.4327500 2.5000000 -0.9750000
v -0.4327500 2.5000000 -0.9750000
v -0.7120000 2.5000000 -0.7750000
v 0.4457500 2.3500000 -0.9750000
v 0.7332500 2.3500000 -0.7750000
v -0.7332500 2.3500000 -0.7750000
v -0.4457500 2.3500000 -0.9750000
v -0.7332500 2.3500000 -0.7750000
v -0.7120000 2.5000000 -0.7750000
v -0.4457500 2.3500000 -0.9750000
v -0.4457500 2.3500000 -0.9750000
v -0.7120000 2.5000000 -0.7750000
v -0.4327500 2.5000000 -0.9750000
v 0.3840000 2.8000000 0.9120000
v 0.4125000 2.6500000 0.9750000
v 0.6320000 2.8000000 0.7750000
v 0.6320000 2.8000000 0.7750000
v 0.4125000 2.6500000 0.9750000
v 0.6790000 2.6500000 0.7750000
v 0.3840000 2.8000000 0.9120000
v 0.6320000 2.8000000 0.7750000
v -0.6320000 2.8000000 0.7750000
v -0.3840000 2.8000000 0.9120000
v 0.6790000 2.6500000 0.7750000
v 0.4125000 2.6500000 0.9750000
v -0.4125000 2.6500000 0.9750000
v -0.6790000 2.6500000 0.7750000
v -0.4125000 2.6500000 0.9750000
v -0.6320000 2.8000000 0.7750000
v -0.6790000 2.6500000 0.7750000
v -0.4125000 2.6500000 0.9750000
v -0.3840000 2.8000000 0.9120000
v -0.6320000 2.8000000 0.7750000
v 0.3840000 2.8000000 0.9120000
v 0.0000000 2.8000000 0.9120000
v 0.0000000 2.6500000 0.9797500
v 0.4125000 2.6500000 0.9750000
v 0.3840000 2.8000000 0.9120000
v 0.0000000 2.6500000 0.9797500
v 0.0000000 2.6500000 0.9750000
v 0.4125000 2.6500000 0.9750000
v 0.0000000 2.6500000 0.9797500
v -0.3840000 2.8000000 0.9120000
v -0.4125000 2.6500000 0.9750000
v 0.0000000 2.6500000 0.9797500
v 0.0000000 2.8000000 0.9120000
v -0.3840000 2.8000000 0.9120000
v 0.0000000 2.6500000 0.9797500
v 0.0000000 2.6500000 0.9797500
v 0.0000000 2.6500000 0.9750000
v -0.4125000 2.6500000 0.9750000
v 0.1125000 2.6500000 0.6250000
v 0.1125000 2.8000000 0.6250000
v 0.1125000 2.8000000 0.7750000
v 0.1125000 2.6500000 0.7750000
v -0.1125000 2.8000000 0.6250000
v -0.1125000 2.6500000 0.6250000
v -0.1125000 2.6500000 0.7750000
v -0.1125000 2.8000000 0.7750000
v 0.1125000 2.8000000 0.7750000
v 0.1125000 2.8000000 0.6250000
v -0.1125000 2.8000000 0.6250000
v -0.1125000 2.8000000 0.7750000
v -0.1125000 2.6500000 0.7750000
v -0.1125000 2.6500000 0.6250000
v 0.1125000 2.6500000 0.6250000
v 0.1125000 2.6500000 0.7750000
v 0.7970000 2.6500000 0.6250000
v 0.8377500 2.8000000 0.4250000
v 0.7420000 2.8000000 0.6250000
v 0.7970000 2.6500000 0.6250000
v 0.8997500 2.6500000 0.4250000
v 0.8377500 2.8000000 0.4250000
v 0.7420000 2.8000000 0.6250000
v 0.8377500 2.8000000 0.4250000
v -0.8377500 2.8000000 0.4250000
v -0.7420000 2.8000000 0.6250000
v 0.8997500 2.6500000 0.4250000
v 0.7970000 2.6500000 0.6250000
v -0.7970000 2.6500000 0.6250000
v -0.8997500 2.6500000 0.4250000
v -0.8377500 2.8000000 0.4250000
v -0.8997500 2.6500000 0.4250000
v -0.7970000 2.6500000 0.6250000
v -0.7420000 2.8000000 0.6250000
v -0.8377500 2.8000000 0.4250000
v -0.7970000 2.6500000 0.6250000
v 0.1750000 2.6500000 0.2750000
v 0.1750000 2.8000000 0.2750000
v 0.1750000 2.8000000 0.4250000
v 0.1750000 2.6500000 0.4250000
v -0.1750000 2.8000000 0.2750000
v -0.1750000 2.6500000 0.2750000
v -0.1750000 2.6500000 0.4250000
v -0.1750000 2.8000000 0.4250000
v 0.1750000 2.8000000 0.4250000
v 0.1750000 2.8000000 0.2750000
v -0.1750000 2.8000000 0.2750000
v -0.1750000 2.8000000 0.4250000
v -0.1750000 2.6500000 0.4250000
v -0.1750000 2.6500000 0.2750000
v 0.1750000 2.6500000 0.2750000
v 0.1750000 2.6500000 0.4250000
v 0.9470000 2.6500000 0.2750000
v 0.9772500 2.6500000 0.0750000
v 0.9097500 2.8000000 0.0750000
v 0.8817500 2.8000000 0.2750000
v 0.8817500 2.8000000 0.2750000
v 0.9097500 2.8000000 0.0750000
v -0.9097500 2.8000000 0.0750000
v -0.8817500 2.8000000 0.2750000
v 0.9772500 2.6500000 0.0750000
v 0.9470000 2.6500000 0.2750000
v -0.9470000 2.6500000 0.2750000
v -0.9772500 2.6500000 0.0750000
v -0.8817500 2.8000000 0.2750000
v -0.9097500 2.8000000 0.0750000
v -0.9772500 2.6500000 0.0750000
v -0.9470000 2.6500000 0.2750000
v 0.2375000 2.6500000 -0.0750000
v 0.2375000 2.8000000 -0.0750000
v 0.2375000 2.8000000 0.0750000
v 0.2375000 2.6500000 0.0750000
v -0.2375000 2.8000000 -0.0750000
v -0.2375000 2.6500000 -0.0750000
v -0.2375000 2.6500000 0.0750000
v -0.2375000 2.8000000 0.0750000
v 0.2375000 2.8000000 0.0750000
v 0.2375000 2.8000000 -0.0750000
v -0.2375000 2.8000000 -0.0750000
v -0.2375000 2.8000000 0.0750000
v -0.2375000 2.6500000 0.0750000
v -0.2375000 2.6500000 -0.0750000
v 0.2375000 2.6500000 -0.0750000
v 0.2375000 2.6500000 0.0750000
v 0.9772500 2.6500000 -0.0750000
v 0.9470000 2.6500000 -0.2750000
v 0.8817500 2.8000000 -0.2750000
v 0.9097500 2.8000000 -0.0750000
v 0.9097500 2.8000000 -0.0750000
v 0.8817500 2.8000000 -0.2750000
v -0.8817500 2.8000000 -0.2750000
v -0.9097500 2.8000000 -0.0750000
v 0.9470000 2.6500000 -0.2750000
v 0.9772500 2.6500000 -0.0750000
v -0.9772500 2.6500000 -0.0750000
v -0.9470000 2.6500000 -0.2750000
v -0.9097500 2.8000000 -0.0750000
v -0.8817500 2.8000000 -0.2750000
v -0.9470000 2.6500000 -0.2750000
v -0.9772500 2.6500000 -0.0750000
v 0.1750000 2.6500000 -0.4250000
v 0.1750000 2.8000000 -0.4250000
v 0.1750000 2.8000000 -0.2750000
v 0.1750000 2.6500000 -0.2750000
v -0.1750000 2.8000000 -0.4250000
v -0.1750000 2.6500000 -0.4250000
v -0.1750000 2.6500000 -0.2750000
v -0.1750000 2.8000000 -0.2750000
v 0.1750000 2.8000000 -0.2750000
v 0.1750000 2.8000000 -0.4250000
v -0.1750000 2.8000000 -0.4250000
v -0.1750000 2.8000000 -0.2750000
v -0.1750000 2.6500000 -0.2750000
v -0.1750000 2.6500000 -0.4250000
v 0.1750000 2.6500000 -0.4250000
v 0.1750000 2.6500000 -0.2750000
v 0.7970000 2.6500000 -0.6250000
v 0.7420000 2.8000000 -0.6250000
v 0.8377500 2.8000000 -0.4250000
v 0.8997500 2.6500000 -0.4250000
v 0.7970000 2.6500000 -0.6250000
v 0.8377500 2.8000000 -0.4250000
v 0.8377500 2.8000000 -0.4250000
v 0.7420000 2.8000000 -0.6250000
v -0.7420000 2.8000000 -0.6250000
v -0.8377500 2.8000000 -0.4250000
v 0.7970000 2.6500000 -0.6250000
v 0.8997500 2.6500000 -0.4250000
v -0.8997500 2.6500000 -0.4250000
v -0.7970000 2.6500000 -0.6250000
v -0.8377500 2.8000000 -0.4250000
v -0.7970000 2.6500000 -0.6250000
v -0.8997500 2.6500000 -0.4250000
v -0.8377500 2.8000000 -0.4250000
v -0.7420000 2.8000000 -0.6250000
v -0.7970000 2.6500000 -0.6250000
v 0.1125000 2.6500000 -0.7750000
v 0.1125000 2.8000000 -0.7750000
v 0.1125000 2.8000000 -0.6250000
v 0.1125000 2.6500000 -0.6250000
v -0.1125000 2.8000000 -0.7750000
v -0.1125000 2.6500000 -0.7750000
v -0.1125000 2.6500000 -0.6250000
v -0.1125000 2.8000000 -0.6250000
v 0.1125000 2.8000000 -0.6250000
v 0.1125000 2.8000000 -0.7750000
v -0.1125000 2.8000000 -0.7750000
v -0.1125000 2.8000000 -0.6250000
v -0.1125000 2.6500000 -0.6250000
v -0.1125000 2.6500000 -0.7750000
v 0.1125000 2.6500000 -0.7750000
v 0.1125000 2.6500000 -0.6250000
v 0.0000000 2.6500000 -0.9797500
v 0.3840000 2.8000000 -0.9120000
v 0.4125000 2.6500000 -0.9750000
v 0.0000000 2.6500000 -0.9797500
v 0.0000000 2.8000000 -0.9120000
v 0.3840000 2.8000000 -0.9120000
v 0.4125000 2.6500000 -0.9750000
v 0.0000000 2.6500000 -0.9797500
v 0.0000000 2.6500000 -0.9750000
v -0.3840000 2.8000000 -0.9120000
v 0.0000000 2.8000000 -0.9120000
v 0.0000000 2.6500000 -0.9797500
v -0.4125000 2.6500000 -0.9750000
v -0.3840000 2.8000000 -0.9120000
v 0.0000000 2.6500000 -0.9797500
v 0.0000000 2.6500000 -0.9750000
v -0.4125000 2.6500000 -0.9750000
v 0.0000000 2.6500000 -0.9797500
v 0.3840000 2.8000000 -0.9120000
v 0.6320000 2.8000000 -0.7750000
v 0.4125000 2.6500000 -0.9750000
v 0.4125000 2.6500000 -0.9750000
v 0.6320000 2.8000000 -0.7750000
v 0.6790000 2.6500000 -0.7750000
v 0.6320000 2.8000000 -0.7750000
v 0.3840000 2.8000000 -0.9120000
v -0.3840000 2.8000000 -0.9120000
v -0.6320000 2.8000000 -0.7750000
v 0.4125000 2.6500000 -0.9750000
v 0.6790000 2.6500000 -0.7750000
v -0.6790000 2.6500000 -0.7750000
v -0.4125000 2.6500000 -0.9750000
v -0.4125000 2.6500000 -0.9750000
v -0.6790000 2.6500000 -0.7750000
v -0.6320000 2.8000000 -0.7750000
v -0.3840000 2.8000000 -0.9120000
v -0.4125000 2.6500000 -0.9750000
v -0.6320000 2.8000000 -0.7750000
v 0.6362500 3.1000000 0.4250000
v 0.5635000 3.1000000 0.6250000
v 0.6667500 2.9500000 0.6250000
v 0.7527500 2.9500000 0.4250000
v 0.6362500 3.1000000 0.4250000
v 0.6667500 2.9500000 0.6250000
v 0.5635000 3.1000000 0.6250000
v 0.6362500 3.1000000 0.4250000
v -0.6362500 3.1000000 0.4250000
v -0.5635000 3.1000000 0.6250000
v 0.7527500 2.9500000 0.4250000
v 0.6667500 2.9500000 0.6250000
v -0.6667500 2.9500000 0.6250000
v -0.7527500 2.9500000 0.4250000
v -0.7527500 2.9500000 0.4250000
v -0.6667500 2.9500000 0.6250000
v -0.6362500 3.1000000 0.4250000
v -0.6362500 3.1000000 0.4250000
v -0.6667500 2.9500000 0.6250000
v -0.5635000 3.1000000 0.6250000
v 0.1750000 2.9500000 0.2750000
v 0.1750000 3.1000000 0.2750000
v 0.1750000 3.1000000 0.4250000
v 0.1750000 2.9500000 0.4250000
v -0.1750000 3.1000000 0.2750000
v -0.1750000 2.9500000 0.2750000
v -0.1750000 2.9500000 0.4250000
v -0.1750000 3.1000000 0.4250000
v 0.1750000 3.1000000 0.4250000
v 0.1750000 3.1000000 0.2750000
v -0.1750000 3.1000000 0.2750000
v -0.1750000 3.1000000 0.4250000
v -0.1750000 2.9500000 0.4250000
v -0.1750000 2.9500000 0.2750000
v 0.1750000 2.9500000 0.2750000
v 0.1750000 2.9500000 0.4250000
v 0.6910000 3.1000000 0.0750000
v 0.6697500 3.1000000 0.2750000
v 0.7922500 2.9500000 0.2750000
v 0.8177500 2.9500000 0.0750000
v 0.6910000 3.1000000 0.0750000
v 0.7922500 2.9500000 0.2750000
v 0.6697500 3.1000000 0.2750000
v 0.6910000 3.1000000 0.0750000
v -0.6910000 3.1000000 0.0750000
v -0.6697500 3.1000000 0.2750000
v 0.8177500 2.9500000 0.0750000
v 0.7922500 2.9500000 0.2750000
v -0.7922500 2.9500000 0.2750000
v -0.8177500 2.9500000 0.0750000
v -0.8177500 2.9500000 0.0750000
v -0.7922500 2.9500000 0.2750000
v -0.6910000 3.1000000 0.0750000
v -0.6910000 3.1000000 0.0750000
v -0.7922500 2.9500000 0.2750000
v -0.6697500 3.1000000 0.2750000
v 0.2375000 2.9500000 -0.0750000
v 0.2375000 3.1000000 -0.0750000
v 0.2375000 3.1000000 0.0750000
v 0.2375000 2.9500000 0.0750000
v -0.2375000 3.1000000 -0.0750000
v -0.2375000 2.9500000 -0.0750000
v -0.2375000 2.9500000 0.0750000
v -0.2375000 3.1000000 0.0750000
v 0.2375000 3.1000000 0.0750000
v 0.2375000 3.1000000 -0.0750000
v -0.2375000 3.1000000 -0.0750000
v -0.2375000 3.1000000 0.0750000
v -0.2375000 2.9500000 0.0750000
v -0.2375000 2.9500000 -0.0750000
v 0.2375000 2.9500000 -0.0750000
v 0.2375000 2.9500000 0.0750000
v 0.6697500 3.1000000 -0.2750000
v 0.6910000 3.1000000 -0.0750000
v 0.7922500 2.9500000 -0.2750000
v 0.7922500 2.9500000 -0.2750000
v 0.6910000 3.1000000 -0.0750000
v 0.8177500 2.9500000 -0.0750000
v 0.6910000 3.1000000 -0.0750000
v 0.6697500 3.1000000 -0.2750000
v -0.6697500 3.1000000 -0.2750000
v -0.6910000 3.1000000 -0.0750000
v 0.7922500 2.9500000 -0.2750000
v 0.8177500 2.9500000 -0.0750000
v -0.8177500 2.9500000 -0.0750000
v -0.7922500 2.9500000 -0.2750000
v -0.7922500 2.9500000 -0.2750000
v -0.8177500 2.9500000 -0.0750000
v -0.6910000 3.1000000 -0.0750000
v -0.6697500 3.1000000 -0.2750000
v -0.7922500 2.9500000 -0.2750000
v -0.6910000 3.1000000 -0.0750000
v -0.0875000 3.1000000 -0.6927500
v -0.0875000 3.1000000 -0.6250000
v 0.0875000 3.1000000 -0.6250000
v 0.0875000 3.1000000 -0.6927500
v 0.0875000 2.9500000 -0.8195000
v 0.0875000 2.9500000 -0.6250000
v -0.0875000 2.9500000 -0.6250000
v -0.0875000 2.9500000 -0.8195000
v 0.0875000 3.1000000 -0.6927500
v 0.0875000 3.1000000 -0.6250000
v 0.0875000 2.9500000 -0.6250000
v 0.0875000 2.9500000 -0.8195000
v -0.0875000 3.1000000 -0.6250000
v -0.0875000 3.1000000 -0.6927500
v -0.0875000 2.9500000 -0.8195000
v -0.0875000 2.9500000 -0.6250000
v -0.0875000 3.1000000 -0.6927500
v 0.0875000 3.1000000 -0.6927500
v 0.0875000 2.9500000 -0.8195000
v -0.0875000 2.9500000 -0.8195000
v 0.0875000 3.1000000 0.6927500
v 0.0875000 3.1000000 0.6250000
v -0.0875000 3.1000000 0.6250000
v -0.0875000 3.1000000 0.6927500
v -0.0875000 2.9500000 0.8195000
v -0.0875000 2.9500000 0.6250000
v 0.0875000 2.9500000 0.6250000
v 0.0875000 2.9500000 0.8195000
v 0.0875000 2.9500000 0.8195000
v 0.0875000 2.9500000 0.6250000
v 0.0875000 3.1000000 0.6250000
v 0.0875000 3.1000000 0.6927500
v -0.0875000 2.9500000 0.6250000
v -0.0875000 2.9500000 0.8195000
v -0.0875000 3.1000000 0.6927500
v -0.0875000 3.1000000 0.6250000
v -0.0875000 2.9500000 0.8195000
v 0.0875000 2.9500000 0.8195000
v 0.0875000 3.1000000 0.6927500
v -0.0875000 3.1000000 0.6927500
v 0.1750000 2.9500000 -0.4250000
v 0.1750000 3.1000000 -0.4250000
v 0.1750000 3.1000000 -0.2750000
v 0.1750000 2.9500000 -0.2750000
v -0.1750000 3.1000000 -0.4250000
v -0.1750000 2.9500000 -0.4250000
v -0.1750000 2.9500000 -0.2750000
v -0.1750000 3.1000000 -0.2750000
v 0.1750000 3.1000000 -0.2750000
v 0.1750000 3.1000000 -0.4250000
v -0.1750000 3.1000000 -0.4250000
v -0.1750000 3.1000000 -0.2750000
v -0.1750000 2.9500000 -0.2750000
v -0.1750000 2.9500000 -0.4250000
v 0.1750000 2.9500000 -0.4250000
v 0.1750000 2.9500000 -0.2750000
v 0.5635000 3.1000000 -0.6250000
v 0.6362500 3.1000000 -0.4250000
v 0.6667500 2.9500000 -0.6250000
v 0.6667500 2.9500000 -0.6250000
v 0.6362500 3.1000000 -0.4250000
v 0.7527500 2.9500000 -0.4250000
v 0.6362500 3.1000000 -0.4250000
v 0.5635000 3.1000000 -0.6250000
v -0.5635000 3.1000000 -0.6250000
v -0.6362500 3.1000000 -0.4250000
v 0.6667500 2.9500000 -0.6250000
v 0.7527500 2.9500000 -0.4250000
v -0.7527500 2.9500000 -0.4250000
v -0.6667500 2.9500000 -0.6250000
v -0.6667500 2.9500000 -0.6250000
v -0.7527500 2.9500000 -0.4250000
v -0.6362500 3.1000000 -0.4250000
v -0.5635000 3.1000000 -0.6250000
v -0.6667500 2.9500000 -0.6250000
v -0.6362500 3.1000000 -0.4250000
v 0.1500000 3.3970000 0.0750000
v 0.0875000 3.3575000 0.2750000
v 0.4890000 3.2500000 0.2750000
v 0.5047500 3.2500000 0.0750000
v 0.1500000 3.3970000 0.0750000
v 0.4890000 3.2500000 0.2750000
v 0.0875000 3.3575000 0.2750000
v 0.1500000 3.3970000 0.0750000
v -0.1500000 3.3970000 0.0750000
v -0.0875000 3.3575000 0.2750000
v 0.5047500 3.2500000 0.0750000
v 0.4890000 3.2500000 0.2750000
v -0.4890000 3.2500000 0.2750000
v -0.5047500 3.2500000 0.0750000
v -0.5047500 3.2500000 0.0750000
v -0.4890000 3.2500000 0.2750000
v -0.1500000 3.3970000 0.0750000
v -0.1500000 3.3970000 0.0750000
v -0.4890000 3.2500000 0.2750000
v -0.0875000 3.3575000 0.2750000
v 0.0875000 3.2500000 -0.5060000
v 0.0875000 3.2500000 -0.2750000
v -0.0875000 3.2500000 -0.2750000
v -0.0875000 3.2500000 -0.5060000
v 0.0875000 3.3575000 -0.2750000
v 0.0875000 3.2500000 -0.2750000
v 0.0875000 3.2500000 -0.5060000
v -0.0875000 3.3575000 -0.2750000
v -0.0875000 3.2500000 -0.5060000
v -0.0875000 3.2500000 -0.2750000
v -0.0875000 3.3575000 -0.2750000
v 0.0875000 3.3575000 -0.2750000
v 0.0875000 3.2500000 -0.5060000
v -0.0875000 3.2500000 -0.5060000
v -0.0875000 3.2500000 0.5060000
v -0.0875000 3.2500000 0.2750000
v 0.0875000 3.2500000 0.2750000
v 0.0875000 3.2500000 0.5060000
v 0.0875000 3.2500000 0.5060000
v 0.0875000 3.2500000 0.2750000
v 0.0875000 3.3575000 0.2750000
v -0.0875000 3.2500000 0.2750000
v -0.0875000 3.2500000 0.5060000
v -0.0875000 3.3575000 0.2750000
v -0.0875000 3.2500000 0.5060000
v 0.0875000 3.2500000 0.5060000
v 0.0875000 3.3575000 0.2750000
v -0.0875000 3.3575000 0.2750000
v 0.1500000 3.2500000 -0.0750000
v 0.1500000 3.3970000 -0.0750000
v 0.1500000 3.3970000 0.0750000
v 0.1500000 3.2500000 0.0750000
v -0.1500000 3.3970000 -0.0750000
v -0.1500000 3.2500000 -0.0750000
v -0.1500000 3.2500000 0.0750000
v -0.1500000 3.3970000 0.0750000
v 0.1500000 3.3970000 0.0750000
v 0.1500000 3.3970000 -0.0750000
v -0.1500000 3.3970000 -0.0750000
v -0.1500000 3.3970000 0.0750000
v -0.1500000 3.2500000 0.0750000
v -0.1500000 3.2500000 -0.0750000
v 0.1500000 3.2500000 -0.0750000
v 0.1500000 3.2500000 0.0750000
v 0.0875000 3.3575000 -0.2750000
v 0.1500000 3.3970000 -0.0750000
v 0.4890000 3.2500000 -0.2750000
v 0.4890000 3.2500000 -0.2750000
v 0.1500000 3.3970000 -0.0750000
v 0.5047500 3.2500000 -0.0750000
v 0.1500000 3.3970000 -0.0750000
v 0.0875000 3.3575000 -0.2750000
v -0.0875000 3.3575000 -0.2750000
v -0.1500000 3.3970000 -0.0750000
v 0.4890000 3.2500000 -0.2750000
v 0.5047500 3.2500000 -0.0750000
v -0.5047500 3.2500000 -0.0750000
v -0.4890000 3.2500000 -0.2750000
v -0.4890000 3.2500000 -0.2750000
v -0.5047500 3.2500000 -0.0750000
v -0.1500000 3.3970000 -0.0750000
v -0.0875000 3.3575000 -0.2750000
v -0.4890000 3.2500000 -0.2750000
v -0.1500000 3.3970000 -0.0750000
s off
f 1 2 3
f 4 5 6
f 4 6 7
f 8 9 10
f 8 10 11
f 12 13 14
f 12 14 15
f 16 17 18
f 16 18 19
f 20 21 22
f 20 22 23
f 24 25 26
f 24 26 27
f 28 29 30
f 28 30 31
f 32 33 34
f 35 36 37
f 38 39 40
f 38 40 41
f 42 43 44
f 42 44 45
f 46 47 48
f 46 48 49
f 50 51 52
f 50 52 53
f 54 55 56
f 54 56 57
f 58 59 60
f 58 60 61
f 62 63 64
f 62 64 65
f 66 67 68
f 66 68 69
f 70 71 72
f 70 72 73
f 74 75 76
f 74 76 77
f 78 79 80
f 78 80 81
f 82 83 84
f 82 84 85
f 86 87 88
f 86 88 89
f 90 91 92
f 90 92 93
f 94 95 96
f 94 96 97
f 98 99 100
f 98 100 101
f 102 103 104
f 102 104 105
f 106 107 108
f 106 108 109
f 110 111 112
f 110 112 113
f 114 115 116
f 114 116 117
f 118 119 120
f 118 120 121
f 122 123 124
f 122 124 125
f 126 127 128
f 126 128 129
f 130 131 132
f 130 132 133
f 134 135 136
f 134 136 137
f 138 139 140
f 138 140 141
f 142 143 144
f 145 146 147
f 145 147 148
f 149 150 151
f 149 151 152
f 153 154 155
f 153 155 156
f 157 158 159
f 157 159 160
f 161 162 163
f 161 163 164
f 165 166 167
f 165 167 168
f 169 170 171
f 169 171 172
f 173 174 175
f 176 177 178
f 179 180 181
f 179 181 182
f 183 184 185
f 183 185 186
f 187 188 189
f 187 189 190
f 191 192 193
f 191 193 194
f 195 196 197
f 195 197 198
f 199 200 201
f 199 201 202
f 203 204 205
f 203 205 206
f 207 208 209
f 207 209 210
f 211 212 213
f 211 213 214
f 215 216 217
f 215 217 218
f 219 220 221
f 219 221 222
f 223 224 225
f 223 225 226
f 227 228 229
f 227 229 230
f 231 232 233
f 231 233 234
f 235 236 237
f 235 237 238
f 239 240 241
f 239 241 242
f 243 244 245
f 243 245 246
f 247 248 249
f 247 249 250
f 251 252 253
f 251 253 254
f 255 256 257
f 255 257 258
f 259 260 261
f 259 261 262
f 263 264 265
f 263 265 266
f 267 268 269
f 267 269 270
f 271 272 273
f 271 273 274
f 275 276 277
f 275 277 278
f 279 280 281
f 279 281 282
f 283 284 285
f 286 287 288
f 286 288 289
f 290 291 292
f 290 292 293
f 294 295 296
f 294 296 297
f 298 299 300
f 298 300 301
f 302 303 304
f 302 304 305
f 306 307 308
f 306 308 309
f 310 311 312
f 310 312 313
f 314 315 316
f 317 318 319
f 320 321 322
f 320 322 323
f 324 325 326
f 324 326 327
f 328 329 330
f 328 330 331
f 332 333 334
f 332 334 335
f 336 337 338
f 336 338 339
f 340 341 342
f 340 342 343
f 344 345 346
f 344 346 347
f 348 349 350
f 348 350 351
f 352 353 354
f 352 354 355
f 356 357 358
f 356 358 359
f 360 361 362
f 360 362 363
f 364 365 366
f 364 366 367
f 368 369 370
f 368 370 371
f 372 373 374
f 372 374 375
f 376 377 378
f 376 378 379
f 380 381 382
f 380 382 383
f 384 385 386
f 384 386 387
f 388 389 390
f 388 390 391
f 392 393 394
f 392 394 395
f 396 397 398
f 396 398 399
f 400 401 402
f 400 402 403
f 404 405 406
f 404 406 407
f 408 409 410
f 408 410 411
f 412 413 414
f 412 414 415
f 416 417 418
f 416 418 419
f 420 421 422
f 420 422 423
f 424 425 426
f 427 428 429
f 430 431 432
f 433 434 435
f 436 437 438
f 439 440 441
f 439 441 442
f 443 444 445
f 443 445 446
f 447 448 449
f 447 449 450
f 451 452 453
f 451 453 454
f 455 456 457
f 455 457 458
f 459 460 461
f 459 461 462
f 463 464 465
f 463 465 466
f 467 468 469
f 470 471 472
f 473 474 475
f 473 475 476
f 477 478 479
f 477 479 480
f 481 482 483
f 481 483 484
f 485 486 487
f 485 487 488
f 489 490 491
f 489 491 492
f 493 494 495
f 493 495 496
f 497 498 499
f 497 499 500
f 501 502 503
f 501 503 504
f 505 506 507
f 505 507 508
f 509 510 511
f 509 511 512
f 513 514 515
f 513 515 516
f 517 518 519
f 517 519 520
f 521 522 523
f 521 523 524
f 525 526 527
f 525 527 528
f 529 530 531
f 529 531 532
f 533 534 535
f 533 535 536
f 537 538 539
f 537 539 540
f 541 542 543
f 541 543 544
f 545 546 547
f 545 547 548
f 549 550 551
f 549 551 552
f 553 554 555
f 553 555 556
f 557 558 559
f 557 559 560
f 561 562 563
f 561 563 564
f 565 566 567
f 565 567 568
f 569 570 571
f 569 571 572
f 573 574 575
f 573 575 576
f 577 578 579
f 577 579 580
f 581 582 583
f 581 583 584
f 585 586 587
f 585 587 588
f 589 590 591
f 589 591 592
f 593 594 595
f 593 595 596
f 597 598 599
f 597 599 600
f 601 602 603
f 601 603 604
f 605 606 607
f 605 607 608
f 609 610 611
f 609 611 612
f 613 614 615
f 613 615 616
f 617 618 619
f 617 619 620
f 621 622 623
f 621 623 624
f 625 626 627
f 625 627 628
f 629 630 631
f 629 631 632
f 633 634 635
f 633 635 636
f 637 638 639
f 637 639 640
f 641 642 643
f 641 643 644
f 645 646 647
f 645 647 648
f 649 650 651
f 649 651 652
f 653 654 655
f 653 655 656
f 657 658 659
f 657 659 660
f 661 662 663
f 661 663 664
f 665 666 667
f 665 667 668
f 669 670 671
f 669 671 672
f 673 674 675
f 673 675 676
f 677 678 679
f 677 679 680
f 681 682 683
f 681 683 684
f 685 686 687
f 685 687 688
f 689 690 691
f 689 691 692
f 693 694 695
f 693 695 696
f 697 698 699
f 697 699 700
f 701 702 703
f 701 703 704
f 705 706 707
f 705 707 708
f 709 710 711
f 709 711 712
f 713 714 715
f 713 715 716
f 717 718 719
f 717 719 720
f 721 722 723
f 721 723 724
f 725 726 727
f 725 727 728
f 729 730 731
f 729 731 732
f 733 734 735
f 733 735 736
f 737 738 739
f 737 739 740
f 741 742 743
f 741 743 744
f 745 746 747
f 745 747 748
f 749 750 751
f 749 751 752
f 753 754 755
f 753 755 756
f 757 758 759
f 757 759 760
f 761 762 763
f 761 763 764
f 765 766 767
f 765 767 768
f 769 770 771
f 769 771 772
f 773 774 775
f 773 775 776
f 777 778 779
f 777 779 780
f 781 782 783
f 781 783 784
f 785 786 787
f 785 787 788
f 789 790 791
f 789 791 792
f 793 794 795
f 793 795 796
f 797 798 799
f 797 799 800
f 801 802 803
f 801 803 804
f 805 806 807
f 805 807 808
f 809 810 811
f 809 811 812
f 813 814 815
f 813 815 816
f 817 818 819
f 817 819 820
f 821 822 823
f 821 823 824
f 825 826 827
f 825 827 828
f 829 830 831
f 829 831 832
f 833 834 835
f 836 837 838
f 839 840 841
f 842 843 844
f 845 846 847
f 848 849 850
f 851 852 853
f 854 855 856
f 857 858 859
f 860 861 862
f 863 864 865
f 866 867 868
f 869 870 871
f 872 873 874
f 875 876 877
f 878 879 880
f 881 882 883
f 881 883 884
f 885 886 887
f 885 887 888
f 889 890 891
f 889 891 892
f 893 894 895
f 893 895 896
f 897 898 899
f 897 899 900
f 901 902 903
f 901 903 904
f 905 906 907
f 905 907 908
f 909 910 911
f 909 911 912
f 913 914 915
f 913 915 916
f 917 918 919
f 917 919 920
f 921 922 923
f 921 923 924
f 925 926 927
f 925 927 928
f 929 930 931
f 929 931 932
f 933 934 935
f 933 935 936
f 937 938 939
f 937 939 940
f 941 942 943
f 941 943 944
f 945 946 947
f 945 947 948
f 949 950 951
f 949 951 952
f 953 954 955
f 953 955 956
f 957 958 959
f 957 959 960
f 961 962 963
f 961 963 964
f 965 966 967
f 965 967 968
f 969 970 971
f 969 971 972
f 973 974 975
f 973 975 976
f 977 978 979
f 977 979 980
f 981 982 983
f 981 983 984
f 985 986 987
f 985 987 988
f 989 990 991
f 989 991 992
f 993 994 995
f 993 995 996
f 997 998 999
f 997 999 1000
f 1001 1002 1003
f 1001 1003 1004
f 1005 1006 1007
f 1005 1007 1008
f 1009 1010 1011
f 1009 1011 1012
f 1013 1014 1015
f 1013 1015 1016
f 1017 1018 1019
f 1017 1019 1020
f 1021 1022 1023
f 1021 1023 1024
f 1025 1026 1027
f 1025 1027 1028
f 1029 1030 1031
f 1029 1031 1032
f 1033 1034 1035
f 1033 1035 1036
f 1037 1038 1039
f 1037 1039 1040
f 1041 1042 1043
f 1041 1043 1044
f 1045 1046 1047
f 1045 1047 1048
f 1049 1050 1051
f 1049 1051 1052
f 1053 1054 1055
f 1053 1055 1056
f 1057 1058 1059
f 1057 1059 1060
f 1061 1062 1063
f 1061 1063 1064
f 1065 1066 1067
f 1065 1067 1068
f 1069 1070 1071
f 1069 1071 1072
f 1073 1074 1075
f 1073 1075 1076
f 1077 1078 1079
f 1077 1079 1080
f 1081 1082 1083
f 1081 1083 1084
f 1085 1086 1087
f 1085 1087 1088
f 1089 1090 1091
f 1089 1091 1092
f 1093 1094 1095
f 1093 1095 1096
f 1097 1098 1099
f 1097 1099 1100
f 1101 1102 1103
f 1101 1103 1104
f 1105 1106 1107
f 1105 1107 1108
f 1109 1110 1111
f 1109 1111 1112
f 1113 1114 1115
f 1113 1115 1116
f 1117 1118 1119
f 1117 1119 1120
f 1121 1122 1123
f 1121 1123 1124
f 1125 1126 1127
f 1125 1127 1128
f 1129 1130 1131
f 1129 1131 1132
f 1133 1134 1135
f 1133 1135 1136
f 1137 1138 1139
f 1137 1139 1140
f 1141 1142 1143
f 1141 1143 1144
f 1145 1146 1147
f 1145 1147 1148
f 1149 1150 1151
f 1149 1151 1152
f 1153 1154 1155
f 1153 1155 1156
f 1157 1158 1159
f 1157 1159 1160
f 1161 1162 1163
f 1161 1163 1164
f 1165 1166 1167
f 1165 1167 1168
f 1169 1170 1171
f 1169 1171 1172
f 1173 1174 1175
f 1173 1175 1176
f 1177 1178 1179
f 1177 1179 1180
f 1181 1182 1183
f 1181 1183 1184
f 1185 1186 1187
f 1185 1187 1188
f 1189 1190 1191
f 1189 1191 1192
f 1193 1194 1195
f 1193 1195 1196
f 1197 1198 1199
f 1197 1199 1200
f 1201 1202 1203
f 1201 1203 1204
f 1205 1206 1207
f 1205 1207 1208
f 1209 1210 1211
f 1209 1211 1212
f 1213 1214 1215
f 1213 1215 1216
f 1217 1218 1219
f 1217 1219 1220
f 1221 1222 1223
f 1221 1223 1224
f 1225 1226 1227
f 1225 1227 1228
f 1229 1230 1231
f 1229 1231 1232
f 1233 1234 1235
f 1233 1235 1236
f 1237 1238 1239
f 1237 1239 1240
f 1241 1242 1243
f 1241 1243 1244
f 1245 1246 1247
f 1245 1247 1248
f 1249 1250 1251
f 1249 1251 1252
f 1253 1254 1255
f 1253 1255 1256
f 1257 1258 1259
f 1257 1259 1260
f 1261 1262 1263
f 1261 1263 1264
f 1265 1266 1267
f 1265 1267 1268
f 1269 1270 1271
f 1269 1271 1272
f 1273 1274 1275
f 1273 1275 1276
f 1277 1278 1279
f 1277 1279 1280
f 1281 1282 1283
f 1281 1283 1284
f 1285 1286 1287
f 1285 1287 1288
f 1289 1290 1291
f 1289 1291 1292
f 1293 1294 1295
f 1293 1295 1296
f 1297 1298 1299
f 1297 1299 1300
f 1301 1302 1303
f 1301 1303 1304
f 1305 1306 1307
f 1305 1307 1308
f 1309 1310 1311
f 1309 1311 1312
f 1313 1314 1315
f 1313 1315 1316
f 1317 1318 1319
f 1317 1319 1320
f 1321 1322 1323
f 1321 1323 1324
f 1325 1326 1327
f 1325 1327 1328
f 1329 1330 1331
f 1329 1331 1332
f 1333 1334 1335
f 1333 1335 1336
f 1337 1338 1339
f 1337 1339 1340
f 1341 1342 1343
f 1341 1343 1344
f 1345 1346 1347
f 1345 1347 1348
f 1349 1350 1351
f 1349 1351 1352
f 1353 1354 1355
f 1353 1355 1356
f 1357 1358 1359
f 1357 1359 1360
f 1361 1362 1363
f 1361 1363 1364
f 1365 1366 1367
f 1365 1367 1368
f 1369 1370 1371
f 1369 1371 1372
f 1373 1374 1375
f 1373 1375 1376
f 1377 1378 1379
f 1377 1379 1380
f 1381 1382 1383
f 1381 1383 1384
f 1385 1386 1387
f 1385 1387 1388
f 1389 1390 1391
f 1389 1391 1392
f 1393 1394 1395
f 1393 1395 1396
f 1397 1398 1399
f 1397 1399 1400
f 1401 1402 1403
f 1401 1403 1404
f 1405 1406 1407
f 1405 1407 1408
f 1409 1410 1411
f 1409 1411 1412
f 1413 1414 1415
f 1413 1415 1416
f 1417 1418 1419
f 1417 1419 1420
f 1421 1422 1423
f 1421 1423 1424
f 1425 1426 1427
f 1425 1427 1428
f 1429 1430 1431
f 1429 1431 1432
f 1433 1434 1435
f 1433 1435 1436
f 1437 1438 1439
f 1437 1439 1440
f 1441 1442 1443
f 1441 1443 1444
f 1445 1446 1447
f 1445 1447 1448
f 1449 1450 1451
f 1449 1451 1452
f 1453 1454 1455
f 1453 1455 1456
f 1457 1458 1459
f 1457 1459 1460
f 1461 1462 1463
f 1461 1463 1464
f 1465 1466 1467
f 1465 1467 1468
f 1469 1470 1471
f 1469 1471 1472
f 1473 1474 1475
f 1473 1475 1476
f 1477 1478 1479
f 1477 1479 1480
f 1481 1482 1483
f 1481 1483 1484
f 1485 1486 1487
f 1485 1487 1488
f 1489 1490 1491
f 1489 1491 1492
f 1493 1494 1495
f 1493 1495 1496
f 1497 1498 1499
f 1497 1499 1500
f 1501 1502 1503
f 1501 1503 1504
f 1505 1506 1507
f 1505 1507 1508
f 1509 1510 1511
f 1509 1511 1512
f 1513 1514 1515
f 1513 1515 1516
f 1517 1518 1519
f 1517 1519 1520
f 1521 1522 1523
f 1521 1523 1524
f 1525 1526 1527
f 1525 1527 1528
f 1529 1530 1531
f 1529 1531 1532
f 1533 1534 1535
f 1533 1535 1536
f 1537 1538 1539
f 1537 1539 1540
f 1541 1542 1543
f 1541 1543 1544
f 1545 1546 1547
f 1545 1547 1548
f 1549 1550 1551
f 1549 1551 1552
f 1553 1554 1555
f 1553 1555 1556
f 1557 1558 1559
f 1557 1559 1560
f 1561 1562 1563
f 1561 1563 1564
f 1565 1566 1567
f 1565 1567 1568
f 1569 1570 1571
f 1569 1571 1572
f 1573 1574 1575
f 1573 1575 1576
f 1577 1578 1579
f 1577 1579 1580
f 1581 1582 1583
f 1581 1583 1584
f 1585 1586 1587
f 1585 1587 1588
f 1589 1590 1591
f 1589 1591 1592
f 1593 1594 1595
f 1593 1595 1596
f 1597 1598 1599
f 1597 1599 1600
f 1601 1602 1603
f 1601 1603 1604
f 1605 1606 1607
f 1605 1607 1608
f 1609 1610 1611
f 1609 1611 1612
f 1613 1614 1615
f 1613 1615 1616
f 1617 1618 1619
f 1617 1619 1620
f 1621 1622 1623
f 1621 1623 1624
f 1625 1626 1627
f 1625 1627 1628
f 1629 1630 1631
f 1629 1631 1632
f 1633 1634 1635
f 1633 1635 1636
f 1637 1638 1639
f 1637 1639 1640
f 1641 1642 1643
f 1641 1643 1644
f 1645 1646 1647
f 1645 1647 1648
f 1649 1650 1651
f 1649 1651 1652
f 1653 1654 1655
f 1653 1655 1656
f 1657 1658 1659
f 1657 1659 1660
f 1661 1662 1663
f 1661 1663 1664
f 1665 1666 1667
f 1665 1667 1668
f 1669 1670 1671
f 1669 1671 1672
f 1673 1674 1675
f 1673 1675 1676
f 1677 1678 1679
f 1677 1679 1680
f 1681 1682 1683
f 1681 1683 1684
f 1685 1686 1687
f 1685 1687 1688
f 1689 1690 1691
f 1689 1691 1692
f 1693 1694 1695
f 1693 1695 1696
f 1697 1698 1699
f 1697 1699 1700
f 1701 1702 1703
f 1701 1703 1704
f 1705 1706 1707
f 1705 1707 1708
f 1709 1710 1711
f 1709 1711 1712
f 1713 1714 1715
f 1713 1715 1716
f 1717 1718 1719
f 1717 1719 1720
f 1721 1722 1723
f 1721 1723 1724
f 1725 1726 1727
f 1725 1727 1728
f 1729 1730 1731
f 1729 1731 1732
f 1733 1734 1735
f 1733 1735 1736
f 1737 1738 1739
f 1737 1739 1740
f 1741 1742 1743
f 1741 1743 1744
f 1745 1746 1747
f 1745 1747 1748
f 1749 1750 1751
f 1749 1751 1752
f 1753 1754 1755
f 1753 1755 1756
f 1757 1758 1759
f 1757 1759 1760
f 1761 1762 1763
f 1761 1763 1764
f 1765 1766 1767
f 1765 1767 1768
f 1769 1770 1771
f 1769 1771 1772
f 1773 1774 1775
f 1773 1775 1776
f 1777 1778 1779
f 1777 1779 1780
f 1781 1782 1783
f 1781 1783 1784
f 1785 1786 1787
f 1785 1787 1788
f 1789 1790 1791
f 1789 1791 1792
f 1793 1794 1795
f 1793 1795 1796
f 1797 1798 1799
f 1797 1799 1800
f 1801 1802 1803
f 1801 1803 1804
f 1805 1806 1807
f 1805 1807 1808
f 1809 1810 1811
f 1809 1811 1812
f 1813 1814 1815
f 1813 1815 1816
f 1817 1818 1819
f 1817 1819 1820
f 1821 1822 1823
f 1821 1823 1824
f 1825 1826 1827
f 1825 1827 1828
f 1829 1830 1831
f 1829 1831 1832
f 1833 1834 1835
f 1833 1835 1836
f 1837 1838 1839
f 1837 1839 1840
f 1841 1842 1843
f 1841 1843 1844
f 1845 1846 1847
f 1845 1847 1848
f 1849 1850 1851
f 1849 1851 1852
f 1853 1854 1855
f 1853 1855 1856
f 1857 1858 1859
f 1857 1859 1860
f 1861 1862 1863
f 1861 1863 1864
f 1865 1866 1867
f 1865 1867 1868
f 1869 1870 1871
f 1869 1871 1872
f 1873 1874 1875
f 1873 1875 1876
f 1877 1878 1879
f 1877 1879 1880
f 1881 1882 1883
f 1881 1883 1884
f 1885 1886 1887
f 1885 1887 1888
f 1889 1890 1891
f 1889 1891 1892
f 1893 1894 1895
f 1893 1895 1896
f 1897 1898 1899
f 1897 1899 1900
f 1901 1902 1903
f 1901 1903 1904
f 1905 1906 1907
f 1905 1907 1908
f 1909 1910 1911
f 1909 1911 1912
f 1913 1914 1915
f 1913 1915 1916
f 1917 1918 1919
f 1917 1919 1920
f 1921 1922 1923
f 1921 1923 1924
f 1925 1926 1927
f 1925 1927 1928
f 1929 1930 1931
f 1929 1931 1932
f 1933 1934 1935
f 1933 1935 1936
f 1937 1938 1939
f 1937 1939 1940
f 1941 1942 1943
f 1941 1943 1944
f 1945 1946 1947
f 1945 1947 1948
f 1949 1950 1951
f 1949 1951 1952
f 1953 1954 1955
f 1953 1955 1956
f 1957 1958 1959
f 1957 1959 1960
f 1961 1962 1963
f 1961 1963 1964
f 1965 1966 1967
f 1965 1967 1968
f 1969 1970 1971
f 1969 1971 1972
f 1973 1974 1975
f 1973 1975 1976
f 1977 1978 1979
f 1977 1979 1980
f 1981 1982 1983
f 1981 1983 1984
f 1985 1986 1987
f 1985 1987 1988
f 1989 1990 1991
f 1989 1991 1992
f 1993 1994 1995
f 1993 1995 1996
f 1997 1998 1999
f 1997 1999 2000
f 2001 2002 2003
f 2001 2003 2004
f 2005 2006 2007
f 2005 2007 2008
f 2009 2010 2011
f 2009 2011 2012
f 2013 2014 2015
f 2013 2015 2016
f 2017 2018 2019
f 2017 2019 2020
f 2021 2022 2023
f 2021 2023 2024
f 2025 2026 2027
f 2025 2027 2028
f 2029 2030 2031
f 2029 2031 2032
f 2033 2034 2035
f 2033 2035 2036
f 2037 2038 2039
f 2037 2039 2040
f 2041 2042 2043
f 2041 2043 2044
f 2045 2046 2047
f 2045 2047 2048
f 2049 2050 2051
f 2049 2051 2052
f 2053 2054 2055
f 2053 2055 2056
f 2057 2058 2059
f 2057 2059 2060
f 2061 2062 2063
f 2061 2063 2064
f 2065 2066 2067
f 2065 2067 2068
f 2069 2070 2071
f 2069 2071 2072
f 2073 2074 2075
f 2073 2075 2076
f 2077 2078 2079
f 2077 2079 2080
f 2081 2082 2083
f 2081 2083 2084
f 2085 2086 2087
f 2085 2087 2088
f 2089 2090 2091
f 2089 2091 2092
f 2093 2094 2095
f 2093 2095 2096
f 2097 2098 2099
f 2097 2099 2100
f 2101 2102 2103
f 2101 2103 2104
f 2105 2106 2107
f 2105 2107 2108
f 2109 2110 2111
f 2109 2111 2112
f 2113 2114 2115
f 2113 2115 2116
f 2117 2118 2119
f 2117 2119 2120
f 2121 2122 2123
f 2121 2123 2124
f 2125 2126 2127
f 2125 2127 2128
f 2129 2130 2131
f 2129 2131 2132
f 2133 2134 2135
f 2133 2135 2136
f 2137 2138 2139
f 2137 2139 2140
f 2141 2142 2143
f 2141 2143 2144
f 2145 2146 2147
f 2145 2147 2148
f 2149 2150 2151
f 2149 2151 2152
f 2153 2154 2155
f 2153 2155 2156
f 2157 2158 2159
f 2157 2159 2160
f 2161 2162 2163
f 2161 2163 2164
f 2165 2166 2167
f 2168 2169 2170
f 2168 2170 2171
f 2172 2173 2174
f 2175 2176 2177
f 2175 2177 2178
f 2179 2180 2181
f 2179 2181 2182
f 2183 2184 2185
f 2186 2187 2188
f 2186 2188 2189
f 2190 2191 2192
f 2190 2192 2193
f 2194 2195 2196
f 2194 2196 2197
f 2198 2199 2200
f 2198 2200 2201
f 2202 2203 2204
f 2202 2204 2205
f 2206 2207 2208
f 2209 2210 2211
f 2209 2211 2212
f 2213 2214 2215
f 2213 2215 2216
f 2217 2218 2219
f 2220 2221 2222
f 2220 2222 2223
f 2224 2225 2226
f 2227 2228 2229
f 2227 2229 2230
f 2231 2232 2233
f 2234 2235 2236
f 2234 2236 2237
f 2238 2239 2240
f 2241 2242 2243
f 2241 2243 2244
f 2245 2246 2247
f 2245 2247 2248
f 2249 2250 2251
f 2252 2253 2254
f 2252 2254 2255
f 2256 2257 2258
f 2256 2258 2259
f 2260 2261 2262
f 2260 2262 2263
f 2264 2265 2266
f 2264 2266 2267
f 2268 2269 2270
f 2268 2270 2271
f 2272 2273 2274
f 2275 2276 2277
f 2275 2277 2278
f 2279 2280 2281
f 2279 2281 2282
f 2283 2284 2285
f 2286 2287 2288
f 2286 2288 2289
f 2290 2291 2292
f 2293 2294 2295
f 2293 2295 2296
f 2297 2298 2299
f 2297 2299 2300
f 2301 2302 2303
f 2301 2303 2304
f 2305 2306 2307
f 2305 2307 2308
f 2309 2310 2311
f 2309 2311 2312
f 2313 2314 2315
f 2313 2315 2316
f 2317 2318 2319
f 2317 2319 2320
f 2321 2322 2323
f 2321 2323 2324
f 2325 2326 2327
f 2325 2327 2328
f 2329 2330 2331
f 2329 2331 2332
f 2333 2334 2335
f 2333 2335 2336
f 2337 2338 2339
f 2337 2339 2340
f 2341 2342 2343
f 2341 2343 2344
f 2345 2346 2347
f 2345 2347 2348
f 2349 2350 2351
f 2349 2351 2352
f 2353 2354 2355
f 2353 2355 2356
f 2357 2358 2359
f 2357 2359 2360
f 2361 2362 2363
f 2361 2363 2364
f 2365 2366 2367
f 2365 2367 2368
f 2369 2370 2371
f 2369 2371 2372
f 2373 2374 2375
f 2373 2375 2376
f 2377 2378 2379
f 2377 2379 2380
f 2381 2382 2383
f 2381 2383 2384
f 2385 2386 2387
f 2385 2387 2388
f 2389 2390 2391
f 2389 2391 2392
f 2393 2394 2395
f 2393 2395 2396
f 2397 2398 2399
f 2397 2399 2400
f 2401 2402 2403
f 2401 2403 2404
f 2405 2406 2407
f 2405 2407 2408
f 2409 2410 2411
f 2409 2411 2412
f 2413 2414 2415
f 2413 2415 2416
f 2417 2418 2419
f 2417 2419 2420
f 2421 2422 2423
f 2421 2423 2424
f 2425 2426 2427
f 2425 2427 2428
f 2429 2430 2431
f 2429 2431 2432
f 2433 2434 2435
f 2433 2435 2436
f 2437 2438 2439
f 2437 2439 2440
f 2441 2442 2443
f 2441 2443 2444
f 2445 2446 2447
f 2445 2447 2448
f 2449 2450 2451
f 2449 2451 2452
f 2453 2454 2455
f 2453 2455 2456
f 2457 2458 2459
f 2460 2461 2462
f 2460 2462 2463
f 2464 2465 2466
f 2467 2468 2469
f 2467 2469 2470
f 2471 2472 2473
f 2471 2473 2474
f 2475 2476 2477
f 2478 2479 2480
f 2478 2480 2481
f 2482 2483 2484
f 2482 2484 2485
f 2486 2487 2488
f 2486 2488 2489
f 2490 2491 2492
f 2490 2492 2493
f 2494 2495 2496
f 2494 2496 2497
f 2498 2499 2500
f 2501 2502 2503
f 2501 2503 2504
f 2505 2506 2507
f 2505 2507 2508
f 2509 2510 2511
f 2512 2513 2514
f 2512 2514 2515
f 2516 2517 2518
f 2519 2520 2521
f 2519 2521 2522
f 2523 2524 2525
f 2526 2527 2528
f 2526 2528 2529
f 2530 2531 2532
f 2533 2534 2535
f 2533 2535 2536
f 2537 2538 2539
f 2537 2539 2540
f 2541 2542 2543
f 2544 2545 2546
f 2544 2546 2547
f 2548 2549 2550
f 2548 2550 2551
f 2552 2553 2554
f 2552 2554 2555
f 2556 2557 2558
f 2556 2558 2559
f 2560 2561 2562
f 2560 2562 2563
f 2564 2565 2566
f 2567 2568 2569
f 2567 2569 2570
f 2571 2572 2573
f 2571 2573 2574
f 2575 2576 2577
f 2578 2579 2580
f 2578 2580 2581
f 2582 2583 2584
f 2585 2586 2587
f 2588 2589 2590
f 2591 2592 2593
f 2591 2593 2594
f 2595 2596 2597
f 2595 2597 2598
f 2599 2600 2601
f 2602 2603 2604
f 2605 2606 2607
f 2605 2607 2608
f 2609 2610 2611
f 2612 2613 2614
f 2615 2616 2617
f 2615 2617 2618
f 2619 2620 2621
f 2619 2621 2622
f 2623 2624 2625
f 2626 2627 2628
f 2629 2630 2631
f 2629 2631 2632
f 2633 2634 2635
f 2633 2635 2636
f 2637 2638 2639
f 2637 2639 2640
f 2641 2642 2643
f 2641 2643 2644
f 2645 2646 2647
f 2645 2647 2648
f 2649 2650 2651
f 2652 2653 2654
f 2655 2656 2657
f 2655 2657 2658
f 2659 2660 2661
f 2659 2661 2662
f 2663 2664 2665
f 2666 2667 2668
f 2669 2670 2671
f 2672 2673 2674
f 2675 2676 2677
f 2675 2677 2678
f 2679 2680 2681
f 2679 2681 2682
f 2683 2684 2685
f 2686 2687 2688
f 2689 2690 2691
f 2689 2691 2692
f 2693 2694 2695
f 2693 2695 2696
f 2697 2698 2699
f 2697 2699 2700
f 2701 2702 2703
f 2701 2703 2704
f 2705 2706 2707
f 2708 2709 2710
f 2711 2712 2713
f 2711 2713 2714
f 2715 2716 2717
f 2715 2717 2718
f 2719 2720 2721
f 2722 2723 2724
f 2725 2726 2727
f 2725 2727 2728
f 2729 2730 2731
f 2729 2731 2732
f 2733 2734 2735
f 2733 2735 2736
f 2737 2738 2739
f 2737 2739 2740
f 2741 2742 2743
f 2744 2745 2746
f 2747 2748 2749
f 2747 2749 2750
f 2751 2752 2753
f 2751 2753 2754
f 2755 2756 2757
f 2758 2759 2760
f 2761 2762 2763
f 2761 2763 2764
f 2765 2766 2767
f 2765 2767 2768
f 2769 2770 2771
f 2769 2771 2772
f 2773 2774 2775
f 2773 2775 2776
f 2777 2778 2779
f 2777 2779 2780
f 2781 2782 2783
f 2781 2783 2784
f 2785 2786 2787
f 2785 2787 2788
f 2789 2790 2791
f 2789 2791 2792
f 2793 2794 2795
f 2793 2795 2796
f 2797 2798 2799
f 2797 2799 2800
f 2801 2802 2803
f 2801 2803 2804
f 2805 2806 2807
f 2805 2807 2808
f 2809 2810 2811
f 2809 2811 2812
f 2813 2814 2815
f 2813 2815 2816
f 2817 2818 2819
f 2820 2821 2822
f 2823 2824 2825
f 2823 2825 2826
f 2827 2828 2829
f 2827 2829 2830
f 2831 2832 2833
f 2834 2835 2836
f 2837 2838 2839
f 2840 2841 2842
f 2843 2844 2845
f 2843 2845 2846
f 2847 2848 2849
f 2847 2849 2850
f 2851 2852 2853
f 2854 2855 2856
f 2857 2858 2859
f 2860 2861 2862
f 2863 2864 2865
f 2866 2867 2868
f 2869 2870 2871
f 2872 2873 2874
f 2875 2876 2877
f 2875 2877 2878
f 2879 2880 2881
f 2879 2881 2882
f 2883 2884 2885
f 2883 2885 2886
f 2887 2888 2889
f 2887 2889 2890
f 2891 2892 2893
f 2894 2895 2896
f 2897 2898 2899
f 2897 2899 2900
f 2901 2902 2903
f 2901 2903 2904
f 2905 2906 2907
f 2908 2909 2910
f 2911 2912 2913
f 2911 2913 2914
f 2915 2916 2917
f 2915 2917 2918
f 2919 2920 2921
f 2919 2921 2922
f 2923 2924 2925
f 2923 2925 2926
f 2927 2928 2929
f 2927 2929 2930
f 2931 2932 2933
f 2931 2933 2934
f 2935 2936 2937
f 2935 2937 2938
f 2939 2940 2941
f 2939 2941 2942
f 2943 2944 2945
f 2943 2945 2946
f 2947 2948 2949
f 2947 2949 2950
f 2951 2952 2953
f 2951 2953 2954
f 2955 2956 2957
f 2955 2957 2958
f 2959 2960 2961
f 2959 2961 2962
f 2963 2964 2965
f 2963 2965 2966
f 2967 2968 2969
f 2967 2969 2970
f 2971 2972 2973
f 2971 2973 2974
f 2975 2976 2977
f 2975 2977 2978
f 2979 2980 2981
f 2979 2981 2982
f 2983 2984 2985
f 2983 2985 2986
f 2987 2988 2989
f 2987 2989 2990
f 2991 2992 2993
f 2994 2995 2996
f 2997 2998 2999
f 2997 2999 3000
f 3001 3002 3003
f 3001 3003 3004
f 3005 3006 3007
f 3008 3009 3010
f 3011 3012 3013
f 3011 3013 3014
f 3015 3016 3017
f 3015 3017 3018
f 3019 3020 3021
f 3019 3021 3022
f 3023 3024 3025
f 3023 3025 3026
f 3027 3028 3029
f 3030 3031 3032
f 3033 3034 3035
f 3036 3037 3038
f 3039 3040 3041
f 3042 3043 3044
f 3045 3046 3047
f 3048 3049 3050
f 3051 3052 3053
f 3051 3053 3054
f 3055 3056 3057
f 3055 3057 3058
f 3059 3060 3061
f 3062 3063 3064
f 3065 3066 3067
f 3068 3069 3070
f 3071 3072 3073
f 3071 3073 3074
f 3075 3076 3077
f 3075 3077 3078
f 3079 3080 3081
f 3082 3083 3084
f 3085 3086 3087
f 3088 3089 3090
f 3091 3092 3093
f 3094 3095 3096
f 3097 3098 3099
f 3100 3101 3102
f 3103 3104 3105
f 3106 3107 3108
f 3109 3110 3111
f 3109 3111 3112
f 3113 3114 3115
f 3113 3115 3116
f 3117 3118 3119
f 3117 3119 3120
f 3121 3122 3123
f 3121 3123 3124
f 3125 3126 3127
f 3128 3129 3130
f 3131 3132 3133
f 3131 3133 3134
f 3135 3136 3137
f 3135 3137 3138
f 3139 3140 3141
f 3142 3143 3144
f 3145 3146 3147
f 3145 3147 3148
f 3149 3150 3151
f 3149 3151 3152
f 3153 3154 3155
f 3153 3155 3156
f 3157 3158 3159
f 3157 3159 3160
f 3161 3162 3163
f 3161 3163 3164
f 3165 3166 3167
f 3165 3167 3168
f 3169 3170 3171
f 3169 3171 3172
f 3173 3174 3175
f 3173 3175 3176
f 3177 3178 3179
f 3177 3179 3180
f 3181 3182 3183
f 3181 3183 3184
f 3185 3186 3187
f 3185 3187 3188
f 3189 3190 3191
f 3189 3191 3192
f 3193 3194 3195
f 3193 3195 3196
f 3197 3198 3199
f 3197 3199 3200
f 3201 3202 3203
f 3201 3203 3204
f 3205 3206 3207
f 3205 3207 3208
f 3209 3210 3211
f 3209 3211 3212
f 3213 3214 3215
f 3213 3215 3216
f 3217 3218 3219
f 3217 3219 3220
f 3221 3222 3223
f 3221 3223 3224
f 3225 3226 3227
f 3228 3229 3230
f 3231 3232 3233
f 3231 3233 3234
f 3235 3236 3237
f 3235 3237 3238
f 3239 3240 3241
f 3242 3243 3244
f 3245 3246 3247
f 3245 3247 3248
f 3249 3250 3251
f 3249 3251 3252
f 3253 3254 3255
f 3253 3255 3256
f 3257 3258 3259
f 3257 3259 3260
f 3261 3262 3263
f 3264 3265 3266
f 3267 3268 3269
f 3270 3271 3272
f 3273 3274 3275
f 3276 3277 3278
f 3279 3280 3281
f 3282 3283 3284
f 3285 3286 3287
f 3288 3289 3290
f 3291 3292 3293
f 3291 3293 3294
f 3295 3296 3297
f 3295 3297 3298
f 3299 3300 3301
f 3302 3303 3304
f 3305 3306 3307
f 3305 3307 3308
f 3309 3310 3311
f 3309 3311 3312
f 3313 3314 3315
f 3313 3315 3316
f 3317 3318 3319
f 3317 3319 3320
f 3321 3322 3323
f 3324 3325 3326
f 3324 3326 3327
f 3328 3329 3330
f 3331 3332 3333
f 3334 3335 3336
f 3334 3336 3337
f 3338 3339 3340
f 3341 3342 3343
f 3341 3343 3344
f 3345 3346 3347
f 3345 3347 3348
f 3349 3350 3351
f 3349 3351 3352
f 3353 3354 3355
f 3353 3355 3356
f 3357 3358 3359
f 3357 3359 3360
f 3361 3362 3363
f 3361 3363 3364
f 3365 3366 3367
f 3365 3367 3368
f 3369 3370 3371
f 3369 3371 3372
f 3373 3374 3375
f 3373 3375 3376
f 3377 3378 3379
f 3377 3379 3380
f 3381 3382 3383
f 3381 3383 3384
f 3385 3386 3387
f 3385 3387 3388
f 3389 3390 3391
f 3389 3391 3392
f 3393 3394 3395
f 3393 3395 3396
f 3397 3398 3399
f 3397 3399 3400
f 3401 3402 3403
f 3401 3403 3404
f 3405 3406 3407
f 3405 3407 3408
f 3409 3410 3411
f 3409 3411 3412
f 3413 3414 3415
f 3413 3415 3416
f 3417 3418 3419
f 3417 3419 3420
f 3421 3422 3423
f 3421 3423 3424
f 3425 3426 3427
f 3425 3427 3428
f 3429 3430 3431
f 3429 3431 3432
f 3433 3434 3435
f 3433 3435 3436
f 3437 3438 3439
f 3437 3439 3440
f 3441 3442 3443
f 3441 3443 3444
f 3445 3446 3447
f 3445 3447 3448
f 3449 3450 3451
f 3449 3451 3452
f 3453 3454 3455
f 3453 3455 3456
f 3457 3458 3459
f 3457 3459 3460
f 3461 3462 3463
f 3461 3463 3464
f 3465 3466 3467
f 3465 3467 3468
f 3469 3470 3471
f 3469 3471 3472
f 3473 3474 3475
f 3473 3475 3476
f 3477 3478 3479
f 3477 3479 3480
f 3481 3482 3483
f 3481 3483 3484
f 3485 3486 3487
f 3488 3489 3490
f 3488 3490 3491
f 3492 3493 3494
f 3495 3496 3497
f 3498 3499 3500
f 3498 3500 3501
f 3502 3503 3504
f 3505 3506 3507
f 3505 3507 3508
f 3509 3510 3511
f 3509 3511 3512
f 3513 3514 3515
f 3513 3515 3516
f 3517 3518 3519
f 3517 3519 3520
f 3521 3522 3523
f 3524 3525 3526
f 3527 3528 3529
f 3527 3529 3530
f 3531 3532 3533
f 3531 3533 3534
f 3535 3536 3537
f 3538 3539 3540
f 3541 3542 3543
f 3544 3545 3546
f 3547 3548 3549
f 3550 3551 3552
f 3553 3554 3555
f 3556 3557 3558
f 3559 3560 3561
f 3562 3563 3564
f 3565 3566 3567
f 3565 3567 3568
f 3569 3570 3571
f 3569 3571 3572
f 3573 3574 3575
f 3573 3575 3576
f 3577 3578 3579
f 3577 3579 3580
f 3581 3582 3583
f 3584 3585 3586
f 3587 3588 3589
f 3587 3589 3590
f 3591 3592 3593
f 3591 3593 3594
f 3595 3596 3597
f 3598 3599 3600
f 3601 3602 3603
f 3601 3603 3604
f 3605 3606 3607
f 3605 3607 3608
f 3609 3610 3611
f 3609 3611 3612
f 3613 3614 3615
f 3613 3615 3616
f 3617 3618 3619
f 3617 3619 3620
f 3621 3622 3623
f 3621 3623 3624
f 3625 3626 3627
f 3625 3627 3628
f 3629 3630 3631
f 3629 3631 3632
f 3633 3634 3635
f 3633 3635 3636
f 3637 3638 3639
f 3637 3639 3640
f 3641 3642 3643
f 3641 3643 3644
f 3645 3646 3647
f 3645 3647 3648
f 3649 3650 3651
f 3649 3651 3652
f 3653 3654 3655
f 3653 3655 3656
f 3657 3658 3659
f 3657 3659 3660
f 3661 3662 3663
f 3661 3663 3664
f 3665 3666 3667
f 3665 3667 3668
f 3669 3670 3671
f 3669 3671 3672
f 3673 3674 3675
f 3673 3675 3676
f 3677 3678 3679
f 3677 3679 3680
f 3681 3682 3683
f 3684 3685 3686
f 3687 3688 3689
f 3687 3689 3690
f 3691 3692 3693
f 3691 3693 3694
f 3695 3696 3697
f 3698 3699 3700
f 3701 3702 3703
f 3701 3703 3704
f 3705 3706 3707
f 3705 3707 3708
f 3709 3710 3711
f 3709 3711 3712
f 3713 3714 3715
f 3713 3715 3716
f 3717 3718 3719
f 3720 3721 3722
f 3723 3724 3725
f 3726 3727 3728
f 3729 3730 3731
f 3732 3733 3734
f 3735 3736 3737
f 3738 3739 3740
f 3741 3742 3743
f 3744 3745 3746
f 3747 3748 3749
f 3747 3749 3750
f 3751 3752 3753
f 3751 3753 3754
f 3755 3756 3757
f 3758 3759 3760
f 3761 3762 3763
f 3764 3765 3766
f 3767 3768 3769
f 3767 3769 3770
f 3771 3772 3773
f 3771 3773 3774
f 3775 3776 3777
f 3778 3779 3780
f 3781 3782 3783
f 3784 3785 3786
f 3787 3788 3789
f 3790 3791 3792
f 3793 3794 3795
f 3796 3797 3798
f 3799 3800 3801
f 3799 3801 3802
f 3803 3804 3805
f 3803 3805 3806
f 3807 3808 3809
f 3807 3809 3810
f 3811 3812 3813
f 3811 3813 3814
f 3815 3816 3817
f 3818 3819 3820
f 3821 3822 3823
f 3821 3823 3824
f 3825 3826 3827
f 3825 3827 3828
f 3829 3830 3831
f 3832 3833 3834
f 3835 3836 3837
f 3835 3837 3838
f 3839 3840 3841
f 3839 3841 3842
f 3843 3844 3845
f 3843 3845 3846
f 3847 3848 3849
f 3847 3849 3850
f 3851 3852 3853
f 3851 3853 3854
f 3855 3856 3857
f 3855 3857 3858
f 3859 3860 3861
f 3859 3861 3862
f 3863 3864 3865
f 3863 3865 3866
f 3867 3868 3869
f 3867 3869 3870
f 3871 3872 3873
f 3871 3873 3874
f 3875 3876 3877
f 3875 3877 3878
f 3879 3880 3881
f 3879 3881 3882
f 3883 3884 3885
f 3883 3885 3886
f 3887 3888 3889
f 3887 3889 3890
f 3891 3892 3893
f 3891 3893 3894
f 3895 3896 3897
f 3895 3897 3898
f 3899 3900 3901
f 3899 3901 3902
f 3903 3904 3905
f 3903 3905 3906
f 3907 3908 3909
f 3907 3909 3910
f 3911 3912 3913
f 3911 3913 3914
f 3915 3916 3917
f 3918 3919 3920
f 3921 3922 3923
f 3921 3923 3924
f 3925 3926 3927
f 3925 3927 3928
f 3929 3930 3931
f 3932 3933 3934
f 3935 3936 3937
f 3935 3937 3938
f 3939 3940 3941
f 3939 3941 3942
f 3943 3944 3945
f 3943 3945 3946
f 3947 3948 3949
f 3947 3949 3950
f 3951 3952 3953
f 3954 3955 3956
f 3957 3958 3959
f 3960 3961 3962
f 3963 3964 3965
f 3966 3967 3968
f 3969 3970 3971
f 3972 3973 3974
f 3975 3976 3977
f 3975 3977 3978
f 3979 3980 3981
f 3979 3981 3982
f 3983 3984 3985
f 3986 3987 3988
f 3989 3990 3991
f 3992 3993 3994
f 3995 3996 3997
f 3995 3997 3998
f 3999 4000 4001
f 3999 4001 4002
f 4003 4004 4005
f 4006 4007 4008
f 4009 4010 4011
f 4009 4011 4012
f 4013 4014 4015
f 4013 4015 4016
f 4017 4018 4019
f 4017 4019 4020
f 4021 4022 4023
f 4021 4023 4024
f 4025 4026 4027
f 4028 4029 4030
f 4031 4032 4033
f 4031 4033 4034
f 4035 4036 4037
f 4035 4037 4038
f 4039 4040 4041
f 4042 4043 4044
f 4045 4046 4047
f 4045 4047 4048
f 4049 4050 4051
f 4049 4051 4052
f 4053 4054 4055
f 4053 4055 4056
f 4057 4058 4059
f 4057 4059 4060
f 4061 4062 4063
f 4064 4065 4066
f 4067 4068 4069
f 4067 4069 4070
f 4071 4072 4073
f 4071 4073 4074
f 4075 4076 4077
f 4078 4079 4080
f 4081 4082 4083
f 4081 4083 4084
f 4085 4086 4087
f 4085 4087 4088
f 4089 4090 4091
f 4089 4091 4092
f 4093 4094 4095
f 4093 4095 4096
f 4097 4098 4099
f 4097 4099 4100
f 4101 4102 4103
f 4101 4103 4104
f 4105 4106 4107
f 4105 4107 4108
f 4109 4110 4111
f 4109 4111 4112
f 4113 4114 4115
f 4113 4115 4116
f 4117 4118 4119
f 4117 4119 4120
f 4121 4122 4123
f 4121 4123 4124
f 4125 4126 4127
f 4125 4127 4128
f 4129 4130 4131
f 4129 4131 4132
f 4133 4134 4135
f 4133 4135 4136
f 4137 4138 4139
f 4140 4141 4142
f 4143 4144 4145
f 4143 4145 4146
f 4147 4148 4149
f 4147 4149 4150
f 4151 4152 4153
f 4154 4155 4156
f 4157 4158 4159
f 4160 4161 4162
f 4163 4164 4165
f 4163 4165 4166
f 4167 4168 4169
f 4167 4169 4170
f 4171 4172 4173
f 4174 4175 4176
f 4177 4178 4179
f 4177 4179 4180
f 4181 4182 4183
f 4184 4185 4186
f 4187 4188 4189
f 4187 4189 4190
f 4191 4192 4193
f 4191 4193 4194
f 4195 4196 4197
f 4198 4199 4200
f 4201 4202 4203
f 4201 4203 4204
f 4205 4206 4207
f 4205 4207 4208
f 4209 4210 4211
f 4209 4211 4212
f 4213 4214 4215
f 4213 4215 4216
f 4217 4218 4219
f 4217 4219 4220
f 4221 4222 4223
f 4224 4225 4226
f 4227 4228 4229
f 4227 4229 4230
f 4231 4232 4233
f 4231 4233 4234
f 4235 4236 4237
f 4238 4239 4240
