# Baked from official LDraw part 3471.dat
o ldraw_3471
v -0.1500000 3.2500000 -0.0500000
v 0.1500000 3.2500000 -0.0500000
v 0.1500000 3.2500000 0.0500000
v -0.1500000 3.2500000 0.0500000
v 0.1500000 3.4000000 -0.0500000
v -0.1500000 3.4000000 -0.0500000
v -0.1500000 3.4000000 0.0500000
v 0.1500000 3.4000000 0.0500000
v 0.1500000 3.4000000 -0.0500000
v 0.1500000 3.4000000 0.0500000
v 0.1500000 3.2500000 0.0500000
v 0.1500000 3.2500000 -0.0500000
v -0.1500000 3.4000000 0.0500000
v -0.1500000 3.4000000 -0.0500000
v -0.1500000 3.2500000 -0.0500000
v -0.1500000 3.2500000 0.0500000
v 0.2120000 3.2500000 0.2120000
v -0.2120000 3.2500000 0.2120000
v -0.2957500 3.2500000 0.0500000
v 0.2957500 3.2500000 0.0500000
v -0.2957500 3.2500000 -0.0500000
v -0.2120000 3.2500000 -0.2120000
v 0.2120000 3.2500000 -0.2120000
v 0.2957500 3.2500000 -0.0500000
v 0.1147500 3.2500000 0.2772500
v -0.1147500 3.2500000 0.2772500
v -0.2120000 3.2500000 0.2120000
v 0.2120000 3.2500000 0.2120000
v -0.2120000 3.2500000 -0.2120000
v -0.1147500 3.2500000 -0.2772500
v 0.1147500 3.2500000 -0.2772500
v 0.2120000 3.2500000 -0.2120000
v 0.0000000 3.2500000 0.3000000
v -0.1147500 3.2500000 0.2772500
v 0.1147500 3.2500000 0.2772500
v -0.1147500 3.2500000 -0.2772500
v 0.0000000 3.2500000 -0.3000000
v 0.1147500 3.2500000 -0.2772500
v -0.2450000 3.4000000 0.0500000
v -0.1767500 3.4000000 0.1767500
v 0.1767500 3.4000000 0.1767500
v 0.2450000 3.4000000 0.0500000
v 0.1767500 3.4000000 -0.1767500
v -0.1767500 3.4000000 -0.1767500
v -0.2450000 3.4000000 -0.0500000
v 0.2450000 3.4000000 -0.0500000
v -0.1767500 3.4000000 0.1767500
v -0.0957500 3.4000000 0.2310000
v 0.0957500 3.4000000 0.2310000
v 0.1767500 3.4000000 0.1767500
v 0.0957500 3.4000000 -0.2310000
v -0.0957500 3.4000000 -0.2310000
v -0.1767500 3.4000000 -0.1767500
v 0.1767500 3.4000000 -0.1767500
v -0.0957500 3.4000000 0.2310000
v 0.0000000 3.4000000 0.2500000
v 0.0957500 3.4000000 0.2310000
v 0.0000000 3.4000000 -0.2500000
v -0.0957500 3.4000000 -0.2310000
v 0.0957500 3.4000000 -0.2310000
v 0.1500000 3.4000000 0.0500000
v 0.2450000 3.4000000 0.0500000
v 0.2957500 3.2500000 0.0500000
v 0.1500000 3.2500000 0.0500000
v -0.2957500 3.2500000 0.0500000
v -0.2450000 3.4000000 0.0500000
v -0.1500000 3.4000000 0.0500000
v -0.1500000 3.2500000 0.0500000
v 0.2957500 3.2500000 -0.0500000
v 0.2450000 3.4000000 -0.0500000
v 0.1500000 3.4000000 -0.0500000
v 0.1500000 3.2500000 -0.0500000
v -0.1500000 3.4000000 -0.0500000
v -0.2450000 3.4000000 -0.0500000
v -0.2957500 3.2500000 -0.0500000
v -0.1500000 3.2500000 -0.0500000
v 0.2450000 3.4000000 0.0500000
v 0.2120000 3.2500000 0.2120000
v 0.2957500 3.2500000 0.0500000
v 0.2450000 3.4000000 0.0500000
v 0.1767500 3.4000000 0.1767500
v 0.2120000 3.2500000 0.2120000
v -0.2120000 3.2500000 0.2120000
v -0.2450000 3.4000000 0.0500000
v -0.2957500 3.2500000 0.0500000
v -0.2120000 3.2500000 0.2120000
v -0.1767500 3.4000000 0.1767500
v -0.2450000 3.4000000 0.0500000
v 0.2120000 3.2500000 -0.2120000
v 0.2450000 3.4000000 -0.0500000
v 0.2957500 3.2500000 -0.0500000
v 0.2120000 3.2500000 -0.2120000
v 0.1767500 3.4000000 -0.1767500
v 0.2450000 3.4000000 -0.0500000
v -0.2450000 3.4000000 -0.0500000
v -0.2120000 3.2500000 -0.2120000
v -0.2957500 3.2500000 -0.0500000
v -0.2450000 3.4000000 -0.0500000
v -0.1767500 3.4000000 -0.1767500
v -0.2120000 3.2500000 -0.2120000
v 0.1767500 3.4000000 0.1767500
v 0.0957500 3.4000000 0.2310000
v 0.1147500 3.2500000 0.2772500
v 0.2120000 3.2500000 0.2120000
v -0.1147500 3.2500000 0.2772500
v -0.0957500 3.4000000 0.2310000
v -0.1767500 3.4000000 0.1767500
v -0.2120000 3.2500000 0.2120000
v 0.1147500 3.2500000 -0.2772500
v 0.0957500 3.4000000 -0.2310000
v 0.1767500 3.4000000 -0.1767500
v 0.2120000 3.2500000 -0.2120000
v -0.1767500 3.4000000 -0.1767500
v -0.0957500 3.4000000 -0.2310000
v -0.1147500 3.2500000 -0.2772500
v -0.2120000 3.2500000 -0.2120000
v 0.0957500 3.4000000 0.2310000
v 0.0000000 3.4000000 0.2500000
v 0.0000000 3.2500000 0.3000000
v 0.1147500 3.2500000 0.2772500
v 0.0000000 3.2500000 0.3000000
v 0.0000000 3.4000000 0.2500000
v -0.0957500 3.4000000 0.2310000
v -0.1147500 3.2500000 0.2772500
v 0.0000000 3.2500000 -0.3000000
v 0.0000000 3.4000000 -0.2500000
v 0.0957500 3.4000000 -0.2310000
v 0.1147500 3.2500000 -0.2772500
v -0.0957500 3.4000000 -0.2310000
v 0.0000000 3.4000000 -0.2500000
v 0.0000000 3.2500000 -0.3000000
v -0.1147500 3.2500000 -0.2772500
v -0.2500000 2.9500000 -0.0500000
v 0.2500000 2.9500000 -0.0500000
v 0.2500000 2.9500000 0.0500000
v -0.2500000 2.9500000 0.0500000
v 0.2500000 3.1000000 -0.0500000
v -0.2500000 3.1000000 -0.0500000
v -0.2500000 3.1000000 0.0500000
v 0.2500000 3.1000000 0.0500000
v 0.2500000 3.1000000 -0.0500000
v 0.2500000 3.1000000 0.0500000
v 0.2500000 2.9500000 0.0500000
v 0.2500000 2.9500000 -0.0500000
v -0.2500000 3.1000000 0.0500000
v -0.2500000 3.1000000 -0.0500000
v -0.2500000 2.9500000 -0.0500000
v -0.2500000 2.9500000 0.0500000
v 0.2645000 2.9500000 0.3000000
v -0.2645000 2.9500000 0.3000000
v -0.3967500 2.9500000 0.0500000
v 0.3967500 2.9500000 0.0500000
v -0.3967500 2.9500000 -0.0500000
v -0.2645000 2.9500000 -0.3000000
v 0.2645000 2.9500000 -0.3000000
v 0.3967500 2.9500000 -0.0500000
v 0.1500000 2.9500000 0.3707500
v -0.1500000 2.9500000 0.3707500
v -0.1500000 2.9500000 0.3000000
v 0.1500000 2.9500000 0.3000000
v -0.1500000 2.9500000 -0.3707500
v 0.1500000 2.9500000 -0.3707500
v 0.1500000 2.9500000 -0.3000000
v -0.1500000 2.9500000 -0.3000000
v 0.0000000 2.9500000 0.4000000
v -0.1500000 2.9500000 0.3707500
v 0.1500000 2.9500000 0.3707500
v -0.1500000 2.9500000 -0.3707500
v 0.0000000 2.9500000 -0.4000000
v 0.1500000 2.9500000 -0.3707500
v -0.3465000 3.1000000 0.0500000
v -0.1802500 3.1000000 0.3000000
v 0.1802500 3.1000000 0.3000000
v 0.3465000 3.1000000 0.0500000
v 0.1802500 3.1000000 -0.3000000
v -0.1802500 3.1000000 -0.3000000
v -0.3465000 3.1000000 -0.0500000
v 0.3465000 3.1000000 -0.0500000
v -0.1500000 3.1000000 0.3162500
v 0.1500000 3.1000000 0.3162500
v 0.1500000 3.1000000 0.3000000
v -0.1500000 3.1000000 0.3000000
v 0.1500000 3.1000000 -0.3162500
v -0.1500000 3.1000000 -0.3162500
v -0.1500000 3.1000000 -0.3000000
v 0.1500000 3.1000000 -0.3000000
v -0.1500000 3.1000000 0.3162500
v 0.0000000 3.1000000 0.3500000
v 0.1500000 3.1000000 0.3162500
v 0.0000000 3.1000000 -0.3500000
v -0.1500000 3.1000000 -0.3162500
v 0.1500000 3.1000000 -0.3162500
v 0.2500000 3.1000000 0.0500000
v 0.3465000 3.1000000 0.0500000
v 0.3967500 2.9500000 0.0500000
v 0.2500000 2.9500000 0.0500000
v -0.3967500 2.9500000 0.0500000
v -0.3465000 3.1000000 0.0500000
v -0.2500000 3.1000000 0.0500000
v -0.2500000 2.9500000 0.0500000
v 0.3967500 2.9500000 -0.0500000
v 0.3465000 3.1000000 -0.0500000
v 0.2500000 3.1000000 -0.0500000
v 0.2500000 2.9500000 -0.0500000
v -0.2500000 3.1000000 -0.0500000
v -0.3465000 3.1000000 -0.0500000
v -0.3967500 2.9500000 -0.0500000
v -0.2500000 2.9500000 -0.0500000
v 0.3465000 3.1000000 0.0500000
v 0.2645000 2.9500000 0.3000000
v 0.3967500 2.9500000 0.0500000
v 0.3465000 3.1000000 0.0500000
v 0.1802500 3.1000000 0.3000000
v 0.2645000 2.9500000 0.3000000
v -0.2645000 2.9500000 0.3000000
v -0.3465000 3.1000000 0.0500000
v -0.3967500 2.9500000 0.0500000
v -0.2645000 2.9500000 0.3000000
v -0.1802500 3.1000000 0.3000000
v -0.3465000 3.1000000 0.0500000
v 0.2645000 2.9500000 -0.3000000
v 0.3465000 3.1000000 -0.0500000
v 0.3967500 2.9500000 -0.0500000
v 0.2645000 2.9500000 -0.3000000
v 0.1802500 3.1000000 -0.3000000
v 0.3465000 3.1000000 -0.0500000
v -0.3465000 3.1000000 -0.0500000
v -0.2645000 2.9500000 -0.3000000
v -0.3967500 2.9500000 -0.0500000
v -0.3465000 3.1000000 -0.0500000
v -0.1802500 3.1000000 -0.3000000
v -0.2645000 2.9500000 -0.3000000
v 0.1802500 3.1000000 0.3000000
v 0.1500000 3.1000000 0.3000000
v 0.1500000 2.9500000 0.3000000
v 0.2645000 2.9500000 0.3000000
v -0.1500000 2.9500000 0.3000000
v -0.1500000 3.1000000 0.3000000
v -0.1802500 3.1000000 0.3000000
v -0.2645000 2.9500000 0.3000000
v 0.1500000 2.9500000 -0.3000000
v 0.1500000 3.1000000 -0.3000000
v 0.1802500 3.1000000 -0.3000000
v 0.2645000 2.9500000 -0.3000000
v -0.1802500 3.1000000 -0.3000000
v -0.1500000 3.1000000 -0.3000000
v -0.1500000 2.9500000 -0.3000000
v -0.2645000 2.9500000 -0.3000000
v 0.1500000 3.1000000 0.3000000
v 0.1500000 3.1000000 0.3162500
v 0.1500000 2.9500000 0.3707500
v 0.1500000 2.9500000 0.3000000
v -0.1500000 2.9500000 0.3707500
v -0.1500000 3.1000000 0.3162500
v -0.1500000 3.1000000 0.3000000
v -0.1500000 2.9500000 0.3000000
v 0.1500000 2.9500000 -0.3707500
v 0.1500000 3.1000000 -0.3162500
v 0.1500000 3.1000000 -0.3000000
v 0.1500000 2.9500000 -0.3000000
v -0.1500000 3.1000000 -0.3000000
v -0.1500000 3.1000000 -0.3162500
v -0.1500000 2.9500000 -0.3707500
v -0.1500000 2.9500000 -0.3000000
v 0.0000000 3.1000000 0.3500000
v 0.0000000 2.9500000 0.4000000
v 0.1500000 2.9500000 0.3707500
v 0.1500000 3.1000000 0.3162500
v 0.0000000 3.1000000 0.3500000
v 0.1500000 2.9500000 0.3707500
v 0.0000000 3.1000000 0.3500000
v -0.1500000 3.1000000 0.3162500
v -0.1500000 2.9500000 0.3707500
v 0.0000000 2.9500000 0.4000000
v 0.0000000 3.1000000 0.3500000
v -0.1500000 2.9500000 0.3707500
v 0.0000000 3.1000000 -0.3500000
v 0.1500000 3.1000000 -0.3162500
v 0.1500000 2.9500000 -0.3707500
v 0.0000000 2.9500000 -0.4000000
v 0.0000000 3.1000000 -0.3500000
v 0.1500000 2.9500000 -0.3707500
v 0.0000000 3.1000000 -0.3500000
v 0.0000000 2.9500000 -0.4000000
v -0.1500000 2.9500000 -0.3707500
v -0.1500000 3.1000000 -0.3162500
v 0.0000000 3.1000000 -0.3500000
v -0.1500000 2.9500000 -0.3707500
v -0.2500000 2.6500000 -0.0500000
v 0.2500000 2.6500000 -0.0500000
v 0.2500000 2.6500000 0.0500000
v -0.2500000 2.6500000 0.0500000
v 0.2500000 2.8000000 -0.0500000
v -0.2500000 2.8000000 -0.0500000
v -0.2500000 2.8000000 0.0500000
v 0.2500000 2.8000000 0.0500000
v 0.2500000 2.8000000 -0.0500000
v 0.2500000 2.8000000 0.0500000
v 0.2500000 2.6500000 0.0500000
v 0.2500000 2.6500000 -0.0500000
v -0.2500000 2.8000000 0.0500000
v -0.2500000 2.8000000 -0.0500000
v -0.2500000 2.6500000 -0.0500000
v -0.2500000 2.6500000 0.0500000
v 0.4000000 2.6500000 0.3000000
v -0.4000000 2.6500000 0.3000000
v -0.4975000 2.6500000 0.0500000
v 0.4975000 2.6500000 0.0500000
v -0.4975000 2.6500000 -0.0500000
v -0.4000000 2.6500000 -0.3000000
v 0.4000000 2.6500000 -0.3000000
v 0.4975000 2.6500000 -0.0500000
v 0.1500000 2.6500000 0.4752500
v -0.1500000 2.6500000 0.4752500
v -0.1500000 2.6500000 0.3000000
v 0.1500000 2.6500000 0.3000000
v -0.1500000 2.6500000 -0.4752500
v 0.1500000 2.6500000 -0.4752500
v 0.1500000 2.6500000 -0.3000000
v -0.1500000 2.6500000 -0.3000000
v 0.0000000 2.6500000 0.5000000
v -0.1500000 2.6500000 0.4752500
v 0.1500000 2.6500000 0.4752500
v -0.1500000 2.6500000 -0.4752500
v 0.0000000 2.6500000 -0.5000000
v 0.1500000 2.6500000 -0.4752500
v -0.4475000 2.8000000 0.0500000
v -0.3355000 2.8000000 0.3000000
v 0.3355000 2.8000000 0.3000000
v 0.4475000 2.8000000 0.0500000
v 0.3355000 2.8000000 -0.3000000
v -0.3355000 2.8000000 -0.3000000
v -0.4475000 2.8000000 -0.0500000
v 0.4475000 2.8000000 -0.0500000
v -0.1500000 2.8000000 0.4250000
v 0.1500000 2.8000000 0.4250000
v 0.1500000 2.8000000 0.3000000
v -0.1500000 2.8000000 0.3000000
v 0.1500000 2.8000000 -0.4250000
v -0.1500000 2.8000000 -0.4250000
v -0.1500000 2.8000000 -0.3000000
v 0.1500000 2.8000000 -0.3000000
v -0.1500000 2.8000000 0.4250000
v 0.0000000 2.8000000 0.4500000
v 0.1500000 2.8000000 0.4250000
v 0.0000000 2.8000000 -0.4500000
v -0.1500000 2.8000000 -0.4250000
v 0.1500000 2.8000000 -0.4250000
v 0.2500000 2.8000000 0.0500000
v 0.4475000 2.8000000 0.0500000
v 0.4975000 2.6500000 0.0500000
v 0.2500000 2.6500000 0.0500000
v -0.4975000 2.6500000 0.0500000
v -0.4475000 2.8000000 0.0500000
v -0.2500000 2.8000000 0.0500000
v -0.2500000 2.6500000 0.0500000
v 0.4975000 2.6500000 -0.0500000
v 0.4475000 2.8000000 -0.0500000
v 0.2500000 2.8000000 -0.0500000
v 0.2500000 2.6500000 -0.0500000
v -0.2500000 2.8000000 -0.0500000
v -0.4475000 2.8000000 -0.0500000
v -0.4975000 2.6500000 -0.0500000
v -0.2500000 2.6500000 -0.0500000
v 0.4475000 2.8000000 0.0500000
v 0.4000000 2.6500000 0.3000000
v 0.4975000 2.6500000 0.0500000
v 0.4475000 2.8000000 0.0500000
v 0.3355000 2.8000000 0.3000000
v 0.4000000 2.6500000 0.3000000
v -0.4000000 2.6500000 0.3000000
v -0.4475000 2.8000000 0.0500000
v -0.4975000 2.6500000 0.0500000
v -0.4000000 2.6500000 0.3000000
v -0.3355000 2.8000000 0.3000000
v -0.4475000 2.8000000 0.0500000
v 0.4000000 2.6500000 -0.3000000
v 0.4475000 2.8000000 -0.0500000
v 0.4975000 2.6500000 -0.0500000
v 0.4000000 2.6500000 -0.3000000
v 0.3355000 2.8000000 -0.3000000
v 0.4475000 2.8000000 -0.0500000
v -0.4475000 2.8000000 -0.0500000
v -0.4000000 2.6500000 -0.3000000
v -0.4975000 2.6500000 -0.0500000
v -0.4475000 2.8000000 -0.0500000
v -0.3355000 2.8000000 -0.3000000
v -0.4000000 2.6500000 -0.3000000
v 0.3355000 2.8000000 0.3000000
v 0.1500000 2.8000000 0.3000000
v 0.1500000 2.6500000 0.3000000
v 0.4000000 2.6500000 0.3000000
v -0.1500000 2.6500000 0.3000000
v -0.1500000 2.8000000 0.3000000
v -0.3355000 2.8000000 0.3000000
v -0.4000000 2.6500000 0.3000000
v 0.1500000 2.6500000 -0.3000000
v 0.1500000 2.8000000 -0.3000000
v 0.3355000 2.8000000 -0.3000000
v 0.4000000 2.6500000 -0.3000000
v -0.3355000 2.8000000 -0.3000000
v -0.1500000 2.8000000 -0.3000000
v -0.1500000 2.6500000 -0.3000000
v -0.4000000 2.6500000 -0.3000000
v 0.1500000 2.8000000 0.3000000
v 0.1500000 2.8000000 0.4250000
v 0.1500000 2.6500000 0.4752500
v 0.1500000 2.6500000 0.3000000
v -0.1500000 2.6500000 0.4752500
v -0.1500000 2.8000000 0.4250000
v -0.1500000 2.8000000 0.3000000
v -0.1500000 2.6500000 0.3000000
v 0.1500000 2.6500000 -0.4752500
v 0.1500000 2.8000000 -0.4250000
v 0.1500000 2.8000000 -0.3000000
v 0.1500000 2.6500000 -0.3000000
v -0.1500000 2.8000000 -0.3000000
v -0.1500000 2.8000000 -0.4250000
v -0.1500000 2.6500000 -0.4752500
v -0.1500000 2.6500000 -0.3000000
v 0.1500000 2.8000000 0.4252000
v 0.0000000 2.8000000 0.4499500
v 0.0000000 2.6500000 0.4999500
v 0.1500000 2.6500000 0.4752000
v -0.1500000 2.6500000 0.4750750
v 0.0000000 2.6500000 0.5000750
v 0.0000000 2.8000000 0.4500750
v -0.1500000 2.8000000 0.4250750
v 0.1500000 2.6500000 -0.4750750
v 0.0000000 2.6500000 -0.5000750
v 0.0000000 2.8000000 -0.4500750
v 0.1500000 2.8000000 -0.4250750
v -0.1500000 2.8000000 -0.4252000
v 0.0000000 2.8000000 -0.4499500
v 0.0000000 2.6500000 -0.4999500
v -0.1500000 2.6500000 -0.4752000
v -0.2500000 2.3500000 -0.0500000
v 0.2500000 2.3500000 -0.0500000
v 0.2500000 2.3500000 0.0500000
v -0.2500000 2.3500000 0.0500000
v 0.2500000 2.5000000 -0.0500000
v -0.2500000 2.5000000 -0.0500000
v -0.2500000 2.5000000 0.0500000
v 0.2500000 2.5000000 0.0500000
v 0.2500000 2.5000000 -0.0500000
v 0.2500000 2.5000000 0.0500000
v 0.2500000 2.3500000 0.0500000
v 0.2500000 2.3500000 -0.0500000
v -0.2500000 2.5000000 0.0500000
v -0.2500000 2.5000000 -0.0500000
v -0.2500000 2.3500000 -0.0500000
v -0.2500000 2.3500000 0.0500000
v 0.5195000 2.3500000 0.3000000
v -0.5195000 2.3500000 0.3000000
v -0.5980000 2.3500000 0.0500000
v 0.5980000 2.3500000 0.0500000
v -0.5980000 2.3500000 -0.0500000
v -0.5195000 2.3500000 -0.3000000
v 0.5195000 2.3500000 -0.3000000
v 0.5980000 2.3500000 -0.0500000
v 0.2000000 2.3500000 0.4500000
v -0.2000000 2.3500000 0.4500000
v -0.2000000 2.3500000 0.3000000
v 0.2000000 2.3500000 0.3000000
v -0.2000000 2.3500000 -0.4500000
v 0.2000000 2.3500000 -0.4500000
v 0.2000000 2.3500000 -0.3000000
v -0.2000000 2.3500000 -0.3000000
v 0.2295000 2.3500000 0.5542500
v -0.2295000 2.3500000 0.5542500
v -0.3967500 2.3500000 0.4500000
v 0.3967500 2.3500000 0.4500000
v -0.3967500 2.3500000 -0.4500000
v -0.2295000 2.3500000 -0.5542500
v 0.2295000 2.3500000 -0.5542500
v 0.3967500 2.3500000 -0.4500000
v 0.0000000 2.3500000 0.6000000
v -0.2295000 2.3500000 0.5542500
v 0.2295000 2.3500000 0.5542500
v -0.2295000 2.3500000 -0.5542500
v 0.0000000 2.3500000 -0.6000000
v 0.2295000 2.3500000 -0.5542500
v -0.5477500 2.5000000 0.0500000
v -0.4610000 2.5000000 0.3000000
v 0.4610000 2.5000000 0.3000000
v 0.5477500 2.5000000 0.0500000
v 0.4610000 2.5000000 -0.3000000
v -0.4610000 2.5000000 -0.3000000
v -0.5477500 2.5000000 -0.0500000
v 0.5477500 2.5000000 -0.0500000
v -0.2000000 2.5000000 0.4500000
v 0.2000000 2.5000000 0.4500000
v 0.2000000 2.5000000 0.3000000
v -0.2000000 2.5000000 0.3000000
v 0.2000000 2.5000000 -0.4500000
v -0.2000000 2.5000000 -0.4500000
v -0.2000000 2.5000000 -0.3000000
v 0.2000000 2.5000000 -0.3000000
v -0.3162500 2.5000000 0.4500000
v -0.2095000 2.5000000 0.5082500
v 0.2095000 2.5000000 0.5082500
v 0.3162500 2.5000000 0.4500000
v 0.2095000 2.5000000 -0.5082500
v -0.2095000 2.5000000 -0.5082500
v -0.3162500 2.5000000 -0.4500000
v 0.3162500 2.5000000 -0.4500000
v -0.2095000 2.5000000 0.5082500
v 0.0000000 2.5000000 0.5500000
v 0.2095000 2.5000000 0.5082500
v 0.0000000 2.5000000 -0.5500000
v -0.2095000 2.5000000 -0.5082500
v 0.2095000 2.5000000 -0.5082500
v 0.2500000 2.5000000 0.0500000
v 0.5477500 2.5000000 0.0500000
v 0.5980000 2.3500000 0.0500000
v 0.2500000 2.3500000 0.0500000
v -0.5980000 2.3500000 0.0500000
v -0.5477500 2.5000000 0.0500000
v -0.2500000 2.5000000 0.0500000
v -0.2500000 2.3500000 0.0500000
v 0.5980000 2.3500000 -0.0500000
v 0.5477500 2.5000000 -0.0500000
v 0.2500000 2.5000000 -0.0500000
v 0.2500000 2.3500000 -0.0500000
v -0.2500000 2.5000000 -0.0500000
v -0.5477500 2.5000000 -0.0500000
v -0.5980000 2.3500000 -0.0500000
v -0.2500000 2.3500000 -0.0500000
v 0.5477500 2.5000000 0.0500000
v 0.5195000 2.3500000 0.3000000
v 0.5980000 2.3500000 0.0500000
v 0.5477500 2.5000000 0.0500000
v 0.4610000 2.5000000 0.3000000
v 0.5195000 2.3500000 0.3000000
v -0.5195000 2.3500000 0.3000000
v -0.5477500 2.5000000 0.0500000
v -0.5980000 2.3500000 0.0500000
v -0.5195000 2.3500000 0.3000000
v -0.4610000 2.5000000 0.3000000
v -0.5477500 2.5000000 0.0500000
v 0.5195000 2.3500000 -0.3000000
v 0.5477500 2.5000000 -0.0500000
v 0.5980000 2.3500000 -0.0500000
v 0.5195000 2.3500000 -0.3000000
v 0.4610000 2.5000000 -0.3000000
v 0.5477500 2.5000000 -0.0500000
v -0.5477500 2.5000000 -0.0500000
v -0.5195000 2.3500000 -0.3000000
v -0.5980000 2.3500000 -0.0500000
v -0.5477500 2.5000000 -0.0500000
v -0.4610000 2.5000000 -0.3000000
v -0.5195000 2.3500000 -0.3000000
v 0.4610000 2.5000000 0.3000000
v 0.2000000 2.5000000 0.3000000
v 0.2000000 2.3500000 0.3000000
v 0.5195000 2.3500000 0.3000000
v -0.2000000 2.3500000 0.3000000
v -0.2000000 2.5000000 0.3000000
v -0.4610000 2.5000000 0.3000000
v -0.5195000 2.3500000 0.3000000
v 0.2000000 2.3500000 -0.3000000
v 0.2000000 2.5000000 -0.3000000
v 0.4610000 2.5000000 -0.3000000
v 0.5195000 2.3500000 -0.3000000
v -0.4610000 2.5000000 -0.3000000
v -0.2000000 2.5000000 -0.3000000
v -0.2000000 2.3500000 -0.3000000
v -0.5195000 2.3500000 -0.3000000
v 0.2000000 2.5000000 0.3000000
v 0.2000000 2.5000000 0.4500000
v 0.2000000 2.3500000 0.4500000
v 0.2000000 2.3500000 0.3000000
v -0.2000000 2.5000000 0.4500000
v -0.2000000 2.5000000 0.3000000
v -0.2000000 2.3500000 0.3000000
v -0.2000000 2.3500000 0.4500000
v 0.2000000 2.5000000 -0.4500000
v 0.2000000 2.5000000 -0.3000000
v 0.2000000 2.3500000 -0.3000000
v 0.2000000 2.3500000 -0.4500000
v -0.2000000 2.5000000 -0.3000000
v -0.2000000 2.5000000 -0.4500000
v -0.2000000 2.3500000 -0.4500000
v -0.2000000 2.3500000 -0.3000000
v 0.2000000 2.5000000 0.4500000
v 0.3162500 2.5000000 0.4500000
v 0.3967500 2.3500000 0.4500000
v 0.2000000 2.3500000 0.4500000
v -0.3967500 2.3500000 0.4500000
v -0.3162500 2.5000000 0.4500000
v -0.2000000 2.5000000 0.4500000
v -0.2000000 2.3500000 0.4500000
v 0.3967500 2.3500000 -0.4500000
v 0.3162500 2.5000000 -0.4500000
v 0.2000000 2.5000000 -0.4500000
v 0.2000000 2.3500000 -0.4500000
v -0.2000000 2.5000000 -0.4500000
v -0.3162500 2.5000000 -0.4500000
v -0.3967500 2.3500000 -0.4500000
v -0.2000000 2.3500000 -0.4500000
v 0.3162500 2.5000000 0.4500000
v 0.2295000 2.3500000 0.5542500
v 0.3967500 2.3500000 0.4500000
v 0.3162500 2.5000000 0.4500000
v 0.2095000 2.5000000 0.5082500
v 0.2295000 2.3500000 0.5542500
v -0.2295000 2.3500000 0.5542500
v -0.3162500 2.5000000 0.4500000
v -0.3967500 2.3500000 0.4500000
v -0.2295000 2.3500000 0.5542500
v -0.2095000 2.5000000 0.5082500
v -0.3162500 2.5000000 0.4500000
v 0.2295000 2.3500000 -0.5542500
v 0.3162500 2.5000000 -0.4500000
v 0.3967500 2.3500000 -0.4500000
v 0.2295000 2.3500000 -0.5542500
v 0.2095000 2.5000000 -0.5082500
v 0.3162500 2.5000000 -0.4500000
v -0.3162500 2.5000000 -0.4500000
v -0.2295000 2.3500000 -0.5542500
v -0.3967500 2.3500000 -0.4500000
v -0.3162500 2.5000000 -0.4500000
v -0.2095000 2.5000000 -0.5082500
v -0.2295000 2.3500000 -0.5542500
v 0.2095000 2.5000000 0.5082500
v 0.0000000 2.5000000 0.5500000
v 0.0000000 2.3500000 0.6000000
v 0.2295000 2.3500000 0.5542500
v 0.0000000 2.3500000 0.6000000
v 0.0000000 2.5000000 0.5500000
v -0.2095000 2.5000000 0.5082500
v -0.2295000 2.3500000 0.5542500
v 0.0000000 2.3500000 -0.6000000
v 0.0000000 2.5000000 -0.5500000
v 0.2095000 2.5000000 -0.5082500
v 0.2295000 2.3500000 -0.5542500
v -0.2095000 2.5000000 -0.5082500
v 0.0000000 2.5000000 -0.5500000
v 0.0000000 2.3500000 -0.6000000
v -0.2295000 2.3500000 -0.5542500
v -0.2500000 2.0500000 -0.0500000
v 0.2500000 2.0500000 -0.0500000
v 0.2500000 2.0500000 0.0500000
v -0.2500000 2.0500000 0.0500000
v 0.2500000 2.2000000 -0.0500000
v -0.2500000 2.2000000 -0.0500000
v -0.2500000 2.2000000 0.0500000
v 0.2500000 2.2000000 0.0500000
v 0.2500000 2.2000000 -0.0500000
v 0.2500000 2.2000000 0.0500000
v 0.2500000 2.0500000 0.0500000
v 0.2500000 2.0500000 -0.0500000
v -0.2500000 2.2000000 0.0500000
v -0.2500000 2.2000000 -0.0500000
v -0.2500000 2.0500000 -0.0500000
v -0.2500000 2.0500000 0.0500000
v 0.6325000 2.0500000 0.3000000
v -0.6325000 2.0500000 0.3000000
v -0.6985000 2.0500000 0.0500000
v 0.6985000 2.0500000 0.0500000
v -0.6985000 2.0500000 -0.0500000
v -0.6325000 2.0500000 -0.3000000
v 0.6325000 2.0500000 -0.3000000
v 0.6985000 2.0500000 -0.0500000
v 0.2000000 2.0500000 0.4500000
v -0.2000000 2.0500000 0.4500000
v -0.2000000 2.0500000 0.3000000
v 0.2000000 2.0500000 0.3000000
v -0.2000000 2.0500000 -0.4500000
v 0.2000000 2.0500000 -0.4500000
v 0.2000000 2.0500000 -0.3000000
v -0.2000000 2.0500000 -0.3000000
v 0.4950000 2.0500000 0.4950000
v -0.4950000 2.0500000 0.4950000
v -0.5362500 2.0500000 0.4500000
v 0.5362500 2.0500000 0.4500000
v -0.5362500 2.0500000 -0.4500000
v -0.4950000 2.0500000 -0.4950000
v 0.4950000 2.0500000 -0.4950000
v 0.5362500 2.0500000 -0.4500000
v -0.2680000 2.0500000 0.6467500
v -0.4950000 2.0500000 0.4950000
v 0.4950000 2.0500000 0.4950000
v 0.2680000 2.0500000 0.6467500
v 0.4950000 2.0500000 -0.4950000
v -0.4950000 2.0500000 -0.4950000
v -0.2680000 2.0500000 -0.6467500
v 0.2680000 2.0500000 -0.6467500
v 0.0000000 2.0500000 0.7000000
v -0.2680000 2.0500000 0.6467500
v 0.2680000 2.0500000 0.6467500
v -0.2680000 2.0500000 -0.6467500
v 0.0000000 2.0500000 -0.7000000
v 0.2680000 2.0500000 -0.6467500
v -0.6480000 2.2000000 0.0500000
v -0.5767500 2.2000000 0.3000000
v 0.5767500 2.2000000 0.3000000
v 0.6480000 2.2000000 0.0500000
v 0.5767500 2.2000000 -0.3000000
v -0.5767500 2.2000000 -0.3000000
v -0.6480000 2.2000000 -0.0500000
v 0.6480000 2.2000000 -0.0500000
v -0.2000000 2.2000000 0.4500000
v 0.2000000 2.2000000 0.4500000
v 0.2000000 2.2000000 0.3000000
v -0.2000000 2.2000000 0.3000000
v 0.2000000 2.2000000 -0.4500000
v -0.2000000 2.2000000 -0.4500000
v -0.2000000 2.2000000 -0.3000000
v 0.2000000 2.2000000 -0.3000000
v -0.4690000 2.2000000 0.4500000
v -0.4595000 2.2000000 0.4595000
v 0.4595000 2.2000000 0.4595000
v 0.4690000 2.2000000 0.4500000
v 0.4595000 2.2000000 -0.4595000
v -0.4595000 2.2000000 -0.4595000
v -0.4690000 2.2000000 -0.4500000
v 0.4690000 2.2000000 -0.4500000
v 0.4595000 2.2000000 0.4595000
v -0.4595000 2.2000000 0.4595000
v -0.2487500 2.2000000 0.6005000
v 0.2487500 2.2000000 0.6005000
v -0.2487500 2.2000000 -0.6005000
v -0.4595000 2.2000000 -0.4595000
v 0.4595000 2.2000000 -0.4595000
v 0.2487500 2.2000000 -0.6005000
v -0.2487500 2.2000000 0.6005000
v 0.0000000 2.2000000 0.6500000
v 0.2487500 2.2000000 0.6005000
v 0.0000000 2.2000000 -0.6500000
v -0.2487500 2.2000000 -0.6005000
v 0.2487500 2.2000000 -0.6005000
v 0.2500000 2.2000000 0.0500000
v 0.6480000 2.2000000 0.0500000
v 0.6985000 2.0500000 0.0500000
v 0.2500000 2.0500000 0.0500000
v -0.6985000 2.0500000 0.0500000
v -0.6480000 2.2000000 0.0500000
v -0.2500000 2.2000000 0.0500000
v -0.2500000 2.0500000 0.0500000
v 0.6985000 2.0500000 -0.0500000
v 0.6480000 2.2000000 -0.0500000
v 0.2500000 2.2000000 -0.0500000
v 0.2500000 2.0500000 -0.0500000
v -0.2500000 2.2000000 -0.0500000
v -0.6480000 2.2000000 -0.0500000
v -0.6985000 2.0500000 -0.0500000
v -0.2500000 2.0500000 -0.0500000
v 0.6480000 2.2000000 0.0500000
v 0.6325000 2.0500000 0.3000000
v 0.6985000 2.0500000 0.0500000
v 0.6480000 2.2000000 0.0500000
v 0.5767500 2.2000000 0.3000000
v 0.6325000 2.0500000 0.3000000
v -0.6325000 2.0500000 0.3000000
v -0.6480000 2.2000000 0.0500000
v -0.6985000 2.0500000 0.0500000
v -0.6325000 2.0500000 0.3000000
v -0.5767500 2.2000000 0.3000000
v -0.6480000 2.2000000 0.0500000
v 0.6325000 2.0500000 -0.3000000
v 0.6480000 2.2000000 -0.0500000
v 0.6985000 2.0500000 -0.0500000
v 0.6325000 2.0500000 -0.3000000
v 0.5767500 2.2000000 -0.3000000
v 0.6480000 2.2000000 -0.0500000
v -0.6480000 2.2000000 -0.0500000
v -0.6325000 2.0500000 -0.3000000
v -0.6985000 2.0500000 -0.0500000
v -0.6480000 2.2000000 -0.0500000
v -0.5767500 2.2000000 -0.3000000
v -0.6325000 2.0500000 -0.3000000
v 0.5767500 2.2000000 0.3000000
v 0.2000000 2.2000000 0.3000000
v 0.2000000 2.0500000 0.3000000
v 0.6325000 2.0500000 0.3000000
v -0.2000000 2.0500000 0.3000000
v -0.2000000 2.2000000 0.3000000
v -0.5767500 2.2000000 0.3000000
v -0.6325000 2.0500000 0.3000000
v 0.2000000 2.0500000 -0.3000000
v 0.2000000 2.2000000 -0.3000000
v 0.5767500 2.2000000 -0.3000000
v 0.6325000 2.0500000 -0.3000000
v -0.5767500 2.2000000 -0.3000000
v -0.2000000 2.2000000 -0.3000000
v -0.2000000 2.0500000 -0.3000000
v -0.6325000 2.0500000 -0.3000000
v 0.2000000 2.2000000 0.3000000
v 0.2000000 2.2000000 0.4500000
v 0.2000000 2.0500000 0.4500000
v 0.2000000 2.0500000 0.3000000
v -0.2000000 2.2000000 0.4500000
v -0.2000000 2.2000000 0.3000000
v -0.2000000 2.0500000 0.3000000
v -0.2000000 2.0500000 0.4500000
v 0.2000000 2.2000000 -0.4500000
v 0.2000000 2.2000000 -0.3000000
v 0.2000000 2.0500000 -0.3000000
v 0.2000000 2.0500000 -0.4500000
v -0.2000000 2.2000000 -0.3000000
v -0.2000000 2.2000000 -0.4500000
v -0.2000000 2.0500000 -0.4500000
v -0.2000000 2.0500000 -0.3000000
v 0.2000000 2.2000000 0.4500000
v 0.4690000 2.2000000 0.4500000
v 0.5362500 2.0500000 0.4500000
v 0.2000000 2.0500000 0.4500000
v -0.5362500 2.0500000 0.4500000
v -0.4690000 2.2000000 0.4500000
v -0.2000000 2.2000000 0.4500000
v -0.2000000 2.0500000 0.4500000
v 0.5362500 2.0500000 -0.4500000
v 0.4690000 2.2000000 -0.4500000
v 0.2000000 2.2000000 -0.4500000
v 0.2000000 2.0500000 -0.4500000
v -0.2000000 2.2000000 -0.4500000
v -0.4690000 2.2000000 -0.4500000
v -0.5362500 2.0500000 -0.4500000
v -0.2000000 2.0500000 -0.4500000
v 0.4690000 2.2000000 0.4500000
v 0.4950000 2.0500000 0.4950000
v 0.5362500 2.0500000 0.4500000
v 0.4690000 2.2000000 0.4500000
v 0.4595000 2.2000000 0.4595000
v 0.4950000 2.0500000 0.4950000
v -0.4950000 2.0500000 0.4950000
v -0.4690000 2.2000000 0.4500000
v -0.5362500 2.0500000 0.4500000
v -0.4950000 2.0500000 0.4950000
v -0.4595000 2.2000000 0.4595000
v -0.4690000 2.2000000 0.4500000
v 0.4950000 2.0500000 -0.4950000
v 0.4690000 2.2000000 -0.4500000
v 0.5362500 2.0500000 -0.4500000
v 0.4950000 2.0500000 -0.4950000
v 0.4595000 2.2000000 -0.4595000
v 0.4690000 2.2000000 -0.4500000
v -0.4690000 2.2000000 -0.4500000
v -0.4950000 2.0500000 -0.4950000
v -0.5362500 2.0500000 -0.4500000
v -0.4690000 2.2000000 -0.4500000
v -0.4595000 2.2000000 -0.4595000
v -0.4950000 2.0500000 -0.4950000
v 0.4595000 2.2000000 0.4595000
v 0.2487500 2.2000000 0.6005000
v 0.2680000 2.0500000 0.6467500
v 0.4950000 2.0500000 0.4950000
v -0.2680000 2.0500000 0.6467500
v -0.2487500 2.2000000 0.6005000
v -0.4595000 2.2000000 0.4595000
v -0.4950000 2.0500000 0.4950000
v 0.2680000 2.0500000 -0.6467500
v 0.2487500 2.2000000 -0.6005000
v 0.4595000 2.2000000 -0.4595000
v 0.4950000 2.0500000 -0.4950000
v -0.4595000 2.2000000 -0.4595000
v -0.2487500 2.2000000 -0.6005000
v -0.2680000 2.0500000 -0.6467500
v -0.4950000 2.0500000 -0.4950000
v 0.2487500 2.2000000 0.6005000
v 0.0000000 2.2000000 0.6500000
v 0.0000000 2.0500000 0.7000000
v 0.2680000 2.0500000 0.6467500
v 0.0000000 2.0500000 0.7000000
v 0.0000000 2.2000000 0.6500000
v -0.2487500 2.2000000 0.6005000
v -0.2680000 2.0500000 0.6467500
v 0.0000000 2.0500000 -0.7000000
v 0.0000000 2.2000000 -0.6500000
v 0.2487500 2.2000000 -0.6005000
v 0.2680000 2.0500000 -0.6467500
v -0.2487500 2.2000000 -0.6005000
v 0.0000000 2.2000000 -0.6500000
v 0.0000000 2.0500000 -0.7000000
v -0.2680000 2.0500000 -0.6467500
v -0.2500000 1.7500000 -0.0500000
v 0.2500000 1.7500000 -0.0500000
v 0.2500000 1.7500000 0.0500000
v -0.2500000 1.7500000 0.0500000
v 0.2500000 1.9000000 -0.0500000
v -0.2500000 1.9000000 -0.0500000
v -0.2500000 1.9000000 0.0500000
v 0.2500000 1.9000000 0.0500000
v 0.2500000 1.9000000 -0.0500000
v 0.2500000 1.9000000 0.0500000
v 0.2500000 1.7500000 0.0500000
v 0.2500000 1.7500000 -0.0500000
v -0.2500000 1.9000000 0.0500000
v -0.2500000 1.9000000 -0.0500000
v -0.2500000 1.7500000 -0.0500000
v -0.2500000 1.7500000 0.0500000
v 0.7415000 1.7500000 0.3000000
v -0.7415000 1.7500000 0.3000000
v -0.7985000 1.7500000 0.0500000
v 0.7985000 1.7500000 0.0500000
v -0.7985000 1.7500000 -0.0500000
v -0.7415000 1.7500000 -0.3000000
v 0.7415000 1.7500000 -0.3000000
v 0.7985000 1.7500000 -0.0500000
v 0.2000000 1.7500000 0.4500000
v -0.2000000 1.7500000 0.4500000
v -0.2000000 1.7500000 0.3000000
v 0.2000000 1.7500000 0.3000000
v -0.2000000 1.7500000 -0.4500000
v 0.2000000 1.7500000 -0.4500000
v 0.2000000 1.7500000 -0.3000000
v -0.2000000 1.7500000 -0.3000000
v 0.3872500 1.7500000 0.7000000
v -0.3872500 1.7500000 0.7000000
v -0.6615000 1.7500000 0.4500000
v 0.6615000 1.7500000 0.4500000
v -0.6615000 1.7500000 -0.4500000
v -0.3872500 1.7500000 -0.7000000
v 0.3872500 1.7500000 -0.7000000
v 0.6615000 1.7500000 -0.4500000
v 0.1500000 1.7500000 0.7857500
v -0.1500000 1.7500000 0.7857500
v -0.1500000 1.7500000 0.7000000
v 0.1500000 1.7500000 0.7000000
v -0.1500000 1.7500000 -0.7857500
v 0.1500000 1.7500000 -0.7857500
v 0.1500000 1.7500000 -0.7000000
v -0.1500000 1.7500000 -0.7000000
v 0.0000000 1.7500000 0.8000000
v -0.1500000 1.7500000 0.7857500
v 0.1500000 1.7500000 0.7857500
v -0.1500000 1.7500000 -0.7857500
v 0.0000000 1.7500000 -0.8000000
v 0.1500000 1.7500000 -0.7857500
v -0.7482500 1.9000000 0.0500000
v -0.6875000 1.9000000 0.3000000
v 0.6875000 1.9000000 0.3000000
v 0.7482500 1.9000000 0.0500000
v 0.6875000 1.9000000 -0.3000000
v -0.6875000 1.9000000 -0.3000000
v -0.7482500 1.9000000 -0.0500000
v 0.7482500 1.9000000 -0.0500000
v -0.2000000 1.9000000 0.4500000
v 0.2000000 1.9000000 0.4500000
v 0.2000000 1.9000000 0.3000000
v -0.2000000 1.9000000 0.3000000
v 0.2000000 1.9000000 -0.4500000
v -0.2000000 1.9000000 -0.4500000
v -0.2000000 1.9000000 -0.3000000
v 0.2000000 1.9000000 -0.3000000
v -0.6000000 1.9000000 0.4500000
v -0.2692500 1.9000000 0.7000000
v 0.2692500 1.9000000 0.7000000
v 0.6000000 1.9000000 0.4500000
v 0.2692500 1.9000000 -0.7000000
v -0.2692500 1.9000000 -0.7000000
v -0.6000000 1.9000000 -0.4500000
v 0.6000000 1.9000000 -0.4500000
v -0.1500000 1.9000000 0.7347500
v 0.1500000 1.9000000 0.7347500
v 0.1500000 1.9000000 0.7000000
v -0.1500000 1.9000000 0.7000000
v 0.1500000 1.9000000 -0.7347500
v -0.1500000 1.9000000 -0.7347500
v -0.1500000 1.9000000 -0.7000000
v 0.1500000 1.9000000 -0.7000000
v -0.1500000 1.9000000 0.7347500
v 0.0000000 1.9000000 0.7500000
v 0.1500000 1.9000000 0.7347500
v 0.0000000 1.9000000 -0.7500000
v -0.1500000 1.9000000 -0.7347500
v 0.1500000 1.9000000 -0.7347500
v 0.2500000 1.9000000 0.0500000
v 0.7482500 1.9000000 0.0500000
v 0.7985000 1.7500000 0.0500000
v 0.2500000 1.7500000 0.0500000
v -0.7985000 1.7500000 0.0500000
v -0.7482500 1.9000000 0.0500000
v -0.2500000 1.9000000 0.0500000
v -0.2500000 1.7500000 0.0500000
v 0.7985000 1.7500000 -0.0500000
v 0.7482500 1.9000000 -0.0500000
v 0.2500000 1.9000000 -0.0500000
v 0.2500000 1.7500000 -0.0500000
v -0.2500000 1.9000000 -0.0500000
v -0.7482500 1.9000000 -0.0500000
v -0.7985000 1.7500000 -0.0500000
v -0.2500000 1.7500000 -0.0500000
v 0.7482500 1.9000000 0.0500000
v 0.7415000 1.7500000 0.3000000
v 0.7985000 1.7500000 0.0500000
v 0.7482500 1.9000000 0.0500000
v 0.6875000 1.9000000 0.3000000
v 0.7415000 1.7500000 0.3000000
v -0.7415000 1.7500000 0.3000000
v -0.7482500 1.9000000 0.0500000
v -0.7985000 1.7500000 0.0500000
v -0.7415000 1.7500000 0.3000000
v -0.6875000 1.9000000 0.3000000
v -0.7482500 1.9000000 0.0500000
v 0.7415000 1.7500000 -0.3000000
v 0.7482500 1.9000000 -0.0500000
v 0.7985000 1.7500000 -0.0500000
v 0.7415000 1.7500000 -0.3000000
v 0.6875000 1.9000000 -0.3000000
v 0.7482500 1.9000000 -0.0500000
v -0.7482500 1.9000000 -0.0500000
v -0.7415000 1.7500000 -0.3000000
v -0.7985000 1.7500000 -0.0500000
v -0.7482500 1.9000000 -0.0500000
v -0.6875000 1.9000000 -0.3000000
v -0.7415000 1.7500000 -0.3000000
v 0.6875000 1.9000000 0.3000000
v 0.2000000 1.9000000 0.3000000
v 0.2000000 1.7500000 0.3000000
v 0.7415000 1.7500000 0.3000000
v -0.2000000 1.7500000 0.3000000
v -0.2000000 1.9000000 0.3000000
v -0.6875000 1.9000000 0.3000000
v -0.7415000 1.7500000 0.3000000
v 0.2000000 1.7500000 -0.3000000
v 0.2000000 1.9000000 -0.3000000
v 0.6875000 1.9000000 -0.3000000
v 0.7415000 1.7500000 -0.3000000
v -0.6875000 1.9000000 -0.3000000
v -0.2000000 1.9000000 -0.3000000
v -0.2000000 1.7500000 -0.3000000
v -0.7415000 1.7500000 -0.3000000
v 0.2000000 1.9000000 0.3000000
v 0.2000000 1.9000000 0.4500000
v 0.2000000 1.7500000 0.4500000
v 0.2000000 1.7500000 0.3000000
v -0.2000000 1.9000000 0.4500000
v -0.2000000 1.9000000 0.3000000
v -0.2000000 1.7500000 0.3000000
v -0.2000000 1.7500000 0.4500000
v 0.2000000 1.9000000 -0.4500000
v 0.2000000 1.9000000 -0.3000000
v 0.2000000 1.7500000 -0.3000000
v 0.2000000 1.7500000 -0.4500000
v -0.2000000 1.9000000 -0.3000000
v -0.2000000 1.9000000 -0.4500000
v -0.2000000 1.7500000 -0.4500000
v -0.2000000 1.7500000 -0.3000000
v 0.2000000 1.9000000 0.4500000
v 0.6000000 1.9000000 0.4500000
v 0.6615000 1.7500000 0.4500000
v 0.2000000 1.7500000 0.4500000
v -0.6615000 1.7500000 0.4500000
v -0.6000000 1.9000000 0.4500000
v -0.2000000 1.9000000 0.4500000
v -0.2000000 1.7500000 0.4500000
v 0.6615000 1.7500000 -0.4500000
v 0.6000000 1.9000000 -0.4500000
v 0.2000000 1.9000000 -0.4500000
v 0.2000000 1.7500000 -0.4500000
v -0.2000000 1.9000000 -0.4500000
v -0.6000000 1.9000000 -0.4500000
v -0.6615000 1.7500000 -0.4500000
v -0.2000000 1.7500000 -0.4500000
v 0.6000000 1.9000000 0.4500000
v 0.3872500 1.7500000 0.7000000
v 0.6615000 1.7500000 0.4500000
v 0.6000000 1.9000000 0.4500000
v 0.2692500 1.9000000 0.7000000
v 0.3872500 1.7500000 0.7000000
v -0.3872500 1.7500000 0.7000000
v -0.6000000 1.9000000 0.4500000
v -0.6615000 1.7500000 0.4500000
v -0.3872500 1.7500000 0.7000000
v -0.2692500 1.9000000 0.7000000
v -0.6000000 1.9000000 0.4500000
v 0.3872500 1.7500000 -0.7000000
v 0.6000000 1.9000000 -0.4500000
v 0.6615000 1.7500000 -0.4500000
v 0.3872500 1.7500000 -0.7000000
v 0.2692500 1.9000000 -0.7000000
v 0.6000000 1.9000000 -0.4500000
v -0.6000000 1.9000000 -0.4500000
v -0.3872500 1.7500000 -0.7000000
v -0.6615000 1.7500000 -0.4500000
v -0.6000000 1.9000000 -0.4500000
v -0.2692500 1.9000000 -0.7000000
v -0.3872500 1.7500000 -0.7000000
v 0.2692500 1.9000000 0.7000000
v 0.1500000 1.9000000 0.7000000
v 0.1500000 1.7500000 0.7000000
v 0.3872500 1.7500000 0.7000000
v -0.1500000 1.7500000 0.7000000
v -0.1500000 1.9000000 0.7000000
v -0.2692500 1.9000000 0.7000000
v -0.3872500 1.7500000 0.7000000
v 0.1500000 1.7500000 -0.7000000
v 0.1500000 1.9000000 -0.7000000
v 0.2692500 1.9000000 -0.7000000
v 0.3872500 1.7500000 -0.7000000
v -0.2692500 1.9000000 -0.7000000
v -0.1500000 1.9000000 -0.7000000
v -0.1500000 1.7500000 -0.7000000
v -0.3872500 1.7500000 -0.7000000
v 0.1500000 1.9000000 0.7000000
v 0.1500000 1.9000000 0.7347500
v 0.1500000 1.7500000 0.7857500
v 0.1500000 1.7500000 0.7000000
v -0.1500000 1.7500000 0.7857500
v -0.1500000 1.9000000 0.7347500
v -0.1500000 1.9000000 0.7000000
v -0.1500000 1.7500000 0.7000000
v 0.1500000 1.7500000 -0.7857500
v 0.1500000 1.9000000 -0.7347500
v 0.1500000 1.9000000 -0.7000000
v 0.1500000 1.7500000 -0.7000000
v -0.1500000 1.9000000 -0.7000000
v -0.1500000 1.9000000 -0.7347500
v -0.1500000 1.7500000 -0.7857500
v -0.1500000 1.7500000 -0.7000000
v 0.1500000 1.9000000 0.7347500
v 0.0000000 1.9000000 0.7500000
v 0.0000000 1.7500000 0.8000000
v 0.1500000 1.7500000 0.7857500
v 0.0000000 1.7500000 0.8000000
v 0.0000000 1.9000000 0.7500000
v -0.1500000 1.9000000 0.7347500
v -0.1500000 1.7500000 0.7857500
v 0.0000000 1.7500000 -0.8000000
v 0.0000000 1.9000000 -0.7500000
v 0.1500000 1.9000000 -0.7347500
v 0.1500000 1.7500000 -0.7857500
v -0.1500000 1.9000000 -0.7347500
v 0.0000000 1.9000000 -0.7500000
v 0.0000000 1.7500000 -0.8000000
v -0.1500000 1.7500000 -0.7857500
v -0.2500000 1.4500000 -0.0500000
v 0.2500000 1.4500000 -0.0500000
v 0.2500000 1.4500000 0.0500000
v -0.2500000 1.4500000 0.0500000
v 0.2500000 1.6000000 -0.0500000
v -0.2500000 1.6000000 -0.0500000
v -0.2500000 1.6000000 0.0500000
v 0.2500000 1.6000000 0.0500000
v 0.2500000 1.6000000 -0.0500000
v 0.2500000 1.6000000 0.0500000
v 0.2500000 1.4500000 0.0500000
v 0.2500000 1.4500000 -0.0500000
v -0.2500000 1.6000000 0.0500000
v -0.2500000 1.6000000 -0.0500000
v -0.2500000 1.4500000 -0.0500000
v -0.2500000 1.4500000 0.0500000
v 0.8485000 1.4500000 0.3000000
v -0.8485000 1.4500000 0.3000000
v -0.8985000 1.4500000 0.0500000
v 0.8985000 1.4500000 0.0500000
v -0.8985000 1.4500000 -0.0500000
v -0.8485000 1.4500000 -0.3000000
v 0.8485000 1.4500000 -0.3000000
v 0.8985000 1.4500000 -0.0500000
v 0.2000000 1.4500000 0.4500000
v -0.2000000 1.4500000 0.4500000
v -0.2000000 1.4500000 0.3000000
v 0.2000000 1.4500000 0.3000000
v -0.2000000 1.4500000 -0.4500000
v 0.2000000 1.4500000 -0.4500000
v 0.2000000 1.4500000 -0.3000000
v -0.2000000 1.4500000 -0.3000000
v 0.5657500 1.4500000 0.7000000
v -0.5657500 1.4500000 0.7000000
v -0.7795000 1.4500000 0.4500000
v 0.7795000 1.4500000 0.4500000
v -0.7795000 1.4500000 -0.4500000
v -0.5657500 1.4500000 -0.7000000
v 0.5657500 1.4500000 -0.7000000
v 0.7795000 1.4500000 -0.4500000
v -0.8485000 1.6000000 0.0500000
v -0.7952500 1.6000000 0.3000000
v 0.7952500 1.6000000 0.3000000
v 0.8485000 1.6000000 0.0500000
v 0.7952500 1.6000000 -0.3000000
v -0.7952500 1.6000000 -0.3000000
v -0.8485000 1.6000000 -0.0500000
v 0.8485000 1.6000000 -0.0500000
v -0.2000000 1.6000000 0.4500000
v 0.2000000 1.6000000 0.4500000
v 0.2000000 1.6000000 0.3000000
v -0.2000000 1.6000000 0.3000000
v 0.2000000 1.6000000 -0.4500000
v -0.2000000 1.6000000 -0.4500000
v -0.2000000 1.6000000 -0.3000000
v 0.2000000 1.6000000 -0.3000000
v -0.7210000 1.6000000 0.4500000
v -0.4822500 1.6000000 0.7000000
v 0.4822500 1.6000000 0.7000000
v 0.7210000 1.6000000 0.4500000
v 0.4822500 1.6000000 -0.7000000
v -0.4822500 1.6000000 -0.7000000
v -0.7210000 1.6000000 -0.4500000
v 0.7210000 1.6000000 -0.4500000
v 0.2500000 1.6000000 0.0500000
v 0.8485000 1.6000000 0.0500000
v 0.8985000 1.4500000 0.0500000
v 0.2500000 1.4500000 0.0500000
v -0.8985000 1.4500000 0.0500000
v -0.8485000 1.6000000 0.0500000
v -0.2500000 1.6000000 0.0500000
v -0.2500000 1.4500000 0.0500000
v 0.8985000 1.4500000 -0.0500000
v 0.8485000 1.6000000 -0.0500000
v 0.2500000 1.6000000 -0.0500000
v 0.2500000 1.4500000 -0.0500000
v -0.2500000 1.6000000 -0.0500000
v -0.8485000 1.6000000 -0.0500000
v -0.8985000 1.4500000 -0.0500000
v -0.2500000 1.4500000 -0.0500000
v 0.8485000 1.6000000 0.0500000
v 0.8485000 1.4500000 0.3000000
v 0.8985000 1.4500000 0.0500000
v 0.8485000 1.6000000 0.0500000
v 0.7952500 1.6000000 0.3000000
v 0.8485000 1.4500000 0.3000000
v -0.8485000 1.4500000 0.3000000
v -0.8485000 1.6000000 0.0500000
v -0.8985000 1.4500000 0.0500000
v -0.8485000 1.4500000 0.3000000
v -0.7952500 1.6000000 0.3000000
v -0.8485000 1.6000000 0.0500000
v 0.8485000 1.4500000 -0.3000000
v 0.8485000 1.6000000 -0.0500000
v 0.8985000 1.4500000 -0.0500000
v 0.8485000 1.4500000 -0.3000000
v 0.7952500 1.6000000 -0.3000000
v 0.8485000 1.6000000 -0.0500000
v -0.8485000 1.6000000 -0.0500000
v -0.8485000 1.4500000 -0.3000000
v -0.8985000 1.4500000 -0.0500000
v -0.8485000 1.6000000 -0.0500000
v -0.7952500 1.6000000 -0.3000000
v -0.8485000 1.4500000 -0.3000000
v 0.7952500 1.6000000 0.3000000
v 0.2000000 1.6000000 0.3000000
v 0.2000000 1.4500000 0.3000000
v 0.8485000 1.4500000 0.3000000
v -0.2000000 1.4500000 0.3000000
v -0.2000000 1.6000000 0.3000000
v -0.7952500 1.6000000 0.3000000
v -0.8485000 1.4500000 0.3000000
v 0.2000000 1.4500000 -0.3000000
v 0.2000000 1.6000000 -0.3000000
v 0.7952500 1.6000000 -0.3000000
v 0.8485000 1.4500000 -0.3000000
v -0.7952500 1.6000000 -0.3000000
v -0.2000000 1.6000000 -0.3000000
v -0.2000000 1.4500000 -0.3000000
v -0.8485000 1.4500000 -0.3000000
v 0.2000000 1.6000000 0.3000000
v 0.2000000 1.6000000 0.4500000
v 0.2000000 1.4500000 0.4500000
v 0.2000000 1.4500000 0.3000000
v -0.2000000 1.6000000 0.4500000
v -0.2000000 1.6000000 0.3000000
v -0.2000000 1.4500000 0.3000000
v -0.2000000 1.4500000 0.4500000
v 0.2000000 1.6000000 -0.4500000
v 0.2000000 1.6000000 -0.3000000
v 0.2000000 1.4500000 -0.3000000
v 0.2000000 1.4500000 -0.4500000
v -0.2000000 1.6000000 -0.3000000
v -0.2000000 1.6000000 -0.4500000
v -0.2000000 1.4500000 -0.4500000
v -0.2000000 1.4500000 -0.3000000
v 0.2000000 1.6000000 0.4500000
v 0.7210000 1.6000000 0.4500000
v 0.7795000 1.4500000 0.4500000
v 0.2000000 1.4500000 0.4500000
v -0.7795000 1.4500000 0.4500000
v -0.7210000 1.6000000 0.4500000
v -0.2000000 1.6000000 0.4500000
v -0.2000000 1.4500000 0.4500000
v 0.7795000 1.4500000 -0.4500000
v 0.7210000 1.6000000 -0.4500000
v 0.2000000 1.6000000 -0.4500000
v 0.2000000 1.4500000 -0.4500000
v -0.2000000 1.6000000 -0.4500000
v -0.7210000 1.6000000 -0.4500000
v -0.7795000 1.4500000 -0.4500000
v -0.2000000 1.4500000 -0.4500000
v 0.7210000 1.6000000 0.4500000
v 0.5657500 1.4500000 0.7000000
v 0.7795000 1.4500000 0.4500000
v 0.7210000 1.6000000 0.4500000
v 0.4822500 1.6000000 0.7000000
v 0.5657500 1.4500000 0.7000000
v -0.5657500 1.4500000 0.7000000
v -0.7210000 1.6000000 0.4500000
v -0.7795000 1.4500000 0.4500000
v -0.5657500 1.4500000 0.7000000
v -0.4822500 1.6000000 0.7000000
v -0.7210000 1.6000000 0.4500000
v 0.5657500 1.4500000 -0.7000000
v 0.7210000 1.6000000 -0.4500000
v 0.7795000 1.4500000 -0.4500000
v 0.5657500 1.4500000 -0.7000000
v 0.4822500 1.6000000 -0.7000000
v 0.7210000 1.6000000 -0.4500000
v -0.7210000 1.6000000 -0.4500000
v -0.5657500 1.4500000 -0.7000000
v -0.7795000 1.4500000 -0.4500000
v -0.7210000 1.6000000 -0.4500000
v -0.4822500 1.6000000 -0.7000000
v -0.5657500 1.4500000 -0.7000000
v 0.4822500 1.6000000 0.7000000
v 0.1500000 1.6000000 0.7000000
v 0.1500000 1.4500000 0.7000000
v 0.5657500 1.4500000 0.7000000
v -0.1500000 1.4500000 0.7000000
v -0.1500000 1.6000000 0.7000000
v -0.4822500 1.6000000 0.7000000
v -0.5657500 1.4500000 0.7000000
v 0.1500000 1.4500000 -0.7000000
v 0.1500000 1.6000000 -0.7000000
v 0.4822500 1.6000000 -0.7000000
v 0.5657500 1.4500000 -0.7000000
v -0.4822500 1.6000000 -0.7000000
v -0.1500000 1.6000000 -0.7000000
v -0.1500000 1.4500000 -0.7000000
v -0.5657500 1.4500000 -0.7000000
v -0.2500000 1.1500000 -0.0500000
v 0.2500000 1.1500000 -0.0500000
v 0.2500000 1.1500000 0.0500000
v -0.2500000 1.1500000 0.0500000
v 0.2500000 1.3000000 -0.0500000
v -0.2500000 1.3000000 -0.0500000
v -0.2500000 1.3000000 0.0500000
v 0.2500000 1.3000000 0.0500000
v 0.2500000 1.3000000 -0.0500000
v 0.2500000 1.3000000 0.0500000
v 0.2500000 1.1500000 0.0500000
v 0.2500000 1.1500000 -0.0500000
v -0.2500000 1.3000000 0.0500000
v -0.2500000 1.3000000 -0.0500000
v -0.2500000 1.1500000 -0.0500000
v -0.2500000 1.1500000 0.0500000
v 0.9540000 1.1500000 0.3000000
v -0.9540000 1.1500000 0.3000000
v -0.9987500 1.1500000 0.0500000
v 0.9987500 1.1500000 0.0500000
v -0.9987500 1.1500000 -0.0500000
v -0.9540000 1.1500000 -0.3000000
v 0.9540000 1.1500000 -0.3000000
v 0.9987500 1.1500000 -0.0500000
v 0.2000000 1.1500000 0.4500000
v -0.2000000 1.1500000 0.4500000
v -0.2000000 1.1500000 0.3000000
v 0.2000000 1.1500000 0.3000000
v -0.2000000 1.1500000 -0.4500000
v 0.2000000 1.1500000 -0.4500000
v 0.2000000 1.1500000 -0.3000000
v -0.2000000 1.1500000 -0.3000000
v 0.7142500 1.1500000 0.7000000
v -0.7142500 1.1500000 0.7000000
v -0.8930000 1.1500000 0.4500000
v 0.8930000 1.1500000 0.4500000
v -0.8930000 1.1500000 -0.4500000
v -0.7142500 1.1500000 -0.7000000
v 0.7142500 1.1500000 -0.7000000
v 0.8930000 1.1500000 -0.4500000
v 0.1500000 1.1500000 0.8500000
v -0.1500000 1.1500000 0.8500000
v -0.1500000 1.1500000 0.7000000
v 0.1500000 1.1500000 0.7000000
v -0.1500000 1.1500000 -0.8500000
v 0.1500000 1.1500000 -0.8500000
v 0.1500000 1.1500000 -0.7000000
v -0.1500000 1.1500000 -0.7000000
v 0.3827500 1.1500000 0.9240000
v -0.3827500 1.1500000 0.9240000
v -0.5267500 1.1500000 0.8500000
v 0.5267500 1.1500000 0.8500000
v -0.5267500 1.1500000 -0.8500000
v -0.3827500 1.1500000 -0.9240000
v 0.3827500 1.1500000 -0.9240000
v 0.5267500 1.1500000 -0.8500000
v 0.0000000 1.1500000 1.0000000
v -0.3827500 1.1500000 0.9240000
v 0.3827500 1.1500000 0.9240000
v -0.3827500 1.1500000 -0.9240000
v 0.0000000 1.1500000 -1.0000000
v 0.3827500 1.1500000 -0.9240000
v -0.9487500 1.3000000 0.0500000
v -0.9015000 1.3000000 0.3000000
v 0.9015000 1.3000000 0.3000000
v 0.9487500 1.3000000 0.0500000
v 0.9015000 1.3000000 -0.3000000
v -0.9015000 1.3000000 -0.3000000
v -0.9487500 1.3000000 -0.0500000
v 0.9487500 1.3000000 -0.0500000
v -0.2000000 1.3000000 0.4500000
v 0.2000000 1.3000000 0.4500000
v 0.2000000 1.3000000 0.3000000
v -0.2000000 1.3000000 0.3000000
v 0.2000000 1.3000000 -0.4500000
v -0.2000000 1.3000000 -0.4500000
v -0.2000000 1.3000000 -0.3000000
v 0.2000000 1.3000000 -0.3000000
v -0.8367500 1.3000000 0.4500000
v -0.6422500 1.3000000 0.7000000
v 0.6422500 1.3000000 0.7000000
v 0.8367500 1.3000000 0.4500000
v 0.6422500 1.3000000 -0.7000000
v -0.6422500 1.3000000 -0.7000000
v -0.8367500 1.3000000 -0.4500000
v 0.8367500 1.3000000 -0.4500000
v -0.1500000 1.3000000 0.8500000
v 0.1500000 1.3000000 0.8500000
v 0.1500000 1.3000000 0.7000000
v -0.1500000 1.3000000 0.7000000
v 0.1500000 1.3000000 -0.8500000
v -0.1500000 1.3000000 -0.8500000
v -0.1500000 1.3000000 -0.7000000
v 0.1500000 1.3000000 -0.7000000
v -0.4242500 1.3000000 0.8500000
v -0.3635000 1.3000000 0.8777500
v 0.3635000 1.3000000 0.8777500
v 0.4242500 1.3000000 0.8500000
v 0.3635000 1.3000000 -0.8777500
v -0.3635000 1.3000000 -0.8777500
v -0.4242500 1.3000000 -0.8500000
v 0.4242500 1.3000000 -0.8500000
v -0.3635000 1.3000000 0.8777500
v 0.0000000 1.3000000 0.9500000
v 0.3635000 1.3000000 0.8777500
v 0.0000000 1.3000000 -0.9500000
v -0.3635000 1.3000000 -0.8777500
v 0.3635000 1.3000000 -0.8777500
v 0.2500000 1.3000000 0.0500000
v 0.9487500 1.3000000 0.0500000
v 0.9987500 1.1500000 0.0500000
v 0.2500000 1.1500000 0.0500000
v -0.9987500 1.1500000 0.0500000
v -0.9487500 1.3000000 0.0500000
v -0.2500000 1.3000000 0.0500000
v -0.2500000 1.1500000 0.0500000
v 0.9987500 1.1500000 -0.0500000
v 0.9487500 1.3000000 -0.0500000
v 0.2500000 1.3000000 -0.0500000
v 0.2500000 1.1500000 -0.0500000
v -0.2500000 1.3000000 -0.0500000
v -0.9487500 1.3000000 -0.0500000
v -0.9987500 1.1500000 -0.0500000
v -0.2500000 1.1500000 -0.0500000
v 0.9487500 1.3000000 0.0500000
v 0.9540000 1.1500000 0.3000000
v 0.9987500 1.1500000 0.0500000
v 0.9487500 1.3000000 0.0500000
v 0.9015000 1.3000000 0.3000000
v 0.9540000 1.1500000 0.3000000
v -0.9540000 1.1500000 0.3000000
v -0.9487500 1.3000000 0.0500000
v -0.9987500 1.1500000 0.0500000
v -0.9540000 1.1500000 0.3000000
v -0.9015000 1.3000000 0.3000000
v -0.9487500 1.3000000 0.0500000
v 0.9540000 1.1500000 -0.3000000
v 0.9487500 1.3000000 -0.0500000
v 0.9987500 1.1500000 -0.0500000
v 0.9540000 1.1500000 -0.3000000
v 0.9015000 1.3000000 -0.3000000
v 0.9487500 1.3000000 -0.0500000
v -0.9487500 1.3000000 -0.0500000
v -0.9540000 1.1500000 -0.3000000
v -0.9987500 1.1500000 -0.0500000
v -0.9487500 1.3000000 -0.0500000
v -0.9015000 1.3000000 -0.3000000
v -0.9540000 1.1500000 -0.3000000
v 0.9015000 1.3000000 0.3000000
v 0.2000000 1.3000000 0.3000000
v 0.2000000 1.1500000 0.3000000
v 0.9540000 1.1500000 0.3000000
v -0.2000000 1.1500000 0.3000000
v -0.2000000 1.3000000 0.3000000
v -0.9015000 1.3000000 0.3000000
v -0.9540000 1.1500000 0.3000000
v 0.2000000 1.1500000 -0.3000000
v 0.2000000 1.3000000 -0.3000000
v 0.9015000 1.3000000 -0.3000000
v 0.9540000 1.1500000 -0.3000000
v -0.9015000 1.3000000 -0.3000000
v -0.2000000 1.3000000 -0.3000000
v -0.2000000 1.1500000 -0.3000000
v -0.9540000 1.1500000 -0.3000000
v 0.2000000 1.3000000 0.3000000
v 0.2000000 1.3000000 0.4500000
v 0.2000000 1.1500000 0.4500000
v 0.2000000 1.1500000 0.3000000
v -0.2000000 1.3000000 0.4500000
v -0.2000000 1.3000000 0.3000000
v -0.2000000 1.1500000 0.3000000
v -0.2000000 1.1500000 0.4500000
v 0.2000000 1.3000000 -0.4500000
v 0.2000000 1.3000000 -0.3000000
v 0.2000000 1.1500000 -0.3000000
v 0.2000000 1.1500000 -0.4500000
v -0.2000000 1.3000000 -0.3000000
v -0.2000000 1.3000000 -0.4500000
v -0.2000000 1.1500000 -0.4500000
v -0.2000000 1.1500000 -0.3000000
v 0.2000000 1.3000000 0.4500000
v 0.8367500 1.3000000 0.4500000
v 0.8930000 1.1500000 0.4500000
v 0.2000000 1.1500000 0.4500000
v -0.8930000 1.1500000 0.4500000
v -0.8367500 1.3000000 0.4500000
v -0.2000000 1.3000000 0.4500000
v -0.2000000 1.1500000 0.4500000
v 0.8930000 1.1500000 -0.4500000
v 0.8367500 1.3000000 -0.4500000
v 0.2000000 1.3000000 -0.4500000
v 0.2000000 1.1500000 -0.4500000
v -0.2000000 1.3000000 -0.4500000
v -0.8367500 1.3000000 -0.4500000
v -0.8930000 1.1500000 -0.4500000
v -0.2000000 1.1500000 -0.4500000
v 0.8367500 1.3000000 0.4500000
v 0.7142500 1.1500000 0.7000000
v 0.8930000 1.1500000 0.4500000
v 0.8367500 1.3000000 0.4500000
v 0.6422500 1.3000000 0.7000000
v 0.7142500 1.1500000 0.7000000
v -0.7142500 1.1500000 0.7000000
v -0.8367500 1.3000000 0.4500000
v -0.8930000 1.1500000 0.4500000
v -0.7142500 1.1500000 0.7000000
v -0.6422500 1.3000000 0.7000000
v -0.8367500 1.3000000 0.4500000
v 0.7142500 1.1500000 -0.7000000
v 0.8367500 1.3000000 -0.4500000
v 0.8930000 1.1500000 -0.4500000
v 0.7142500 1.1500000 -0.7000000
v 0.6422500 1.3000000 -0.7000000
v 0.8367500 1.3000000 -0.4500000
v -0.8367500 1.3000000 -0.4500000
v -0.7142500 1.1500000 -0.7000000
v -0.8930000 1.1500000 -0.4500000
v -0.8367500 1.3000000 -0.4500000
v -0.6422500 1.3000000 -0.7000000
v -0.7142500 1.1500000 -0.7000000
v 0.6422500 1.3000000 0.7000000
v 0.1500000 1.3000000 0.7000000
v 0.1500000 1.1500000 0.7000000
v 0.7142500 1.1500000 0.7000000
v -0.1500000 1.1500000 0.7000000
v -0.1500000 1.3000000 0.7000000
v -0.6422500 1.3000000 0.7000000
v -0.7142500 1.1500000 0.7000000
v 0.1500000 1.1500000 -0.7000000
v 0.1500000 1.3000000 -0.7000000
v 0.6422500 1.3000000 -0.7000000
v 0.7142500 1.1500000 -0.7000000
v -0.6422500 1.3000000 -0.7000000
v -0.1500000 1.3000000 -0.7000000
v -0.1500000 1.1500000 -0.7000000
v -0.7142500 1.1500000 -0.7000000
v 0.1500000 1.3000000 0.7000000
v 0.1500000 1.3000000 0.8500000
v 0.1500000 1.1500000 0.8500000
v 0.1500000 1.1500000 0.7000000
v -0.1500000 1.3000000 0.8500000
v -0.1500000 1.3000000 0.7000000
v -0.1500000 1.1500000 0.7000000
v -0.1500000 1.1500000 0.8500000
v 0.1500000 1.3000000 -0.8500000
v 0.1500000 1.3000000 -0.7000000
v 0.1500000 1.1500000 -0.7000000
v 0.1500000 1.1500000 -0.8500000
v -0.1500000 1.3000000 -0.7000000
v -0.1500000 1.3000000 -0.8500000
v -0.1500000 1.1500000 -0.8500000
v -0.1500000 1.1500000 -0.7000000
v 0.1500000 1.3000000 0.8500000
v 0.4242500 1.3000000 0.8500000
v 0.5267500 1.1500000 0.8500000
v 0.1500000 1.1500000 0.8500000
v -0.5267500 1.1500000 0.8500000
v -0.4242500 1.3000000 0.8500000
v -0.1500000 1.3000000 0.8500000
v -0.1500000 1.1500000 0.8500000
v 0.5267500 1.1500000 -0.8500000
v 0.4242500 1.3000000 -0.8500000
v 0.1500000 1.3000000 -0.8500000
v 0.1500000 1.1500000 -0.8500000
v -0.1500000 1.3000000 -0.8500000
v -0.4242500 1.3000000 -0.8500000
v -0.5267500 1.1500000 -0.8500000
v -0.1500000 1.1500000 -0.8500000
v 0.4242500 1.3000000 0.8500000
v 0.3827500 1.1500000 0.9240000
v 0.5267500 1.1500000 0.8500000
v 0.4242500 1.3000000 0.8500000
v 0.3635000 1.3000000 0.8777500
v 0.3827500 1.1500000 0.9240000
v -0.3827500 1.1500000 0.9240000
v -0.4242500 1.3000000 0.8500000
v -0.5267500 1.1500000 0.8500000
v -0.3827500 1.1500000 0.9240000
v -0.3635000 1.3000000 0.8777500
v -0.4242500 1.3000000 0.8500000
v 0.3827500 1.1500000 -0.9240000
v 0.4242500 1.3000000 -0.8500000
v 0.5267500 1.1500000 -0.8500000
v 0.3827500 1.1500000 -0.9240000
v 0.3635000 1.3000000 -0.8777500
v 0.4242500 1.3000000 -0.8500000
v -0.4242500 1.3000000 -0.8500000
v -0.3827500 1.1500000 -0.9240000
v -0.5267500 1.1500000 -0.8500000
v -0.4242500 1.3000000 -0.8500000
v -0.3635000 1.3000000 -0.8777500
v -0.3827500 1.1500000 -0.9240000
v 0.3635000 1.3000000 0.8777500
v 0.0000000 1.3000000 0.9500000
v 0.0000000 1.1500000 1.0000000
v 0.3827500 1.1500000 0.9240000
v 0.0000000 1.1500000 1.0000000
v 0.0000000 1.3000000 0.9500000
v -0.3635000 1.3000000 0.8777500
v -0.3827500 1.1500000 0.9240000
v 0.0000000 1.1500000 -1.0000000
v 0.0000000 1.3000000 -0.9500000
v 0.3635000 1.3000000 -0.8777500
v 0.3827500 1.1500000 -0.9240000
v -0.3635000 1.3000000 -0.8777500
v 0.0000000 1.3000000 -0.9500000
v 0.0000000 1.1500000 -1.0000000
v -0.3827500 1.1500000 -0.9240000
v -0.2500000 0.8500000 -0.0500000
v 0.2500000 0.8500000 -0.0500000
v 0.2500000 0.8500000 0.0500000
v -0.2500000 0.8500000 0.0500000
v 0.2500000 1.0000000 -0.0500000
v -0.2500000 1.0000000 -0.0500000
v -0.2500000 1.0000000 0.0500000
v 0.2500000 1.0000000 0.0500000
v 0.2500000 1.0000000 -0.0500000
v 0.2500000 1.0000000 0.0500000
v 0.2500000 0.8500000 0.0500000
v 0.2500000 0.8500000 -0.0500000
v -0.2500000 1.0000000 0.0500000
v -0.2500000 1.0000000 -0.0500000
v -0.2500000 0.8500000 -0.0500000
v -0.2500000 0.8500000 0.0500000
v 1.0582500 0.8500000 0.3000000
v -1.0582500 0.8500000 0.3000000
v -1.0987500 0.8500000 0.0500000
v 1.0987500 0.8500000 0.0500000
v -1.0987500 0.8500000 -0.0500000
v -1.0582500 0.8500000 -0.3000000
v 1.0582500 0.8500000 -0.3000000
v 1.0987500 0.8500000 -0.0500000
v 0.2000000 0.8500000 0.4500000
v -0.2000000 0.8500000 0.4500000
v -0.2000000 0.8500000 0.3000000
v 0.2000000 0.8500000 0.3000000
v -0.2000000 0.8500000 -0.4500000
v 0.2000000 0.8500000 -0.4500000
v 0.2000000 0.8500000 -0.3000000
v -0.2000000 0.8500000 -0.3000000
v 0.8485000 0.8500000 0.7000000
v -0.8485000 0.8500000 0.7000000
v -1.0037500 0.8500000 0.4500000
v 1.0037500 0.8500000 0.4500000
v -1.0037500 0.8500000 -0.4500000
v -0.8485000 0.8500000 -0.7000000
v 0.8485000 0.8500000 -0.7000000
v 1.0037500 0.8500000 -0.4500000
v 0.1500000 0.8500000 0.8500000
v -0.1500000 0.8500000 0.8500000
v -0.1500000 0.8500000 0.7000000
v 0.1500000 0.8500000 0.7000000
v -0.1500000 0.8500000 -0.8500000
v 0.1500000 0.8500000 -0.8500000
v 0.1500000 0.8500000 -0.7000000
v -0.1500000 0.8500000 -0.7000000
v 0.4210000 0.8500000 1.0162500
v -0.4210000 0.8500000 1.0162500
v -0.6982500 0.8500000 0.8500000
v 0.6982500 0.8500000 0.8500000
v -0.6982500 0.8500000 -0.8500000
v -0.4210000 0.8500000 -1.0162500
v 0.4210000 0.8500000 -1.0162500
v 0.6982500 0.8500000 -0.8500000
v 0.0000000 0.8500000 1.1000000
v -0.4210000 0.8500000 1.0162500
v 0.4210000 0.8500000 1.0162500
v -0.4210000 0.8500000 -1.0162500
v 0.0000000 0.8500000 -1.1000000
v 0.4210000 0.8500000 -1.0162500
v -1.0487500 1.0000000 0.0500000
v -1.0062500 1.0000000 0.3000000
v 1.0062500 1.0000000 0.3000000
v 1.0487500 1.0000000 0.0500000
v 1.0062500 1.0000000 -0.3000000
v -1.0062500 1.0000000 -0.3000000
v -1.0487500 1.0000000 -0.0500000
v 1.0487500 1.0000000 -0.0500000
v -0.2000000 1.0000000 0.4500000
v 0.2000000 1.0000000 0.4500000
v 0.2000000 1.0000000 0.3000000
v -0.2000000 1.0000000 0.3000000
v 0.2000000 1.0000000 -0.4500000
v -0.2000000 1.0000000 -0.4500000
v -0.2000000 1.0000000 -0.3000000
v 0.2000000 1.0000000 -0.3000000
v -0.9487500 1.0000000 0.4500000
v -0.7825000 1.0000000 0.7000000
v 0.7825000 1.0000000 0.7000000
v 0.9487500 1.0000000 0.4500000
v 0.7825000 1.0000000 -0.7000000
v -0.7825000 1.0000000 -0.7000000
v -0.9487500 1.0000000 -0.4500000
v 0.9487500 1.0000000 -0.4500000
v -0.1500000 1.0000000 0.8500000
v 0.1500000 1.0000000 0.8500000
v 0.1500000 1.0000000 0.7000000
v -0.1500000 1.0000000 0.7000000
v 0.1500000 1.0000000 -0.8500000
v -0.1500000 1.0000000 -0.8500000
v -0.1500000 1.0000000 -0.7000000
v 0.1500000 1.0000000 -0.7000000
v -0.6165000 1.0000000 0.8500000
v -0.4017500 1.0000000 0.9700000
v 0.4017500 1.0000000 0.9700000
v 0.6165000 1.0000000 0.8500000
v 0.4017500 1.0000000 -0.9700000
v -0.4017500 1.0000000 -0.9700000
v -0.6165000 1.0000000 -0.8500000
v 0.6165000 1.0000000 -0.8500000
v -0.4017500 1.0000000 0.9700000
v 0.0000000 1.0000000 1.0500000
v 0.4017500 1.0000000 0.9700000
v 0.0000000 1.0000000 -1.0500000
v -0.4017500 1.0000000 -0.9700000
v 0.4017500 1.0000000 -0.9700000
v 0.2500000 1.0000000 0.0500000
v 1.0487500 1.0000000 0.0500000
v 1.0987500 0.8500000 0.0500000
v 0.2500000 0.8500000 0.0500000
v -1.0987500 0.8500000 0.0500000
v -1.0487500 1.0000000 0.0500000
v -0.2500000 1.0000000 0.0500000
v -0.2500000 0.8500000 0.0500000
v 1.0987500 0.8500000 -0.0500000
v 1.0487500 1.0000000 -0.0500000
v 0.2500000 1.0000000 -0.0500000
v 0.2500000 0.8500000 -0.0500000
v -0.2500000 1.0000000 -0.0500000
v -1.0487500 1.0000000 -0.0500000
v -1.0987500 0.8500000 -0.0500000
v -0.2500000 0.8500000 -0.0500000
v 1.0487500 1.0000000 0.0500000
v 1.0062500 1.0000000 0.3000000
v 1.0582500 0.8500000 0.3000000
v 1.0987500 0.8500000 0.0500000
v -1.0582500 0.8500000 0.3000000
v -1.0062500 1.0000000 0.3000000
v -1.0487500 1.0000000 0.0500000
v -1.0987500 0.8500000 0.0500000
v 1.0582500 0.8500000 -0.3000000
v 1.0062500 1.0000000 -0.3000000
v 1.0487500 1.0000000 -0.0500000
v 1.0987500 0.8500000 -0.0500000
v -1.0487500 1.0000000 -0.0500000
v -1.0062500 1.0000000 -0.3000000
v -1.0582500 0.8500000 -0.3000000
v -1.0987500 0.8500000 -0.0500000
v 1.0062500 1.0000000 0.3000000
v 0.2000000 1.0000000 0.3000000
v 0.2000000 0.8500000 0.3000000
v 1.0582500 0.8500000 0.3000000
v -0.2000000 0.8500000 0.3000000
v -0.2000000 1.0000000 0.3000000
v -1.0062500 1.0000000 0.3000000
v -1.0582500 0.8500000 0.3000000
v 0.2000000 0.8500000 -0.3000000
v 0.2000000 1.0000000 -0.3000000
v 1.0062500 1.0000000 -0.3000000
v 1.0582500 0.8500000 -0.3000000
v -1.0062500 1.0000000 -0.3000000
v -0.2000000 1.0000000 -0.3000000
v -0.2000000 0.8500000 -0.3000000
v -1.0582500 0.8500000 -0.3000000
v 0.2000000 1.0000000 0.3000000
v 0.2000000 1.0000000 0.4500000
v 0.2000000 0.8500000 0.4500000
v 0.2000000 0.8500000 0.3000000
v -0.2000000 1.0000000 0.4500000
v -0.2000000 1.0000000 0.3000000
v -0.2000000 0.8500000 0.3000000
v -0.2000000 0.8500000 0.4500000
v 0.2000000 1.0000000 -0.4500000
v 0.2000000 1.0000000 -0.3000000
v 0.2000000 0.8500000 -0.3000000
v 0.2000000 0.8500000 -0.4500000
v -0.2000000 1.0000000 -0.3000000
v -0.2000000 1.0000000 -0.4500000
v -0.2000000 0.8500000 -0.4500000
v -0.2000000 0.8500000 -0.3000000
v 0.2000000 1.0000000 0.4500000
v 0.9487500 1.0000000 0.4500000
v 1.0037500 0.8500000 0.4500000
v 0.2000000 0.8500000 0.4500000
v -1.0037500 0.8500000 0.4500000
v -0.9487500 1.0000000 0.4500000
v -0.2000000 1.0000000 0.4500000
v -0.2000000 0.8500000 0.4500000
v 1.0037500 0.8500000 -0.4500000
v 0.9487500 1.0000000 -0.4500000
v 0.2000000 1.0000000 -0.4500000
v 0.2000000 0.8500000 -0.4500000
v -0.2000000 1.0000000 -0.4500000
v -0.9487500 1.0000000 -0.4500000
v -1.0037500 0.8500000 -0.4500000
v -0.2000000 0.8500000 -0.4500000
v 0.9487500 1.0000000 0.4500000
v 0.8485000 0.8500000 0.7000000
v 1.0037500 0.8500000 0.4500000
v 0.9487500 1.0000000 0.4500000
v 0.7825000 1.0000000 0.7000000
v 0.8485000 0.8500000 0.7000000
v -0.8485000 0.8500000 0.7000000
v -0.9487500 1.0000000 0.4500000
v -1.0037500 0.8500000 0.4500000
v -0.8485000 0.8500000 0.7000000
v -0.7825000 1.0000000 0.7000000
v -0.9487500 1.0000000 0.4500000
v 0.8485000 0.8500000 -0.7000000
v 0.9487500 1.0000000 -0.4500000
v 1.0037500 0.8500000 -0.4500000
v 0.8485000 0.8500000 -0.7000000
v 0.7825000 1.0000000 -0.7000000
v 0.9487500 1.0000000 -0.4500000
v -0.9487500 1.0000000 -0.4500000
v -0.8485000 0.8500000 -0.7000000
v -1.0037500 0.8500000 -0.4500000
v -0.9487500 1.0000000 -0.4500000
v -0.7825000 1.0000000 -0.7000000
v -0.8485000 0.8500000 -0.7000000
v 0.7825000 1.0000000 0.7000000
v 0.1500000 1.0000000 0.7000000
v 0.1500000 0.8500000 0.7000000
v 0.8485000 0.8500000 0.7000000
v -0.1500000 0.8500000 0.7000000
v -0.1500000 1.0000000 0.7000000
v -0.7825000 1.0000000 0.7000000
v -0.8485000 0.8500000 0.7000000
v 0.1500000 0.8500000 -0.7000000
v 0.1500000 1.0000000 -0.7000000
v 0.7825000 1.0000000 -0.7000000
v 0.8485000 0.8500000 -0.7000000
v -0.7825000 1.0000000 -0.7000000
v -0.1500000 1.0000000 -0.7000000
v -0.1500000 0.8500000 -0.7000000
v -0.8485000 0.8500000 -0.7000000
v 0.1500000 1.0000000 0.7000000
v 0.1500000 1.0000000 0.8500000
v 0.1500000 0.8500000 0.8500000
v 0.1500000 0.8500000 0.7000000
v -0.1500000 1.0000000 0.8500000
v -0.1500000 1.0000000 0.7000000
v -0.1500000 0.8500000 0.7000000
v -0.1500000 0.8500000 0.8500000
v 0.1500000 1.0000000 -0.8500000
v 0.1500000 1.0000000 -0.7000000
v 0.1500000 0.8500000 -0.7000000
v 0.1500000 0.8500000 -0.8500000
v -0.1500000 1.0000000 -0.7000000
v -0.1500000 1.0000000 -0.8500000
v -0.1500000 0.8500000 -0.8500000
v -0.1500000 0.8500000 -0.7000000
v 0.1500000 1.0000000 0.8500000
v 0.6165000 1.0000000 0.8500000
v 0.6982500 0.8500000 0.8500000
v 0.1500000 0.8500000 0.8500000
v -0.6982500 0.8500000 0.8500000
v -0.6165000 1.0000000 0.8500000
v -0.1500000 1.0000000 0.8500000
v -0.1500000 0.8500000 0.8500000
v 0.6982500 0.8500000 -0.8500000
v 0.6165000 1.0000000 -0.8500000
v 0.1500000 1.0000000 -0.8500000
v 0.1500000 0.8500000 -0.8500000
v -0.1500000 1.0000000 -0.8500000
v -0.6165000 1.0000000 -0.8500000
v -0.6982500 0.8500000 -0.8500000
v -0.1500000 0.8500000 -0.8500000
v 0.6165000 1.0000000 0.8500000
v 0.4210000 0.8500000 1.0162500
v 0.6982500 0.8500000 0.8500000
v 0.6165000 1.0000000 0.8500000
v 0.4017500 1.0000000 0.9700000
v 0.4210000 0.8500000 1.0162500
v -0.4210000 0.8500000 1.0162500
v -0.6165000 1.0000000 0.8500000
v -0.6982500 0.8500000 0.8500000
v -0.4210000 0.8500000 1.0162500
v -0.4017500 1.0000000 0.9700000
v -0.6165000 1.0000000 0.8500000
v 0.4210000 0.8500000 -1.0162500
v 0.6165000 1.0000000 -0.8500000
v 0.6982500 0.8500000 -0.8500000
v 0.4210000 0.8500000 -1.0162500
v 0.4017500 1.0000000 -0.9700000
v 0.6165000 1.0000000 -0.8500000
v -0.6165000 1.0000000 -0.8500000
v -0.4210000 0.8500000 -1.0162500
v -0.6982500 0.8500000 -0.8500000
v -0.6165000 1.0000000 -0.8500000
v -0.4017500 1.0000000 -0.9700000
v -0.4210000 0.8500000 -1.0162500
v 0.4017500 1.0000000 0.9700000
v 0.0000000 1.0000000 1.0500000
v 0.0000000 0.8500000 1.1000000
v 0.4210000 0.8500000 1.0162500
v 0.0000000 0.8500000 1.1000000
v 0.0000000 1.0000000 1.0500000
v -0.4017500 1.0000000 0.9700000
v -0.4210000 0.8500000 1.0162500
v 0.0000000 0.8500000 -1.1000000
v 0.0000000 1.0000000 -1.0500000
v 0.4017500 1.0000000 -0.9700000
v 0.4210000 0.8500000 -1.0162500
v -0.4017500 1.0000000 -0.9700000
v 0.0000000 1.0000000 -1.0500000
v 0.0000000 0.8500000 -1.1000000
v -0.4210000 0.8500000 -1.0162500
v 0.1500000 -0.1000000 0.0000000
v 0.1385850 -0.1000000 -0.0574050
v 0.1385850 -0.2000000 -0.0574050
v 0.1500000 -0.2000000 0.0000000
v 0.1385850 -0.1000000 -0.0574050
v 0.1060650 -0.1000000 -0.1060650
v 0.1060650 -0.2000000 -0.1060650
v 0.1385850 -0.2000000 -0.0574050
v 0.1060650 -0.1000000 -0.1060650
v 0.0574050 -0.1000000 -0.1385850
v 0.0574050 -0.2000000 -0.1385850
v 0.1060650 -0.2000000 -0.1060650
v 0.0574050 -0.1000000 -0.1385850
v 0.0000000 -0.1000000 -0.1500000
v 0.0000000 -0.2000000 -0.1500000
v 0.0574050 -0.2000000 -0.1385850
v 0.0000000 -0.1000000 -0.1500000
v -0.0574050 -0.1000000 -0.1385850
v -0.0574050 -0.2000000 -0.1385850
v 0.0000000 -0.2000000 -0.1500000
v -0.0574050 -0.1000000 -0.1385850
v -0.1060650 -0.1000000 -0.1060650
v -0.1060650 -0.2000000 -0.1060650
v -0.0574050 -0.2000000 -0.1385850
v -0.1060650 -0.1000000 -0.1060650
v -0.1385850 -0.1000000 -0.0574050
v -0.1385850 -0.2000000 -0.0574050
v -0.1060650 -0.2000000 -0.1060650
v -0.1385850 -0.1000000 -0.0574050
v -0.1500000 -0.1000000 0.0000000
v -0.1500000 -0.2000000 0.0000000
v -0.1385850 -0.2000000 -0.0574050
v -0.1500000 -0.1000000 0.0000000
v -0.1385850 -0.1000000 0.0574050
v -0.1385850 -0.2000000 0.0574050
v -0.1500000 -0.2000000 0.0000000
v -0.1385850 -0.1000000 0.0574050
v -0.1060650 -0.1000000 0.1060650
v -0.1060650 -0.2000000 0.1060650
v -0.1385850 -0.2000000 0.0574050
v -0.1060650 -0.1000000 0.1060650
v -0.0574050 -0.1000000 0.1385850
v -0.0574050 -0.2000000 0.1385850
v -0.1060650 -0.2000000 0.1060650
v -0.0574050 -0.1000000 0.1385850
v 0.0000000 -0.1000000 0.1500000
v 0.0000000 -0.2000000 0.1500000
v -0.0574050 -0.2000000 0.1385850
v 0.0000000 -0.1000000 0.1500000
v 0.0574050 -0.1000000 0.1385850
v 0.0574050 -0.2000000 0.1385850
v 0.0000000 -0.2000000 0.1500000
v 0.0574050 -0.1000000 0.1385850
v 0.1060650 -0.1000000 0.1060650
v 0.1060650 -0.2000000 0.1060650
v 0.0574050 -0.2000000 0.1385850
v 0.1060650 -0.1000000 0.1060650
v 0.1385850 -0.1000000 0.0574050
v 0.1385850 -0.2000000 0.0574050
v 0.1060650 -0.2000000 0.1060650
v 0.1385850 -0.1000000 0.0574050
v 0.1500000 -0.1000000 0.0000000
v 0.1500000 -0.2000000 0.0000000
v 0.1385850 -0.2000000 0.0574050
v 0.2000000 -0.2000000 0.0000000
v 0.1847800 -0.2000000 -0.0765400
v 0.1847800 -0.1000000 -0.0765400
v 0.2000000 -0.1000000 0.0000000
v 0.1847800 -0.2000000 -0.0765400
v 0.1414200 -0.2000000 -0.1414200
v 0.1414200 -0.1000000 -0.1414200
v 0.1847800 -0.1000000 -0.0765400
v 0.1414200 -0.2000000 -0.1414200
v 0.0765400 -0.2000000 -0.1847800
v 0.0765400 -0.1000000 -0.1847800
v 0.1414200 -0.1000000 -0.1414200
v 0.0765400 -0.2000000 -0.1847800
v 0.0000000 -0.2000000 -0.2000000
v 0.0000000 -0.1000000 -0.2000000
v 0.0765400 -0.1000000 -0.1847800
v 0.0000000 -0.2000000 -0.2000000
v -0.0765400 -0.2000000 -0.1847800
v -0.0765400 -0.1000000 -0.1847800
v 0.0000000 -0.1000000 -0.2000000
v -0.0765400 -0.2000000 -0.1847800
v -0.1414200 -0.2000000 -0.1414200
v -0.1414200 -0.1000000 -0.1414200
v -0.0765400 -0.1000000 -0.1847800
v -0.1414200 -0.2000000 -0.1414200
v -0.1847800 -0.2000000 -0.0765400
v -0.1847800 -0.1000000 -0.0765400
v -0.1414200 -0.1000000 -0.1414200
v -0.1847800 -0.2000000 -0.0765400
v -0.2000000 -0.2000000 0.0000000
v -0.2000000 -0.1000000 0.0000000
v -0.1847800 -0.1000000 -0.0765400
v -0.2000000 -0.2000000 0.0000000
v -0.1847800 -0.2000000 0.0765400
v -0.1847800 -0.1000000 0.0765400
v -0.2000000 -0.1000000 0.0000000
v -0.1847800 -0.2000000 0.0765400
v -0.1414200 -0.2000000 0.1414200
v -0.1414200 -0.1000000 0.1414200
v -0.1847800 -0.1000000 0.0765400
v -0.1414200 -0.2000000 0.1414200
v -0.0765400 -0.2000000 0.1847800
v -0.0765400 -0.1000000 0.1847800
v -0.1414200 -0.1000000 0.1414200
v -0.0765400 -0.2000000 0.1847800
v 0.0000000 -0.2000000 0.2000000
v 0.0000000 -0.1000000 0.2000000
v -0.0765400 -0.1000000 0.1847800
v 0.0000000 -0.2000000 0.2000000
v 0.0765400 -0.2000000 0.1847800
v 0.0765400 -0.1000000 0.1847800
v 0.0000000 -0.1000000 0.2000000
v 0.0765400 -0.2000000 0.1847800
v 0.1414200 -0.2000000 0.1414200
v 0.1414200 -0.1000000 0.1414200
v 0.0765400 -0.1000000 0.1847800
v 0.1414200 -0.2000000 0.1414200
v 0.1847800 -0.2000000 0.0765400
v 0.1847800 -0.1000000 0.0765400
v 0.1414200 -0.1000000 0.1414200
v 0.1847800 -0.2000000 0.0765400
v 0.2000000 -0.2000000 0.0000000
v 0.2000000 -0.1000000 0.0000000
v 0.1847800 -0.1000000 0.0765400
v 0.0000000 -0.2000000 -0.2000000
v 0.0000000 -0.2000000 -0.1500000
v -0.0574050 -0.2000000 -0.1385850
v -0.0765400 -0.2000000 -0.1847800
v -0.0765400 -0.2000000 -0.1847800
v -0.0574050 -0.2000000 -0.1385850
v -0.1060650 -0.2000000 -0.1060650
v -0.1414200 -0.2000000 -0.1414200
v -0.1414200 -0.2000000 -0.1414200
v -0.1060650 -0.2000000 -0.1060650
v -0.1385850 -0.2000000 -0.0574050
v -0.1847800 -0.2000000 -0.0765400
v -0.1847800 -0.2000000 -0.0765400
v -0.1385850 -0.2000000 -0.0574050
v -0.1500000 -0.2000000 0.0000000
v -0.2000000 -0.2000000 0.0000000
v -0.2000000 -0.2000000 0.0000000
v -0.1500000 -0.2000000 0.0000000
v -0.1385850 -0.2000000 0.0574050
v -0.1847800 -0.2000000 0.0765400
v -0.1847800 -0.2000000 0.0765400
v -0.1385850 -0.2000000 0.0574050
v -0.1060650 -0.2000000 0.1060650
v -0.1414200 -0.2000000 0.1414200
v -0.1414200 -0.2000000 0.1414200
v -0.1060650 -0.2000000 0.1060650
v -0.0574050 -0.2000000 0.1385850
v -0.0765400 -0.2000000 0.1847800
v -0.0765400 -0.2000000 0.1847800
v -0.0574050 -0.2000000 0.1385850
v 0.0000000 -0.2000000 0.1500000
v 0.0000000 -0.2000000 0.2000000
v 0.0000000 -0.2000000 0.2000000
v 0.0000000 -0.2000000 0.1500000
v 0.0574050 -0.2000000 0.1385850
v 0.0765400 -0.2000000 0.1847800
v 0.0765400 -0.2000000 0.1847800
v 0.0574050 -0.2000000 0.1385850
v 0.1060650 -0.2000000 0.1060650
v 0.1414200 -0.2000000 0.1414200
v 0.1414200 -0.2000000 0.1414200
v 0.1060650 -0.2000000 0.1060650
v 0.1385850 -0.2000000 0.0574050
v 0.1847800 -0.2000000 0.0765400
v 0.1847800 -0.2000000 0.0765400
v 0.1385850 -0.2000000 0.0574050
v 0.1500000 -0.2000000 0.0000000
v 0.2000000 -0.2000000 0.0000000
v 0.2000000 -0.2000000 0.0000000
v 0.1500000 -0.2000000 0.0000000
v 0.1385850 -0.2000000 -0.0574050
v 0.1847800 -0.2000000 -0.0765400
v 0.1847800 -0.2000000 -0.0765400
v 0.1385850 -0.2000000 -0.0574050
v 0.1060650 -0.2000000 -0.1060650
v 0.1414200 -0.2000000 -0.1414200
v 0.1414200 -0.2000000 -0.1414200
v 0.1060650 -0.2000000 -0.1060650
v 0.0574050 -0.2000000 -0.1385850
v 0.0765400 -0.2000000 -0.1847800
v 0.0765400 -0.2000000 -0.1847800
v 0.0574050 -0.2000000 -0.1385850
v 0.0000000 -0.2000000 -0.1500000
v 0.0000000 -0.2000000 -0.2000000
v 0.6000000 -0.2000000 0.0000000
v 0.5543400 -0.2000000 0.2296200
v 0.4619500 -0.2000000 0.1913500
v 0.5000000 -0.2000000 0.0000000
v 0.5543400 -0.2000000 0.2296200
v 0.4242600 -0.2000000 0.4242600
v 0.3535500 -0.2000000 0.3535500
v 0.4619500 -0.2000000 0.1913500
v 0.4242600 -0.2000000 0.4242600
v 0.2296200 -0.2000000 0.5543400
v 0.1913500 -0.2000000 0.4619500
v 0.3535500 -0.2000000 0.3535500
v 0.2296200 -0.2000000 0.5543400
v 0.0000000 -0.2000000 0.6000000
v 0.0000000 -0.2000000 0.5000000
v 0.1913500 -0.2000000 0.4619500
v 0.0000000 -0.2000000 0.6000000
v -0.2296200 -0.2000000 0.5543400
v -0.1913500 -0.2000000 0.4619500
v 0.0000000 -0.2000000 0.5000000
v -0.2296200 -0.2000000 0.5543400
v -0.4242600 -0.2000000 0.4242600
v -0.3535500 -0.2000000 0.3535500
v -0.1913500 -0.2000000 0.4619500
v -0.4242600 -0.2000000 0.4242600
v -0.5543400 -0.2000000 0.2296200
v -0.4619500 -0.2000000 0.1913500
v -0.3535500 -0.2000000 0.3535500
v -0.5543400 -0.2000000 0.2296200
v -0.6000000 -0.2000000 0.0000000
v -0.5000000 -0.2000000 0.0000000
v -0.4619500 -0.2000000 0.1913500
v -0.6000000 -0.2000000 0.0000000
v -0.5543400 -0.2000000 -0.2296200
v -0.4619500 -0.2000000 -0.1913500
v -0.5000000 -0.2000000 0.0000000
v -0.5543400 -0.2000000 -0.2296200
v -0.4242600 -0.2000000 -0.4242600
v -0.3535500 -0.2000000 -0.3535500
v -0.4619500 -0.2000000 -0.1913500
v -0.4242600 -0.2000000 -0.4242600
v -0.2296200 -0.2000000 -0.5543400
v -0.1913500 -0.2000000 -0.4619500
v -0.3535500 -0.2000000 -0.3535500
v -0.2296200 -0.2000000 -0.5543400
v 0.0000000 -0.2000000 -0.6000000
v 0.0000000 -0.2000000 -0.5000000
v -0.1913500 -0.2000000 -0.4619500
v 0.0000000 -0.2000000 -0.6000000
v 0.2296200 -0.2000000 -0.5543400
v 0.1913500 -0.2000000 -0.4619500
v 0.0000000 -0.2000000 -0.5000000
v 0.2296200 -0.2000000 -0.5543400
v 0.4242600 -0.2000000 -0.4242600
v 0.3535500 -0.2000000 -0.3535500
v 0.1913500 -0.2000000 -0.4619500
v 0.4242600 -0.2000000 -0.4242600
v 0.5543400 -0.2000000 -0.2296200
v 0.4619500 -0.2000000 -0.1913500
v 0.3535500 -0.2000000 -0.3535500
v 0.5543400 -0.2000000 -0.2296200
v 0.6000000 -0.2000000 0.0000000
v 0.5000000 -0.2000000 0.0000000
v 0.4619500 -0.2000000 -0.1913500
v 0.0000000 -0.1000000 0.0000000
v 0.5000000 -0.1000000 0.0000000
v 0.4619500 -0.1000000 0.1913500
v 0.0000000 -0.1000000 0.0000000
v 0.4619500 -0.1000000 0.1913500
v 0.3535500 -0.1000000 0.3535500
v 0.0000000 -0.1000000 0.0000000
v 0.3535500 -0.1000000 0.3535500
v 0.1913500 -0.1000000 0.4619500
v 0.0000000 -0.1000000 0.0000000
v 0.1913500 -0.1000000 0.4619500
v 0.0000000 -0.1000000 0.5000000
v 0.0000000 -0.1000000 0.0000000
v 0.0000000 -0.1000000 0.5000000
v -0.1913500 -0.1000000 0.4619500
v 0.0000000 -0.1000000 0.0000000
v -0.1913500 -0.1000000 0.4619500
v -0.3535500 -0.1000000 0.3535500
v 0.0000000 -0.1000000 0.0000000
v -0.3535500 -0.1000000 0.3535500
v -0.4619500 -0.1000000 0.1913500
v 0.0000000 -0.1000000 0.0000000
v -0.4619500 -0.1000000 0.1913500
v -0.5000000 -0.1000000 0.0000000
v 0.0000000 -0.1000000 0.0000000
v -0.5000000 -0.1000000 0.0000000
v -0.4619500 -0.1000000 -0.1913500
v 0.0000000 -0.1000000 0.0000000
v -0.4619500 -0.1000000 -0.1913500
v -0.3535500 -0.1000000 -0.3535500
v 0.0000000 -0.1000000 0.0000000
v -0.3535500 -0.1000000 -0.3535500
v -0.1913500 -0.1000000 -0.4619500
v 0.0000000 -0.1000000 0.0000000
v -0.1913500 -0.1000000 -0.4619500
v 0.0000000 -0.1000000 -0.5000000
v 0.0000000 -0.1000000 0.0000000
v 0.0000000 -0.1000000 -0.5000000
v 0.1913500 -0.1000000 -0.4619500
v 0.0000000 -0.1000000 0.0000000
v 0.1913500 -0.1000000 -0.4619500
v 0.3535500 -0.1000000 -0.3535500
v 0.0000000 -0.1000000 0.0000000
v 0.3535500 -0.1000000 -0.3535500
v 0.4619500 -0.1000000 -0.1913500
v 0.0000000 -0.1000000 0.0000000
v 0.4619500 -0.1000000 -0.1913500
v 0.5000000 -0.1000000 0.0000000
v 0.5000000 -0.2000000 0.0000000
v 0.4619500 -0.2000000 0.1913500
v 0.4619500 -0.1000000 0.1913500
v 0.5000000 -0.1000000 0.0000000
v 0.4619500 -0.2000000 0.1913500
v 0.3535500 -0.2000000 0.3535500
v 0.3535500 -0.1000000 0.3535500
v 0.4619500 -0.1000000 0.1913500
v 0.3535500 -0.2000000 0.3535500
v 0.1913500 -0.2000000 0.4619500
v 0.1913500 -0.1000000 0.4619500
v 0.3535500 -0.1000000 0.3535500
v 0.1913500 -0.2000000 0.4619500
v 0.0000000 -0.2000000 0.5000000
v 0.0000000 -0.1000000 0.5000000
v 0.1913500 -0.1000000 0.4619500
v 0.0000000 -0.2000000 0.5000000
v -0.1913500 -0.2000000 0.4619500
v -0.1913500 -0.1000000 0.4619500
v 0.0000000 -0.1000000 0.5000000
v -0.1913500 -0.2000000 0.4619500
v -0.3535500 -0.2000000 0.3535500
v -0.3535500 -0.1000000 0.3535500
v -0.1913500 -0.1000000 0.4619500
v -0.3535500 -0.2000000 0.3535500
v -0.4619500 -0.2000000 0.1913500
v -0.4619500 -0.1000000 0.1913500
v -0.3535500 -0.1000000 0.3535500
v -0.4619500 -0.2000000 0.1913500
v -0.5000000 -0.2000000 0.0000000
v -0.5000000 -0.1000000 0.0000000
v -0.4619500 -0.1000000 0.1913500
v -0.5000000 -0.2000000 0.0000000
v -0.4619500 -0.2000000 -0.1913500
v -0.4619500 -0.1000000 -0.1913500
v -0.5000000 -0.1000000 0.0000000
v -0.4619500 -0.2000000 -0.1913500
v -0.3535500 -0.2000000 -0.3535500
v -0.3535500 -0.1000000 -0.3535500
v -0.4619500 -0.1000000 -0.1913500
v -0.3535500 -0.2000000 -0.3535500
v -0.1913500 -0.2000000 -0.4619500
v -0.1913500 -0.1000000 -0.4619500
v -0.3535500 -0.1000000 -0.3535500
v -0.1913500 -0.2000000 -0.4619500
v 0.0000000 -0.2000000 -0.5000000
v 0.0000000 -0.1000000 -0.5000000
v -0.1913500 -0.1000000 -0.4619500
v 0.0000000 -0.2000000 -0.5000000
v 0.1913500 -0.2000000 -0.4619500
v 0.1913500 -0.1000000 -0.4619500
v 0.0000000 -0.1000000 -0.5000000
v 0.1913500 -0.2000000 -0.4619500
v 0.3535500 -0.2000000 -0.3535500
v 0.3535500 -0.1000000 -0.3535500
v 0.1913500 -0.1000000 -0.4619500
v 0.3535500 -0.2000000 -0.3535500
v 0.4619500 -0.2000000 -0.1913500
v 0.4619500 -0.1000000 -0.1913500
v 0.3535500 -0.1000000 -0.3535500
v 0.4619500 -0.2000000 -0.1913500
v 0.5000000 -0.2000000 0.0000000
v 0.5000000 -0.1000000 0.0000000
v 0.4619500 -0.1000000 -0.1913500
v 0.6000000 -0.1000000 0.0000000
v 0.5543400 -0.1000000 0.2296200
v 0.5543400 -0.2000000 0.2296200
v 0.6000000 -0.2000000 0.0000000
v 0.5543400 -0.1000000 0.2296200
v 0.4242600 -0.1000000 0.4242600
v 0.4242600 -0.2000000 0.4242600
v 0.5543400 -0.2000000 0.2296200
v 0.4242600 -0.1000000 0.4242600
v 0.2296200 -0.1000000 0.5543400
v 0.2296200 -0.2000000 0.5543400
v 0.4242600 -0.2000000 0.4242600
v 0.2296200 -0.1000000 0.5543400
v 0.0000000 -0.1000000 0.6000000
v 0.0000000 -0.2000000 0.6000000
v 0.2296200 -0.2000000 0.5543400
v 0.0000000 -0.1000000 0.6000000
v -0.2296200 -0.1000000 0.5543400
v -0.2296200 -0.2000000 0.5543400
v 0.0000000 -0.2000000 0.6000000
v -0.2296200 -0.1000000 0.5543400
v -0.4242600 -0.1000000 0.4242600
v -0.4242600 -0.2000000 0.4242600
v -0.2296200 -0.2000000 0.5543400
v -0.4242600 -0.1000000 0.4242600
v -0.5543400 -0.1000000 0.2296200
v -0.5543400 -0.2000000 0.2296200
v -0.4242600 -0.2000000 0.4242600
v -0.5543400 -0.1000000 0.2296200
v -0.6000000 -0.1000000 0.0000000
v -0.6000000 -0.2000000 0.0000000
v -0.5543400 -0.2000000 0.2296200
v -0.6000000 -0.1000000 0.0000000
v -0.5543400 -0.1000000 -0.2296200
v -0.5543400 -0.2000000 -0.2296200
v -0.6000000 -0.2000000 0.0000000
v -0.5543400 -0.1000000 -0.2296200
v -0.4242600 -0.1000000 -0.4242600
v -0.4242600 -0.2000000 -0.4242600
v -0.5543400 -0.2000000 -0.2296200
v -0.4242600 -0.1000000 -0.4242600
v -0.2296200 -0.1000000 -0.5543400
v -0.2296200 -0.2000000 -0.5543400
v -0.4242600 -0.2000000 -0.4242600
v -0.2296200 -0.1000000 -0.5543400
v 0.0000000 -0.1000000 -0.6000000
v 0.0000000 -0.2000000 -0.6000000
v -0.2296200 -0.2000000 -0.5543400
v 0.0000000 -0.1000000 -0.6000000
v 0.2296200 -0.1000000 -0.5543400
v 0.2296200 -0.2000000 -0.5543400
v 0.0000000 -0.2000000 -0.6000000
v 0.2296200 -0.1000000 -0.5543400
v 0.4242600 -0.1000000 -0.4242600
v 0.4242600 -0.2000000 -0.4242600
v 0.2296200 -0.2000000 -0.5543400
v 0.4242600 -0.1000000 -0.4242600
v 0.5543400 -0.1000000 -0.2296200
v 0.5543400 -0.2000000 -0.2296200
v 0.4242600 -0.2000000 -0.4242600
v 0.5543400 -0.1000000 -0.2296200
v 0.6000000 -0.1000000 0.0000000
v 0.6000000 -0.2000000 0.0000000
v 0.5543400 -0.2000000 -0.2296200
v 0.0000000 -0.0000000 0.5000000
v 0.0000000 -0.0000000 0.2500000
v -0.0956750 -0.0000000 0.2309750
v -0.1913500 -0.0000000 0.4619500
v -0.1913500 -0.0000000 0.4619500
v -0.0956750 -0.0000000 0.2309750
v -0.1767750 -0.0000000 0.1767750
v -0.3535500 -0.0000000 0.3535500
v -0.3535500 -0.0000000 0.3535500
v -0.1767750 -0.0000000 0.1767750
v -0.2309750 -0.0000000 0.0956750
v -0.4619500 -0.0000000 0.1913500
v -0.4619500 -0.0000000 0.1913500
v -0.2309750 -0.0000000 0.0956750
v -0.2500000 -0.0000000 0.0000000
v -0.5000000 -0.0000000 0.0000000
v -0.5000000 -0.0000000 0.0000000
v -0.2500000 -0.0000000 0.0000000
v -0.2309750 -0.0000000 -0.0956750
v -0.4619500 -0.0000000 -0.1913500
v -0.4619500 -0.0000000 -0.1913500
v -0.2309750 -0.0000000 -0.0956750
v -0.1767750 -0.0000000 -0.1767750
v -0.3535500 -0.0000000 -0.3535500
v -0.3535500 -0.0000000 -0.3535500
v -0.1767750 -0.0000000 -0.1767750
v -0.0956750 -0.0000000 -0.2309750
v -0.1913500 -0.0000000 -0.4619500
v -0.1913500 -0.0000000 -0.4619500
v -0.0956750 -0.0000000 -0.2309750
v 0.0000000 -0.0000000 -0.2500000
v 0.0000000 -0.0000000 -0.5000000
v 0.0000000 -0.0000000 -0.5000000
v 0.0000000 -0.0000000 -0.2500000
v 0.0956750 -0.0000000 -0.2309750
v 0.1913500 -0.0000000 -0.4619500
v 0.1913500 -0.0000000 -0.4619500
v 0.0956750 -0.0000000 -0.2309750
v 0.1767750 -0.0000000 -0.1767750
v 0.3535500 -0.0000000 -0.3535500
v 0.3535500 -0.0000000 -0.3535500
v 0.1767750 -0.0000000 -0.1767750
v 0.2309750 -0.0000000 -0.0956750
v 0.4619500 -0.0000000 -0.1913500
v 0.4619500 -0.0000000 -0.1913500
v 0.2309750 -0.0000000 -0.0956750
v 0.2500000 -0.0000000 0.0000000
v 0.5000000 -0.0000000 0.0000000
v 0.5000000 -0.0000000 0.0000000
v 0.2500000 -0.0000000 0.0000000
v 0.2309750 -0.0000000 0.0956750
v 0.4619500 -0.0000000 0.1913500
v 0.4619500 -0.0000000 0.1913500
v 0.2309750 -0.0000000 0.0956750
v 0.1767750 -0.0000000 0.1767750
v 0.3535500 -0.0000000 0.3535500
v 0.3535500 -0.0000000 0.3535500
v 0.1767750 -0.0000000 0.1767750
v 0.0956750 -0.0000000 0.2309750
v 0.1913500 -0.0000000 0.4619500
v 0.1913500 -0.0000000 0.4619500
v 0.0956750 -0.0000000 0.2309750
v 0.0000000 -0.0000000 0.2500000
v 0.0000000 -0.0000000 0.5000000
v 0.1500000 0.1000000 0.0000000
v 0.1385750 0.1000000 0.0574000
v 0.1456250 0.0617250 0.0603250
v 0.1576000 0.0617250 0.0000000
v 0.1576000 0.0617250 0.0000000
v 0.1456250 0.0617250 0.0603250
v 0.1656500 0.0293000 0.0686250
v 0.1793000 0.0293000 0.0000000
v 0.1793000 0.0293000 0.0000000
v 0.1656500 0.0293000 0.0686250
v 0.1956250 0.0076000 0.0810250
v 0.2117250 0.0076000 0.0000000
v 0.2117250 0.0076000 0.0000000
v 0.1956250 0.0076000 0.0810250
v 0.2309750 -0.0000000 0.0956750
v 0.2500000 -0.0000000 0.0000000
v 0.1385750 0.1000000 0.0574000
v 0.1060750 0.1000000 0.1060750
v 0.1114500 0.0617250 0.1114500
v 0.1456250 0.0617250 0.0603250
v 0.1456250 0.0617250 0.0603250
v 0.1114500 0.0617250 0.1114500
v 0.1267750 0.0293000 0.1267750
v 0.1656500 0.0293000 0.0686250
v 0.1656500 0.0293000 0.0686250
v 0.1267750 0.0293000 0.1267750
v 0.1497250 0.0076000 0.1497250
v 0.1956250 0.0076000 0.0810250
v 0.1956250 0.0076000 0.0810250
v 0.1497250 0.0076000 0.1497250
v 0.1767750 -0.0000000 0.1767750
v 0.2309750 -0.0000000 0.0956750
v 0.1060750 0.1000000 0.1060750
v 0.0574000 0.1000000 0.1385750
v 0.0603250 0.0617250 0.1456250
v 0.1114500 0.0617250 0.1114500
v 0.1114500 0.0617250 0.1114500
v 0.0603250 0.0617250 0.1456250
v 0.0686250 0.0293000 0.1656500
v 0.1267750 0.0293000 0.1267750
v 0.1267750 0.0293000 0.1267750
v 0.0686250 0.0293000 0.1656500
v 0.0810250 0.0076000 0.1956250
v 0.1497250 0.0076000 0.1497250
v 0.1497250 0.0076000 0.1497250
v 0.0810250 0.0076000 0.1956250
v 0.0956750 -0.0000000 0.2309750
v 0.1767750 -0.0000000 0.1767750
v 0.0574000 0.1000000 0.1385750
v 0.0000000 0.1000000 0.1500000
v 0.0000000 0.0617250 0.1576000
v 0.0603250 0.0617250 0.1456250
v 0.0603250 0.0617250 0.1456250
v 0.0000000 0.0617250 0.1576000
v 0.0000000 0.0293000 0.1793000
v 0.0686250 0.0293000 0.1656500
v 0.0686250 0.0293000 0.1656500
v 0.0000000 0.0293000 0.1793000
v 0.0000000 0.0076000 0.2117250
v 0.0810250 0.0076000 0.1956250
v 0.0810250 0.0076000 0.1956250
v 0.0000000 0.0076000 0.2117250
v 0.0000000 -0.0000000 0.2500000
v 0.0956750 -0.0000000 0.2309750
v 0.0000000 0.1000000 0.1500000
v -0.0574000 0.1000000 0.1385750
v -0.0603250 0.0617250 0.1456250
v 0.0000000 0.0617250 0.1576000
v 0.0000000 0.0617250 0.1576000
v -0.0603250 0.0617250 0.1456250
v -0.0686250 0.0293000 0.1656500
v 0.0000000 0.0293000 0.1793000
v 0.0000000 0.0293000 0.1793000
v -0.0686250 0.0293000 0.1656500
v -0.0810250 0.0076000 0.1956250
v 0.0000000 0.0076000 0.2117250
v 0.0000000 0.0076000 0.2117250
v -0.0810250 0.0076000 0.1956250
v -0.0956750 -0.0000000 0.2309750
v 0.0000000 -0.0000000 0.2500000
v -0.0574000 0.1000000 0.1385750
v -0.1060750 0.1000000 0.1060750
v -0.1114500 0.0617250 0.1114500
v -0.0603250 0.0617250 0.1456250
v -0.0603250 0.0617250 0.1456250
v -0.1114500 0.0617250 0.1114500
v -0.1267750 0.0293000 0.1267750
v -0.0686250 0.0293000 0.1656500
v -0.0686250 0.0293000 0.1656500
v -0.1267750 0.0293000 0.1267750
v -0.1497250 0.0076000 0.1497250
v -0.0810250 0.0076000 0.1956250
v -0.0810250 0.0076000 0.1956250
v -0.1497250 0.0076000 0.1497250
v -0.1767750 -0.0000000 0.1767750
v -0.0956750 -0.0000000 0.2309750
v -0.1060750 0.1000000 0.1060750
v -0.1385750 0.1000000 0.0574000
v -0.1456250 0.0617250 0.0603250
v -0.1114500 0.0617250 0.1114500
v -0.1114500 0.0617250 0.1114500
v -0.1456250 0.0617250 0.0603250
v -0.1656500 0.0293000 0.0686250
v -0.1267750 0.0293000 0.1267750
v -0.1267750 0.0293000 0.1267750
v -0.1656500 0.0293000 0.0686250
v -0.1956250 0.0076000 0.0810250
v -0.1497250 0.0076000 0.1497250
v -0.1497250 0.0076000 0.1497250
v -0.1956250 0.0076000 0.0810250
v -0.2309750 -0.0000000 0.0956750
v -0.1767750 -0.0000000 0.1767750
v -0.1385750 0.1000000 0.0574000
v -0.1500000 0.1000000 0.0000000
v -0.1576000 0.0617250 0.0000000
v -0.1456250 0.0617250 0.0603250
v -0.1456250 0.0617250 0.0603250
v -0.1576000 0.0617250 0.0000000
v -0.1793000 0.0293000 0.0000000
v -0.1656500 0.0293000 0.0686250
v -0.1656500 0.0293000 0.0686250
v -0.1793000 0.0293000 0.0000000
v -0.2117250 0.0076000 0.0000000
v -0.1956250 0.0076000 0.0810250
v -0.1956250 0.0076000 0.0810250
v -0.2117250 0.0076000 0.0000000
v -0.2500000 -0.0000000 0.0000000
v -0.2309750 -0.0000000 0.0956750
v -0.1500000 0.1000000 0.0000000
v -0.1385750 0.1000000 -0.0574000
v -0.1456250 0.0617250 -0.0603250
v -0.1576000 0.0617250 0.0000000
v -0.1576000 0.0617250 0.0000000
v -0.1456250 0.0617250 -0.0603250
v -0.1656500 0.0293000 -0.0686250
v -0.1793000 0.0293000 0.0000000
v -0.1793000 0.0293000 0.0000000
v -0.1656500 0.0293000 -0.0686250
v -0.1956250 0.0076000 -0.0810250
v -0.2117250 0.0076000 0.0000000
v -0.2117250 0.0076000 0.0000000
v -0.1956250 0.0076000 -0.0810250
v -0.2309750 -0.0000000 -0.0956750
v -0.2500000 -0.0000000 0.0000000
v -0.1385750 0.1000000 -0.0574000
v -0.1060750 0.1000000 -0.1060750
v -0.1114500 0.0617250 -0.1114500
v -0.1456250 0.0617250 -0.0603250
v -0.1456250 0.0617250 -0.0603250
v -0.1114500 0.0617250 -0.1114500
v -0.1267750 0.0293000 -0.1267750
v -0.1656500 0.0293000 -0.0686250
v -0.1656500 0.0293000 -0.0686250
v -0.1267750 0.0293000 -0.1267750
v -0.1497250 0.0076000 -0.1497250
v -0.1956250 0.0076000 -0.0810250
v -0.1956250 0.0076000 -0.0810250
v -0.1497250 0.0076000 -0.1497250
v -0.1767750 -0.0000000 -0.1767750
v -0.2309750 -0.0000000 -0.0956750
v -0.1060750 0.1000000 -0.1060750
v -0.0574000 0.1000000 -0.1385750
v -0.0603250 0.0617250 -0.1456250
v -0.1114500 0.0617250 -0.1114500
v -0.1114500 0.0617250 -0.1114500
v -0.0603250 0.0617250 -0.1456250
v -0.0686250 0.0293000 -0.1656500
v -0.1267750 0.0293000 -0.1267750
v -0.1267750 0.0293000 -0.1267750
v -0.0686250 0.0293000 -0.1656500
v -0.0810250 0.0076000 -0.1956250
v -0.1497250 0.0076000 -0.1497250
v -0.1497250 0.0076000 -0.1497250
v -0.0810250 0.0076000 -0.1956250
v -0.0956750 -0.0000000 -0.2309750
v -0.1767750 -0.0000000 -0.1767750
v -0.0574000 0.1000000 -0.1385750
v 0.0000000 0.1000000 -0.1500000
v 0.0000000 0.0617250 -0.1576000
v -0.0603250 0.0617250 -0.1456250
v -0.0603250 0.0617250 -0.1456250
v 0.0000000 0.0617250 -0.1576000
v 0.0000000 0.0293000 -0.1793000
v -0.0686250 0.0293000 -0.1656500
v -0.0686250 0.0293000 -0.1656500
v 0.0000000 0.0293000 -0.1793000
v 0.0000000 0.0076000 -0.2117250
v -0.0810250 0.0076000 -0.1956250
v -0.0810250 0.0076000 -0.1956250
v 0.0000000 0.0076000 -0.2117250
v 0.0000000 -0.0000000 -0.2500000
v -0.0956750 -0.0000000 -0.2309750
v 0.0000000 0.1000000 -0.1500000
v 0.0574000 0.1000000 -0.1385750
v 0.0603250 0.0617250 -0.1456250
v 0.0000000 0.0617250 -0.1576000
v 0.0000000 0.0617250 -0.1576000
v 0.0603250 0.0617250 -0.1456250
v 0.0686250 0.0293000 -0.1656500
v 0.0000000 0.0293000 -0.1793000
v 0.0000000 0.0293000 -0.1793000
v 0.0686250 0.0293000 -0.1656500
v 0.0810250 0.0076000 -0.1956250
v 0.0000000 0.0076000 -0.2117250
v 0.0000000 0.0076000 -0.2117250
v 0.0810250 0.0076000 -0.1956250
v 0.0956750 -0.0000000 -0.2309750
v 0.0000000 -0.0000000 -0.2500000
v 0.0574000 0.1000000 -0.1385750
v 0.1060750 0.1000000 -0.1060750
v 0.1114500 0.0617250 -0.1114500
v 0.0603250 0.0617250 -0.1456250
v 0.0603250 0.0617250 -0.1456250
v 0.1114500 0.0617250 -0.1114500
v 0.1267750 0.0293000 -0.1267750
v 0.0686250 0.0293000 -0.1656500
v 0.0686250 0.0293000 -0.1656500
v 0.1267750 0.0293000 -0.1267750
v 0.1497250 0.0076000 -0.1497250
v 0.0810250 0.0076000 -0.1956250
v 0.0810250 0.0076000 -0.1956250
v 0.1497250 0.0076000 -0.1497250
v 0.1767750 -0.0000000 -0.1767750
v 0.0956750 -0.0000000 -0.2309750
v 0.1060750 0.1000000 -0.1060750
v 0.1385750 0.1000000 -0.0574000
v 0.1456250 0.0617250 -0.0603250
v 0.1114500 0.0617250 -0.1114500
v 0.1114500 0.0617250 -0.1114500
v 0.1456250 0.0617250 -0.0603250
v 0.1656500 0.0293000 -0.0686250
v 0.1267750 0.0293000 -0.1267750
v 0.1267750 0.0293000 -0.1267750
v 0.1656500 0.0293000 -0.0686250
v 0.1956250 0.0076000 -0.0810250
v 0.1497250 0.0076000 -0.1497250
v 0.1497250 0.0076000 -0.1497250
v 0.1956250 0.0076000 -0.0810250
v 0.2309750 -0.0000000 -0.0956750
v 0.1767750 -0.0000000 -0.1767750
v 0.1385750 0.1000000 -0.0574000
v 0.1500000 0.1000000 0.0000000
v 0.1576000 0.0617250 0.0000000
v 0.1456250 0.0617250 -0.0603250
v 0.1456250 0.0617250 -0.0603250
v 0.1576000 0.0617250 0.0000000
v 0.1793000 0.0293000 0.0000000
v 0.1656500 0.0293000 -0.0686250
v 0.1656500 0.0293000 -0.0686250
v 0.1793000 0.0293000 0.0000000
v 0.2117250 0.0076000 0.0000000
v 0.1956250 0.0076000 -0.0810250
v 0.1956250 0.0076000 -0.0810250
v 0.2117250 0.0076000 0.0000000
v 0.2500000 -0.0000000 0.0000000
v 0.2309750 -0.0000000 -0.0956750
v 0.5000000 -0.0000000 0.0000000
v 0.4619500 -0.0000000 0.1913500
v 0.4973000 -0.0076000 0.2060000
v 0.5382500 -0.0076000 0.0000000
v 0.5382500 -0.0076000 0.0000000
v 0.4973000 -0.0076000 0.2060000
v 0.5273000 -0.0293000 0.2184000
v 0.5707000 -0.0293000 0.0000000
v 0.5707000 -0.0293000 0.0000000
v 0.5273000 -0.0293000 0.2184000
v 0.5473000 -0.0617500 0.2267000
v 0.5924000 -0.0617500 0.0000000
v 0.5924000 -0.0617500 0.0000000
v 0.5473000 -0.0617500 0.2267000
v 0.5543500 -0.1000000 0.2296000
v 0.6000000 -0.1000000 0.0000000
v 0.4619500 -0.0000000 0.1913500
v 0.3535500 -0.0000000 0.3535500
v 0.3806000 -0.0076000 0.3806000
v 0.4973000 -0.0076000 0.2060000
v 0.4973000 -0.0076000 0.2060000
v 0.3806000 -0.0076000 0.3806000
v 0.4035500 -0.0293000 0.4035500
v 0.5273000 -0.0293000 0.2184000
v 0.5273000 -0.0293000 0.2184000
v 0.4035500 -0.0293000 0.4035500
v 0.4189000 -0.0617500 0.4189000
v 0.5473000 -0.0617500 0.2267000
v 0.5473000 -0.0617500 0.2267000
v 0.4189000 -0.0617500 0.4189000
v 0.4242500 -0.1000000 0.4242500
v 0.5543500 -0.1000000 0.2296000
v 0.3535500 -0.0000000 0.3535500
v 0.1913500 -0.0000000 0.4619500
v 0.2060000 -0.0076000 0.4973000
v 0.3806000 -0.0076000 0.3806000
v 0.3806000 -0.0076000 0.3806000
v 0.2060000 -0.0076000 0.4973000
v 0.2184000 -0.0293000 0.5273000
v 0.4035500 -0.0293000 0.4035500
v 0.4035500 -0.0293000 0.4035500
v 0.2184000 -0.0293000 0.5273000
v 0.2267000 -0.0617500 0.5473000
v 0.4189000 -0.0617500 0.4189000
v 0.4189000 -0.0617500 0.4189000
v 0.2267000 -0.0617500 0.5473000
v 0.2296000 -0.1000000 0.5543500
v 0.4242500 -0.1000000 0.4242500
v 0.1913500 -0.0000000 0.4619500
v 0.0000000 -0.0000000 0.5000000
v 0.0000000 -0.0076000 0.5382500
v 0.2060000 -0.0076000 0.4973000
v 0.2060000 -0.0076000 0.4973000
v 0.0000000 -0.0076000 0.5382500
v 0.0000000 -0.0293000 0.5707000
v 0.2184000 -0.0293000 0.5273000
v 0.2184000 -0.0293000 0.5273000
v 0.0000000 -0.0293000 0.5707000
v 0.0000000 -0.0617500 0.5924000
v 0.2267000 -0.0617500 0.5473000
v 0.2267000 -0.0617500 0.5473000
v 0.0000000 -0.0617500 0.5924000
v 0.0000000 -0.1000000 0.6000000
v 0.2296000 -0.1000000 0.5543500
v 0.0000000 -0.0000000 0.5000000
v -0.1913500 -0.0000000 0.4619500
v -0.2060000 -0.0076000 0.4973000
v 0.0000000 -0.0076000 0.5382500
v 0.0000000 -0.0076000 0.5382500
v -0.2060000 -0.0076000 0.4973000
v -0.2184000 -0.0293000 0.5273000
v 0.0000000 -0.0293000 0.5707000
v 0.0000000 -0.0293000 0.5707000
v -0.2184000 -0.0293000 0.5273000
v -0.2267000 -0.0617500 0.5473000
v 0.0000000 -0.0617500 0.5924000
v 0.0000000 -0.0617500 0.5924000
v -0.2267000 -0.0617500 0.5473000
v -0.2296000 -0.1000000 0.5543500
v 0.0000000 -0.1000000 0.6000000
v -0.1913500 -0.0000000 0.4619500
v -0.3535500 -0.0000000 0.3535500
v -0.3806000 -0.0076000 0.3806000
v -0.2060000 -0.0076000 0.4973000
v -0.2060000 -0.0076000 0.4973000
v -0.3806000 -0.0076000 0.3806000
v -0.4035500 -0.0293000 0.4035500
v -0.2184000 -0.0293000 0.5273000
v -0.2184000 -0.0293000 0.5273000
v -0.4035500 -0.0293000 0.4035500
v -0.4189000 -0.0617500 0.4189000
v -0.2267000 -0.0617500 0.5473000
v -0.2267000 -0.0617500 0.5473000
v -0.4189000 -0.0617500 0.4189000
v -0.4242500 -0.1000000 0.4242500
v -0.2296000 -0.1000000 0.5543500
v -0.3535500 -0.0000000 0.3535500
v -0.4619500 -0.0000000 0.1913500
v -0.4973000 -0.0076000 0.2060000
v -0.3806000 -0.0076000 0.3806000
v -0.3806000 -0.0076000 0.3806000
v -0.4973000 -0.0076000 0.2060000
v -0.5273000 -0.0293000 0.2184000
v -0.4035500 -0.0293000 0.4035500
v -0.4035500 -0.0293000 0.4035500
v -0.5273000 -0.0293000 0.2184000
v -0.5473000 -0.0617500 0.2267000
v -0.4189000 -0.0617500 0.4189000
v -0.4189000 -0.0617500 0.4189000
v -0.5473000 -0.0617500 0.2267000
v -0.5543500 -0.1000000 0.2296000
v -0.4242500 -0.1000000 0.4242500
v -0.4619500 -0.0000000 0.1913500
v -0.5000000 -0.0000000 0.0000000
v -0.5382500 -0.0076000 0.0000000
v -0.4973000 -0.0076000 0.2060000
v -0.4973000 -0.0076000 0.2060000
v -0.5382500 -0.0076000 0.0000000
v -0.5707000 -0.0293000 0.0000000
v -0.5273000 -0.0293000 0.2184000
v -0.5273000 -0.0293000 0.2184000
v -0.5707000 -0.0293000 0.0000000
v -0.5924000 -0.0617500 0.0000000
v -0.5473000 -0.0617500 0.2267000
v -0.5473000 -0.0617500 0.2267000
v -0.5924000 -0.0617500 0.0000000
v -0.6000000 -0.1000000 0.0000000
v -0.5543500 -0.1000000 0.2296000
v -0.5000000 -0.0000000 0.0000000
v -0.4619500 -0.0000000 -0.1913500
v -0.4973000 -0.0076000 -0.2060000
v -0.5382500 -0.0076000 0.0000000
v -0.5382500 -0.0076000 0.0000000
v -0.4973000 -0.0076000 -0.2060000
v -0.5273000 -0.0293000 -0.2184000
v -0.5707000 -0.0293000 0.0000000
v -0.5707000 -0.0293000 0.0000000
v -0.5273000 -0.0293000 -0.2184000
v -0.5473000 -0.0617500 -0.2267000
v -0.5924000 -0.0617500 0.0000000
v -0.5924000 -0.0617500 0.0000000
v -0.5473000 -0.0617500 -0.2267000
v -0.5543500 -0.1000000 -0.2296000
v -0.6000000 -0.1000000 0.0000000
v -0.4619500 -0.0000000 -0.1913500
v -0.3535500 -0.0000000 -0.3535500
v -0.3806000 -0.0076000 -0.3806000
v -0.4973000 -0.0076000 -0.2060000
v -0.4973000 -0.0076000 -0.2060000
v -0.3806000 -0.0076000 -0.3806000
v -0.4035500 -0.0293000 -0.4035500
v -0.5273000 -0.0293000 -0.2184000
v -0.5273000 -0.0293000 -0.2184000
v -0.4035500 -0.0293000 -0.4035500
v -0.4189000 -0.0617500 -0.4189000
v -0.5473000 -0.0617500 -0.2267000
v -0.5473000 -0.0617500 -0.2267000
v -0.4189000 -0.0617500 -0.4189000
v -0.4242500 -0.1000000 -0.4242500
v -0.5543500 -0.1000000 -0.2296000
v -0.3535500 -0.0000000 -0.3535500
v -0.1913500 -0.0000000 -0.4619500
v -0.2060000 -0.0076000 -0.4973000
v -0.3806000 -0.0076000 -0.3806000
v -0.3806000 -0.0076000 -0.3806000
v -0.2060000 -0.0076000 -0.4973000
v -0.2184000 -0.0293000 -0.5273000
v -0.4035500 -0.0293000 -0.4035500
v -0.4035500 -0.0293000 -0.4035500
v -0.2184000 -0.0293000 -0.5273000
v -0.2267000 -0.0617500 -0.5473000
v -0.4189000 -0.0617500 -0.4189000
v -0.4189000 -0.0617500 -0.4189000
v -0.2267000 -0.0617500 -0.5473000
v -0.2296000 -0.1000000 -0.5543500
v -0.4242500 -0.1000000 -0.4242500
v -0.1913500 -0.0000000 -0.4619500
v 0.0000000 -0.0000000 -0.5000000
v 0.0000000 -0.0076000 -0.5382500
v -0.2060000 -0.0076000 -0.4973000
v -0.2060000 -0.0076000 -0.4973000
v 0.0000000 -0.0076000 -0.5382500
v 0.0000000 -0.0293000 -0.5707000
v -0.2184000 -0.0293000 -0.5273000
v -0.2184000 -0.0293000 -0.5273000
v 0.0000000 -0.0293000 -0.5707000
v 0.0000000 -0.0617500 -0.5924000
v -0.2267000 -0.0617500 -0.5473000
v -0.2267000 -0.0617500 -0.5473000
v 0.0000000 -0.0617500 -0.5924000
v 0.0000000 -0.1000000 -0.6000000
v -0.2296000 -0.1000000 -0.5543500
v 0.0000000 -0.0000000 -0.5000000
v 0.1913500 -0.0000000 -0.4619500
v 0.2060000 -0.0076000 -0.4973000
v 0.0000000 -0.0076000 -0.5382500
v 0.0000000 -0.0076000 -0.5382500
v 0.2060000 -0.0076000 -0.4973000
v 0.2184000 -0.0293000 -0.5273000
v 0.0000000 -0.0293000 -0.5707000
v 0.0000000 -0.0293000 -0.5707000
v 0.2184000 -0.0293000 -0.5273000
v 0.2267000 -0.0617500 -0.5473000
v 0.0000000 -0.0617500 -0.5924000
v 0.0000000 -0.0617500 -0.5924000
v 0.2267000 -0.0617500 -0.5473000
v 0.2296000 -0.1000000 -0.5543500
v 0.0000000 -0.1000000 -0.6000000
v 0.1913500 -0.0000000 -0.4619500
v 0.3535500 -0.0000000 -0.3535500
v 0.3806000 -0.0076000 -0.3806000
v 0.2060000 -0.0076000 -0.4973000
v 0.2060000 -0.0076000 -0.4973000
v 0.3806000 -0.0076000 -0.3806000
v 0.4035500 -0.0293000 -0.4035500
v 0.2184000 -0.0293000 -0.5273000
v 0.2184000 -0.0293000 -0.5273000
v 0.4035500 -0.0293000 -0.4035500
v 0.4189000 -0.0617500 -0.4189000
v 0.2267000 -0.0617500 -0.5473000
v 0.2267000 -0.0617500 -0.5473000
v 0.4189000 -0.0617500 -0.4189000
v 0.4242500 -0.1000000 -0.4242500
v 0.2296000 -0.1000000 -0.5543500
v 0.3535500 -0.0000000 -0.3535500
v 0.4619500 -0.0000000 -0.1913500
v 0.4973000 -0.0076000 -0.2060000
v 0.3806000 -0.0076000 -0.3806000
v 0.3806000 -0.0076000 -0.3806000
v 0.4973000 -0.0076000 -0.2060000
v 0.5273000 -0.0293000 -0.2184000
v 0.4035500 -0.0293000 -0.4035500
v 0.4035500 -0.0293000 -0.4035500
v 0.5273000 -0.0293000 -0.2184000
v 0.5473000 -0.0617500 -0.2267000
v 0.4189000 -0.0617500 -0.4189000
v 0.4189000 -0.0617500 -0.4189000
v 0.5473000 -0.0617500 -0.2267000
v 0.5543500 -0.1000000 -0.2296000
v 0.4242500 -0.1000000 -0.4242500
v 0.4619500 -0.0000000 -0.1913500
v 0.5000000 -0.0000000 0.0000000
v 0.5382500 -0.0076000 0.0000000
v 0.4973000 -0.0076000 -0.2060000
v 0.4973000 -0.0076000 -0.2060000
v 0.5382500 -0.0076000 0.0000000
v 0.5707000 -0.0293000 0.0000000
v 0.5273000 -0.0293000 -0.2184000
v 0.5273000 -0.0293000 -0.2184000
v 0.5707000 -0.0293000 0.0000000
v 0.5924000 -0.0617500 0.0000000
v 0.5473000 -0.0617500 -0.2267000
v 0.5473000 -0.0617500 -0.2267000
v 0.5924000 -0.0617500 0.0000000
v 0.6000000 -0.1000000 0.0000000
v 0.5543500 -0.1000000 -0.2296000
v 0.1500000 0.8500000 0.0000000
v 0.1385850 0.8500000 0.0574050
v 0.1385850 0.1000000 0.0574050
v 0.1500000 0.1000000 0.0000000
v 0.1385850 0.8500000 0.0574050
v 0.1060650 0.8500000 0.1060650
v 0.1060650 0.1000000 0.1060650
v 0.1385850 0.1000000 0.0574050
v 0.1060650 0.8500000 0.1060650
v 0.0574050 0.8500000 0.1385850
v 0.0574050 0.1000000 0.1385850
v 0.1060650 0.1000000 0.1060650
v 0.0574050 0.8500000 0.1385850
v 0.0000000 0.8500000 0.1500000
v 0.0000000 0.1000000 0.1500000
v 0.0574050 0.1000000 0.1385850
v 0.0000000 0.8500000 0.1500000
v -0.0574050 0.8500000 0.1385850
v -0.0574050 0.1000000 0.1385850
v 0.0000000 0.1000000 0.1500000
v -0.0574050 0.8500000 0.1385850
v -0.1060650 0.8500000 0.1060650
v -0.1060650 0.1000000 0.1060650
v -0.0574050 0.1000000 0.1385850
v -0.1060650 0.8500000 0.1060650
v -0.1385850 0.8500000 0.0574050
v -0.1385850 0.1000000 0.0574050
v -0.1060650 0.1000000 0.1060650
v -0.1385850 0.8500000 0.0574050
v -0.1500000 0.8500000 0.0000000
v -0.1500000 0.1000000 0.0000000
v -0.1385850 0.1000000 0.0574050
v -0.1500000 0.8500000 0.0000000
v -0.1385850 0.8500000 -0.0574050
v -0.1385850 0.1000000 -0.0574050
v -0.1500000 0.1000000 0.0000000
v -0.1385850 0.8500000 -0.0574050
v -0.1060650 0.8500000 -0.1060650
v -0.1060650 0.1000000 -0.1060650
v -0.1385850 0.1000000 -0.0574050
v -0.1060650 0.8500000 -0.1060650
v -0.0574050 0.8500000 -0.1385850
v -0.0574050 0.1000000 -0.1385850
v -0.1060650 0.1000000 -0.1060650
v -0.0574050 0.8500000 -0.1385850
v 0.0000000 0.8500000 -0.1500000
v 0.0000000 0.1000000 -0.1500000
v -0.0574050 0.1000000 -0.1385850
v 0.0000000 0.8500000 -0.1500000
v 0.0574050 0.8500000 -0.1385850
v 0.0574050 0.1000000 -0.1385850
v 0.0000000 0.1000000 -0.1500000
v 0.0574050 0.8500000 -0.1385850
v 0.1060650 0.8500000 -0.1060650
v 0.1060650 0.1000000 -0.1060650
v 0.0574050 0.1000000 -0.1385850
v 0.1060650 0.8500000 -0.1060650
v 0.1385850 0.8500000 -0.0574050
v 0.1385850 0.1000000 -0.0574050
v 0.1060650 0.1000000 -0.1060650
v 0.1385850 0.8500000 -0.0574050
v 0.1500000 0.8500000 0.0000000
v 0.1500000 0.1000000 0.0000000
v 0.1385850 0.1000000 -0.0574050
v 0.1500000 1.1500000 0.0000000
v 0.1385850 1.1500000 0.0574050
v 0.1385850 1.0000000 0.0574050
v 0.1500000 1.0000000 0.0000000
v 0.1385850 1.1500000 0.0574050
v 0.1060650 1.1500000 0.1060650
v 0.1060650 1.0000000 0.1060650
v 0.1385850 1.0000000 0.0574050
v 0.1060650 1.1500000 0.1060650
v 0.0574050 1.1500000 0.1385850
v 0.0574050 1.0000000 0.1385850
v 0.1060650 1.0000000 0.1060650
v 0.0574050 1.1500000 0.1385850
v 0.0000000 1.1500000 0.1500000
v 0.0000000 1.0000000 0.1500000
v 0.0574050 1.0000000 0.1385850
v 0.0000000 1.1500000 0.1500000
v -0.0574050 1.1500000 0.1385850
v -0.0574050 1.0000000 0.1385850
v 0.0000000 1.0000000 0.1500000
v -0.0574050 1.1500000 0.1385850
v -0.1060650 1.1500000 0.1060650
v -0.1060650 1.0000000 0.1060650
v -0.0574050 1.0000000 0.1385850
v -0.1060650 1.1500000 0.1060650
v -0.1385850 1.1500000 0.0574050
v -0.1385850 1.0000000 0.0574050
v -0.1060650 1.0000000 0.1060650
v -0.1385850 1.1500000 0.0574050
v -0.1500000 1.1500000 0.0000000
v -0.1500000 1.0000000 0.0000000
v -0.1385850 1.0000000 0.0574050
v -0.1500000 1.1500000 0.0000000
v -0.1385850 1.1500000 -0.0574050
v -0.1385850 1.0000000 -0.0574050
v -0.1500000 1.0000000 0.0000000
v -0.1385850 1.1500000 -0.0574050
v -0.1060650 1.1500000 -0.1060650
v -0.1060650 1.0000000 -0.1060650
v -0.1385850 1.0000000 -0.0574050
v -0.1060650 1.1500000 -0.1060650
v -0.0574050 1.1500000 -0.1385850
v -0.0574050 1.0000000 -0.1385850
v -0.1060650 1.0000000 -0.1060650
v -0.0574050 1.1500000 -0.1385850
v 0.0000000 1.1500000 -0.1500000
v 0.0000000 1.0000000 -0.1500000
v -0.0574050 1.0000000 -0.1385850
v 0.0000000 1.1500000 -0.1500000
v 0.0574050 1.1500000 -0.1385850
v 0.0574050 1.0000000 -0.1385850
v 0.0000000 1.0000000 -0.1500000
v 0.0574050 1.1500000 -0.1385850
v 0.1060650 1.1500000 -0.1060650
v 0.1060650 1.0000000 -0.1060650
v 0.0574050 1.0000000 -0.1385850
v 0.1060650 1.1500000 -0.1060650
v 0.1385850 1.1500000 -0.0574050
v 0.1385850 1.0000000 -0.0574050
v 0.1060650 1.0000000 -0.1060650
v 0.1385850 1.1500000 -0.0574050
v 0.1500000 1.1500000 0.0000000
v 0.1500000 1.0000000 0.0000000
v 0.1385850 1.0000000 -0.0574050
v 0.1375000 1.4500000 0.0000000
v 0.1270363 1.4500000 0.0526213
v 0.1270363 1.3000000 0.0526213
v 0.1375000 1.3000000 0.0000000
v 0.1270363 1.4500000 0.0526213
v 0.0972263 1.4500000 0.0972263
v 0.0972263 1.3000000 0.0972263
v 0.1270363 1.3000000 0.0526213
v 0.0972263 1.4500000 0.0972263
v 0.0526213 1.4500000 0.1270363
v 0.0526213 1.3000000 0.1270363
v 0.0972263 1.3000000 0.0972263
v 0.0526213 1.4500000 0.1270363
v 0.0000000 1.4500000 0.1375000
v 0.0000000 1.3000000 0.1375000
v 0.0526213 1.3000000 0.1270363
v 0.0000000 1.4500000 0.1375000
v -0.0526213 1.4500000 0.1270363
v -0.0526213 1.3000000 0.1270363
v 0.0000000 1.3000000 0.1375000
v -0.0526213 1.4500000 0.1270363
v -0.0972263 1.4500000 0.0972263
v -0.0972263 1.3000000 0.0972263
v -0.0526213 1.3000000 0.1270363
v -0.0972263 1.4500000 0.0972263
v -0.1270363 1.4500000 0.0526213
v -0.1270363 1.3000000 0.0526213
v -0.0972263 1.3000000 0.0972263
v -0.1270363 1.4500000 0.0526213
v -0.1375000 1.4500000 0.0000000
v -0.1375000 1.3000000 0.0000000
v -0.1270363 1.3000000 0.0526213
v -0.1375000 1.4500000 0.0000000
v -0.1270363 1.4500000 -0.0526213
v -0.1270363 1.3000000 -0.0526213
v -0.1375000 1.3000000 0.0000000
v -0.1270363 1.4500000 -0.0526213
v -0.0972263 1.4500000 -0.0972263
v -0.0972263 1.3000000 -0.0972263
v -0.1270363 1.3000000 -0.0526213
v -0.0972263 1.4500000 -0.0972263
v -0.0526213 1.4500000 -0.1270363
v -0.0526213 1.3000000 -0.1270363
v -0.0972263 1.3000000 -0.0972263
v -0.0526213 1.4500000 -0.1270363
v 0.0000000 1.4500000 -0.1375000
v 0.0000000 1.3000000 -0.1375000
v -0.0526213 1.3000000 -0.1270363
v 0.0000000 1.4500000 -0.1375000
v 0.0526213 1.4500000 -0.1270363
v 0.0526213 1.3000000 -0.1270363
v 0.0000000 1.3000000 -0.1375000
v 0.0526213 1.4500000 -0.1270363
v 0.0972263 1.4500000 -0.0972263
v 0.0972263 1.3000000 -0.0972263
v 0.0526213 1.3000000 -0.1270363
v 0.0972263 1.4500000 -0.0972263
v 0.1270363 1.4500000 -0.0526213
v 0.1270363 1.3000000 -0.0526213
v 0.0972263 1.3000000 -0.0972263
v 0.1270363 1.4500000 -0.0526213
v 0.1375000 1.4500000 0.0000000
v 0.1375000 1.3000000 0.0000000
v 0.1270363 1.3000000 -0.0526213
v 0.1375000 1.7500000 0.0000000
v 0.1270363 1.7500000 0.0526213
v 0.1270363 1.6000000 0.0526213
v 0.1375000 1.6000000 0.0000000
v 0.1270363 1.7500000 0.0526213
v 0.0972263 1.7500000 0.0972263
v 0.0972263 1.6000000 0.0972263
v 0.1270363 1.6000000 0.0526213
v 0.0972263 1.7500000 0.0972263
v 0.0526213 1.7500000 0.1270363
v 0.0526213 1.6000000 0.1270363
v 0.0972263 1.6000000 0.0972263
v 0.0526213 1.7500000 0.1270363
v 0.0000000 1.7500000 0.1375000
v 0.0000000 1.6000000 0.1375000
v 0.0526213 1.6000000 0.1270363
v 0.0000000 1.7500000 0.1375000
v -0.0526213 1.7500000 0.1270363
v -0.0526213 1.6000000 0.1270363
v 0.0000000 1.6000000 0.1375000
v -0.0526213 1.7500000 0.1270363
v -0.0972263 1.7500000 0.0972263
v -0.0972263 1.6000000 0.0972263
v -0.0526213 1.6000000 0.1270363
v -0.0972263 1.7500000 0.0972263
v -0.1270363 1.7500000 0.0526213
v -0.1270363 1.6000000 0.0526213
v -0.0972263 1.6000000 0.0972263
v -0.1270363 1.7500000 0.0526213
v -0.1375000 1.7500000 0.0000000
v -0.1375000 1.6000000 0.0000000
v -0.1270363 1.6000000 0.0526213
v -0.1375000 1.7500000 0.0000000
v -0.1270363 1.7500000 -0.0526213
v -0.1270363 1.6000000 -0.0526213
v -0.1375000 1.6000000 0.0000000
v -0.1270363 1.7500000 -0.0526213
v -0.0972263 1.7500000 -0.0972263
v -0.0972263 1.6000000 -0.0972263
v -0.1270363 1.6000000 -0.0526213
v -0.0972263 1.7500000 -0.0972263
v -0.0526213 1.7500000 -0.1270363
v -0.0526213 1.6000000 -0.1270363
v -0.0972263 1.6000000 -0.0972263
v -0.0526213 1.7500000 -0.1270363
v 0.0000000 1.7500000 -0.1375000
v 0.0000000 1.6000000 -0.1375000
v -0.0526213 1.6000000 -0.1270363
v 0.0000000 1.7500000 -0.1375000
v 0.0526213 1.7500000 -0.1270363
v 0.0526213 1.6000000 -0.1270363
v 0.0000000 1.6000000 -0.1375000
v 0.0526213 1.7500000 -0.1270363
v 0.0972263 1.7500000 -0.0972263
v 0.0972263 1.6000000 -0.0972263
v 0.0526213 1.6000000 -0.1270363
v 0.0972263 1.7500000 -0.0972263
v 0.1270363 1.7500000 -0.0526213
v 0.1270363 1.6000000 -0.0526213
v 0.0972263 1.6000000 -0.0972263
v 0.1270363 1.7500000 -0.0526213
v 0.1375000 1.7500000 0.0000000
v 0.1375000 1.6000000 0.0000000
v 0.1270363 1.6000000 -0.0526213
v 0.1375000 2.0500000 0.0000000
v 0.1270363 2.0500000 0.0526213
v 0.1270363 1.9000000 0.0526213
v 0.1375000 1.9000000 0.0000000
v 0.1270363 2.0500000 0.0526213
v 0.0972263 2.0500000 0.0972263
v 0.0972263 1.9000000 0.0972263
v 0.1270363 1.9000000 0.0526213
v 0.0972263 2.0500000 0.0972263
v 0.0526213 2.0500000 0.1270363
v 0.0526213 1.9000000 0.1270363
v 0.0972263 1.9000000 0.0972263
v 0.0526213 2.0500000 0.1270363
v 0.0000000 2.0500000 0.1375000
v 0.0000000 1.9000000 0.1375000
v 0.0526213 1.9000000 0.1270363
v 0.0000000 2.0500000 0.1375000
v -0.0526213 2.0500000 0.1270363
v -0.0526213 1.9000000 0.1270363
v 0.0000000 1.9000000 0.1375000
v -0.0526213 2.0500000 0.1270363
v -0.0972263 2.0500000 0.0972263
v -0.0972263 1.9000000 0.0972263
v -0.0526213 1.9000000 0.1270363
v -0.0972263 2.0500000 0.0972263
v -0.1270363 2.0500000 0.0526213
v -0.1270363 1.9000000 0.0526213
v -0.0972263 1.9000000 0.0972263
v -0.1270363 2.0500000 0.0526213
v -0.1375000 2.0500000 0.0000000
v -0.1375000 1.9000000 0.0000000
v -0.1270363 1.9000000 0.0526213
v -0.1375000 2.0500000 0.0000000
v -0.1270363 2.0500000 -0.0526213
v -0.1270363 1.9000000 -0.0526213
v -0.1375000 1.9000000 0.0000000
v -0.1270363 2.0500000 -0.0526213
v -0.0972263 2.0500000 -0.0972263
v -0.0972263 1.9000000 -0.0972263
v -0.1270363 1.9000000 -0.0526213
v -0.0972263 2.0500000 -0.0972263
v -0.0526213 2.0500000 -0.1270363
v -0.0526213 1.9000000 -0.1270363
v -0.0972263 1.9000000 -0.0972263
v -0.0526213 2.0500000 -0.1270363
v 0.0000000 2.0500000 -0.1375000
v 0.0000000 1.9000000 -0.1375000
v -0.0526213 1.9000000 -0.1270363
v 0.0000000 2.0500000 -0.1375000
v 0.0526213 2.0500000 -0.1270363
v 0.0526213 1.9000000 -0.1270363
v 0.0000000 1.9000000 -0.1375000
v 0.0526213 2.0500000 -0.1270363
v 0.0972263 2.0500000 -0.0972263
v 0.0972263 1.9000000 -0.0972263
v 0.0526213 1.9000000 -0.1270363
v 0.0972263 2.0500000 -0.0972263
v 0.1270363 2.0500000 -0.0526213
v 0.1270363 1.9000000 -0.0526213
v 0.0972263 1.9000000 -0.0972263
v 0.1270363 2.0500000 -0.0526213
v 0.1375000 2.0500000 0.0000000
v 0.1375000 1.9000000 0.0000000
v 0.1270363 1.9000000 -0.0526213
v 0.1375000 2.3500000 0.0000000
v 0.1270363 2.3500000 0.0526213
v 0.1270363 2.2000000 0.0526213
v 0.1375000 2.2000000 0.0000000
v 0.1270363 2.3500000 0.0526213
v 0.0972263 2.3500000 0.0972263
v 0.0972263 2.2000000 0.0972263
v 0.1270363 2.2000000 0.0526213
v 0.0972263 2.3500000 0.0972263
v 0.0526213 2.3500000 0.1270363
v 0.0526213 2.2000000 0.1270363
v 0.0972263 2.2000000 0.0972263
v 0.0526213 2.3500000 0.1270363
v 0.0000000 2.3500000 0.1375000
v 0.0000000 2.2000000 0.1375000
v 0.0526213 2.2000000 0.1270363
v 0.0000000 2.3500000 0.1375000
v -0.0526213 2.3500000 0.1270363
v -0.0526213 2.2000000 0.1270363
v 0.0000000 2.2000000 0.1375000
v -0.0526213 2.3500000 0.1270363
v -0.0972263 2.3500000 0.0972263
v -0.0972263 2.2000000 0.0972263
v -0.0526213 2.2000000 0.1270363
v -0.0972263 2.3500000 0.0972263
v -0.1270363 2.3500000 0.0526213
v -0.1270363 2.2000000 0.0526213
v -0.0972263 2.2000000 0.0972263
v -0.1270363 2.3500000 0.0526213
v -0.1375000 2.3500000 0.0000000
v -0.1375000 2.2000000 0.0000000
v -0.1270363 2.2000000 0.0526213
v -0.1375000 2.3500000 0.0000000
v -0.1270363 2.3500000 -0.0526213
v -0.1270363 2.2000000 -0.0526213
v -0.1375000 2.2000000 0.0000000
v -0.1270363 2.3500000 -0.0526213
v -0.0972263 2.3500000 -0.0972263
v -0.0972263 2.2000000 -0.0972263
v -0.1270363 2.2000000 -0.0526213
v -0.0972263 2.3500000 -0.0972263
v -0.0526213 2.3500000 -0.1270363
v -0.0526213 2.2000000 -0.1270363
v -0.0972263 2.2000000 -0.0972263
v -0.0526213 2.3500000 -0.1270363
v 0.0000000 2.3500000 -0.1375000
v 0.0000000 2.2000000 -0.1375000
v -0.0526213 2.2000000 -0.1270363
v 0.0000000 2.3500000 -0.1375000
v 0.0526213 2.3500000 -0.1270363
v 0.0526213 2.2000000 -0.1270363
v 0.0000000 2.2000000 -0.1375000
v 0.0526213 2.3500000 -0.1270363
v 0.0972263 2.3500000 -0.0972263
v 0.0972263 2.2000000 -0.0972263
v 0.0526213 2.2000000 -0.1270363
v 0.0972263 2.3500000 -0.0972263
v 0.1270363 2.3500000 -0.0526213
v 0.1270363 2.2000000 -0.0526213
v 0.0972263 2.2000000 -0.0972263
v 0.1270363 2.3500000 -0.0526213
v 0.1375000 2.3500000 0.0000000
v 0.1375000 2.2000000 0.0000000
v 0.1270363 2.2000000 -0.0526213
v 0.1250000 2.6500000 0.0000000
v 0.1154875 2.6500000 0.0478375
v 0.1154875 2.5000000 0.0478375
v 0.1250000 2.5000000 0.0000000
v 0.1154875 2.6500000 0.0478375
v 0.0883875 2.6500000 0.0883875
v 0.0883875 2.5000000 0.0883875
v 0.1154875 2.5000000 0.0478375
v 0.0883875 2.6500000 0.0883875
v 0.0478375 2.6500000 0.1154875
v 0.0478375 2.5000000 0.1154875
v 0.0883875 2.5000000 0.0883875
v 0.0478375 2.6500000 0.1154875
v 0.0000000 2.6500000 0.1250000
v 0.0000000 2.5000000 0.1250000
v 0.0478375 2.5000000 0.1154875
v 0.0000000 2.6500000 0.1250000
v -0.0478375 2.6500000 0.1154875
v -0.0478375 2.5000000 0.1154875
v 0.0000000 2.5000000 0.1250000
v -0.0478375 2.6500000 0.1154875
v -0.0883875 2.6500000 0.0883875
v -0.0883875 2.5000000 0.0883875
v -0.0478375 2.5000000 0.1154875
v -0.0883875 2.6500000 0.0883875
v -0.1154875 2.6500000 0.0478375
v -0.1154875 2.5000000 0.0478375
v -0.0883875 2.5000000 0.0883875
v -0.1154875 2.6500000 0.0478375
v -0.1250000 2.6500000 0.0000000
v -0.1250000 2.5000000 0.0000000
v -0.1154875 2.5000000 0.0478375
v -0.1250000 2.6500000 0.0000000
v -0.1154875 2.6500000 -0.0478375
v -0.1154875 2.5000000 -0.0478375
v -0.1250000 2.5000000 0.0000000
v -0.1154875 2.6500000 -0.0478375
v -0.0883875 2.6500000 -0.0883875
v -0.0883875 2.5000000 -0.0883875
v -0.1154875 2.5000000 -0.0478375
v -0.0883875 2.6500000 -0.0883875
v -0.0478375 2.6500000 -0.1154875
v -0.0478375 2.5000000 -0.1154875
v -0.0883875 2.5000000 -0.0883875
v -0.0478375 2.6500000 -0.1154875
v 0.0000000 2.6500000 -0.1250000
v 0.0000000 2.5000000 -0.1250000
v -0.0478375 2.5000000 -0.1154875
v 0.0000000 2.6500000 -0.1250000
v 0.0478375 2.6500000 -0.1154875
v 0.0478375 2.5000000 -0.1154875
v 0.0000000 2.5000000 -0.1250000
v 0.0478375 2.6500000 -0.1154875
v 0.0883875 2.6500000 -0.0883875
v 0.0883875 2.5000000 -0.0883875
v 0.0478375 2.5000000 -0.1154875
v 0.0883875 2.6500000 -0.0883875
v 0.1154875 2.6500000 -0.0478375
v 0.1154875 2.5000000 -0.0478375
v 0.0883875 2.5000000 -0.0883875
v 0.1154875 2.6500000 -0.0478375
v 0.1250000 2.6500000 0.0000000
v 0.1250000 2.5000000 0.0000000
v 0.1154875 2.5000000 -0.0478375
v 0.1250000 2.9500000 0.0000000
v 0.1154875 2.9500000 0.0478375
v 0.1154875 2.8000000 0.0478375
v 0.1250000 2.8000000 0.0000000
v 0.1154875 2.9500000 0.0478375
v 0.0883875 2.9500000 0.0883875
v 0.0883875 2.8000000 0.0883875
v 0.1154875 2.8000000 0.0478375
v 0.0883875 2.9500000 0.0883875
v 0.0478375 2.9500000 0.1154875
v 0.0478375 2.8000000 0.1154875
v 0.0883875 2.8000000 0.0883875
v 0.0478375 2.9500000 0.1154875
v 0.0000000 2.9500000 0.1250000
v 0.0000000 2.8000000 0.1250000
v 0.0478375 2.8000000 0.1154875
v 0.0000000 2.9500000 0.1250000
v -0.0478375 2.9500000 0.1154875
v -0.0478375 2.8000000 0.1154875
v 0.0000000 2.8000000 0.1250000
v -0.0478375 2.9500000 0.1154875
v -0.0883875 2.9500000 0.0883875
v -0.0883875 2.8000000 0.0883875
v -0.0478375 2.8000000 0.1154875
v -0.0883875 2.9500000 0.0883875
v -0.1154875 2.9500000 0.0478375
v -0.1154875 2.8000000 0.0478375
v -0.0883875 2.8000000 0.0883875
v -0.1154875 2.9500000 0.0478375
v -0.1250000 2.9500000 0.0000000
v -0.1250000 2.8000000 0.0000000
v -0.1154875 2.8000000 0.0478375
v -0.1250000 2.9500000 0.0000000
v -0.1154875 2.9500000 -0.0478375
v -0.1154875 2.8000000 -0.0478375
v -0.1250000 2.8000000 0.0000000
v -0.1154875 2.9500000 -0.0478375
v -0.0883875 2.9500000 -0.0883875
v -0.0883875 2.8000000 -0.0883875
v -0.1154875 2.8000000 -0.0478375
v -0.0883875 2.9500000 -0.0883875
v -0.0478375 2.9500000 -0.1154875
v -0.0478375 2.8000000 -0.1154875
v -0.0883875 2.8000000 -0.0883875
v -0.0478375 2.9500000 -0.1154875
v 0.0000000 2.9500000 -0.1250000
v 0.0000000 2.8000000 -0.1250000
v -0.0478375 2.8000000 -0.1154875
v 0.0000000 2.9500000 -0.1250000
v 0.0478375 2.9500000 -0.1154875
v 0.0478375 2.8000000 -0.1154875
v 0.0000000 2.8000000 -0.1250000
v 0.0478375 2.9500000 -0.1154875
v 0.0883875 2.9500000 -0.0883875
v 0.0883875 2.8000000 -0.0883875
v 0.0478375 2.8000000 -0.1154875
v 0.0883875 2.9500000 -0.0883875
v 0.1154875 2.9500000 -0.0478375
v 0.1154875 2.8000000 -0.0478375
v 0.0883875 2.8000000 -0.0883875
v 0.1154875 2.9500000 -0.0478375
v 0.1250000 2.9500000 0.0000000
v 0.1250000 2.8000000 0.0000000
v 0.1154875 2.8000000 -0.0478375
v 0.1250000 3.2500000 0.0000000
v 0.1154875 3.2500000 0.0382700
v 0.1154875 3.1000000 0.0382700
v 0.1250000 3.1000000 0.0000000
v 0.1154875 3.2500000 0.0382700
v 0.0883875 3.2500000 0.0707100
v 0.0883875 3.1000000 0.0707100
v 0.1154875 3.1000000 0.0382700
v 0.0883875 3.2500000 0.0707100
v 0.0478375 3.2500000 0.0923900
v 0.0478375 3.1000000 0.0923900
v 0.0883875 3.1000000 0.0707100
v 0.0478375 3.2500000 0.0923900
v 0.0000000 3.2500000 0.1000000
v 0.0000000 3.1000000 0.1000000
v 0.0478375 3.1000000 0.0923900
v 0.0000000 3.2500000 0.1000000
v -0.0478375 3.2500000 0.0923900
v -0.0478375 3.1000000 0.0923900
v 0.0000000 3.1000000 0.1000000
v -0.0478375 3.2500000 0.0923900
v -0.0883875 3.2500000 0.0707100
v -0.0883875 3.1000000 0.0707100
v -0.0478375 3.1000000 0.0923900
v -0.0883875 3.2500000 0.0707100
v -0.1154875 3.2500000 0.0382700
v -0.1154875 3.1000000 0.0382700
v -0.0883875 3.1000000 0.0707100
v -0.1154875 3.2500000 0.0382700
v -0.1250000 3.2500000 0.0000000
v -0.1250000 3.1000000 0.0000000
v -0.1154875 3.1000000 0.0382700
v -0.1250000 3.2500000 0.0000000
v -0.1154875 3.2500000 -0.0382700
v -0.1154875 3.1000000 -0.0382700
v -0.1250000 3.1000000 0.0000000
v -0.1154875 3.2500000 -0.0382700
v -0.0883875 3.2500000 -0.0707100
v -0.0883875 3.1000000 -0.0707100
v -0.1154875 3.1000000 -0.0382700
v -0.0883875 3.2500000 -0.0707100
v -0.0478375 3.2500000 -0.0923900
v -0.0478375 3.1000000 -0.0923900
v -0.0883875 3.1000000 -0.0707100
v -0.0478375 3.2500000 -0.0923900
v 0.0000000 3.2500000 -0.1000000
v 0.0000000 3.1000000 -0.1000000
v -0.0478375 3.1000000 -0.0923900
v 0.0000000 3.2500000 -0.1000000
v 0.0478375 3.2500000 -0.0923900
v 0.0478375 3.1000000 -0.0923900
v 0.0000000 3.1000000 -0.1000000
v 0.0478375 3.2500000 -0.0923900
v 0.0883875 3.2500000 -0.0707100
v 0.0883875 3.1000000 -0.0707100
v 0.0478375 3.1000000 -0.0923900
v 0.0883875 3.2500000 -0.0707100
v 0.1154875 3.2500000 -0.0382700
v 0.1154875 3.1000000 -0.0382700
v 0.0883875 3.1000000 -0.0707100
v 0.1154875 3.2500000 -0.0382700
v 0.1250000 3.2500000 0.0000000
v 0.1250000 3.1000000 0.0000000
v 0.1154875 3.1000000 -0.0382700
v 0.1250000 3.5500000 0.0000000
v 0.1154875 3.5500000 0.0478375
v 0.1154875 3.4000000 0.0478375
v 0.1250000 3.4000000 0.0000000
v 0.1154875 3.5500000 0.0478375
v 0.0883875 3.5500000 0.0883875
v 0.0883875 3.4000000 0.0883875
v 0.1154875 3.4000000 0.0478375
v 0.0883875 3.5500000 0.0883875
v 0.0478375 3.5500000 0.1154875
v 0.0478375 3.4000000 0.1154875
v 0.0883875 3.4000000 0.0883875
v 0.0478375 3.5500000 0.1154875
v 0.0000000 3.5500000 0.1250000
v 0.0000000 3.4000000 0.1250000
v 0.0478375 3.4000000 0.1154875
v 0.0000000 3.5500000 0.1250000
v -0.0478375 3.5500000 0.1154875
v -0.0478375 3.4000000 0.1154875
v 0.0000000 3.4000000 0.1250000
v -0.0478375 3.5500000 0.1154875
v -0.0883875 3.5500000 0.0883875
v -0.0883875 3.4000000 0.0883875
v -0.0478375 3.4000000 0.1154875
v -0.0883875 3.5500000 0.0883875
v -0.1154875 3.5500000 0.0478375
v -0.1154875 3.4000000 0.0478375
v -0.0883875 3.4000000 0.0883875
v -0.1154875 3.5500000 0.0478375
v -0.1250000 3.5500000 0.0000000
v -0.1250000 3.4000000 0.0000000
v -0.1154875 3.4000000 0.0478375
v -0.1250000 3.5500000 0.0000000
v -0.1154875 3.5500000 -0.0478375
v -0.1154875 3.4000000 -0.0478375
v -0.1250000 3.4000000 0.0000000
v -0.1154875 3.5500000 -0.0478375
v -0.0883875 3.5500000 -0.0883875
v -0.0883875 3.4000000 -0.0883875
v -0.1154875 3.4000000 -0.0478375
v -0.0883875 3.5500000 -0.0883875
v -0.0478375 3.5500000 -0.1154875
v -0.0478375 3.4000000 -0.1154875
v -0.0883875 3.4000000 -0.0883875
v -0.0478375 3.5500000 -0.1154875
v 0.0000000 3.5500000 -0.1250000
v 0.0000000 3.4000000 -0.1250000
v -0.0478375 3.4000000 -0.1154875
v 0.0000000 3.5500000 -0.1250000
v 0.0478375 3.5500000 -0.1154875
v 0.0478375 3.4000000 -0.1154875
v 0.0000000 3.4000000 -0.1250000
v 0.0478375 3.5500000 -0.1154875
v 0.0883875 3.5500000 -0.0883875
v 0.0883875 3.4000000 -0.0883875
v 0.0478375 3.4000000 -0.1154875
v 0.0883875 3.5500000 -0.0883875
v 0.1154875 3.5500000 -0.0478375
v 0.1154875 3.4000000 -0.0478375
v 0.0883875 3.4000000 -0.0883875
v 0.1154875 3.5500000 -0.0478375
v 0.1250000 3.5500000 0.0000000
v 0.1250000 3.4000000 0.0000000
v 0.1154875 3.4000000 -0.0478375
v 0.0000000 3.5500000 0.0000000
v 0.1500000 3.5500000 0.0000000
v 0.1385850 3.5500000 0.0574050
v 0.0000000 3.5500000 0.0000000
v 0.1385850 3.5500000 0.0574050
v 0.1060650 3.5500000 0.1060650
v 0.0000000 3.5500000 0.0000000
v 0.1060650 3.5500000 0.1060650
v 0.0574050 3.5500000 0.1385850
v 0.0000000 3.5500000 0.0000000
v 0.0574050 3.5500000 0.1385850
v 0.0000000 3.5500000 0.1500000
v 0.0000000 3.5500000 0.0000000
v 0.0000000 3.5500000 0.1500000
v -0.0574050 3.5500000 0.1385850
v 0.0000000 3.5500000 0.0000000
v -0.0574050 3.5500000 0.1385850
v -0.1060650 3.5500000 0.1060650
v 0.0000000 3.5500000 0.0000000
v -0.1060650 3.5500000 0.1060650
v -0.1385850 3.5500000 0.0574050
v 0.0000000 3.5500000 0.0000000
v -0.1385850 3.5500000 0.0574050
v -0.1500000 3.5500000 0.0000000
v 0.0000000 3.5500000 0.0000000
v -0.1500000 3.5500000 0.0000000
v -0.1385850 3.5500000 -0.0574050
v 0.0000000 3.5500000 0.0000000
v -0.1385850 3.5500000 -0.0574050
v -0.1060650 3.5500000 -0.1060650
v 0.0000000 3.5500000 0.0000000
v -0.1060650 3.5500000 -0.1060650
v -0.0574050 3.5500000 -0.1385850
v 0.0000000 3.5500000 0.0000000
v -0.0574050 3.5500000 -0.1385850
v 0.0000000 3.5500000 -0.1500000
v 0.0000000 3.5500000 0.0000000
v 0.0000000 3.5500000 -0.1500000
v 0.0574050 3.5500000 -0.1385850
v 0.0000000 3.5500000 0.0000000
v 0.0574050 3.5500000 -0.1385850
v 0.1060650 3.5500000 -0.1060650
v 0.0000000 3.5500000 0.0000000
v 0.1060650 3.5500000 -0.1060650
v 0.1385850 3.5500000 -0.0574050
v 0.0000000 3.5500000 0.0000000
v 0.1385850 3.5500000 -0.0574050
v 0.1500000 3.5500000 0.0000000
v 0.1500000 3.7000000 0.0000000
v 0.1385850 3.7000000 0.0574050
v 0.1385850 3.5500000 0.0574050
v 0.1500000 3.5500000 0.0000000
v 0.1385850 3.7000000 0.0574050
v 0.1060650 3.7000000 0.1060650
v 0.1060650 3.5500000 0.1060650
v 0.1385850 3.5500000 0.0574050
v 0.1060650 3.7000000 0.1060650
v 0.0574050 3.7000000 0.1385850
v 0.0574050 3.5500000 0.1385850
v 0.1060650 3.5500000 0.1060650
v 0.0574050 3.7000000 0.1385850
v 0.0000000 3.7000000 0.1500000
v 0.0000000 3.5500000 0.1500000
v 0.0574050 3.5500000 0.1385850
v 0.0000000 3.7000000 0.1500000
v -0.0574050 3.7000000 0.1385850
v -0.0574050 3.5500000 0.1385850
v 0.0000000 3.5500000 0.1500000
v -0.0574050 3.7000000 0.1385850
v -0.1060650 3.7000000 0.1060650
v -0.1060650 3.5500000 0.1060650
v -0.0574050 3.5500000 0.1385850
v -0.1060650 3.7000000 0.1060650
v -0.1385850 3.7000000 0.0574050
v -0.1385850 3.5500000 0.0574050
v -0.1060650 3.5500000 0.1060650
v -0.1385850 3.7000000 0.0574050
v -0.1500000 3.7000000 0.0000000
v -0.1500000 3.5500000 0.0000000
v -0.1385850 3.5500000 0.0574050
v -0.1500000 3.7000000 0.0000000
v -0.1385850 3.7000000 -0.0574050
v -0.1385850 3.5500000 -0.0574050
v -0.1500000 3.5500000 0.0000000
v -0.1385850 3.7000000 -0.0574050
v -0.1060650 3.7000000 -0.1060650
v -0.1060650 3.5500000 -0.1060650
v -0.1385850 3.5500000 -0.0574050
v -0.1060650 3.7000000 -0.1060650
v -0.0574050 3.7000000 -0.1385850
v -0.0574050 3.5500000 -0.1385850
v -0.1060650 3.5500000 -0.1060650
v -0.0574050 3.7000000 -0.1385850
v 0.0000000 3.7000000 -0.1500000
v 0.0000000 3.5500000 -0.1500000
v -0.0574050 3.5500000 -0.1385850
v 0.0000000 3.7000000 -0.1500000
v 0.0574050 3.7000000 -0.1385850
v 0.0574050 3.5500000 -0.1385850
v 0.0000000 3.5500000 -0.1500000
v 0.0574050 3.7000000 -0.1385850
v 0.1060650 3.7000000 -0.1060650
v 0.1060650 3.5500000 -0.1060650
v 0.0574050 3.5500000 -0.1385850
v 0.1060650 3.7000000 -0.1060650
v 0.1385850 3.7000000 -0.0574050
v 0.1385850 3.5500000 -0.0574050
v 0.1060650 3.5500000 -0.1060650
v 0.1385850 3.7000000 -0.0574050
v 0.1500000 3.7000000 0.0000000
v 0.1500000 3.5500000 0.0000000
v 0.1385850 3.5500000 -0.0574050
v 0.1500000 3.7000000 0.0000000
v 0.1385850 3.7287025 0.0000000
v 0.1385850 3.7000000 0.0574050
v 0.1385850 3.7287025 0.0000000
v 0.1175400 3.7329475 0.0658950
v 0.1385850 3.7000000 0.0574050
v 0.1385850 3.7000000 0.0574050
v 0.1175400 3.7329475 0.0658950
v 0.1060650 3.7000000 0.1060650
v 0.1175400 3.7329475 0.0658950
v 0.0658950 3.7329475 0.1175400
v 0.1060650 3.7000000 0.1060650
v 0.1060650 3.7000000 0.1060650
v 0.0658950 3.7329475 0.1175400
v 0.0574050 3.7000000 0.1385850
v 0.0658950 3.7329475 0.1175400
v 0.0000000 3.7287025 0.1385850
v 0.0574050 3.7000000 0.1385850
v 0.0574050 3.7000000 0.1385850
v 0.0000000 3.7287025 0.1385850
v 0.0000000 3.7000000 0.1500000
v 0.1385850 3.7287025 0.0000000
v 0.1060650 3.7530325 0.0000000
v 0.1175400 3.7329475 0.0658950
v 0.1060650 3.7530325 0.0000000
v 0.0658950 3.7587700 0.0658950
v 0.1175400 3.7329475 0.0658950
v 0.1175400 3.7329475 0.0658950
v 0.0658950 3.7587700 0.0658950
v 0.0658950 3.7329475 0.1175400
v 0.0658950 3.7587700 0.0658950
v 0.0000000 3.7530325 0.1060650
v 0.0658950 3.7329475 0.1175400
v 0.0658950 3.7329475 0.1175400
v 0.0000000 3.7530325 0.1060650
v 0.0000000 3.7287025 0.1385850
v 0.1060650 3.7530325 0.0000000
v 0.0574050 3.7692925 0.0000000
v 0.0658950 3.7587700 0.0658950
v 0.0574050 3.7692925 0.0000000
v 0.0000000 3.7692925 0.0574050
v 0.0658950 3.7587700 0.0658950
v 0.0658950 3.7587700 0.0658950
v 0.0000000 3.7692925 0.0574050
v 0.0000000 3.7530325 0.1060650
v 0.0574050 3.7692925 0.0000000
v 0.0000000 3.7750000 0.0000000
v 0.0000000 3.7692925 0.0574050
v 0.1385850 3.7000000 -0.0574050
v 0.1385850 3.7287025 0.0000000
v 0.1500000 3.7000000 0.0000000
v 0.1385850 3.7000000 -0.0574050
v 0.1175400 3.7329475 -0.0658950
v 0.1385850 3.7287025 0.0000000
v 0.1060650 3.7000000 -0.1060650
v 0.1175400 3.7329475 -0.0658950
v 0.1385850 3.7000000 -0.0574050
v 0.1060650 3.7000000 -0.1060650
v 0.0658950 3.7329475 -0.1175400
v 0.1175400 3.7329475 -0.0658950
v 0.0574050 3.7000000 -0.1385850
v 0.0658950 3.7329475 -0.1175400
v 0.1060650 3.7000000 -0.1060650
v 0.0574050 3.7000000 -0.1385850
v 0.0000000 3.7287025 -0.1385850
v 0.0658950 3.7329475 -0.1175400
v 0.0000000 3.7000000 -0.1500000
v 0.0000000 3.7287025 -0.1385850
v 0.0574050 3.7000000 -0.1385850
v 0.1175400 3.7329475 -0.0658950
v 0.1060650 3.7530325 0.0000000
v 0.1385850 3.7287025 0.0000000
v 0.1175400 3.7329475 -0.0658950
v 0.0658950 3.7587700 -0.0658950
v 0.1060650 3.7530325 0.0000000
v 0.0658950 3.7329475 -0.1175400
v 0.0658950 3.7587700 -0.0658950
v 0.1175400 3.7329475 -0.0658950
v 0.0658950 3.7329475 -0.1175400
v 0.0000000 3.7530325 -0.1060650
v 0.0658950 3.7587700 -0.0658950
v 0.0000000 3.7287025 -0.1385850
v 0.0000000 3.7530325 -0.1060650
v 0.0658950 3.7329475 -0.1175400
v 0.0658950 3.7587700 -0.0658950
v 0.0574050 3.7692925 0.0000000
v 0.1060650 3.7530325 0.0000000
v 0.0658950 3.7587700 -0.0658950
v 0.0000000 3.7692925 -0.0574050
v 0.0574050 3.7692925 0.0000000
v 0.0000000 3.7530325 -0.1060650
v 0.0000000 3.7692925 -0.0574050
v 0.0658950 3.7587700 -0.0658950
v 0.0000000 3.7692925 -0.0574050
v 0.0000000 3.7750000 0.0000000
v 0.0574050 3.7692925 0.0000000
v -0.1385850 3.7000000 0.0574050
v -0.1385850 3.7287025 0.0000000
v -0.1500000 3.7000000 0.0000000
v -0.1385850 3.7000000 0.0574050
v -0.1175400 3.7329475 0.0658950
v -0.1385850 3.7287025 0.0000000
v -0.1060650 3.7000000 0.1060650
v -0.1175400 3.7329475 0.0658950
v -0.1385850 3.7000000 0.0574050
v -0.1060650 3.7000000 0.1060650
v -0.0658950 3.7329475 0.1175400
v -0.1175400 3.7329475 0.0658950
v -0.0574050 3.7000000 0.1385850
v -0.0658950 3.7329475 0.1175400
v -0.1060650 3.7000000 0.1060650
v -0.0574050 3.7000000 0.1385850
v 0.0000000 3.7287025 0.1385850
v -0.0658950 3.7329475 0.1175400
v 0.0000000 3.7000000 0.1500000
v 0.0000000 3.7287025 0.1385850
v -0.0574050 3.7000000 0.1385850
v -0.1175400 3.7329475 0.0658950
v -0.1060650 3.7530325 0.0000000
v -0.1385850 3.7287025 0.0000000
v -0.1175400 3.7329475 0.0658950
v -0.0658950 3.7587700 0.0658950
v -0.1060650 3.7530325 0.0000000
v -0.0658950 3.7329475 0.1175400
v -0.0658950 3.7587700 0.0658950
v -0.1175400 3.7329475 0.0658950
v -0.0658950 3.7329475 0.1175400
v 0.0000000 3.7530325 0.1060650
v -0.0658950 3.7587700 0.0658950
v 0.0000000 3.7287025 0.1385850
v 0.0000000 3.7530325 0.1060650
v -0.0658950 3.7329475 0.1175400
v -0.0658950 3.7587700 0.0658950
v -0.0574050 3.7692925 0.0000000
v -0.1060650 3.7530325 0.0000000
v -0.0658950 3.7587700 0.0658950
v 0.0000000 3.7692925 0.0574050
v -0.0574050 3.7692925 0.0000000
v 0.0000000 3.7530325 0.1060650
v 0.0000000 3.7692925 0.0574050
v -0.0658950 3.7587700 0.0658950
v 0.0000000 3.7692925 0.0574050
v 0.0000000 3.7750000 0.0000000
v -0.0574050 3.7692925 0.0000000
v -0.1500000 3.7000000 0.0000000
v -0.1385850 3.7287025 0.0000000
v -0.1385850 3.7000000 -0.0574050
v -0.1385850 3.7287025 0.0000000
v -0.1175400 3.7329475 -0.0658950
v -0.1385850 3.7000000 -0.0574050
v -0.1385850 3.7000000 -0.0574050
v -0.1175400 3.7329475 -0.0658950
v -0.1060650 3.7000000 -0.1060650
v -0.1175400 3.7329475 -0.0658950
v -0.0658950 3.7329475 -0.1175400
v -0.1060650 3.7000000 -0.1060650
v -0.1060650 3.7000000 -0.1060650
v -0.0658950 3.7329475 -0.1175400
v -0.0574050 3.7000000 -0.1385850
v -0.0658950 3.7329475 -0.1175400
v 0.0000000 3.7287025 -0.1385850
v -0.0574050 3.7000000 -0.1385850
v -0.0574050 3.7000000 -0.1385850
v 0.0000000 3.7287025 -0.1385850
v 0.0000000 3.7000000 -0.1500000
v -0.1385850 3.7287025 0.0000000
v -0.1060650 3.7530325 0.0000000
v -0.1175400 3.7329475 -0.0658950
v -0.1060650 3.7530325 0.0000000
v -0.0658950 3.7587700 -0.0658950
v -0.1175400 3.7329475 -0.0658950
v -0.1175400 3.7329475 -0.0658950
v -0.0658950 3.7587700 -0.0658950
v -0.0658950 3.7329475 -0.1175400
v -0.0658950 3.7587700 -0.0658950
v 0.0000000 3.7530325 -0.1060650
v -0.0658950 3.7329475 -0.1175400
v -0.0658950 3.7329475 -0.1175400
v 0.0000000 3.7530325 -0.1060650
v 0.0000000 3.7287025 -0.1385850
v -0.1060650 3.7530325 0.0000000
v -0.0574050 3.7692925 0.0000000
v -0.0658950 3.7587700 -0.0658950
v -0.0574050 3.7692925 0.0000000
v 0.0000000 3.7692925 -0.0574050
v -0.0658950 3.7587700 -0.0658950
v -0.0658950 3.7587700 -0.0658950
v 0.0000000 3.7692925 -0.0574050
v 0.0000000 3.7530325 -0.1060650
v -0.0574050 3.7692925 0.0000000
v 0.0000000 3.7750000 0.0000000
v 0.0000000 3.7692925 -0.0574050
v 0.1500000 1.4500000 0.8500000
v -0.1500000 1.4500000 0.8500000
v -0.1500000 1.4500000 0.7000000
v 0.1500000 1.4500000 0.7000000
v -0.1500000 1.6000000 0.8367500
v 0.1500000 1.6000000 0.8367500
v 0.1500000 1.6000000 0.7000000
v -0.1500000 1.6000000 0.7000000
v -0.1500000 1.6000000 0.8367500
v 0.0000000 1.6000000 0.8500000
v 0.1500000 1.6000000 0.8367500
v 0.1500000 1.6000000 0.7000000
v 0.1500000 1.6000000 0.8367500
v 0.1500000 1.4500000 0.8500000
v 0.1500000 1.4500000 0.7000000
v -0.1500000 1.4500000 0.8500000
v -0.1500000 1.6000000 0.8367500
v -0.1500000 1.6000000 0.7000000
v -0.1500000 1.4500000 0.7000000
v 0.1500000 1.6000000 0.8367500
v 0.2957500 1.4500000 0.8500000
v 0.1500000 1.4500000 0.8500000
v -0.2957500 1.4500000 0.8500000
v -0.1500000 1.6000000 0.8367500
v -0.1500000 1.4500000 0.8500000
v 0.1500000 1.6000000 0.8367500
v 0.0000000 1.4500000 0.9000000
v 0.2957500 1.4500000 0.8500000
v 0.0000000 1.4500000 0.9000000
v -0.1500000 1.6000000 0.8367500
v -0.2957500 1.4500000 0.8500000
v 0.1500000 1.6000000 0.8367500
v 0.0000000 1.6000000 0.8500000
v 0.0000000 1.4500000 0.9000000
v 0.0000000 1.6000000 0.8500000
v -0.1500000 1.6000000 0.8367500
v 0.0000000 1.4500000 0.9000000
v 0.1500000 1.4500000 -0.7000000
v -0.1500000 1.4500000 -0.7000000
v -0.1500000 1.4500000 -0.8500000
v 0.1500000 1.4500000 -0.8500000
v -0.1500000 1.6000000 -0.7000000
v 0.1500000 1.6000000 -0.7000000
v 0.1500000 1.6000000 -0.8367500
v -0.1500000 1.6000000 -0.8367500
v 0.1500000 1.6000000 -0.8367500
v 0.0000000 1.6000000 -0.8500000
v -0.1500000 1.6000000 -0.8367500
v -0.2957500 1.4500000 -0.8500000
v 0.0000000 1.4500000 -0.9000000
v 0.2957500 1.4500000 -0.8500000
v 0.2957500 1.4500000 0.8500000
v 0.0000000 1.4500000 0.9000000
v -0.2957500 1.4500000 0.8500000
v 0.1500000 1.4500000 -0.7000000
v 0.1500000 1.4500000 -0.8500000
v 0.1500000 1.6000000 -0.8367500
v 0.1500000 1.6000000 -0.7000000
v -0.1500000 1.4500000 -0.7000000
v -0.1500000 1.6000000 -0.7000000
v -0.1500000 1.6000000 -0.8367500
v -0.1500000 1.4500000 -0.8500000
v 0.1500000 1.4500000 -0.8500000
v 0.2957500 1.4500000 -0.8500000
v 0.1500000 1.6000000 -0.8367500
v -0.1500000 1.4500000 -0.8500000
v -0.1500000 1.6000000 -0.8367500
v -0.2957500 1.4500000 -0.8500000
v 0.2957500 1.4500000 -0.8500000
v 0.0000000 1.4500000 -0.9000000
v 0.1500000 1.6000000 -0.8367500
v -0.2957500 1.4500000 -0.8500000
v -0.1500000 1.6000000 -0.8367500
v 0.0000000 1.4500000 -0.9000000
v 0.0000000 1.4500000 -0.9000000
v 0.0000000 1.6000000 -0.8500000
v 0.1500000 1.6000000 -0.8367500
v 0.0000000 1.4500000 -0.9000000
v -0.1500000 1.6000000 -0.8367500
v 0.0000000 1.6000000 -0.8500000
s off
f 1 2 3
f 1 3 4
f 5 6 7
f 5 7 8
f 9 10 11
f 9 11 12
f 13 14 15
f 13 15 16
f 17 18 19
f 17 19 20
f 21 22 23
f 21 23 24
f 25 26 27
f 25 27 28
f 29 30 31
f 29 31 32
f 33 34 35
f 36 37 38
f 39 40 41
f 39 41 42
f 43 44 45
f 43 45 46
f 47 48 49
f 47 49 50
f 51 52 53
f 51 53 54
f 55 56 57
f 58 59 60
f 61 62 63
f 61 63 64
f 65 66 67
f 65 67 68
f 69 70 71
f 69 71 72
f 73 74 75
f 73 75 76
f 77 78 79
f 80 81 82
f 83 84 85
f 86 87 88
f 89 90 91
f 92 93 94
f 95 96 97
f 98 99 100
f 101 102 103
f 101 103 104
f 105 106 107
f 105 107 108
f 109 110 111
f 109 111 112
f 113 114 115
f 113 115 116
f 117 118 119
f 117 119 120
f 121 122 123
f 121 123 124
f 125 126 127
f 125 127 128
f 129 130 131
f 129 131 132
f 133 134 135
f 133 135 136
f 137 138 139
f 137 139 140
f 141 142 143
f 141 143 144
f 145 146 147
f 145 147 148
f 149 150 151
f 149 151 152
f 153 154 155
f 153 155 156
f 157 158 159
f 157 159 160
f 161 162 163
f 161 163 164
f 165 166 167
f 168 169 170
f 171 172 173
f 171 173 174
f 175 176 177
f 175 177 178
f 179 180 181
f 179 181 182
f 183 184 185
f 183 185 186
f 187 188 189
f 190 191 192
f 193 194 195
f 193 195 196
f 197 198 199
f 197 199 200
f 201 202 203
f 201 203 204
f 205 206 207
f 205 207 208
f 209 210 211
f 212 213 214
f 215 216 217
f 218 219 220
f 221 222 223
f 224 225 226
f 227 228 229
f 230 231 232
f 233 234 235
f 233 235 236
f 237 238 239
f 237 239 240
f 241 242 243
f 241 243 244
f 245 246 247
f 245 247 248
f 249 250 251
f 249 251 252
f 253 254 255
f 253 255 256
f 257 258 259
f 257 259 260
f 261 262 263
f 261 263 264
f 265 266 267
f 268 269 270
f 271 272 273
f 274 275 276
f 277 278 279
f 280 281 282
f 283 284 285
f 286 287 288
f 289 290 291
f 289 291 292
f 293 294 295
f 293 295 296
f 297 298 299
f 297 299 300
f 301 302 303
f 301 303 304
f 305 306 307
f 305 307 308
f 309 310 311
f 309 311 312
f 313 314 315
f 313 315 316
f 317 318 319
f 317 319 320
f 321 322 323
f 324 325 326
f 327 328 329
f 327 329 330
f 331 332 333
f 331 333 334
f 335 336 337
f 335 337 338
f 339 340 341
f 339 341 342
f 343 344 345
f 346 347 348
f 349 350 351
f 349 351 352
f 353 354 355
f 353 355 356
f 357 358 359
f 357 359 360
f 361 362 363
f 361 363 364
f 365 366 367
f 368 369 370
f 371 372 373
f 374 375 376
f 377 378 379
f 380 381 382
f 383 384 385
f 386 387 388
f 389 390 391
f 389 391 392
f 393 394 395
f 393 395 396
f 397 398 399
f 397 399 400
f 401 402 403
f 401 403 404
f 405 406 407
f 405 407 408
f 409 410 411
f 409 411 412
f 413 414 415
f 413 415 416
f 417 418 419
f 417 419 420
f 421 422 423
f 421 423 424
f 425 426 427
f 425 427 428
f 429 430 431
f 429 431 432
f 433 434 435
f 433 435 436
f 437 438 439
f 437 439 440
f 441 442 443
f 441 443 444
f 445 446 447
f 445 447 448
f 449 450 451
f 449 451 452
f 453 454 455
f 453 455 456
f 457 458 459
f 457 459 460
f 461 462 463
f 461 463 464
f 465 466 467
f 465 467 468
f 469 470 471
f 469 471 472
f 473 474 475
f 473 475 476
f 477 478 479
f 480 481 482
f 483 484 485
f 483 485 486
f 487 488 489
f 487 489 490
f 491 492 493
f 491 493 494
f 495 496 497
f 495 497 498
f 499 500 501
f 499 501 502
f 503 504 505
f 503 505 506
f 507 508 509
f 510 511 512
f 513 514 515
f 513 515 516
f 517 518 519
f 517 519 520
f 521 522 523
f 521 523 524
f 525 526 527
f 525 527 528
f 529 530 531
f 532 533 534
f 535 536 537
f 538 539 540
f 541 542 543
f 544 545 546
f 547 548 549
f 550 551 552
f 553 554 555
f 553 555 556
f 557 558 559
f 557 559 560
f 561 562 563
f 561 563 564
f 565 566 567
f 565 567 568
f 569 570 571
f 569 571 572
f 573 574 575
f 573 575 576
f 577 578 579
f 577 579 580
f 581 582 583
f 581 583 584
f 585 586 587
f 585 587 588
f 589 590 591
f 589 591 592
f 593 594 595
f 593 595 596
f 597 598 599
f 597 599 600
f 601 602 603
f 604 605 606
f 607 608 609
f 610 611 612
f 613 614 615
f 616 617 618
f 619 620 621
f 622 623 624
f 625 626 627
f 625 627 628
f 629 630 631
f 629 631 632
f 633 634 635
f 633 635 636
f 637 638 639
f 637 639 640
f 641 642 643
f 641 643 644
f 645 646 647
f 645 647 648
f 649 650 651
f 649 651 652
f 653 654 655
f 653 655 656
f 657 658 659
f 657 659 660
f 661 662 663
f 661 663 664
f 665 666 667
f 665 667 668
f 669 670 671
f 669 671 672
f 673 674 675
f 673 675 676
f 677 678 679
f 677 679 680
f 681 682 683
f 681 683 684
f 685 686 687
f 685 687 688
f 689 690 691
f 692 693 694
f 695 696 697
f 695 697 698
f 699 700 701
f 699 701 702
f 703 704 705
f 703 705 706
f 707 708 709
f 707 709 710
f 711 712 713
f 711 713 714
f 715 716 717
f 715 717 718
f 719 720 721
f 719 721 722
f 723 724 725
f 723 725 726
f 727 728 729
f 730 731 732
f 733 734 735
f 733 735 736
f 737 738 739
f 737 739 740
f 741 742 743
f 741 743 744
f 745 746 747
f 745 747 748
f 749 750 751
f 752 753 754
f 755 756 757
f 758 759 760
f 761 762 763
f 764 765 766
f 767 768 769
f 770 771 772
f 773 774 775
f 773 775 776
f 777 778 779
f 777 779 780
f 781 782 783
f 781 783 784
f 785 786 787
f 785 787 788
f 789 790 791
f 789 791 792
f 793 794 795
f 793 795 796
f 797 798 799
f 797 799 800
f 801 802 803
f 801 803 804
f 805 806 807
f 805 807 808
f 809 810 811
f 809 811 812
f 813 814 815
f 813 815 816
f 817 818 819
f 817 819 820
f 821 822 823
f 824 825 826
f 827 828 829
f 830 831 832
f 833 834 835
f 836 837 838
f 839 840 841
f 842 843 844
f 845 846 847
f 845 847 848
f 849 850 851
f 849 851 852
f 853 854 855
f 853 855 856
f 857 858 859
f 857 859 860
f 861 862 863
f 861 863 864
f 865 866 867
f 865 867 868
f 869 870 871
f 869 871 872
f 873 874 875
f 873 875 876
f 877 878 879
f 877 879 880
f 881 882 883
f 881 883 884
f 885 886 887
f 885 887 888
f 889 890 891
f 889 891 892
f 893 894 895
f 893 895 896
f 897 898 899
f 897 899 900
f 901 902 903
f 901 903 904
f 905 906 907
f 905 907 908
f 909 910 911
f 909 911 912
f 913 914 915
f 913 915 916
f 917 918 919
f 917 919 920
f 921 922 923
f 921 923 924
f 925 926 927
f 928 929 930
f 931 932 933
f 931 933 934
f 935 936 937
f 935 937 938
f 939 940 941
f 939 941 942
f 943 944 945
f 943 945 946
f 947 948 949
f 947 949 950
f 951 952 953
f 951 953 954
f 955 956 957
f 955 957 958
f 959 960 961
f 959 961 962
f 963 964 965
f 966 967 968
f 969 970 971
f 969 971 972
f 973 974 975
f 973 975 976
f 977 978 979
f 977 979 980
f 981 982 983
f 981 983 984
f 985 986 987
f 988 989 990
f 991 992 993
f 994 995 996
f 997 998 999
f 1000 1001 1002
f 1003 1004 1005
f 1006 1007 1008
f 1009 1010 1011
f 1009 1011 1012
f 1013 1014 1015
f 1013 1015 1016
f 1017 1018 1019
f 1017 1019 1020
f 1021 1022 1023
f 1021 1023 1024
f 1025 1026 1027
f 1025 1027 1028
f 1029 1030 1031
f 1029 1031 1032
f 1033 1034 1035
f 1033 1035 1036
f 1037 1038 1039
f 1037 1039 1040
f 1041 1042 1043
f 1041 1043 1044
f 1045 1046 1047
f 1045 1047 1048
f 1049 1050 1051
f 1049 1051 1052
f 1053 1054 1055
f 1053 1055 1056
f 1057 1058 1059
f 1060 1061 1062
f 1063 1064 1065
f 1066 1067 1068
f 1069 1070 1071
f 1072 1073 1074
f 1075 1076 1077
f 1078 1079 1080
f 1081 1082 1083
f 1081 1083 1084
f 1085 1086 1087
f 1085 1087 1088
f 1089 1090 1091
f 1089 1091 1092
f 1093 1094 1095
f 1093 1095 1096
f 1097 1098 1099
f 1097 1099 1100
f 1101 1102 1103
f 1101 1103 1104
f 1105 1106 1107
f 1105 1107 1108
f 1109 1110 1111
f 1109 1111 1112
f 1113 1114 1115
f 1113 1115 1116
f 1117 1118 1119
f 1117 1119 1120
f 1121 1122 1123
f 1121 1123 1124
f 1125 1126 1127
f 1125 1127 1128
f 1129 1130 1131
f 1129 1131 1132
f 1133 1134 1135
f 1133 1135 1136
f 1137 1138 1139
f 1137 1139 1140
f 1141 1142 1143
f 1141 1143 1144
f 1145 1146 1147
f 1145 1147 1148
f 1149 1150 1151
f 1149 1151 1152
f 1153 1154 1155
f 1153 1155 1156
f 1157 1158 1159
f 1157 1159 1160
f 1161 1162 1163
f 1161 1163 1164
f 1165 1166 1167
f 1165 1167 1168
f 1169 1170 1171
f 1169 1171 1172
f 1173 1174 1175
f 1173 1175 1176
f 1177 1178 1179
f 1177 1179 1180
f 1181 1182 1183
f 1181 1183 1184
f 1185 1186 1187
f 1185 1187 1188
f 1189 1190 1191
f 1189 1191 1192
f 1193 1194 1195
f 1193 1195 1196
f 1197 1198 1199
f 1197 1199 1200
f 1201 1202 1203
f 1201 1203 1204
f 1205 1206 1207
f 1205 1207 1208
f 1209 1210 1211
f 1212 1213 1214
f 1215 1216 1217
f 1218 1219 1220
f 1221 1222 1223
f 1224 1225 1226
f 1227 1228 1229
f 1230 1231 1232
f 1233 1234 1235
f 1233 1235 1236
f 1237 1238 1239
f 1237 1239 1240
f 1241 1242 1243
f 1241 1243 1244
f 1245 1246 1247
f 1245 1247 1248
f 1249 1250 1251
f 1249 1251 1252
f 1253 1254 1255
f 1253 1255 1256
f 1257 1258 1259
f 1257 1259 1260
f 1261 1262 1263
f 1261 1263 1264
f 1265 1266 1267
f 1265 1267 1268
f 1269 1270 1271
f 1269 1271 1272
f 1273 1274 1275
f 1273 1275 1276
f 1277 1278 1279
f 1277 1279 1280
f 1281 1282 1283
f 1284 1285 1286
f 1287 1288 1289
f 1290 1291 1292
f 1293 1294 1295
f 1296 1297 1298
f 1299 1300 1301
f 1302 1303 1304
f 1305 1306 1307
f 1305 1307 1308
f 1309 1310 1311
f 1309 1311 1312
f 1313 1314 1315
f 1313 1315 1316
f 1317 1318 1319
f 1317 1319 1320
f 1321 1322 1323
f 1321 1323 1324
f 1325 1326 1327
f 1325 1327 1328
f 1329 1330 1331
f 1329 1331 1332
f 1333 1334 1335
f 1333 1335 1336
f 1337 1338 1339
f 1337 1339 1340
f 1341 1342 1343
f 1341 1343 1344
f 1345 1346 1347
f 1345 1347 1348
f 1349 1350 1351
f 1349 1351 1352
f 1353 1354 1355
f 1353 1355 1356
f 1357 1358 1359
f 1357 1359 1360
f 1361 1362 1363
f 1361 1363 1364
f 1365 1366 1367
f 1365 1367 1368
f 1369 1370 1371
f 1369 1371 1372
f 1373 1374 1375
f 1373 1375 1376
f 1377 1378 1379
f 1380 1381 1382
f 1383 1384 1385
f 1383 1385 1386
f 1387 1388 1389
f 1387 1389 1390
f 1391 1392 1393
f 1391 1393 1394
f 1395 1396 1397
f 1395 1397 1398
f 1399 1400 1401
f 1399 1401 1402
f 1403 1404 1405
f 1403 1405 1406
f 1407 1408 1409
f 1407 1409 1410
f 1411 1412 1413
f 1411 1413 1414
f 1415 1416 1417
f 1415 1417 1418
f 1419 1420 1421
f 1419 1421 1422
f 1423 1424 1425
f 1426 1427 1428
f 1429 1430 1431
f 1429 1431 1432
f 1433 1434 1435
f 1433 1435 1436
f 1437 1438 1439
f 1437 1439 1440
f 1441 1442 1443
f 1441 1443 1444
f 1445 1446 1447
f 1448 1449 1450
f 1451 1452 1453
f 1454 1455 1456
f 1457 1458 1459
f 1460 1461 1462
f 1463 1464 1465
f 1466 1467 1468
f 1469 1470 1471
f 1469 1471 1472
f 1473 1474 1475
f 1473 1475 1476
f 1477 1478 1479
f 1477 1479 1480
f 1481 1482 1483
f 1481 1483 1484
f 1485 1486 1487
f 1485 1487 1488
f 1489 1490 1491
f 1489 1491 1492
f 1493 1494 1495
f 1493 1495 1496
f 1497 1498 1499
f 1497 1499 1500
f 1501 1502 1503
f 1501 1503 1504
f 1505 1506 1507
f 1505 1507 1508
f 1509 1510 1511
f 1509 1511 1512
f 1513 1514 1515
f 1513 1515 1516
f 1517 1518 1519
f 1520 1521 1522
f 1523 1524 1525
f 1526 1527 1528
f 1529 1530 1531
f 1532 1533 1534
f 1535 1536 1537
f 1538 1539 1540
f 1541 1542 1543
f 1541 1543 1544
f 1545 1546 1547
f 1545 1547 1548
f 1549 1550 1551
f 1549 1551 1552
f 1553 1554 1555
f 1553 1555 1556
f 1557 1558 1559
f 1557 1559 1560
f 1561 1562 1563
f 1561 1563 1564
f 1565 1566 1567
f 1565 1567 1568
f 1569 1570 1571
f 1569 1571 1572
f 1573 1574 1575
f 1573 1575 1576
f 1577 1578 1579
f 1577 1579 1580
f 1581 1582 1583
f 1581 1583 1584
f 1585 1586 1587
f 1585 1587 1588
f 1589 1590 1591
f 1592 1593 1594
f 1595 1596 1597
f 1598 1599 1600
f 1601 1602 1603
f 1604 1605 1606
f 1607 1608 1609
f 1610 1611 1612
f 1613 1614 1615
f 1613 1615 1616
f 1617 1618 1619
f 1617 1619 1620
f 1621 1622 1623
f 1621 1623 1624
f 1625 1626 1627
f 1625 1627 1628
f 1629 1630 1631
f 1629 1631 1632
f 1633 1634 1635
f 1633 1635 1636
f 1637 1638 1639
f 1637 1639 1640
f 1641 1642 1643
f 1641 1643 1644
f 1645 1646 1647
f 1645 1647 1648
f 1649 1650 1651
f 1649 1651 1652
f 1653 1654 1655
f 1653 1655 1656
f 1657 1658 1659
f 1657 1659 1660
f 1661 1662 1663
f 1661 1663 1664
f 1665 1666 1667
f 1665 1667 1668
f 1669 1670 1671
f 1669 1671 1672
f 1673 1674 1675
f 1673 1675 1676
f 1677 1678 1679
f 1677 1679 1680
f 1681 1682 1683
f 1681 1683 1684
f 1685 1686 1687
f 1688 1689 1690
f 1691 1692 1693
f 1691 1693 1694
f 1695 1696 1697
f 1695 1697 1698
f 1699 1700 1701
f 1699 1701 1702
f 1703 1704 1705
f 1703 1705 1706
f 1707 1708 1709
f 1707 1709 1710
f 1711 1712 1713
f 1711 1713 1714
f 1715 1716 1717
f 1715 1717 1718
f 1719 1720 1721
f 1719 1721 1722
f 1723 1724 1725
f 1723 1725 1726
f 1727 1728 1729
f 1727 1729 1730
f 1731 1732 1733
f 1734 1735 1736
f 1737 1738 1739
f 1737 1739 1740
f 1741 1742 1743
f 1741 1743 1744
f 1745 1746 1747
f 1745 1747 1748
f 1749 1750 1751
f 1749 1751 1752
f 1753 1754 1755
f 1753 1755 1756
f 1757 1758 1759
f 1757 1759 1760
f 1761 1762 1763
f 1761 1763 1764
f 1765 1766 1767
f 1765 1767 1768
f 1769 1770 1771
f 1769 1771 1772
f 1773 1774 1775
f 1773 1775 1776
f 1777 1778 1779
f 1777 1779 1780
f 1781 1782 1783
f 1781 1783 1784
f 1785 1786 1787
f 1785 1787 1788
f 1789 1790 1791
f 1789 1791 1792
f 1793 1794 1795
f 1793 1795 1796
f 1797 1798 1799
f 1797 1799 1800
f 1801 1802 1803
f 1801 1803 1804
f 1805 1806 1807
f 1805 1807 1808
f 1809 1810 1811
f 1809 1811 1812
f 1813 1814 1815
f 1813 1815 1816
f 1817 1818 1819
f 1820 1821 1822
f 1823 1824 1825
f 1826 1827 1828
f 1829 1830 1831
f 1832 1833 1834
f 1835 1836 1837
f 1838 1839 1840
f 1841 1842 1843
f 1841 1843 1844
f 1845 1846 1847
f 1845 1847 1848
f 1849 1850 1851
f 1849 1851 1852
f 1853 1854 1855
f 1853 1855 1856
f 1857 1858 1859
f 1857 1859 1860
f 1861 1862 1863
f 1861 1863 1864
f 1865 1866 1867
f 1865 1867 1868
f 1869 1870 1871
f 1869 1871 1872
f 1873 1874 1875
f 1873 1875 1876
f 1877 1878 1879
f 1877 1879 1880
f 1881 1882 1883
f 1881 1883 1884
f 1885 1886 1887
f 1885 1887 1888
f 1889 1890 1891
f 1892 1893 1894
f 1895 1896 1897
f 1898 1899 1900
f 1901 1902 1903
f 1904 1905 1906
f 1907 1908 1909
f 1910 1911 1912
f 1913 1914 1915
f 1913 1915 1916
f 1917 1918 1919
f 1917 1919 1920
f 1921 1922 1923
f 1921 1923 1924
f 1925 1926 1927
f 1925 1927 1928
f 1929 1930 1931
f 1929 1931 1932
f 1933 1934 1935
f 1933 1935 1936
f 1937 1938 1939
f 1937 1939 1940
f 1941 1942 1943
f 1941 1943 1944
f 1945 1946 1947
f 1945 1947 1948
f 1949 1950 1951
f 1949 1951 1952
f 1953 1954 1955
f 1953 1955 1956
f 1957 1958 1959
f 1957 1959 1960
f 1961 1962 1963
f 1961 1963 1964
f 1965 1966 1967
f 1965 1967 1968
f 1969 1970 1971
f 1969 1971 1972
f 1973 1974 1975
f 1973 1975 1976
f 1977 1978 1979
f 1977 1979 1980
f 1981 1982 1983
f 1981 1983 1984
f 1985 1986 1987
f 1985 1987 1988
f 1989 1990 1991
f 1989 1991 1992
f 1993 1994 1995
f 1993 1995 1996
f 1997 1998 1999
f 1997 1999 2000
f 2001 2002 2003
f 2001 2003 2004
f 2005 2006 2007
f 2005 2007 2008
f 2009 2010 2011
f 2009 2011 2012
f 2013 2014 2015
f 2013 2015 2016
f 2017 2018 2019
f 2017 2019 2020
f 2021 2022 2023
f 2021 2023 2024
f 2025 2026 2027
f 2025 2027 2028
f 2029 2030 2031
f 2029 2031 2032
f 2033 2034 2035
f 2033 2035 2036
f 2037 2038 2039
f 2037 2039 2040
f 2041 2042 2043
f 2041 2043 2044
f 2045 2046 2047
f 2045 2047 2048
f 2049 2050 2051
f 2049 2051 2052
f 2053 2054 2055
f 2053 2055 2056
f 2057 2058 2059
f 2057 2059 2060
f 2061 2062 2063
f 2061 2063 2064
f 2065 2066 2067
f 2065 2067 2068
f 2069 2070 2071
f 2069 2071 2072
f 2073 2074 2075
f 2073 2075 2076
f 2077 2078 2079
f 2077 2079 2080
f 2081 2082 2083
f 2081 2083 2084
f 2085 2086 2087
f 2085 2087 2088
f 2089 2090 2091
f 2089 2091 2092
f 2093 2094 2095
f 2093 2095 2096
f 2097 2098 2099
f 2097 2099 2100
f 2101 2102 2103
f 2101 2103 2104
f 2105 2106 2107
f 2105 2107 2108
f 2109 2110 2111
f 2109 2111 2112
f 2113 2114 2115
f 2113 2115 2116
f 2117 2118 2119
f 2117 2119 2120
f 2121 2122 2123
f 2121 2123 2124
f 2125 2126 2127
f 2125 2127 2128
f 2129 2130 2131
f 2129 2131 2132
f 2133 2134 2135
f 2133 2135 2136
f 2137 2138 2139
f 2137 2139 2140
f 2141 2142 2143
f 2141 2143 2144
f 2145 2146 2147
f 2145 2147 2148
f 2149 2150 2151
f 2149 2151 2152
f 2153 2154 2155
f 2153 2155 2156
f 2157 2158 2159
f 2157 2159 2160
f 2161 2162 2163
f 2161 2163 2164
f 2165 2166 2167
f 2165 2167 2168
f 2169 2170 2171
f 2169 2171 2172
f 2173 2174 2175
f 2173 2175 2176
f 2177 2178 2179
f 2177 2179 2180
f 2181 2182 2183
f 2181 2183 2184
f 2185 2186 2187
f 2188 2189 2190
f 2191 2192 2193
f 2194 2195 2196
f 2197 2198 2199
f 2200 2201 2202
f 2203 2204 2205
f 2206 2207 2208
f 2209 2210 2211
f 2212 2213 2214
f 2215 2216 2217
f 2218 2219 2220
f 2221 2222 2223
f 2224 2225 2226
f 2227 2228 2229
f 2230 2231 2232
f 2233 2234 2235
f 2233 2235 2236
f 2237 2238 2239
f 2237 2239 2240
f 2241 2242 2243
f 2241 2243 2244
f 2245 2246 2247
f 2245 2247 2248
f 2249 2250 2251
f 2249 2251 2252
f 2253 2254 2255
f 2253 2255 2256
f 2257 2258 2259
f 2257 2259 2260
f 2261 2262 2263
f 2261 2263 2264
f 2265 2266 2267
f 2265 2267 2268
f 2269 2270 2271
f 2269 2271 2272
f 2273 2274 2275
f 2273 2275 2276
f 2277 2278 2279
f 2277 2279 2280
f 2281 2282 2283
f 2281 2283 2284
f 2285 2286 2287
f 2285 2287 2288
f 2289 2290 2291
f 2289 2291 2292
f 2293 2294 2295
f 2293 2295 2296
f 2297 2298 2299
f 2297 2299 2300
f 2301 2302 2303
f 2301 2303 2304
f 2305 2306 2307
f 2305 2307 2308
f 2309 2310 2311
f 2309 2311 2312
f 2313 2314 2315
f 2313 2315 2316
f 2317 2318 2319
f 2317 2319 2320
f 2321 2322 2323
f 2321 2323 2324
f 2325 2326 2327
f 2325 2327 2328
f 2329 2330 2331
f 2329 2331 2332
f 2333 2334 2335
f 2333 2335 2336
f 2337 2338 2339
f 2337 2339 2340
f 2341 2342 2343
f 2341 2343 2344
f 2345 2346 2347
f 2345 2347 2348
f 2349 2350 2351
f 2349 2351 2352
f 2353 2354 2355
f 2353 2355 2356
f 2357 2358 2359
f 2357 2359 2360
f 2361 2362 2363
f 2361 2363 2364
f 2365 2366 2367
f 2365 2367 2368
f 2369 2370 2371
f 2369 2371 2372
f 2373 2374 2375
f 2373 2375 2376
f 2377 2378 2379
f 2377 2379 2380
f 2381 2382 2383
f 2381 2383 2384
f 2385 2386 2387
f 2385 2387 2388
f 2389 2390 2391
f 2389 2391 2392
f 2393 2394 2395
f 2393 2395 2396
f 2397 2398 2399
f 2397 2399 2400
f 2401 2402 2403
f 2401 2403 2404
f 2405 2406 2407
f 2405 2407 2408
f 2409 2410 2411
f 2409 2411 2412
f 2413 2414 2415
f 2413 2415 2416
f 2417 2418 2419
f 2417 2419 2420
f 2421 2422 2423
f 2421 2423 2424
f 2425 2426 2427
f 2425 2427 2428
f 2429 2430 2431
f 2429 2431 2432
f 2433 2434 2435
f 2433 2435 2436
f 2437 2438 2439
f 2437 2439 2440
f 2441 2442 2443
f 2441 2443 2444
f 2445 2446 2447
f 2445 2447 2448
f 2449 2450 2451
f 2449 2451 2452
f 2453 2454 2455
f 2453 2455 2456
f 2457 2458 2459
f 2457 2459 2460
f 2461 2462 2463
f 2461 2463 2464
f 2465 2466 2467
f 2465 2467 2468
f 2469 2470 2471
f 2469 2471 2472
f 2473 2474 2475
f 2473 2475 2476
f 2477 2478 2479
f 2477 2479 2480
f 2481 2482 2483
f 2481 2483 2484
f 2485 2486 2487
f 2485 2487 2488
f 2489 2490 2491
f 2489 2491 2492
f 2493 2494 2495
f 2493 2495 2496
f 2497 2498 2499
f 2497 2499 2500
f 2501 2502 2503
f 2501 2503 2504
f 2505 2506 2507
f 2505 2507 2508
f 2509 2510 2511
f 2509 2511 2512
f 2513 2514 2515
f 2513 2515 2516
f 2517 2518 2519
f 2517 2519 2520
f 2521 2522 2523
f 2521 2523 2524
f 2525 2526 2527
f 2525 2527 2528
f 2529 2530 2531
f 2529 2531 2532
f 2533 2534 2535
f 2533 2535 2536
f 2537 2538 2539
f 2537 2539 2540
f 2541 2542 2543
f 2541 2543 2544
f 2545 2546 2547
f 2545 2547 2548
f 2549 2550 2551
f 2549 2551 2552
f 2553 2554 2555
f 2553 2555 2556
f 2557 2558 2559
f 2557 2559 2560
f 2561 2562 2563
f 2561 2563 2564
f 2565 2566 2567
f 2565 2567 2568
f 2569 2570 2571
f 2569 2571 2572
f 2573 2574 2575
f 2573 2575 2576
f 2577 2578 2579
f 2577 2579 2580
f 2581 2582 2583
f 2581 2583 2584
f 2585 2586 2587
f 2585 2587 2588
f 2589 2590 2591
f 2589 2591 2592
f 2593 2594 2595
f 2593 2595 2596
f 2597 2598 2599
f 2597 2599 2600
f 2601 2602 2603
f 2601 2603 2604
f 2605 2606 2607
f 2605 2607 2608
f 2609 2610 2611
f 2609 2611 2612
f 2613 2614 2615
f 2613 2615 2616
f 2617 2618 2619
f 2617 2619 2620
f 2621 2622 2623
f 2621 2623 2624
f 2625 2626 2627
f 2625 2627 2628
f 2629 2630 2631
f 2629 2631 2632
f 2633 2634 2635
f 2633 2635 2636
f 2637 2638 2639
f 2637 2639 2640
f 2641 2642 2643
f 2641 2643 2644
f 2645 2646 2647
f 2645 2647 2648
f 2649 2650 2651
f 2649 2651 2652
f 2653 2654 2655
f 2653 2655 2656
f 2657 2658 2659
f 2657 2659 2660
f 2661 2662 2663
f 2661 2663 2664
f 2665 2666 2667
f 2665 2667 2668
f 2669 2670 2671
f 2669 2671 2672
f 2673 2674 2675
f 2673 2675 2676
f 2677 2678 2679
f 2677 2679 2680
f 2681 2682 2683
f 2681 2683 2684
f 2685 2686 2687
f 2685 2687 2688
f 2689 2690 2691
f 2689 2691 2692
f 2693 2694 2695
f 2693 2695 2696
f 2697 2698 2699
f 2697 2699 2700
f 2701 2702 2703
f 2701 2703 2704
f 2705 2706 2707
f 2705 2707 2708
f 2709 2710 2711
f 2709 2711 2712
f 2713 2714 2715
f 2713 2715 2716
f 2717 2718 2719
f 2717 2719 2720
f 2721 2722 2723
f 2721 2723 2724
f 2725 2726 2727
f 2725 2727 2728
f 2729 2730 2731
f 2729 2731 2732
f 2733 2734 2735
f 2733 2735 2736
f 2737 2738 2739
f 2737 2739 2740
f 2741 2742 2743
f 2741 2743 2744
f 2745 2746 2747
f 2745 2747 2748
f 2749 2750 2751
f 2749 2751 2752
f 2753 2754 2755
f 2753 2755 2756
f 2757 2758 2759
f 2757 2759 2760
f 2761 2762 2763
f 2761 2763 2764
f 2765 2766 2767
f 2765 2767 2768
f 2769 2770 2771
f 2769 2771 2772
f 2773 2774 2775
f 2773 2775 2776
f 2777 2778 2779
f 2777 2779 2780
f 2781 2782 2783
f 2781 2783 2784
f 2785 2786 2787
f 2785 2787 2788
f 2789 2790 2791
f 2789 2791 2792
f 2793 2794 2795
f 2793 2795 2796
f 2797 2798 2799
f 2797 2799 2800
f 2801 2802 2803
f 2801 2803 2804
f 2805 2806 2807
f 2805 2807 2808
f 2809 2810 2811
f 2809 2811 2812
f 2813 2814 2815
f 2813 2815 2816
f 2817 2818 2819
f 2817 2819 2820
f 2821 2822 2823
f 2821 2823 2824
f 2825 2826 2827
f 2825 2827 2828
f 2829 2830 2831
f 2829 2831 2832
f 2833 2834 2835
f 2833 2835 2836
f 2837 2838 2839
f 2837 2839 2840
f 2841 2842 2843
f 2841 2843 2844
f 2845 2846 2847
f 2845 2847 2848
f 2849 2850 2851
f 2849 2851 2852
f 2853 2854 2855
f 2853 2855 2856
f 2857 2858 2859
f 2857 2859 2860
f 2861 2862 2863
f 2861 2863 2864
f 2865 2866 2867
f 2865 2867 2868
f 2869 2870 2871
f 2869 2871 2872
f 2873 2874 2875
f 2873 2875 2876
f 2877 2878 2879
f 2877 2879 2880
f 2881 2882 2883
f 2881 2883 2884
f 2885 2886 2887
f 2885 2887 2888
f 2889 2890 2891
f 2889 2891 2892
f 2893 2894 2895
f 2893 2895 2896
f 2897 2898 2899
f 2897 2899 2900
f 2901 2902 2903
f 2901 2903 2904
f 2905 2906 2907
f 2905 2907 2908
f 2909 2910 2911
f 2909 2911 2912
f 2913 2914 2915
f 2913 2915 2916
f 2917 2918 2919
f 2917 2919 2920
f 2921 2922 2923
f 2921 2923 2924
f 2925 2926 2927
f 2925 2927 2928
f 2929 2930 2931
f 2929 2931 2932
f 2933 2934 2935
f 2933 2935 2936
f 2937 2938 2939
f 2937 2939 2940
f 2941 2942 2943
f 2941 2943 2944
f 2945 2946 2947
f 2945 2947 2948
f 2949 2950 2951
f 2949 2951 2952
f 2953 2954 2955
f 2953 2955 2956
f 2957 2958 2959
f 2957 2959 2960
f 2961 2962 2963
f 2961 2963 2964
f 2965 2966 2967
f 2965 2967 2968
f 2969 2970 2971
f 2969 2971 2972
f 2973 2974 2975
f 2973 2975 2976
f 2977 2978 2979
f 2977 2979 2980
f 2981 2982 2983
f 2981 2983 2984
f 2985 2986 2987
f 2985 2987 2988
f 2989 2990 2991
f 2989 2991 2992
f 2993 2994 2995
f 2993 2995 2996
f 2997 2998 2999
f 2997 2999 3000
f 3001 3002 3003
f 3001 3003 3004
f 3005 3006 3007
f 3005 3007 3008
f 3009 3010 3011
f 3009 3011 3012
f 3013 3014 3015
f 3013 3015 3016
f 3017 3018 3019
f 3017 3019 3020
f 3021 3022 3023
f 3021 3023 3024
f 3025 3026 3027
f 3025 3027 3028
f 3029 3030 3031
f 3029 3031 3032
f 3033 3034 3035
f 3033 3035 3036
f 3037 3038 3039
f 3037 3039 3040
f 3041 3042 3043
f 3041 3043 3044
f 3045 3046 3047
f 3045 3047 3048
f 3049 3050 3051
f 3049 3051 3052
f 3053 3054 3055
f 3053 3055 3056
f 3057 3058 3059
f 3057 3059 3060
f 3061 3062 3063
f 3061 3063 3064
f 3065 3066 3067
f 3065 3067 3068
f 3069 3070 3071
f 3069 3071 3072
f 3073 3074 3075
f 3073 3075 3076
f 3077 3078 3079
f 3077 3079 3080
f 3081 3082 3083
f 3081 3083 3084
f 3085 3086 3087
f 3085 3087 3088
f 3089 3090 3091
f 3089 3091 3092
f 3093 3094 3095
f 3093 3095 3096
f 3097 3098 3099
f 3097 3099 3100
f 3101 3102 3103
f 3101 3103 3104
f 3105 3106 3107
f 3105 3107 3108
f 3109 3110 3111
f 3109 3111 3112
f 3113 3114 3115
f 3113 3115 3116
f 3117 3118 3119
f 3117 3119 3120
f 3121 3122 3123
f 3121 3123 3124
f 3125 3126 3127
f 3125 3127 3128
f 3129 3130 3131
f 3129 3131 3132
f 3133 3134 3135
f 3133 3135 3136
f 3137 3138 3139
f 3137 3139 3140
f 3141 3142 3143
f 3141 3143 3144
f 3145 3146 3147
f 3145 3147 3148
f 3149 3150 3151
f 3149 3151 3152
f 3153 3154 3155
f 3153 3155 3156
f 3157 3158 3159
f 3157 3159 3160
f 3161 3162 3163
f 3161 3163 3164
f 3165 3166 3167
f 3165 3167 3168
f 3169 3170 3171
f 3169 3171 3172
f 3173 3174 3175
f 3173 3175 3176
f 3177 3178 3179
f 3177 3179 3180
f 3181 3182 3183
f 3181 3183 3184
f 3185 3186 3187
f 3185 3187 3188
f 3189 3190 3191
f 3189 3191 3192
f 3193 3194 3195
f 3193 3195 3196
f 3197 3198 3199
f 3197 3199 3200
f 3201 3202 3203
f 3201 3203 3204
f 3205 3206 3207
f 3205 3207 3208
f 3209 3210 3211
f 3209 3211 3212
f 3213 3214 3215
f 3213 3215 3216
f 3217 3218 3219
f 3217 3219 3220
f 3221 3222 3223
f 3221 3223 3224
f 3225 3226 3227
f 3225 3227 3228
f 3229 3230 3231
f 3229 3231 3232
f 3233 3234 3235
f 3233 3235 3236
f 3237 3238 3239
f 3237 3239 3240
f 3241 3242 3243
f 3241 3243 3244
f 3245 3246 3247
f 3245 3247 3248
f 3249 3250 3251
f 3249 3251 3252
f 3253 3254 3255
f 3253 3255 3256
f 3257 3258 3259
f 3257 3259 3260
f 3261 3262 3263
f 3261 3263 3264
f 3265 3266 3267
f 3265 3267 3268
f 3269 3270 3271
f 3269 3271 3272
f 3273 3274 3275
f 3273 3275 3276
f 3277 3278 3279
f 3277 3279 3280
f 3281 3282 3283
f 3281 3283 3284
f 3285 3286 3287
f 3285 3287 3288
f 3289 3290 3291
f 3289 3291 3292
f 3293 3294 3295
f 3293 3295 3296
f 3297 3298 3299
f 3297 3299 3300
f 3301 3302 3303
f 3301 3303 3304
f 3305 3306 3307
f 3305 3307 3308
f 3309 3310 3311
f 3309 3311 3312
f 3313 3314 3315
f 3313 3315 3316
f 3317 3318 3319
f 3317 3319 3320
f 3321 3322 3323
f 3321 3323 3324
f 3325 3326 3327
f 3325 3327 3328
f 3329 3330 3331
f 3329 3331 3332
f 3333 3334 3335
f 3333 3335 3336
f 3337 3338 3339
f 3337 3339 3340
f 3341 3342 3343
f 3341 3343 3344
f 3345 3346 3347
f 3345 3347 3348
f 3349 3350 3351
f 3349 3351 3352
f 3353 3354 3355
f 3353 3355 3356
f 3357 3358 3359
f 3357 3359 3360
f 3361 3362 3363
f 3361 3363 3364
f 3365 3366 3367
f 3365 3367 3368
f 3369 3370 3371
f 3369 3371 3372
f 3373 3374 3375
f 3373 3375 3376
f 3377 3378 3379
f 3377 3379 3380
f 3381 3382 3383
f 3381 3383 3384
f 3385 3386 3387
f 3385 3387 3388
f 3389 3390 3391
f 3389 3391 3392
f 3393 3394 3395
f 3393 3395 3396
f 3397 3398 3399
f 3397 3399 3400
f 3401 3402 3403
f 3401 3403 3404
f 3405 3406 3407
f 3405 3407 3408
f 3409 3410 3411
f 3409 3411 3412
f 3413 3414 3415
f 3413 3415 3416
f 3417 3418 3419
f 3417 3419 3420
f 3421 3422 3423
f 3421 3423 3424
f 3425 3426 3427
f 3425 3427 3428
f 3429 3430 3431
f 3429 3431 3432
f 3433 3434 3435
f 3433 3435 3436
f 3437 3438 3439
f 3437 3439 3440
f 3441 3442 3443
f 3441 3443 3444
f 3445 3446 3447
f 3445 3447 3448
f 3449 3450 3451
f 3449 3451 3452
f 3453 3454 3455
f 3453 3455 3456
f 3457 3458 3459
f 3457 3459 3460
f 3461 3462 3463
f 3461 3463 3464
f 3465 3466 3467
f 3465 3467 3468
f 3469 3470 3471
f 3469 3471 3472
f 3473 3474 3475
f 3473 3475 3476
f 3477 3478 3479
f 3477 3479 3480
f 3481 3482 3483
f 3481 3483 3484
f 3485 3486 3487
f 3485 3487 3488
f 3489 3490 3491
f 3489 3491 3492
f 3493 3494 3495
f 3493 3495 3496
f 3497 3498 3499
f 3497 3499 3500
f 3501 3502 3503
f 3501 3503 3504
f 3505 3506 3507
f 3505 3507 3508
f 3509 3510 3511
f 3509 3511 3512
f 3513 3514 3515
f 3513 3515 3516
f 3517 3518 3519
f 3517 3519 3520
f 3521 3522 3523
f 3521 3523 3524
f 3525 3526 3527
f 3525 3527 3528
f 3529 3530 3531
f 3529 3531 3532
f 3533 3534 3535
f 3533 3535 3536
f 3537 3538 3539
f 3537 3539 3540
f 3541 3542 3543
f 3541 3543 3544
f 3545 3546 3547
f 3545 3547 3548
f 3549 3550 3551
f 3549 3551 3552
f 3553 3554 3555
f 3553 3555 3556
f 3557 3558 3559
f 3557 3559 3560
f 3561 3562 3563
f 3561 3563 3564
f 3565 3566 3567
f 3565 3567 3568
f 3569 3570 3571
f 3569 3571 3572
f 3573 3574 3575
f 3573 3575 3576
f 3577 3578 3579
f 3580 3581 3582
f 3583 3584 3585
f 3586 3587 3588
f 3589 3590 3591
f 3592 3593 3594
f 3595 3596 3597
f 3598 3599 3600
f 3601 3602 3603
f 3604 3605 3606
f 3607 3608 3609
f 3610 3611 3612
f 3613 3614 3615
f 3616 3617 3618
f 3619 3620 3621
f 3622 3623 3624
f 3625 3626 3627
f 3625 3627 3628
f 3629 3630 3631
f 3629 3631 3632
f 3633 3634 3635
f 3633 3635 3636
f 3637 3638 3639
f 3637 3639 3640
f 3641 3642 3643
f 3641 3643 3644
f 3645 3646 3647
f 3645 3647 3648
f 3649 3650 3651
f 3649 3651 3652
f 3653 3654 3655
f 3653 3655 3656
f 3657 3658 3659
f 3657 3659 3660
f 3661 3662 3663
f 3661 3663 3664
f 3665 3666 3667
f 3665 3667 3668
f 3669 3670 3671
f 3669 3671 3672
f 3673 3674 3675
f 3673 3675 3676
f 3677 3678 3679
f 3677 3679 3680
f 3681 3682 3683
f 3681 3683 3684
f 3685 3686 3687
f 3685 3687 3688
f 3689 3690 3691
f 3692 3693 3694
f 3695 3696 3697
f 3698 3699 3700
f 3701 3702 3703
f 3704 3705 3706
f 3707 3708 3709
f 3710 3711 3712
f 3713 3714 3715
f 3716 3717 3718
f 3719 3720 3721
f 3722 3723 3724
f 3725 3726 3727
f 3728 3729 3730
f 3731 3732 3733
f 3734 3735 3736
f 3737 3738 3739
f 3740 3741 3742
f 3743 3744 3745
f 3746 3747 3748
f 3749 3750 3751
f 3752 3753 3754
f 3755 3756 3757
f 3758 3759 3760
f 3761 3762 3763
f 3764 3765 3766
f 3767 3768 3769
f 3770 3771 3772
f 3773 3774 3775
f 3776 3777 3778
f 3779 3780 3781
f 3782 3783 3784
f 3785 3786 3787
f 3788 3789 3790
f 3791 3792 3793
f 3794 3795 3796
f 3797 3798 3799
f 3800 3801 3802
f 3803 3804 3805
f 3806 3807 3808
f 3809 3810 3811
f 3812 3813 3814
f 3815 3816 3817
f 3818 3819 3820
f 3821 3822 3823
f 3824 3825 3826
f 3827 3828 3829
f 3830 3831 3832
f 3833 3834 3835
f 3836 3837 3838
f 3839 3840 3841
f 3842 3843 3844
f 3845 3846 3847
f 3848 3849 3850
f 3851 3852 3853
f 3854 3855 3856
f 3857 3858 3859
f 3860 3861 3862
f 3863 3864 3865
f 3866 3867 3868
f 3869 3870 3871
f 3872 3873 3874
f 3875 3876 3877
f 3878 3879 3880
f 3881 3882 3883
f 3881 3883 3884
f 3885 3886 3887
f 3885 3887 3888
f 3889 3890 3891
f 3892 3893 3894
f 3892 3894 3895
f 3896 3897 3898
f 3896 3898 3899
f 3900 3901 3902
f 3903 3904 3905
f 3906 3907 3908
f 3909 3910 3911
f 3912 3913 3914
f 3915 3916 3917
f 3918 3919 3920
f 3918 3920 3921
f 3922 3923 3924
f 3922 3924 3925
f 3926 3927 3928
f 3929 3930 3931
f 3932 3933 3934
f 3935 3936 3937
f 3935 3937 3938
f 3939 3940 3941
f 3939 3941 3942
f 3943 3944 3945
f 3946 3947 3948
f 3949 3950 3951
f 3952 3953 3954
f 3955 3956 3957
f 3958 3959 3960
