# Baked from official LDraw part 3648b.dat
o ldraw_3648b
v -0.0200000 -0.8097500 0.1187500
v -0.0200000 -0.8097500 -0.1187500
v 0.0200000 -0.8097500 -0.1187500
v 0.0200000 -0.8097500 0.1187500
v 0.0437500 -0.7473125 -0.1187500
v 0.0437500 -0.7473125 0.1187500
v 0.0200000 -0.8097500 0.1187500
v 0.0200000 -0.8097500 -0.1187500
v 0.0437500 -0.7473125 -0.1187500
v 0.0562500 -0.6723125 -0.1187500
v 0.0562500 -0.6723125 0.1187500
v 0.0437500 -0.7473125 0.1187500
v -0.0437500 -0.7473125 -0.1187500
v -0.0200000 -0.8097500 -0.1187500
v -0.0200000 -0.8097500 0.1187500
v -0.0437500 -0.7473125 0.1187500
v -0.0437500 -0.7473125 -0.1187500
v -0.0437500 -0.7473125 0.1187500
v -0.0562500 -0.6723125 0.1187500
v -0.0562500 -0.6723125 -0.1187500
v 0.0562500 -0.6723125 0.1187500
v 0.0000000 -0.6760000 0.1187500
v 0.0437500 -0.7473125 0.1187500
v -0.0562500 -0.6723125 0.1187500
v -0.0437500 -0.7473125 0.1187500
v 0.0437500 -0.7473125 0.1187500
v 0.0000000 -0.6760000 0.1187500
v 0.0437500 -0.7473125 0.1187500
v -0.0437500 -0.7473125 0.1187500
v -0.0200000 -0.8097500 0.1187500
v 0.0200000 -0.8097500 0.1187500
v 0.0562500 -0.6723125 -0.1187500
v 0.0437500 -0.7473125 -0.1187500
v 0.0000000 -0.6760000 -0.1187500
v -0.0562500 -0.6723125 -0.1187500
v 0.0000000 -0.6760000 -0.1187500
v 0.0437500 -0.7473125 -0.1187500
v -0.0437500 -0.7473125 -0.1187500
v -0.0200000 -0.8097500 -0.1187500
v -0.0437500 -0.7473125 -0.1187500
v 0.0437500 -0.7473125 -0.1187500
v 0.0200000 -0.8097500 -0.1187500
v -0.2288825 -0.7769606 0.1187500
v -0.2288825 -0.7769606 -0.1187500
v -0.1902465 -0.7873126 -0.1187500
v -0.1902465 -0.7873126 0.1187500
v -0.1511476 -0.7331507 -0.1187500
v -0.1511476 -0.7331507 0.1187500
v -0.1902465 -0.7873126 0.1187500
v -0.1902465 -0.7873126 -0.1187500
v -0.1511476 -0.7331507 -0.1187500
v -0.1196638 -0.6639432 -0.1187500
v -0.1196638 -0.6639432 0.1187500
v -0.1511476 -0.7331507 0.1187500
v -0.2356638 -0.7105057 -0.1187500
v -0.2288825 -0.7769606 -0.1187500
v -0.2288825 -0.7769606 0.1187500
v -0.2356638 -0.7105057 0.1187500
v -0.2356638 -0.7105057 -0.1187500
v -0.2356638 -0.7105057 0.1187500
v -0.2283276 -0.6348282 0.1187500
v -0.2283276 -0.6348282 -0.1187500
v -0.1196638 -0.6639432 0.1187500
v -0.1749500 -0.6529475 0.1187500
v -0.1511476 -0.7331507 0.1187500
v -0.2283276 -0.6348282 0.1187500
v -0.2356638 -0.7105057 0.1187500
v -0.1511476 -0.7331507 0.1187500
v -0.1749500 -0.6529475 0.1187500
v -0.1511476 -0.7331507 0.1187500
v -0.2356638 -0.7105057 0.1187500
v -0.2288825 -0.7769606 0.1187500
v -0.1902465 -0.7873126 0.1187500
v -0.1196638 -0.6639432 -0.1187500
v -0.1511476 -0.7331507 -0.1187500
v -0.1749500 -0.6529475 -0.1187500
v -0.2283276 -0.6348282 -0.1187500
v -0.1749500 -0.6529475 -0.1187500
v -0.1511476 -0.7331507 -0.1187500
v -0.2356638 -0.7105057 -0.1187500
v -0.2288825 -0.7769606 -0.1187500
v -0.2356638 -0.7105057 -0.1187500
v -0.1511476 -0.7331507 -0.1187500
v -0.1902465 -0.7873126 -0.1187500
v -0.4221950 -0.6912425 0.1187500
v -0.4221950 -0.6912425 -0.1187500
v -0.3875550 -0.7112425 -0.1187500
v -0.3875550 -0.7112425 0.1187500
v -0.3357688 -0.6690466 -0.1187500
v -0.3357688 -0.6690466 0.1187500
v -0.3875550 -0.7112425 0.1187500
v -0.3875550 -0.7112425 -0.1187500
v -0.3357688 -0.6690466 -0.1187500
v -0.2874437 -0.6103466 -0.1187500
v -0.2874437 -0.6103466 0.1187500
v -0.3357688 -0.6690466 0.1187500
v -0.4115437 -0.6252966 -0.1187500
v -0.4221950 -0.6912425 -0.1187500
v -0.4221950 -0.6912425 0.1187500
v -0.4115437 -0.6252966 0.1187500
v -0.4115437 -0.6252966 -0.1187500
v -0.4115437 -0.6252966 0.1187500
v -0.3848688 -0.5540966 0.1187500
v -0.3848688 -0.5540966 -0.1187500
v -0.2874437 -0.6103466 0.1187500
v -0.3380000 -0.5854150 0.1187500
v -0.3357688 -0.6690466 0.1187500
v -0.3848688 -0.5540966 0.1187500
v -0.4115437 -0.6252966 0.1187500
v -0.3357688 -0.6690466 0.1187500
v -0.3380000 -0.5854150 0.1187500
v -0.3357688 -0.6690466 0.1187500
v -0.4115437 -0.6252966 0.1187500
v -0.4221950 -0.6912425 0.1187500
v -0.3875550 -0.7112425 0.1187500
v -0.2874437 -0.6103466 -0.1187500
v -0.3357688 -0.6690466 -0.1187500
v -0.3380000 -0.5854150 -0.1187500
v -0.3848688 -0.5540966 -0.1187500
v -0.3380000 -0.5854150 -0.1187500
v -0.3357688 -0.6690466 -0.1187500
v -0.4115437 -0.6252966 -0.1187500
v -0.4221950 -0.6912425 -0.1187500
v -0.4115437 -0.6252966 -0.1187500
v -0.3357688 -0.6690466 -0.1187500
v -0.3875550 -0.7112425 -0.1187500
v -0.5867166 -0.5584326 0.1187500
v -0.5867166 -0.5584326 -0.1187500
v -0.5584326 -0.5867166 -0.1187500
v -0.5584326 -0.5867166 0.1187500
v -0.4974894 -0.5593607 -0.1187500
v -0.4974894 -0.5593607 0.1187500
v -0.5584326 -0.5867166 0.1187500
v -0.5584326 -0.5867166 -0.1187500
v -0.4974894 -0.5593607 -0.1187500
v -0.4356182 -0.5151669 -0.1187500
v -0.4356182 -0.5151669 0.1187500
v -0.4974894 -0.5593607 0.1187500
v -0.5593607 -0.4974894 -0.1187500
v -0.5867166 -0.5584326 -0.1187500
v -0.5867166 -0.5584326 0.1187500
v -0.5593607 -0.4974894 0.1187500
v -0.5593607 -0.4974894 -0.1187500
v -0.5593607 -0.4974894 0.1187500
v -0.5151669 -0.4356182 0.1187500
v -0.5151669 -0.4356182 -0.1187500
v -0.4356182 -0.5151669 0.1187500
v -0.4780000 -0.4780000 0.1187500
v -0.4974894 -0.5593607 0.1187500
v -0.5151669 -0.4356182 0.1187500
v -0.5593607 -0.4974894 0.1187500
v -0.4974894 -0.5593607 0.1187500
v -0.4780000 -0.4780000 0.1187500
v -0.4974894 -0.5593607 0.1187500
v -0.5593607 -0.4974894 0.1187500
v -0.5867166 -0.5584326 0.1187500
v -0.5584326 -0.5867166 0.1187500
v -0.4356182 -0.5151669 -0.1187500
v -0.4974894 -0.5593607 -0.1187500
v -0.4780000 -0.4780000 -0.1187500
v -0.5151669 -0.4356182 -0.1187500
v -0.4780000 -0.4780000 -0.1187500
v -0.4974894 -0.5593607 -0.1187500
v -0.5593607 -0.4974894 -0.1187500
v -0.5867166 -0.5584326 -0.1187500
v -0.5593607 -0.4974894 -0.1187500
v -0.4974894 -0.5593607 -0.1187500
v -0.5584326 -0.5867166 -0.1187500
v -0.7112425 -0.3875550 0.1187500
v -0.7112425 -0.3875550 -0.1187500
v -0.6912425 -0.4221950 -0.1187500
v -0.6912425 -0.4221950 0.1187500
v -0.6252966 -0.4115437 -0.1187500
v -0.6252966 -0.4115437 0.1187500
v -0.6912425 -0.4221950 0.1187500
v -0.6912425 -0.4221950 -0.1187500
v -0.6252966 -0.4115437 -0.1187500
v -0.5540966 -0.3848688 -0.1187500
v -0.5540966 -0.3848688 0.1187500
v -0.6252966 -0.4115437 0.1187500
v -0.6690466 -0.3357688 -0.1187500
v -0.7112425 -0.3875550 -0.1187500
v -0.7112425 -0.3875550 0.1187500
v -0.6690466 -0.3357688 0.1187500
v -0.6690466 -0.3357688 -0.1187500
v -0.6690466 -0.3357688 0.1187500
v -0.6103466 -0.2874437 0.1187500
v -0.6103466 -0.2874437 -0.1187500
v -0.5540966 -0.3848688 0.1187500
v -0.5854150 -0.3380000 0.1187500
v -0.6252966 -0.4115437 0.1187500
v -0.6103466 -0.2874437 0.1187500
v -0.6690466 -0.3357688 0.1187500
v -0.6252966 -0.4115437 0.1187500
v -0.5854150 -0.3380000 0.1187500
v -0.6252966 -0.4115437 0.1187500
v -0.6690466 -0.3357688 0.1187500
v -0.7112425 -0.3875550 0.1187500
v -0.6912425 -0.4221950 0.1187500
v -0.5540966 -0.3848688 -0.1187500
v -0.6252966 -0.4115437 -0.1187500
v -0.5854150 -0.3380000 -0.1187500
v -0.6103466 -0.2874437 -0.1187500
v -0.5854150 -0.3380000 -0.1187500
v -0.6252966 -0.4115437 -0.1187500
v -0.6690466 -0.3357688 -0.1187500
v -0.7112425 -0.3875550 -0.1187500
v -0.6690466 -0.3357688 -0.1187500
v -0.6252966 -0.4115437 -0.1187500
v -0.6912425 -0.4221950 -0.1187500
v -0.7873126 -0.1902465 0.1187500
v -0.7873126 -0.1902465 -0.1187500
v -0.7769606 -0.2288825 -0.1187500
v -0.7769606 -0.2288825 0.1187500
v -0.7105057 -0.2356638 -0.1187500
v -0.7105057 -0.2356638 0.1187500
v -0.7769606 -0.2288825 0.1187500
v -0.7769606 -0.2288825 -0.1187500
v -0.7105057 -0.2356638 -0.1187500
v -0.6348282 -0.2283276 -0.1187500
v -0.6348282 -0.2283276 0.1187500
v -0.7105057 -0.2356638 0.1187500
v -0.7331507 -0.1511476 -0.1187500
v -0.7873126 -0.1902465 -0.1187500
v -0.7873126 -0.1902465 0.1187500
v -0.7331507 -0.1511476 0.1187500
v -0.7331507 -0.1511476 -0.1187500
v -0.7331507 -0.1511476 0.1187500
v -0.6639432 -0.1196638 0.1187500
v -0.6639432 -0.1196638 -0.1187500
v -0.6348282 -0.2283276 0.1187500
v -0.6529475 -0.1749500 0.1187500
v -0.7105057 -0.2356638 0.1187500
v -0.6639432 -0.1196638 0.1187500
v -0.7331507 -0.1511476 0.1187500
v -0.7105057 -0.2356638 0.1187500
v -0.6529475 -0.1749500 0.1187500
v -0.7105057 -0.2356638 0.1187500
v -0.7331507 -0.1511476 0.1187500
v -0.7873126 -0.1902465 0.1187500
v -0.7769606 -0.2288825 0.1187500
v -0.6348282 -0.2283276 -0.1187500
v -0.7105057 -0.2356638 -0.1187500
v -0.6529475 -0.1749500 -0.1187500
v -0.6639432 -0.1196638 -0.1187500
v -0.6529475 -0.1749500 -0.1187500
v -0.7105057 -0.2356638 -0.1187500
v -0.7331507 -0.1511476 -0.1187500
v -0.7873126 -0.1902465 -0.1187500
v -0.7331507 -0.1511476 -0.1187500
v -0.7105057 -0.2356638 -0.1187500
v -0.7769606 -0.2288825 -0.1187500
v -0.8097500 0.0200000 0.1187500
v -0.8097500 0.0200000 -0.1187500
v -0.8097500 -0.0200000 -0.1187500
v -0.8097500 -0.0200000 0.1187500
v -0.7473125 -0.0437500 -0.1187500
v -0.7473125 -0.0437500 0.1187500
v -0.8097500 -0.0200000 0.1187500
v -0.8097500 -0.0200000 -0.1187500
v -0.7473125 -0.0437500 -0.1187500
v -0.6723125 -0.0562500 -0.1187500
v -0.6723125 -0.0562500 0.1187500
v -0.7473125 -0.0437500 0.1187500
v -0.7473125 0.0437500 -0.1187500
v -0.8097500 0.0200000 -0.1187500
v -0.8097500 0.0200000 0.1187500
v -0.7473125 0.0437500 0.1187500
v -0.7473125 0.0437500 -0.1187500
v -0.7473125 0.0437500 0.1187500
v -0.6723125 0.0562500 0.1187500
v -0.6723125 0.0562500 -0.1187500
v -0.6723125 -0.0562500 0.1187500
v -0.6760000 -0.0000000 0.1187500
v -0.7473125 -0.0437500 0.1187500
v -0.6723125 0.0562500 0.1187500
v -0.7473125 0.0437500 0.1187500
v -0.7473125 -0.0437500 0.1187500
v -0.6760000 -0.0000000 0.1187500
v -0.7473125 -0.0437500 0.1187500
v -0.7473125 0.0437500 0.1187500
v -0.8097500 0.0200000 0.1187500
v -0.8097500 -0.0200000 0.1187500
v -0.6723125 -0.0562500 -0.1187500
v -0.7473125 -0.0437500 -0.1187500
v -0.6760000 -0.0000000 -0.1187500
v -0.6723125 0.0562500 -0.1187500
v -0.6760000 -0.0000000 -0.1187500
v -0.7473125 -0.0437500 -0.1187500
v -0.7473125 0.0437500 -0.1187500
v -0.8097500 0.0200000 -0.1187500
v -0.7473125 0.0437500 -0.1187500
v -0.7473125 -0.0437500 -0.1187500
v -0.8097500 -0.0200000 -0.1187500
v -0.7769606 0.2288825 0.1187500
v -0.7769606 0.2288825 -0.1187500
v -0.7873126 0.1902465 -0.1187500
v -0.7873126 0.1902465 0.1187500
v -0.7331507 0.1511476 -0.1187500
v -0.7331507 0.1511476 0.1187500
v -0.7873126 0.1902465 0.1187500
v -0.7873126 0.1902465 -0.1187500
v -0.7331507 0.1511476 -0.1187500
v -0.6639432 0.1196638 -0.1187500
v -0.6639432 0.1196638 0.1187500
v -0.7331507 0.1511476 0.1187500
v -0.7105057 0.2356638 -0.1187500
v -0.7769606 0.2288825 -0.1187500
v -0.7769606 0.2288825 0.1187500
v -0.7105057 0.2356638 0.1187500
v -0.7105057 0.2356638 -0.1187500
v -0.7105057 0.2356638 0.1187500
v -0.6348282 0.2283276 0.1187500
v -0.6348282 0.2283276 -0.1187500
v -0.6639432 0.1196638 0.1187500
v -0.6529475 0.1749500 0.1187500
v -0.7331507 0.1511476 0.1187500
v -0.6348282 0.2283276 0.1187500
v -0.7105057 0.2356638 0.1187500
v -0.7331507 0.1511476 0.1187500
v -0.6529475 0.1749500 0.1187500
v -0.7331507 0.1511476 0.1187500
v -0.7105057 0.2356638 0.1187500
v -0.7769606 0.2288825 0.1187500
v -0.7873126 0.1902465 0.1187500
v -0.6639432 0.1196638 -0.1187500
v -0.7331507 0.1511476 -0.1187500
v -0.6529475 0.1749500 -0.1187500
v -0.6348282 0.2283276 -0.1187500
v -0.6529475 0.1749500 -0.1187500
v -0.7331507 0.1511476 -0.1187500
v -0.7105057 0.2356638 -0.1187500
v -0.7769606 0.2288825 -0.1187500
v -0.7105057 0.2356638 -0.1187500
v -0.7331507 0.1511476 -0.1187500
v -0.7873126 0.1902465 -0.1187500
v -0.6912425 0.4221950 0.1187500
v -0.6912425 0.4221950 -0.1187500
v -0.7112425 0.3875550 -0.1187500
v -0.7112425 0.3875550 0.1187500
v -0.6690466 0.3357688 -0.1187500
v -0.6690466 0.3357688 0.1187500
v -0.7112425 0.3875550 0.1187500
v -0.7112425 0.3875550 -0.1187500
v -0.6690466 0.3357688 -0.1187500
v -0.6103466 0.2874437 -0.1187500
v -0.6103466 0.2874437 0.1187500
v -0.6690466 0.3357688 0.1187500
v -0.6252966 0.4115437 -0.1187500
v -0.6912425 0.4221950 -0.1187500
v -0.6912425 0.4221950 0.1187500
v -0.6252966 0.4115437 0.1187500
v -0.6252966 0.4115437 -0.1187500
v -0.6252966 0.4115437 0.1187500
v -0.5540966 0.3848688 0.1187500
v -0.5540966 0.3848688 -0.1187500
v -0.6103466 0.2874437 0.1187500
v -0.5854150 0.3380000 0.1187500
v -0.6690466 0.3357688 0.1187500
v -0.5540966 0.3848688 0.1187500
v -0.6252966 0.4115437 0.1187500
v -0.6690466 0.3357688 0.1187500
v -0.5854150 0.3380000 0.1187500
v -0.6690466 0.3357688 0.1187500
v -0.6252966 0.4115437 0.1187500
v -0.6912425 0.4221950 0.1187500
v -0.7112425 0.3875550 0.1187500
v -0.6103466 0.2874437 -0.1187500
v -0.6690466 0.3357688 -0.1187500
v -0.5854150 0.3380000 -0.1187500
v -0.5540966 0.3848688 -0.1187500
v -0.5854150 0.3380000 -0.1187500
v -0.6690466 0.3357688 -0.1187500
v -0.6252966 0.4115437 -0.1187500
v -0.6912425 0.4221950 -0.1187500
v -0.6252966 0.4115437 -0.1187500
v -0.6690466 0.3357688 -0.1187500
v -0.7112425 0.3875550 -0.1187500
v -0.5584326 0.5867166 0.1187500
v -0.5584326 0.5867166 -0.1187500
v -0.5867166 0.5584326 -0.1187500
v -0.5867166 0.5584326 0.1187500
v -0.5593607 0.4974894 -0.1187500
v -0.5593607 0.4974894 0.1187500
v -0.5867166 0.5584326 0.1187500
v -0.5867166 0.5584326 -0.1187500
v -0.5593607 0.4974894 -0.1187500
v -0.5151669 0.4356182 -0.1187500
v -0.5151669 0.4356182 0.1187500
v -0.5593607 0.4974894 0.1187500
v -0.4974894 0.5593607 -0.1187500
v -0.5584326 0.5867166 -0.1187500
v -0.5584326 0.5867166 0.1187500
v -0.4974894 0.5593607 0.1187500
v -0.4974894 0.5593607 -0.1187500
v -0.4974894 0.5593607 0.1187500
v -0.4356182 0.5151669 0.1187500
v -0.4356182 0.5151669 -0.1187500
v -0.5151669 0.4356182 0.1187500
v -0.4780000 0.4780000 0.1187500
v -0.5593607 0.4974894 0.1187500
v -0.4356182 0.5151669 0.1187500
v -0.4974894 0.5593607 0.1187500
v -0.5593607 0.4974894 0.1187500
v -0.4780000 0.4780000 0.1187500
v -0.5593607 0.4974894 0.1187500
v -0.4974894 0.5593607 0.1187500
v -0.5584326 0.5867166 0.1187500
v -0.5867166 0.5584326 0.1187500
v -0.5151669 0.4356182 -0.1187500
v -0.5593607 0.4974894 -0.1187500
v -0.4780000 0.4780000 -0.1187500
v -0.4356182 0.5151669 -0.1187500
v -0.4780000 0.4780000 -0.1187500
v -0.5593607 0.4974894 -0.1187500
v -0.4974894 0.5593607 -0.1187500
v -0.5584326 0.5867166 -0.1187500
v -0.4974894 0.5593607 -0.1187500
v -0.5593607 0.4974894 -0.1187500
v -0.5867166 0.5584326 -0.1187500
v -0.3875550 0.7112425 0.1187500
v -0.3875550 0.7112425 -0.1187500
v -0.4221950 0.6912425 -0.1187500
v -0.4221950 0.6912425 0.1187500
v -0.4115437 0.6252966 -0.1187500
v -0.4115437 0.6252966 0.1187500
v -0.4221950 0.6912425 0.1187500
v -0.4221950 0.6912425 -0.1187500
v -0.4115437 0.6252966 -0.1187500
v -0.3848688 0.5540966 -0.1187500
v -0.3848688 0.5540966 0.1187500
v -0.4115437 0.6252966 0.1187500
v -0.3357688 0.6690466 -0.1187500
v -0.3875550 0.7112425 -0.1187500
v -0.3875550 0.7112425 0.1187500
v -0.3357688 0.6690466 0.1187500
v -0.3357688 0.6690466 -0.1187500
v -0.3357688 0.6690466 0.1187500
v -0.2874437 0.6103466 0.1187500
v -0.2874437 0.6103466 -0.1187500
v -0.3848688 0.5540966 0.1187500
v -0.3380000 0.5854150 0.1187500
v -0.4115437 0.6252966 0.1187500
v -0.2874437 0.6103466 0.1187500
v -0.3357688 0.6690466 0.1187500
v -0.4115437 0.6252966 0.1187500
v -0.3380000 0.5854150 0.1187500
v -0.4115437 0.6252966 0.1187500
v -0.3357688 0.6690466 0.1187500
v -0.3875550 0.7112425 0.1187500
v -0.4221950 0.6912425 0.1187500
v -0.3848688 0.5540966 -0.1187500
v -0.4115437 0.6252966 -0.1187500
v -0.3380000 0.5854150 -0.1187500
v -0.2874437 0.6103466 -0.1187500
v -0.3380000 0.5854150 -0.1187500
v -0.4115437 0.6252966 -0.1187500
v -0.3357688 0.6690466 -0.1187500
v -0.3875550 0.7112425 -0.1187500
v -0.3357688 0.6690466 -0.1187500
v -0.4115437 0.6252966 -0.1187500
v -0.4221950 0.6912425 -0.1187500
v -0.1902465 0.7873126 0.1187500
v -0.1902465 0.7873126 -0.1187500
v -0.2288825 0.7769606 -0.1187500
v -0.2288825 0.7769606 0.1187500
v -0.2356638 0.7105057 -0.1187500
v -0.2356638 0.7105057 0.1187500
v -0.2288825 0.7769606 0.1187500
v -0.2288825 0.7769606 -0.1187500
v -0.2356638 0.7105057 -0.1187500
v -0.2283276 0.6348282 -0.1187500
v -0.2283276 0.6348282 0.1187500
v -0.2356638 0.7105057 0.1187500
v -0.1511476 0.7331507 -0.1187500
v -0.1902465 0.7873126 -0.1187500
v -0.1902465 0.7873126 0.1187500
v -0.1511476 0.7331507 0.1187500
v -0.1511476 0.7331507 -0.1187500
v -0.1511476 0.7331507 0.1187500
v -0.1196638 0.6639432 0.1187500
v -0.1196638 0.6639432 -0.1187500
v -0.2283276 0.6348282 0.1187500
v -0.1749500 0.6529475 0.1187500
v -0.2356638 0.7105057 0.1187500
v -0.1196638 0.6639432 0.1187500
v -0.1511476 0.7331507 0.1187500
v -0.2356638 0.7105057 0.1187500
v -0.1749500 0.6529475 0.1187500
v -0.2356638 0.7105057 0.1187500
v -0.1511476 0.7331507 0.1187500
v -0.1902465 0.7873126 0.1187500
v -0.2288825 0.7769606 0.1187500
v -0.2283276 0.6348282 -0.1187500
v -0.2356638 0.7105057 -0.1187500
v -0.1749500 0.6529475 -0.1187500
v -0.1196638 0.6639432 -0.1187500
v -0.1749500 0.6529475 -0.1187500
v -0.2356638 0.7105057 -0.1187500
v -0.1511476 0.7331507 -0.1187500
v -0.1902465 0.7873126 -0.1187500
v -0.1511476 0.7331507 -0.1187500
v -0.2356638 0.7105057 -0.1187500
v -0.2288825 0.7769606 -0.1187500
v 0.0200000 0.8097500 0.1187500
v 0.0200000 0.8097500 -0.1187500
v -0.0200000 0.8097500 -0.1187500
v -0.0200000 0.8097500 0.1187500
v -0.0437500 0.7473125 -0.1187500
v -0.0437500 0.7473125 0.1187500
v -0.0200000 0.8097500 0.1187500
v -0.0200000 0.8097500 -0.1187500
v -0.0437500 0.7473125 -0.1187500
v -0.0562500 0.6723125 -0.1187500
v -0.0562500 0.6723125 0.1187500
v -0.0437500 0.7473125 0.1187500
v 0.0437500 0.7473125 -0.1187500
v 0.0200000 0.8097500 -0.1187500
v 0.0200000 0.8097500 0.1187500
v 0.0437500 0.7473125 0.1187500
v 0.0437500 0.7473125 -0.1187500
v 0.0437500 0.7473125 0.1187500
v 0.0562500 0.6723125 0.1187500
v 0.0562500 0.6723125 -0.1187500
v -0.0562500 0.6723125 0.1187500
v 0.0000000 0.6760000 0.1187500
v -0.0437500 0.7473125 0.1187500
v 0.0562500 0.6723125 0.1187500
v 0.0437500 0.7473125 0.1187500
v -0.0437500 0.7473125 0.1187500
v 0.0000000 0.6760000 0.1187500
v -0.0437500 0.7473125 0.1187500
v 0.0437500 0.7473125 0.1187500
v 0.0200000 0.8097500 0.1187500
v -0.0200000 0.8097500 0.1187500
v -0.0562500 0.6723125 -0.1187500
v -0.0437500 0.7473125 -0.1187500
v 0.0000000 0.6760000 -0.1187500
v 0.0562500 0.6723125 -0.1187500
v 0.0000000 0.6760000 -0.1187500
v -0.0437500 0.7473125 -0.1187500
v 0.0437500 0.7473125 -0.1187500
v 0.0200000 0.8097500 -0.1187500
v 0.0437500 0.7473125 -0.1187500
v -0.0437500 0.7473125 -0.1187500
v -0.0200000 0.8097500 -0.1187500
v 0.2288825 0.7769606 0.1187500
v 0.2288825 0.7769606 -0.1187500
v 0.1902465 0.7873126 -0.1187500
v 0.1902465 0.7873126 0.1187500
v 0.1511476 0.7331507 -0.1187500
v 0.1511476 0.7331507 0.1187500
v 0.1902465 0.7873126 0.1187500
v 0.1902465 0.7873126 -0.1187500
v 0.1511476 0.7331507 -0.1187500
v 0.1196638 0.6639432 -0.1187500
v 0.1196638 0.6639432 0.1187500
v 0.1511476 0.7331507 0.1187500
v 0.2356638 0.7105057 -0.1187500
v 0.2288825 0.7769606 -0.1187500
v 0.2288825 0.7769606 0.1187500
v 0.2356638 0.7105057 0.1187500
v 0.2356638 0.7105057 -0.1187500
v 0.2356638 0.7105057 0.1187500
v 0.2283276 0.6348282 0.1187500
v 0.2283276 0.6348282 -0.1187500
v 0.1196638 0.6639432 0.1187500
v 0.1749500 0.6529475 0.1187500
v 0.1511476 0.7331507 0.1187500
v 0.2283276 0.6348282 0.1187500
v 0.2356638 0.7105057 0.1187500
v 0.1511476 0.7331507 0.1187500
v 0.1749500 0.6529475 0.1187500
v 0.1511476 0.7331507 0.1187500
v 0.2356638 0.7105057 0.1187500
v 0.2288825 0.7769606 0.1187500
v 0.1902465 0.7873126 0.1187500
v 0.1196638 0.6639432 -0.1187500
v 0.1511476 0.7331507 -0.1187500
v 0.1749500 0.6529475 -0.1187500
v 0.2283276 0.6348282 -0.1187500
v 0.1749500 0.6529475 -0.1187500
v 0.1511476 0.7331507 -0.1187500
v 0.2356638 0.7105057 -0.1187500
v 0.2288825 0.7769606 -0.1187500
v 0.2356638 0.7105057 -0.1187500
v 0.1511476 0.7331507 -0.1187500
v 0.1902465 0.7873126 -0.1187500
v 0.4221950 0.6912425 0.1187500
v 0.4221950 0.6912425 -0.1187500
v 0.3875550 0.7112425 -0.1187500
v 0.3875550 0.7112425 0.1187500
v 0.3357688 0.6690466 -0.1187500
v 0.3357688 0.6690466 0.1187500
v 0.3875550 0.7112425 0.1187500
v 0.3875550 0.7112425 -0.1187500
v 0.3357688 0.6690466 -0.1187500
v 0.2874437 0.6103466 -0.1187500
v 0.2874437 0.6103466 0.1187500
v 0.3357688 0.6690466 0.1187500
v 0.4115437 0.6252966 -0.1187500
v 0.4221950 0.6912425 -0.1187500
v 0.4221950 0.6912425 0.1187500
v 0.4115437 0.6252966 0.1187500
v 0.4115437 0.6252966 -0.1187500
v 0.4115437 0.6252966 0.1187500
v 0.3848688 0.5540966 0.1187500
v 0.3848688 0.5540966 -0.1187500
v 0.2874437 0.6103466 0.1187500
v 0.3380000 0.5854150 0.1187500
v 0.3357688 0.6690466 0.1187500
v 0.3848688 0.5540966 0.1187500
v 0.4115437 0.6252966 0.1187500
v 0.3357688 0.6690466 0.1187500
v 0.3380000 0.5854150 0.1187500
v 0.3357688 0.6690466 0.1187500
v 0.4115437 0.6252966 0.1187500
v 0.4221950 0.6912425 0.1187500
v 0.3875550 0.7112425 0.1187500
v 0.2874437 0.6103466 -0.1187500
v 0.3357688 0.6690466 -0.1187500
v 0.3380000 0.5854150 -0.1187500
v 0.3848688 0.5540966 -0.1187500
v 0.3380000 0.5854150 -0.1187500
v 0.3357688 0.6690466 -0.1187500
v 0.4115437 0.6252966 -0.1187500
v 0.4221950 0.6912425 -0.1187500
v 0.4115437 0.6252966 -0.1187500
v 0.3357688 0.6690466 -0.1187500
v 0.3875550 0.7112425 -0.1187500
v 0.5867166 0.5584326 0.1187500
v 0.5867166 0.5584326 -0.1187500
v 0.5584326 0.5867166 -0.1187500
v 0.5584326 0.5867166 0.1187500
v 0.4974894 0.5593607 -0.1187500
v 0.4974894 0.5593607 0.1187500
v 0.5584326 0.5867166 0.1187500
v 0.5584326 0.5867166 -0.1187500
v 0.4974894 0.5593607 -0.1187500
v 0.4356182 0.5151669 -0.1187500
v 0.4356182 0.5151669 0.1187500
v 0.4974894 0.5593607 0.1187500
v 0.5593607 0.4974894 -0.1187500
v 0.5867166 0.5584326 -0.1187500
v 0.5867166 0.5584326 0.1187500
v 0.5593607 0.4974894 0.1187500
v 0.5593607 0.4974894 -0.1187500
v 0.5593607 0.4974894 0.1187500
v 0.5151669 0.4356182 0.1187500
v 0.5151669 0.4356182 -0.1187500
v 0.4356182 0.5151669 0.1187500
v 0.4780000 0.4780000 0.1187500
v 0.4974894 0.5593607 0.1187500
v 0.5151669 0.4356182 0.1187500
v 0.5593607 0.4974894 0.1187500
v 0.4974894 0.5593607 0.1187500
v 0.4780000 0.4780000 0.1187500
v 0.4974894 0.5593607 0.1187500
v 0.5593607 0.4974894 0.1187500
v 0.5867166 0.5584326 0.1187500
v 0.5584326 0.5867166 0.1187500
v 0.4356182 0.5151669 -0.1187500
v 0.4974894 0.5593607 -0.1187500
v 0.4780000 0.4780000 -0.1187500
v 0.5151669 0.4356182 -0.1187500
v 0.4780000 0.4780000 -0.1187500
v 0.4974894 0.5593607 -0.1187500
v 0.5593607 0.4974894 -0.1187500
v 0.5867166 0.5584326 -0.1187500
v 0.5593607 0.4974894 -0.1187500
v 0.4974894 0.5593607 -0.1187500
v 0.5584326 0.5867166 -0.1187500
v 0.7112425 0.3875550 0.1187500
v 0.7112425 0.3875550 -0.1187500
v 0.6912425 0.4221950 -0.1187500
v 0.6912425 0.4221950 0.1187500
v 0.6252966 0.4115437 -0.1187500
v 0.6252966 0.4115437 0.1187500
v 0.6912425 0.4221950 0.1187500
v 0.6912425 0.4221950 -0.1187500
v 0.6252966 0.4115437 -0.1187500
v 0.5540966 0.3848688 -0.1187500
v 0.5540966 0.3848688 0.1187500
v 0.6252966 0.4115437 0.1187500
v 0.6690466 0.3357688 -0.1187500
v 0.7112425 0.3875550 -0.1187500
v 0.7112425 0.3875550 0.1187500
v 0.6690466 0.3357688 0.1187500
v 0.6690466 0.3357688 -0.1187500
v 0.6690466 0.3357688 0.1187500
v 0.6103466 0.2874437 0.1187500
v 0.6103466 0.2874437 -0.1187500
v 0.5540966 0.3848688 0.1187500
v 0.5854150 0.3380000 0.1187500
v 0.6252966 0.4115437 0.1187500
v 0.6103466 0.2874437 0.1187500
v 0.6690466 0.3357688 0.1187500
v 0.6252966 0.4115437 0.1187500
v 0.5854150 0.3380000 0.1187500
v 0.6252966 0.4115437 0.1187500
v 0.6690466 0.3357688 0.1187500
v 0.7112425 0.3875550 0.1187500
v 0.6912425 0.4221950 0.1187500
v 0.5540966 0.3848688 -0.1187500
v 0.6252966 0.4115437 -0.1187500
v 0.5854150 0.3380000 -0.1187500
v 0.6103466 0.2874437 -0.1187500
v 0.5854150 0.3380000 -0.1187500
v 0.6252966 0.4115437 -0.1187500
v 0.6690466 0.3357688 -0.1187500
v 0.7112425 0.3875550 -0.1187500
v 0.6690466 0.3357688 -0.1187500
v 0.6252966 0.4115437 -0.1187500
v 0.6912425 0.4221950 -0.1187500
v 0.7873126 0.1902465 0.1187500
v 0.7873126 0.1902465 -0.1187500
v 0.7769606 0.2288825 -0.1187500
v 0.7769606 0.2288825 0.1187500
v 0.7105057 0.2356638 -0.1187500
v 0.7105057 0.2356638 0.1187500
v 0.7769606 0.2288825 0.1187500
v 0.7769606 0.2288825 -0.1187500
v 0.7105057 0.2356638 -0.1187500
v 0.6348282 0.2283276 -0.1187500
v 0.6348282 0.2283276 0.1187500
v 0.7105057 0.2356638 0.1187500
v 0.7331507 0.1511476 -0.1187500
v 0.7873126 0.1902465 -0.1187500
v 0.7873126 0.1902465 0.1187500
v 0.7331507 0.1511476 0.1187500
v 0.7331507 0.1511476 -0.1187500
v 0.7331507 0.1511476 0.1187500
v 0.6639432 0.1196638 0.1187500
v 0.6639432 0.1196638 -0.1187500
v 0.6348282 0.2283276 0.1187500
v 0.6529475 0.1749500 0.1187500
v 0.7105057 0.2356638 0.1187500
v 0.6639432 0.1196638 0.1187500
v 0.7331507 0.1511476 0.1187500
v 0.7105057 0.2356638 0.1187500
v 0.6529475 0.1749500 0.1187500
v 0.7105057 0.2356638 0.1187500
v 0.7331507 0.1511476 0.1187500
v 0.7873126 0.1902465 0.1187500
v 0.7769606 0.2288825 0.1187500
v 0.6348282 0.2283276 -0.1187500
v 0.7105057 0.2356638 -0.1187500
v 0.6529475 0.1749500 -0.1187500
v 0.6639432 0.1196638 -0.1187500
v 0.6529475 0.1749500 -0.1187500
v 0.7105057 0.2356638 -0.1187500
v 0.7331507 0.1511476 -0.1187500
v 0.7873126 0.1902465 -0.1187500
v 0.7331507 0.1511476 -0.1187500
v 0.7105057 0.2356638 -0.1187500
v 0.7769606 0.2288825 -0.1187500
v 0.8097500 -0.0200000 0.1187500
v 0.8097500 -0.0200000 -0.1187500
v 0.8097500 0.0200000 -0.1187500
v 0.8097500 0.0200000 0.1187500
v 0.7473125 0.0437500 -0.1187500
v 0.7473125 0.0437500 0.1187500
v 0.8097500 0.0200000 0.1187500
v 0.8097500 0.0200000 -0.1187500
v 0.7473125 0.0437500 -0.1187500
v 0.6723125 0.0562500 -0.1187500
v 0.6723125 0.0562500 0.1187500
v 0.7473125 0.0437500 0.1187500
v 0.7473125 -0.0437500 -0.1187500
v 0.8097500 -0.0200000 -0.1187500
v 0.8097500 -0.0200000 0.1187500
v 0.7473125 -0.0437500 0.1187500
v 0.7473125 -0.0437500 -0.1187500
v 0.7473125 -0.0437500 0.1187500
v 0.6723125 -0.0562500 0.1187500
v 0.6723125 -0.0562500 -0.1187500
v 0.6723125 0.0562500 0.1187500
v 0.6760000 -0.0000000 0.1187500
v 0.7473125 0.0437500 0.1187500
v 0.6723125 -0.0562500 0.1187500
v 0.7473125 -0.0437500 0.1187500
v 0.7473125 0.0437500 0.1187500
v 0.6760000 -0.0000000 0.1187500
v 0.7473125 0.0437500 0.1187500
v 0.7473125 -0.0437500 0.1187500
v 0.8097500 -0.0200000 0.1187500
v 0.8097500 0.0200000 0.1187500
v 0.6723125 0.0562500 -0.1187500
v 0.7473125 0.0437500 -0.1187500
v 0.6760000 -0.0000000 -0.1187500
v 0.6723125 -0.0562500 -0.1187500
v 0.6760000 -0.0000000 -0.1187500
v 0.7473125 0.0437500 -0.1187500
v 0.7473125 -0.0437500 -0.1187500
v 0.8097500 -0.0200000 -0.1187500
v 0.7473125 -0.0437500 -0.1187500
v 0.7473125 0.0437500 -0.1187500
v 0.8097500 0.0200000 -0.1187500
v 0.7769606 -0.2288825 0.1187500
v 0.7769606 -0.2288825 -0.1187500
v 0.7873126 -0.1902465 -0.1187500
v 0.7873126 -0.1902465 0.1187500
v 0.7331507 -0.1511476 -0.1187500
v 0.7331507 -0.1511476 0.1187500
v 0.7873126 -0.1902465 0.1187500
v 0.7873126 -0.1902465 -0.1187500
v 0.7331507 -0.1511476 -0.1187500
v 0.6639432 -0.1196638 -0.1187500
v 0.6639432 -0.1196638 0.1187500
v 0.7331507 -0.1511476 0.1187500
v 0.7105057 -0.2356638 -0.1187500
v 0.7769606 -0.2288825 -0.1187500
v 0.7769606 -0.2288825 0.1187500
v 0.7105057 -0.2356638 0.1187500
v 0.7105057 -0.2356638 -0.1187500
v 0.7105057 -0.2356638 0.1187500
v 0.6348282 -0.2283276 0.1187500
v 0.6348282 -0.2283276 -0.1187500
v 0.6639432 -0.1196638 0.1187500
v 0.6529475 -0.1749500 0.1187500
v 0.7331507 -0.1511476 0.1187500
v 0.6348282 -0.2283276 0.1187500
v 0.7105057 -0.2356638 0.1187500
v 0.7331507 -0.1511476 0.1187500
v 0.6529475 -0.1749500 0.1187500
v 0.7331507 -0.1511476 0.1187500
v 0.7105057 -0.2356638 0.1187500
v 0.7769606 -0.2288825 0.1187500
v 0.7873126 -0.1902465 0.1187500
v 0.6639432 -0.1196638 -0.1187500
v 0.7331507 -0.1511476 -0.1187500
v 0.6529475 -0.1749500 -0.1187500
v 0.6348282 -0.2283276 -0.1187500
v 0.6529475 -0.1749500 -0.1187500
v 0.7331507 -0.1511476 -0.1187500
v 0.7105057 -0.2356638 -0.1187500
v 0.7769606 -0.2288825 -0.1187500
v 0.7105057 -0.2356638 -0.1187500
v 0.7331507 -0.1511476 -0.1187500
v 0.7873126 -0.1902465 -0.1187500
v 0.6912425 -0.4221950 0.1187500
v 0.6912425 -0.4221950 -0.1187500
v 0.7112425 -0.3875550 -0.1187500
v 0.7112425 -0.3875550 0.1187500
v 0.6690466 -0.3357688 -0.1187500
v 0.6690466 -0.3357688 0.1187500
v 0.7112425 -0.3875550 0.1187500
v 0.7112425 -0.3875550 -0.1187500
v 0.6690466 -0.3357688 -0.1187500
v 0.6103466 -0.2874437 -0.1187500
v 0.6103466 -0.2874437 0.1187500
v 0.6690466 -0.3357688 0.1187500
v 0.6252966 -0.4115437 -0.1187500
v 0.6912425 -0.4221950 -0.1187500
v 0.6912425 -0.4221950 0.1187500
v 0.6252966 -0.4115437 0.1187500
v 0.6252966 -0.4115437 -0.1187500
v 0.6252966 -0.4115437 0.1187500
v 0.5540966 -0.3848688 0.1187500
v 0.5540966 -0.3848688 -0.1187500
v 0.6103466 -0.2874437 0.1187500
v 0.5854150 -0.3380000 0.1187500
v 0.6690466 -0.3357688 0.1187500
v 0.5540966 -0.3848688 0.1187500
v 0.6252966 -0.4115437 0.1187500
v 0.6690466 -0.3357688 0.1187500
v 0.5854150 -0.3380000 0.1187500
v 0.6690466 -0.3357688 0.1187500
v 0.6252966 -0.4115437 0.1187500
v 0.6912425 -0.4221950 0.1187500
v 0.7112425 -0.3875550 0.1187500
v 0.6103466 -0.2874437 -0.1187500
v 0.6690466 -0.3357688 -0.1187500
v 0.5854150 -0.3380000 -0.1187500
v 0.5540966 -0.3848688 -0.1187500
v 0.5854150 -0.3380000 -0.1187500
v 0.6690466 -0.3357688 -0.1187500
v 0.6252966 -0.4115437 -0.1187500
v 0.6912425 -0.4221950 -0.1187500
v 0.6252966 -0.4115437 -0.1187500
v 0.6690466 -0.3357688 -0.1187500
v 0.7112425 -0.3875550 -0.1187500
v 0.5584326 -0.5867166 0.1187500
v 0.5584326 -0.5867166 -0.1187500
v 0.5867166 -0.5584326 -0.1187500
v 0.5867166 -0.5584326 0.1187500
v 0.5593607 -0.4974894 -0.1187500
v 0.5593607 -0.4974894 0.1187500
v 0.5867166 -0.5584326 0.1187500
v 0.5867166 -0.5584326 -0.1187500
v 0.5593607 -0.4974894 -0.1187500
v 0.5151669 -0.4356182 -0.1187500
v 0.5151669 -0.4356182 0.1187500
v 0.5593607 -0.4974894 0.1187500
v 0.4974894 -0.5593607 -0.1187500
v 0.5584326 -0.5867166 -0.1187500
v 0.5584326 -0.5867166 0.1187500
v 0.4974894 -0.5593607 0.1187500
v 0.4974894 -0.5593607 -0.1187500
v 0.4974894 -0.5593607 0.1187500
v 0.4356182 -0.5151669 0.1187500
v 0.4356182 -0.5151669 -0.1187500
v 0.5151669 -0.4356182 0.1187500
v 0.4780000 -0.4780000 0.1187500
v 0.5593607 -0.4974894 0.1187500
v 0.4356182 -0.5151669 0.1187500
v 0.4974894 -0.5593607 0.1187500
v 0.5593607 -0.4974894 0.1187500
v 0.4780000 -0.4780000 0.1187500
v 0.5593607 -0.4974894 0.1187500
v 0.4974894 -0.5593607 0.1187500
v 0.5584326 -0.5867166 0.1187500
v 0.5867166 -0.5584326 0.1187500
v 0.5151669 -0.4356182 -0.1187500
v 0.5593607 -0.4974894 -0.1187500
v 0.4780000 -0.4780000 -0.1187500
v 0.4356182 -0.5151669 -0.1187500
v 0.4780000 -0.4780000 -0.1187500
v 0.5593607 -0.4974894 -0.1187500
v 0.4974894 -0.5593607 -0.1187500
v 0.5584326 -0.5867166 -0.1187500
v 0.4974894 -0.5593607 -0.1187500
v 0.5593607 -0.4974894 -0.1187500
v 0.5867166 -0.5584326 -0.1187500
v 0.3875550 -0.7112425 0.1187500
v 0.3875550 -0.7112425 -0.1187500
v 0.4221950 -0.6912425 -0.1187500
v 0.4221950 -0.6912425 0.1187500
v 0.4115437 -0.6252966 -0.1187500
v 0.4115437 -0.6252966 0.1187500
v 0.4221950 -0.6912425 0.1187500
v 0.4221950 -0.6912425 -0.1187500
v 0.4115437 -0.6252966 -0.1187500
v 0.3848688 -0.5540966 -0.1187500
v 0.3848688 -0.5540966 0.1187500
v 0.4115437 -0.6252966 0.1187500
v 0.3357688 -0.6690466 -0.1187500
v 0.3875550 -0.7112425 -0.1187500
v 0.3875550 -0.7112425 0.1187500
v 0.3357688 -0.6690466 0.1187500
v 0.3357688 -0.6690466 -0.1187500
v 0.3357688 -0.6690466 0.1187500
v 0.2874437 -0.6103466 0.1187500
v 0.2874437 -0.6103466 -0.1187500
v 0.3848688 -0.5540966 0.1187500
v 0.3380000 -0.5854150 0.1187500
v 0.4115437 -0.6252966 0.1187500
v 0.2874437 -0.6103466 0.1187500
v 0.3357688 -0.6690466 0.1187500
v 0.4115437 -0.6252966 0.1187500
v 0.3380000 -0.5854150 0.1187500
v 0.4115437 -0.6252966 0.1187500
v 0.3357688 -0.6690466 0.1187500
v 0.3875550 -0.7112425 0.1187500
v 0.4221950 -0.6912425 0.1187500
v 0.3848688 -0.5540966 -0.1187500
v 0.4115437 -0.6252966 -0.1187500
v 0.3380000 -0.5854150 -0.1187500
v 0.2874437 -0.6103466 -0.1187500
v 0.3380000 -0.5854150 -0.1187500
v 0.4115437 -0.6252966 -0.1187500
v 0.3357688 -0.6690466 -0.1187500
v 0.3875550 -0.7112425 -0.1187500
v 0.3357688 -0.6690466 -0.1187500
v 0.4115437 -0.6252966 -0.1187500
v 0.4221950 -0.6912425 -0.1187500
v 0.1902465 -0.7873126 0.1187500
v 0.1902465 -0.7873126 -0.1187500
v 0.2288825 -0.7769606 -0.1187500
v 0.2288825 -0.7769606 0.1187500
v 0.2356638 -0.7105057 -0.1187500
v 0.2356638 -0.7105057 0.1187500
v 0.2288825 -0.7769606 0.1187500
v 0.2288825 -0.7769606 -0.1187500
v 0.2356638 -0.7105057 -0.1187500
v 0.2283276 -0.6348282 -0.1187500
v 0.2283276 -0.6348282 0.1187500
v 0.2356638 -0.7105057 0.1187500
v 0.1511476 -0.7331507 -0.1187500
v 0.1902465 -0.7873126 -0.1187500
v 0.1902465 -0.7873126 0.1187500
v 0.1511476 -0.7331507 0.1187500
v 0.1511476 -0.7331507 -0.1187500
v 0.1511476 -0.7331507 0.1187500
v 0.1196638 -0.6639432 0.1187500
v 0.1196638 -0.6639432 -0.1187500
v 0.2283276 -0.6348282 0.1187500
v 0.1749500 -0.6529475 0.1187500
v 0.2356638 -0.7105057 0.1187500
v 0.1196638 -0.6639432 0.1187500
v 0.1511476 -0.7331507 0.1187500
v 0.2356638 -0.7105057 0.1187500
v 0.1749500 -0.6529475 0.1187500
v 0.2356638 -0.7105057 0.1187500
v 0.1511476 -0.7331507 0.1187500
v 0.1902465 -0.7873126 0.1187500
v 0.2288825 -0.7769606 0.1187500
v 0.2283276 -0.6348282 -0.1187500
v 0.2356638 -0.7105057 -0.1187500
v 0.1749500 -0.6529475 -0.1187500
v 0.1196638 -0.6639432 -0.1187500
v 0.1749500 -0.6529475 -0.1187500
v 0.2356638 -0.7105057 -0.1187500
v 0.1511476 -0.7331507 -0.1187500
v 0.1902465 -0.7873126 -0.1187500
v 0.1511476 -0.7331507 -0.1187500
v 0.2356638 -0.7105057 -0.1187500
v 0.2288825 -0.7769606 -0.1187500
v -0.1196750 -0.6639625 -0.1187500
v -0.0882350 -0.6702175 -0.1187500
v -0.0882350 -0.6702175 0.1187500
v -0.1196750 -0.6639625 0.1187500
v -0.2874425 -0.6103675 -0.1187500
v -0.2586925 -0.6245425 -0.1187500
v -0.2586925 -0.6245425 0.1187500
v -0.2874425 -0.6103675 0.1187500
v -0.4356225 -0.5151725 -0.1187500
v -0.4115225 -0.5363075 -0.1187500
v -0.4115225 -0.5363075 0.1187500
v -0.4356225 -0.5151725 0.1187500
v -0.5541150 -0.3848725 -0.1187500
v -0.5363050 -0.4115225 -0.1187500
v -0.5363050 -0.4115225 0.1187500
v -0.5541150 -0.3848725 0.1187500
v -0.6348475 -0.2283400 -0.1187500
v -0.6245425 -0.2586950 -0.1187500
v -0.6245425 -0.2586950 0.1187500
v -0.6348475 -0.2283400 0.1187500
v -0.6723125 -0.0562500 -0.1187500
v -0.6702175 -0.0882350 -0.1187500
v -0.6702175 -0.0882350 0.1187500
v -0.6723125 -0.0562500 0.1187500
v -0.6639625 0.1196750 -0.1187500
v -0.6702175 0.0882350 -0.1187500
v -0.6702175 0.0882350 0.1187500
v -0.6639625 0.1196750 0.1187500
v -0.6103675 0.2874425 -0.1187500
v -0.6245425 0.2586925 -0.1187500
v -0.6245425 0.2586925 0.1187500
v -0.6103675 0.2874425 0.1187500
v -0.5151725 0.4356225 -0.1187500
v -0.5363075 0.4115225 -0.1187500
v -0.5363075 0.4115225 0.1187500
v -0.5151725 0.4356225 0.1187500
v -0.3848725 0.5541150 -0.1187500
v -0.4115225 0.5363050 -0.1187500
v -0.4115225 0.5363050 0.1187500
v -0.3848725 0.5541150 0.1187500
v -0.2283400 0.6348475 -0.1187500
v -0.2586950 0.6245425 -0.1187500
v -0.2586950 0.6245425 0.1187500
v -0.2283400 0.6348475 0.1187500
v -0.0562500 0.6723125 -0.1187500
v -0.0882350 0.6702175 -0.1187500
v -0.0882350 0.6702175 0.1187500
v -0.0562500 0.6723125 0.1187500
v 0.1196750 0.6639625 -0.1187500
v 0.0882350 0.6702175 -0.1187500
v 0.0882350 0.6702175 0.1187500
v 0.1196750 0.6639625 0.1187500
v 0.2874425 0.6103675 -0.1187500
v 0.2586925 0.6245425 -0.1187500
v 0.2586925 0.6245425 0.1187500
v 0.2874425 0.6103675 0.1187500
v 0.4356225 0.5151725 -0.1187500
v 0.4115225 0.5363075 -0.1187500
v 0.4115225 0.5363075 0.1187500
v 0.4356225 0.5151725 0.1187500
v 0.5541150 0.3848725 -0.1187500
v 0.5363050 0.4115225 -0.1187500
v 0.5363050 0.4115225 0.1187500
v 0.5541150 0.3848725 0.1187500
v 0.6348475 0.2283400 -0.1187500
v 0.6245425 0.2586950 -0.1187500
v 0.6245425 0.2586950 0.1187500
v 0.6348475 0.2283400 0.1187500
v 0.6723125 0.0562500 -0.1187500
v 0.6702175 0.0882350 -0.1187500
v 0.6702175 0.0882350 0.1187500
v 0.6723125 0.0562500 0.1187500
v 0.6639625 -0.1196750 -0.1187500
v 0.6702175 -0.0882350 -0.1187500
v 0.6702175 -0.0882350 0.1187500
v 0.6639625 -0.1196750 0.1187500
v 0.6103675 -0.2874425 -0.1187500
v 0.6245425 -0.2586925 -0.1187500
v 0.6245425 -0.2586925 0.1187500
v 0.6103675 -0.2874425 0.1187500
v 0.5151725 -0.4356225 -0.1187500
v 0.5363075 -0.4115225 -0.1187500
v 0.5363075 -0.4115225 0.1187500
v 0.5151725 -0.4356225 0.1187500
v 0.3848725 -0.5541150 -0.1187500
v 0.4115225 -0.5363050 -0.1187500
v 0.4115225 -0.5363050 0.1187500
v 0.3848725 -0.5541150 0.1187500
v 0.2283400 -0.6348475 -0.1187500
v 0.2586950 -0.6245425 -0.1187500
v 0.2586950 -0.6245425 0.1187500
v 0.2283400 -0.6348475 0.1187500
v 0.0562500 -0.6723125 -0.1187500
v 0.0882350 -0.6702175 -0.1187500
v 0.0882350 -0.6702175 0.1187500
v 0.0562500 -0.6723125 0.1187500
v -0.0562500 -0.6723125 0.1187500
v -0.0882350 -0.6702175 0.1187500
v -0.0882350 -0.6702175 -0.1187500
v -0.0562500 -0.6723125 -0.1187500
v -0.2283400 -0.6348475 0.1187500
v -0.2586950 -0.6245425 0.1187500
v -0.2586950 -0.6245425 -0.1187500
v -0.2283400 -0.6348475 -0.1187500
v -0.3848725 -0.5541150 0.1187500
v -0.4115225 -0.5363050 0.1187500
v -0.4115225 -0.5363050 -0.1187500
v -0.3848725 -0.5541150 -0.1187500
v -0.5151725 -0.4356225 0.1187500
v -0.5363075 -0.4115225 0.1187500
v -0.5363075 -0.4115225 -0.1187500
v -0.5151725 -0.4356225 -0.1187500
v -0.6103675 -0.2874425 0.1187500
v -0.6245425 -0.2586925 0.1187500
v -0.6245425 -0.2586925 -0.1187500
v -0.6103675 -0.2874425 -0.1187500
v -0.6639625 -0.1196750 0.1187500
v -0.6702175 -0.0882350 0.1187500
v -0.6702175 -0.0882350 -0.1187500
v -0.6639625 -0.1196750 -0.1187500
v -0.6723125 0.0562500 0.1187500
v -0.6702175 0.0882350 0.1187500
v -0.6702175 0.0882350 -0.1187500
v -0.6723125 0.0562500 -0.1187500
v -0.6348475 0.2283400 0.1187500
v -0.6245425 0.2586950 0.1187500
v -0.6245425 0.2586950 -0.1187500
v -0.6348475 0.2283400 -0.1187500
v -0.5541150 0.3848725 0.1187500
v -0.5363050 0.4115225 0.1187500
v -0.5363050 0.4115225 -0.1187500
v -0.5541150 0.3848725 -0.1187500
v -0.4356225 0.5151725 0.1187500
v -0.4115225 0.5363075 0.1187500
v -0.4115225 0.5363075 -0.1187500
v -0.4356225 0.5151725 -0.1187500
v -0.2874425 0.6103675 0.1187500
v -0.2586925 0.6245425 0.1187500
v -0.2586925 0.6245425 -0.1187500
v -0.2874425 0.6103675 -0.1187500
v -0.1196750 0.6639625 0.1187500
v -0.0882350 0.6702175 0.1187500
v -0.0882350 0.6702175 -0.1187500
v -0.1196750 0.6639625 -0.1187500
v 0.0562500 0.6723125 0.1187500
v 0.0882350 0.6702175 0.1187500
v 0.0882350 0.6702175 -0.1187500
v 0.0562500 0.6723125 -0.1187500
v 0.2283400 0.6348475 0.1187500
v 0.2586950 0.6245425 0.1187500
v 0.2586950 0.6245425 -0.1187500
v 0.2283400 0.6348475 -0.1187500
v 0.3848725 0.5541150 0.1187500
v 0.4115225 0.5363050 0.1187500
v 0.4115225 0.5363050 -0.1187500
v 0.3848725 0.5541150 -0.1187500
v 0.5151725 0.4356225 0.1187500
v 0.5363075 0.4115225 0.1187500
v 0.5363075 0.4115225 -0.1187500
v 0.5151725 0.4356225 -0.1187500
v 0.6103675 0.2874425 0.1187500
v 0.6245425 0.2586925 0.1187500
v 0.6245425 0.2586925 -0.1187500
v 0.6103675 0.2874425 -0.1187500
v 0.6639625 0.1196750 0.1187500
v 0.6702175 0.0882350 0.1187500
v 0.6702175 0.0882350 -0.1187500
v 0.6639625 0.1196750 -0.1187500
v 0.6723125 -0.0562500 0.1187500
v 0.6702175 -0.0882350 0.1187500
v 0.6702175 -0.0882350 -0.1187500
v 0.6723125 -0.0562500 -0.1187500
v 0.6348475 -0.2283400 0.1187500
v 0.6245425 -0.2586950 0.1187500
v 0.6245425 -0.2586950 -0.1187500
v 0.6348475 -0.2283400 -0.1187500
v 0.5541150 -0.3848725 0.1187500
v 0.5363050 -0.4115225 0.1187500
v 0.5363050 -0.4115225 -0.1187500
v 0.5541150 -0.3848725 -0.1187500
v 0.4356225 -0.5151725 0.1187500
v 0.4115225 -0.5363075 0.1187500
v 0.4115225 -0.5363075 -0.1187500
v 0.4356225 -0.5151725 -0.1187500
v 0.2874425 -0.6103675 0.1187500
v 0.2586925 -0.6245425 0.1187500
v 0.2586925 -0.6245425 -0.1187500
v 0.2874425 -0.6103675 -0.1187500
v 0.1196750 -0.6639625 0.1187500
v 0.0882350 -0.6702175 0.1187500
v 0.0882350 -0.6702175 -0.1187500
v 0.1196750 -0.6639625 -0.1187500
v 0.6760000 -0.0000000 -0.1187500
v 0.6701864 -0.0882180 -0.1187500
v 0.6186336 -0.0814320 -0.1187500
v 0.6240000 -0.0000000 -0.1187500
v 0.6701864 -0.0882180 -0.1187500
v 0.6529484 -0.1749488 -0.1187500
v 0.6027216 -0.1614912 -0.1187500
v 0.6186336 -0.0814320 -0.1187500
v 0.6529484 -0.1749488 -0.1187500
v 0.6245564 -0.2587052 -0.1187500
v 0.5765136 -0.2388048 -0.1187500
v 0.6027216 -0.1614912 -0.1187500
v 0.6245564 -0.2587052 -0.1187500
v 0.5854160 -0.3380000 -0.1187500
v 0.5403840 -0.3120000 -0.1187500
v 0.5765136 -0.2388048 -0.1187500
v 0.5854160 -0.3380000 -0.1187500
v 0.5363384 -0.4115488 -0.1187500
v 0.4950816 -0.3798912 -0.1187500
v 0.5403840 -0.3120000 -0.1187500
v 0.5363384 -0.4115488 -0.1187500
v 0.4779996 -0.4779996 -0.1187500
v 0.4412304 -0.4412304 -0.1187500
v 0.4950816 -0.3798912 -0.1187500
v 0.4779996 -0.4779996 -0.1187500
v 0.4115488 -0.5363384 -0.1187500
v 0.3798912 -0.4950816 -0.1187500
v 0.4412304 -0.4412304 -0.1187500
v 0.4115488 -0.5363384 -0.1187500
v 0.3380000 -0.5854160 -0.1187500
v 0.3120000 -0.5403840 -0.1187500
v 0.3798912 -0.4950816 -0.1187500
v 0.3380000 -0.5854160 -0.1187500
v 0.2587052 -0.6245564 -0.1187500
v 0.2388048 -0.5765136 -0.1187500
v 0.3120000 -0.5403840 -0.1187500
v 0.2587052 -0.6245564 -0.1187500
v 0.1749488 -0.6529484 -0.1187500
v 0.1614912 -0.6027216 -0.1187500
v 0.2388048 -0.5765136 -0.1187500
v 0.1749488 -0.6529484 -0.1187500
v 0.0882180 -0.6701864 -0.1187500
v 0.0814320 -0.6186336 -0.1187500
v 0.1614912 -0.6027216 -0.1187500
v 0.0882180 -0.6701864 -0.1187500
v 0.0000000 -0.6760000 -0.1187500
v 0.0000000 -0.6240000 -0.1187500
v 0.0814320 -0.6186336 -0.1187500
v 0.0000000 -0.6760000 -0.1187500
v -0.0882180 -0.6701864 -0.1187500
v -0.0814320 -0.6186336 -0.1187500
v 0.0000000 -0.6240000 -0.1187500
v -0.0882180 -0.6701864 -0.1187500
v -0.1749488 -0.6529484 -0.1187500
v -0.1614912 -0.6027216 -0.1187500
v -0.0814320 -0.6186336 -0.1187500
v -0.1749488 -0.6529484 -0.1187500
v -0.2587052 -0.6245564 -0.1187500
v -0.2388048 -0.5765136 -0.1187500
v -0.1614912 -0.6027216 -0.1187500
v -0.2587052 -0.6245564 -0.1187500
v -0.3380000 -0.5854160 -0.1187500
v -0.3120000 -0.5403840 -0.1187500
v -0.2388048 -0.5765136 -0.1187500
v -0.3380000 -0.5854160 -0.1187500
v -0.4115488 -0.5363384 -0.1187500
v -0.3798912 -0.4950816 -0.1187500
v -0.3120000 -0.5403840 -0.1187500
v -0.4115488 -0.5363384 -0.1187500
v -0.4779996 -0.4779996 -0.1187500
v -0.4412304 -0.4412304 -0.1187500
v -0.3798912 -0.4950816 -0.1187500
v -0.4779996 -0.4779996 -0.1187500
v -0.5363384 -0.4115488 -0.1187500
v -0.4950816 -0.3798912 -0.1187500
v -0.4412304 -0.4412304 -0.1187500
v -0.5363384 -0.4115488 -0.1187500
v -0.5854160 -0.3380000 -0.1187500
v -0.5403840 -0.3120000 -0.1187500
v -0.4950816 -0.3798912 -0.1187500
v -0.5854160 -0.3380000 -0.1187500
v -0.6245564 -0.2587052 -0.1187500
v -0.5765136 -0.2388048 -0.1187500
v -0.5403840 -0.3120000 -0.1187500
v -0.6245564 -0.2587052 -0.1187500
v -0.6529484 -0.1749488 -0.1187500
v -0.6027216 -0.1614912 -0.1187500
v -0.5765136 -0.2388048 -0.1187500
v -0.6529484 -0.1749488 -0.1187500
v -0.6701864 -0.0882180 -0.1187500
v -0.6186336 -0.0814320 -0.1187500
v -0.6027216 -0.1614912 -0.1187500
v -0.6701864 -0.0882180 -0.1187500
v -0.6760000 -0.0000000 -0.1187500
v -0.6240000 -0.0000000 -0.1187500
v -0.6186336 -0.0814320 -0.1187500
v -0.6760000 -0.0000000 -0.1187500
v -0.6701864 0.0882180 -0.1187500
v -0.6186336 0.0814320 -0.1187500
v -0.6240000 -0.0000000 -0.1187500
v -0.6701864 0.0882180 -0.1187500
v -0.6529484 0.1749488 -0.1187500
v -0.6027216 0.1614912 -0.1187500
v -0.6186336 0.0814320 -0.1187500
v -0.6529484 0.1749488 -0.1187500
v -0.6245564 0.2587052 -0.1187500
v -0.5765136 0.2388048 -0.1187500
v -0.6027216 0.1614912 -0.1187500
v -0.6245564 0.2587052 -0.1187500
v -0.5854160 0.3380000 -0.1187500
v -0.5403840 0.3120000 -0.1187500
v -0.5765136 0.2388048 -0.1187500
v -0.5854160 0.3380000 -0.1187500
v -0.5363384 0.4115488 -0.1187500
v -0.4950816 0.3798912 -0.1187500
v -0.5403840 0.3120000 -0.1187500
v -0.5363384 0.4115488 -0.1187500
v -0.4779996 0.4779996 -0.1187500
v -0.4412304 0.4412304 -0.1187500
v -0.4950816 0.3798912 -0.1187500
v -0.4779996 0.4779996 -0.1187500
v -0.4115488 0.5363384 -0.1187500
v -0.3798912 0.4950816 -0.1187500
v -0.4412304 0.4412304 -0.1187500
v -0.4115488 0.5363384 -0.1187500
v -0.3380000 0.5854160 -0.1187500
v -0.3120000 0.5403840 -0.1187500
v -0.3798912 0.4950816 -0.1187500
v -0.3380000 0.5854160 -0.1187500
v -0.2587052 0.6245564 -0.1187500
v -0.2388048 0.5765136 -0.1187500
v -0.3120000 0.5403840 -0.1187500
v -0.2587052 0.6245564 -0.1187500
v -0.1749488 0.6529484 -0.1187500
v -0.1614912 0.6027216 -0.1187500
v -0.2388048 0.5765136 -0.1187500
v -0.1749488 0.6529484 -0.1187500
v -0.0882180 0.6701864 -0.1187500
v -0.0814320 0.6186336 -0.1187500
v -0.1614912 0.6027216 -0.1187500
v -0.0882180 0.6701864 -0.1187500
v 0.0000000 0.6760000 -0.1187500
v 0.0000000 0.6240000 -0.1187500
v -0.0814320 0.6186336 -0.1187500
v 0.0000000 0.6760000 -0.1187500
v 0.0882180 0.6701864 -0.1187500
v 0.0814320 0.6186336 -0.1187500
v 0.0000000 0.6240000 -0.1187500
v 0.0882180 0.6701864 -0.1187500
v 0.1749488 0.6529484 -0.1187500
v 0.1614912 0.6027216 -0.1187500
v 0.0814320 0.6186336 -0.1187500
v 0.1749488 0.6529484 -0.1187500
v 0.2587052 0.6245564 -0.1187500
v 0.2388048 0.5765136 -0.1187500
v 0.1614912 0.6027216 -0.1187500
v 0.2587052 0.6245564 -0.1187500
v 0.3380000 0.5854160 -0.1187500
v 0.3120000 0.5403840 -0.1187500
v 0.2388048 0.5765136 -0.1187500
v 0.3380000 0.5854160 -0.1187500
v 0.4115488 0.5363384 -0.1187500
v 0.3798912 0.4950816 -0.1187500
v 0.3120000 0.5403840 -0.1187500
v 0.4115488 0.5363384 -0.1187500
v 0.4779996 0.4779996 -0.1187500
v 0.4412304 0.4412304 -0.1187500
v 0.3798912 0.4950816 -0.1187500
v 0.4779996 0.4779996 -0.1187500
v 0.5363384 0.4115488 -0.1187500
v 0.4950816 0.3798912 -0.1187500
v 0.4412304 0.4412304 -0.1187500
v 0.5363384 0.4115488 -0.1187500
v 0.5854160 0.3380000 -0.1187500
v 0.5403840 0.3120000 -0.1187500
v 0.4950816 0.3798912 -0.1187500
v 0.5854160 0.3380000 -0.1187500
v 0.6245564 0.2587052 -0.1187500
v 0.5765136 0.2388048 -0.1187500
v 0.5403840 0.3120000 -0.1187500
v 0.6245564 0.2587052 -0.1187500
v 0.6529484 0.1749488 -0.1187500
v 0.6027216 0.1614912 -0.1187500
v 0.5765136 0.2388048 -0.1187500
v 0.6529484 0.1749488 -0.1187500
v 0.6701864 0.0882180 -0.1187500
v 0.6186336 0.0814320 -0.1187500
v 0.6027216 0.1614912 -0.1187500
v 0.6701864 0.0882180 -0.1187500
v 0.6760000 -0.0000000 -0.1187500
v 0.6240000 -0.0000000 -0.1187500
v 0.6186336 0.0814320 -0.1187500
v 0.6240000 -0.0000000 0.1187500
v 0.6186336 -0.0814320 0.1187500
v 0.6701864 -0.0882180 0.1187500
v 0.6760000 -0.0000000 0.1187500
v 0.6186336 -0.0814320 0.1187500
v 0.6027216 -0.1614912 0.1187500
v 0.6529484 -0.1749488 0.1187500
v 0.6701864 -0.0882180 0.1187500
v 0.6027216 -0.1614912 0.1187500
v 0.5765136 -0.2388048 0.1187500
v 0.6245564 -0.2587052 0.1187500
v 0.6529484 -0.1749488 0.1187500
v 0.5765136 -0.2388048 0.1187500
v 0.5403840 -0.3120000 0.1187500
v 0.5854160 -0.3380000 0.1187500
v 0.6245564 -0.2587052 0.1187500
v 0.5403840 -0.3120000 0.1187500
v 0.4950816 -0.3798912 0.1187500
v 0.5363384 -0.4115488 0.1187500
v 0.5854160 -0.3380000 0.1187500
v 0.4950816 -0.3798912 0.1187500
v 0.4412304 -0.4412304 0.1187500
v 0.4779996 -0.4779996 0.1187500
v 0.5363384 -0.4115488 0.1187500
v 0.4412304 -0.4412304 0.1187500
v 0.3798912 -0.4950816 0.1187500
v 0.4115488 -0.5363384 0.1187500
v 0.4779996 -0.4779996 0.1187500
v 0.3798912 -0.4950816 0.1187500
v 0.3120000 -0.5403840 0.1187500
v 0.3380000 -0.5854160 0.1187500
v 0.4115488 -0.5363384 0.1187500
v 0.3120000 -0.5403840 0.1187500
v 0.2388048 -0.5765136 0.1187500
v 0.2587052 -0.6245564 0.1187500
v 0.3380000 -0.5854160 0.1187500
v 0.2388048 -0.5765136 0.1187500
v 0.1614912 -0.6027216 0.1187500
v 0.1749488 -0.6529484 0.1187500
v 0.2587052 -0.6245564 0.1187500
v 0.1614912 -0.6027216 0.1187500
v 0.0814320 -0.6186336 0.1187500
v 0.0882180 -0.6701864 0.1187500
v 0.1749488 -0.6529484 0.1187500
v 0.0814320 -0.6186336 0.1187500
v 0.0000000 -0.6240000 0.1187500
v 0.0000000 -0.6760000 0.1187500
v 0.0882180 -0.6701864 0.1187500
v 0.0000000 -0.6240000 0.1187500
v -0.0814320 -0.6186336 0.1187500
v -0.0882180 -0.6701864 0.1187500
v 0.0000000 -0.6760000 0.1187500
v -0.0814320 -0.6186336 0.1187500
v -0.1614912 -0.6027216 0.1187500
v -0.1749488 -0.6529484 0.1187500
v -0.0882180 -0.6701864 0.1187500
v -0.1614912 -0.6027216 0.1187500
v -0.2388048 -0.5765136 0.1187500
v -0.2587052 -0.6245564 0.1187500
v -0.1749488 -0.6529484 0.1187500
v -0.2388048 -0.5765136 0.1187500
v -0.3120000 -0.5403840 0.1187500
v -0.3380000 -0.5854160 0.1187500
v -0.2587052 -0.6245564 0.1187500
v -0.3120000 -0.5403840 0.1187500
v -0.3798912 -0.4950816 0.1187500
v -0.4115488 -0.5363384 0.1187500
v -0.3380000 -0.5854160 0.1187500
v -0.3798912 -0.4950816 0.1187500
v -0.4412304 -0.4412304 0.1187500
v -0.4779996 -0.4779996 0.1187500
v -0.4115488 -0.5363384 0.1187500
v -0.4412304 -0.4412304 0.1187500
v -0.4950816 -0.3798912 0.1187500
v -0.5363384 -0.4115488 0.1187500
v -0.4779996 -0.4779996 0.1187500
v -0.4950816 -0.3798912 0.1187500
v -0.5403840 -0.3120000 0.1187500
v -0.5854160 -0.3380000 0.1187500
v -0.5363384 -0.4115488 0.1187500
v -0.5403840 -0.3120000 0.1187500
v -0.5765136 -0.2388048 0.1187500
v -0.6245564 -0.2587052 0.1187500
v -0.5854160 -0.3380000 0.1187500
v -0.5765136 -0.2388048 0.1187500
v -0.6027216 -0.1614912 0.1187500
v -0.6529484 -0.1749488 0.1187500
v -0.6245564 -0.2587052 0.1187500
v -0.6027216 -0.1614912 0.1187500
v -0.6186336 -0.0814320 0.1187500
v -0.6701864 -0.0882180 0.1187500
v -0.6529484 -0.1749488 0.1187500
v -0.6186336 -0.0814320 0.1187500
v -0.6240000 -0.0000000 0.1187500
v -0.6760000 -0.0000000 0.1187500
v -0.6701864 -0.0882180 0.1187500
v -0.6240000 -0.0000000 0.1187500
v -0.6186336 0.0814320 0.1187500
v -0.6701864 0.0882180 0.1187500
v -0.6760000 -0.0000000 0.1187500
v -0.6186336 0.0814320 0.1187500
v -0.6027216 0.1614912 0.1187500
v -0.6529484 0.1749488 0.1187500
v -0.6701864 0.0882180 0.1187500
v -0.6027216 0.1614912 0.1187500
v -0.5765136 0.2388048 0.1187500
v -0.6245564 0.2587052 0.1187500
v -0.6529484 0.1749488 0.1187500
v -0.5765136 0.2388048 0.1187500
v -0.5403840 0.3120000 0.1187500
v -0.5854160 0.3380000 0.1187500
v -0.6245564 0.2587052 0.1187500
v -0.5403840 0.3120000 0.1187500
v -0.4950816 0.3798912 0.1187500
v -0.5363384 0.4115488 0.1187500
v -0.5854160 0.3380000 0.1187500
v -0.4950816 0.3798912 0.1187500
v -0.4412304 0.4412304 0.1187500
v -0.4779996 0.4779996 0.1187500
v -0.5363384 0.4115488 0.1187500
v -0.4412304 0.4412304 0.1187500
v -0.3798912 0.4950816 0.1187500
v -0.4115488 0.5363384 0.1187500
v -0.4779996 0.4779996 0.1187500
v -0.3798912 0.4950816 0.1187500
v -0.3120000 0.5403840 0.1187500
v -0.3380000 0.5854160 0.1187500
v -0.4115488 0.5363384 0.1187500
v -0.3120000 0.5403840 0.1187500
v -0.2388048 0.5765136 0.1187500
v -0.2587052 0.6245564 0.1187500
v -0.3380000 0.5854160 0.1187500
v -0.2388048 0.5765136 0.1187500
v -0.1614912 0.6027216 0.1187500
v -0.1749488 0.6529484 0.1187500
v -0.2587052 0.6245564 0.1187500
v -0.1614912 0.6027216 0.1187500
v -0.0814320 0.6186336 0.1187500
v -0.0882180 0.6701864 0.1187500
v -0.1749488 0.6529484 0.1187500
v -0.0814320 0.6186336 0.1187500
v 0.0000000 0.6240000 0.1187500
v 0.0000000 0.6760000 0.1187500
v -0.0882180 0.6701864 0.1187500
v 0.0000000 0.6240000 0.1187500
v 0.0814320 0.6186336 0.1187500
v 0.0882180 0.6701864 0.1187500
v 0.0000000 0.6760000 0.1187500
v 0.0814320 0.6186336 0.1187500
v 0.1614912 0.6027216 0.1187500
v 0.1749488 0.6529484 0.1187500
v 0.0882180 0.6701864 0.1187500
v 0.1614912 0.6027216 0.1187500
v 0.2388048 0.5765136 0.1187500
v 0.2587052 0.6245564 0.1187500
v 0.1749488 0.6529484 0.1187500
v 0.2388048 0.5765136 0.1187500
v 0.3120000 0.5403840 0.1187500
v 0.3380000 0.5854160 0.1187500
v 0.2587052 0.6245564 0.1187500
v 0.3120000 0.5403840 0.1187500
v 0.3798912 0.4950816 0.1187500
v 0.4115488 0.5363384 0.1187500
v 0.3380000 0.5854160 0.1187500
v 0.3798912 0.4950816 0.1187500
v 0.4412304 0.4412304 0.1187500
v 0.4779996 0.4779996 0.1187500
v 0.4115488 0.5363384 0.1187500
v 0.4412304 0.4412304 0.1187500
v 0.4950816 0.3798912 0.1187500
v 0.5363384 0.4115488 0.1187500
v 0.4779996 0.4779996 0.1187500
v 0.4950816 0.3798912 0.1187500
v 0.5403840 0.3120000 0.1187500
v 0.5854160 0.3380000 0.1187500
v 0.5363384 0.4115488 0.1187500
v 0.5403840 0.3120000 0.1187500
v 0.5765136 0.2388048 0.1187500
v 0.6245564 0.2587052 0.1187500
v 0.5854160 0.3380000 0.1187500
v 0.5765136 0.2388048 0.1187500
v 0.6027216 0.1614912 0.1187500
v 0.6529484 0.1749488 0.1187500
v 0.6245564 0.2587052 0.1187500
v 0.6027216 0.1614912 0.1187500
v 0.6186336 0.0814320 0.1187500
v 0.6701864 0.0882180 0.1187500
v 0.6529484 0.1749488 0.1187500
v 0.6186336 0.0814320 0.1187500
v 0.6240000 -0.0000000 0.1187500
v 0.6760000 -0.0000000 0.1187500
v 0.6701864 0.0882180 0.1187500
v 0.0814320 -0.6186336 0.0437500
v 0.0000000 -0.6240000 0.0437500
v 0.0000000 -0.6240000 0.1187500
v 0.0814320 -0.6186336 0.1187500
v 0.1614912 -0.6027216 0.0437500
v 0.0814320 -0.6186336 0.0437500
v 0.0814320 -0.6186336 0.1187500
v 0.1614912 -0.6027216 0.1187500
v 0.2388048 -0.5765136 0.0437500
v 0.1614912 -0.6027216 0.0437500
v 0.1614912 -0.6027216 0.1187500
v 0.2388048 -0.5765136 0.1187500
v 0.3120000 -0.5403840 0.0437500
v 0.2388048 -0.5765136 0.0437500
v 0.2388048 -0.5765136 0.1187500
v 0.3120000 -0.5403840 0.1187500
v 0.3798912 -0.4950816 0.0437500
v 0.3120000 -0.5403840 0.0437500
v 0.3120000 -0.5403840 0.1187500
v 0.3798912 -0.4950816 0.1187500
v 0.4412304 -0.4412304 0.0437500
v 0.3798912 -0.4950816 0.0437500
v 0.3798912 -0.4950816 0.1187500
v 0.4412304 -0.4412304 0.1187500
v 0.4950816 -0.3798912 0.0437500
v 0.4412304 -0.4412304 0.0437500
v 0.4412304 -0.4412304 0.1187500
v 0.4950816 -0.3798912 0.1187500
v 0.5403840 -0.3120000 0.0437500
v 0.4950816 -0.3798912 0.0437500
v 0.4950816 -0.3798912 0.1187500
v 0.5403840 -0.3120000 0.1187500
v 0.5765136 -0.2388048 0.0437500
v 0.5403840 -0.3120000 0.0437500
v 0.5403840 -0.3120000 0.1187500
v 0.5765136 -0.2388048 0.1187500
v 0.6027216 -0.1614912 0.0437500
v 0.5765136 -0.2388048 0.0437500
v 0.5765136 -0.2388048 0.1187500
v 0.6027216 -0.1614912 0.1187500
v 0.6186336 -0.0814320 0.0437500
v 0.6027216 -0.1614912 0.0437500
v 0.6027216 -0.1614912 0.1187500
v 0.6186336 -0.0814320 0.1187500
v 0.6240000 -0.0000000 0.0437500
v 0.6186336 -0.0814320 0.0437500
v 0.6186336 -0.0814320 0.1187500
v 0.6240000 -0.0000000 0.1187500
v 0.6186336 0.0814320 0.0437500
v 0.6240000 -0.0000000 0.0437500
v 0.6240000 -0.0000000 0.1187500
v 0.6186336 0.0814320 0.1187500
v 0.6027216 0.1614912 0.0437500
v 0.6186336 0.0814320 0.0437500
v 0.6186336 0.0814320 0.1187500
v 0.6027216 0.1614912 0.1187500
v 0.5765136 0.2388048 0.0437500
v 0.6027216 0.1614912 0.0437500
v 0.6027216 0.1614912 0.1187500
v 0.5765136 0.2388048 0.1187500
v 0.5403840 0.3120000 0.0437500
v 0.5765136 0.2388048 0.0437500
v 0.5765136 0.2388048 0.1187500
v 0.5403840 0.3120000 0.1187500
v 0.4950816 0.3798912 0.0437500
v 0.5403840 0.3120000 0.0437500
v 0.5403840 0.3120000 0.1187500
v 0.4950816 0.3798912 0.1187500
v 0.4412304 0.4412304 0.0437500
v 0.4950816 0.3798912 0.0437500
v 0.4950816 0.3798912 0.1187500
v 0.4412304 0.4412304 0.1187500
v 0.3798912 0.4950816 0.0437500
v 0.4412304 0.4412304 0.0437500
v 0.4412304 0.4412304 0.1187500
v 0.3798912 0.4950816 0.1187500
v 0.3120000 0.5403840 0.0437500
v 0.3798912 0.4950816 0.0437500
v 0.3798912 0.4950816 0.1187500
v 0.3120000 0.5403840 0.1187500
v 0.2388048 0.5765136 0.0437500
v 0.3120000 0.5403840 0.0437500
v 0.3120000 0.5403840 0.1187500
v 0.2388048 0.5765136 0.1187500
v 0.1614912 0.6027216 0.0437500
v 0.2388048 0.5765136 0.0437500
v 0.2388048 0.5765136 0.1187500
v 0.1614912 0.6027216 0.1187500
v 0.0814320 0.6186336 0.0437500
v 0.1614912 0.6027216 0.0437500
v 0.1614912 0.6027216 0.1187500
v 0.0814320 0.6186336 0.1187500
v 0.0000000 0.6240000 0.0437500
v 0.0814320 0.6186336 0.0437500
v 0.0814320 0.6186336 0.1187500
v 0.0000000 0.6240000 0.1187500
v -0.0814320 0.6186336 0.0437500
v 0.0000000 0.6240000 0.0437500
v 0.0000000 0.6240000 0.1187500
v -0.0814320 0.6186336 0.1187500
v -0.1614912 0.6027216 0.0437500
v -0.0814320 0.6186336 0.0437500
v -0.0814320 0.6186336 0.1187500
v -0.1614912 0.6027216 0.1187500
v -0.2388048 0.5765136 0.0437500
v -0.1614912 0.6027216 0.0437500
v -0.1614912 0.6027216 0.1187500
v -0.2388048 0.5765136 0.1187500
v -0.3120000 0.5403840 0.0437500
v -0.2388048 0.5765136 0.0437500
v -0.2388048 0.5765136 0.1187500
v -0.3120000 0.5403840 0.1187500
v -0.3798912 0.4950816 0.0437500
v -0.3120000 0.5403840 0.0437500
v -0.3120000 0.5403840 0.1187500
v -0.3798912 0.4950816 0.1187500
v -0.4412304 0.4412304 0.0437500
v -0.3798912 0.4950816 0.0437500
v -0.3798912 0.4950816 0.1187500
v -0.4412304 0.4412304 0.1187500
v -0.4950816 0.3798912 0.0437500
v -0.4412304 0.4412304 0.0437500
v -0.4412304 0.4412304 0.1187500
v -0.4950816 0.3798912 0.1187500
v -0.5403840 0.3120000 0.0437500
v -0.4950816 0.3798912 0.0437500
v -0.4950816 0.3798912 0.1187500
v -0.5403840 0.3120000 0.1187500
v -0.5765136 0.2388048 0.0437500
v -0.5403840 0.3120000 0.0437500
v -0.5403840 0.3120000 0.1187500
v -0.5765136 0.2388048 0.1187500
v -0.6027216 0.1614912 0.0437500
v -0.5765136 0.2388048 0.0437500
v -0.5765136 0.2388048 0.1187500
v -0.6027216 0.1614912 0.1187500
v -0.6186336 0.0814320 0.0437500
v -0.6027216 0.1614912 0.0437500
v -0.6027216 0.1614912 0.1187500
v -0.6186336 0.0814320 0.1187500
v -0.6240000 -0.0000000 0.0437500
v -0.6186336 0.0814320 0.0437500
v -0.6186336 0.0814320 0.1187500
v -0.6240000 -0.0000000 0.1187500
v -0.6186336 -0.0814320 0.0437500
v -0.6240000 -0.0000000 0.0437500
v -0.6240000 -0.0000000 0.1187500
v -0.6186336 -0.0814320 0.1187500
v -0.6027216 -0.1614912 0.0437500
v -0.6186336 -0.0814320 0.0437500
v -0.6186336 -0.0814320 0.1187500
v -0.6027216 -0.1614912 0.1187500
v -0.5765136 -0.2388048 0.0437500
v -0.6027216 -0.1614912 0.0437500
v -0.6027216 -0.1614912 0.1187500
v -0.5765136 -0.2388048 0.1187500
v -0.5403840 -0.3120000 0.0437500
v -0.5765136 -0.2388048 0.0437500
v -0.5765136 -0.2388048 0.1187500
v -0.5403840 -0.3120000 0.1187500
v -0.4950816 -0.3798912 0.0437500
v -0.5403840 -0.3120000 0.0437500
v -0.5403840 -0.3120000 0.1187500
v -0.4950816 -0.3798912 0.1187500
v -0.4412304 -0.4412304 0.0437500
v -0.4950816 -0.3798912 0.0437500
v -0.4950816 -0.3798912 0.1187500
v -0.4412304 -0.4412304 0.1187500
v -0.3798912 -0.4950816 0.0437500
v -0.4412304 -0.4412304 0.0437500
v -0.4412304 -0.4412304 0.1187500
v -0.3798912 -0.4950816 0.1187500
v -0.3120000 -0.5403840 0.0437500
v -0.3798912 -0.4950816 0.0437500
v -0.3798912 -0.4950816 0.1187500
v -0.3120000 -0.5403840 0.1187500
v -0.2388048 -0.5765136 0.0437500
v -0.3120000 -0.5403840 0.0437500
v -0.3120000 -0.5403840 0.1187500
v -0.2388048 -0.5765136 0.1187500
v -0.1614912 -0.6027216 0.0437500
v -0.2388048 -0.5765136 0.0437500
v -0.2388048 -0.5765136 0.1187500
v -0.1614912 -0.6027216 0.1187500
v -0.0814320 -0.6186336 0.0437500
v -0.1614912 -0.6027216 0.0437500
v -0.1614912 -0.6027216 0.1187500
v -0.0814320 -0.6186336 0.1187500
v 0.0000000 -0.6240000 0.0437500
v -0.0814320 -0.6186336 0.0437500
v -0.0814320 -0.6186336 0.1187500
v 0.0000000 -0.6240000 0.1187500
v 0.0814320 -0.6186336 -0.1187500
v 0.0000000 -0.6240000 -0.1187500
v 0.0000000 -0.6240000 -0.0437500
v 0.0814320 -0.6186336 -0.0437500
v 0.1614912 -0.6027216 -0.1187500
v 0.0814320 -0.6186336 -0.1187500
v 0.0814320 -0.6186336 -0.0437500
v 0.1614912 -0.6027216 -0.0437500
v 0.2388048 -0.5765136 -0.1187500
v 0.1614912 -0.6027216 -0.1187500
v 0.1614912 -0.6027216 -0.0437500
v 0.2388048 -0.5765136 -0.0437500
v 0.3120000 -0.5403840 -0.1187500
v 0.2388048 -0.5765136 -0.1187500
v 0.2388048 -0.5765136 -0.0437500
v 0.3120000 -0.5403840 -0.0437500
v 0.3798912 -0.4950816 -0.1187500
v 0.3120000 -0.5403840 -0.1187500
v 0.3120000 -0.5403840 -0.0437500
v 0.3798912 -0.4950816 -0.0437500
v 0.4412304 -0.4412304 -0.1187500
v 0.3798912 -0.4950816 -0.1187500
v 0.3798912 -0.4950816 -0.0437500
v 0.4412304 -0.4412304 -0.0437500
v 0.4950816 -0.3798912 -0.1187500
v 0.4412304 -0.4412304 -0.1187500
v 0.4412304 -0.4412304 -0.0437500
v 0.4950816 -0.3798912 -0.0437500
v 0.5403840 -0.3120000 -0.1187500
v 0.4950816 -0.3798912 -0.1187500
v 0.4950816 -0.3798912 -0.0437500
v 0.5403840 -0.3120000 -0.0437500
v 0.5765136 -0.2388048 -0.1187500
v 0.5403840 -0.3120000 -0.1187500
v 0.5403840 -0.3120000 -0.0437500
v 0.5765136 -0.2388048 -0.0437500
v 0.6027216 -0.1614912 -0.1187500
v 0.5765136 -0.2388048 -0.1187500
v 0.5765136 -0.2388048 -0.0437500
v 0.6027216 -0.1614912 -0.0437500
v 0.6186336 -0.0814320 -0.1187500
v 0.6027216 -0.1614912 -0.1187500
v 0.6027216 -0.1614912 -0.0437500
v 0.6186336 -0.0814320 -0.0437500
v 0.6240000 -0.0000000 -0.1187500
v 0.6186336 -0.0814320 -0.1187500
v 0.6186336 -0.0814320 -0.0437500
v 0.6240000 -0.0000000 -0.0437500
v 0.6186336 0.0814320 -0.1187500
v 0.6240000 -0.0000000 -0.1187500
v 0.6240000 -0.0000000 -0.0437500
v 0.6186336 0.0814320 -0.0437500
v 0.6027216 0.1614912 -0.1187500
v 0.6186336 0.0814320 -0.1187500
v 0.6186336 0.0814320 -0.0437500
v 0.6027216 0.1614912 -0.0437500
v 0.5765136 0.2388048 -0.1187500
v 0.6027216 0.1614912 -0.1187500
v 0.6027216 0.1614912 -0.0437500
v 0.5765136 0.2388048 -0.0437500
v 0.5403840 0.3120000 -0.1187500
v 0.5765136 0.2388048 -0.1187500
v 0.5765136 0.2388048 -0.0437500
v 0.5403840 0.3120000 -0.0437500
v 0.4950816 0.3798912 -0.1187500
v 0.5403840 0.3120000 -0.1187500
v 0.5403840 0.3120000 -0.0437500
v 0.4950816 0.3798912 -0.0437500
v 0.4412304 0.4412304 -0.1187500
v 0.4950816 0.3798912 -0.1187500
v 0.4950816 0.3798912 -0.0437500
v 0.4412304 0.4412304 -0.0437500
v 0.3798912 0.4950816 -0.1187500
v 0.4412304 0.4412304 -0.1187500
v 0.4412304 0.4412304 -0.0437500
v 0.3798912 0.4950816 -0.0437500
v 0.3120000 0.5403840 -0.1187500
v 0.3798912 0.4950816 -0.1187500
v 0.3798912 0.4950816 -0.0437500
v 0.3120000 0.5403840 -0.0437500
v 0.2388048 0.5765136 -0.1187500
v 0.3120000 0.5403840 -0.1187500
v 0.3120000 0.5403840 -0.0437500
v 0.2388048 0.5765136 -0.0437500
v 0.1614912 0.6027216 -0.1187500
v 0.2388048 0.5765136 -0.1187500
v 0.2388048 0.5765136 -0.0437500
v 0.1614912 0.6027216 -0.0437500
v 0.0814320 0.6186336 -0.1187500
v 0.1614912 0.6027216 -0.1187500
v 0.1614912 0.6027216 -0.0437500
v 0.0814320 0.6186336 -0.0437500
v 0.0000000 0.6240000 -0.1187500
v 0.0814320 0.6186336 -0.1187500
v 0.0814320 0.6186336 -0.0437500
v 0.0000000 0.6240000 -0.0437500
v -0.0814320 0.6186336 -0.1187500
v 0.0000000 0.6240000 -0.1187500
v 0.0000000 0.6240000 -0.0437500
v -0.0814320 0.6186336 -0.0437500
v -0.1614912 0.6027216 -0.1187500
v -0.0814320 0.6186336 -0.1187500
v -0.0814320 0.6186336 -0.0437500
v -0.1614912 0.6027216 -0.0437500
v -0.2388048 0.5765136 -0.1187500
v -0.1614912 0.6027216 -0.1187500
v -0.1614912 0.6027216 -0.0437500
v -0.2388048 0.5765136 -0.0437500
v -0.3120000 0.5403840 -0.1187500
v -0.2388048 0.5765136 -0.1187500
v -0.2388048 0.5765136 -0.0437500
v -0.3120000 0.5403840 -0.0437500
v -0.3798912 0.4950816 -0.1187500
v -0.3120000 0.5403840 -0.1187500
v -0.3120000 0.5403840 -0.0437500
v -0.3798912 0.4950816 -0.0437500
v -0.4412304 0.4412304 -0.1187500
v -0.3798912 0.4950816 -0.1187500
v -0.3798912 0.4950816 -0.0437500
v -0.4412304 0.4412304 -0.0437500
v -0.4950816 0.3798912 -0.1187500
v -0.4412304 0.4412304 -0.1187500
v -0.4412304 0.4412304 -0.0437500
v -0.4950816 0.3798912 -0.0437500
v -0.5403840 0.3120000 -0.1187500
v -0.4950816 0.3798912 -0.1187500
v -0.4950816 0.3798912 -0.0437500
v -0.5403840 0.3120000 -0.0437500
v -0.5765136 0.2388048 -0.1187500
v -0.5403840 0.3120000 -0.1187500
v -0.5403840 0.3120000 -0.0437500
v -0.5765136 0.2388048 -0.0437500
v -0.6027216 0.1614912 -0.1187500
v -0.5765136 0.2388048 -0.1187500
v -0.5765136 0.2388048 -0.0437500
v -0.6027216 0.1614912 -0.0437500
v -0.6186336 0.0814320 -0.1187500
v -0.6027216 0.1614912 -0.1187500
v -0.6027216 0.1614912 -0.0437500
v -0.6186336 0.0814320 -0.0437500
v -0.6240000 -0.0000000 -0.1187500
v -0.6186336 0.0814320 -0.1187500
v -0.6186336 0.0814320 -0.0437500
v -0.6240000 -0.0000000 -0.0437500
v -0.6186336 -0.0814320 -0.1187500
v -0.6240000 -0.0000000 -0.1187500
v -0.6240000 -0.0000000 -0.0437500
v -0.6186336 -0.0814320 -0.0437500
v -0.6027216 -0.1614912 -0.1187500
v -0.6186336 -0.0814320 -0.1187500
v -0.6186336 -0.0814320 -0.0437500
v -0.6027216 -0.1614912 -0.0437500
v -0.5765136 -0.2388048 -0.1187500
v -0.6027216 -0.1614912 -0.1187500
v -0.6027216 -0.1614912 -0.0437500
v -0.5765136 -0.2388048 -0.0437500
v -0.5403840 -0.3120000 -0.1187500
v -0.5765136 -0.2388048 -0.1187500
v -0.5765136 -0.2388048 -0.0437500
v -0.5403840 -0.3120000 -0.0437500
v -0.4950816 -0.3798912 -0.1187500
v -0.5403840 -0.3120000 -0.1187500
v -0.5403840 -0.3120000 -0.0437500
v -0.4950816 -0.3798912 -0.0437500
v -0.4412304 -0.4412304 -0.1187500
v -0.4950816 -0.3798912 -0.1187500
v -0.4950816 -0.3798912 -0.0437500
v -0.4412304 -0.4412304 -0.0437500
v -0.3798912 -0.4950816 -0.1187500
v -0.4412304 -0.4412304 -0.1187500
v -0.4412304 -0.4412304 -0.0437500
v -0.3798912 -0.4950816 -0.0437500
v -0.3120000 -0.5403840 -0.1187500
v -0.3798912 -0.4950816 -0.1187500
v -0.3798912 -0.4950816 -0.0437500
v -0.3120000 -0.5403840 -0.0437500
v -0.2388048 -0.5765136 -0.1187500
v -0.3120000 -0.5403840 -0.1187500
v -0.3120000 -0.5403840 -0.0437500
v -0.2388048 -0.5765136 -0.0437500
v -0.1614912 -0.6027216 -0.1187500
v -0.2388048 -0.5765136 -0.1187500
v -0.2388048 -0.5765136 -0.0437500
v -0.1614912 -0.6027216 -0.0437500
v -0.0814320 -0.6186336 -0.1187500
v -0.1614912 -0.6027216 -0.1187500
v -0.1614912 -0.6027216 -0.0437500
v -0.0814320 -0.6186336 -0.0437500
v 0.0000000 -0.6240000 -0.1187500
v -0.0814320 -0.6186336 -0.1187500
v -0.0814320 -0.6186336 -0.0437500
v 0.0000000 -0.6240000 -0.0437500
v 0.0500000 -0.1400587 0.2406250
v 0.0500000 -0.1400587 0.0000000
v 0.0000000 -0.1500013 0.0000000
v 0.0000000 -0.1500013 0.2406250
v 0.0500000 -0.1000000 0.2406250
v 0.0625000 -0.0625000 0.2406250
v 0.0625000 -0.0625000 0.0000000
v 0.0500000 -0.1000000 0.0000000
v 0.0500000 -0.1400575 0.2406250
v 0.0500000 -0.1000000 0.2406250
v 0.0500000 -0.1000000 0.0000000
v 0.0500000 -0.1400575 0.0000000
v 0.0625000 -0.0625000 0.2406250
v 0.1000000 -0.0500000 0.2406250
v 0.1000000 -0.0500000 0.0000000
v 0.0625000 -0.0625000 0.0000000
v 0.1880500 -0.0500000 0.1950000
v 0.1000000 -0.0500000 0.0000000
v 0.1000000 -0.0500000 0.2406250
v 0.1880500 -0.0500000 0.2406250
v 0.1880500 -0.0500000 0.1950000
v 0.2500000 -0.0500000 0.1950000
v 0.2500000 -0.0500000 0.0000000
v 0.1000000 -0.0500000 0.0000000
v 0.1624825 -0.0598050 0.2406250
v 0.1880500 -0.0500000 0.2406250
v 0.1000000 -0.0500000 0.2406250
v 0.1384025 -0.0728525 0.2406250
v 0.1624825 -0.0598050 0.2406250
v 0.1000000 -0.0500000 0.2406250
v 0.1162250 -0.0889275 0.2406250
v 0.1384025 -0.0728525 0.2406250
v 0.1000000 -0.0500000 0.2406250
v 0.0625000 -0.0625000 0.2406250
v 0.0963525 -0.1077750 0.2406250
v 0.1162250 -0.0889275 0.2406250
v 0.1000000 -0.0500000 0.2406250
v 0.0647750 -0.1523850 0.2406250
v 0.0790900 -0.1290350 0.2406250
v 0.0500000 -0.1000000 0.2406250
v 0.0500000 -0.1400575 0.2406250
v 0.0625000 -0.0625000 0.2406250
v 0.0500000 -0.1000000 0.2406250
v 0.0790900 -0.1290350 0.2406250
v 0.0963525 -0.1077750 0.2406250
v 0.0536050 -0.1773900 0.2406250
v 0.0647750 -0.1523850 0.2406250
v 0.0500000 -0.1400575 0.2406250
v 0.0000000 -0.1500000 0.2406250
v 0.0458250 -0.2036475 0.2406250
v 0.0536050 -0.1773900 0.2406250
v 0.0000000 -0.1500000 0.2406250
v 0.0000000 -0.2036475 0.2406250
v 0.0423377 -0.2303093 0.2406250
v 0.0458250 -0.2036475 0.2406250
v 0.0000000 -0.2036475 0.2406250
v 0.0324029 -0.2529094 0.2406250
v 0.0423377 -0.2303093 0.2406250
v 0.0000000 -0.2036475 0.2406250
v 0.0175372 -0.2680133 0.2406250
v 0.0324029 -0.2529094 0.2406250
v 0.0000000 -0.2036475 0.2406250
v 0.0000000 -0.2733150 0.2406250
v 0.0175372 -0.2680133 0.2406250
v 0.0000000 -0.2036475 0.2406250
v 0.1624828 -0.0598045 0.1950000
v 0.1880500 -0.0500000 0.1950000
v 0.1880500 -0.0500000 0.2406250
v 0.1624828 -0.0598045 0.2406250
v 0.1384025 -0.0728527 0.1950000
v 0.1624828 -0.0598045 0.1950000
v 0.1624828 -0.0598045 0.2406250
v 0.1384025 -0.0728527 0.2406250
v 0.1162244 -0.0889283 0.1950000
v 0.1384025 -0.0728527 0.1950000
v 0.1384025 -0.0728527 0.2406250
v 0.1162244 -0.0889283 0.2406250
v 0.0963513 -0.1077750 0.1950000
v 0.1162244 -0.0889283 0.1950000
v 0.1162244 -0.0889283 0.2406250
v 0.0963513 -0.1077750 0.2406250
v 0.0790889 -0.1290352 0.1950000
v 0.0963513 -0.1077750 0.1950000
v 0.0963513 -0.1077750 0.2406250
v 0.0790889 -0.1290352 0.2406250
v 0.0647752 -0.1523848 0.1950000
v 0.0790889 -0.1290352 0.1950000
v 0.0790889 -0.1290352 0.2406250
v 0.0647752 -0.1523848 0.2406250
v 0.0536048 -0.1773911 0.1950000
v 0.0647752 -0.1523848 0.1950000
v 0.0647752 -0.1523848 0.2406250
v 0.0536048 -0.1773911 0.2406250
v 0.0458250 -0.2036487 0.1950000
v 0.0536048 -0.1773911 0.1950000
v 0.0536048 -0.1773911 0.2406250
v 0.0458250 -0.2036487 0.2406250
v 0.0458250 -0.2036475 0.2406250
v 0.0423377 -0.2303093 0.2406250
v 0.0423377 -0.2303093 0.1950000
v 0.0458250 -0.2036475 0.1950000
v 0.0423377 -0.2303093 0.2406250
v 0.0324029 -0.2529094 0.2406250
v 0.0324029 -0.2529094 0.1950000
v 0.0423377 -0.2303093 0.1950000
v 0.0324029 -0.2529094 0.2406250
v 0.0175372 -0.2680133 0.2406250
v 0.0175372 -0.2680133 0.1950000
v 0.0324029 -0.2529094 0.1950000
v 0.0175372 -0.2680133 0.2406250
v 0.0000000 -0.2733150 0.2406250
v 0.0000000 -0.2733150 0.1950000
v 0.0175372 -0.2680133 0.1950000
v 0.1880500 -0.0500000 0.1950000
v 0.1624825 -0.0598050 0.1950000
v 0.1734600 -0.0652200 0.1950000
v 0.2500000 -0.0500000 0.1950000
v 0.1384025 -0.0728525 0.1950000
v 0.1734600 -0.0652200 0.1950000
v 0.1624825 -0.0598050 0.1950000
v 0.1162250 -0.0889275 0.1950000
v 0.1085800 -0.1085800 0.1950000
v 0.1734600 -0.0652200 0.1950000
v 0.1384025 -0.0728525 0.1950000
v 0.0963525 -0.1077750 0.1950000
v 0.1085800 -0.1085800 0.1950000
v 0.1162250 -0.0889275 0.1950000
v 0.0790900 -0.1290350 0.1950000
v 0.1085800 -0.1085800 0.1950000
v 0.0963525 -0.1077750 0.1950000
v 0.0647750 -0.1523850 0.1950000
v 0.0652200 -0.1734600 0.1950000
v 0.1085800 -0.1085800 0.1950000
v 0.0790900 -0.1290350 0.1950000
v 0.0536050 -0.1773900 0.1950000
v 0.0652200 -0.1734600 0.1950000
v 0.0647750 -0.1523850 0.1950000
v 0.0458250 -0.2036475 0.1950000
v 0.0652200 -0.1734600 0.1950000
v 0.0536050 -0.1773900 0.1950000
v 0.0423375 -0.2303100 0.1950000
v 0.0500000 -0.2500000 0.1950000
v 0.0652200 -0.1734600 0.1950000
v 0.0458250 -0.2036475 0.1950000
v 0.0324025 -0.2529100 0.1950000
v 0.0500000 -0.2500000 0.1950000
v 0.0423375 -0.2303100 0.1950000
v 0.0175375 -0.2680125 0.1950000
v 0.0500000 -0.2500000 0.1950000
v 0.0324025 -0.2529100 0.1950000
v 0.0546350 -0.2733150 0.1950000
v 0.0500000 -0.2500000 0.1950000
v 0.0175375 -0.2680125 0.1950000
v 0.0546350 -0.2733150 0.1950000
v 0.0175375 -0.2680125 0.1950000
v 0.0000000 -0.2733150 0.1950000
v 0.0546350 -0.2733150 0.1950000
v 0.0000000 -0.2733150 0.1950000
v 0.0000000 -0.2733150 0.0437500
v 0.0546350 -0.2733150 0.0437500
v 0.0000000 -0.1500013 -0.2406250
v 0.0000000 -0.1500013 0.0000000
v 0.0500000 -0.1400587 0.0000000
v 0.0500000 -0.1400587 -0.2406250
v 0.0500000 -0.1000000 0.0000000
v 0.0625000 -0.0625000 0.0000000
v 0.0625000 -0.0625000 -0.2406250
v 0.0500000 -0.1000000 -0.2406250
v 0.0500000 -0.1400575 0.0000000
v 0.0500000 -0.1000000 0.0000000
v 0.0500000 -0.1000000 -0.2406250
v 0.0500000 -0.1400575 -0.2406250
v 0.0625000 -0.0625000 0.0000000
v 0.1000000 -0.0500000 0.0000000
v 0.1000000 -0.0500000 -0.2406250
v 0.0625000 -0.0625000 -0.2406250
v 0.1880500 -0.0500000 -0.2406250
v 0.1000000 -0.0500000 -0.2406250
v 0.1000000 -0.0500000 0.0000000
v 0.1880500 -0.0500000 -0.1950000
v 0.1000000 -0.0500000 0.0000000
v 0.2500000 -0.0500000 0.0000000
v 0.2500000 -0.0500000 -0.1950000
v 0.1880500 -0.0500000 -0.1950000
v 0.1000000 -0.0500000 -0.2406250
v 0.1880500 -0.0500000 -0.2406250
v 0.1624825 -0.0598050 -0.2406250
v 0.1000000 -0.0500000 -0.2406250
v 0.1624825 -0.0598050 -0.2406250
v 0.1384025 -0.0728525 -0.2406250
v 0.1000000 -0.0500000 -0.2406250
v 0.1384025 -0.0728525 -0.2406250
v 0.1162250 -0.0889275 -0.2406250
v 0.1000000 -0.0500000 -0.2406250
v 0.1162250 -0.0889275 -0.2406250
v 0.0963525 -0.1077750 -0.2406250
v 0.0625000 -0.0625000 -0.2406250
v 0.0500000 -0.1400575 -0.2406250
v 0.0500000 -0.1000000 -0.2406250
v 0.0790900 -0.1290350 -0.2406250
v 0.0647750 -0.1523850 -0.2406250
v 0.0963525 -0.1077750 -0.2406250
v 0.0790900 -0.1290350 -0.2406250
v 0.0500000 -0.1000000 -0.2406250
v 0.0625000 -0.0625000 -0.2406250
v 0.0000000 -0.1500000 -0.2406250
v 0.0500000 -0.1400575 -0.2406250
v 0.0647750 -0.1523850 -0.2406250
v 0.0536050 -0.1773900 -0.2406250
v 0.0000000 -0.2036475 -0.2406250
v 0.0000000 -0.1500000 -0.2406250
v 0.0536050 -0.1773900 -0.2406250
v 0.0458250 -0.2036475 -0.2406250
v 0.0000000 -0.2036475 -0.2406250
v 0.0458250 -0.2036475 -0.2406250
v 0.0423377 -0.2303093 -0.2406250
v 0.0000000 -0.2036475 -0.2406250
v 0.0423377 -0.2303093 -0.2406250
v 0.0324029 -0.2529094 -0.2406250
v 0.0000000 -0.2036475 -0.2406250
v 0.0324029 -0.2529094 -0.2406250
v 0.0175372 -0.2680133 -0.2406250
v 0.0000000 -0.2036475 -0.2406250
v 0.0175372 -0.2680133 -0.2406250
v 0.0000000 -0.2733150 -0.2406250
v 0.1624828 -0.0598045 -0.2406250
v 0.1880500 -0.0500000 -0.2406250
v 0.1880500 -0.0500000 -0.1950000
v 0.1624828 -0.0598045 -0.1950000
v 0.1384025 -0.0728527 -0.2406250
v 0.1624828 -0.0598045 -0.2406250
v 0.1624828 -0.0598045 -0.1950000
v 0.1384025 -0.0728527 -0.1950000
v 0.1162244 -0.0889283 -0.2406250
v 0.1384025 -0.0728527 -0.2406250
v 0.1384025 -0.0728527 -0.1950000
v 0.1162244 -0.0889283 -0.1950000
v 0.0963513 -0.1077750 -0.2406250
v 0.1162244 -0.0889283 -0.2406250
v 0.1162244 -0.0889283 -0.1950000
v 0.0963513 -0.1077750 -0.1950000
v 0.0790889 -0.1290352 -0.2406250
v 0.0963513 -0.1077750 -0.2406250
v 0.0963513 -0.1077750 -0.1950000
v 0.0790889 -0.1290352 -0.1950000
v 0.0647752 -0.1523848 -0.2406250
v 0.0790889 -0.1290352 -0.2406250
v 0.0790889 -0.1290352 -0.1950000
v 0.0647752 -0.1523848 -0.1950000
v 0.0536048 -0.1773911 -0.2406250
v 0.0647752 -0.1523848 -0.2406250
v 0.0647752 -0.1523848 -0.1950000
v 0.0536048 -0.1773911 -0.1950000
v 0.0458250 -0.2036487 -0.2406250
v 0.0536048 -0.1773911 -0.2406250
v 0.0536048 -0.1773911 -0.1950000
v 0.0458250 -0.2036487 -0.1950000
v 0.0458250 -0.2036475 -0.1950000
v 0.0423377 -0.2303093 -0.1950000
v 0.0423377 -0.2303093 -0.2406250
v 0.0458250 -0.2036475 -0.2406250
v 0.0423377 -0.2303093 -0.1950000
v 0.0324029 -0.2529094 -0.1950000
v 0.0324029 -0.2529094 -0.2406250
v 0.0423377 -0.2303093 -0.2406250
v 0.0324029 -0.2529094 -0.1950000
v 0.0175372 -0.2680133 -0.1950000
v 0.0175372 -0.2680133 -0.2406250
v 0.0324029 -0.2529094 -0.2406250
v 0.0175372 -0.2680133 -0.1950000
v 0.0000000 -0.2733150 -0.1950000
v 0.0000000 -0.2733150 -0.2406250
v 0.0175372 -0.2680133 -0.2406250
v 0.2500000 -0.0500000 -0.1950000
v 0.1734600 -0.0652200 -0.1950000
v 0.1624825 -0.0598050 -0.1950000
v 0.1880500 -0.0500000 -0.1950000
v 0.1624825 -0.0598050 -0.1950000
v 0.1734600 -0.0652200 -0.1950000
v 0.1384025 -0.0728525 -0.1950000
v 0.1384025 -0.0728525 -0.1950000
v 0.1734600 -0.0652200 -0.1950000
v 0.1085800 -0.1085800 -0.1950000
v 0.1162250 -0.0889275 -0.1950000
v 0.1162250 -0.0889275 -0.1950000
v 0.1085800 -0.1085800 -0.1950000
v 0.0963525 -0.1077750 -0.1950000
v 0.0963525 -0.1077750 -0.1950000
v 0.1085800 -0.1085800 -0.1950000
v 0.0790900 -0.1290350 -0.1950000
v 0.0790900 -0.1290350 -0.1950000
v 0.1085800 -0.1085800 -0.1950000
v 0.0652200 -0.1734600 -0.1950000
v 0.0647750 -0.1523850 -0.1950000
v 0.0647750 -0.1523850 -0.1950000
v 0.0652200 -0.1734600 -0.1950000
v 0.0536050 -0.1773900 -0.1950000
v 0.0536050 -0.1773900 -0.1950000
v 0.0652200 -0.1734600 -0.1950000
v 0.0458250 -0.2036475 -0.1950000
v 0.0458250 -0.2036475 -0.1950000
v 0.0652200 -0.1734600 -0.1950000
v 0.0500000 -0.2500000 -0.1950000
v 0.0423375 -0.2303100 -0.1950000
v 0.0423375 -0.2303100 -0.1950000
v 0.0500000 -0.2500000 -0.1950000
v 0.0324025 -0.2529100 -0.1950000
v 0.0324025 -0.2529100 -0.1950000
v 0.0500000 -0.2500000 -0.1950000
v 0.0175375 -0.2680125 -0.1950000
v 0.0175375 -0.2680125 -0.1950000
v 0.0500000 -0.2500000 -0.1950000
v 0.0546350 -0.2733150 -0.1950000
v 0.0000000 -0.2733150 -0.1950000
v 0.0175375 -0.2680125 -0.1950000
v 0.0546350 -0.2733150 -0.1950000
v 0.0546350 -0.2733150 -0.0437500
v 0.0000000 -0.2733150 -0.0437500
v 0.0000000 -0.2733150 -0.1950000
v 0.0546350 -0.2733150 -0.1950000
v 0.0000000 -0.1500013 0.2406250
v 0.0000000 -0.1500013 0.0000000
v -0.0500000 -0.1400587 0.0000000
v -0.0500000 -0.1400587 0.2406250
v -0.0500000 -0.1000000 0.0000000
v -0.0625000 -0.0625000 0.0000000
v -0.0625000 -0.0625000 0.2406250
v -0.0500000 -0.1000000 0.2406250
v -0.0500000 -0.1400575 0.0000000
v -0.0500000 -0.1000000 0.0000000
v -0.0500000 -0.1000000 0.2406250
v -0.0500000 -0.1400575 0.2406250
v -0.0625000 -0.0625000 0.0000000
v -0.1000000 -0.0500000 0.0000000
v -0.1000000 -0.0500000 0.2406250
v -0.0625000 -0.0625000 0.2406250
v -0.1880500 -0.0500000 0.2406250
v -0.1000000 -0.0500000 0.2406250
v -0.1000000 -0.0500000 0.0000000
v -0.1880500 -0.0500000 0.1950000
v -0.1000000 -0.0500000 0.0000000
v -0.2500000 -0.0500000 0.0000000
v -0.2500000 -0.0500000 0.1950000
v -0.1880500 -0.0500000 0.1950000
v -0.1000000 -0.0500000 0.2406250
v -0.1880500 -0.0500000 0.2406250
v -0.1624825 -0.0598050 0.2406250
v -0.1000000 -0.0500000 0.2406250
v -0.1624825 -0.0598050 0.2406250
v -0.1384025 -0.0728525 0.2406250
v -0.1000000 -0.0500000 0.2406250
v -0.1384025 -0.0728525 0.2406250
v -0.1162250 -0.0889275 0.2406250
v -0.1000000 -0.0500000 0.2406250
v -0.1162250 -0.0889275 0.2406250
v -0.0963525 -0.1077750 0.2406250
v -0.0625000 -0.0625000 0.2406250
v -0.0500000 -0.1400575 0.2406250
v -0.0500000 -0.1000000 0.2406250
v -0.0790900 -0.1290350 0.2406250
v -0.0647750 -0.1523850 0.2406250
v -0.0963525 -0.1077750 0.2406250
v -0.0790900 -0.1290350 0.2406250
v -0.0500000 -0.1000000 0.2406250
v -0.0625000 -0.0625000 0.2406250
v 0.0000000 -0.1500000 0.2406250
v -0.0500000 -0.1400575 0.2406250
v -0.0647750 -0.1523850 0.2406250
v -0.0536050 -0.1773900 0.2406250
v 0.0000000 -0.2036475 0.2406250
v 0.0000000 -0.1500000 0.2406250
v -0.0536050 -0.1773900 0.2406250
v -0.0458250 -0.2036475 0.2406250
v 0.0000000 -0.2036475 0.2406250
v -0.0458250 -0.2036475 0.2406250
v -0.0423377 -0.2303093 0.2406250
v 0.0000000 -0.2036475 0.2406250
v -0.0423377 -0.2303093 0.2406250
v -0.0324029 -0.2529094 0.2406250
v 0.0000000 -0.2036475 0.2406250
v -0.0324029 -0.2529094 0.2406250
v -0.0175372 -0.2680133 0.2406250
v 0.0000000 -0.2036475 0.2406250
v -0.0175372 -0.2680133 0.2406250
v 0.0000000 -0.2733150 0.2406250
v -0.1624828 -0.0598045 0.2406250
v -0.1880500 -0.0500000 0.2406250
v -0.1880500 -0.0500000 0.1950000
v -0.1624828 -0.0598045 0.1950000
v -0.1384025 -0.0728527 0.2406250
v -0.1624828 -0.0598045 0.2406250
v -0.1624828 -0.0598045 0.1950000
v -0.1384025 -0.0728527 0.1950000
v -0.1162244 -0.0889283 0.2406250
v -0.1384025 -0.0728527 0.2406250
v -0.1384025 -0.0728527 0.1950000
v -0.1162244 -0.0889283 0.1950000
v -0.0963513 -0.1077750 0.2406250
v -0.1162244 -0.0889283 0.2406250
v -0.1162244 -0.0889283 0.1950000
v -0.0963513 -0.1077750 0.1950000
v -0.0790889 -0.1290352 0.2406250
v -0.0963513 -0.1077750 0.2406250
v -0.0963513 -0.1077750 0.1950000
v -0.0790889 -0.1290352 0.1950000
v -0.0647752 -0.1523848 0.2406250
v -0.0790889 -0.1290352 0.2406250
v -0.0790889 -0.1290352 0.1950000
v -0.0647752 -0.1523848 0.1950000
v -0.0536048 -0.1773911 0.2406250
v -0.0647752 -0.1523848 0.2406250
v -0.0647752 -0.1523848 0.1950000
v -0.0536048 -0.1773911 0.1950000
v -0.0458250 -0.2036487 0.2406250
v -0.0536048 -0.1773911 0.2406250
v -0.0536048 -0.1773911 0.1950000
v -0.0458250 -0.2036487 0.1950000
v -0.0458250 -0.2036475 0.1950000
v -0.0423377 -0.2303093 0.1950000
v -0.0423377 -0.2303093 0.2406250
v -0.0458250 -0.2036475 0.2406250
v -0.0423377 -0.2303093 0.1950000
v -0.0324029 -0.2529094 0.1950000
v -0.0324029 -0.2529094 0.2406250
v -0.0423377 -0.2303093 0.2406250
v -0.0324029 -0.2529094 0.1950000
v -0.0175372 -0.2680133 0.1950000
v -0.0175372 -0.2680133 0.2406250
v -0.0324029 -0.2529094 0.2406250
v -0.0175372 -0.2680133 0.1950000
v 0.0000000 -0.2733150 0.1950000
v 0.0000000 -0.2733150 0.2406250
v -0.0175372 -0.2680133 0.2406250
v -0.2500000 -0.0500000 0.1950000
v -0.1734600 -0.0652200 0.1950000
v -0.1624825 -0.0598050 0.1950000
v -0.1880500 -0.0500000 0.1950000
v -0.1624825 -0.0598050 0.1950000
v -0.1734600 -0.0652200 0.1950000
v -0.1384025 -0.0728525 0.1950000
v -0.1384025 -0.0728525 0.1950000
v -0.1734600 -0.0652200 0.1950000
v -0.1085800 -0.1085800 0.1950000
v -0.1162250 -0.0889275 0.1950000
v -0.1162250 -0.0889275 0.1950000
v -0.1085800 -0.1085800 0.1950000
v -0.0963525 -0.1077750 0.1950000
v -0.0963525 -0.1077750 0.1950000
v -0.1085800 -0.1085800 0.1950000
v -0.0790900 -0.1290350 0.1950000
v -0.0790900 -0.1290350 0.1950000
v -0.1085800 -0.1085800 0.1950000
v -0.0652200 -0.1734600 0.1950000
v -0.0647750 -0.1523850 0.1950000
v -0.0647750 -0.1523850 0.1950000
v -0.0652200 -0.1734600 0.1950000
v -0.0536050 -0.1773900 0.1950000
v -0.0536050 -0.1773900 0.1950000
v -0.0652200 -0.1734600 0.1950000
v -0.0458250 -0.2036475 0.1950000
v -0.0458250 -0.2036475 0.1950000
v -0.0652200 -0.1734600 0.1950000
v -0.0500000 -0.2500000 0.1950000
v -0.0423375 -0.2303100 0.1950000
v -0.0423375 -0.2303100 0.1950000
v -0.0500000 -0.2500000 0.1950000
v -0.0324025 -0.2529100 0.1950000
v -0.0324025 -0.2529100 0.1950000
v -0.0500000 -0.2500000 0.1950000
v -0.0175375 -0.2680125 0.1950000
v -0.0175375 -0.2680125 0.1950000
v -0.0500000 -0.2500000 0.1950000
v -0.0546350 -0.2733150 0.1950000
v 0.0000000 -0.2733150 0.1950000
v -0.0175375 -0.2680125 0.1950000
v -0.0546350 -0.2733150 0.1950000
v -0.0546350 -0.2733150 0.0437500
v 0.0000000 -0.2733150 0.0437500
v 0.0000000 -0.2733150 0.1950000
v -0.0546350 -0.2733150 0.1950000
v -0.0500000 -0.1400587 -0.2406250
v -0.0500000 -0.1400587 0.0000000
v 0.0000000 -0.1500013 0.0000000
v 0.0000000 -0.1500013 -0.2406250
v -0.0500000 -0.1000000 -0.2406250
v -0.0625000 -0.0625000 -0.2406250
v -0.0625000 -0.0625000 0.0000000
v -0.0500000 -0.1000000 0.0000000
v -0.0500000 -0.1400575 -0.2406250
v -0.0500000 -0.1000000 -0.2406250
v -0.0500000 -0.1000000 0.0000000
v -0.0500000 -0.1400575 0.0000000
v -0.0625000 -0.0625000 -0.2406250
v -0.1000000 -0.0500000 -0.2406250
v -0.1000000 -0.0500000 0.0000000
v -0.0625000 -0.0625000 0.0000000
v -0.1880500 -0.0500000 -0.1950000
v -0.1000000 -0.0500000 0.0000000
v -0.1000000 -0.0500000 -0.2406250
v -0.1880500 -0.0500000 -0.2406250
v -0.1880500 -0.0500000 -0.1950000
v -0.2500000 -0.0500000 -0.1950000
v -0.2500000 -0.0500000 0.0000000
v -0.1000000 -0.0500000 0.0000000
v -0.1624825 -0.0598050 -0.2406250
v -0.1880500 -0.0500000 -0.2406250
v -0.1000000 -0.0500000 -0.2406250
v -0.1384025 -0.0728525 -0.2406250
v -0.1624825 -0.0598050 -0.2406250
v -0.1000000 -0.0500000 -0.2406250
v -0.1162250 -0.0889275 -0.2406250
v -0.1384025 -0.0728525 -0.2406250
v -0.1000000 -0.0500000 -0.2406250
v -0.0625000 -0.0625000 -0.2406250
v -0.0963525 -0.1077750 -0.2406250
v -0.1162250 -0.0889275 -0.2406250
v -0.1000000 -0.0500000 -0.2406250
v -0.0647750 -0.1523850 -0.2406250
v -0.0790900 -0.1290350 -0.2406250
v -0.0500000 -0.1000000 -0.2406250
v -0.0500000 -0.1400575 -0.2406250
v -0.0625000 -0.0625000 -0.2406250
v -0.0500000 -0.1000000 -0.2406250
v -0.0790900 -0.1290350 -0.2406250
v -0.0963525 -0.1077750 -0.2406250
v -0.0536050 -0.1773900 -0.2406250
v -0.0647750 -0.1523850 -0.2406250
v -0.0500000 -0.1400575 -0.2406250
v 0.0000000 -0.1500000 -0.2406250
v -0.0458250 -0.2036475 -0.2406250
v -0.0536050 -0.1773900 -0.2406250
v 0.0000000 -0.1500000 -0.2406250
v 0.0000000 -0.2036475 -0.2406250
v -0.0423377 -0.2303093 -0.2406250
v -0.0458250 -0.2036475 -0.2406250
v 0.0000000 -0.2036475 -0.2406250
v -0.0324029 -0.2529094 -0.2406250
v -0.0423377 -0.2303093 -0.2406250
v 0.0000000 -0.2036475 -0.2406250
v -0.0175372 -0.2680133 -0.2406250
v -0.0324029 -0.2529094 -0.2406250
v 0.0000000 -0.2036475 -0.2406250
v 0.0000000 -0.2733150 -0.2406250
v -0.0175372 -0.2680133 -0.2406250
v 0.0000000 -0.2036475 -0.2406250
v -0.1624828 -0.0598045 -0.1950000
v -0.1880500 -0.0500000 -0.1950000
v -0.1880500 -0.0500000 -0.2406250
v -0.1624828 -0.0598045 -0.2406250
v -0.1384025 -0.0728527 -0.1950000
v -0.1624828 -0.0598045 -0.1950000
v -0.1624828 -0.0598045 -0.2406250
v -0.1384025 -0.0728527 -0.2406250
v -0.1162244 -0.0889283 -0.1950000
v -0.1384025 -0.0728527 -0.1950000
v -0.1384025 -0.0728527 -0.2406250
v -0.1162244 -0.0889283 -0.2406250
v -0.0963513 -0.1077750 -0.1950000
v -0.1162244 -0.0889283 -0.1950000
v -0.1162244 -0.0889283 -0.2406250
v -0.0963513 -0.1077750 -0.2406250
v -0.0790889 -0.1290352 -0.1950000
v -0.0963513 -0.1077750 -0.1950000
v -0.0963513 -0.1077750 -0.2406250
v -0.0790889 -0.1290352 -0.2406250
v -0.0647752 -0.1523848 -0.1950000
v -0.0790889 -0.1290352 -0.1950000
v -0.0790889 -0.1290352 -0.2406250
v -0.0647752 -0.1523848 -0.2406250
v -0.0536048 -0.1773911 -0.1950000
v -0.0647752 -0.1523848 -0.1950000
v -0.0647752 -0.1523848 -0.2406250
v -0.0536048 -0.1773911 -0.2406250
v -0.0458250 -0.2036487 -0.1950000
v -0.0536048 -0.1773911 -0.1950000
v -0.0536048 -0.1773911 -0.2406250
v -0.0458250 -0.2036487 -0.2406250
v -0.0458250 -0.2036475 -0.2406250
v -0.0423377 -0.2303093 -0.2406250
v -0.0423377 -0.2303093 -0.1950000
v -0.0458250 -0.2036475 -0.1950000
v -0.0423377 -0.2303093 -0.2406250
v -0.0324029 -0.2529094 -0.2406250
v -0.0324029 -0.2529094 -0.1950000
v -0.0423377 -0.2303093 -0.1950000
v -0.0324029 -0.2529094 -0.2406250
v -0.0175372 -0.2680133 -0.2406250
v -0.0175372 -0.2680133 -0.1950000
v -0.0324029 -0.2529094 -0.1950000
v -0.0175372 -0.2680133 -0.2406250
v 0.0000000 -0.2733150 -0.2406250
v 0.0000000 -0.2733150 -0.1950000
v -0.0175372 -0.2680133 -0.1950000
v -0.1880500 -0.0500000 -0.1950000
v -0.1624825 -0.0598050 -0.1950000
v -0.1734600 -0.0652200 -0.1950000
v -0.2500000 -0.0500000 -0.1950000
v -0.1384025 -0.0728525 -0.1950000
v -0.1734600 -0.0652200 -0.1950000
v -0.1624825 -0.0598050 -0.1950000
v -0.1162250 -0.0889275 -0.1950000
v -0.1085800 -0.1085800 -0.1950000
v -0.1734600 -0.0652200 -0.1950000
v -0.1384025 -0.0728525 -0.1950000
v -0.0963525 -0.1077750 -0.1950000
v -0.1085800 -0.1085800 -0.1950000
v -0.1162250 -0.0889275 -0.1950000
v -0.0790900 -0.1290350 -0.1950000
v -0.1085800 -0.1085800 -0.1950000
v -0.0963525 -0.1077750 -0.1950000
v -0.0647750 -0.1523850 -0.1950000
v -0.0652200 -0.1734600 -0.1950000
v -0.1085800 -0.1085800 -0.1950000
v -0.0790900 -0.1290350 -0.1950000
v -0.0536050 -0.1773900 -0.1950000
v -0.0652200 -0.1734600 -0.1950000
v -0.0647750 -0.1523850 -0.1950000
v -0.0458250 -0.2036475 -0.1950000
v -0.0652200 -0.1734600 -0.1950000
v -0.0536050 -0.1773900 -0.1950000
v -0.0423375 -0.2303100 -0.1950000
v -0.0500000 -0.2500000 -0.1950000
v -0.0652200 -0.1734600 -0.1950000
v -0.0458250 -0.2036475 -0.1950000
v -0.0324025 -0.2529100 -0.1950000
v -0.0500000 -0.2500000 -0.1950000
v -0.0423375 -0.2303100 -0.1950000
v -0.0175375 -0.2680125 -0.1950000
v -0.0500000 -0.2500000 -0.1950000
v -0.0324025 -0.2529100 -0.1950000
v -0.0546350 -0.2733150 -0.1950000
v -0.0500000 -0.2500000 -0.1950000
v -0.0175375 -0.2680125 -0.1950000
v -0.0546350 -0.2733150 -0.1950000
v -0.0175375 -0.2680125 -0.1950000
v 0.0000000 -0.2733150 -0.1950000
v -0.0546350 -0.2733150 -0.1950000
v 0.0000000 -0.2733150 -0.1950000
v 0.0000000 -0.2733150 -0.0437500
v -0.0546350 -0.2733150 -0.0437500
v -0.0500000 0.1400587 0.2406250
v -0.0500000 0.1400587 0.0000000
v 0.0000000 0.1500013 0.0000000
v 0.0000000 0.1500013 0.2406250
v -0.0500000 0.1000000 0.2406250
v -0.0625000 0.0625000 0.2406250
v -0.0625000 0.0625000 0.0000000
v -0.0500000 0.1000000 0.0000000
v -0.0500000 0.1400575 0.2406250
v -0.0500000 0.1000000 0.2406250
v -0.0500000 0.1000000 0.0000000
v -0.0500000 0.1400575 0.0000000
v -0.0625000 0.0625000 0.2406250
v -0.1000000 0.0500000 0.2406250
v -0.1000000 0.0500000 0.0000000
v -0.0625000 0.0625000 0.0000000
v -0.1880500 0.0500000 0.1950000
v -0.1000000 0.0500000 0.0000000
v -0.1000000 0.0500000 0.2406250
v -0.1880500 0.0500000 0.2406250
v -0.1880500 0.0500000 0.1950000
v -0.2500000 0.0500000 0.1950000
v -0.2500000 0.0500000 0.0000000
v -0.1000000 0.0500000 0.0000000
v -0.1624825 0.0598050 0.2406250
v -0.1880500 0.0500000 0.2406250
v -0.1000000 0.0500000 0.2406250
v -0.1384025 0.0728525 0.2406250
v -0.1624825 0.0598050 0.2406250
v -0.1000000 0.0500000 0.2406250
v -0.1162250 0.0889275 0.2406250
v -0.1384025 0.0728525 0.2406250
v -0.1000000 0.0500000 0.2406250
v -0.0625000 0.0625000 0.2406250
v -0.0963525 0.1077750 0.2406250
v -0.1162250 0.0889275 0.2406250
v -0.1000000 0.0500000 0.2406250
v -0.0647750 0.1523850 0.2406250
v -0.0790900 0.1290350 0.2406250
v -0.0500000 0.1000000 0.2406250
v -0.0500000 0.1400575 0.2406250
v -0.0625000 0.0625000 0.2406250
v -0.0500000 0.1000000 0.2406250
v -0.0790900 0.1290350 0.2406250
v -0.0963525 0.1077750 0.2406250
v -0.0536050 0.1773900 0.2406250
v -0.0647750 0.1523850 0.2406250
v -0.0500000 0.1400575 0.2406250
v 0.0000000 0.1500000 0.2406250
v -0.0458250 0.2036475 0.2406250
v -0.0536050 0.1773900 0.2406250
v 0.0000000 0.1500000 0.2406250
v 0.0000000 0.2036475 0.2406250
v -0.0423377 0.2303093 0.2406250
v -0.0458250 0.2036475 0.2406250
v 0.0000000 0.2036475 0.2406250
v -0.0324029 0.2529094 0.2406250
v -0.0423377 0.2303093 0.2406250
v 0.0000000 0.2036475 0.2406250
v -0.0175372 0.2680133 0.2406250
v -0.0324029 0.2529094 0.2406250
v 0.0000000 0.2036475 0.2406250
v 0.0000000 0.2733150 0.2406250
v -0.0175372 0.2680133 0.2406250
v 0.0000000 0.2036475 0.2406250
v -0.1624828 0.0598045 0.1950000
v -0.1880500 0.0500000 0.1950000
v -0.1880500 0.0500000 0.2406250
v -0.1624828 0.0598045 0.2406250
v -0.1384025 0.0728527 0.1950000
v -0.1624828 0.0598045 0.1950000
v -0.1624828 0.0598045 0.2406250
v -0.1384025 0.0728527 0.2406250
v -0.1162244 0.0889283 0.1950000
v -0.1384025 0.0728527 0.1950000
v -0.1384025 0.0728527 0.2406250
v -0.1162244 0.0889283 0.2406250
v -0.0963513 0.1077750 0.1950000
v -0.1162244 0.0889283 0.1950000
v -0.1162244 0.0889283 0.2406250
v -0.0963513 0.1077750 0.2406250
v -0.0790889 0.1290352 0.1950000
v -0.0963513 0.1077750 0.1950000
v -0.0963513 0.1077750 0.2406250
v -0.0790889 0.1290352 0.2406250
v -0.0647752 0.1523848 0.1950000
v -0.0790889 0.1290352 0.1950000
v -0.0790889 0.1290352 0.2406250
v -0.0647752 0.1523848 0.2406250
v -0.0536048 0.1773911 0.1950000
v -0.0647752 0.1523848 0.1950000
v -0.0647752 0.1523848 0.2406250
v -0.0536048 0.1773911 0.2406250
v -0.0458250 0.2036487 0.1950000
v -0.0536048 0.1773911 0.1950000
v -0.0536048 0.1773911 0.2406250
v -0.0458250 0.2036487 0.2406250
v -0.0458250 0.2036475 0.2406250
v -0.0423377 0.2303093 0.2406250
v -0.0423377 0.2303093 0.1950000
v -0.0458250 0.2036475 0.1950000
v -0.0423377 0.2303093 0.2406250
v -0.0324029 0.2529094 0.2406250
v -0.0324029 0.2529094 0.1950000
v -0.0423377 0.2303093 0.1950000
v -0.0324029 0.2529094 0.2406250
v -0.0175372 0.2680133 0.2406250
v -0.0175372 0.2680133 0.1950000
v -0.0324029 0.2529094 0.1950000
v -0.0175372 0.2680133 0.2406250
v 0.0000000 0.2733150 0.2406250
v 0.0000000 0.2733150 0.1950000
v -0.0175372 0.2680133 0.1950000
v -0.1880500 0.0500000 0.1950000
v -0.1624825 0.0598050 0.1950000
v -0.1734600 0.0652200 0.1950000
v -0.2500000 0.0500000 0.1950000
v -0.1384025 0.0728525 0.1950000
v -0.1734600 0.0652200 0.1950000
v -0.1624825 0.0598050 0.1950000
v -0.1162250 0.0889275 0.1950000
v -0.1085800 0.1085800 0.1950000
v -0.1734600 0.0652200 0.1950000
v -0.1384025 0.0728525 0.1950000
v -0.0963525 0.1077750 0.1950000
v -0.1085800 0.1085800 0.1950000
v -0.1162250 0.0889275 0.1950000
v -0.0790900 0.1290350 0.1950000
v -0.1085800 0.1085800 0.1950000
v -0.0963525 0.1077750 0.1950000
v -0.0647750 0.1523850 0.1950000
v -0.0652200 0.1734600 0.1950000
v -0.1085800 0.1085800 0.1950000
v -0.0790900 0.1290350 0.1950000
v -0.0536050 0.1773900 0.1950000
v -0.0652200 0.1734600 0.1950000
v -0.0647750 0.1523850 0.1950000
v -0.0458250 0.2036475 0.1950000
v -0.0652200 0.1734600 0.1950000
v -0.0536050 0.1773900 0.1950000
v -0.0423375 0.2303100 0.1950000
v -0.0500000 0.2500000 0.1950000
v -0.0652200 0.1734600 0.1950000
v -0.0458250 0.2036475 0.1950000
v -0.0324025 0.2529100 0.1950000
v -0.0500000 0.2500000 0.1950000
v -0.0423375 0.2303100 0.1950000
v -0.0175375 0.2680125 0.1950000
v -0.0500000 0.2500000 0.1950000
v -0.0324025 0.2529100 0.1950000
v -0.0546350 0.2733150 0.1950000
v -0.0500000 0.2500000 0.1950000
v -0.0175375 0.2680125 0.1950000
v -0.0546350 0.2733150 0.1950000
v -0.0175375 0.2680125 0.1950000
v 0.0000000 0.2733150 0.1950000
v -0.0546350 0.2733150 0.1950000
v 0.0000000 0.2733150 0.1950000
v 0.0000000 0.2733150 0.0437500
v -0.0546350 0.2733150 0.0437500
v 0.0000000 0.1500013 -0.2406250
v 0.0000000 0.1500013 0.0000000
v -0.0500000 0.1400587 0.0000000
v -0.0500000 0.1400587 -0.2406250
v -0.0500000 0.1000000 0.0000000
v -0.0625000 0.0625000 0.0000000
v -0.0625000 0.0625000 -0.2406250
v -0.0500000 0.1000000 -0.2406250
v -0.0500000 0.1400575 0.0000000
v -0.0500000 0.1000000 0.0000000
v -0.0500000 0.1000000 -0.2406250
v -0.0500000 0.1400575 -0.2406250
v -0.0625000 0.0625000 0.0000000
v -0.1000000 0.0500000 0.0000000
v -0.1000000 0.0500000 -0.2406250
v -0.0625000 0.0625000 -0.2406250
v -0.1880500 0.0500000 -0.2406250
v -0.1000000 0.0500000 -0.2406250
v -0.1000000 0.0500000 0.0000000
v -0.1880500 0.0500000 -0.1950000
v -0.1000000 0.0500000 0.0000000
v -0.2500000 0.0500000 0.0000000
v -0.2500000 0.0500000 -0.1950000
v -0.1880500 0.0500000 -0.1950000
v -0.1000000 0.0500000 -0.2406250
v -0.1880500 0.0500000 -0.2406250
v -0.1624825 0.0598050 -0.2406250
v -0.1000000 0.0500000 -0.2406250
v -0.1624825 0.0598050 -0.2406250
v -0.1384025 0.0728525 -0.2406250
v -0.1000000 0.0500000 -0.2406250
v -0.1384025 0.0728525 -0.2406250
v -0.1162250 0.0889275 -0.2406250
v -0.1000000 0.0500000 -0.2406250
v -0.1162250 0.0889275 -0.2406250
v -0.0963525 0.1077750 -0.2406250
v -0.0625000 0.0625000 -0.2406250
v -0.0500000 0.1400575 -0.2406250
v -0.0500000 0.1000000 -0.2406250
v -0.0790900 0.1290350 -0.2406250
v -0.0647750 0.1523850 -0.2406250
v -0.0963525 0.1077750 -0.2406250
v -0.0790900 0.1290350 -0.2406250
v -0.0500000 0.1000000 -0.2406250
v -0.0625000 0.0625000 -0.2406250
v 0.0000000 0.1500000 -0.2406250
v -0.0500000 0.1400575 -0.2406250
v -0.0647750 0.1523850 -0.2406250
v -0.0536050 0.1773900 -0.2406250
v 0.0000000 0.2036475 -0.2406250
v 0.0000000 0.1500000 -0.2406250
v -0.0536050 0.1773900 -0.2406250
v -0.0458250 0.2036475 -0.2406250
v 0.0000000 0.2036475 -0.2406250
v -0.0458250 0.2036475 -0.2406250
v -0.0423377 0.2303093 -0.2406250
v 0.0000000 0.2036475 -0.2406250
v -0.0423377 0.2303093 -0.2406250
v -0.0324029 0.2529094 -0.2406250
v 0.0000000 0.2036475 -0.2406250
v -0.0324029 0.2529094 -0.2406250
v -0.0175372 0.2680133 -0.2406250
v 0.0000000 0.2036475 -0.2406250
v -0.0175372 0.2680133 -0.2406250
v 0.0000000 0.2733150 -0.2406250
v -0.1624828 0.0598045 -0.2406250
v -0.1880500 0.0500000 -0.2406250
v -0.1880500 0.0500000 -0.1950000
v -0.1624828 0.0598045 -0.1950000
v -0.1384025 0.0728527 -0.2406250
v -0.1624828 0.0598045 -0.2406250
v -0.1624828 0.0598045 -0.1950000
v -0.1384025 0.0728527 -0.1950000
v -0.1162244 0.0889283 -0.2406250
v -0.1384025 0.0728527 -0.2406250
v -0.1384025 0.0728527 -0.1950000
v -0.1162244 0.0889283 -0.1950000
v -0.0963513 0.1077750 -0.2406250
v -0.1162244 0.0889283 -0.2406250
v -0.1162244 0.0889283 -0.1950000
v -0.0963513 0.1077750 -0.1950000
v -0.0790889 0.1290352 -0.2406250
v -0.0963513 0.1077750 -0.2406250
v -0.0963513 0.1077750 -0.1950000
v -0.0790889 0.1290352 -0.1950000
v -0.0647752 0.1523848 -0.2406250
v -0.0790889 0.1290352 -0.2406250
v -0.0790889 0.1290352 -0.1950000
v -0.0647752 0.1523848 -0.1950000
v -0.0536048 0.1773911 -0.2406250
v -0.0647752 0.1523848 -0.2406250
v -0.0647752 0.1523848 -0.1950000
v -0.0536048 0.1773911 -0.1950000
v -0.0458250 0.2036487 -0.2406250
v -0.0536048 0.1773911 -0.2406250
v -0.0536048 0.1773911 -0.1950000
v -0.0458250 0.2036487 -0.1950000
v -0.0458250 0.2036475 -0.1950000
v -0.0423377 0.2303093 -0.1950000
v -0.0423377 0.2303093 -0.2406250
v -0.0458250 0.2036475 -0.2406250
v -0.0423377 0.2303093 -0.1950000
v -0.0324029 0.2529094 -0.1950000
v -0.0324029 0.2529094 -0.2406250
v -0.0423377 0.2303093 -0.2406250
v -0.0324029 0.2529094 -0.1950000
v -0.0175372 0.2680133 -0.1950000
v -0.0175372 0.2680133 -0.2406250
v -0.0324029 0.2529094 -0.2406250
v -0.0175372 0.2680133 -0.1950000
v 0.0000000 0.2733150 -0.1950000
v 0.0000000 0.2733150 -0.2406250
v -0.0175372 0.2680133 -0.2406250
v -0.2500000 0.0500000 -0.1950000
v -0.1734600 0.0652200 -0.1950000
v -0.1624825 0.0598050 -0.1950000
v -0.1880500 0.0500000 -0.1950000
v -0.1624825 0.0598050 -0.1950000
v -0.1734600 0.0652200 -0.1950000
v -0.1384025 0.0728525 -0.1950000
v -0.1384025 0.0728525 -0.1950000
v -0.1734600 0.0652200 -0.1950000
v -0.1085800 0.1085800 -0.1950000
v -0.1162250 0.0889275 -0.1950000
v -0.1162250 0.0889275 -0.1950000
v -0.1085800 0.1085800 -0.1950000
v -0.0963525 0.1077750 -0.1950000
v -0.0963525 0.1077750 -0.1950000
v -0.1085800 0.1085800 -0.1950000
v -0.0790900 0.1290350 -0.1950000
v -0.0790900 0.1290350 -0.1950000
v -0.1085800 0.1085800 -0.1950000
v -0.0652200 0.1734600 -0.1950000
v -0.0647750 0.1523850 -0.1950000
v -0.0647750 0.1523850 -0.1950000
v -0.0652200 0.1734600 -0.1950000
v -0.0536050 0.1773900 -0.1950000
v -0.0536050 0.1773900 -0.1950000
v -0.0652200 0.1734600 -0.1950000
v -0.0458250 0.2036475 -0.1950000
v -0.0458250 0.2036475 -0.1950000
v -0.0652200 0.1734600 -0.1950000
v -0.0500000 0.2500000 -0.1950000
v -0.0423375 0.2303100 -0.1950000
v -0.0423375 0.2303100 -0.1950000
v -0.0500000 0.2500000 -0.1950000
v -0.0324025 0.2529100 -0.1950000
v -0.0324025 0.2529100 -0.1950000
v -0.0500000 0.2500000 -0.1950000
v -0.0175375 0.2680125 -0.1950000
v -0.0175375 0.2680125 -0.1950000
v -0.0500000 0.2500000 -0.1950000
v -0.0546350 0.2733150 -0.1950000
v 0.0000000 0.2733150 -0.1950000
v -0.0175375 0.2680125 -0.1950000
v -0.0546350 0.2733150 -0.1950000
v -0.0546350 0.2733150 -0.0437500
v 0.0000000 0.2733150 -0.0437500
v 0.0000000 0.2733150 -0.1950000
v -0.0546350 0.2733150 -0.1950000
v 0.0000000 0.1500013 0.2406250
v 0.0000000 0.1500013 0.0000000
v 0.0500000 0.1400587 0.0000000
v 0.0500000 0.1400587 0.2406250
v 0.0500000 0.1000000 0.0000000
v 0.0625000 0.0625000 0.0000000
v 0.0625000 0.0625000 0.2406250
v 0.0500000 0.1000000 0.2406250
v 0.0500000 0.1400575 0.0000000
v 0.0500000 0.1000000 0.0000000
v 0.0500000 0.1000000 0.2406250
v 0.0500000 0.1400575 0.2406250
v 0.0625000 0.0625000 0.0000000
v 0.1000000 0.0500000 0.0000000
v 0.1000000 0.0500000 0.2406250
v 0.0625000 0.0625000 0.2406250
v 0.1880500 0.0500000 0.2406250
v 0.1000000 0.0500000 0.2406250
v 0.1000000 0.0500000 0.0000000
v 0.1880500 0.0500000 0.1950000
v 0.1000000 0.0500000 0.0000000
v 0.2500000 0.0500000 0.0000000
v 0.2500000 0.0500000 0.1950000
v 0.1880500 0.0500000 0.1950000
v 0.1000000 0.0500000 0.2406250
v 0.1880500 0.0500000 0.2406250
v 0.1624825 0.0598050 0.2406250
v 0.1000000 0.0500000 0.2406250
v 0.1624825 0.0598050 0.2406250
v 0.1384025 0.0728525 0.2406250
v 0.1000000 0.0500000 0.2406250
v 0.1384025 0.0728525 0.2406250
v 0.1162250 0.0889275 0.2406250
v 0.1000000 0.0500000 0.2406250
v 0.1162250 0.0889275 0.2406250
v 0.0963525 0.1077750 0.2406250
v 0.0625000 0.0625000 0.2406250
v 0.0500000 0.1400575 0.2406250
v 0.0500000 0.1000000 0.2406250
v 0.0790900 0.1290350 0.2406250
v 0.0647750 0.1523850 0.2406250
v 0.0963525 0.1077750 0.2406250
v 0.0790900 0.1290350 0.2406250
v 0.0500000 0.1000000 0.2406250
v 0.0625000 0.0625000 0.2406250
v 0.0000000 0.1500000 0.2406250
v 0.0500000 0.1400575 0.2406250
v 0.0647750 0.1523850 0.2406250
v 0.0536050 0.1773900 0.2406250
v 0.0000000 0.2036475 0.2406250
v 0.0000000 0.1500000 0.2406250
v 0.0536050 0.1773900 0.2406250
v 0.0458250 0.2036475 0.2406250
v 0.0000000 0.2036475 0.2406250
v 0.0458250 0.2036475 0.2406250
v 0.0423377 0.2303093 0.2406250
v 0.0000000 0.2036475 0.2406250
v 0.0423377 0.2303093 0.2406250
v 0.0324029 0.2529094 0.2406250
v 0.0000000 0.2036475 0.2406250
v 0.0324029 0.2529094 0.2406250
v 0.0175372 0.2680133 0.2406250
v 0.0000000 0.2036475 0.2406250
v 0.0175372 0.2680133 0.2406250
v 0.0000000 0.2733150 0.2406250
v 0.1624828 0.0598045 0.2406250
v 0.1880500 0.0500000 0.2406250
v 0.1880500 0.0500000 0.1950000
v 0.1624828 0.0598045 0.1950000
v 0.1384025 0.0728527 0.2406250
v 0.1624828 0.0598045 0.2406250
v 0.1624828 0.0598045 0.1950000
v 0.1384025 0.0728527 0.1950000
v 0.1162244 0.0889283 0.2406250
v 0.1384025 0.0728527 0.2406250
v 0.1384025 0.0728527 0.1950000
v 0.1162244 0.0889283 0.1950000
v 0.0963513 0.1077750 0.2406250
v 0.1162244 0.0889283 0.2406250
v 0.1162244 0.0889283 0.1950000
v 0.0963513 0.1077750 0.1950000
v 0.0790889 0.1290352 0.2406250
v 0.0963513 0.1077750 0.2406250
v 0.0963513 0.1077750 0.1950000
v 0.0790889 0.1290352 0.1950000
v 0.0647752 0.1523848 0.2406250
v 0.0790889 0.1290352 0.2406250
v 0.0790889 0.1290352 0.1950000
v 0.0647752 0.1523848 0.1950000
v 0.0536048 0.1773911 0.2406250
v 0.0647752 0.1523848 0.2406250
v 0.0647752 0.1523848 0.1950000
v 0.0536048 0.1773911 0.1950000
v 0.0458250 0.2036487 0.2406250
v 0.0536048 0.1773911 0.2406250
v 0.0536048 0.1773911 0.1950000
v 0.0458250 0.2036487 0.1950000
v 0.0458250 0.2036475 0.1950000
v 0.0423377 0.2303093 0.1950000
v 0.0423377 0.2303093 0.2406250
v 0.0458250 0.2036475 0.2406250
v 0.0423377 0.2303093 0.1950000
v 0.0324029 0.2529094 0.1950000
v 0.0324029 0.2529094 0.2406250
v 0.0423377 0.2303093 0.2406250
v 0.0324029 0.2529094 0.1950000
v 0.0175372 0.2680133 0.1950000
v 0.0175372 0.2680133 0.2406250
v 0.0324029 0.2529094 0.2406250
v 0.0175372 0.2680133 0.1950000
v 0.0000000 0.2733150 0.1950000
v 0.0000000 0.2733150 0.2406250
v 0.0175372 0.2680133 0.2406250
v 0.2500000 0.0500000 0.1950000
v 0.1734600 0.0652200 0.1950000
v 0.1624825 0.0598050 0.1950000
v 0.1880500 0.0500000 0.1950000
v 0.1624825 0.0598050 0.1950000
v 0.1734600 0.0652200 0.1950000
v 0.1384025 0.0728525 0.1950000
v 0.1384025 0.0728525 0.1950000
v 0.1734600 0.0652200 0.1950000
v 0.1085800 0.1085800 0.1950000
v 0.1162250 0.0889275 0.1950000
v 0.1162250 0.0889275 0.1950000
v 0.1085800 0.1085800 0.1950000
v 0.0963525 0.1077750 0.1950000
v 0.0963525 0.1077750 0.1950000
v 0.1085800 0.1085800 0.1950000
v 0.0790900 0.1290350 0.1950000
v 0.0790900 0.1290350 0.1950000
v 0.1085800 0.1085800 0.1950000
v 0.0652200 0.1734600 0.1950000
v 0.0647750 0.1523850 0.1950000
v 0.0647750 0.1523850 0.1950000
v 0.0652200 0.1734600 0.1950000
v 0.0536050 0.1773900 0.1950000
v 0.0536050 0.1773900 0.1950000
v 0.0652200 0.1734600 0.1950000
v 0.0458250 0.2036475 0.1950000
v 0.0458250 0.2036475 0.1950000
v 0.0652200 0.1734600 0.1950000
v 0.0500000 0.2500000 0.1950000
v 0.0423375 0.2303100 0.1950000
v 0.0423375 0.2303100 0.1950000
v 0.0500000 0.2500000 0.1950000
v 0.0324025 0.2529100 0.1950000
v 0.0324025 0.2529100 0.1950000
v 0.0500000 0.2500000 0.1950000
v 0.0175375 0.2680125 0.1950000
v 0.0175375 0.2680125 0.1950000
v 0.0500000 0.2500000 0.1950000
v 0.0546350 0.2733150 0.1950000
v 0.0000000 0.2733150 0.1950000
v 0.0175375 0.2680125 0.1950000
v 0.0546350 0.2733150 0.1950000
v 0.0546350 0.2733150 0.0437500
v 0.0000000 0.2733150 0.0437500
v 0.0000000 0.2733150 0.1950000
v 0.0546350 0.2733150 0.1950000
v 0.0500000 0.1400587 -0.2406250
v 0.0500000 0.1400587 0.0000000
v 0.0000000 0.1500013 0.0000000
v 0.0000000 0.1500013 -0.2406250
v 0.0500000 0.1000000 -0.2406250
v 0.0625000 0.0625000 -0.2406250
v 0.0625000 0.0625000 0.0000000
v 0.0500000 0.1000000 0.0000000
v 0.0500000 0.1400575 -0.2406250
v 0.0500000 0.1000000 -0.2406250
v 0.0500000 0.1000000 0.0000000
v 0.0500000 0.1400575 0.0000000
v 0.0625000 0.0625000 -0.2406250
v 0.1000000 0.0500000 -0.2406250
v 0.1000000 0.0500000 0.0000000
v 0.0625000 0.0625000 0.0000000
v 0.1880500 0.0500000 -0.1950000
v 0.1000000 0.0500000 0.0000000
v 0.1000000 0.0500000 -0.2406250
v 0.1880500 0.0500000 -0.2406250
v 0.1880500 0.0500000 -0.1950000
v 0.2500000 0.0500000 -0.1950000
v 0.2500000 0.0500000 0.0000000
v 0.1000000 0.0500000 0.0000000
v 0.1624825 0.0598050 -0.2406250
v 0.1880500 0.0500000 -0.2406250
v 0.1000000 0.0500000 -0.2406250
v 0.1384025 0.0728525 -0.2406250
v 0.1624825 0.0598050 -0.2406250
v 0.1000000 0.0500000 -0.2406250
v 0.1162250 0.0889275 -0.2406250
v 0.1384025 0.0728525 -0.2406250
v 0.1000000 0.0500000 -0.2406250
v 0.0625000 0.0625000 -0.2406250
v 0.0963525 0.1077750 -0.2406250
v 0.1162250 0.0889275 -0.2406250
v 0.1000000 0.0500000 -0.2406250
v 0.0647750 0.1523850 -0.2406250
v 0.0790900 0.1290350 -0.2406250
v 0.0500000 0.1000000 -0.2406250
v 0.0500000 0.1400575 -0.2406250
v 0.0625000 0.0625000 -0.2406250
v 0.0500000 0.1000000 -0.2406250
v 0.0790900 0.1290350 -0.2406250
v 0.0963525 0.1077750 -0.2406250
v 0.0536050 0.1773900 -0.2406250
v 0.0647750 0.1523850 -0.2406250
v 0.0500000 0.1400575 -0.2406250
v 0.0000000 0.1500000 -0.2406250
v 0.0458250 0.2036475 -0.2406250
v 0.0536050 0.1773900 -0.2406250
v 0.0000000 0.1500000 -0.2406250
v 0.0000000 0.2036475 -0.2406250
v 0.0423377 0.2303093 -0.2406250
v 0.0458250 0.2036475 -0.2406250
v 0.0000000 0.2036475 -0.2406250
v 0.0324029 0.2529094 -0.2406250
v 0.0423377 0.2303093 -0.2406250
v 0.0000000 0.2036475 -0.2406250
v 0.0175372 0.2680133 -0.2406250
v 0.0324029 0.2529094 -0.2406250
v 0.0000000 0.2036475 -0.2406250
v 0.0000000 0.2733150 -0.2406250
v 0.0175372 0.2680133 -0.2406250
v 0.0000000 0.2036475 -0.2406250
v 0.1624828 0.0598045 -0.1950000
v 0.1880500 0.0500000 -0.1950000
v 0.1880500 0.0500000 -0.2406250
v 0.1624828 0.0598045 -0.2406250
v 0.1384025 0.0728527 -0.1950000
v 0.1624828 0.0598045 -0.1950000
v 0.1624828 0.0598045 -0.2406250
v 0.1384025 0.0728527 -0.2406250
v 0.1162244 0.0889283 -0.1950000
v 0.1384025 0.0728527 -0.1950000
v 0.1384025 0.0728527 -0.2406250
v 0.1162244 0.0889283 -0.2406250
v 0.0963513 0.1077750 -0.1950000
v 0.1162244 0.0889283 -0.1950000
v 0.1162244 0.0889283 -0.2406250
v 0.0963513 0.1077750 -0.2406250
v 0.0790889 0.1290352 -0.1950000
v 0.0963513 0.1077750 -0.1950000
v 0.0963513 0.1077750 -0.2406250
v 0.0790889 0.1290352 -0.2406250
v 0.0647752 0.1523848 -0.1950000
v 0.0790889 0.1290352 -0.1950000
v 0.0790889 0.1290352 -0.2406250
v 0.0647752 0.1523848 -0.2406250
v 0.0536048 0.1773911 -0.1950000
v 0.0647752 0.1523848 -0.1950000
v 0.0647752 0.1523848 -0.2406250
v 0.0536048 0.1773911 -0.2406250
v 0.0458250 0.2036487 -0.1950000
v 0.0536048 0.1773911 -0.1950000
v 0.0536048 0.1773911 -0.2406250
v 0.0458250 0.2036487 -0.2406250
v 0.0458250 0.2036475 -0.2406250
v 0.0423377 0.2303093 -0.2406250
v 0.0423377 0.2303093 -0.1950000
v 0.0458250 0.2036475 -0.1950000
v 0.0423377 0.2303093 -0.2406250
v 0.0324029 0.2529094 -0.2406250
v 0.0324029 0.2529094 -0.1950000
v 0.0423377 0.2303093 -0.1950000
v 0.0324029 0.2529094 -0.2406250
v 0.0175372 0.2680133 -0.2406250
v 0.0175372 0.2680133 -0.1950000
v 0.0324029 0.2529094 -0.1950000
v 0.0175372 0.2680133 -0.2406250
v 0.0000000 0.2733150 -0.2406250
v 0.0000000 0.2733150 -0.1950000
v 0.0175372 0.2680133 -0.1950000
v 0.1880500 0.0500000 -0.1950000
v 0.1624825 0.0598050 -0.1950000
v 0.1734600 0.0652200 -0.1950000
v 0.2500000 0.0500000 -0.1950000
v 0.1384025 0.0728525 -0.1950000
v 0.1734600 0.0652200 -0.1950000
v 0.1624825 0.0598050 -0.1950000
v 0.1162250 0.0889275 -0.1950000
v 0.1085800 0.1085800 -0.1950000
v 0.1734600 0.0652200 -0.1950000
v 0.1384025 0.0728525 -0.1950000
v 0.0963525 0.1077750 -0.1950000
v 0.1085800 0.1085800 -0.1950000
v 0.1162250 0.0889275 -0.1950000
v 0.0790900 0.1290350 -0.1950000
v 0.1085800 0.1085800 -0.1950000
v 0.0963525 0.1077750 -0.1950000
v 0.0647750 0.1523850 -0.1950000
v 0.0652200 0.1734600 -0.1950000
v 0.1085800 0.1085800 -0.1950000
v 0.0790900 0.1290350 -0.1950000
v 0.0536050 0.1773900 -0.1950000
v 0.0652200 0.1734600 -0.1950000
v 0.0647750 0.1523850 -0.1950000
v 0.0458250 0.2036475 -0.1950000
v 0.0652200 0.1734600 -0.1950000
v 0.0536050 0.1773900 -0.1950000
v 0.0423375 0.2303100 -0.1950000
v 0.0500000 0.2500000 -0.1950000
v 0.0652200 0.1734600 -0.1950000
v 0.0458250 0.2036475 -0.1950000
v 0.0324025 0.2529100 -0.1950000
v 0.0500000 0.2500000 -0.1950000
v 0.0423375 0.2303100 -0.1950000
v 0.0175375 0.2680125 -0.1950000
v 0.0500000 0.2500000 -0.1950000
v 0.0324025 0.2529100 -0.1950000
v 0.0546350 0.2733150 -0.1950000
v 0.0500000 0.2500000 -0.1950000
v 0.0175375 0.2680125 -0.1950000
v 0.0546350 0.2733150 -0.1950000
v 0.0175375 0.2680125 -0.1950000
v 0.0000000 0.2733150 -0.1950000
v 0.0546350 0.2733150 -0.1950000
v 0.0000000 0.2733150 -0.1950000
v 0.0000000 0.2733150 -0.0437500
v 0.0546350 0.2733150 -0.0437500
v 0.4347800 -0.1734600 0.1950000
v 0.3885850 -0.1925950 0.1950000
v 0.4000000 -0.2500000 0.1950000
v 0.4500000 -0.2500000 0.1950000
v 0.3914200 -0.1085800 0.1950000
v 0.3560650 -0.1439350 0.1950000
v 0.3885850 -0.1925950 0.1950000
v 0.4347800 -0.1734600 0.1950000
v 0.3265400 -0.0652200 0.1950000
v 0.3074050 -0.1114150 0.1950000
v 0.3560650 -0.1439350 0.1950000
v 0.3914200 -0.1085800 0.1950000
v 0.2500000 -0.0500000 0.1950000
v 0.2500000 -0.1000000 0.1950000
v 0.3074050 -0.1114150 0.1950000
v 0.3265400 -0.0652200 0.1950000
v 0.1734600 -0.0652200 0.1950000
v 0.1925950 -0.1114150 0.1950000
v 0.2500000 -0.1000000 0.1950000
v 0.2500000 -0.0500000 0.1950000
v 0.1085800 -0.1085800 0.1950000
v 0.1439350 -0.1439350 0.1950000
v 0.1925950 -0.1114150 0.1950000
v 0.1734600 -0.0652200 0.1950000
v 0.0652200 -0.1734600 0.1950000
v 0.1114150 -0.1925950 0.1950000
v 0.1439350 -0.1439350 0.1950000
v 0.1085800 -0.1085800 0.1950000
v 0.0500000 -0.2500000 0.1950000
v 0.1000000 -0.2500000 0.1950000
v 0.1114150 -0.1925950 0.1950000
v 0.0652200 -0.1734600 0.1950000
v 0.0652200 -0.3265400 0.1950000
v 0.1114150 -0.3074050 0.1950000
v 0.1000000 -0.2500000 0.1950000
v 0.0500000 -0.2500000 0.1950000
v 0.1085800 -0.3914200 0.1950000
v 0.1439350 -0.3560650 0.1950000
v 0.1114150 -0.3074050 0.1950000
v 0.0652200 -0.3265400 0.1950000
v 0.1734600 -0.4347800 0.1950000
v 0.1925950 -0.3885850 0.1950000
v 0.1439350 -0.3560650 0.1950000
v 0.1085800 -0.3914200 0.1950000
v 0.2500000 -0.4500000 0.1950000
v 0.2500000 -0.4000000 0.1950000
v 0.1925950 -0.3885850 0.1950000
v 0.1734600 -0.4347800 0.1950000
v 0.3265400 -0.4347800 0.1950000
v 0.3074050 -0.3885850 0.1950000
v 0.2500000 -0.4000000 0.1950000
v 0.2500000 -0.4500000 0.1950000
v 0.3914200 -0.3914200 0.1950000
v 0.3560650 -0.3560650 0.1950000
v 0.3074050 -0.3885850 0.1950000
v 0.3265400 -0.4347800 0.1950000
v 0.4347800 -0.3265400 0.1950000
v 0.3885850 -0.3074050 0.1950000
v 0.3560650 -0.3560650 0.1950000
v 0.3914200 -0.3914200 0.1950000
v 0.4500000 -0.2500000 0.1950000
v 0.4000000 -0.2500000 0.1950000
v 0.3885850 -0.3074050 0.1950000
v 0.4347800 -0.3265400 0.1950000
v 0.2500000 -0.4000000 0.1950000
v 0.3074050 -0.3885850 0.1950000
v 0.3074050 -0.3885850 0.0000000
v 0.2500000 -0.4000000 0.0000000
v 0.3074050 -0.3885850 0.1950000
v 0.3560650 -0.3560650 0.1950000
v 0.3560650 -0.3560650 0.0000000
v 0.3074050 -0.3885850 0.0000000
v 0.3560650 -0.3560650 0.1950000
v 0.3885850 -0.3074050 0.1950000
v 0.3885850 -0.3074050 0.0000000
v 0.3560650 -0.3560650 0.0000000
v 0.3885850 -0.3074050 0.1950000
v 0.4000000 -0.2500000 0.1950000
v 0.4000000 -0.2500000 0.0000000
v 0.3885850 -0.3074050 0.0000000
v 0.4000000 -0.2500000 0.1950000
v 0.3885850 -0.1925950 0.1950000
v 0.3885850 -0.1925950 0.0000000
v 0.4000000 -0.2500000 0.0000000
v 0.3885850 -0.1925950 0.1950000
v 0.3560650 -0.1439350 0.1950000
v 0.3560650 -0.1439350 0.0000000
v 0.3885850 -0.1925950 0.0000000
v 0.3560650 -0.1439350 0.1950000
v 0.3074050 -0.1114150 0.1950000
v 0.3074050 -0.1114150 0.0000000
v 0.3560650 -0.1439350 0.0000000
v 0.3074050 -0.1114150 0.1950000
v 0.2500000 -0.1000000 0.1950000
v 0.2500000 -0.1000000 0.0000000
v 0.3074050 -0.1114150 0.0000000
v 0.2500000 -0.1000000 0.1950000
v 0.1925950 -0.1114150 0.1950000
v 0.1925950 -0.1114150 0.0000000
v 0.2500000 -0.1000000 0.0000000
v 0.1925950 -0.1114150 0.1950000
v 0.1439350 -0.1439350 0.1950000
v 0.1439350 -0.1439350 0.0000000
v 0.1925950 -0.1114150 0.0000000
v 0.1439350 -0.1439350 0.1950000
v 0.1114150 -0.1925950 0.1950000
v 0.1114150 -0.1925950 0.0000000
v 0.1439350 -0.1439350 0.0000000
v 0.1114150 -0.1925950 0.1950000
v 0.1000000 -0.2500000 0.1950000
v 0.1000000 -0.2500000 0.0000000
v 0.1114150 -0.1925950 0.0000000
v 0.1000000 -0.2500000 0.1950000
v 0.1114150 -0.3074050 0.1950000
v 0.1114150 -0.3074050 0.0000000
v 0.1000000 -0.2500000 0.0000000
v 0.1114150 -0.3074050 0.1950000
v 0.1439350 -0.3560650 0.1950000
v 0.1439350 -0.3560650 0.0000000
v 0.1114150 -0.3074050 0.0000000
v 0.1439350 -0.3560650 0.1950000
v 0.1925950 -0.3885850 0.1950000
v 0.1925950 -0.3885850 0.0000000
v 0.1439350 -0.3560650 0.0000000
v 0.1925950 -0.3885850 0.1950000
v 0.2500000 -0.4000000 0.1950000
v 0.2500000 -0.4000000 0.0000000
v 0.1925950 -0.3885850 0.0000000
v 0.2500000 -0.4500000 0.1950000
v 0.2500000 -0.4500000 0.0437500
v 0.3265400 -0.4347800 0.0437500
v 0.3265400 -0.4347800 0.1950000
v 0.3265400 -0.4347800 0.1950000
v 0.3265400 -0.4347800 0.0437500
v 0.3914200 -0.3914200 0.0437500
v 0.3914200 -0.3914200 0.1950000
v 0.3914200 -0.3914200 0.1950000
v 0.3914200 -0.3914200 0.0437500
v 0.4347800 -0.3265400 0.0437500
v 0.4347800 -0.3265400 0.1950000
v 0.4347800 -0.3265400 0.1950000
v 0.4347800 -0.3265400 0.0437500
v 0.4500000 -0.2500000 0.0437500
v 0.4500000 -0.2500000 0.1950000
v 0.4500000 -0.2500000 0.1950000
v 0.4500000 -0.2500000 0.0437500
v 0.4347800 -0.1734600 0.0437500
v 0.4347800 -0.1734600 0.1950000
v 0.4347800 -0.1734600 0.1950000
v 0.4347800 -0.1734600 0.0437500
v 0.3914200 -0.1085800 0.0437500
v 0.3914200 -0.1085800 0.1950000
v 0.3914200 -0.1085800 0.1950000
v 0.3914200 -0.1085800 0.0437500
v 0.3265400 -0.0652200 0.0437500
v 0.3265400 -0.0652200 0.1950000
v 0.3265400 -0.0652200 0.1950000
v 0.3265400 -0.0652200 0.0437500
v 0.2500000 -0.0500000 0.0437500
v 0.2500000 -0.0500000 0.1950000
v 0.1734600 -0.4347800 0.1950000
v 0.1734600 -0.4347800 0.0437500
v 0.2500000 -0.4500000 0.0437500
v 0.2500000 -0.4500000 0.1950000
v 0.1085800 -0.3914200 0.1950000
v 0.1085800 -0.3914200 0.0437500
v 0.1734600 -0.4347800 0.0437500
v 0.1734600 -0.4347800 0.1950000
v 0.0652200 -0.3265400 0.1950000
v 0.0652200 -0.3265400 0.0437500
v 0.1085800 -0.3914200 0.0437500
v 0.1085800 -0.3914200 0.1950000
v 0.0546350 -0.2733150 0.1950000
v 0.0546350 -0.2733150 0.0437500
v 0.0652200 -0.3265400 0.0437500
v 0.0652200 -0.3265400 0.1950000
v 0.4000000 -0.0500000 0.0000000
v 0.2500000 -0.0500000 0.0000000
v 0.2500000 -0.0500000 0.0437500
v 0.4000000 -0.0500000 0.0437500
v 0.4500000 -0.0000000 0.0000000
v 0.4461950 -0.0191350 0.0000000
v 0.4461950 -0.0191350 0.0437500
v 0.4500000 -0.0000000 0.0437500
v 0.4461950 -0.0191350 0.0000000
v 0.4353550 -0.0353550 0.0000000
v 0.4353550 -0.0353550 0.0437500
v 0.4461950 -0.0191350 0.0437500
v 0.4353550 -0.0353550 0.0000000
v 0.4191350 -0.0461950 0.0000000
v 0.4191350 -0.0461950 0.0437500
v 0.4353550 -0.0353550 0.0437500
v 0.4191350 -0.0461950 0.0000000
v 0.4000000 -0.0500000 0.0000000
v 0.4000000 -0.0500000 0.0437500
v 0.4191350 -0.0461950 0.0437500
v 0.4500000 -0.0500000 0.0437500
v 0.4500000 -0.0000000 0.0437500
v 0.4461950 -0.0191350 0.0437500
v 0.4500000 -0.0500000 0.0437500
v 0.4461950 -0.0191350 0.0437500
v 0.4353550 -0.0353550 0.0437500
v 0.4500000 -0.0500000 0.0437500
v 0.4353550 -0.0353550 0.0437500
v 0.4191350 -0.0461950 0.0437500
v 0.4500000 -0.0500000 0.0437500
v 0.4191350 -0.0461950 0.0437500
v 0.4000000 -0.0500000 0.0437500
v 0.6186325 -0.0814325 0.0437500
v 0.6240000 -0.0000000 0.0437500
v 0.4500000 -0.0000000 0.0437500
v 0.4500000 -0.0500000 0.0437500
v 0.6027225 -0.1614900 0.0437500
v 0.6186325 -0.0814325 0.0437500
v 0.4500000 -0.0500000 0.0437500
v 0.3265400 -0.0652200 0.0437500
v 0.4500000 -0.0500000 0.0437500
v 0.2500000 -0.0500000 0.0437500
v 0.3265400 -0.0652200 0.0437500
v 0.3914200 -0.1085800 0.0437500
v 0.6027225 -0.1614900 0.0437500
v 0.3265400 -0.0652200 0.0437500
v 0.5765125 -0.2388050 0.0437500
v 0.6027225 -0.1614900 0.0437500
v 0.3914200 -0.1085800 0.0437500
v 0.4347800 -0.1734600 0.0437500
v 0.5403850 -0.3120000 0.0437500
v 0.5765125 -0.2388050 0.0437500
v 0.4347800 -0.1734600 0.0437500
v 0.4500000 -0.2500000 0.0437500
v 0.4950825 -0.3798900 0.0437500
v 0.5403850 -0.3120000 0.0437500
v 0.4500000 -0.2500000 0.0437500
v 0.4347800 -0.3265400 0.0437500
v 0.4412300 -0.4412300 0.0437500
v 0.4950825 -0.3798900 0.0437500
v 0.4347800 -0.3265400 0.0437500
v 0.3914200 -0.3914200 0.0437500
v 0.3798900 -0.4950825 0.0437500
v 0.4412300 -0.4412300 0.0437500
v 0.3914200 -0.3914200 0.0437500
v 0.3265400 -0.4347800 0.0437500
v 0.3120000 -0.5403850 0.0437500
v 0.3798900 -0.4950825 0.0437500
v 0.3265400 -0.4347800 0.0437500
v 0.2500000 -0.4500000 0.0437500
v 0.2388050 -0.5765125 0.0437500
v 0.3120000 -0.5403850 0.0437500
v 0.2500000 -0.4500000 0.0437500
v 0.1734600 -0.4347800 0.0437500
v 0.1614900 -0.6027225 0.0437500
v 0.2388050 -0.5765125 0.0437500
v 0.1734600 -0.4347800 0.0437500
v 0.1085800 -0.3914200 0.0437500
v 0.0814325 -0.6186325 0.0437500
v 0.1614900 -0.6027225 0.0437500
v 0.1085800 -0.3914200 0.0437500
v 0.0652200 -0.3265400 0.0437500
v 0.0000000 -0.6240000 0.0437500
v 0.0814325 -0.6186325 0.0437500
v 0.0652200 -0.3265400 0.0437500
v 0.0546350 -0.2733150 0.0437500
v 0.0000000 -0.6240000 0.0437500
v 0.0546350 -0.2733150 0.0437500
v 0.0000000 -0.2733150 0.0437500
v 0.4500000 -0.2500000 -0.1950000
v 0.4000000 -0.2500000 -0.1950000
v 0.3885850 -0.1925950 -0.1950000
v 0.4347800 -0.1734600 -0.1950000
v 0.4347800 -0.1734600 -0.1950000
v 0.3885850 -0.1925950 -0.1950000
v 0.3560650 -0.1439350 -0.1950000
v 0.3914200 -0.1085800 -0.1950000
v 0.3914200 -0.1085800 -0.1950000
v 0.3560650 -0.1439350 -0.1950000
v 0.3074050 -0.1114150 -0.1950000
v 0.3265400 -0.0652200 -0.1950000
v 0.3265400 -0.0652200 -0.1950000
v 0.3074050 -0.1114150 -0.1950000
v 0.2500000 -0.1000000 -0.1950000
v 0.2500000 -0.0500000 -0.1950000
v 0.2500000 -0.0500000 -0.1950000
v 0.2500000 -0.1000000 -0.1950000
v 0.1925950 -0.1114150 -0.1950000
v 0.1734600 -0.0652200 -0.1950000
v 0.1734600 -0.0652200 -0.1950000
v 0.1925950 -0.1114150 -0.1950000
v 0.1439350 -0.1439350 -0.1950000
v 0.1085800 -0.1085800 -0.1950000
v 0.1085800 -0.1085800 -0.1950000
v 0.1439350 -0.1439350 -0.1950000
v 0.1114150 -0.1925950 -0.1950000
v 0.0652200 -0.1734600 -0.1950000
v 0.0652200 -0.1734600 -0.1950000
v 0.1114150 -0.1925950 -0.1950000
v 0.1000000 -0.2500000 -0.1950000
v 0.0500000 -0.2500000 -0.1950000
v 0.0500000 -0.2500000 -0.1950000
v 0.1000000 -0.2500000 -0.1950000
v 0.1114150 -0.3074050 -0.1950000
v 0.0652200 -0.3265400 -0.1950000
v 0.0652200 -0.3265400 -0.1950000
v 0.1114150 -0.3074050 -0.1950000
v 0.1439350 -0.3560650 -0.1950000
v 0.1085800 -0.3914200 -0.1950000
v 0.1085800 -0.3914200 -0.1950000
v 0.1439350 -0.3560650 -0.1950000
v 0.1925950 -0.3885850 -0.1950000
v 0.1734600 -0.4347800 -0.1950000
v 0.1734600 -0.4347800 -0.1950000
v 0.1925950 -0.3885850 -0.1950000
v 0.2500000 -0.4000000 -0.1950000
v 0.2500000 -0.4500000 -0.1950000
v 0.2500000 -0.4500000 -0.1950000
v 0.2500000 -0.4000000 -0.1950000
v 0.3074050 -0.3885850 -0.1950000
v 0.3265400 -0.4347800 -0.1950000
v 0.3265400 -0.4347800 -0.1950000
v 0.3074050 -0.3885850 -0.1950000
v 0.3560650 -0.3560650 -0.1950000
v 0.3914200 -0.3914200 -0.1950000
v 0.3914200 -0.3914200 -0.1950000
v 0.3560650 -0.3560650 -0.1950000
v 0.3885850 -0.3074050 -0.1950000
v 0.4347800 -0.3265400 -0.1950000
v 0.4347800 -0.3265400 -0.1950000
v 0.3885850 -0.3074050 -0.1950000
v 0.4000000 -0.2500000 -0.1950000
v 0.4500000 -0.2500000 -0.1950000
v 0.2500000 -0.4000000 0.0000000
v 0.3074050 -0.3885850 0.0000000
v 0.3074050 -0.3885850 -0.1950000
v 0.2500000 -0.4000000 -0.1950000
v 0.3074050 -0.3885850 0.0000000
v 0.3560650 -0.3560650 0.0000000
v 0.3560650 -0.3560650 -0.1950000
v 0.3074050 -0.3885850 -0.1950000
v 0.3560650 -0.3560650 0.0000000
v 0.3885850 -0.3074050 0.0000000
v 0.3885850 -0.3074050 -0.1950000
v 0.3560650 -0.3560650 -0.1950000
v 0.3885850 -0.3074050 0.0000000
v 0.4000000 -0.2500000 0.0000000
v 0.4000000 -0.2500000 -0.1950000
v 0.3885850 -0.3074050 -0.1950000
v 0.4000000 -0.2500000 0.0000000
v 0.3885850 -0.1925950 0.0000000
v 0.3885850 -0.1925950 -0.1950000
v 0.4000000 -0.2500000 -0.1950000
v 0.3885850 -0.1925950 0.0000000
v 0.3560650 -0.1439350 0.0000000
v 0.3560650 -0.1439350 -0.1950000
v 0.3885850 -0.1925950 -0.1950000
v 0.3560650 -0.1439350 0.0000000
v 0.3074050 -0.1114150 0.0000000
v 0.3074050 -0.1114150 -0.1950000
v 0.3560650 -0.1439350 -0.1950000
v 0.3074050 -0.1114150 0.0000000
v 0.2500000 -0.1000000 0.0000000
v 0.2500000 -0.1000000 -0.1950000
v 0.3074050 -0.1114150 -0.1950000
v 0.2500000 -0.1000000 0.0000000
v 0.1925950 -0.1114150 0.0000000
v 0.1925950 -0.1114150 -0.1950000
v 0.2500000 -0.1000000 -0.1950000
v 0.1925950 -0.1114150 0.0000000
v 0.1439350 -0.1439350 0.0000000
v 0.1439350 -0.1439350 -0.1950000
v 0.1925950 -0.1114150 -0.1950000
v 0.1439350 -0.1439350 0.0000000
v 0.1114150 -0.1925950 0.0000000
v 0.1114150 -0.1925950 -0.1950000
v 0.1439350 -0.1439350 -0.1950000
v 0.1114150 -0.1925950 0.0000000
v 0.1000000 -0.2500000 0.0000000
v 0.1000000 -0.2500000 -0.1950000
v 0.1114150 -0.1925950 -0.1950000
v 0.1000000 -0.2500000 0.0000000
v 0.1114150 -0.3074050 0.0000000
v 0.1114150 -0.3074050 -0.1950000
v 0.1000000 -0.2500000 -0.1950000
v 0.1114150 -0.3074050 0.0000000
v 0.1439350 -0.3560650 0.0000000
v 0.1439350 -0.3560650 -0.1950000
v 0.1114150 -0.3074050 -0.1950000
v 0.1439350 -0.3560650 0.0000000
v 0.1925950 -0.3885850 0.0000000
v 0.1925950 -0.3885850 -0.1950000
v 0.1439350 -0.3560650 -0.1950000
v 0.1925950 -0.3885850 0.0000000
v 0.2500000 -0.4000000 0.0000000
v 0.2500000 -0.4000000 -0.1950000
v 0.1925950 -0.3885850 -0.1950000
v 0.3265400 -0.4347800 -0.1950000
v 0.3265400 -0.4347800 -0.0437500
v 0.2500000 -0.4500000 -0.0437500
v 0.2500000 -0.4500000 -0.1950000
v 0.3914200 -0.3914200 -0.1950000
v 0.3914200 -0.3914200 -0.0437500
v 0.3265400 -0.4347800 -0.0437500
v 0.3265400 -0.4347800 -0.1950000
v 0.4347800 -0.3265400 -0.1950000
v 0.4347800 -0.3265400 -0.0437500
v 0.3914200 -0.3914200 -0.0437500
v 0.3914200 -0.3914200 -0.1950000
v 0.4500000 -0.2500000 -0.1950000
v 0.4500000 -0.2500000 -0.0437500
v 0.4347800 -0.3265400 -0.0437500
v 0.4347800 -0.3265400 -0.1950000
v 0.4347800 -0.1734600 -0.1950000
v 0.4347800 -0.1734600 -0.0437500
v 0.4500000 -0.2500000 -0.0437500
v 0.4500000 -0.2500000 -0.1950000
v 0.3914200 -0.1085800 -0.1950000
v 0.3914200 -0.1085800 -0.0437500
v 0.4347800 -0.1734600 -0.0437500
v 0.4347800 -0.1734600 -0.1950000
v 0.3265400 -0.0652200 -0.1950000
v 0.3265400 -0.0652200 -0.0437500
v 0.3914200 -0.1085800 -0.0437500
v 0.3914200 -0.1085800 -0.1950000
v 0.2500000 -0.0500000 -0.1950000
v 0.2500000 -0.0500000 -0.0437500
v 0.3265400 -0.0652200 -0.0437500
v 0.3265400 -0.0652200 -0.1950000
v 0.2500000 -0.4500000 -0.1950000
v 0.2500000 -0.4500000 -0.0437500
v 0.1734600 -0.4347800 -0.0437500
v 0.1734600 -0.4347800 -0.1950000
v 0.1734600 -0.4347800 -0.1950000
v 0.1734600 -0.4347800 -0.0437500
v 0.1085800 -0.3914200 -0.0437500
v 0.1085800 -0.3914200 -0.1950000
v 0.1085800 -0.3914200 -0.1950000
v 0.1085800 -0.3914200 -0.0437500
v 0.0652200 -0.3265400 -0.0437500
v 0.0652200 -0.3265400 -0.1950000
v 0.0652200 -0.3265400 -0.1950000
v 0.0652200 -0.3265400 -0.0437500
v 0.0546350 -0.2733150 -0.0437500
v 0.0546350 -0.2733150 -0.1950000
v 0.4000000 -0.0500000 -0.0437500
v 0.2500000 -0.0500000 -0.0437500
v 0.2500000 -0.0500000 0.0000000
v 0.4000000 -0.0500000 0.0000000
v 0.4500000 -0.0000000 -0.0437500
v 0.4461950 -0.0191350 -0.0437500
v 0.4461950 -0.0191350 0.0000000
v 0.4500000 -0.0000000 0.0000000
v 0.4461950 -0.0191350 -0.0437500
v 0.4353550 -0.0353550 -0.0437500
v 0.4353550 -0.0353550 0.0000000
v 0.4461950 -0.0191350 0.0000000
v 0.4353550 -0.0353550 -0.0437500
v 0.4191350 -0.0461950 -0.0437500
v 0.4191350 -0.0461950 0.0000000
v 0.4353550 -0.0353550 0.0000000
v 0.4191350 -0.0461950 -0.0437500
v 0.4000000 -0.0500000 -0.0437500
v 0.4000000 -0.0500000 0.0000000
v 0.4191350 -0.0461950 0.0000000
v 0.4461950 -0.0191350 -0.0437500
v 0.4500000 -0.0000000 -0.0437500
v 0.4500000 -0.0500000 -0.0437500
v 0.4353550 -0.0353550 -0.0437500
v 0.4461950 -0.0191350 -0.0437500
v 0.4500000 -0.0500000 -0.0437500
v 0.4191350 -0.0461950 -0.0437500
v 0.4353550 -0.0353550 -0.0437500
v 0.4500000 -0.0500000 -0.0437500
v 0.4000000 -0.0500000 -0.0437500
v 0.4191350 -0.0461950 -0.0437500
v 0.4500000 -0.0500000 -0.0437500
v 0.4500000 -0.0500000 -0.0437500
v 0.4500000 -0.0000000 -0.0437500
v 0.6240000 -0.0000000 -0.0437500
v 0.6186325 -0.0814325 -0.0437500
v 0.3265400 -0.0652200 -0.0437500
v 0.4500000 -0.0500000 -0.0437500
v 0.6186325 -0.0814325 -0.0437500
v 0.6027225 -0.1614900 -0.0437500
v 0.3265400 -0.0652200 -0.0437500
v 0.2500000 -0.0500000 -0.0437500
v 0.4500000 -0.0500000 -0.0437500
v 0.3265400 -0.0652200 -0.0437500
v 0.6027225 -0.1614900 -0.0437500
v 0.3914200 -0.1085800 -0.0437500
v 0.4347800 -0.1734600 -0.0437500
v 0.3914200 -0.1085800 -0.0437500
v 0.6027225 -0.1614900 -0.0437500
v 0.5765125 -0.2388050 -0.0437500
v 0.4500000 -0.2500000 -0.0437500
v 0.4347800 -0.1734600 -0.0437500
v 0.5765125 -0.2388050 -0.0437500
v 0.5403850 -0.3120000 -0.0437500
v 0.4347800 -0.3265400 -0.0437500
v 0.4500000 -0.2500000 -0.0437500
v 0.5403850 -0.3120000 -0.0437500
v 0.4950825 -0.3798900 -0.0437500
v 0.3914200 -0.3914200 -0.0437500
v 0.4347800 -0.3265400 -0.0437500
v 0.4950825 -0.3798900 -0.0437500
v 0.4412300 -0.4412300 -0.0437500
v 0.3265400 -0.4347800 -0.0437500
v 0.3914200 -0.3914200 -0.0437500
v 0.4412300 -0.4412300 -0.0437500
v 0.3798900 -0.4950825 -0.0437500
v 0.2500000 -0.4500000 -0.0437500
v 0.3265400 -0.4347800 -0.0437500
v 0.3798900 -0.4950825 -0.0437500
v 0.3120000 -0.5403850 -0.0437500
v 0.1734600 -0.4347800 -0.0437500
v 0.2500000 -0.4500000 -0.0437500
v 0.3120000 -0.5403850 -0.0437500
v 0.2388050 -0.5765125 -0.0437500
v 0.1085800 -0.3914200 -0.0437500
v 0.1734600 -0.4347800 -0.0437500
v 0.2388050 -0.5765125 -0.0437500
v 0.1614900 -0.6027225 -0.0437500
v 0.0652200 -0.3265400 -0.0437500
v 0.1085800 -0.3914200 -0.0437500
v 0.1614900 -0.6027225 -0.0437500
v 0.0814325 -0.6186325 -0.0437500
v 0.0546350 -0.2733150 -0.0437500
v 0.0652200 -0.3265400 -0.0437500
v 0.0814325 -0.6186325 -0.0437500
v 0.0000000 -0.6240000 -0.0437500
v 0.0000000 -0.2733150 -0.0437500
v 0.0546350 -0.2733150 -0.0437500
v 0.0000000 -0.6240000 -0.0437500
v -0.4500000 -0.2500000 0.1950000
v -0.4000000 -0.2500000 0.1950000
v -0.3885850 -0.1925950 0.1950000
v -0.4347800 -0.1734600 0.1950000
v -0.4347800 -0.1734600 0.1950000
v -0.3885850 -0.1925950 0.1950000
v -0.3560650 -0.1439350 0.1950000
v -0.3914200 -0.1085800 0.1950000
v -0.3914200 -0.1085800 0.1950000
v -0.3560650 -0.1439350 0.1950000
v -0.3074050 -0.1114150 0.1950000
v -0.3265400 -0.0652200 0.1950000
v -0.3265400 -0.0652200 0.1950000
v -0.3074050 -0.1114150 0.1950000
v -0.2500000 -0.1000000 0.1950000
v -0.2500000 -0.0500000 0.1950000
v -0.2500000 -0.0500000 0.1950000
v -0.2500000 -0.1000000 0.1950000
v -0.1925950 -0.1114150 0.1950000
v -0.1734600 -0.0652200 0.1950000
v -0.1734600 -0.0652200 0.1950000
v -0.1925950 -0.1114150 0.1950000
v -0.1439350 -0.1439350 0.1950000
v -0.1085800 -0.1085800 0.1950000
v -0.1085800 -0.1085800 0.1950000
v -0.1439350 -0.1439350 0.1950000
v -0.1114150 -0.1925950 0.1950000
v -0.0652200 -0.1734600 0.1950000
v -0.0652200 -0.1734600 0.1950000
v -0.1114150 -0.1925950 0.1950000
v -0.1000000 -0.2500000 0.1950000
v -0.0500000 -0.2500000 0.1950000
v -0.0500000 -0.2500000 0.1950000
v -0.1000000 -0.2500000 0.1950000
v -0.1114150 -0.3074050 0.1950000
v -0.0652200 -0.3265400 0.1950000
v -0.0652200 -0.3265400 0.1950000
v -0.1114150 -0.3074050 0.1950000
v -0.1439350 -0.3560650 0.1950000
v -0.1085800 -0.3914200 0.1950000
v -0.1085800 -0.3914200 0.1950000
v -0.1439350 -0.3560650 0.1950000
v -0.1925950 -0.3885850 0.1950000
v -0.1734600 -0.4347800 0.1950000
v -0.1734600 -0.4347800 0.1950000
v -0.1925950 -0.3885850 0.1950000
v -0.2500000 -0.4000000 0.1950000
v -0.2500000 -0.4500000 0.1950000
v -0.2500000 -0.4500000 0.1950000
v -0.2500000 -0.4000000 0.1950000
v -0.3074050 -0.3885850 0.1950000
v -0.3265400 -0.4347800 0.1950000
v -0.3265400 -0.4347800 0.1950000
v -0.3074050 -0.3885850 0.1950000
v -0.3560650 -0.3560650 0.1950000
v -0.3914200 -0.3914200 0.1950000
v -0.3914200 -0.3914200 0.1950000
v -0.3560650 -0.3560650 0.1950000
v -0.3885850 -0.3074050 0.1950000
v -0.4347800 -0.3265400 0.1950000
v -0.4347800 -0.3265400 0.1950000
v -0.3885850 -0.3074050 0.1950000
v -0.4000000 -0.2500000 0.1950000
v -0.4500000 -0.2500000 0.1950000
v -0.2500000 -0.4000000 0.0000000
v -0.3074050 -0.3885850 0.0000000
v -0.3074050 -0.3885850 0.1950000
v -0.2500000 -0.4000000 0.1950000
v -0.3074050 -0.3885850 0.0000000
v -0.3560650 -0.3560650 0.0000000
v -0.3560650 -0.3560650 0.1950000
v -0.3074050 -0.3885850 0.1950000
v -0.3560650 -0.3560650 0.0000000
v -0.3885850 -0.3074050 0.0000000
v -0.3885850 -0.3074050 0.1950000
v -0.3560650 -0.3560650 0.1950000
v -0.3885850 -0.3074050 0.0000000
v -0.4000000 -0.2500000 0.0000000
v -0.4000000 -0.2500000 0.1950000
v -0.3885850 -0.3074050 0.1950000
v -0.4000000 -0.2500000 0.0000000
v -0.3885850 -0.1925950 0.0000000
v -0.3885850 -0.1925950 0.1950000
v -0.4000000 -0.2500000 0.1950000
v -0.3885850 -0.1925950 0.0000000
v -0.3560650 -0.1439350 0.0000000
v -0.3560650 -0.1439350 0.1950000
v -0.3885850 -0.1925950 0.1950000
v -0.3560650 -0.1439350 0.0000000
v -0.3074050 -0.1114150 0.0000000
v -0.3074050 -0.1114150 0.1950000
v -0.3560650 -0.1439350 0.1950000
v -0.3074050 -0.1114150 0.0000000
v -0.2500000 -0.1000000 0.0000000
v -0.2500000 -0.1000000 0.1950000
v -0.3074050 -0.1114150 0.1950000
v -0.2500000 -0.1000000 0.0000000
v -0.1925950 -0.1114150 0.0000000
v -0.1925950 -0.1114150 0.1950000
v -0.2500000 -0.1000000 0.1950000
v -0.1925950 -0.1114150 0.0000000
v -0.1439350 -0.1439350 0.0000000
v -0.1439350 -0.1439350 0.1950000
v -0.1925950 -0.1114150 0.1950000
v -0.1439350 -0.1439350 0.0000000
v -0.1114150 -0.1925950 0.0000000
v -0.1114150 -0.1925950 0.1950000
v -0.1439350 -0.1439350 0.1950000
v -0.1114150 -0.1925950 0.0000000
v -0.1000000 -0.2500000 0.0000000
v -0.1000000 -0.2500000 0.1950000
v -0.1114150 -0.1925950 0.1950000
v -0.1000000 -0.2500000 0.0000000
v -0.1114150 -0.3074050 0.0000000
v -0.1114150 -0.3074050 0.1950000
v -0.1000000 -0.2500000 0.1950000
v -0.1114150 -0.3074050 0.0000000
v -0.1439350 -0.3560650 0.0000000
v -0.1439350 -0.3560650 0.1950000
v -0.1114150 -0.3074050 0.1950000
v -0.1439350 -0.3560650 0.0000000
v -0.1925950 -0.3885850 0.0000000
v -0.1925950 -0.3885850 0.1950000
v -0.1439350 -0.3560650 0.1950000
v -0.1925950 -0.3885850 0.0000000
v -0.2500000 -0.4000000 0.0000000
v -0.2500000 -0.4000000 0.1950000
v -0.1925950 -0.3885850 0.1950000
v -0.3265400 -0.4347800 0.1950000
v -0.3265400 -0.4347800 0.0437500
v -0.2500000 -0.4500000 0.0437500
v -0.2500000 -0.4500000 0.1950000
v -0.3914200 -0.3914200 0.1950000
v -0.3914200 -0.3914200 0.0437500
v -0.3265400 -0.4347800 0.0437500
v -0.3265400 -0.4347800 0.1950000
v -0.4347800 -0.3265400 0.1950000
v -0.4347800 -0.3265400 0.0437500
v -0.3914200 -0.3914200 0.0437500
v -0.3914200 -0.3914200 0.1950000
v -0.4500000 -0.2500000 0.1950000
v -0.4500000 -0.2500000 0.0437500
v -0.4347800 -0.3265400 0.0437500
v -0.4347800 -0.3265400 0.1950000
v -0.4347800 -0.1734600 0.1950000
v -0.4347800 -0.1734600 0.0437500
v -0.4500000 -0.2500000 0.0437500
v -0.4500000 -0.2500000 0.1950000
v -0.3914200 -0.1085800 0.1950000
v -0.3914200 -0.1085800 0.0437500
v -0.4347800 -0.1734600 0.0437500
v -0.4347800 -0.1734600 0.1950000
v -0.3265400 -0.0652200 0.1950000
v -0.3265400 -0.0652200 0.0437500
v -0.3914200 -0.1085800 0.0437500
v -0.3914200 -0.1085800 0.1950000
v -0.2500000 -0.0500000 0.1950000
v -0.2500000 -0.0500000 0.0437500
v -0.3265400 -0.0652200 0.0437500
v -0.3265400 -0.0652200 0.1950000
v -0.2500000 -0.4500000 0.1950000
v -0.2500000 -0.4500000 0.0437500
v -0.1734600 -0.4347800 0.0437500
v -0.1734600 -0.4347800 0.1950000
v -0.1734600 -0.4347800 0.1950000
v -0.1734600 -0.4347800 0.0437500
v -0.1085800 -0.3914200 0.0437500
v -0.1085800 -0.3914200 0.1950000
v -0.1085800 -0.3914200 0.1950000
v -0.1085800 -0.3914200 0.0437500
v -0.0652200 -0.3265400 0.0437500
v -0.0652200 -0.3265400 0.1950000
v -0.0652200 -0.3265400 0.1950000
v -0.0652200 -0.3265400 0.0437500
v -0.0546350 -0.2733150 0.0437500
v -0.0546350 -0.2733150 0.1950000
v -0.4000000 -0.0500000 0.0437500
v -0.2500000 -0.0500000 0.0437500
v -0.2500000 -0.0500000 0.0000000
v -0.4000000 -0.0500000 0.0000000
v -0.4500000 -0.0000000 0.0437500
v -0.4461950 -0.0191350 0.0437500
v -0.4461950 -0.0191350 0.0000000
v -0.4500000 -0.0000000 0.0000000
v -0.4461950 -0.0191350 0.0437500
v -0.4353550 -0.0353550 0.0437500
v -0.4353550 -0.0353550 0.0000000
v -0.4461950 -0.0191350 0.0000000
v -0.4353550 -0.0353550 0.0437500
v -0.4191350 -0.0461950 0.0437500
v -0.4191350 -0.0461950 0.0000000
v -0.4353550 -0.0353550 0.0000000
v -0.4191350 -0.0461950 0.0437500
v -0.4000000 -0.0500000 0.0437500
v -0.4000000 -0.0500000 0.0000000
v -0.4191350 -0.0461950 0.0000000
v -0.4461950 -0.0191350 0.0437500
v -0.4500000 -0.0000000 0.0437500
v -0.4500000 -0.0500000 0.0437500
v -0.4353550 -0.0353550 0.0437500
v -0.4461950 -0.0191350 0.0437500
v -0.4500000 -0.0500000 0.0437500
v -0.4191350 -0.0461950 0.0437500
v -0.4353550 -0.0353550 0.0437500
v -0.4500000 -0.0500000 0.0437500
v -0.4000000 -0.0500000 0.0437500
v -0.4191350 -0.0461950 0.0437500
v -0.4500000 -0.0500000 0.0437500
v -0.4500000 -0.0500000 0.0437500
v -0.4500000 -0.0000000 0.0437500
v -0.6240000 -0.0000000 0.0437500
v -0.6186325 -0.0814325 0.0437500
v -0.3265400 -0.0652200 0.0437500
v -0.4500000 -0.0500000 0.0437500
v -0.6186325 -0.0814325 0.0437500
v -0.6027225 -0.1614900 0.0437500
v -0.3265400 -0.0652200 0.0437500
v -0.2500000 -0.0500000 0.0437500
v -0.4500000 -0.0500000 0.0437500
v -0.3265400 -0.0652200 0.0437500
v -0.6027225 -0.1614900 0.0437500
v -0.3914200 -0.1085800 0.0437500
v -0.4347800 -0.1734600 0.0437500
v -0.3914200 -0.1085800 0.0437500
v -0.6027225 -0.1614900 0.0437500
v -0.5765125 -0.2388050 0.0437500
v -0.4500000 -0.2500000 0.0437500
v -0.4347800 -0.1734600 0.0437500
v -0.5765125 -0.2388050 0.0437500
v -0.5403850 -0.3120000 0.0437500
v -0.4347800 -0.3265400 0.0437500
v -0.4500000 -0.2500000 0.0437500
v -0.5403850 -0.3120000 0.0437500
v -0.4950825 -0.3798900 0.0437500
v -0.3914200 -0.3914200 0.0437500
v -0.4347800 -0.3265400 0.0437500
v -0.4950825 -0.3798900 0.0437500
v -0.4412300 -0.4412300 0.0437500
v -0.3265400 -0.4347800 0.0437500
v -0.3914200 -0.3914200 0.0437500
v -0.4412300 -0.4412300 0.0437500
v -0.3798900 -0.4950825 0.0437500
v -0.2500000 -0.4500000 0.0437500
v -0.3265400 -0.4347800 0.0437500
v -0.3798900 -0.4950825 0.0437500
v -0.3120000 -0.5403850 0.0437500
v -0.1734600 -0.4347800 0.0437500
v -0.2500000 -0.4500000 0.0437500
v -0.3120000 -0.5403850 0.0437500
v -0.2388050 -0.5765125 0.0437500
v -0.1085800 -0.3914200 0.0437500
v -0.1734600 -0.4347800 0.0437500
v -0.2388050 -0.5765125 0.0437500
v -0.1614900 -0.6027225 0.0437500
v -0.0652200 -0.3265400 0.0437500
v -0.1085800 -0.3914200 0.0437500
v -0.1614900 -0.6027225 0.0437500
v -0.0814325 -0.6186325 0.0437500
v -0.0546350 -0.2733150 0.0437500
v -0.0652200 -0.3265400 0.0437500
v -0.0814325 -0.6186325 0.0437500
v 0.0000000 -0.6240000 0.0437500
v 0.0000000 -0.2733150 0.0437500
v -0.0546350 -0.2733150 0.0437500
v 0.0000000 -0.6240000 0.0437500
v -0.4347800 -0.1734600 -0.1950000
v -0.3885850 -0.1925950 -0.1950000
v -0.4000000 -0.2500000 -0.1950000
v -0.4500000 -0.2500000 -0.1950000
v -0.3914200 -0.1085800 -0.1950000
v -0.3560650 -0.1439350 -0.1950000
v -0.3885850 -0.1925950 -0.1950000
v -0.4347800 -0.1734600 -0.1950000
v -0.3265400 -0.0652200 -0.1950000
v -0.3074050 -0.1114150 -0.1950000
v -0.3560650 -0.1439350 -0.1950000
v -0.3914200 -0.1085800 -0.1950000
v -0.2500000 -0.0500000 -0.1950000
v -0.2500000 -0.1000000 -0.1950000
v -0.3074050 -0.1114150 -0.1950000
v -0.3265400 -0.0652200 -0.1950000
v -0.1734600 -0.0652200 -0.1950000
v -0.1925950 -0.1114150 -0.1950000
v -0.2500000 -0.1000000 -0.1950000
v -0.2500000 -0.0500000 -0.1950000
v -0.1085800 -0.1085800 -0.1950000
v -0.1439350 -0.1439350 -0.1950000
v -0.1925950 -0.1114150 -0.1950000
v -0.1734600 -0.0652200 -0.1950000
v -0.0652200 -0.1734600 -0.1950000
v -0.1114150 -0.1925950 -0.1950000
v -0.1439350 -0.1439350 -0.1950000
v -0.1085800 -0.1085800 -0.1950000
v -0.0500000 -0.2500000 -0.1950000
v -0.1000000 -0.2500000 -0.1950000
v -0.1114150 -0.1925950 -0.1950000
v -0.0652200 -0.1734600 -0.1950000
v -0.0652200 -0.3265400 -0.1950000
v -0.1114150 -0.3074050 -0.1950000
v -0.1000000 -0.2500000 -0.1950000
v -0.0500000 -0.2500000 -0.1950000
v -0.1085800 -0.3914200 -0.1950000
v -0.1439350 -0.3560650 -0.1950000
v -0.1114150 -0.3074050 -0.1950000
v -0.0652200 -0.3265400 -0.1950000
v -0.1734600 -0.4347800 -0.1950000
v -0.1925950 -0.3885850 -0.1950000
v -0.1439350 -0.3560650 -0.1950000
v -0.1085800 -0.3914200 -0.1950000
v -0.2500000 -0.4500000 -0.1950000
v -0.2500000 -0.4000000 -0.1950000
v -0.1925950 -0.3885850 -0.1950000
v -0.1734600 -0.4347800 -0.1950000
v -0.3265400 -0.4347800 -0.1950000
v -0.3074050 -0.3885850 -0.1950000
v -0.2500000 -0.4000000 -0.1950000
v -0.2500000 -0.4500000 -0.1950000
v -0.3914200 -0.3914200 -0.1950000
v -0.3560650 -0.3560650 -0.1950000
v -0.3074050 -0.3885850 -0.1950000
v -0.3265400 -0.4347800 -0.1950000
v -0.4347800 -0.3265400 -0.1950000
v -0.3885850 -0.3074050 -0.1950000
v -0.3560650 -0.3560650 -0.1950000
v -0.3914200 -0.3914200 -0.1950000
v -0.4500000 -0.2500000 -0.1950000
v -0.4000000 -0.2500000 -0.1950000
v -0.3885850 -0.3074050 -0.1950000
v -0.4347800 -0.3265400 -0.1950000
v -0.2500000 -0.4000000 -0.1950000
v -0.3074050 -0.3885850 -0.1950000
v -0.3074050 -0.3885850 0.0000000
v -0.2500000 -0.4000000 0.0000000
v -0.3074050 -0.3885850 -0.1950000
v -0.3560650 -0.3560650 -0.1950000
v -0.3560650 -0.3560650 0.0000000
v -0.3074050 -0.3885850 0.0000000
v -0.3560650 -0.3560650 -0.1950000
v -0.3885850 -0.3074050 -0.1950000
v -0.3885850 -0.3074050 0.0000000
v -0.3560650 -0.3560650 0.0000000
v -0.3885850 -0.3074050 -0.1950000
v -0.4000000 -0.2500000 -0.1950000
v -0.4000000 -0.2500000 0.0000000
v -0.3885850 -0.3074050 0.0000000
v -0.4000000 -0.2500000 -0.1950000
v -0.3885850 -0.1925950 -0.1950000
v -0.3885850 -0.1925950 0.0000000
v -0.4000000 -0.2500000 0.0000000
v -0.3885850 -0.1925950 -0.1950000
v -0.3560650 -0.1439350 -0.1950000
v -0.3560650 -0.1439350 0.0000000
v -0.3885850 -0.1925950 0.0000000
v -0.3560650 -0.1439350 -0.1950000
v -0.3074050 -0.1114150 -0.1950000
v -0.3074050 -0.1114150 0.0000000
v -0.3560650 -0.1439350 0.0000000
v -0.3074050 -0.1114150 -0.1950000
v -0.2500000 -0.1000000 -0.1950000
v -0.2500000 -0.1000000 0.0000000
v -0.3074050 -0.1114150 0.0000000
v -0.2500000 -0.1000000 -0.1950000
v -0.1925950 -0.1114150 -0.1950000
v -0.1925950 -0.1114150 0.0000000
v -0.2500000 -0.1000000 0.0000000
v -0.1925950 -0.1114150 -0.1950000
v -0.1439350 -0.1439350 -0.1950000
v -0.1439350 -0.1439350 0.0000000
v -0.1925950 -0.1114150 0.0000000
v -0.1439350 -0.1439350 -0.1950000
v -0.1114150 -0.1925950 -0.1950000
v -0.1114150 -0.1925950 0.0000000
v -0.1439350 -0.1439350 0.0000000
v -0.1114150 -0.1925950 -0.1950000
v -0.1000000 -0.2500000 -0.1950000
v -0.1000000 -0.2500000 0.0000000
v -0.1114150 -0.1925950 0.0000000
v -0.1000000 -0.2500000 -0.1950000
v -0.1114150 -0.3074050 -0.1950000
v -0.1114150 -0.3074050 0.0000000
v -0.1000000 -0.2500000 0.0000000
v -0.1114150 -0.3074050 -0.1950000
v -0.1439350 -0.3560650 -0.1950000
v -0.1439350 -0.3560650 0.0000000
v -0.1114150 -0.3074050 0.0000000
v -0.1439350 -0.3560650 -0.1950000
v -0.1925950 -0.3885850 -0.1950000
v -0.1925950 -0.3885850 0.0000000
v -0.1439350 -0.3560650 0.0000000
v -0.1925950 -0.3885850 -0.1950000
v -0.2500000 -0.4000000 -0.1950000
v -0.2500000 -0.4000000 0.0000000
v -0.1925950 -0.3885850 0.0000000
v -0.2500000 -0.4500000 -0.1950000
v -0.2500000 -0.4500000 -0.0437500
v -0.3265400 -0.4347800 -0.0437500
v -0.3265400 -0.4347800 -0.1950000
v -0.3265400 -0.4347800 -0.1950000
v -0.3265400 -0.4347800 -0.0437500
v -0.3914200 -0.3914200 -0.0437500
v -0.3914200 -0.3914200 -0.1950000
v -0.3914200 -0.3914200 -0.1950000
v -0.3914200 -0.3914200 -0.0437500
v -0.4347800 -0.3265400 -0.0437500
v -0.4347800 -0.3265400 -0.1950000
v -0.4347800 -0.3265400 -0.1950000
v -0.4347800 -0.3265400 -0.0437500
v -0.4500000 -0.2500000 -0.0437500
v -0.4500000 -0.2500000 -0.1950000
v -0.4500000 -0.2500000 -0.1950000
v -0.4500000 -0.2500000 -0.0437500
v -0.4347800 -0.1734600 -0.0437500
v -0.4347800 -0.1734600 -0.1950000
v -0.4347800 -0.1734600 -0.1950000
v -0.4347800 -0.1734600 -0.0437500
v -0.3914200 -0.1085800 -0.0437500
v -0.3914200 -0.1085800 -0.1950000
v -0.3914200 -0.1085800 -0.1950000
v -0.3914200 -0.1085800 -0.0437500
v -0.3265400 -0.0652200 -0.0437500
v -0.3265400 -0.0652200 -0.1950000
v -0.3265400 -0.0652200 -0.1950000
v -0.3265400 -0.0652200 -0.0437500
v -0.2500000 -0.0500000 -0.0437500
v -0.2500000 -0.0500000 -0.1950000
v -0.1734600 -0.4347800 -0.1950000
v -0.1734600 -0.4347800 -0.0437500
v -0.2500000 -0.4500000 -0.0437500
v -0.2500000 -0.4500000 -0.1950000
v -0.1085800 -0.3914200 -0.1950000
v -0.1085800 -0.3914200 -0.0437500
v -0.1734600 -0.4347800 -0.0437500
v -0.1734600 -0.4347800 -0.1950000
v -0.0652200 -0.3265400 -0.1950000
v -0.0652200 -0.3265400 -0.0437500
v -0.1085800 -0.3914200 -0.0437500
v -0.1085800 -0.3914200 -0.1950000
v -0.0546350 -0.2733150 -0.1950000
v -0.0546350 -0.2733150 -0.0437500
v -0.0652200 -0.3265400 -0.0437500
v -0.0652200 -0.3265400 -0.1950000
v -0.4000000 -0.0500000 0.0000000
v -0.2500000 -0.0500000 0.0000000
v -0.2500000 -0.0500000 -0.0437500
v -0.4000000 -0.0500000 -0.0437500
v -0.4500000 -0.0000000 0.0000000
v -0.4461950 -0.0191350 0.0000000
v -0.4461950 -0.0191350 -0.0437500
v -0.4500000 -0.0000000 -0.0437500
v -0.4461950 -0.0191350 0.0000000
v -0.4353550 -0.0353550 0.0000000
v -0.4353550 -0.0353550 -0.0437500
v -0.4461950 -0.0191350 -0.0437500
v -0.4353550 -0.0353550 0.0000000
v -0.4191350 -0.0461950 0.0000000
v -0.4191350 -0.0461950 -0.0437500
v -0.4353550 -0.0353550 -0.0437500
v -0.4191350 -0.0461950 0.0000000
v -0.4000000 -0.0500000 0.0000000
v -0.4000000 -0.0500000 -0.0437500
v -0.4191350 -0.0461950 -0.0437500
v -0.4500000 -0.0500000 -0.0437500
v -0.4500000 -0.0000000 -0.0437500
v -0.4461950 -0.0191350 -0.0437500
v -0.4500000 -0.0500000 -0.0437500
v -0.4461950 -0.0191350 -0.0437500
v -0.4353550 -0.0353550 -0.0437500
v -0.4500000 -0.0500000 -0.0437500
v -0.4353550 -0.0353550 -0.0437500
v -0.4191350 -0.0461950 -0.0437500
v -0.4500000 -0.0500000 -0.0437500
v -0.4191350 -0.0461950 -0.0437500
v -0.4000000 -0.0500000 -0.0437500
v -0.6186325 -0.0814325 -0.0437500
v -0.6240000 -0.0000000 -0.0437500
v -0.4500000 -0.0000000 -0.0437500
v -0.4500000 -0.0500000 -0.0437500
v -0.6027225 -0.1614900 -0.0437500
v -0.6186325 -0.0814325 -0.0437500
v -0.4500000 -0.0500000 -0.0437500
v -0.3265400 -0.0652200 -0.0437500
v -0.4500000 -0.0500000 -0.0437500
v -0.2500000 -0.0500000 -0.0437500
v -0.3265400 -0.0652200 -0.0437500
v -0.3914200 -0.1085800 -0.0437500
v -0.6027225 -0.1614900 -0.0437500
v -0.3265400 -0.0652200 -0.0437500
v -0.5765125 -0.2388050 -0.0437500
v -0.6027225 -0.1614900 -0.0437500
v -0.3914200 -0.1085800 -0.0437500
v -0.4347800 -0.1734600 -0.0437500
v -0.5403850 -0.3120000 -0.0437500
v -0.5765125 -0.2388050 -0.0437500
v -0.4347800 -0.1734600 -0.0437500
v -0.4500000 -0.2500000 -0.0437500
v -0.4950825 -0.3798900 -0.0437500
v -0.5403850 -0.3120000 -0.0437500
v -0.4500000 -0.2500000 -0.0437500
v -0.4347800 -0.3265400 -0.0437500
v -0.4412300 -0.4412300 -0.0437500
v -0.4950825 -0.3798900 -0.0437500
v -0.4347800 -0.3265400 -0.0437500
v -0.3914200 -0.3914200 -0.0437500
v -0.3798900 -0.4950825 -0.0437500
v -0.4412300 -0.4412300 -0.0437500
v -0.3914200 -0.3914200 -0.0437500
v -0.3265400 -0.4347800 -0.0437500
v -0.3120000 -0.5403850 -0.0437500
v -0.3798900 -0.4950825 -0.0437500
v -0.3265400 -0.4347800 -0.0437500
v -0.2500000 -0.4500000 -0.0437500
v -0.2388050 -0.5765125 -0.0437500
v -0.3120000 -0.5403850 -0.0437500
v -0.2500000 -0.4500000 -0.0437500
v -0.1734600 -0.4347800 -0.0437500
v -0.1614900 -0.6027225 -0.0437500
v -0.2388050 -0.5765125 -0.0437500
v -0.1734600 -0.4347800 -0.0437500
v -0.1085800 -0.3914200 -0.0437500
v -0.0814325 -0.6186325 -0.0437500
v -0.1614900 -0.6027225 -0.0437500
v -0.1085800 -0.3914200 -0.0437500
v -0.0652200 -0.3265400 -0.0437500
v 0.0000000 -0.6240000 -0.0437500
v -0.0814325 -0.6186325 -0.0437500
v -0.0652200 -0.3265400 -0.0437500
v -0.0546350 -0.2733150 -0.0437500
v 0.0000000 -0.6240000 -0.0437500
v -0.0546350 -0.2733150 -0.0437500
v 0.0000000 -0.2733150 -0.0437500
v -0.4347800 0.1734600 0.1950000
v -0.3885850 0.1925950 0.1950000
v -0.4000000 0.2500000 0.1950000
v -0.4500000 0.2500000 0.1950000
v -0.3914200 0.1085800 0.1950000
v -0.3560650 0.1439350 0.1950000
v -0.3885850 0.1925950 0.1950000
v -0.4347800 0.1734600 0.1950000
v -0.3265400 0.0652200 0.1950000
v -0.3074050 0.1114150 0.1950000
v -0.3560650 0.1439350 0.1950000
v -0.3914200 0.1085800 0.1950000
v -0.2500000 0.0500000 0.1950000
v -0.2500000 0.1000000 0.1950000
v -0.3074050 0.1114150 0.1950000
v -0.3265400 0.0652200 0.1950000
v -0.1734600 0.0652200 0.1950000
v -0.1925950 0.1114150 0.1950000
v -0.2500000 0.1000000 0.1950000
v -0.2500000 0.0500000 0.1950000
v -0.1085800 0.1085800 0.1950000
v -0.1439350 0.1439350 0.1950000
v -0.1925950 0.1114150 0.1950000
v -0.1734600 0.0652200 0.1950000
v -0.0652200 0.1734600 0.1950000
v -0.1114150 0.1925950 0.1950000
v -0.1439350 0.1439350 0.1950000
v -0.1085800 0.1085800 0.1950000
v -0.0500000 0.2500000 0.1950000
v -0.1000000 0.2500000 0.1950000
v -0.1114150 0.1925950 0.1950000
v -0.0652200 0.1734600 0.1950000
v -0.0652200 0.3265400 0.1950000
v -0.1114150 0.3074050 0.1950000
v -0.1000000 0.2500000 0.1950000
v -0.0500000 0.2500000 0.1950000
v -0.1085800 0.3914200 0.1950000
v -0.1439350 0.3560650 0.1950000
v -0.1114150 0.3074050 0.1950000
v -0.0652200 0.3265400 0.1950000
v -0.1734600 0.4347800 0.1950000
v -0.1925950 0.3885850 0.1950000
v -0.1439350 0.3560650 0.1950000
v -0.1085800 0.3914200 0.1950000
v -0.2500000 0.4500000 0.1950000
v -0.2500000 0.4000000 0.1950000
v -0.1925950 0.3885850 0.1950000
v -0.1734600 0.4347800 0.1950000
v -0.3265400 0.4347800 0.1950000
v -0.3074050 0.3885850 0.1950000
v -0.2500000 0.4000000 0.1950000
v -0.2500000 0.4500000 0.1950000
v -0.3914200 0.3914200 0.1950000
v -0.3560650 0.3560650 0.1950000
v -0.3074050 0.3885850 0.1950000
v -0.3265400 0.4347800 0.1950000
v -0.4347800 0.3265400 0.1950000
v -0.3885850 0.3074050 0.1950000
v -0.3560650 0.3560650 0.1950000
v -0.3914200 0.3914200 0.1950000
v -0.4500000 0.2500000 0.1950000
v -0.4000000 0.2500000 0.1950000
v -0.3885850 0.3074050 0.1950000
v -0.4347800 0.3265400 0.1950000
v -0.2500000 0.4000000 0.1950000
v -0.3074050 0.3885850 0.1950000
v -0.3074050 0.3885850 0.0000000
v -0.2500000 0.4000000 0.0000000
v -0.3074050 0.3885850 0.1950000
v -0.3560650 0.3560650 0.1950000
v -0.3560650 0.3560650 0.0000000
v -0.3074050 0.3885850 0.0000000
v -0.3560650 0.3560650 0.1950000
v -0.3885850 0.3074050 0.1950000
v -0.3885850 0.3074050 0.0000000
v -0.3560650 0.3560650 0.0000000
v -0.3885850 0.3074050 0.1950000
v -0.4000000 0.2500000 0.1950000
v -0.4000000 0.2500000 0.0000000
v -0.3885850 0.3074050 0.0000000
v -0.4000000 0.2500000 0.1950000
v -0.3885850 0.1925950 0.1950000
v -0.3885850 0.1925950 0.0000000
v -0.4000000 0.2500000 0.0000000
v -0.3885850 0.1925950 0.1950000
v -0.3560650 0.1439350 0.1950000
v -0.3560650 0.1439350 0.0000000
v -0.3885850 0.1925950 0.0000000
v -0.3560650 0.1439350 0.1950000
v -0.3074050 0.1114150 0.1950000
v -0.3074050 0.1114150 0.0000000
v -0.3560650 0.1439350 0.0000000
v -0.3074050 0.1114150 0.1950000
v -0.2500000 0.1000000 0.1950000
v -0.2500000 0.1000000 0.0000000
v -0.3074050 0.1114150 0.0000000
v -0.2500000 0.1000000 0.1950000
v -0.1925950 0.1114150 0.1950000
v -0.1925950 0.1114150 0.0000000
v -0.2500000 0.1000000 0.0000000
v -0.1925950 0.1114150 0.1950000
v -0.1439350 0.1439350 0.1950000
v -0.1439350 0.1439350 0.0000000
v -0.1925950 0.1114150 0.0000000
v -0.1439350 0.1439350 0.1950000
v -0.1114150 0.1925950 0.1950000
v -0.1114150 0.1925950 0.0000000
v -0.1439350 0.1439350 0.0000000
v -0.1114150 0.1925950 0.1950000
v -0.1000000 0.2500000 0.1950000
v -0.1000000 0.2500000 0.0000000
v -0.1114150 0.1925950 0.0000000
v -0.1000000 0.2500000 0.1950000
v -0.1114150 0.3074050 0.1950000
v -0.1114150 0.3074050 0.0000000
v -0.1000000 0.2500000 0.0000000
v -0.1114150 0.3074050 0.1950000
v -0.1439350 0.3560650 0.1950000
v -0.1439350 0.3560650 0.0000000
v -0.1114150 0.3074050 0.0000000
v -0.1439350 0.3560650 0.1950000
v -0.1925950 0.3885850 0.1950000
v -0.1925950 0.3885850 0.0000000
v -0.1439350 0.3560650 0.0000000
v -0.1925950 0.3885850 0.1950000
v -0.2500000 0.4000000 0.1950000
v -0.2500000 0.4000000 0.0000000
v -0.1925950 0.3885850 0.0000000
v -0.2500000 0.4500000 0.1950000
v -0.2500000 0.4500000 0.0437500
v -0.3265400 0.4347800 0.0437500
v -0.3265400 0.4347800 0.1950000
v -0.3265400 0.4347800 0.1950000
v -0.3265400 0.4347800 0.0437500
v -0.3914200 0.3914200 0.0437500
v -0.3914200 0.3914200 0.1950000
v -0.3914200 0.3914200 0.1950000
v -0.3914200 0.3914200 0.0437500
v -0.4347800 0.3265400 0.0437500
v -0.4347800 0.3265400 0.1950000
v -0.4347800 0.3265400 0.1950000
v -0.4347800 0.3265400 0.0437500
v -0.4500000 0.2500000 0.0437500
v -0.4500000 0.2500000 0.1950000
v -0.4500000 0.2500000 0.1950000
v -0.4500000 0.2500000 0.0437500
v -0.4347800 0.1734600 0.0437500
v -0.4347800 0.1734600 0.1950000
v -0.4347800 0.1734600 0.1950000
v -0.4347800 0.1734600 0.0437500
v -0.3914200 0.1085800 0.0437500
v -0.3914200 0.1085800 0.1950000
v -0.3914200 0.1085800 0.1950000
v -0.3914200 0.1085800 0.0437500
v -0.3265400 0.0652200 0.0437500
v -0.3265400 0.0652200 0.1950000
v -0.3265400 0.0652200 0.1950000
v -0.3265400 0.0652200 0.0437500
v -0.2500000 0.0500000 0.0437500
v -0.2500000 0.0500000 0.1950000
v -0.1734600 0.4347800 0.1950000
v -0.1734600 0.4347800 0.0437500
v -0.2500000 0.4500000 0.0437500
v -0.2500000 0.4500000 0.1950000
v -0.1085800 0.3914200 0.1950000
v -0.1085800 0.3914200 0.0437500
v -0.1734600 0.4347800 0.0437500
v -0.1734600 0.4347800 0.1950000
v -0.0652200 0.3265400 0.1950000
v -0.0652200 0.3265400 0.0437500
v -0.1085800 0.3914200 0.0437500
v -0.1085800 0.3914200 0.1950000
v -0.0546350 0.2733150 0.1950000
v -0.0546350 0.2733150 0.0437500
v -0.0652200 0.3265400 0.0437500
v -0.0652200 0.3265400 0.1950000
v -0.4000000 0.0500000 0.0000000
v -0.2500000 0.0500000 0.0000000
v -0.2500000 0.0500000 0.0437500
v -0.4000000 0.0500000 0.0437500
v -0.4500000 -0.0000000 0.0000000
v -0.4461950 0.0191350 0.0000000
v -0.4461950 0.0191350 0.0437500
v -0.4500000 -0.0000000 0.0437500
v -0.4461950 0.0191350 0.0000000
v -0.4353550 0.0353550 0.0000000
v -0.4353550 0.0353550 0.0437500
v -0.4461950 0.0191350 0.0437500
v -0.4353550 0.0353550 0.0000000
v -0.4191350 0.0461950 0.0000000
v -0.4191350 0.0461950 0.0437500
v -0.4353550 0.0353550 0.0437500
v -0.4191350 0.0461950 0.0000000
v -0.4000000 0.0500000 0.0000000
v -0.4000000 0.0500000 0.0437500
v -0.4191350 0.0461950 0.0437500
v -0.4500000 0.0500000 0.0437500
v -0.4500000 -0.0000000 0.0437500
v -0.4461950 0.0191350 0.0437500
v -0.4500000 0.0500000 0.0437500
v -0.4461950 0.0191350 0.0437500
v -0.4353550 0.0353550 0.0437500
v -0.4500000 0.0500000 0.0437500
v -0.4353550 0.0353550 0.0437500
v -0.4191350 0.0461950 0.0437500
v -0.4500000 0.0500000 0.0437500
v -0.4191350 0.0461950 0.0437500
v -0.4000000 0.0500000 0.0437500
v -0.6186325 0.0814325 0.0437500
v -0.6240000 -0.0000000 0.0437500
v -0.4500000 -0.0000000 0.0437500
v -0.4500000 0.0500000 0.0437500
v -0.6027225 0.1614900 0.0437500
v -0.6186325 0.0814325 0.0437500
v -0.4500000 0.0500000 0.0437500
v -0.3265400 0.0652200 0.0437500
v -0.4500000 0.0500000 0.0437500
v -0.2500000 0.0500000 0.0437500
v -0.3265400 0.0652200 0.0437500
v -0.3914200 0.1085800 0.0437500
v -0.6027225 0.1614900 0.0437500
v -0.3265400 0.0652200 0.0437500
v -0.5765125 0.2388050 0.0437500
v -0.6027225 0.1614900 0.0437500
v -0.3914200 0.1085800 0.0437500
v -0.4347800 0.1734600 0.0437500
v -0.5403850 0.3120000 0.0437500
v -0.5765125 0.2388050 0.0437500
v -0.4347800 0.1734600 0.0437500
v -0.4500000 0.2500000 0.0437500
v -0.4950825 0.3798900 0.0437500
v -0.5403850 0.3120000 0.0437500
v -0.4500000 0.2500000 0.0437500
v -0.4347800 0.3265400 0.0437500
v -0.4412300 0.4412300 0.0437500
v -0.4950825 0.3798900 0.0437500
v -0.4347800 0.3265400 0.0437500
v -0.3914200 0.3914200 0.0437500
v -0.3798900 0.4950825 0.0437500
v -0.4412300 0.4412300 0.0437500
v -0.3914200 0.3914200 0.0437500
v -0.3265400 0.4347800 0.0437500
v -0.3120000 0.5403850 0.0437500
v -0.3798900 0.4950825 0.0437500
v -0.3265400 0.4347800 0.0437500
v -0.2500000 0.4500000 0.0437500
v -0.2388050 0.5765125 0.0437500
v -0.3120000 0.5403850 0.0437500
v -0.2500000 0.4500000 0.0437500
v -0.1734600 0.4347800 0.0437500
v -0.1614900 0.6027225 0.0437500
v -0.2388050 0.5765125 0.0437500
v -0.1734600 0.4347800 0.0437500
v -0.1085800 0.3914200 0.0437500
v -0.0814325 0.6186325 0.0437500
v -0.1614900 0.6027225 0.0437500
v -0.1085800 0.3914200 0.0437500
v -0.0652200 0.3265400 0.0437500
v 0.0000000 0.6240000 0.0437500
v -0.0814325 0.6186325 0.0437500
v -0.0652200 0.3265400 0.0437500
v -0.0546350 0.2733150 0.0437500
v 0.0000000 0.6240000 0.0437500
v -0.0546350 0.2733150 0.0437500
v 0.0000000 0.2733150 0.0437500
v -0.4500000 0.2500000 -0.1950000
v -0.4000000 0.2500000 -0.1950000
v -0.3885850 0.1925950 -0.1950000
v -0.4347800 0.1734600 -0.1950000
v -0.4347800 0.1734600 -0.1950000
v -0.3885850 0.1925950 -0.1950000
v -0.3560650 0.1439350 -0.1950000
v -0.3914200 0.1085800 -0.1950000
v -0.3914200 0.1085800 -0.1950000
v -0.3560650 0.1439350 -0.1950000
v -0.3074050 0.1114150 -0.1950000
v -0.3265400 0.0652200 -0.1950000
v -0.3265400 0.0652200 -0.1950000
v -0.3074050 0.1114150 -0.1950000
v -0.2500000 0.1000000 -0.1950000
v -0.2500000 0.0500000 -0.1950000
v -0.2500000 0.0500000 -0.1950000
v -0.2500000 0.1000000 -0.1950000
v -0.1925950 0.1114150 -0.1950000
v -0.1734600 0.0652200 -0.1950000
v -0.1734600 0.0652200 -0.1950000
v -0.1925950 0.1114150 -0.1950000
v -0.1439350 0.1439350 -0.1950000
v -0.1085800 0.1085800 -0.1950000
v -0.1085800 0.1085800 -0.1950000
v -0.1439350 0.1439350 -0.1950000
v -0.1114150 0.1925950 -0.1950000
v -0.0652200 0.1734600 -0.1950000
v -0.0652200 0.1734600 -0.1950000
v -0.1114150 0.1925950 -0.1950000
v -0.1000000 0.2500000 -0.1950000
v -0.0500000 0.2500000 -0.1950000
v -0.0500000 0.2500000 -0.1950000
v -0.1000000 0.2500000 -0.1950000
v -0.1114150 0.3074050 -0.1950000
v -0.0652200 0.3265400 -0.1950000
v -0.0652200 0.3265400 -0.1950000
v -0.1114150 0.3074050 -0.1950000
v -0.1439350 0.3560650 -0.1950000
v -0.1085800 0.3914200 -0.1950000
v -0.1085800 0.3914200 -0.1950000
v -0.1439350 0.3560650 -0.1950000
v -0.1925950 0.3885850 -0.1950000
v -0.1734600 0.4347800 -0.1950000
v -0.1734600 0.4347800 -0.1950000
v -0.1925950 0.3885850 -0.1950000
v -0.2500000 0.4000000 -0.1950000
v -0.2500000 0.4500000 -0.1950000
v -0.2500000 0.4500000 -0.1950000
v -0.2500000 0.4000000 -0.1950000
v -0.3074050 0.3885850 -0.1950000
v -0.3265400 0.4347800 -0.1950000
v -0.3265400 0.4347800 -0.1950000
v -0.3074050 0.3885850 -0.1950000
v -0.3560650 0.3560650 -0.1950000
v -0.3914200 0.3914200 -0.1950000
v -0.3914200 0.3914200 -0.1950000
v -0.3560650 0.3560650 -0.1950000
v -0.3885850 0.3074050 -0.1950000
v -0.4347800 0.3265400 -0.1950000
v -0.4347800 0.3265400 -0.1950000
v -0.3885850 0.3074050 -0.1950000
v -0.4000000 0.2500000 -0.1950000
v -0.4500000 0.2500000 -0.1950000
v -0.2500000 0.4000000 0.0000000
v -0.3074050 0.3885850 0.0000000
v -0.3074050 0.3885850 -0.1950000
v -0.2500000 0.4000000 -0.1950000
v -0.3074050 0.3885850 0.0000000
v -0.3560650 0.3560650 0.0000000
v -0.3560650 0.3560650 -0.1950000
v -0.3074050 0.3885850 -0.1950000
v -0.3560650 0.3560650 0.0000000
v -0.3885850 0.3074050 0.0000000
v -0.3885850 0.3074050 -0.1950000
v -0.3560650 0.3560650 -0.1950000
v -0.3885850 0.3074050 0.0000000
v -0.4000000 0.2500000 0.0000000
v -0.4000000 0.2500000 -0.1950000
v -0.3885850 0.3074050 -0.1950000
v -0.4000000 0.2500000 0.0000000
v -0.3885850 0.1925950 0.0000000
v -0.3885850 0.1925950 -0.1950000
v -0.4000000 0.2500000 -0.1950000
v -0.3885850 0.1925950 0.0000000
v -0.3560650 0.1439350 0.0000000
v -0.3560650 0.1439350 -0.1950000
v -0.3885850 0.1925950 -0.1950000
v -0.3560650 0.1439350 0.0000000
v -0.3074050 0.1114150 0.0000000
v -0.3074050 0.1114150 -0.1950000
v -0.3560650 0.1439350 -0.1950000
v -0.3074050 0.1114150 0.0000000
v -0.2500000 0.1000000 0.0000000
v -0.2500000 0.1000000 -0.1950000
v -0.3074050 0.1114150 -0.1950000
v -0.2500000 0.1000000 0.0000000
v -0.1925950 0.1114150 0.0000000
v -0.1925950 0.1114150 -0.1950000
v -0.2500000 0.1000000 -0.1950000
v -0.1925950 0.1114150 0.0000000
v -0.1439350 0.1439350 0.0000000
v -0.1439350 0.1439350 -0.1950000
v -0.1925950 0.1114150 -0.1950000
v -0.1439350 0.1439350 0.0000000
v -0.1114150 0.1925950 0.0000000
v -0.1114150 0.1925950 -0.1950000
v -0.1439350 0.1439350 -0.1950000
v -0.1114150 0.1925950 0.0000000
v -0.1000000 0.2500000 0.0000000
v -0.1000000 0.2500000 -0.1950000
v -0.1114150 0.1925950 -0.1950000
v -0.1000000 0.2500000 0.0000000
v -0.1114150 0.3074050 0.0000000
v -0.1114150 0.3074050 -0.1950000
v -0.1000000 0.2500000 -0.1950000
v -0.1114150 0.3074050 0.0000000
v -0.1439350 0.3560650 0.0000000
v -0.1439350 0.3560650 -0.1950000
v -0.1114150 0.3074050 -0.1950000
v -0.1439350 0.3560650 0.0000000
v -0.1925950 0.3885850 0.0000000
v -0.1925950 0.3885850 -0.1950000
v -0.1439350 0.3560650 -0.1950000
v -0.1925950 0.3885850 0.0000000
v -0.2500000 0.4000000 0.0000000
v -0.2500000 0.4000000 -0.1950000
v -0.1925950 0.3885850 -0.1950000
v -0.3265400 0.4347800 -0.1950000
v -0.3265400 0.4347800 -0.0437500
v -0.2500000 0.4500000 -0.0437500
v -0.2500000 0.4500000 -0.1950000
v -0.3914200 0.3914200 -0.1950000
v -0.3914200 0.3914200 -0.0437500
v -0.3265400 0.4347800 -0.0437500
v -0.3265400 0.4347800 -0.1950000
v -0.4347800 0.3265400 -0.1950000
v -0.4347800 0.3265400 -0.0437500
v -0.3914200 0.3914200 -0.0437500
v -0.3914200 0.3914200 -0.1950000
v -0.4500000 0.2500000 -0.1950000
v -0.4500000 0.2500000 -0.0437500
v -0.4347800 0.3265400 -0.0437500
v -0.4347800 0.3265400 -0.1950000
v -0.4347800 0.1734600 -0.1950000
v -0.4347800 0.1734600 -0.0437500
v -0.4500000 0.2500000 -0.0437500
v -0.4500000 0.2500000 -0.1950000
v -0.3914200 0.1085800 -0.1950000
v -0.3914200 0.1085800 -0.0437500
v -0.4347800 0.1734600 -0.0437500
v -0.4347800 0.1734600 -0.1950000
v -0.3265400 0.0652200 -0.1950000
v -0.3265400 0.0652200 -0.0437500
v -0.3914200 0.1085800 -0.0437500
v -0.3914200 0.1085800 -0.1950000
v -0.2500000 0.0500000 -0.1950000
v -0.2500000 0.0500000 -0.0437500
v -0.3265400 0.0652200 -0.0437500
v -0.3265400 0.0652200 -0.1950000
v -0.2500000 0.4500000 -0.1950000
v -0.2500000 0.4500000 -0.0437500
v -0.1734600 0.4347800 -0.0437500
v -0.1734600 0.4347800 -0.1950000
v -0.1734600 0.4347800 -0.1950000
v -0.1734600 0.4347800 -0.0437500
v -0.1085800 0.3914200 -0.0437500
v -0.1085800 0.3914200 -0.1950000
v -0.1085800 0.3914200 -0.1950000
v -0.1085800 0.3914200 -0.0437500
v -0.0652200 0.3265400 -0.0437500
v -0.0652200 0.3265400 -0.1950000
v -0.0652200 0.3265400 -0.1950000
v -0.0652200 0.3265400 -0.0437500
v -0.0546350 0.2733150 -0.0437500
v -0.0546350 0.2733150 -0.1950000
v -0.4000000 0.0500000 -0.0437500
v -0.2500000 0.0500000 -0.0437500
v -0.2500000 0.0500000 0.0000000
v -0.4000000 0.0500000 0.0000000
v -0.4500000 -0.0000000 -0.0437500
v -0.4461950 0.0191350 -0.0437500
v -0.4461950 0.0191350 0.0000000
v -0.4500000 -0.0000000 0.0000000
v -0.4461950 0.0191350 -0.0437500
v -0.4353550 0.0353550 -0.0437500
v -0.4353550 0.0353550 0.0000000
v -0.4461950 0.0191350 0.0000000
v -0.4353550 0.0353550 -0.0437500
v -0.4191350 0.0461950 -0.0437500
v -0.4191350 0.0461950 0.0000000
v -0.4353550 0.0353550 0.0000000
v -0.4191350 0.0461950 -0.0437500
v -0.4000000 0.0500000 -0.0437500
v -0.4000000 0.0500000 0.0000000
v -0.4191350 0.0461950 0.0000000
v -0.4461950 0.0191350 -0.0437500
v -0.4500000 -0.0000000 -0.0437500
v -0.4500000 0.0500000 -0.0437500
v -0.4353550 0.0353550 -0.0437500
v -0.4461950 0.0191350 -0.0437500
v -0.4500000 0.0500000 -0.0437500
v -0.4191350 0.0461950 -0.0437500
v -0.4353550 0.0353550 -0.0437500
v -0.4500000 0.0500000 -0.0437500
v -0.4000000 0.0500000 -0.0437500
v -0.4191350 0.0461950 -0.0437500
v -0.4500000 0.0500000 -0.0437500
v -0.4500000 0.0500000 -0.0437500
v -0.4500000 -0.0000000 -0.0437500
v -0.6240000 -0.0000000 -0.0437500
v -0.6186325 0.0814325 -0.0437500
v -0.3265400 0.0652200 -0.0437500
v -0.4500000 0.0500000 -0.0437500
v -0.6186325 0.0814325 -0.0437500
v -0.6027225 0.1614900 -0.0437500
v -0.3265400 0.0652200 -0.0437500
v -0.2500000 0.0500000 -0.0437500
v -0.4500000 0.0500000 -0.0437500
v -0.3265400 0.0652200 -0.0437500
v -0.6027225 0.1614900 -0.0437500
v -0.3914200 0.1085800 -0.0437500
v -0.4347800 0.1734600 -0.0437500
v -0.3914200 0.1085800 -0.0437500
v -0.6027225 0.1614900 -0.0437500
v -0.5765125 0.2388050 -0.0437500
v -0.4500000 0.2500000 -0.0437500
v -0.4347800 0.1734600 -0.0437500
v -0.5765125 0.2388050 -0.0437500
v -0.5403850 0.3120000 -0.0437500
v -0.4347800 0.3265400 -0.0437500
v -0.4500000 0.2500000 -0.0437500
v -0.5403850 0.3120000 -0.0437500
v -0.4950825 0.3798900 -0.0437500
v -0.3914200 0.3914200 -0.0437500
v -0.4347800 0.3265400 -0.0437500
v -0.4950825 0.3798900 -0.0437500
v -0.4412300 0.4412300 -0.0437500
v -0.3265400 0.4347800 -0.0437500
v -0.3914200 0.3914200 -0.0437500
v -0.4412300 0.4412300 -0.0437500
v -0.3798900 0.4950825 -0.0437500
v -0.2500000 0.4500000 -0.0437500
v -0.3265400 0.4347800 -0.0437500
v -0.3798900 0.4950825 -0.0437500
v -0.3120000 0.5403850 -0.0437500
v -0.1734600 0.4347800 -0.0437500
v -0.2500000 0.4500000 -0.0437500
v -0.3120000 0.5403850 -0.0437500
v -0.2388050 0.5765125 -0.0437500
v -0.1085800 0.3914200 -0.0437500
v -0.1734600 0.4347800 -0.0437500
v -0.2388050 0.5765125 -0.0437500
v -0.1614900 0.6027225 -0.0437500
v -0.0652200 0.3265400 -0.0437500
v -0.1085800 0.3914200 -0.0437500
v -0.1614900 0.6027225 -0.0437500
v -0.0814325 0.6186325 -0.0437500
v -0.0546350 0.2733150 -0.0437500
v -0.0652200 0.3265400 -0.0437500
v -0.0814325 0.6186325 -0.0437500
v 0.0000000 0.6240000 -0.0437500
v 0.0000000 0.2733150 -0.0437500
v -0.0546350 0.2733150 -0.0437500
v 0.0000000 0.6240000 -0.0437500
v 0.4500000 0.2500000 0.1950000
v 0.4000000 0.2500000 0.1950000
v 0.3885850 0.1925950 0.1950000
v 0.4347800 0.1734600 0.1950000
v 0.4347800 0.1734600 0.1950000
v 0.3885850 0.1925950 0.1950000
v 0.3560650 0.1439350 0.1950000
v 0.3914200 0.1085800 0.1950000
v 0.3914200 0.1085800 0.1950000
v 0.3560650 0.1439350 0.1950000
v 0.3074050 0.1114150 0.1950000
v 0.3265400 0.0652200 0.1950000
v 0.3265400 0.0652200 0.1950000
v 0.3074050 0.1114150 0.1950000
v 0.2500000 0.1000000 0.1950000
v 0.2500000 0.0500000 0.1950000
v 0.2500000 0.0500000 0.1950000
v 0.2500000 0.1000000 0.1950000
v 0.1925950 0.1114150 0.1950000
v 0.1734600 0.0652200 0.1950000
v 0.1734600 0.0652200 0.1950000
v 0.1925950 0.1114150 0.1950000
v 0.1439350 0.1439350 0.1950000
v 0.1085800 0.1085800 0.1950000
v 0.1085800 0.1085800 0.1950000
v 0.1439350 0.1439350 0.1950000
v 0.1114150 0.1925950 0.1950000
v 0.0652200 0.1734600 0.1950000
v 0.0652200 0.1734600 0.1950000
v 0.1114150 0.1925950 0.1950000
v 0.1000000 0.2500000 0.1950000
v 0.0500000 0.2500000 0.1950000
v 0.0500000 0.2500000 0.1950000
v 0.1000000 0.2500000 0.1950000
v 0.1114150 0.3074050 0.1950000
v 0.0652200 0.3265400 0.1950000
v 0.0652200 0.3265400 0.1950000
v 0.1114150 0.3074050 0.1950000
v 0.1439350 0.3560650 0.1950000
v 0.1085800 0.3914200 0.1950000
v 0.1085800 0.3914200 0.1950000
v 0.1439350 0.3560650 0.1950000
v 0.1925950 0.3885850 0.1950000
v 0.1734600 0.4347800 0.1950000
v 0.1734600 0.4347800 0.1950000
v 0.1925950 0.3885850 0.1950000
v 0.2500000 0.4000000 0.1950000
v 0.2500000 0.4500000 0.1950000
v 0.2500000 0.4500000 0.1950000
v 0.2500000 0.4000000 0.1950000
v 0.3074050 0.3885850 0.1950000
v 0.3265400 0.4347800 0.1950000
v 0.3265400 0.4347800 0.1950000
v 0.3074050 0.3885850 0.1950000
v 0.3560650 0.3560650 0.1950000
v 0.3914200 0.3914200 0.1950000
v 0.3914200 0.3914200 0.1950000
v 0.3560650 0.3560650 0.1950000
v 0.3885850 0.3074050 0.1950000
v 0.4347800 0.3265400 0.1950000
v 0.4347800 0.3265400 0.1950000
v 0.3885850 0.3074050 0.1950000
v 0.4000000 0.2500000 0.1950000
v 0.4500000 0.2500000 0.1950000
v 0.2500000 0.4000000 0.0000000
v 0.3074050 0.3885850 0.0000000
v 0.3074050 0.3885850 0.1950000
v 0.2500000 0.4000000 0.1950000
v 0.3074050 0.3885850 0.0000000
v 0.3560650 0.3560650 0.0000000
v 0.3560650 0.3560650 0.1950000
v 0.3074050 0.3885850 0.1950000
v 0.3560650 0.3560650 0.0000000
v 0.3885850 0.3074050 0.0000000
v 0.3885850 0.3074050 0.1950000
v 0.3560650 0.3560650 0.1950000
v 0.3885850 0.3074050 0.0000000
v 0.4000000 0.2500000 0.0000000
v 0.4000000 0.2500000 0.1950000
v 0.3885850 0.3074050 0.1950000
v 0.4000000 0.2500000 0.0000000
v 0.3885850 0.1925950 0.0000000
v 0.3885850 0.1925950 0.1950000
v 0.4000000 0.2500000 0.1950000
v 0.3885850 0.1925950 0.0000000
v 0.3560650 0.1439350 0.0000000
v 0.3560650 0.1439350 0.1950000
v 0.3885850 0.1925950 0.1950000
v 0.3560650 0.1439350 0.0000000
v 0.3074050 0.1114150 0.0000000
v 0.3074050 0.1114150 0.1950000
v 0.3560650 0.1439350 0.1950000
v 0.3074050 0.1114150 0.0000000
v 0.2500000 0.1000000 0.0000000
v 0.2500000 0.1000000 0.1950000
v 0.3074050 0.1114150 0.1950000
v 0.2500000 0.1000000 0.0000000
v 0.1925950 0.1114150 0.0000000
v 0.1925950 0.1114150 0.1950000
v 0.2500000 0.1000000 0.1950000
v 0.1925950 0.1114150 0.0000000
v 0.1439350 0.1439350 0.0000000
v 0.1439350 0.1439350 0.1950000
v 0.1925950 0.1114150 0.1950000
v 0.1439350 0.1439350 0.0000000
v 0.1114150 0.1925950 0.0000000
v 0.1114150 0.1925950 0.1950000
v 0.1439350 0.1439350 0.1950000
v 0.1114150 0.1925950 0.0000000
v 0.1000000 0.2500000 0.0000000
v 0.1000000 0.2500000 0.1950000
v 0.1114150 0.1925950 0.1950000
v 0.1000000 0.2500000 0.0000000
v 0.1114150 0.3074050 0.0000000
v 0.1114150 0.3074050 0.1950000
v 0.1000000 0.2500000 0.1950000
v 0.1114150 0.3074050 0.0000000
v 0.1439350 0.3560650 0.0000000
v 0.1439350 0.3560650 0.1950000
v 0.1114150 0.3074050 0.1950000
v 0.1439350 0.3560650 0.0000000
v 0.1925950 0.3885850 0.0000000
v 0.1925950 0.3885850 0.1950000
v 0.1439350 0.3560650 0.1950000
v 0.1925950 0.3885850 0.0000000
v 0.2500000 0.4000000 0.0000000
v 0.2500000 0.4000000 0.1950000
v 0.1925950 0.3885850 0.1950000
v 0.3265400 0.4347800 0.1950000
v 0.3265400 0.4347800 0.0437500
v 0.2500000 0.4500000 0.0437500
v 0.2500000 0.4500000 0.1950000
v 0.3914200 0.3914200 0.1950000
v 0.3914200 0.3914200 0.0437500
v 0.3265400 0.4347800 0.0437500
v 0.3265400 0.4347800 0.1950000
v 0.4347800 0.3265400 0.1950000
v 0.4347800 0.3265400 0.0437500
v 0.3914200 0.3914200 0.0437500
v 0.3914200 0.3914200 0.1950000
v 0.4500000 0.2500000 0.1950000
v 0.4500000 0.2500000 0.0437500
v 0.4347800 0.3265400 0.0437500
v 0.4347800 0.3265400 0.1950000
v 0.4347800 0.1734600 0.1950000
v 0.4347800 0.1734600 0.0437500
v 0.4500000 0.2500000 0.0437500
v 0.4500000 0.2500000 0.1950000
v 0.3914200 0.1085800 0.1950000
v 0.3914200 0.1085800 0.0437500
v 0.4347800 0.1734600 0.0437500
v 0.4347800 0.1734600 0.1950000
v 0.3265400 0.0652200 0.1950000
v 0.3265400 0.0652200 0.0437500
v 0.3914200 0.1085800 0.0437500
v 0.3914200 0.1085800 0.1950000
v 0.2500000 0.0500000 0.1950000
v 0.2500000 0.0500000 0.0437500
v 0.3265400 0.0652200 0.0437500
v 0.3265400 0.0652200 0.1950000
v 0.2500000 0.4500000 0.1950000
v 0.2500000 0.4500000 0.0437500
v 0.1734600 0.4347800 0.0437500
v 0.1734600 0.4347800 0.1950000
v 0.1734600 0.4347800 0.1950000
v 0.1734600 0.4347800 0.0437500
v 0.1085800 0.3914200 0.0437500
v 0.1085800 0.3914200 0.1950000
v 0.1085800 0.3914200 0.1950000
v 0.1085800 0.3914200 0.0437500
v 0.0652200 0.3265400 0.0437500
v 0.0652200 0.3265400 0.1950000
v 0.0652200 0.3265400 0.1950000
v 0.0652200 0.3265400 0.0437500
v 0.0546350 0.2733150 0.0437500
v 0.0546350 0.2733150 0.1950000
v 0.4000000 0.0500000 0.0437500
v 0.2500000 0.0500000 0.0437500
v 0.2500000 0.0500000 0.0000000
v 0.4000000 0.0500000 0.0000000
v 0.4500000 -0.0000000 0.0437500
v 0.4461950 0.0191350 0.0437500
v 0.4461950 0.0191350 0.0000000
v 0.4500000 -0.0000000 0.0000000
v 0.4461950 0.0191350 0.0437500
v 0.4353550 0.0353550 0.0437500
v 0.4353550 0.0353550 0.0000000
v 0.4461950 0.0191350 0.0000000
v 0.4353550 0.0353550 0.0437500
v 0.4191350 0.0461950 0.0437500
v 0.4191350 0.0461950 0.0000000
v 0.4353550 0.0353550 0.0000000
v 0.4191350 0.0461950 0.0437500
v 0.4000000 0.0500000 0.0437500
v 0.4000000 0.0500000 0.0000000
v 0.4191350 0.0461950 0.0000000
v 0.4461950 0.0191350 0.0437500
v 0.4500000 -0.0000000 0.0437500
v 0.4500000 0.0500000 0.0437500
v 0.4353550 0.0353550 0.0437500
v 0.4461950 0.0191350 0.0437500
v 0.4500000 0.0500000 0.0437500
v 0.4191350 0.0461950 0.0437500
v 0.4353550 0.0353550 0.0437500
v 0.4500000 0.0500000 0.0437500
v 0.4000000 0.0500000 0.0437500
v 0.4191350 0.0461950 0.0437500
v 0.4500000 0.0500000 0.0437500
v 0.4500000 0.0500000 0.0437500
v 0.4500000 -0.0000000 0.0437500
v 0.6240000 -0.0000000 0.0437500
v 0.6186325 0.0814325 0.0437500
v 0.3265400 0.0652200 0.0437500
v 0.4500000 0.0500000 0.0437500
v 0.6186325 0.0814325 0.0437500
v 0.6027225 0.1614900 0.0437500
v 0.3265400 0.0652200 0.0437500
v 0.2500000 0.0500000 0.0437500
v 0.4500000 0.0500000 0.0437500
v 0.3265400 0.0652200 0.0437500
v 0.6027225 0.1614900 0.0437500
v 0.3914200 0.1085800 0.0437500
v 0.4347800 0.1734600 0.0437500
v 0.3914200 0.1085800 0.0437500
v 0.6027225 0.1614900 0.0437500
v 0.5765125 0.2388050 0.0437500
v 0.4500000 0.2500000 0.0437500
v 0.4347800 0.1734600 0.0437500
v 0.5765125 0.2388050 0.0437500
v 0.5403850 0.3120000 0.0437500
v 0.4347800 0.3265400 0.0437500
v 0.4500000 0.2500000 0.0437500
v 0.5403850 0.3120000 0.0437500
v 0.4950825 0.3798900 0.0437500
v 0.3914200 0.3914200 0.0437500
v 0.4347800 0.3265400 0.0437500
v 0.4950825 0.3798900 0.0437500
v 0.4412300 0.4412300 0.0437500
v 0.3265400 0.4347800 0.0437500
v 0.3914200 0.3914200 0.0437500
v 0.4412300 0.4412300 0.0437500
v 0.3798900 0.4950825 0.0437500
v 0.2500000 0.4500000 0.0437500
v 0.3265400 0.4347800 0.0437500
v 0.3798900 0.4950825 0.0437500
v 0.3120000 0.5403850 0.0437500
v 0.1734600 0.4347800 0.0437500
v 0.2500000 0.4500000 0.0437500
v 0.3120000 0.5403850 0.0437500
v 0.2388050 0.5765125 0.0437500
v 0.1085800 0.3914200 0.0437500
v 0.1734600 0.4347800 0.0437500
v 0.2388050 0.5765125 0.0437500
v 0.1614900 0.6027225 0.0437500
v 0.0652200 0.3265400 0.0437500
v 0.1085800 0.3914200 0.0437500
v 0.1614900 0.6027225 0.0437500
v 0.0814325 0.6186325 0.0437500
v 0.0546350 0.2733150 0.0437500
v 0.0652200 0.3265400 0.0437500
v 0.0814325 0.6186325 0.0437500
v 0.0000000 0.6240000 0.0437500
v 0.0000000 0.2733150 0.0437500
v 0.0546350 0.2733150 0.0437500
v 0.0000000 0.6240000 0.0437500
v 0.4347800 0.1734600 -0.1950000
v 0.3885850 0.1925950 -0.1950000
v 0.4000000 0.2500000 -0.1950000
v 0.4500000 0.2500000 -0.1950000
v 0.3914200 0.1085800 -0.1950000
v 0.3560650 0.1439350 -0.1950000
v 0.3885850 0.1925950 -0.1950000
v 0.4347800 0.1734600 -0.1950000
v 0.3265400 0.0652200 -0.1950000
v 0.3074050 0.1114150 -0.1950000
v 0.3560650 0.1439350 -0.1950000
v 0.3914200 0.1085800 -0.1950000
v 0.2500000 0.0500000 -0.1950000
v 0.2500000 0.1000000 -0.1950000
v 0.3074050 0.1114150 -0.1950000
v 0.3265400 0.0652200 -0.1950000
v 0.1734600 0.0652200 -0.1950000
v 0.1925950 0.1114150 -0.1950000
v 0.2500000 0.1000000 -0.1950000
v 0.2500000 0.0500000 -0.1950000
v 0.1085800 0.1085800 -0.1950000
v 0.1439350 0.1439350 -0.1950000
v 0.1925950 0.1114150 -0.1950000
v 0.1734600 0.0652200 -0.1950000
v 0.0652200 0.1734600 -0.1950000
v 0.1114150 0.1925950 -0.1950000
v 0.1439350 0.1439350 -0.1950000
v 0.1085800 0.1085800 -0.1950000
v 0.0500000 0.2500000 -0.1950000
v 0.1000000 0.2500000 -0.1950000
v 0.1114150 0.1925950 -0.1950000
v 0.0652200 0.1734600 -0.1950000
v 0.0652200 0.3265400 -0.1950000
v 0.1114150 0.3074050 -0.1950000
v 0.1000000 0.2500000 -0.1950000
v 0.0500000 0.2500000 -0.1950000
v 0.1085800 0.3914200 -0.1950000
v 0.1439350 0.3560650 -0.1950000
v 0.1114150 0.3074050 -0.1950000
v 0.0652200 0.3265400 -0.1950000
v 0.1734600 0.4347800 -0.1950000
v 0.1925950 0.3885850 -0.1950000
v 0.1439350 0.3560650 -0.1950000
v 0.1085800 0.3914200 -0.1950000
v 0.2500000 0.4500000 -0.1950000
v 0.2500000 0.4000000 -0.1950000
v 0.1925950 0.3885850 -0.1950000
v 0.1734600 0.4347800 -0.1950000
v 0.3265400 0.4347800 -0.1950000
v 0.3074050 0.3885850 -0.1950000
v 0.2500000 0.4000000 -0.1950000
v 0.2500000 0.4500000 -0.1950000
v 0.3914200 0.3914200 -0.1950000
v 0.3560650 0.3560650 -0.1950000
v 0.3074050 0.3885850 -0.1950000
v 0.3265400 0.4347800 -0.1950000
v 0.4347800 0.3265400 -0.1950000
v 0.3885850 0.3074050 -0.1950000
v 0.3560650 0.3560650 -0.1950000
v 0.3914200 0.3914200 -0.1950000
v 0.4500000 0.2500000 -0.1950000
v 0.4000000 0.2500000 -0.1950000
v 0.3885850 0.3074050 -0.1950000
v 0.4347800 0.3265400 -0.1950000
v 0.2500000 0.4000000 -0.1950000
v 0.3074050 0.3885850 -0.1950000
v 0.3074050 0.3885850 0.0000000
v 0.2500000 0.4000000 0.0000000
v 0.3074050 0.3885850 -0.1950000
v 0.3560650 0.3560650 -0.1950000
v 0.3560650 0.3560650 0.0000000
v 0.3074050 0.3885850 0.0000000
v 0.3560650 0.3560650 -0.1950000
v 0.3885850 0.3074050 -0.1950000
v 0.3885850 0.3074050 0.0000000
v 0.3560650 0.3560650 0.0000000
v 0.3885850 0.3074050 -0.1950000
v 0.4000000 0.2500000 -0.1950000
v 0.4000000 0.2500000 0.0000000
v 0.3885850 0.3074050 0.0000000
v 0.4000000 0.2500000 -0.1950000
v 0.3885850 0.1925950 -0.1950000
v 0.3885850 0.1925950 0.0000000
v 0.4000000 0.2500000 0.0000000
v 0.3885850 0.1925950 -0.1950000
v 0.3560650 0.1439350 -0.1950000
v 0.3560650 0.1439350 0.0000000
v 0.3885850 0.1925950 0.0000000
v 0.3560650 0.1439350 -0.1950000
v 0.3074050 0.1114150 -0.1950000
v 0.3074050 0.1114150 0.0000000
v 0.3560650 0.1439350 0.0000000
v 0.3074050 0.1114150 -0.1950000
v 0.2500000 0.1000000 -0.1950000
v 0.2500000 0.1000000 0.0000000
v 0.3074050 0.1114150 0.0000000
v 0.2500000 0.1000000 -0.1950000
v 0.1925950 0.1114150 -0.1950000
v 0.1925950 0.1114150 0.0000000
v 0.2500000 0.1000000 0.0000000
v 0.1925950 0.1114150 -0.1950000
v 0.1439350 0.1439350 -0.1950000
v 0.1439350 0.1439350 0.0000000
v 0.1925950 0.1114150 0.0000000
v 0.1439350 0.1439350 -0.1950000
v 0.1114150 0.1925950 -0.1950000
v 0.1114150 0.1925950 0.0000000
v 0.1439350 0.1439350 0.0000000
v 0.1114150 0.1925950 -0.1950000
v 0.1000000 0.2500000 -0.1950000
v 0.1000000 0.2500000 0.0000000
v 0.1114150 0.1925950 0.0000000
v 0.1000000 0.2500000 -0.1950000
v 0.1114150 0.3074050 -0.1950000
v 0.1114150 0.3074050 0.0000000
v 0.1000000 0.2500000 0.0000000
v 0.1114150 0.3074050 -0.1950000
v 0.1439350 0.3560650 -0.1950000
v 0.1439350 0.3560650 0.0000000
v 0.1114150 0.3074050 0.0000000
v 0.1439350 0.3560650 -0.1950000
v 0.1925950 0.3885850 -0.1950000
v 0.1925950 0.3885850 0.0000000
v 0.1439350 0.3560650 0.0000000
v 0.1925950 0.3885850 -0.1950000
v 0.2500000 0.4000000 -0.1950000
v 0.2500000 0.4000000 0.0000000
v 0.1925950 0.3885850 0.0000000
v 0.2500000 0.4500000 -0.1950000
v 0.2500000 0.4500000 -0.0437500
v 0.3265400 0.4347800 -0.0437500
v 0.3265400 0.4347800 -0.1950000
v 0.3265400 0.4347800 -0.1950000
v 0.3265400 0.4347800 -0.0437500
v 0.3914200 0.3914200 -0.0437500
v 0.3914200 0.3914200 -0.1950000
v 0.3914200 0.3914200 -0.1950000
v 0.3914200 0.3914200 -0.0437500
v 0.4347800 0.3265400 -0.0437500
v 0.4347800 0.3265400 -0.1950000
v 0.4347800 0.3265400 -0.1950000
v 0.4347800 0.3265400 -0.0437500
v 0.4500000 0.2500000 -0.0437500
v 0.4500000 0.2500000 -0.1950000
v 0.4500000 0.2500000 -0.1950000
v 0.4500000 0.2500000 -0.0437500
v 0.4347800 0.1734600 -0.0437500
v 0.4347800 0.1734600 -0.1950000
v 0.4347800 0.1734600 -0.1950000
v 0.4347800 0.1734600 -0.0437500
v 0.3914200 0.1085800 -0.0437500
v 0.3914200 0.1085800 -0.1950000
v 0.3914200 0.1085800 -0.1950000
v 0.3914200 0.1085800 -0.0437500
v 0.3265400 0.0652200 -0.0437500
v 0.3265400 0.0652200 -0.1950000
v 0.3265400 0.0652200 -0.1950000
v 0.3265400 0.0652200 -0.0437500
v 0.2500000 0.0500000 -0.0437500
v 0.2500000 0.0500000 -0.1950000
v 0.1734600 0.4347800 -0.1950000
v 0.1734600 0.4347800 -0.0437500
v 0.2500000 0.4500000 -0.0437500
v 0.2500000 0.4500000 -0.1950000
v 0.1085800 0.3914200 -0.1950000
v 0.1085800 0.3914200 -0.0437500
v 0.1734600 0.4347800 -0.0437500
v 0.1734600 0.4347800 -0.1950000
v 0.0652200 0.3265400 -0.1950000
v 0.0652200 0.3265400 -0.0437500
v 0.1085800 0.3914200 -0.0437500
v 0.1085800 0.3914200 -0.1950000
v 0.0546350 0.2733150 -0.1950000
v 0.0546350 0.2733150 -0.0437500
v 0.0652200 0.3265400 -0.0437500
v 0.0652200 0.3265400 -0.1950000
v 0.4000000 0.0500000 0.0000000
v 0.2500000 0.0500000 0.0000000
v 0.2500000 0.0500000 -0.0437500
v 0.4000000 0.0500000 -0.0437500
v 0.4500000 -0.0000000 0.0000000
v 0.4461950 0.0191350 0.0000000
v 0.4461950 0.0191350 -0.0437500
v 0.4500000 -0.0000000 -0.0437500
v 0.4461950 0.0191350 0.0000000
v 0.4353550 0.0353550 0.0000000
v 0.4353550 0.0353550 -0.0437500
v 0.4461950 0.0191350 -0.0437500
v 0.4353550 0.0353550 0.0000000
v 0.4191350 0.0461950 0.0000000
v 0.4191350 0.0461950 -0.0437500
v 0.4353550 0.0353550 -0.0437500
v 0.4191350 0.0461950 0.0000000
v 0.4000000 0.0500000 0.0000000
v 0.4000000 0.0500000 -0.0437500
v 0.4191350 0.0461950 -0.0437500
v 0.4500000 0.0500000 -0.0437500
v 0.4500000 -0.0000000 -0.0437500
v 0.4461950 0.0191350 -0.0437500
v 0.4500000 0.0500000 -0.0437500
v 0.4461950 0.0191350 -0.0437500
v 0.4353550 0.0353550 -0.0437500
v 0.4500000 0.0500000 -0.0437500
v 0.4353550 0.0353550 -0.0437500
v 0.4191350 0.0461950 -0.0437500
v 0.4500000 0.0500000 -0.0437500
v 0.4191350 0.0461950 -0.0437500
v 0.4000000 0.0500000 -0.0437500
v 0.6186325 0.0814325 -0.0437500
v 0.6240000 -0.0000000 -0.0437500
v 0.4500000 -0.0000000 -0.0437500
v 0.4500000 0.0500000 -0.0437500
v 0.6027225 0.1614900 -0.0437500
v 0.6186325 0.0814325 -0.0437500
v 0.4500000 0.0500000 -0.0437500
v 0.3265400 0.0652200 -0.0437500
v 0.4500000 0.0500000 -0.0437500
v 0.2500000 0.0500000 -0.0437500
v 0.3265400 0.0652200 -0.0437500
v 0.3914200 0.1085800 -0.0437500
v 0.6027225 0.1614900 -0.0437500
v 0.3265400 0.0652200 -0.0437500
v 0.5765125 0.2388050 -0.0437500
v 0.6027225 0.1614900 -0.0437500
v 0.3914200 0.1085800 -0.0437500
v 0.4347800 0.1734600 -0.0437500
v 0.5403850 0.3120000 -0.0437500
v 0.5765125 0.2388050 -0.0437500
v 0.4347800 0.1734600 -0.0437500
v 0.4500000 0.2500000 -0.0437500
v 0.4950825 0.3798900 -0.0437500
v 0.5403850 0.3120000 -0.0437500
v 0.4500000 0.2500000 -0.0437500
v 0.4347800 0.3265400 -0.0437500
v 0.4412300 0.4412300 -0.0437500
v 0.4950825 0.3798900 -0.0437500
v 0.4347800 0.3265400 -0.0437500
v 0.3914200 0.3914200 -0.0437500
v 0.3798900 0.4950825 -0.0437500
v 0.4412300 0.4412300 -0.0437500
v 0.3914200 0.3914200 -0.0437500
v 0.3265400 0.4347800 -0.0437500
v 0.3120000 0.5403850 -0.0437500
v 0.3798900 0.4950825 -0.0437500
v 0.3265400 0.4347800 -0.0437500
v 0.2500000 0.4500000 -0.0437500
v 0.2388050 0.5765125 -0.0437500
v 0.3120000 0.5403850 -0.0437500
v 0.2500000 0.4500000 -0.0437500
v 0.1734600 0.4347800 -0.0437500
v 0.1614900 0.6027225 -0.0437500
v 0.2388050 0.5765125 -0.0437500
v 0.1734600 0.4347800 -0.0437500
v 0.1085800 0.3914200 -0.0437500
v 0.0814325 0.6186325 -0.0437500
v 0.1614900 0.6027225 -0.0437500
v 0.1085800 0.3914200 -0.0437500
v 0.0652200 0.3265400 -0.0437500
v 0.0000000 0.6240000 -0.0437500
v 0.0814325 0.6186325 -0.0437500
v 0.0652200 0.3265400 -0.0437500
v 0.0546350 0.2733150 -0.0437500
v 0.0000000 0.6240000 -0.0437500
v 0.0546350 0.2733150 -0.0437500
v 0.0000000 0.2733150 -0.0437500
s off
f 1 2 3
f 1 3 4
f 5 6 7
f 5 7 8
f 9 10 11
f 9 11 12
f 13 14 15
f 13 15 16
f 17 18 19
f 17 19 20
f 21 22 23
f 24 25 26
f 24 26 27
f 28 29 30
f 28 30 31
f 32 33 34
f 35 36 37
f 35 37 38
f 39 40 41
f 39 41 42
f 43 44 45
f 43 45 46
f 47 48 49
f 47 49 50
f 51 52 53
f 51 53 54
f 55 56 57
f 55 57 58
f 59 60 61
f 59 61 62
f 63 64 65
f 66 67 68
f 66 68 69
f 70 71 72
f 70 72 73
f 74 75 76
f 77 78 79
f 77 79 80
f 81 82 83
f 81 83 84
f 85 86 87
f 85 87 88
f 89 90 91
f 89 91 92
f 93 94 95
f 93 95 96
f 97 98 99
f 97 99 100
f 101 102 103
f 101 103 104
f 105 106 107
f 108 109 110
f 108 110 111
f 112 113 114
f 112 114 115
f 116 117 118
f 119 120 121
f 119 121 122
f 123 124 125
f 123 125 126
f 127 128 129
f 127 129 130
f 131 132 133
f 131 133 134
f 135 136 137
f 135 137 138
f 139 140 141
f 139 141 142
f 143 144 145
f 143 145 146
f 147 148 149
f 150 151 152
f 150 152 153
f 154 155 156
f 154 156 157
f 158 159 160
f 161 162 163
f 161 163 164
f 165 166 167
f 165 167 168
f 169 170 171
f 169 171 172
f 173 174 175
f 173 175 176
f 177 178 179
f 177 179 180
f 181 182 183
f 181 183 184
f 185 186 187
f 185 187 188
f 189 190 191
f 192 193 194
f 192 194 195
f 196 197 198
f 196 198 199
f 200 201 202
f 203 204 205
f 203 205 206
f 207 208 209
f 207 209 210
f 211 212 213
f 211 213 214
f 215 216 217
f 215 217 218
f 219 220 221
f 219 221 222
f 223 224 225
f 223 225 226
f 227 228 229
f 227 229 230
f 231 232 233
f 234 235 236
f 234 236 237
f 238 239 240
f 238 240 241
f 242 243 244
f 245 246 247
f 245 247 248
f 249 250 251
f 249 251 252
f 253 254 255
f 253 255 256
f 257 258 259
f 257 259 260
f 261 262 263
f 261 263 264
f 265 266 267
f 265 267 268
f 269 270 271
f 269 271 272
f 273 274 275
f 276 277 278
f 276 278 279
f 280 281 282
f 280 282 283
f 284 285 286
f 287 288 289
f 287 289 290
f 291 292 293
f 291 293 294
f 295 296 297
f 295 297 298
f 299 300 301
f 299 301 302
f 303 304 305
f 303 305 306
f 307 308 309
f 307 309 310
f 311 312 313
f 311 313 314
f 315 316 317
f 318 319 320
f 318 320 321
f 322 323 324
f 322 324 325
f 326 327 328
f 329 330 331
f 329 331 332
f 333 334 335
f 333 335 336
f 337 338 339
f 337 339 340
f 341 342 343
f 341 343 344
f 345 346 347
f 345 347 348
f 349 350 351
f 349 351 352
f 353 354 355
f 353 355 356
f 357 358 359
f 360 361 362
f 360 362 363
f 364 365 366
f 364 366 367
f 368 369 370
f 371 372 373
f 371 373 374
f 375 376 377
f 375 377 378
f 379 380 381
f 379 381 382
f 383 384 385
f 383 385 386
f 387 388 389
f 387 389 390
f 391 392 393
f 391 393 394
f 395 396 397
f 395 397 398
f 399 400 401
f 402 403 404
f 402 404 405
f 406 407 408
f 406 408 409
f 410 411 412
f 413 414 415
f 413 415 416
f 417 418 419
f 417 419 420
f 421 422 423
f 421 423 424
f 425 426 427
f 425 427 428
f 429 430 431
f 429 431 432
f 433 434 435
f 433 435 436
f 437 438 439
f 437 439 440
f 441 442 443
f 444 445 446
f 444 446 447
f 448 449 450
f 448 450 451
f 452 453 454
f 455 456 457
f 455 457 458
f 459 460 461
f 459 461 462
f 463 464 465
f 463 465 466
f 467 468 469
f 467 469 470
f 471 472 473
f 471 473 474
f 475 476 477
f 475 477 478
f 479 480 481
f 479 481 482
f 483 484 485
f 486 487 488
f 486 488 489
f 490 491 492
f 490 492 493
f 494 495 496
f 497 498 499
f 497 499 500
f 501 502 503
f 501 503 504
f 505 506 507
f 505 507 508
f 509 510 511
f 509 511 512
f 513 514 515
f 513 515 516
f 517 518 519
f 517 519 520
f 521 522 523
f 521 523 524
f 525 526 527
f 528 529 530
f 528 530 531
f 532 533 534
f 532 534 535
f 536 537 538
f 539 540 541
f 539 541 542
f 543 544 545
f 543 545 546
f 547 548 549
f 547 549 550
f 551 552 553
f 551 553 554
f 555 556 557
f 555 557 558
f 559 560 561
f 559 561 562
f 563 564 565
f 563 565 566
f 567 568 569
f 570 571 572
f 570 572 573
f 574 575 576
f 574 576 577
f 578 579 580
f 581 582 583
f 581 583 584
f 585 586 587
f 585 587 588
f 589 590 591
f 589 591 592
f 593 594 595
f 593 595 596
f 597 598 599
f 597 599 600
f 601 602 603
f 601 603 604
f 605 606 607
f 605 607 608
f 609 610 611
f 612 613 614
f 612 614 615
f 616 617 618
f 616 618 619
f 620 621 622
f 623 624 625
f 623 625 626
f 627 628 629
f 627 629 630
f 631 632 633
f 631 633 634
f 635 636 637
f 635 637 638
f 639 640 641
f 639 641 642
f 643 644 645
f 643 645 646
f 647 648 649
f 647 649 650
f 651 652 653
f 654 655 656
f 654 656 657
f 658 659 660
f 658 660 661
f 662 663 664
f 665 666 667
f 665 667 668
f 669 670 671
f 669 671 672
f 673 674 675
f 673 675 676
f 677 678 679
f 677 679 680
f 681 682 683
f 681 683 684
f 685 686 687
f 685 687 688
f 689 690 691
f 689 691 692
f 693 694 695
f 696 697 698
f 696 698 699
f 700 701 702
f 700 702 703
f 704 705 706
f 707 708 709
f 707 709 710
f 711 712 713
f 711 713 714
f 715 716 717
f 715 717 718
f 719 720 721
f 719 721 722
f 723 724 725
f 723 725 726
f 727 728 729
f 727 729 730
f 731 732 733
f 731 733 734
f 735 736 737
f 738 739 740
f 738 740 741
f 742 743 744
f 742 744 745
f 746 747 748
f 749 750 751
f 749 751 752
f 753 754 755
f 753 755 756
f 757 758 759
f 757 759 760
f 761 762 763
f 761 763 764
f 765 766 767
f 765 767 768
f 769 770 771
f 769 771 772
f 773 774 775
f 773 775 776
f 777 778 779
f 780 781 782
f 780 782 783
f 784 785 786
f 784 786 787
f 788 789 790
f 791 792 793
f 791 793 794
f 795 796 797
f 795 797 798
f 799 800 801
f 799 801 802
f 803 804 805
f 803 805 806
f 807 808 809
f 807 809 810
f 811 812 813
f 811 813 814
f 815 816 817
f 815 817 818
f 819 820 821
f 822 823 824
f 822 824 825
f 826 827 828
f 826 828 829
f 830 831 832
f 833 834 835
f 833 835 836
f 837 838 839
f 837 839 840
f 841 842 843
f 841 843 844
f 845 846 847
f 845 847 848
f 849 850 851
f 849 851 852
f 853 854 855
f 853 855 856
f 857 858 859
f 857 859 860
f 861 862 863
f 864 865 866
f 864 866 867
f 868 869 870
f 868 870 871
f 872 873 874
f 875 876 877
f 875 877 878
f 879 880 881
f 879 881 882
f 883 884 885
f 883 885 886
f 887 888 889
f 887 889 890
f 891 892 893
f 891 893 894
f 895 896 897
f 895 897 898
f 899 900 901
f 899 901 902
f 903 904 905
f 906 907 908
f 906 908 909
f 910 911 912
f 910 912 913
f 914 915 916
f 917 918 919
f 917 919 920
f 921 922 923
f 921 923 924
f 925 926 927
f 925 927 928
f 929 930 931
f 929 931 932
f 933 934 935
f 933 935 936
f 937 938 939
f 937 939 940
f 941 942 943
f 941 943 944
f 945 946 947
f 948 949 950
f 948 950 951
f 952 953 954
f 952 954 955
f 956 957 958
f 959 960 961
f 959 961 962
f 963 964 965
f 963 965 966
f 967 968 969
f 967 969 970
f 971 972 973
f 971 973 974
f 975 976 977
f 975 977 978
f 979 980 981
f 979 981 982
f 983 984 985
f 983 985 986
f 987 988 989
f 990 991 992
f 990 992 993
f 994 995 996
f 994 996 997
f 998 999 1000
f 1001 1002 1003
f 1001 1003 1004
f 1005 1006 1007
f 1005 1007 1008
f 1009 1010 1011
f 1009 1011 1012
f 1013 1014 1015
f 1013 1015 1016
f 1017 1018 1019
f 1017 1019 1020
f 1021 1022 1023
f 1021 1023 1024
f 1025 1026 1027
f 1025 1027 1028
f 1029 1030 1031
f 1029 1031 1032
f 1033 1034 1035
f 1033 1035 1036
f 1037 1038 1039
f 1037 1039 1040
f 1041 1042 1043
f 1041 1043 1044
f 1045 1046 1047
f 1045 1047 1048
f 1049 1050 1051
f 1049 1051 1052
f 1053 1054 1055
f 1053 1055 1056
f 1057 1058 1059
f 1057 1059 1060
f 1061 1062 1063
f 1061 1063 1064
f 1065 1066 1067
f 1065 1067 1068
f 1069 1070 1071
f 1069 1071 1072
f 1073 1074 1075
f 1073 1075 1076
f 1077 1078 1079
f 1077 1079 1080
f 1081 1082 1083
f 1081 1083 1084
f 1085 1086 1087
f 1085 1087 1088
f 1089 1090 1091
f 1089 1091 1092
f 1093 1094 1095
f 1093 1095 1096
f 1097 1098 1099
f 1097 1099 1100
f 1101 1102 1103
f 1101 1103 1104
f 1105 1106 1107
f 1105 1107 1108
f 1109 1110 1111
f 1109 1111 1112
f 1113 1114 1115
f 1113 1115 1116
f 1117 1118 1119
f 1117 1119 1120
f 1121 1122 1123
f 1121 1123 1124
f 1125 1126 1127
f 1125 1127 1128
f 1129 1130 1131
f 1129 1131 1132
f 1133 1134 1135
f 1133 1135 1136
f 1137 1138 1139
f 1137 1139 1140
f 1141 1142 1143
f 1141 1143 1144
f 1145 1146 1147
f 1145 1147 1148
f 1149 1150 1151
f 1149 1151 1152
f 1153 1154 1155
f 1153 1155 1156
f 1157 1158 1159
f 1157 1159 1160
f 1161 1162 1163
f 1161 1163 1164
f 1165 1166 1167
f 1165 1167 1168
f 1169 1170 1171
f 1169 1171 1172
f 1173 1174 1175
f 1173 1175 1176
f 1177 1178 1179
f 1177 1179 1180
f 1181 1182 1183
f 1181 1183 1184
f 1185 1186 1187
f 1185 1187 1188
f 1189 1190 1191
f 1189 1191 1192
f 1193 1194 1195
f 1193 1195 1196
f 1197 1198 1199
f 1197 1199 1200
f 1201 1202 1203
f 1201 1203 1204
f 1205 1206 1207
f 1205 1207 1208
f 1209 1210 1211
f 1209 1211 1212
f 1213 1214 1215
f 1213 1215 1216
f 1217 1218 1219
f 1217 1219 1220
f 1221 1222 1223
f 1221 1223 1224
f 1225 1226 1227
f 1225 1227 1228
f 1229 1230 1231
f 1229 1231 1232
f 1233 1234 1235
f 1233 1235 1236
f 1237 1238 1239
f 1237 1239 1240
f 1241 1242 1243
f 1241 1243 1244
f 1245 1246 1247
f 1245 1247 1248
f 1249 1250 1251
f 1249 1251 1252
f 1253 1254 1255
f 1253 1255 1256
f 1257 1258 1259
f 1257 1259 1260
f 1261 1262 1263
f 1261 1263 1264
f 1265 1266 1267
f 1265 1267 1268
f 1269 1270 1271
f 1269 1271 1272
f 1273 1274 1275
f 1273 1275 1276
f 1277 1278 1279
f 1277 1279 1280
f 1281 1282 1283
f 1281 1283 1284
f 1285 1286 1287
f 1285 1287 1288
f 1289 1290 1291
f 1289 1291 1292
f 1293 1294 1295
f 1293 1295 1296
f 1297 1298 1299
f 1297 1299 1300
f 1301 1302 1303
f 1301 1303 1304
f 1305 1306 1307
f 1305 1307 1308
f 1309 1310 1311
f 1309 1311 1312
f 1313 1314 1315
f 1313 1315 1316
f 1317 1318 1319
f 1317 1319 1320
f 1321 1322 1323
f 1321 1323 1324
f 1325 1326 1327
f 1325 1327 1328
f 1329 1330 1331
f 1329 1331 1332
f 1333 1334 1335
f 1333 1335 1336
f 1337 1338 1339
f 1337 1339 1340
f 1341 1342 1343
f 1341 1343 1344
f 1345 1346 1347
f 1345 1347 1348
f 1349 1350 1351
f 1349 1351 1352
f 1353 1354 1355
f 1353 1355 1356
f 1357 1358 1359
f 1357 1359 1360
f 1361 1362 1363
f 1361 1363 1364
f 1365 1366 1367
f 1365 1367 1368
f 1369 1370 1371
f 1369 1371 1372
f 1373 1374 1375
f 1373 1375 1376
f 1377 1378 1379
f 1377 1379 1380
f 1381 1382 1383
f 1381 1383 1384
f 1385 1386 1387
f 1385 1387 1388
f 1389 1390 1391
f 1389 1391 1392
f 1393 1394 1395
f 1393 1395 1396
f 1397 1398 1399
f 1397 1399 1400
f 1401 1402 1403
f 1401 1403 1404
f 1405 1406 1407
f 1405 1407 1408
f 1409 1410 1411
f 1409 1411 1412
f 1413 1414 1415
f 1413 1415 1416
f 1417 1418 1419
f 1417 1419 1420
f 1421 1422 1423
f 1421 1423 1424
f 1425 1426 1427
f 1425 1427 1428
f 1429 1430 1431
f 1429 1431 1432
f 1433 1434 1435
f 1433 1435 1436
f 1437 1438 1439
f 1437 1439 1440
f 1441 1442 1443
f 1441 1443 1444
f 1445 1446 1447
f 1445 1447 1448
f 1449 1450 1451
f 1449 1451 1452
f 1453 1454 1455
f 1453 1455 1456
f 1457 1458 1459
f 1457 1459 1460
f 1461 1462 1463
f 1461 1463 1464
f 1465 1466 1467
f 1465 1467 1468
f 1469 1470 1471
f 1469 1471 1472
f 1473 1474 1475
f 1473 1475 1476
f 1477 1478 1479
f 1477 1479 1480
f 1481 1482 1483
f 1481 1483 1484
f 1485 1486 1487
f 1485 1487 1488
f 1489 1490 1491
f 1489 1491 1492
f 1493 1494 1495
f 1493 1495 1496
f 1497 1498 1499
f 1497 1499 1500
f 1501 1502 1503
f 1501 1503 1504
f 1505 1506 1507
f 1505 1507 1508
f 1509 1510 1511
f 1509 1511 1512
f 1513 1514 1515
f 1513 1515 1516
f 1517 1518 1519
f 1517 1519 1520
f 1521 1522 1523
f 1521 1523 1524
f 1525 1526 1527
f 1525 1527 1528
f 1529 1530 1531
f 1529 1531 1532
f 1533 1534 1535
f 1533 1535 1536
f 1537 1538 1539
f 1537 1539 1540
f 1541 1542 1543
f 1541 1543 1544
f 1545 1546 1547
f 1545 1547 1548
f 1549 1550 1551
f 1549 1551 1552
f 1553 1554 1555
f 1553 1555 1556
f 1557 1558 1559
f 1557 1559 1560
f 1561 1562 1563
f 1561 1563 1564
f 1565 1566 1567
f 1565 1567 1568
f 1569 1570 1571
f 1569 1571 1572
f 1573 1574 1575
f 1573 1575 1576
f 1577 1578 1579
f 1577 1579 1580
f 1581 1582 1583
f 1581 1583 1584
f 1585 1586 1587
f 1585 1587 1588
f 1589 1590 1591
f 1589 1591 1592
f 1593 1594 1595
f 1593 1595 1596
f 1597 1598 1599
f 1597 1599 1600
f 1601 1602 1603
f 1601 1603 1604
f 1605 1606 1607
f 1605 1607 1608
f 1609 1610 1611
f 1609 1611 1612
f 1613 1614 1615
f 1613 1615 1616
f 1617 1618 1619
f 1617 1619 1620
f 1621 1622 1623
f 1621 1623 1624
f 1625 1626 1627
f 1625 1627 1628
f 1629 1630 1631
f 1629 1631 1632
f 1633 1634 1635
f 1633 1635 1636
f 1637 1638 1639
f 1637 1639 1640
f 1641 1642 1643
f 1641 1643 1644
f 1645 1646 1647
f 1645 1647 1648
f 1649 1650 1651
f 1649 1651 1652
f 1653 1654 1655
f 1653 1655 1656
f 1657 1658 1659
f 1657 1659 1660
f 1661 1662 1663
f 1661 1663 1664
f 1665 1666 1667
f 1665 1667 1668
f 1669 1670 1671
f 1669 1671 1672
f 1673 1674 1675
f 1673 1675 1676
f 1677 1678 1679
f 1677 1679 1680
f 1681 1682 1683
f 1681 1683 1684
f 1685 1686 1687
f 1685 1687 1688
f 1689 1690 1691
f 1689 1691 1692
f 1693 1694 1695
f 1693 1695 1696
f 1697 1698 1699
f 1697 1699 1700
f 1701 1702 1703
f 1701 1703 1704
f 1705 1706 1707
f 1705 1707 1708
f 1709 1710 1711
f 1709 1711 1712
f 1713 1714 1715
f 1713 1715 1716
f 1717 1718 1719
f 1717 1719 1720
f 1721 1722 1723
f 1721 1723 1724
f 1725 1726 1727
f 1725 1727 1728
f 1729 1730 1731
f 1729 1731 1732
f 1733 1734 1735
f 1733 1735 1736
f 1737 1738 1739
f 1737 1739 1740
f 1741 1742 1743
f 1741 1743 1744
f 1745 1746 1747
f 1745 1747 1748
f 1749 1750 1751
f 1749 1751 1752
f 1753 1754 1755
f 1753 1755 1756
f 1757 1758 1759
f 1757 1759 1760
f 1761 1762 1763
f 1761 1763 1764
f 1765 1766 1767
f 1765 1767 1768
f 1769 1770 1771
f 1769 1771 1772
f 1773 1774 1775
f 1773 1775 1776
f 1777 1778 1779
f 1777 1779 1780
f 1781 1782 1783
f 1781 1783 1784
f 1785 1786 1787
f 1785 1787 1788
f 1789 1790 1791
f 1789 1791 1792
f 1793 1794 1795
f 1793 1795 1796
f 1797 1798 1799
f 1797 1799 1800
f 1801 1802 1803
f 1801 1803 1804
f 1805 1806 1807
f 1805 1807 1808
f 1809 1810 1811
f 1809 1811 1812
f 1813 1814 1815
f 1813 1815 1816
f 1817 1818 1819
f 1817 1819 1820
f 1821 1822 1823
f 1821 1823 1824
f 1825 1826 1827
f 1825 1827 1828
f 1829 1830 1831
f 1829 1831 1832
f 1833 1834 1835
f 1833 1835 1836
f 1837 1838 1839
f 1837 1839 1840
f 1841 1842 1843
f 1841 1843 1844
f 1845 1846 1847
f 1845 1847 1848
f 1849 1850 1851
f 1849 1851 1852
f 1853 1854 1855
f 1853 1855 1856
f 1857 1858 1859
f 1857 1859 1860
f 1861 1862 1863
f 1861 1863 1864
f 1865 1866 1867
f 1865 1867 1868
f 1869 1870 1871
f 1869 1871 1872
f 1873 1874 1875
f 1873 1875 1876
f 1877 1878 1879
f 1877 1879 1880
f 1881 1882 1883
f 1881 1883 1884
f 1885 1886 1887
f 1885 1887 1888
f 1889 1890 1891
f 1889 1891 1892
f 1893 1894 1895
f 1893 1895 1896
f 1897 1898 1899
f 1897 1899 1900
f 1901 1902 1903
f 1901 1903 1904
f 1905 1906 1907
f 1905 1907 1908
f 1909 1910 1911
f 1909 1911 1912
f 1913 1914 1915
f 1913 1915 1916
f 1917 1918 1919
f 1917 1919 1920
f 1921 1922 1923
f 1921 1923 1924
f 1925 1926 1927
f 1925 1927 1928
f 1929 1930 1931
f 1929 1931 1932
f 1933 1934 1935
f 1933 1935 1936
f 1937 1938 1939
f 1937 1939 1940
f 1941 1942 1943
f 1941 1943 1944
f 1945 1946 1947
f 1945 1947 1948
f 1949 1950 1951
f 1949 1951 1952
f 1953 1954 1955
f 1953 1955 1956
f 1957 1958 1959
f 1957 1959 1960
f 1961 1962 1963
f 1961 1963 1964
f 1965 1966 1967
f 1965 1967 1968
f 1969 1970 1971
f 1969 1971 1972
f 1973 1974 1975
f 1973 1975 1976
f 1977 1978 1979
f 1977 1979 1980
f 1981 1982 1983
f 1981 1983 1984
f 1985 1986 1987
f 1985 1987 1988
f 1989 1990 1991
f 1989 1991 1992
f 1993 1994 1995
f 1996 1997 1998
f 1999 2000 2001
f 2002 2003 2004
f 2002 2004 2005
f 2006 2007 2008
f 2006 2008 2009
f 2010 2011 2012
f 2010 2012 2013
f 2014 2015 2016
f 2014 2016 2017
f 2018 2019 2020
f 2018 2020 2021
f 2022 2023 2024
f 2025 2026 2027
f 2028 2029 2030
f 2031 2032 2033
f 2034 2035 2036
f 2034 2036 2037
f 2038 2039 2040
f 2038 2040 2041
f 2042 2043 2044
f 2042 2044 2045
f 2046 2047 2048
f 2046 2048 2049
f 2050 2051 2052
f 2050 2052 2053
f 2054 2055 2056
f 2054 2056 2057
f 2058 2059 2060
f 2058 2060 2061
f 2062 2063 2064
f 2062 2064 2065
f 2066 2067 2068
f 2066 2068 2069
f 2070 2071 2072
f 2070 2072 2073
f 2074 2075 2076
f 2074 2076 2077
f 2078 2079 2080
f 2078 2080 2081
f 2082 2083 2084
f 2082 2084 2085
f 2086 2087 2088
f 2089 2090 2091
f 2089 2091 2092
f 2093 2094 2095
f 2096 2097 2098
f 2099 2100 2101
f 2099 2101 2102
f 2103 2104 2105
f 2106 2107 2108
f 2109 2110 2111
f 2109 2111 2112
f 2113 2114 2115
f 2116 2117 2118
f 2119 2120 2121
f 2122 2123 2124
f 2125 2126 2127
f 2125 2127 2128
f 2129 2130 2131
f 2129 2131 2132
f 2133 2134 2135
f 2133 2135 2136
f 2137 2138 2139
f 2137 2139 2140
f 2141 2142 2143
f 2141 2143 2144
f 2145 2146 2147
f 2145 2147 2148
f 2149 2150 2151
f 2149 2151 2152
f 2153 2154 2155
f 2156 2157 2158
f 2159 2160 2161
f 2162 2163 2164
f 2162 2164 2165
f 2166 2167 2168
f 2166 2168 2169
f 2170 2171 2172
f 2170 2172 2173
f 2174 2175 2176
f 2174 2176 2177
f 2178 2179 2180
f 2178 2180 2181
f 2182 2183 2184
f 2185 2186 2187
f 2188 2189 2190
f 2191 2192 2193
f 2194 2195 2196
f 2194 2196 2197
f 2198 2199 2200
f 2198 2200 2201
f 2202 2203 2204
f 2202 2204 2205
f 2206 2207 2208
f 2206 2208 2209
f 2210 2211 2212
f 2210 2212 2213
f 2214 2215 2216
f 2214 2216 2217
f 2218 2219 2220
f 2218 2220 2221
f 2222 2223 2224
f 2222 2224 2225
f 2226 2227 2228
f 2226 2228 2229
f 2230 2231 2232
f 2230 2232 2233
f 2234 2235 2236
f 2234 2236 2237
f 2238 2239 2240
f 2238 2240 2241
f 2242 2243 2244
f 2242 2244 2245
f 2246 2247 2248
f 2249 2250 2251
f 2249 2251 2252
f 2253 2254 2255
f 2256 2257 2258
f 2259 2260 2261
f 2259 2261 2262
f 2263 2264 2265
f 2266 2267 2268
f 2269 2270 2271
f 2269 2271 2272
f 2273 2274 2275
f 2276 2277 2278
f 2279 2280 2281
f 2282 2283 2284
f 2285 2286 2287
f 2285 2287 2288
f 2289 2290 2291
f 2289 2291 2292
f 2293 2294 2295
f 2293 2295 2296
f 2297 2298 2299
f 2297 2299 2300
f 2301 2302 2303
f 2301 2303 2304
f 2305 2306 2307
f 2305 2307 2308
f 2309 2310 2311
f 2309 2311 2312
f 2313 2314 2315
f 2316 2317 2318
f 2319 2320 2321
f 2322 2323 2324
f 2322 2324 2325
f 2326 2327 2328
f 2326 2328 2329
f 2330 2331 2332
f 2330 2332 2333
f 2334 2335 2336
f 2334 2336 2337
f 2338 2339 2340
f 2338 2340 2341
f 2342 2343 2344
f 2345 2346 2347
f 2348 2349 2350
f 2351 2352 2353
f 2354 2355 2356
f 2354 2356 2357
f 2358 2359 2360
f 2358 2360 2361
f 2362 2363 2364
f 2362 2364 2365
f 2366 2367 2368
f 2366 2368 2369
f 2370 2371 2372
f 2370 2372 2373
f 2374 2375 2376
f 2374 2376 2377
f 2378 2379 2380
f 2378 2380 2381
f 2382 2383 2384
f 2382 2384 2385
f 2386 2387 2388
f 2386 2388 2389
f 2390 2391 2392
f 2390 2392 2393
f 2394 2395 2396
f 2394 2396 2397
f 2398 2399 2400
f 2398 2400 2401
f 2402 2403 2404
f 2402 2404 2405
f 2406 2407 2408
f 2409 2410 2411
f 2409 2411 2412
f 2413 2414 2415
f 2416 2417 2418
f 2419 2420 2421
f 2419 2421 2422
f 2423 2424 2425
f 2426 2427 2428
f 2429 2430 2431
f 2429 2431 2432
f 2433 2434 2435
f 2436 2437 2438
f 2439 2440 2441
f 2442 2443 2444
f 2445 2446 2447
f 2445 2447 2448
f 2449 2450 2451
f 2449 2451 2452
f 2453 2454 2455
f 2453 2455 2456
f 2457 2458 2459
f 2457 2459 2460
f 2461 2462 2463
f 2461 2463 2464
f 2465 2466 2467
f 2465 2467 2468
f 2469 2470 2471
f 2469 2471 2472
f 2473 2474 2475
f 2476 2477 2478
f 2479 2480 2481
f 2482 2483 2484
f 2482 2484 2485
f 2486 2487 2488
f 2486 2488 2489
f 2490 2491 2492
f 2490 2492 2493
f 2494 2495 2496
f 2494 2496 2497
f 2498 2499 2500
f 2498 2500 2501
f 2502 2503 2504
f 2505 2506 2507
f 2508 2509 2510
f 2511 2512 2513
f 2514 2515 2516
f 2514 2516 2517
f 2518 2519 2520
f 2518 2520 2521
f 2522 2523 2524
f 2522 2524 2525
f 2526 2527 2528
f 2526 2528 2529
f 2530 2531 2532
f 2530 2532 2533
f 2534 2535 2536
f 2534 2536 2537
f 2538 2539 2540
f 2538 2540 2541
f 2542 2543 2544
f 2542 2544 2545
f 2546 2547 2548
f 2546 2548 2549
f 2550 2551 2552
f 2550 2552 2553
f 2554 2555 2556
f 2554 2556 2557
f 2558 2559 2560
f 2558 2560 2561
f 2562 2563 2564
f 2562 2564 2565
f 2566 2567 2568
f 2569 2570 2571
f 2569 2571 2572
f 2573 2574 2575
f 2576 2577 2578
f 2579 2580 2581
f 2579 2581 2582
f 2583 2584 2585
f 2586 2587 2588
f 2589 2590 2591
f 2589 2591 2592
f 2593 2594 2595
f 2596 2597 2598
f 2599 2600 2601
f 2602 2603 2604
f 2605 2606 2607
f 2605 2607 2608
f 2609 2610 2611
f 2609 2611 2612
f 2613 2614 2615
f 2613 2615 2616
f 2617 2618 2619
f 2617 2619 2620
f 2621 2622 2623
f 2621 2623 2624
f 2625 2626 2627
f 2625 2627 2628
f 2629 2630 2631
f 2629 2631 2632
f 2633 2634 2635
f 2636 2637 2638
f 2639 2640 2641
f 2642 2643 2644
f 2642 2644 2645
f 2646 2647 2648
f 2646 2648 2649
f 2650 2651 2652
f 2650 2652 2653
f 2654 2655 2656
f 2654 2656 2657
f 2658 2659 2660
f 2658 2660 2661
f 2662 2663 2664
f 2665 2666 2667
f 2668 2669 2670
f 2671 2672 2673
f 2674 2675 2676
f 2674 2676 2677
f 2678 2679 2680
f 2678 2680 2681
f 2682 2683 2684
f 2682 2684 2685
f 2686 2687 2688
f 2686 2688 2689
f 2690 2691 2692
f 2690 2692 2693
f 2694 2695 2696
f 2694 2696 2697
f 2698 2699 2700
f 2698 2700 2701
f 2702 2703 2704
f 2702 2704 2705
f 2706 2707 2708
f 2706 2708 2709
f 2710 2711 2712
f 2710 2712 2713
f 2714 2715 2716
f 2714 2716 2717
f 2718 2719 2720
f 2718 2720 2721
f 2722 2723 2724
f 2722 2724 2725
f 2726 2727 2728
f 2729 2730 2731
f 2729 2731 2732
f 2733 2734 2735
f 2736 2737 2738
f 2739 2740 2741
f 2739 2741 2742
f 2743 2744 2745
f 2746 2747 2748
f 2749 2750 2751
f 2749 2751 2752
f 2753 2754 2755
f 2756 2757 2758
f 2759 2760 2761
f 2762 2763 2764
f 2765 2766 2767
f 2765 2767 2768
f 2769 2770 2771
f 2769 2771 2772
f 2773 2774 2775
f 2773 2775 2776
f 2777 2778 2779
f 2777 2779 2780
f 2781 2782 2783
f 2781 2783 2784
f 2785 2786 2787
f 2785 2787 2788
f 2789 2790 2791
f 2789 2791 2792
f 2793 2794 2795
f 2796 2797 2798
f 2799 2800 2801
f 2802 2803 2804
f 2802 2804 2805
f 2806 2807 2808
f 2806 2808 2809
f 2810 2811 2812
f 2810 2812 2813
f 2814 2815 2816
f 2814 2816 2817
f 2818 2819 2820
f 2818 2820 2821
f 2822 2823 2824
f 2825 2826 2827
f 2828 2829 2830
f 2831 2832 2833
f 2834 2835 2836
f 2834 2836 2837
f 2838 2839 2840
f 2838 2840 2841
f 2842 2843 2844
f 2842 2844 2845
f 2846 2847 2848
f 2846 2848 2849
f 2850 2851 2852
f 2850 2852 2853
f 2854 2855 2856
f 2854 2856 2857
f 2858 2859 2860
f 2858 2860 2861
f 2862 2863 2864
f 2862 2864 2865
f 2866 2867 2868
f 2866 2868 2869
f 2870 2871 2872
f 2870 2872 2873
f 2874 2875 2876
f 2874 2876 2877
f 2878 2879 2880
f 2878 2880 2881
f 2882 2883 2884
f 2882 2884 2885
f 2886 2887 2888
f 2889 2890 2891
f 2889 2891 2892
f 2893 2894 2895
f 2896 2897 2898
f 2899 2900 2901
f 2899 2901 2902
f 2903 2904 2905
f 2906 2907 2908
f 2909 2910 2911
f 2909 2911 2912
f 2913 2914 2915
f 2916 2917 2918
f 2919 2920 2921
f 2922 2923 2924
f 2925 2926 2927
f 2925 2927 2928
f 2929 2930 2931
f 2929 2931 2932
f 2933 2934 2935
f 2933 2935 2936
f 2937 2938 2939
f 2937 2939 2940
f 2941 2942 2943
f 2941 2943 2944
f 2945 2946 2947
f 2945 2947 2948
f 2949 2950 2951
f 2949 2951 2952
f 2953 2954 2955
f 2956 2957 2958
f 2959 2960 2961
f 2962 2963 2964
f 2962 2964 2965
f 2966 2967 2968
f 2966 2968 2969
f 2970 2971 2972
f 2970 2972 2973
f 2974 2975 2976
f 2974 2976 2977
f 2978 2979 2980
f 2978 2980 2981
f 2982 2983 2984
f 2985 2986 2987
f 2988 2989 2990
f 2991 2992 2993
f 2994 2995 2996
f 2994 2996 2997
f 2998 2999 3000
f 2998 3000 3001
f 3002 3003 3004
f 3002 3004 3005
f 3006 3007 3008
f 3006 3008 3009
f 3010 3011 3012
f 3010 3012 3013
f 3014 3015 3016
f 3014 3016 3017
f 3018 3019 3020
f 3018 3020 3021
f 3022 3023 3024
f 3022 3024 3025
f 3026 3027 3028
f 3026 3028 3029
f 3030 3031 3032
f 3030 3032 3033
f 3034 3035 3036
f 3034 3036 3037
f 3038 3039 3040
f 3038 3040 3041
f 3042 3043 3044
f 3042 3044 3045
f 3046 3047 3048
f 3049 3050 3051
f 3049 3051 3052
f 3053 3054 3055
f 3056 3057 3058
f 3059 3060 3061
f 3059 3061 3062
f 3063 3064 3065
f 3066 3067 3068
f 3069 3070 3071
f 3069 3071 3072
f 3073 3074 3075
f 3076 3077 3078
f 3079 3080 3081
f 3082 3083 3084
f 3085 3086 3087
f 3085 3087 3088
f 3089 3090 3091
f 3089 3091 3092
f 3093 3094 3095
f 3093 3095 3096
f 3097 3098 3099
f 3097 3099 3100
f 3101 3102 3103
f 3101 3103 3104
f 3105 3106 3107
f 3105 3107 3108
f 3109 3110 3111
f 3109 3111 3112
f 3113 3114 3115
f 3116 3117 3118
f 3119 3120 3121
f 3122 3123 3124
f 3122 3124 3125
f 3126 3127 3128
f 3126 3128 3129
f 3130 3131 3132
f 3130 3132 3133
f 3134 3135 3136
f 3134 3136 3137
f 3138 3139 3140
f 3138 3140 3141
f 3142 3143 3144
f 3145 3146 3147
f 3148 3149 3150
f 3151 3152 3153
f 3154 3155 3156
f 3154 3156 3157
f 3158 3159 3160
f 3158 3160 3161
f 3162 3163 3164
f 3162 3164 3165
f 3166 3167 3168
f 3166 3168 3169
f 3170 3171 3172
f 3170 3172 3173
f 3174 3175 3176
f 3174 3176 3177
f 3178 3179 3180
f 3178 3180 3181
f 3182 3183 3184
f 3182 3184 3185
f 3186 3187 3188
f 3186 3188 3189
f 3190 3191 3192
f 3190 3192 3193
f 3194 3195 3196
f 3194 3196 3197
f 3198 3199 3200
f 3198 3200 3201
f 3202 3203 3204
f 3202 3204 3205
f 3206 3207 3208
f 3209 3210 3211
f 3209 3211 3212
f 3213 3214 3215
f 3216 3217 3218
f 3219 3220 3221
f 3219 3221 3222
f 3223 3224 3225
f 3226 3227 3228
f 3229 3230 3231
f 3229 3231 3232
f 3233 3234 3235
f 3236 3237 3238
f 3239 3240 3241
f 3242 3243 3244
f 3245 3246 3247
f 3245 3247 3248
f 3249 3250 3251
f 3249 3251 3252
f 3253 3254 3255
f 3253 3255 3256
f 3257 3258 3259
f 3257 3259 3260
f 3261 3262 3263
f 3261 3263 3264
f 3265 3266 3267
f 3265 3267 3268
f 3269 3270 3271
f 3269 3271 3272
f 3273 3274 3275
f 3273 3275 3276
f 3277 3278 3279
f 3277 3279 3280
f 3281 3282 3283
f 3281 3283 3284
f 3285 3286 3287
f 3285 3287 3288
f 3289 3290 3291
f 3289 3291 3292
f 3293 3294 3295
f 3293 3295 3296
f 3297 3298 3299
f 3297 3299 3300
f 3301 3302 3303
f 3301 3303 3304
f 3305 3306 3307
f 3305 3307 3308
f 3309 3310 3311
f 3309 3311 3312
f 3313 3314 3315
f 3313 3315 3316
f 3317 3318 3319
f 3317 3319 3320
f 3321 3322 3323
f 3321 3323 3324
f 3325 3326 3327
f 3325 3327 3328
f 3329 3330 3331
f 3329 3331 3332
f 3333 3334 3335
f 3333 3335 3336
f 3337 3338 3339
f 3337 3339 3340
f 3341 3342 3343
f 3341 3343 3344
f 3345 3346 3347
f 3345 3347 3348
f 3349 3350 3351
f 3349 3351 3352
f 3353 3354 3355
f 3353 3355 3356
f 3357 3358 3359
f 3357 3359 3360
f 3361 3362 3363
f 3361 3363 3364
f 3365 3366 3367
f 3365 3367 3368
f 3369 3370 3371
f 3369 3371 3372
f 3373 3374 3375
f 3373 3375 3376
f 3377 3378 3379
f 3377 3379 3380
f 3381 3382 3383
f 3381 3383 3384
f 3385 3386 3387
f 3385 3387 3388
f 3389 3390 3391
f 3389 3391 3392
f 3393 3394 3395
f 3393 3395 3396
f 3397 3398 3399
f 3397 3399 3400
f 3401 3402 3403
f 3401 3403 3404
f 3405 3406 3407
f 3405 3407 3408
f 3409 3410 3411
f 3409 3411 3412
f 3413 3414 3415
f 3413 3415 3416
f 3417 3418 3419
f 3417 3419 3420
f 3421 3422 3423
f 3421 3423 3424
f 3425 3426 3427
f 3425 3427 3428
f 3429 3430 3431
f 3429 3431 3432
f 3433 3434 3435
f 3433 3435 3436
f 3437 3438 3439
f 3437 3439 3440
f 3441 3442 3443
f 3441 3443 3444
f 3445 3446 3447
f 3448 3449 3450
f 3451 3452 3453
f 3454 3455 3456
f 3457 3458 3459
f 3457 3459 3460
f 3461 3462 3463
f 3461 3463 3464
f 3465 3466 3467
f 3468 3469 3470
f 3471 3472 3473
f 3471 3473 3474
f 3475 3476 3477
f 3475 3477 3478
f 3479 3480 3481
f 3479 3481 3482
f 3483 3484 3485
f 3483 3485 3486
f 3487 3488 3489
f 3487 3489 3490
f 3491 3492 3493
f 3491 3493 3494
f 3495 3496 3497
f 3495 3497 3498
f 3499 3500 3501
f 3499 3501 3502
f 3503 3504 3505
f 3503 3505 3506
f 3507 3508 3509
f 3507 3509 3510
f 3511 3512 3513
f 3514 3515 3516
f 3514 3516 3517
f 3518 3519 3520
f 3518 3520 3521
f 3522 3523 3524
f 3522 3524 3525
f 3526 3527 3528
f 3526 3528 3529
f 3530 3531 3532
f 3530 3532 3533
f 3534 3535 3536
f 3534 3536 3537
f 3538 3539 3540
f 3538 3540 3541
f 3542 3543 3544
f 3542 3544 3545
f 3546 3547 3548
f 3546 3548 3549
f 3550 3551 3552
f 3550 3552 3553
f 3554 3555 3556
f 3554 3556 3557
f 3558 3559 3560
f 3558 3560 3561
f 3562 3563 3564
f 3562 3564 3565
f 3566 3567 3568
f 3566 3568 3569
f 3570 3571 3572
f 3570 3572 3573
f 3574 3575 3576
f 3574 3576 3577
f 3578 3579 3580
f 3578 3580 3581
f 3582 3583 3584
f 3582 3584 3585
f 3586 3587 3588
f 3586 3588 3589
f 3590 3591 3592
f 3590 3592 3593
f 3594 3595 3596
f 3594 3596 3597
f 3598 3599 3600
f 3598 3600 3601
f 3602 3603 3604
f 3602 3604 3605
f 3606 3607 3608
f 3606 3608 3609
f 3610 3611 3612
f 3610 3612 3613
f 3614 3615 3616
f 3614 3616 3617
f 3618 3619 3620
f 3618 3620 3621
f 3622 3623 3624
f 3622 3624 3625
f 3626 3627 3628
f 3626 3628 3629
f 3630 3631 3632
f 3630 3632 3633
f 3634 3635 3636
f 3634 3636 3637
f 3638 3639 3640
f 3638 3640 3641
f 3642 3643 3644
f 3642 3644 3645
f 3646 3647 3648
f 3646 3648 3649
f 3650 3651 3652
f 3650 3652 3653
f 3654 3655 3656
f 3654 3656 3657
f 3658 3659 3660
f 3658 3660 3661
f 3662 3663 3664
f 3662 3664 3665
f 3666 3667 3668
f 3666 3668 3669
f 3670 3671 3672
f 3670 3672 3673
f 3674 3675 3676
f 3674 3676 3677
f 3678 3679 3680
f 3678 3680 3681
f 3682 3683 3684
f 3682 3684 3685
f 3686 3687 3688
f 3686 3688 3689
f 3690 3691 3692
f 3690 3692 3693
f 3694 3695 3696
f 3694 3696 3697
f 3698 3699 3700
f 3698 3700 3701
f 3702 3703 3704
f 3702 3704 3705
f 3706 3707 3708
f 3706 3708 3709
f 3710 3711 3712
f 3713 3714 3715
f 3716 3717 3718
f 3719 3720 3721
f 3722 3723 3724
f 3722 3724 3725
f 3726 3727 3728
f 3726 3728 3729
f 3730 3731 3732
f 3733 3734 3735
f 3736 3737 3738
f 3736 3738 3739
f 3740 3741 3742
f 3740 3742 3743
f 3744 3745 3746
f 3744 3746 3747
f 3748 3749 3750
f 3748 3750 3751
f 3752 3753 3754
f 3752 3754 3755
f 3756 3757 3758
f 3756 3758 3759
f 3760 3761 3762
f 3760 3762 3763
f 3764 3765 3766
f 3764 3766 3767
f 3768 3769 3770
f 3768 3770 3771
f 3772 3773 3774
f 3772 3774 3775
f 3776 3777 3778
f 3779 3780 3781
f 3779 3781 3782
f 3783 3784 3785
f 3783 3785 3786
f 3787 3788 3789
f 3787 3789 3790
f 3791 3792 3793
f 3791 3793 3794
f 3795 3796 3797
f 3795 3797 3798
f 3799 3800 3801
f 3799 3801 3802
f 3803 3804 3805
f 3803 3805 3806
f 3807 3808 3809
f 3807 3809 3810
f 3811 3812 3813
f 3811 3813 3814
f 3815 3816 3817
f 3815 3817 3818
f 3819 3820 3821
f 3819 3821 3822
f 3823 3824 3825
f 3823 3825 3826
f 3827 3828 3829
f 3827 3829 3830
f 3831 3832 3833
f 3831 3833 3834
f 3835 3836 3837
f 3835 3837 3838
f 3839 3840 3841
f 3839 3841 3842
f 3843 3844 3845
f 3843 3845 3846
f 3847 3848 3849
f 3847 3849 3850
f 3851 3852 3853
f 3851 3853 3854
f 3855 3856 3857
f 3855 3857 3858
f 3859 3860 3861
f 3859 3861 3862
f 3863 3864 3865
f 3863 3865 3866
f 3867 3868 3869
f 3867 3869 3870
f 3871 3872 3873
f 3871 3873 3874
f 3875 3876 3877
f 3875 3877 3878
f 3879 3880 3881
f 3879 3881 3882
f 3883 3884 3885
f 3883 3885 3886
f 3887 3888 3889
f 3887 3889 3890
f 3891 3892 3893
f 3891 3893 3894
f 3895 3896 3897
f 3895 3897 3898
f 3899 3900 3901
f 3899 3901 3902
f 3903 3904 3905
f 3903 3905 3906
f 3907 3908 3909
f 3907 3909 3910
f 3911 3912 3913
f 3911 3913 3914
f 3915 3916 3917
f 3915 3917 3918
f 3919 3920 3921
f 3919 3921 3922
f 3923 3924 3925
f 3923 3925 3926
f 3927 3928 3929
f 3927 3929 3930
f 3931 3932 3933
f 3931 3933 3934
f 3935 3936 3937
f 3935 3937 3938
f 3939 3940 3941
f 3939 3941 3942
f 3943 3944 3945
f 3943 3945 3946
f 3947 3948 3949
f 3947 3949 3950
f 3951 3952 3953
f 3951 3953 3954
f 3955 3956 3957
f 3955 3957 3958
f 3959 3960 3961
f 3959 3961 3962
f 3963 3964 3965
f 3963 3965 3966
f 3967 3968 3969
f 3967 3969 3970
f 3971 3972 3973
f 3971 3973 3974
f 3975 3976 3977
f 3978 3979 3980
f 3981 3982 3983
f 3984 3985 3986
f 3987 3988 3989
f 3987 3989 3990
f 3991 3992 3993
f 3991 3993 3994
f 3995 3996 3997
f 3998 3999 4000
f 4001 4002 4003
f 4001 4003 4004
f 4005 4006 4007
f 4005 4007 4008
f 4009 4010 4011
f 4009 4011 4012
f 4013 4014 4015
f 4013 4015 4016
f 4017 4018 4019
f 4017 4019 4020
f 4021 4022 4023
f 4021 4023 4024
f 4025 4026 4027
f 4025 4027 4028
f 4029 4030 4031
f 4029 4031 4032
f 4033 4034 4035
f 4033 4035 4036
f 4037 4038 4039
f 4037 4039 4040
f 4041 4042 4043
f 4044 4045 4046
f 4044 4046 4047
f 4048 4049 4050
f 4048 4050 4051
f 4052 4053 4054
f 4052 4054 4055
f 4056 4057 4058
f 4056 4058 4059
f 4060 4061 4062
f 4060 4062 4063
f 4064 4065 4066
f 4064 4066 4067
f 4068 4069 4070
f 4068 4070 4071
f 4072 4073 4074
f 4072 4074 4075
f 4076 4077 4078
f 4076 4078 4079
f 4080 4081 4082
f 4080 4082 4083
f 4084 4085 4086
f 4084 4086 4087
f 4088 4089 4090
f 4088 4090 4091
f 4092 4093 4094
f 4092 4094 4095
f 4096 4097 4098
f 4096 4098 4099
f 4100 4101 4102
f 4100 4102 4103
f 4104 4105 4106
f 4104 4106 4107
f 4108 4109 4110
f 4108 4110 4111
f 4112 4113 4114
f 4112 4114 4115
f 4116 4117 4118
f 4116 4118 4119
f 4120 4121 4122
f 4120 4122 4123
f 4124 4125 4126
f 4124 4126 4127
f 4128 4129 4130
f 4128 4130 4131
f 4132 4133 4134
f 4132 4134 4135
f 4136 4137 4138
f 4136 4138 4139
f 4140 4141 4142
f 4140 4142 4143
f 4144 4145 4146
f 4144 4146 4147
f 4148 4149 4150
f 4148 4150 4151
f 4152 4153 4154
f 4152 4154 4155
f 4156 4157 4158
f 4156 4158 4159
f 4160 4161 4162
f 4160 4162 4163
f 4164 4165 4166
f 4164 4166 4167
f 4168 4169 4170
f 4168 4170 4171
f 4172 4173 4174
f 4172 4174 4175
f 4176 4177 4178
f 4176 4178 4179
f 4180 4181 4182
f 4180 4182 4183
f 4184 4185 4186
f 4184 4186 4187
f 4188 4189 4190
f 4188 4190 4191
f 4192 4193 4194
f 4192 4194 4195
f 4196 4197 4198
f 4196 4198 4199
f 4200 4201 4202
f 4200 4202 4203
f 4204 4205 4206
f 4204 4206 4207
f 4208 4209 4210
f 4208 4210 4211
f 4212 4213 4214
f 4212 4214 4215
f 4216 4217 4218
f 4216 4218 4219
f 4220 4221 4222
f 4220 4222 4223
f 4224 4225 4226
f 4224 4226 4227
f 4228 4229 4230
f 4228 4230 4231
f 4232 4233 4234
f 4232 4234 4235
f 4236 4237 4238
f 4236 4238 4239
f 4240 4241 4242
f 4243 4244 4245
f 4246 4247 4248
f 4249 4250 4251
f 4252 4253 4254
f 4252 4254 4255
f 4256 4257 4258
f 4256 4258 4259
f 4260 4261 4262
f 4263 4264 4265
f 4266 4267 4268
f 4266 4268 4269
f 4270 4271 4272
f 4270 4272 4273
f 4274 4275 4276
f 4274 4276 4277
f 4278 4279 4280
f 4278 4280 4281
f 4282 4283 4284
f 4282 4284 4285
f 4286 4287 4288
f 4286 4288 4289
f 4290 4291 4292
f 4290 4292 4293
f 4294 4295 4296
f 4294 4296 4297
f 4298 4299 4300
f 4298 4300 4301
f 4302 4303 4304
f 4302 4304 4305
f 4306 4307 4308
f 4309 4310 4311
f 4309 4311 4312
f 4313 4314 4315
f 4313 4315 4316
f 4317 4318 4319
f 4317 4319 4320
f 4321 4322 4323
f 4321 4323 4324
f 4325 4326 4327
f 4325 4327 4328
f 4329 4330 4331
f 4329 4331 4332
f 4333 4334 4335
f 4333 4335 4336
f 4337 4338 4339
f 4337 4339 4340
f 4341 4342 4343
f 4341 4343 4344
f 4345 4346 4347
f 4345 4347 4348
f 4349 4350 4351
f 4349 4351 4352
f 4353 4354 4355
f 4353 4355 4356
f 4357 4358 4359
f 4357 4359 4360
f 4361 4362 4363
f 4361 4363 4364
f 4365 4366 4367
f 4365 4367 4368
f 4369 4370 4371
f 4369 4371 4372
f 4373 4374 4375
f 4373 4375 4376
f 4377 4378 4379
f 4377 4379 4380
f 4381 4382 4383
f 4381 4383 4384
f 4385 4386 4387
f 4385 4387 4388
f 4389 4390 4391
f 4389 4391 4392
f 4393 4394 4395
f 4393 4395 4396
f 4397 4398 4399
f 4397 4399 4400
f 4401 4402 4403
f 4401 4403 4404
f 4405 4406 4407
f 4405 4407 4408
f 4409 4410 4411
f 4409 4411 4412
f 4413 4414 4415
f 4413 4415 4416
f 4417 4418 4419
f 4417 4419 4420
f 4421 4422 4423
f 4421 4423 4424
f 4425 4426 4427
f 4425 4427 4428
f 4429 4430 4431
f 4429 4431 4432
f 4433 4434 4435
f 4433 4435 4436
f 4437 4438 4439
f 4437 4439 4440
f 4441 4442 4443
f 4441 4443 4444
f 4445 4446 4447
f 4445 4447 4448
f 4449 4450 4451
f 4449 4451 4452
f 4453 4454 4455
f 4453 4455 4456
f 4457 4458 4459
f 4457 4459 4460
f 4461 4462 4463
f 4461 4463 4464
f 4465 4466 4467
f 4465 4467 4468
f 4469 4470 4471
f 4469 4471 4472
f 4473 4474 4475
f 4473 4475 4476
f 4477 4478 4479
f 4477 4479 4480
f 4481 4482 4483
f 4481 4483 4484
f 4485 4486 4487
f 4485 4487 4488
f 4489 4490 4491
f 4489 4491 4492
f 4493 4494 4495
f 4493 4495 4496
f 4497 4498 4499
f 4497 4499 4500
f 4501 4502 4503
f 4501 4503 4504
f 4505 4506 4507
f 4508 4509 4510
f 4511 4512 4513
f 4514 4515 4516
f 4517 4518 4519
f 4517 4519 4520
f 4521 4522 4523
f 4521 4523 4524
f 4525 4526 4527
f 4528 4529 4530
f 4531 4532 4533
f 4531 4533 4534
f 4535 4536 4537
f 4535 4537 4538
f 4539 4540 4541
f 4539 4541 4542
f 4543 4544 4545
f 4543 4545 4546
f 4547 4548 4549
f 4547 4549 4550
f 4551 4552 4553
f 4551 4553 4554
f 4555 4556 4557
f 4555 4557 4558
f 4559 4560 4561
f 4559 4561 4562
f 4563 4564 4565
f 4563 4565 4566
f 4567 4568 4569
f 4567 4569 4570
f 4571 4572 4573
f 4574 4575 4576
f 4574 4576 4577
f 4578 4579 4580
f 4578 4580 4581
f 4582 4583 4584
f 4582 4584 4585
f 4586 4587 4588
f 4586 4588 4589
f 4590 4591 4592
f 4590 4592 4593
f 4594 4595 4596
f 4594 4596 4597
f 4598 4599 4600
f 4598 4600 4601
f 4602 4603 4604
f 4602 4604 4605
f 4606 4607 4608
f 4606 4608 4609
f 4610 4611 4612
f 4610 4612 4613
f 4614 4615 4616
f 4614 4616 4617
f 4618 4619 4620
f 4618 4620 4621
f 4622 4623 4624
f 4622 4624 4625
f 4626 4627 4628
f 4626 4628 4629
f 4630 4631 4632
f 4630 4632 4633
f 4634 4635 4636
f 4634 4636 4637
f 4638 4639 4640
f 4638 4640 4641
f 4642 4643 4644
f 4642 4644 4645
f 4646 4647 4648
f 4646 4648 4649
f 4650 4651 4652
f 4650 4652 4653
f 4654 4655 4656
f 4654 4656 4657
f 4658 4659 4660
f 4658 4660 4661
f 4662 4663 4664
f 4662 4664 4665
f 4666 4667 4668
f 4666 4668 4669
f 4670 4671 4672
f 4670 4672 4673
f 4674 4675 4676
f 4674 4676 4677
f 4678 4679 4680
f 4678 4680 4681
f 4682 4683 4684
f 4682 4684 4685
f 4686 4687 4688
f 4686 4688 4689
f 4690 4691 4692
f 4690 4692 4693
f 4694 4695 4696
f 4694 4696 4697
f 4698 4699 4700
f 4698 4700 4701
f 4702 4703 4704
f 4702 4704 4705
f 4706 4707 4708
f 4706 4708 4709
f 4710 4711 4712
f 4710 4712 4713
f 4714 4715 4716
f 4714 4716 4717
f 4718 4719 4720
f 4718 4720 4721
f 4722 4723 4724
f 4722 4724 4725
f 4726 4727 4728
f 4726 4728 4729
f 4730 4731 4732
f 4730 4732 4733
f 4734 4735 4736
f 4734 4736 4737
f 4738 4739 4740
f 4738 4740 4741
f 4742 4743 4744
f 4742 4744 4745
f 4746 4747 4748
f 4746 4748 4749
f 4750 4751 4752
f 4750 4752 4753
f 4754 4755 4756
f 4754 4756 4757
f 4758 4759 4760
f 4758 4760 4761
f 4762 4763 4764
f 4762 4764 4765
f 4766 4767 4768
f 4766 4768 4769
f 4770 4771 4772
f 4773 4774 4775
f 4776 4777 4778
f 4779 4780 4781
f 4782 4783 4784
f 4782 4784 4785
f 4786 4787 4788
f 4786 4788 4789
f 4790 4791 4792
f 4793 4794 4795
f 4796 4797 4798
f 4796 4798 4799
f 4800 4801 4802
f 4800 4802 4803
f 4804 4805 4806
f 4804 4806 4807
f 4808 4809 4810
f 4808 4810 4811
f 4812 4813 4814
f 4812 4814 4815
f 4816 4817 4818
f 4816 4818 4819
f 4820 4821 4822
f 4820 4822 4823
f 4824 4825 4826
f 4824 4826 4827
f 4828 4829 4830
f 4828 4830 4831
f 4832 4833 4834
f 4832 4834 4835
f 4836 4837 4838
f 4839 4840 4841
f 4839 4841 4842
f 4843 4844 4845
f 4843 4845 4846
f 4847 4848 4849
f 4847 4849 4850
f 4851 4852 4853
f 4851 4853 4854
f 4855 4856 4857
f 4855 4857 4858
f 4859 4860 4861
f 4859 4861 4862
f 4863 4864 4865
f 4863 4865 4866
f 4867 4868 4869
f 4867 4869 4870
f 4871 4872 4873
f 4871 4873 4874
f 4875 4876 4877
f 4875 4877 4878
f 4879 4880 4881
f 4879 4881 4882
f 4883 4884 4885
f 4883 4885 4886
f 4887 4888 4889
f 4887 4889 4890
f 4891 4892 4893
f 4891 4893 4894
f 4895 4896 4897
f 4895 4897 4898
f 4899 4900 4901
f 4899 4901 4902
f 4903 4904 4905
f 4903 4905 4906
f 4907 4908 4909
f 4907 4909 4910
f 4911 4912 4913
f 4911 4913 4914
f 4915 4916 4917
f 4915 4917 4918
f 4919 4920 4921
f 4919 4921 4922
f 4923 4924 4925
f 4923 4925 4926
f 4927 4928 4929
f 4927 4929 4930
f 4931 4932 4933
f 4931 4933 4934
f 4935 4936 4937
f 4935 4937 4938
f 4939 4940 4941
f 4939 4941 4942
f 4943 4944 4945
f 4943 4945 4946
f 4947 4948 4949
f 4947 4949 4950
f 4951 4952 4953
f 4951 4953 4954
f 4955 4956 4957
f 4955 4957 4958
f 4959 4960 4961
f 4959 4961 4962
f 4963 4964 4965
f 4963 4965 4966
f 4967 4968 4969
f 4967 4969 4970
f 4971 4972 4973
f 4971 4973 4974
f 4975 4976 4977
f 4975 4977 4978
f 4979 4980 4981
f 4979 4981 4982
f 4983 4984 4985
f 4983 4985 4986
f 4987 4988 4989
f 4987 4989 4990
f 4991 4992 4993
f 4991 4993 4994
f 4995 4996 4997
f 4995 4997 4998
f 4999 5000 5001
f 4999 5001 5002
f 5003 5004 5005
f 5003 5005 5006
f 5007 5008 5009
f 5007 5009 5010
f 5011 5012 5013
f 5011 5013 5014
f 5015 5016 5017
f 5015 5017 5018
f 5019 5020 5021
f 5019 5021 5022
f 5023 5024 5025
f 5023 5025 5026
f 5027 5028 5029
f 5027 5029 5030
f 5031 5032 5033
f 5031 5033 5034
f 5035 5036 5037
f 5038 5039 5040
f 5041 5042 5043
f 5044 5045 5046
f 5047 5048 5049
f 5047 5049 5050
f 5051 5052 5053
f 5051 5053 5054
f 5055 5056 5057
f 5058 5059 5060
f 5061 5062 5063
f 5061 5063 5064
f 5065 5066 5067
f 5065 5067 5068
f 5069 5070 5071
f 5069 5071 5072
f 5073 5074 5075
f 5073 5075 5076
f 5077 5078 5079
f 5077 5079 5080
f 5081 5082 5083
f 5081 5083 5084
f 5085 5086 5087
f 5085 5087 5088
f 5089 5090 5091
f 5089 5091 5092
f 5093 5094 5095
f 5093 5095 5096
f 5097 5098 5099
f 5097 5099 5100
f 5101 5102 5103
f 5104 5105 5106
f 5104 5106 5107
f 5108 5109 5110
f 5108 5110 5111
f 5112 5113 5114
f 5112 5114 5115
f 5116 5117 5118
f 5116 5118 5119
f 5120 5121 5122
f 5120 5122 5123
f 5124 5125 5126
f 5124 5126 5127
f 5128 5129 5130
f 5128 5130 5131
f 5132 5133 5134
f 5132 5134 5135
f 5136 5137 5138
f 5136 5138 5139
f 5140 5141 5142
f 5140 5142 5143
f 5144 5145 5146
f 5144 5146 5147
f 5148 5149 5150
f 5148 5150 5151
f 5152 5153 5154
f 5152 5154 5155
f 5156 5157 5158
f 5156 5158 5159
f 5160 5161 5162
f 5160 5162 5163
f 5164 5165 5166
f 5164 5166 5167
f 5168 5169 5170
f 5168 5170 5171
f 5172 5173 5174
f 5172 5174 5175
f 5176 5177 5178
f 5176 5178 5179
f 5180 5181 5182
f 5180 5182 5183
f 5184 5185 5186
f 5184 5186 5187
f 5188 5189 5190
f 5188 5190 5191
f 5192 5193 5194
f 5192 5194 5195
f 5196 5197 5198
f 5196 5198 5199
f 5200 5201 5202
f 5200 5202 5203
f 5204 5205 5206
f 5204 5206 5207
f 5208 5209 5210
f 5208 5210 5211
f 5212 5213 5214
f 5212 5214 5215
f 5216 5217 5218
f 5216 5218 5219
f 5220 5221 5222
f 5220 5222 5223
f 5224 5225 5226
f 5224 5226 5227
f 5228 5229 5230
f 5228 5230 5231
f 5232 5233 5234
f 5232 5234 5235
f 5236 5237 5238
f 5236 5238 5239
f 5240 5241 5242
f 5240 5242 5243
f 5244 5245 5246
f 5244 5246 5247
f 5248 5249 5250
f 5248 5250 5251
f 5252 5253 5254
f 5252 5254 5255
f 5256 5257 5258
f 5256 5258 5259
f 5260 5261 5262
f 5260 5262 5263
f 5264 5265 5266
f 5264 5266 5267
f 5268 5269 5270
f 5268 5270 5271
f 5272 5273 5274
f 5272 5274 5275
f 5276 5277 5278
f 5276 5278 5279
f 5280 5281 5282
f 5280 5282 5283
f 5284 5285 5286
f 5284 5286 5287
f 5288 5289 5290
f 5288 5290 5291
f 5292 5293 5294
f 5292 5294 5295
f 5296 5297 5298
f 5296 5298 5299
f 5300 5301 5302
f 5303 5304 5305
f 5306 5307 5308
f 5309 5310 5311
f 5312 5313 5314
f 5312 5314 5315
f 5316 5317 5318
f 5316 5318 5319
f 5320 5321 5322
f 5323 5324 5325
f 5326 5327 5328
f 5326 5328 5329
f 5330 5331 5332
f 5330 5332 5333
f 5334 5335 5336
f 5334 5336 5337
f 5338 5339 5340
f 5338 5340 5341
f 5342 5343 5344
f 5342 5344 5345
f 5346 5347 5348
f 5346 5348 5349
f 5350 5351 5352
f 5350 5352 5353
f 5354 5355 5356
f 5354 5356 5357
f 5358 5359 5360
f 5358 5360 5361
f 5362 5363 5364
f 5362 5364 5365
f 5366 5367 5368
