# Baked from official LDraw part 3649.dat
o ldraw_3649
v 0.0574025 -0.1385820 0.2500000
v 0.1060695 -0.1060680 0.2500000
v 0.1385806 -0.0574020 0.2500000
v 0.1385820 0.0574025 0.2500000
v 0.1060680 0.1060695 0.2500000
v 0.0574020 0.1385806 0.2500000
v -0.0574025 0.1385820 0.2500000
v -0.1060695 0.1060680 0.2500000
v -0.1385806 0.0574020 0.2500000
v -0.1385820 -0.0574025 0.2500000
v -0.1060680 -0.1060695 0.2500000
v -0.0574020 -0.1385806 0.2500000
v 0.0574025 -0.1385825 0.2500000
v 0.1385825 -0.0574025 0.2500000
v 0.0625000 -0.0625000 0.2500000
v 0.0625000 -0.0625000 0.2500000
v 0.0500000 -0.1000000 0.2500000
v 0.0500000 -0.1400575 0.2500000
v 0.0574025 -0.1385825 0.2500000
v 0.1000000 -0.0500000 0.2500000
v 0.0625000 -0.0625000 0.2500000
v 0.1385825 -0.0574025 0.2500000
v 0.1400575 -0.0500000 0.2500000
v 0.0625000 0.0625000 0.2500000
v 0.1385825 0.0574025 0.2500000
v 0.0574025 0.1385825 0.2500000
v 0.0625000 0.0625000 0.2500000
v 0.1000000 0.0500000 0.2500000
v 0.1400575 0.0500000 0.2500000
v 0.1385825 0.0574025 0.2500000
v 0.0500000 0.1400575 0.2500000
v 0.0500000 0.1000000 0.2500000
v 0.0625000 0.0625000 0.2500000
v 0.0574025 0.1385825 0.2500000
v -0.0500000 0.1000000 0.2500000
v -0.0500000 0.1400575 0.2500000
v -0.0574025 0.1385825 0.2500000
v -0.0625000 0.0625000 0.2500000
v -0.0574025 0.1385825 0.2500000
v -0.1385825 0.0574025 0.2500000
v -0.0625000 0.0625000 0.2500000
v -0.1385825 0.0574025 0.2500000
v -0.1400575 0.0500000 0.2500000
v -0.1000000 0.0500000 0.2500000
v -0.0625000 0.0625000 0.2500000
v -0.1385825 -0.0574025 0.2500000
v -0.0574025 -0.1385825 0.2500000
v -0.0625000 -0.0625000 0.2500000
v -0.1400575 -0.0500000 0.2500000
v -0.1385825 -0.0574025 0.2500000
v -0.0625000 -0.0625000 0.2500000
v -0.1000000 -0.0500000 0.2500000
v -0.0500000 -0.1000000 0.2500000
v -0.0625000 -0.0625000 0.2500000
v -0.0574025 -0.1385825 0.2500000
v -0.0500000 -0.1400575 0.2500000
v -0.0574025 -0.1385820 -0.2500000
v -0.1060695 -0.1060680 -0.2500000
v -0.1385806 -0.0574020 -0.2500000
v -0.1385820 0.0574025 -0.2500000
v -0.1060680 0.1060695 -0.2500000
v -0.0574020 0.1385806 -0.2500000
v 0.0574025 0.1385820 -0.2500000
v 0.1060695 0.1060680 -0.2500000
v 0.1385806 0.0574020 -0.2500000
v 0.1385820 -0.0574025 -0.2500000
v 0.1060680 -0.1060695 -0.2500000
v 0.0574020 -0.1385806 -0.2500000
v -0.0574025 -0.1385825 -0.2500000
v -0.1385825 -0.0574025 -0.2500000
v -0.0625000 -0.0625000 -0.2500000
v -0.0625000 -0.0625000 -0.2500000
v -0.0500000 -0.1000000 -0.2500000
v -0.0500000 -0.1400575 -0.2500000
v -0.0574025 -0.1385825 -0.2500000
v -0.1000000 -0.0500000 -0.2500000
v -0.0625000 -0.0625000 -0.2500000
v -0.1385825 -0.0574025 -0.2500000
v -0.1400575 -0.0500000 -0.2500000
v -0.0625000 0.0625000 -0.2500000
v -0.1385825 0.0574025 -0.2500000
v -0.0574025 0.1385825 -0.2500000
v -0.0625000 0.0625000 -0.2500000
v -0.1000000 0.0500000 -0.2500000
v -0.1400575 0.0500000 -0.2500000
v -0.1385825 0.0574025 -0.2500000
v -0.0500000 0.1400575 -0.2500000
v -0.0500000 0.1000000 -0.2500000
v -0.0625000 0.0625000 -0.2500000
v -0.0574025 0.1385825 -0.2500000
v 0.0500000 0.1000000 -0.2500000
v 0.0500000 0.1400575 -0.2500000
v 0.0574025 0.1385825 -0.2500000
v 0.0625000 0.0625000 -0.2500000
v 0.0574025 0.1385825 -0.2500000
v 0.1385825 0.0574025 -0.2500000
v 0.0625000 0.0625000 -0.2500000
v 0.1385825 0.0574025 -0.2500000
v 0.1400575 0.0500000 -0.2500000
v 0.1000000 0.0500000 -0.2500000
v 0.0625000 0.0625000 -0.2500000
v 0.1385825 -0.0574025 -0.2500000
v 0.0574025 -0.1385825 -0.2500000
v 0.0625000 -0.0625000 -0.2500000
v 0.1400575 -0.0500000 -0.2500000
v 0.1385825 -0.0574025 -0.2500000
v 0.0625000 -0.0625000 -0.2500000
v 0.1000000 -0.0500000 -0.2500000
v 0.0500000 -0.1000000 -0.2500000
v 0.0625000 -0.0625000 -0.2500000
v 0.0574025 -0.1385825 -0.2500000
v 0.0500000 -0.1400575 -0.2500000
v 0.0500000 -0.1400575 -0.2500000
v 0.0000000 -0.1500000 -0.2500000
v 0.0000000 -0.1500000 0.2500000
v 0.0500000 -0.1400575 0.2500000
v 0.0500000 0.1400575 0.2500000
v 0.0000000 0.1500000 0.2500000
v 0.0000000 0.1500000 -0.2500000
v 0.0500000 0.1400575 -0.2500000
v -0.0500000 0.1400575 -0.2500000
v 0.0000000 0.1500000 -0.2500000
v 0.0000000 0.1500000 0.2500000
v -0.0500000 0.1400575 0.2500000
v -0.0500000 -0.1400575 0.2500000
v 0.0000000 -0.1500000 0.2500000
v 0.0000000 -0.1500000 -0.2500000
v -0.0500000 -0.1400575 -0.2500000
v 0.0500000 -0.1000000 -0.2500000
v 0.0500000 -0.1400575 -0.2500000
v 0.0500000 -0.1400575 0.2500000
v 0.0500000 -0.1000000 0.2500000
v 0.0500000 -0.1000000 -0.2500000
v 0.0500000 -0.1000000 0.2500000
v 0.0625000 -0.0625000 0.2500000
v 0.0625000 -0.0625000 -0.2500000
v 0.0625000 -0.0625000 -0.2500000
v 0.0625000 -0.0625000 0.2500000
v 0.1000000 -0.0500000 0.2500000
v 0.1000000 -0.0500000 -0.2500000
v 0.1000000 -0.0500000 -0.2500000
v 0.1000000 -0.0500000 0.2500000
v 0.1400575 -0.0500000 0.2500000
v 0.1400575 -0.0500000 -0.2500000
v 0.1000000 0.0500000 -0.2500000
v 0.1400575 0.0500000 -0.2500000
v 0.1400575 0.0500000 0.2500000
v 0.1000000 0.0500000 0.2500000
v 0.1000000 0.0500000 -0.2500000
v 0.1000000 0.0500000 0.2500000
v 0.0625000 0.0625000 0.2500000
v 0.0625000 0.0625000 -0.2500000
v 0.0625000 0.0625000 -0.2500000
v 0.0625000 0.0625000 0.2500000
v 0.0500000 0.1000000 0.2500000
v 0.0500000 0.1000000 -0.2500000
v 0.0500000 0.1000000 -0.2500000
v 0.0500000 0.1000000 0.2500000
v 0.0500000 0.1400575 0.2500000
v 0.0500000 0.1400575 -0.2500000
v -0.0500000 0.1400575 -0.2500000
v -0.0500000 0.1400575 0.2500000
v -0.0500000 0.1000000 0.2500000
v -0.0500000 0.1000000 -0.2500000
v -0.0500000 0.1000000 -0.2500000
v -0.0500000 0.1000000 0.2500000
v -0.0625000 0.0625000 0.2500000
v -0.0625000 0.0625000 -0.2500000
v -0.0625000 0.0625000 -0.2500000
v -0.0625000 0.0625000 0.2500000
v -0.1000000 0.0500000 0.2500000
v -0.1000000 0.0500000 -0.2500000
v -0.1000000 0.0500000 -0.2500000
v -0.1000000 0.0500000 0.2500000
v -0.1400575 0.0500000 0.2500000
v -0.1400575 0.0500000 -0.2500000
v -0.1400575 -0.0500000 -0.2500000
v -0.1400575 -0.0500000 0.2500000
v -0.1000000 -0.0500000 0.2500000
v -0.1000000 -0.0500000 -0.2500000
v -0.1000000 -0.0500000 -0.2500000
v -0.1000000 -0.0500000 0.2500000
v -0.0625000 -0.0625000 0.2500000
v -0.0625000 -0.0625000 -0.2500000
v -0.0625000 -0.0625000 -0.2500000
v -0.0625000 -0.0625000 0.2500000
v -0.0500000 -0.1000000 0.2500000
v -0.0500000 -0.1000000 -0.2500000
v -0.0500000 -0.1000000 -0.2500000
v -0.0500000 -0.1000000 0.2500000
v -0.0500000 -0.1400575 0.2500000
v -0.0500000 -0.1400575 -0.2500000
v 0.0574025 -0.6385820 0.1950000
v 0.1060695 -0.6060680 0.1950000
v 0.1385806 -0.5574020 0.1950000
v 0.1385820 -0.4425975 0.1950000
v 0.1060680 -0.3939305 0.1950000
v 0.0574020 -0.3614194 0.1950000
v -0.0574025 -0.3614180 0.1950000
v -0.1060695 -0.3939320 0.1950000
v -0.1385806 -0.4425980 0.1950000
v -0.1385820 -0.5574025 0.1950000
v -0.1060680 -0.6060695 0.1950000
v -0.0574020 -0.6385806 0.1950000
v 0.0574025 -0.6385825 0.1950000
v 0.1385825 -0.5574025 0.1950000
v 0.0625000 -0.5625000 0.1950000
v 0.0625000 -0.5625000 0.1950000
v 0.0500000 -0.6000000 0.1950000
v 0.0500000 -0.6400575 0.1950000
v 0.0574025 -0.6385825 0.1950000
v 0.1000000 -0.5500000 0.1950000
v 0.0625000 -0.5625000 0.1950000
v 0.1385825 -0.5574025 0.1950000
v 0.1400575 -0.5500000 0.1950000
v 0.0625000 -0.4375000 0.1950000
v 0.1385825 -0.4425975 0.1950000
v 0.0574025 -0.3614175 0.1950000
v 0.0625000 -0.4375000 0.1950000
v 0.1000000 -0.4500000 0.1950000
v 0.1400575 -0.4500000 0.1950000
v 0.1385825 -0.4425975 0.1950000
v 0.0500000 -0.3599425 0.1950000
v 0.0500000 -0.4000000 0.1950000
v 0.0625000 -0.4375000 0.1950000
v 0.0574025 -0.3614175 0.1950000
v -0.0500000 -0.4000000 0.1950000
v -0.0500000 -0.3599425 0.1950000
v -0.0574025 -0.3614175 0.1950000
v -0.0625000 -0.4375000 0.1950000
v -0.0574025 -0.3614175 0.1950000
v -0.1385825 -0.4425975 0.1950000
v -0.0625000 -0.4375000 0.1950000
v -0.1385825 -0.4425975 0.1950000
v -0.1400575 -0.4500000 0.1950000
v -0.1000000 -0.4500000 0.1950000
v -0.0625000 -0.4375000 0.1950000
v -0.1385825 -0.5574025 0.1950000
v -0.0574025 -0.6385825 0.1950000
v -0.0625000 -0.5625000 0.1950000
v -0.1400575 -0.5500000 0.1950000
v -0.1385825 -0.5574025 0.1950000
v -0.0625000 -0.5625000 0.1950000
v -0.1000000 -0.5500000 0.1950000
v -0.0500000 -0.6000000 0.1950000
v -0.0625000 -0.5625000 0.1950000
v -0.0574025 -0.6385825 0.1950000
v -0.0500000 -0.6400575 0.1950000
v -0.0574025 -0.6385820 -0.1950000
v -0.1060695 -0.6060680 -0.1950000
v -0.1385806 -0.5574020 -0.1950000
v -0.1385820 -0.4425975 -0.1950000
v -0.1060680 -0.3939305 -0.1950000
v -0.0574020 -0.3614194 -0.1950000
v 0.0574025 -0.3614180 -0.1950000
v 0.1060695 -0.3939320 -0.1950000
v 0.1385806 -0.4425980 -0.1950000
v 0.1385820 -0.5574025 -0.1950000
v 0.1060680 -0.6060695 -0.1950000
v 0.0574020 -0.6385806 -0.1950000
v -0.0574025 -0.6385825 -0.1950000
v -0.1385825 -0.5574025 -0.1950000
v -0.0625000 -0.5625000 -0.1950000
v -0.0625000 -0.5625000 -0.1950000
v -0.0500000 -0.6000000 -0.1950000
v -0.0500000 -0.6400575 -0.1950000
v -0.0574025 -0.6385825 -0.1950000
v -0.1000000 -0.5500000 -0.1950000
v -0.0625000 -0.5625000 -0.1950000
v -0.1385825 -0.5574025 -0.1950000
v -0.1400575 -0.5500000 -0.1950000
v -0.0625000 -0.4375000 -0.1950000
v -0.1385825 -0.4425975 -0.1950000
v -0.0574025 -0.3614175 -0.1950000
v -0.0625000 -0.4375000 -0.1950000
v -0.1000000 -0.4500000 -0.1950000
v -0.1400575 -0.4500000 -0.1950000
v -0.1385825 -0.4425975 -0.1950000
v -0.0500000 -0.3599425 -0.1950000
v -0.0500000 -0.4000000 -0.1950000
v -0.0625000 -0.4375000 -0.1950000
v -0.0574025 -0.3614175 -0.1950000
v 0.0500000 -0.4000000 -0.1950000
v 0.0500000 -0.3599425 -0.1950000
v 0.0574025 -0.3614175 -0.1950000
v 0.0625000 -0.4375000 -0.1950000
v 0.0574025 -0.3614175 -0.1950000
v 0.1385825 -0.4425975 -0.1950000
v 0.0625000 -0.4375000 -0.1950000
v 0.1385825 -0.4425975 -0.1950000
v 0.1400575 -0.4500000 -0.1950000
v 0.1000000 -0.4500000 -0.1950000
v 0.0625000 -0.4375000 -0.1950000
v 0.1385825 -0.5574025 -0.1950000
v 0.0574025 -0.6385825 -0.1950000
v 0.0625000 -0.5625000 -0.1950000
v 0.1400575 -0.5500000 -0.1950000
v 0.1385825 -0.5574025 -0.1950000
v 0.0625000 -0.5625000 -0.1950000
v 0.1000000 -0.5500000 -0.1950000
v 0.0500000 -0.6000000 -0.1950000
v 0.0625000 -0.5625000 -0.1950000
v 0.0574025 -0.6385825 -0.1950000
v 0.0500000 -0.6400575 -0.1950000
v 0.0500000 -0.6400575 -0.1950000
v 0.0000000 -0.6500000 -0.1950000
v 0.0000000 -0.6500000 0.1950000
v 0.0500000 -0.6400575 0.1950000
v 0.0500000 -0.3599425 0.1950000
v 0.0000000 -0.3500000 0.1950000
v 0.0000000 -0.3500000 -0.1950000
v 0.0500000 -0.3599425 -0.1950000
v -0.0500000 -0.3599425 -0.1950000
v 0.0000000 -0.3500000 -0.1950000
v 0.0000000 -0.3500000 0.1950000
v -0.0500000 -0.3599425 0.1950000
v -0.0500000 -0.6400575 0.1950000
v 0.0000000 -0.6500000 0.1950000
v 0.0000000 -0.6500000 -0.1950000
v -0.0500000 -0.6400575 -0.1950000
v 0.0500000 -0.6000000 -0.1950000
v 0.0500000 -0.6400575 -0.1950000
v 0.0500000 -0.6400575 0.1950000
v 0.0500000 -0.6000000 0.1950000
v 0.0500000 -0.6000000 -0.1950000
v 0.0500000 -0.6000000 0.1950000
v 0.0625000 -0.5625000 0.1950000
v 0.0625000 -0.5625000 -0.1950000
v 0.0625000 -0.5625000 -0.1950000
v 0.0625000 -0.5625000 0.1950000
v 0.1000000 -0.5500000 0.1950000
v 0.1000000 -0.5500000 -0.1950000
v 0.1000000 -0.5500000 -0.1950000
v 0.1000000 -0.5500000 0.1950000
v 0.1400575 -0.5500000 0.1950000
v 0.1400575 -0.5500000 -0.1950000
v 0.1000000 -0.4500000 -0.1950000
v 0.1400575 -0.4500000 -0.1950000
v 0.1400575 -0.4500000 0.1950000
v 0.1000000 -0.4500000 0.1950000
v 0.1000000 -0.4500000 -0.1950000
v 0.1000000 -0.4500000 0.1950000
v 0.0625000 -0.4375000 0.1950000
v 0.0625000 -0.4375000 -0.1950000
v 0.0625000 -0.4375000 -0.1950000
v 0.0625000 -0.4375000 0.1950000
v 0.0500000 -0.4000000 0.1950000
v 0.0500000 -0.4000000 -0.1950000
v 0.0500000 -0.4000000 -0.1950000
v 0.0500000 -0.4000000 0.1950000
v 0.0500000 -0.3599425 0.1950000
v 0.0500000 -0.3599425 -0.1950000
v -0.0500000 -0.3599425 -0.1950000
v -0.0500000 -0.3599425 0.1950000
v -0.0500000 -0.4000000 0.1950000
v -0.0500000 -0.4000000 -0.1950000
v -0.0500000 -0.4000000 -0.1950000
v -0.0500000 -0.4000000 0.1950000
v -0.0625000 -0.4375000 0.1950000
v -0.0625000 -0.4375000 -0.1950000
v -0.0625000 -0.4375000 -0.1950000
v -0.0625000 -0.4375000 0.1950000
v -0.1000000 -0.4500000 0.1950000
v -0.1000000 -0.4500000 -0.1950000
v -0.1000000 -0.4500000 -0.1950000
v -0.1000000 -0.4500000 0.1950000
v -0.1400575 -0.4500000 0.1950000
v -0.1400575 -0.4500000 -0.1950000
v -0.1400575 -0.5500000 -0.1950000
v -0.1400575 -0.5500000 0.1950000
v -0.1000000 -0.5500000 0.1950000
v -0.1000000 -0.5500000 -0.1950000
v -0.1000000 -0.5500000 -0.1950000
v -0.1000000 -0.5500000 0.1950000
v -0.0625000 -0.5625000 0.1950000
v -0.0625000 -0.5625000 -0.1950000
v -0.0625000 -0.5625000 -0.1950000
v -0.0625000 -0.5625000 0.1950000
v -0.0500000 -0.6000000 0.1950000
v -0.0500000 -0.6000000 -0.1950000
v -0.0500000 -0.6000000 -0.1950000
v -0.0500000 -0.6000000 0.1950000
v -0.0500000 -0.6400575 0.1950000
v -0.0500000 -0.6400575 -0.1950000
v -0.6385820 -0.0574025 0.1950000
v -0.6060680 -0.1060695 0.1950000
v -0.5574020 -0.1385806 0.1950000
v -0.4425975 -0.1385820 0.1950000
v -0.3939305 -0.1060680 0.1950000
v -0.3614194 -0.0574020 0.1950000
v -0.3614180 0.0574025 0.1950000
v -0.3939320 0.1060695 0.1950000
v -0.4425980 0.1385806 0.1950000
v -0.5574025 0.1385820 0.1950000
v -0.6060695 0.1060680 0.1950000
v -0.6385806 0.0574020 0.1950000
v -0.6385825 -0.0574025 0.1950000
v -0.5574025 -0.1385825 0.1950000
v -0.5625000 -0.0625000 0.1950000
v -0.5625000 -0.0625000 0.1950000
v -0.6000000 -0.0500000 0.1950000
v -0.6400575 -0.0500000 0.1950000
v -0.6385825 -0.0574025 0.1950000
v -0.5500000 -0.1000000 0.1950000
v -0.5625000 -0.0625000 0.1950000
v -0.5574025 -0.1385825 0.1950000
v -0.5500000 -0.1400575 0.1950000
v -0.4375000 -0.0625000 0.1950000
v -0.4425975 -0.1385825 0.1950000
v -0.3614175 -0.0574025 0.1950000
v -0.4375000 -0.0625000 0.1950000
v -0.4500000 -0.1000000 0.1950000
v -0.4500000 -0.1400575 0.1950000
v -0.4425975 -0.1385825 0.1950000
v -0.3599425 -0.0500000 0.1950000
v -0.4000000 -0.0500000 0.1950000
v -0.4375000 -0.0625000 0.1950000
v -0.3614175 -0.0574025 0.1950000
v -0.4000000 0.0500000 0.1950000
v -0.3599425 0.0500000 0.1950000
v -0.3614175 0.0574025 0.1950000
v -0.4375000 0.0625000 0.1950000
v -0.3614175 0.0574025 0.1950000
v -0.4425975 0.1385825 0.1950000
v -0.4375000 0.0625000 0.1950000
v -0.4425975 0.1385825 0.1950000
v -0.4500000 0.1400575 0.1950000
v -0.4500000 0.1000000 0.1950000
v -0.4375000 0.0625000 0.1950000
v -0.5574025 0.1385825 0.1950000
v -0.6385825 0.0574025 0.1950000
v -0.5625000 0.0625000 0.1950000
v -0.5500000 0.1400575 0.1950000
v -0.5574025 0.1385825 0.1950000
v -0.5625000 0.0625000 0.1950000
v -0.5500000 0.1000000 0.1950000
v -0.6000000 0.0500000 0.1950000
v -0.5625000 0.0625000 0.1950000
v -0.6385825 0.0574025 0.1950000
v -0.6400575 0.0500000 0.1950000
v -0.6385820 0.0574025 -0.1950000
v -0.6060680 0.1060695 -0.1950000
v -0.5574020 0.1385806 -0.1950000
v -0.4425975 0.1385820 -0.1950000
v -0.3939305 0.1060680 -0.1950000
v -0.3614194 0.0574020 -0.1950000
v -0.3614180 -0.0574025 -0.1950000
v -0.3939320 -0.1060695 -0.1950000
v -0.4425980 -0.1385806 -0.1950000
v -0.5574025 -0.1385820 -0.1950000
v -0.6060695 -0.1060680 -0.1950000
v -0.6385806 -0.0574020 -0.1950000
v -0.6385825 0.0574025 -0.1950000
v -0.5574025 0.1385825 -0.1950000
v -0.5625000 0.0625000 -0.1950000
v -0.5625000 0.0625000 -0.1950000
v -0.6000000 0.0500000 -0.1950000
v -0.6400575 0.0500000 -0.1950000
v -0.6385825 0.0574025 -0.1950000
v -0.5500000 0.1000000 -0.1950000
v -0.5625000 0.0625000 -0.1950000
v -0.5574025 0.1385825 -0.1950000
v -0.5500000 0.1400575 -0.1950000
v -0.4375000 0.0625000 -0.1950000
v -0.4425975 0.1385825 -0.1950000
v -0.3614175 0.0574025 -0.1950000
v -0.4375000 0.0625000 -0.1950000
v -0.4500000 0.1000000 -0.1950000
v -0.4500000 0.1400575 -0.1950000
v -0.4425975 0.1385825 -0.1950000
v -0.3599425 0.0500000 -0.1950000
v -0.4000000 0.0500000 -0.1950000
v -0.4375000 0.0625000 -0.1950000
v -0.3614175 0.0574025 -0.1950000
v -0.4000000 -0.0500000 -0.1950000
v -0.3599425 -0.0500000 -0.1950000
v -0.3614175 -0.0574025 -0.1950000
v -0.4375000 -0.0625000 -0.1950000
v -0.3614175 -0.0574025 -0.1950000
v -0.4425975 -0.1385825 -0.1950000
v -0.4375000 -0.0625000 -0.1950000
v -0.4425975 -0.1385825 -0.1950000
v -0.4500000 -0.1400575 -0.1950000
v -0.4500000 -0.1000000 -0.1950000
v -0.4375000 -0.0625000 -0.1950000
v -0.5574025 -0.1385825 -0.1950000
v -0.6385825 -0.0574025 -0.1950000
v -0.5625000 -0.0625000 -0.1950000
v -0.5500000 -0.1400575 -0.1950000
v -0.5574025 -0.1385825 -0.1950000
v -0.5625000 -0.0625000 -0.1950000
v -0.5500000 -0.1000000 -0.1950000
v -0.6000000 -0.0500000 -0.1950000
v -0.5625000 -0.0625000 -0.1950000
v -0.6385825 -0.0574025 -0.1950000
v -0.6400575 -0.0500000 -0.1950000
v -0.6400575 -0.0500000 -0.1950000
v -0.6500000 -0.0000000 -0.1950000
v -0.6500000 -0.0000000 0.1950000
v -0.6400575 -0.0500000 0.1950000
v -0.3599425 -0.0500000 0.1950000
v -0.3500000 -0.0000000 0.1950000
v -0.3500000 -0.0000000 -0.1950000
v -0.3599425 -0.0500000 -0.1950000
v -0.3599425 0.0500000 -0.1950000
v -0.3500000 -0.0000000 -0.1950000
v -0.3500000 -0.0000000 0.1950000
v -0.3599425 0.0500000 0.1950000
v -0.6400575 0.0500000 0.1950000
v -0.6500000 -0.0000000 0.1950000
v -0.6500000 -0.0000000 -0.1950000
v -0.6400575 0.0500000 -0.1950000
v -0.6000000 -0.0500000 -0.1950000
v -0.6400575 -0.0500000 -0.1950000
v -0.6400575 -0.0500000 0.1950000
v -0.6000000 -0.0500000 0.1950000
v -0.6000000 -0.0500000 -0.1950000
v -0.6000000 -0.0500000 0.1950000
v -0.5625000 -0.0625000 0.1950000
v -0.5625000 -0.0625000 -0.1950000
v -0.5625000 -0.0625000 -0.1950000
v -0.5625000 -0.0625000 0.1950000
v -0.5500000 -0.1000000 0.1950000
v -0.5500000 -0.1000000 -0.1950000
v -0.5500000 -0.1000000 -0.1950000
v -0.5500000 -0.1000000 0.1950000
v -0.5500000 -0.1400575 0.1950000
v -0.5500000 -0.1400575 -0.1950000
v -0.4500000 -0.1000000 -0.1950000
v -0.4500000 -0.1400575 -0.1950000
v -0.4500000 -0.1400575 0.1950000
v -0.4500000 -0.1000000 0.1950000
v -0.4500000 -0.1000000 -0.1950000
v -0.4500000 -0.1000000 0.1950000
v -0.4375000 -0.0625000 0.1950000
v -0.4375000 -0.0625000 -0.1950000
v -0.4375000 -0.0625000 -0.1950000
v -0.4375000 -0.0625000 0.1950000
v -0.4000000 -0.0500000 0.1950000
v -0.4000000 -0.0500000 -0.1950000
v -0.4000000 -0.0500000 -0.1950000
v -0.4000000 -0.0500000 0.1950000
v -0.3599425 -0.0500000 0.1950000
v -0.3599425 -0.0500000 -0.1950000
v -0.3599425 0.0500000 -0.1950000
v -0.3599425 0.0500000 0.1950000
v -0.4000000 0.0500000 0.1950000
v -0.4000000 0.0500000 -0.1950000
v -0.4000000 0.0500000 -0.1950000
v -0.4000000 0.0500000 0.1950000
v -0.4375000 0.0625000 0.1950000
v -0.4375000 0.0625000 -0.1950000
v -0.4375000 0.0625000 -0.1950000
v -0.4375000 0.0625000 0.1950000
v -0.4500000 0.1000000 0.1950000
v -0.4500000 0.1000000 -0.1950000
v -0.4500000 0.1000000 -0.1950000
v -0.4500000 0.1000000 0.1950000
v -0.4500000 0.1400575 0.1950000
v -0.4500000 0.1400575 -0.1950000
v -0.5500000 0.1400575 -0.1950000
v -0.5500000 0.1400575 0.1950000
v -0.5500000 0.1000000 0.1950000
v -0.5500000 0.1000000 -0.1950000
v -0.5500000 0.1000000 -0.1950000
v -0.5500000 0.1000000 0.1950000
v -0.5625000 0.0625000 0.1950000
v -0.5625000 0.0625000 -0.1950000
v -0.5625000 0.0625000 -0.1950000
v -0.5625000 0.0625000 0.1950000
v -0.6000000 0.0500000 0.1950000
v -0.6000000 0.0500000 -0.1950000
v -0.6000000 0.0500000 -0.1950000
v -0.6000000 0.0500000 0.1950000
v -0.6400575 0.0500000 0.1950000
v -0.6400575 0.0500000 -0.1950000
v -0.0574025 0.6385820 0.1950000
v -0.1060695 0.6060680 0.1950000
v -0.1385806 0.5574020 0.1950000
v -0.1385820 0.4425975 0.1950000
v -0.1060680 0.3939305 0.1950000
v -0.0574020 0.3614194 0.1950000
v 0.0574025 0.3614180 0.1950000
v 0.1060695 0.3939320 0.1950000
v 0.1385806 0.4425980 0.1950000
v 0.1385820 0.5574025 0.1950000
v 0.1060680 0.6060695 0.1950000
v 0.0574020 0.6385806 0.1950000
v -0.0574025 0.6385825 0.1950000
v -0.1385825 0.5574025 0.1950000
v -0.0625000 0.5625000 0.1950000
v -0.0625000 0.5625000 0.1950000
v -0.0500000 0.6000000 0.1950000
v -0.0500000 0.6400575 0.1950000
v -0.0574025 0.6385825 0.1950000
v -0.1000000 0.5500000 0.1950000
v -0.0625000 0.5625000 0.1950000
v -0.1385825 0.5574025 0.1950000
v -0.1400575 0.5500000 0.1950000
v -0.0625000 0.4375000 0.1950000
v -0.1385825 0.4425975 0.1950000
v -0.0574025 0.3614175 0.1950000
v -0.0625000 0.4375000 0.1950000
v -0.1000000 0.4500000 0.1950000
v -0.1400575 0.4500000 0.1950000
v -0.1385825 0.4425975 0.1950000
v -0.0500000 0.3599425 0.1950000
v -0.0500000 0.4000000 0.1950000
v -0.0625000 0.4375000 0.1950000
v -0.0574025 0.3614175 0.1950000
v 0.0500000 0.4000000 0.1950000
v 0.0500000 0.3599425 0.1950000
v 0.0574025 0.3614175 0.1950000
v 0.0625000 0.4375000 0.1950000
v 0.0574025 0.3614175 0.1950000
v 0.1385825 0.4425975 0.1950000
v 0.0625000 0.4375000 0.1950000
v 0.1385825 0.4425975 0.1950000
v 0.1400575 0.4500000 0.1950000
v 0.1000000 0.4500000 0.1950000
v 0.0625000 0.4375000 0.1950000
v 0.1385825 0.5574025 0.1950000
v 0.0574025 0.6385825 0.1950000
v 0.0625000 0.5625000 0.1950000
v 0.1400575 0.5500000 0.1950000
v 0.1385825 0.5574025 0.1950000
v 0.0625000 0.5625000 0.1950000
v 0.1000000 0.5500000 0.1950000
v 0.0500000 0.6000000 0.1950000
v 0.0625000 0.5625000 0.1950000
v 0.0574025 0.6385825 0.1950000
v 0.0500000 0.6400575 0.1950000
v 0.0574025 0.6385820 -0.1950000
v 0.1060695 0.6060680 -0.1950000
v 0.1385806 0.5574020 -0.1950000
v 0.1385820 0.4425975 -0.1950000
v 0.1060680 0.3939305 -0.1950000
v 0.0574020 0.3614194 -0.1950000
v -0.0574025 0.3614180 -0.1950000
v -0.1060695 0.3939320 -0.1950000
v -0.1385806 0.4425980 -0.1950000
v -0.1385820 0.5574025 -0.1950000
v -0.1060680 0.6060695 -0.1950000
v -0.0574020 0.6385806 -0.1950000
v 0.0574025 0.6385825 -0.1950000
v 0.1385825 0.5574025 -0.1950000
v 0.0625000 0.5625000 -0.1950000
v 0.0625000 0.5625000 -0.1950000
v 0.0500000 0.6000000 -0.1950000
v 0.0500000 0.6400575 -0.1950000
v 0.0574025 0.6385825 -0.1950000
v 0.1000000 0.5500000 -0.1950000
v 0.0625000 0.5625000 -0.1950000
v 0.1385825 0.5574025 -0.1950000
v 0.1400575 0.5500000 -0.1950000
v 0.0625000 0.4375000 -0.1950000
v 0.1385825 0.4425975 -0.1950000
v 0.0574025 0.3614175 -0.1950000
v 0.0625000 0.4375000 -0.1950000
v 0.1000000 0.4500000 -0.1950000
v 0.1400575 0.4500000 -0.1950000
v 0.1385825 0.4425975 -0.1950000
v 0.0500000 0.3599425 -0.1950000
v 0.0500000 0.4000000 -0.1950000
v 0.0625000 0.4375000 -0.1950000
v 0.0574025 0.3614175 -0.1950000
v -0.0500000 0.4000000 -0.1950000
v -0.0500000 0.3599425 -0.1950000
v -0.0574025 0.3614175 -0.1950000
v -0.0625000 0.4375000 -0.1950000
v -0.0574025 0.3614175 -0.1950000
v -0.1385825 0.4425975 -0.1950000
v -0.0625000 0.4375000 -0.1950000
v -0.1385825 0.4425975 -0.1950000
v -0.1400575 0.4500000 -0.1950000
v -0.1000000 0.4500000 -0.1950000
v -0.0625000 0.4375000 -0.1950000
v -0.1385825 0.5574025 -0.1950000
v -0.0574025 0.6385825 -0.1950000
v -0.0625000 0.5625000 -0.1950000
v -0.1400575 0.5500000 -0.1950000
v -0.1385825 0.5574025 -0.1950000
v -0.0625000 0.5625000 -0.1950000
v -0.1000000 0.5500000 -0.1950000
v -0.0500000 0.6000000 -0.1950000
v -0.0625000 0.5625000 -0.1950000
v -0.0574025 0.6385825 -0.1950000
v -0.0500000 0.6400575 -0.1950000
v -0.0500000 0.6400575 -0.1950000
v 0.0000000 0.6500000 -0.1950000
v 0.0000000 0.6500000 0.1950000
v -0.0500000 0.6400575 0.1950000
v -0.0500000 0.3599425 0.1950000
v 0.0000000 0.3500000 0.1950000
v 0.0000000 0.3500000 -0.1950000
v -0.0500000 0.3599425 -0.1950000
v 0.0500000 0.3599425 -0.1950000
v 0.0000000 0.3500000 -0.1950000
v 0.0000000 0.3500000 0.1950000
v 0.0500000 0.3599425 0.1950000
v 0.0500000 0.6400575 0.1950000
v 0.0000000 0.6500000 0.1950000
v 0.0000000 0.6500000 -0.1950000
v 0.0500000 0.6400575 -0.1950000
v -0.0500000 0.6000000 -0.1950000
v -0.0500000 0.6400575 -0.1950000
v -0.0500000 0.6400575 0.1950000
v -0.0500000 0.6000000 0.1950000
v -0.0500000 0.6000000 -0.1950000
v -0.0500000 0.6000000 0.1950000
v -0.0625000 0.5625000 0.1950000
v -0.0625000 0.5625000 -0.1950000
v -0.0625000 0.5625000 -0.1950000
v -0.0625000 0.5625000 0.1950000
v -0.1000000 0.5500000 0.1950000
v -0.1000000 0.5500000 -0.1950000
v -0.1000000 0.5500000 -0.1950000
v -0.1000000 0.5500000 0.1950000
v -0.1400575 0.5500000 0.1950000
v -0.1400575 0.5500000 -0.1950000
v -0.1000000 0.4500000 -0.1950000
v -0.1400575 0.4500000 -0.1950000
v -0.1400575 0.4500000 0.1950000
v -0.1000000 0.4500000 0.1950000
v -0.1000000 0.4500000 -0.1950000
v -0.1000000 0.4500000 0.1950000
v -0.0625000 0.4375000 0.1950000
v -0.0625000 0.4375000 -0.1950000
v -0.0625000 0.4375000 -0.1950000
v -0.0625000 0.4375000 0.1950000
v -0.0500000 0.4000000 0.1950000
v -0.0500000 0.4000000 -0.1950000
v -0.0500000 0.4000000 -0.1950000
v -0.0500000 0.4000000 0.1950000
v -0.0500000 0.3599425 0.1950000
v -0.0500000 0.3599425 -0.1950000
v 0.0500000 0.3599425 -0.1950000
v 0.0500000 0.3599425 0.1950000
v 0.0500000 0.4000000 0.1950000
v 0.0500000 0.4000000 -0.1950000
v 0.0500000 0.4000000 -0.1950000
v 0.0500000 0.4000000 0.1950000
v 0.0625000 0.4375000 0.1950000
v 0.0625000 0.4375000 -0.1950000
v 0.0625000 0.4375000 -0.1950000
v 0.0625000 0.4375000 0.1950000
v 0.1000000 0.4500000 0.1950000
v 0.1000000 0.4500000 -0.1950000
v 0.1000000 0.4500000 -0.1950000
v 0.1000000 0.4500000 0.1950000
v 0.1400575 0.4500000 0.1950000
v 0.1400575 0.4500000 -0.1950000
v 0.1400575 0.5500000 -0.1950000
v 0.1400575 0.5500000 0.1950000
v 0.1000000 0.5500000 0.1950000
v 0.1000000 0.5500000 -0.1950000
v 0.1000000 0.5500000 -0.1950000
v 0.1000000 0.5500000 0.1950000
v 0.0625000 0.5625000 0.1950000
v 0.0625000 0.5625000 -0.1950000
v 0.0625000 0.5625000 -0.1950000
v 0.0625000 0.5625000 0.1950000
v 0.0500000 0.6000000 0.1950000
v 0.0500000 0.6000000 -0.1950000
v 0.0500000 0.6000000 -0.1950000
v 0.0500000 0.6000000 0.1950000
v 0.0500000 0.6400575 0.1950000
v 0.0500000 0.6400575 -0.1950000
v 0.6385820 0.0574025 0.1950000
v 0.6060680 0.1060695 0.1950000
v 0.5574020 0.1385806 0.1950000
v 0.4425975 0.1385820 0.1950000
v 0.3939305 0.1060680 0.1950000
v 0.3614194 0.0574020 0.1950000
v 0.3614180 -0.0574025 0.1950000
v 0.3939320 -0.1060695 0.1950000
v 0.4425980 -0.1385806 0.1950000
v 0.5574025 -0.1385820 0.1950000
v 0.6060695 -0.1060680 0.1950000
v 0.6385806 -0.0574020 0.1950000
v 0.6385825 0.0574025 0.1950000
v 0.5574025 0.1385825 0.1950000
v 0.5625000 0.0625000 0.1950000
v 0.5625000 0.0625000 0.1950000
v 0.6000000 0.0500000 0.1950000
v 0.6400575 0.0500000 0.1950000
v 0.6385825 0.0574025 0.1950000
v 0.5500000 0.1000000 0.1950000
v 0.5625000 0.0625000 0.1950000
v 0.5574025 0.1385825 0.1950000
v 0.5500000 0.1400575 0.1950000
v 0.4375000 0.0625000 0.1950000
v 0.4425975 0.1385825 0.1950000
v 0.3614175 0.0574025 0.1950000
v 0.4375000 0.0625000 0.1950000
v 0.4500000 0.1000000 0.1950000
v 0.4500000 0.1400575 0.1950000
v 0.4425975 0.1385825 0.1950000
v 0.3599425 0.0500000 0.1950000
v 0.4000000 0.0500000 0.1950000
v 0.4375000 0.0625000 0.1950000
v 0.3614175 0.0574025 0.1950000
v 0.4000000 -0.0500000 0.1950000
v 0.3599425 -0.0500000 0.1950000
v 0.3614175 -0.0574025 0.1950000
v 0.4375000 -0.0625000 0.1950000
v 0.3614175 -0.0574025 0.1950000
v 0.4425975 -0.1385825 0.1950000
v 0.4375000 -0.0625000 0.1950000
v 0.4425975 -0.1385825 0.1950000
v 0.4500000 -0.1400575 0.1950000
v 0.4500000 -0.1000000 0.1950000
v 0.4375000 -0.0625000 0.1950000
v 0.5574025 -0.1385825 0.1950000
v 0.6385825 -0.0574025 0.1950000
v 0.5625000 -0.0625000 0.1950000
v 0.5500000 -0.1400575 0.1950000
v 0.5574025 -0.1385825 0.1950000
v 0.5625000 -0.0625000 0.1950000
v 0.5500000 -0.1000000 0.1950000
v 0.6000000 -0.0500000 0.1950000
v 0.5625000 -0.0625000 0.1950000
v 0.6385825 -0.0574025 0.1950000
v 0.6400575 -0.0500000 0.1950000
v 0.6385820 -0.0574025 -0.1950000
v 0.6060680 -0.1060695 -0.1950000
v 0.5574020 -0.1385806 -0.1950000
v 0.4425975 -0.1385820 -0.1950000
v 0.3939305 -0.1060680 -0.1950000
v 0.3614194 -0.0574020 -0.1950000
v 0.3614180 0.0574025 -0.1950000
v 0.3939320 0.1060695 -0.1950000
v 0.4425980 0.1385806 -0.1950000
v 0.5574025 0.1385820 -0.1950000
v 0.6060695 0.1060680 -0.1950000
v 0.6385806 0.0574020 -0.1950000
v 0.6385825 -0.0574025 -0.1950000
v 0.5574025 -0.1385825 -0.1950000
v 0.5625000 -0.0625000 -0.1950000
v 0.5625000 -0.0625000 -0.1950000
v 0.6000000 -0.0500000 -0.1950000
v 0.6400575 -0.0500000 -0.1950000
v 0.6385825 -0.0574025 -0.1950000
v 0.5500000 -0.1000000 -0.1950000
v 0.5625000 -0.0625000 -0.1950000
v 0.5574025 -0.1385825 -0.1950000
v 0.5500000 -0.1400575 -0.1950000
v 0.4375000 -0.0625000 -0.1950000
v 0.4425975 -0.1385825 -0.1950000
v 0.3614175 -0.0574025 -0.1950000
v 0.4375000 -0.0625000 -0.1950000
v 0.4500000 -0.1000000 -0.1950000
v 0.4500000 -0.1400575 -0.1950000
v 0.4425975 -0.1385825 -0.1950000
v 0.3599425 -0.0500000 -0.1950000
v 0.4000000 -0.0500000 -0.1950000
v 0.4375000 -0.0625000 -0.1950000
v 0.3614175 -0.0574025 -0.1950000
v 0.4000000 0.0500000 -0.1950000
v 0.3599425 0.0500000 -0.1950000
v 0.3614175 0.0574025 -0.1950000
v 0.4375000 0.0625000 -0.1950000
v 0.3614175 0.0574025 -0.1950000
v 0.4425975 0.1385825 -0.1950000
v 0.4375000 0.0625000 -0.1950000
v 0.4425975 0.1385825 -0.1950000
v 0.4500000 0.1400575 -0.1950000
v 0.4500000 0.1000000 -0.1950000
v 0.4375000 0.0625000 -0.1950000
v 0.5574025 0.1385825 -0.1950000
v 0.6385825 0.0574025 -0.1950000
v 0.5625000 0.0625000 -0.1950000
v 0.5500000 0.1400575 -0.1950000
v 0.5574025 0.1385825 -0.1950000
v 0.5625000 0.0625000 -0.1950000
v 0.5500000 0.1000000 -0.1950000
v 0.6000000 0.0500000 -0.1950000
v 0.5625000 0.0625000 -0.1950000
v 0.6385825 0.0574025 -0.1950000
v 0.6400575 0.0500000 -0.1950000
v 0.6400575 0.0500000 -0.1950000
v 0.6500000 -0.0000000 -0.1950000
v 0.6500000 -0.0000000 0.1950000
v 0.6400575 0.0500000 0.1950000
v 0.3599425 0.0500000 0.1950000
v 0.3500000 -0.0000000 0.1950000
v 0.3500000 -0.0000000 -0.1950000
v 0.3599425 0.0500000 -0.1950000
v 0.3599425 -0.0500000 -0.1950000
v 0.3500000 -0.0000000 -0.1950000
v 0.3500000 -0.0000000 0.1950000
v 0.3599425 -0.0500000 0.1950000
v 0.6400575 -0.0500000 0.1950000
v 0.6500000 -0.0000000 0.1950000
v 0.6500000 -0.0000000 -0.1950000
v 0.6400575 -0.0500000 -0.1950000
v 0.6000000 0.0500000 -0.1950000
v 0.6400575 0.0500000 -0.1950000
v 0.6400575 0.0500000 0.1950000
v 0.6000000 0.0500000 0.1950000
v 0.6000000 0.0500000 -0.1950000
v 0.6000000 0.0500000 0.1950000
v 0.5625000 0.0625000 0.1950000
v 0.5625000 0.0625000 -0.1950000
v 0.5625000 0.0625000 -0.1950000
v 0.5625000 0.0625000 0.1950000
v 0.5500000 0.1000000 0.1950000
v 0.5500000 0.1000000 -0.1950000
v 0.5500000 0.1000000 -0.1950000
v 0.5500000 0.1000000 0.1950000
v 0.5500000 0.1400575 0.1950000
v 0.5500000 0.1400575 -0.1950000
v 0.4500000 0.1000000 -0.1950000
v 0.4500000 0.1400575 -0.1950000
v 0.4500000 0.1400575 0.1950000
v 0.4500000 0.1000000 0.1950000
v 0.4500000 0.1000000 -0.1950000
v 0.4500000 0.1000000 0.1950000
v 0.4375000 0.0625000 0.1950000
v 0.4375000 0.0625000 -0.1950000
v 0.4375000 0.0625000 -0.1950000
v 0.4375000 0.0625000 0.1950000
v 0.4000000 0.0500000 0.1950000
v 0.4000000 0.0500000 -0.1950000
v 0.4000000 0.0500000 -0.1950000
v 0.4000000 0.0500000 0.1950000
v 0.3599425 0.0500000 0.1950000
v 0.3599425 0.0500000 -0.1950000
v 0.3599425 -0.0500000 -0.1950000
v 0.3599425 -0.0500000 0.1950000
v 0.4000000 -0.0500000 0.1950000
v 0.4000000 -0.0500000 -0.1950000
v 0.4000000 -0.0500000 -0.1950000
v 0.4000000 -0.0500000 0.1950000
v 0.4375000 -0.0625000 0.1950000
v 0.4375000 -0.0625000 -0.1950000
v 0.4375000 -0.0625000 -0.1950000
v 0.4375000 -0.0625000 0.1950000
v 0.4500000 -0.1000000 0.1950000
v 0.4500000 -0.1000000 -0.1950000
v 0.4500000 -0.1000000 -0.1950000
v 0.4500000 -0.1000000 0.1950000
v 0.4500000 -0.1400575 0.1950000
v 0.4500000 -0.1400575 -0.1950000
v 0.5500000 -0.1400575 -0.1950000
v 0.5500000 -0.1400575 0.1950000
v 0.5500000 -0.1000000 0.1950000
v 0.5500000 -0.1000000 -0.1950000
v 0.5500000 -0.1000000 -0.1950000
v 0.5500000 -0.1000000 0.1950000
v 0.5625000 -0.0625000 0.1950000
v 0.5625000 -0.0625000 -0.1950000
v 0.5625000 -0.0625000 -0.1950000
v 0.5625000 -0.0625000 0.1950000
v 0.6000000 -0.0500000 0.1950000
v 0.6000000 -0.0500000 -0.1950000
v 0.6000000 -0.0500000 -0.1950000
v 0.6000000 -0.0500000 0.1950000
v 0.6400575 -0.0500000 0.1950000
v 0.6400575 -0.0500000 -0.1950000
v 0.1450275 0.0250000 0.2500000
v 0.1400575 0.0500000 0.2500000
v 0.1400575 0.0500000 -0.2500000
v 0.1450275 0.0250000 -0.2500000
v 0.1450275 0.0250000 0.2500000
v 0.1450275 0.0250000 -0.2500000
v 0.2624975 0.0250000 -0.2500000
v 0.2624975 0.0250000 0.2500000
v 0.2625000 -0.0250000 -0.1950000
v 0.2625000 -0.0250000 0.1950000
v 0.2720675 -0.0230975 0.1950000
v 0.2720675 -0.0230975 -0.1950000
v 0.2720675 -0.0230975 -0.1950000
v 0.2720675 -0.0230975 0.1950000
v 0.2801775 -0.0176775 0.1950000
v 0.2801775 -0.0176775 -0.1950000
v 0.2801775 -0.0176775 -0.1950000
v 0.2801775 -0.0176775 0.1950000
v 0.2855975 -0.0095675 0.1950000
v 0.2855975 -0.0095675 -0.1950000
v 0.2855975 -0.0095675 -0.1950000
v 0.2855975 -0.0095675 0.1950000
v 0.2875000 -0.0000000 0.1950000
v 0.2875000 -0.0000000 -0.1950000
v 0.2875000 -0.0000000 -0.1950000
v 0.2875000 -0.0000000 0.1950000
v 0.2855975 0.0095675 0.1950000
v 0.2855975 0.0095675 -0.1950000
v 0.2855975 0.0095675 -0.1950000
v 0.2855975 0.0095675 0.1950000
v 0.2801775 0.0176775 0.1950000
v 0.2801775 0.0176775 -0.1950000
v 0.2801775 0.0176775 -0.1950000
v 0.2801775 0.0176775 0.1950000
v 0.2720675 0.0230975 0.1950000
v 0.2720675 0.0230975 -0.1950000
v 0.2720675 0.0230975 -0.1950000
v 0.2720675 0.0230975 0.1950000
v 0.2625000 0.0250000 0.1950000
v 0.2625000 0.0250000 -0.1950000
v 0.2624975 -0.0250000 0.2500000
v 0.2624975 -0.0250000 -0.2500000
v 0.1450275 -0.0250000 -0.2500000
v 0.1450275 -0.0250000 0.2500000
v 0.1400575 -0.0500000 0.2500000
v 0.1450275 -0.0250000 0.2500000
v 0.1450275 -0.0250000 -0.2500000
v 0.1400575 -0.0500000 -0.2500000
v -0.1450275 -0.0250000 0.2500000
v -0.1400575 -0.0500000 0.2500000
v -0.1400575 -0.0500000 -0.2500000
v -0.1450275 -0.0250000 -0.2500000
v -0.1450150 -0.0250000 0.2500000
v -0.1450150 -0.0250000 -0.2500000
v -0.2624850 -0.0250000 -0.2500000
v -0.2624850 -0.0250000 0.2500000
v -0.2625000 0.0250000 -0.1950000
v -0.2625000 0.0250000 0.1950000
v -0.2720675 0.0230975 0.1950000
v -0.2720675 0.0230975 -0.1950000
v -0.2720675 0.0230975 -0.1950000
v -0.2720675 0.0230975 0.1950000
v -0.2801775 0.0176775 0.1950000
v -0.2801775 0.0176775 -0.1950000
v -0.2801775 0.0176775 -0.1950000
v -0.2801775 0.0176775 0.1950000
v -0.2855975 0.0095675 0.1950000
v -0.2855975 0.0095675 -0.1950000
v -0.2855975 0.0095675 -0.1950000
v -0.2855975 0.0095675 0.1950000
v -0.2875000 -0.0000000 0.1950000
v -0.2875000 -0.0000000 -0.1950000
v -0.2875000 -0.0000000 -0.1950000
v -0.2875000 -0.0000000 0.1950000
v -0.2855975 -0.0095675 0.1950000
v -0.2855975 -0.0095675 -0.1950000
v -0.2855975 -0.0095675 -0.1950000
v -0.2855975 -0.0095675 0.1950000
v -0.2801775 -0.0176775 0.1950000
v -0.2801775 -0.0176775 -0.1950000
v -0.2801775 -0.0176775 -0.1950000
v -0.2801775 -0.0176775 0.1950000
v -0.2720675 -0.0230975 0.1950000
v -0.2720675 -0.0230975 -0.1950000
v -0.2720675 -0.0230975 -0.1950000
v -0.2720675 -0.0230975 0.1950000
v -0.2625000 -0.0250000 0.1950000
v -0.2625000 -0.0250000 -0.1950000
v -0.2624850 0.0250000 0.2500000
v -0.2624850 0.0250000 -0.2500000
v -0.1450150 0.0250000 -0.2500000
v -0.1450150 0.0250000 0.2500000
v -0.1400575 0.0500000 0.2500000
v -0.1450275 0.0250000 0.2500000
v -0.1450275 0.0250000 -0.2500000
v -0.1400575 0.0500000 -0.2500000
v 0.2625000 0.0250000 0.1950000
v 0.2500000 0.0500000 0.1950000
v 0.2500000 0.0500000 0.2500000
v 0.2625000 0.0250000 0.2500000
v 0.0500000 0.2500000 0.2500000
v 0.0652200 0.1734600 0.2500000
v 0.0652200 0.1734600 0.1950000
v 0.0500000 0.2500000 0.1950000
v 0.0652200 0.1734600 0.2500000
v 0.1085800 0.1085800 0.2500000
v 0.1085800 0.1085800 0.1950000
v 0.0652200 0.1734600 0.1950000
v 0.1085800 0.1085800 0.2500000
v 0.1734600 0.0652200 0.2500000
v 0.1734600 0.0652200 0.1950000
v 0.1085800 0.1085800 0.1950000
v 0.1734600 0.0652200 0.2500000
v 0.2500000 0.0500000 0.2500000
v 0.2500000 0.0500000 0.1950000
v 0.1734600 0.0652200 0.1950000
v 0.2500000 0.0500000 0.2500000
v 0.1734600 0.0652200 0.2500000
v 0.2102200 0.0500000 0.2500000
v 0.1734600 0.0652200 0.2500000
v 0.1085800 0.1085800 0.2500000
v 0.1367000 0.0804400 0.2500000
v 0.1085800 0.1085800 0.2500000
v 0.0652200 0.1734600 0.2500000
v 0.0804400 0.1367000 0.2500000
v 0.0652200 0.1734600 0.2500000
v 0.0500000 0.2500000 0.2500000
v 0.0500000 0.2102200 0.2500000
v 0.0500000 0.2500000 0.2500000
v 0.0500000 0.2500000 0.1950000
v 0.0461950 0.2691350 0.1950000
v 0.0461950 0.2691350 0.2500000
v 0.0461950 0.2691350 0.2500000
v 0.0461950 0.2691350 0.1950000
v 0.0353550 0.2853550 0.1950000
v 0.0353550 0.2853550 0.2500000
v 0.0353550 0.2853550 0.2500000
v 0.0353550 0.2853550 0.1950000
v 0.0191350 0.2961950 0.1950000
v 0.0191350 0.2961950 0.2500000
v 0.0191350 0.2961950 0.2500000
v 0.0191350 0.2961950 0.1950000
v 0.0000000 0.3000000 0.1950000
v 0.0000000 0.3000000 0.2500000
v 0.0000000 0.3000000 0.2500000
v 0.0000000 0.3000000 0.1950000
v -0.0191350 0.2961950 0.1950000
v -0.0191350 0.2961950 0.2500000
v -0.0191350 0.2961950 0.2500000
v -0.0191350 0.2961950 0.1950000
v -0.0353550 0.2853550 0.1950000
v -0.0353550 0.2853550 0.2500000
v -0.0353550 0.2853550 0.2500000
v -0.0353550 0.2853550 0.1950000
v -0.0461950 0.2691350 0.1950000
v -0.0461950 0.2691350 0.2500000
v -0.0461950 0.2691350 0.2500000
v -0.0461950 0.2691350 0.1950000
v -0.0500000 0.2500000 0.1950000
v -0.0500000 0.2500000 0.2500000
v 0.0461950 0.2691350 0.1950000
v 0.0500000 0.2500000 0.1950000
v 0.0500000 0.3000000 0.1950000
v 0.0353550 0.2853550 0.1950000
v 0.0461950 0.2691350 0.1950000
v 0.0500000 0.3000000 0.1950000
v 0.0191350 0.2961950 0.1950000
v 0.0353550 0.2853550 0.1950000
v 0.0500000 0.3000000 0.1950000
v 0.0000000 0.3000000 0.1950000
v 0.0191350 0.2961950 0.1950000
v 0.0500000 0.3000000 0.1950000
v -0.0191350 0.2961950 0.1950000
v 0.0000000 0.3000000 0.1950000
v -0.0500000 0.3000000 0.1950000
v -0.0353550 0.2853550 0.1950000
v -0.0191350 0.2961950 0.1950000
v -0.0500000 0.3000000 0.1950000
v -0.0461950 0.2691350 0.1950000
v -0.0353550 0.2853550 0.1950000
v -0.0500000 0.3000000 0.1950000
v -0.0500000 0.2500000 0.1950000
v -0.0461950 0.2691350 0.1950000
v -0.0500000 0.3000000 0.1950000
v -0.0500000 0.2500000 0.1950000
v -0.0652200 0.1734600 0.1950000
v -0.0652200 0.1734600 0.2500000
v -0.0500000 0.2500000 0.2500000
v -0.0652200 0.1734600 0.1950000
v -0.1085800 0.1085800 0.1950000
v -0.1085800 0.1085800 0.2500000
v -0.0652200 0.1734600 0.2500000
v -0.1085800 0.1085800 0.1950000
v -0.1734600 0.0652200 0.1950000
v -0.1734600 0.0652200 0.2500000
v -0.1085800 0.1085800 0.2500000
v -0.1734600 0.0652200 0.1950000
v -0.2500000 0.0500000 0.1950000
v -0.2500000 0.0500000 0.2500000
v -0.1734600 0.0652200 0.2500000
v -0.2102200 0.0500000 0.2500000
v -0.1734600 0.0652200 0.2500000
v -0.2500000 0.0500000 0.2500000
v -0.1367000 0.0804400 0.2500000
v -0.1085800 0.1085800 0.2500000
v -0.1734600 0.0652200 0.2500000
v -0.0804400 0.1367000 0.2500000
v -0.0652200 0.1734600 0.2500000
v -0.1085800 0.1085800 0.2500000
v -0.0500000 0.2102200 0.2500000
v -0.0500000 0.2500000 0.2500000
v -0.0652200 0.1734600 0.2500000
v -0.2625000 0.0250000 0.2500000
v -0.2500000 0.0500000 0.2500000
v -0.2500000 0.0500000 0.1950000
v -0.2625000 0.0250000 0.1950000
v -0.2720675 0.0230975 0.1950000
v -0.2625000 0.0250000 0.1950000
v -0.2875000 0.0250000 0.1950000
v -0.2801775 0.0176775 0.1950000
v -0.2720675 0.0230975 0.1950000
v -0.2875000 0.0250000 0.1950000
v -0.2855975 0.0095675 0.1950000
v -0.2801775 0.0176775 0.1950000
v -0.2875000 0.0250000 0.1950000
v -0.2875000 -0.0000000 0.1950000
v -0.2855975 0.0095675 0.1950000
v -0.2875000 0.0250000 0.1950000
v -0.2855975 -0.0095675 0.1950000
v -0.2875000 -0.0000000 0.1950000
v -0.2875000 -0.0250000 0.1950000
v -0.2801775 -0.0176775 0.1950000
v -0.2855975 -0.0095675 0.1950000
v -0.2875000 -0.0250000 0.1950000
v -0.2720675 -0.0230975 0.1950000
v -0.2801775 -0.0176775 0.1950000
v -0.2875000 -0.0250000 0.1950000
v -0.2625000 -0.0250000 0.1950000
v -0.2720675 -0.0230975 0.1950000
v -0.2875000 -0.0250000 0.1950000
v -0.2625000 0.0250000 0.1950000
v -0.2500000 0.0500000 0.1950000
v -0.3000000 0.0500000 0.1950000
v -0.2875000 0.0250000 0.1950000
v -0.2875000 0.0250000 0.1950000
v -0.3000000 0.0500000 0.1950000
v -0.3000000 -0.0500000 0.1950000
v -0.2875000 -0.0250000 0.1950000
v -0.2875000 -0.0250000 0.1950000
v -0.3000000 -0.0500000 0.1950000
v -0.2500000 -0.0500000 0.1950000
v -0.2625000 -0.0250000 0.1950000
v -0.2500000 -0.0500000 0.2500000
v -0.2625000 -0.0250000 0.2500000
v -0.2625000 -0.0250000 0.1950000
v -0.2500000 -0.0500000 0.1950000
v -0.0500000 -0.2500000 0.2500000
v -0.0652200 -0.1734600 0.2500000
v -0.0652200 -0.1734600 0.1950000
v -0.0500000 -0.2500000 0.1950000
v -0.0652200 -0.1734600 0.2500000
v -0.1085800 -0.1085800 0.2500000
v -0.1085800 -0.1085800 0.1950000
v -0.0652200 -0.1734600 0.1950000
v -0.1085800 -0.1085800 0.2500000
v -0.1734600 -0.0652200 0.2500000
v -0.1734600 -0.0652200 0.1950000
v -0.1085800 -0.1085800 0.1950000
v -0.1734600 -0.0652200 0.2500000
v -0.2500000 -0.0500000 0.2500000
v -0.2500000 -0.0500000 0.1950000
v -0.1734600 -0.0652200 0.1950000
v -0.2500000 -0.0500000 0.2500000
v -0.1734600 -0.0652200 0.2500000
v -0.2102200 -0.0500000 0.2500000
v -0.1734600 -0.0652200 0.2500000
v -0.1085800 -0.1085800 0.2500000
v -0.1367000 -0.0804400 0.2500000
v -0.1085800 -0.1085800 0.2500000
v -0.0652200 -0.1734600 0.2500000
v -0.0804400 -0.1367000 0.2500000
v -0.0652200 -0.1734600 0.2500000
v -0.0500000 -0.2500000 0.2500000
v -0.0500000 -0.2102200 0.2500000
v -0.0500000 -0.2500000 0.2500000
v -0.0500000 -0.2500000 0.1950000
v -0.0461950 -0.2691350 0.1950000
v -0.0461950 -0.2691350 0.2500000
v -0.0461950 -0.2691350 0.2500000
v -0.0461950 -0.2691350 0.1950000
v -0.0353550 -0.2853550 0.1950000
v -0.0353550 -0.2853550 0.2500000
v -0.0353550 -0.2853550 0.2500000
v -0.0353550 -0.2853550 0.1950000
v -0.0191350 -0.2961950 0.1950000
v -0.0191350 -0.2961950 0.2500000
v -0.0191350 -0.2961950 0.2500000
v -0.0191350 -0.2961950 0.1950000
v 0.0000000 -0.3000000 0.1950000
v 0.0000000 -0.3000000 0.2500000
v 0.0000000 -0.3000000 0.2500000
v 0.0000000 -0.3000000 0.1950000
v 0.0191350 -0.2961950 0.1950000
v 0.0191350 -0.2961950 0.2500000
v 0.0191350 -0.2961950 0.2500000
v 0.0191350 -0.2961950 0.1950000
v 0.0353550 -0.2853550 0.1950000
v 0.0353550 -0.2853550 0.2500000
v 0.0353550 -0.2853550 0.2500000
v 0.0353550 -0.2853550 0.1950000
v 0.0461950 -0.2691350 0.1950000
v 0.0461950 -0.2691350 0.2500000
v 0.0461950 -0.2691350 0.2500000
v 0.0461950 -0.2691350 0.1950000
v 0.0500000 -0.2500000 0.1950000
v 0.0500000 -0.2500000 0.2500000
v -0.0461950 -0.2691350 0.1950000
v -0.0500000 -0.2500000 0.1950000
v -0.0500000 -0.3000000 0.1950000
v -0.0353550 -0.2853550 0.1950000
v -0.0461950 -0.2691350 0.1950000
v -0.0500000 -0.3000000 0.1950000
v -0.0191350 -0.2961950 0.1950000
v -0.0353550 -0.2853550 0.1950000
v -0.0500000 -0.3000000 0.1950000
v 0.0000000 -0.3000000 0.1950000
v -0.0191350 -0.2961950 0.1950000
v -0.0500000 -0.3000000 0.1950000
v 0.0191350 -0.2961950 0.1950000
v 0.0000000 -0.3000000 0.1950000
v 0.0500000 -0.3000000 0.1950000
v 0.0353550 -0.2853550 0.1950000
v 0.0191350 -0.2961950 0.1950000
v 0.0500000 -0.3000000 0.1950000
v 0.0461950 -0.2691350 0.1950000
v 0.0353550 -0.2853550 0.1950000
v 0.0500000 -0.3000000 0.1950000
v 0.0500000 -0.2500000 0.1950000
v 0.0461950 -0.2691350 0.1950000
v 0.0500000 -0.3000000 0.1950000
v 0.0500000 -0.2500000 0.1950000
v 0.0652200 -0.1734600 0.1950000
v 0.0652200 -0.1734600 0.2500000
v 0.0500000 -0.2500000 0.2500000
v 0.0652200 -0.1734600 0.1950000
v 0.1085800 -0.1085800 0.1950000
v 0.1085800 -0.1085800 0.2500000
v 0.0652200 -0.1734600 0.2500000
v 0.1085800 -0.1085800 0.1950000
v 0.1734600 -0.0652200 0.1950000
v 0.1734600 -0.0652200 0.2500000
v 0.1085800 -0.1085800 0.2500000
v 0.1734600 -0.0652200 0.1950000
v 0.2500000 -0.0500000 0.1950000
v 0.2500000 -0.0500000 0.2500000
v 0.1734600 -0.0652200 0.2500000
v 0.2102200 -0.0500000 0.2500000
v 0.1734600 -0.0652200 0.2500000
v 0.2500000 -0.0500000 0.2500000
v 0.1367000 -0.0804400 0.2500000
v 0.1085800 -0.1085800 0.2500000
v 0.1734600 -0.0652200 0.2500000
v 0.0804400 -0.1367000 0.2500000
v 0.0652200 -0.1734600 0.2500000
v 0.1085800 -0.1085800 0.2500000
v 0.0500000 -0.2102200 0.2500000
v 0.0500000 -0.2500000 0.2500000
v 0.0652200 -0.1734600 0.2500000
v 0.2625000 -0.0250000 0.2500000
v 0.2500000 -0.0500000 0.2500000
v 0.2500000 -0.0500000 0.1950000
v 0.2625000 -0.0250000 0.1950000
v 0.2720675 -0.0230975 0.1950000
v 0.2625000 -0.0250000 0.1950000
v 0.2875000 -0.0250000 0.1950000
v 0.2801775 -0.0176775 0.1950000
v 0.2720675 -0.0230975 0.1950000
v 0.2875000 -0.0250000 0.1950000
v 0.2855975 -0.0095675 0.1950000
v 0.2801775 -0.0176775 0.1950000
v 0.2875000 -0.0250000 0.1950000
v 0.2875000 -0.0000000 0.1950000
v 0.2855975 -0.0095675 0.1950000
v 0.2875000 -0.0250000 0.1950000
v 0.2855975 0.0095675 0.1950000
v 0.2875000 -0.0000000 0.1950000
v 0.2875000 0.0250000 0.1950000
v 0.2801775 0.0176775 0.1950000
v 0.2855975 0.0095675 0.1950000
v 0.2875000 0.0250000 0.1950000
v 0.2720675 0.0230975 0.1950000
v 0.2801775 0.0176775 0.1950000
v 0.2875000 0.0250000 0.1950000
v 0.2625000 0.0250000 0.1950000
v 0.2720675 0.0230975 0.1950000
v 0.2875000 0.0250000 0.1950000
v 0.2625000 -0.0250000 0.1950000
v 0.2500000 -0.0500000 0.1950000
v 0.3000000 -0.0500000 0.1950000
v 0.2875000 -0.0250000 0.1950000
v 0.2875000 -0.0250000 0.1950000
v 0.3000000 -0.0500000 0.1950000
v 0.3000000 0.0500000 0.1950000
v 0.2875000 0.0250000 0.1950000
v 0.2875000 0.0250000 0.1950000
v 0.3000000 0.0500000 0.1950000
v 0.2500000 0.0500000 0.1950000
v 0.2625000 0.0250000 0.1950000
v 0.2102200 0.0500000 0.2500000
v 0.1734625 0.0652250 0.2500000
v 0.1400575 0.0500000 0.2500000
v 0.1450275 0.0250000 0.2500000
v 0.1367000 0.0804400 0.2500000
v 0.1385825 0.0574025 0.2500000
v 0.1400575 0.0500000 0.2500000
v 0.1734625 0.0652250 0.2500000
v 0.2625000 0.0250000 0.2500000
v 0.2500000 0.0500000 0.2500000
v 0.2102200 0.0500000 0.2500000
v 0.1450275 0.0250000 0.2500000
v 0.1085775 0.1085775 0.2500000
v 0.1060650 0.1060650 0.2500000
v 0.1385825 0.0574025 0.2500000
v 0.1367000 0.0804400 0.2500000
v 0.0804400 0.1367000 0.2500000
v 0.0652250 0.1734625 0.2500000
v 0.0574025 0.1385825 0.2500000
v 0.0574025 0.1385825 0.2500000
v 0.1060650 0.1060650 0.2500000
v 0.1085775 0.1085775 0.2500000
v 0.0804400 0.1367000 0.2500000
v 0.0652250 0.1734625 0.2500000
v 0.0500000 0.2102200 0.2500000
v 0.0000000 0.1500000 0.2500000
v 0.0574025 0.1385825 0.2500000
v 0.0500000 0.2500000 0.2500000
v -0.0500000 0.2500000 0.2500000
v -0.0500000 0.2102200 0.2500000
v 0.0500000 0.2102200 0.2500000
v 0.0461950 0.2691350 0.2500000
v -0.0461950 0.2691350 0.2500000
v -0.0500000 0.2500000 0.2500000
v 0.0500000 0.2500000 0.2500000
v 0.0353550 0.2853550 0.2500000
v -0.0353550 0.2853550 0.2500000
v -0.0461950 0.2691350 0.2500000
v 0.0461950 0.2691350 0.2500000
v 0.0191350 0.2961950 0.2500000
v -0.0191350 0.2961950 0.2500000
v -0.0353550 0.2853550 0.2500000
v 0.0353550 0.2853550 0.2500000
v 0.0000000 0.3000000 0.2500000
v -0.0191350 0.2961950 0.2500000
v 0.0191350 0.2961950 0.2500000
v -0.0652250 0.1734625 0.2500000
v -0.0574025 0.1385825 0.2500000
v 0.0000000 0.1500000 0.2500000
v -0.0500000 0.2102200 0.2500000
v -0.0500000 0.2102200 0.2500000
v 0.0000000 0.1500000 0.2500000
v 0.0500000 0.2102200 0.2500000
v -0.1085775 0.1085775 0.2500000
v -0.1060650 0.1060650 0.2500000
v -0.0574025 0.1385825 0.2500000
v -0.0804400 0.1367000 0.2500000
v -0.0652250 0.1734625 0.2500000
v -0.0804400 0.1367000 0.2500000
v -0.0574025 0.1385825 0.2500000
v -0.1085775 0.1085775 0.2500000
v -0.1367000 0.0804400 0.2500000
v -0.1385825 0.0574025 0.2500000
v -0.1060650 0.1060650 0.2500000
v -0.1367000 0.0804400 0.2500000
v -0.1734625 0.0652250 0.2500000
v -0.1400575 0.0500000 0.2500000
v -0.1385825 0.0574025 0.2500000
v -0.1734625 0.0652250 0.2500000
v -0.2102200 0.0500000 0.2500000
v -0.1450275 0.0250000 0.2500000
v -0.1400575 0.0500000 0.2500000
v -0.2102200 0.0500000 0.2500000
v -0.2500000 0.0500000 0.2500000
v -0.2625000 0.0250000 0.2500000
v -0.1450275 0.0250000 0.2500000
v -0.1400575 -0.0500000 0.2500000
v -0.1450275 -0.0250000 0.2500000
v -0.2102200 -0.0500000 0.2500000
v -0.1734625 -0.0652250 0.2500000
v -0.2625000 -0.0250000 0.2500000
v -0.2500000 -0.0500000 0.2500000
v -0.2102200 -0.0500000 0.2500000
v -0.1450275 -0.0250000 0.2500000
v -0.1085775 -0.1085775 0.2500000
v -0.1060650 -0.1060650 0.2500000
v -0.1385825 -0.0574025 0.2500000
v -0.1367000 -0.0804400 0.2500000
v -0.1400575 -0.0500000 0.2500000
v -0.1734625 -0.0652250 0.2500000
v -0.1367000 -0.0804400 0.2500000
v -0.1385825 -0.0574025 0.2500000
v -0.1085775 -0.1085775 0.2500000
v -0.0804400 -0.1367000 0.2500000
v -0.0574025 -0.1385825 0.2500000
v -0.1060650 -0.1060650 0.2500000
v -0.0804400 -0.1367000 0.2500000
v -0.0652250 -0.1734625 0.2500000
v -0.0574025 -0.1385825 0.2500000
v 0.0500000 -0.2102200 0.2500000
v -0.0500000 -0.2102200 0.2500000
v -0.0500000 -0.2500000 0.2500000
v 0.0500000 -0.2500000 0.2500000
v 0.0000000 -0.1500000 0.2500000
v -0.0574025 -0.1385825 0.2500000
v -0.0652250 -0.1734625 0.2500000
v -0.0500000 -0.2102200 0.2500000
v -0.0461950 -0.2691350 0.2500000
v 0.0461950 -0.2691350 0.2500000
v 0.0500000 -0.2500000 0.2500000
v -0.0500000 -0.2500000 0.2500000
v -0.0353550 -0.2853550 0.2500000
v 0.0353550 -0.2853550 0.2500000
v 0.0461950 -0.2691350 0.2500000
v -0.0461950 -0.2691350 0.2500000
v -0.0191350 -0.2961950 0.2500000
v 0.0191350 -0.2961950 0.2500000
v 0.0353550 -0.2853550 0.2500000
v -0.0353550 -0.2853550 0.2500000
v 0.0000000 -0.3000000 0.2500000
v 0.0191350 -0.2961950 0.2500000
v -0.0191350 -0.2961950 0.2500000
v 0.0652250 -0.1734625 0.2500000
v 0.0574025 -0.1385825 0.2500000
v 0.0000000 -0.1500000 0.2500000
v 0.0500000 -0.2102200 0.2500000
v 0.0500000 -0.2102200 0.2500000
v 0.0000000 -0.1500000 0.2500000
v -0.0500000 -0.2102200 0.2500000
v 0.0574025 -0.1385825 0.2500000
v 0.0804400 -0.1367000 0.2500000
v 0.1085775 -0.1085775 0.2500000
v 0.1060650 -0.1060650 0.2500000
v 0.0574025 -0.1385825 0.2500000
v 0.0652250 -0.1734625 0.2500000
v 0.0804400 -0.1367000 0.2500000
v 0.1400550 -0.0500000 0.2500000
v 0.1385825 -0.0574025 0.2500000
v 0.1367000 -0.0804400 0.2500000
v 0.1734625 -0.0652250 0.2500000
v 0.1385825 -0.0574025 0.2500000
v 0.1060650 -0.1060650 0.2500000
v 0.1085775 -0.1085775 0.2500000
v 0.1367000 -0.0804400 0.2500000
v 0.2625000 -0.0250000 0.2500000
v 0.1450275 -0.0250000 0.2500000
v 0.2102200 -0.0500000 0.2500000
v 0.2500000 -0.0500000 0.2500000
v 0.1734625 -0.0652250 0.2500000
v 0.2102200 -0.0500000 0.2500000
v 0.1450275 -0.0250000 0.2500000
v 0.1400550 -0.0500000 0.2500000
v -0.2625000 0.0250000 -0.1950000
v -0.2500000 0.0500000 -0.1950000
v -0.2500000 0.0500000 -0.2500000
v -0.2625000 0.0250000 -0.2500000
v -0.0500000 0.2500000 -0.2500000
v -0.0652200 0.1734600 -0.2500000
v -0.0652200 0.1734600 -0.1950000
v -0.0500000 0.2500000 -0.1950000
v -0.0652200 0.1734600 -0.2500000
v -0.1085800 0.1085800 -0.2500000
v -0.1085800 0.1085800 -0.1950000
v -0.0652200 0.1734600 -0.1950000
v -0.1085800 0.1085800 -0.2500000
v -0.1734600 0.0652200 -0.2500000
v -0.1734600 0.0652200 -0.1950000
v -0.1085800 0.1085800 -0.1950000
v -0.1734600 0.0652200 -0.2500000
v -0.2500000 0.0500000 -0.2500000
v -0.2500000 0.0500000 -0.1950000
v -0.1734600 0.0652200 -0.1950000
v -0.2500000 0.0500000 -0.2500000
v -0.1734600 0.0652200 -0.2500000
v -0.2102200 0.0500000 -0.2500000
v -0.1734600 0.0652200 -0.2500000
v -0.1085800 0.1085800 -0.2500000
v -0.1367000 0.0804400 -0.2500000
v -0.1085800 0.1085800 -0.2500000
v -0.0652200 0.1734600 -0.2500000
v -0.0804400 0.1367000 -0.2500000
v -0.0652200 0.1734600 -0.2500000
v -0.0500000 0.2500000 -0.2500000
v -0.0500000 0.2102200 -0.2500000
v -0.0500000 0.2500000 -0.2500000
v -0.0500000 0.2500000 -0.1950000
v -0.0461950 0.2691350 -0.1950000
v -0.0461950 0.2691350 -0.2500000
v -0.0461950 0.2691350 -0.2500000
v -0.0461950 0.2691350 -0.1950000
v -0.0353550 0.2853550 -0.1950000
v -0.0353550 0.2853550 -0.2500000
v -0.0353550 0.2853550 -0.2500000
v -0.0353550 0.2853550 -0.1950000
v -0.0191350 0.2961950 -0.1950000
v -0.0191350 0.2961950 -0.2500000
v -0.0191350 0.2961950 -0.2500000
v -0.0191350 0.2961950 -0.1950000
v 0.0000000 0.3000000 -0.1950000
v 0.0000000 0.3000000 -0.2500000
v 0.0000000 0.3000000 -0.2500000
v 0.0000000 0.3000000 -0.1950000
v 0.0191350 0.2961950 -0.1950000
v 0.0191350 0.2961950 -0.2500000
v 0.0191350 0.2961950 -0.2500000
v 0.0191350 0.2961950 -0.1950000
v 0.0353550 0.2853550 -0.1950000
v 0.0353550 0.2853550 -0.2500000
v 0.0353550 0.2853550 -0.2500000
v 0.0353550 0.2853550 -0.1950000
v 0.0461950 0.2691350 -0.1950000
v 0.0461950 0.2691350 -0.2500000
v 0.0461950 0.2691350 -0.2500000
v 0.0461950 0.2691350 -0.1950000
v 0.0500000 0.2500000 -0.1950000
v 0.0500000 0.2500000 -0.2500000
v -0.0461950 0.2691350 -0.1950000
v -0.0500000 0.2500000 -0.1950000
v -0.0500000 0.3000000 -0.1950000
v -0.0353550 0.2853550 -0.1950000
v -0.0461950 0.2691350 -0.1950000
v -0.0500000 0.3000000 -0.1950000
v -0.0191350 0.2961950 -0.1950000
v -0.0353550 0.2853550 -0.1950000
v -0.0500000 0.3000000 -0.1950000
v 0.0000000 0.3000000 -0.1950000
v -0.0191350 0.2961950 -0.1950000
v -0.0500000 0.3000000 -0.1950000
v 0.0191350 0.2961950 -0.1950000
v 0.0000000 0.3000000 -0.1950000
v 0.0500000 0.3000000 -0.1950000
v 0.0353550 0.2853550 -0.1950000
v 0.0191350 0.2961950 -0.1950000
v 0.0500000 0.3000000 -0.1950000
v 0.0461950 0.2691350 -0.1950000
v 0.0353550 0.2853550 -0.1950000
v 0.0500000 0.3000000 -0.1950000
v 0.0500000 0.2500000 -0.1950000
v 0.0461950 0.2691350 -0.1950000
v 0.0500000 0.3000000 -0.1950000
v 0.0500000 0.2500000 -0.1950000
v 0.0652200 0.1734600 -0.1950000
v 0.0652200 0.1734600 -0.2500000
v 0.0500000 0.2500000 -0.2500000
v 0.0652200 0.1734600 -0.1950000
v 0.1085800 0.1085800 -0.1950000
v 0.1085800 0.1085800 -0.2500000
v 0.0652200 0.1734600 -0.2500000
v 0.1085800 0.1085800 -0.1950000
v 0.1734600 0.0652200 -0.1950000
v 0.1734600 0.0652200 -0.2500000
v 0.1085800 0.1085800 -0.2500000
v 0.1734600 0.0652200 -0.1950000
v 0.2500000 0.0500000 -0.1950000
v 0.2500000 0.0500000 -0.2500000
v 0.1734600 0.0652200 -0.2500000
v 0.2102200 0.0500000 -0.2500000
v 0.1734600 0.0652200 -0.2500000
v 0.2500000 0.0500000 -0.2500000
v 0.1367000 0.0804400 -0.2500000
v 0.1085800 0.1085800 -0.2500000
v 0.1734600 0.0652200 -0.2500000
v 0.0804400 0.1367000 -0.2500000
v 0.0652200 0.1734600 -0.2500000
v 0.1085800 0.1085800 -0.2500000
v 0.0500000 0.2102200 -0.2500000
v 0.0500000 0.2500000 -0.2500000
v 0.0652200 0.1734600 -0.2500000
v 0.2625000 0.0250000 -0.2500000
v 0.2500000 0.0500000 -0.2500000
v 0.2500000 0.0500000 -0.1950000
v 0.2625000 0.0250000 -0.1950000
v 0.2720675 0.0230975 -0.1950000
v 0.2625000 0.0250000 -0.1950000
v 0.2875000 0.0250000 -0.1950000
v 0.2801775 0.0176775 -0.1950000
v 0.2720675 0.0230975 -0.1950000
v 0.2875000 0.0250000 -0.1950000
v 0.2855975 0.0095675 -0.1950000
v 0.2801775 0.0176775 -0.1950000
v 0.2875000 0.0250000 -0.1950000
v 0.2875000 -0.0000000 -0.1950000
v 0.2855975 0.0095675 -0.1950000
v 0.2875000 0.0250000 -0.1950000
v 0.2855975 -0.0095675 -0.1950000
v 0.2875000 -0.0000000 -0.1950000
v 0.2875000 -0.0250000 -0.1950000
v 0.2801775 -0.0176775 -0.1950000
v 0.2855975 -0.0095675 -0.1950000
v 0.2875000 -0.0250000 -0.1950000
v 0.2720675 -0.0230975 -0.1950000
v 0.2801775 -0.0176775 -0.1950000
v 0.2875000 -0.0250000 -0.1950000
v 0.2625000 -0.0250000 -0.1950000
v 0.2720675 -0.0230975 -0.1950000
v 0.2875000 -0.0250000 -0.1950000
v 0.2625000 0.0250000 -0.1950000
v 0.2500000 0.0500000 -0.1950000
v 0.3000000 0.0500000 -0.1950000
v 0.2875000 0.0250000 -0.1950000
v 0.2875000 0.0250000 -0.1950000
v 0.3000000 0.0500000 -0.1950000
v 0.3000000 -0.0500000 -0.1950000
v 0.2875000 -0.0250000 -0.1950000
v 0.2875000 -0.0250000 -0.1950000
v 0.3000000 -0.0500000 -0.1950000
v 0.2500000 -0.0500000 -0.1950000
v 0.2625000 -0.0250000 -0.1950000
v 0.2500000 -0.0500000 -0.2500000
v 0.2625000 -0.0250000 -0.2500000
v 0.2625000 -0.0250000 -0.1950000
v 0.2500000 -0.0500000 -0.1950000
v 0.0500000 -0.2500000 -0.2500000
v 0.0652200 -0.1734600 -0.2500000
v 0.0652200 -0.1734600 -0.1950000
v 0.0500000 -0.2500000 -0.1950000
v 0.0652200 -0.1734600 -0.2500000
v 0.1085800 -0.1085800 -0.2500000
v 0.1085800 -0.1085800 -0.1950000
v 0.0652200 -0.1734600 -0.1950000
v 0.1085800 -0.1085800 -0.2500000
v 0.1734600 -0.0652200 -0.2500000
v 0.1734600 -0.0652200 -0.1950000
v 0.1085800 -0.1085800 -0.1950000
v 0.1734600 -0.0652200 -0.2500000
v 0.2500000 -0.0500000 -0.2500000
v 0.2500000 -0.0500000 -0.1950000
v 0.1734600 -0.0652200 -0.1950000
v 0.2500000 -0.0500000 -0.2500000
v 0.1734600 -0.0652200 -0.2500000
v 0.2102200 -0.0500000 -0.2500000
v 0.1734600 -0.0652200 -0.2500000
v 0.1085800 -0.1085800 -0.2500000
v 0.1367000 -0.0804400 -0.2500000
v 0.1085800 -0.1085800 -0.2500000
v 0.0652200 -0.1734600 -0.2500000
v 0.0804400 -0.1367000 -0.2500000
v 0.0652200 -0.1734600 -0.2500000
v 0.0500000 -0.2500000 -0.2500000
v 0.0500000 -0.2102200 -0.2500000
v 0.0500000 -0.2500000 -0.2500000
v 0.0500000 -0.2500000 -0.1950000
v 0.0461950 -0.2691350 -0.1950000
v 0.0461950 -0.2691350 -0.2500000
v 0.0461950 -0.2691350 -0.2500000
v 0.0461950 -0.2691350 -0.1950000
v 0.0353550 -0.2853550 -0.1950000
v 0.0353550 -0.2853550 -0.2500000
v 0.0353550 -0.2853550 -0.2500000
v 0.0353550 -0.2853550 -0.1950000
v 0.0191350 -0.2961950 -0.1950000
v 0.0191350 -0.2961950 -0.2500000
v 0.0191350 -0.2961950 -0.2500000
v 0.0191350 -0.2961950 -0.1950000
v 0.0000000 -0.3000000 -0.1950000
v 0.0000000 -0.3000000 -0.2500000
v 0.0000000 -0.3000000 -0.2500000
v 0.0000000 -0.3000000 -0.1950000
v -0.0191350 -0.2961950 -0.1950000
v -0.0191350 -0.2961950 -0.2500000
v -0.0191350 -0.2961950 -0.2500000
v -0.0191350 -0.2961950 -0.1950000
v -0.0353550 -0.2853550 -0.1950000
v -0.0353550 -0.2853550 -0.2500000
v -0.0353550 -0.2853550 -0.2500000
v -0.0353550 -0.2853550 -0.1950000
v -0.0461950 -0.2691350 -0.1950000
v -0.0461950 -0.2691350 -0.2500000
v -0.0461950 -0.2691350 -0.2500000
v -0.0461950 -0.2691350 -0.1950000
v -0.0500000 -0.2500000 -0.1950000
v -0.0500000 -0.2500000 -0.2500000
v 0.0461950 -0.2691350 -0.1950000
v 0.0500000 -0.2500000 -0.1950000
v 0.0500000 -0.3000000 -0.1950000
v 0.0353550 -0.2853550 -0.1950000
v 0.0461950 -0.2691350 -0.1950000
v 0.0500000 -0.3000000 -0.1950000
v 0.0191350 -0.2961950 -0.1950000
v 0.0353550 -0.2853550 -0.1950000
v 0.0500000 -0.3000000 -0.1950000
v 0.0000000 -0.3000000 -0.1950000
v 0.0191350 -0.2961950 -0.1950000
v 0.0500000 -0.3000000 -0.1950000
v -0.0191350 -0.2961950 -0.1950000
v 0.0000000 -0.3000000 -0.1950000
v -0.0500000 -0.3000000 -0.1950000
v -0.0353550 -0.2853550 -0.1950000
v -0.0191350 -0.2961950 -0.1950000
v -0.0500000 -0.3000000 -0.1950000
v -0.0461950 -0.2691350 -0.1950000
v -0.0353550 -0.2853550 -0.1950000
v -0.0500000 -0.3000000 -0.1950000
v -0.0500000 -0.2500000 -0.1950000
v -0.0461950 -0.2691350 -0.1950000
v -0.0500000 -0.3000000 -0.1950000
v -0.0500000 -0.2500000 -0.1950000
v -0.0652200 -0.1734600 -0.1950000
v -0.0652200 -0.1734600 -0.2500000
v -0.0500000 -0.2500000 -0.2500000
v -0.0652200 -0.1734600 -0.1950000
v -0.1085800 -0.1085800 -0.1950000
v -0.1085800 -0.1085800 -0.2500000
v -0.0652200 -0.1734600 -0.2500000
v -0.1085800 -0.1085800 -0.1950000
v -0.1734600 -0.0652200 -0.1950000
v -0.1734600 -0.0652200 -0.2500000
v -0.1085800 -0.1085800 -0.2500000
v -0.1734600 -0.0652200 -0.1950000
v -0.2500000 -0.0500000 -0.1950000
v -0.2500000 -0.0500000 -0.2500000
v -0.1734600 -0.0652200 -0.2500000
v -0.2102200 -0.0500000 -0.2500000
v -0.1734600 -0.0652200 -0.2500000
v -0.2500000 -0.0500000 -0.2500000
v -0.1367000 -0.0804400 -0.2500000
v -0.1085800 -0.1085800 -0.2500000
v -0.1734600 -0.0652200 -0.2500000
v -0.0804400 -0.1367000 -0.2500000
v -0.0652200 -0.1734600 -0.2500000
v -0.1085800 -0.1085800 -0.2500000
v -0.0500000 -0.2102200 -0.2500000
v -0.0500000 -0.2500000 -0.2500000
v -0.0652200 -0.1734600 -0.2500000
v -0.2500000 -0.0500000 -0.1950000
v -0.2625000 -0.0250000 -0.1950000
v -0.2625000 -0.0250000 -0.2500000
v -0.2500000 -0.0500000 -0.2500000
v -0.2720675 -0.0230975 -0.1950000
v -0.2625000 -0.0250000 -0.1950000
v -0.2875000 -0.0250000 -0.1950000
v -0.2801775 -0.0176775 -0.1950000
v -0.2720675 -0.0230975 -0.1950000
v -0.2875000 -0.0250000 -0.1950000
v -0.2855975 -0.0095675 -0.1950000
v -0.2801775 -0.0176775 -0.1950000
v -0.2875000 -0.0250000 -0.1950000
v -0.2875000 -0.0000000 -0.1950000
v -0.2855975 -0.0095675 -0.1950000
v -0.2875000 -0.0250000 -0.1950000
v -0.2855975 0.0095675 -0.1950000
v -0.2875000 -0.0000000 -0.1950000
v -0.2875000 0.0250000 -0.1950000
v -0.2801775 0.0176775 -0.1950000
v -0.2855975 0.0095675 -0.1950000
v -0.2875000 0.0250000 -0.1950000
v -0.2720675 0.0230975 -0.1950000
v -0.2801775 0.0176775 -0.1950000
v -0.2875000 0.0250000 -0.1950000
v -0.2625000 0.0250000 -0.1950000
v -0.2720675 0.0230975 -0.1950000
v -0.2875000 0.0250000 -0.1950000
v -0.2625000 -0.0250000 -0.1950000
v -0.2500000 -0.0500000 -0.1950000
v -0.3000000 -0.0500000 -0.1950000
v -0.2875000 -0.0250000 -0.1950000
v -0.2875000 -0.0250000 -0.1950000
v -0.3000000 -0.0500000 -0.1950000
v -0.3000000 0.0500000 -0.1950000
v -0.2875000 0.0250000 -0.1950000
v -0.2875000 0.0250000 -0.1950000
v -0.3000000 0.0500000 -0.1950000
v -0.2500000 0.0500000 -0.1950000
v -0.2625000 0.0250000 -0.1950000
v -0.2102200 0.0500000 -0.2500000
v -0.1734625 0.0652250 -0.2500000
v -0.1400575 0.0500000 -0.2500000
v -0.1450275 0.0250000 -0.2500000
v -0.1367000 0.0804400 -0.2500000
v -0.1385825 0.0574025 -0.2500000
v -0.1400575 0.0500000 -0.2500000
v -0.1734625 0.0652250 -0.2500000
v -0.2625000 0.0250000 -0.2500000
v -0.2500000 0.0500000 -0.2500000
v -0.2102200 0.0500000 -0.2500000
v -0.1450275 0.0250000 -0.2500000
v -0.1385825 0.0574025 -0.2500000
v -0.1367000 0.0804400 -0.2500000
v -0.1085775 0.1085775 -0.2500000
v -0.1060650 0.1060650 -0.2500000
v -0.1085775 0.1085775 -0.2500000
v -0.0804400 0.1367000 -0.2500000
v -0.0574025 0.1385825 -0.2500000
v -0.1060650 0.1060650 -0.2500000
v -0.0804400 0.1367000 -0.2500000
v -0.0652250 0.1734625 -0.2500000
v -0.0574025 0.1385825 -0.2500000
v 0.0000000 0.1500000 -0.2500000
v -0.0574025 0.1385825 -0.2500000
v -0.0652250 0.1734625 -0.2500000
v -0.0500000 0.2102200 -0.2500000
v 0.0500000 0.2102200 -0.2500000
v 0.0000000 0.1500000 -0.2500000
v -0.0500000 0.2102200 -0.2500000
v -0.0500000 0.2102200 -0.2500000
v -0.0500000 0.2500000 -0.2500000
v 0.0500000 0.2500000 -0.2500000
v 0.0500000 0.2102200 -0.2500000
v -0.0461950 0.2691350 -0.2500000
v 0.0461950 0.2691350 -0.2500000
v 0.0500000 0.2500000 -0.2500000
v -0.0500000 0.2500000 -0.2500000
v -0.0353550 0.2853550 -0.2500000
v 0.0353550 0.2853550 -0.2500000
v 0.0461950 0.2691350 -0.2500000
v -0.0461950 0.2691350 -0.2500000
v -0.0191350 0.2961950 -0.2500000
v 0.0191350 0.2961950 -0.2500000
v 0.0353550 0.2853550 -0.2500000
v -0.0353550 0.2853550 -0.2500000
v 0.0000000 0.3000000 -0.2500000
v 0.0191350 0.2961950 -0.2500000
v -0.0191350 0.2961950 -0.2500000
v 0.0000000 0.1500000 -0.2500000
v 0.0500000 0.2102200 -0.2500000
v 0.0652250 0.1734625 -0.2500000
v 0.0574025 0.1385825 -0.2500000
v 0.0574025 0.1385825 -0.2500000
v 0.0804400 0.1367000 -0.2500000
v 0.1085775 0.1085775 -0.2500000
v 0.1060650 0.1060650 -0.2500000
v 0.0652250 0.1734625 -0.2500000
v 0.0804400 0.1367000 -0.2500000
v 0.0574025 0.1385825 -0.2500000
v 0.1085775 0.1085775 -0.2500000
v 0.1367000 0.0804400 -0.2500000
v 0.1385825 0.0574025 -0.2500000
v 0.1060650 0.1060650 -0.2500000
v 0.1400575 0.0500000 -0.2500000
v 0.1385825 0.0574025 -0.2500000
v 0.1367000 0.0804400 -0.2500000
v 0.1734625 0.0652250 -0.2500000
v 0.1734625 0.0652250 -0.2500000
v 0.2102200 0.0500000 -0.2500000
v 0.1450275 0.0250000 -0.2500000
v 0.1400575 0.0500000 -0.2500000
v 0.2102200 0.0500000 -0.2500000
v 0.2500000 0.0500000 -0.2500000
v 0.2625000 0.0250000 -0.2500000
v 0.1450275 0.0250000 -0.2500000
v 0.2102200 -0.0500000 -0.2500000
v 0.1734625 -0.0652250 -0.2500000
v 0.1400575 -0.0500000 -0.2500000
v 0.1450275 -0.0250000 -0.2500000
v 0.1367000 -0.0804400 -0.2500000
v 0.1385825 -0.0574025 -0.2500000
v 0.1400575 -0.0500000 -0.2500000
v 0.1734625 -0.0652250 -0.2500000
v 0.2625000 -0.0250000 -0.2500000
v 0.2500000 -0.0500000 -0.2500000
v 0.2102200 -0.0500000 -0.2500000
v 0.1450275 -0.0250000 -0.2500000
v 0.1085775 -0.1085775 -0.2500000
v 0.1060650 -0.1060650 -0.2500000
v 0.1385825 -0.0574025 -0.2500000
v 0.1367000 -0.0804400 -0.2500000
v 0.0804400 -0.1367000 -0.2500000
v 0.0652250 -0.1734625 -0.2500000
v 0.0574025 -0.1385825 -0.2500000
v 0.0574025 -0.1385825 -0.2500000
v 0.1060650 -0.1060650 -0.2500000
v 0.1085775 -0.1085775 -0.2500000
v 0.0804400 -0.1367000 -0.2500000
v 0.0652250 -0.1734625 -0.2500000
v 0.0500000 -0.2102200 -0.2500000
v 0.0000000 -0.1500000 -0.2500000
v 0.0574025 -0.1385825 -0.2500000
v -0.0500000 -0.2500000 -0.2500000
v -0.0500000 -0.2102200 -0.2500000
v 0.0500000 -0.2102200 -0.2500000
v 0.0500000 -0.2500000 -0.2500000
v 0.0461950 -0.2691350 -0.2500000
v -0.0461950 -0.2691350 -0.2500000
v -0.0500000 -0.2500000 -0.2500000
v 0.0500000 -0.2500000 -0.2500000
v 0.0353550 -0.2853550 -0.2500000
v -0.0353550 -0.2853550 -0.2500000
v -0.0461950 -0.2691350 -0.2500000
v 0.0461950 -0.2691350 -0.2500000
v 0.0191350 -0.2961950 -0.2500000
v -0.0191350 -0.2961950 -0.2500000
v -0.0353550 -0.2853550 -0.2500000
v 0.0353550 -0.2853550 -0.2500000
v 0.0000000 -0.3000000 -0.2500000
v -0.0191350 -0.2961950 -0.2500000
v 0.0191350 -0.2961950 -0.2500000
v 0.0000000 -0.1500000 -0.2500000
v -0.0500000 -0.2102200 -0.2500000
v -0.0652250 -0.1734625 -0.2500000
v -0.0574025 -0.1385825 -0.2500000
v -0.0500000 -0.2102200 -0.2500000
v 0.0000000 -0.1500000 -0.2500000
v 0.0500000 -0.2102200 -0.2500000
v -0.0574025 -0.1385825 -0.2500000
v -0.0804400 -0.1367000 -0.2500000
v -0.1085775 -0.1085775 -0.2500000
v -0.1060650 -0.1060650 -0.2500000
v -0.0652250 -0.1734625 -0.2500000
v -0.0804400 -0.1367000 -0.2500000
v -0.0574025 -0.1385825 -0.2500000
v -0.1085775 -0.1085775 -0.2500000
v -0.1367000 -0.0804400 -0.2500000
v -0.1385825 -0.0574025 -0.2500000
v -0.1060650 -0.1060650 -0.2500000
v -0.1367000 -0.0804400 -0.2500000
v -0.1734625 -0.0652250 -0.2500000
v -0.1400575 -0.0500000 -0.2500000
v -0.1385825 -0.0574025 -0.2500000
v -0.1734625 -0.0652250 -0.2500000
v -0.2102200 -0.0500000 -0.2500000
v -0.1450275 -0.0250000 -0.2500000
v -0.1400575 -0.0500000 -0.2500000
v -0.2625000 -0.0250000 -0.2500000
v -0.1450275 -0.0250000 -0.2500000
v -0.2102200 -0.0500000 -0.2500000
v -0.2500000 -0.0500000 -0.2500000
v 0.4500000 -0.1400575 -0.1950000
v 0.4500000 -0.1400575 0.0000000
v 0.4750000 -0.1450000 0.0000000
v 0.4750000 -0.1450000 -0.1950000
v 0.4750000 -0.1450000 0.0000000
v 0.4750000 -0.4000000 0.0000000
v 0.4750000 -0.4000000 -0.1950000
v 0.4750000 -0.1450000 -0.1950000
v 0.5000000 -0.4250000 -0.1950000
v 0.4904325 -0.4230975 -0.1950000
v 0.4904325 -0.4230975 0.0000000
v 0.5000000 -0.4250000 0.0000000
v 0.4904325 -0.4230975 -0.1950000
v 0.4823225 -0.4176775 -0.1950000
v 0.4823225 -0.4176775 0.0000000
v 0.4904325 -0.4230975 0.0000000
v 0.4823225 -0.4176775 -0.1950000
v 0.4769025 -0.4095675 -0.1950000
v 0.4769025 -0.4095675 0.0000000
v 0.4823225 -0.4176775 0.0000000
v 0.4769025 -0.4095675 -0.1950000
v 0.4750000 -0.4000000 -0.1950000
v 0.4750000 -0.4000000 0.0000000
v 0.4769025 -0.4095675 0.0000000
v 0.4904325 -0.4230975 -0.1950000
v 0.5000000 -0.4250000 -0.1950000
v 0.4750000 -0.4250000 -0.1950000
v 0.4823225 -0.4176775 -0.1950000
v 0.4904325 -0.4230975 -0.1950000
v 0.4750000 -0.4250000 -0.1950000
v 0.4769025 -0.4095675 -0.1950000
v 0.4823225 -0.4176775 -0.1950000
v 0.4750000 -0.4250000 -0.1950000
v 0.4750000 -0.4000000 -0.1950000
v 0.4769025 -0.4095675 -0.1950000
v 0.4750000 -0.4250000 -0.1950000
v 0.4250000 -0.5250000 -0.1950000
v 0.4000000 -0.5250000 -0.1950000
v 0.4095675 -0.5230975 -0.1950000
v 0.4250000 -0.5250000 -0.1950000
v 0.4095675 -0.5230975 -0.1950000
v 0.4176775 -0.5176775 -0.1950000
v 0.4250000 -0.5250000 -0.1950000
v 0.4176775 -0.5176775 -0.1950000
v 0.4230975 -0.5095675 -0.1950000
v 0.4250000 -0.5250000 -0.1950000
v 0.4230975 -0.5095675 -0.1950000
v 0.4250000 -0.5000000 -0.1950000
v 0.4250000 -0.4750000 -0.1950000
v 0.4250000 -0.5000000 -0.1950000
v 0.4230975 -0.4904325 -0.1950000
v 0.4250000 -0.4750000 -0.1950000
v 0.4230975 -0.4904325 -0.1950000
v 0.4176775 -0.4823225 -0.1950000
v 0.4250000 -0.4750000 -0.1950000
v 0.4176775 -0.4823225 -0.1950000
v 0.4095675 -0.4769025 -0.1950000
v 0.4250000 -0.4750000 -0.1950000
v 0.4095675 -0.4769025 -0.1950000
v 0.4000000 -0.4750000 -0.1950000
v 0.4250000 -0.5000000 0.0000000
v 0.4230975 -0.4904325 0.0000000
v 0.4230975 -0.4904325 -0.1950000
v 0.4250000 -0.5000000 -0.1950000
v 0.4230975 -0.4904325 0.0000000
v 0.4176775 -0.4823225 0.0000000
v 0.4176775 -0.4823225 -0.1950000
v 0.4230975 -0.4904325 -0.1950000
v 0.4176775 -0.4823225 0.0000000
v 0.4095675 -0.4769025 0.0000000
v 0.4095675 -0.4769025 -0.1950000
v 0.4176775 -0.4823225 -0.1950000
v 0.4095675 -0.4769025 0.0000000
v 0.4000000 -0.4750000 0.0000000
v 0.4000000 -0.4750000 -0.1950000
v 0.4095675 -0.4769025 -0.1950000
v 0.4000000 -0.4750000 -0.1950000
v 0.4000000 -0.4750000 0.0000000
v 0.1450000 -0.4750000 0.0000000
v 0.1450000 -0.4750000 -0.1950000
v 0.1450000 -0.4750000 -0.1950000
v 0.1450000 -0.4750000 0.0000000
v 0.1400575 -0.4500000 0.0000000
v 0.1400575 -0.4500000 -0.1950000
v 0.1734600 -0.4347800 -0.1950000
v 0.1925950 -0.3885850 -0.1950000
v 0.2500000 -0.4000000 -0.1950000
v 0.2500000 -0.4500000 -0.1950000
v 0.1085800 -0.3914200 -0.1950000
v 0.1439350 -0.3560650 -0.1950000
v 0.1925950 -0.3885850 -0.1950000
v 0.1734600 -0.4347800 -0.1950000
v 0.0652200 -0.3265400 -0.1950000
v 0.1114150 -0.3074050 -0.1950000
v 0.1439350 -0.3560650 -0.1950000
v 0.1085800 -0.3914200 -0.1950000
v 0.0500000 -0.2500000 -0.1950000
v 0.1000000 -0.2500000 -0.1950000
v 0.1114150 -0.3074050 -0.1950000
v 0.0652200 -0.3265400 -0.1950000
v 0.0652200 -0.1734600 -0.1950000
v 0.1114150 -0.1925950 -0.1950000
v 0.1000000 -0.2500000 -0.1950000
v 0.0500000 -0.2500000 -0.1950000
v 0.1085800 -0.1085800 -0.1950000
v 0.1439350 -0.1439350 -0.1950000
v 0.1114150 -0.1925950 -0.1950000
v 0.0652200 -0.1734600 -0.1950000
v 0.1734600 -0.0652200 -0.1950000
v 0.1925950 -0.1114150 -0.1950000
v 0.1439350 -0.1439350 -0.1950000
v 0.1085800 -0.1085800 -0.1950000
v 0.2500000 -0.0500000 -0.1950000
v 0.2500000 -0.1000000 -0.1950000
v 0.1925950 -0.1114150 -0.1950000
v 0.1734600 -0.0652200 -0.1950000
v 0.3265400 -0.0652200 -0.1950000
v 0.3074050 -0.1114150 -0.1950000
v 0.2500000 -0.1000000 -0.1950000
v 0.2500000 -0.0500000 -0.1950000
v 0.3914200 -0.1085800 -0.1950000
v 0.3560650 -0.1439350 -0.1950000
v 0.3074050 -0.1114150 -0.1950000
v 0.3265400 -0.0652200 -0.1950000
v 0.4347800 -0.1734600 -0.1950000
v 0.3885850 -0.1925950 -0.1950000
v 0.3560650 -0.1439350 -0.1950000
v 0.3914200 -0.1085800 -0.1950000
v 0.4500000 -0.2500000 -0.1950000
v 0.4000000 -0.2500000 -0.1950000
v 0.3885850 -0.1925950 -0.1950000
v 0.4347800 -0.1734600 -0.1950000
v 0.4347800 -0.3265400 -0.1950000
v 0.3885850 -0.3074050 -0.1950000
v 0.4000000 -0.2500000 -0.1950000
v 0.4500000 -0.2500000 -0.1950000
v 0.3914200 -0.3914200 -0.1950000
v 0.3560650 -0.3560650 -0.1950000
v 0.3885850 -0.3074050 -0.1950000
v 0.4347800 -0.3265400 -0.1950000
v 0.3265400 -0.4347800 -0.1950000
v 0.3074050 -0.3885850 -0.1950000
v 0.3560650 -0.3560650 -0.1950000
v 0.3914200 -0.3914200 -0.1950000
v 0.2500000 -0.4500000 -0.1950000
v 0.2500000 -0.4000000 -0.1950000
v 0.3074050 -0.3885850 -0.1950000
v 0.3265400 -0.4347800 -0.1950000
v 0.4347800 -0.3265400 -0.1950000
v 0.4500000 -0.2500000 -0.1950000
v 0.4500000 -0.4500000 -0.1950000
v 0.3914200 -0.3914200 -0.1950000
v 0.4347800 -0.3265400 -0.1950000
v 0.4500000 -0.4500000 -0.1950000
v 0.3265400 -0.4347800 -0.1950000
v 0.3914200 -0.3914200 -0.1950000
v 0.4500000 -0.4500000 -0.1950000
v 0.2500000 -0.4500000 -0.1950000
v 0.3265400 -0.4347800 -0.1950000
v 0.4500000 -0.4500000 -0.1950000
v 0.4000000 -0.2500000 -0.1950000
v 0.3885850 -0.3074050 -0.1950000
v 0.3885850 -0.3074050 0.0000000
v 0.4000000 -0.2500000 0.0000000
v 0.3885850 -0.3074050 -0.1950000
v 0.3560650 -0.3560650 -0.1950000
v 0.3560650 -0.3560650 0.0000000
v 0.3885850 -0.3074050 0.0000000
v 0.3560650 -0.3560650 -0.1950000
v 0.3074050 -0.3885850 -0.1950000
v 0.3074050 -0.3885850 0.0000000
v 0.3560650 -0.3560650 0.0000000
v 0.3074050 -0.3885850 -0.1950000
v 0.2500000 -0.4000000 -0.1950000
v 0.2500000 -0.4000000 0.0000000
v 0.3074050 -0.3885850 0.0000000
v 0.2500000 -0.4000000 -0.1950000
v 0.1925950 -0.3885850 -0.1950000
v 0.1925950 -0.3885850 0.0000000
v 0.2500000 -0.4000000 0.0000000
v 0.1925950 -0.3885850 -0.1950000
v 0.1439350 -0.3560650 -0.1950000
v 0.1439350 -0.3560650 0.0000000
v 0.1925950 -0.3885850 0.0000000
v 0.1439350 -0.3560650 -0.1950000
v 0.1114150 -0.3074050 -0.1950000
v 0.1114150 -0.3074050 0.0000000
v 0.1439350 -0.3560650 0.0000000
v 0.1114150 -0.3074050 -0.1950000
v 0.1000000 -0.2500000 -0.1950000
v 0.1000000 -0.2500000 0.0000000
v 0.1114150 -0.3074050 0.0000000
v 0.1000000 -0.2500000 -0.1950000
v 0.1114150 -0.1925950 -0.1950000
v 0.1114150 -0.1925950 0.0000000
v 0.1000000 -0.2500000 0.0000000
v 0.1114150 -0.1925950 -0.1950000
v 0.1439350 -0.1439350 -0.1950000
v 0.1439350 -0.1439350 0.0000000
v 0.1114150 -0.1925950 0.0000000
v 0.1439350 -0.1439350 -0.1950000
v 0.1925950 -0.1114150 -0.1950000
v 0.1925950 -0.1114150 0.0000000
v 0.1439350 -0.1439350 0.0000000
v 0.1925950 -0.1114150 -0.1950000
v 0.2500000 -0.1000000 -0.1950000
v 0.2500000 -0.1000000 0.0000000
v 0.1925950 -0.1114150 0.0000000
v 0.2500000 -0.1000000 -0.1950000
v 0.3074050 -0.1114150 -0.1950000
v 0.3074050 -0.1114150 0.0000000
v 0.2500000 -0.1000000 0.0000000
v 0.3074050 -0.1114150 -0.1950000
v 0.3560650 -0.1439350 -0.1950000
v 0.3560650 -0.1439350 0.0000000
v 0.3074050 -0.1114150 0.0000000
v 0.3560650 -0.1439350 -0.1950000
v 0.3885850 -0.1925950 -0.1950000
v 0.3885850 -0.1925950 0.0000000
v 0.3560650 -0.1439350 0.0000000
v 0.3885850 -0.1925950 -0.1950000
v 0.4000000 -0.2500000 -0.1950000
v 0.4000000 -0.2500000 0.0000000
v 0.3885850 -0.1925950 0.0000000
v 0.3599450 -0.0500000 -0.1950000
v 0.3000000 -0.0500000 -0.1950000
v 0.3000000 -0.0000000 -0.1950000
v 0.3500000 -0.0000000 -0.1950000
v 0.4500000 -0.4500000 -0.1950000
v 0.4500000 -0.1400575 -0.1950000
v 0.4750000 -0.1450000 -0.1950000
v 0.4750000 -0.4250000 -0.1950000
v 0.4500000 -0.4500000 -0.1950000
v 0.4750000 -0.4250000 -0.1950000
v 0.5000000 -0.4250000 -0.1950000
v 0.5000000 -0.5000000 -0.1950000
v 0.5000000 -0.5000000 -0.1950000
v 0.4250000 -0.5000000 -0.1950000
v 0.4250000 -0.4750000 -0.1950000
v 0.4500000 -0.4500000 -0.1950000
v 0.4250000 -0.4750000 -0.1950000
v 0.1450000 -0.4750000 -0.1950000
v 0.1400575 -0.4500000 -0.1950000
v 0.4500000 -0.4500000 -0.1950000
v 0.0000000 -0.3500000 -0.1950000
v 0.0000000 -0.3000000 -0.1950000
v 0.0500000 -0.3000000 -0.1950000
v 0.0500000 -0.3599450 -0.1950000
v 0.1734600 -0.9347800 -0.1950000
v 0.1925950 -0.8885850 -0.1950000
v 0.2500000 -0.9000000 -0.1950000
v 0.2500000 -0.9500000 -0.1950000
v 0.1085800 -0.8914200 -0.1950000
v 0.1439350 -0.8560650 -0.1950000
v 0.1925950 -0.8885850 -0.1950000
v 0.1734600 -0.9347800 -0.1950000
v 0.0652200 -0.8265400 -0.1950000
v 0.1114150 -0.8074050 -0.1950000
v 0.1439350 -0.8560650 -0.1950000
v 0.1085800 -0.8914200 -0.1950000
v 0.0500000 -0.7500000 -0.1950000
v 0.1000000 -0.7500000 -0.1950000
v 0.1114150 -0.8074050 -0.1950000
v 0.0652200 -0.8265400 -0.1950000
v 0.0652200 -0.6734600 -0.1950000
v 0.1114150 -0.6925950 -0.1950000
v 0.1000000 -0.7500000 -0.1950000
v 0.0500000 -0.7500000 -0.1950000
v 0.1085800 -0.6085800 -0.1950000
v 0.1439350 -0.6439350 -0.1950000
v 0.1114150 -0.6925950 -0.1950000
v 0.0652200 -0.6734600 -0.1950000
v 0.1734600 -0.5652200 -0.1950000
v 0.1925950 -0.6114150 -0.1950000
v 0.1439350 -0.6439350 -0.1950000
v 0.1085800 -0.6085800 -0.1950000
v 0.2500000 -0.5500000 -0.1950000
v 0.2500000 -0.6000000 -0.1950000
v 0.1925950 -0.6114150 -0.1950000
v 0.1734600 -0.5652200 -0.1950000
v 0.3265400 -0.5652200 -0.1950000
v 0.3074050 -0.6114150 -0.1950000
v 0.2500000 -0.6000000 -0.1950000
v 0.2500000 -0.5500000 -0.1950000
v 0.3914200 -0.6085800 -0.1950000
v 0.3560650 -0.6439350 -0.1950000
v 0.3074050 -0.6114150 -0.1950000
v 0.3265400 -0.5652200 -0.1950000
v 0.4347800 -0.6734600 -0.1950000
v 0.3885850 -0.6925950 -0.1950000
v 0.3560650 -0.6439350 -0.1950000
v 0.3914200 -0.6085800 -0.1950000
v 0.4500000 -0.7500000 -0.1950000
v 0.4000000 -0.7500000 -0.1950000
v 0.3885850 -0.6925950 -0.1950000
v 0.4347800 -0.6734600 -0.1950000
v 0.4347800 -0.8265400 -0.1950000
v 0.3885850 -0.8074050 -0.1950000
v 0.4000000 -0.7500000 -0.1950000
v 0.4500000 -0.7500000 -0.1950000
v 0.3914200 -0.8914200 -0.1950000
v 0.3560650 -0.8560650 -0.1950000
v 0.3885850 -0.8074050 -0.1950000
v 0.4347800 -0.8265400 -0.1950000
v 0.3265400 -0.9347800 -0.1950000
v 0.3074050 -0.8885850 -0.1950000
v 0.3560650 -0.8560650 -0.1950000
v 0.3914200 -0.8914200 -0.1950000
v 0.2500000 -0.9500000 -0.1950000
v 0.2500000 -0.9000000 -0.1950000
v 0.3074050 -0.8885850 -0.1950000
v 0.3265400 -0.9347800 -0.1950000
v 0.2500000 -0.9500000 0.1950000
v 0.2500000 -0.9000000 0.1950000
v 0.1925950 -0.8885850 0.1950000
v 0.1734600 -0.9347800 0.1950000
v 0.1734600 -0.9347800 0.1950000
v 0.1925950 -0.8885850 0.1950000
v 0.1439350 -0.8560650 0.1950000
v 0.1085800 -0.8914200 0.1950000
v 0.1085800 -0.8914200 0.1950000
v 0.1439350 -0.8560650 0.1950000
v 0.1114150 -0.8074050 0.1950000
v 0.0652200 -0.8265400 0.1950000
v 0.0652200 -0.8265400 0.1950000
v 0.1114150 -0.8074050 0.1950000
v 0.1000000 -0.7500000 0.1950000
v 0.0500000 -0.7500000 0.1950000
v 0.0500000 -0.7500000 0.1950000
v 0.1000000 -0.7500000 0.1950000
v 0.1114150 -0.6925950 0.1950000
v 0.0652200 -0.6734600 0.1950000
v 0.0652200 -0.6734600 0.1950000
v 0.1114150 -0.6925950 0.1950000
v 0.1439350 -0.6439350 0.1950000
v 0.1085800 -0.6085800 0.1950000
v 0.1085800 -0.6085800 0.1950000
v 0.1439350 -0.6439350 0.1950000
v 0.1925950 -0.6114150 0.1950000
v 0.1734600 -0.5652200 0.1950000
v 0.1734600 -0.5652200 0.1950000
v 0.1925950 -0.6114150 0.1950000
v 0.2500000 -0.6000000 0.1950000
v 0.2500000 -0.5500000 0.1950000
v 0.2500000 -0.5500000 0.1950000
v 0.2500000 -0.6000000 0.1950000
v 0.3074050 -0.6114150 0.1950000
v 0.3265400 -0.5652200 0.1950000
v 0.3265400 -0.5652200 0.1950000
v 0.3074050 -0.6114150 0.1950000
v 0.3560650 -0.6439350 0.1950000
v 0.3914200 -0.6085800 0.1950000
v 0.3914200 -0.6085800 0.1950000
v 0.3560650 -0.6439350 0.1950000
v 0.3885850 -0.6925950 0.1950000
v 0.4347800 -0.6734600 0.1950000
v 0.4347800 -0.6734600 0.1950000
v 0.3885850 -0.6925950 0.1950000
v 0.4000000 -0.7500000 0.1950000
v 0.4500000 -0.7500000 0.1950000
v 0.4500000 -0.7500000 0.1950000
v 0.4000000 -0.7500000 0.1950000
v 0.3885850 -0.8074050 0.1950000
v 0.4347800 -0.8265400 0.1950000
v 0.4347800 -0.8265400 0.1950000
v 0.3885850 -0.8074050 0.1950000
v 0.3560650 -0.8560650 0.1950000
v 0.3914200 -0.8914200 0.1950000
v 0.3914200 -0.8914200 0.1950000
v 0.3560650 -0.8560650 0.1950000
v 0.3074050 -0.8885850 0.1950000
v 0.3265400 -0.9347800 0.1950000
v 0.3265400 -0.9347800 0.1950000
v 0.3074050 -0.8885850 0.1950000
v 0.2500000 -0.9000000 0.1950000
v 0.2500000 -0.9500000 0.1950000
v 0.0652200 -0.8265400 -0.1950000
v 0.0652200 -0.8265400 -0.0437500
v 0.0500000 -0.7500000 -0.0437500
v 0.0500000 -0.7500000 -0.1950000
v 0.1085800 -0.8914200 -0.1950000
v 0.1085800 -0.8914200 -0.0437500
v 0.0652200 -0.8265400 -0.0437500
v 0.0652200 -0.8265400 -0.1950000
v 0.1734600 -0.9347800 -0.1950000
v 0.1734600 -0.9347800 -0.0437500
v 0.1085800 -0.8914200 -0.0437500
v 0.1085800 -0.8914200 -0.1950000
v 0.2500000 -0.9500000 -0.1950000
v 0.2500000 -0.9500000 -0.0437500
v 0.1734600 -0.9347800 -0.0437500
v 0.1734600 -0.9347800 -0.1950000
v 0.3265400 -0.9347800 -0.1950000
v 0.3265400 -0.9347800 -0.0437500
v 0.2500000 -0.9500000 -0.0437500
v 0.2500000 -0.9500000 -0.1950000
v 0.3914200 -0.8914200 -0.1950000
v 0.3914200 -0.8914200 -0.0437500
v 0.3265400 -0.9347800 -0.0437500
v 0.3265400 -0.9347800 -0.1950000
v 0.4347800 -0.8265400 -0.1950000
v 0.4347800 -0.8265400 -0.0437500
v 0.3914200 -0.8914200 -0.0437500
v 0.3914200 -0.8914200 -0.1950000
v 0.4500000 -0.7500000 -0.1950000
v 0.4500000 -0.7500000 -0.0437500
v 0.4347800 -0.8265400 -0.0437500
v 0.4347800 -0.8265400 -0.1950000
v 0.4347800 -0.6734600 -0.1950000
v 0.4347800 -0.6734600 -0.0437500
v 0.4500000 -0.7500000 -0.0437500
v 0.4500000 -0.7500000 -0.1950000
v 0.3914200 -0.6085800 -0.1950000
v 0.3914200 -0.6085800 -0.0437500
v 0.4347800 -0.6734600 -0.0437500
v 0.4347800 -0.6734600 -0.1950000
v 0.0652200 -0.8265400 0.0437500
v 0.0652200 -0.8265400 0.1950000
v 0.0500000 -0.7500000 0.1950000
v 0.0500000 -0.7500000 0.0437500
v 0.1085800 -0.8914200 0.0437500
v 0.1085800 -0.8914200 0.1950000
v 0.0652200 -0.8265400 0.1950000
v 0.0652200 -0.8265400 0.0437500
v 0.1734600 -0.9347800 0.0437500
v 0.1734600 -0.9347800 0.1950000
v 0.1085800 -0.8914200 0.1950000
v 0.1085800 -0.8914200 0.0437500
v 0.2500000 -0.9500000 0.0437500
v 0.2500000 -0.9500000 0.1950000
v 0.1734600 -0.9347800 0.1950000
v 0.1734600 -0.9347800 0.0437500
v 0.3265400 -0.9347800 0.0437500
v 0.3265400 -0.9347800 0.1950000
v 0.2500000 -0.9500000 0.1950000
v 0.2500000 -0.9500000 0.0437500
v 0.3914200 -0.8914200 0.0437500
v 0.3914200 -0.8914200 0.1950000
v 0.3265400 -0.9347800 0.1950000
v 0.3265400 -0.9347800 0.0437500
v 0.4347800 -0.8265400 0.0437500
v 0.4347800 -0.8265400 0.1950000
v 0.3914200 -0.8914200 0.1950000
v 0.3914200 -0.8914200 0.0437500
v 0.4500000 -0.7500000 0.0437500
v 0.4500000 -0.7500000 0.1950000
v 0.4347800 -0.8265400 0.1950000
v 0.4347800 -0.8265400 0.0437500
v 0.4347800 -0.6734600 0.0437500
v 0.4347800 -0.6734600 0.1950000
v 0.4500000 -0.7500000 0.1950000
v 0.4500000 -0.7500000 0.0437500
v 0.3914200 -0.6085800 0.0437500
v 0.3914200 -0.6085800 0.1950000
v 0.4347800 -0.6734600 0.1950000
v 0.4347800 -0.6734600 0.0437500
v 0.0500000 -0.7500000 -0.0437500
v 0.0461950 -0.7308650 -0.0437500
v 0.0461950 -0.7308650 -0.1950000
v 0.0500000 -0.7500000 -0.1950000
v 0.0461950 -0.7308650 -0.0437500
v 0.0353550 -0.7146450 -0.0437500
v 0.0353550 -0.7146450 -0.1950000
v 0.0461950 -0.7308650 -0.1950000
v 0.0353550 -0.7146450 -0.0437500
v 0.0191350 -0.7038050 -0.0437500
v 0.0191350 -0.7038050 -0.1950000
v 0.0353550 -0.7146450 -0.1950000
v 0.0191350 -0.7038050 -0.0437500
v 0.0000000 -0.7000000 -0.0437500
v 0.0000000 -0.7000000 -0.1950000
v 0.0191350 -0.7038050 -0.1950000
v 0.0500000 -0.7500000 0.1950000
v 0.0461950 -0.7308650 0.1950000
v 0.0461950 -0.7308650 0.0437500
v 0.0500000 -0.7500000 0.0437500
v 0.0461950 -0.7308650 0.1950000
v 0.0353550 -0.7146450 0.1950000
v 0.0353550 -0.7146450 0.0437500
v 0.0461950 -0.7308650 0.0437500
v 0.0353550 -0.7146450 0.1950000
v 0.0191350 -0.7038050 0.1950000
v 0.0191350 -0.7038050 0.0437500
v 0.0353550 -0.7146450 0.0437500
v 0.0191350 -0.7038050 0.1950000
v 0.0000000 -0.7000000 0.1950000
v 0.0000000 -0.7000000 0.0437500
v 0.0191350 -0.7038050 0.0437500
v 0.4000000 -0.7500000 -0.1950000
v 0.3885850 -0.8074050 -0.1950000
v 0.3885850 -0.8074050 0.1950000
v 0.4000000 -0.7500000 0.1950000
v 0.3885850 -0.8074050 -0.1950000
v 0.3560650 -0.8560650 -0.1950000
v 0.3560650 -0.8560650 0.1950000
v 0.3885850 -0.8074050 0.1950000
v 0.3560650 -0.8560650 -0.1950000
v 0.3074050 -0.8885850 -0.1950000
v 0.3074050 -0.8885850 0.1950000
v 0.3560650 -0.8560650 0.1950000
v 0.3074050 -0.8885850 -0.1950000
v 0.2500000 -0.9000000 -0.1950000
v 0.2500000 -0.9000000 0.1950000
v 0.3074050 -0.8885850 0.1950000
v 0.2500000 -0.9000000 -0.1950000
v 0.1925950 -0.8885850 -0.1950000
v 0.1925950 -0.8885850 0.1950000
v 0.2500000 -0.9000000 0.1950000
v 0.1925950 -0.8885850 -0.1950000
v 0.1439350 -0.8560650 -0.1950000
v 0.1439350 -0.8560650 0.1950000
v 0.1925950 -0.8885850 0.1950000
v 0.1439350 -0.8560650 -0.1950000
v 0.1114150 -0.8074050 -0.1950000
v 0.1114150 -0.8074050 0.1950000
v 0.1439350 -0.8560650 0.1950000
v 0.1114150 -0.8074050 -0.1950000
v 0.1000000 -0.7500000 -0.1950000
v 0.1000000 -0.7500000 0.1950000
v 0.1114150 -0.8074050 0.1950000
v 0.1000000 -0.7500000 -0.1950000
v 0.1114150 -0.6925950 -0.1950000
v 0.1114150 -0.6925950 0.1950000
v 0.1000000 -0.7500000 0.1950000
v 0.1114150 -0.6925950 -0.1950000
v 0.1439350 -0.6439350 -0.1950000
v 0.1439350 -0.6439350 0.1950000
v 0.1114150 -0.6925950 0.1950000
v 0.1439350 -0.6439350 -0.1950000
v 0.1925950 -0.6114150 -0.1950000
v 0.1925950 -0.6114150 0.1950000
v 0.1439350 -0.6439350 0.1950000
v 0.1925950 -0.6114150 -0.1950000
v 0.2500000 -0.6000000 -0.1950000
v 0.2500000 -0.6000000 0.1950000
v 0.1925950 -0.6114150 0.1950000
v 0.2500000 -0.6000000 -0.1950000
v 0.3074050 -0.6114150 -0.1950000
v 0.3074050 -0.6114150 0.1950000
v 0.2500000 -0.6000000 0.1950000
v 0.3074050 -0.6114150 -0.1950000
v 0.3560650 -0.6439350 -0.1950000
v 0.3560650 -0.6439350 0.1950000
v 0.3074050 -0.6114150 0.1950000
v 0.3560650 -0.6439350 -0.1950000
v 0.3885850 -0.6925950 -0.1950000
v 0.3885850 -0.6925950 0.1950000
v 0.3560650 -0.6439350 0.1950000
v 0.3885850 -0.6925950 -0.1950000
v 0.4000000 -0.7500000 -0.1950000
v 0.4000000 -0.7500000 0.1950000
v 0.3885850 -0.6925950 0.1950000
v 0.4000000 -0.5250000 0.1950000
v 0.4095675 -0.5230975 0.1950000
v 0.4095675 -0.5230975 -0.1950000
v 0.4000000 -0.5250000 -0.1950000
v 0.4095675 -0.5230975 0.1950000
v 0.4176775 -0.5176775 0.1950000
v 0.4176775 -0.5176775 -0.1950000
v 0.4095675 -0.5230975 -0.1950000
v 0.4176775 -0.5176775 0.1950000
v 0.4230975 -0.5095675 0.1950000
v 0.4230975 -0.5095675 -0.1950000
v 0.4176775 -0.5176775 -0.1950000
v 0.4230975 -0.5095675 0.1950000
v 0.4250000 -0.5000000 0.1950000
v 0.4250000 -0.5000000 -0.1950000
v 0.4230975 -0.5095675 -0.1950000
v 0.4095675 -0.5230975 0.1950000
v 0.4000000 -0.5250000 0.1950000
v 0.4250000 -0.5250000 0.1950000
v 0.4176775 -0.5176775 0.1950000
v 0.4095675 -0.5230975 0.1950000
v 0.4250000 -0.5250000 0.1950000
v 0.4230975 -0.5095675 0.1950000
v 0.4176775 -0.5176775 0.1950000
v 0.4250000 -0.5250000 0.1950000
v 0.4250000 -0.5000000 0.1950000
v 0.4230975 -0.5095675 0.1950000
v 0.4250000 -0.5250000 0.1950000
v 0.1450000 -0.5250000 0.1950000
v 0.4000000 -0.5250000 0.1950000
v 0.4000000 -0.5250000 -0.1950000
v 0.1450000 -0.5250000 -0.1950000
v 0.1400575 -0.5500000 0.1950000
v 0.1450000 -0.5250000 0.1950000
v 0.1450000 -0.5250000 -0.1950000
v 0.1400575 -0.5500000 -0.1950000
v 0.3914200 -0.6085800 -0.1950000
v 0.5000000 -0.5000000 -0.1950000
v 0.5000000 -0.5000000 -0.1125000
v 0.4750000 -0.5250000 -0.1125000
v 0.3914200 -0.6085800 0.1950000
v 0.4750000 -0.5250000 0.1125000
v 0.5000000 -0.5000000 0.1125000
v 0.5000000 -0.5000000 0.1950000
v 0.3914200 -0.6085800 -0.1950000
v 0.4750000 -0.5250000 -0.1125000
v 0.4750000 -0.5250000 -0.0437500
v 0.3914200 -0.6085800 -0.0437500
v 0.4750000 -0.5250000 0.0437500
v 0.4750000 -0.5250000 0.1125000
v 0.3914200 -0.6085800 0.1950000
v 0.3914200 -0.6085800 0.0437500
v 0.7866575 -0.7866575 -0.1125000
v 0.7598895 -0.8095145 -0.1125000
v 0.4750000 -0.5250000 -0.1125000
v 0.5000000 -0.5000000 -0.1125000
v 0.5000000 -0.5000000 0.1125000
v 0.4750000 -0.5250000 0.1125000
v 0.7598895 -0.8095142 0.1125000
v 0.7866575 -0.7866575 0.1125000
v 0.4750000 -0.5250000 -0.0437500
v 0.4750000 -0.5250000 -0.1125000
v 0.7598895 -0.8095145 -0.1125000
v 0.7598895 -0.8095145 -0.0437500
v 0.4750000 -0.5250000 0.0437500
v 0.7598895 -0.8095145 0.0437500
v 0.7598895 -0.8095145 0.1125000
v 0.4750000 -0.5250000 0.1125000
v 0.4347800 -0.6734600 -0.0437500
v 0.3914200 -0.6085800 -0.0437500
v 0.4750000 -0.5250000 -0.0437500
v 0.7598895 -0.8095145 -0.0437500
v 0.7598895 -0.8095142 0.0437500
v 0.4750000 -0.5250000 0.0437500
v 0.3914200 -0.6085800 0.0437500
v 0.4347800 -0.6734600 0.0437500
v 0.4500000 -0.7500000 -0.0437500
v 0.4347800 -0.6734600 -0.0437500
v 0.7598895 -0.8095145 -0.0437500
v 0.7598895 -0.8095142 0.0437500
v 0.4347800 -0.6734600 0.0437500
v 0.4500000 -0.7500000 0.0437500
v 0.6531377 -0.9007863 -0.0437500
v 0.4347800 -0.8265400 -0.0437500
v 0.4500000 -0.7500000 -0.0437500
v 0.7598895 -0.8095145 -0.0437500
v 0.7598895 -0.8095142 0.0437500
v 0.4500000 -0.7500000 0.0437500
v 0.4347800 -0.8265400 0.0437500
v 0.6531377 -0.9007863 0.0437500
v 0.5041802 -0.9918672 -0.0437500
v 0.3914200 -0.8914200 -0.0437500
v 0.4347800 -0.8265400 -0.0437500
v 0.6531377 -0.9007863 -0.0437500
v 0.6531377 -0.9007863 0.0437500
v 0.4347800 -0.8265400 0.0437500
v 0.3914200 -0.8914200 0.0437500
v 0.5041802 -0.9918672 0.0437500
v 0.3428075 -1.0585235 -0.0437500
v 0.3265400 -0.9347800 -0.0437500
v 0.3914200 -0.8914200 -0.0437500
v 0.5041802 -0.9918672 -0.0437500
v 0.5041802 -0.9918672 0.0437500
v 0.3914200 -0.8914200 0.0437500
v 0.3265400 -0.9347800 0.0437500
v 0.3428075 -1.0585235 0.0437500
v 0.1729923 -1.0991140 -0.0437500
v 0.2500000 -0.9500000 -0.0437500
v 0.3265400 -0.9347800 -0.0437500
v 0.3428075 -1.0585235 -0.0437500
v 0.3428075 -1.0585235 0.0437500
v 0.3265400 -0.9347800 0.0437500
v 0.2500000 -0.9500000 0.0437500
v 0.1729923 -1.0991140 0.0437500
v 0.1729923 -1.0991140 -0.0437500
v 0.1734600 -0.9347800 -0.0437500
v 0.2500000 -0.9500000 -0.0437500
v 0.2500000 -0.9500000 0.0437500
v 0.1734600 -0.9347800 0.0437500
v 0.1729923 -1.0991140 0.0437500
v 0.0000000 -1.1125000 -0.0437500
v 0.1085800 -0.8914200 -0.0437500
v 0.1734600 -0.9347800 -0.0437500
v 0.1729923 -1.0991140 -0.0437500
v 0.1729923 -1.0991140 0.0437500
v 0.1734600 -0.9347800 0.0437500
v 0.1085800 -0.8914200 0.0437500
v 0.0000000 -1.1125000 0.0437500
v 0.0000000 -1.1125000 -0.0437500
v 0.0652200 -0.8265400 -0.0437500
v 0.1085800 -0.8914200 -0.0437500
v 0.1085800 -0.8914200 0.0437500
v 0.0652200 -0.8265400 0.0437500
v 0.0000000 -1.1125000 0.0437500
v 0.0000000 -1.1125000 -0.0437500
v 0.0000000 -0.7500000 -0.0437500
v 0.0500000 -0.7500000 -0.0437500
v 0.0652200 -0.8265400 -0.0437500
v 0.0652200 -0.8265400 0.0437500
v 0.0500000 -0.7500000 0.0437500
v 0.0000000 -0.7500000 0.0437500
v 0.0000000 -1.1125000 0.0437500
v 0.0461950 -0.7308650 -0.0437500
v 0.0500000 -0.7500000 -0.0437500
v 0.0000000 -0.7500000 -0.0437500
v 0.0353550 -0.7146450 -0.0437500
v 0.0461950 -0.7308650 -0.0437500
v 0.0000000 -0.7500000 -0.0437500
v 0.0191350 -0.7038050 -0.0437500
v 0.0353550 -0.7146450 -0.0437500
v 0.0000000 -0.7500000 -0.0437500
v 0.0000000 -0.7000000 -0.0437500
v 0.0191350 -0.7038050 -0.0437500
v 0.0000000 -0.7500000 -0.0437500
v 0.0000000 -0.7500000 0.0437500
v 0.0500000 -0.7500000 0.0437500
v 0.0461950 -0.7308650 0.0437500
v 0.0000000 -0.7500000 0.0437500
v 0.0461950 -0.7308650 0.0437500
v 0.0353550 -0.7146450 0.0437500
v 0.0000000 -0.7500000 0.0437500
v 0.0353550 -0.7146450 0.0437500
v 0.0191350 -0.7038050 0.0437500
v 0.0000000 -0.7500000 0.0437500
v 0.0191350 -0.7038050 0.0437500
v 0.0000000 -0.7000000 0.0437500
v 0.0500000 -0.7000000 -0.1950000
v 0.0500000 -0.7500000 -0.1950000
v 0.0461950 -0.7308650 -0.1950000
v 0.0500000 -0.7000000 -0.1950000
v 0.0461950 -0.7308650 -0.1950000
v 0.0353550 -0.7146450 -0.1950000
v 0.0500000 -0.7000000 -0.1950000
v 0.0353550 -0.7146450 -0.1950000
v 0.0191350 -0.7038050 -0.1950000
v 0.0500000 -0.7000000 -0.1950000
v 0.0191350 -0.7038050 -0.1950000
v 0.0000000 -0.7000000 -0.1950000
v 0.0461950 -0.7308650 0.1950000
v 0.0500000 -0.7500000 0.1950000
v 0.0500000 -0.7000000 0.1950000
v 0.0353550 -0.7146450 0.1950000
v 0.0461950 -0.7308650 0.1950000
v 0.0500000 -0.7000000 0.1950000
v 0.0191350 -0.7038050 0.1950000
v 0.0353550 -0.7146450 0.1950000
v 0.0500000 -0.7000000 0.1950000
v 0.0000000 -0.7000000 0.1950000
v 0.0191350 -0.7038050 0.1950000
v 0.0500000 -0.7000000 0.1950000
v 0.0500000 -0.7000000 -0.1950000
v 0.0000000 -0.7000000 -0.1950000
v 0.0000000 -0.6500000 -0.1950000
v 0.0500000 -0.6400575 -0.1950000
v 0.0500000 -0.6400575 0.1950000
v 0.0000000 -0.6500000 0.1950000
v 0.0000000 -0.7000000 0.1950000
v 0.0500000 -0.7000000 0.1950000
v 0.2500000 -0.5500000 -0.1950000
v 0.1400575 -0.5500000 -0.1950000
v 0.1450000 -0.5250000 -0.1950000
v 0.4250000 -0.5250000 -0.1950000
v 0.4250000 -0.5250000 0.1950000
v 0.1450000 -0.5250000 0.1950000
v 0.1400575 -0.5500000 0.1950000
v 0.2500000 -0.5500000 0.1950000
v 0.2500000 -0.5500000 -0.1950000
v 0.4250000 -0.5250000 -0.1950000
v 0.3265400 -0.5652200 -0.1950000
v 0.4250000 -0.5250000 0.1950000
v 0.2500000 -0.5500000 0.1950000
v 0.3265400 -0.5652200 0.1950000
v 0.3914200 -0.6085800 -0.1950000
v 0.3265400 -0.5652200 -0.1950000
v 0.4250000 -0.5250000 -0.1950000
v 0.5000000 -0.5000000 -0.1950000
v 0.5000000 -0.5000000 0.1950000
v 0.4250000 -0.5250000 0.1950000
v 0.3265400 -0.5652200 0.1950000
v 0.3914200 -0.6085800 0.1950000
v 0.4250000 -0.5250000 -0.1950000
v 0.4250000 -0.5000000 -0.1950000
v 0.5000000 -0.5000000 -0.1950000
v 0.4250000 -0.5000000 0.1950000
v 0.4250000 -0.5250000 0.1950000
v 0.5000000 -0.5000000 0.1950000
v 0.1734600 -0.4347800 -0.1950000
v 0.2500000 -0.4500000 -0.1950000
v 0.1400575 -0.4500000 -0.1950000
v 0.1385825 -0.4425975 -0.1950000
v 0.1734600 -0.4347800 -0.1950000
v 0.1385825 -0.4425975 -0.1950000
v 0.1060675 -0.3939300 -0.1950000
v 0.1085800 -0.3914200 -0.1950000
v 0.0652200 -0.3265400 -0.1950000
v 0.1085800 -0.3914200 -0.1950000
v 0.1060675 -0.3939300 -0.1950000
v 0.0574025 -0.3614200 -0.1950000
v 0.0652200 -0.3265400 -0.1950000
v 0.0574025 -0.3614200 -0.1950000
v 0.0500000 -0.3599450 -0.1950000
v 0.0500000 -0.2500000 -0.1950000
v 0.3265400 -0.0652200 -0.1950000
v 0.2500000 -0.0500000 -0.1950000
v 0.3599450 -0.0500000 -0.1950000
v 0.3614175 -0.0574025 -0.1950000
v 0.3265400 -0.0652200 -0.1950000
v 0.3614175 -0.0574025 -0.1950000
v 0.3939325 -0.1060700 -0.1950000
v 0.3914200 -0.1085800 -0.1950000
v 0.4347800 -0.1734600 -0.1950000
v 0.3914200 -0.1085800 -0.1950000
v 0.3939325 -0.1060700 -0.1950000
v 0.4425975 -0.1385800 -0.1950000
v 0.4347800 -0.1734600 -0.1950000
v 0.4425975 -0.1385800 -0.1950000
v 0.4500000 -0.1400575 -0.1950000
v 0.4500000 -0.2500000 -0.1950000
v 0.0652200 -0.6734600 -0.1950000
v 0.0500000 -0.7500000 -0.1950000
v 0.0500000 -0.6400575 -0.1950000
v 0.0574025 -0.6385825 -0.1950000
v 0.0652200 -0.6734600 -0.1950000
v 0.0574025 -0.6385825 -0.1950000
v 0.1060700 -0.6060675 -0.1950000
v 0.1085800 -0.6085800 -0.1950000
v 0.1734600 -0.5652200 -0.1950000
v 0.1085800 -0.6085800 -0.1950000
v 0.1060700 -0.6060675 -0.1950000
v 0.1385800 -0.5574025 -0.1950000
v 0.1734600 -0.5652200 -0.1950000
v 0.1385800 -0.5574025 -0.1950000
v 0.1400575 -0.5500000 -0.1950000
v 0.2500000 -0.5500000 -0.1950000
v 0.0500000 -0.6400575 0.1950000
v 0.0500000 -0.7500000 0.1950000
v 0.0652200 -0.6734600 0.1950000
v 0.0574025 -0.6385825 0.1950000
v 0.1060700 -0.6060675 0.1950000
v 0.0574025 -0.6385825 0.1950000
v 0.0652200 -0.6734600 0.1950000
v 0.1085800 -0.6085800 0.1950000
v 0.1060700 -0.6060675 0.1950000
v 0.1085800 -0.6085800 0.1950000
v 0.1734600 -0.5652200 0.1950000
v 0.1385800 -0.5574025 0.1950000
v 0.1400575 -0.5500000 0.1950000
v 0.1385800 -0.5574025 0.1950000
v 0.1734600 -0.5652200 0.1950000
v 0.2500000 -0.5500000 0.1950000
v 0.1400575 -0.4500000 0.1950000
v 0.1400575 -0.4500000 0.0000000
v 0.1450000 -0.4750000 0.0000000
v 0.1450000 -0.4750000 0.1950000
v 0.1450000 -0.4750000 0.0000000
v 0.4000000 -0.4750000 0.0000000
v 0.4000000 -0.4750000 0.1950000
v 0.1450000 -0.4750000 0.1950000
v 0.4250000 -0.5000000 0.1950000
v 0.4230975 -0.4904325 0.1950000
v 0.4230975 -0.4904325 0.0000000
v 0.4250000 -0.5000000 0.0000000
v 0.4230975 -0.4904325 0.1950000
v 0.4176775 -0.4823225 0.1950000
v 0.4176775 -0.4823225 0.0000000
v 0.4230975 -0.4904325 0.0000000
v 0.4176775 -0.4823225 0.1950000
v 0.4095675 -0.4769025 0.1950000
v 0.4095675 -0.4769025 0.0000000
v 0.4176775 -0.4823225 0.0000000
v 0.4095675 -0.4769025 0.1950000
v 0.4000000 -0.4750000 0.1950000
v 0.4000000 -0.4750000 0.0000000
v 0.4095675 -0.4769025 0.0000000
v 0.4230975 -0.4904325 0.1950000
v 0.4250000 -0.5000000 0.1950000
v 0.4250000 -0.4750000 0.1950000
v 0.4176775 -0.4823225 0.1950000
v 0.4230975 -0.4904325 0.1950000
v 0.4250000 -0.4750000 0.1950000
v 0.4095675 -0.4769025 0.1950000
v 0.4176775 -0.4823225 0.1950000
v 0.4250000 -0.4750000 0.1950000
v 0.4000000 -0.4750000 0.1950000
v 0.4095675 -0.4769025 0.1950000
v 0.4250000 -0.4750000 0.1950000
v 0.5250000 -0.4250000 0.1950000
v 0.5250000 -0.4000000 0.1950000
v 0.5230975 -0.4095675 0.1950000
v 0.5250000 -0.4250000 0.1950000
v 0.5230975 -0.4095675 0.1950000
v 0.5176775 -0.4176775 0.1950000
v 0.5250000 -0.4250000 0.1950000
v 0.5176775 -0.4176775 0.1950000
v 0.5095675 -0.4230975 0.1950000
v 0.5250000 -0.4250000 0.1950000
v 0.5095675 -0.4230975 0.1950000
v 0.5000000 -0.4250000 0.1950000
v 0.4750000 -0.4250000 0.1950000
v 0.5000000 -0.4250000 0.1950000
v 0.4904325 -0.4230975 0.1950000
v 0.4750000 -0.4250000 0.1950000
v 0.4904325 -0.4230975 0.1950000
v 0.4823225 -0.4176775 0.1950000
v 0.4750000 -0.4250000 0.1950000
v 0.4823225 -0.4176775 0.1950000
v 0.4769025 -0.4095675 0.1950000
v 0.4750000 -0.4250000 0.1950000
v 0.4769025 -0.4095675 0.1950000
v 0.4750000 -0.4000000 0.1950000
v 0.5000000 -0.4250000 0.0000000
v 0.4904325 -0.4230975 0.0000000
v 0.4904325 -0.4230975 0.1950000
v 0.5000000 -0.4250000 0.1950000
v 0.4904325 -0.4230975 0.0000000
v 0.4823225 -0.4176775 0.0000000
v 0.4823225 -0.4176775 0.1950000
v 0.4904325 -0.4230975 0.1950000
v 0.4823225 -0.4176775 0.0000000
v 0.4769025 -0.4095675 0.0000000
v 0.4769025 -0.4095675 0.1950000
v 0.4823225 -0.4176775 0.1950000
v 0.4769025 -0.4095675 0.0000000
v 0.4750000 -0.4000000 0.0000000
v 0.4750000 -0.4000000 0.1950000
v 0.4769025 -0.4095675 0.1950000
v 0.4750000 -0.4000000 0.1950000
v 0.4750000 -0.4000000 0.0000000
v 0.4750000 -0.1450000 0.0000000
v 0.4750000 -0.1450000 0.1950000
v 0.4750000 -0.1450000 0.1950000
v 0.4750000 -0.1450000 0.0000000
v 0.4500000 -0.1400575 0.0000000
v 0.4500000 -0.1400575 0.1950000
v 0.4347800 -0.1734600 0.1950000
v 0.3885850 -0.1925950 0.1950000
v 0.4000000 -0.2500000 0.1950000
v 0.4500000 -0.2500000 0.1950000
v 0.3914200 -0.1085800 0.1950000
v 0.3560650 -0.1439350 0.1950000
v 0.3885850 -0.1925950 0.1950000
v 0.4347800 -0.1734600 0.1950000
v 0.3265400 -0.0652200 0.1950000
v 0.3074050 -0.1114150 0.1950000
v 0.3560650 -0.1439350 0.1950000
v 0.3914200 -0.1085800 0.1950000
v 0.2500000 -0.0500000 0.1950000
v 0.2500000 -0.1000000 0.1950000
v 0.3074050 -0.1114150 0.1950000
v 0.3265400 -0.0652200 0.1950000
v 0.1734600 -0.0652200 0.1950000
v 0.1925950 -0.1114150 0.1950000
v 0.2500000 -0.1000000 0.1950000
v 0.2500000 -0.0500000 0.1950000
v 0.1085800 -0.1085800 0.1950000
v 0.1439350 -0.1439350 0.1950000
v 0.1925950 -0.1114150 0.1950000
v 0.1734600 -0.0652200 0.1950000
v 0.0652200 -0.1734600 0.1950000
v 0.1114150 -0.1925950 0.1950000
v 0.1439350 -0.1439350 0.1950000
v 0.1085800 -0.1085800 0.1950000
v 0.0500000 -0.2500000 0.1950000
v 0.1000000 -0.2500000 0.1950000
v 0.1114150 -0.1925950 0.1950000
v 0.0652200 -0.1734600 0.1950000
v 0.0652200 -0.3265400 0.1950000
v 0.1114150 -0.3074050 0.1950000
v 0.1000000 -0.2500000 0.1950000
v 0.0500000 -0.2500000 0.1950000
v 0.1085800 -0.3914200 0.1950000
v 0.1439350 -0.3560650 0.1950000
v 0.1114150 -0.3074050 0.1950000
v 0.0652200 -0.3265400 0.1950000
v 0.1734600 -0.4347800 0.1950000
v 0.1925950 -0.3885850 0.1950000
v 0.1439350 -0.3560650 0.1950000
v 0.1085800 -0.3914200 0.1950000
v 0.2500000 -0.4500000 0.1950000
v 0.2500000 -0.4000000 0.1950000
v 0.1925950 -0.3885850 0.1950000
v 0.1734600 -0.4347800 0.1950000
v 0.3265400 -0.4347800 0.1950000
v 0.3074050 -0.3885850 0.1950000
v 0.2500000 -0.4000000 0.1950000
v 0.2500000 -0.4500000 0.1950000
v 0.3914200 -0.3914200 0.1950000
v 0.3560650 -0.3560650 0.1950000
v 0.3074050 -0.3885850 0.1950000
v 0.3265400 -0.4347800 0.1950000
v 0.4347800 -0.3265400 0.1950000
v 0.3885850 -0.3074050 0.1950000
v 0.3560650 -0.3560650 0.1950000
v 0.3914200 -0.3914200 0.1950000
v 0.4500000 -0.2500000 0.1950000
v 0.4000000 -0.2500000 0.1950000
v 0.3885850 -0.3074050 0.1950000
v 0.4347800 -0.3265400 0.1950000
v 0.3265400 -0.4347800 0.1950000
v 0.2500000 -0.4500000 0.1950000
v 0.4500000 -0.4500000 0.1950000
v 0.3914200 -0.3914200 0.1950000
v 0.3265400 -0.4347800 0.1950000
v 0.4500000 -0.4500000 0.1950000
v 0.4347800 -0.3265400 0.1950000
v 0.3914200 -0.3914200 0.1950000
v 0.4500000 -0.4500000 0.1950000
v 0.4500000 -0.2500000 0.1950000
v 0.4347800 -0.3265400 0.1950000
v 0.4500000 -0.4500000 0.1950000
v 0.2500000 -0.4000000 0.1950000
v 0.3074050 -0.3885850 0.1950000
v 0.3074050 -0.3885850 0.0000000
v 0.2500000 -0.4000000 0.0000000
v 0.3074050 -0.3885850 0.1950000
v 0.3560650 -0.3560650 0.1950000
v 0.3560650 -0.3560650 0.0000000
v 0.3074050 -0.3885850 0.0000000
v 0.3560650 -0.3560650 0.1950000
v 0.3885850 -0.3074050 0.1950000
v 0.3885850 -0.3074050 0.0000000
v 0.3560650 -0.3560650 0.0000000
v 0.3885850 -0.3074050 0.1950000
v 0.4000000 -0.2500000 0.1950000
v 0.4000000 -0.2500000 0.0000000
v 0.3885850 -0.3074050 0.0000000
v 0.4000000 -0.2500000 0.1950000
v 0.3885850 -0.1925950 0.1950000
v 0.3885850 -0.1925950 0.0000000
v 0.4000000 -0.2500000 0.0000000
v 0.3885850 -0.1925950 0.1950000
v 0.3560650 -0.1439350 0.1950000
v 0.3560650 -0.1439350 0.0000000
v 0.3885850 -0.1925950 0.0000000
v 0.3560650 -0.1439350 0.1950000
v 0.3074050 -0.1114150 0.1950000
v 0.3074050 -0.1114150 0.0000000
v 0.3560650 -0.1439350 0.0000000
v 0.3074050 -0.1114150 0.1950000
v 0.2500000 -0.1000000 0.1950000
v 0.2500000 -0.1000000 0.0000000
v 0.3074050 -0.1114150 0.0000000
v 0.2500000 -0.1000000 0.1950000
v 0.1925950 -0.1114150 0.1950000
v 0.1925950 -0.1114150 0.0000000
v 0.2500000 -0.1000000 0.0000000
v 0.1925950 -0.1114150 0.1950000
v 0.1439350 -0.1439350 0.1950000
v 0.1439350 -0.1439350 0.0000000
v 0.1925950 -0.1114150 0.0000000
v 0.1439350 -0.1439350 0.1950000
v 0.1114150 -0.1925950 0.1950000
v 0.1114150 -0.1925950 0.0000000
v 0.1439350 -0.1439350 0.0000000
v 0.1114150 -0.1925950 0.1950000
v 0.1000000 -0.2500000 0.1950000
v 0.1000000 -0.2500000 0.0000000
v 0.1114150 -0.1925950 0.0000000
v 0.1000000 -0.2500000 0.1950000
v 0.1114150 -0.3074050 0.1950000
v 0.1114150 -0.3074050 0.0000000
v 0.1000000 -0.2500000 0.0000000
v 0.1114150 -0.3074050 0.1950000
v 0.1439350 -0.3560650 0.1950000
v 0.1439350 -0.3560650 0.0000000
v 0.1114150 -0.3074050 0.0000000
v 0.1439350 -0.3560650 0.1950000
v 0.1925950 -0.3885850 0.1950000
v 0.1925950 -0.3885850 0.0000000
v 0.1439350 -0.3560650 0.0000000
v 0.1925950 -0.3885850 0.1950000
v 0.2500000 -0.4000000 0.1950000
v 0.2500000 -0.4000000 0.0000000
v 0.1925950 -0.3885850 0.0000000
v 0.0500000 -0.3599450 0.1950000
v 0.0500000 -0.3000000 0.1950000
v 0.0000000 -0.3000000 0.1950000
v 0.0000000 -0.3500000 0.1950000
v 0.4500000 -0.4500000 0.1950000
v 0.1400575 -0.4500000 0.1950000
v 0.1450000 -0.4750000 0.1950000
v 0.4250000 -0.4750000 0.1950000
v 0.4500000 -0.4500000 0.1950000
v 0.4250000 -0.4750000 0.1950000
v 0.4250000 -0.5000000 0.1950000
v 0.5000000 -0.5000000 0.1950000
v 0.5000000 -0.5000000 0.1950000
v 0.5000000 -0.4250000 0.1950000
v 0.4750000 -0.4250000 0.1950000
v 0.4500000 -0.4500000 0.1950000
v 0.4750000 -0.4250000 0.1950000
v 0.4750000 -0.1450000 0.1950000
v 0.4500000 -0.1400575 0.1950000
v 0.4500000 -0.4500000 0.1950000
v 0.3500000 -0.0000000 0.1950000
v 0.3000000 -0.0000000 0.1950000
v 0.3000000 -0.0500000 0.1950000
v 0.3599450 -0.0500000 0.1950000
v 0.9347800 -0.1734600 0.1950000
v 0.8885850 -0.1925950 0.1950000
v 0.9000000 -0.2500000 0.1950000
v 0.9500000 -0.2500000 0.1950000
v 0.8914200 -0.1085800 0.1950000
v 0.8560650 -0.1439350 0.1950000
v 0.8885850 -0.1925950 0.1950000
v 0.9347800 -0.1734600 0.1950000
v 0.8265400 -0.0652200 0.1950000
v 0.8074050 -0.1114150 0.1950000
v 0.8560650 -0.1439350 0.1950000
v 0.8914200 -0.1085800 0.1950000
v 0.7500000 -0.0500000 0.1950000
v 0.7500000 -0.1000000 0.1950000
v 0.8074050 -0.1114150 0.1950000
v 0.8265400 -0.0652200 0.1950000
v 0.6734600 -0.0652200 0.1950000
v 0.6925950 -0.1114150 0.1950000
v 0.7500000 -0.1000000 0.1950000
v 0.7500000 -0.0500000 0.1950000
v 0.6085800 -0.1085800 0.1950000
v 0.6439350 -0.1439350 0.1950000
v 0.6925950 -0.1114150 0.1950000
v 0.6734600 -0.0652200 0.1950000
v 0.5652200 -0.1734600 0.1950000
v 0.6114150 -0.1925950 0.1950000
v 0.6439350 -0.1439350 0.1950000
v 0.6085800 -0.1085800 0.1950000
v 0.5500000 -0.2500000 0.1950000
v 0.6000000 -0.2500000 0.1950000
v 0.6114150 -0.1925950 0.1950000
v 0.5652200 -0.1734600 0.1950000
v 0.5652200 -0.3265400 0.1950000
v 0.6114150 -0.3074050 0.1950000
v 0.6000000 -0.2500000 0.1950000
v 0.5500000 -0.2500000 0.1950000
v 0.6085800 -0.3914200 0.1950000
v 0.6439350 -0.3560650 0.1950000
v 0.6114150 -0.3074050 0.1950000
v 0.5652200 -0.3265400 0.1950000
v 0.6734600 -0.4347800 0.1950000
v 0.6925950 -0.3885850 0.1950000
v 0.6439350 -0.3560650 0.1950000
v 0.6085800 -0.3914200 0.1950000
v 0.7500000 -0.4500000 0.1950000
v 0.7500000 -0.4000000 0.1950000
v 0.6925950 -0.3885850 0.1950000
v 0.6734600 -0.4347800 0.1950000
v 0.8265400 -0.4347800 0.1950000
v 0.8074050 -0.3885850 0.1950000
v 0.7500000 -0.4000000 0.1950000
v 0.7500000 -0.4500000 0.1950000
v 0.8914200 -0.3914200 0.1950000
v 0.8560650 -0.3560650 0.1950000
v 0.8074050 -0.3885850 0.1950000
v 0.8265400 -0.4347800 0.1950000
v 0.9347800 -0.3265400 0.1950000
v 0.8885850 -0.3074050 0.1950000
v 0.8560650 -0.3560650 0.1950000
v 0.8914200 -0.3914200 0.1950000
v 0.9500000 -0.2500000 0.1950000
v 0.9000000 -0.2500000 0.1950000
v 0.8885850 -0.3074050 0.1950000
v 0.9347800 -0.3265400 0.1950000
v 0.9500000 -0.2500000 -0.1950000
v 0.9000000 -0.2500000 -0.1950000
v 0.8885850 -0.1925950 -0.1950000
v 0.9347800 -0.1734600 -0.1950000
v 0.9347800 -0.1734600 -0.1950000
v 0.8885850 -0.1925950 -0.1950000
v 0.8560650 -0.1439350 -0.1950000
v 0.8914200 -0.1085800 -0.1950000
v 0.8914200 -0.1085800 -0.1950000
v 0.8560650 -0.1439350 -0.1950000
v 0.8074050 -0.1114150 -0.1950000
v 0.8265400 -0.0652200 -0.1950000
v 0.8265400 -0.0652200 -0.1950000
v 0.8074050 -0.1114150 -0.1950000
v 0.7500000 -0.1000000 -0.1950000
v 0.7500000 -0.0500000 -0.1950000
v 0.7500000 -0.0500000 -0.1950000
v 0.7500000 -0.1000000 -0.1950000
v 0.6925950 -0.1114150 -0.1950000
v 0.6734600 -0.0652200 -0.1950000
v 0.6734600 -0.0652200 -0.1950000
v 0.6925950 -0.1114150 -0.1950000
v 0.6439350 -0.1439350 -0.1950000
v 0.6085800 -0.1085800 -0.1950000
v 0.6085800 -0.1085800 -0.1950000
v 0.6439350 -0.1439350 -0.1950000
v 0.6114150 -0.1925950 -0.1950000
v 0.5652200 -0.1734600 -0.1950000
v 0.5652200 -0.1734600 -0.1950000
v 0.6114150 -0.1925950 -0.1950000
v 0.6000000 -0.2500000 -0.1950000
v 0.5500000 -0.2500000 -0.1950000
v 0.5500000 -0.2500000 -0.1950000
v 0.6000000 -0.2500000 -0.1950000
v 0.6114150 -0.3074050 -0.1950000
v 0.5652200 -0.3265400 -0.1950000
v 0.5652200 -0.3265400 -0.1950000
v 0.6114150 -0.3074050 -0.1950000
v 0.6439350 -0.3560650 -0.1950000
v 0.6085800 -0.3914200 -0.1950000
v 0.6085800 -0.3914200 -0.1950000
v 0.6439350 -0.3560650 -0.1950000
v 0.6925950 -0.3885850 -0.1950000
v 0.6734600 -0.4347800 -0.1950000
v 0.6734600 -0.4347800 -0.1950000
v 0.6925950 -0.3885850 -0.1950000
v 0.7500000 -0.4000000 -0.1950000
v 0.7500000 -0.4500000 -0.1950000
v 0.7500000 -0.4500000 -0.1950000
v 0.7500000 -0.4000000 -0.1950000
v 0.8074050 -0.3885850 -0.1950000
v 0.8265400 -0.4347800 -0.1950000
v 0.8265400 -0.4347800 -0.1950000
v 0.8074050 -0.3885850 -0.1950000
v 0.8560650 -0.3560650 -0.1950000
v 0.8914200 -0.3914200 -0.1950000
v 0.8914200 -0.3914200 -0.1950000
v 0.8560650 -0.3560650 -0.1950000
v 0.8885850 -0.3074050 -0.1950000
v 0.9347800 -0.3265400 -0.1950000
v 0.9347800 -0.3265400 -0.1950000
v 0.8885850 -0.3074050 -0.1950000
v 0.9000000 -0.2500000 -0.1950000
v 0.9500000 -0.2500000 -0.1950000
v 0.8265400 -0.0652200 0.1950000
v 0.8265400 -0.0652200 0.0437500
v 0.7500000 -0.0500000 0.0437500
v 0.7500000 -0.0500000 0.1950000
v 0.8914200 -0.1085800 0.1950000
v 0.8914200 -0.1085800 0.0437500
v 0.8265400 -0.0652200 0.0437500
v 0.8265400 -0.0652200 0.1950000
v 0.9347800 -0.1734600 0.1950000
v 0.9347800 -0.1734600 0.0437500
v 0.8914200 -0.1085800 0.0437500
v 0.8914200 -0.1085800 0.1950000
v 0.9500000 -0.2500000 0.1950000
v 0.9500000 -0.2500000 0.0437500
v 0.9347800 -0.1734600 0.0437500
v 0.9347800 -0.1734600 0.1950000
v 0.9347800 -0.3265400 0.1950000
v 0.9347800 -0.3265400 0.0437500
v 0.9500000 -0.2500000 0.0437500
v 0.9500000 -0.2500000 0.1950000
v 0.8914200 -0.3914200 0.1950000
v 0.8914200 -0.3914200 0.0437500
v 0.9347800 -0.3265400 0.0437500
v 0.9347800 -0.3265400 0.1950000
v 0.8265400 -0.4347800 0.1950000
v 0.8265400 -0.4347800 0.0437500
v 0.8914200 -0.3914200 0.0437500
v 0.8914200 -0.3914200 0.1950000
v 0.7500000 -0.4500000 0.1950000
v 0.7500000 -0.4500000 0.0437500
v 0.8265400 -0.4347800 0.0437500
v 0.8265400 -0.4347800 0.1950000
v 0.6734600 -0.4347800 0.1950000
v 0.6734600 -0.4347800 0.0437500
v 0.7500000 -0.4500000 0.0437500
v 0.7500000 -0.4500000 0.1950000
v 0.6085800 -0.3914200 0.1950000
v 0.6085800 -0.3914200 0.0437500
v 0.6734600 -0.4347800 0.0437500
v 0.6734600 -0.4347800 0.1950000
v 0.8265400 -0.0652200 -0.0437500
v 0.8265400 -0.0652200 -0.1950000
v 0.7500000 -0.0500000 -0.1950000
v 0.7500000 -0.0500000 -0.0437500
v 0.8914200 -0.1085800 -0.0437500
v 0.8914200 -0.1085800 -0.1950000
v 0.8265400 -0.0652200 -0.1950000
v 0.8265400 -0.0652200 -0.0437500
v 0.9347800 -0.1734600 -0.0437500
v 0.9347800 -0.1734600 -0.1950000
v 0.8914200 -0.1085800 -0.1950000
v 0.8914200 -0.1085800 -0.0437500
v 0.9500000 -0.2500000 -0.0437500
v 0.9500000 -0.2500000 -0.1950000
v 0.9347800 -0.1734600 -0.1950000
v 0.9347800 -0.1734600 -0.0437500
v 0.9347800 -0.3265400 -0.0437500
v 0.9347800 -0.3265400 -0.1950000
v 0.9500000 -0.2500000 -0.1950000
v 0.9500000 -0.2500000 -0.0437500
v 0.8914200 -0.3914200 -0.0437500
v 0.8914200 -0.3914200 -0.1950000
v 0.9347800 -0.3265400 -0.1950000
v 0.9347800 -0.3265400 -0.0437500
v 0.8265400 -0.4347800 -0.0437500
v 0.8265400 -0.4347800 -0.1950000
v 0.8914200 -0.3914200 -0.1950000
v 0.8914200 -0.3914200 -0.0437500
v 0.7500000 -0.4500000 -0.0437500
v 0.7500000 -0.4500000 -0.1950000
v 0.8265400 -0.4347800 -0.1950000
v 0.8265400 -0.4347800 -0.0437500
v 0.6734600 -0.4347800 -0.0437500
v 0.6734600 -0.4347800 -0.1950000
v 0.7500000 -0.4500000 -0.1950000
v 0.7500000 -0.4500000 -0.0437500
v 0.6085800 -0.3914200 -0.0437500
v 0.6085800 -0.3914200 -0.1950000
v 0.6734600 -0.4347800 -0.1950000
v 0.6734600 -0.4347800 -0.0437500
v 0.7500000 -0.0500000 0.0437500
v 0.7308650 -0.0461950 0.0437500
v 0.7308650 -0.0461950 0.1950000
v 0.7500000 -0.0500000 0.1950000
v 0.7308650 -0.0461950 0.0437500
v 0.7146450 -0.0353550 0.0437500
v 0.7146450 -0.0353550 0.1950000
v 0.7308650 -0.0461950 0.1950000
v 0.7146450 -0.0353550 0.0437500
v 0.7038050 -0.0191350 0.0437500
v 0.7038050 -0.0191350 0.1950000
v 0.7146450 -0.0353550 0.1950000
v 0.7038050 -0.0191350 0.0437500
v 0.7000000 -0.0000000 0.0437500
v 0.7000000 -0.0000000 0.1950000
v 0.7038050 -0.0191350 0.1950000
v 0.7500000 -0.0500000 -0.1950000
v 0.7308650 -0.0461950 -0.1950000
v 0.7308650 -0.0461950 -0.0437500
v 0.7500000 -0.0500000 -0.0437500
v 0.7308650 -0.0461950 -0.1950000
v 0.7146450 -0.0353550 -0.1950000
v 0.7146450 -0.0353550 -0.0437500
v 0.7308650 -0.0461950 -0.0437500
v 0.7146450 -0.0353550 -0.1950000
v 0.7038050 -0.0191350 -0.1950000
v 0.7038050 -0.0191350 -0.0437500
v 0.7146450 -0.0353550 -0.0437500
v 0.7038050 -0.0191350 -0.1950000
v 0.7000000 -0.0000000 -0.1950000
v 0.7000000 -0.0000000 -0.0437500
v 0.7038050 -0.0191350 -0.0437500
v 0.7500000 -0.4000000 0.1950000
v 0.8074050 -0.3885850 0.1950000
v 0.8074050 -0.3885850 -0.1950000
v 0.7500000 -0.4000000 -0.1950000
v 0.8074050 -0.3885850 0.1950000
v 0.8560650 -0.3560650 0.1950000
v 0.8560650 -0.3560650 -0.1950000
v 0.8074050 -0.3885850 -0.1950000
v 0.8560650 -0.3560650 0.1950000
v 0.8885850 -0.3074050 0.1950000
v 0.8885850 -0.3074050 -0.1950000
v 0.8560650 -0.3560650 -0.1950000
v 0.8885850 -0.3074050 0.1950000
v 0.9000000 -0.2500000 0.1950000
v 0.9000000 -0.2500000 -0.1950000
v 0.8885850 -0.3074050 -0.1950000
v 0.9000000 -0.2500000 0.1950000
v 0.8885850 -0.1925950 0.1950000
v 0.8885850 -0.1925950 -0.1950000
v 0.9000000 -0.2500000 -0.1950000
v 0.8885850 -0.1925950 0.1950000
v 0.8560650 -0.1439350 0.1950000
v 0.8560650 -0.1439350 -0.1950000
v 0.8885850 -0.1925950 -0.1950000
v 0.8560650 -0.1439350 0.1950000
v 0.8074050 -0.1114150 0.1950000
v 0.8074050 -0.1114150 -0.1950000
v 0.8560650 -0.1439350 -0.1950000
v 0.8074050 -0.1114150 0.1950000
v 0.7500000 -0.1000000 0.1950000
v 0.7500000 -0.1000000 -0.1950000
v 0.8074050 -0.1114150 -0.1950000
v 0.7500000 -0.1000000 0.1950000
v 0.6925950 -0.1114150 0.1950000
v 0.6925950 -0.1114150 -0.1950000
v 0.7500000 -0.1000000 -0.1950000
v 0.6925950 -0.1114150 0.1950000
v 0.6439350 -0.1439350 0.1950000
v 0.6439350 -0.1439350 -0.1950000
v 0.6925950 -0.1114150 -0.1950000
v 0.6439350 -0.1439350 0.1950000
v 0.6114150 -0.1925950 0.1950000
v 0.6114150 -0.1925950 -0.1950000
v 0.6439350 -0.1439350 -0.1950000
v 0.6114150 -0.1925950 0.1950000
v 0.6000000 -0.2500000 0.1950000
v 0.6000000 -0.2500000 -0.1950000
v 0.6114150 -0.1925950 -0.1950000
v 0.6000000 -0.2500000 0.1950000
v 0.6114150 -0.3074050 0.1950000
v 0.6114150 -0.3074050 -0.1950000
v 0.6000000 -0.2500000 -0.1950000
v 0.6114150 -0.3074050 0.1950000
v 0.6439350 -0.3560650 0.1950000
v 0.6439350 -0.3560650 -0.1950000
v 0.6114150 -0.3074050 -0.1950000
v 0.6439350 -0.3560650 0.1950000
v 0.6925950 -0.3885850 0.1950000
v 0.6925950 -0.3885850 -0.1950000
v 0.6439350 -0.3560650 -0.1950000
v 0.6925950 -0.3885850 0.1950000
v 0.7500000 -0.4000000 0.1950000
v 0.7500000 -0.4000000 -0.1950000
v 0.6925950 -0.3885850 -0.1950000
v 0.5250000 -0.4000000 -0.1950000
v 0.5230975 -0.4095675 -0.1950000
v 0.5230975 -0.4095675 0.1950000
v 0.5250000 -0.4000000 0.1950000
v 0.5230975 -0.4095675 -0.1950000
v 0.5176775 -0.4176775 -0.1950000
v 0.5176775 -0.4176775 0.1950000
v 0.5230975 -0.4095675 0.1950000
v 0.5176775 -0.4176775 -0.1950000
v 0.5095675 -0.4230975 -0.1950000
v 0.5095675 -0.4230975 0.1950000
v 0.5176775 -0.4176775 0.1950000
v 0.5095675 -0.4230975 -0.1950000
v 0.5000000 -0.4250000 -0.1950000
v 0.5000000 -0.4250000 0.1950000
v 0.5095675 -0.4230975 0.1950000
v 0.5230975 -0.4095675 -0.1950000
v 0.5250000 -0.4000000 -0.1950000
v 0.5250000 -0.4250000 -0.1950000
v 0.5176775 -0.4176775 -0.1950000
v 0.5230975 -0.4095675 -0.1950000
v 0.5250000 -0.4250000 -0.1950000
v 0.5095675 -0.4230975 -0.1950000
v 0.5176775 -0.4176775 -0.1950000
v 0.5250000 -0.4250000 -0.1950000
v 0.5000000 -0.4250000 -0.1950000
v 0.5095675 -0.4230975 -0.1950000
v 0.5250000 -0.4250000 -0.1950000
v 0.5250000 -0.1450000 -0.1950000
v 0.5250000 -0.4000000 -0.1950000
v 0.5250000 -0.4000000 0.1950000
v 0.5250000 -0.1450000 0.1950000
v 0.5500000 -0.1400575 -0.1950000
v 0.5250000 -0.1450000 -0.1950000
v 0.5250000 -0.1450000 0.1950000
v 0.5500000 -0.1400575 0.1950000
v 0.6085800 -0.3914200 0.1950000
v 0.5000000 -0.5000000 0.1950000
v 0.5000000 -0.5000000 0.1125000
v 0.5250000 -0.4750000 0.1125000
v 0.6085800 -0.3914200 -0.1950000
v 0.5250000 -0.4750000 -0.1125000
v 0.5000000 -0.5000000 -0.1125000
v 0.5000000 -0.5000000 -0.1950000
v 0.6085800 -0.3914200 0.1950000
v 0.5250000 -0.4750000 0.1125000
v 0.5250000 -0.4750000 0.0437500
v 0.6085800 -0.3914200 0.0437500
v 0.5250000 -0.4750000 -0.0437500
v 0.5250000 -0.4750000 -0.1125000
v 0.6085800 -0.3914200 -0.1950000
v 0.6085800 -0.3914200 -0.0437500
v 0.7866575 -0.7866575 0.1125000
v 0.8095145 -0.7598895 0.1125000
v 0.5250000 -0.4750000 0.1125000
v 0.5000000 -0.5000000 0.1125000
v 0.5000000 -0.5000000 -0.1125000
v 0.5250000 -0.4750000 -0.1125000
v 0.8095142 -0.7598895 -0.1125000
v 0.7866575 -0.7866575 -0.1125000
v 0.5250000 -0.4750000 0.0437500
v 0.5250000 -0.4750000 0.1125000
v 0.8095145 -0.7598895 0.1125000
v 0.8095145 -0.7598895 0.0437500
v 0.5250000 -0.4750000 -0.0437500
v 0.8095145 -0.7598895 -0.0437500
v 0.8095145 -0.7598895 -0.1125000
v 0.5250000 -0.4750000 -0.1125000
v 0.6734600 -0.4347800 0.0437500
v 0.6085800 -0.3914200 0.0437500
v 0.5250000 -0.4750000 0.0437500
v 0.8095145 -0.7598895 0.0437500
v 0.8095142 -0.7598895 -0.0437500
v 0.5250000 -0.4750000 -0.0437500
v 0.6085800 -0.3914200 -0.0437500
v 0.6734600 -0.4347800 -0.0437500
v 0.7500000 -0.4500000 0.0437500
v 0.6734600 -0.4347800 0.0437500
v 0.8095145 -0.7598895 0.0437500
v 0.8095142 -0.7598895 -0.0437500
v 0.6734600 -0.4347800 -0.0437500
v 0.7500000 -0.4500000 -0.0437500
v 0.9007863 -0.6531377 0.0437500
v 0.8265400 -0.4347800 0.0437500
v 0.7500000 -0.4500000 0.0437500
v 0.8095145 -0.7598895 0.0437500
v 0.8095142 -0.7598895 -0.0437500
v 0.7500000 -0.4500000 -0.0437500
v 0.8265400 -0.4347800 -0.0437500
v 0.9007863 -0.6531377 -0.0437500
v 0.9918672 -0.5041802 0.0437500
v 0.8914200 -0.3914200 0.0437500
v 0.8265400 -0.4347800 0.0437500
v 0.9007863 -0.6531377 0.0437500
v 0.9007863 -0.6531377 -0.0437500
v 0.8265400 -0.4347800 -0.0437500
v 0.8914200 -0.3914200 -0.0437500
v 0.9918672 -0.5041802 -0.0437500
v 1.0585235 -0.3428075 0.0437500
v 0.9347800 -0.3265400 0.0437500
v 0.8914200 -0.3914200 0.0437500
v 0.9918672 -0.5041802 0.0437500
v 0.9918672 -0.5041802 -0.0437500
v 0.8914200 -0.3914200 -0.0437500
v 0.9347800 -0.3265400 -0.0437500
v 1.0585235 -0.3428075 -0.0437500
v 1.0991140 -0.1729923 0.0437500
v 0.9500000 -0.2500000 0.0437500
v 0.9347800 -0.3265400 0.0437500
v 1.0585235 -0.3428075 0.0437500
v 1.0585235 -0.3428075 -0.0437500
v 0.9347800 -0.3265400 -0.0437500
v 0.9500000 -0.2500000 -0.0437500
v 1.0991140 -0.1729923 -0.0437500
v 1.0991140 -0.1729923 0.0437500
v 0.9347800 -0.1734600 0.0437500
v 0.9500000 -0.2500000 0.0437500
v 0.9500000 -0.2500000 -0.0437500
v 0.9347800 -0.1734600 -0.0437500
v 1.0991140 -0.1729923 -0.0437500
v 1.1125000 -0.0000000 0.0437500
v 0.8914200 -0.1085800 0.0437500
v 0.9347800 -0.1734600 0.0437500
v 1.0991140 -0.1729923 0.0437500
v 1.0991140 -0.1729923 -0.0437500
v 0.9347800 -0.1734600 -0.0437500
v 0.8914200 -0.1085800 -0.0437500
v 1.1125000 -0.0000000 -0.0437500
v 1.1125000 -0.0000000 0.0437500
v 0.8265400 -0.0652200 0.0437500
v 0.8914200 -0.1085800 0.0437500
v 0.8914200 -0.1085800 -0.0437500
v 0.8265400 -0.0652200 -0.0437500
v 1.1125000 -0.0000000 -0.0437500
v 1.1125000 -0.0000000 0.0437500
v 0.7500000 -0.0000000 0.0437500
v 0.7500000 -0.0500000 0.0437500
v 0.8265400 -0.0652200 0.0437500
v 0.8265400 -0.0652200 -0.0437500
v 0.7500000 -0.0500000 -0.0437500
v 0.7500000 -0.0000000 -0.0437500
v 1.1125000 -0.0000000 -0.0437500
v 0.7308650 -0.0461950 0.0437500
v 0.7500000 -0.0500000 0.0437500
v 0.7500000 -0.0000000 0.0437500
v 0.7146450 -0.0353550 0.0437500
v 0.7308650 -0.0461950 0.0437500
v 0.7500000 -0.0000000 0.0437500
v 0.7038050 -0.0191350 0.0437500
v 0.7146450 -0.0353550 0.0437500
v 0.7500000 -0.0000000 0.0437500
v 0.7000000 -0.0000000 0.0437500
v 0.7038050 -0.0191350 0.0437500
v 0.7500000 -0.0000000 0.0437500
v 0.7500000 -0.0000000 -0.0437500
v 0.7500000 -0.0500000 -0.0437500
v 0.7308650 -0.0461950 -0.0437500
v 0.7500000 -0.0000000 -0.0437500
v 0.7308650 -0.0461950 -0.0437500
v 0.7146450 -0.0353550 -0.0437500
v 0.7500000 -0.0000000 -0.0437500
v 0.7146450 -0.0353550 -0.0437500
v 0.7038050 -0.0191350 -0.0437500
v 0.7500000 -0.0000000 -0.0437500
v 0.7038050 -0.0191350 -0.0437500
v 0.7000000 -0.0000000 -0.0437500
v 0.7000000 -0.0500000 0.1950000
v 0.7500000 -0.0500000 0.1950000
v 0.7308650 -0.0461950 0.1950000
v 0.7000000 -0.0500000 0.1950000
v 0.7308650 -0.0461950 0.1950000
v 0.7146450 -0.0353550 0.1950000
v 0.7000000 -0.0500000 0.1950000
v 0.7146450 -0.0353550 0.1950000
v 0.7038050 -0.0191350 0.1950000
v 0.7000000 -0.0500000 0.1950000
v 0.7038050 -0.0191350 0.1950000
v 0.7000000 -0.0000000 0.1950000
v 0.7308650 -0.0461950 -0.1950000
v 0.7500000 -0.0500000 -0.1950000
v 0.7000000 -0.0500000 -0.1950000
v 0.7146450 -0.0353550 -0.1950000
v 0.7308650 -0.0461950 -0.1950000
v 0.7000000 -0.0500000 -0.1950000
v 0.7038050 -0.0191350 -0.1950000
v 0.7146450 -0.0353550 -0.1950000
v 0.7000000 -0.0500000 -0.1950000
v 0.7000000 -0.0000000 -0.1950000
v 0.7038050 -0.0191350 -0.1950000
v 0.7000000 -0.0500000 -0.1950000
v 0.7000000 -0.0500000 0.1950000
v 0.7000000 -0.0000000 0.1950000
v 0.6500000 -0.0000000 0.1950000
v 0.6400575 -0.0500000 0.1950000
v 0.6400575 -0.0500000 -0.1950000
v 0.6500000 -0.0000000 -0.1950000
v 0.7000000 -0.0000000 -0.1950000
v 0.7000000 -0.0500000 -0.1950000
v 0.5500000 -0.2500000 0.1950000
v 0.5500000 -0.1400575 0.1950000
v 0.5250000 -0.1450000 0.1950000
v 0.5250000 -0.4250000 0.1950000
v 0.5250000 -0.4250000 -0.1950000
v 0.5250000 -0.1450000 -0.1950000
v 0.5500000 -0.1400575 -0.1950000
v 0.5500000 -0.2500000 -0.1950000
v 0.5500000 -0.2500000 0.1950000
v 0.5250000 -0.4250000 0.1950000
v 0.5652200 -0.3265400 0.1950000
v 0.5250000 -0.4250000 -0.1950000
v 0.5500000 -0.2500000 -0.1950000
v 0.5652200 -0.3265400 -0.1950000
v 0.6085800 -0.3914200 0.1950000
v 0.5652200 -0.3265400 0.1950000
v 0.5250000 -0.4250000 0.1950000
v 0.5000000 -0.5000000 0.1950000
v 0.5000000 -0.5000000 -0.1950000
v 0.5250000 -0.4250000 -0.1950000
v 0.5652200 -0.3265400 -0.1950000
v 0.6085800 -0.3914200 -0.1950000
v 0.5250000 -0.4250000 0.1950000
v 0.5000000 -0.4250000 0.1950000
v 0.5000000 -0.5000000 0.1950000
v 0.5000000 -0.4250000 -0.1950000
v 0.5250000 -0.4250000 -0.1950000
v 0.5000000 -0.5000000 -0.1950000
v 0.4347800 -0.1734600 0.1950000
v 0.4500000 -0.2500000 0.1950000
v 0.4500000 -0.1400575 0.1950000
v 0.4425975 -0.1385825 0.1950000
v 0.4347800 -0.1734600 0.1950000
v 0.4425975 -0.1385825 0.1950000
v 0.3939300 -0.1060675 0.1950000
v 0.3914200 -0.1085800 0.1950000
v 0.3265400 -0.0652200 0.1950000
v 0.3914200 -0.1085800 0.1950000
v 0.3939300 -0.1060675 0.1950000
v 0.3614200 -0.0574025 0.1950000
v 0.3265400 -0.0652200 0.1950000
v 0.3614200 -0.0574025 0.1950000
v 0.3599450 -0.0500000 0.1950000
v 0.2500000 -0.0500000 0.1950000
v 0.0652200 -0.3265400 0.1950000
v 0.0500000 -0.2500000 0.1950000
v 0.0500000 -0.3599450 0.1950000
v 0.0574025 -0.3614175 0.1950000
v 0.0652200 -0.3265400 0.1950000
v 0.0574025 -0.3614175 0.1950000
v 0.1060700 -0.3939325 0.1950000
v 0.1085800 -0.3914200 0.1950000
v 0.1734600 -0.4347800 0.1950000
v 0.1085800 -0.3914200 0.1950000
v 0.1060700 -0.3939325 0.1950000
v 0.1385800 -0.4425975 0.1950000
v 0.1734600 -0.4347800 0.1950000
v 0.1385800 -0.4425975 0.1950000
v 0.1400575 -0.4500000 0.1950000
v 0.2500000 -0.4500000 0.1950000
v 0.6734600 -0.0652200 0.1950000
v 0.7500000 -0.0500000 0.1950000
v 0.6400575 -0.0500000 0.1950000
v 0.6385825 -0.0574025 0.1950000
v 0.6734600 -0.0652200 0.1950000
v 0.6385825 -0.0574025 0.1950000
v 0.6060675 -0.1060700 0.1950000
v 0.6085800 -0.1085800 0.1950000
v 0.5652200 -0.1734600 0.1950000
v 0.6085800 -0.1085800 0.1950000
v 0.6060675 -0.1060700 0.1950000
v 0.5574025 -0.1385800 0.1950000
v 0.5652200 -0.1734600 0.1950000
v 0.5574025 -0.1385800 0.1950000
v 0.5500000 -0.1400575 0.1950000
v 0.5500000 -0.2500000 0.1950000
v 0.6400575 -0.0500000 -0.1950000
v 0.7500000 -0.0500000 -0.1950000
v 0.6734600 -0.0652200 -0.1950000
v 0.6385825 -0.0574025 -0.1950000
v 0.6060675 -0.1060700 -0.1950000
v 0.6385825 -0.0574025 -0.1950000
v 0.6734600 -0.0652200 -0.1950000
v 0.6085800 -0.1085800 -0.1950000
v 0.6060675 -0.1060700 -0.1950000
v 0.6085800 -0.1085800 -0.1950000
v 0.5652200 -0.1734600 -0.1950000
v 0.5574025 -0.1385800 -0.1950000
v 0.5500000 -0.1400575 -0.1950000
v 0.5574025 -0.1385800 -0.1950000
v 0.5652200 -0.1734600 -0.1950000
v 0.5500000 -0.2500000 -0.1950000
v 0.1400575 0.4500000 -0.1950000
v 0.1400575 0.4500000 0.0000000
v 0.1450000 0.4750000 0.0000000
v 0.1450000 0.4750000 -0.1950000
v 0.1450000 0.4750000 0.0000000
v 0.4000000 0.4750000 0.0000000
v 0.4000000 0.4750000 -0.1950000
v 0.1450000 0.4750000 -0.1950000
v 0.4250000 0.5000000 -0.1950000
v 0.4230975 0.4904325 -0.1950000
v 0.4230975 0.4904325 0.0000000
v 0.4250000 0.5000000 0.0000000
v 0.4230975 0.4904325 -0.1950000
v 0.4176775 0.4823225 -0.1950000
v 0.4176775 0.4823225 0.0000000
v 0.4230975 0.4904325 0.0000000
v 0.4176775 0.4823225 -0.1950000
v 0.4095675 0.4769025 -0.1950000
v 0.4095675 0.4769025 0.0000000
v 0.4176775 0.4823225 0.0000000
v 0.4095675 0.4769025 -0.1950000
v 0.4000000 0.4750000 -0.1950000
v 0.4000000 0.4750000 0.0000000
v 0.4095675 0.4769025 0.0000000
v 0.4230975 0.4904325 -0.1950000
v 0.4250000 0.5000000 -0.1950000
v 0.4250000 0.4750000 -0.1950000
v 0.4176775 0.4823225 -0.1950000
v 0.4230975 0.4904325 -0.1950000
v 0.4250000 0.4750000 -0.1950000
v 0.4095675 0.4769025 -0.1950000
v 0.4176775 0.4823225 -0.1950000
v 0.4250000 0.4750000 -0.1950000
v 0.4000000 0.4750000 -0.1950000
v 0.4095675 0.4769025 -0.1950000
v 0.4250000 0.4750000 -0.1950000
v 0.5250000 0.4250000 -0.1950000
v 0.5250000 0.4000000 -0.1950000
v 0.5230975 0.4095675 -0.1950000
v 0.5250000 0.4250000 -0.1950000
v 0.5230975 0.4095675 -0.1950000
v 0.5176775 0.4176775 -0.1950000
v 0.5250000 0.4250000 -0.1950000
v 0.5176775 0.4176775 -0.1950000
v 0.5095675 0.4230975 -0.1950000
v 0.5250000 0.4250000 -0.1950000
v 0.5095675 0.4230975 -0.1950000
v 0.5000000 0.4250000 -0.1950000
v 0.4750000 0.4250000 -0.1950000
v 0.5000000 0.4250000 -0.1950000
v 0.4904325 0.4230975 -0.1950000
v 0.4750000 0.4250000 -0.1950000
v 0.4904325 0.4230975 -0.1950000
v 0.4823225 0.4176775 -0.1950000
v 0.4750000 0.4250000 -0.1950000
v 0.4823225 0.4176775 -0.1950000
v 0.4769025 0.4095675 -0.1950000
v 0.4750000 0.4250000 -0.1950000
v 0.4769025 0.4095675 -0.1950000
v 0.4750000 0.4000000 -0.1950000
v 0.5000000 0.4250000 0.0000000
v 0.4904325 0.4230975 0.0000000
v 0.4904325 0.4230975 -0.1950000
v 0.5000000 0.4250000 -0.1950000
v 0.4904325 0.4230975 0.0000000
v 0.4823225 0.4176775 0.0000000
v 0.4823225 0.4176775 -0.1950000
v 0.4904325 0.4230975 -0.1950000
v 0.4823225 0.4176775 0.0000000
v 0.4769025 0.4095675 0.0000000
v 0.4769025 0.4095675 -0.1950000
v 0.4823225 0.4176775 -0.1950000
v 0.4769025 0.4095675 0.0000000
v 0.4750000 0.4000000 0.0000000
v 0.4750000 0.4000000 -0.1950000
v 0.4769025 0.4095675 -0.1950000
v 0.4750000 0.4000000 -0.1950000
v 0.4750000 0.4000000 0.0000000
v 0.4750000 0.1450000 0.0000000
v 0.4750000 0.1450000 -0.1950000
v 0.4750000 0.1450000 -0.1950000
v 0.4750000 0.1450000 0.0000000
v 0.4500000 0.1400575 0.0000000
v 0.4500000 0.1400575 -0.1950000
v 0.4347800 0.1734600 -0.1950000
v 0.3885850 0.1925950 -0.1950000
v 0.4000000 0.2500000 -0.1950000
v 0.4500000 0.2500000 -0.1950000
v 0.3914200 0.1085800 -0.1950000
v 0.3560650 0.1439350 -0.1950000
v 0.3885850 0.1925950 -0.1950000
v 0.4347800 0.1734600 -0.1950000
v 0.3265400 0.0652200 -0.1950000
v 0.3074050 0.1114150 -0.1950000
v 0.3560650 0.1439350 -0.1950000
v 0.3914200 0.1085800 -0.1950000
v 0.2500000 0.0500000 -0.1950000
v 0.2500000 0.1000000 -0.1950000
v 0.3074050 0.1114150 -0.1950000
v 0.3265400 0.0652200 -0.1950000
v 0.1734600 0.0652200 -0.1950000
v 0.1925950 0.1114150 -0.1950000
v 0.2500000 0.1000000 -0.1950000
v 0.2500000 0.0500000 -0.1950000
v 0.1085800 0.1085800 -0.1950000
v 0.1439350 0.1439350 -0.1950000
v 0.1925950 0.1114150 -0.1950000
v 0.1734600 0.0652200 -0.1950000
v 0.0652200 0.1734600 -0.1950000
v 0.1114150 0.1925950 -0.1950000
v 0.1439350 0.1439350 -0.1950000
v 0.1085800 0.1085800 -0.1950000
v 0.0500000 0.2500000 -0.1950000
v 0.1000000 0.2500000 -0.1950000
v 0.1114150 0.1925950 -0.1950000
v 0.0652200 0.1734600 -0.1950000
v 0.0652200 0.3265400 -0.1950000
v 0.1114150 0.3074050 -0.1950000
v 0.1000000 0.2500000 -0.1950000
v 0.0500000 0.2500000 -0.1950000
v 0.1085800 0.3914200 -0.1950000
v 0.1439350 0.3560650 -0.1950000
v 0.1114150 0.3074050 -0.1950000
v 0.0652200 0.3265400 -0.1950000
v 0.1734600 0.4347800 -0.1950000
v 0.1925950 0.3885850 -0.1950000
v 0.1439350 0.3560650 -0.1950000
v 0.1085800 0.3914200 -0.1950000
v 0.2500000 0.4500000 -0.1950000
v 0.2500000 0.4000000 -0.1950000
v 0.1925950 0.3885850 -0.1950000
v 0.1734600 0.4347800 -0.1950000
v 0.3265400 0.4347800 -0.1950000
v 0.3074050 0.3885850 -0.1950000
v 0.2500000 0.4000000 -0.1950000
v 0.2500000 0.4500000 -0.1950000
v 0.3914200 0.3914200 -0.1950000
v 0.3560650 0.3560650 -0.1950000
v 0.3074050 0.3885850 -0.1950000
v 0.3265400 0.4347800 -0.1950000
v 0.4347800 0.3265400 -0.1950000
v 0.3885850 0.3074050 -0.1950000
v 0.3560650 0.3560650 -0.1950000
v 0.3914200 0.3914200 -0.1950000
v 0.4500000 0.2500000 -0.1950000
v 0.4000000 0.2500000 -0.1950000
v 0.3885850 0.3074050 -0.1950000
v 0.4347800 0.3265400 -0.1950000
v 0.3265400 0.4347800 -0.1950000
v 0.2500000 0.4500000 -0.1950000
v 0.4500000 0.4500000 -0.1950000
v 0.3914200 0.3914200 -0.1950000
v 0.3265400 0.4347800 -0.1950000
v 0.4500000 0.4500000 -0.1950000
v 0.4347800 0.3265400 -0.1950000
v 0.3914200 0.3914200 -0.1950000
v 0.4500000 0.4500000 -0.1950000
v 0.4500000 0.2500000 -0.1950000
v 0.4347800 0.3265400 -0.1950000
v 0.4500000 0.4500000 -0.1950000
v 0.2500000 0.4000000 -0.1950000
v 0.3074050 0.3885850 -0.1950000
v 0.3074050 0.3885850 0.0000000
v 0.2500000 0.4000000 0.0000000
v 0.3074050 0.3885850 -0.1950000
v 0.3560650 0.3560650 -0.1950000
v 0.3560650 0.3560650 0.0000000
v 0.3074050 0.3885850 0.0000000
v 0.3560650 0.3560650 -0.1950000
v 0.3885850 0.3074050 -0.1950000
v 0.3885850 0.3074050 0.0000000
v 0.3560650 0.3560650 0.0000000
v 0.3885850 0.3074050 -0.1950000
v 0.4000000 0.2500000 -0.1950000
v 0.4000000 0.2500000 0.0000000
v 0.3885850 0.3074050 0.0000000
v 0.4000000 0.2500000 -0.1950000
v 0.3885850 0.1925950 -0.1950000
v 0.3885850 0.1925950 0.0000000
v 0.4000000 0.2500000 0.0000000
v 0.3885850 0.1925950 -0.1950000
v 0.3560650 0.1439350 -0.1950000
v 0.3560650 0.1439350 0.0000000
v 0.3885850 0.1925950 0.0000000
v 0.3560650 0.1439350 -0.1950000
v 0.3074050 0.1114150 -0.1950000
v 0.3074050 0.1114150 0.0000000
v 0.3560650 0.1439350 0.0000000
v 0.3074050 0.1114150 -0.1950000
v 0.2500000 0.1000000 -0.1950000
v 0.2500000 0.1000000 0.0000000
v 0.3074050 0.1114150 0.0000000
v 0.2500000 0.1000000 -0.1950000
v 0.1925950 0.1114150 -0.1950000
v 0.1925950 0.1114150 0.0000000
v 0.2500000 0.1000000 0.0000000
v 0.1925950 0.1114150 -0.1950000
v 0.1439350 0.1439350 -0.1950000
v 0.1439350 0.1439350 0.0000000
v 0.1925950 0.1114150 0.0000000
v 0.1439350 0.1439350 -0.1950000
v 0.1114150 0.1925950 -0.1950000
v 0.1114150 0.1925950 0.0000000
v 0.1439350 0.1439350 0.0000000
v 0.1114150 0.1925950 -0.1950000
v 0.1000000 0.2500000 -0.1950000
v 0.1000000 0.2500000 0.0000000
v 0.1114150 0.1925950 0.0000000
v 0.1000000 0.2500000 -0.1950000
v 0.1114150 0.3074050 -0.1950000
v 0.1114150 0.3074050 0.0000000
v 0.1000000 0.2500000 0.0000000
v 0.1114150 0.3074050 -0.1950000
v 0.1439350 0.3560650 -0.1950000
v 0.1439350 0.3560650 0.0000000
v 0.1114150 0.3074050 0.0000000
v 0.1439350 0.3560650 -0.1950000
v 0.1925950 0.3885850 -0.1950000
v 0.1925950 0.3885850 0.0000000
v 0.1439350 0.3560650 0.0000000
v 0.1925950 0.3885850 -0.1950000
v 0.2500000 0.4000000 -0.1950000
v 0.2500000 0.4000000 0.0000000
v 0.1925950 0.3885850 0.0000000
v 0.0500000 0.3599450 -0.1950000
v 0.0500000 0.3000000 -0.1950000
v 0.0000000 0.3000000 -0.1950000
v 0.0000000 0.3500000 -0.1950000
v 0.4500000 0.4500000 -0.1950000
v 0.1400575 0.4500000 -0.1950000
v 0.1450000 0.4750000 -0.1950000
v 0.4250000 0.4750000 -0.1950000
v 0.4500000 0.4500000 -0.1950000
v 0.4250000 0.4750000 -0.1950000
v 0.4250000 0.5000000 -0.1950000
v 0.5000000 0.5000000 -0.1950000
v 0.5000000 0.5000000 -0.1950000
v 0.5000000 0.4250000 -0.1950000
v 0.4750000 0.4250000 -0.1950000
v 0.4500000 0.4500000 -0.1950000
v 0.4750000 0.4250000 -0.1950000
v 0.4750000 0.1450000 -0.1950000
v 0.4500000 0.1400575 -0.1950000
v 0.4500000 0.4500000 -0.1950000
v 0.3500000 -0.0000000 -0.1950000
v 0.3000000 -0.0000000 -0.1950000
v 0.3000000 0.0500000 -0.1950000
v 0.3599450 0.0500000 -0.1950000
v 0.9347800 0.1734600 -0.1950000
v 0.8885850 0.1925950 -0.1950000
v 0.9000000 0.2500000 -0.1950000
v 0.9500000 0.2500000 -0.1950000
v 0.8914200 0.1085800 -0.1950000
v 0.8560650 0.1439350 -0.1950000
v 0.8885850 0.1925950 -0.1950000
v 0.9347800 0.1734600 -0.1950000
v 0.8265400 0.0652200 -0.1950000
v 0.8074050 0.1114150 -0.1950000
v 0.8560650 0.1439350 -0.1950000
v 0.8914200 0.1085800 -0.1950000
v 0.7500000 0.0500000 -0.1950000
v 0.7500000 0.1000000 -0.1950000
v 0.8074050 0.1114150 -0.1950000
v 0.8265400 0.0652200 -0.1950000
v 0.6734600 0.0652200 -0.1950000
v 0.6925950 0.1114150 -0.1950000
v 0.7500000 0.1000000 -0.1950000
v 0.7500000 0.0500000 -0.1950000
v 0.6085800 0.1085800 -0.1950000
v 0.6439350 0.1439350 -0.1950000
v 0.6925950 0.1114150 -0.1950000
v 0.6734600 0.0652200 -0.1950000
v 0.5652200 0.1734600 -0.1950000
v 0.6114150 0.1925950 -0.1950000
v 0.6439350 0.1439350 -0.1950000
v 0.6085800 0.1085800 -0.1950000
v 0.5500000 0.2500000 -0.1950000
v 0.6000000 0.2500000 -0.1950000
v 0.6114150 0.1925950 -0.1950000
v 0.5652200 0.1734600 -0.1950000
v 0.5652200 0.3265400 -0.1950000
v 0.6114150 0.3074050 -0.1950000
v 0.6000000 0.2500000 -0.1950000
v 0.5500000 0.2500000 -0.1950000
v 0.6085800 0.3914200 -0.1950000
v 0.6439350 0.3560650 -0.1950000
v 0.6114150 0.3074050 -0.1950000
v 0.5652200 0.3265400 -0.1950000
v 0.6734600 0.4347800 -0.1950000
v 0.6925950 0.3885850 -0.1950000
v 0.6439350 0.3560650 -0.1950000
v 0.6085800 0.3914200 -0.1950000
v 0.7500000 0.4500000 -0.1950000
v 0.7500000 0.4000000 -0.1950000
v 0.6925950 0.3885850 -0.1950000
v 0.6734600 0.4347800 -0.1950000
v 0.8265400 0.4347800 -0.1950000
v 0.8074050 0.3885850 -0.1950000
v 0.7500000 0.4000000 -0.1950000
v 0.7500000 0.4500000 -0.1950000
v 0.8914200 0.3914200 -0.1950000
v 0.8560650 0.3560650 -0.1950000
v 0.8074050 0.3885850 -0.1950000
v 0.8265400 0.4347800 -0.1950000
v 0.9347800 0.3265400 -0.1950000
v 0.8885850 0.3074050 -0.1950000
v 0.8560650 0.3560650 -0.1950000
v 0.8914200 0.3914200 -0.1950000
v 0.9500000 0.2500000 -0.1950000
v 0.9000000 0.2500000 -0.1950000
v 0.8885850 0.3074050 -0.1950000
v 0.9347800 0.3265400 -0.1950000
v 0.9500000 0.2500000 0.1950000
v 0.9000000 0.2500000 0.1950000
v 0.8885850 0.1925950 0.1950000
v 0.9347800 0.1734600 0.1950000
v 0.9347800 0.1734600 0.1950000
v 0.8885850 0.1925950 0.1950000
v 0.8560650 0.1439350 0.1950000
v 0.8914200 0.1085800 0.1950000
v 0.8914200 0.1085800 0.1950000
v 0.8560650 0.1439350 0.1950000
v 0.8074050 0.1114150 0.1950000
v 0.8265400 0.0652200 0.1950000
v 0.8265400 0.0652200 0.1950000
v 0.8074050 0.1114150 0.1950000
v 0.7500000 0.1000000 0.1950000
v 0.7500000 0.0500000 0.1950000
v 0.7500000 0.0500000 0.1950000
v 0.7500000 0.1000000 0.1950000
v 0.6925950 0.1114150 0.1950000
v 0.6734600 0.0652200 0.1950000
v 0.6734600 0.0652200 0.1950000
v 0.6925950 0.1114150 0.1950000
v 0.6439350 0.1439350 0.1950000
v 0.6085800 0.1085800 0.1950000
v 0.6085800 0.1085800 0.1950000
v 0.6439350 0.1439350 0.1950000
v 0.6114150 0.1925950 0.1950000
v 0.5652200 0.1734600 0.1950000
v 0.5652200 0.1734600 0.1950000
v 0.6114150 0.1925950 0.1950000
v 0.6000000 0.2500000 0.1950000
v 0.5500000 0.2500000 0.1950000
v 0.5500000 0.2500000 0.1950000
v 0.6000000 0.2500000 0.1950000
v 0.6114150 0.3074050 0.1950000
v 0.5652200 0.3265400 0.1950000
v 0.5652200 0.3265400 0.1950000
v 0.6114150 0.3074050 0.1950000
v 0.6439350 0.3560650 0.1950000
v 0.6085800 0.3914200 0.1950000
v 0.6085800 0.3914200 0.1950000
v 0.6439350 0.3560650 0.1950000
v 0.6925950 0.3885850 0.1950000
v 0.6734600 0.4347800 0.1950000
v 0.6734600 0.4347800 0.1950000
v 0.6925950 0.3885850 0.1950000
v 0.7500000 0.4000000 0.1950000
v 0.7500000 0.4500000 0.1950000
v 0.7500000 0.4500000 0.1950000
v 0.7500000 0.4000000 0.1950000
v 0.8074050 0.3885850 0.1950000
v 0.8265400 0.4347800 0.1950000
v 0.8265400 0.4347800 0.1950000
v 0.8074050 0.3885850 0.1950000
v 0.8560650 0.3560650 0.1950000
v 0.8914200 0.3914200 0.1950000
v 0.8914200 0.3914200 0.1950000
v 0.8560650 0.3560650 0.1950000
v 0.8885850 0.3074050 0.1950000
v 0.9347800 0.3265400 0.1950000
v 0.9347800 0.3265400 0.1950000
v 0.8885850 0.3074050 0.1950000
v 0.9000000 0.2500000 0.1950000
v 0.9500000 0.2500000 0.1950000
v 0.8265400 0.0652200 -0.1950000
v 0.8265400 0.0652200 -0.0437500
v 0.7500000 0.0500000 -0.0437500
v 0.7500000 0.0500000 -0.1950000
v 0.8914200 0.1085800 -0.1950000
v 0.8914200 0.1085800 -0.0437500
v 0.8265400 0.0652200 -0.0437500
v 0.8265400 0.0652200 -0.1950000
v 0.9347800 0.1734600 -0.1950000
v 0.9347800 0.1734600 -0.0437500
v 0.8914200 0.1085800 -0.0437500
v 0.8914200 0.1085800 -0.1950000
v 0.9500000 0.2500000 -0.1950000
v 0.9500000 0.2500000 -0.0437500
v 0.9347800 0.1734600 -0.0437500
v 0.9347800 0.1734600 -0.1950000
v 0.9347800 0.3265400 -0.1950000
v 0.9347800 0.3265400 -0.0437500
v 0.9500000 0.2500000 -0.0437500
v 0.9500000 0.2500000 -0.1950000
v 0.8914200 0.3914200 -0.1950000
v 0.8914200 0.3914200 -0.0437500
v 0.9347800 0.3265400 -0.0437500
v 0.9347800 0.3265400 -0.1950000
v 0.8265400 0.4347800 -0.1950000
v 0.8265400 0.4347800 -0.0437500
v 0.8914200 0.3914200 -0.0437500
v 0.8914200 0.3914200 -0.1950000
v 0.7500000 0.4500000 -0.1950000
v 0.7500000 0.4500000 -0.0437500
v 0.8265400 0.4347800 -0.0437500
v 0.8265400 0.4347800 -0.1950000
v 0.6734600 0.4347800 -0.1950000
v 0.6734600 0.4347800 -0.0437500
v 0.7500000 0.4500000 -0.0437500
v 0.7500000 0.4500000 -0.1950000
v 0.6085800 0.3914200 -0.1950000
v 0.6085800 0.3914200 -0.0437500
v 0.6734600 0.4347800 -0.0437500
v 0.6734600 0.4347800 -0.1950000
v 0.8265400 0.0652200 0.0437500
v 0.8265400 0.0652200 0.1950000
v 0.7500000 0.0500000 0.1950000
v 0.7500000 0.0500000 0.0437500
v 0.8914200 0.1085800 0.0437500
v 0.8914200 0.1085800 0.1950000
v 0.8265400 0.0652200 0.1950000
v 0.8265400 0.0652200 0.0437500
v 0.9347800 0.1734600 0.0437500
v 0.9347800 0.1734600 0.1950000
v 0.8914200 0.1085800 0.1950000
v 0.8914200 0.1085800 0.0437500
v 0.9500000 0.2500000 0.0437500
v 0.9500000 0.2500000 0.1950000
v 0.9347800 0.1734600 0.1950000
v 0.9347800 0.1734600 0.0437500
v 0.9347800 0.3265400 0.0437500
v 0.9347800 0.3265400 0.1950000
v 0.9500000 0.2500000 0.1950000
v 0.9500000 0.2500000 0.0437500
v 0.8914200 0.3914200 0.0437500
v 0.8914200 0.3914200 0.1950000
v 0.9347800 0.3265400 0.1950000
v 0.9347800 0.3265400 0.0437500
v 0.8265400 0.4347800 0.0437500
v 0.8265400 0.4347800 0.1950000
v 0.8914200 0.3914200 0.1950000
v 0.8914200 0.3914200 0.0437500
v 0.7500000 0.4500000 0.0437500
v 0.7500000 0.4500000 0.1950000
v 0.8265400 0.4347800 0.1950000
v 0.8265400 0.4347800 0.0437500
v 0.6734600 0.4347800 0.0437500
v 0.6734600 0.4347800 0.1950000
v 0.7500000 0.4500000 0.1950000
v 0.7500000 0.4500000 0.0437500
v 0.6085800 0.3914200 0.0437500
v 0.6085800 0.3914200 0.1950000
v 0.6734600 0.4347800 0.1950000
v 0.6734600 0.4347800 0.0437500
v 0.7500000 0.0500000 -0.0437500
v 0.7308650 0.0461950 -0.0437500
v 0.7308650 0.0461950 -0.1950000
v 0.7500000 0.0500000 -0.1950000
v 0.7308650 0.0461950 -0.0437500
v 0.7146450 0.0353550 -0.0437500
v 0.7146450 0.0353550 -0.1950000
v 0.7308650 0.0461950 -0.1950000
v 0.7146450 0.0353550 -0.0437500
v 0.7038050 0.0191350 -0.0437500
v 0.7038050 0.0191350 -0.1950000
v 0.7146450 0.0353550 -0.1950000
v 0.7038050 0.0191350 -0.0437500
v 0.7000000 -0.0000000 -0.0437500
v 0.7000000 -0.0000000 -0.1950000
v 0.7038050 0.0191350 -0.1950000
v 0.7500000 0.0500000 0.1950000
v 0.7308650 0.0461950 0.1950000
v 0.7308650 0.0461950 0.0437500
v 0.7500000 0.0500000 0.0437500
v 0.7308650 0.0461950 0.1950000
v 0.7146450 0.0353550 0.1950000
v 0.7146450 0.0353550 0.0437500
v 0.7308650 0.0461950 0.0437500
v 0.7146450 0.0353550 0.1950000
v 0.7038050 0.0191350 0.1950000
v 0.7038050 0.0191350 0.0437500
v 0.7146450 0.0353550 0.0437500
v 0.7038050 0.0191350 0.1950000
v 0.7000000 -0.0000000 0.1950000
v 0.7000000 -0.0000000 0.0437500
v 0.7038050 0.0191350 0.0437500
v 0.7500000 0.4000000 -0.1950000
v 0.8074050 0.3885850 -0.1950000
v 0.8074050 0.3885850 0.1950000
v 0.7500000 0.4000000 0.1950000
v 0.8074050 0.3885850 -0.1950000
v 0.8560650 0.3560650 -0.1950000
v 0.8560650 0.3560650 0.1950000
v 0.8074050 0.3885850 0.1950000
v 0.8560650 0.3560650 -0.1950000
v 0.8885850 0.3074050 -0.1950000
v 0.8885850 0.3074050 0.1950000
v 0.8560650 0.3560650 0.1950000
v 0.8885850 0.3074050 -0.1950000
v 0.9000000 0.2500000 -0.1950000
v 0.9000000 0.2500000 0.1950000
v 0.8885850 0.3074050 0.1950000
v 0.9000000 0.2500000 -0.1950000
v 0.8885850 0.1925950 -0.1950000
v 0.8885850 0.1925950 0.1950000
v 0.9000000 0.2500000 0.1950000
v 0.8885850 0.1925950 -0.1950000
v 0.8560650 0.1439350 -0.1950000
v 0.8560650 0.1439350 0.1950000
v 0.8885850 0.1925950 0.1950000
v 0.8560650 0.1439350 -0.1950000
v 0.8074050 0.1114150 -0.1950000
v 0.8074050 0.1114150 0.1950000
v 0.8560650 0.1439350 0.1950000
v 0.8074050 0.1114150 -0.1950000
v 0.7500000 0.1000000 -0.1950000
v 0.7500000 0.1000000 0.1950000
v 0.8074050 0.1114150 0.1950000
v 0.7500000 0.1000000 -0.1950000
v 0.6925950 0.1114150 -0.1950000
v 0.6925950 0.1114150 0.1950000
v 0.7500000 0.1000000 0.1950000
v 0.6925950 0.1114150 -0.1950000
v 0.6439350 0.1439350 -0.1950000
v 0.6439350 0.1439350 0.1950000
v 0.6925950 0.1114150 0.1950000
v 0.6439350 0.1439350 -0.1950000
v 0.6114150 0.1925950 -0.1950000
v 0.6114150 0.1925950 0.1950000
v 0.6439350 0.1439350 0.1950000
v 0.6114150 0.1925950 -0.1950000
v 0.6000000 0.2500000 -0.1950000
v 0.6000000 0.2500000 0.1950000
v 0.6114150 0.1925950 0.1950000
v 0.6000000 0.2500000 -0.1950000
v 0.6114150 0.3074050 -0.1950000
v 0.6114150 0.3074050 0.1950000
v 0.6000000 0.2500000 0.1950000
v 0.6114150 0.3074050 -0.1950000
v 0.6439350 0.3560650 -0.1950000
v 0.6439350 0.3560650 0.1950000
v 0.6114150 0.3074050 0.1950000
v 0.6439350 0.3560650 -0.1950000
v 0.6925950 0.3885850 -0.1950000
v 0.6925950 0.3885850 0.1950000
v 0.6439350 0.3560650 0.1950000
v 0.6925950 0.3885850 -0.1950000
v 0.7500000 0.4000000 -0.1950000
v 0.7500000 0.4000000 0.1950000
v 0.6925950 0.3885850 0.1950000
v 0.5250000 0.4000000 0.1950000
v 0.5230975 0.4095675 0.1950000
v 0.5230975 0.4095675 -0.1950000
v 0.5250000 0.4000000 -0.1950000
v 0.5230975 0.4095675 0.1950000
v 0.5176775 0.4176775 0.1950000
v 0.5176775 0.4176775 -0.1950000
v 0.5230975 0.4095675 -0.1950000
v 0.5176775 0.4176775 0.1950000
v 0.5095675 0.4230975 0.1950000
v 0.5095675 0.4230975 -0.1950000
v 0.5176775 0.4176775 -0.1950000
v 0.5095675 0.4230975 0.1950000
v 0.5000000 0.4250000 0.1950000
v 0.5000000 0.4250000 -0.1950000
v 0.5095675 0.4230975 -0.1950000
v 0.5230975 0.4095675 0.1950000
v 0.5250000 0.4000000 0.1950000
v 0.5250000 0.4250000 0.1950000
v 0.5176775 0.4176775 0.1950000
v 0.5230975 0.4095675 0.1950000
v 0.5250000 0.4250000 0.1950000
v 0.5095675 0.4230975 0.1950000
v 0.5176775 0.4176775 0.1950000
v 0.5250000 0.4250000 0.1950000
v 0.5000000 0.4250000 0.1950000
v 0.5095675 0.4230975 0.1950000
v 0.5250000 0.4250000 0.1950000
v 0.5250000 0.1450000 0.1950000
v 0.5250000 0.4000000 0.1950000
v 0.5250000 0.4000000 -0.1950000
v 0.5250000 0.1450000 -0.1950000
v 0.5500000 0.1400575 0.1950000
v 0.5250000 0.1450000 0.1950000
v 0.5250000 0.1450000 -0.1950000
v 0.5500000 0.1400575 -0.1950000
v 0.6085800 0.3914200 -0.1950000
v 0.5000000 0.5000000 -0.1950000
v 0.5000000 0.5000000 -0.1125000
v 0.5250000 0.4750000 -0.1125000
v 0.6085800 0.3914200 0.1950000
v 0.5250000 0.4750000 0.1125000
v 0.5000000 0.5000000 0.1125000
v 0.5000000 0.5000000 0.1950000
v 0.6085800 0.3914200 -0.1950000
v 0.5250000 0.4750000 -0.1125000
v 0.5250000 0.4750000 -0.0437500
v 0.6085800 0.3914200 -0.0437500
v 0.5250000 0.4750000 0.0437500
v 0.5250000 0.4750000 0.1125000
v 0.6085800 0.3914200 0.1950000
v 0.6085800 0.3914200 0.0437500
v 0.7866575 0.7866575 -0.1125000
v 0.8095145 0.7598895 -0.1125000
v 0.5250000 0.4750000 -0.1125000
v 0.5000000 0.5000000 -0.1125000
v 0.5000000 0.5000000 0.1125000
v 0.5250000 0.4750000 0.1125000
v 0.8095142 0.7598895 0.1125000
v 0.7866575 0.7866575 0.1125000
v 0.5250000 0.4750000 -0.0437500
v 0.5250000 0.4750000 -0.1125000
v 0.8095145 0.7598895 -0.1125000
v 0.8095145 0.7598895 -0.0437500
v 0.5250000 0.4750000 0.0437500
v 0.8095145 0.7598895 0.0437500
v 0.8095145 0.7598895 0.1125000
v 0.5250000 0.4750000 0.1125000
v 0.6734600 0.4347800 -0.0437500
v 0.6085800 0.3914200 -0.0437500
v 0.5250000 0.4750000 -0.0437500
v 0.8095145 0.7598895 -0.0437500
v 0.8095142 0.7598895 0.0437500
v 0.5250000 0.4750000 0.0437500
v 0.6085800 0.3914200 0.0437500
v 0.6734600 0.4347800 0.0437500
v 0.7500000 0.4500000 -0.0437500
v 0.6734600 0.4347800 -0.0437500
v 0.8095145 0.7598895 -0.0437500
v 0.8095142 0.7598895 0.0437500
v 0.6734600 0.4347800 0.0437500
v 0.7500000 0.4500000 0.0437500
v 0.9007863 0.6531377 -0.0437500
v 0.8265400 0.4347800 -0.0437500
v 0.7500000 0.4500000 -0.0437500
v 0.8095145 0.7598895 -0.0437500
v 0.8095142 0.7598895 0.0437500
v 0.7500000 0.4500000 0.0437500
v 0.8265400 0.4347800 0.0437500
v 0.9007863 0.6531377 0.0437500
v 0.9918672 0.5041802 -0.0437500
v 0.8914200 0.3914200 -0.0437500
v 0.8265400 0.4347800 -0.0437500
v 0.9007863 0.6531377 -0.0437500
v 0.9007863 0.6531377 0.0437500
v 0.8265400 0.4347800 0.0437500
v 0.8914200 0.3914200 0.0437500
v 0.9918672 0.5041802 0.0437500
v 1.0585235 0.3428075 -0.0437500
v 0.9347800 0.3265400 -0.0437500
v 0.8914200 0.3914200 -0.0437500
v 0.9918672 0.5041802 -0.0437500
v 0.9918672 0.5041802 0.0437500
v 0.8914200 0.3914200 0.0437500
v 0.9347800 0.3265400 0.0437500
v 1.0585235 0.3428075 0.0437500
v 1.0991140 0.1729923 -0.0437500
v 0.9500000 0.2500000 -0.0437500
v 0.9347800 0.3265400 -0.0437500
v 1.0585235 0.3428075 -0.0437500
v 1.0585235 0.3428075 0.0437500
v 0.9347800 0.3265400 0.0437500
v 0.9500000 0.2500000 0.0437500
v 1.0991140 0.1729923 0.0437500
v 1.0991140 0.1729923 -0.0437500
v 0.9347800 0.1734600 -0.0437500
v 0.9500000 0.2500000 -0.0437500
v 0.9500000 0.2500000 0.0437500
v 0.9347800 0.1734600 0.0437500
v 1.0991140 0.1729923 0.0437500
v 1.1125000 -0.0000000 -0.0437500
v 0.8914200 0.1085800 -0.0437500
v 0.9347800 0.1734600 -0.0437500
v 1.0991140 0.1729923 -0.0437500
v 1.0991140 0.1729923 0.0437500
v 0.9347800 0.1734600 0.0437500
v 0.8914200 0.1085800 0.0437500
v 1.1125000 -0.0000000 0.0437500
v 1.1125000 -0.0000000 -0.0437500
v 0.8265400 0.0652200 -0.0437500
v 0.8914200 0.1085800 -0.0437500
v 0.8914200 0.1085800 0.0437500
v 0.8265400 0.0652200 0.0437500
v 1.1125000 -0.0000000 0.0437500
v 1.1125000 -0.0000000 -0.0437500
v 0.7500000 -0.0000000 -0.0437500
v 0.7500000 0.0500000 -0.0437500
v 0.8265400 0.0652200 -0.0437500
v 0.8265400 0.0652200 0.0437500
v 0.7500000 0.0500000 0.0437500
v 0.7500000 -0.0000000 0.0437500
v 1.1125000 -0.0000000 0.0437500
v 0.7308650 0.0461950 -0.0437500
v 0.7500000 0.0500000 -0.0437500
v 0.7500000 -0.0000000 -0.0437500
v 0.7146450 0.0353550 -0.0437500
v 0.7308650 0.0461950 -0.0437500
v 0.7500000 -0.0000000 -0.0437500
v 0.7038050 0.0191350 -0.0437500
v 0.7146450 0.0353550 -0.0437500
v 0.7500000 -0.0000000 -0.0437500
v 0.7000000 -0.0000000 -0.0437500
v 0.7038050 0.0191350 -0.0437500
v 0.7500000 -0.0000000 -0.0437500
v 0.7500000 -0.0000000 0.0437500
v 0.7500000 0.0500000 0.0437500
v 0.7308650 0.0461950 0.0437500
v 0.7500000 -0.0000000 0.0437500
v 0.7308650 0.0461950 0.0437500
v 0.7146450 0.0353550 0.0437500
v 0.7500000 -0.0000000 0.0437500
v 0.7146450 0.0353550 0.0437500
v 0.7038050 0.0191350 0.0437500
v 0.7500000 -0.0000000 0.0437500
v 0.7038050 0.0191350 0.0437500
v 0.7000000 -0.0000000 0.0437500
v 0.7000000 0.0500000 -0.1950000
v 0.7500000 0.0500000 -0.1950000
v 0.7308650 0.0461950 -0.1950000
v 0.7000000 0.0500000 -0.1950000
v 0.7308650 0.0461950 -0.1950000
v 0.7146450 0.0353550 -0.1950000
v 0.7000000 0.0500000 -0.1950000
v 0.7146450 0.0353550 -0.1950000
v 0.7038050 0.0191350 -0.1950000
v 0.7000000 0.0500000 -0.1950000
v 0.7038050 0.0191350 -0.1950000
v 0.7000000 -0.0000000 -0.1950000
v 0.7308650 0.0461950 0.1950000
v 0.7500000 0.0500000 0.1950000
v 0.7000000 0.0500000 0.1950000
v 0.7146450 0.0353550 0.1950000
v 0.7308650 0.0461950 0.1950000
v 0.7000000 0.0500000 0.1950000
v 0.7038050 0.0191350 0.1950000
v 0.7146450 0.0353550 0.1950000
v 0.7000000 0.0500000 0.1950000
v 0.7000000 -0.0000000 0.1950000
v 0.7038050 0.0191350 0.1950000
v 0.7000000 0.0500000 0.1950000
v 0.7000000 0.0500000 -0.1950000
v 0.7000000 -0.0000000 -0.1950000
v 0.6500000 -0.0000000 -0.1950000
v 0.6400575 0.0500000 -0.1950000
v 0.6400575 0.0500000 0.1950000
v 0.6500000 -0.0000000 0.1950000
v 0.7000000 -0.0000000 0.1950000
v 0.7000000 0.0500000 0.1950000
v 0.5500000 0.2500000 -0.1950000
v 0.5500000 0.1400575 -0.1950000
v 0.5250000 0.1450000 -0.1950000
v 0.5250000 0.4250000 -0.1950000
v 0.5250000 0.4250000 0.1950000
v 0.5250000 0.1450000 0.1950000
v 0.5500000 0.1400575 0.1950000
v 0.5500000 0.2500000 0.1950000
v 0.5500000 0.2500000 -0.1950000
v 0.5250000 0.4250000 -0.1950000
v 0.5652200 0.3265400 -0.1950000
v 0.5250000 0.4250000 0.1950000
v 0.5500000 0.2500000 0.1950000
v 0.5652200 0.3265400 0.1950000
v 0.6085800 0.3914200 -0.1950000
v 0.5652200 0.3265400 -0.1950000
v 0.5250000 0.4250000 -0.1950000
v 0.5000000 0.5000000 -0.1950000
v 0.5000000 0.5000000 0.1950000
v 0.5250000 0.4250000 0.1950000
v 0.5652200 0.3265400 0.1950000
v 0.6085800 0.3914200 0.1950000
v 0.5250000 0.4250000 -0.1950000
v 0.5000000 0.4250000 -0.1950000
v 0.5000000 0.5000000 -0.1950000
v 0.5000000 0.4250000 0.1950000
v 0.5250000 0.4250000 0.1950000
v 0.5000000 0.5000000 0.1950000
v 0.4347800 0.1734600 -0.1950000
v 0.4500000 0.2500000 -0.1950000
v 0.4500000 0.1400575 -0.1950000
v 0.4425975 0.1385825 -0.1950000
v 0.4347800 0.1734600 -0.1950000
v 0.4425975 0.1385825 -0.1950000
v 0.3939300 0.1060675 -0.1950000
v 0.3914200 0.1085800 -0.1950000
v 0.3265400 0.0652200 -0.1950000
v 0.3914200 0.1085800 -0.1950000
v 0.3939300 0.1060675 -0.1950000
v 0.3614200 0.0574025 -0.1950000
v 0.3265400 0.0652200 -0.1950000
v 0.3614200 0.0574025 -0.1950000
v 0.3599450 0.0500000 -0.1950000
v 0.2500000 0.0500000 -0.1950000
v 0.0652200 0.3265400 -0.1950000
v 0.0500000 0.2500000 -0.1950000
v 0.0500000 0.3599450 -0.1950000
v 0.0574025 0.3614175 -0.1950000
v 0.0652200 0.3265400 -0.1950000
v 0.0574025 0.3614175 -0.1950000
v 0.1060700 0.3939325 -0.1950000
v 0.1085800 0.3914200 -0.1950000
v 0.1734600 0.4347800 -0.1950000
v 0.1085800 0.3914200 -0.1950000
v 0.1060700 0.3939325 -0.1950000
v 0.1385800 0.4425975 -0.1950000
v 0.1734600 0.4347800 -0.1950000
v 0.1385800 0.4425975 -0.1950000
v 0.1400575 0.4500000 -0.1950000
v 0.2500000 0.4500000 -0.1950000
v 0.6734600 0.0652200 -0.1950000
v 0.7500000 0.0500000 -0.1950000
v 0.6400575 0.0500000 -0.1950000
v 0.6385825 0.0574025 -0.1950000
v 0.6734600 0.0652200 -0.1950000
v 0.6385825 0.0574025 -0.1950000
v 0.6060675 0.1060700 -0.1950000
v 0.6085800 0.1085800 -0.1950000
v 0.5652200 0.1734600 -0.1950000
v 0.6085800 0.1085800 -0.1950000
v 0.6060675 0.1060700 -0.1950000
v 0.5574025 0.1385800 -0.1950000
v 0.5652200 0.1734600 -0.1950000
v 0.5574025 0.1385800 -0.1950000
v 0.5500000 0.1400575 -0.1950000
v 0.5500000 0.2500000 -0.1950000
v 0.6400575 0.0500000 0.1950000
v 0.7500000 0.0500000 0.1950000
v 0.6734600 0.0652200 0.1950000
v 0.6385825 0.0574025 0.1950000
v 0.6060675 0.1060700 0.1950000
v 0.6385825 0.0574025 0.1950000
v 0.6734600 0.0652200 0.1950000
v 0.6085800 0.1085800 0.1950000
v 0.6060675 0.1060700 0.1950000
v 0.6085800 0.1085800 0.1950000
v 0.5652200 0.1734600 0.1950000
v 0.5574025 0.1385800 0.1950000
v 0.5500000 0.1400575 0.1950000
v 0.5574025 0.1385800 0.1950000
v 0.5652200 0.1734600 0.1950000
v 0.5500000 0.2500000 0.1950000
v 0.4500000 0.1400575 0.1950000
v 0.4500000 0.1400575 0.0000000
v 0.4750000 0.1450000 0.0000000
v 0.4750000 0.1450000 0.1950000
v 0.4750000 0.1450000 0.0000000
v 0.4750000 0.4000000 0.0000000
v 0.4750000 0.4000000 0.1950000
v 0.4750000 0.1450000 0.1950000
v 0.5000000 0.4250000 0.1950000
v 0.4904325 0.4230975 0.1950000
v 0.4904325 0.4230975 0.0000000
v 0.5000000 0.4250000 0.0000000
v 0.4904325 0.4230975 0.1950000
v 0.4823225 0.4176775 0.1950000
v 0.4823225 0.4176775 0.0000000
v 0.4904325 0.4230975 0.0000000
v 0.4823225 0.4176775 0.1950000
v 0.4769025 0.4095675 0.1950000
v 0.4769025 0.4095675 0.0000000
v 0.4823225 0.4176775 0.0000000
v 0.4769025 0.4095675 0.1950000
v 0.4750000 0.4000000 0.1950000
v 0.4750000 0.4000000 0.0000000
v 0.4769025 0.4095675 0.0000000
v 0.4904325 0.4230975 0.1950000
v 0.5000000 0.4250000 0.1950000
v 0.4750000 0.4250000 0.1950000
v 0.4823225 0.4176775 0.1950000
v 0.4904325 0.4230975 0.1950000
v 0.4750000 0.4250000 0.1950000
v 0.4769025 0.4095675 0.1950000
v 0.4823225 0.4176775 0.1950000
v 0.4750000 0.4250000 0.1950000
v 0.4750000 0.4000000 0.1950000
v 0.4769025 0.4095675 0.1950000
v 0.4750000 0.4250000 0.1950000
v 0.4250000 0.5250000 0.1950000
v 0.4000000 0.5250000 0.1950000
v 0.4095675 0.5230975 0.1950000
v 0.4250000 0.5250000 0.1950000
v 0.4095675 0.5230975 0.1950000
v 0.4176775 0.5176775 0.1950000
v 0.4250000 0.5250000 0.1950000
v 0.4176775 0.5176775 0.1950000
v 0.4230975 0.5095675 0.1950000
v 0.4250000 0.5250000 0.1950000
v 0.4230975 0.5095675 0.1950000
v 0.4250000 0.5000000 0.1950000
v 0.4250000 0.4750000 0.1950000
v 0.4250000 0.5000000 0.1950000
v 0.4230975 0.4904325 0.1950000
v 0.4250000 0.4750000 0.1950000
v 0.4230975 0.4904325 0.1950000
v 0.4176775 0.4823225 0.1950000
v 0.4250000 0.4750000 0.1950000
v 0.4176775 0.4823225 0.1950000
v 0.4095675 0.4769025 0.1950000
v 0.4250000 0.4750000 0.1950000
v 0.4095675 0.4769025 0.1950000
v 0.4000000 0.4750000 0.1950000
v 0.4250000 0.5000000 0.0000000
v 0.4230975 0.4904325 0.0000000
v 0.4230975 0.4904325 0.1950000
v 0.4250000 0.5000000 0.1950000
v 0.4230975 0.4904325 0.0000000
v 0.4176775 0.4823225 0.0000000
v 0.4176775 0.4823225 0.1950000
v 0.4230975 0.4904325 0.1950000
v 0.4176775 0.4823225 0.0000000
v 0.4095675 0.4769025 0.0000000
v 0.4095675 0.4769025 0.1950000
v 0.4176775 0.4823225 0.1950000
v 0.4095675 0.4769025 0.0000000
v 0.4000000 0.4750000 0.0000000
v 0.4000000 0.4750000 0.1950000
v 0.4095675 0.4769025 0.1950000
v 0.4000000 0.4750000 0.1950000
v 0.4000000 0.4750000 0.0000000
v 0.1450000 0.4750000 0.0000000
v 0.1450000 0.4750000 0.1950000
v 0.1450000 0.4750000 0.1950000
v 0.1450000 0.4750000 0.0000000
v 0.1400575 0.4500000 0.0000000
v 0.1400575 0.4500000 0.1950000
v 0.1734600 0.4347800 0.1950000
v 0.1925950 0.3885850 0.1950000
v 0.2500000 0.4000000 0.1950000
v 0.2500000 0.4500000 0.1950000
v 0.1085800 0.3914200 0.1950000
v 0.1439350 0.3560650 0.1950000
v 0.1925950 0.3885850 0.1950000
v 0.1734600 0.4347800 0.1950000
v 0.0652200 0.3265400 0.1950000
v 0.1114150 0.3074050 0.1950000
v 0.1439350 0.3560650 0.1950000
v 0.1085800 0.3914200 0.1950000
v 0.0500000 0.2500000 0.1950000
v 0.1000000 0.2500000 0.1950000
v 0.1114150 0.3074050 0.1950000
v 0.0652200 0.3265400 0.1950000
v 0.0652200 0.1734600 0.1950000
v 0.1114150 0.1925950 0.1950000
v 0.1000000 0.2500000 0.1950000
v 0.0500000 0.2500000 0.1950000
v 0.1085800 0.1085800 0.1950000
v 0.1439350 0.1439350 0.1950000
v 0.1114150 0.1925950 0.1950000
v 0.0652200 0.1734600 0.1950000
v 0.1734600 0.0652200 0.1950000
v 0.1925950 0.1114150 0.1950000
v 0.1439350 0.1439350 0.1950000
v 0.1085800 0.1085800 0.1950000
v 0.2500000 0.0500000 0.1950000
v 0.2500000 0.1000000 0.1950000
v 0.1925950 0.1114150 0.1950000
v 0.1734600 0.0652200 0.1950000
v 0.3265400 0.0652200 0.1950000
v 0.3074050 0.1114150 0.1950000
v 0.2500000 0.1000000 0.1950000
v 0.2500000 0.0500000 0.1950000
v 0.3914200 0.1085800 0.1950000
v 0.3560650 0.1439350 0.1950000
v 0.3074050 0.1114150 0.1950000
v 0.3265400 0.0652200 0.1950000
v 0.4347800 0.1734600 0.1950000
v 0.3885850 0.1925950 0.1950000
v 0.3560650 0.1439350 0.1950000
v 0.3914200 0.1085800 0.1950000
v 0.4500000 0.2500000 0.1950000
v 0.4000000 0.2500000 0.1950000
v 0.3885850 0.1925950 0.1950000
v 0.4347800 0.1734600 0.1950000
v 0.4347800 0.3265400 0.1950000
v 0.3885850 0.3074050 0.1950000
v 0.4000000 0.2500000 0.1950000
v 0.4500000 0.2500000 0.1950000
v 0.3914200 0.3914200 0.1950000
v 0.3560650 0.3560650 0.1950000
v 0.3885850 0.3074050 0.1950000
v 0.4347800 0.3265400 0.1950000
v 0.3265400 0.4347800 0.1950000
v 0.3074050 0.3885850 0.1950000
v 0.3560650 0.3560650 0.1950000
v 0.3914200 0.3914200 0.1950000
v 0.2500000 0.4500000 0.1950000
v 0.2500000 0.4000000 0.1950000
v 0.3074050 0.3885850 0.1950000
v 0.3265400 0.4347800 0.1950000
v 0.4347800 0.3265400 0.1950000
v 0.4500000 0.2500000 0.1950000
v 0.4500000 0.4500000 0.1950000
v 0.3914200 0.3914200 0.1950000
v 0.4347800 0.3265400 0.1950000
v 0.4500000 0.4500000 0.1950000
v 0.3265400 0.4347800 0.1950000
v 0.3914200 0.3914200 0.1950000
v 0.4500000 0.4500000 0.1950000
v 0.2500000 0.4500000 0.1950000
v 0.3265400 0.4347800 0.1950000
v 0.4500000 0.4500000 0.1950000
v 0.4000000 0.2500000 0.1950000
v 0.3885850 0.3074050 0.1950000
v 0.3885850 0.3074050 0.0000000
v 0.4000000 0.2500000 0.0000000
v 0.3885850 0.3074050 0.1950000
v 0.3560650 0.3560650 0.1950000
v 0.3560650 0.3560650 0.0000000
v 0.3885850 0.3074050 0.0000000
v 0.3560650 0.3560650 0.1950000
v 0.3074050 0.3885850 0.1950000
v 0.3074050 0.3885850 0.0000000
v 0.3560650 0.3560650 0.0000000
v 0.3074050 0.3885850 0.1950000
v 0.2500000 0.4000000 0.1950000
v 0.2500000 0.4000000 0.0000000
v 0.3074050 0.3885850 0.0000000
v 0.2500000 0.4000000 0.1950000
v 0.1925950 0.3885850 0.1950000
v 0.1925950 0.3885850 0.0000000
v 0.2500000 0.4000000 0.0000000
v 0.1925950 0.3885850 0.1950000
v 0.1439350 0.3560650 0.1950000
v 0.1439350 0.3560650 0.0000000
v 0.1925950 0.3885850 0.0000000
v 0.1439350 0.3560650 0.1950000
v 0.1114150 0.3074050 0.1950000
v 0.1114150 0.3074050 0.0000000
v 0.1439350 0.3560650 0.0000000
v 0.1114150 0.3074050 0.1950000
v 0.1000000 0.2500000 0.1950000
v 0.1000000 0.2500000 0.0000000
v 0.1114150 0.3074050 0.0000000
v 0.1000000 0.2500000 0.1950000
v 0.1114150 0.1925950 0.1950000
v 0.1114150 0.1925950 0.0000000
v 0.1000000 0.2500000 0.0000000
v 0.1114150 0.1925950 0.1950000
v 0.1439350 0.1439350 0.1950000
v 0.1439350 0.1439350 0.0000000
v 0.1114150 0.1925950 0.0000000
v 0.1439350 0.1439350 0.1950000
v 0.1925950 0.1114150 0.1950000
v 0.1925950 0.1114150 0.0000000
v 0.1439350 0.1439350 0.0000000
v 0.1925950 0.1114150 0.1950000
v 0.2500000 0.1000000 0.1950000
v 0.2500000 0.1000000 0.0000000
v 0.1925950 0.1114150 0.0000000
v 0.2500000 0.1000000 0.1950000
v 0.3074050 0.1114150 0.1950000
v 0.3074050 0.1114150 0.0000000
v 0.2500000 0.1000000 0.0000000
v 0.3074050 0.1114150 0.1950000
v 0.3560650 0.1439350 0.1950000
v 0.3560650 0.1439350 0.0000000
v 0.3074050 0.1114150 0.0000000
v 0.3560650 0.1439350 0.1950000
v 0.3885850 0.1925950 0.1950000
v 0.3885850 0.1925950 0.0000000
v 0.3560650 0.1439350 0.0000000
v 0.3885850 0.1925950 0.1950000
v 0.4000000 0.2500000 0.1950000
v 0.4000000 0.2500000 0.0000000
v 0.3885850 0.1925950 0.0000000
v 0.3599450 0.0500000 0.1950000
v 0.3000000 0.0500000 0.1950000
v 0.3000000 -0.0000000 0.1950000
v 0.3500000 -0.0000000 0.1950000
v 0.4500000 0.4500000 0.1950000
v 0.4500000 0.1400575 0.1950000
v 0.4750000 0.1450000 0.1950000
v 0.4750000 0.4250000 0.1950000
v 0.4500000 0.4500000 0.1950000
v 0.4750000 0.4250000 0.1950000
v 0.5000000 0.4250000 0.1950000
v 0.5000000 0.5000000 0.1950000
v 0.5000000 0.5000000 0.1950000
v 0.4250000 0.5000000 0.1950000
v 0.4250000 0.4750000 0.1950000
v 0.4500000 0.4500000 0.1950000
v 0.4250000 0.4750000 0.1950000
v 0.1450000 0.4750000 0.1950000
v 0.1400575 0.4500000 0.1950000
v 0.4500000 0.4500000 0.1950000
v 0.0000000 0.3500000 0.1950000
v 0.0000000 0.3000000 0.1950000
v 0.0500000 0.3000000 0.1950000
v 0.0500000 0.3599450 0.1950000
v 0.1734600 0.9347800 0.1950000
v 0.1925950 0.8885850 0.1950000
v 0.2500000 0.9000000 0.1950000
v 0.2500000 0.9500000 0.1950000
v 0.1085800 0.8914200 0.1950000
v 0.1439350 0.8560650 0.1950000
v 0.1925950 0.8885850 0.1950000
v 0.1734600 0.9347800 0.1950000
v 0.0652200 0.8265400 0.1950000
v 0.1114150 0.8074050 0.1950000
v 0.1439350 0.8560650 0.1950000
v 0.1085800 0.8914200 0.1950000
v 0.0500000 0.7500000 0.1950000
v 0.1000000 0.7500000 0.1950000
v 0.1114150 0.8074050 0.1950000
v 0.0652200 0.8265400 0.1950000
v 0.0652200 0.6734600 0.1950000
v 0.1114150 0.6925950 0.1950000
v 0.1000000 0.7500000 0.1950000
v 0.0500000 0.7500000 0.1950000
v 0.1085800 0.6085800 0.1950000
v 0.1439350 0.6439350 0.1950000
v 0.1114150 0.6925950 0.1950000
v 0.0652200 0.6734600 0.1950000
v 0.1734600 0.5652200 0.1950000
v 0.1925950 0.6114150 0.1950000
v 0.1439350 0.6439350 0.1950000
v 0.1085800 0.6085800 0.1950000
v 0.2500000 0.5500000 0.1950000
v 0.2500000 0.6000000 0.1950000
v 0.1925950 0.6114150 0.1950000
v 0.1734600 0.5652200 0.1950000
v 0.3265400 0.5652200 0.1950000
v 0.3074050 0.6114150 0.1950000
v 0.2500000 0.6000000 0.1950000
v 0.2500000 0.5500000 0.1950000
v 0.3914200 0.6085800 0.1950000
v 0.3560650 0.6439350 0.1950000
v 0.3074050 0.6114150 0.1950000
v 0.3265400 0.5652200 0.1950000
v 0.4347800 0.6734600 0.1950000
v 0.3885850 0.6925950 0.1950000
v 0.3560650 0.6439350 0.1950000
v 0.3914200 0.6085800 0.1950000
v 0.4500000 0.7500000 0.1950000
v 0.4000000 0.7500000 0.1950000
v 0.3885850 0.6925950 0.1950000
v 0.4347800 0.6734600 0.1950000
v 0.4347800 0.8265400 0.1950000
v 0.3885850 0.8074050 0.1950000
v 0.4000000 0.7500000 0.1950000
v 0.4500000 0.7500000 0.1950000
v 0.3914200 0.8914200 0.1950000
v 0.3560650 0.8560650 0.1950000
v 0.3885850 0.8074050 0.1950000
v 0.4347800 0.8265400 0.1950000
v 0.3265400 0.9347800 0.1950000
v 0.3074050 0.8885850 0.1950000
v 0.3560650 0.8560650 0.1950000
v 0.3914200 0.8914200 0.1950000
v 0.2500000 0.9500000 0.1950000
v 0.2500000 0.9000000 0.1950000
v 0.3074050 0.8885850 0.1950000
v 0.3265400 0.9347800 0.1950000
v 0.2500000 0.9500000 -0.1950000
v 0.2500000 0.9000000 -0.1950000
v 0.1925950 0.8885850 -0.1950000
v 0.1734600 0.9347800 -0.1950000
v 0.1734600 0.9347800 -0.1950000
v 0.1925950 0.8885850 -0.1950000
v 0.1439350 0.8560650 -0.1950000
v 0.1085800 0.8914200 -0.1950000
v 0.1085800 0.8914200 -0.1950000
v 0.1439350 0.8560650 -0.1950000
v 0.1114150 0.8074050 -0.1950000
v 0.0652200 0.8265400 -0.1950000
v 0.0652200 0.8265400 -0.1950000
v 0.1114150 0.8074050 -0.1950000
v 0.1000000 0.7500000 -0.1950000
v 0.0500000 0.7500000 -0.1950000
v 0.0500000 0.7500000 -0.1950000
v 0.1000000 0.7500000 -0.1950000
v 0.1114150 0.6925950 -0.1950000
v 0.0652200 0.6734600 -0.1950000
v 0.0652200 0.6734600 -0.1950000
v 0.1114150 0.6925950 -0.1950000
v 0.1439350 0.6439350 -0.1950000
v 0.1085800 0.6085800 -0.1950000
v 0.1085800 0.6085800 -0.1950000
v 0.1439350 0.6439350 -0.1950000
v 0.1925950 0.6114150 -0.1950000
v 0.1734600 0.5652200 -0.1950000
v 0.1734600 0.5652200 -0.1950000
v 0.1925950 0.6114150 -0.1950000
v 0.2500000 0.6000000 -0.1950000
v 0.2500000 0.5500000 -0.1950000
v 0.2500000 0.5500000 -0.1950000
v 0.2500000 0.6000000 -0.1950000
v 0.3074050 0.6114150 -0.1950000
v 0.3265400 0.5652200 -0.1950000
v 0.3265400 0.5652200 -0.1950000
v 0.3074050 0.6114150 -0.1950000
v 0.3560650 0.6439350 -0.1950000
v 0.3914200 0.6085800 -0.1950000
v 0.3914200 0.6085800 -0.1950000
v 0.3560650 0.6439350 -0.1950000
v 0.3885850 0.6925950 -0.1950000
v 0.4347800 0.6734600 -0.1950000
v 0.4347800 0.6734600 -0.1950000
v 0.3885850 0.6925950 -0.1950000
v 0.4000000 0.7500000 -0.1950000
v 0.4500000 0.7500000 -0.1950000
v 0.4500000 0.7500000 -0.1950000
v 0.4000000 0.7500000 -0.1950000
v 0.3885850 0.8074050 -0.1950000
v 0.4347800 0.8265400 -0.1950000
v 0.4347800 0.8265400 -0.1950000
v 0.3885850 0.8074050 -0.1950000
v 0.3560650 0.8560650 -0.1950000
v 0.3914200 0.8914200 -0.1950000
v 0.3914200 0.8914200 -0.1950000
v 0.3560650 0.8560650 -0.1950000
v 0.3074050 0.8885850 -0.1950000
v 0.3265400 0.9347800 -0.1950000
v 0.3265400 0.9347800 -0.1950000
v 0.3074050 0.8885850 -0.1950000
v 0.2500000 0.9000000 -0.1950000
v 0.2500000 0.9500000 -0.1950000
v 0.0652200 0.8265400 0.1950000
v 0.0652200 0.8265400 0.0437500
v 0.0500000 0.7500000 0.0437500
v 0.0500000 0.7500000 0.1950000
v 0.1085800 0.8914200 0.1950000
v 0.1085800 0.8914200 0.0437500
v 0.0652200 0.8265400 0.0437500
v 0.0652200 0.8265400 0.1950000
v 0.1734600 0.9347800 0.1950000
v 0.1734600 0.9347800 0.0437500
v 0.1085800 0.8914200 0.0437500
v 0.1085800 0.8914200 0.1950000
v 0.2500000 0.9500000 0.1950000
v 0.2500000 0.9500000 0.0437500
v 0.1734600 0.9347800 0.0437500
v 0.1734600 0.9347800 0.1950000
v 0.3265400 0.9347800 0.1950000
v 0.3265400 0.9347800 0.0437500
v 0.2500000 0.9500000 0.0437500
v 0.2500000 0.9500000 0.1950000
v 0.3914200 0.8914200 0.1950000
v 0.3914200 0.8914200 0.0437500
v 0.3265400 0.9347800 0.0437500
v 0.3265400 0.9347800 0.1950000
v 0.4347800 0.8265400 0.1950000
v 0.4347800 0.8265400 0.0437500
v 0.3914200 0.8914200 0.0437500
v 0.3914200 0.8914200 0.1950000
v 0.4500000 0.7500000 0.1950000
v 0.4500000 0.7500000 0.0437500
v 0.4347800 0.8265400 0.0437500
v 0.4347800 0.8265400 0.1950000
v 0.4347800 0.6734600 0.1950000
v 0.4347800 0.6734600 0.0437500
v 0.4500000 0.7500000 0.0437500
v 0.4500000 0.7500000 0.1950000
v 0.3914200 0.6085800 0.1950000
v 0.3914200 0.6085800 0.0437500
v 0.4347800 0.6734600 0.0437500
v 0.4347800 0.6734600 0.1950000
v 0.0652200 0.8265400 -0.0437500
v 0.0652200 0.8265400 -0.1950000
v 0.0500000 0.7500000 -0.1950000
v 0.0500000 0.7500000 -0.0437500
v 0.1085800 0.8914200 -0.0437500
v 0.1085800 0.8914200 -0.1950000
v 0.0652200 0.8265400 -0.1950000
v 0.0652200 0.8265400 -0.0437500
v 0.1734600 0.9347800 -0.0437500
v 0.1734600 0.9347800 -0.1950000
v 0.1085800 0.8914200 -0.1950000
v 0.1085800 0.8914200 -0.0437500
v 0.2500000 0.9500000 -0.0437500
v 0.2500000 0.9500000 -0.1950000
v 0.1734600 0.9347800 -0.1950000
v 0.1734600 0.9347800 -0.0437500
v 0.3265400 0.9347800 -0.0437500
v 0.3265400 0.9347800 -0.1950000
v 0.2500000 0.9500000 -0.1950000
v 0.2500000 0.9500000 -0.0437500
v 0.3914200 0.8914200 -0.0437500
v 0.3914200 0.8914200 -0.1950000
v 0.3265400 0.9347800 -0.1950000
v 0.3265400 0.9347800 -0.0437500
v 0.4347800 0.8265400 -0.0437500
v 0.4347800 0.8265400 -0.1950000
v 0.3914200 0.8914200 -0.1950000
v 0.3914200 0.8914200 -0.0437500
v 0.4500000 0.7500000 -0.0437500
v 0.4500000 0.7500000 -0.1950000
v 0.4347800 0.8265400 -0.1950000
v 0.4347800 0.8265400 -0.0437500
v 0.4347800 0.6734600 -0.0437500
v 0.4347800 0.6734600 -0.1950000
v 0.4500000 0.7500000 -0.1950000
v 0.4500000 0.7500000 -0.0437500
v 0.3914200 0.6085800 -0.0437500
v 0.3914200 0.6085800 -0.1950000
v 0.4347800 0.6734600 -0.1950000
v 0.4347800 0.6734600 -0.0437500
v 0.0500000 0.7500000 0.0437500
v 0.0461950 0.7308650 0.0437500
v 0.0461950 0.7308650 0.1950000
v 0.0500000 0.7500000 0.1950000
v 0.0461950 0.7308650 0.0437500
v 0.0353550 0.7146450 0.0437500
v 0.0353550 0.7146450 0.1950000
v 0.0461950 0.7308650 0.1950000
v 0.0353550 0.7146450 0.0437500
v 0.0191350 0.7038050 0.0437500
v 0.0191350 0.7038050 0.1950000
v 0.0353550 0.7146450 0.1950000
v 0.0191350 0.7038050 0.0437500
v 0.0000000 0.7000000 0.0437500
v 0.0000000 0.7000000 0.1950000
v 0.0191350 0.7038050 0.1950000
v 0.0500000 0.7500000 -0.1950000
v 0.0461950 0.7308650 -0.1950000
v 0.0461950 0.7308650 -0.0437500
v 0.0500000 0.7500000 -0.0437500
v 0.0461950 0.7308650 -0.1950000
v 0.0353550 0.7146450 -0.1950000
v 0.0353550 0.7146450 -0.0437500
v 0.0461950 0.7308650 -0.0437500
v 0.0353550 0.7146450 -0.1950000
v 0.0191350 0.7038050 -0.1950000
v 0.0191350 0.7038050 -0.0437500
v 0.0353550 0.7146450 -0.0437500
v 0.0191350 0.7038050 -0.1950000
v 0.0000000 0.7000000 -0.1950000
v 0.0000000 0.7000000 -0.0437500
v 0.0191350 0.7038050 -0.0437500
v 0.4000000 0.7500000 0.1950000
v 0.3885850 0.8074050 0.1950000
v 0.3885850 0.8074050 -0.1950000
v 0.4000000 0.7500000 -0.1950000
v 0.3885850 0.8074050 0.1950000
v 0.3560650 0.8560650 0.1950000
v 0.3560650 0.8560650 -0.1950000
v 0.3885850 0.8074050 -0.1950000
v 0.3560650 0.8560650 0.1950000
v 0.3074050 0.8885850 0.1950000
v 0.3074050 0.8885850 -0.1950000
v 0.3560650 0.8560650 -0.1950000
v 0.3074050 0.8885850 0.1950000
v 0.2500000 0.9000000 0.1950000
v 0.2500000 0.9000000 -0.1950000
v 0.3074050 0.8885850 -0.1950000
v 0.2500000 0.9000000 0.1950000
v 0.1925950 0.8885850 0.1950000
v 0.1925950 0.8885850 -0.1950000
v 0.2500000 0.9000000 -0.1950000
v 0.1925950 0.8885850 0.1950000
v 0.1439350 0.8560650 0.1950000
v 0.1439350 0.8560650 -0.1950000
v 0.1925950 0.8885850 -0.1950000
v 0.1439350 0.8560650 0.1950000
v 0.1114150 0.8074050 0.1950000
v 0.1114150 0.8074050 -0.1950000
v 0.1439350 0.8560650 -0.1950000
v 0.1114150 0.8074050 0.1950000
v 0.1000000 0.7500000 0.1950000
v 0.1000000 0.7500000 -0.1950000
v 0.1114150 0.8074050 -0.1950000
v 0.1000000 0.7500000 0.1950000
v 0.1114150 0.6925950 0.1950000
v 0.1114150 0.6925950 -0.1950000
v 0.1000000 0.7500000 -0.1950000
v 0.1114150 0.6925950 0.1950000
v 0.1439350 0.6439350 0.1950000
v 0.1439350 0.6439350 -0.1950000
v 0.1114150 0.6925950 -0.1950000
v 0.1439350 0.6439350 0.1950000
v 0.1925950 0.6114150 0.1950000
v 0.1925950 0.6114150 -0.1950000
v 0.1439350 0.6439350 -0.1950000
v 0.1925950 0.6114150 0.1950000
v 0.2500000 0.6000000 0.1950000
v 0.2500000 0.6000000 -0.1950000
v 0.1925950 0.6114150 -0.1950000
v 0.2500000 0.6000000 0.1950000
v 0.3074050 0.6114150 0.1950000
v 0.3074050 0.6114150 -0.1950000
v 0.2500000 0.6000000 -0.1950000
v 0.3074050 0.6114150 0.1950000
v 0.3560650 0.6439350 0.1950000
v 0.3560650 0.6439350 -0.1950000
v 0.3074050 0.6114150 -0.1950000
v 0.3560650 0.6439350 0.1950000
v 0.3885850 0.6925950 0.1950000
v 0.3885850 0.6925950 -0.1950000
v 0.3560650 0.6439350 -0.1950000
v 0.3885850 0.6925950 0.1950000
v 0.4000000 0.7500000 0.1950000
v 0.4000000 0.7500000 -0.1950000
v 0.3885850 0.6925950 -0.1950000
v 0.4000000 0.5250000 -0.1950000
v 0.4095675 0.5230975 -0.1950000
v 0.4095675 0.5230975 0.1950000
v 0.4000000 0.5250000 0.1950000
v 0.4095675 0.5230975 -0.1950000
v 0.4176775 0.5176775 -0.1950000
v 0.4176775 0.5176775 0.1950000
v 0.4095675 0.5230975 0.1950000
v 0.4176775 0.5176775 -0.1950000
v 0.4230975 0.5095675 -0.1950000
v 0.4230975 0.5095675 0.1950000
v 0.4176775 0.5176775 0.1950000
v 0.4230975 0.5095675 -0.1950000
v 0.4250000 0.5000000 -0.1950000
v 0.4250000 0.5000000 0.1950000
v 0.4230975 0.5095675 0.1950000
v 0.4095675 0.5230975 -0.1950000
v 0.4000000 0.5250000 -0.1950000
v 0.4250000 0.5250000 -0.1950000
v 0.4176775 0.5176775 -0.1950000
v 0.4095675 0.5230975 -0.1950000
v 0.4250000 0.5250000 -0.1950000
v 0.4230975 0.5095675 -0.1950000
v 0.4176775 0.5176775 -0.1950000
v 0.4250000 0.5250000 -0.1950000
v 0.4250000 0.5000000 -0.1950000
v 0.4230975 0.5095675 -0.1950000
v 0.4250000 0.5250000 -0.1950000
v 0.1450000 0.5250000 -0.1950000
v 0.4000000 0.5250000 -0.1950000
v 0.4000000 0.5250000 0.1950000
v 0.1450000 0.5250000 0.1950000
v 0.1400575 0.5500000 -0.1950000
v 0.1450000 0.5250000 -0.1950000
v 0.1450000 0.5250000 0.1950000
v 0.1400575 0.5500000 0.1950000
v 0.3914200 0.6085800 0.1950000
v 0.5000000 0.5000000 0.1950000
v 0.5000000 0.5000000 0.1125000
v 0.4750000 0.5250000 0.1125000
v 0.3914200 0.6085800 -0.1950000
v 0.4750000 0.5250000 -0.1125000
v 0.5000000 0.5000000 -0.1125000
v 0.5000000 0.5000000 -0.1950000
v 0.3914200 0.6085800 0.1950000
v 0.4750000 0.5250000 0.1125000
v 0.4750000 0.5250000 0.0437500
v 0.3914200 0.6085800 0.0437500
v 0.4750000 0.5250000 -0.0437500
v 0.4750000 0.5250000 -0.1125000
v 0.3914200 0.6085800 -0.1950000
v 0.3914200 0.6085800 -0.0437500
v 0.7866575 0.7866575 0.1125000
v 0.7598895 0.8095145 0.1125000
v 0.4750000 0.5250000 0.1125000
v 0.5000000 0.5000000 0.1125000
v 0.5000000 0.5000000 -0.1125000
v 0.4750000 0.5250000 -0.1125000
v 0.7598895 0.8095142 -0.1125000
v 0.7866575 0.7866575 -0.1125000
v 0.4750000 0.5250000 0.0437500
v 0.4750000 0.5250000 0.1125000
v 0.7598895 0.8095145 0.1125000
v 0.7598895 0.8095145 0.0437500
v 0.4750000 0.5250000 -0.0437500
v 0.7598895 0.8095145 -0.0437500
v 0.7598895 0.8095145 -0.1125000
v 0.4750000 0.5250000 -0.1125000
v 0.4347800 0.6734600 0.0437500
v 0.3914200 0.6085800 0.0437500
v 0.4750000 0.5250000 0.0437500
v 0.7598895 0.8095145 0.0437500
v 0.7598895 0.8095142 -0.0437500
v 0.4750000 0.5250000 -0.0437500
v 0.3914200 0.6085800 -0.0437500
v 0.4347800 0.6734600 -0.0437500
v 0.4500000 0.7500000 0.0437500
v 0.4347800 0.6734600 0.0437500
v 0.7598895 0.8095145 0.0437500
v 0.7598895 0.8095142 -0.0437500
v 0.4347800 0.6734600 -0.0437500
v 0.4500000 0.7500000 -0.0437500
v 0.6531377 0.9007863 0.0437500
v 0.4347800 0.8265400 0.0437500
v 0.4500000 0.7500000 0.0437500
v 0.7598895 0.8095145 0.0437500
v 0.7598895 0.8095142 -0.0437500
v 0.4500000 0.7500000 -0.0437500
v 0.4347800 0.8265400 -0.0437500
v 0.6531377 0.9007863 -0.0437500
v 0.5041802 0.9918672 0.0437500
v 0.3914200 0.8914200 0.0437500
v 0.4347800 0.8265400 0.0437500
v 0.6531377 0.9007863 0.0437500
v 0.6531377 0.9007863 -0.0437500
v 0.4347800 0.8265400 -0.0437500
v 0.3914200 0.8914200 -0.0437500
v 0.5041802 0.9918672 -0.0437500
v 0.3428075 1.0585235 0.0437500
v 0.3265400 0.9347800 0.0437500
v 0.3914200 0.8914200 0.0437500
v 0.5041802 0.9918672 0.0437500
v 0.5041802 0.9918672 -0.0437500
v 0.3914200 0.8914200 -0.0437500
v 0.3265400 0.9347800 -0.0437500
v 0.3428075 1.0585235 -0.0437500
v 0.1729923 1.0991140 0.0437500
v 0.2500000 0.9500000 0.0437500
v 0.3265400 0.9347800 0.0437500
v 0.3428075 1.0585235 0.0437500
v 0.3428075 1.0585235 -0.0437500
v 0.3265400 0.9347800 -0.0437500
v 0.2500000 0.9500000 -0.0437500
v 0.1729923 1.0991140 -0.0437500
v 0.1729923 1.0991140 0.0437500
v 0.1734600 0.9347800 0.0437500
v 0.2500000 0.9500000 0.0437500
v 0.2500000 0.9500000 -0.0437500
v 0.1734600 0.9347800 -0.0437500
v 0.1729923 1.0991140 -0.0437500
v 0.0000000 1.1125000 0.0437500
v 0.1085800 0.8914200 0.0437500
v 0.1734600 0.9347800 0.0437500
v 0.1729923 1.0991140 0.0437500
v 0.1729923 1.0991140 -0.0437500
v 0.1734600 0.9347800 -0.0437500
v 0.1085800 0.8914200 -0.0437500
v 0.0000000 1.1125000 -0.0437500
v 0.0000000 1.1125000 0.0437500
v 0.0652200 0.8265400 0.0437500
v 0.1085800 0.8914200 0.0437500
v 0.1085800 0.8914200 -0.0437500
v 0.0652200 0.8265400 -0.0437500
v 0.0000000 1.1125000 -0.0437500
v 0.0000000 1.1125000 0.0437500
v 0.0000000 0.7500000 0.0437500
v 0.0500000 0.7500000 0.0437500
v 0.0652200 0.8265400 0.0437500
v 0.0652200 0.8265400 -0.0437500
v 0.0500000 0.7500000 -0.0437500
v 0.0000000 0.7500000 -0.0437500
v 0.0000000 1.1125000 -0.0437500
v 0.0461950 0.7308650 0.0437500
v 0.0500000 0.7500000 0.0437500
v 0.0000000 0.7500000 0.0437500
v 0.0353550 0.7146450 0.0437500
v 0.0461950 0.7308650 0.0437500
v 0.0000000 0.7500000 0.0437500
v 0.0191350 0.7038050 0.0437500
v 0.0353550 0.7146450 0.0437500
v 0.0000000 0.7500000 0.0437500
v 0.0000000 0.7000000 0.0437500
v 0.0191350 0.7038050 0.0437500
v 0.0000000 0.7500000 0.0437500
v 0.0000000 0.7500000 -0.0437500
v 0.0500000 0.7500000 -0.0437500
v 0.0461950 0.7308650 -0.0437500
v 0.0000000 0.7500000 -0.0437500
v 0.0461950 0.7308650 -0.0437500
v 0.0353550 0.7146450 -0.0437500
v 0.0000000 0.7500000 -0.0437500
v 0.0353550 0.7146450 -0.0437500
v 0.0191350 0.7038050 -0.0437500
v 0.0000000 0.7500000 -0.0437500
v 0.0191350 0.7038050 -0.0437500
v 0.0000000 0.7000000 -0.0437500
v 0.0500000 0.7000000 0.1950000
v 0.0500000 0.7500000 0.1950000
v 0.0461950 0.7308650 0.1950000
v 0.0500000 0.7000000 0.1950000
v 0.0461950 0.7308650 0.1950000
v 0.0353550 0.7146450 0.1950000
v 0.0500000 0.7000000 0.1950000
v 0.0353550 0.7146450 0.1950000
v 0.0191350 0.7038050 0.1950000
v 0.0500000 0.7000000 0.1950000
v 0.0191350 0.7038050 0.1950000
v 0.0000000 0.7000000 0.1950000
v 0.0461950 0.7308650 -0.1950000
v 0.0500000 0.7500000 -0.1950000
v 0.0500000 0.7000000 -0.1950000
v 0.0353550 0.7146450 -0.1950000
v 0.0461950 0.7308650 -0.1950000
v 0.0500000 0.7000000 -0.1950000
v 0.0191350 0.7038050 -0.1950000
v 0.0353550 0.7146450 -0.1950000
v 0.0500000 0.7000000 -0.1950000
v 0.0000000 0.7000000 -0.1950000
v 0.0191350 0.7038050 -0.1950000
v 0.0500000 0.7000000 -0.1950000
v 0.0500000 0.7000000 0.1950000
v 0.0000000 0.7000000 0.1950000
v 0.0000000 0.6500000 0.1950000
v 0.0500000 0.6400575 0.1950000
v 0.0500000 0.6400575 -0.1950000
v 0.0000000 0.6500000 -0.1950000
v 0.0000000 0.7000000 -0.1950000
v 0.0500000 0.7000000 -0.1950000
v 0.2500000 0.5500000 0.1950000
v 0.1400575 0.5500000 0.1950000
v 0.1450000 0.5250000 0.1950000
v 0.4250000 0.5250000 0.1950000
v 0.4250000 0.5250000 -0.1950000
v 0.1450000 0.5250000 -0.1950000
v 0.1400575 0.5500000 -0.1950000
v 0.2500000 0.5500000 -0.1950000
v 0.2500000 0.5500000 0.1950000
v 0.4250000 0.5250000 0.1950000
v 0.3265400 0.5652200 0.1950000
v 0.4250000 0.5250000 -0.1950000
v 0.2500000 0.5500000 -0.1950000
v 0.3265400 0.5652200 -0.1950000
v 0.3914200 0.6085800 0.1950000
v 0.3265400 0.5652200 0.1950000
v 0.4250000 0.5250000 0.1950000
v 0.5000000 0.5000000 0.1950000
v 0.5000000 0.5000000 -0.1950000
v 0.4250000 0.5250000 -0.1950000
v 0.3265400 0.5652200 -0.1950000
v 0.3914200 0.6085800 -0.1950000
v 0.4250000 0.5250000 0.1950000
v 0.4250000 0.5000000 0.1950000
v 0.5000000 0.5000000 0.1950000
v 0.4250000 0.5000000 -0.1950000
v 0.4250000 0.5250000 -0.1950000
v 0.5000000 0.5000000 -0.1950000
v 0.1734600 0.4347800 0.1950000
v 0.2500000 0.4500000 0.1950000
v 0.1400575 0.4500000 0.1950000
v 0.1385825 0.4425975 0.1950000
v 0.1734600 0.4347800 0.1950000
v 0.1385825 0.4425975 0.1950000
v 0.1060675 0.3939300 0.1950000
v 0.1085800 0.3914200 0.1950000
v 0.0652200 0.3265400 0.1950000
v 0.1085800 0.3914200 0.1950000
v 0.1060675 0.3939300 0.1950000
v 0.0574025 0.3614200 0.1950000
v 0.0652200 0.3265400 0.1950000
v 0.0574025 0.3614200 0.1950000
v 0.0500000 0.3599450 0.1950000
v 0.0500000 0.2500000 0.1950000
v 0.3265400 0.0652200 0.1950000
v 0.2500000 0.0500000 0.1950000
v 0.3599450 0.0500000 0.1950000
v 0.3614175 0.0574025 0.1950000
v 0.3265400 0.0652200 0.1950000
v 0.3614175 0.0574025 0.1950000
v 0.3939325 0.1060700 0.1950000
v 0.3914200 0.1085800 0.1950000
v 0.4347800 0.1734600 0.1950000
v 0.3914200 0.1085800 0.1950000
v 0.3939325 0.1060700 0.1950000
v 0.4425975 0.1385800 0.1950000
v 0.4347800 0.1734600 0.1950000
v 0.4425975 0.1385800 0.1950000
v 0.4500000 0.1400575 0.1950000
v 0.4500000 0.2500000 0.1950000
v 0.0652200 0.6734600 0.1950000
v 0.0500000 0.7500000 0.1950000
v 0.0500000 0.6400575 0.1950000
v 0.0574025 0.6385825 0.1950000
v 0.0652200 0.6734600 0.1950000
v 0.0574025 0.6385825 0.1950000
v 0.1060700 0.6060675 0.1950000
v 0.1085800 0.6085800 0.1950000
v 0.1734600 0.5652200 0.1950000
v 0.1085800 0.6085800 0.1950000
v 0.1060700 0.6060675 0.1950000
v 0.1385800 0.5574025 0.1950000
v 0.1734600 0.5652200 0.1950000
v 0.1385800 0.5574025 0.1950000
v 0.1400575 0.5500000 0.1950000
v 0.2500000 0.5500000 0.1950000
v 0.0500000 0.6400575 -0.1950000
v 0.0500000 0.7500000 -0.1950000
v 0.0652200 0.6734600 -0.1950000
v 0.0574025 0.6385825 -0.1950000
v 0.1060700 0.6060675 -0.1950000
v 0.0574025 0.6385825 -0.1950000
v 0.0652200 0.6734600 -0.1950000
v 0.1085800 0.6085800 -0.1950000
v 0.1060700 0.6060675 -0.1950000
v 0.1085800 0.6085800 -0.1950000
v 0.1734600 0.5652200 -0.1950000
v 0.1385800 0.5574025 -0.1950000
v 0.1400575 0.5500000 -0.1950000
v 0.1385800 0.5574025 -0.1950000
v 0.1734600 0.5652200 -0.1950000
v 0.2500000 0.5500000 -0.1950000
v -0.4500000 0.1400575 -0.1950000
v -0.4500000 0.1400575 0.0000000
v -0.4750000 0.1450000 0.0000000
v -0.4750000 0.1450000 -0.1950000
v -0.4750000 0.1450000 0.0000000
v -0.4750000 0.4000000 0.0000000
v -0.4750000 0.4000000 -0.1950000
v -0.4750000 0.1450000 -0.1950000
v -0.5000000 0.4250000 -0.1950000
v -0.4904325 0.4230975 -0.1950000
v -0.4904325 0.4230975 0.0000000
v -0.5000000 0.4250000 0.0000000
v -0.4904325 0.4230975 -0.1950000
v -0.4823225 0.4176775 -0.1950000
v -0.4823225 0.4176775 0.0000000
v -0.4904325 0.4230975 0.0000000
v -0.4823225 0.4176775 -0.1950000
v -0.4769025 0.4095675 -0.1950000
v -0.4769025 0.4095675 0.0000000
v -0.4823225 0.4176775 0.0000000
v -0.4769025 0.4095675 -0.1950000
v -0.4750000 0.4000000 -0.1950000
v -0.4750000 0.4000000 0.0000000
v -0.4769025 0.4095675 0.0000000
v -0.4904325 0.4230975 -0.1950000
v -0.5000000 0.4250000 -0.1950000
v -0.4750000 0.4250000 -0.1950000
v -0.4823225 0.4176775 -0.1950000
v -0.4904325 0.4230975 -0.1950000
v -0.4750000 0.4250000 -0.1950000
v -0.4769025 0.4095675 -0.1950000
v -0.4823225 0.4176775 -0.1950000
v -0.4750000 0.4250000 -0.1950000
v -0.4750000 0.4000000 -0.1950000
v -0.4769025 0.4095675 -0.1950000
v -0.4750000 0.4250000 -0.1950000
v -0.4250000 0.5250000 -0.1950000
v -0.4000000 0.5250000 -0.1950000
v -0.4095675 0.5230975 -0.1950000
v -0.4250000 0.5250000 -0.1950000
v -0.4095675 0.5230975 -0.1950000
v -0.4176775 0.5176775 -0.1950000
v -0.4250000 0.5250000 -0.1950000
v -0.4176775 0.5176775 -0.1950000
v -0.4230975 0.5095675 -0.1950000
v -0.4250000 0.5250000 -0.1950000
v -0.4230975 0.5095675 -0.1950000
v -0.4250000 0.5000000 -0.1950000
v -0.4250000 0.4750000 -0.1950000
v -0.4250000 0.5000000 -0.1950000
v -0.4230975 0.4904325 -0.1950000
v -0.4250000 0.4750000 -0.1950000
v -0.4230975 0.4904325 -0.1950000
v -0.4176775 0.4823225 -0.1950000
v -0.4250000 0.4750000 -0.1950000
v -0.4176775 0.4823225 -0.1950000
v -0.4095675 0.4769025 -0.1950000
v -0.4250000 0.4750000 -0.1950000
v -0.4095675 0.4769025 -0.1950000
v -0.4000000 0.4750000 -0.1950000
v -0.4250000 0.5000000 0.0000000
v -0.4230975 0.4904325 0.0000000
v -0.4230975 0.4904325 -0.1950000
v -0.4250000 0.5000000 -0.1950000
v -0.4230975 0.4904325 0.0000000
v -0.4176775 0.4823225 0.0000000
v -0.4176775 0.4823225 -0.1950000
v -0.4230975 0.4904325 -0.1950000
v -0.4176775 0.4823225 0.0000000
v -0.4095675 0.4769025 0.0000000
v -0.4095675 0.4769025 -0.1950000
v -0.4176775 0.4823225 -0.1950000
v -0.4095675 0.4769025 0.0000000
v -0.4000000 0.4750000 0.0000000
v -0.4000000 0.4750000 -0.1950000
v -0.4095675 0.4769025 -0.1950000
v -0.4000000 0.4750000 -0.1950000
v -0.4000000 0.4750000 0.0000000
v -0.1450000 0.4750000 0.0000000
v -0.1450000 0.4750000 -0.1950000
v -0.1450000 0.4750000 -0.1950000
v -0.1450000 0.4750000 0.0000000
v -0.1400575 0.4500000 0.0000000
v -0.1400575 0.4500000 -0.1950000
v -0.1734600 0.4347800 -0.1950000
v -0.1925950 0.3885850 -0.1950000
v -0.2500000 0.4000000 -0.1950000
v -0.2500000 0.4500000 -0.1950000
v -0.1085800 0.3914200 -0.1950000
v -0.1439350 0.3560650 -0.1950000
v -0.1925950 0.3885850 -0.1950000
v -0.1734600 0.4347800 -0.1950000
v -0.0652200 0.3265400 -0.1950000
v -0.1114150 0.3074050 -0.1950000
v -0.1439350 0.3560650 -0.1950000
v -0.1085800 0.3914200 -0.1950000
v -0.0500000 0.2500000 -0.1950000
v -0.1000000 0.2500000 -0.1950000
v -0.1114150 0.3074050 -0.1950000
v -0.0652200 0.3265400 -0.1950000
v -0.0652200 0.1734600 -0.1950000
v -0.1114150 0.1925950 -0.1950000
v -0.1000000 0.2500000 -0.1950000
v -0.0500000 0.2500000 -0.1950000
v -0.1085800 0.1085800 -0.1950000
v -0.1439350 0.1439350 -0.1950000
v -0.1114150 0.1925950 -0.1950000
v -0.0652200 0.1734600 -0.1950000
v -0.1734600 0.0652200 -0.1950000
v -0.1925950 0.1114150 -0.1950000
v -0.1439350 0.1439350 -0.1950000
v -0.1085800 0.1085800 -0.1950000
v -0.2500000 0.0500000 -0.1950000
v -0.2500000 0.1000000 -0.1950000
v -0.1925950 0.1114150 -0.1950000
v -0.1734600 0.0652200 -0.1950000
v -0.3265400 0.0652200 -0.1950000
v -0.3074050 0.1114150 -0.1950000
v -0.2500000 0.1000000 -0.1950000
v -0.2500000 0.0500000 -0.1950000
v -0.3914200 0.1085800 -0.1950000
v -0.3560650 0.1439350 -0.1950000
v -0.3074050 0.1114150 -0.1950000
v -0.3265400 0.0652200 -0.1950000
v -0.4347800 0.1734600 -0.1950000
v -0.3885850 0.1925950 -0.1950000
v -0.3560650 0.1439350 -0.1950000
v -0.3914200 0.1085800 -0.1950000
v -0.4500000 0.2500000 -0.1950000
v -0.4000000 0.2500000 -0.1950000
v -0.3885850 0.1925950 -0.1950000
v -0.4347800 0.1734600 -0.1950000
v -0.4347800 0.3265400 -0.1950000
v -0.3885850 0.3074050 -0.1950000
v -0.4000000 0.2500000 -0.1950000
v -0.4500000 0.2500000 -0.1950000
v -0.3914200 0.3914200 -0.1950000
v -0.3560650 0.3560650 -0.1950000
v -0.3885850 0.3074050 -0.1950000
v -0.4347800 0.3265400 -0.1950000
v -0.3265400 0.4347800 -0.1950000
v -0.3074050 0.3885850 -0.1950000
v -0.3560650 0.3560650 -0.1950000
v -0.3914200 0.3914200 -0.1950000
v -0.2500000 0.4500000 -0.1950000
v -0.2500000 0.4000000 -0.1950000
v -0.3074050 0.3885850 -0.1950000
v -0.3265400 0.4347800 -0.1950000
v -0.4347800 0.3265400 -0.1950000
v -0.4500000 0.2500000 -0.1950000
v -0.4500000 0.4500000 -0.1950000
v -0.3914200 0.3914200 -0.1950000
v -0.4347800 0.3265400 -0.1950000
v -0.4500000 0.4500000 -0.1950000
v -0.3265400 0.4347800 -0.1950000
v -0.3914200 0.3914200 -0.1950000
v -0.4500000 0.4500000 -0.1950000
v -0.2500000 0.4500000 -0.1950000
v -0.3265400 0.4347800 -0.1950000
v -0.4500000 0.4500000 -0.1950000
v -0.4000000 0.2500000 -0.1950000
v -0.3885850 0.3074050 -0.1950000
v -0.3885850 0.3074050 0.0000000
v -0.4000000 0.2500000 0.0000000
v -0.3885850 0.3074050 -0.1950000
v -0.3560650 0.3560650 -0.1950000
v -0.3560650 0.3560650 0.0000000
v -0.3885850 0.3074050 0.0000000
v -0.3560650 0.3560650 -0.1950000
v -0.3074050 0.3885850 -0.1950000
v -0.3074050 0.3885850 0.0000000
v -0.3560650 0.3560650 0.0000000
v -0.3074050 0.3885850 -0.1950000
v -0.2500000 0.4000000 -0.1950000
v -0.2500000 0.4000000 0.0000000
v -0.3074050 0.3885850 0.0000000
v -0.2500000 0.4000000 -0.1950000
v -0.1925950 0.3885850 -0.1950000
v -0.1925950 0.3885850 0.0000000
v -0.2500000 0.4000000 0.0000000
v -0.1925950 0.3885850 -0.1950000
v -0.1439350 0.3560650 -0.1950000
v -0.1439350 0.3560650 0.0000000
v -0.1925950 0.3885850 0.0000000
v -0.1439350 0.3560650 -0.1950000
v -0.1114150 0.3074050 -0.1950000
v -0.1114150 0.3074050 0.0000000
v -0.1439350 0.3560650 0.0000000
v -0.1114150 0.3074050 -0.1950000
v -0.1000000 0.2500000 -0.1950000
v -0.1000000 0.2500000 0.0000000
v -0.1114150 0.3074050 0.0000000
v -0.1000000 0.2500000 -0.1950000
v -0.1114150 0.1925950 -0.1950000
v -0.1114150 0.1925950 0.0000000
v -0.1000000 0.2500000 0.0000000
v -0.1114150 0.1925950 -0.1950000
v -0.1439350 0.1439350 -0.1950000
v -0.1439350 0.1439350 0.0000000
v -0.1114150 0.1925950 0.0000000
v -0.1439350 0.1439350 -0.1950000
v -0.1925950 0.1114150 -0.1950000
v -0.1925950 0.1114150 0.0000000
v -0.1439350 0.1439350 0.0000000
v -0.1925950 0.1114150 -0.1950000
v -0.2500000 0.1000000 -0.1950000
v -0.2500000 0.1000000 0.0000000
v -0.1925950 0.1114150 0.0000000
v -0.2500000 0.1000000 -0.1950000
v -0.3074050 0.1114150 -0.1950000
v -0.3074050 0.1114150 0.0000000
v -0.2500000 0.1000000 0.0000000
v -0.3074050 0.1114150 -0.1950000
v -0.3560650 0.1439350 -0.1950000
v -0.3560650 0.1439350 0.0000000
v -0.3074050 0.1114150 0.0000000
v -0.3560650 0.1439350 -0.1950000
v -0.3885850 0.1925950 -0.1950000
v -0.3885850 0.1925950 0.0000000
v -0.3560650 0.1439350 0.0000000
v -0.3885850 0.1925950 -0.1950000
v -0.4000000 0.2500000 -0.1950000
v -0.4000000 0.2500000 0.0000000
v -0.3885850 0.1925950 0.0000000
v -0.3599450 0.0500000 -0.1950000
v -0.3000000 0.0500000 -0.1950000
v -0.3000000 -0.0000000 -0.1950000
v -0.3500000 -0.0000000 -0.1950000
v -0.4500000 0.4500000 -0.1950000
v -0.4500000 0.1400575 -0.1950000
v -0.4750000 0.1450000 -0.1950000
v -0.4750000 0.4250000 -0.1950000
v -0.4500000 0.4500000 -0.1950000
v -0.4750000 0.4250000 -0.1950000
v -0.5000000 0.4250000 -0.1950000
v -0.5000000 0.5000000 -0.1950000
v -0.5000000 0.5000000 -0.1950000
v -0.4250000 0.5000000 -0.1950000
v -0.4250000 0.4750000 -0.1950000
v -0.4500000 0.4500000 -0.1950000
v -0.4250000 0.4750000 -0.1950000
v -0.1450000 0.4750000 -0.1950000
v -0.1400575 0.4500000 -0.1950000
v -0.4500000 0.4500000 -0.1950000
v 0.0000000 0.3500000 -0.1950000
v 0.0000000 0.3000000 -0.1950000
v -0.0500000 0.3000000 -0.1950000
v -0.0500000 0.3599450 -0.1950000
v -0.1734600 0.9347800 -0.1950000
v -0.1925950 0.8885850 -0.1950000
v -0.2500000 0.9000000 -0.1950000
v -0.2500000 0.9500000 -0.1950000
v -0.1085800 0.8914200 -0.1950000
v -0.1439350 0.8560650 -0.1950000
v -0.1925950 0.8885850 -0.1950000
v -0.1734600 0.9347800 -0.1950000
v -0.0652200 0.8265400 -0.1950000
v -0.1114150 0.8074050 -0.1950000
v -0.1439350 0.8560650 -0.1950000
v -0.1085800 0.8914200 -0.1950000
v -0.0500000 0.7500000 -0.1950000
v -0.1000000 0.7500000 -0.1950000
v -0.1114150 0.8074050 -0.1950000
v -0.0652200 0.8265400 -0.1950000
v -0.0652200 0.6734600 -0.1950000
v -0.1114150 0.6925950 -0.1950000
v -0.1000000 0.7500000 -0.1950000
v -0.0500000 0.7500000 -0.1950000
v -0.1085800 0.6085800 -0.1950000
v -0.1439350 0.6439350 -0.1950000
v -0.1114150 0.6925950 -0.1950000
v -0.0652200 0.6734600 -0.1950000
v -0.1734600 0.5652200 -0.1950000
v -0.1925950 0.6114150 -0.1950000
v -0.1439350 0.6439350 -0.1950000
v -0.1085800 0.6085800 -0.1950000
v -0.2500000 0.5500000 -0.1950000
v -0.2500000 0.6000000 -0.1950000
v -0.1925950 0.6114150 -0.1950000
v -0.1734600 0.5652200 -0.1950000
v -0.3265400 0.5652200 -0.1950000
v -0.3074050 0.6114150 -0.1950000
v -0.2500000 0.6000000 -0.1950000
v -0.2500000 0.5500000 -0.1950000
v -0.3914200 0.6085800 -0.1950000
v -0.3560650 0.6439350 -0.1950000
v -0.3074050 0.6114150 -0.1950000
v -0.3265400 0.5652200 -0.1950000
v -0.4347800 0.6734600 -0.1950000
v -0.3885850 0.6925950 -0.1950000
v -0.3560650 0.6439350 -0.1950000
v -0.3914200 0.6085800 -0.1950000
v -0.4500000 0.7500000 -0.1950000
v -0.4000000 0.7500000 -0.1950000
v -0.3885850 0.6925950 -0.1950000
v -0.4347800 0.6734600 -0.1950000
v -0.4347800 0.8265400 -0.1950000
v -0.3885850 0.8074050 -0.1950000
v -0.4000000 0.7500000 -0.1950000
v -0.4500000 0.7500000 -0.1950000
v -0.3914200 0.8914200 -0.1950000
v -0.3560650 0.8560650 -0.1950000
v -0.3885850 0.8074050 -0.1950000
v -0.4347800 0.8265400 -0.1950000
v -0.3265400 0.9347800 -0.1950000
v -0.3074050 0.8885850 -0.1950000
v -0.3560650 0.8560650 -0.1950000
v -0.3914200 0.8914200 -0.1950000
v -0.2500000 0.9500000 -0.1950000
v -0.2500000 0.9000000 -0.1950000
v -0.3074050 0.8885850 -0.1950000
v -0.3265400 0.9347800 -0.1950000
v -0.2500000 0.9500000 0.1950000
v -0.2500000 0.9000000 0.1950000
v -0.1925950 0.8885850 0.1950000
v -0.1734600 0.9347800 0.1950000
v -0.1734600 0.9347800 0.1950000
v -0.1925950 0.8885850 0.1950000
v -0.1439350 0.8560650 0.1950000
v -0.1085800 0.8914200 0.1950000
v -0.1085800 0.8914200 0.1950000
v -0.1439350 0.8560650 0.1950000
v -0.1114150 0.8074050 0.1950000
v -0.0652200 0.8265400 0.1950000
v -0.0652200 0.8265400 0.1950000
v -0.1114150 0.8074050 0.1950000
v -0.1000000 0.7500000 0.1950000
v -0.0500000 0.7500000 0.1950000
v -0.0500000 0.7500000 0.1950000
v -0.1000000 0.7500000 0.1950000
v -0.1114150 0.6925950 0.1950000
v -0.0652200 0.6734600 0.1950000
v -0.0652200 0.6734600 0.1950000
v -0.1114150 0.6925950 0.1950000
v -0.1439350 0.6439350 0.1950000
v -0.1085800 0.6085800 0.1950000
v -0.1085800 0.6085800 0.1950000
v -0.1439350 0.6439350 0.1950000
v -0.1925950 0.6114150 0.1950000
v -0.1734600 0.5652200 0.1950000
v -0.1734600 0.5652200 0.1950000
v -0.1925950 0.6114150 0.1950000
v -0.2500000 0.6000000 0.1950000
v -0.2500000 0.5500000 0.1950000
v -0.2500000 0.5500000 0.1950000
v -0.2500000 0.6000000 0.1950000
v -0.3074050 0.6114150 0.1950000
v -0.3265400 0.5652200 0.1950000
v -0.3265400 0.5652200 0.1950000
v -0.3074050 0.6114150 0.1950000
v -0.3560650 0.6439350 0.1950000
v -0.3914200 0.6085800 0.1950000
v -0.3914200 0.6085800 0.1950000
v -0.3560650 0.6439350 0.1950000
v -0.3885850 0.6925950 0.1950000
v -0.4347800 0.6734600 0.1950000
v -0.4347800 0.6734600 0.1950000
v -0.3885850 0.6925950 0.1950000
v -0.4000000 0.7500000 0.1950000
v -0.4500000 0.7500000 0.1950000
v -0.4500000 0.7500000 0.1950000
v -0.4000000 0.7500000 0.1950000
v -0.3885850 0.8074050 0.1950000
v -0.4347800 0.8265400 0.1950000
v -0.4347800 0.8265400 0.1950000
v -0.3885850 0.8074050 0.1950000
v -0.3560650 0.8560650 0.1950000
v -0.3914200 0.8914200 0.1950000
v -0.3914200 0.8914200 0.1950000
v -0.3560650 0.8560650 0.1950000
v -0.3074050 0.8885850 0.1950000
v -0.3265400 0.9347800 0.1950000
v -0.3265400 0.9347800 0.1950000
v -0.3074050 0.8885850 0.1950000
v -0.2500000 0.9000000 0.1950000
v -0.2500000 0.9500000 0.1950000
v -0.0652200 0.8265400 -0.1950000
v -0.0652200 0.8265400 -0.0437500
v -0.0500000 0.7500000 -0.0437500
v -0.0500000 0.7500000 -0.1950000
v -0.1085800 0.8914200 -0.1950000
v -0.1085800 0.8914200 -0.0437500
v -0.0652200 0.8265400 -0.0437500
v -0.0652200 0.8265400 -0.1950000
v -0.1734600 0.9347800 -0.1950000
v -0.1734600 0.9347800 -0.0437500
v -0.1085800 0.8914200 -0.0437500
v -0.1085800 0.8914200 -0.1950000
v -0.2500000 0.9500000 -0.1950000
v -0.2500000 0.9500000 -0.0437500
v -0.1734600 0.9347800 -0.0437500
v -0.1734600 0.9347800 -0.1950000
v -0.3265400 0.9347800 -0.1950000
v -0.3265400 0.9347800 -0.0437500
v -0.2500000 0.9500000 -0.0437500
v -0.2500000 0.9500000 -0.1950000
v -0.3914200 0.8914200 -0.1950000
v -0.3914200 0.8914200 -0.0437500
v -0.3265400 0.9347800 -0.0437500
v -0.3265400 0.9347800 -0.1950000
v -0.4347800 0.8265400 -0.1950000
v -0.4347800 0.8265400 -0.0437500
v -0.3914200 0.8914200 -0.0437500
v -0.3914200 0.8914200 -0.1950000
v -0.4500000 0.7500000 -0.1950000
v -0.4500000 0.7500000 -0.0437500
v -0.4347800 0.8265400 -0.0437500
v -0.4347800 0.8265400 -0.1950000
v -0.4347800 0.6734600 -0.1950000
v -0.4347800 0.6734600 -0.0437500
v -0.4500000 0.7500000 -0.0437500
v -0.4500000 0.7500000 -0.1950000
v -0.3914200 0.6085800 -0.1950000
v -0.3914200 0.6085800 -0.0437500
v -0.4347800 0.6734600 -0.0437500
v -0.4347800 0.6734600 -0.1950000
v -0.0652200 0.8265400 0.0437500
v -0.0652200 0.8265400 0.1950000
v -0.0500000 0.7500000 0.1950000
v -0.0500000 0.7500000 0.0437500
v -0.1085800 0.8914200 0.0437500
v -0.1085800 0.8914200 0.1950000
v -0.0652200 0.8265400 0.1950000
v -0.0652200 0.8265400 0.0437500
v -0.1734600 0.9347800 0.0437500
v -0.1734600 0.9347800 0.1950000
v -0.1085800 0.8914200 0.1950000
v -0.1085800 0.8914200 0.0437500
v -0.2500000 0.9500000 0.0437500
v -0.2500000 0.9500000 0.1950000
v -0.1734600 0.9347800 0.1950000
v -0.1734600 0.9347800 0.0437500
v -0.3265400 0.9347800 0.0437500
v -0.3265400 0.9347800 0.1950000
v -0.2500000 0.9500000 0.1950000
v -0.2500000 0.9500000 0.0437500
v -0.3914200 0.8914200 0.0437500
v -0.3914200 0.8914200 0.1950000
v -0.3265400 0.9347800 0.1950000
v -0.3265400 0.9347800 0.0437500
v -0.4347800 0.8265400 0.0437500
v -0.4347800 0.8265400 0.1950000
v -0.3914200 0.8914200 0.1950000
v -0.3914200 0.8914200 0.0437500
v -0.4500000 0.7500000 0.0437500
v -0.4500000 0.7500000 0.1950000
v -0.4347800 0.8265400 0.1950000
v -0.4347800 0.8265400 0.0437500
v -0.4347800 0.6734600 0.0437500
v -0.4347800 0.6734600 0.1950000
v -0.4500000 0.7500000 0.1950000
v -0.4500000 0.7500000 0.0437500
v -0.3914200 0.6085800 0.0437500
v -0.3914200 0.6085800 0.1950000
v -0.4347800 0.6734600 0.1950000
v -0.4347800 0.6734600 0.0437500
v -0.0500000 0.7500000 -0.0437500
v -0.0461950 0.7308650 -0.0437500
v -0.0461950 0.7308650 -0.1950000
v -0.0500000 0.7500000 -0.1950000
v -0.0461950 0.7308650 -0.0437500
v -0.0353550 0.7146450 -0.0437500
v -0.0353550 0.7146450 -0.1950000
v -0.0461950 0.7308650 -0.1950000
v -0.0353550 0.7146450 -0.0437500
v -0.0191350 0.7038050 -0.0437500
v -0.0191350 0.7038050 -0.1950000
v -0.0353550 0.7146450 -0.1950000
v -0.0191350 0.7038050 -0.0437500
v 0.0000000 0.7000000 -0.0437500
v 0.0000000 0.7000000 -0.1950000
v -0.0191350 0.7038050 -0.1950000
v -0.0500000 0.7500000 0.1950000
v -0.0461950 0.7308650 0.1950000
v -0.0461950 0.7308650 0.0437500
v -0.0500000 0.7500000 0.0437500
v -0.0461950 0.7308650 0.1950000
v -0.0353550 0.7146450 0.1950000
v -0.0353550 0.7146450 0.0437500
v -0.0461950 0.7308650 0.0437500
v -0.0353550 0.7146450 0.1950000
v -0.0191350 0.7038050 0.1950000
v -0.0191350 0.7038050 0.0437500
v -0.0353550 0.7146450 0.0437500
v -0.0191350 0.7038050 0.1950000
v 0.0000000 0.7000000 0.1950000
v 0.0000000 0.7000000 0.0437500
v -0.0191350 0.7038050 0.0437500
v -0.4000000 0.7500000 -0.1950000
v -0.3885850 0.8074050 -0.1950000
v -0.3885850 0.8074050 0.1950000
v -0.4000000 0.7500000 0.1950000
v -0.3885850 0.8074050 -0.1950000
v -0.3560650 0.8560650 -0.1950000
v -0.3560650 0.8560650 0.1950000
v -0.3885850 0.8074050 0.1950000
v -0.3560650 0.8560650 -0.1950000
v -0.3074050 0.8885850 -0.1950000
v -0.3074050 0.8885850 0.1950000
v -0.3560650 0.8560650 0.1950000
v -0.3074050 0.8885850 -0.1950000
v -0.2500000 0.9000000 -0.1950000
v -0.2500000 0.9000000 0.1950000
v -0.3074050 0.8885850 0.1950000
v -0.2500000 0.9000000 -0.1950000
v -0.1925950 0.8885850 -0.1950000
v -0.1925950 0.8885850 0.1950000
v -0.2500000 0.9000000 0.1950000
v -0.1925950 0.8885850 -0.1950000
v -0.1439350 0.8560650 -0.1950000
v -0.1439350 0.8560650 0.1950000
v -0.1925950 0.8885850 0.1950000
v -0.1439350 0.8560650 -0.1950000
v -0.1114150 0.8074050 -0.1950000
v -0.1114150 0.8074050 0.1950000
v -0.1439350 0.8560650 0.1950000
v -0.1114150 0.8074050 -0.1950000
v -0.1000000 0.7500000 -0.1950000
v -0.1000000 0.7500000 0.1950000
v -0.1114150 0.8074050 0.1950000
v -0.1000000 0.7500000 -0.1950000
v -0.1114150 0.6925950 -0.1950000
v -0.1114150 0.6925950 0.1950000
v -0.1000000 0.7500000 0.1950000
v -0.1114150 0.6925950 -0.1950000
v -0.1439350 0.6439350 -0.1950000
v -0.1439350 0.6439350 0.1950000
v -0.1114150 0.6925950 0.1950000
v -0.1439350 0.6439350 -0.1950000
v -0.1925950 0.6114150 -0.1950000
v -0.1925950 0.6114150 0.1950000
v -0.1439350 0.6439350 0.1950000
v -0.1925950 0.6114150 -0.1950000
v -0.2500000 0.6000000 -0.1950000
v -0.2500000 0.6000000 0.1950000
v -0.1925950 0.6114150 0.1950000
v -0.2500000 0.6000000 -0.1950000
v -0.3074050 0.6114150 -0.1950000
v -0.3074050 0.6114150 0.1950000
v -0.2500000 0.6000000 0.1950000
v -0.3074050 0.6114150 -0.1950000
v -0.3560650 0.6439350 -0.1950000
v -0.3560650 0.6439350 0.1950000
v -0.3074050 0.6114150 0.1950000
v -0.3560650 0.6439350 -0.1950000
v -0.3885850 0.6925950 -0.1950000
v -0.3885850 0.6925950 0.1950000
v -0.3560650 0.6439350 0.1950000
v -0.3885850 0.6925950 -0.1950000
v -0.4000000 0.7500000 -0.1950000
v -0.4000000 0.7500000 0.1950000
v -0.3885850 0.6925950 0.1950000
v -0.4000000 0.5250000 0.1950000
v -0.4095675 0.5230975 0.1950000
v -0.4095675 0.5230975 -0.1950000
v -0.4000000 0.5250000 -0.1950000
v -0.4095675 0.5230975 0.1950000
v -0.4176775 0.5176775 0.1950000
v -0.4176775 0.5176775 -0.1950000
v -0.4095675 0.5230975 -0.1950000
v -0.4176775 0.5176775 0.1950000
v -0.4230975 0.5095675 0.1950000
v -0.4230975 0.5095675 -0.1950000
v -0.4176775 0.5176775 -0.1950000
v -0.4230975 0.5095675 0.1950000
v -0.4250000 0.5000000 0.1950000
v -0.4250000 0.5000000 -0.1950000
v -0.4230975 0.5095675 -0.1950000
v -0.4095675 0.5230975 0.1950000
v -0.4000000 0.5250000 0.1950000
v -0.4250000 0.5250000 0.1950000
v -0.4176775 0.5176775 0.1950000
v -0.4095675 0.5230975 0.1950000
v -0.4250000 0.5250000 0.1950000
v -0.4230975 0.5095675 0.1950000
v -0.4176775 0.5176775 0.1950000
v -0.4250000 0.5250000 0.1950000
v -0.4250000 0.5000000 0.1950000
v -0.4230975 0.5095675 0.1950000
v -0.4250000 0.5250000 0.1950000
v -0.1450000 0.5250000 0.1950000
v -0.4000000 0.5250000 0.1950000
v -0.4000000 0.5250000 -0.1950000
v -0.1450000 0.5250000 -0.1950000
v -0.1400575 0.5500000 0.1950000
v -0.1450000 0.5250000 0.1950000
v -0.1450000 0.5250000 -0.1950000
v -0.1400575 0.5500000 -0.1950000
v -0.3914200 0.6085800 -0.1950000
v -0.5000000 0.5000000 -0.1950000
v -0.5000000 0.5000000 -0.1125000
v -0.4750000 0.5250000 -0.1125000
v -0.3914200 0.6085800 0.1950000
v -0.4750000 0.5250000 0.1125000
v -0.5000000 0.5000000 0.1125000
v -0.5000000 0.5000000 0.1950000
v -0.3914200 0.6085800 -0.1950000
v -0.4750000 0.5250000 -0.1125000
v -0.4750000 0.5250000 -0.0437500
v -0.3914200 0.6085800 -0.0437500
v -0.4750000 0.5250000 0.0437500
v -0.4750000 0.5250000 0.1125000
v -0.3914200 0.6085800 0.1950000
v -0.3914200 0.6085800 0.0437500
v -0.7866575 0.7866575 -0.1125000
v -0.7598895 0.8095145 -0.1125000
v -0.4750000 0.5250000 -0.1125000
v -0.5000000 0.5000000 -0.1125000
v -0.5000000 0.5000000 0.1125000
v -0.4750000 0.5250000 0.1125000
v -0.7598895 0.8095142 0.1125000
v -0.7866575 0.7866575 0.1125000
v -0.4750000 0.5250000 -0.0437500
v -0.4750000 0.5250000 -0.1125000
v -0.7598895 0.8095145 -0.1125000
v -0.7598895 0.8095145 -0.0437500
v -0.4750000 0.5250000 0.0437500
v -0.7598895 0.8095145 0.0437500
v -0.7598895 0.8095145 0.1125000
v -0.4750000 0.5250000 0.1125000
v -0.4347800 0.6734600 -0.0437500
v -0.3914200 0.6085800 -0.0437500
v -0.4750000 0.5250000 -0.0437500
v -0.7598895 0.8095145 -0.0437500
v -0.7598895 0.8095142 0.0437500
v -0.4750000 0.5250000 0.0437500
v -0.3914200 0.6085800 0.0437500
v -0.4347800 0.6734600 0.0437500
v -0.4500000 0.7500000 -0.0437500
v -0.4347800 0.6734600 -0.0437500
v -0.7598895 0.8095145 -0.0437500
v -0.7598895 0.8095142 0.0437500
v -0.4347800 0.6734600 0.0437500
v -0.4500000 0.7500000 0.0437500
v -0.6531377 0.9007863 -0.0437500
v -0.4347800 0.8265400 -0.0437500
v -0.4500000 0.7500000 -0.0437500
v -0.7598895 0.8095145 -0.0437500
v -0.7598895 0.8095142 0.0437500
v -0.4500000 0.7500000 0.0437500
v -0.4347800 0.8265400 0.0437500
v -0.6531377 0.9007863 0.0437500
v -0.5041802 0.9918672 -0.0437500
v -0.3914200 0.8914200 -0.0437500
v -0.4347800 0.8265400 -0.0437500
v -0.6531377 0.9007863 -0.0437500
v -0.6531377 0.9007863 0.0437500
v -0.4347800 0.8265400 0.0437500
v -0.3914200 0.8914200 0.0437500
v -0.5041802 0.9918672 0.0437500
v -0.3428075 1.0585235 -0.0437500
v -0.3265400 0.9347800 -0.0437500
v -0.3914200 0.8914200 -0.0437500
v -0.5041802 0.9918672 -0.0437500
v -0.5041802 0.9918672 0.0437500
v -0.3914200 0.8914200 0.0437500
v -0.3265400 0.9347800 0.0437500
v -0.3428075 1.0585235 0.0437500
v -0.1729923 1.0991140 -0.0437500
v -0.2500000 0.9500000 -0.0437500
v -0.3265400 0.9347800 -0.0437500
v -0.3428075 1.0585235 -0.0437500
v -0.3428075 1.0585235 0.0437500
v -0.3265400 0.9347800 0.0437500
v -0.2500000 0.9500000 0.0437500
v -0.1729923 1.0991140 0.0437500
v -0.1729923 1.0991140 -0.0437500
v -0.1734600 0.9347800 -0.0437500
v -0.2500000 0.9500000 -0.0437500
v -0.2500000 0.9500000 0.0437500
v -0.1734600 0.9347800 0.0437500
v -0.1729923 1.0991140 0.0437500
v 0.0000000 1.1125000 -0.0437500
v -0.1085800 0.8914200 -0.0437500
v -0.1734600 0.9347800 -0.0437500
v -0.1729923 1.0991140 -0.0437500
v -0.1729923 1.0991140 0.0437500
v -0.1734600 0.9347800 0.0437500
v -0.1085800 0.8914200 0.0437500
v 0.0000000 1.1125000 0.0437500
v 0.0000000 1.1125000 -0.0437500
v -0.0652200 0.8265400 -0.0437500
v -0.1085800 0.8914200 -0.0437500
v -0.1085800 0.8914200 0.0437500
v -0.0652200 0.8265400 0.0437500
v 0.0000000 1.1125000 0.0437500
v 0.0000000 1.1125000 -0.0437500
v 0.0000000 0.7500000 -0.0437500
v -0.0500000 0.7500000 -0.0437500
v -0.0652200 0.8265400 -0.0437500
v -0.0652200 0.8265400 0.0437500
v -0.0500000 0.7500000 0.0437500
v 0.0000000 0.7500000 0.0437500
v 0.0000000 1.1125000 0.0437500
v -0.0461950 0.7308650 -0.0437500
v -0.0500000 0.7500000 -0.0437500
v 0.0000000 0.7500000 -0.0437500
v -0.0353550 0.7146450 -0.0437500
v -0.0461950 0.7308650 -0.0437500
v 0.0000000 0.7500000 -0.0437500
v -0.0191350 0.7038050 -0.0437500
v -0.0353550 0.7146450 -0.0437500
v 0.0000000 0.7500000 -0.0437500
v 0.0000000 0.7000000 -0.0437500
v -0.0191350 0.7038050 -0.0437500
v 0.0000000 0.7500000 -0.0437500
v 0.0000000 0.7500000 0.0437500
v -0.0500000 0.7500000 0.0437500
v -0.0461950 0.7308650 0.0437500
v 0.0000000 0.7500000 0.0437500
v -0.0461950 0.7308650 0.0437500
v -0.0353550 0.7146450 0.0437500
v 0.0000000 0.7500000 0.0437500
v -0.0353550 0.7146450 0.0437500
v -0.0191350 0.7038050 0.0437500
v 0.0000000 0.7500000 0.0437500
v -0.0191350 0.7038050 0.0437500
v 0.0000000 0.7000000 0.0437500
v -0.0500000 0.7000000 -0.1950000
v -0.0500000 0.7500000 -0.1950000
v -0.0461950 0.7308650 -0.1950000
v -0.0500000 0.7000000 -0.1950000
v -0.0461950 0.7308650 -0.1950000
v -0.0353550 0.7146450 -0.1950000
v -0.0500000 0.7000000 -0.1950000
v -0.0353550 0.7146450 -0.1950000
v -0.0191350 0.7038050 -0.1950000
v -0.0500000 0.7000000 -0.1950000
v -0.0191350 0.7038050 -0.1950000
v 0.0000000 0.7000000 -0.1950000
v -0.0461950 0.7308650 0.1950000
v -0.0500000 0.7500000 0.1950000
v -0.0500000 0.7000000 0.1950000
v -0.0353550 0.7146450 0.1950000
v -0.0461950 0.7308650 0.1950000
v -0.0500000 0.7000000 0.1950000
v -0.0191350 0.7038050 0.1950000
v -0.0353550 0.7146450 0.1950000
v -0.0500000 0.7000000 0.1950000
v 0.0000000 0.7000000 0.1950000
v -0.0191350 0.7038050 0.1950000
v -0.0500000 0.7000000 0.1950000
v -0.0500000 0.7000000 -0.1950000
v 0.0000000 0.7000000 -0.1950000
v 0.0000000 0.6500000 -0.1950000
v -0.0500000 0.6400575 -0.1950000
v -0.0500000 0.6400575 0.1950000
v 0.0000000 0.6500000 0.1950000
v 0.0000000 0.7000000 0.1950000
v -0.0500000 0.7000000 0.1950000
v -0.2500000 0.5500000 -0.1950000
v -0.1400575 0.5500000 -0.1950000
v -0.1450000 0.5250000 -0.1950000
v -0.4250000 0.5250000 -0.1950000
v -0.4250000 0.5250000 0.1950000
v -0.1450000 0.5250000 0.1950000
v -0.1400575 0.5500000 0.1950000
v -0.2500000 0.5500000 0.1950000
v -0.2500000 0.5500000 -0.1950000
v -0.4250000 0.5250000 -0.1950000
v -0.3265400 0.5652200 -0.1950000
v -0.4250000 0.5250000 0.1950000
v -0.2500000 0.5500000 0.1950000
v -0.3265400 0.5652200 0.1950000
v -0.3914200 0.6085800 -0.1950000
v -0.3265400 0.5652200 -0.1950000
v -0.4250000 0.5250000 -0.1950000
v -0.5000000 0.5000000 -0.1950000
v -0.5000000 0.5000000 0.1950000
v -0.4250000 0.5250000 0.1950000
v -0.3265400 0.5652200 0.1950000
v -0.3914200 0.6085800 0.1950000
v -0.4250000 0.5250000 -0.1950000
v -0.4250000 0.5000000 -0.1950000
v -0.5000000 0.5000000 -0.1950000
v -0.4250000 0.5000000 0.1950000
v -0.4250000 0.5250000 0.1950000
v -0.5000000 0.5000000 0.1950000
v -0.1734600 0.4347800 -0.1950000
v -0.2500000 0.4500000 -0.1950000
v -0.1400575 0.4500000 -0.1950000
v -0.1385825 0.4425975 -0.1950000
v -0.1734600 0.4347800 -0.1950000
v -0.1385825 0.4425975 -0.1950000
v -0.1060675 0.3939300 -0.1950000
v -0.1085800 0.3914200 -0.1950000
v -0.0652200 0.3265400 -0.1950000
v -0.1085800 0.3914200 -0.1950000
v -0.1060675 0.3939300 -0.1950000
v -0.0574025 0.3614200 -0.1950000
v -0.0652200 0.3265400 -0.1950000
v -0.0574025 0.3614200 -0.1950000
v -0.0500000 0.3599450 -0.1950000
v -0.0500000 0.2500000 -0.1950000
v -0.3265400 0.0652200 -0.1950000
v -0.2500000 0.0500000 -0.1950000
v -0.3599450 0.0500000 -0.1950000
v -0.3614175 0.0574025 -0.1950000
v -0.3265400 0.0652200 -0.1950000
v -0.3614175 0.0574025 -0.1950000
v -0.3939325 0.1060700 -0.1950000
v -0.3914200 0.1085800 -0.1950000
v -0.4347800 0.1734600 -0.1950000
v -0.3914200 0.1085800 -0.1950000
v -0.3939325 0.1060700 -0.1950000
v -0.4425975 0.1385800 -0.1950000
v -0.4347800 0.1734600 -0.1950000
v -0.4425975 0.1385800 -0.1950000
v -0.4500000 0.1400575 -0.1950000
v -0.4500000 0.2500000 -0.1950000
v -0.0652200 0.6734600 -0.1950000
v -0.0500000 0.7500000 -0.1950000
v -0.0500000 0.6400575 -0.1950000
v -0.0574025 0.6385825 -0.1950000
v -0.0652200 0.6734600 -0.1950000
v -0.0574025 0.6385825 -0.1950000
v -0.1060700 0.6060675 -0.1950000
v -0.1085800 0.6085800 -0.1950000
v -0.1734600 0.5652200 -0.1950000
v -0.1085800 0.6085800 -0.1950000
v -0.1060700 0.6060675 -0.1950000
v -0.1385800 0.5574025 -0.1950000
v -0.1734600 0.5652200 -0.1950000
v -0.1385800 0.5574025 -0.1950000
v -0.1400575 0.5500000 -0.1950000
v -0.2500000 0.5500000 -0.1950000
v -0.0500000 0.6400575 0.1950000
v -0.0500000 0.7500000 0.1950000
v -0.0652200 0.6734600 0.1950000
v -0.0574025 0.6385825 0.1950000
v -0.1060700 0.6060675 0.1950000
v -0.0574025 0.6385825 0.1950000
v -0.0652200 0.6734600 0.1950000
v -0.1085800 0.6085800 0.1950000
v -0.1060700 0.6060675 0.1950000
v -0.1085800 0.6085800 0.1950000
v -0.1734600 0.5652200 0.1950000
v -0.1385800 0.5574025 0.1950000
v -0.1400575 0.5500000 0.1950000
v -0.1385800 0.5574025 0.1950000
v -0.1734600 0.5652200 0.1950000
v -0.2500000 0.5500000 0.1950000
v -0.1400575 0.4500000 0.1950000
v -0.1400575 0.4500000 0.0000000
v -0.1450000 0.4750000 0.0000000
v -0.1450000 0.4750000 0.1950000
v -0.1450000 0.4750000 0.0000000
v -0.4000000 0.4750000 0.0000000
v -0.4000000 0.4750000 0.1950000
v -0.1450000 0.4750000 0.1950000
v -0.4250000 0.5000000 0.1950000
v -0.4230975 0.4904325 0.1950000
v -0.4230975 0.4904325 0.0000000
v -0.4250000 0.5000000 0.0000000
v -0.4230975 0.4904325 0.1950000
v -0.4176775 0.4823225 0.1950000
v -0.4176775 0.4823225 0.0000000
v -0.4230975 0.4904325 0.0000000
v -0.4176775 0.4823225 0.1950000
v -0.4095675 0.4769025 0.1950000
v -0.4095675 0.4769025 0.0000000
v -0.4176775 0.4823225 0.0000000
v -0.4095675 0.4769025 0.1950000
v -0.4000000 0.4750000 0.1950000
v -0.4000000 0.4750000 0.0000000
v -0.4095675 0.4769025 0.0000000
v -0.4230975 0.4904325 0.1950000
v -0.4250000 0.5000000 0.1950000
v -0.4250000 0.4750000 0.1950000
v -0.4176775 0.4823225 0.1950000
v -0.4230975 0.4904325 0.1950000
v -0.4250000 0.4750000 0.1950000
v -0.4095675 0.4769025 0.1950000
v -0.4176775 0.4823225 0.1950000
v -0.4250000 0.4750000 0.1950000
v -0.4000000 0.4750000 0.1950000
v -0.4095675 0.4769025 0.1950000
v -0.4250000 0.4750000 0.1950000
v -0.5250000 0.4250000 0.1950000
v -0.5250000 0.4000000 0.1950000
v -0.5230975 0.4095675 0.1950000
v -0.5250000 0.4250000 0.1950000
v -0.5230975 0.4095675 0.1950000
v -0.5176775 0.4176775 0.1950000
v -0.5250000 0.4250000 0.1950000
v -0.5176775 0.4176775 0.1950000
v -0.5095675 0.4230975 0.1950000
v -0.5250000 0.4250000 0.1950000
v -0.5095675 0.4230975 0.1950000
v -0.5000000 0.4250000 0.1950000
v -0.4750000 0.4250000 0.1950000
v -0.5000000 0.4250000 0.1950000
v -0.4904325 0.4230975 0.1950000
v -0.4750000 0.4250000 0.1950000
v -0.4904325 0.4230975 0.1950000
v -0.4823225 0.4176775 0.1950000
v -0.4750000 0.4250000 0.1950000
v -0.4823225 0.4176775 0.1950000
v -0.4769025 0.4095675 0.1950000
v -0.4750000 0.4250000 0.1950000
v -0.4769025 0.4095675 0.1950000
v -0.4750000 0.4000000 0.1950000
v -0.5000000 0.4250000 0.0000000
v -0.4904325 0.4230975 0.0000000
v -0.4904325 0.4230975 0.1950000
v -0.5000000 0.4250000 0.1950000
v -0.4904325 0.4230975 0.0000000
v -0.4823225 0.4176775 0.0000000
v -0.4823225 0.4176775 0.1950000
v -0.4904325 0.4230975 0.1950000
v -0.4823225 0.4176775 0.0000000
v -0.4769025 0.4095675 0.0000000
v -0.4769025 0.4095675 0.1950000
v -0.4823225 0.4176775 0.1950000
v -0.4769025 0.4095675 0.0000000
v -0.4750000 0.4000000 0.0000000
v -0.4750000 0.4000000 0.1950000
v -0.4769025 0.4095675 0.1950000
v -0.4750000 0.4000000 0.1950000
v -0.4750000 0.4000000 0.0000000
v -0.4750000 0.1450000 0.0000000
v -0.4750000 0.1450000 0.1950000
v -0.4750000 0.1450000 0.1950000
v -0.4750000 0.1450000 0.0000000
v -0.4500000 0.1400575 0.0000000
v -0.4500000 0.1400575 0.1950000
v -0.4347800 0.1734600 0.1950000
v -0.3885850 0.1925950 0.1950000
v -0.4000000 0.2500000 0.1950000
v -0.4500000 0.2500000 0.1950000
v -0.3914200 0.1085800 0.1950000
v -0.3560650 0.1439350 0.1950000
v -0.3885850 0.1925950 0.1950000
v -0.4347800 0.1734600 0.1950000
v -0.3265400 0.0652200 0.1950000
v -0.3074050 0.1114150 0.1950000
v -0.3560650 0.1439350 0.1950000
v -0.3914200 0.1085800 0.1950000
v -0.2500000 0.0500000 0.1950000
v -0.2500000 0.1000000 0.1950000
v -0.3074050 0.1114150 0.1950000
v -0.3265400 0.0652200 0.1950000
v -0.1734600 0.0652200 0.1950000
v -0.1925950 0.1114150 0.1950000
v -0.2500000 0.1000000 0.1950000
v -0.2500000 0.0500000 0.1950000
v -0.1085800 0.1085800 0.1950000
v -0.1439350 0.1439350 0.1950000
v -0.1925950 0.1114150 0.1950000
v -0.1734600 0.0652200 0.1950000
v -0.0652200 0.1734600 0.1950000
v -0.1114150 0.1925950 0.1950000
v -0.1439350 0.1439350 0.1950000
v -0.1085800 0.1085800 0.1950000
v -0.0500000 0.2500000 0.1950000
v -0.1000000 0.2500000 0.1950000
v -0.1114150 0.1925950 0.1950000
v -0.0652200 0.1734600 0.1950000
v -0.0652200 0.3265400 0.1950000
v -0.1114150 0.3074050 0.1950000
v -0.1000000 0.2500000 0.1950000
v -0.0500000 0.2500000 0.1950000
v -0.1085800 0.3914200 0.1950000
v -0.1439350 0.3560650 0.1950000
v -0.1114150 0.3074050 0.1950000
v -0.0652200 0.3265400 0.1950000
v -0.1734600 0.4347800 0.1950000
v -0.1925950 0.3885850 0.1950000
v -0.1439350 0.3560650 0.1950000
v -0.1085800 0.3914200 0.1950000
v -0.2500000 0.4500000 0.1950000
v -0.2500000 0.4000000 0.1950000
v -0.1925950 0.3885850 0.1950000
v -0.1734600 0.4347800 0.1950000
v -0.3265400 0.4347800 0.1950000
v -0.3074050 0.3885850 0.1950000
v -0.2500000 0.4000000 0.1950000
v -0.2500000 0.4500000 0.1950000
v -0.3914200 0.3914200 0.1950000
v -0.3560650 0.3560650 0.1950000
v -0.3074050 0.3885850 0.1950000
v -0.3265400 0.4347800 0.1950000
v -0.4347800 0.3265400 0.1950000
v -0.3885850 0.3074050 0.1950000
v -0.3560650 0.3560650 0.1950000
v -0.3914200 0.3914200 0.1950000
v -0.4500000 0.2500000 0.1950000
v -0.4000000 0.2500000 0.1950000
v -0.3885850 0.3074050 0.1950000
v -0.4347800 0.3265400 0.1950000
v -0.3265400 0.4347800 0.1950000
v -0.2500000 0.4500000 0.1950000
v -0.4500000 0.4500000 0.1950000
v -0.3914200 0.3914200 0.1950000
v -0.3265400 0.4347800 0.1950000
v -0.4500000 0.4500000 0.1950000
v -0.4347800 0.3265400 0.1950000
v -0.3914200 0.3914200 0.1950000
v -0.4500000 0.4500000 0.1950000
v -0.4500000 0.2500000 0.1950000
v -0.4347800 0.3265400 0.1950000
v -0.4500000 0.4500000 0.1950000
v -0.2500000 0.4000000 0.1950000
v -0.3074050 0.3885850 0.1950000
v -0.3074050 0.3885850 0.0000000
v -0.2500000 0.4000000 0.0000000
v -0.3074050 0.3885850 0.1950000
v -0.3560650 0.3560650 0.1950000
v -0.3560650 0.3560650 0.0000000
v -0.3074050 0.3885850 0.0000000
v -0.3560650 0.3560650 0.1950000
v -0.3885850 0.3074050 0.1950000
v -0.3885850 0.3074050 0.0000000
v -0.3560650 0.3560650 0.0000000
v -0.3885850 0.3074050 0.1950000
v -0.4000000 0.2500000 0.1950000
v -0.4000000 0.2500000 0.0000000
v -0.3885850 0.3074050 0.0000000
v -0.4000000 0.2500000 0.1950000
v -0.3885850 0.1925950 0.1950000
v -0.3885850 0.1925950 0.0000000
v -0.4000000 0.2500000 0.0000000
v -0.3885850 0.1925950 0.1950000
v -0.3560650 0.1439350 0.1950000
v -0.3560650 0.1439350 0.0000000
v -0.3885850 0.1925950 0.0000000
v -0.3560650 0.1439350 0.1950000
v -0.3074050 0.1114150 0.1950000
v -0.3074050 0.1114150 0.0000000
v -0.3560650 0.1439350 0.0000000
v -0.3074050 0.1114150 0.1950000
v -0.2500000 0.1000000 0.1950000
v -0.2500000 0.1000000 0.0000000
v -0.3074050 0.1114150 0.0000000
v -0.2500000 0.1000000 0.1950000
v -0.1925950 0.1114150 0.1950000
v -0.1925950 0.1114150 0.0000000
v -0.2500000 0.1000000 0.0000000
v -0.1925950 0.1114150 0.1950000
v -0.1439350 0.1439350 0.1950000
v -0.1439350 0.1439350 0.0000000
v -0.1925950 0.1114150 0.0000000
v -0.1439350 0.1439350 0.1950000
v -0.1114150 0.1925950 0.1950000
v -0.1114150 0.1925950 0.0000000
v -0.1439350 0.1439350 0.0000000
v -0.1114150 0.1925950 0.1950000
v -0.1000000 0.2500000 0.1950000
v -0.1000000 0.2500000 0.0000000
v -0.1114150 0.1925950 0.0000000
v -0.1000000 0.2500000 0.1950000
v -0.1114150 0.3074050 0.1950000
v -0.1114150 0.3074050 0.0000000
v -0.1000000 0.2500000 0.0000000
v -0.1114150 0.3074050 0.1950000
v -0.1439350 0.3560650 0.1950000
v -0.1439350 0.3560650 0.0000000
v -0.1114150 0.3074050 0.0000000
v -0.1439350 0.3560650 0.1950000
v -0.1925950 0.3885850 0.1950000
v -0.1925950 0.3885850 0.0000000
v -0.1439350 0.3560650 0.0000000
v -0.1925950 0.3885850 0.1950000
v -0.2500000 0.4000000 0.1950000
v -0.2500000 0.4000000 0.0000000
v -0.1925950 0.3885850 0.0000000
v -0.0500000 0.3599450 0.1950000
v -0.0500000 0.3000000 0.1950000
v 0.0000000 0.3000000 0.1950000
v 0.0000000 0.3500000 0.1950000
v -0.4500000 0.4500000 0.1950000
v -0.1400575 0.4500000 0.1950000
v -0.1450000 0.4750000 0.1950000
v -0.4250000 0.4750000 0.1950000
v -0.4500000 0.4500000 0.1950000
v -0.4250000 0.4750000 0.1950000
v -0.4250000 0.5000000 0.1950000
v -0.5000000 0.5000000 0.1950000
v -0.5000000 0.5000000 0.1950000
v -0.5000000 0.4250000 0.1950000
v -0.4750000 0.4250000 0.1950000
v -0.4500000 0.4500000 0.1950000
v -0.4750000 0.4250000 0.1950000
v -0.4750000 0.1450000 0.1950000
v -0.4500000 0.1400575 0.1950000
v -0.4500000 0.4500000 0.1950000
v -0.3500000 -0.0000000 0.1950000
v -0.3000000 -0.0000000 0.1950000
v -0.3000000 0.0500000 0.1950000
v -0.3599450 0.0500000 0.1950000
v -0.9347800 0.1734600 0.1950000
v -0.8885850 0.1925950 0.1950000
v -0.9000000 0.2500000 0.1950000
v -0.9500000 0.2500000 0.1950000
v -0.8914200 0.1085800 0.1950000
v -0.8560650 0.1439350 0.1950000
v -0.8885850 0.1925950 0.1950000
v -0.9347800 0.1734600 0.1950000
v -0.8265400 0.0652200 0.1950000
v -0.8074050 0.1114150 0.1950000
v -0.8560650 0.1439350 0.1950000
v -0.8914200 0.1085800 0.1950000
v -0.7500000 0.0500000 0.1950000
v -0.7500000 0.1000000 0.1950000
v -0.8074050 0.1114150 0.1950000
v -0.8265400 0.0652200 0.1950000
v -0.6734600 0.0652200 0.1950000
v -0.6925950 0.1114150 0.1950000
v -0.7500000 0.1000000 0.1950000
v -0.7500000 0.0500000 0.1950000
v -0.6085800 0.1085800 0.1950000
v -0.6439350 0.1439350 0.1950000
v -0.6925950 0.1114150 0.1950000
v -0.6734600 0.0652200 0.1950000
v -0.5652200 0.1734600 0.1950000
v -0.6114150 0.1925950 0.1950000
v -0.6439350 0.1439350 0.1950000
v -0.6085800 0.1085800 0.1950000
v -0.5500000 0.2500000 0.1950000
v -0.6000000 0.2500000 0.1950000
v -0.6114150 0.1925950 0.1950000
v -0.5652200 0.1734600 0.1950000
v -0.5652200 0.3265400 0.1950000
v -0.6114150 0.3074050 0.1950000
v -0.6000000 0.2500000 0.1950000
v -0.5500000 0.2500000 0.1950000
v -0.6085800 0.3914200 0.1950000
v -0.6439350 0.3560650 0.1950000
v -0.6114150 0.3074050 0.1950000
v -0.5652200 0.3265400 0.1950000
v -0.6734600 0.4347800 0.1950000
v -0.6925950 0.3885850 0.1950000
v -0.6439350 0.3560650 0.1950000
v -0.6085800 0.3914200 0.1950000
v -0.7500000 0.4500000 0.1950000
v -0.7500000 0.4000000 0.1950000
v -0.6925950 0.3885850 0.1950000
v -0.6734600 0.4347800 0.1950000
v -0.8265400 0.4347800 0.1950000
v -0.8074050 0.3885850 0.1950000
v -0.7500000 0.4000000 0.1950000
v -0.7500000 0.4500000 0.1950000
v -0.8914200 0.3914200 0.1950000
v -0.8560650 0.3560650 0.1950000
v -0.8074050 0.3885850 0.1950000
v -0.8265400 0.4347800 0.1950000
v -0.9347800 0.3265400 0.1950000
v -0.8885850 0.3074050 0.1950000
v -0.8560650 0.3560650 0.1950000
v -0.8914200 0.3914200 0.1950000
v -0.9500000 0.2500000 0.1950000
v -0.9000000 0.2500000 0.1950000
v -0.8885850 0.3074050 0.1950000
v -0.9347800 0.3265400 0.1950000
v -0.9500000 0.2500000 -0.1950000
v -0.9000000 0.2500000 -0.1950000
v -0.8885850 0.1925950 -0.1950000
v -0.9347800 0.1734600 -0.1950000
v -0.9347800 0.1734600 -0.1950000
v -0.8885850 0.1925950 -0.1950000
v -0.8560650 0.1439350 -0.1950000
v -0.8914200 0.1085800 -0.1950000
v -0.8914200 0.1085800 -0.1950000
v -0.8560650 0.1439350 -0.1950000
v -0.8074050 0.1114150 -0.1950000
v -0.8265400 0.0652200 -0.1950000
v -0.8265400 0.0652200 -0.1950000
v -0.8074050 0.1114150 -0.1950000
v -0.7500000 0.1000000 -0.1950000
v -0.7500000 0.0500000 -0.1950000
v -0.7500000 0.0500000 -0.1950000
v -0.7500000 0.1000000 -0.1950000
v -0.6925950 0.1114150 -0.1950000
v -0.6734600 0.0652200 -0.1950000
v -0.6734600 0.0652200 -0.1950000
v -0.6925950 0.1114150 -0.1950000
v -0.6439350 0.1439350 -0.1950000
v -0.6085800 0.1085800 -0.1950000
v -0.6085800 0.1085800 -0.1950000
v -0.6439350 0.1439350 -0.1950000
v -0.6114150 0.1925950 -0.1950000
v -0.5652200 0.1734600 -0.1950000
v -0.5652200 0.1734600 -0.1950000
v -0.6114150 0.1925950 -0.1950000
v -0.6000000 0.2500000 -0.1950000
v -0.5500000 0.2500000 -0.1950000
v -0.5500000 0.2500000 -0.1950000
v -0.6000000 0.2500000 -0.1950000
v -0.6114150 0.3074050 -0.1950000
v -0.5652200 0.3265400 -0.1950000
v -0.5652200 0.3265400 -0.1950000
v -0.6114150 0.3074050 -0.1950000
v -0.6439350 0.3560650 -0.1950000
v -0.6085800 0.3914200 -0.1950000
v -0.6085800 0.3914200 -0.1950000
v -0.6439350 0.3560650 -0.1950000
v -0.6925950 0.3885850 -0.1950000
v -0.6734600 0.4347800 -0.1950000
v -0.6734600 0.4347800 -0.1950000
v -0.6925950 0.3885850 -0.1950000
v -0.7500000 0.4000000 -0.1950000
v -0.7500000 0.4500000 -0.1950000
v -0.7500000 0.4500000 -0.1950000
v -0.7500000 0.4000000 -0.1950000
v -0.8074050 0.3885850 -0.1950000
v -0.8265400 0.4347800 -0.1950000
v -0.8265400 0.4347800 -0.1950000
v -0.8074050 0.3885850 -0.1950000
v -0.8560650 0.3560650 -0.1950000
v -0.8914200 0.3914200 -0.1950000
v -0.8914200 0.3914200 -0.1950000
v -0.8560650 0.3560650 -0.1950000
v -0.8885850 0.3074050 -0.1950000
v -0.9347800 0.3265400 -0.1950000
v -0.9347800 0.3265400 -0.1950000
v -0.8885850 0.3074050 -0.1950000
v -0.9000000 0.2500000 -0.1950000
v -0.9500000 0.2500000 -0.1950000
v -0.8265400 0.0652200 0.1950000
v -0.8265400 0.0652200 0.0437500
v -0.7500000 0.0500000 0.0437500
v -0.7500000 0.0500000 0.1950000
v -0.8914200 0.1085800 0.1950000
v -0.8914200 0.1085800 0.0437500
v -0.8265400 0.0652200 0.0437500
v -0.8265400 0.0652200 0.1950000
v -0.9347800 0.1734600 0.1950000
v -0.9347800 0.1734600 0.0437500
v -0.8914200 0.1085800 0.0437500
v -0.8914200 0.1085800 0.1950000
v -0.9500000 0.2500000 0.1950000
v -0.9500000 0.2500000 0.0437500
v -0.9347800 0.1734600 0.0437500
v -0.9347800 0.1734600 0.1950000
v -0.9347800 0.3265400 0.1950000
v -0.9347800 0.3265400 0.0437500
v -0.9500000 0.2500000 0.0437500
v -0.9500000 0.2500000 0.1950000
v -0.8914200 0.3914200 0.1950000
v -0.8914200 0.3914200 0.0437500
v -0.9347800 0.3265400 0.0437500
v -0.9347800 0.3265400 0.1950000
v -0.8265400 0.4347800 0.1950000
v -0.8265400 0.4347800 0.0437500
v -0.8914200 0.3914200 0.0437500
v -0.8914200 0.3914200 0.1950000
v -0.7500000 0.4500000 0.1950000
v -0.7500000 0.4500000 0.0437500
v -0.8265400 0.4347800 0.0437500
v -0.8265400 0.4347800 0.1950000
v -0.6734600 0.4347800 0.1950000
v -0.6734600 0.4347800 0.0437500
v -0.7500000 0.4500000 0.0437500
v -0.7500000 0.4500000 0.1950000
v -0.6085800 0.3914200 0.1950000
v -0.6085800 0.3914200 0.0437500
v -0.6734600 0.4347800 0.0437500
v -0.6734600 0.4347800 0.1950000
v -0.8265400 0.0652200 -0.0437500
v -0.8265400 0.0652200 -0.1950000
v -0.7500000 0.0500000 -0.1950000
v -0.7500000 0.0500000 -0.0437500
v -0.8914200 0.1085800 -0.0437500
v -0.8914200 0.1085800 -0.1950000
v -0.8265400 0.0652200 -0.1950000
v -0.8265400 0.0652200 -0.0437500
v -0.9347800 0.1734600 -0.0437500
v -0.9347800 0.1734600 -0.1950000
v -0.8914200 0.1085800 -0.1950000
v -0.8914200 0.1085800 -0.0437500
v -0.9500000 0.2500000 -0.0437500
v -0.9500000 0.2500000 -0.1950000
v -0.9347800 0.1734600 -0.1950000
v -0.9347800 0.1734600 -0.0437500
v -0.9347800 0.3265400 -0.0437500
v -0.9347800 0.3265400 -0.1950000
v -0.9500000 0.2500000 -0.1950000
v -0.9500000 0.2500000 -0.0437500
v -0.8914200 0.3914200 -0.0437500
v -0.8914200 0.3914200 -0.1950000
v -0.9347800 0.3265400 -0.1950000
v -0.9347800 0.3265400 -0.0437500
v -0.8265400 0.4347800 -0.0437500
v -0.8265400 0.4347800 -0.1950000
v -0.8914200 0.3914200 -0.1950000
v -0.8914200 0.3914200 -0.0437500
v -0.7500000 0.4500000 -0.0437500
v -0.7500000 0.4500000 -0.1950000
v -0.8265400 0.4347800 -0.1950000
v -0.8265400 0.4347800 -0.0437500
v -0.6734600 0.4347800 -0.0437500
v -0.6734600 0.4347800 -0.1950000
v -0.7500000 0.4500000 -0.1950000
v -0.7500000 0.4500000 -0.0437500
v -0.6085800 0.3914200 -0.0437500
v -0.6085800 0.3914200 -0.1950000
v -0.6734600 0.4347800 -0.1950000
v -0.6734600 0.4347800 -0.0437500
v -0.7500000 0.0500000 0.0437500
v -0.7308650 0.0461950 0.0437500
v -0.7308650 0.0461950 0.1950000
v -0.7500000 0.0500000 0.1950000
v -0.7308650 0.0461950 0.0437500
v -0.7146450 0.0353550 0.0437500
v -0.7146450 0.0353550 0.1950000
v -0.7308650 0.0461950 0.1950000
v -0.7146450 0.0353550 0.0437500
v -0.7038050 0.0191350 0.0437500
v -0.7038050 0.0191350 0.1950000
v -0.7146450 0.0353550 0.1950000
v -0.7038050 0.0191350 0.0437500
v -0.7000000 -0.0000000 0.0437500
v -0.7000000 -0.0000000 0.1950000
v -0.7038050 0.0191350 0.1950000
v -0.7500000 0.0500000 -0.1950000
v -0.7308650 0.0461950 -0.1950000
v -0.7308650 0.0461950 -0.0437500
v -0.7500000 0.0500000 -0.0437500
v -0.7308650 0.0461950 -0.1950000
v -0.7146450 0.0353550 -0.1950000
v -0.7146450 0.0353550 -0.0437500
v -0.7308650 0.0461950 -0.0437500
v -0.7146450 0.0353550 -0.1950000
v -0.7038050 0.0191350 -0.1950000
v -0.7038050 0.0191350 -0.0437500
v -0.7146450 0.0353550 -0.0437500
v -0.7038050 0.0191350 -0.1950000
v -0.7000000 -0.0000000 -0.1950000
v -0.7000000 -0.0000000 -0.0437500
v -0.7038050 0.0191350 -0.0437500
v -0.7500000 0.4000000 0.1950000
v -0.8074050 0.3885850 0.1950000
v -0.8074050 0.3885850 -0.1950000
v -0.7500000 0.4000000 -0.1950000
v -0.8074050 0.3885850 0.1950000
v -0.8560650 0.3560650 0.1950000
v -0.8560650 0.3560650 -0.1950000
v -0.8074050 0.3885850 -0.1950000
v -0.8560650 0.3560650 0.1950000
v -0.8885850 0.3074050 0.1950000
v -0.8885850 0.3074050 -0.1950000
v -0.8560650 0.3560650 -0.1950000
v -0.8885850 0.3074050 0.1950000
v -0.9000000 0.2500000 0.1950000
v -0.9000000 0.2500000 -0.1950000
v -0.8885850 0.3074050 -0.1950000
v -0.9000000 0.2500000 0.1950000
v -0.8885850 0.1925950 0.1950000
v -0.8885850 0.1925950 -0.1950000
v -0.9000000 0.2500000 -0.1950000
v -0.8885850 0.1925950 0.1950000
v -0.8560650 0.1439350 0.1950000
v -0.8560650 0.1439350 -0.1950000
v -0.8885850 0.1925950 -0.1950000
v -0.8560650 0.1439350 0.1950000
v -0.8074050 0.1114150 0.1950000
v -0.8074050 0.1114150 -0.1950000
v -0.8560650 0.1439350 -0.1950000
v -0.8074050 0.1114150 0.1950000
v -0.7500000 0.1000000 0.1950000
v -0.7500000 0.1000000 -0.1950000
v -0.8074050 0.1114150 -0.1950000
v -0.7500000 0.1000000 0.1950000
v -0.6925950 0.1114150 0.1950000
v -0.6925950 0.1114150 -0.1950000
v -0.7500000 0.1000000 -0.1950000
v -0.6925950 0.1114150 0.1950000
v -0.6439350 0.1439350 0.1950000
v -0.6439350 0.1439350 -0.1950000
v -0.6925950 0.1114150 -0.1950000
v -0.6439350 0.1439350 0.1950000
v -0.6114150 0.1925950 0.1950000
v -0.6114150 0.1925950 -0.1950000
v -0.6439350 0.1439350 -0.1950000
v -0.6114150 0.1925950 0.1950000
v -0.6000000 0.2500000 0.1950000
v -0.6000000 0.2500000 -0.1950000
v -0.6114150 0.1925950 -0.1950000
v -0.6000000 0.2500000 0.1950000
v -0.6114150 0.3074050 0.1950000
v -0.6114150 0.3074050 -0.1950000
v -0.6000000 0.2500000 -0.1950000
v -0.6114150 0.3074050 0.1950000
v -0.6439350 0.3560650 0.1950000
v -0.6439350 0.3560650 -0.1950000
v -0.6114150 0.3074050 -0.1950000
v -0.6439350 0.3560650 0.1950000
v -0.6925950 0.3885850 0.1950000
v -0.6925950 0.3885850 -0.1950000
v -0.6439350 0.3560650 -0.1950000
v -0.6925950 0.3885850 0.1950000
v -0.7500000 0.4000000 0.1950000
v -0.7500000 0.4000000 -0.1950000
v -0.6925950 0.3885850 -0.1950000
v -0.5250000 0.4000000 -0.1950000
v -0.5230975 0.4095675 -0.1950000
v -0.5230975 0.4095675 0.1950000
v -0.5250000 0.4000000 0.1950000
v -0.5230975 0.4095675 -0.1950000
v -0.5176775 0.4176775 -0.1950000
v -0.5176775 0.4176775 0.1950000
v -0.5230975 0.4095675 0.1950000
v -0.5176775 0.4176775 -0.1950000
v -0.5095675 0.4230975 -0.1950000
v -0.5095675 0.4230975 0.1950000
v -0.5176775 0.4176775 0.1950000
v -0.5095675 0.4230975 -0.1950000
v -0.5000000 0.4250000 -0.1950000
v -0.5000000 0.4250000 0.1950000
v -0.5095675 0.4230975 0.1950000
v -0.5230975 0.4095675 -0.1950000
v -0.5250000 0.4000000 -0.1950000
v -0.5250000 0.4250000 -0.1950000
v -0.5176775 0.4176775 -0.1950000
v -0.5230975 0.4095675 -0.1950000
v -0.5250000 0.4250000 -0.1950000
v -0.5095675 0.4230975 -0.1950000
v -0.5176775 0.4176775 -0.1950000
v -0.5250000 0.4250000 -0.1950000
v -0.5000000 0.4250000 -0.1950000
v -0.5095675 0.4230975 -0.1950000
v -0.5250000 0.4250000 -0.1950000
v -0.5250000 0.1450000 -0.1950000
v -0.5250000 0.4000000 -0.1950000
v -0.5250000 0.4000000 0.1950000
v -0.5250000 0.1450000 0.1950000
v -0.5500000 0.1400575 -0.1950000
v -0.5250000 0.1450000 -0.1950000
v -0.5250000 0.1450000 0.1950000
v -0.5500000 0.1400575 0.1950000
v -0.6085800 0.3914200 0.1950000
v -0.5000000 0.5000000 0.1950000
v -0.5000000 0.5000000 0.1125000
v -0.5250000 0.4750000 0.1125000
v -0.6085800 0.3914200 -0.1950000
v -0.5250000 0.4750000 -0.1125000
v -0.5000000 0.5000000 -0.1125000
v -0.5000000 0.5000000 -0.1950000
v -0.6085800 0.3914200 0.1950000
v -0.5250000 0.4750000 0.1125000
v -0.5250000 0.4750000 0.0437500
v -0.6085800 0.3914200 0.0437500
v -0.5250000 0.4750000 -0.0437500
v -0.5250000 0.4750000 -0.1125000
v -0.6085800 0.3914200 -0.1950000
v -0.6085800 0.3914200 -0.0437500
v -0.7866575 0.7866575 0.1125000
v -0.8095145 0.7598895 0.1125000
v -0.5250000 0.4750000 0.1125000
v -0.5000000 0.5000000 0.1125000
v -0.5000000 0.5000000 -0.1125000
v -0.5250000 0.4750000 -0.1125000
v -0.8095142 0.7598895 -0.1125000
v -0.7866575 0.7866575 -0.1125000
v -0.5250000 0.4750000 0.0437500
v -0.5250000 0.4750000 0.1125000
v -0.8095145 0.7598895 0.1125000
v -0.8095145 0.7598895 0.0437500
v -0.5250000 0.4750000 -0.0437500
v -0.8095145 0.7598895 -0.0437500
v -0.8095145 0.7598895 -0.1125000
v -0.5250000 0.4750000 -0.1125000
v -0.6734600 0.4347800 0.0437500
v -0.6085800 0.3914200 0.0437500
v -0.5250000 0.4750000 0.0437500
v -0.8095145 0.7598895 0.0437500
v -0.8095142 0.7598895 -0.0437500
v -0.5250000 0.4750000 -0.0437500
v -0.6085800 0.3914200 -0.0437500
v -0.6734600 0.4347800 -0.0437500
v -0.7500000 0.4500000 0.0437500
v -0.6734600 0.4347800 0.0437500
v -0.8095145 0.7598895 0.0437500
v -0.8095142 0.7598895 -0.0437500
v -0.6734600 0.4347800 -0.0437500
v -0.7500000 0.4500000 -0.0437500
v -0.9007863 0.6531377 0.0437500
v -0.8265400 0.4347800 0.0437500
v -0.7500000 0.4500000 0.0437500
v -0.8095145 0.7598895 0.0437500
v -0.8095142 0.7598895 -0.0437500
v -0.7500000 0.4500000 -0.0437500
v -0.8265400 0.4347800 -0.0437500
v -0.9007863 0.6531377 -0.0437500
v -0.9918672 0.5041802 0.0437500
v -0.8914200 0.3914200 0.0437500
v -0.8265400 0.4347800 0.0437500
v -0.9007863 0.6531377 0.0437500
v -0.9007863 0.6531377 -0.0437500
v -0.8265400 0.4347800 -0.0437500
v -0.8914200 0.3914200 -0.0437500
v -0.9918672 0.5041802 -0.0437500
v -1.0585235 0.3428075 0.0437500
v -0.9347800 0.3265400 0.0437500
v -0.8914200 0.3914200 0.0437500
v -0.9918672 0.5041802 0.0437500
v -0.9918672 0.5041802 -0.0437500
v -0.8914200 0.3914200 -0.0437500
v -0.9347800 0.3265400 -0.0437500
v -1.0585235 0.3428075 -0.0437500
v -1.0991140 0.1729923 0.0437500
v -0.9500000 0.2500000 0.0437500
v -0.9347800 0.3265400 0.0437500
v -1.0585235 0.3428075 0.0437500
v -1.0585235 0.3428075 -0.0437500
v -0.9347800 0.3265400 -0.0437500
v -0.9500000 0.2500000 -0.0437500
v -1.0991140 0.1729923 -0.0437500
v -1.0991140 0.1729923 0.0437500
v -0.9347800 0.1734600 0.0437500
v -0.9500000 0.2500000 0.0437500
v -0.9500000 0.2500000 -0.0437500
v -0.9347800 0.1734600 -0.0437500
v -1.0991140 0.1729923 -0.0437500
v -1.1125000 -0.0000000 0.0437500
v -0.8914200 0.1085800 0.0437500
v -0.9347800 0.1734600 0.0437500
v -1.0991140 0.1729923 0.0437500
v -1.0991140 0.1729923 -0.0437500
v -0.9347800 0.1734600 -0.0437500
v -0.8914200 0.1085800 -0.0437500
v -1.1125000 -0.0000000 -0.0437500
v -1.1125000 -0.0000000 0.0437500
v -0.8265400 0.0652200 0.0437500
v -0.8914200 0.1085800 0.0437500
v -0.8914200 0.1085800 -0.0437500
v -0.8265400 0.0652200 -0.0437500
v -1.1125000 -0.0000000 -0.0437500
v -1.1125000 -0.0000000 0.0437500
v -0.7500000 -0.0000000 0.0437500
v -0.7500000 0.0500000 0.0437500
v -0.8265400 0.0652200 0.0437500
v -0.8265400 0.0652200 -0.0437500
v -0.7500000 0.0500000 -0.0437500
v -0.7500000 -0.0000000 -0.0437500
v -1.1125000 -0.0000000 -0.0437500
v -0.7308650 0.0461950 0.0437500
v -0.7500000 0.0500000 0.0437500
v -0.7500000 -0.0000000 0.0437500
v -0.7146450 0.0353550 0.0437500
v -0.7308650 0.0461950 0.0437500
v -0.7500000 -0.0000000 0.0437500
v -0.7038050 0.0191350 0.0437500
v -0.7146450 0.0353550 0.0437500
v -0.7500000 -0.0000000 0.0437500
v -0.7000000 -0.0000000 0.0437500
v -0.7038050 0.0191350 0.0437500
v -0.7500000 -0.0000000 0.0437500
v -0.7500000 -0.0000000 -0.0437500
v -0.7500000 0.0500000 -0.0437500
v -0.7308650 0.0461950 -0.0437500
v -0.7500000 -0.0000000 -0.0437500
v -0.7308650 0.0461950 -0.0437500
v -0.7146450 0.0353550 -0.0437500
v -0.7500000 -0.0000000 -0.0437500
v -0.7146450 0.0353550 -0.0437500
v -0.7038050 0.0191350 -0.0437500
v -0.7500000 -0.0000000 -0.0437500
v -0.7038050 0.0191350 -0.0437500
v -0.7000000 -0.0000000 -0.0437500
v -0.7000000 0.0500000 0.1950000
v -0.7500000 0.0500000 0.1950000
v -0.7308650 0.0461950 0.1950000
v -0.7000000 0.0500000 0.1950000
v -0.7308650 0.0461950 0.1950000
v -0.7146450 0.0353550 0.1950000
v -0.7000000 0.0500000 0.1950000
v -0.7146450 0.0353550 0.1950000
v -0.7038050 0.0191350 0.1950000
v -0.7000000 0.0500000 0.1950000
v -0.7038050 0.0191350 0.1950000
v -0.7000000 -0.0000000 0.1950000
v -0.7308650 0.0461950 -0.1950000
v -0.7500000 0.0500000 -0.1950000
v -0.7000000 0.0500000 -0.1950000
v -0.7146450 0.0353550 -0.1950000
v -0.7308650 0.0461950 -0.1950000
v -0.7000000 0.0500000 -0.1950000
v -0.7038050 0.0191350 -0.1950000
v -0.7146450 0.0353550 -0.1950000
v -0.7000000 0.0500000 -0.1950000
v -0.7000000 -0.0000000 -0.1950000
v -0.7038050 0.0191350 -0.1950000
v -0.7000000 0.0500000 -0.1950000
v -0.7000000 0.0500000 0.1950000
v -0.7000000 -0.0000000 0.1950000
v -0.6500000 -0.0000000 0.1950000
v -0.6400575 0.0500000 0.1950000
v -0.6400575 0.0500000 -0.1950000
v -0.6500000 -0.0000000 -0.1950000
v -0.7000000 -0.0000000 -0.1950000
v -0.7000000 0.0500000 -0.1950000
v -0.5500000 0.2500000 0.1950000
v -0.5500000 0.1400575 0.1950000
v -0.5250000 0.1450000 0.1950000
v -0.5250000 0.4250000 0.1950000
v -0.5250000 0.4250000 -0.1950000
v -0.5250000 0.1450000 -0.1950000
v -0.5500000 0.1400575 -0.1950000
v -0.5500000 0.2500000 -0.1950000
v -0.5500000 0.2500000 0.1950000
v -0.5250000 0.4250000 0.1950000
v -0.5652200 0.3265400 0.1950000
v -0.5250000 0.4250000 -0.1950000
v -0.5500000 0.2500000 -0.1950000
v -0.5652200 0.3265400 -0.1950000
v -0.6085800 0.3914200 0.1950000
v -0.5652200 0.3265400 0.1950000
v -0.5250000 0.4250000 0.1950000
v -0.5000000 0.5000000 0.1950000
v -0.5000000 0.5000000 -0.1950000
v -0.5250000 0.4250000 -0.1950000
v -0.5652200 0.3265400 -0.1950000
v -0.6085800 0.3914200 -0.1950000
v -0.5250000 0.4250000 0.1950000
v -0.5000000 0.4250000 0.1950000
v -0.5000000 0.5000000 0.1950000
v -0.5000000 0.4250000 -0.1950000
v -0.5250000 0.4250000 -0.1950000
v -0.5000000 0.5000000 -0.1950000
v -0.4347800 0.1734600 0.1950000
v -0.4500000 0.2500000 0.1950000
v -0.4500000 0.1400575 0.1950000
v -0.4425975 0.1385825 0.1950000
v -0.4347800 0.1734600 0.1950000
v -0.4425975 0.1385825 0.1950000
v -0.3939300 0.1060675 0.1950000
v -0.3914200 0.1085800 0.1950000
v -0.3265400 0.0652200 0.1950000
v -0.3914200 0.1085800 0.1950000
v -0.3939300 0.1060675 0.1950000
v -0.3614200 0.0574025 0.1950000
v -0.3265400 0.0652200 0.1950000
v -0.3614200 0.0574025 0.1950000
v -0.3599450 0.0500000 0.1950000
v -0.2500000 0.0500000 0.1950000
v -0.0652200 0.3265400 0.1950000
v -0.0500000 0.2500000 0.1950000
v -0.0500000 0.3599450 0.1950000
v -0.0574025 0.3614175 0.1950000
v -0.0652200 0.3265400 0.1950000
v -0.0574025 0.3614175 0.1950000
v -0.1060700 0.3939325 0.1950000
v -0.1085800 0.3914200 0.1950000
v -0.1734600 0.4347800 0.1950000
v -0.1085800 0.3914200 0.1950000
v -0.1060700 0.3939325 0.1950000
v -0.1385800 0.4425975 0.1950000
v -0.1734600 0.4347800 0.1950000
v -0.1385800 0.4425975 0.1950000
v -0.1400575 0.4500000 0.1950000
v -0.2500000 0.4500000 0.1950000
v -0.6734600 0.0652200 0.1950000
v -0.7500000 0.0500000 0.1950000
v -0.6400575 0.0500000 0.1950000
v -0.6385825 0.0574025 0.1950000
v -0.6734600 0.0652200 0.1950000
v -0.6385825 0.0574025 0.1950000
v -0.6060675 0.1060700 0.1950000
v -0.6085800 0.1085800 0.1950000
v -0.5652200 0.1734600 0.1950000
v -0.6085800 0.1085800 0.1950000
v -0.6060675 0.1060700 0.1950000
v -0.5574025 0.1385800 0.1950000
v -0.5652200 0.1734600 0.1950000
v -0.5574025 0.1385800 0.1950000
v -0.5500000 0.1400575 0.1950000
v -0.5500000 0.2500000 0.1950000
v -0.6400575 0.0500000 -0.1950000
v -0.7500000 0.0500000 -0.1950000
v -0.6734600 0.0652200 -0.1950000
v -0.6385825 0.0574025 -0.1950000
v -0.6060675 0.1060700 -0.1950000
v -0.6385825 0.0574025 -0.1950000
v -0.6734600 0.0652200 -0.1950000
v -0.6085800 0.1085800 -0.1950000
v -0.6060675 0.1060700 -0.1950000
v -0.6085800 0.1085800 -0.1950000
v -0.5652200 0.1734600 -0.1950000
v -0.5574025 0.1385800 -0.1950000
v -0.5500000 0.1400575 -0.1950000
v -0.5574025 0.1385800 -0.1950000
v -0.5652200 0.1734600 -0.1950000
v -0.5500000 0.2500000 -0.1950000
v -0.1400575 -0.4500000 -0.1950000
v -0.1400575 -0.4500000 0.0000000
v -0.1450000 -0.4750000 0.0000000
v -0.1450000 -0.4750000 -0.1950000
v -0.1450000 -0.4750000 0.0000000
v -0.4000000 -0.4750000 0.0000000
v -0.4000000 -0.4750000 -0.1950000
v -0.1450000 -0.4750000 -0.1950000
v -0.4250000 -0.5000000 -0.1950000
v -0.4230975 -0.4904325 -0.1950000
v -0.4230975 -0.4904325 0.0000000
v -0.4250000 -0.5000000 0.0000000
v -0.4230975 -0.4904325 -0.1950000
v -0.4176775 -0.4823225 -0.1950000
v -0.4176775 -0.4823225 0.0000000
v -0.4230975 -0.4904325 0.0000000
v -0.4176775 -0.4823225 -0.1950000
v -0.4095675 -0.4769025 -0.1950000
v -0.4095675 -0.4769025 0.0000000
v -0.4176775 -0.4823225 0.0000000
v -0.4095675 -0.4769025 -0.1950000
v -0.4000000 -0.4750000 -0.1950000
v -0.4000000 -0.4750000 0.0000000
v -0.4095675 -0.4769025 0.0000000
v -0.4230975 -0.4904325 -0.1950000
v -0.4250000 -0.5000000 -0.1950000
v -0.4250000 -0.4750000 -0.1950000
v -0.4176775 -0.4823225 -0.1950000
v -0.4230975 -0.4904325 -0.1950000
v -0.4250000 -0.4750000 -0.1950000
v -0.4095675 -0.4769025 -0.1950000
v -0.4176775 -0.4823225 -0.1950000
v -0.4250000 -0.4750000 -0.1950000
v -0.4000000 -0.4750000 -0.1950000
v -0.4095675 -0.4769025 -0.1950000
v -0.4250000 -0.4750000 -0.1950000
v -0.5250000 -0.4250000 -0.1950000
v -0.5250000 -0.4000000 -0.1950000
v -0.5230975 -0.4095675 -0.1950000
v -0.5250000 -0.4250000 -0.1950000
v -0.5230975 -0.4095675 -0.1950000
v -0.5176775 -0.4176775 -0.1950000
v -0.5250000 -0.4250000 -0.1950000
v -0.5176775 -0.4176775 -0.1950000
v -0.5095675 -0.4230975 -0.1950000
v -0.5250000 -0.4250000 -0.1950000
v -0.5095675 -0.4230975 -0.1950000
v -0.5000000 -0.4250000 -0.1950000
v -0.4750000 -0.4250000 -0.1950000
v -0.5000000 -0.4250000 -0.1950000
v -0.4904325 -0.4230975 -0.1950000
v -0.4750000 -0.4250000 -0.1950000
v -0.4904325 -0.4230975 -0.1950000
v -0.4823225 -0.4176775 -0.1950000
v -0.4750000 -0.4250000 -0.1950000
v -0.4823225 -0.4176775 -0.1950000
v -0.4769025 -0.4095675 -0.1950000
v -0.4750000 -0.4250000 -0.1950000
v -0.4769025 -0.4095675 -0.1950000
v -0.4750000 -0.4000000 -0.1950000
v -0.5000000 -0.4250000 0.0000000
v -0.4904325 -0.4230975 0.0000000
v -0.4904325 -0.4230975 -0.1950000
v -0.5000000 -0.4250000 -0.1950000
v -0.4904325 -0.4230975 0.0000000
v -0.4823225 -0.4176775 0.0000000
v -0.4823225 -0.4176775 -0.1950000
v -0.4904325 -0.4230975 -0.1950000
v -0.4823225 -0.4176775 0.0000000
v -0.4769025 -0.4095675 0.0000000
v -0.4769025 -0.4095675 -0.1950000
v -0.4823225 -0.4176775 -0.1950000
v -0.4769025 -0.4095675 0.0000000
v -0.4750000 -0.4000000 0.0000000
v -0.4750000 -0.4000000 -0.1950000
v -0.4769025 -0.4095675 -0.1950000
v -0.4750000 -0.4000000 -0.1950000
v -0.4750000 -0.4000000 0.0000000
v -0.4750000 -0.1450000 0.0000000
v -0.4750000 -0.1450000 -0.1950000
v -0.4750000 -0.1450000 -0.1950000
v -0.4750000 -0.1450000 0.0000000
v -0.4500000 -0.1400575 0.0000000
v -0.4500000 -0.1400575 -0.1950000
v -0.4347800 -0.1734600 -0.1950000
v -0.3885850 -0.1925950 -0.1950000
v -0.4000000 -0.2500000 -0.1950000
v -0.4500000 -0.2500000 -0.1950000
v -0.3914200 -0.1085800 -0.1950000
v -0.3560650 -0.1439350 -0.1950000
v -0.3885850 -0.1925950 -0.1950000
v -0.4347800 -0.1734600 -0.1950000
v -0.3265400 -0.0652200 -0.1950000
v -0.3074050 -0.1114150 -0.1950000
v -0.3560650 -0.1439350 -0.1950000
v -0.3914200 -0.1085800 -0.1950000
v -0.2500000 -0.0500000 -0.1950000
v -0.2500000 -0.1000000 -0.1950000
v -0.3074050 -0.1114150 -0.1950000
v -0.3265400 -0.0652200 -0.1950000
v -0.1734600 -0.0652200 -0.1950000
v -0.1925950 -0.1114150 -0.1950000
v -0.2500000 -0.1000000 -0.1950000
v -0.2500000 -0.0500000 -0.1950000
v -0.1085800 -0.1085800 -0.1950000
v -0.1439350 -0.1439350 -0.1950000
v -0.1925950 -0.1114150 -0.1950000
v -0.1734600 -0.0652200 -0.1950000
v -0.0652200 -0.1734600 -0.1950000
v -0.1114150 -0.1925950 -0.1950000
v -0.1439350 -0.1439350 -0.1950000
v -0.1085800 -0.1085800 -0.1950000
v -0.0500000 -0.2500000 -0.1950000
v -0.1000000 -0.2500000 -0.1950000
v -0.1114150 -0.1925950 -0.1950000
v -0.0652200 -0.1734600 -0.1950000
v -0.0652200 -0.3265400 -0.1950000
v -0.1114150 -0.3074050 -0.1950000
v -0.1000000 -0.2500000 -0.1950000
v -0.0500000 -0.2500000 -0.1950000
v -0.1085800 -0.3914200 -0.1950000
v -0.1439350 -0.3560650 -0.1950000
v -0.1114150 -0.3074050 -0.1950000
v -0.0652200 -0.3265400 -0.1950000
v -0.1734600 -0.4347800 -0.1950000
v -0.1925950 -0.3885850 -0.1950000
v -0.1439350 -0.3560650 -0.1950000
v -0.1085800 -0.3914200 -0.1950000
v -0.2500000 -0.4500000 -0.1950000
v -0.2500000 -0.4000000 -0.1950000
v -0.1925950 -0.3885850 -0.1950000
v -0.1734600 -0.4347800 -0.1950000
v -0.3265400 -0.4347800 -0.1950000
v -0.3074050 -0.3885850 -0.1950000
v -0.2500000 -0.4000000 -0.1950000
v -0.2500000 -0.4500000 -0.1950000
v -0.3914200 -0.3914200 -0.1950000
v -0.3560650 -0.3560650 -0.1950000
v -0.3074050 -0.3885850 -0.1950000
v -0.3265400 -0.4347800 -0.1950000
v -0.4347800 -0.3265400 -0.1950000
v -0.3885850 -0.3074050 -0.1950000
v -0.3560650 -0.3560650 -0.1950000
v -0.3914200 -0.3914200 -0.1950000
v -0.4500000 -0.2500000 -0.1950000
v -0.4000000 -0.2500000 -0.1950000
v -0.3885850 -0.3074050 -0.1950000
v -0.4347800 -0.3265400 -0.1950000
v -0.3265400 -0.4347800 -0.1950000
v -0.2500000 -0.4500000 -0.1950000
v -0.4500000 -0.4500000 -0.1950000
v -0.3914200 -0.3914200 -0.1950000
v -0.3265400 -0.4347800 -0.1950000
v -0.4500000 -0.4500000 -0.1950000
v -0.4347800 -0.3265400 -0.1950000
v -0.3914200 -0.3914200 -0.1950000
v -0.4500000 -0.4500000 -0.1950000
v -0.4500000 -0.2500000 -0.1950000
v -0.4347800 -0.3265400 -0.1950000
v -0.4500000 -0.4500000 -0.1950000
v -0.2500000 -0.4000000 -0.1950000
v -0.3074050 -0.3885850 -0.1950000
v -0.3074050 -0.3885850 0.0000000
v -0.2500000 -0.4000000 0.0000000
v -0.3074050 -0.3885850 -0.1950000
v -0.3560650 -0.3560650 -0.1950000
v -0.3560650 -0.3560650 0.0000000
v -0.3074050 -0.3885850 0.0000000
v -0.3560650 -0.3560650 -0.1950000
v -0.3885850 -0.3074050 -0.1950000
v -0.3885850 -0.3074050 0.0000000
v -0.3560650 -0.3560650 0.0000000
v -0.3885850 -0.3074050 -0.1950000
v -0.4000000 -0.2500000 -0.1950000
v -0.4000000 -0.2500000 0.0000000
v -0.3885850 -0.3074050 0.0000000
v -0.4000000 -0.2500000 -0.1950000
v -0.3885850 -0.1925950 -0.1950000
v -0.3885850 -0.1925950 0.0000000
v -0.4000000 -0.2500000 0.0000000
v -0.3885850 -0.1925950 -0.1950000
v -0.3560650 -0.1439350 -0.1950000
v -0.3560650 -0.1439350 0.0000000
v -0.3885850 -0.1925950 0.0000000
v -0.3560650 -0.1439350 -0.1950000
v -0.3074050 -0.1114150 -0.1950000
v -0.3074050 -0.1114150 0.0000000
v -0.3560650 -0.1439350 0.0000000
v -0.3074050 -0.1114150 -0.1950000
v -0.2500000 -0.1000000 -0.1950000
v -0.2500000 -0.1000000 0.0000000
v -0.3074050 -0.1114150 0.0000000
v -0.2500000 -0.1000000 -0.1950000
v -0.1925950 -0.1114150 -0.1950000
v -0.1925950 -0.1114150 0.0000000
v -0.2500000 -0.1000000 0.0000000
v -0.1925950 -0.1114150 -0.1950000
v -0.1439350 -0.1439350 -0.1950000
v -0.1439350 -0.1439350 0.0000000
v -0.1925950 -0.1114150 0.0000000
v -0.1439350 -0.1439350 -0.1950000
v -0.1114150 -0.1925950 -0.1950000
v -0.1114150 -0.1925950 0.0000000
v -0.1439350 -0.1439350 0.0000000
v -0.1114150 -0.1925950 -0.1950000
v -0.1000000 -0.2500000 -0.1950000
v -0.1000000 -0.2500000 0.0000000
v -0.1114150 -0.1925950 0.0000000
v -0.1000000 -0.2500000 -0.1950000
v -0.1114150 -0.3074050 -0.1950000
v -0.1114150 -0.3074050 0.0000000
v -0.1000000 -0.2500000 0.0000000
v -0.1114150 -0.3074050 -0.1950000
v -0.1439350 -0.3560650 -0.1950000
v -0.1439350 -0.3560650 0.0000000
v -0.1114150 -0.3074050 0.0000000
v -0.1439350 -0.3560650 -0.1950000
v -0.1925950 -0.3885850 -0.1950000
v -0.1925950 -0.3885850 0.0000000
v -0.1439350 -0.3560650 0.0000000
v -0.1925950 -0.3885850 -0.1950000
v -0.2500000 -0.4000000 -0.1950000
v -0.2500000 -0.4000000 0.0000000
v -0.1925950 -0.3885850 0.0000000
v -0.0500000 -0.3599450 -0.1950000
v -0.0500000 -0.3000000 -0.1950000
v 0.0000000 -0.3000000 -0.1950000
v 0.0000000 -0.3500000 -0.1950000
v -0.4500000 -0.4500000 -0.1950000
v -0.1400575 -0.4500000 -0.1950000
v -0.1450000 -0.4750000 -0.1950000
v -0.4250000 -0.4750000 -0.1950000
v -0.4500000 -0.4500000 -0.1950000
v -0.4250000 -0.4750000 -0.1950000
v -0.4250000 -0.5000000 -0.1950000
v -0.5000000 -0.5000000 -0.1950000
v -0.5000000 -0.5000000 -0.1950000
v -0.5000000 -0.4250000 -0.1950000
v -0.4750000 -0.4250000 -0.1950000
v -0.4500000 -0.4500000 -0.1950000
v -0.4750000 -0.4250000 -0.1950000
v -0.4750000 -0.1450000 -0.1950000
v -0.4500000 -0.1400575 -0.1950000
v -0.4500000 -0.4500000 -0.1950000
v -0.3500000 -0.0000000 -0.1950000
v -0.3000000 -0.0000000 -0.1950000
v -0.3000000 -0.0500000 -0.1950000
v -0.3599450 -0.0500000 -0.1950000
v -0.9347800 -0.1734600 -0.1950000
v -0.8885850 -0.1925950 -0.1950000
v -0.9000000 -0.2500000 -0.1950000
v -0.9500000 -0.2500000 -0.1950000
v -0.8914200 -0.1085800 -0.1950000
v -0.8560650 -0.1439350 -0.1950000
v -0.8885850 -0.1925950 -0.1950000
v -0.9347800 -0.1734600 -0.1950000
v -0.8265400 -0.0652200 -0.1950000
v -0.8074050 -0.1114150 -0.1950000
v -0.8560650 -0.1439350 -0.1950000
v -0.8914200 -0.1085800 -0.1950000
v -0.7500000 -0.0500000 -0.1950000
v -0.7500000 -0.1000000 -0.1950000
v -0.8074050 -0.1114150 -0.1950000
v -0.8265400 -0.0652200 -0.1950000
v -0.6734600 -0.0652200 -0.1950000
v -0.6925950 -0.1114150 -0.1950000
v -0.7500000 -0.1000000 -0.1950000
v -0.7500000 -0.0500000 -0.1950000
v -0.6085800 -0.1085800 -0.1950000
v -0.6439350 -0.1439350 -0.1950000
v -0.6925950 -0.1114150 -0.1950000
v -0.6734600 -0.0652200 -0.1950000
v -0.5652200 -0.1734600 -0.1950000
v -0.6114150 -0.1925950 -0.1950000
v -0.6439350 -0.1439350 -0.1950000
v -0.6085800 -0.1085800 -0.1950000
v -0.5500000 -0.2500000 -0.1950000
v -0.6000000 -0.2500000 -0.1950000
v -0.6114150 -0.1925950 -0.1950000
v -0.5652200 -0.1734600 -0.1950000
v -0.5652200 -0.3265400 -0.1950000
v -0.6114150 -0.3074050 -0.1950000
v -0.6000000 -0.2500000 -0.1950000
v -0.5500000 -0.2500000 -0.1950000
v -0.6085800 -0.3914200 -0.1950000
v -0.6439350 -0.3560650 -0.1950000
v -0.6114150 -0.3074050 -0.1950000
v -0.5652200 -0.3265400 -0.1950000
v -0.6734600 -0.4347800 -0.1950000
v -0.6925950 -0.3885850 -0.1950000
v -0.6439350 -0.3560650 -0.1950000
v -0.6085800 -0.3914200 -0.1950000
v -0.7500000 -0.4500000 -0.1950000
v -0.7500000 -0.4000000 -0.1950000
v -0.6925950 -0.3885850 -0.1950000
v -0.6734600 -0.4347800 -0.1950000
v -0.8265400 -0.4347800 -0.1950000
v -0.8074050 -0.3885850 -0.1950000
v -0.7500000 -0.4000000 -0.1950000
v -0.7500000 -0.4500000 -0.1950000
v -0.8914200 -0.3914200 -0.1950000
v -0.8560650 -0.3560650 -0.1950000
v -0.8074050 -0.3885850 -0.1950000
v -0.8265400 -0.4347800 -0.1950000
v -0.9347800 -0.3265400 -0.1950000
v -0.8885850 -0.3074050 -0.1950000
v -0.8560650 -0.3560650 -0.1950000
v -0.8914200 -0.3914200 -0.1950000
v -0.9500000 -0.2500000 -0.1950000
v -0.9000000 -0.2500000 -0.1950000
v -0.8885850 -0.3074050 -0.1950000
v -0.9347800 -0.3265400 -0.1950000
v -0.9500000 -0.2500000 0.1950000
v -0.9000000 -0.2500000 0.1950000
v -0.8885850 -0.1925950 0.1950000
v -0.9347800 -0.1734600 0.1950000
v -0.9347800 -0.1734600 0.1950000
v -0.8885850 -0.1925950 0.1950000
v -0.8560650 -0.1439350 0.1950000
v -0.8914200 -0.1085800 0.1950000
v -0.8914200 -0.1085800 0.1950000
v -0.8560650 -0.1439350 0.1950000
v -0.8074050 -0.1114150 0.1950000
v -0.8265400 -0.0652200 0.1950000
v -0.8265400 -0.0652200 0.1950000
v -0.8074050 -0.1114150 0.1950000
v -0.7500000 -0.1000000 0.1950000
v -0.7500000 -0.0500000 0.1950000
v -0.7500000 -0.0500000 0.1950000
v -0.7500000 -0.1000000 0.1950000
v -0.6925950 -0.1114150 0.1950000
v -0.6734600 -0.0652200 0.1950000
v -0.6734600 -0.0652200 0.1950000
v -0.6925950 -0.1114150 0.1950000
v -0.6439350 -0.1439350 0.1950000
v -0.6085800 -0.1085800 0.1950000
v -0.6085800 -0.1085800 0.1950000
v -0.6439350 -0.1439350 0.1950000
v -0.6114150 -0.1925950 0.1950000
v -0.5652200 -0.1734600 0.1950000
v -0.5652200 -0.1734600 0.1950000
v -0.6114150 -0.1925950 0.1950000
v -0.6000000 -0.2500000 0.1950000
v -0.5500000 -0.2500000 0.1950000
v -0.5500000 -0.2500000 0.1950000
v -0.6000000 -0.2500000 0.1950000
v -0.6114150 -0.3074050 0.1950000
v -0.5652200 -0.3265400 0.1950000
v -0.5652200 -0.3265400 0.1950000
v -0.6114150 -0.3074050 0.1950000
v -0.6439350 -0.3560650 0.1950000
v -0.6085800 -0.3914200 0.1950000
v -0.6085800 -0.3914200 0.1950000
v -0.6439350 -0.3560650 0.1950000
v -0.6925950 -0.3885850 0.1950000
v -0.6734600 -0.4347800 0.1950000
v -0.6734600 -0.4347800 0.1950000
v -0.6925950 -0.3885850 0.1950000
v -0.7500000 -0.4000000 0.1950000
v -0.7500000 -0.4500000 0.1950000
v -0.7500000 -0.4500000 0.1950000
v -0.7500000 -0.4000000 0.1950000
v -0.8074050 -0.3885850 0.1950000
v -0.8265400 -0.4347800 0.1950000
v -0.8265400 -0.4347800 0.1950000
v -0.8074050 -0.3885850 0.1950000
v -0.8560650 -0.3560650 0.1950000
v -0.8914200 -0.3914200 0.1950000
v -0.8914200 -0.3914200 0.1950000
v -0.8560650 -0.3560650 0.1950000
v -0.8885850 -0.3074050 0.1950000
v -0.9347800 -0.3265400 0.1950000
v -0.9347800 -0.3265400 0.1950000
v -0.8885850 -0.3074050 0.1950000
v -0.9000000 -0.2500000 0.1950000
v -0.9500000 -0.2500000 0.1950000
v -0.8265400 -0.0652200 -0.1950000
v -0.8265400 -0.0652200 -0.0437500
v -0.7500000 -0.0500000 -0.0437500
v -0.7500000 -0.0500000 -0.1950000
v -0.8914200 -0.1085800 -0.1950000
v -0.8914200 -0.1085800 -0.0437500
v -0.8265400 -0.0652200 -0.0437500
v -0.8265400 -0.0652200 -0.1950000
v -0.9347800 -0.1734600 -0.1950000
v -0.9347800 -0.1734600 -0.0437500
v -0.8914200 -0.1085800 -0.0437500
v -0.8914200 -0.1085800 -0.1950000
v -0.9500000 -0.2500000 -0.1950000
v -0.9500000 -0.2500000 -0.0437500
v -0.9347800 -0.1734600 -0.0437500
v -0.9347800 -0.1734600 -0.1950000
v -0.9347800 -0.3265400 -0.1950000
v -0.9347800 -0.3265400 -0.0437500
v -0.9500000 -0.2500000 -0.0437500
v -0.9500000 -0.2500000 -0.1950000
v -0.8914200 -0.3914200 -0.1950000
v -0.8914200 -0.3914200 -0.0437500
v -0.9347800 -0.3265400 -0.0437500
v -0.9347800 -0.3265400 -0.1950000
v -0.8265400 -0.4347800 -0.1950000
v -0.8265400 -0.4347800 -0.0437500
v -0.8914200 -0.3914200 -0.0437500
v -0.8914200 -0.3914200 -0.1950000
v -0.7500000 -0.4500000 -0.1950000
v -0.7500000 -0.4500000 -0.0437500
v -0.8265400 -0.4347800 -0.0437500
v -0.8265400 -0.4347800 -0.1950000
v -0.6734600 -0.4347800 -0.1950000
v -0.6734600 -0.4347800 -0.0437500
v -0.7500000 -0.4500000 -0.0437500
v -0.7500000 -0.4500000 -0.1950000
v -0.6085800 -0.3914200 -0.1950000
v -0.6085800 -0.3914200 -0.0437500
v -0.6734600 -0.4347800 -0.0437500
v -0.6734600 -0.4347800 -0.1950000
v -0.8265400 -0.0652200 0.0437500
v -0.8265400 -0.0652200 0.1950000
v -0.7500000 -0.0500000 0.1950000
v -0.7500000 -0.0500000 0.0437500
v -0.8914200 -0.1085800 0.0437500
v -0.8914200 -0.1085800 0.1950000
v -0.8265400 -0.0652200 0.1950000
v -0.8265400 -0.0652200 0.0437500
v -0.9347800 -0.1734600 0.0437500
v -0.9347800 -0.1734600 0.1950000
v -0.8914200 -0.1085800 0.1950000
v -0.8914200 -0.1085800 0.0437500
v -0.9500000 -0.2500000 0.0437500
v -0.9500000 -0.2500000 0.1950000
v -0.9347800 -0.1734600 0.1950000
v -0.9347800 -0.1734600 0.0437500
v -0.9347800 -0.3265400 0.0437500
v -0.9347800 -0.3265400 0.1950000
v -0.9500000 -0.2500000 0.1950000
v -0.9500000 -0.2500000 0.0437500
v -0.8914200 -0.3914200 0.0437500
v -0.8914200 -0.3914200 0.1950000
v -0.9347800 -0.3265400 0.1950000
v -0.9347800 -0.3265400 0.0437500
v -0.8265400 -0.4347800 0.0437500
v -0.8265400 -0.4347800 0.1950000
v -0.8914200 -0.3914200 0.1950000
v -0.8914200 -0.3914200 0.0437500
v -0.7500000 -0.4500000 0.0437500
v -0.7500000 -0.4500000 0.1950000
v -0.8265400 -0.4347800 0.1950000
v -0.8265400 -0.4347800 0.0437500
v -0.6734600 -0.4347800 0.0437500
v -0.6734600 -0.4347800 0.1950000
v -0.7500000 -0.4500000 0.1950000
v -0.7500000 -0.4500000 0.0437500
v -0.6085800 -0.3914200 0.0437500
v -0.6085800 -0.3914200 0.1950000
v -0.6734600 -0.4347800 0.1950000
v -0.6734600 -0.4347800 0.0437500
v -0.7500000 -0.0500000 -0.0437500
v -0.7308650 -0.0461950 -0.0437500
v -0.7308650 -0.0461950 -0.1950000
v -0.7500000 -0.0500000 -0.1950000
v -0.7308650 -0.0461950 -0.0437500
v -0.7146450 -0.0353550 -0.0437500
v -0.7146450 -0.0353550 -0.1950000
v -0.7308650 -0.0461950 -0.1950000
v -0.7146450 -0.0353550 -0.0437500
v -0.7038050 -0.0191350 -0.0437500
v -0.7038050 -0.0191350 -0.1950000
v -0.7146450 -0.0353550 -0.1950000
v -0.7038050 -0.0191350 -0.0437500
v -0.7000000 -0.0000000 -0.0437500
v -0.7000000 -0.0000000 -0.1950000
v -0.7038050 -0.0191350 -0.1950000
v -0.7500000 -0.0500000 0.1950000
v -0.7308650 -0.0461950 0.1950000
v -0.7308650 -0.0461950 0.0437500
v -0.7500000 -0.0500000 0.0437500
v -0.7308650 -0.0461950 0.1950000
v -0.7146450 -0.0353550 0.1950000
v -0.7146450 -0.0353550 0.0437500
v -0.7308650 -0.0461950 0.0437500
v -0.7146450 -0.0353550 0.1950000
v -0.7038050 -0.0191350 0.1950000
v -0.7038050 -0.0191350 0.0437500
v -0.7146450 -0.0353550 0.0437500
v -0.7038050 -0.0191350 0.1950000
v -0.7000000 -0.0000000 0.1950000
v -0.7000000 -0.0000000 0.0437500
v -0.7038050 -0.0191350 0.0437500
v -0.7500000 -0.4000000 -0.1950000
v -0.8074050 -0.3885850 -0.1950000
v -0.8074050 -0.3885850 0.1950000
v -0.7500000 -0.4000000 0.1950000
v -0.8074050 -0.3885850 -0.1950000
v -0.8560650 -0.3560650 -0.1950000
v -0.8560650 -0.3560650 0.1950000
v -0.8074050 -0.3885850 0.1950000
v -0.8560650 -0.3560650 -0.1950000
v -0.8885850 -0.3074050 -0.1950000
v -0.8885850 -0.3074050 0.1950000
v -0.8560650 -0.3560650 0.1950000
v -0.8885850 -0.3074050 -0.1950000
v -0.9000000 -0.2500000 -0.1950000
v -0.9000000 -0.2500000 0.1950000
v -0.8885850 -0.3074050 0.1950000
v -0.9000000 -0.2500000 -0.1950000
v -0.8885850 -0.1925950 -0.1950000
v -0.8885850 -0.1925950 0.1950000
v -0.9000000 -0.2500000 0.1950000
v -0.8885850 -0.1925950 -0.1950000
v -0.8560650 -0.1439350 -0.1950000
v -0.8560650 -0.1439350 0.1950000
v -0.8885850 -0.1925950 0.1950000
v -0.8560650 -0.1439350 -0.1950000
v -0.8074050 -0.1114150 -0.1950000
v -0.8074050 -0.1114150 0.1950000
v -0.8560650 -0.1439350 0.1950000
v -0.8074050 -0.1114150 -0.1950000
v -0.7500000 -0.1000000 -0.1950000
v -0.7500000 -0.1000000 0.1950000
v -0.8074050 -0.1114150 0.1950000
v -0.7500000 -0.1000000 -0.1950000
v -0.6925950 -0.1114150 -0.1950000
v -0.6925950 -0.1114150 0.1950000
v -0.7500000 -0.1000000 0.1950000
v -0.6925950 -0.1114150 -0.1950000
v -0.6439350 -0.1439350 -0.1950000
v -0.6439350 -0.1439350 0.1950000
v -0.6925950 -0.1114150 0.1950000
v -0.6439350 -0.1439350 -0.1950000
v -0.6114150 -0.1925950 -0.1950000
v -0.6114150 -0.1925950 0.1950000
v -0.6439350 -0.1439350 0.1950000
v -0.6114150 -0.1925950 -0.1950000
v -0.6000000 -0.2500000 -0.1950000
v -0.6000000 -0.2500000 0.1950000
v -0.6114150 -0.1925950 0.1950000
v -0.6000000 -0.2500000 -0.1950000
v -0.6114150 -0.3074050 -0.1950000
v -0.6114150 -0.3074050 0.1950000
v -0.6000000 -0.2500000 0.1950000
v -0.6114150 -0.3074050 -0.1950000
v -0.6439350 -0.3560650 -0.1950000
v -0.6439350 -0.3560650 0.1950000
v -0.6114150 -0.3074050 0.1950000
v -0.6439350 -0.3560650 -0.1950000
v -0.6925950 -0.3885850 -0.1950000
v -0.6925950 -0.3885850 0.1950000
v -0.6439350 -0.3560650 0.1950000
v -0.6925950 -0.3885850 -0.1950000
v -0.7500000 -0.4000000 -0.1950000
v -0.7500000 -0.4000000 0.1950000
v -0.6925950 -0.3885850 0.1950000
v -0.5250000 -0.4000000 0.1950000
v -0.5230975 -0.4095675 0.1950000
v -0.5230975 -0.4095675 -0.1950000
v -0.5250000 -0.4000000 -0.1950000
v -0.5230975 -0.4095675 0.1950000
v -0.5176775 -0.4176775 0.1950000
v -0.5176775 -0.4176775 -0.1950000
v -0.5230975 -0.4095675 -0.1950000
v -0.5176775 -0.4176775 0.1950000
v -0.5095675 -0.4230975 0.1950000
v -0.5095675 -0.4230975 -0.1950000
v -0.5176775 -0.4176775 -0.1950000
v -0.5095675 -0.4230975 0.1950000
v -0.5000000 -0.4250000 0.1950000
v -0.5000000 -0.4250000 -0.1950000
v -0.5095675 -0.4230975 -0.1950000
v -0.5230975 -0.4095675 0.1950000
v -0.5250000 -0.4000000 0.1950000
v -0.5250000 -0.4250000 0.1950000
v -0.5176775 -0.4176775 0.1950000
v -0.5230975 -0.4095675 0.1950000
v -0.5250000 -0.4250000 0.1950000
v -0.5095675 -0.4230975 0.1950000
v -0.5176775 -0.4176775 0.1950000
v -0.5250000 -0.4250000 0.1950000
v -0.5000000 -0.4250000 0.1950000
v -0.5095675 -0.4230975 0.1950000
v -0.5250000 -0.4250000 0.1950000
v -0.5250000 -0.1450000 0.1950000
v -0.5250000 -0.4000000 0.1950000
v -0.5250000 -0.4000000 -0.1950000
v -0.5250000 -0.1450000 -0.1950000
v -0.5500000 -0.1400575 0.1950000
v -0.5250000 -0.1450000 0.1950000
v -0.5250000 -0.1450000 -0.1950000
v -0.5500000 -0.1400575 -0.1950000
v -0.6085800 -0.3914200 -0.1950000
v -0.5000000 -0.5000000 -0.1950000
v -0.5000000 -0.5000000 -0.1125000
v -0.5250000 -0.4750000 -0.1125000
v -0.6085800 -0.3914200 0.1950000
v -0.5250000 -0.4750000 0.1125000
v -0.5000000 -0.5000000 0.1125000
v -0.5000000 -0.5000000 0.1950000
v -0.6085800 -0.3914200 -0.1950000
v -0.5250000 -0.4750000 -0.1125000
v -0.5250000 -0.4750000 -0.0437500
v -0.6085800 -0.3914200 -0.0437500
v -0.5250000 -0.4750000 0.0437500
v -0.5250000 -0.4750000 0.1125000
v -0.6085800 -0.3914200 0.1950000
v -0.6085800 -0.3914200 0.0437500
v -0.7866575 -0.7866575 -0.1125000
v -0.8095145 -0.7598895 -0.1125000
v -0.5250000 -0.4750000 -0.1125000
v -0.5000000 -0.5000000 -0.1125000
v -0.5000000 -0.5000000 0.1125000
v -0.5250000 -0.4750000 0.1125000
v -0.8095142 -0.7598895 0.1125000
v -0.7866575 -0.7866575 0.1125000
v -0.5250000 -0.4750000 -0.0437500
v -0.5250000 -0.4750000 -0.1125000
v -0.8095145 -0.7598895 -0.1125000
v -0.8095145 -0.7598895 -0.0437500
v -0.5250000 -0.4750000 0.0437500
v -0.8095145 -0.7598895 0.0437500
v -0.8095145 -0.7598895 0.1125000
v -0.5250000 -0.4750000 0.1125000
v -0.6734600 -0.4347800 -0.0437500
v -0.6085800 -0.3914200 -0.0437500
v -0.5250000 -0.4750000 -0.0437500
v -0.8095145 -0.7598895 -0.0437500
v -0.8095142 -0.7598895 0.0437500
v -0.5250000 -0.4750000 0.0437500
v -0.6085800 -0.3914200 0.0437500
v -0.6734600 -0.4347800 0.0437500
v -0.7500000 -0.4500000 -0.0437500
v -0.6734600 -0.4347800 -0.0437500
v -0.8095145 -0.7598895 -0.0437500
v -0.8095142 -0.7598895 0.0437500
v -0.6734600 -0.4347800 0.0437500
v -0.7500000 -0.4500000 0.0437500
v -0.9007863 -0.6531377 -0.0437500
v -0.8265400 -0.4347800 -0.0437500
v -0.7500000 -0.4500000 -0.0437500
v -0.8095145 -0.7598895 -0.0437500
v -0.8095142 -0.7598895 0.0437500
v -0.7500000 -0.4500000 0.0437500
v -0.8265400 -0.4347800 0.0437500
v -0.9007863 -0.6531377 0.0437500
v -0.9918672 -0.5041802 -0.0437500
v -0.8914200 -0.3914200 -0.0437500
v -0.8265400 -0.4347800 -0.0437500
v -0.9007863 -0.6531377 -0.0437500
v -0.9007863 -0.6531377 0.0437500
v -0.8265400 -0.4347800 0.0437500
v -0.8914200 -0.3914200 0.0437500
v -0.9918672 -0.5041802 0.0437500
v -1.0585235 -0.3428075 -0.0437500
v -0.9347800 -0.3265400 -0.0437500
v -0.8914200 -0.3914200 -0.0437500
v -0.9918672 -0.5041802 -0.0437500
v -0.9918672 -0.5041802 0.0437500
v -0.8914200 -0.3914200 0.0437500
v -0.9347800 -0.3265400 0.0437500
v -1.0585235 -0.3428075 0.0437500
v -1.0991140 -0.1729923 -0.0437500
v -0.9500000 -0.2500000 -0.0437500
v -0.9347800 -0.3265400 -0.0437500
v -1.0585235 -0.3428075 -0.0437500
v -1.0585235 -0.3428075 0.0437500
v -0.9347800 -0.3265400 0.0437500
v -0.9500000 -0.2500000 0.0437500
v -1.0991140 -0.1729923 0.0437500
v -1.0991140 -0.1729923 -0.0437500
v -0.9347800 -0.1734600 -0.0437500
v -0.9500000 -0.2500000 -0.0437500
v -0.9500000 -0.2500000 0.0437500
v -0.9347800 -0.1734600 0.0437500
v -1.0991140 -0.1729923 0.0437500
v -1.1125000 -0.0000000 -0.0437500
v -0.8914200 -0.1085800 -0.0437500
v -0.9347800 -0.1734600 -0.0437500
v -1.0991140 -0.1729923 -0.0437500
v -1.0991140 -0.1729923 0.0437500
v -0.9347800 -0.1734600 0.0437500
v -0.8914200 -0.1085800 0.0437500
v -1.1125000 -0.0000000 0.0437500
v -1.1125000 -0.0000000 -0.0437500
v -0.8265400 -0.0652200 -0.0437500
v -0.8914200 -0.1085800 -0.0437500
v -0.8914200 -0.1085800 0.0437500
v -0.8265400 -0.0652200 0.0437500
v -1.1125000 -0.0000000 0.0437500
v -1.1125000 -0.0000000 -0.0437500
v -0.7500000 -0.0000000 -0.0437500
v -0.7500000 -0.0500000 -0.0437500
v -0.8265400 -0.0652200 -0.0437500
v -0.8265400 -0.0652200 0.0437500
v -0.7500000 -0.0500000 0.0437500
v -0.7500000 -0.0000000 0.0437500
v -1.1125000 -0.0000000 0.0437500
v -0.7308650 -0.0461950 -0.0437500
v -0.7500000 -0.0500000 -0.0437500
v -0.7500000 -0.0000000 -0.0437500
v -0.7146450 -0.0353550 -0.0437500
v -0.7308650 -0.0461950 -0.0437500
v -0.7500000 -0.0000000 -0.0437500
v -0.7038050 -0.0191350 -0.0437500
v -0.7146450 -0.0353550 -0.0437500
v -0.7500000 -0.0000000 -0.0437500
v -0.7000000 -0.0000000 -0.0437500
v -0.7038050 -0.0191350 -0.0437500
v -0.7500000 -0.0000000 -0.0437500
v -0.7500000 -0.0000000 0.0437500
v -0.7500000 -0.0500000 0.0437500
v -0.7308650 -0.0461950 0.0437500
v -0.7500000 -0.0000000 0.0437500
v -0.7308650 -0.0461950 0.0437500
v -0.7146450 -0.0353550 0.0437500
v -0.7500000 -0.0000000 0.0437500
v -0.7146450 -0.0353550 0.0437500
v -0.7038050 -0.0191350 0.0437500
v -0.7500000 -0.0000000 0.0437500
v -0.7038050 -0.0191350 0.0437500
v -0.7000000 -0.0000000 0.0437500
v -0.7000000 -0.0500000 -0.1950000
v -0.7500000 -0.0500000 -0.1950000
v -0.7308650 -0.0461950 -0.1950000
v -0.7000000 -0.0500000 -0.1950000
v -0.7308650 -0.0461950 -0.1950000
v -0.7146450 -0.0353550 -0.1950000
v -0.7000000 -0.0500000 -0.1950000
v -0.7146450 -0.0353550 -0.1950000
v -0.7038050 -0.0191350 -0.1950000
v -0.7000000 -0.0500000 -0.1950000
v -0.7038050 -0.0191350 -0.1950000
v -0.7000000 -0.0000000 -0.1950000
v -0.7308650 -0.0461950 0.1950000
v -0.7500000 -0.0500000 0.1950000
v -0.7000000 -0.0500000 0.1950000
v -0.7146450 -0.0353550 0.1950000
v -0.7308650 -0.0461950 0.1950000
v -0.7000000 -0.0500000 0.1950000
v -0.7038050 -0.0191350 0.1950000
v -0.7146450 -0.0353550 0.1950000
v -0.7000000 -0.0500000 0.1950000
v -0.7000000 -0.0000000 0.1950000
v -0.7038050 -0.0191350 0.1950000
v -0.7000000 -0.0500000 0.1950000
v -0.7000000 -0.0500000 -0.1950000
v -0.7000000 -0.0000000 -0.1950000
v -0.6500000 -0.0000000 -0.1950000
v -0.6400575 -0.0500000 -0.1950000
v -0.6400575 -0.0500000 0.1950000
v -0.6500000 -0.0000000 0.1950000
v -0.7000000 -0.0000000 0.1950000
v -0.7000000 -0.0500000 0.1950000
v -0.5500000 -0.2500000 -0.1950000
v -0.5500000 -0.1400575 -0.1950000
v -0.5250000 -0.1450000 -0.1950000
v -0.5250000 -0.4250000 -0.1950000
v -0.5250000 -0.4250000 0.1950000
v -0.5250000 -0.1450000 0.1950000
v -0.5500000 -0.1400575 0.1950000
v -0.5500000 -0.2500000 0.1950000
v -0.5500000 -0.2500000 -0.1950000
v -0.5250000 -0.4250000 -0.1950000
v -0.5652200 -0.3265400 -0.1950000
v -0.5250000 -0.4250000 0.1950000
v -0.5500000 -0.2500000 0.1950000
v -0.5652200 -0.3265400 0.1950000
v -0.6085800 -0.3914200 -0.1950000
v -0.5652200 -0.3265400 -0.1950000
v -0.5250000 -0.4250000 -0.1950000
v -0.5000000 -0.5000000 -0.1950000
v -0.5000000 -0.5000000 0.1950000
v -0.5250000 -0.4250000 0.1950000
v -0.5652200 -0.3265400 0.1950000
v -0.6085800 -0.3914200 0.1950000
v -0.5250000 -0.4250000 -0.1950000
v -0.5000000 -0.4250000 -0.1950000
v -0.5000000 -0.5000000 -0.1950000
v -0.5000000 -0.4250000 0.1950000
v -0.5250000 -0.4250000 0.1950000
v -0.5000000 -0.5000000 0.1950000
v -0.4347800 -0.1734600 -0.1950000
v -0.4500000 -0.2500000 -0.1950000
v -0.4500000 -0.1400575 -0.1950000
v -0.4425975 -0.1385825 -0.1950000
v -0.4347800 -0.1734600 -0.1950000
v -0.4425975 -0.1385825 -0.1950000
v -0.3939300 -0.1060675 -0.1950000
v -0.3914200 -0.1085800 -0.1950000
v -0.3265400 -0.0652200 -0.1950000
v -0.3914200 -0.1085800 -0.1950000
v -0.3939300 -0.1060675 -0.1950000
v -0.3614200 -0.0574025 -0.1950000
v -0.3265400 -0.0652200 -0.1950000
v -0.3614200 -0.0574025 -0.1950000
v -0.3599450 -0.0500000 -0.1950000
v -0.2500000 -0.0500000 -0.1950000
v -0.0652200 -0.3265400 -0.1950000
v -0.0500000 -0.2500000 -0.1950000
v -0.0500000 -0.3599450 -0.1950000
v -0.0574025 -0.3614175 -0.1950000
v -0.0652200 -0.3265400 -0.1950000
v -0.0574025 -0.3614175 -0.1950000
v -0.1060700 -0.3939325 -0.1950000
v -0.1085800 -0.3914200 -0.1950000
v -0.1734600 -0.4347800 -0.1950000
v -0.1085800 -0.3914200 -0.1950000
v -0.1060700 -0.3939325 -0.1950000
v -0.1385800 -0.4425975 -0.1950000
v -0.1734600 -0.4347800 -0.1950000
v -0.1385800 -0.4425975 -0.1950000
v -0.1400575 -0.4500000 -0.1950000
v -0.2500000 -0.4500000 -0.1950000
v -0.6734600 -0.0652200 -0.1950000
v -0.7500000 -0.0500000 -0.1950000
v -0.6400575 -0.0500000 -0.1950000
v -0.6385825 -0.0574025 -0.1950000
v -0.6734600 -0.0652200 -0.1950000
v -0.6385825 -0.0574025 -0.1950000
v -0.6060675 -0.1060700 -0.1950000
v -0.6085800 -0.1085800 -0.1950000
v -0.5652200 -0.1734600 -0.1950000
v -0.6085800 -0.1085800 -0.1950000
v -0.6060675 -0.1060700 -0.1950000
v -0.5574025 -0.1385800 -0.1950000
v -0.5652200 -0.1734600 -0.1950000
v -0.5574025 -0.1385800 -0.1950000
v -0.5500000 -0.1400575 -0.1950000
v -0.5500000 -0.2500000 -0.1950000
v -0.6400575 -0.0500000 0.1950000
v -0.7500000 -0.0500000 0.1950000
v -0.6734600 -0.0652200 0.1950000
v -0.6385825 -0.0574025 0.1950000
v -0.6060675 -0.1060700 0.1950000
v -0.6385825 -0.0574025 0.1950000
v -0.6734600 -0.0652200 0.1950000
v -0.6085800 -0.1085800 0.1950000
v -0.6060675 -0.1060700 0.1950000
v -0.6085800 -0.1085800 0.1950000
v -0.5652200 -0.1734600 0.1950000
v -0.5574025 -0.1385800 0.1950000
v -0.5500000 -0.1400575 0.1950000
v -0.5574025 -0.1385800 0.1950000
v -0.5652200 -0.1734600 0.1950000
v -0.5500000 -0.2500000 0.1950000
v -0.4500000 -0.1400575 0.1950000
v -0.4500000 -0.1400575 0.0000000
v -0.4750000 -0.1450000 0.0000000
v -0.4750000 -0.1450000 0.1950000
v -0.4750000 -0.1450000 0.0000000
v -0.4750000 -0.4000000 0.0000000
v -0.4750000 -0.4000000 0.1950000
v -0.4750000 -0.1450000 0.1950000
v -0.5000000 -0.4250000 0.1950000
v -0.4904325 -0.4230975 0.1950000
v -0.4904325 -0.4230975 0.0000000
v -0.5000000 -0.4250000 0.0000000
v -0.4904325 -0.4230975 0.1950000
v -0.4823225 -0.4176775 0.1950000
v -0.4823225 -0.4176775 0.0000000
v -0.4904325 -0.4230975 0.0000000
v -0.4823225 -0.4176775 0.1950000
v -0.4769025 -0.4095675 0.1950000
v -0.4769025 -0.4095675 0.0000000
v -0.4823225 -0.4176775 0.0000000
v -0.4769025 -0.4095675 0.1950000
v -0.4750000 -0.4000000 0.1950000
v -0.4750000 -0.4000000 0.0000000
v -0.4769025 -0.4095675 0.0000000
v -0.4904325 -0.4230975 0.1950000
v -0.5000000 -0.4250000 0.1950000
v -0.4750000 -0.4250000 0.1950000
v -0.4823225 -0.4176775 0.1950000
v -0.4904325 -0.4230975 0.1950000
v -0.4750000 -0.4250000 0.1950000
v -0.4769025 -0.4095675 0.1950000
v -0.4823225 -0.4176775 0.1950000
v -0.4750000 -0.4250000 0.1950000
v -0.4750000 -0.4000000 0.1950000
v -0.4769025 -0.4095675 0.1950000
v -0.4750000 -0.4250000 0.1950000
v -0.4250000 -0.5250000 0.1950000
v -0.4000000 -0.5250000 0.1950000
v -0.4095675 -0.5230975 0.1950000
v -0.4250000 -0.5250000 0.1950000
v -0.4095675 -0.5230975 0.1950000
v -0.4176775 -0.5176775 0.1950000
v -0.4250000 -0.5250000 0.1950000
v -0.4176775 -0.5176775 0.1950000
v -0.4230975 -0.5095675 0.1950000
v -0.4250000 -0.5250000 0.1950000
v -0.4230975 -0.5095675 0.1950000
v -0.4250000 -0.5000000 0.1950000
v -0.4250000 -0.4750000 0.1950000
v -0.4250000 -0.5000000 0.1950000
v -0.4230975 -0.4904325 0.1950000
v -0.4250000 -0.4750000 0.1950000
v -0.4230975 -0.4904325 0.1950000
v -0.4176775 -0.4823225 0.1950000
v -0.4250000 -0.4750000 0.1950000
v -0.4176775 -0.4823225 0.1950000
v -0.4095675 -0.4769025 0.1950000
v -0.4250000 -0.4750000 0.1950000
v -0.4095675 -0.4769025 0.1950000
v -0.4000000 -0.4750000 0.1950000
v -0.4250000 -0.5000000 0.0000000
v -0.4230975 -0.4904325 0.0000000
v -0.4230975 -0.4904325 0.1950000
v -0.4250000 -0.5000000 0.1950000
v -0.4230975 -0.4904325 0.0000000
v -0.4176775 -0.4823225 0.0000000
v -0.4176775 -0.4823225 0.1950000
v -0.4230975 -0.4904325 0.1950000
v -0.4176775 -0.4823225 0.0000000
v -0.4095675 -0.4769025 0.0000000
v -0.4095675 -0.4769025 0.1950000
v -0.4176775 -0.4823225 0.1950000
v -0.4095675 -0.4769025 0.0000000
v -0.4000000 -0.4750000 0.0000000
v -0.4000000 -0.4750000 0.1950000
v -0.4095675 -0.4769025 0.1950000
v -0.4000000 -0.4750000 0.1950000
v -0.4000000 -0.4750000 0.0000000
v -0.1450000 -0.4750000 0.0000000
v -0.1450000 -0.4750000 0.1950000
v -0.1450000 -0.4750000 0.1950000
v -0.1450000 -0.4750000 0.0000000
v -0.1400575 -0.4500000 0.0000000
v -0.1400575 -0.4500000 0.1950000
v -0.1734600 -0.4347800 0.1950000
v -0.1925950 -0.3885850 0.1950000
v -0.2500000 -0.4000000 0.1950000
v -0.2500000 -0.4500000 0.1950000
v -0.1085800 -0.3914200 0.1950000
v -0.1439350 -0.3560650 0.1950000
v -0.1925950 -0.3885850 0.1950000
v -0.1734600 -0.4347800 0.1950000
v -0.0652200 -0.3265400 0.1950000
v -0.1114150 -0.3074050 0.1950000
v -0.1439350 -0.3560650 0.1950000
v -0.1085800 -0.3914200 0.1950000
v -0.0500000 -0.2500000 0.1950000
v -0.1000000 -0.2500000 0.1950000
v -0.1114150 -0.3074050 0.1950000
v -0.0652200 -0.3265400 0.1950000
v -0.0652200 -0.1734600 0.1950000
v -0.1114150 -0.1925950 0.1950000
v -0.1000000 -0.2500000 0.1950000
v -0.0500000 -0.2500000 0.1950000
v -0.1085800 -0.1085800 0.1950000
v -0.1439350 -0.1439350 0.1950000
v -0.1114150 -0.1925950 0.1950000
v -0.0652200 -0.1734600 0.1950000
v -0.1734600 -0.0652200 0.1950000
v -0.1925950 -0.1114150 0.1950000
v -0.1439350 -0.1439350 0.1950000
v -0.1085800 -0.1085800 0.1950000
v -0.2500000 -0.0500000 0.1950000
v -0.2500000 -0.1000000 0.1950000
v -0.1925950 -0.1114150 0.1950000
v -0.1734600 -0.0652200 0.1950000
v -0.3265400 -0.0652200 0.1950000
v -0.3074050 -0.1114150 0.1950000
v -0.2500000 -0.1000000 0.1950000
v -0.2500000 -0.0500000 0.1950000
v -0.3914200 -0.1085800 0.1950000
v -0.3560650 -0.1439350 0.1950000
v -0.3074050 -0.1114150 0.1950000
v -0.3265400 -0.0652200 0.1950000
v -0.4347800 -0.1734600 0.1950000
v -0.3885850 -0.1925950 0.1950000
v -0.3560650 -0.1439350 0.1950000
v -0.3914200 -0.1085800 0.1950000
v -0.4500000 -0.2500000 0.1950000
v -0.4000000 -0.2500000 0.1950000
v -0.3885850 -0.1925950 0.1950000
v -0.4347800 -0.1734600 0.1950000
v -0.4347800 -0.3265400 0.1950000
v -0.3885850 -0.3074050 0.1950000
v -0.4000000 -0.2500000 0.1950000
v -0.4500000 -0.2500000 0.1950000
v -0.3914200 -0.3914200 0.1950000
v -0.3560650 -0.3560650 0.1950000
v -0.3885850 -0.3074050 0.1950000
v -0.4347800 -0.3265400 0.1950000
v -0.3265400 -0.4347800 0.1950000
v -0.3074050 -0.3885850 0.1950000
v -0.3560650 -0.3560650 0.1950000
v -0.3914200 -0.3914200 0.1950000
v -0.2500000 -0.4500000 0.1950000
v -0.2500000 -0.4000000 0.1950000
v -0.3074050 -0.3885850 0.1950000
v -0.3265400 -0.4347800 0.1950000
v -0.4347800 -0.3265400 0.1950000
v -0.4500000 -0.2500000 0.1950000
v -0.4500000 -0.4500000 0.1950000
v -0.3914200 -0.3914200 0.1950000
v -0.4347800 -0.3265400 0.1950000
v -0.4500000 -0.4500000 0.1950000
v -0.3265400 -0.4347800 0.1950000
v -0.3914200 -0.3914200 0.1950000
v -0.4500000 -0.4500000 0.1950000
v -0.2500000 -0.4500000 0.1950000
v -0.3265400 -0.4347800 0.1950000
v -0.4500000 -0.4500000 0.1950000
v -0.4000000 -0.2500000 0.1950000
v -0.3885850 -0.3074050 0.1950000
v -0.3885850 -0.3074050 0.0000000
v -0.4000000 -0.2500000 0.0000000
v -0.3885850 -0.3074050 0.1950000
v -0.3560650 -0.3560650 0.1950000
v -0.3560650 -0.3560650 0.0000000
v -0.3885850 -0.3074050 0.0000000
v -0.3560650 -0.3560650 0.1950000
v -0.3074050 -0.3885850 0.1950000
v -0.3074050 -0.3885850 0.0000000
v -0.3560650 -0.3560650 0.0000000
v -0.3074050 -0.3885850 0.1950000
v -0.2500000 -0.4000000 0.1950000
v -0.2500000 -0.4000000 0.0000000
v -0.3074050 -0.3885850 0.0000000
v -0.2500000 -0.4000000 0.1950000
v -0.1925950 -0.3885850 0.1950000
v -0.1925950 -0.3885850 0.0000000
v -0.2500000 -0.4000000 0.0000000
v -0.1925950 -0.3885850 0.1950000
v -0.1439350 -0.3560650 0.1950000
v -0.1439350 -0.3560650 0.0000000
v -0.1925950 -0.3885850 0.0000000
v -0.1439350 -0.3560650 0.1950000
v -0.1114150 -0.3074050 0.1950000
v -0.1114150 -0.3074050 0.0000000
v -0.1439350 -0.3560650 0.0000000
v -0.1114150 -0.3074050 0.1950000
v -0.1000000 -0.2500000 0.1950000
v -0.1000000 -0.2500000 0.0000000
v -0.1114150 -0.3074050 0.0000000
v -0.1000000 -0.2500000 0.1950000
v -0.1114150 -0.1925950 0.1950000
v -0.1114150 -0.1925950 0.0000000
v -0.1000000 -0.2500000 0.0000000
v -0.1114150 -0.1925950 0.1950000
v -0.1439350 -0.1439350 0.1950000
v -0.1439350 -0.1439350 0.0000000
v -0.1114150 -0.1925950 0.0000000
v -0.1439350 -0.1439350 0.1950000
v -0.1925950 -0.1114150 0.1950000
v -0.1925950 -0.1114150 0.0000000
v -0.1439350 -0.1439350 0.0000000
v -0.1925950 -0.1114150 0.1950000
v -0.2500000 -0.1000000 0.1950000
v -0.2500000 -0.1000000 0.0000000
v -0.1925950 -0.1114150 0.0000000
v -0.2500000 -0.1000000 0.1950000
v -0.3074050 -0.1114150 0.1950000
v -0.3074050 -0.1114150 0.0000000
v -0.2500000 -0.1000000 0.0000000
v -0.3074050 -0.1114150 0.1950000
v -0.3560650 -0.1439350 0.1950000
v -0.3560650 -0.1439350 0.0000000
v -0.3074050 -0.1114150 0.0000000
v -0.3560650 -0.1439350 0.1950000
v -0.3885850 -0.1925950 0.1950000
v -0.3885850 -0.1925950 0.0000000
v -0.3560650 -0.1439350 0.0000000
v -0.3885850 -0.1925950 0.1950000
v -0.4000000 -0.2500000 0.1950000
v -0.4000000 -0.2500000 0.0000000
v -0.3885850 -0.1925950 0.0000000
v -0.3599450 -0.0500000 0.1950000
v -0.3000000 -0.0500000 0.1950000
v -0.3000000 -0.0000000 0.1950000
v -0.3500000 -0.0000000 0.1950000
v -0.4500000 -0.4500000 0.1950000
v -0.4500000 -0.1400575 0.1950000
v -0.4750000 -0.1450000 0.1950000
v -0.4750000 -0.4250000 0.1950000
v -0.4500000 -0.4500000 0.1950000
v -0.4750000 -0.4250000 0.1950000
v -0.5000000 -0.4250000 0.1950000
v -0.5000000 -0.5000000 0.1950000
v -0.5000000 -0.5000000 0.1950000
v -0.4250000 -0.5000000 0.1950000
v -0.4250000 -0.4750000 0.1950000
v -0.4500000 -0.4500000 0.1950000
v -0.4250000 -0.4750000 0.1950000
v -0.1450000 -0.4750000 0.1950000
v -0.1400575 -0.4500000 0.1950000
v -0.4500000 -0.4500000 0.1950000
v 0.0000000 -0.3500000 0.1950000
v 0.0000000 -0.3000000 0.1950000
v -0.0500000 -0.3000000 0.1950000
v -0.0500000 -0.3599450 0.1950000
v -0.1734600 -0.9347800 0.1950000
v -0.1925950 -0.8885850 0.1950000
v -0.2500000 -0.9000000 0.1950000
v -0.2500000 -0.9500000 0.1950000
v -0.1085800 -0.8914200 0.1950000
v -0.1439350 -0.8560650 0.1950000
v -0.1925950 -0.8885850 0.1950000
v -0.1734600 -0.9347800 0.1950000
v -0.0652200 -0.8265400 0.1950000
v -0.1114150 -0.8074050 0.1950000
v -0.1439350 -0.8560650 0.1950000
v -0.1085800 -0.8914200 0.1950000
v -0.0500000 -0.7500000 0.1950000
v -0.1000000 -0.7500000 0.1950000
v -0.1114150 -0.8074050 0.1950000
v -0.0652200 -0.8265400 0.1950000
v -0.0652200 -0.6734600 0.1950000
v -0.1114150 -0.6925950 0.1950000
v -0.1000000 -0.7500000 0.1950000
v -0.0500000 -0.7500000 0.1950000
v -0.1085800 -0.6085800 0.1950000
v -0.1439350 -0.6439350 0.1950000
v -0.1114150 -0.6925950 0.1950000
v -0.0652200 -0.6734600 0.1950000
v -0.1734600 -0.5652200 0.1950000
v -0.1925950 -0.6114150 0.1950000
v -0.1439350 -0.6439350 0.1950000
v -0.1085800 -0.6085800 0.1950000
v -0.2500000 -0.5500000 0.1950000
v -0.2500000 -0.6000000 0.1950000
v -0.1925950 -0.6114150 0.1950000
v -0.1734600 -0.5652200 0.1950000
v -0.3265400 -0.5652200 0.1950000
v -0.3074050 -0.6114150 0.1950000
v -0.2500000 -0.6000000 0.1950000
v -0.2500000 -0.5500000 0.1950000
v -0.3914200 -0.6085800 0.1950000
v -0.3560650 -0.6439350 0.1950000
v -0.3074050 -0.6114150 0.1950000
v -0.3265400 -0.5652200 0.1950000
v -0.4347800 -0.6734600 0.1950000
v -0.3885850 -0.6925950 0.1950000
v -0.3560650 -0.6439350 0.1950000
v -0.3914200 -0.6085800 0.1950000
v -0.4500000 -0.7500000 0.1950000
v -0.4000000 -0.7500000 0.1950000
v -0.3885850 -0.6925950 0.1950000
v -0.4347800 -0.6734600 0.1950000
v -0.4347800 -0.8265400 0.1950000
v -0.3885850 -0.8074050 0.1950000
v -0.4000000 -0.7500000 0.1950000
v -0.4500000 -0.7500000 0.1950000
v -0.3914200 -0.8914200 0.1950000
v -0.3560650 -0.8560650 0.1950000
v -0.3885850 -0.8074050 0.1950000
v -0.4347800 -0.8265400 0.1950000
v -0.3265400 -0.9347800 0.1950000
v -0.3074050 -0.8885850 0.1950000
v -0.3560650 -0.8560650 0.1950000
v -0.3914200 -0.8914200 0.1950000
v -0.2500000 -0.9500000 0.1950000
v -0.2500000 -0.9000000 0.1950000
v -0.3074050 -0.8885850 0.1950000
v -0.3265400 -0.9347800 0.1950000
v -0.2500000 -0.9500000 -0.1950000
v -0.2500000 -0.9000000 -0.1950000
v -0.1925950 -0.8885850 -0.1950000
v -0.1734600 -0.9347800 -0.1950000
v -0.1734600 -0.9347800 -0.1950000
v -0.1925950 -0.8885850 -0.1950000
v -0.1439350 -0.8560650 -0.1950000
v -0.1085800 -0.8914200 -0.1950000
v -0.1085800 -0.8914200 -0.1950000
v -0.1439350 -0.8560650 -0.1950000
v -0.1114150 -0.8074050 -0.1950000
v -0.0652200 -0.8265400 -0.1950000
v -0.0652200 -0.8265400 -0.1950000
v -0.1114150 -0.8074050 -0.1950000
v -0.1000000 -0.7500000 -0.1950000
v -0.0500000 -0.7500000 -0.1950000
v -0.0500000 -0.7500000 -0.1950000
v -0.1000000 -0.7500000 -0.1950000
v -0.1114150 -0.6925950 -0.1950000
v -0.0652200 -0.6734600 -0.1950000
v -0.0652200 -0.6734600 -0.1950000
v -0.1114150 -0.6925950 -0.1950000
v -0.1439350 -0.6439350 -0.1950000
v -0.1085800 -0.6085800 -0.1950000
v -0.1085800 -0.6085800 -0.1950000
v -0.1439350 -0.6439350 -0.1950000
v -0.1925950 -0.6114150 -0.1950000
v -0.1734600 -0.5652200 -0.1950000
v -0.1734600 -0.5652200 -0.1950000
v -0.1925950 -0.6114150 -0.1950000
v -0.2500000 -0.6000000 -0.1950000
v -0.2500000 -0.5500000 -0.1950000
v -0.2500000 -0.5500000 -0.1950000
v -0.2500000 -0.6000000 -0.1950000
v -0.3074050 -0.6114150 -0.1950000
v -0.3265400 -0.5652200 -0.1950000
v -0.3265400 -0.5652200 -0.1950000
v -0.3074050 -0.6114150 -0.1950000
v -0.3560650 -0.6439350 -0.1950000
v -0.3914200 -0.6085800 -0.1950000
v -0.3914200 -0.6085800 -0.1950000
v -0.3560650 -0.6439350 -0.1950000
v -0.3885850 -0.6925950 -0.1950000
v -0.4347800 -0.6734600 -0.1950000
v -0.4347800 -0.6734600 -0.1950000
v -0.3885850 -0.6925950 -0.1950000
v -0.4000000 -0.7500000 -0.1950000
v -0.4500000 -0.7500000 -0.1950000
v -0.4500000 -0.7500000 -0.1950000
v -0.4000000 -0.7500000 -0.1950000
v -0.3885850 -0.8074050 -0.1950000
v -0.4347800 -0.8265400 -0.1950000
v -0.4347800 -0.8265400 -0.1950000
v -0.3885850 -0.8074050 -0.1950000
v -0.3560650 -0.8560650 -0.1950000
v -0.3914200 -0.8914200 -0.1950000
v -0.3914200 -0.8914200 -0.1950000
v -0.3560650 -0.8560650 -0.1950000
v -0.3074050 -0.8885850 -0.1950000
v -0.3265400 -0.9347800 -0.1950000
v -0.3265400 -0.9347800 -0.1950000
v -0.3074050 -0.8885850 -0.1950000
v -0.2500000 -0.9000000 -0.1950000
v -0.2500000 -0.9500000 -0.1950000
v -0.0652200 -0.8265400 0.1950000
v -0.0652200 -0.8265400 0.0437500
v -0.0500000 -0.7500000 0.0437500
v -0.0500000 -0.7500000 0.1950000
v -0.1085800 -0.8914200 0.1950000
v -0.1085800 -0.8914200 0.0437500
v -0.0652200 -0.8265400 0.0437500
v -0.0652200 -0.8265400 0.1950000
v -0.1734600 -0.9347800 0.1950000
v -0.1734600 -0.9347800 0.0437500
v -0.1085800 -0.8914200 0.0437500
v -0.1085800 -0.8914200 0.1950000
v -0.2500000 -0.9500000 0.1950000
v -0.2500000 -0.9500000 0.0437500
v -0.1734600 -0.9347800 0.0437500
v -0.1734600 -0.9347800 0.1950000
v -0.3265400 -0.9347800 0.1950000
v -0.3265400 -0.9347800 0.0437500
v -0.2500000 -0.9500000 0.0437500
v -0.2500000 -0.9500000 0.1950000
v -0.3914200 -0.8914200 0.1950000
v -0.3914200 -0.8914200 0.0437500
v -0.3265400 -0.9347800 0.0437500
v -0.3265400 -0.9347800 0.1950000
v -0.4347800 -0.8265400 0.1950000
v -0.4347800 -0.8265400 0.0437500
v -0.3914200 -0.8914200 0.0437500
v -0.3914200 -0.8914200 0.1950000
v -0.4500000 -0.7500000 0.1950000
v -0.4500000 -0.7500000 0.0437500
v -0.4347800 -0.8265400 0.0437500
v -0.4347800 -0.8265400 0.1950000
v -0.4347800 -0.6734600 0.1950000
v -0.4347800 -0.6734600 0.0437500
v -0.4500000 -0.7500000 0.0437500
v -0.4500000 -0.7500000 0.1950000
v -0.3914200 -0.6085800 0.1950000
v -0.3914200 -0.6085800 0.0437500
v -0.4347800 -0.6734600 0.0437500
v -0.4347800 -0.6734600 0.1950000
v -0.0652200 -0.8265400 -0.0437500
v -0.0652200 -0.8265400 -0.1950000
v -0.0500000 -0.7500000 -0.1950000
v -0.0500000 -0.7500000 -0.0437500
v -0.1085800 -0.8914200 -0.0437500
v -0.1085800 -0.8914200 -0.1950000
v -0.0652200 -0.8265400 -0.1950000
v -0.0652200 -0.8265400 -0.0437500
v -0.1734600 -0.9347800 -0.0437500
v -0.1734600 -0.9347800 -0.1950000
v -0.1085800 -0.8914200 -0.1950000
v -0.1085800 -0.8914200 -0.0437500
v -0.2500000 -0.9500000 -0.0437500
v -0.2500000 -0.9500000 -0.1950000
v -0.1734600 -0.9347800 -0.1950000
v -0.1734600 -0.9347800 -0.0437500
v -0.3265400 -0.9347800 -0.0437500
v -0.3265400 -0.9347800 -0.1950000
v -0.2500000 -0.9500000 -0.1950000
v -0.2500000 -0.9500000 -0.0437500
v -0.3914200 -0.8914200 -0.0437500
v -0.3914200 -0.8914200 -0.1950000
v -0.3265400 -0.9347800 -0.1950000
v -0.3265400 -0.9347800 -0.0437500
v -0.4347800 -0.8265400 -0.0437500
v -0.4347800 -0.8265400 -0.1950000
v -0.3914200 -0.8914200 -0.1950000
v -0.3914200 -0.8914200 -0.0437500
v -0.4500000 -0.7500000 -0.0437500
v -0.4500000 -0.7500000 -0.1950000
v -0.4347800 -0.8265400 -0.1950000
v -0.4347800 -0.8265400 -0.0437500
v -0.4347800 -0.6734600 -0.0437500
v -0.4347800 -0.6734600 -0.1950000
v -0.4500000 -0.7500000 -0.1950000
v -0.4500000 -0.7500000 -0.0437500
v -0.3914200 -0.6085800 -0.0437500
v -0.3914200 -0.6085800 -0.1950000
v -0.4347800 -0.6734600 -0.1950000
v -0.4347800 -0.6734600 -0.0437500
v -0.0500000 -0.7500000 0.0437500
v -0.0461950 -0.7308650 0.0437500
v -0.0461950 -0.7308650 0.1950000
v -0.0500000 -0.7500000 0.1950000
v -0.0461950 -0.7308650 0.0437500
v -0.0353550 -0.7146450 0.0437500
v -0.0353550 -0.7146450 0.1950000
v -0.0461950 -0.7308650 0.1950000
v -0.0353550 -0.7146450 0.0437500
v -0.0191350 -0.7038050 0.0437500
v -0.0191350 -0.7038050 0.1950000
v -0.0353550 -0.7146450 0.1950000
v -0.0191350 -0.7038050 0.0437500
v 0.0000000 -0.7000000 0.0437500
v 0.0000000 -0.7000000 0.1950000
v -0.0191350 -0.7038050 0.1950000
v -0.0500000 -0.7500000 -0.1950000
v -0.0461950 -0.7308650 -0.1950000
v -0.0461950 -0.7308650 -0.0437500
v -0.0500000 -0.7500000 -0.0437500
v -0.0461950 -0.7308650 -0.1950000
v -0.0353550 -0.7146450 -0.1950000
v -0.0353550 -0.7146450 -0.0437500
v -0.0461950 -0.7308650 -0.0437500
v -0.0353550 -0.7146450 -0.1950000
v -0.0191350 -0.7038050 -0.1950000
v -0.0191350 -0.7038050 -0.0437500
v -0.0353550 -0.7146450 -0.0437500
v -0.0191350 -0.7038050 -0.1950000
v 0.0000000 -0.7000000 -0.1950000
v 0.0000000 -0.7000000 -0.0437500
v -0.0191350 -0.7038050 -0.0437500
v -0.4000000 -0.7500000 0.1950000
v -0.3885850 -0.8074050 0.1950000
v -0.3885850 -0.8074050 -0.1950000
v -0.4000000 -0.7500000 -0.1950000
v -0.3885850 -0.8074050 0.1950000
v -0.3560650 -0.8560650 0.1950000
v -0.3560650 -0.8560650 -0.1950000
v -0.3885850 -0.8074050 -0.1950000
v -0.3560650 -0.8560650 0.1950000
v -0.3074050 -0.8885850 0.1950000
v -0.3074050 -0.8885850 -0.1950000
v -0.3560650 -0.8560650 -0.1950000
v -0.3074050 -0.8885850 0.1950000
v -0.2500000 -0.9000000 0.1950000
v -0.2500000 -0.9000000 -0.1950000
v -0.3074050 -0.8885850 -0.1950000
v -0.2500000 -0.9000000 0.1950000
v -0.1925950 -0.8885850 0.1950000
v -0.1925950 -0.8885850 -0.1950000
v -0.2500000 -0.9000000 -0.1950000
v -0.1925950 -0.8885850 0.1950000
v -0.1439350 -0.8560650 0.1950000
v -0.1439350 -0.8560650 -0.1950000
v -0.1925950 -0.8885850 -0.1950000
v -0.1439350 -0.8560650 0.1950000
v -0.1114150 -0.8074050 0.1950000
v -0.1114150 -0.8074050 -0.1950000
v -0.1439350 -0.8560650 -0.1950000
v -0.1114150 -0.8074050 0.1950000
v -0.1000000 -0.7500000 0.1950000
v -0.1000000 -0.7500000 -0.1950000
v -0.1114150 -0.8074050 -0.1950000
v -0.1000000 -0.7500000 0.1950000
v -0.1114150 -0.6925950 0.1950000
v -0.1114150 -0.6925950 -0.1950000
v -0.1000000 -0.7500000 -0.1950000
v -0.1114150 -0.6925950 0.1950000
v -0.1439350 -0.6439350 0.1950000
v -0.1439350 -0.6439350 -0.1950000
v -0.1114150 -0.6925950 -0.1950000
v -0.1439350 -0.6439350 0.1950000
v -0.1925950 -0.6114150 0.1950000
v -0.1925950 -0.6114150 -0.1950000
v -0.1439350 -0.6439350 -0.1950000
v -0.1925950 -0.6114150 0.1950000
v -0.2500000 -0.6000000 0.1950000
v -0.2500000 -0.6000000 -0.1950000
v -0.1925950 -0.6114150 -0.1950000
v -0.2500000 -0.6000000 0.1950000
v -0.3074050 -0.6114150 0.1950000
v -0.3074050 -0.6114150 -0.1950000
v -0.2500000 -0.6000000 -0.1950000
v -0.3074050 -0.6114150 0.1950000
v -0.3560650 -0.6439350 0.1950000
v -0.3560650 -0.6439350 -0.1950000
v -0.3074050 -0.6114150 -0.1950000
v -0.3560650 -0.6439350 0.1950000
v -0.3885850 -0.6925950 0.1950000
v -0.3885850 -0.6925950 -0.1950000
v -0.3560650 -0.6439350 -0.1950000
v -0.3885850 -0.6925950 0.1950000
v -0.4000000 -0.7500000 0.1950000
v -0.4000000 -0.7500000 -0.1950000
v -0.3885850 -0.6925950 -0.1950000
v -0.4000000 -0.5250000 -0.1950000
v -0.4095675 -0.5230975 -0.1950000
v -0.4095675 -0.5230975 0.1950000
v -0.4000000 -0.5250000 0.1950000
v -0.4095675 -0.5230975 -0.1950000
v -0.4176775 -0.5176775 -0.1950000
v -0.4176775 -0.5176775 0.1950000
v -0.4095675 -0.5230975 0.1950000
v -0.4176775 -0.5176775 -0.1950000
v -0.4230975 -0.5095675 -0.1950000
v -0.4230975 -0.5095675 0.1950000
v -0.4176775 -0.5176775 0.1950000
v -0.4230975 -0.5095675 -0.1950000
v -0.4250000 -0.5000000 -0.1950000
v -0.4250000 -0.5000000 0.1950000
v -0.4230975 -0.5095675 0.1950000
v -0.4095675 -0.5230975 -0.1950000
v -0.4000000 -0.5250000 -0.1950000
v -0.4250000 -0.5250000 -0.1950000
v -0.4176775 -0.5176775 -0.1950000
v -0.4095675 -0.5230975 -0.1950000
v -0.4250000 -0.5250000 -0.1950000
v -0.4230975 -0.5095675 -0.1950000
v -0.4176775 -0.5176775 -0.1950000
v -0.4250000 -0.5250000 -0.1950000
v -0.4250000 -0.5000000 -0.1950000
v -0.4230975 -0.5095675 -0.1950000
v -0.4250000 -0.5250000 -0.1950000
v -0.1450000 -0.5250000 -0.1950000
v -0.4000000 -0.5250000 -0.1950000
v -0.4000000 -0.5250000 0.1950000
v -0.1450000 -0.5250000 0.1950000
v -0.1400575 -0.5500000 -0.1950000
v -0.1450000 -0.5250000 -0.1950000
v -0.1450000 -0.5250000 0.1950000
v -0.1400575 -0.5500000 0.1950000
v -0.3914200 -0.6085800 0.1950000
v -0.5000000 -0.5000000 0.1950000
v -0.5000000 -0.5000000 0.1125000
v -0.4750000 -0.5250000 0.1125000
v -0.3914200 -0.6085800 -0.1950000
v -0.4750000 -0.5250000 -0.1125000
v -0.5000000 -0.5000000 -0.1125000
v -0.5000000 -0.5000000 -0.1950000
v -0.3914200 -0.6085800 0.1950000
v -0.4750000 -0.5250000 0.1125000
v -0.4750000 -0.5250000 0.0437500
v -0.3914200 -0.6085800 0.0437500
v -0.4750000 -0.5250000 -0.0437500
v -0.4750000 -0.5250000 -0.1125000
v -0.3914200 -0.6085800 -0.1950000
v -0.3914200 -0.6085800 -0.0437500
v -0.7866575 -0.7866575 0.1125000
v -0.7598895 -0.8095145 0.1125000
v -0.4750000 -0.5250000 0.1125000
v -0.5000000 -0.5000000 0.1125000
v -0.5000000 -0.5000000 -0.1125000
v -0.4750000 -0.5250000 -0.1125000
v -0.7598895 -0.8095142 -0.1125000
v -0.7866575 -0.7866575 -0.1125000
v -0.4750000 -0.5250000 0.0437500
v -0.4750000 -0.5250000 0.1125000
v -0.7598895 -0.8095145 0.1125000
v -0.7598895 -0.8095145 0.0437500
v -0.4750000 -0.5250000 -0.0437500
v -0.7598895 -0.8095145 -0.0437500
v -0.7598895 -0.8095145 -0.1125000
v -0.4750000 -0.5250000 -0.1125000
v -0.4347800 -0.6734600 0.0437500
v -0.3914200 -0.6085800 0.0437500
v -0.4750000 -0.5250000 0.0437500
v -0.7598895 -0.8095145 0.0437500
v -0.7598895 -0.8095142 -0.0437500
v -0.4750000 -0.5250000 -0.0437500
v -0.3914200 -0.6085800 -0.0437500
v -0.4347800 -0.6734600 -0.0437500
v -0.4500000 -0.7500000 0.0437500
v -0.4347800 -0.6734600 0.0437500
v -0.7598895 -0.8095145 0.0437500
v -0.7598895 -0.8095142 -0.0437500
v -0.4347800 -0.6734600 -0.0437500
v -0.4500000 -0.7500000 -0.0437500
v -0.6531377 -0.9007863 0.0437500
v -0.4347800 -0.8265400 0.0437500
v -0.4500000 -0.7500000 0.0437500
v -0.7598895 -0.8095145 0.0437500
v -0.7598895 -0.8095142 -0.0437500
v -0.4500000 -0.7500000 -0.0437500
v -0.4347800 -0.8265400 -0.0437500
v -0.6531377 -0.9007863 -0.0437500
v -0.5041802 -0.9918672 0.0437500
v -0.3914200 -0.8914200 0.0437500
v -0.4347800 -0.8265400 0.0437500
v -0.6531377 -0.9007863 0.0437500
v -0.6531377 -0.9007863 -0.0437500
v -0.4347800 -0.8265400 -0.0437500
v -0.3914200 -0.8914200 -0.0437500
v -0.5041802 -0.9918672 -0.0437500
v -0.3428075 -1.0585235 0.0437500
v -0.3265400 -0.9347800 0.0437500
v -0.3914200 -0.8914200 0.0437500
v -0.5041802 -0.9918672 0.0437500
v -0.5041802 -0.9918672 -0.0437500
v -0.3914200 -0.8914200 -0.0437500
v -0.3265400 -0.9347800 -0.0437500
v -0.3428075 -1.0585235 -0.0437500
v -0.1729923 -1.0991140 0.0437500
v -0.2500000 -0.9500000 0.0437500
v -0.3265400 -0.9347800 0.0437500
v -0.3428075 -1.0585235 0.0437500
v -0.3428075 -1.0585235 -0.0437500
v -0.3265400 -0.9347800 -0.0437500
v -0.2500000 -0.9500000 -0.0437500
v -0.1729923 -1.0991140 -0.0437500
v -0.1729923 -1.0991140 0.0437500
v -0.1734600 -0.9347800 0.0437500
v -0.2500000 -0.9500000 0.0437500
v -0.2500000 -0.9500000 -0.0437500
v -0.1734600 -0.9347800 -0.0437500
v -0.1729923 -1.0991140 -0.0437500
v 0.0000000 -1.1125000 0.0437500
v -0.1085800 -0.8914200 0.0437500
v -0.1734600 -0.9347800 0.0437500
v -0.1729923 -1.0991140 0.0437500
v -0.1729923 -1.0991140 -0.0437500
v -0.1734600 -0.9347800 -0.0437500
v -0.1085800 -0.8914200 -0.0437500
v 0.0000000 -1.1125000 -0.0437500
v 0.0000000 -1.1125000 0.0437500
v -0.0652200 -0.8265400 0.0437500
v -0.1085800 -0.8914200 0.0437500
v -0.1085800 -0.8914200 -0.0437500
v -0.0652200 -0.8265400 -0.0437500
v 0.0000000 -1.1125000 -0.0437500
v 0.0000000 -1.1125000 0.0437500
v 0.0000000 -0.7500000 0.0437500
v -0.0500000 -0.7500000 0.0437500
v -0.0652200 -0.8265400 0.0437500
v -0.0652200 -0.8265400 -0.0437500
v -0.0500000 -0.7500000 -0.0437500
v 0.0000000 -0.7500000 -0.0437500
v 0.0000000 -1.1125000 -0.0437500
v -0.0461950 -0.7308650 0.0437500
v -0.0500000 -0.7500000 0.0437500
v 0.0000000 -0.7500000 0.0437500
v -0.0353550 -0.7146450 0.0437500
v -0.0461950 -0.7308650 0.0437500
v 0.0000000 -0.7500000 0.0437500
v -0.0191350 -0.7038050 0.0437500
v -0.0353550 -0.7146450 0.0437500
v 0.0000000 -0.7500000 0.0437500
v 0.0000000 -0.7000000 0.0437500
v -0.0191350 -0.7038050 0.0437500
v 0.0000000 -0.7500000 0.0437500
v 0.0000000 -0.7500000 -0.0437500
v -0.0500000 -0.7500000 -0.0437500
v -0.0461950 -0.7308650 -0.0437500
v 0.0000000 -0.7500000 -0.0437500
v -0.0461950 -0.7308650 -0.0437500
v -0.0353550 -0.7146450 -0.0437500
v 0.0000000 -0.7500000 -0.0437500
v -0.0353550 -0.7146450 -0.0437500
v -0.0191350 -0.7038050 -0.0437500
v 0.0000000 -0.7500000 -0.0437500
v -0.0191350 -0.7038050 -0.0437500
v 0.0000000 -0.7000000 -0.0437500
v -0.0500000 -0.7000000 0.1950000
v -0.0500000 -0.7500000 0.1950000
v -0.0461950 -0.7308650 0.1950000
v -0.0500000 -0.7000000 0.1950000
v -0.0461950 -0.7308650 0.1950000
v -0.0353550 -0.7146450 0.1950000
v -0.0500000 -0.7000000 0.1950000
v -0.0353550 -0.7146450 0.1950000
v -0.0191350 -0.7038050 0.1950000
v -0.0500000 -0.7000000 0.1950000
v -0.0191350 -0.7038050 0.1950000
v 0.0000000 -0.7000000 0.1950000
v -0.0461950 -0.7308650 -0.1950000
v -0.0500000 -0.7500000 -0.1950000
v -0.0500000 -0.7000000 -0.1950000
v -0.0353550 -0.7146450 -0.1950000
v -0.0461950 -0.7308650 -0.1950000
v -0.0500000 -0.7000000 -0.1950000
v -0.0191350 -0.7038050 -0.1950000
v -0.0353550 -0.7146450 -0.1950000
v -0.0500000 -0.7000000 -0.1950000
v 0.0000000 -0.7000000 -0.1950000
v -0.0191350 -0.7038050 -0.1950000
v -0.0500000 -0.7000000 -0.1950000
v -0.0500000 -0.7000000 0.1950000
v 0.0000000 -0.7000000 0.1950000
v 0.0000000 -0.6500000 0.1950000
v -0.0500000 -0.6400575 0.1950000
v -0.0500000 -0.6400575 -0.1950000
v 0.0000000 -0.6500000 -0.1950000
v 0.0000000 -0.7000000 -0.1950000
v -0.0500000 -0.7000000 -0.1950000
v -0.2500000 -0.5500000 0.1950000
v -0.1400575 -0.5500000 0.1950000
v -0.1450000 -0.5250000 0.1950000
v -0.4250000 -0.5250000 0.1950000
v -0.4250000 -0.5250000 -0.1950000
v -0.1450000 -0.5250000 -0.1950000
v -0.1400575 -0.5500000 -0.1950000
v -0.2500000 -0.5500000 -0.1950000
v -0.2500000 -0.5500000 0.1950000
v -0.4250000 -0.5250000 0.1950000
v -0.3265400 -0.5652200 0.1950000
v -0.4250000 -0.5250000 -0.1950000
v -0.2500000 -0.5500000 -0.1950000
v -0.3265400 -0.5652200 -0.1950000
v -0.3914200 -0.6085800 0.1950000
v -0.3265400 -0.5652200 0.1950000
v -0.4250000 -0.5250000 0.1950000
v -0.5000000 -0.5000000 0.1950000
v -0.5000000 -0.5000000 -0.1950000
v -0.4250000 -0.5250000 -0.1950000
v -0.3265400 -0.5652200 -0.1950000
v -0.3914200 -0.6085800 -0.1950000
v -0.4250000 -0.5250000 0.1950000
v -0.4250000 -0.5000000 0.1950000
v -0.5000000 -0.5000000 0.1950000
v -0.4250000 -0.5000000 -0.1950000
v -0.4250000 -0.5250000 -0.1950000
v -0.5000000 -0.5000000 -0.1950000
v -0.1734600 -0.4347800 0.1950000
v -0.2500000 -0.4500000 0.1950000
v -0.1400575 -0.4500000 0.1950000
v -0.1385825 -0.4425975 0.1950000
v -0.1734600 -0.4347800 0.1950000
v -0.1385825 -0.4425975 0.1950000
v -0.1060675 -0.3939300 0.1950000
v -0.1085800 -0.3914200 0.1950000
v -0.0652200 -0.3265400 0.1950000
v -0.1085800 -0.3914200 0.1950000
v -0.1060675 -0.3939300 0.1950000
v -0.0574025 -0.3614200 0.1950000
v -0.0652200 -0.3265400 0.1950000
v -0.0574025 -0.3614200 0.1950000
v -0.0500000 -0.3599450 0.1950000
v -0.0500000 -0.2500000 0.1950000
v -0.3265400 -0.0652200 0.1950000
v -0.2500000 -0.0500000 0.1950000
v -0.3599450 -0.0500000 0.1950000
v -0.3614175 -0.0574025 0.1950000
v -0.3265400 -0.0652200 0.1950000
v -0.3614175 -0.0574025 0.1950000
v -0.3939325 -0.1060700 0.1950000
v -0.3914200 -0.1085800 0.1950000
v -0.4347800 -0.1734600 0.1950000
v -0.3914200 -0.1085800 0.1950000
v -0.3939325 -0.1060700 0.1950000
v -0.4425975 -0.1385800 0.1950000
v -0.4347800 -0.1734600 0.1950000
v -0.4425975 -0.1385800 0.1950000
v -0.4500000 -0.1400575 0.1950000
v -0.4500000 -0.2500000 0.1950000
v -0.0652200 -0.6734600 0.1950000
v -0.0500000 -0.7500000 0.1950000
v -0.0500000 -0.6400575 0.1950000
v -0.0574025 -0.6385825 0.1950000
v -0.0652200 -0.6734600 0.1950000
v -0.0574025 -0.6385825 0.1950000
v -0.1060700 -0.6060675 0.1950000
v -0.1085800 -0.6085800 0.1950000
v -0.1734600 -0.5652200 0.1950000
v -0.1085800 -0.6085800 0.1950000
v -0.1060700 -0.6060675 0.1950000
v -0.1385800 -0.5574025 0.1950000
v -0.1734600 -0.5652200 0.1950000
v -0.1385800 -0.5574025 0.1950000
v -0.1400575 -0.5500000 0.1950000
v -0.2500000 -0.5500000 0.1950000
v -0.0500000 -0.6400575 -0.1950000
v -0.0500000 -0.7500000 -0.1950000
v -0.0652200 -0.6734600 -0.1950000
v -0.0574025 -0.6385825 -0.1950000
v -0.1060700 -0.6060675 -0.1950000
v -0.0574025 -0.6385825 -0.1950000
v -0.0652200 -0.6734600 -0.1950000
v -0.1085800 -0.6085800 -0.1950000
v -0.1060700 -0.6060675 -0.1950000
v -0.1085800 -0.6085800 -0.1950000
v -0.1734600 -0.5652200 -0.1950000
v -0.1385800 -0.5574025 -0.1950000
v -0.1400575 -0.5500000 -0.1950000
v -0.1385800 -0.5574025 -0.1950000
v -0.1734600 -0.5652200 -0.1950000
v -0.2500000 -0.5500000 -0.1950000
v -0.0220000 1.3087500 -0.1187500
v -0.0220000 1.3087500 0.1187500
v 0.0220000 1.3087500 0.1187500
v 0.0220000 1.3087500 -0.1187500
v 0.0550000 1.2250000 0.1187500
v 0.0550000 1.2250000 -0.1187500
v 0.0220000 1.3087500 -0.1187500
v 0.0220000 1.3087500 0.1187500
v 0.0632500 1.1715000 -0.1187500
v 0.0550000 1.2250000 -0.1187500
v 0.0550000 1.2250000 0.1187500
v 0.0632500 1.1715000 0.1187500
v -0.0220000 1.3087500 0.1187500
v -0.0220000 1.3087500 -0.1187500
v -0.0550000 1.2250000 -0.1187500
v -0.0550000 1.2250000 0.1187500
v -0.0632500 1.1715000 0.1187500
v -0.0550000 1.2250000 0.1187500
v -0.0550000 1.2250000 -0.1187500
v -0.0632500 1.1715000 -0.1187500
v 0.0632500 1.1712500 -0.1187500
v 0.0000000 1.1750000 -0.1187500
v -0.0550000 1.2250000 -0.1187500
v 0.0550000 1.2250000 -0.1187500
v 0.0000000 1.1750000 -0.1187500
v -0.0632500 1.1712500 -0.1187500
v -0.0550000 1.2250000 -0.1187500
v 0.0550000 1.2250000 -0.1187500
v -0.0550000 1.2250000 -0.1187500
v -0.0220000 1.3087500 -0.1187500
v 0.0220000 1.3087500 -0.1187500
v 0.0550000 1.2250000 0.1187500
v -0.0550000 1.2250000 0.1187500
v 0.0000000 1.1750000 0.1187500
v 0.0632500 1.1712500 0.1187500
v -0.0550000 1.2250000 0.1187500
v -0.0632500 1.1712500 0.1187500
v 0.0000000 1.1750000 0.1187500
v -0.0220000 1.3087500 0.1187500
v -0.0550000 1.2250000 0.1187500
v 0.0550000 1.2250000 0.1187500
v 0.0220000 1.3087500 0.1187500
v 0.0632500 1.1712500 -0.1187500
v 0.0632500 1.1712500 0.1187500
v 0.1207400 1.1667170 0.1187500
v 0.1207400 1.1667170 -0.1187500
v 0.1829885 1.2960719 -0.1187500
v 0.1829885 1.2960719 0.1187500
v 0.2264485 1.2891879 0.1187500
v 0.2264485 1.2891879 -0.1187500
v 0.2459450 1.2013050 0.1187500
v 0.2459450 1.2013050 -0.1187500
v 0.2264485 1.2891879 -0.1187500
v 0.2264485 1.2891879 0.1187500
v 0.2457264 1.1471723 -0.1187500
v 0.2459450 1.2013050 -0.1187500
v 0.2459450 1.2013050 0.1187500
v 0.2457264 1.1471723 0.1187500
v 0.1829885 1.2960719 0.1187500
v 0.1829885 1.2960719 -0.1187500
v 0.1372950 1.2185150 -0.1187500
v 0.1372950 1.2185150 0.1187500
v 0.1207789 1.1669638 0.1187500
v 0.1372950 1.2185150 0.1187500
v 0.1372950 1.2185150 -0.1187500
v 0.1207789 1.1669638 -0.1187500
v 0.2456873 1.1469254 -0.1187500
v 0.1838000 1.1605250 -0.1187500
v 0.1372950 1.2185150 -0.1187500
v 0.2459450 1.2013050 -0.1187500
v 0.1838000 1.1605250 -0.1187500
v 0.1207398 1.1667169 -0.1187500
v 0.1372950 1.2185150 -0.1187500
v 0.2459450 1.2013050 -0.1187500
v 0.1372950 1.2185150 -0.1187500
v 0.1829885 1.2960719 -0.1187500
v 0.2264485 1.2891879 -0.1187500
v 0.2459450 1.2013050 0.1187500
v 0.1372950 1.2185150 0.1187500
v 0.1838000 1.1605250 0.1187500
v 0.2456873 1.1469254 0.1187500
v 0.1372950 1.2185150 0.1187500
v 0.1207398 1.1667169 0.1187500
v 0.1838000 1.1605250 0.1187500
v 0.1829885 1.2960719 0.1187500
v 0.1372950 1.2185150 0.1187500
v 0.2459450 1.2013050 0.1187500
v 0.2264485 1.2891879 0.1187500
v 0.2456873 1.1469258 -0.1187500
v 0.2456873 1.1469258 0.1187500
v 0.3017597 1.1334528 0.1187500
v 0.3017597 1.1334528 -0.1187500
v 0.3834798 1.2514826 -0.1187500
v 0.3834798 1.2514826 0.1187500
v 0.4253278 1.2378866 0.1187500
v 0.4253278 1.2378866 -0.1187500
v 0.4308350 1.1480350 0.1187500
v 0.4308350 1.1480350 -0.1187500
v 0.4253278 1.2378866 -0.1187500
v 0.4253278 1.2378866 0.1187500
v 0.4221500 1.0946019 -0.1187500
v 0.4308350 1.1480350 -0.1187500
v 0.4308350 1.1480350 0.1187500
v 0.4221500 1.0946019 0.1187500
v 0.3834798 1.2514826 0.1187500
v 0.3834798 1.2514826 -0.1187500
v 0.3262150 1.1820250 -0.1187500
v 0.3262150 1.1820250 0.1187500
v 0.3018370 1.1336904 0.1187500
v 0.3262150 1.1820250 0.1187500
v 0.3262150 1.1820250 -0.1187500
v 0.3018370 1.1336904 -0.1187500
v 0.4220727 1.0943641 -0.1187500
v 0.3630750 1.1174750 -0.1187500
v 0.3262150 1.1820250 -0.1187500
v 0.4308350 1.1480350 -0.1187500
v 0.3630750 1.1174750 -0.1187500
v 0.3017597 1.1334526 -0.1187500
v 0.3262150 1.1820250 -0.1187500
v 0.4308350 1.1480350 -0.1187500
v 0.3262150 1.1820250 -0.1187500
v 0.3834798 1.2514826 -0.1187500
v 0.4253278 1.2378866 -0.1187500
v 0.4308350 1.1480350 0.1187500
v 0.3262150 1.1820250 0.1187500
v 0.3630750 1.1174750 0.1187500
v 0.4220727 1.0943641 0.1187500
v 0.3262150 1.1820250 0.1187500
v 0.3017597 1.1334526 0.1187500
v 0.3630750 1.1174750 0.1187500
v 0.3834798 1.2514826 0.1187500
v 0.3262150 1.1820250 0.1187500
v 0.4308350 1.1480350 0.1187500
v 0.4253278 1.2378866 0.1187500
v 0.4220727 1.0943642 -0.1187500
v 0.4220727 1.0943642 0.1187500
v 0.4753668 1.0722993 0.1187500
v 0.4753668 1.0722993 -0.1187500
v 0.5745455 1.1760843 -0.1187500
v 0.5745455 1.1760843 0.1187500
v 0.6137495 1.1561082 0.1187500
v 0.6137495 1.1561082 -0.1187500
v 0.6051300 1.0665050 0.1187500
v 0.6051300 1.0665050 -0.1187500
v 0.6137495 1.1561083 -0.1187500
v 0.6137495 1.1561083 0.1187500
v 0.5881918 1.0150910 -0.1187500
v 0.6051300 1.0665050 -0.1187500
v 0.6051300 1.0665050 0.1187500
v 0.5881918 1.0150910 0.1187500
v 0.5745455 1.1760843 0.1187500
v 0.5745455 1.1760843 -0.1187500
v 0.5071200 1.1164450 -0.1187500
v 0.5071200 1.1164450 0.1187500
v 0.4754802 1.0725220 0.1187500
v 0.5071200 1.1164450 0.1187500
v 0.5071200 1.1164450 -0.1187500
v 0.4754802 1.0725220 -0.1187500
v 0.5880783 1.0148683 -0.1187500
v 0.5334250 1.0469250 -0.1187500
v 0.5071200 1.1164450 -0.1187500
v 0.6051300 1.0665050 -0.1187500
v 0.5334250 1.0469250 -0.1187500
v 0.4753668 1.0722993 -0.1187500
v 0.5071200 1.1164450 -0.1187500
v 0.6051300 1.0665050 -0.1187500
v 0.5071200 1.1164450 -0.1187500
v 0.5745455 1.1760843 -0.1187500
v 0.6137495 1.1561083 -0.1187500
v 0.6051300 1.0665050 0.1187500
v 0.5071200 1.1164450 0.1187500
v 0.5334250 1.0469250 0.1187500
v 0.5880783 1.0148683 0.1187500
v 0.5071200 1.1164450 0.1187500
v 0.4753668 1.0722993 0.1187500
v 0.5334250 1.0469250 0.1187500
v 0.5745455 1.1760843 0.1187500
v 0.5071200 1.1164450 0.1187500
v 0.6051300 1.0665050 0.1187500
v 0.6137495 1.1561083 0.1187500
v 0.5880783 1.0148682 -0.1187500
v 0.5880783 1.0148682 0.1187500
v 0.6372518 0.9847458 0.1187500
v 0.6372518 0.9847458 -0.1187500
v 0.7514453 1.0717357 -0.1187500
v 0.7514453 1.0717357 0.1187500
v 0.7870413 1.0458718 0.1187500
v 0.7870413 1.0458718 -0.1187500
v 0.7645100 0.9587200 0.1187500
v 0.7645100 0.9587200 -0.1187500
v 0.7870413 1.0458718 -0.1187500
v 0.7870413 1.0458718 0.1187500
v 0.7397370 0.9105890 -0.1187500
v 0.7645100 0.9587200 -0.1187500
v 0.7645100 0.9587200 0.1187500
v 0.7397370 0.9105890 0.1187500
v 0.7514453 1.0717357 0.1187500
v 0.7514453 1.0717357 -0.1187500
v 0.6755200 1.0233800 -0.1187500
v 0.6755200 1.0233800 0.1187500
v 0.6373985 0.9849480 0.1187500
v 0.6755200 1.0233800 0.1187500
v 0.6755200 1.0233800 -0.1187500
v 0.6373985 0.9849480 -0.1187500
v 0.7395900 0.9103868 -0.1187500
v 0.6906250 0.9506000 -0.1187500
v 0.6755200 1.0233800 -0.1187500
v 0.7645100 0.9587200 -0.1187500
v 0.6906250 0.9506000 -0.1187500
v 0.6372515 0.9847458 -0.1187500
v 0.6755200 1.0233800 -0.1187500
v 0.7645100 0.9587200 -0.1187500
v 0.6755200 1.0233800 -0.1187500
v 0.7514453 1.0717357 -0.1187500
v 0.7870413 1.0458718 -0.1187500
v 0.7645100 0.9587200 0.1187500
v 0.6755200 1.0233800 0.1187500
v 0.6906250 0.9506000 0.1187500
v 0.7395900 0.9103868 0.1187500
v 0.6755200 1.0233800 0.1187500
v 0.6372515 0.9847458 0.1187500
v 0.6906250 0.9506000 0.1187500
v 0.7514453 1.0717357 0.1187500
v 0.6755200 1.0233800 0.1187500
v 0.7645100 0.9587200 0.1187500
v 0.7870413 1.0458718 0.1187500
v 0.7395900 0.9103868 -0.1187500
v 0.7395900 0.9103868 0.1187500
v 0.7836435 0.8730918 0.1187500
v 0.7836435 0.8730918 -0.1187500
v 0.0000000 1.1125000 0.1187500
v 0.0000000 1.1125000 0.0437500
v 0.1751158 1.0988007 0.0437500
v 0.1751158 1.0988007 0.1187500
v 0.1751158 1.0988008 0.1187500
v 0.1751158 1.0988008 0.0437500
v 0.3448500 1.0578755 0.0437500
v 0.3448500 1.0578755 0.1187500
v 0.3448500 1.0578755 0.1187500
v 0.3448500 1.0578755 0.0437500
v 0.5060925 0.9909000 0.0437500
v 0.5060925 0.9909000 0.1187500
v 0.5060925 0.9909000 0.1187500
v 0.5060925 0.9909000 0.0437500
v 0.6548733 0.8995238 0.0437500
v 0.6548733 0.8995238 0.1187500
v 0.6548733 0.8995238 0.1187500
v 0.6548733 0.8995238 0.0437500
v 0.7866478 0.7866478 0.0437500
v 0.7866478 0.7866478 0.1187500
v 0.0000000 1.1125000 -0.0437500
v 0.0000000 1.1125000 -0.1187500
v 0.1751158 1.0988007 -0.1187500
v 0.1751158 1.0988007 -0.0437500
v 0.1751158 1.0988008 -0.0437500
v 0.1751158 1.0988008 -0.1187500
v 0.3448500 1.0578755 -0.1187500
v 0.3448500 1.0578755 -0.0437500
v 0.3448500 1.0578755 -0.0437500
v 0.3448500 1.0578755 -0.1187500
v 0.5060925 0.9909000 -0.1187500
v 0.5060925 0.9909000 -0.0437500
v 0.5060925 0.9909000 -0.0437500
v 0.5060925 0.9909000 -0.1187500
v 0.6548733 0.8995238 -0.1187500
v 0.6548733 0.8995238 -0.0437500
v 0.6548733 0.8995238 -0.0437500
v 0.6548733 0.8995238 -0.1187500
v 0.7866478 0.7866478 -0.1187500
v 0.7866478 0.7866478 -0.0437500
v 0.0632500 1.1712500 -0.1187500
v 0.0000000 1.1125000 -0.1187500
v -0.0632500 1.1712500 -0.1187500
v 0.0000000 1.1750000 -0.1187500
v 0.1751158 1.0988008 -0.1187500
v 0.0000000 1.1125000 -0.1187500
v 0.0632500 1.1712500 -0.1187500
v 0.1207397 1.1667170 -0.1187500
v 0.2456872 1.1469255 -0.1187500
v 0.1751158 1.0988008 -0.1187500
v 0.1207397 1.1667170 -0.1187500
v 0.1838000 1.1605250 -0.1187500
v 0.3448500 1.0578755 -0.1187500
v 0.1751158 1.0988008 -0.1187500
v 0.2456872 1.1469255 -0.1187500
v 0.3017597 1.1334528 -0.1187500
v 0.4220727 1.0943642 -0.1187500
v 0.3448500 1.0578755 -0.1187500
v 0.3017597 1.1334528 -0.1187500
v 0.3630750 1.1174750 -0.1187500
v 0.5060925 0.9909000 -0.1187500
v 0.3448500 1.0578755 -0.1187500
v 0.4220727 1.0943642 -0.1187500
v 0.4753668 1.0722993 -0.1187500
v 0.5880783 1.0148682 -0.1187500
v 0.5060925 0.9909000 -0.1187500
v 0.4753668 1.0722993 -0.1187500
v 0.5334250 1.0469250 -0.1187500
v 0.6548733 0.8995238 -0.1187500
v 0.5060925 0.9909000 -0.1187500
v 0.5880783 1.0148682 -0.1187500
v 0.6372515 0.9847458 -0.1187500
v 0.7395900 0.9103868 -0.1187500
v 0.6548733 0.8995238 -0.1187500
v 0.6372515 0.9847458 -0.1187500
v 0.6906250 0.9506000 -0.1187500
v 0.7866478 0.7866478 -0.1187500
v 0.6548733 0.8995238 -0.1187500
v 0.7395900 0.9103868 -0.1187500
v 0.7836435 0.8730918 -0.1187500
v 0.0000000 1.1750000 0.1187500
v -0.0632500 1.1712500 0.1187500
v 0.0000000 1.1125000 0.1187500
v 0.0632500 1.1712500 0.1187500
v 0.1207397 1.1667170 0.1187500
v 0.0632500 1.1712500 0.1187500
v 0.0000000 1.1125000 0.1187500
v 0.1751158 1.0988008 0.1187500
v 0.1838000 1.1605250 0.1187500
v 0.1207397 1.1667170 0.1187500
v 0.1751158 1.0988008 0.1187500
v 0.2456872 1.1469255 0.1187500
v 0.3017597 1.1334528 0.1187500
v 0.2456872 1.1469255 0.1187500
v 0.1751158 1.0988008 0.1187500
v 0.3448500 1.0578755 0.1187500
v 0.3630750 1.1174750 0.1187500
v 0.3017597 1.1334528 0.1187500
v 0.3448500 1.0578755 0.1187500
v 0.4220727 1.0943642 0.1187500
v 0.4753668 1.0722993 0.1187500
v 0.4220727 1.0943642 0.1187500
v 0.3448500 1.0578755 0.1187500
v 0.5060925 0.9909000 0.1187500
v 0.5334250 1.0469250 0.1187500
v 0.4753668 1.0722993 0.1187500
v 0.5060925 0.9909000 0.1187500
v 0.5880783 1.0148682 0.1187500
v 0.6372515 0.9847458 0.1187500
v 0.5880783 1.0148682 0.1187500
v 0.5060925 0.9909000 0.1187500
v 0.6548733 0.8995238 0.1187500
v 0.6906250 0.9506000 0.1187500
v 0.6372515 0.9847458 0.1187500
v 0.6548733 0.8995238 0.1187500
v 0.7395900 0.9103868 0.1187500
v 0.7836435 0.8730918 0.1187500
v 0.7395900 0.9103868 0.1187500
v 0.6548733 0.8995238 0.1187500
v 0.7866478 0.7866478 0.1187500
v 0.9098699 0.9409826 -0.1187500
v 0.9098699 0.9409826 0.1187500
v 0.9409826 0.9098699 0.1187500
v 0.9409826 0.9098699 -0.1187500
v 0.9050970 0.8273152 0.1187500
v 0.9050970 0.8273152 -0.1187500
v 0.9409826 0.9098699 -0.1187500
v 0.9409826 0.9098699 0.1187500
v 0.8731004 0.7836513 -0.1187500
v 0.9050970 0.8273152 -0.1187500
v 0.9050970 0.8273152 0.1187500
v 0.8731004 0.7836513 0.1187500
v 0.9098699 0.9409826 0.1187500
v 0.9098699 0.9409826 -0.1187500
v 0.8273152 0.9050970 -0.1187500
v 0.8273152 0.9050970 0.1187500
v 0.7836513 0.8731004 0.1187500
v 0.8273152 0.9050970 0.1187500
v 0.8273152 0.9050970 -0.1187500
v 0.7836513 0.8731004 -0.1187500
v 0.8729236 0.7834746 -0.1187500
v 0.8308507 0.8308507 -0.1187500
v 0.8273152 0.9050970 -0.1187500
v 0.9050970 0.8273152 -0.1187500
v 0.8308507 0.8308507 -0.1187500
v 0.7834746 0.8729236 -0.1187500
v 0.8273152 0.9050970 -0.1187500
v 0.9050970 0.8273152 -0.1187500
v 0.8273152 0.9050970 -0.1187500
v 0.9098699 0.9409826 -0.1187500
v 0.9409826 0.9098699 -0.1187500
v 0.9050970 0.8273152 0.1187500
v 0.8273152 0.9050970 0.1187500
v 0.8308507 0.8308507 0.1187500
v 0.8729236 0.7834746 0.1187500
v 0.8273152 0.9050970 0.1187500
v 0.7834746 0.8729236 0.1187500
v 0.8308507 0.8308507 0.1187500
v 0.9098699 0.9409826 0.1187500
v 0.8273152 0.9050970 0.1187500
v 0.9050970 0.8273152 0.1187500
v 0.9409826 0.9098699 0.1187500
v 0.8729236 0.7834746 -0.1187500
v 0.8729236 0.7834746 0.1187500
v 0.9103699 0.7396177 0.1187500
v 0.9103699 0.7396177 -0.1187500
v 1.0458539 0.7870690 -0.1187500
v 1.0458539 0.7870690 0.1187500
v 1.0717171 0.7514705 0.1187500
v 1.0717171 0.7514705 -0.1187500
v 1.0233606 0.6755417 0.1187500
v 1.0233606 0.6755417 -0.1187500
v 1.0717171 0.7514705 -0.1187500
v 1.0717171 0.7514705 0.1187500
v 0.9849284 0.6374187 -0.1187500
v 1.0233606 0.6755417 -0.1187500
v 1.0233606 0.6755417 0.1187500
v 0.9849284 0.6374187 0.1187500
v 1.0458539 0.7870690 0.1187500
v 1.0458539 0.7870690 -0.1187500
v 0.9587027 0.7645382 -0.1187500
v 0.9587027 0.7645382 0.1187500
v 0.9105718 0.7397647 0.1187500
v 0.9587027 0.7645382 0.1187500
v 0.9587027 0.7645382 -0.1187500
v 0.9105718 0.7397647 -0.1187500
v 0.9847261 0.6372718 -0.1187500
v 0.9505816 0.6906491 -0.1187500
v 0.9587027 0.7645382 -0.1187500
v 1.0233606 0.6755417 -0.1187500
v 0.9505816 0.6906491 -0.1187500
v 0.9103696 0.7396177 -0.1187500
v 0.9587027 0.7645382 -0.1187500
v 1.0233606 0.6755417 -0.1187500
v 0.9587027 0.7645382 -0.1187500
v 1.0458539 0.7870690 -0.1187500
v 1.0717171 0.7514705 -0.1187500
v 1.0233606 0.6755417 0.1187500
v 0.9587027 0.7645382 0.1187500
v 0.9505816 0.6906491 0.1187500
v 0.9847261 0.6372718 0.1187500
v 0.9587027 0.7645382 0.1187500
v 0.9103696 0.7396177 0.1187500
v 0.9505816 0.6906491 0.1187500
v 1.0458539 0.7870690 0.1187500
v 0.9587027 0.7645382 0.1187500
v 1.0233606 0.6755417 0.1187500
v 1.0717171 0.7514705 0.1187500
v 0.9847264 0.6372721 -0.1187500
v 0.9847264 0.6372721 0.1187500
v 1.0148488 0.5880959 0.1187500
v 1.0148488 0.5880959 -0.1187500
v 1.1560933 0.6137709 -0.1187500
v 1.1560933 0.6137709 0.1187500
v 1.1760705 0.5745661 0.1187500
v 1.1760705 0.5745661 -0.1187500
v 1.1164300 0.5071371 0.1187500
v 1.1164300 0.5071371 -0.1187500
v 1.1760705 0.5745661 -0.1187500
v 1.1760705 0.5745661 0.1187500
v 1.0725059 0.4754954 -0.1187500
v 1.1164300 0.5071371 -0.1187500
v 1.1164300 0.5071371 0.1187500
v 1.0725059 0.4754954 0.1187500
v 1.1560933 0.6137709 0.1187500
v 1.1560933 0.6137709 -0.1187500
v 1.0664871 0.6051492 -0.1187500
v 1.0664871 0.6051492 0.1187500
v 1.0150715 0.5882094 0.1187500
v 1.0664871 0.6051492 0.1187500
v 1.0664871 0.6051492 -0.1187500
v 1.0150715 0.5882094 -0.1187500
v 1.0722831 0.4753819 -0.1187500
v 1.0469073 0.5334415 -0.1187500
v 1.0664871 0.6051492 -0.1187500
v 1.1164300 0.5071371 -0.1187500
v 1.0469073 0.5334415 -0.1187500
v 1.0148487 0.5880959 -0.1187500
v 1.0664871 0.6051492 -0.1187500
v 1.1164300 0.5071371 -0.1187500
v 1.0664871 0.6051492 -0.1187500
v 1.1560933 0.6137709 -0.1187500
v 1.1760705 0.5745661 -0.1187500
v 1.1164300 0.5071371 0.1187500
v 1.0664871 0.6051492 0.1187500
v 1.0469073 0.5334415 0.1187500
v 1.0722831 0.4753819 0.1187500
v 1.0664871 0.6051492 0.1187500
v 1.0148487 0.5880959 0.1187500
v 1.0469073 0.5334415 0.1187500
v 1.1560933 0.6137709 0.1187500
v 1.0664871 0.6051492 0.1187500
v 1.1164300 0.5071371 0.1187500
v 1.1760705 0.5745661 0.1187500
v 1.0722832 0.4753820 -0.1187500
v 1.0722832 0.4753820 0.1187500
v 1.0943655 0.4220951 0.1187500
v 1.0943655 0.4220951 -0.1187500
v 1.2378826 0.4253523 -0.1187500
v 1.2378826 0.4253523 0.1187500
v 1.2514788 0.3835057 0.1187500
v 1.2514788 0.3835057 -0.1187500
v 1.1820248 0.3262415 0.1187500
v 1.1820248 0.3262415 -0.1187500
v 1.2514788 0.3835057 -0.1187500
v 1.2514788 0.3835057 0.1187500
v 1.1336925 0.3018634 -0.1187500
v 1.1820248 0.3262415 -0.1187500
v 1.1820248 0.3262415 0.1187500
v 1.1336925 0.3018634 0.1187500
v 1.2378826 0.4253523 0.1187500
v 1.2378826 0.4253523 -0.1187500
v 1.1480342 0.4308580 -0.1187500
v 1.1480342 0.4308580 0.1187500
v 1.0946032 0.4221724 0.1187500
v 1.1480342 0.4308580 0.1187500
v 1.1480342 0.4308580 -0.1187500
v 1.0946032 0.4221724 -0.1187500
v 1.1334547 0.3017862 -0.1187500
v 1.1174765 0.3630994 -0.1187500
v 1.1480342 0.4308580 -0.1187500
v 1.1820248 0.3262415 -0.1187500
v 1.1174765 0.3630994 -0.1187500
v 1.0943655 0.4220951 -0.1187500
v 1.1480342 0.4308580 -0.1187500
v 1.1820248 0.3262415 -0.1187500
v 1.1480342 0.4308580 -0.1187500
v 1.2378826 0.4253523 -0.1187500
v 1.2514788 0.3835057 -0.1187500
v 1.1820248 0.3262415 0.1187500
v 1.1480342 0.4308580 0.1187500
v 1.1174765 0.3630994 0.1187500
v 1.1334547 0.3017862 0.1187500
v 1.1480342 0.4308580 0.1187500
v 1.0943655 0.4220951 0.1187500
v 1.1174765 0.3630994 0.1187500
v 1.2378826 0.4253523 0.1187500
v 1.1480342 0.4308580 0.1187500
v 1.1820248 0.3262415 0.1187500
v 1.2514788 0.3835057 0.1187500
v 1.1334547 0.3017862 -0.1187500
v 1.1334547 0.3017862 0.1187500
v 1.1469258 0.2457154 0.1187500
v 1.1469258 0.2457154 -0.1187500
v 1.2891840 0.2264797 -0.1187500
v 1.2891840 0.2264797 0.1187500
v 1.2960656 0.1830209 0.1187500
v 1.2960656 0.1830209 -0.1187500
v 1.2185080 0.1373273 0.1187500
v 1.2185080 0.1373273 -0.1187500
v 1.2960656 0.1830209 -0.1187500
v 1.2960656 0.1830209 0.1187500
v 1.1669570 0.1208107 -0.1187500
v 1.2185080 0.1373273 -0.1187500
v 1.2185080 0.1373273 0.1187500
v 1.1669570 0.1208107 0.1187500
v 1.2891840 0.2264797 0.1187500
v 1.2891840 0.2264797 -0.1187500
v 1.2013041 0.2459742 -0.1187500
v 1.2013041 0.2459742 0.1187500
v 1.1471725 0.2457547 0.1187500
v 1.2013041 0.2459742 0.1187500
v 1.2013041 0.2459742 -0.1187500
v 1.1471725 0.2457547 -0.1187500
v 1.1667101 0.1207716 -0.1187500
v 1.1605217 0.1838301 -0.1187500
v 1.2013041 0.2459742 -0.1187500
v 1.2185080 0.1373273 -0.1187500
v 1.1605217 0.1838301 -0.1187500
v 1.1469256 0.2457156 -0.1187500
v 1.2013041 0.2459742 -0.1187500
v 1.2185080 0.1373273 -0.1187500
v 1.2013041 0.2459742 -0.1187500
v 1.2891840 0.2264797 -0.1187500
v 1.2960656 0.1830209 -0.1187500
v 1.2185080 0.1373273 0.1187500
v 1.2013041 0.2459742 0.1187500
v 1.1605217 0.1838301 0.1187500
v 1.1667101 0.1207716 0.1187500
v 1.2013041 0.2459742 0.1187500
v 1.1469256 0.2457156 0.1187500
v 1.1605217 0.1838301 0.1187500
v 1.2891840 0.2264797 0.1187500
v 1.2013041 0.2459742 0.1187500
v 1.2185080 0.1373273 0.1187500
v 1.2960656 0.1830209 0.1187500
v 1.1667101 0.1207716 -0.1187500
v 1.1667101 0.1207716 0.1187500
v 1.1714891 0.0632495 0.1187500
v 1.1714891 0.0632495 -0.1187500
v 0.7866565 0.7866565 0.1187500
v 0.7866565 0.7866565 0.0437500
v 0.9007953 0.6531441 0.0437500
v 0.9007953 0.6531441 0.1187500
v 0.9007953 0.6531441 0.1187500
v 0.9007953 0.6531441 0.0437500
v 0.9918770 0.5041853 0.0437500
v 0.9918770 0.5041853 0.1187500
v 0.9918770 0.5041853 0.1187500
v 0.9918770 0.5041853 0.0437500
v 1.0585339 0.3428108 0.0437500
v 1.0585339 0.3428108 0.1187500
v 1.0585339 0.3428108 0.1187500
v 1.0585339 0.3428108 0.0437500
v 1.0991250 0.1729941 0.0437500
v 1.0991250 0.1729941 0.1187500
v 1.0991250 0.1729941 0.1187500
v 1.0991250 0.1729941 0.0437500
v 1.1124883 -0.0000000 0.0437500
v 1.1124883 -0.0000000 0.1187500
v 0.7866565 0.7866565 -0.0437500
v 0.7866565 0.7866565 -0.1187500
v 0.9007953 0.6531441 -0.1187500
v 0.9007953 0.6531441 -0.0437500
v 0.9007953 0.6531441 -0.0437500
v 0.9007953 0.6531441 -0.1187500
v 0.9918770 0.5041853 -0.1187500
v 0.9918770 0.5041853 -0.0437500
v 0.9918770 0.5041853 -0.0437500
v 0.9918770 0.5041853 -0.1187500
v 1.0585339 0.3428108 -0.1187500
v 1.0585339 0.3428108 -0.0437500
v 1.0585339 0.3428108 -0.0437500
v 1.0585339 0.3428108 -0.1187500
v 1.0991250 0.1729941 -0.1187500
v 1.0991250 0.1729941 -0.0437500
v 1.0991250 0.1729941 -0.0437500
v 1.0991250 0.1729941 -0.1187500
v 1.1124883 -0.0000000 -0.1187500
v 1.1124883 -0.0000000 -0.0437500
v 0.8729236 0.7834746 -0.1187500
v 0.7866565 0.7866565 -0.1187500
v 0.7834746 0.8729236 -0.1187500
v 0.8308507 0.8308507 -0.1187500
v 0.9007953 0.6531441 -0.1187500
v 0.7866565 0.7866565 -0.1187500
v 0.8729236 0.7834746 -0.1187500
v 0.9103697 0.7396178 -0.1187500
v 0.9847262 0.6372719 -0.1187500
v 0.9007953 0.6531441 -0.1187500
v 0.9103697 0.7396178 -0.1187500
v 0.9505816 0.6906491 -0.1187500
v 0.9918770 0.5041853 -0.1187500
v 0.9007953 0.6531441 -0.1187500
v 0.9847262 0.6372719 -0.1187500
v 1.0148488 0.5880959 -0.1187500
v 1.0722832 0.4753820 -0.1187500
v 0.9918770 0.5041853 -0.1187500
v 1.0148488 0.5880959 -0.1187500
v 1.0469073 0.5334415 -0.1187500
v 1.0585339 0.3428108 -0.1187500
v 0.9918770 0.5041853 -0.1187500
v 1.0722832 0.4753820 -0.1187500
v 1.0943655 0.4220951 -0.1187500
v 1.1334547 0.3017862 -0.1187500
v 1.0585339 0.3428108 -0.1187500
v 1.0943655 0.4220951 -0.1187500
v 1.1174765 0.3630994 -0.1187500
v 1.0991250 0.1729941 -0.1187500
v 1.0585339 0.3428108 -0.1187500
v 1.1334547 0.3017862 -0.1187500
v 1.1469256 0.2457156 -0.1187500
v 1.1667101 0.1207716 -0.1187500
v 1.0991250 0.1729941 -0.1187500
v 1.1469256 0.2457156 -0.1187500
v 1.1605217 0.1838301 -0.1187500
v 1.1124883 -0.0000000 -0.1187500
v 1.0991250 0.1729941 -0.1187500
v 1.1667101 0.1207716 -0.1187500
v 1.1714891 0.0632495 -0.1187500
v 0.8308507 0.8308507 0.1187500
v 0.7834746 0.8729236 0.1187500
v 0.7866565 0.7866565 0.1187500
v 0.8729236 0.7834746 0.1187500
v 0.9103697 0.7396178 0.1187500
v 0.8729236 0.7834746 0.1187500
v 0.7866565 0.7866565 0.1187500
v 0.9007953 0.6531441 0.1187500
v 0.9505816 0.6906491 0.1187500
v 0.9103697 0.7396178 0.1187500
v 0.9007953 0.6531441 0.1187500
v 0.9847262 0.6372719 0.1187500
v 1.0148488 0.5880959 0.1187500
v 0.9847262 0.6372719 0.1187500
v 0.9007953 0.6531441 0.1187500
v 0.9918770 0.5041853 0.1187500
v 1.0469073 0.5334415 0.1187500
v 1.0148488 0.5880959 0.1187500
v 0.9918770 0.5041853 0.1187500
v 1.0722832 0.4753820 0.1187500
v 1.0943655 0.4220951 0.1187500
v 1.0722832 0.4753820 0.1187500
v 0.9918770 0.5041853 0.1187500
v 1.0585339 0.3428108 0.1187500
v 1.1174765 0.3630994 0.1187500
v 1.0943655 0.4220951 0.1187500
v 1.0585339 0.3428108 0.1187500
v 1.1334547 0.3017862 0.1187500
v 1.1469256 0.2457156 0.1187500
v 1.1334547 0.3017862 0.1187500
v 1.0585339 0.3428108 0.1187500
v 1.0991250 0.1729941 0.1187500
v 1.1605217 0.1838301 0.1187500
v 1.1469256 0.2457156 0.1187500
v 1.0991250 0.1729941 0.1187500
v 1.1667101 0.1207716 0.1187500
v 1.1714891 0.0632495 0.1187500
v 1.1667101 0.1207716 0.1187500
v 1.0991250 0.1729941 0.1187500
v 1.1124883 -0.0000000 0.1187500
v 1.3087500 0.0220000 -0.1187500
v 1.3087500 0.0220000 0.1187500
v 1.3087500 -0.0220000 0.1187500
v 1.3087500 -0.0220000 -0.1187500
v 1.2250000 -0.0550000 0.1187500
v 1.2250000 -0.0550000 -0.1187500
v 1.3087500 -0.0220000 -0.1187500
v 1.3087500 -0.0220000 0.1187500
v 1.1715000 -0.0632500 -0.1187500
v 1.2250000 -0.0550000 -0.1187500
v 1.2250000 -0.0550000 0.1187500
v 1.1715000 -0.0632500 0.1187500
v 1.3087500 0.0220000 0.1187500
v 1.3087500 0.0220000 -0.1187500
v 1.2250000 0.0550000 -0.1187500
v 1.2250000 0.0550000 0.1187500
v 1.1715000 0.0632500 0.1187500
v 1.2250000 0.0550000 0.1187500
v 1.2250000 0.0550000 -0.1187500
v 1.1715000 0.0632500 -0.1187500
v 1.1712500 -0.0632500 -0.1187500
v 1.1750000 -0.0000000 -0.1187500
v 1.2250000 0.0550000 -0.1187500
v 1.2250000 -0.0550000 -0.1187500
v 1.1750000 -0.0000000 -0.1187500
v 1.1712500 0.0632500 -0.1187500
v 1.2250000 0.0550000 -0.1187500
v 1.2250000 -0.0550000 -0.1187500
v 1.2250000 0.0550000 -0.1187500
v 1.3087500 0.0220000 -0.1187500
v 1.3087500 -0.0220000 -0.1187500
v 1.2250000 -0.0550000 0.1187500
v 1.2250000 0.0550000 0.1187500
v 1.1750000 -0.0000000 0.1187500
v 1.1712500 -0.0632500 0.1187500
v 1.2250000 0.0550000 0.1187500
v 1.1712500 0.0632500 0.1187500
v 1.1750000 -0.0000000 0.1187500
v 1.3087500 0.0220000 0.1187500
v 1.2250000 0.0550000 0.1187500
v 1.2250000 -0.0550000 0.1187500
v 1.3087500 -0.0220000 0.1187500
v 1.1712500 -0.0632500 -0.1187500
v 1.1712500 -0.0632500 0.1187500
v 1.1667170 -0.1207400 0.1187500
v 1.1667170 -0.1207400 -0.1187500
v 1.2960719 -0.1829885 -0.1187500
v 1.2960719 -0.1829885 0.1187500
v 1.2891879 -0.2264485 0.1187500
v 1.2891879 -0.2264485 -0.1187500
v 1.2013050 -0.2459450 0.1187500
v 1.2013050 -0.2459450 -0.1187500
v 1.2891879 -0.2264485 -0.1187500
v 1.2891879 -0.2264485 0.1187500
v 1.1471723 -0.2457264 -0.1187500
v 1.2013050 -0.2459450 -0.1187500
v 1.2013050 -0.2459450 0.1187500
v 1.1471723 -0.2457264 0.1187500
v 1.2960719 -0.1829885 0.1187500
v 1.2960719 -0.1829885 -0.1187500
v 1.2185150 -0.1372950 -0.1187500
v 1.2185150 -0.1372950 0.1187500
v 1.1669638 -0.1207789 0.1187500
v 1.2185150 -0.1372950 0.1187500
v 1.2185150 -0.1372950 -0.1187500
v 1.1669638 -0.1207789 -0.1187500
v 1.1469254 -0.2456873 -0.1187500
v 1.1605250 -0.1838000 -0.1187500
v 1.2185150 -0.1372950 -0.1187500
v 1.2013050 -0.2459450 -0.1187500
v 1.1605250 -0.1838000 -0.1187500
v 1.1667169 -0.1207398 -0.1187500
v 1.2185150 -0.1372950 -0.1187500
v 1.2013050 -0.2459450 -0.1187500
v 1.2185150 -0.1372950 -0.1187500
v 1.2960719 -0.1829885 -0.1187500
v 1.2891879 -0.2264485 -0.1187500
v 1.2013050 -0.2459450 0.1187500
v 1.2185150 -0.1372950 0.1187500
v 1.1605250 -0.1838000 0.1187500
v 1.1469254 -0.2456873 0.1187500
v 1.2185150 -0.1372950 0.1187500
v 1.1667169 -0.1207398 0.1187500
v 1.1605250 -0.1838000 0.1187500
v 1.2960719 -0.1829885 0.1187500
v 1.2185150 -0.1372950 0.1187500
v 1.2013050 -0.2459450 0.1187500
v 1.2891879 -0.2264485 0.1187500
v 1.1469258 -0.2456873 -0.1187500
v 1.1469258 -0.2456873 0.1187500
v 1.1334528 -0.3017597 0.1187500
v 1.1334528 -0.3017597 -0.1187500
v 1.2514826 -0.3834798 -0.1187500
v 1.2514826 -0.3834798 0.1187500
v 1.2378866 -0.4253278 0.1187500
v 1.2378866 -0.4253278 -0.1187500
v 1.1480350 -0.4308350 0.1187500
v 1.1480350 -0.4308350 -0.1187500
v 1.2378866 -0.4253278 -0.1187500
v 1.2378866 -0.4253278 0.1187500
v 1.0946019 -0.4221500 -0.1187500
v 1.1480350 -0.4308350 -0.1187500
v 1.1480350 -0.4308350 0.1187500
v 1.0946019 -0.4221500 0.1187500
v 1.2514826 -0.3834798 0.1187500
v 1.2514826 -0.3834798 -0.1187500
v 1.1820250 -0.3262150 -0.1187500
v 1.1820250 -0.3262150 0.1187500
v 1.1336904 -0.3018370 0.1187500
v 1.1820250 -0.3262150 0.1187500
v 1.1820250 -0.3262150 -0.1187500
v 1.1336904 -0.3018370 -0.1187500
v 1.0943641 -0.4220727 -0.1187500
v 1.1174750 -0.3630750 -0.1187500
v 1.1820250 -0.3262150 -0.1187500
v 1.1480350 -0.4308350 -0.1187500
v 1.1174750 -0.3630750 -0.1187500
v 1.1334526 -0.3017597 -0.1187500
v 1.1820250 -0.3262150 -0.1187500
v 1.1480350 -0.4308350 -0.1187500
v 1.1820250 -0.3262150 -0.1187500
v 1.2514826 -0.3834798 -0.1187500
v 1.2378866 -0.4253278 -0.1187500
v 1.1480350 -0.4308350 0.1187500
v 1.1820250 -0.3262150 0.1187500
v 1.1174750 -0.3630750 0.1187500
v 1.0943641 -0.4220727 0.1187500
v 1.1820250 -0.3262150 0.1187500
v 1.1334526 -0.3017597 0.1187500
v 1.1174750 -0.3630750 0.1187500
v 1.2514826 -0.3834798 0.1187500
v 1.1820250 -0.3262150 0.1187500
v 1.1480350 -0.4308350 0.1187500
v 1.2378866 -0.4253278 0.1187500
v 1.0943642 -0.4220727 -0.1187500
v 1.0943642 -0.4220727 0.1187500
v 1.0722993 -0.4753668 0.1187500
v 1.0722993 -0.4753668 -0.1187500
v 1.1760843 -0.5745455 -0.1187500
v 1.1760843 -0.5745455 0.1187500
v 1.1561082 -0.6137495 0.1187500
v 1.1561082 -0.6137495 -0.1187500
v 1.0665050 -0.6051300 0.1187500
v 1.0665050 -0.6051300 -0.1187500
v 1.1561083 -0.6137495 -0.1187500
v 1.1561083 -0.6137495 0.1187500
v 1.0150910 -0.5881918 -0.1187500
v 1.0665050 -0.6051300 -0.1187500
v 1.0665050 -0.6051300 0.1187500
v 1.0150910 -0.5881918 0.1187500
v 1.1760843 -0.5745455 0.1187500
v 1.1760843 -0.5745455 -0.1187500
v 1.1164450 -0.5071200 -0.1187500
v 1.1164450 -0.5071200 0.1187500
v 1.0725220 -0.4754802 0.1187500
v 1.1164450 -0.5071200 0.1187500
v 1.1164450 -0.5071200 -0.1187500
v 1.0725220 -0.4754802 -0.1187500
v 1.0148683 -0.5880783 -0.1187500
v 1.0469250 -0.5334250 -0.1187500
v 1.1164450 -0.5071200 -0.1187500
v 1.0665050 -0.6051300 -0.1187500
v 1.0469250 -0.5334250 -0.1187500
v 1.0722993 -0.4753668 -0.1187500
v 1.1164450 -0.5071200 -0.1187500
v 1.0665050 -0.6051300 -0.1187500
v 1.1164450 -0.5071200 -0.1187500
v 1.1760843 -0.5745455 -0.1187500
v 1.1561083 -0.6137495 -0.1187500
v 1.0665050 -0.6051300 0.1187500
v 1.1164450 -0.5071200 0.1187500
v 1.0469250 -0.5334250 0.1187500
v 1.0148683 -0.5880783 0.1187500
v 1.1164450 -0.5071200 0.1187500
v 1.0722993 -0.4753668 0.1187500
v 1.0469250 -0.5334250 0.1187500
v 1.1760843 -0.5745455 0.1187500
v 1.1164450 -0.5071200 0.1187500
v 1.0665050 -0.6051300 0.1187500
v 1.1561083 -0.6137495 0.1187500
v 1.0148682 -0.5880783 -0.1187500
v 1.0148682 -0.5880783 0.1187500
v 0.9847458 -0.6372518 0.1187500
v 0.9847458 -0.6372518 -0.1187500
v 1.0717357 -0.7514453 -0.1187500
v 1.0717357 -0.7514453 0.1187500
v 1.0458718 -0.7870413 0.1187500
v 1.0458718 -0.7870413 -0.1187500
v 0.9587200 -0.7645100 0.1187500
v 0.9587200 -0.7645100 -0.1187500
v 1.0458718 -0.7870413 -0.1187500
v 1.0458718 -0.7870413 0.1187500
v 0.9105890 -0.7397370 -0.1187500
v 0.9587200 -0.7645100 -0.1187500
v 0.9587200 -0.7645100 0.1187500
v 0.9105890 -0.7397370 0.1187500
v 1.0717357 -0.7514453 0.1187500
v 1.0717357 -0.7514453 -0.1187500
v 1.0233800 -0.6755200 -0.1187500
v 1.0233800 -0.6755200 0.1187500
v 0.9849480 -0.6373985 0.1187500
v 1.0233800 -0.6755200 0.1187500
v 1.0233800 -0.6755200 -0.1187500
v 0.9849480 -0.6373985 -0.1187500
v 0.9103868 -0.7395900 -0.1187500
v 0.9506000 -0.6906250 -0.1187500
v 1.0233800 -0.6755200 -0.1187500
v 0.9587200 -0.7645100 -0.1187500
v 0.9506000 -0.6906250 -0.1187500
v 0.9847458 -0.6372515 -0.1187500
v 1.0233800 -0.6755200 -0.1187500
v 0.9587200 -0.7645100 -0.1187500
v 1.0233800 -0.6755200 -0.1187500
v 1.0717357 -0.7514453 -0.1187500
v 1.0458718 -0.7870413 -0.1187500
v 0.9587200 -0.7645100 0.1187500
v 1.0233800 -0.6755200 0.1187500
v 0.9506000 -0.6906250 0.1187500
v 0.9103868 -0.7395900 0.1187500
v 1.0233800 -0.6755200 0.1187500
v 0.9847458 -0.6372515 0.1187500
v 0.9506000 -0.6906250 0.1187500
v 1.0717357 -0.7514453 0.1187500
v 1.0233800 -0.6755200 0.1187500
v 0.9587200 -0.7645100 0.1187500
v 1.0458718 -0.7870413 0.1187500
v 0.9103868 -0.7395900 -0.1187500
v 0.9103868 -0.7395900 0.1187500
v 0.8730918 -0.7836435 0.1187500
v 0.8730918 -0.7836435 -0.1187500
v 1.1125000 -0.0000000 0.1187500
v 1.1125000 -0.0000000 0.0437500
v 1.0988007 -0.1751158 0.0437500
v 1.0988007 -0.1751158 0.1187500
v 1.0988008 -0.1751158 0.1187500
v 1.0988008 -0.1751158 0.0437500
v 1.0578755 -0.3448500 0.0437500
v 1.0578755 -0.3448500 0.1187500
v 1.0578755 -0.3448500 0.1187500
v 1.0578755 -0.3448500 0.0437500
v 0.9909000 -0.5060925 0.0437500
v 0.9909000 -0.5060925 0.1187500
v 0.9909000 -0.5060925 0.1187500
v 0.9909000 -0.5060925 0.0437500
v 0.8995238 -0.6548733 0.0437500
v 0.8995238 -0.6548733 0.1187500
v 0.8995238 -0.6548733 0.1187500
v 0.8995238 -0.6548733 0.0437500
v 0.7866478 -0.7866478 0.0437500
v 0.7866478 -0.7866478 0.1187500
v 1.1125000 -0.0000000 -0.0437500
v 1.1125000 -0.0000000 -0.1187500
v 1.0988007 -0.1751158 -0.1187500
v 1.0988007 -0.1751158 -0.0437500
v 1.0988008 -0.1751158 -0.0437500
v 1.0988008 -0.1751158 -0.1187500
v 1.0578755 -0.3448500 -0.1187500
v 1.0578755 -0.3448500 -0.0437500
v 1.0578755 -0.3448500 -0.0437500
v 1.0578755 -0.3448500 -0.1187500
v 0.9909000 -0.5060925 -0.1187500
v 0.9909000 -0.5060925 -0.0437500
v 0.9909000 -0.5060925 -0.0437500
v 0.9909000 -0.5060925 -0.1187500
v 0.8995238 -0.6548733 -0.1187500
v 0.8995238 -0.6548733 -0.0437500
v 0.8995238 -0.6548733 -0.0437500
v 0.8995238 -0.6548733 -0.1187500
v 0.7866478 -0.7866478 -0.1187500
v 0.7866478 -0.7866478 -0.0437500
v 1.1712500 -0.0632500 -0.1187500
v 1.1125000 -0.0000000 -0.1187500
v 1.1712500 0.0632500 -0.1187500
v 1.1750000 -0.0000000 -0.1187500
v 1.0988008 -0.1751158 -0.1187500
v 1.1125000 -0.0000000 -0.1187500
v 1.1712500 -0.0632500 -0.1187500
v 1.1667170 -0.1207397 -0.1187500
v 1.1469255 -0.2456872 -0.1187500
v 1.0988008 -0.1751158 -0.1187500
v 1.1667170 -0.1207397 -0.1187500
v 1.1605250 -0.1838000 -0.1187500
v 1.0578755 -0.3448500 -0.1187500
v 1.0988008 -0.1751158 -0.1187500
v 1.1469255 -0.2456872 -0.1187500
v 1.1334528 -0.3017597 -0.1187500
v 1.0943642 -0.4220727 -0.1187500
v 1.0578755 -0.3448500 -0.1187500
v 1.1334528 -0.3017597 -0.1187500
v 1.1174750 -0.3630750 -0.1187500
v 0.9909000 -0.5060925 -0.1187500
v 1.0578755 -0.3448500 -0.1187500
v 1.0943642 -0.4220727 -0.1187500
v 1.0722993 -0.4753668 -0.1187500
v 1.0148682 -0.5880783 -0.1187500
v 0.9909000 -0.5060925 -0.1187500
v 1.0722993 -0.4753668 -0.1187500
v 1.0469250 -0.5334250 -0.1187500
v 0.8995238 -0.6548733 -0.1187500
v 0.9909000 -0.5060925 -0.1187500
v 1.0148682 -0.5880783 -0.1187500
v 0.9847458 -0.6372515 -0.1187500
v 0.9103868 -0.7395900 -0.1187500
v 0.8995238 -0.6548733 -0.1187500
v 0.9847458 -0.6372515 -0.1187500
v 0.9506000 -0.6906250 -0.1187500
v 0.7866478 -0.7866478 -0.1187500
v 0.8995238 -0.6548733 -0.1187500
v 0.9103868 -0.7395900 -0.1187500
v 0.8730918 -0.7836435 -0.1187500
v 1.1750000 -0.0000000 0.1187500
v 1.1712500 0.0632500 0.1187500
v 1.1125000 -0.0000000 0.1187500
v 1.1712500 -0.0632500 0.1187500
v 1.1667170 -0.1207397 0.1187500
v 1.1712500 -0.0632500 0.1187500
v 1.1125000 -0.0000000 0.1187500
v 1.0988008 -0.1751158 0.1187500
v 1.1605250 -0.1838000 0.1187500
v 1.1667170 -0.1207397 0.1187500
v 1.0988008 -0.1751158 0.1187500
v 1.1469255 -0.2456872 0.1187500
v 1.1334528 -0.3017597 0.1187500
v 1.1469255 -0.2456872 0.1187500
v 1.0988008 -0.1751158 0.1187500
v 1.0578755 -0.3448500 0.1187500
v 1.1174750 -0.3630750 0.1187500
v 1.1334528 -0.3017597 0.1187500
v 1.0578755 -0.3448500 0.1187500
v 1.0943642 -0.4220727 0.1187500
v 1.0722993 -0.4753668 0.1187500
v 1.0943642 -0.4220727 0.1187500
v 1.0578755 -0.3448500 0.1187500
v 0.9909000 -0.5060925 0.1187500
v 1.0469250 -0.5334250 0.1187500
v 1.0722993 -0.4753668 0.1187500
v 0.9909000 -0.5060925 0.1187500
v 1.0148682 -0.5880783 0.1187500
v 0.9847458 -0.6372515 0.1187500
v 1.0148682 -0.5880783 0.1187500
v 0.9909000 -0.5060925 0.1187500
v 0.8995238 -0.6548733 0.1187500
v 0.9506000 -0.6906250 0.1187500
v 0.9847458 -0.6372515 0.1187500
v 0.8995238 -0.6548733 0.1187500
v 0.9103868 -0.7395900 0.1187500
v 0.8730918 -0.7836435 0.1187500
v 0.9103868 -0.7395900 0.1187500
v 0.8995238 -0.6548733 0.1187500
v 0.7866478 -0.7866478 0.1187500
v 0.9409826 -0.9098699 -0.1187500
v 0.9409826 -0.9098699 0.1187500
v 0.9098699 -0.9409826 0.1187500
v 0.9098699 -0.9409826 -0.1187500
v 0.8273152 -0.9050970 0.1187500
v 0.8273152 -0.9050970 -0.1187500
v 0.9098699 -0.9409826 -0.1187500
v 0.9098699 -0.9409826 0.1187500
v 0.7836513 -0.8731004 -0.1187500
v 0.8273152 -0.9050970 -0.1187500
v 0.8273152 -0.9050970 0.1187500
v 0.7836513 -0.8731004 0.1187500
v 0.9409826 -0.9098699 0.1187500
v 0.9409826 -0.9098699 -0.1187500
v 0.9050970 -0.8273152 -0.1187500
v 0.9050970 -0.8273152 0.1187500
v 0.8731004 -0.7836513 0.1187500
v 0.9050970 -0.8273152 0.1187500
v 0.9050970 -0.8273152 -0.1187500
v 0.8731004 -0.7836513 -0.1187500
v 0.7834746 -0.8729236 -0.1187500
v 0.8308507 -0.8308507 -0.1187500
v 0.9050970 -0.8273152 -0.1187500
v 0.8273152 -0.9050970 -0.1187500
v 0.8308507 -0.8308507 -0.1187500
v 0.8729236 -0.7834746 -0.1187500
v 0.9050970 -0.8273152 -0.1187500
v 0.8273152 -0.9050970 -0.1187500
v 0.9050970 -0.8273152 -0.1187500
v 0.9409826 -0.9098699 -0.1187500
v 0.9098699 -0.9409826 -0.1187500
v 0.8273152 -0.9050970 0.1187500
v 0.9050970 -0.8273152 0.1187500
v 0.8308507 -0.8308507 0.1187500
v 0.7834746 -0.8729236 0.1187500
v 0.9050970 -0.8273152 0.1187500
v 0.8729236 -0.7834746 0.1187500
v 0.8308507 -0.8308507 0.1187500
v 0.9409826 -0.9098699 0.1187500
v 0.9050970 -0.8273152 0.1187500
v 0.8273152 -0.9050970 0.1187500
v 0.9098699 -0.9409826 0.1187500
v 0.7834746 -0.8729236 -0.1187500
v 0.7834746 -0.8729236 0.1187500
v 0.7396177 -0.9103699 0.1187500
v 0.7396177 -0.9103699 -0.1187500
v 0.7870690 -1.0458539 -0.1187500
v 0.7870690 -1.0458539 0.1187500
v 0.7514705 -1.0717171 0.1187500
v 0.7514705 -1.0717171 -0.1187500
v 0.6755417 -1.0233606 0.1187500
v 0.6755417 -1.0233606 -0.1187500
v 0.7514705 -1.0717171 -0.1187500
v 0.7514705 -1.0717171 0.1187500
v 0.6374187 -0.9849284 -0.1187500
v 0.6755417 -1.0233606 -0.1187500
v 0.6755417 -1.0233606 0.1187500
v 0.6374187 -0.9849284 0.1187500
v 0.7870690 -1.0458539 0.1187500
v 0.7870690 -1.0458539 -0.1187500
v 0.7645382 -0.9587027 -0.1187500
v 0.7645382 -0.9587027 0.1187500
v 0.7397647 -0.9105718 0.1187500
v 0.7645382 -0.9587027 0.1187500
v 0.7645382 -0.9587027 -0.1187500
v 0.7397647 -0.9105718 -0.1187500
v 0.6372718 -0.9847261 -0.1187500
v 0.6906491 -0.9505816 -0.1187500
v 0.7645382 -0.9587027 -0.1187500
v 0.6755417 -1.0233606 -0.1187500
v 0.6906491 -0.9505816 -0.1187500
v 0.7396177 -0.9103696 -0.1187500
v 0.7645382 -0.9587027 -0.1187500
v 0.6755417 -1.0233606 -0.1187500
v 0.7645382 -0.9587027 -0.1187500
v 0.7870690 -1.0458539 -0.1187500
v 0.7514705 -1.0717171 -0.1187500
v 0.6755417 -1.0233606 0.1187500
v 0.7645382 -0.9587027 0.1187500
v 0.6906491 -0.9505816 0.1187500
v 0.6372718 -0.9847261 0.1187500
v 0.7645382 -0.9587027 0.1187500
v 0.7396177 -0.9103696 0.1187500
v 0.6906491 -0.9505816 0.1187500
v 0.7870690 -1.0458539 0.1187500
v 0.7645382 -0.9587027 0.1187500
v 0.6755417 -1.0233606 0.1187500
v 0.7514705 -1.0717171 0.1187500
v 0.6372721 -0.9847264 -0.1187500
v 0.6372721 -0.9847264 0.1187500
v 0.5880959 -1.0148488 0.1187500
v 0.5880959 -1.0148488 -0.1187500
v 0.6137709 -1.1560933 -0.1187500
v 0.6137709 -1.1560933 0.1187500
v 0.5745661 -1.1760705 0.1187500
v 0.5745661 -1.1760705 -0.1187500
v 0.5071371 -1.1164300 0.1187500
v 0.5071371 -1.1164300 -0.1187500
v 0.5745661 -1.1760705 -0.1187500
v 0.5745661 -1.1760705 0.1187500
v 0.4754954 -1.0725059 -0.1187500
v 0.5071371 -1.1164300 -0.1187500
v 0.5071371 -1.1164300 0.1187500
v 0.4754954 -1.0725059 0.1187500
v 0.6137709 -1.1560933 0.1187500
v 0.6137709 -1.1560933 -0.1187500
v 0.6051492 -1.0664871 -0.1187500
v 0.6051492 -1.0664871 0.1187500
v 0.5882094 -1.0150715 0.1187500
v 0.6051492 -1.0664871 0.1187500
v 0.6051492 -1.0664871 -0.1187500
v 0.5882094 -1.0150715 -0.1187500
v 0.4753819 -1.0722831 -0.1187500
v 0.5334415 -1.0469073 -0.1187500
v 0.6051492 -1.0664871 -0.1187500
v 0.5071371 -1.1164300 -0.1187500
v 0.5334415 -1.0469073 -0.1187500
v 0.5880959 -1.0148487 -0.1187500
v 0.6051492 -1.0664871 -0.1187500
v 0.5071371 -1.1164300 -0.1187500
v 0.6051492 -1.0664871 -0.1187500
v 0.6137709 -1.1560933 -0.1187500
v 0.5745661 -1.1760705 -0.1187500
v 0.5071371 -1.1164300 0.1187500
v 0.6051492 -1.0664871 0.1187500
v 0.5334415 -1.0469073 0.1187500
v 0.4753819 -1.0722831 0.1187500
v 0.6051492 -1.0664871 0.1187500
v 0.5880959 -1.0148487 0.1187500
v 0.5334415 -1.0469073 0.1187500
v 0.6137709 -1.1560933 0.1187500
v 0.6051492 -1.0664871 0.1187500
v 0.5071371 -1.1164300 0.1187500
v 0.5745661 -1.1760705 0.1187500
v 0.4753820 -1.0722832 -0.1187500
v 0.4753820 -1.0722832 0.1187500
v 0.4220951 -1.0943655 0.1187500
v 0.4220951 -1.0943655 -0.1187500
v 0.4253523 -1.2378826 -0.1187500
v 0.4253523 -1.2378826 0.1187500
v 0.3835057 -1.2514788 0.1187500
v 0.3835057 -1.2514788 -0.1187500
v 0.3262415 -1.1820248 0.1187500
v 0.3262415 -1.1820248 -0.1187500
v 0.3835057 -1.2514788 -0.1187500
v 0.3835057 -1.2514788 0.1187500
v 0.3018634 -1.1336925 -0.1187500
v 0.3262415 -1.1820248 -0.1187500
v 0.3262415 -1.1820248 0.1187500
v 0.3018634 -1.1336925 0.1187500
v 0.4253523 -1.2378826 0.1187500
v 0.4253523 -1.2378826 -0.1187500
v 0.4308580 -1.1480342 -0.1187500
v 0.4308580 -1.1480342 0.1187500
v 0.4221724 -1.0946032 0.1187500
v 0.4308580 -1.1480342 0.1187500
v 0.4308580 -1.1480342 -0.1187500
v 0.4221724 -1.0946032 -0.1187500
v 0.3017862 -1.1334547 -0.1187500
v 0.3630994 -1.1174765 -0.1187500
v 0.4308580 -1.1480342 -0.1187500
v 0.3262415 -1.1820248 -0.1187500
v 0.3630994 -1.1174765 -0.1187500
v 0.4220951 -1.0943655 -0.1187500
v 0.4308580 -1.1480342 -0.1187500
v 0.3262415 -1.1820248 -0.1187500
v 0.4308580 -1.1480342 -0.1187500
v 0.4253523 -1.2378826 -0.1187500
v 0.3835057 -1.2514788 -0.1187500
v 0.3262415 -1.1820248 0.1187500
v 0.4308580 -1.1480342 0.1187500
v 0.3630994 -1.1174765 0.1187500
v 0.3017862 -1.1334547 0.1187500
v 0.4308580 -1.1480342 0.1187500
v 0.4220951 -1.0943655 0.1187500
v 0.3630994 -1.1174765 0.1187500
v 0.4253523 -1.2378826 0.1187500
v 0.4308580 -1.1480342 0.1187500
v 0.3262415 -1.1820248 0.1187500
v 0.3835057 -1.2514788 0.1187500
v 0.3017862 -1.1334547 -0.1187500
v 0.3017862 -1.1334547 0.1187500
v 0.2457154 -1.1469258 0.1187500
v 0.2457154 -1.1469258 -0.1187500
v 0.2264797 -1.2891840 -0.1187500
v 0.2264797 -1.2891840 0.1187500
v 0.1830209 -1.2960656 0.1187500
v 0.1830209 -1.2960656 -0.1187500
v 0.1373273 -1.2185080 0.1187500
v 0.1373273 -1.2185080 -0.1187500
v 0.1830209 -1.2960656 -0.1187500
v 0.1830209 -1.2960656 0.1187500
v 0.1208107 -1.1669570 -0.1187500
v 0.1373273 -1.2185080 -0.1187500
v 0.1373273 -1.2185080 0.1187500
v 0.1208107 -1.1669570 0.1187500
v 0.2264797 -1.2891840 0.1187500
v 0.2264797 -1.2891840 -0.1187500
v 0.2459742 -1.2013041 -0.1187500
v 0.2459742 -1.2013041 0.1187500
v 0.2457547 -1.1471725 0.1187500
v 0.2459742 -1.2013041 0.1187500
v 0.2459742 -1.2013041 -0.1187500
v 0.2457547 -1.1471725 -0.1187500
v 0.1207716 -1.1667101 -0.1187500
v 0.1838301 -1.1605217 -0.1187500
v 0.2459742 -1.2013041 -0.1187500
v 0.1373273 -1.2185080 -0.1187500
v 0.1838301 -1.1605217 -0.1187500
v 0.2457156 -1.1469256 -0.1187500
v 0.2459742 -1.2013041 -0.1187500
v 0.1373273 -1.2185080 -0.1187500
v 0.2459742 -1.2013041 -0.1187500
v 0.2264797 -1.2891840 -0.1187500
v 0.1830209 -1.2960656 -0.1187500
v 0.1373273 -1.2185080 0.1187500
v 0.2459742 -1.2013041 0.1187500
v 0.1838301 -1.1605217 0.1187500
v 0.1207716 -1.1667101 0.1187500
v 0.2459742 -1.2013041 0.1187500
v 0.2457156 -1.1469256 0.1187500
v 0.1838301 -1.1605217 0.1187500
v 0.2264797 -1.2891840 0.1187500
v 0.2459742 -1.2013041 0.1187500
v 0.1373273 -1.2185080 0.1187500
v 0.1830209 -1.2960656 0.1187500
v 0.1207716 -1.1667101 -0.1187500
v 0.1207716 -1.1667101 0.1187500
v 0.0632495 -1.1714891 0.1187500
v 0.0632495 -1.1714891 -0.1187500
v 0.7866565 -0.7866565 0.1187500
v 0.7866565 -0.7866565 0.0437500
v 0.6531441 -0.9007953 0.0437500
v 0.6531441 -0.9007953 0.1187500
v 0.6531441 -0.9007953 0.1187500
v 0.6531441 -0.9007953 0.0437500
v 0.5041853 -0.9918770 0.0437500
v 0.5041853 -0.9918770 0.1187500
v 0.5041853 -0.9918770 0.1187500
v 0.5041853 -0.9918770 0.0437500
v 0.3428108 -1.0585339 0.0437500
v 0.3428108 -1.0585339 0.1187500
v 0.3428108 -1.0585339 0.1187500
v 0.3428108 -1.0585339 0.0437500
v 0.1729941 -1.0991250 0.0437500
v 0.1729941 -1.0991250 0.1187500
v 0.1729941 -1.0991250 0.1187500
v 0.1729941 -1.0991250 0.0437500
v 0.0000000 -1.1124883 0.0437500
v 0.0000000 -1.1124883 0.1187500
v 0.7866565 -0.7866565 -0.0437500
v 0.7866565 -0.7866565 -0.1187500
v 0.6531441 -0.9007953 -0.1187500
v 0.6531441 -0.9007953 -0.0437500
v 0.6531441 -0.9007953 -0.0437500
v 0.6531441 -0.9007953 -0.1187500
v 0.5041853 -0.9918770 -0.1187500
v 0.5041853 -0.9918770 -0.0437500
v 0.5041853 -0.9918770 -0.0437500
v 0.5041853 -0.9918770 -0.1187500
v 0.3428108 -1.0585339 -0.1187500
v 0.3428108 -1.0585339 -0.0437500
v 0.3428108 -1.0585339 -0.0437500
v 0.3428108 -1.0585339 -0.1187500
v 0.1729941 -1.0991250 -0.1187500
v 0.1729941 -1.0991250 -0.0437500
v 0.1729941 -1.0991250 -0.0437500
v 0.1729941 -1.0991250 -0.1187500
v 0.0000000 -1.1124883 -0.1187500
v 0.0000000 -1.1124883 -0.0437500
v 0.7834746 -0.8729236 -0.1187500
v 0.7866565 -0.7866565 -0.1187500
v 0.8729236 -0.7834746 -0.1187500
v 0.8308507 -0.8308507 -0.1187500
v 0.6531441 -0.9007953 -0.1187500
v 0.7866565 -0.7866565 -0.1187500
v 0.7834746 -0.8729236 -0.1187500
v 0.7396178 -0.9103697 -0.1187500
v 0.6372719 -0.9847262 -0.1187500
v 0.6531441 -0.9007953 -0.1187500
v 0.7396178 -0.9103697 -0.1187500
v 0.6906491 -0.9505816 -0.1187500
v 0.5041853 -0.9918770 -0.1187500
v 0.6531441 -0.9007953 -0.1187500
v 0.6372719 -0.9847262 -0.1187500
v 0.5880959 -1.0148488 -0.1187500
v 0.4753820 -1.0722832 -0.1187500
v 0.5041853 -0.9918770 -0.1187500
v 0.5880959 -1.0148488 -0.1187500
v 0.5334415 -1.0469073 -0.1187500
v 0.3428108 -1.0585339 -0.1187500
v 0.5041853 -0.9918770 -0.1187500
v 0.4753820 -1.0722832 -0.1187500
v 0.4220951 -1.0943655 -0.1187500
v 0.3017862 -1.1334547 -0.1187500
v 0.3428108 -1.0585339 -0.1187500
v 0.4220951 -1.0943655 -0.1187500
v 0.3630994 -1.1174765 -0.1187500
v 0.1729941 -1.0991250 -0.1187500
v 0.3428108 -1.0585339 -0.1187500
v 0.3017862 -1.1334547 -0.1187500
v 0.2457156 -1.1469256 -0.1187500
v 0.1207716 -1.1667101 -0.1187500
v 0.1729941 -1.0991250 -0.1187500
v 0.2457156 -1.1469256 -0.1187500
v 0.1838301 -1.1605217 -0.1187500
v 0.0000000 -1.1124883 -0.1187500
v 0.1729941 -1.0991250 -0.1187500
v 0.1207716 -1.1667101 -0.1187500
v 0.0632495 -1.1714891 -0.1187500
v 0.8308507 -0.8308507 0.1187500
v 0.8729236 -0.7834746 0.1187500
v 0.7866565 -0.7866565 0.1187500
v 0.7834746 -0.8729236 0.1187500
v 0.7396178 -0.9103697 0.1187500
v 0.7834746 -0.8729236 0.1187500
v 0.7866565 -0.7866565 0.1187500
v 0.6531441 -0.9007953 0.1187500
v 0.6906491 -0.9505816 0.1187500
v 0.7396178 -0.9103697 0.1187500
v 0.6531441 -0.9007953 0.1187500
v 0.6372719 -0.9847262 0.1187500
v 0.5880959 -1.0148488 0.1187500
v 0.6372719 -0.9847262 0.1187500
v 0.6531441 -0.9007953 0.1187500
v 0.5041853 -0.9918770 0.1187500
v 0.5334415 -1.0469073 0.1187500
v 0.5880959 -1.0148488 0.1187500
v 0.5041853 -0.9918770 0.1187500
v 0.4753820 -1.0722832 0.1187500
v 0.4220951 -1.0943655 0.1187500
v 0.4753820 -1.0722832 0.1187500
v 0.5041853 -0.9918770 0.1187500
v 0.3428108 -1.0585339 0.1187500
v 0.3630994 -1.1174765 0.1187500
v 0.4220951 -1.0943655 0.1187500
v 0.3428108 -1.0585339 0.1187500
v 0.3017862 -1.1334547 0.1187500
v 0.2457156 -1.1469256 0.1187500
v 0.3017862 -1.1334547 0.1187500
v 0.3428108 -1.0585339 0.1187500
v 0.1729941 -1.0991250 0.1187500
v 0.1838301 -1.1605217 0.1187500
v 0.2457156 -1.1469256 0.1187500
v 0.1729941 -1.0991250 0.1187500
v 0.1207716 -1.1667101 0.1187500
v 0.0632495 -1.1714891 0.1187500
v 0.1207716 -1.1667101 0.1187500
v 0.1729941 -1.0991250 0.1187500
v 0.0000000 -1.1124883 0.1187500
v 0.0220000 -1.3087500 -0.1187500
v 0.0220000 -1.3087500 0.1187500
v -0.0220000 -1.3087500 0.1187500
v -0.0220000 -1.3087500 -0.1187500
v -0.0550000 -1.2250000 0.1187500
v -0.0550000 -1.2250000 -0.1187500
v -0.0220000 -1.3087500 -0.1187500
v -0.0220000 -1.3087500 0.1187500
v -0.0632500 -1.1715000 -0.1187500
v -0.0550000 -1.2250000 -0.1187500
v -0.0550000 -1.2250000 0.1187500
v -0.0632500 -1.1715000 0.1187500
v 0.0220000 -1.3087500 0.1187500
v 0.0220000 -1.3087500 -0.1187500
v 0.0550000 -1.2250000 -0.1187500
v 0.0550000 -1.2250000 0.1187500
v 0.0632500 -1.1715000 0.1187500
v 0.0550000 -1.2250000 0.1187500
v 0.0550000 -1.2250000 -0.1187500
v 0.0632500 -1.1715000 -0.1187500
v -0.0632500 -1.1712500 -0.1187500
v 0.0000000 -1.1750000 -0.1187500
v 0.0550000 -1.2250000 -0.1187500
v -0.0550000 -1.2250000 -0.1187500
v 0.0000000 -1.1750000 -0.1187500
v 0.0632500 -1.1712500 -0.1187500
v 0.0550000 -1.2250000 -0.1187500
v -0.0550000 -1.2250000 -0.1187500
v 0.0550000 -1.2250000 -0.1187500
v 0.0220000 -1.3087500 -0.1187500
v -0.0220000 -1.3087500 -0.1187500
v -0.0550000 -1.2250000 0.1187500
v 0.0550000 -1.2250000 0.1187500
v 0.0000000 -1.1750000 0.1187500
v -0.0632500 -1.1712500 0.1187500
v 0.0550000 -1.2250000 0.1187500
v 0.0632500 -1.1712500 0.1187500
v 0.0000000 -1.1750000 0.1187500
v 0.0220000 -1.3087500 0.1187500
v 0.0550000 -1.2250000 0.1187500
v -0.0550000 -1.2250000 0.1187500
v -0.0220000 -1.3087500 0.1187500
v -0.0632500 -1.1712500 -0.1187500
v -0.0632500 -1.1712500 0.1187500
v -0.1207400 -1.1667170 0.1187500
v -0.1207400 -1.1667170 -0.1187500
v -0.1829885 -1.2960719 -0.1187500
v -0.1829885 -1.2960719 0.1187500
v -0.2264485 -1.2891879 0.1187500
v -0.2264485 -1.2891879 -0.1187500
v -0.2459450 -1.2013050 0.1187500
v -0.2459450 -1.2013050 -0.1187500
v -0.2264485 -1.2891879 -0.1187500
v -0.2264485 -1.2891879 0.1187500
v -0.2457264 -1.1471723 -0.1187500
v -0.2459450 -1.2013050 -0.1187500
v -0.2459450 -1.2013050 0.1187500
v -0.2457264 -1.1471723 0.1187500
v -0.1829885 -1.2960719 0.1187500
v -0.1829885 -1.2960719 -0.1187500
v -0.1372950 -1.2185150 -0.1187500
v -0.1372950 -1.2185150 0.1187500
v -0.1207789 -1.1669638 0.1187500
v -0.1372950 -1.2185150 0.1187500
v -0.1372950 -1.2185150 -0.1187500
v -0.1207789 -1.1669638 -0.1187500
v -0.2456873 -1.1469254 -0.1187500
v -0.1838000 -1.1605250 -0.1187500
v -0.1372950 -1.2185150 -0.1187500
v -0.2459450 -1.2013050 -0.1187500
v -0.1838000 -1.1605250 -0.1187500
v -0.1207398 -1.1667169 -0.1187500
v -0.1372950 -1.2185150 -0.1187500
v -0.2459450 -1.2013050 -0.1187500
v -0.1372950 -1.2185150 -0.1187500
v -0.1829885 -1.2960719 -0.1187500
v -0.2264485 -1.2891879 -0.1187500
v -0.2459450 -1.2013050 0.1187500
v -0.1372950 -1.2185150 0.1187500
v -0.1838000 -1.1605250 0.1187500
v -0.2456873 -1.1469254 0.1187500
v -0.1372950 -1.2185150 0.1187500
v -0.1207398 -1.1667169 0.1187500
v -0.1838000 -1.1605250 0.1187500
v -0.1829885 -1.2960719 0.1187500
v -0.1372950 -1.2185150 0.1187500
v -0.2459450 -1.2013050 0.1187500
v -0.2264485 -1.2891879 0.1187500
v -0.2456873 -1.1469258 -0.1187500
v -0.2456873 -1.1469258 0.1187500
v -0.3017597 -1.1334528 0.1187500
v -0.3017597 -1.1334528 -0.1187500
v -0.3834798 -1.2514826 -0.1187500
v -0.3834798 -1.2514826 0.1187500
v -0.4253278 -1.2378866 0.1187500
v -0.4253278 -1.2378866 -0.1187500
v -0.4308350 -1.1480350 0.1187500
v -0.4308350 -1.1480350 -0.1187500
v -0.4253278 -1.2378866 -0.1187500
v -0.4253278 -1.2378866 0.1187500
v -0.4221500 -1.0946019 -0.1187500
v -0.4308350 -1.1480350 -0.1187500
v -0.4308350 -1.1480350 0.1187500
v -0.4221500 -1.0946019 0.1187500
v -0.3834798 -1.2514826 0.1187500
v -0.3834798 -1.2514826 -0.1187500
v -0.3262150 -1.1820250 -0.1187500
v -0.3262150 -1.1820250 0.1187500
v -0.3018370 -1.1336904 0.1187500
v -0.3262150 -1.1820250 0.1187500
v -0.3262150 -1.1820250 -0.1187500
v -0.3018370 -1.1336904 -0.1187500
v -0.4220727 -1.0943641 -0.1187500
v -0.3630750 -1.1174750 -0.1187500
v -0.3262150 -1.1820250 -0.1187500
v -0.4308350 -1.1480350 -0.1187500
v -0.3630750 -1.1174750 -0.1187500
v -0.3017597 -1.1334526 -0.1187500
v -0.3262150 -1.1820250 -0.1187500
v -0.4308350 -1.1480350 -0.1187500
v -0.3262150 -1.1820250 -0.1187500
v -0.3834798 -1.2514826 -0.1187500
v -0.4253278 -1.2378866 -0.1187500
v -0.4308350 -1.1480350 0.1187500
v -0.3262150 -1.1820250 0.1187500
v -0.3630750 -1.1174750 0.1187500
v -0.4220727 -1.0943641 0.1187500
v -0.3262150 -1.1820250 0.1187500
v -0.3017597 -1.1334526 0.1187500
v -0.3630750 -1.1174750 0.1187500
v -0.3834798 -1.2514826 0.1187500
v -0.3262150 -1.1820250 0.1187500
v -0.4308350 -1.1480350 0.1187500
v -0.4253278 -1.2378866 0.1187500
v -0.4220727 -1.0943642 -0.1187500
v -0.4220727 -1.0943642 0.1187500
v -0.4753668 -1.0722993 0.1187500
v -0.4753668 -1.0722993 -0.1187500
v -0.5745455 -1.1760843 -0.1187500
v -0.5745455 -1.1760843 0.1187500
v -0.6137495 -1.1561082 0.1187500
v -0.6137495 -1.1561082 -0.1187500
v -0.6051300 -1.0665050 0.1187500
v -0.6051300 -1.0665050 -0.1187500
v -0.6137495 -1.1561083 -0.1187500
v -0.6137495 -1.1561083 0.1187500
v -0.5881918 -1.0150910 -0.1187500
v -0.6051300 -1.0665050 -0.1187500
v -0.6051300 -1.0665050 0.1187500
v -0.5881918 -1.0150910 0.1187500
v -0.5745455 -1.1760843 0.1187500
v -0.5745455 -1.1760843 -0.1187500
v -0.5071200 -1.1164450 -0.1187500
v -0.5071200 -1.1164450 0.1187500
v -0.4754802 -1.0725220 0.1187500
v -0.5071200 -1.1164450 0.1187500
v -0.5071200 -1.1164450 -0.1187500
v -0.4754802 -1.0725220 -0.1187500
v -0.5880783 -1.0148683 -0.1187500
v -0.5334250 -1.0469250 -0.1187500
v -0.5071200 -1.1164450 -0.1187500
v -0.6051300 -1.0665050 -0.1187500
v -0.5334250 -1.0469250 -0.1187500
v -0.4753668 -1.0722993 -0.1187500
v -0.5071200 -1.1164450 -0.1187500
v -0.6051300 -1.0665050 -0.1187500
v -0.5071200 -1.1164450 -0.1187500
v -0.5745455 -1.1760843 -0.1187500
v -0.6137495 -1.1561083 -0.1187500
v -0.6051300 -1.0665050 0.1187500
v -0.5071200 -1.1164450 0.1187500
v -0.5334250 -1.0469250 0.1187500
v -0.5880783 -1.0148683 0.1187500
v -0.5071200 -1.1164450 0.1187500
v -0.4753668 -1.0722993 0.1187500
v -0.5334250 -1.0469250 0.1187500
v -0.5745455 -1.1760843 0.1187500
v -0.5071200 -1.1164450 0.1187500
v -0.6051300 -1.0665050 0.1187500
v -0.6137495 -1.1561083 0.1187500
v -0.5880783 -1.0148682 -0.1187500
v -0.5880783 -1.0148682 0.1187500
v -0.6372518 -0.9847458 0.1187500
v -0.6372518 -0.9847458 -0.1187500
v -0.7514453 -1.0717357 -0.1187500
v -0.7514453 -1.0717357 0.1187500
v -0.7870413 -1.0458718 0.1187500
v -0.7870413 -1.0458718 -0.1187500
v -0.7645100 -0.9587200 0.1187500
v -0.7645100 -0.9587200 -0.1187500
v -0.7870413 -1.0458718 -0.1187500
v -0.7870413 -1.0458718 0.1187500
v -0.7397370 -0.9105890 -0.1187500
v -0.7645100 -0.9587200 -0.1187500
v -0.7645100 -0.9587200 0.1187500
v -0.7397370 -0.9105890 0.1187500
v -0.7514453 -1.0717357 0.1187500
v -0.7514453 -1.0717357 -0.1187500
v -0.6755200 -1.0233800 -0.1187500
v -0.6755200 -1.0233800 0.1187500
v -0.6373985 -0.9849480 0.1187500
v -0.6755200 -1.0233800 0.1187500
v -0.6755200 -1.0233800 -0.1187500
v -0.6373985 -0.9849480 -0.1187500
v -0.7395900 -0.9103868 -0.1187500
v -0.6906250 -0.9506000 -0.1187500
v -0.6755200 -1.0233800 -0.1187500
v -0.7645100 -0.9587200 -0.1187500
v -0.6906250 -0.9506000 -0.1187500
v -0.6372515 -0.9847458 -0.1187500
v -0.6755200 -1.0233800 -0.1187500
v -0.7645100 -0.9587200 -0.1187500
v -0.6755200 -1.0233800 -0.1187500
v -0.7514453 -1.0717357 -0.1187500
v -0.7870413 -1.0458718 -0.1187500
v -0.7645100 -0.9587200 0.1187500
v -0.6755200 -1.0233800 0.1187500
v -0.6906250 -0.9506000 0.1187500
v -0.7395900 -0.9103868 0.1187500
v -0.6755200 -1.0233800 0.1187500
v -0.6372515 -0.9847458 0.1187500
v -0.6906250 -0.9506000 0.1187500
v -0.7514453 -1.0717357 0.1187500
v -0.6755200 -1.0233800 0.1187500
v -0.7645100 -0.9587200 0.1187500
v -0.7870413 -1.0458718 0.1187500
v -0.7395900 -0.9103868 -0.1187500
v -0.7395900 -0.9103868 0.1187500
v -0.7836435 -0.8730918 0.1187500
v -0.7836435 -0.8730918 -0.1187500
v 0.0000000 -1.1125000 0.1187500
v 0.0000000 -1.1125000 0.0437500
v -0.1751158 -1.0988007 0.0437500
v -0.1751158 -1.0988007 0.1187500
v -0.1751158 -1.0988008 0.1187500
v -0.1751158 -1.0988008 0.0437500
v -0.3448500 -1.0578755 0.0437500
v -0.3448500 -1.0578755 0.1187500
v -0.3448500 -1.0578755 0.1187500
v -0.3448500 -1.0578755 0.0437500
v -0.5060925 -0.9909000 0.0437500
v -0.5060925 -0.9909000 0.1187500
v -0.5060925 -0.9909000 0.1187500
v -0.5060925 -0.9909000 0.0437500
v -0.6548733 -0.8995238 0.0437500
v -0.6548733 -0.8995238 0.1187500
v -0.6548733 -0.8995238 0.1187500
v -0.6548733 -0.8995238 0.0437500
v -0.7866478 -0.7866478 0.0437500
v -0.7866478 -0.7866478 0.1187500
v 0.0000000 -1.1125000 -0.0437500
v 0.0000000 -1.1125000 -0.1187500
v -0.1751158 -1.0988007 -0.1187500
v -0.1751158 -1.0988007 -0.0437500
v -0.1751158 -1.0988008 -0.0437500
v -0.1751158 -1.0988008 -0.1187500
v -0.3448500 -1.0578755 -0.1187500
v -0.3448500 -1.0578755 -0.0437500
v -0.3448500 -1.0578755 -0.0437500
v -0.3448500 -1.0578755 -0.1187500
v -0.5060925 -0.9909000 -0.1187500
v -0.5060925 -0.9909000 -0.0437500
v -0.5060925 -0.9909000 -0.0437500
v -0.5060925 -0.9909000 -0.1187500
v -0.6548733 -0.8995238 -0.1187500
v -0.6548733 -0.8995238 -0.0437500
v -0.6548733 -0.8995238 -0.0437500
v -0.6548733 -0.8995238 -0.1187500
v -0.7866478 -0.7866478 -0.1187500
v -0.7866478 -0.7866478 -0.0437500
v -0.0632500 -1.1712500 -0.1187500
v 0.0000000 -1.1125000 -0.1187500
v 0.0632500 -1.1712500 -0.1187500
v 0.0000000 -1.1750000 -0.1187500
v -0.1751158 -1.0988008 -0.1187500
v 0.0000000 -1.1125000 -0.1187500
v -0.0632500 -1.1712500 -0.1187500
v -0.1207397 -1.1667170 -0.1187500
v -0.2456872 -1.1469255 -0.1187500
v -0.1751158 -1.0988008 -0.1187500
v -0.1207397 -1.1667170 -0.1187500
v -0.1838000 -1.1605250 -0.1187500
v -0.3448500 -1.0578755 -0.1187500
v -0.1751158 -1.0988008 -0.1187500
v -0.2456872 -1.1469255 -0.1187500
v -0.3017597 -1.1334528 -0.1187500
v -0.4220727 -1.0943642 -0.1187500
v -0.3448500 -1.0578755 -0.1187500
v -0.3017597 -1.1334528 -0.1187500
v -0.3630750 -1.1174750 -0.1187500
v -0.5060925 -0.9909000 -0.1187500
v -0.3448500 -1.0578755 -0.1187500
v -0.4220727 -1.0943642 -0.1187500
v -0.4753668 -1.0722993 -0.1187500
v -0.5880783 -1.0148682 -0.1187500
v -0.5060925 -0.9909000 -0.1187500
v -0.4753668 -1.0722993 -0.1187500
v -0.5334250 -1.0469250 -0.1187500
v -0.6548733 -0.8995238 -0.1187500
v -0.5060925 -0.9909000 -0.1187500
v -0.5880783 -1.0148682 -0.1187500
v -0.6372515 -0.9847458 -0.1187500
v -0.7395900 -0.9103868 -0.1187500
v -0.6548733 -0.8995238 -0.1187500
v -0.6372515 -0.9847458 -0.1187500
v -0.6906250 -0.9506000 -0.1187500
v -0.7866478 -0.7866478 -0.1187500
v -0.6548733 -0.8995238 -0.1187500
v -0.7395900 -0.9103868 -0.1187500
v -0.7836435 -0.8730918 -0.1187500
v 0.0000000 -1.1750000 0.1187500
v 0.0632500 -1.1712500 0.1187500
v 0.0000000 -1.1125000 0.1187500
v -0.0632500 -1.1712500 0.1187500
v -0.1207397 -1.1667170 0.1187500
v -0.0632500 -1.1712500 0.1187500
v 0.0000000 -1.1125000 0.1187500
v -0.1751158 -1.0988008 0.1187500
v -0.1838000 -1.1605250 0.1187500
v -0.1207397 -1.1667170 0.1187500
v -0.1751158 -1.0988008 0.1187500
v -0.2456872 -1.1469255 0.1187500
v -0.3017597 -1.1334528 0.1187500
v -0.2456872 -1.1469255 0.1187500
v -0.1751158 -1.0988008 0.1187500
v -0.3448500 -1.0578755 0.1187500
v -0.3630750 -1.1174750 0.1187500
v -0.3017597 -1.1334528 0.1187500
v -0.3448500 -1.0578755 0.1187500
v -0.4220727 -1.0943642 0.1187500
v -0.4753668 -1.0722993 0.1187500
v -0.4220727 -1.0943642 0.1187500
v -0.3448500 -1.0578755 0.1187500
v -0.5060925 -0.9909000 0.1187500
v -0.5334250 -1.0469250 0.1187500
v -0.4753668 -1.0722993 0.1187500
v -0.5060925 -0.9909000 0.1187500
v -0.5880783 -1.0148682 0.1187500
v -0.6372515 -0.9847458 0.1187500
v -0.5880783 -1.0148682 0.1187500
v -0.5060925 -0.9909000 0.1187500
v -0.6548733 -0.8995238 0.1187500
v -0.6906250 -0.9506000 0.1187500
v -0.6372515 -0.9847458 0.1187500
v -0.6548733 -0.8995238 0.1187500
v -0.7395900 -0.9103868 0.1187500
v -0.7836435 -0.8730918 0.1187500
v -0.7395900 -0.9103868 0.1187500
v -0.6548733 -0.8995238 0.1187500
v -0.7866478 -0.7866478 0.1187500
v -0.9098699 -0.9409826 -0.1187500
v -0.9098699 -0.9409826 0.1187500
v -0.9409826 -0.9098699 0.1187500
v -0.9409826 -0.9098699 -0.1187500
v -0.9050970 -0.8273152 0.1187500
v -0.9050970 -0.8273152 -0.1187500
v -0.9409826 -0.9098699 -0.1187500
v -0.9409826 -0.9098699 0.1187500
v -0.8731004 -0.7836513 -0.1187500
v -0.9050970 -0.8273152 -0.1187500
v -0.9050970 -0.8273152 0.1187500
v -0.8731004 -0.7836513 0.1187500
v -0.9098699 -0.9409826 0.1187500
v -0.9098699 -0.9409826 -0.1187500
v -0.8273152 -0.9050970 -0.1187500
v -0.8273152 -0.9050970 0.1187500
v -0.7836513 -0.8731004 0.1187500
v -0.8273152 -0.9050970 0.1187500
v -0.8273152 -0.9050970 -0.1187500
v -0.7836513 -0.8731004 -0.1187500
v -0.8729236 -0.7834746 -0.1187500
v -0.8308507 -0.8308507 -0.1187500
v -0.8273152 -0.9050970 -0.1187500
v -0.9050970 -0.8273152 -0.1187500
v -0.8308507 -0.8308507 -0.1187500
v -0.7834746 -0.8729236 -0.1187500
v -0.8273152 -0.9050970 -0.1187500
v -0.9050970 -0.8273152 -0.1187500
v -0.8273152 -0.9050970 -0.1187500
v -0.9098699 -0.9409826 -0.1187500
v -0.9409826 -0.9098699 -0.1187500
v -0.9050970 -0.8273152 0.1187500
v -0.8273152 -0.9050970 0.1187500
v -0.8308507 -0.8308507 0.1187500
v -0.8729236 -0.7834746 0.1187500
v -0.8273152 -0.9050970 0.1187500
v -0.7834746 -0.8729236 0.1187500
v -0.8308507 -0.8308507 0.1187500
v -0.9098699 -0.9409826 0.1187500
v -0.8273152 -0.9050970 0.1187500
v -0.9050970 -0.8273152 0.1187500
v -0.9409826 -0.9098699 0.1187500
v -0.8729236 -0.7834746 -0.1187500
v -0.8729236 -0.7834746 0.1187500
v -0.9103699 -0.7396177 0.1187500
v -0.9103699 -0.7396177 -0.1187500
v -1.0458539 -0.7870690 -0.1187500
v -1.0458539 -0.7870690 0.1187500
v -1.0717171 -0.7514705 0.1187500
v -1.0717171 -0.7514705 -0.1187500
v -1.0233606 -0.6755417 0.1187500
v -1.0233606 -0.6755417 -0.1187500
v -1.0717171 -0.7514705 -0.1187500
v -1.0717171 -0.7514705 0.1187500
v -0.9849284 -0.6374187 -0.1187500
v -1.0233606 -0.6755417 -0.1187500
v -1.0233606 -0.6755417 0.1187500
v -0.9849284 -0.6374187 0.1187500
v -1.0458539 -0.7870690 0.1187500
v -1.0458539 -0.7870690 -0.1187500
v -0.9587027 -0.7645382 -0.1187500
v -0.9587027 -0.7645382 0.1187500
v -0.9105718 -0.7397647 0.1187500
v -0.9587027 -0.7645382 0.1187500
v -0.9587027 -0.7645382 -0.1187500
v -0.9105718 -0.7397647 -0.1187500
v -0.9847261 -0.6372718 -0.1187500
v -0.9505816 -0.6906491 -0.1187500
v -0.9587027 -0.7645382 -0.1187500
v -1.0233606 -0.6755417 -0.1187500
v -0.9505816 -0.6906491 -0.1187500
v -0.9103696 -0.7396177 -0.1187500
v -0.9587027 -0.7645382 -0.1187500
v -1.0233606 -0.6755417 -0.1187500
v -0.9587027 -0.7645382 -0.1187500
v -1.0458539 -0.7870690 -0.1187500
v -1.0717171 -0.7514705 -0.1187500
v -1.0233606 -0.6755417 0.1187500
v -0.9587027 -0.7645382 0.1187500
v -0.9505816 -0.6906491 0.1187500
v -0.9847261 -0.6372718 0.1187500
v -0.9587027 -0.7645382 0.1187500
v -0.9103696 -0.7396177 0.1187500
v -0.9505816 -0.6906491 0.1187500
v -1.0458539 -0.7870690 0.1187500
v -0.9587027 -0.7645382 0.1187500
v -1.0233606 -0.6755417 0.1187500
v -1.0717171 -0.7514705 0.1187500
v -0.9847264 -0.6372721 -0.1187500
v -0.9847264 -0.6372721 0.1187500
v -1.0148488 -0.5880959 0.1187500
v -1.0148488 -0.5880959 -0.1187500
v -1.1560933 -0.6137709 -0.1187500
v -1.1560933 -0.6137709 0.1187500
v -1.1760705 -0.5745661 0.1187500
v -1.1760705 -0.5745661 -0.1187500
v -1.1164300 -0.5071371 0.1187500
v -1.1164300 -0.5071371 -0.1187500
v -1.1760705 -0.5745661 -0.1187500
v -1.1760705 -0.5745661 0.1187500
v -1.0725059 -0.4754954 -0.1187500
v -1.1164300 -0.5071371 -0.1187500
v -1.1164300 -0.5071371 0.1187500
v -1.0725059 -0.4754954 0.1187500
v -1.1560933 -0.6137709 0.1187500
v -1.1560933 -0.6137709 -0.1187500
v -1.0664871 -0.6051492 -0.1187500
v -1.0664871 -0.6051492 0.1187500
v -1.0150715 -0.5882094 0.1187500
v -1.0664871 -0.6051492 0.1187500
v -1.0664871 -0.6051492 -0.1187500
v -1.0150715 -0.5882094 -0.1187500
v -1.0722831 -0.4753819 -0.1187500
v -1.0469073 -0.5334415 -0.1187500
v -1.0664871 -0.6051492 -0.1187500
v -1.1164300 -0.5071371 -0.1187500
v -1.0469073 -0.5334415 -0.1187500
v -1.0148487 -0.5880959 -0.1187500
v -1.0664871 -0.6051492 -0.1187500
v -1.1164300 -0.5071371 -0.1187500
v -1.0664871 -0.6051492 -0.1187500
v -1.1560933 -0.6137709 -0.1187500
v -1.1760705 -0.5745661 -0.1187500
v -1.1164300 -0.5071371 0.1187500
v -1.0664871 -0.6051492 0.1187500
v -1.0469073 -0.5334415 0.1187500
v -1.0722831 -0.4753819 0.1187500
v -1.0664871 -0.6051492 0.1187500
v -1.0148487 -0.5880959 0.1187500
v -1.0469073 -0.5334415 0.1187500
v -1.1560933 -0.6137709 0.1187500
v -1.0664871 -0.6051492 0.1187500
v -1.1164300 -0.5071371 0.1187500
v -1.1760705 -0.5745661 0.1187500
v -1.0722832 -0.4753820 -0.1187500
v -1.0722832 -0.4753820 0.1187500
v -1.0943655 -0.4220951 0.1187500
v -1.0943655 -0.4220951 -0.1187500
v -1.2378826 -0.4253523 -0.1187500
v -1.2378826 -0.4253523 0.1187500
v -1.2514788 -0.3835057 0.1187500
v -1.2514788 -0.3835057 -0.1187500
v -1.1820248 -0.3262415 0.1187500
v -1.1820248 -0.3262415 -0.1187500
v -1.2514788 -0.3835057 -0.1187500
v -1.2514788 -0.3835057 0.1187500
v -1.1336925 -0.3018634 -0.1187500
v -1.1820248 -0.3262415 -0.1187500
v -1.1820248 -0.3262415 0.1187500
v -1.1336925 -0.3018634 0.1187500
v -1.2378826 -0.4253523 0.1187500
v -1.2378826 -0.4253523 -0.1187500
v -1.1480342 -0.4308580 -0.1187500
v -1.1480342 -0.4308580 0.1187500
v -1.0946032 -0.4221724 0.1187500
v -1.1480342 -0.4308580 0.1187500
v -1.1480342 -0.4308580 -0.1187500
v -1.0946032 -0.4221724 -0.1187500
v -1.1334547 -0.3017862 -0.1187500
v -1.1174765 -0.3630994 -0.1187500
v -1.1480342 -0.4308580 -0.1187500
v -1.1820248 -0.3262415 -0.1187500
v -1.1174765 -0.3630994 -0.1187500
v -1.0943655 -0.4220951 -0.1187500
v -1.1480342 -0.4308580 -0.1187500
v -1.1820248 -0.3262415 -0.1187500
v -1.1480342 -0.4308580 -0.1187500
v -1.2378826 -0.4253523 -0.1187500
v -1.2514788 -0.3835057 -0.1187500
v -1.1820248 -0.3262415 0.1187500
v -1.1480342 -0.4308580 0.1187500
v -1.1174765 -0.3630994 0.1187500
v -1.1334547 -0.3017862 0.1187500
v -1.1480342 -0.4308580 0.1187500
v -1.0943655 -0.4220951 0.1187500
v -1.1174765 -0.3630994 0.1187500
v -1.2378826 -0.4253523 0.1187500
v -1.1480342 -0.4308580 0.1187500
v -1.1820248 -0.3262415 0.1187500
v -1.2514788 -0.3835057 0.1187500
v -1.1334547 -0.3017862 -0.1187500
v -1.1334547 -0.3017862 0.1187500
v -1.1469258 -0.2457154 0.1187500
v -1.1469258 -0.2457154 -0.1187500
v -1.2891840 -0.2264797 -0.1187500
v -1.2891840 -0.2264797 0.1187500
v -1.2960656 -0.1830209 0.1187500
v -1.2960656 -0.1830209 -0.1187500
v -1.2185080 -0.1373273 0.1187500
v -1.2185080 -0.1373273 -0.1187500
v -1.2960656 -0.1830209 -0.1187500
v -1.2960656 -0.1830209 0.1187500
v -1.1669570 -0.1208107 -0.1187500
v -1.2185080 -0.1373273 -0.1187500
v -1.2185080 -0.1373273 0.1187500
v -1.1669570 -0.1208107 0.1187500
v -1.2891840 -0.2264797 0.1187500
v -1.2891840 -0.2264797 -0.1187500
v -1.2013041 -0.2459742 -0.1187500
v -1.2013041 -0.2459742 0.1187500
v -1.1471725 -0.2457547 0.1187500
v -1.2013041 -0.2459742 0.1187500
v -1.2013041 -0.2459742 -0.1187500
v -1.1471725 -0.2457547 -0.1187500
v -1.1667101 -0.1207716 -0.1187500
v -1.1605217 -0.1838301 -0.1187500
v -1.2013041 -0.2459742 -0.1187500
v -1.2185080 -0.1373273 -0.1187500
v -1.1605217 -0.1838301 -0.1187500
v -1.1469256 -0.2457156 -0.1187500
v -1.2013041 -0.2459742 -0.1187500
v -1.2185080 -0.1373273 -0.1187500
v -1.2013041 -0.2459742 -0.1187500
v -1.2891840 -0.2264797 -0.1187500
v -1.2960656 -0.1830209 -0.1187500
v -1.2185080 -0.1373273 0.1187500
v -1.2013041 -0.2459742 0.1187500
v -1.1605217 -0.1838301 0.1187500
v -1.1667101 -0.1207716 0.1187500
v -1.2013041 -0.2459742 0.1187500
v -1.1469256 -0.2457156 0.1187500
v -1.1605217 -0.1838301 0.1187500
v -1.2891840 -0.2264797 0.1187500
v -1.2013041 -0.2459742 0.1187500
v -1.2185080 -0.1373273 0.1187500
v -1.2960656 -0.1830209 0.1187500
v -1.1667101 -0.1207716 -0.1187500
v -1.1667101 -0.1207716 0.1187500
v -1.1714891 -0.0632495 0.1187500
v -1.1714891 -0.0632495 -0.1187500
v -0.7866565 -0.7866565 0.1187500
v -0.7866565 -0.7866565 0.0437500
v -0.9007953 -0.6531441 0.0437500
v -0.9007953 -0.6531441 0.1187500
v -0.9007953 -0.6531441 0.1187500
v -0.9007953 -0.6531441 0.0437500
v -0.9918770 -0.5041853 0.0437500
v -0.9918770 -0.5041853 0.1187500
v -0.9918770 -0.5041853 0.1187500
v -0.9918770 -0.5041853 0.0437500
v -1.0585339 -0.3428108 0.0437500
v -1.0585339 -0.3428108 0.1187500
v -1.0585339 -0.3428108 0.1187500
v -1.0585339 -0.3428108 0.0437500
v -1.0991250 -0.1729941 0.0437500
v -1.0991250 -0.1729941 0.1187500
v -1.0991250 -0.1729941 0.1187500
v -1.0991250 -0.1729941 0.0437500
v -1.1124883 -0.0000000 0.0437500
v -1.1124883 -0.0000000 0.1187500
v -0.7866565 -0.7866565 -0.0437500
v -0.7866565 -0.7866565 -0.1187500
v -0.9007953 -0.6531441 -0.1187500
v -0.9007953 -0.6531441 -0.0437500
v -0.9007953 -0.6531441 -0.0437500
v -0.9007953 -0.6531441 -0.1187500
v -0.9918770 -0.5041853 -0.1187500
v -0.9918770 -0.5041853 -0.0437500
v -0.9918770 -0.5041853 -0.0437500
v -0.9918770 -0.5041853 -0.1187500
v -1.0585339 -0.3428108 -0.1187500
v -1.0585339 -0.3428108 -0.0437500
v -1.0585339 -0.3428108 -0.0437500
v -1.0585339 -0.3428108 -0.1187500
v -1.0991250 -0.1729941 -0.1187500
v -1.0991250 -0.1729941 -0.0437500
v -1.0991250 -0.1729941 -0.0437500
v -1.0991250 -0.1729941 -0.1187500
v -1.1124883 -0.0000000 -0.1187500
v -1.1124883 -0.0000000 -0.0437500
v -0.8729236 -0.7834746 -0.1187500
v -0.7866565 -0.7866565 -0.1187500
v -0.7834746 -0.8729236 -0.1187500
v -0.8308507 -0.8308507 -0.1187500
v -0.9007953 -0.6531441 -0.1187500
v -0.7866565 -0.7866565 -0.1187500
v -0.8729236 -0.7834746 -0.1187500
v -0.9103697 -0.7396178 -0.1187500
v -0.9847262 -0.6372719 -0.1187500
v -0.9007953 -0.6531441 -0.1187500
v -0.9103697 -0.7396178 -0.1187500
v -0.9505816 -0.6906491 -0.1187500
v -0.9918770 -0.5041853 -0.1187500
v -0.9007953 -0.6531441 -0.1187500
v -0.9847262 -0.6372719 -0.1187500
v -1.0148488 -0.5880959 -0.1187500
v -1.0722832 -0.4753820 -0.1187500
v -0.9918770 -0.5041853 -0.1187500
v -1.0148488 -0.5880959 -0.1187500
v -1.0469073 -0.5334415 -0.1187500
v -1.0585339 -0.3428108 -0.1187500
v -0.9918770 -0.5041853 -0.1187500
v -1.0722832 -0.4753820 -0.1187500
v -1.0943655 -0.4220951 -0.1187500
v -1.1334547 -0.3017862 -0.1187500
v -1.0585339 -0.3428108 -0.1187500
v -1.0943655 -0.4220951 -0.1187500
v -1.1174765 -0.3630994 -0.1187500
v -1.0991250 -0.1729941 -0.1187500
v -1.0585339 -0.3428108 -0.1187500
v -1.1334547 -0.3017862 -0.1187500
v -1.1469256 -0.2457156 -0.1187500
v -1.1667101 -0.1207716 -0.1187500
v -1.0991250 -0.1729941 -0.1187500
v -1.1469256 -0.2457156 -0.1187500
v -1.1605217 -0.1838301 -0.1187500
v -1.1124883 -0.0000000 -0.1187500
v -1.0991250 -0.1729941 -0.1187500
v -1.1667101 -0.1207716 -0.1187500
v -1.1714891 -0.0632495 -0.1187500
v -0.8308507 -0.8308507 0.1187500
v -0.7834746 -0.8729236 0.1187500
v -0.7866565 -0.7866565 0.1187500
v -0.8729236 -0.7834746 0.1187500
v -0.9103697 -0.7396178 0.1187500
v -0.8729236 -0.7834746 0.1187500
v -0.7866565 -0.7866565 0.1187500
v -0.9007953 -0.6531441 0.1187500
v -0.9505816 -0.6906491 0.1187500
v -0.9103697 -0.7396178 0.1187500
v -0.9007953 -0.6531441 0.1187500
v -0.9847262 -0.6372719 0.1187500
v -1.0148488 -0.5880959 0.1187500
v -0.9847262 -0.6372719 0.1187500
v -0.9007953 -0.6531441 0.1187500
v -0.9918770 -0.5041853 0.1187500
v -1.0469073 -0.5334415 0.1187500
v -1.0148488 -0.5880959 0.1187500
v -0.9918770 -0.5041853 0.1187500
v -1.0722832 -0.4753820 0.1187500
v -1.0943655 -0.4220951 0.1187500
v -1.0722832 -0.4753820 0.1187500
v -0.9918770 -0.5041853 0.1187500
v -1.0585339 -0.3428108 0.1187500
v -1.1174765 -0.3630994 0.1187500
v -1.0943655 -0.4220951 0.1187500
v -1.0585339 -0.3428108 0.1187500
v -1.1334547 -0.3017862 0.1187500
v -1.1469256 -0.2457156 0.1187500
v -1.1334547 -0.3017862 0.1187500
v -1.0585339 -0.3428108 0.1187500
v -1.0991250 -0.1729941 0.1187500
v -1.1605217 -0.1838301 0.1187500
v -1.1469256 -0.2457156 0.1187500
v -1.0991250 -0.1729941 0.1187500
v -1.1667101 -0.1207716 0.1187500
v -1.1714891 -0.0632495 0.1187500
v -1.1667101 -0.1207716 0.1187500
v -1.0991250 -0.1729941 0.1187500
v -1.1124883 -0.0000000 0.1187500
v -1.3087500 -0.0220000 -0.1187500
v -1.3087500 -0.0220000 0.1187500
v -1.3087500 0.0220000 0.1187500
v -1.3087500 0.0220000 -0.1187500
v -1.2250000 0.0550000 0.1187500
v -1.2250000 0.0550000 -0.1187500
v -1.3087500 0.0220000 -0.1187500
v -1.3087500 0.0220000 0.1187500
v -1.1715000 0.0632500 -0.1187500
v -1.2250000 0.0550000 -0.1187500
v -1.2250000 0.0550000 0.1187500
v -1.1715000 0.0632500 0.1187500
v -1.3087500 -0.0220000 0.1187500
v -1.3087500 -0.0220000 -0.1187500
v -1.2250000 -0.0550000 -0.1187500
v -1.2250000 -0.0550000 0.1187500
v -1.1715000 -0.0632500 0.1187500
v -1.2250000 -0.0550000 0.1187500
v -1.2250000 -0.0550000 -0.1187500
v -1.1715000 -0.0632500 -0.1187500
v -1.1712500 0.0632500 -0.1187500
v -1.1750000 -0.0000000 -0.1187500
v -1.2250000 -0.0550000 -0.1187500
v -1.2250000 0.0550000 -0.1187500
v -1.1750000 -0.0000000 -0.1187500
v -1.1712500 -0.0632500 -0.1187500
v -1.2250000 -0.0550000 -0.1187500
v -1.2250000 0.0550000 -0.1187500
v -1.2250000 -0.0550000 -0.1187500
v -1.3087500 -0.0220000 -0.1187500
v -1.3087500 0.0220000 -0.1187500
v -1.2250000 0.0550000 0.1187500
v -1.2250000 -0.0550000 0.1187500
v -1.1750000 -0.0000000 0.1187500
v -1.1712500 0.0632500 0.1187500
v -1.2250000 -0.0550000 0.1187500
v -1.1712500 -0.0632500 0.1187500
v -1.1750000 -0.0000000 0.1187500
v -1.3087500 -0.0220000 0.1187500
v -1.2250000 -0.0550000 0.1187500
v -1.2250000 0.0550000 0.1187500
v -1.3087500 0.0220000 0.1187500
v -1.1712500 0.0632500 -0.1187500
v -1.1712500 0.0632500 0.1187500
v -1.1667170 0.1207400 0.1187500
v -1.1667170 0.1207400 -0.1187500
v -1.2960719 0.1829885 -0.1187500
v -1.2960719 0.1829885 0.1187500
v -1.2891879 0.2264485 0.1187500
v -1.2891879 0.2264485 -0.1187500
v -1.2013050 0.2459450 0.1187500
v -1.2013050 0.2459450 -0.1187500
v -1.2891879 0.2264485 -0.1187500
v -1.2891879 0.2264485 0.1187500
v -1.1471723 0.2457264 -0.1187500
v -1.2013050 0.2459450 -0.1187500
v -1.2013050 0.2459450 0.1187500
v -1.1471723 0.2457264 0.1187500
v -1.2960719 0.1829885 0.1187500
v -1.2960719 0.1829885 -0.1187500
v -1.2185150 0.1372950 -0.1187500
v -1.2185150 0.1372950 0.1187500
v -1.1669638 0.1207789 0.1187500
v -1.2185150 0.1372950 0.1187500
v -1.2185150 0.1372950 -0.1187500
v -1.1669638 0.1207789 -0.1187500
v -1.1469254 0.2456873 -0.1187500
v -1.1605250 0.1838000 -0.1187500
v -1.2185150 0.1372950 -0.1187500
v -1.2013050 0.2459450 -0.1187500
v -1.1605250 0.1838000 -0.1187500
v -1.1667169 0.1207398 -0.1187500
v -1.2185150 0.1372950 -0.1187500
v -1.2013050 0.2459450 -0.1187500
v -1.2185150 0.1372950 -0.1187500
v -1.2960719 0.1829885 -0.1187500
v -1.2891879 0.2264485 -0.1187500
v -1.2013050 0.2459450 0.1187500
v -1.2185150 0.1372950 0.1187500
v -1.1605250 0.1838000 0.1187500
v -1.1469254 0.2456873 0.1187500
v -1.2185150 0.1372950 0.1187500
v -1.1667169 0.1207398 0.1187500
v -1.1605250 0.1838000 0.1187500
v -1.2960719 0.1829885 0.1187500
v -1.2185150 0.1372950 0.1187500
v -1.2013050 0.2459450 0.1187500
v -1.2891879 0.2264485 0.1187500
v -1.1469258 0.2456873 -0.1187500
v -1.1469258 0.2456873 0.1187500
v -1.1334528 0.3017597 0.1187500
v -1.1334528 0.3017597 -0.1187500
v -1.2514826 0.3834798 -0.1187500
v -1.2514826 0.3834798 0.1187500
v -1.2378866 0.4253278 0.1187500
v -1.2378866 0.4253278 -0.1187500
v -1.1480350 0.4308350 0.1187500
v -1.1480350 0.4308350 -0.1187500
v -1.2378866 0.4253278 -0.1187500
v -1.2378866 0.4253278 0.1187500
v -1.0946019 0.4221500 -0.1187500
v -1.1480350 0.4308350 -0.1187500
v -1.1480350 0.4308350 0.1187500
v -1.0946019 0.4221500 0.1187500
v -1.2514826 0.3834798 0.1187500
v -1.2514826 0.3834798 -0.1187500
v -1.1820250 0.3262150 -0.1187500
v -1.1820250 0.3262150 0.1187500
v -1.1336904 0.3018370 0.1187500
v -1.1820250 0.3262150 0.1187500
v -1.1820250 0.3262150 -0.1187500
v -1.1336904 0.3018370 -0.1187500
v -1.0943641 0.4220727 -0.1187500
v -1.1174750 0.3630750 -0.1187500
v -1.1820250 0.3262150 -0.1187500
v -1.1480350 0.4308350 -0.1187500
v -1.1174750 0.3630750 -0.1187500
v -1.1334526 0.3017597 -0.1187500
v -1.1820250 0.3262150 -0.1187500
v -1.1480350 0.4308350 -0.1187500
v -1.1820250 0.3262150 -0.1187500
v -1.2514826 0.3834798 -0.1187500
v -1.2378866 0.4253278 -0.1187500
v -1.1480350 0.4308350 0.1187500
v -1.1820250 0.3262150 0.1187500
v -1.1174750 0.3630750 0.1187500
v -1.0943641 0.4220727 0.1187500
v -1.1820250 0.3262150 0.1187500
v -1.1334526 0.3017597 0.1187500
v -1.1174750 0.3630750 0.1187500
v -1.2514826 0.3834798 0.1187500
v -1.1820250 0.3262150 0.1187500
v -1.1480350 0.4308350 0.1187500
v -1.2378866 0.4253278 0.1187500
v -1.0943642 0.4220727 -0.1187500
v -1.0943642 0.4220727 0.1187500
v -1.0722993 0.4753668 0.1187500
v -1.0722993 0.4753668 -0.1187500
v -1.1760843 0.5745455 -0.1187500
v -1.1760843 0.5745455 0.1187500
v -1.1561082 0.6137495 0.1187500
v -1.1561082 0.6137495 -0.1187500
v -1.0665050 0.6051300 0.1187500
v -1.0665050 0.6051300 -0.1187500
v -1.1561083 0.6137495 -0.1187500
v -1.1561083 0.6137495 0.1187500
v -1.0150910 0.5881918 -0.1187500
v -1.0665050 0.6051300 -0.1187500
v -1.0665050 0.6051300 0.1187500
v -1.0150910 0.5881918 0.1187500
v -1.1760843 0.5745455 0.1187500
v -1.1760843 0.5745455 -0.1187500
v -1.1164450 0.5071200 -0.1187500
v -1.1164450 0.5071200 0.1187500
v -1.0725220 0.4754802 0.1187500
v -1.1164450 0.5071200 0.1187500
v -1.1164450 0.5071200 -0.1187500
v -1.0725220 0.4754802 -0.1187500
v -1.0148683 0.5880783 -0.1187500
v -1.0469250 0.5334250 -0.1187500
v -1.1164450 0.5071200 -0.1187500
v -1.0665050 0.6051300 -0.1187500
v -1.0469250 0.5334250 -0.1187500
v -1.0722993 0.4753668 -0.1187500
v -1.1164450 0.5071200 -0.1187500
v -1.0665050 0.6051300 -0.1187500
v -1.1164450 0.5071200 -0.1187500
v -1.1760843 0.5745455 -0.1187500
v -1.1561083 0.6137495 -0.1187500
v -1.0665050 0.6051300 0.1187500
v -1.1164450 0.5071200 0.1187500
v -1.0469250 0.5334250 0.1187500
v -1.0148683 0.5880783 0.1187500
v -1.1164450 0.5071200 0.1187500
v -1.0722993 0.4753668 0.1187500
v -1.0469250 0.5334250 0.1187500
v -1.1760843 0.5745455 0.1187500
v -1.1164450 0.5071200 0.1187500
v -1.0665050 0.6051300 0.1187500
v -1.1561083 0.6137495 0.1187500
v -1.0148682 0.5880783 -0.1187500
v -1.0148682 0.5880783 0.1187500
v -0.9847458 0.6372518 0.1187500
v -0.9847458 0.6372518 -0.1187500
v -1.0717357 0.7514453 -0.1187500
v -1.0717357 0.7514453 0.1187500
v -1.0458718 0.7870413 0.1187500
v -1.0458718 0.7870413 -0.1187500
v -0.9587200 0.7645100 0.1187500
v -0.9587200 0.7645100 -0.1187500
v -1.0458718 0.7870413 -0.1187500
v -1.0458718 0.7870413 0.1187500
v -0.9105890 0.7397370 -0.1187500
v -0.9587200 0.7645100 -0.1187500
v -0.9587200 0.7645100 0.1187500
v -0.9105890 0.7397370 0.1187500
v -1.0717357 0.7514453 0.1187500
v -1.0717357 0.7514453 -0.1187500
v -1.0233800 0.6755200 -0.1187500
v -1.0233800 0.6755200 0.1187500
v -0.9849480 0.6373985 0.1187500
v -1.0233800 0.6755200 0.1187500
v -1.0233800 0.6755200 -0.1187500
v -0.9849480 0.6373985 -0.1187500
v -0.9103868 0.7395900 -0.1187500
v -0.9506000 0.6906250 -0.1187500
v -1.0233800 0.6755200 -0.1187500
v -0.9587200 0.7645100 -0.1187500
v -0.9506000 0.6906250 -0.1187500
v -0.9847458 0.6372515 -0.1187500
v -1.0233800 0.6755200 -0.1187500
v -0.9587200 0.7645100 -0.1187500
v -1.0233800 0.6755200 -0.1187500
v -1.0717357 0.7514453 -0.1187500
v -1.0458718 0.7870413 -0.1187500
v -0.9587200 0.7645100 0.1187500
v -1.0233800 0.6755200 0.1187500
v -0.9506000 0.6906250 0.1187500
v -0.9103868 0.7395900 0.1187500
v -1.0233800 0.6755200 0.1187500
v -0.9847458 0.6372515 0.1187500
v -0.9506000 0.6906250 0.1187500
v -1.0717357 0.7514453 0.1187500
v -1.0233800 0.6755200 0.1187500
v -0.9587200 0.7645100 0.1187500
v -1.0458718 0.7870413 0.1187500
v -0.9103868 0.7395900 -0.1187500
v -0.9103868 0.7395900 0.1187500
v -0.8730918 0.7836435 0.1187500
v -0.8730918 0.7836435 -0.1187500
v -1.1125000 -0.0000000 0.1187500
v -1.1125000 -0.0000000 0.0437500
v -1.0988007 0.1751158 0.0437500
v -1.0988007 0.1751158 0.1187500
v -1.0988008 0.1751158 0.1187500
v -1.0988008 0.1751158 0.0437500
v -1.0578755 0.3448500 0.0437500
v -1.0578755 0.3448500 0.1187500
v -1.0578755 0.3448500 0.1187500
v -1.0578755 0.3448500 0.0437500
v -0.9909000 0.5060925 0.0437500
v -0.9909000 0.5060925 0.1187500
v -0.9909000 0.5060925 0.1187500
v -0.9909000 0.5060925 0.0437500
v -0.8995238 0.6548733 0.0437500
v -0.8995238 0.6548733 0.1187500
v -0.8995238 0.6548733 0.1187500
v -0.8995238 0.6548733 0.0437500
v -0.7866478 0.7866478 0.0437500
v -0.7866478 0.7866478 0.1187500
v -1.1125000 -0.0000000 -0.0437500
v -1.1125000 -0.0000000 -0.1187500
v -1.0988007 0.1751158 -0.1187500
v -1.0988007 0.1751158 -0.0437500
v -1.0988008 0.1751158 -0.0437500
v -1.0988008 0.1751158 -0.1187500
v -1.0578755 0.3448500 -0.1187500
v -1.0578755 0.3448500 -0.0437500
v -1.0578755 0.3448500 -0.0437500
v -1.0578755 0.3448500 -0.1187500
v -0.9909000 0.5060925 -0.1187500
v -0.9909000 0.5060925 -0.0437500
v -0.9909000 0.5060925 -0.0437500
v -0.9909000 0.5060925 -0.1187500
v -0.8995238 0.6548733 -0.1187500
v -0.8995238 0.6548733 -0.0437500
v -0.8995238 0.6548733 -0.0437500
v -0.8995238 0.6548733 -0.1187500
v -0.7866478 0.7866478 -0.1187500
v -0.7866478 0.7866478 -0.0437500
v -1.1712500 0.0632500 -0.1187500
v -1.1125000 -0.0000000 -0.1187500
v -1.1712500 -0.0632500 -0.1187500
v -1.1750000 -0.0000000 -0.1187500
v -1.0988008 0.1751158 -0.1187500
v -1.1125000 -0.0000000 -0.1187500
v -1.1712500 0.0632500 -0.1187500
v -1.1667170 0.1207397 -0.1187500
v -1.1469255 0.2456872 -0.1187500
v -1.0988008 0.1751158 -0.1187500
v -1.1667170 0.1207397 -0.1187500
v -1.1605250 0.1838000 -0.1187500
v -1.0578755 0.3448500 -0.1187500
v -1.0988008 0.1751158 -0.1187500
v -1.1469255 0.2456872 -0.1187500
v -1.1334528 0.3017597 -0.1187500
v -1.0943642 0.4220727 -0.1187500
v -1.0578755 0.3448500 -0.1187500
v -1.1334528 0.3017597 -0.1187500
v -1.1174750 0.3630750 -0.1187500
v -0.9909000 0.5060925 -0.1187500
v -1.0578755 0.3448500 -0.1187500
v -1.0943642 0.4220727 -0.1187500
v -1.0722993 0.4753668 -0.1187500
v -1.0148682 0.5880783 -0.1187500
v -0.9909000 0.5060925 -0.1187500
v -1.0722993 0.4753668 -0.1187500
v -1.0469250 0.5334250 -0.1187500
v -0.8995238 0.6548733 -0.1187500
v -0.9909000 0.5060925 -0.1187500
v -1.0148682 0.5880783 -0.1187500
v -0.9847458 0.6372515 -0.1187500
v -0.9103868 0.7395900 -0.1187500
v -0.8995238 0.6548733 -0.1187500
v -0.9847458 0.6372515 -0.1187500
v -0.9506000 0.6906250 -0.1187500
v -0.7866478 0.7866478 -0.1187500
v -0.8995238 0.6548733 -0.1187500
v -0.9103868 0.7395900 -0.1187500
v -0.8730918 0.7836435 -0.1187500
v -1.1750000 -0.0000000 0.1187500
v -1.1712500 -0.0632500 0.1187500
v -1.1125000 -0.0000000 0.1187500
v -1.1712500 0.0632500 0.1187500
v -1.1667170 0.1207397 0.1187500
v -1.1712500 0.0632500 0.1187500
v -1.1125000 -0.0000000 0.1187500
v -1.0988008 0.1751158 0.1187500
v -1.1605250 0.1838000 0.1187500
v -1.1667170 0.1207397 0.1187500
v -1.0988008 0.1751158 0.1187500
v -1.1469255 0.2456872 0.1187500
v -1.1334528 0.3017597 0.1187500
v -1.1469255 0.2456872 0.1187500
v -1.0988008 0.1751158 0.1187500
v -1.0578755 0.3448500 0.1187500
v -1.1174750 0.3630750 0.1187500
v -1.1334528 0.3017597 0.1187500
v -1.0578755 0.3448500 0.1187500
v -1.0943642 0.4220727 0.1187500
v -1.0722993 0.4753668 0.1187500
v -1.0943642 0.4220727 0.1187500
v -1.0578755 0.3448500 0.1187500
v -0.9909000 0.5060925 0.1187500
v -1.0469250 0.5334250 0.1187500
v -1.0722993 0.4753668 0.1187500
v -0.9909000 0.5060925 0.1187500
v -1.0148682 0.5880783 0.1187500
v -0.9847458 0.6372515 0.1187500
v -1.0148682 0.5880783 0.1187500
v -0.9909000 0.5060925 0.1187500
v -0.8995238 0.6548733 0.1187500
v -0.9506000 0.6906250 0.1187500
v -0.9847458 0.6372515 0.1187500
v -0.8995238 0.6548733 0.1187500
v -0.9103868 0.7395900 0.1187500
v -0.8730918 0.7836435 0.1187500
v -0.9103868 0.7395900 0.1187500
v -0.8995238 0.6548733 0.1187500
v -0.7866478 0.7866478 0.1187500
v -0.9409826 0.9098699 -0.1187500
v -0.9409826 0.9098699 0.1187500
v -0.9098699 0.9409826 0.1187500
v -0.9098699 0.9409826 -0.1187500
v -0.8273152 0.9050970 0.1187500
v -0.8273152 0.9050970 -0.1187500
v -0.9098699 0.9409826 -0.1187500
v -0.9098699 0.9409826 0.1187500
v -0.7836513 0.8731004 -0.1187500
v -0.8273152 0.9050970 -0.1187500
v -0.8273152 0.9050970 0.1187500
v -0.7836513 0.8731004 0.1187500
v -0.9409826 0.9098699 0.1187500
v -0.9409826 0.9098699 -0.1187500
v -0.9050970 0.8273152 -0.1187500
v -0.9050970 0.8273152 0.1187500
v -0.8731004 0.7836513 0.1187500
v -0.9050970 0.8273152 0.1187500
v -0.9050970 0.8273152 -0.1187500
v -0.8731004 0.7836513 -0.1187500
v -0.7834746 0.8729236 -0.1187500
v -0.8308507 0.8308507 -0.1187500
v -0.9050970 0.8273152 -0.1187500
v -0.8273152 0.9050970 -0.1187500
v -0.8308507 0.8308507 -0.1187500
v -0.8729236 0.7834746 -0.1187500
v -0.9050970 0.8273152 -0.1187500
v -0.8273152 0.9050970 -0.1187500
v -0.9050970 0.8273152 -0.1187500
v -0.9409826 0.9098699 -0.1187500
v -0.9098699 0.9409826 -0.1187500
v -0.8273152 0.9050970 0.1187500
v -0.9050970 0.8273152 0.1187500
v -0.8308507 0.8308507 0.1187500
v -0.7834746 0.8729236 0.1187500
v -0.9050970 0.8273152 0.1187500
v -0.8729236 0.7834746 0.1187500
v -0.8308507 0.8308507 0.1187500
v -0.9409826 0.9098699 0.1187500
v -0.9050970 0.8273152 0.1187500
v -0.8273152 0.9050970 0.1187500
v -0.9098699 0.9409826 0.1187500
v -0.7834746 0.8729236 -0.1187500
v -0.7834746 0.8729236 0.1187500
v -0.7396177 0.9103699 0.1187500
v -0.7396177 0.9103699 -0.1187500
v -0.7870690 1.0458539 -0.1187500
v -0.7870690 1.0458539 0.1187500
v -0.7514705 1.0717171 0.1187500
v -0.7514705 1.0717171 -0.1187500
v -0.6755417 1.0233606 0.1187500
v -0.6755417 1.0233606 -0.1187500
v -0.7514705 1.0717171 -0.1187500
v -0.7514705 1.0717171 0.1187500
v -0.6374187 0.9849284 -0.1187500
v -0.6755417 1.0233606 -0.1187500
v -0.6755417 1.0233606 0.1187500
v -0.6374187 0.9849284 0.1187500
v -0.7870690 1.0458539 0.1187500
v -0.7870690 1.0458539 -0.1187500
v -0.7645382 0.9587027 -0.1187500
v -0.7645382 0.9587027 0.1187500
v -0.7397647 0.9105718 0.1187500
v -0.7645382 0.9587027 0.1187500
v -0.7645382 0.9587027 -0.1187500
v -0.7397647 0.9105718 -0.1187500
v -0.6372718 0.9847261 -0.1187500
v -0.6906491 0.9505816 -0.1187500
v -0.7645382 0.9587027 -0.1187500
v -0.6755417 1.0233606 -0.1187500
v -0.6906491 0.9505816 -0.1187500
v -0.7396177 0.9103696 -0.1187500
v -0.7645382 0.9587027 -0.1187500
v -0.6755417 1.0233606 -0.1187500
v -0.7645382 0.9587027 -0.1187500
v -0.7870690 1.0458539 -0.1187500
v -0.7514705 1.0717171 -0.1187500
v -0.6755417 1.0233606 0.1187500
v -0.7645382 0.9587027 0.1187500
v -0.6906491 0.9505816 0.1187500
v -0.6372718 0.9847261 0.1187500
v -0.7645382 0.9587027 0.1187500
v -0.7396177 0.9103696 0.1187500
v -0.6906491 0.9505816 0.1187500
v -0.7870690 1.0458539 0.1187500
v -0.7645382 0.9587027 0.1187500
v -0.6755417 1.0233606 0.1187500
v -0.7514705 1.0717171 0.1187500
v -0.6372721 0.9847264 -0.1187500
v -0.6372721 0.9847264 0.1187500
v -0.5880959 1.0148488 0.1187500
v -0.5880959 1.0148488 -0.1187500
v -0.6137709 1.1560933 -0.1187500
v -0.6137709 1.1560933 0.1187500
v -0.5745661 1.1760705 0.1187500
v -0.5745661 1.1760705 -0.1187500
v -0.5071371 1.1164300 0.1187500
v -0.5071371 1.1164300 -0.1187500
v -0.5745661 1.1760705 -0.1187500
v -0.5745661 1.1760705 0.1187500
v -0.4754954 1.0725059 -0.1187500
v -0.5071371 1.1164300 -0.1187500
v -0.5071371 1.1164300 0.1187500
v -0.4754954 1.0725059 0.1187500
v -0.6137709 1.1560933 0.1187500
v -0.6137709 1.1560933 -0.1187500
v -0.6051492 1.0664871 -0.1187500
v -0.6051492 1.0664871 0.1187500
v -0.5882094 1.0150715 0.1187500
v -0.6051492 1.0664871 0.1187500
v -0.6051492 1.0664871 -0.1187500
v -0.5882094 1.0150715 -0.1187500
v -0.4753819 1.0722831 -0.1187500
v -0.5334415 1.0469073 -0.1187500
v -0.6051492 1.0664871 -0.1187500
v -0.5071371 1.1164300 -0.1187500
v -0.5334415 1.0469073 -0.1187500
v -0.5880959 1.0148487 -0.1187500
v -0.6051492 1.0664871 -0.1187500
v -0.5071371 1.1164300 -0.1187500
v -0.6051492 1.0664871 -0.1187500
v -0.6137709 1.1560933 -0.1187500
v -0.5745661 1.1760705 -0.1187500
v -0.5071371 1.1164300 0.1187500
v -0.6051492 1.0664871 0.1187500
v -0.5334415 1.0469073 0.1187500
v -0.4753819 1.0722831 0.1187500
v -0.6051492 1.0664871 0.1187500
v -0.5880959 1.0148487 0.1187500
v -0.5334415 1.0469073 0.1187500
v -0.6137709 1.1560933 0.1187500
v -0.6051492 1.0664871 0.1187500
v -0.5071371 1.1164300 0.1187500
v -0.5745661 1.1760705 0.1187500
v -0.4753820 1.0722832 -0.1187500
v -0.4753820 1.0722832 0.1187500
v -0.4220951 1.0943655 0.1187500
v -0.4220951 1.0943655 -0.1187500
v -0.4253523 1.2378826 -0.1187500
v -0.4253523 1.2378826 0.1187500
v -0.3835057 1.2514788 0.1187500
v -0.3835057 1.2514788 -0.1187500
v -0.3262415 1.1820248 0.1187500
v -0.3262415 1.1820248 -0.1187500
v -0.3835057 1.2514788 -0.1187500
v -0.3835057 1.2514788 0.1187500
v -0.3018634 1.1336925 -0.1187500
v -0.3262415 1.1820248 -0.1187500
v -0.3262415 1.1820248 0.1187500
v -0.3018634 1.1336925 0.1187500
v -0.4253523 1.2378826 0.1187500
v -0.4253523 1.2378826 -0.1187500
v -0.4308580 1.1480342 -0.1187500
v -0.4308580 1.1480342 0.1187500
v -0.4221724 1.0946032 0.1187500
v -0.4308580 1.1480342 0.1187500
v -0.4308580 1.1480342 -0.1187500
v -0.4221724 1.0946032 -0.1187500
v -0.3017862 1.1334547 -0.1187500
v -0.3630994 1.1174765 -0.1187500
v -0.4308580 1.1480342 -0.1187500
v -0.3262415 1.1820248 -0.1187500
v -0.3630994 1.1174765 -0.1187500
v -0.4220951 1.0943655 -0.1187500
v -0.4308580 1.1480342 -0.1187500
v -0.3262415 1.1820248 -0.1187500
v -0.4308580 1.1480342 -0.1187500
v -0.4253523 1.2378826 -0.1187500
v -0.3835057 1.2514788 -0.1187500
v -0.3262415 1.1820248 0.1187500
v -0.4308580 1.1480342 0.1187500
v -0.3630994 1.1174765 0.1187500
v -0.3017862 1.1334547 0.1187500
v -0.4308580 1.1480342 0.1187500
v -0.4220951 1.0943655 0.1187500
v -0.3630994 1.1174765 0.1187500
v -0.4253523 1.2378826 0.1187500
v -0.4308580 1.1480342 0.1187500
v -0.3262415 1.1820248 0.1187500
v -0.3835057 1.2514788 0.1187500
v -0.3017862 1.1334547 -0.1187500
v -0.3017862 1.1334547 0.1187500
v -0.2457154 1.1469258 0.1187500
v -0.2457154 1.1469258 -0.1187500
v -0.2264797 1.2891840 -0.1187500
v -0.2264797 1.2891840 0.1187500
v -0.1830209 1.2960656 0.1187500
v -0.1830209 1.2960656 -0.1187500
v -0.1373273 1.2185080 0.1187500
v -0.1373273 1.2185080 -0.1187500
v -0.1830209 1.2960656 -0.1187500
v -0.1830209 1.2960656 0.1187500
v -0.1208107 1.1669570 -0.1187500
v -0.1373273 1.2185080 -0.1187500
v -0.1373273 1.2185080 0.1187500
v -0.1208107 1.1669570 0.1187500
v -0.2264797 1.2891840 0.1187500
v -0.2264797 1.2891840 -0.1187500
v -0.2459742 1.2013041 -0.1187500
v -0.2459742 1.2013041 0.1187500
v -0.2457547 1.1471725 0.1187500
v -0.2459742 1.2013041 0.1187500
v -0.2459742 1.2013041 -0.1187500
v -0.2457547 1.1471725 -0.1187500
v -0.1207716 1.1667101 -0.1187500
v -0.1838301 1.1605217 -0.1187500
v -0.2459742 1.2013041 -0.1187500
v -0.1373273 1.2185080 -0.1187500
v -0.1838301 1.1605217 -0.1187500
v -0.2457156 1.1469256 -0.1187500
v -0.2459742 1.2013041 -0.1187500
v -0.1373273 1.2185080 -0.1187500
v -0.2459742 1.2013041 -0.1187500
v -0.2264797 1.2891840 -0.1187500
v -0.1830209 1.2960656 -0.1187500
v -0.1373273 1.2185080 0.1187500
v -0.2459742 1.2013041 0.1187500
v -0.1838301 1.1605217 0.1187500
v -0.1207716 1.1667101 0.1187500
v -0.2459742 1.2013041 0.1187500
v -0.2457156 1.1469256 0.1187500
v -0.1838301 1.1605217 0.1187500
v -0.2264797 1.2891840 0.1187500
v -0.2459742 1.2013041 0.1187500
v -0.1373273 1.2185080 0.1187500
v -0.1830209 1.2960656 0.1187500
v -0.1207716 1.1667101 -0.1187500
v -0.1207716 1.1667101 0.1187500
v -0.0632495 1.1714891 0.1187500
v -0.0632495 1.1714891 -0.1187500
v -0.7866565 0.7866565 0.1187500
v -0.7866565 0.7866565 0.0437500
v -0.6531441 0.9007953 0.0437500
v -0.6531441 0.9007953 0.1187500
v -0.6531441 0.9007953 0.1187500
v -0.6531441 0.9007953 0.0437500
v -0.5041853 0.9918770 0.0437500
v -0.5041853 0.9918770 0.1187500
v -0.5041853 0.9918770 0.1187500
v -0.5041853 0.9918770 0.0437500
v -0.3428108 1.0585339 0.0437500
v -0.3428108 1.0585339 0.1187500
v -0.3428108 1.0585339 0.1187500
v -0.3428108 1.0585339 0.0437500
v -0.1729941 1.0991250 0.0437500
v -0.1729941 1.0991250 0.1187500
v -0.1729941 1.0991250 0.1187500
v -0.1729941 1.0991250 0.0437500
v 0.0000000 1.1124883 0.0437500
v 0.0000000 1.1124883 0.1187500
v -0.7866565 0.7866565 -0.0437500
v -0.7866565 0.7866565 -0.1187500
v -0.6531441 0.9007953 -0.1187500
v -0.6531441 0.9007953 -0.0437500
v -0.6531441 0.9007953 -0.0437500
v -0.6531441 0.9007953 -0.1187500
v -0.5041853 0.9918770 -0.1187500
v -0.5041853 0.9918770 -0.0437500
v -0.5041853 0.9918770 -0.0437500
v -0.5041853 0.9918770 -0.1187500
v -0.3428108 1.0585339 -0.1187500
v -0.3428108 1.0585339 -0.0437500
v -0.3428108 1.0585339 -0.0437500
v -0.3428108 1.0585339 -0.1187500
v -0.1729941 1.0991250 -0.1187500
v -0.1729941 1.0991250 -0.0437500
v -0.1729941 1.0991250 -0.0437500
v -0.1729941 1.0991250 -0.1187500
v 0.0000000 1.1124883 -0.1187500
v 0.0000000 1.1124883 -0.0437500
v -0.7834746 0.8729236 -0.1187500
v -0.7866565 0.7866565 -0.1187500
v -0.8729236 0.7834746 -0.1187500
v -0.8308507 0.8308507 -0.1187500
v -0.6531441 0.9007953 -0.1187500
v -0.7866565 0.7866565 -0.1187500
v -0.7834746 0.8729236 -0.1187500
v -0.7396178 0.9103697 -0.1187500
v -0.6372719 0.9847262 -0.1187500
v -0.6531441 0.9007953 -0.1187500
v -0.7396178 0.9103697 -0.1187500
v -0.6906491 0.9505816 -0.1187500
v -0.5041853 0.9918770 -0.1187500
v -0.6531441 0.9007953 -0.1187500
v -0.6372719 0.9847262 -0.1187500
v -0.5880959 1.0148488 -0.1187500
v -0.4753820 1.0722832 -0.1187500
v -0.5041853 0.9918770 -0.1187500
v -0.5880959 1.0148488 -0.1187500
v -0.5334415 1.0469073 -0.1187500
v -0.3428108 1.0585339 -0.1187500
v -0.5041853 0.9918770 -0.1187500
v -0.4753820 1.0722832 -0.1187500
v -0.4220951 1.0943655 -0.1187500
v -0.3017862 1.1334547 -0.1187500
v -0.3428108 1.0585339 -0.1187500
v -0.4220951 1.0943655 -0.1187500
v -0.3630994 1.1174765 -0.1187500
v -0.1729941 1.0991250 -0.1187500
v -0.3428108 1.0585339 -0.1187500
v -0.3017862 1.1334547 -0.1187500
v -0.2457156 1.1469256 -0.1187500
v -0.1207716 1.1667101 -0.1187500
v -0.1729941 1.0991250 -0.1187500
v -0.2457156 1.1469256 -0.1187500
v -0.1838301 1.1605217 -0.1187500
v 0.0000000 1.1124883 -0.1187500
v -0.1729941 1.0991250 -0.1187500
v -0.1207716 1.1667101 -0.1187500
v -0.0632495 1.1714891 -0.1187500
v -0.8308507 0.8308507 0.1187500
v -0.8729236 0.7834746 0.1187500
v -0.7866565 0.7866565 0.1187500
v -0.7834746 0.8729236 0.1187500
v -0.7396178 0.9103697 0.1187500
v -0.7834746 0.8729236 0.1187500
v -0.7866565 0.7866565 0.1187500
v -0.6531441 0.9007953 0.1187500
v -0.6906491 0.9505816 0.1187500
v -0.7396178 0.9103697 0.1187500
v -0.6531441 0.9007953 0.1187500
v -0.6372719 0.9847262 0.1187500
v -0.5880959 1.0148488 0.1187500
v -0.6372719 0.9847262 0.1187500
v -0.6531441 0.9007953 0.1187500
v -0.5041853 0.9918770 0.1187500
v -0.5334415 1.0469073 0.1187500
v -0.5880959 1.0148488 0.1187500
v -0.5041853 0.9918770 0.1187500
v -0.4753820 1.0722832 0.1187500
v -0.4220951 1.0943655 0.1187500
v -0.4753820 1.0722832 0.1187500
v -0.5041853 0.9918770 0.1187500
v -0.3428108 1.0585339 0.1187500
v -0.3630994 1.1174765 0.1187500
v -0.4220951 1.0943655 0.1187500
v -0.3428108 1.0585339 0.1187500
v -0.3017862 1.1334547 0.1187500
v -0.2457156 1.1469256 0.1187500
v -0.3017862 1.1334547 0.1187500
v -0.3428108 1.0585339 0.1187500
v -0.1729941 1.0991250 0.1187500
v -0.1838301 1.1605217 0.1187500
v -0.2457156 1.1469256 0.1187500
v -0.1729941 1.0991250 0.1187500
v -0.1207716 1.1667101 0.1187500
v -0.0632495 1.1714891 0.1187500
v -0.1207716 1.1667101 0.1187500
v -0.1729941 1.0991250 0.1187500
v 0.0000000 1.1124883 0.1187500
s off
f 1 2 3
f 4 5 6
f 7 8 9
f 10 11 12
f 13 14 15
f 16 17 18
f 16 18 19
f 20 21 22
f 20 22 23
f 24 25 26
f 27 28 29
f 27 29 30
f 31 32 33
f 31 33 34
f 35 36 37
f 35 37 38
f 39 40 41
f 42 43 44
f 42 44 45
f 46 47 48
f 49 50 51
f 49 51 52
f 53 54 55
f 53 55 56
f 57 58 59
f 60 61 62
f 63 64 65
f 66 67 68
f 69 70 71
f 72 73 74
f 72 74 75
f 76 77 78
f 76 78 79
f 80 81 82
f 83 84 85
f 83 85 86
f 87 88 89
f 87 89 90
f 91 92 93
f 91 93 94
f 95 96 97
f 98 99 100
f 98 100 101
f 102 103 104
f 105 106 107
f 105 107 108
f 109 110 111
f 109 111 112
f 113 114 115
f 113 115 116
f 117 118 119
f 117 119 120
f 121 122 123
f 121 123 124
f 125 126 127
f 125 127 128
f 129 130 131
f 129 131 132
f 133 134 135
f 133 135 136
f 137 138 139
f 137 139 140
f 141 142 143
f 141 143 144
f 145 146 147
f 145 147 148
f 149 150 151
f 149 151 152
f 153 154 155
f 153 155 156
f 157 158 159
f 157 159 160
f 161 162 163
f 161 163 164
f 165 166 167
f 165 167 168
f 169 170 171
f 169 171 172
f 173 174 175
f 173 175 176
f 177 178 179
f 177 179 180
f 181 182 183
f 181 183 184
f 185 186 187
f 185 187 188
f 189 190 191
f 189 191 192
f 193 194 195
f 196 197 198
f 199 200 201
f 202 203 204
f 205 206 207
f 208 209 210
f 208 210 211
f 212 213 214
f 212 214 215
f 216 217 218
f 219 220 221
f 219 221 222
f 223 224 225
f 223 225 226
f 227 228 229
f 227 229 230
f 231 232 233
f 234 235 236
f 234 236 237
f 238 239 240
f 241 242 243
f 241 243 244
f 245 246 247
f 245 247 248
f 249 250 251
f 252 253 254
f 255 256 257
f 258 259 260
f 261 262 263
f 264 265 266
f 264 266 267
f 268 269 270
f 268 270 271
f 272 273 274
f 275 276 277
f 275 277 278
f 279 280 281
f 279 281 282
f 283 284 285
f 283 285 286
f 287 288 289
f 290 291 292
f 290 292 293
f 294 295 296
f 297 298 299
f 297 299 300
f 301 302 303
f 301 303 304
f 305 306 307
f 305 307 308
f 309 310 311
f 309 311 312
f 313 314 315
f 313 315 316
f 317 318 319
f 317 319 320
f 321 322 323
f 321 323 324
f 325 326 327
f 325 327 328
f 329 330 331
f 329 331 332
f 333 334 335
f 333 335 336
f 337 338 339
f 337 339 340
f 341 342 343
f 341 343 344
f 345 346 347
f 345 347 348
f 349 350 351
f 349 351 352
f 353 354 355
f 353 355 356
f 357 358 359
f 357 359 360
f 361 362 363
f 361 363 364
f 365 366 367
f 365 367 368
f 369 370 371
f 369 371 372
f 373 374 375
f 373 375 376
f 377 378 379
f 377 379 380
f 381 382 383
f 381 383 384
f 385 386 387
f 388 389 390
f 391 392 393
f 394 395 396
f 397 398 399
f 400 401 402
f 400 402 403
f 404 405 406
f 404 406 407
f 408 409 410
f 411 412 413
f 411 413 414
f 415 416 417
f 415 417 418
f 419 420 421
f 419 421 422
f 423 424 425
f 426 427 428
f 426 428 429
f 430 431 432
f 433 434 435
f 433 435 436
f 437 438 439
f 437 439 440
f 441 442 443
f 444 445 446
f 447 448 449
f 450 451 452
f 453 454 455
f 456 457 458
f 456 458 459
f 460 461 462
f 460 462 463
f 464 465 466
f 467 468 469
f 467 469 470
f 471 472 473
f 471 473 474
f 475 476 477
f 475 477 478
f 479 480 481
f 482 483 484
f 482 484 485
f 486 487 488
f 489 490 491
f 489 491 492
f 493 494 495
f 493 495 496
f 497 498 499
f 497 499 500
f 501 502 503
f 501 503 504
f 505 506 507
f 505 507 508
f 509 510 511
f 509 511 512
f 513 514 515
f 513 515 516
f 517 518 519
f 517 519 520
f 521 522 523
f 521 523 524
f 525 526 527
f 525 527 528
f 529 530 531
f 529 531 532
f 533 534 535
f 533 535 536
f 537 538 539
f 537 539 540
f 541 542 543
f 541 543 544
f 545 546 547
f 545 547 548
f 549 550 551
f 549 551 552
f 553 554 555
f 553 555 556
f 557 558 559
f 557 559 560
f 561 562 563
f 561 563 564
f 565 566 567
f 565 567 568
f 569 570 571
f 569 571 572
f 573 574 575
f 573 575 576
f 577 578 579
f 580 581 582
f 583 584 585
f 586 587 588
f 589 590 591
f 592 593 594
f 592 594 595
f 596 597 598
f 596 598 599
f 600 601 602
f 603 604 605
f 603 605 606
f 607 608 609
f 607 609 610
f 611 612 613
f 611 613 614
f 615 616 617
f 618 619 620
f 618 620 621
f 622 623 624
f 625 626 627
f 625 627 628
f 629 630 631
f 629 631 632
f 633 634 635
f 636 637 638
f 639 640 641
f 642 643 644
f 645 646 647
f 648 649 650
f 648 650 651
f 652 653 654
f 652 654 655
f 656 657 658
f 659 660 661
f 659 661 662
f 663 664 665
f 663 665 666
f 667 668 669
f 667 669 670
f 671 672 673
f 674 675 676
f 674 676 677
f 678 679 680
f 681 682 683
f 681 683 684
f 685 686 687
f 685 687 688
f 689 690 691
f 689 691 692
f 693 694 695
f 693 695 696
f 697 698 699
f 697 699 700
f 701 702 703
f 701 703 704
f 705 706 707
f 705 707 708
f 709 710 711
f 709 711 712
f 713 714 715
f 713 715 716
f 717 718 719
f 717 719 720
f 721 722 723
f 721 723 724
f 725 726 727
f 725 727 728
f 729 730 731
f 729 731 732
f 733 734 735
f 733 735 736
f 737 738 739
f 737 739 740
f 741 742 743
f 741 743 744
f 745 746 747
f 745 747 748
f 749 750 751
f 749 751 752
f 753 754 755
f 753 755 756
f 757 758 759
f 757 759 760
f 761 762 763
f 761 763 764
f 765 766 767
f 765 767 768
f 769 770 771
f 772 773 774
f 775 776 777
f 778 779 780
f 781 782 783
f 784 785 786
f 784 786 787
f 788 789 790
f 788 790 791
f 792 793 794
f 795 796 797
f 795 797 798
f 799 800 801
f 799 801 802
f 803 804 805
f 803 805 806
f 807 808 809
f 810 811 812
f 810 812 813
f 814 815 816
f 817 818 819
f 817 819 820
f 821 822 823
f 821 823 824
f 825 826 827
f 828 829 830
f 831 832 833
f 834 835 836
f 837 838 839
f 840 841 842
f 840 842 843
f 844 845 846
f 844 846 847
f 848 849 850
f 851 852 853
f 851 853 854
f 855 856 857
f 855 857 858
f 859 860 861
f 859 861 862
f 863 864 865
f 866 867 868
f 866 868 869
f 870 871 872
f 873 874 875
f 873 875 876
f 877 878 879
f 877 879 880
f 881 882 883
f 881 883 884
f 885 886 887
f 885 887 888
f 889 890 891
f 889 891 892
f 893 894 895
f 893 895 896
f 897 898 899
f 897 899 900
f 901 902 903
f 901 903 904
f 905 906 907
f 905 907 908
f 909 910 911
f 909 911 912
f 913 914 915
f 913 915 916
f 917 918 919
f 917 919 920
f 921 922 923
f 921 923 924
f 925 926 927
f 925 927 928
f 929 930 931
f 929 931 932
f 933 934 935
f 933 935 936
f 937 938 939
f 937 939 940
f 941 942 943
f 941 943 944
f 945 946 947
f 945 947 948
f 949 950 951
f 949 951 952
f 953 954 955
f 953 955 956
f 957 958 959
f 957 959 960
f 961 962 963
f 961 963 964
f 965 966 967
f 965 967 968
f 969 970 971
f 969 971 972
f 973 974 975
f 973 975 976
f 977 978 979
f 977 979 980
f 981 982 983
f 981 983 984
f 985 986 987
f 985 987 988
f 989 990 991
f 989 991 992
f 993 994 995
f 993 995 996
f 997 998 999
f 997 999 1000
f 1001 1002 1003
f 1001 1003 1004
f 1005 1006 1007
f 1005 1007 1008
f 1009 1010 1011
f 1009 1011 1012
f 1013 1014 1015
f 1013 1015 1016
f 1017 1018 1019
f 1017 1019 1020
f 1021 1022 1023
f 1021 1023 1024
f 1025 1026 1027
f 1025 1027 1028
f 1029 1030 1031
f 1029 1031 1032
f 1033 1034 1035
f 1033 1035 1036
f 1037 1038 1039
f 1037 1039 1040
f 1041 1042 1043
f 1041 1043 1044
f 1045 1046 1047
f 1045 1047 1048
f 1049 1050 1051
f 1049 1051 1052
f 1053 1054 1055
f 1053 1055 1056
f 1057 1058 1059
f 1057 1059 1060
f 1061 1062 1063
f 1061 1063 1064
f 1065 1066 1067
f 1065 1067 1068
f 1069 1070 1071
f 1069 1071 1072
f 1073 1074 1075
f 1073 1075 1076
f 1077 1078 1079
f 1080 1081 1082
f 1083 1084 1085
f 1086 1087 1088
f 1089 1090 1091
f 1089 1091 1092
f 1093 1094 1095
f 1093 1095 1096
f 1097 1098 1099
f 1097 1099 1100
f 1101 1102 1103
f 1101 1103 1104
f 1105 1106 1107
f 1105 1107 1108
f 1109 1110 1111
f 1109 1111 1112
f 1113 1114 1115
f 1113 1115 1116
f 1117 1118 1119
f 1117 1119 1120
f 1121 1122 1123
f 1124 1125 1126
f 1127 1128 1129
f 1130 1131 1132
f 1133 1134 1135
f 1136 1137 1138
f 1139 1140 1141
f 1142 1143 1144
f 1145 1146 1147
f 1145 1147 1148
f 1149 1150 1151
f 1149 1151 1152
f 1153 1154 1155
f 1153 1155 1156
f 1157 1158 1159
f 1157 1159 1160
f 1161 1162 1163
f 1164 1165 1166
f 1167 1168 1169
f 1170 1171 1172
f 1173 1174 1175
f 1173 1175 1176
f 1177 1178 1179
f 1180 1181 1182
f 1183 1184 1185
f 1186 1187 1188
f 1189 1190 1191
f 1192 1193 1194
f 1195 1196 1197
f 1198 1199 1200
f 1201 1202 1203
f 1201 1203 1204
f 1205 1206 1207
f 1205 1207 1208
f 1209 1210 1211
f 1209 1211 1212
f 1213 1214 1215
f 1213 1215 1216
f 1217 1218 1219
f 1217 1219 1220
f 1221 1222 1223
f 1221 1223 1224
f 1225 1226 1227
f 1225 1227 1228
f 1229 1230 1231
f 1229 1231 1232
f 1233 1234 1235
f 1236 1237 1238
f 1239 1240 1241
f 1242 1243 1244
f 1245 1246 1247
f 1245 1247 1248
f 1249 1250 1251
f 1249 1251 1252
f 1253 1254 1255
f 1253 1255 1256
f 1257 1258 1259
f 1257 1259 1260
f 1261 1262 1263
f 1261 1263 1264
f 1265 1266 1267
f 1265 1267 1268
f 1269 1270 1271
f 1269 1271 1272
f 1273 1274 1275
f 1273 1275 1276
f 1277 1278 1279
f 1280 1281 1282
f 1283 1284 1285
f 1286 1287 1288
f 1289 1290 1291
f 1292 1293 1294
f 1295 1296 1297
f 1298 1299 1300
f 1301 1302 1303
f 1301 1303 1304
f 1305 1306 1307
f 1305 1307 1308
f 1309 1310 1311
f 1309 1311 1312
f 1313 1314 1315
f 1313 1315 1316
f 1317 1318 1319
f 1320 1321 1322
f 1323 1324 1325
f 1326 1327 1328
f 1329 1330 1331
f 1329 1331 1332
f 1333 1334 1335
f 1336 1337 1338
f 1339 1340 1341
f 1342 1343 1344
f 1345 1346 1347
f 1348 1349 1350
f 1351 1352 1353
f 1354 1355 1356
f 1357 1358 1359
f 1357 1359 1360
f 1361 1362 1363
f 1361 1363 1364
f 1365 1366 1367
f 1365 1367 1368
f 1369 1370 1371
f 1369 1371 1372
f 1373 1374 1375
f 1373 1375 1376
f 1377 1378 1379
f 1377 1379 1380
f 1381 1382 1383
f 1381 1383 1384
f 1385 1386 1387
f 1388 1389 1390
f 1388 1390 1391
f 1392 1393 1394
f 1392 1394 1395
f 1396 1397 1398
f 1396 1398 1399
f 1400 1401 1402
f 1400 1402 1403
f 1404 1405 1406
f 1404 1406 1407
f 1408 1409 1410
f 1408 1410 1411
f 1412 1413 1414
f 1415 1416 1417
f 1415 1417 1418
f 1419 1420 1421
f 1422 1423 1424
f 1422 1424 1425
f 1426 1427 1428
f 1429 1430 1431
f 1429 1431 1432
f 1433 1434 1435
f 1433 1435 1436
f 1437 1438 1439
f 1437 1439 1440
f 1441 1442 1443
f 1441 1443 1444
f 1445 1446 1447
f 1445 1447 1448
f 1449 1450 1451
f 1449 1451 1452
f 1453 1454 1455
f 1453 1455 1456
f 1457 1458 1459
f 1457 1459 1460
f 1461 1462 1463
f 1461 1463 1464
f 1465 1466 1467
f 1468 1469 1470
f 1468 1470 1471
f 1472 1473 1474
f 1472 1474 1475
f 1476 1477 1478
f 1476 1478 1479
f 1480 1481 1482
f 1480 1482 1483
f 1484 1485 1486
f 1484 1486 1487
f 1488 1489 1490
f 1491 1492 1493
f 1491 1493 1494
f 1495 1496 1497
f 1498 1499 1500
f 1498 1500 1501
f 1502 1503 1504
f 1505 1506 1507
f 1505 1507 1508
f 1509 1510 1511
f 1509 1511 1512
f 1513 1514 1515
f 1513 1515 1516
f 1517 1518 1519
f 1517 1519 1520
f 1521 1522 1523
f 1521 1523 1524
f 1525 1526 1527
f 1525 1527 1528
f 1529 1530 1531
f 1529 1531 1532
f 1533 1534 1535
f 1533 1535 1536
f 1537 1538 1539
f 1537 1539 1540
f 1541 1542 1543
f 1544 1545 1546
f 1547 1548 1549
f 1550 1551 1552
f 1553 1554 1555
f 1553 1555 1556
f 1557 1558 1559
f 1557 1559 1560
f 1561 1562 1563
f 1561 1563 1564
f 1565 1566 1567
f 1565 1567 1568
f 1569 1570 1571
f 1569 1571 1572
f 1573 1574 1575
f 1573 1575 1576
f 1577 1578 1579
f 1577 1579 1580
f 1581 1582 1583
f 1581 1583 1584
f 1585 1586 1587
f 1588 1589 1590
f 1591 1592 1593
f 1594 1595 1596
f 1597 1598 1599
f 1600 1601 1602
f 1603 1604 1605
f 1606 1607 1608
f 1609 1610 1611
f 1609 1611 1612
f 1613 1614 1615
f 1613 1615 1616
f 1617 1618 1619
f 1617 1619 1620
f 1621 1622 1623
f 1621 1623 1624
f 1625 1626 1627
f 1628 1629 1630
f 1631 1632 1633
f 1634 1635 1636
f 1637 1638 1639
f 1637 1639 1640
f 1641 1642 1643
f 1644 1645 1646
f 1647 1648 1649
f 1650 1651 1652
f 1653 1654 1655
f 1656 1657 1658
f 1659 1660 1661
f 1662 1663 1664
f 1665 1666 1667
f 1665 1667 1668
f 1669 1670 1671
f 1669 1671 1672
f 1673 1674 1675
f 1673 1675 1676
f 1677 1678 1679
f 1677 1679 1680
f 1681 1682 1683
f 1681 1683 1684
f 1685 1686 1687
f 1685 1687 1688
f 1689 1690 1691
f 1689 1691 1692
f 1693 1694 1695
f 1693 1695 1696
f 1697 1698 1699
f 1700 1701 1702
f 1703 1704 1705
f 1706 1707 1708
f 1709 1710 1711
f 1709 1711 1712
f 1713 1714 1715
f 1713 1715 1716
f 1717 1718 1719
f 1717 1719 1720
f 1721 1722 1723
f 1721 1723 1724
f 1725 1726 1727
f 1725 1727 1728
f 1729 1730 1731
f 1729 1731 1732
f 1733 1734 1735
f 1733 1735 1736
f 1737 1738 1739
f 1737 1739 1740
f 1741 1742 1743
f 1744 1745 1746
f 1747 1748 1749
f 1750 1751 1752
f 1753 1754 1755
f 1756 1757 1758
f 1759 1760 1761
f 1762 1763 1764
f 1765 1766 1767
f 1765 1767 1768
f 1769 1770 1771
f 1769 1771 1772
f 1773 1774 1775
f 1773 1775 1776
f 1777 1778 1779
f 1777 1779 1780
f 1781 1782 1783
f 1784 1785 1786
f 1787 1788 1789
f 1790 1791 1792
f 1793 1794 1795
f 1793 1795 1796
f 1797 1798 1799
f 1800 1801 1802
f 1803 1804 1805
f 1806 1807 1808
f 1809 1810 1811
f 1812 1813 1814
f 1815 1816 1817
f 1818 1819 1820
f 1821 1822 1823
f 1821 1823 1824
f 1825 1826 1827
f 1825 1827 1828
f 1829 1830 1831
f 1829 1831 1832
f 1833 1834 1835
f 1833 1835 1836
f 1837 1838 1839
f 1837 1839 1840
f 1841 1842 1843
f 1841 1843 1844
f 1845 1846 1847
f 1845 1847 1848
f 1849 1850 1851
f 1849 1851 1852
f 1853 1854 1855
f 1856 1857 1858
f 1856 1858 1859
f 1860 1861 1862
f 1863 1864 1865
f 1863 1865 1866
f 1867 1868 1869
f 1867 1869 1870
f 1871 1872 1873
f 1871 1873 1874
f 1875 1876 1877
f 1875 1877 1878
f 1879 1880 1881
f 1882 1883 1884
f 1882 1884 1885
f 1886 1887 1888
f 1886 1888 1889
f 1890 1891 1892
f 1893 1894 1895
f 1893 1895 1896
f 1897 1898 1899
f 1897 1899 1900
f 1901 1902 1903
f 1901 1903 1904
f 1905 1906 1907
f 1905 1907 1908
f 1909 1910 1911
f 1909 1911 1912
f 1913 1914 1915
f 1913 1915 1916
f 1917 1918 1919
f 1917 1919 1920
f 1921 1922 1923
f 1921 1923 1924
f 1925 1926 1927
f 1928 1929 1930
f 1928 1930 1931
f 1932 1933 1934
f 1932 1934 1935
f 1936 1937 1938
f 1936 1938 1939
f 1940 1941 1942
f 1940 1942 1943
f 1944 1945 1946
f 1944 1946 1947
f 1948 1949 1950
f 1948 1950 1951
f 1952 1953 1954
f 1955 1956 1957
f 1955 1957 1958
f 1959 1960 1961
f 1962 1963 1964
f 1962 1964 1965
f 1966 1967 1968
f 1969 1970 1971
f 1969 1971 1972
f 1973 1974 1975
f 1973 1975 1976
f 1977 1978 1979
f 1977 1979 1980
f 1981 1982 1983
f 1981 1983 1984
f 1985 1986 1987
f 1985 1987 1988
f 1989 1990 1991
f 1989 1991 1992
f 1993 1994 1995
f 1993 1995 1996
f 1997 1998 1999
f 1997 1999 2000
f 2001 2002 2003
f 2001 2003 2004
f 2005 2006 2007
f 2005 2007 2008
f 2009 2010 2011
f 2012 2013 2014
f 2015 2016 2017
f 2018 2019 2020
f 2021 2022 2023
f 2024 2025 2026
f 2027 2028 2029
f 2030 2031 2032
f 2033 2034 2035
f 2036 2037 2038
f 2039 2040 2041
f 2042 2043 2044
f 2045 2046 2047
f 2045 2047 2048
f 2049 2050 2051
f 2049 2051 2052
f 2053 2054 2055
f 2053 2055 2056
f 2057 2058 2059
f 2057 2059 2060
f 2061 2062 2063
f 2061 2063 2064
f 2065 2066 2067
f 2065 2067 2068
f 2069 2070 2071
f 2069 2071 2072
f 2073 2074 2075
f 2073 2075 2076
f 2077 2078 2079
f 2077 2079 2080
f 2081 2082 2083
f 2081 2083 2084
f 2085 2086 2087
f 2085 2087 2088
f 2089 2090 2091
f 2089 2091 2092
f 2093 2094 2095
f 2093 2095 2096
f 2097 2098 2099
f 2097 2099 2100
f 2101 2102 2103
f 2101 2103 2104
f 2105 2106 2107
f 2105 2107 2108
f 2109 2110 2111
f 2109 2111 2112
f 2113 2114 2115
f 2113 2115 2116
f 2117 2118 2119
f 2117 2119 2120
f 2121 2122 2123
f 2121 2123 2124
f 2125 2126 2127
f 2125 2127 2128
f 2129 2130 2131
f 2129 2131 2132
f 2133 2134 2135
f 2136 2137 2138
f 2139 2140 2141
f 2142 2143 2144
f 2145 2146 2147
f 2145 2147 2148
f 2149 2150 2151
f 2149 2151 2152
f 2153 2154 2155
f 2153 2155 2156
f 2157 2158 2159
f 2157 2159 2160
f 2161 2162 2163
f 2161 2163 2164
f 2165 2166 2167
f 2165 2167 2168
f 2169 2170 2171
f 2169 2171 2172
f 2173 2174 2175
f 2173 2175 2176
f 2177 2178 2179
f 2177 2179 2180
f 2181 2182 2183
f 2181 2183 2184
f 2185 2186 2187
f 2185 2187 2188
f 2189 2190 2191
f 2189 2191 2192
f 2193 2194 2195
f 2193 2195 2196
f 2197 2198 2199
f 2197 2199 2200
f 2201 2202 2203
f 2201 2203 2204
f 2205 2206 2207
f 2205 2207 2208
f 2209 2210 2211
f 2209 2211 2212
f 2213 2214 2215
f 2213 2215 2216
f 2217 2218 2219
f 2217 2219 2220
f 2221 2222 2223
f 2221 2223 2224
f 2225 2226 2227
f 2225 2227 2228
f 2229 2230 2231
f 2229 2231 2232
f 2233 2234 2235
f 2233 2235 2236
f 2237 2238 2239
f 2237 2239 2240
f 2241 2242 2243
f 2241 2243 2244
f 2245 2246 2247
f 2245 2247 2248
f 2249 2250 2251
f 2249 2251 2252
f 2253 2254 2255
f 2253 2255 2256
f 2257 2258 2259
f 2257 2259 2260
f 2261 2262 2263
f 2261 2263 2264
f 2265 2266 2267
f 2265 2267 2268
f 2269 2270 2271
f 2269 2271 2272
f 2273 2274 2275
f 2273 2275 2276
f 2277 2278 2279
f 2277 2279 2280
f 2281 2282 2283
f 2281 2283 2284
f 2285 2286 2287
f 2285 2287 2288
f 2289 2290 2291
f 2289 2291 2292
f 2293 2294 2295
f 2293 2295 2296
f 2297 2298 2299
f 2297 2299 2300
f 2301 2302 2303
f 2301 2303 2304
f 2305 2306 2307
f 2305 2307 2308
f 2309 2310 2311
f 2309 2311 2312
f 2313 2314 2315
f 2313 2315 2316
f 2317 2318 2319
f 2317 2319 2320
f 2321 2322 2323
f 2321 2323 2324
f 2325 2326 2327
f 2325 2327 2328
f 2329 2330 2331
f 2329 2331 2332
f 2333 2334 2335
f 2333 2335 2336
f 2337 2338 2339
f 2337 2339 2340
f 2341 2342 2343
f 2341 2343 2344
f 2345 2346 2347
f 2345 2347 2348
f 2349 2350 2351
f 2349 2351 2352
f 2353 2354 2355
f 2353 2355 2356
f 2357 2358 2359
f 2357 2359 2360
f 2361 2362 2363
f 2361 2363 2364
f 2365 2366 2367
f 2365 2367 2368
f 2369 2370 2371
f 2369 2371 2372
f 2373 2374 2375
f 2373 2375 2376
f 2377 2378 2379
f 2377 2379 2380
f 2381 2382 2383
f 2381 2383 2384
f 2385 2386 2387
f 2385 2387 2388
f 2389 2390 2391
f 2389 2391 2392
f 2393 2394 2395
f 2393 2395 2396
f 2397 2398 2399
f 2397 2399 2400
f 2401 2402 2403
f 2401 2403 2404
f 2405 2406 2407
f 2405 2407 2408
f 2409 2410 2411
f 2409 2411 2412
f 2413 2414 2415
f 2413 2415 2416
f 2417 2418 2419
f 2417 2419 2420
f 2421 2422 2423
f 2421 2423 2424
f 2425 2426 2427
f 2425 2427 2428
f 2429 2430 2431
f 2429 2431 2432
f 2433 2434 2435
f 2433 2435 2436
f 2437 2438 2439
f 2437 2439 2440
f 2441 2442 2443
f 2441 2443 2444
f 2445 2446 2447
f 2445 2447 2448
f 2449 2450 2451
f 2449 2451 2452
f 2453 2454 2455
f 2453 2455 2456
f 2457 2458 2459
f 2457 2459 2460
f 2461 2462 2463
f 2461 2463 2464
f 2465 2466 2467
f 2465 2467 2468
f 2469 2470 2471
f 2469 2471 2472
f 2473 2474 2475
f 2473 2475 2476
f 2477 2478 2479
f 2477 2479 2480
f 2481 2482 2483
f 2481 2483 2484
f 2485 2486 2487
f 2485 2487 2488
f 2489 2490 2491
f 2489 2491 2492
f 2493 2494 2495
f 2493 2495 2496
f 2497 2498 2499
f 2497 2499 2500
f 2501 2502 2503
f 2501 2503 2504
f 2505 2506 2507
f 2505 2507 2508
f 2509 2510 2511
f 2509 2511 2512
f 2513 2514 2515
f 2513 2515 2516
f 2517 2518 2519
f 2517 2519 2520
f 2521 2522 2523
f 2521 2523 2524
f 2525 2526 2527
f 2525 2527 2528
f 2529 2530 2531
f 2529 2531 2532
f 2533 2534 2535
f 2533 2535 2536
f 2537 2538 2539
f 2537 2539 2540
f 2541 2542 2543
f 2541 2543 2544
f 2545 2546 2547
f 2545 2547 2548
f 2549 2550 2551
f 2549 2551 2552
f 2553 2554 2555
f 2556 2557 2558
f 2559 2560 2561
f 2562 2563 2564
f 2565 2566 2567
f 2565 2567 2568
f 2569 2570 2571
f 2569 2571 2572
f 2573 2574 2575
f 2573 2575 2576
f 2577 2578 2579
f 2577 2579 2580
f 2581 2582 2583
f 2581 2583 2584
f 2585 2586 2587
f 2585 2587 2588
f 2589 2590 2591
f 2589 2591 2592
f 2593 2594 2595
f 2593 2595 2596
f 2597 2598 2599
f 2597 2599 2600
f 2601 2602 2603
f 2601 2603 2604
f 2605 2606 2607
f 2605 2607 2608
f 2609 2610 2611
f 2609 2611 2612
f 2613 2614 2615
f 2616 2617 2618
f 2619 2620 2621
f 2619 2621 2622
f 2623 2624 2625
f 2623 2625 2626
f 2627 2628 2629
f 2627 2629 2630
f 2631 2632 2633
f 2631 2633 2634
f 2635 2636 2637
f 2635 2637 2638
f 2639 2640 2641
f 2639 2641 2642
f 2643 2644 2645
f 2643 2645 2646
f 2647 2648 2649
f 2647 2649 2650
f 2651 2652 2653
f 2654 2655 2656
f 2657 2658 2659
f 2657 2659 2660
f 2661 2662 2663
f 2661 2663 2664
f 2665 2666 2667
f 2668 2669 2670
f 2671 2672 2673
f 2671 2673 2674
f 2675 2676 2677
f 2675 2677 2678
f 2679 2680 2681
f 2682 2683 2684
f 2685 2686 2687
f 2688 2689 2690
f 2691 2692 2693
f 2694 2695 2696
f 2697 2698 2699
f 2700 2701 2702
f 2703 2704 2705
f 2706 2707 2708
f 2709 2710 2711
f 2712 2713 2714
f 2715 2716 2717
f 2718 2719 2720
f 2721 2722 2723
f 2724 2725 2726
f 2727 2728 2729
f 2727 2729 2730
f 2731 2732 2733
f 2731 2733 2734
f 2735 2736 2737
f 2735 2737 2738
f 2739 2740 2741
f 2739 2741 2742
f 2743 2744 2745
f 2746 2747 2748
f 2749 2750 2751
f 2749 2751 2752
f 2753 2754 2755
f 2753 2755 2756
f 2757 2758 2759
f 2760 2761 2762
f 2763 2764 2765
f 2763 2765 2766
f 2767 2768 2769
f 2767 2769 2770
f 2771 2772 2773
f 2771 2773 2774
f 2775 2776 2777
f 2775 2777 2778
f 2779 2780 2781
f 2779 2781 2782
f 2783 2784 2785
f 2783 2785 2786
f 2787 2788 2789
f 2787 2789 2790
f 2791 2792 2793
f 2791 2793 2794
f 2795 2796 2797
f 2795 2797 2798
f 2799 2800 2801
f 2799 2801 2802
f 2803 2804 2805
f 2803 2805 2806
f 2807 2808 2809
f 2807 2809 2810
f 2811 2812 2813
f 2811 2813 2814
f 2815 2816 2817
f 2815 2817 2818
f 2819 2820 2821
f 2819 2821 2822
f 2823 2824 2825
f 2823 2825 2826
f 2827 2828 2829
f 2827 2829 2830
f 2831 2832 2833
f 2831 2833 2834
f 2835 2836 2837
f 2835 2837 2838
f 2839 2840 2841
f 2839 2841 2842
f 2843 2844 2845
f 2843 2845 2846
f 2847 2848 2849
f 2847 2849 2850
f 2851 2852 2853
f 2854 2855 2856
f 2857 2858 2859
f 2860 2861 2862
f 2863 2864 2865
f 2866 2867 2868
f 2869 2870 2871
f 2872 2873 2874
f 2875 2876 2877
f 2878 2879 2880
f 2881 2882 2883
f 2884 2885 2886
f 2887 2888 2889
f 2887 2889 2890
f 2891 2892 2893
f 2891 2893 2894
f 2895 2896 2897
f 2895 2897 2898
f 2899 2900 2901
f 2899 2901 2902
f 2903 2904 2905
f 2903 2905 2906
f 2907 2908 2909
f 2907 2909 2910
f 2911 2912 2913
f 2911 2913 2914
f 2915 2916 2917
f 2915 2917 2918
f 2919 2920 2921
f 2919 2921 2922
f 2923 2924 2925
f 2923 2925 2926
f 2927 2928 2929
f 2927 2929 2930
f 2931 2932 2933
f 2931 2933 2934
f 2935 2936 2937
f 2935 2937 2938
f 2939 2940 2941
f 2939 2941 2942
f 2943 2944 2945
f 2943 2945 2946
f 2947 2948 2949
f 2947 2949 2950
f 2951 2952 2953
f 2951 2953 2954
f 2955 2956 2957
f 2955 2957 2958
f 2959 2960 2961
f 2959 2961 2962
f 2963 2964 2965
f 2963 2965 2966
f 2967 2968 2969
f 2967 2969 2970
f 2971 2972 2973
f 2971 2973 2974
f 2975 2976 2977
f 2978 2979 2980
f 2981 2982 2983
f 2984 2985 2986
f 2987 2988 2989
f 2987 2989 2990
f 2991 2992 2993
f 2991 2993 2994
f 2995 2996 2997
f 2995 2997 2998
f 2999 3000 3001
f 2999 3001 3002
f 3003 3004 3005
f 3003 3005 3006
f 3007 3008 3009
f 3007 3009 3010
f 3011 3012 3013
f 3011 3013 3014
f 3015 3016 3017
f 3015 3017 3018
f 3019 3020 3021
f 3019 3021 3022
f 3023 3024 3025
f 3023 3025 3026
f 3027 3028 3029
f 3027 3029 3030
f 3031 3032 3033
f 3031 3033 3034
f 3035 3036 3037
f 3035 3037 3038
f 3039 3040 3041
f 3039 3041 3042
f 3043 3044 3045
f 3043 3045 3046
f 3047 3048 3049
f 3047 3049 3050
f 3051 3052 3053
f 3051 3053 3054
f 3055 3056 3057
f 3055 3057 3058
f 3059 3060 3061
f 3059 3061 3062
f 3063 3064 3065
f 3063 3065 3066
f 3067 3068 3069
f 3067 3069 3070
f 3071 3072 3073
f 3071 3073 3074
f 3075 3076 3077
f 3075 3077 3078
f 3079 3080 3081
f 3079 3081 3082
f 3083 3084 3085
f 3083 3085 3086
f 3087 3088 3089
f 3087 3089 3090
f 3091 3092 3093
f 3091 3093 3094
f 3095 3096 3097
f 3095 3097 3098
f 3099 3100 3101
f 3099 3101 3102
f 3103 3104 3105
f 3103 3105 3106
f 3107 3108 3109
f 3107 3109 3110
f 3111 3112 3113
f 3111 3113 3114
f 3115 3116 3117
f 3115 3117 3118
f 3119 3120 3121
f 3119 3121 3122
f 3123 3124 3125
f 3123 3125 3126
f 3127 3128 3129
f 3127 3129 3130
f 3131 3132 3133
f 3131 3133 3134
f 3135 3136 3137
f 3135 3137 3138
f 3139 3140 3141
f 3139 3141 3142
f 3143 3144 3145
f 3143 3145 3146
f 3147 3148 3149
f 3147 3149 3150
f 3151 3152 3153
f 3151 3153 3154
f 3155 3156 3157
f 3155 3157 3158
f 3159 3160 3161
f 3159 3161 3162
f 3163 3164 3165
f 3163 3165 3166
f 3167 3168 3169
f 3167 3169 3170
f 3171 3172 3173
f 3171 3173 3174
f 3175 3176 3177
f 3175 3177 3178
f 3179 3180 3181
f 3179 3181 3182
f 3183 3184 3185
f 3183 3185 3186
f 3187 3188 3189
f 3187 3189 3190
f 3191 3192 3193
f 3191 3193 3194
f 3195 3196 3197
f 3195 3197 3198
f 3199 3200 3201
f 3199 3201 3202
f 3203 3204 3205
f 3203 3205 3206
f 3207 3208 3209
f 3207 3209 3210
f 3211 3212 3213
f 3211 3213 3214
f 3215 3216 3217
f 3215 3217 3218
f 3219 3220 3221
f 3219 3221 3222
f 3223 3224 3225
f 3223 3225 3226
f 3227 3228 3229
f 3227 3229 3230
f 3231 3232 3233
f 3231 3233 3234
f 3235 3236 3237
f 3235 3237 3238
f 3239 3240 3241
f 3239 3241 3242
f 3243 3244 3245
f 3243 3245 3246
f 3247 3248 3249
f 3247 3249 3250
f 3251 3252 3253
f 3251 3253 3254
f 3255 3256 3257
f 3255 3257 3258
f 3259 3260 3261
f 3259 3261 3262
f 3263 3264 3265
f 3263 3265 3266
f 3267 3268 3269
f 3267 3269 3270
f 3271 3272 3273
f 3271 3273 3274
f 3275 3276 3277
f 3275 3277 3278
f 3279 3280 3281
f 3279 3281 3282
f 3283 3284 3285
f 3283 3285 3286
f 3287 3288 3289
f 3287 3289 3290
f 3291 3292 3293
f 3291 3293 3294
f 3295 3296 3297
f 3295 3297 3298
f 3299 3300 3301
f 3299 3301 3302
f 3303 3304 3305
f 3303 3305 3306
f 3307 3308 3309
f 3307 3309 3310
f 3311 3312 3313
f 3311 3313 3314
f 3315 3316 3317
f 3315 3317 3318
f 3319 3320 3321
f 3319 3321 3322
f 3323 3324 3325
f 3323 3325 3326
f 3327 3328 3329
f 3327 3329 3330
f 3331 3332 3333
f 3331 3333 3334
f 3335 3336 3337
f 3335 3337 3338
f 3339 3340 3341
f 3339 3341 3342
f 3343 3344 3345
f 3343 3345 3346
f 3347 3348 3349
f 3347 3349 3350
f 3351 3352 3353
f 3351 3353 3354
f 3355 3356 3357
f 3355 3357 3358
f 3359 3360 3361
f 3359 3361 3362
f 3363 3364 3365
f 3363 3365 3366
f 3367 3368 3369
f 3367 3369 3370
f 3371 3372 3373
f 3371 3373 3374
f 3375 3376 3377
f 3375 3377 3378
f 3379 3380 3381
f 3379 3381 3382
f 3383 3384 3385
f 3383 3385 3386
f 3387 3388 3389
f 3387 3389 3390
f 3391 3392 3393
f 3391 3393 3394
f 3395 3396 3397
f 3398 3399 3400
f 3401 3402 3403
f 3404 3405 3406
f 3407 3408 3409
f 3407 3409 3410
f 3411 3412 3413
f 3411 3413 3414
f 3415 3416 3417
f 3415 3417 3418
f 3419 3420 3421
f 3419 3421 3422
f 3423 3424 3425
f 3423 3425 3426
f 3427 3428 3429
f 3427 3429 3430
f 3431 3432 3433
f 3431 3433 3434
f 3435 3436 3437
f 3435 3437 3438
f 3439 3440 3441
f 3439 3441 3442
f 3443 3444 3445
f 3443 3445 3446
f 3447 3448 3449
f 3447 3449 3450
f 3451 3452 3453
f 3451 3453 3454
f 3455 3456 3457
f 3458 3459 3460
f 3461 3462 3463
f 3461 3463 3464
f 3465 3466 3467
f 3465 3467 3468
f 3469 3470 3471
f 3469 3471 3472
f 3473 3474 3475
f 3473 3475 3476
f 3477 3478 3479
f 3477 3479 3480
f 3481 3482 3483
f 3481 3483 3484
f 3485 3486 3487
f 3485 3487 3488
f 3489 3490 3491
f 3489 3491 3492
f 3493 3494 3495
f 3496 3497 3498
f 3499 3500 3501
f 3499 3501 3502
f 3503 3504 3505
f 3503 3505 3506
f 3507 3508 3509
f 3510 3511 3512
f 3513 3514 3515
f 3513 3515 3516
f 3517 3518 3519
f 3517 3519 3520
f 3521 3522 3523
f 3524 3525 3526
f 3527 3528 3529
f 3530 3531 3532
f 3533 3534 3535
f 3536 3537 3538
f 3539 3540 3541
f 3542 3543 3544
f 3545 3546 3547
f 3548 3549 3550
f 3551 3552 3553
f 3554 3555 3556
f 3557 3558 3559
f 3560 3561 3562
f 3563 3564 3565
f 3566 3567 3568
f 3569 3570 3571
f 3569 3571 3572
f 3573 3574 3575
f 3573 3575 3576
f 3577 3578 3579
f 3577 3579 3580
f 3581 3582 3583
f 3581 3583 3584
f 3585 3586 3587
f 3588 3589 3590
f 3591 3592 3593
f 3591 3593 3594
f 3595 3596 3597
f 3595 3597 3598
f 3599 3600 3601
f 3602 3603 3604
f 3605 3606 3607
f 3605 3607 3608
f 3609 3610 3611
f 3609 3611 3612
f 3613 3614 3615
f 3613 3615 3616
f 3617 3618 3619
f 3617 3619 3620
f 3621 3622 3623
f 3621 3623 3624
f 3625 3626 3627
f 3625 3627 3628
f 3629 3630 3631
f 3629 3631 3632
f 3633 3634 3635
f 3633 3635 3636
f 3637 3638 3639
f 3637 3639 3640
f 3641 3642 3643
f 3641 3643 3644
f 3645 3646 3647
f 3645 3647 3648
f 3649 3650 3651
f 3649 3651 3652
f 3653 3654 3655
f 3653 3655 3656
f 3657 3658 3659
f 3657 3659 3660
f 3661 3662 3663
f 3661 3663 3664
f 3665 3666 3667
f 3665 3667 3668
f 3669 3670 3671
f 3669 3671 3672
f 3673 3674 3675
f 3673 3675 3676
f 3677 3678 3679
f 3677 3679 3680
f 3681 3682 3683
f 3681 3683 3684
f 3685 3686 3687
f 3685 3687 3688
f 3689 3690 3691
f 3689 3691 3692
f 3693 3694 3695
f 3696 3697 3698
f 3699 3700 3701
f 3702 3703 3704
f 3705 3706 3707
f 3708 3709 3710
f 3711 3712 3713
f 3714 3715 3716
f 3717 3718 3719
f 3720 3721 3722
f 3723 3724 3725
f 3726 3727 3728
f 3729 3730 3731
f 3729 3731 3732
f 3733 3734 3735
f 3733 3735 3736
f 3737 3738 3739
f 3737 3739 3740
f 3741 3742 3743
f 3741 3743 3744
f 3745 3746 3747
f 3745 3747 3748
f 3749 3750 3751
f 3749 3751 3752
f 3753 3754 3755
f 3753 3755 3756
f 3757 3758 3759
f 3757 3759 3760
f 3761 3762 3763
f 3761 3763 3764
f 3765 3766 3767
f 3765 3767 3768
f 3769 3770 3771
f 3769 3771 3772
f 3773 3774 3775
f 3773 3775 3776
f 3777 3778 3779
f 3777 3779 3780
f 3781 3782 3783
f 3781 3783 3784
f 3785 3786 3787
f 3785 3787 3788
f 3789 3790 3791
f 3789 3791 3792
f 3793 3794 3795
f 3793 3795 3796
f 3797 3798 3799
f 3797 3799 3800
f 3801 3802 3803
f 3801 3803 3804
f 3805 3806 3807
f 3805 3807 3808
f 3809 3810 3811
f 3809 3811 3812
f 3813 3814 3815
f 3813 3815 3816
f 3817 3818 3819
f 3820 3821 3822
f 3823 3824 3825
f 3826 3827 3828
f 3829 3830 3831
f 3829 3831 3832
f 3833 3834 3835
f 3833 3835 3836
f 3837 3838 3839
f 3837 3839 3840
f 3841 3842 3843
f 3841 3843 3844
f 3845 3846 3847
f 3845 3847 3848
f 3849 3850 3851
f 3849 3851 3852
f 3853 3854 3855
f 3853 3855 3856
f 3857 3858 3859
f 3857 3859 3860
f 3861 3862 3863
f 3861 3863 3864
f 3865 3866 3867
f 3865 3867 3868
f 3869 3870 3871
f 3869 3871 3872
f 3873 3874 3875
f 3873 3875 3876
f 3877 3878 3879
f 3877 3879 3880
f 3881 3882 3883
f 3881 3883 3884
f 3885 3886 3887
f 3885 3887 3888
f 3889 3890 3891
f 3889 3891 3892
f 3893 3894 3895
f 3893 3895 3896
f 3897 3898 3899
f 3897 3899 3900
f 3901 3902 3903
f 3901 3903 3904
f 3905 3906 3907
f 3905 3907 3908
f 3909 3910 3911
f 3909 3911 3912
f 3913 3914 3915
f 3913 3915 3916
f 3917 3918 3919
f 3917 3919 3920
f 3921 3922 3923
f 3921 3923 3924
f 3925 3926 3927
f 3925 3927 3928
f 3929 3930 3931
f 3929 3931 3932
f 3933 3934 3935
f 3933 3935 3936
f 3937 3938 3939
f 3937 3939 3940
f 3941 3942 3943
f 3941 3943 3944
f 3945 3946 3947
f 3945 3947 3948
f 3949 3950 3951
f 3949 3951 3952
f 3953 3954 3955
f 3953 3955 3956
f 3957 3958 3959
f 3957 3959 3960
f 3961 3962 3963
f 3961 3963 3964
f 3965 3966 3967
f 3965 3967 3968
f 3969 3970 3971
f 3969 3971 3972
f 3973 3974 3975
f 3973 3975 3976
f 3977 3978 3979
f 3977 3979 3980
f 3981 3982 3983
f 3981 3983 3984
f 3985 3986 3987
f 3985 3987 3988
f 3989 3990 3991
f 3989 3991 3992
f 3993 3994 3995
f 3993 3995 3996
f 3997 3998 3999
f 3997 3999 4000
f 4001 4002 4003
f 4001 4003 4004
f 4005 4006 4007
f 4005 4007 4008
f 4009 4010 4011
f 4009 4011 4012
f 4013 4014 4015
f 4013 4015 4016
f 4017 4018 4019
f 4017 4019 4020
f 4021 4022 4023
f 4021 4023 4024
f 4025 4026 4027
f 4025 4027 4028
f 4029 4030 4031
f 4029 4031 4032
f 4033 4034 4035
f 4033 4035 4036
f 4037 4038 4039
f 4037 4039 4040
f 4041 4042 4043
f 4041 4043 4044
f 4045 4046 4047
f 4045 4047 4048
f 4049 4050 4051
f 4049 4051 4052
f 4053 4054 4055
f 4053 4055 4056
f 4057 4058 4059
f 4057 4059 4060
f 4061 4062 4063
f 4061 4063 4064
f 4065 4066 4067
f 4065 4067 4068
f 4069 4070 4071
f 4069 4071 4072
f 4073 4074 4075
f 4073 4075 4076
f 4077 4078 4079
f 4077 4079 4080
f 4081 4082 4083
f 4081 4083 4084
f 4085 4086 4087
f 4085 4087 4088
f 4089 4090 4091
f 4089 4091 4092
f 4093 4094 4095
f 4093 4095 4096
f 4097 4098 4099
f 4097 4099 4100
f 4101 4102 4103
f 4101 4103 4104
f 4105 4106 4107
f 4105 4107 4108
f 4109 4110 4111
f 4109 4111 4112
f 4113 4114 4115
f 4113 4115 4116
f 4117 4118 4119
f 4117 4119 4120
f 4121 4122 4123
f 4121 4123 4124
f 4125 4126 4127
f 4125 4127 4128
f 4129 4130 4131
f 4129 4131 4132
f 4133 4134 4135
f 4133 4135 4136
f 4137 4138 4139
f 4137 4139 4140
f 4141 4142 4143
f 4141 4143 4144
f 4145 4146 4147
f 4145 4147 4148
f 4149 4150 4151
f 4149 4151 4152
f 4153 4154 4155
f 4153 4155 4156
f 4157 4158 4159
f 4157 4159 4160
f 4161 4162 4163
f 4161 4163 4164
f 4165 4166 4167
f 4165 4167 4168
f 4169 4170 4171
f 4169 4171 4172
f 4173 4174 4175
f 4173 4175 4176
f 4177 4178 4179
f 4177 4179 4180
f 4181 4182 4183
f 4181 4183 4184
f 4185 4186 4187
f 4185 4187 4188
f 4189 4190 4191
f 4189 4191 4192
f 4193 4194 4195
f 4193 4195 4196
f 4197 4198 4199
f 4197 4199 4200
f 4201 4202 4203
f 4201 4203 4204
f 4205 4206 4207
f 4205 4207 4208
f 4209 4210 4211
f 4209 4211 4212
f 4213 4214 4215
f 4213 4215 4216
f 4217 4218 4219
f 4217 4219 4220
f 4221 4222 4223
f 4221 4223 4224
f 4225 4226 4227
f 4225 4227 4228
f 4229 4230 4231
f 4229 4231 4232
f 4233 4234 4235
f 4233 4235 4236
f 4237 4238 4239
f 4240 4241 4242
f 4243 4244 4245
f 4246 4247 4248
f 4249 4250 4251
f 4249 4251 4252
f 4253 4254 4255
f 4253 4255 4256
f 4257 4258 4259
f 4257 4259 4260
f 4261 4262 4263
f 4261 4263 4264
f 4265 4266 4267
f 4265 4267 4268
f 4269 4270 4271
f 4269 4271 4272
f 4273 4274 4275
f 4273 4275 4276
f 4277 4278 4279
f 4277 4279 4280
f 4281 4282 4283
f 4281 4283 4284
f 4285 4286 4287
f 4285 4287 4288
f 4289 4290 4291
f 4289 4291 4292
f 4293 4294 4295
f 4293 4295 4296
f 4297 4298 4299
f 4300 4301 4302
f 4303 4304 4305
f 4303 4305 4306
f 4307 4308 4309
f 4307 4309 4310
f 4311 4312 4313
f 4311 4313 4314
f 4315 4316 4317
f 4315 4317 4318
f 4319 4320 4321
f 4319 4321 4322
f 4323 4324 4325
f 4323 4325 4326
f 4327 4328 4329
f 4327 4329 4330
f 4331 4332 4333
f 4331 4333 4334
f 4335 4336 4337
f 4338 4339 4340
f 4341 4342 4343
f 4341 4343 4344
f 4345 4346 4347
f 4345 4347 4348
f 4349 4350 4351
f 4352 4353 4354
f 4355 4356 4357
f 4355 4357 4358
f 4359 4360 4361
f 4359 4361 4362
f 4363 4364 4365
f 4366 4367 4368
f 4369 4370 4371
f 4372 4373 4374
f 4375 4376 4377
f 4378 4379 4380
f 4381 4382 4383
f 4384 4385 4386
f 4387 4388 4389
f 4390 4391 4392
f 4393 4394 4395
f 4396 4397 4398
f 4399 4400 4401
f 4402 4403 4404
f 4405 4406 4407
f 4408 4409 4410
f 4411 4412 4413
f 4411 4413 4414
f 4415 4416 4417
f 4415 4417 4418
f 4419 4420 4421
f 4419 4421 4422
f 4423 4424 4425
f 4423 4425 4426
f 4427 4428 4429
f 4430 4431 4432
f 4433 4434 4435
f 4433 4435 4436
f 4437 4438 4439
f 4437 4439 4440
f 4441 4442 4443
f 4444 4445 4446
f 4447 4448 4449
f 4447 4449 4450
f 4451 4452 4453
f 4451 4453 4454
f 4455 4456 4457
f 4455 4457 4458
f 4459 4460 4461
f 4459 4461 4462
f 4463 4464 4465
f 4463 4465 4466
f 4467 4468 4469
f 4467 4469 4470
f 4471 4472 4473
f 4471 4473 4474
f 4475 4476 4477
f 4475 4477 4478
f 4479 4480 4481
f 4479 4481 4482
f 4483 4484 4485
f 4483 4485 4486
f 4487 4488 4489
f 4487 4489 4490
f 4491 4492 4493
f 4491 4493 4494
f 4495 4496 4497
f 4495 4497 4498
f 4499 4500 4501
f 4499 4501 4502
f 4503 4504 4505
f 4503 4505 4506
f 4507 4508 4509
f 4507 4509 4510
f 4511 4512 4513
f 4511 4513 4514
f 4515 4516 4517
f 4515 4517 4518
f 4519 4520 4521
f 4519 4521 4522
f 4523 4524 4525
f 4523 4525 4526
f 4527 4528 4529
f 4527 4529 4530
f 4531 4532 4533
f 4531 4533 4534
f 4535 4536 4537
f 4538 4539 4540
f 4541 4542 4543
f 4544 4545 4546
f 4547 4548 4549
f 4550 4551 4552
f 4553 4554 4555
f 4556 4557 4558
f 4559 4560 4561
f 4562 4563 4564
f 4565 4566 4567
f 4568 4569 4570
f 4571 4572 4573
f 4571 4573 4574
f 4575 4576 4577
f 4575 4577 4578
f 4579 4580 4581
f 4579 4581 4582
f 4583 4584 4585
f 4583 4585 4586
f 4587 4588 4589
f 4587 4589 4590
f 4591 4592 4593
f 4591 4593 4594
f 4595 4596 4597
f 4595 4597 4598
f 4599 4600 4601
f 4599 4601 4602
f 4603 4604 4605
f 4603 4605 4606
f 4607 4608 4609
f 4607 4609 4610
f 4611 4612 4613
f 4611 4613 4614
f 4615 4616 4617
f 4615 4617 4618
f 4619 4620 4621
f 4619 4621 4622
f 4623 4624 4625
f 4623 4625 4626
f 4627 4628 4629
f 4627 4629 4630
f 4631 4632 4633
f 4631 4633 4634
f 4635 4636 4637
f 4635 4637 4638
f 4639 4640 4641
f 4639 4641 4642
f 4643 4644 4645
f 4643 4645 4646
f 4647 4648 4649
f 4647 4649 4650
f 4651 4652 4653
f 4651 4653 4654
f 4655 4656 4657
f 4655 4657 4658
f 4659 4660 4661
f 4662 4663 4664
f 4665 4666 4667
f 4668 4669 4670
f 4671 4672 4673
f 4671 4673 4674
f 4675 4676 4677
f 4675 4677 4678
f 4679 4680 4681
f 4679 4681 4682
f 4683 4684 4685
f 4683 4685 4686
f 4687 4688 4689
f 4687 4689 4690
f 4691 4692 4693
f 4691 4693 4694
f 4695 4696 4697
f 4695 4697 4698
f 4699 4700 4701
f 4699 4701 4702
f 4703 4704 4705
f 4703 4705 4706
f 4707 4708 4709
f 4707 4709 4710
f 4711 4712 4713
f 4711 4713 4714
f 4715 4716 4717
f 4715 4717 4718
f 4719 4720 4721
f 4719 4721 4722
f 4723 4724 4725
f 4723 4725 4726
f 4727 4728 4729
f 4727 4729 4730
f 4731 4732 4733
f 4731 4733 4734
f 4735 4736 4737
f 4735 4737 4738
f 4739 4740 4741
f 4739 4741 4742
f 4743 4744 4745
f 4743 4745 4746
f 4747 4748 4749
f 4747 4749 4750
f 4751 4752 4753
f 4751 4753 4754
f 4755 4756 4757
f 4755 4757 4758
f 4759 4760 4761
f 4759 4761 4762
f 4763 4764 4765
f 4763 4765 4766
f 4767 4768 4769
f 4767 4769 4770
f 4771 4772 4773
f 4771 4773 4774
f 4775 4776 4777
f 4775 4777 4778
f 4779 4780 4781
f 4779 4781 4782
f 4783 4784 4785
f 4783 4785 4786
f 4787 4788 4789
f 4787 4789 4790
f 4791 4792 4793
f 4791 4793 4794
f 4795 4796 4797
f 4795 4797 4798
f 4799 4800 4801
f 4799 4801 4802
f 4803 4804 4805
f 4803 4805 4806
f 4807 4808 4809
f 4807 4809 4810
f 4811 4812 4813
f 4811 4813 4814
f 4815 4816 4817
f 4815 4817 4818
f 4819 4820 4821
f 4819 4821 4822
f 4823 4824 4825
f 4823 4825 4826
f 4827 4828 4829
f 4827 4829 4830
f 4831 4832 4833
f 4831 4833 4834
f 4835 4836 4837
f 4835 4837 4838
f 4839 4840 4841
f 4839 4841 4842
f 4843 4844 4845
f 4843 4845 4846
f 4847 4848 4849
f 4847 4849 4850
f 4851 4852 4853
f 4851 4853 4854
f 4855 4856 4857
f 4855 4857 4858
f 4859 4860 4861
f 4859 4861 4862
f 4863 4864 4865
f 4863 4865 4866
f 4867 4868 4869
f 4867 4869 4870
f 4871 4872 4873
f 4871 4873 4874
f 4875 4876 4877
f 4875 4877 4878
f 4879 4880 4881
f 4879 4881 4882
f 4883 4884 4885
f 4883 4885 4886
f 4887 4888 4889
f 4887 4889 4890
f 4891 4892 4893
f 4891 4893 4894
f 4895 4896 4897
f 4895 4897 4898
f 4899 4900 4901
f 4899 4901 4902
f 4903 4904 4905
f 4903 4905 4906
f 4907 4908 4909
f 4907 4909 4910
f 4911 4912 4913
f 4911 4913 4914
f 4915 4916 4917
f 4915 4917 4918
f 4919 4920 4921
f 4919 4921 4922
f 4923 4924 4925
f 4923 4925 4926
f 4927 4928 4929
f 4927 4929 4930
f 4931 4932 4933
f 4931 4933 4934
f 4935 4936 4937
f 4935 4937 4938
f 4939 4940 4941
f 4939 4941 4942
f 4943 4944 4945
f 4943 4945 4946
f 4947 4948 4949
f 4947 4949 4950
f 4951 4952 4953
f 4951 4953 4954
f 4955 4956 4957
f 4955 4957 4958
f 4959 4960 4961
f 4959 4961 4962
f 4963 4964 4965
f 4963 4965 4966
f 4967 4968 4969
f 4967 4969 4970
f 4971 4972 4973
f 4971 4973 4974
f 4975 4976 4977
f 4975 4977 4978
f 4979 4980 4981
f 4979 4981 4982
f 4983 4984 4985
f 4983 4985 4986
f 4987 4988 4989
f 4987 4989 4990
f 4991 4992 4993
f 4991 4993 4994
f 4995 4996 4997
f 4995 4997 4998
f 4999 5000 5001
f 4999 5001 5002
f 5003 5004 5005
f 5003 5005 5006
f 5007 5008 5009
f 5007 5009 5010
f 5011 5012 5013
f 5011 5013 5014
f 5015 5016 5017
f 5015 5017 5018
f 5019 5020 5021
f 5019 5021 5022
f 5023 5024 5025
f 5023 5025 5026
f 5027 5028 5029
f 5027 5029 5030
f 5031 5032 5033
f 5031 5033 5034
f 5035 5036 5037
f 5035 5037 5038
f 5039 5040 5041
f 5039 5041 5042
f 5043 5044 5045
f 5043 5045 5046
f 5047 5048 5049
f 5047 5049 5050
f 5051 5052 5053
f 5051 5053 5054
f 5055 5056 5057
f 5055 5057 5058
f 5059 5060 5061
f 5059 5061 5062
f 5063 5064 5065
f 5063 5065 5066
f 5067 5068 5069
f 5067 5069 5070
f 5071 5072 5073
f 5071 5073 5074
f 5075 5076 5077
f 5075 5077 5078
f 5079 5080 5081
f 5082 5083 5084
f 5085 5086 5087
f 5088 5089 5090
f 5091 5092 5093
f 5091 5093 5094
f 5095 5096 5097
f 5095 5097 5098
f 5099 5100 5101
f 5099 5101 5102
f 5103 5104 5105
f 5103 5105 5106
f 5107 5108 5109
f 5107 5109 5110
f 5111 5112 5113
f 5111 5113 5114
f 5115 5116 5117
f 5115 5117 5118
f 5119 5120 5121
f 5119 5121 5122
f 5123 5124 5125
f 5123 5125 5126
f 5127 5128 5129
f 5127 5129 5130
f 5131 5132 5133
f 5131 5133 5134
f 5135 5136 5137
f 5135 5137 5138
f 5139 5140 5141
f 5142 5143 5144
f 5145 5146 5147
f 5145 5147 5148
f 5149 5150 5151
f 5149 5151 5152
f 5153 5154 5155
f 5153 5155 5156
f 5157 5158 5159
f 5157 5159 5160
f 5161 5162 5163
f 5161 5163 5164
f 5165 5166 5167
f 5165 5167 5168
f 5169 5170 5171
f 5169 5171 5172
f 5173 5174 5175
f 5173 5175 5176
f 5177 5178 5179
f 5180 5181 5182
f 5183 5184 5185
f 5183 5185 5186
f 5187 5188 5189
f 5187 5189 5190
f 5191 5192 5193
f 5194 5195 5196
f 5197 5198 5199
f 5197 5199 5200
f 5201 5202 5203
f 5201 5203 5204
f 5205 5206 5207
f 5208 5209 5210
f 5211 5212 5213
f 5214 5215 5216
f 5217 5218 5219
f 5220 5221 5222
f 5223 5224 5225
f 5226 5227 5228
f 5229 5230 5231
f 5232 5233 5234
f 5235 5236 5237
f 5238 5239 5240
f 5241 5242 5243
f 5244 5245 5246
f 5247 5248 5249
f 5250 5251 5252
f 5253 5254 5255
f 5253 5255 5256
f 5257 5258 5259
f 5257 5259 5260
f 5261 5262 5263
f 5261 5263 5264
f 5265 5266 5267
f 5265 5267 5268
f 5269 5270 5271
f 5272 5273 5274
f 5275 5276 5277
f 5275 5277 5278
f 5279 5280 5281
f 5279 5281 5282
f 5283 5284 5285
f 5286 5287 5288
f 5289 5290 5291
f 5289 5291 5292
f 5293 5294 5295
f 5293 5295 5296
f 5297 5298 5299
f 5297 5299 5300
f 5301 5302 5303
f 5301 5303 5304
f 5305 5306 5307
f 5305 5307 5308
f 5309 5310 5311
f 5309 5311 5312
f 5313 5314 5315
f 5313 5315 5316
f 5317 5318 5319
f 5317 5319 5320
f 5321 5322 5323
f 5321 5323 5324
f 5325 5326 5327
f 5325 5327 5328
f 5329 5330 5331
f 5329 5331 5332
f 5333 5334 5335
f 5333 5335 5336
f 5337 5338 5339
f 5337 5339 5340
f 5341 5342 5343
f 5341 5343 5344
f 5345 5346 5347
f 5345 5347 5348
f 5349 5350 5351
f 5349 5351 5352
f 5353 5354 5355
f 5353 5355 5356
f 5357 5358 5359
f 5357 5359 5360
f 5361 5362 5363
f 5361 5363 5364
f 5365 5366 5367
f 5365 5367 5368
f 5369 5370 5371
f 5369 5371 5372
f 5373 5374 5375
f 5373 5375 5376
f 5377 5378 5379
f 5380 5381 5382
f 5383 5384 5385
f 5386 5387 5388
f 5389 5390 5391
f 5392 5393 5394
f 5395 5396 5397
f 5398 5399 5400
f 5401 5402 5403
f 5404 5405 5406
f 5407 5408 5409
f 5410 5411 5412
f 5413 5414 5415
f 5413 5415 5416
f 5417 5418 5419
f 5417 5419 5420
f 5421 5422 5423
f 5421 5423 5424
f 5425 5426 5427
f 5425 5427 5428
f 5429 5430 5431
f 5429 5431 5432
f 5433 5434 5435
f 5433 5435 5436
f 5437 5438 5439
f 5437 5439 5440
f 5441 5442 5443
f 5441 5443 5444
f 5445 5446 5447
f 5445 5447 5448
f 5449 5450 5451
f 5449 5451 5452
f 5453 5454 5455
f 5453 5455 5456
f 5457 5458 5459
f 5457 5459 5460
f 5461 5462 5463
f 5461 5463 5464
f 5465 5466 5467
f 5465 5467 5468
f 5469 5470 5471
f 5469 5471 5472
f 5473 5474 5475
f 5473 5475 5476
f 5477 5478 5479
f 5477 5479 5480
f 5481 5482 5483
f 5481 5483 5484
f 5485 5486 5487
f 5485 5487 5488
f 5489 5490 5491
f 5489 5491 5492
f 5493 5494 5495
f 5493 5495 5496
f 5497 5498 5499
f 5497 5499 5500
f 5501 5502 5503
f 5504 5505 5506
f 5507 5508 5509
f 5510 5511 5512
f 5513 5514 5515
f 5513 5515 5516
f 5517 5518 5519
f 5517 5519 5520
f 5521 5522 5523
f 5521 5523 5524
f 5525 5526 5527
f 5525 5527 5528
f 5529 5530 5531
f 5529 5531 5532
f 5533 5534 5535
f 5533 5535 5536
f 5537 5538 5539
f 5537 5539 5540
f 5541 5542 5543
f 5541 5543 5544
f 5545 5546 5547
f 5545 5547 5548
f 5549 5550 5551
f 5549 5551 5552
f 5553 5554 5555
f 5553 5555 5556
f 5557 5558 5559
f 5557 5559 5560
f 5561 5562 5563
f 5561 5563 5564
f 5565 5566 5567
f 5565 5567 5568
f 5569 5570 5571
f 5569 5571 5572
f 5573 5574 5575
f 5573 5575 5576
f 5577 5578 5579
f 5577 5579 5580
f 5581 5582 5583
f 5581 5583 5584
f 5585 5586 5587
f 5585 5587 5588
f 5589 5590 5591
f 5589 5591 5592
f 5593 5594 5595
f 5593 5595 5596
f 5597 5598 5599
f 5597 5599 5600
f 5601 5602 5603
f 5601 5603 5604
f 5605 5606 5607
f 5605 5607 5608
f 5609 5610 5611
f 5609 5611 5612
f 5613 5614 5615
f 5613 5615 5616
f 5617 5618 5619
f 5617 5619 5620
f 5621 5622 5623
f 5621 5623 5624
f 5625 5626 5627
f 5625 5627 5628
f 5629 5630 5631
f 5629 5631 5632
f 5633 5634 5635
f 5633 5635 5636
f 5637 5638 5639
f 5637 5639 5640
f 5641 5642 5643
f 5641 5643 5644
f 5645 5646 5647
f 5645 5647 5648
f 5649 5650 5651
f 5649 5651 5652
f 5653 5654 5655
f 5653 5655 5656
f 5657 5658 5659
f 5657 5659 5660
f 5661 5662 5663
f 5661 5663 5664
f 5665 5666 5667
f 5665 5667 5668
f 5669 5670 5671
f 5669 5671 5672
f 5673 5674 5675
f 5673 5675 5676
f 5677 5678 5679
f 5677 5679 5680
f 5681 5682 5683
f 5681 5683 5684
f 5685 5686 5687
f 5685 5687 5688
f 5689 5690 5691
f 5689 5691 5692
f 5693 5694 5695
f 5693 5695 5696
f 5697 5698 5699
f 5697 5699 5700
f 5701 5702 5703
f 5701 5703 5704
f 5705 5706 5707
f 5705 5707 5708
f 5709 5710 5711
f 5709 5711 5712
f 5713 5714 5715
f 5713 5715 5716
f 5717 5718 5719
f 5717 5719 5720
f 5721 5722 5723
f 5721 5723 5724
f 5725 5726 5727
f 5725 5727 5728
f 5729 5730 5731
f 5729 5731 5732
f 5733 5734 5735
f 5733 5735 5736
f 5737 5738 5739
f 5737 5739 5740
f 5741 5742 5743
f 5741 5743 5744
f 5745 5746 5747
f 5745 5747 5748
f 5749 5750 5751
f 5749 5751 5752
f 5753 5754 5755
f 5753 5755 5756
f 5757 5758 5759
f 5757 5759 5760
f 5761 5762 5763
f 5761 5763 5764
f 5765 5766 5767
f 5765 5767 5768
f 5769 5770 5771
f 5769 5771 5772
f 5773 5774 5775
f 5773 5775 5776
f 5777 5778 5779
f 5777 5779 5780
f 5781 5782 5783
f 5781 5783 5784
f 5785 5786 5787
f 5785 5787 5788
f 5789 5790 5791
f 5789 5791 5792
f 5793 5794 5795
f 5793 5795 5796
f 5797 5798 5799
f 5797 5799 5800
f 5801 5802 5803
f 5801 5803 5804
f 5805 5806 5807
f 5805 5807 5808
f 5809 5810 5811
f 5809 5811 5812
f 5813 5814 5815
f 5813 5815 5816
f 5817 5818 5819
f 5817 5819 5820
f 5821 5822 5823
f 5821 5823 5824
f 5825 5826 5827
f 5825 5827 5828
f 5829 5830 5831
f 5829 5831 5832
f 5833 5834 5835
f 5833 5835 5836
f 5837 5838 5839
f 5837 5839 5840
f 5841 5842 5843
f 5841 5843 5844
f 5845 5846 5847
f 5845 5847 5848
f 5849 5850 5851
f 5849 5851 5852
f 5853 5854 5855
f 5853 5855 5856
f 5857 5858 5859
f 5857 5859 5860
f 5861 5862 5863
f 5861 5863 5864
f 5865 5866 5867
f 5865 5867 5868
f 5869 5870 5871
f 5869 5871 5872
f 5873 5874 5875
f 5873 5875 5876
f 5877 5878 5879
f 5877 5879 5880
f 5881 5882 5883
f 5881 5883 5884
f 5885 5886 5887
f 5885 5887 5888
f 5889 5890 5891
f 5889 5891 5892
f 5893 5894 5895
f 5893 5895 5896
f 5897 5898 5899
f 5897 5899 5900
f 5901 5902 5903
f 5901 5903 5904
f 5905 5906 5907
f 5905 5907 5908
f 5909 5910 5911
f 5909 5911 5912
f 5913 5914 5915
f 5913 5915 5916
f 5917 5918 5919
f 5917 5919 5920
f 5921 5922 5923
f 5924 5925 5926
f 5927 5928 5929
f 5930 5931 5932
f 5933 5934 5935
f 5933 5935 5936
f 5937 5938 5939
f 5937 5939 5940
f 5941 5942 5943
f 5941 5943 5944
f 5945 5946 5947
f 5945 5947 5948
f 5949 5950 5951
f 5949 5951 5952
f 5953 5954 5955
f 5953 5955 5956
f 5957 5958 5959
f 5957 5959 5960
f 5961 5962 5963
f 5961 5963 5964
f 5965 5966 5967
f 5965 5967 5968
f 5969 5970 5971
f 5969 5971 5972
f 5973 5974 5975
f 5973 5975 5976
f 5977 5978 5979
f 5977 5979 5980
f 5981 5982 5983
f 5984 5985 5986
f 5987 5988 5989
f 5987 5989 5990
f 5991 5992 5993
f 5991 5993 5994
f 5995 5996 5997
f 5995 5997 5998
f 5999 6000 6001
f 5999 6001 6002
f 6003 6004 6005
f 6003 6005 6006
f 6007 6008 6009
f 6007 6009 6010
f 6011 6012 6013
f 6011 6013 6014
f 6015 6016 6017
f 6015 6017 6018
f 6019 6020 6021
f 6022 6023 6024
f 6025 6026 6027
f 6025 6027 6028
f 6029 6030 6031
f 6029 6031 6032
f 6033 6034 6035
f 6036 6037 6038
f 6039 6040 6041
f 6039 6041 6042
f 6043 6044 6045
f 6043 6045 6046
f 6047 6048 6049
f 6050 6051 6052
f 6053 6054 6055
f 6056 6057 6058
f 6059 6060 6061
f 6062 6063 6064
f 6065 6066 6067
f 6068 6069 6070
f 6071 6072 6073
f 6074 6075 6076
f 6077 6078 6079
f 6080 6081 6082
f 6083 6084 6085
f 6086 6087 6088
f 6089 6090 6091
f 6092 6093 6094
f 6095 6096 6097
f 6095 6097 6098
f 6099 6100 6101
f 6099 6101 6102
f 6103 6104 6105
f 6103 6105 6106
f 6107 6108 6109
f 6107 6109 6110
f 6111 6112 6113
f 6114 6115 6116
f 6117 6118 6119
f 6117 6119 6120
f 6121 6122 6123
f 6121 6123 6124
f 6125 6126 6127
f 6128 6129 6130
f 6131 6132 6133
f 6131 6133 6134
f 6135 6136 6137
f 6135 6137 6138
f 6139 6140 6141
f 6139 6141 6142
f 6143 6144 6145
f 6143 6145 6146
f 6147 6148 6149
f 6147 6149 6150
f 6151 6152 6153
f 6151 6153 6154
f 6155 6156 6157
f 6155 6157 6158
f 6159 6160 6161
f 6159 6161 6162
f 6163 6164 6165
f 6163 6165 6166
f 6167 6168 6169
f 6167 6169 6170
f 6171 6172 6173
f 6171 6173 6174
f 6175 6176 6177
f 6175 6177 6178
f 6179 6180 6181
f 6179 6181 6182
f 6183 6184 6185
f 6183 6185 6186
f 6187 6188 6189
f 6187 6189 6190
f 6191 6192 6193
f 6191 6193 6194
f 6195 6196 6197
f 6195 6197 6198
f 6199 6200 6201
f 6199 6201 6202
f 6203 6204 6205
f 6203 6205 6206
f 6207 6208 6209
f 6207 6209 6210
f 6211 6212 6213
f 6211 6213 6214
f 6215 6216 6217
f 6215 6217 6218
f 6219 6220 6221
f 6222 6223 6224
f 6225 6226 6227
f 6228 6229 6230
f 6231 6232 6233
f 6234 6235 6236
f 6237 6238 6239
f 6240 6241 6242
f 6243 6244 6245
f 6246 6247 6248
f 6249 6250 6251
f 6252 6253 6254
f 6255 6256 6257
f 6255 6257 6258
f 6259 6260 6261
f 6259 6261 6262
f 6263 6264 6265
f 6263 6265 6266
f 6267 6268 6269
f 6267 6269 6270
f 6271 6272 6273
f 6271 6273 6274
f 6275 6276 6277
f 6275 6277 6278
f 6279 6280 6281
f 6279 6281 6282
f 6283 6284 6285
f 6283 6285 6286
f 6287 6288 6289
f 6287 6289 6290
f 6291 6292 6293
f 6291 6293 6294
f 6295 6296 6297
f 6295 6297 6298
f 6299 6300 6301
f 6299 6301 6302
f 6303 6304 6305
f 6303 6305 6306
f 6307 6308 6309
f 6307 6309 6310
f 6311 6312 6313
f 6311 6313 6314
f 6315 6316 6317
f 6315 6317 6318
f 6319 6320 6321
f 6319 6321 6322
f 6323 6324 6325
f 6323 6325 6326
f 6327 6328 6329
f 6327 6329 6330
f 6331 6332 6333
f 6331 6333 6334
f 6335 6336 6337
f 6335 6337 6338
f 6339 6340 6341
f 6339 6341 6342
f 6343 6344 6345
f 6346 6347 6348
f 6349 6350 6351
f 6352 6353 6354
f 6355 6356 6357
f 6355 6357 6358
f 6359 6360 6361
f 6359 6361 6362
f 6363 6364 6365
f 6363 6365 6366
f 6367 6368 6369
f 6367 6369 6370
f 6371 6372 6373
f 6371 6373 6374
f 6375 6376 6377
f 6375 6377 6378
f 6379 6380 6381
f 6379 6381 6382
f 6383 6384 6385
f 6383 6385 6386
f 6387 6388 6389
f 6387 6389 6390
f 6391 6392 6393
f 6391 6393 6394
f 6395 6396 6397
f 6395 6397 6398
f 6399 6400 6401
f 6399 6401 6402
f 6403 6404 6405
f 6403 6405 6406
f 6407 6408 6409
f 6407 6409 6410
f 6411 6412 6413
f 6411 6413 6414
f 6415 6416 6417
f 6415 6417 6418
f 6419 6420 6421
f 6419 6421 6422
f 6423 6424 6425
f 6423 6425 6426
f 6427 6428 6429
f 6427 6429 6430
f 6431 6432 6433
f 6431 6433 6434
f 6435 6436 6437
f 6435 6437 6438
f 6439 6440 6441
f 6439 6441 6442
f 6443 6444 6445
f 6443 6445 6446
f 6447 6448 6449
f 6447 6449 6450
f 6451 6452 6453
f 6451 6453 6454
f 6455 6456 6457
f 6455 6457 6458
f 6459 6460 6461
f 6459 6461 6462
f 6463 6464 6465
f 6463 6465 6466
f 6467 6468 6469
f 6467 6469 6470
f 6471 6472 6473
f 6471 6473 6474
f 6475 6476 6477
f 6475 6477 6478
f 6479 6480 6481
f 6479 6481 6482
f 6483 6484 6485
f 6483 6485 6486
f 6487 6488 6489
f 6487 6489 6490
f 6491 6492 6493
f 6491 6493 6494
f 6495 6496 6497
f 6495 6497 6498
f 6499 6500 6501
f 6499 6501 6502
f 6503 6504 6505
f 6503 6505 6506
f 6507 6508 6509
f 6507 6509 6510
f 6511 6512 6513
f 6511 6513 6514
f 6515 6516 6517
f 6515 6517 6518
f 6519 6520 6521
f 6519 6521 6522
f 6523 6524 6525
f 6523 6525 6526
f 6527 6528 6529
f 6527 6529 6530
f 6531 6532 6533
f 6531 6533 6534
f 6535 6536 6537
f 6535 6537 6538
f 6539 6540 6541
f 6539 6541 6542
f 6543 6544 6545
f 6543 6545 6546
f 6547 6548 6549
f 6547 6549 6550
f 6551 6552 6553
f 6551 6553 6554
f 6555 6556 6557
f 6555 6557 6558
f 6559 6560 6561
f 6559 6561 6562
f 6563 6564 6565
f 6563 6565 6566
f 6567 6568 6569
f 6567 6569 6570
f 6571 6572 6573
f 6571 6573 6574
f 6575 6576 6577
f 6575 6577 6578
f 6579 6580 6581
f 6579 6581 6582
f 6583 6584 6585
f 6583 6585 6586
f 6587 6588 6589
f 6587 6589 6590
f 6591 6592 6593
f 6591 6593 6594
f 6595 6596 6597
f 6595 6597 6598
f 6599 6600 6601
f 6599 6601 6602
f 6603 6604 6605
f 6603 6605 6606
f 6607 6608 6609
f 6607 6609 6610
f 6611 6612 6613
f 6611 6613 6614
f 6615 6616 6617
f 6615 6617 6618
f 6619 6620 6621
f 6619 6621 6622
f 6623 6624 6625
f 6623 6625 6626
f 6627 6628 6629
f 6627 6629 6630
f 6631 6632 6633
f 6631 6633 6634
f 6635 6636 6637
f 6635 6637 6638
f 6639 6640 6641
f 6639 6641 6642
f 6643 6644 6645
f 6643 6645 6646
f 6647 6648 6649
f 6647 6649 6650
f 6651 6652 6653
f 6651 6653 6654
f 6655 6656 6657
f 6655 6657 6658
f 6659 6660 6661
f 6659 6661 6662
f 6663 6664 6665
f 6663 6665 6666
f 6667 6668 6669
f 6667 6669 6670
f 6671 6672 6673
f 6671 6673 6674
f 6675 6676 6677
f 6675 6677 6678
f 6679 6680 6681
f 6679 6681 6682
f 6683 6684 6685
f 6683 6685 6686
f 6687 6688 6689
f 6687 6689 6690
f 6691 6692 6693
f 6691 6693 6694
f 6695 6696 6697
f 6695 6697 6698
f 6699 6700 6701
f 6699 6701 6702
f 6703 6704 6705
f 6703 6705 6706
f 6707 6708 6709
f 6707 6709 6710
f 6711 6712 6713
f 6711 6713 6714
f 6715 6716 6717
f 6715 6717 6718
f 6719 6720 6721
f 6719 6721 6722
f 6723 6724 6725
f 6723 6725 6726
f 6727 6728 6729
f 6727 6729 6730
f 6731 6732 6733
f 6731 6733 6734
f 6735 6736 6737
f 6735 6737 6738
f 6739 6740 6741
f 6739 6741 6742
f 6743 6744 6745
f 6743 6745 6746
f 6747 6748 6749
f 6747 6749 6750
f 6751 6752 6753
f 6751 6753 6754
f 6755 6756 6757
f 6755 6757 6758
f 6759 6760 6761
f 6759 6761 6762
f 6763 6764 6765
f 6766 6767 6768
f 6769 6770 6771
f 6772 6773 6774
f 6775 6776 6777
f 6775 6777 6778
f 6779 6780 6781
f 6779 6781 6782
f 6783 6784 6785
f 6783 6785 6786
f 6787 6788 6789
f 6787 6789 6790
f 6791 6792 6793
f 6791 6793 6794
f 6795 6796 6797
f 6795 6797 6798
f 6799 6800 6801
f 6799 6801 6802
f 6803 6804 6805
f 6803 6805 6806
f 6807 6808 6809
f 6807 6809 6810
f 6811 6812 6813
f 6811 6813 6814
f 6815 6816 6817
f 6815 6817 6818
f 6819 6820 6821
f 6819 6821 6822
f 6823 6824 6825
f 6826 6827 6828
f 6829 6830 6831
f 6829 6831 6832
f 6833 6834 6835
f 6833 6835 6836
f 6837 6838 6839
f 6837 6839 6840
f 6841 6842 6843
f 6841 6843 6844
f 6845 6846 6847
f 6845 6847 6848
f 6849 6850 6851
f 6849 6851 6852
f 6853 6854 6855
f 6853 6855 6856
f 6857 6858 6859
f 6857 6859 6860
f 6861 6862 6863
f 6864 6865 6866
f 6867 6868 6869
f 6867 6869 6870
f 6871 6872 6873
f 6871 6873 6874
f 6875 6876 6877
f 6878 6879 6880
f 6881 6882 6883
f 6881 6883 6884
f 6885 6886 6887
f 6885 6887 6888
f 6889 6890 6891
f 6892 6893 6894
f 6895 6896 6897
f 6898 6899 6900
f 6901 6902 6903
f 6904 6905 6906
f 6907 6908 6909
f 6910 6911 6912
f 6913 6914 6915
f 6916 6917 6918
f 6919 6920 6921
f 6922 6923 6924
f 6925 6926 6927
f 6928 6929 6930
f 6931 6932 6933
f 6934 6935 6936
f 6937 6938 6939
f 6937 6939 6940
f 6941 6942 6943
f 6941 6943 6944
f 6945 6946 6947
f 6945 6947 6948
f 6949 6950 6951
f 6949 6951 6952
f 6953 6954 6955
f 6956 6957 6958
f 6959 6960 6961
f 6959 6961 6962
f 6963 6964 6965
f 6963 6965 6966
f 6967 6968 6969
f 6970 6971 6972
f 6973 6974 6975
f 6973 6975 6976
f 6977 6978 6979
f 6977 6979 6980
f 6981 6982 6983
f 6981 6983 6984
f 6985 6986 6987
f 6985 6987 6988
f 6989 6990 6991
f 6989 6991 6992
f 6993 6994 6995
f 6993 6995 6996
f 6997 6998 6999
f 6997 6999 7000
f 7001 7002 7003
f 7001 7003 7004
f 7005 7006 7007
f 7005 7007 7008
f 7009 7010 7011
f 7009 7011 7012
f 7013 7014 7015
f 7013 7015 7016
f 7017 7018 7019
f 7017 7019 7020
f 7021 7022 7023
f 7021 7023 7024
f 7025 7026 7027
f 7025 7027 7028
f 7029 7030 7031
f 7029 7031 7032
f 7033 7034 7035
f 7033 7035 7036
f 7037 7038 7039
f 7037 7039 7040
f 7041 7042 7043
f 7041 7043 7044
f 7045 7046 7047
f 7045 7047 7048
f 7049 7050 7051
f 7049 7051 7052
f 7053 7054 7055
f 7053 7055 7056
f 7057 7058 7059
f 7057 7059 7060
f 7061 7062 7063
f 7064 7065 7066
f 7067 7068 7069
f 7070 7071 7072
f 7073 7074 7075
f 7076 7077 7078
f 7079 7080 7081
f 7082 7083 7084
f 7085 7086 7087
f 7088 7089 7090
f 7091 7092 7093
f 7094 7095 7096
f 7097 7098 7099
f 7097 7099 7100
f 7101 7102 7103
f 7101 7103 7104
f 7105 7106 7107
f 7105 7107 7108
f 7109 7110 7111
f 7109 7111 7112
f 7113 7114 7115
f 7113 7115 7116
f 7117 7118 7119
f 7117 7119 7120
f 7121 7122 7123
f 7121 7123 7124
f 7125 7126 7127
f 7125 7127 7128
f 7129 7130 7131
f 7129 7131 7132
f 7133 7134 7135
f 7133 7135 7136
f 7137 7138 7139
f 7137 7139 7140
f 7141 7142 7143
f 7141 7143 7144
f 7145 7146 7147
f 7145 7147 7148
f 7149 7150 7151
f 7149 7151 7152
f 7153 7154 7155
f 7153 7155 7156
f 7157 7158 7159
f 7157 7159 7160
f 7161 7162 7163
f 7161 7163 7164
f 7165 7166 7167
f 7165 7167 7168
f 7169 7170 7171
f 7169 7171 7172
f 7173 7174 7175
f 7173 7175 7176
f 7177 7178 7179
f 7177 7179 7180
f 7181 7182 7183
f 7181 7183 7184
f 7185 7186 7187
f 7188 7189 7190
f 7191 7192 7193
f 7194 7195 7196
f 7197 7198 7199
f 7197 7199 7200
f 7201 7202 7203
f 7201 7203 7204
f 7205 7206 7207
f 7205 7207 7208
f 7209 7210 7211
f 7209 7211 7212
f 7213 7214 7215
f 7213 7215 7216
f 7217 7218 7219
f 7217 7219 7220
f 7221 7222 7223
f 7221 7223 7224
f 7225 7226 7227
f 7225 7227 7228
f 7229 7230 7231
f 7229 7231 7232
f 7233 7234 7235
f 7233 7235 7236
f 7237 7238 7239
f 7237 7239 7240
f 7241 7242 7243
f 7241 7243 7244
f 7245 7246 7247
f 7245 7247 7248
f 7249 7250 7251
f 7249 7251 7252
f 7253 7254 7255
f 7253 7255 7256
f 7257 7258 7259
f 7257 7259 7260
f 7261 7262 7263
f 7261 7263 7264
f 7265 7266 7267
f 7265 7267 7268
f 7269 7270 7271
f 7269 7271 7272
f 7273 7274 7275
f 7273 7275 7276
f 7277 7278 7279
f 7277 7279 7280
f 7281 7282 7283
f 7281 7283 7284
f 7285 7286 7287
f 7285 7287 7288
f 7289 7290 7291
f 7289 7291 7292
f 7293 7294 7295
f 7293 7295 7296
f 7297 7298 7299
f 7297 7299 7300
f 7301 7302 7303
f 7301 7303 7304
f 7305 7306 7307
f 7305 7307 7308
f 7309 7310 7311
f 7309 7311 7312
f 7313 7314 7315
f 7313 7315 7316
f 7317 7318 7319
f 7317 7319 7320
f 7321 7322 7323
f 7321 7323 7324
f 7325 7326 7327
f 7325 7327 7328
f 7329 7330 7331
f 7329 7331 7332
f 7333 7334 7335
f 7333 7335 7336
f 7337 7338 7339
f 7337 7339 7340
f 7341 7342 7343
f 7341 7343 7344
f 7345 7346 7347
f 7345 7347 7348
f 7349 7350 7351
f 7349 7351 7352
f 7353 7354 7355
f 7353 7355 7356
f 7357 7358 7359
f 7357 7359 7360
f 7361 7362 7363
f 7361 7363 7364
f 7365 7366 7367
f 7365 7367 7368
f 7369 7370 7371
f 7369 7371 7372
f 7373 7374 7375
f 7373 7375 7376
f 7377 7378 7379
f 7377 7379 7380
f 7381 7382 7383
f 7381 7383 7384
f 7385 7386 7387
f 7385 7387 7388
f 7389 7390 7391
f 7389 7391 7392
f 7393 7394 7395
f 7393 7395 7396
f 7397 7398 7399
f 7397 7399 7400
f 7401 7402 7403
f 7401 7403 7404
f 7405 7406 7407
f 7405 7407 7408
f 7409 7410 7411
f 7409 7411 7412
f 7413 7414 7415
f 7413 7415 7416
f 7417 7418 7419
f 7417 7419 7420
f 7421 7422 7423
f 7421 7423 7424
f 7425 7426 7427
f 7425 7427 7428
f 7429 7430 7431
f 7429 7431 7432
f 7433 7434 7435
f 7433 7435 7436
f 7437 7438 7439
f 7437 7439 7440
f 7441 7442 7443
f 7441 7443 7444
f 7445 7446 7447
f 7445 7447 7448
f 7449 7450 7451
f 7449 7451 7452
f 7453 7454 7455
f 7453 7455 7456
f 7457 7458 7459
f 7457 7459 7460
f 7461 7462 7463
f 7461 7463 7464
f 7465 7466 7467
f 7465 7467 7468
f 7469 7470 7471
f 7469 7471 7472
f 7473 7474 7475
f 7473 7475 7476
f 7477 7478 7479
f 7477 7479 7480
f 7481 7482 7483
f 7481 7483 7484
f 7485 7486 7487
f 7485 7487 7488
f 7489 7490 7491
f 7489 7491 7492
f 7493 7494 7495
f 7493 7495 7496
f 7497 7498 7499
f 7497 7499 7500
f 7501 7502 7503
f 7501 7503 7504
f 7505 7506 7507
f 7505 7507 7508
f 7509 7510 7511
f 7509 7511 7512
f 7513 7514 7515
f 7513 7515 7516
f 7517 7518 7519
f 7517 7519 7520
f 7521 7522 7523
f 7521 7523 7524
f 7525 7526 7527
f 7525 7527 7528
f 7529 7530 7531
f 7529 7531 7532
f 7533 7534 7535
f 7533 7535 7536
f 7537 7538 7539
f 7537 7539 7540
f 7541 7542 7543
f 7541 7543 7544
f 7545 7546 7547
f 7545 7547 7548
f 7549 7550 7551
f 7549 7551 7552
f 7553 7554 7555
f 7553 7555 7556
f 7557 7558 7559
f 7557 7559 7560
f 7561 7562 7563
f 7561 7563 7564
f 7565 7566 7567
f 7565 7567 7568
f 7569 7570 7571
f 7569 7571 7572
f 7573 7574 7575
f 7573 7575 7576
f 7577 7578 7579
f 7577 7579 7580
f 7581 7582 7583
f 7581 7583 7584
f 7585 7586 7587
f 7585 7587 7588
f 7589 7590 7591
f 7589 7591 7592
f 7593 7594 7595
f 7593 7595 7596
f 7597 7598 7599
f 7597 7599 7600
f 7601 7602 7603
f 7601 7603 7604
f 7605 7606 7607
f 7608 7609 7610
f 7611 7612 7613
f 7614 7615 7616
f 7617 7618 7619
f 7617 7619 7620
f 7621 7622 7623
f 7621 7623 7624
f 7625 7626 7627
f 7625 7627 7628
f 7629 7630 7631
f 7629 7631 7632
f 7633 7634 7635
f 7633 7635 7636
f 7637 7638 7639
f 7637 7639 7640
f 7641 7642 7643
f 7641 7643 7644
f 7645 7646 7647
f 7645 7647 7648
f 7649 7650 7651
f 7649 7651 7652
f 7653 7654 7655
f 7653 7655 7656
f 7657 7658 7659
f 7657 7659 7660
f 7661 7662 7663
f 7661 7663 7664
f 7665 7666 7667
f 7668 7669 7670
f 7671 7672 7673
f 7671 7673 7674
f 7675 7676 7677
f 7675 7677 7678
f 7679 7680 7681
f 7679 7681 7682
f 7683 7684 7685
f 7683 7685 7686
f 7687 7688 7689
f 7687 7689 7690
f 7691 7692 7693
f 7691 7693 7694
f 7695 7696 7697
f 7695 7697 7698
f 7699 7700 7701
f 7699 7701 7702
f 7703 7704 7705
f 7706 7707 7708
f 7709 7710 7711
f 7709 7711 7712
f 7713 7714 7715
f 7713 7715 7716
f 7717 7718 7719
f 7720 7721 7722
f 7723 7724 7725
f 7723 7725 7726
f 7727 7728 7729
f 7727 7729 7730
f 7731 7732 7733
f 7734 7735 7736
f 7737 7738 7739
f 7740 7741 7742
f 7743 7744 7745
f 7746 7747 7748
f 7749 7750 7751
f 7752 7753 7754
f 7755 7756 7757
f 7758 7759 7760
f 7761 7762 7763
f 7764 7765 7766
f 7767 7768 7769
f 7770 7771 7772
f 7773 7774 7775
f 7776 7777 7778
f 7779 7780 7781
f 7779 7781 7782
f 7783 7784 7785
f 7783 7785 7786
f 7787 7788 7789
f 7787 7789 7790
f 7791 7792 7793
f 7791 7793 7794
f 7795 7796 7797
f 7798 7799 7800
f 7801 7802 7803
f 7801 7803 7804
f 7805 7806 7807
f 7805 7807 7808
f 7809 7810 7811
f 7812 7813 7814
f 7815 7816 7817
f 7815 7817 7818
f 7819 7820 7821
f 7819 7821 7822
f 7823 7824 7825
f 7823 7825 7826
f 7827 7828 7829
f 7827 7829 7830
f 7831 7832 7833
f 7831 7833 7834
f 7835 7836 7837
f 7835 7837 7838
f 7839 7840 7841
f 7839 7841 7842
f 7843 7844 7845
f 7843 7845 7846
f 7847 7848 7849
f 7847 7849 7850
f 7851 7852 7853
f 7851 7853 7854
f 7855 7856 7857
f 7855 7857 7858
f 7859 7860 7861
f 7859 7861 7862
f 7863 7864 7865
f 7863 7865 7866
f 7867 7868 7869
f 7867 7869 7870
f 7871 7872 7873
f 7871 7873 7874
f 7875 7876 7877
f 7875 7877 7878
f 7879 7880 7881
f 7879 7881 7882
f 7883 7884 7885
f 7883 7885 7886
f 7887 7888 7889
f 7887 7889 7890
f 7891 7892 7893
f 7891 7893 7894
f 7895 7896 7897
f 7895 7897 7898
f 7899 7900 7901
f 7899 7901 7902
f 7903 7904 7905
f 7906 7907 7908
f 7909 7910 7911
f 7912 7913 7914
f 7915 7916 7917
f 7918 7919 7920
f 7921 7922 7923
f 7924 7925 7926
f 7927 7928 7929
f 7930 7931 7932
f 7933 7934 7935
f 7936 7937 7938
f 7939 7940 7941
f 7939 7941 7942
f 7943 7944 7945
f 7943 7945 7946
f 7947 7948 7949
f 7947 7949 7950
f 7951 7952 7953
f 7951 7953 7954
f 7955 7956 7957
f 7955 7957 7958
f 7959 7960 7961
f 7959 7961 7962
f 7963 7964 7965
f 7963 7965 7966
f 7967 7968 7969
f 7967 7969 7970
f 7971 7972 7973
f 7971 7973 7974
f 7975 7976 7977
f 7975 7977 7978
f 7979 7980 7981
f 7979 7981 7982
f 7983 7984 7985
f 7983 7985 7986
f 7987 7988 7989
f 7987 7989 7990
f 7991 7992 7993
f 7991 7993 7994
f 7995 7996 7997
f 7995 7997 7998
f 7999 8000 8001
f 7999 8001 8002
f 8003 8004 8005
f 8003 8005 8006
f 8007 8008 8009
f 8007 8009 8010
f 8011 8012 8013
f 8011 8013 8014
f 8015 8016 8017
f 8015 8017 8018
f 8019 8020 8021
f 8019 8021 8022
f 8023 8024 8025
f 8023 8025 8026
f 8027 8028 8029
f 8030 8031 8032
f 8033 8034 8035
f 8036 8037 8038
f 8039 8040 8041
f 8039 8041 8042
f 8043 8044 8045
f 8043 8045 8046
f 8047 8048 8049
f 8047 8049 8050
f 8051 8052 8053
f 8051 8053 8054
f 8055 8056 8057
f 8055 8057 8058
f 8059 8060 8061
f 8059 8061 8062
f 8063 8064 8065
f 8063 8065 8066
f 8067 8068 8069
f 8067 8069 8070
f 8071 8072 8073
f 8071 8073 8074
f 8075 8076 8077
f 8075 8077 8078
f 8079 8080 8081
f 8079 8081 8082
f 8083 8084 8085
f 8083 8085 8086
f 8087 8088 8089
f 8087 8089 8090
f 8091 8092 8093
f 8091 8093 8094
f 8095 8096 8097
f 8095 8097 8098
f 8099 8100 8101
f 8099 8101 8102
f 8103 8104 8105
f 8103 8105 8106
f 8107 8108 8109
f 8107 8109 8110
f 8111 8112 8113
f 8111 8113 8114
f 8115 8116 8117
f 8115 8117 8118
f 8119 8120 8121
f 8119 8121 8122
f 8123 8124 8125
f 8123 8125 8126
f 8127 8128 8129
f 8127 8129 8130
f 8131 8132 8133
f 8131 8133 8134
f 8135 8136 8137
f 8135 8137 8138
f 8139 8140 8141
f 8139 8141 8142
f 8143 8144 8145
f 8143 8145 8146
f 8147 8148 8149
f 8147 8149 8150
f 8151 8152 8153
f 8151 8153 8154
f 8155 8156 8157
f 8155 8157 8158
f 8159 8160 8161
f 8159 8161 8162
f 8163 8164 8165
f 8163 8165 8166
f 8167 8168 8169
f 8167 8169 8170
f 8171 8172 8173
f 8171 8173 8174
f 8175 8176 8177
f 8175 8177 8178
f 8179 8180 8181
f 8179 8181 8182
f 8183 8184 8185
f 8183 8185 8186
f 8187 8188 8189
f 8187 8189 8190
f 8191 8192 8193
f 8191 8193 8194
f 8195 8196 8197
f 8195 8197 8198
f 8199 8200 8201
f 8199 8201 8202
f 8203 8204 8205
f 8203 8205 8206
f 8207 8208 8209
f 8207 8209 8210
f 8211 8212 8213
f 8211 8213 8214
f 8215 8216 8217
f 8215 8217 8218
f 8219 8220 8221
f 8219 8221 8222
f 8223 8224 8225
f 8223 8225 8226
f 8227 8228 8229
f 8227 8229 8230
f 8231 8232 8233
f 8231 8233 8234
f 8235 8236 8237
f 8235 8237 8238
f 8239 8240 8241
f 8239 8241 8242
f 8243 8244 8245
f 8243 8245 8246
f 8247 8248 8249
f 8247 8249 8250
f 8251 8252 8253
f 8251 8253 8254
f 8255 8256 8257
f 8255 8257 8258
f 8259 8260 8261
f 8259 8261 8262
f 8263 8264 8265
f 8263 8265 8266
f 8267 8268 8269
f 8267 8269 8270
f 8271 8272 8273
f 8271 8273 8274
f 8275 8276 8277
f 8275 8277 8278
f 8279 8280 8281
f 8279 8281 8282
f 8283 8284 8285
f 8283 8285 8286
f 8287 8288 8289
f 8287 8289 8290
f 8291 8292 8293
f 8291 8293 8294
f 8295 8296 8297
f 8295 8297 8298
f 8299 8300 8301
f 8299 8301 8302
f 8303 8304 8305
f 8303 8305 8306
f 8307 8308 8309
f 8307 8309 8310
f 8311 8312 8313
f 8311 8313 8314
f 8315 8316 8317
f 8315 8317 8318
f 8319 8320 8321
f 8319 8321 8322
f 8323 8324 8325
f 8323 8325 8326
f 8327 8328 8329
f 8327 8329 8330
f 8331 8332 8333
f 8331 8333 8334
f 8335 8336 8337
f 8335 8337 8338
f 8339 8340 8341
f 8339 8341 8342
f 8343 8344 8345
f 8343 8345 8346
f 8347 8348 8349
f 8347 8349 8350
f 8351 8352 8353
f 8351 8353 8354
f 8355 8356 8357
f 8355 8357 8358
f 8359 8360 8361
f 8359 8361 8362
f 8363 8364 8365
f 8363 8365 8366
f 8367 8368 8369
f 8367 8369 8370
f 8371 8372 8373
f 8371 8373 8374
f 8375 8376 8377
f 8375 8377 8378
f 8379 8380 8381
f 8379 8381 8382
f 8383 8384 8385
f 8383 8385 8386
f 8387 8388 8389
f 8387 8389 8390
f 8391 8392 8393
f 8391 8393 8394
f 8395 8396 8397
f 8395 8397 8398
f 8399 8400 8401
f 8399 8401 8402
f 8403 8404 8405
f 8403 8405 8406
f 8407 8408 8409
f 8407 8409 8410
f 8411 8412 8413
f 8411 8413 8414
f 8415 8416 8417
f 8415 8417 8418
f 8419 8420 8421
f 8419 8421 8422
f 8423 8424 8425
f 8423 8425 8426
f 8427 8428 8429
f 8427 8429 8430
f 8431 8432 8433
f 8431 8433 8434
f 8435 8436 8437
f 8435 8437 8438
f 8439 8440 8441
f 8439 8441 8442
f 8443 8444 8445
f 8443 8445 8446
f 8447 8448 8449
f 8450 8451 8452
f 8453 8454 8455
f 8456 8457 8458
f 8459 8460 8461
f 8459 8461 8462
f 8463 8464 8465
f 8463 8465 8466
f 8467 8468 8469
f 8467 8469 8470
f 8471 8472 8473
f 8471 8473 8474
f 8475 8476 8477
f 8475 8477 8478
f 8479 8480 8481
f 8479 8481 8482
f 8483 8484 8485
f 8483 8485 8486
f 8487 8488 8489
f 8487 8489 8490
f 8491 8492 8493
f 8491 8493 8494
f 8495 8496 8497
f 8495 8497 8498
f 8499 8500 8501
f 8499 8501 8502
f 8503 8504 8505
f 8503 8505 8506
f 8507 8508 8509
f 8510 8511 8512
f 8513 8514 8515
f 8513 8515 8516
f 8517 8518 8519
f 8517 8519 8520
f 8521 8522 8523
f 8521 8523 8524
f 8525 8526 8527
f 8525 8527 8528
f 8529 8530 8531
f 8529 8531 8532
f 8533 8534 8535
f 8533 8535 8536
f 8537 8538 8539
f 8537 8539 8540
f 8541 8542 8543
f 8541 8543 8544
f 8545 8546 8547
f 8548 8549 8550
f 8551 8552 8553
f 8551 8553 8554
f 8555 8556 8557
f 8555 8557 8558
f 8559 8560 8561
f 8562 8563 8564
f 8565 8566 8567
f 8565 8567 8568
f 8569 8570 8571
f 8569 8571 8572
f 8573 8574 8575
f 8576 8577 8578
f 8579 8580 8581
f 8582 8583 8584
f 8585 8586 8587
f 8588 8589 8590
f 8591 8592 8593
f 8594 8595 8596
f 8597 8598 8599
f 8600 8601 8602
f 8603 8604 8605
f 8606 8607 8608
f 8609 8610 8611
f 8612 8613 8614
f 8615 8616 8617
f 8618 8619 8620
f 8621 8622 8623
f 8621 8623 8624
f 8625 8626 8627
f 8625 8627 8628
f 8629 8630 8631
f 8629 8631 8632
f 8633 8634 8635
f 8633 8635 8636
f 8637 8638 8639
f 8640 8641 8642
f 8643 8644 8645
f 8643 8645 8646
f 8647 8648 8649
f 8647 8649 8650
f 8651 8652 8653
f 8654 8655 8656
f 8657 8658 8659
f 8657 8659 8660
f 8661 8662 8663
f 8661 8663 8664
f 8665 8666 8667
f 8665 8667 8668
f 8669 8670 8671
f 8669 8671 8672
f 8673 8674 8675
f 8673 8675 8676
f 8677 8678 8679
f 8677 8679 8680
f 8681 8682 8683
f 8681 8683 8684
f 8685 8686 8687
f 8685 8687 8688
f 8689 8690 8691
f 8689 8691 8692
f 8693 8694 8695
f 8693 8695 8696
f 8697 8698 8699
f 8697 8699 8700
f 8701 8702 8703
f 8701 8703 8704
f 8705 8706 8707
f 8705 8707 8708
f 8709 8710 8711
f 8709 8711 8712
f 8713 8714 8715
f 8713 8715 8716
f 8717 8718 8719
f 8717 8719 8720
f 8721 8722 8723
f 8721 8723 8724
f 8725 8726 8727
f 8725 8727 8728
f 8729 8730 8731
f 8729 8731 8732
f 8733 8734 8735
f 8733 8735 8736
f 8737 8738 8739
f 8737 8739 8740
f 8741 8742 8743
f 8741 8743 8744
f 8745 8746 8747
f 8748 8749 8750
f 8748 8750 8751
f 8752 8753 8754
f 8752 8754 8755
f 8756 8757 8758
f 8759 8760 8761
f 8759 8761 8762
f 8763 8764 8765
f 8763 8765 8766
f 8767 8768 8769
f 8767 8769 8770
f 8771 8772 8773
f 8771 8773 8774
f 8775 8776 8777
f 8775 8777 8778
f 8779 8780 8781
f 8779 8781 8782
f 8783 8784 8785
f 8783 8785 8786
f 8787 8788 8789
f 8787 8789 8790
f 8791 8792 8793
f 8794 8795 8796
f 8794 8796 8797
f 8798 8799 8800
f 8798 8800 8801
f 8802 8803 8804
f 8805 8806 8807
f 8805 8807 8808
f 8809 8810 8811
f 8809 8811 8812
f 8813 8814 8815
f 8813 8815 8816
f 8817 8818 8819
f 8817 8819 8820
f 8821 8822 8823
f 8821 8823 8824
f 8825 8826 8827
f 8825 8827 8828
f 8829 8830 8831
f 8829 8831 8832
f 8833 8834 8835
f 8833 8835 8836
f 8837 8838 8839
f 8840 8841 8842
f 8840 8842 8843
f 8844 8845 8846
f 8844 8846 8847
f 8848 8849 8850
f 8851 8852 8853
f 8851 8853 8854
f 8855 8856 8857
f 8855 8857 8858
f 8859 8860 8861
f 8859 8861 8862
f 8863 8864 8865
f 8863 8865 8866
f 8867 8868 8869
f 8867 8869 8870
f 8871 8872 8873
f 8871 8873 8874
f 8875 8876 8877
f 8875 8877 8878
f 8879 8880 8881
f 8879 8881 8882
f 8883 8884 8885
f 8886 8887 8888
f 8886 8888 8889
f 8890 8891 8892
f 8890 8892 8893
f 8894 8895 8896
f 8897 8898 8899
f 8897 8899 8900
f 8901 8902 8903
f 8901 8903 8904
f 8905 8906 8907
f 8905 8907 8908
f 8909 8910 8911
f 8909 8911 8912
f 8913 8914 8915
f 8913 8915 8916
f 8917 8918 8919
f 8917 8919 8920
f 8921 8922 8923
f 8921 8923 8924
f 8925 8926 8927
f 8925 8927 8928
f 8929 8930 8931
f 8932 8933 8934
f 8932 8934 8935
f 8936 8937 8938
f 8936 8938 8939
f 8940 8941 8942
f 8943 8944 8945
f 8943 8945 8946
f 8947 8948 8949
f 8947 8949 8950
f 8951 8952 8953
f 8951 8953 8954
f 8955 8956 8957
f 8955 8957 8958
f 8959 8960 8961
f 8959 8961 8962
f 8963 8964 8965
f 8963 8965 8966
f 8967 8968 8969
f 8967 8969 8970
f 8971 8972 8973
f 8971 8973 8974
f 8975 8976 8977
f 8975 8977 8978
f 8979 8980 8981
f 8979 8981 8982
f 8983 8984 8985
f 8983 8985 8986
f 8987 8988 8989
f 8987 8989 8990
f 8991 8992 8993
f 8991 8993 8994
f 8995 8996 8997
f 8995 8997 8998
f 8999 9000 9001
f 8999 9001 9002
f 9003 9004 9005
f 9003 9005 9006
f 9007 9008 9009
f 9007 9009 9010
f 9011 9012 9013
f 9011 9013 9014
f 9015 9016 9017
f 9015 9017 9018
f 9019 9020 9021
f 9019 9021 9022
f 9023 9024 9025
f 9023 9025 9026
f 9027 9028 9029
f 9027 9029 9030
f 9031 9032 9033
f 9031 9033 9034
f 9035 9036 9037
f 9035 9037 9038
f 9039 9040 9041
f 9039 9041 9042
f 9043 9044 9045
f 9043 9045 9046
f 9047 9048 9049
f 9047 9049 9050
f 9051 9052 9053
f 9051 9053 9054
f 9055 9056 9057
f 9055 9057 9058
f 9059 9060 9061
f 9059 9061 9062
f 9063 9064 9065
f 9063 9065 9066
f 9067 9068 9069
f 9067 9069 9070
f 9071 9072 9073
f 9071 9073 9074
f 9075 9076 9077
f 9075 9077 9078
f 9079 9080 9081
f 9079 9081 9082
f 9083 9084 9085
f 9083 9085 9086
f 9087 9088 9089
f 9087 9089 9090
f 9091 9092 9093
f 9091 9093 9094
f 9095 9096 9097
f 9098 9099 9100
f 9098 9100 9101
f 9102 9103 9104
f 9102 9104 9105
f 9106 9107 9108
f 9109 9110 9111
f 9109 9111 9112
f 9113 9114 9115
f 9113 9115 9116
f 9117 9118 9119
f 9117 9119 9120
f 9121 9122 9123
f 9121 9123 9124
f 9125 9126 9127
f 9125 9127 9128
f 9129 9130 9131
f 9129 9131 9132
f 9133 9134 9135
f 9133 9135 9136
f 9137 9138 9139
f 9137 9139 9140
f 9141 9142 9143
f 9144 9145 9146
f 9144 9146 9147
f 9148 9149 9150
f 9148 9150 9151
f 9152 9153 9154
f 9155 9156 9157
f 9155 9157 9158
f 9159 9160 9161
f 9159 9161 9162
f 9163 9164 9165
f 9163 9165 9166
f 9167 9168 9169
f 9167 9169 9170
f 9171 9172 9173
f 9171 9173 9174
f 9175 9176 9177
f 9175 9177 9178
f 9179 9180 9181
f 9179 9181 9182
f 9183 9184 9185
f 9183 9185 9186
f 9187 9188 9189
f 9190 9191 9192
f 9190 9192 9193
f 9194 9195 9196
f 9194 9196 9197
f 9198 9199 9200
f 9201 9202 9203
f 9201 9203 9204
f 9205 9206 9207
f 9205 9207 9208
f 9209 9210 9211
f 9209 9211 9212
f 9213 9214 9215
f 9213 9215 9216
f 9217 9218 9219
f 9217 9219 9220
f 9221 9222 9223
f 9221 9223 9224
f 9225 9226 9227
f 9225 9227 9228
f 9229 9230 9231
f 9229 9231 9232
f 9233 9234 9235
f 9236 9237 9238
f 9236 9238 9239
f 9240 9241 9242
f 9240 9242 9243
f 9244 9245 9246
f 9247 9248 9249
f 9247 9249 9250
f 9251 9252 9253
f 9251 9253 9254
f 9255 9256 9257
f 9255 9257 9258
f 9259 9260 9261
f 9259 9261 9262
f 9263 9264 9265
f 9263 9265 9266
f 9267 9268 9269
f 9267 9269 9270
f 9271 9272 9273
f 9271 9273 9274
f 9275 9276 9277
f 9275 9277 9278
f 9279 9280 9281
f 9282 9283 9284
f 9282 9284 9285
f 9286 9287 9288
f 9286 9288 9289
f 9290 9291 9292
f 9293 9294 9295
f 9293 9295 9296
f 9297 9298 9299
f 9297 9299 9300
f 9301 9302 9303
f 9301 9303 9304
f 9305 9306 9307
f 9305 9307 9308
f 9309 9310 9311
f 9309 9311 9312
f 9313 9314 9315
f 9313 9315 9316
f 9317 9318 9319
f 9317 9319 9320
f 9321 9322 9323
f 9321 9323 9324
f 9325 9326 9327
f 9325 9327 9328
f 9329 9330 9331
f 9329 9331 9332
f 9333 9334 9335
f 9333 9335 9336
f 9337 9338 9339
f 9337 9339 9340
f 9341 9342 9343
f 9341 9343 9344
f 9345 9346 9347
f 9345 9347 9348
f 9349 9350 9351
f 9349 9351 9352
f 9353 9354 9355
f 9353 9355 9356
f 9357 9358 9359
f 9357 9359 9360
f 9361 9362 9363
f 9361 9363 9364
f 9365 9366 9367
f 9365 9367 9368
f 9369 9370 9371
f 9369 9371 9372
f 9373 9374 9375
f 9373 9375 9376
f 9377 9378 9379
f 9377 9379 9380
f 9381 9382 9383
f 9381 9383 9384
f 9385 9386 9387
f 9385 9387 9388
f 9389 9390 9391
f 9389 9391 9392
f 9393 9394 9395
f 9393 9395 9396
f 9397 9398 9399
f 9397 9399 9400
f 9401 9402 9403
f 9401 9403 9404
f 9405 9406 9407
f 9405 9407 9408
f 9409 9410 9411
f 9409 9411 9412
f 9413 9414 9415
f 9413 9415 9416
f 9417 9418 9419
f 9417 9419 9420
f 9421 9422 9423
f 9421 9423 9424
f 9425 9426 9427
f 9425 9427 9428
f 9429 9430 9431
f 9429 9431 9432
f 9433 9434 9435
f 9433 9435 9436
f 9437 9438 9439
f 9437 9439 9440
f 9441 9442 9443
f 9441 9443 9444
f 9445 9446 9447
f 9448 9449 9450
f 9448 9450 9451
f 9452 9453 9454
f 9452 9454 9455
f 9456 9457 9458
f 9459 9460 9461
f 9459 9461 9462
f 9463 9464 9465
f 9463 9465 9466
f 9467 9468 9469
f 9467 9469 9470
f 9471 9472 9473
f 9471 9473 9474
f 9475 9476 9477
f 9475 9477 9478
f 9479 9480 9481
f 9479 9481 9482
f 9483 9484 9485
f 9483 9485 9486
f 9487 9488 9489
f 9487 9489 9490
f 9491 9492 9493
f 9494 9495 9496
f 9494 9496 9497
f 9498 9499 9500
f 9498 9500 9501
f 9502 9503 9504
f 9505 9506 9507
f 9505 9507 9508
f 9509 9510 9511
f 9509 9511 9512
f 9513 9514 9515
f 9513 9515 9516
f 9517 9518 9519
f 9517 9519 9520
f 9521 9522 9523
f 9521 9523 9524
f 9525 9526 9527
f 9525 9527 9528
f 9529 9530 9531
f 9529 9531 9532
f 9533 9534 9535
f 9533 9535 9536
f 9537 9538 9539
f 9540 9541 9542
f 9540 9542 9543
f 9544 9545 9546
f 9544 9546 9547
f 9548 9549 9550
f 9551 9552 9553
f 9551 9553 9554
f 9555 9556 9557
f 9555 9557 9558
f 9559 9560 9561
f 9559 9561 9562
f 9563 9564 9565
f 9563 9565 9566
f 9567 9568 9569
f 9567 9569 9570
f 9571 9572 9573
f 9571 9573 9574
f 9575 9576 9577
f 9575 9577 9578
f 9579 9580 9581
f 9579 9581 9582
f 9583 9584 9585
f 9586 9587 9588
f 9586 9588 9589
f 9590 9591 9592
f 9590 9592 9593
f 9594 9595 9596
f 9597 9598 9599
f 9597 9599 9600
f 9601 9602 9603
f 9601 9603 9604
f 9605 9606 9607
f 9605 9607 9608
f 9609 9610 9611
f 9609 9611 9612
f 9613 9614 9615
f 9613 9615 9616
f 9617 9618 9619
f 9617 9619 9620
f 9621 9622 9623
f 9621 9623 9624
f 9625 9626 9627
f 9625 9627 9628
f 9629 9630 9631
f 9632 9633 9634
f 9632 9634 9635
f 9636 9637 9638
f 9636 9638 9639
f 9640 9641 9642
f 9643 9644 9645
f 9643 9645 9646
f 9647 9648 9649
f 9647 9649 9650
f 9651 9652 9653
f 9651 9653 9654
f 9655 9656 9657
f 9655 9657 9658
f 9659 9660 9661
f 9659 9661 9662
f 9663 9664 9665
f 9663 9665 9666
f 9667 9668 9669
f 9667 9669 9670
f 9671 9672 9673
f 9671 9673 9674
f 9675 9676 9677
f 9675 9677 9678
f 9679 9680 9681
f 9679 9681 9682
f 9683 9684 9685
f 9683 9685 9686
f 9687 9688 9689
f 9687 9689 9690
f 9691 9692 9693
f 9691 9693 9694
f 9695 9696 9697
f 9695 9697 9698
f 9699 9700 9701
f 9699 9701 9702
f 9703 9704 9705
f 9703 9705 9706
f 9707 9708 9709
f 9707 9709 9710
f 9711 9712 9713
f 9711 9713 9714
f 9715 9716 9717
f 9715 9717 9718
f 9719 9720 9721
f 9719 9721 9722
f 9723 9724 9725
f 9723 9725 9726
f 9727 9728 9729
f 9727 9729 9730
f 9731 9732 9733
f 9731 9733 9734
f 9735 9736 9737
f 9735 9737 9738
f 9739 9740 9741
f 9739 9741 9742
f 9743 9744 9745
f 9743 9745 9746
f 9747 9748 9749
f 9747 9749 9750
f 9751 9752 9753
f 9751 9753 9754
f 9755 9756 9757
f 9755 9757 9758
f 9759 9760 9761
f 9759 9761 9762
f 9763 9764 9765
f 9763 9765 9766
f 9767 9768 9769
f 9767 9769 9770
f 9771 9772 9773
f 9771 9773 9774
f 9775 9776 9777
f 9775 9777 9778
f 9779 9780 9781
f 9779 9781 9782
f 9783 9784 9785
f 9783 9785 9786
f 9787 9788 9789
f 9787 9789 9790
f 9791 9792 9793
f 9791 9793 9794
f 9795 9796 9797
f 9798 9799 9800
f 9798 9800 9801
f 9802 9803 9804
f 9802 9804 9805
f 9806 9807 9808
f 9809 9810 9811
f 9809 9811 9812
f 9813 9814 9815
f 9813 9815 9816
f 9817 9818 9819
f 9817 9819 9820
f 9821 9822 9823
f 9821 9823 9824
f 9825 9826 9827
f 9825 9827 9828
f 9829 9830 9831
f 9829 9831 9832
f 9833 9834 9835
f 9833 9835 9836
f 9837 9838 9839
f 9837 9839 9840
f 9841 9842 9843
f 9844 9845 9846
f 9844 9846 9847
f 9848 9849 9850
f 9848 9850 9851
f 9852 9853 9854
f 9855 9856 9857
f 9855 9857 9858
f 9859 9860 9861
f 9859 9861 9862
f 9863 9864 9865
f 9863 9865 9866
f 9867 9868 9869
f 9867 9869 9870
f 9871 9872 9873
f 9871 9873 9874
f 9875 9876 9877
f 9875 9877 9878
f 9879 9880 9881
f 9879 9881 9882
f 9883 9884 9885
f 9883 9885 9886
f 9887 9888 9889
f 9890 9891 9892
f 9890 9892 9893
f 9894 9895 9896
f 9894 9896 9897
f 9898 9899 9900
f 9901 9902 9903
f 9901 9903 9904
f 9905 9906 9907
f 9905 9907 9908
f 9909 9910 9911
f 9909 9911 9912
f 9913 9914 9915
f 9913 9915 9916
f 9917 9918 9919
f 9917 9919 9920
f 9921 9922 9923
f 9921 9923 9924
f 9925 9926 9927
f 9925 9927 9928
f 9929 9930 9931
f 9929 9931 9932
f 9933 9934 9935
f 9936 9937 9938
f 9936 9938 9939
f 9940 9941 9942
f 9940 9942 9943
f 9944 9945 9946
f 9947 9948 9949
f 9947 9949 9950
f 9951 9952 9953
f 9951 9953 9954
f 9955 9956 9957
f 9955 9957 9958
f 9959 9960 9961
f 9959 9961 9962
f 9963 9964 9965
f 9963 9965 9966
f 9967 9968 9969
f 9967 9969 9970
f 9971 9972 9973
f 9971 9973 9974
f 9975 9976 9977
f 9975 9977 9978
f 9979 9980 9981
f 9982 9983 9984
f 9982 9984 9985
f 9986 9987 9988
f 9986 9988 9989
f 9990 9991 9992
f 9993 9994 9995
f 9993 9995 9996
f 9997 9998 9999
f 9997 9999 10000
f 10001 10002 10003
f 10001 10003 10004
f 10005 10006 10007
f 10005 10007 10008
f 10009 10010 10011
f 10009 10011 10012
f 10013 10014 10015
f 10013 10015 10016
f 10017 10018 10019
f 10017 10019 10020
f 10021 10022 10023
f 10021 10023 10024
f 10025 10026 10027
f 10025 10027 10028
f 10029 10030 10031
f 10029 10031 10032
f 10033 10034 10035
f 10033 10035 10036
f 10037 10038 10039
f 10037 10039 10040
f 10041 10042 10043
f 10041 10043 10044
f 10045 10046 10047
f 10045 10047 10048
f 10049 10050 10051
f 10049 10051 10052
f 10053 10054 10055
f 10053 10055 10056
f 10057 10058 10059
f 10057 10059 10060
f 10061 10062 10063
f 10061 10063 10064
f 10065 10066 10067
f 10065 10067 10068
f 10069 10070 10071
f 10069 10071 10072
f 10073 10074 10075
f 10073 10075 10076
f 10077 10078 10079
f 10077 10079 10080
f 10081 10082 10083
f 10081 10083 10084
f 10085 10086 10087
f 10085 10087 10088
f 10089 10090 10091
f 10089 10091 10092
f 10093 10094 10095
f 10093 10095 10096
f 10097 10098 10099
f 10097 10099 10100
f 10101 10102 10103
f 10101 10103 10104
f 10105 10106 10107
f 10105 10107 10108
f 10109 10110 10111
f 10109 10111 10112
f 10113 10114 10115
f 10113 10115 10116
f 10117 10118 10119
f 10117 10119 10120
f 10121 10122 10123
f 10121 10123 10124
f 10125 10126 10127
f 10125 10127 10128
f 10129 10130 10131
f 10129 10131 10132
f 10133 10134 10135
f 10133 10135 10136
f 10137 10138 10139
f 10137 10139 10140
f 10141 10142 10143
f 10141 10143 10144
f 10145 10146 10147
f 10148 10149 10150
f 10148 10150 10151
f 10152 10153 10154
f 10152 10154 10155
f 10156 10157 10158
f 10159 10160 10161
f 10159 10161 10162
f 10163 10164 10165
f 10163 10165 10166
f 10167 10168 10169
f 10167 10169 10170
f 10171 10172 10173
f 10171 10173 10174
f 10175 10176 10177
f 10175 10177 10178
f 10179 10180 10181
f 10179 10181 10182
f 10183 10184 10185
f 10183 10185 10186
f 10187 10188 10189
f 10187 10189 10190
f 10191 10192 10193
f 10194 10195 10196
f 10194 10196 10197
f 10198 10199 10200
f 10198 10200 10201
f 10202 10203 10204
f 10205 10206 10207
f 10205 10207 10208
f 10209 10210 10211
f 10209 10211 10212
f 10213 10214 10215
f 10213 10215 10216
f 10217 10218 10219
f 10217 10219 10220
f 10221 10222 10223
f 10221 10223 10224
f 10225 10226 10227
f 10225 10227 10228
f 10229 10230 10231
f 10229 10231 10232
f 10233 10234 10235
f 10233 10235 10236
f 10237 10238 10239
f 10240 10241 10242
f 10240 10242 10243
f 10244 10245 10246
f 10244 10246 10247
f 10248 10249 10250
f 10251 10252 10253
f 10251 10253 10254
f 10255 10256 10257
f 10255 10257 10258
f 10259 10260 10261
f 10259 10261 10262
f 10263 10264 10265
f 10263 10265 10266
f 10267 10268 10269
f 10267 10269 10270
f 10271 10272 10273
f 10271 10273 10274
f 10275 10276 10277
f 10275 10277 10278
f 10279 10280 10281
f 10279 10281 10282
f 10283 10284 10285
f 10286 10287 10288
f 10286 10288 10289
f 10290 10291 10292
f 10290 10292 10293
f 10294 10295 10296
f 10297 10298 10299
f 10297 10299 10300
f 10301 10302 10303
f 10301 10303 10304
f 10305 10306 10307
f 10305 10307 10308
f 10309 10310 10311
f 10309 10311 10312
f 10313 10314 10315
f 10313 10315 10316
f 10317 10318 10319
f 10317 10319 10320
f 10321 10322 10323
f 10321 10323 10324
f 10325 10326 10327
f 10325 10327 10328
f 10329 10330 10331
f 10332 10333 10334
f 10332 10334 10335
f 10336 10337 10338
f 10336 10338 10339
f 10340 10341 10342
f 10343 10344 10345
f 10343 10345 10346
f 10347 10348 10349
f 10347 10349 10350
f 10351 10352 10353
f 10351 10353 10354
f 10355 10356 10357
f 10355 10357 10358
f 10359 10360 10361
f 10359 10361 10362
f 10363 10364 10365
f 10363 10365 10366
f 10367 10368 10369
f 10367 10369 10370
f 10371 10372 10373
f 10371 10373 10374
f 10375 10376 10377
f 10375 10377 10378
f 10379 10380 10381
f 10379 10381 10382
f 10383 10384 10385
f 10383 10385 10386
f 10387 10388 10389
f 10387 10389 10390
f 10391 10392 10393
f 10391 10393 10394
f 10395 10396 10397
f 10395 10397 10398
f 10399 10400 10401
f 10399 10401 10402
f 10403 10404 10405
f 10403 10405 10406
f 10407 10408 10409
f 10407 10409 10410
f 10411 10412 10413
f 10411 10413 10414
f 10415 10416 10417
f 10415 10417 10418
f 10419 10420 10421
f 10419 10421 10422
f 10423 10424 10425
f 10423 10425 10426
f 10427 10428 10429
f 10427 10429 10430
f 10431 10432 10433
f 10431 10433 10434
f 10435 10436 10437
f 10435 10437 10438
f 10439 10440 10441
f 10439 10441 10442
f 10443 10444 10445
f 10443 10445 10446
f 10447 10448 10449
f 10447 10449 10450
f 10451 10452 10453
f 10451 10453 10454
f 10455 10456 10457
f 10455 10457 10458
f 10459 10460 10461
f 10459 10461 10462
f 10463 10464 10465
f 10463 10465 10466
f 10467 10468 10469
f 10467 10469 10470
f 10471 10472 10473
f 10471 10473 10474
f 10475 10476 10477
f 10475 10477 10478
f 10479 10480 10481
f 10479 10481 10482
f 10483 10484 10485
f 10483 10485 10486
f 10487 10488 10489
f 10487 10489 10490
f 10491 10492 10493
f 10491 10493 10494
f 10495 10496 10497
f 10498 10499 10500
f 10498 10500 10501
f 10502 10503 10504
f 10502 10504 10505
f 10506 10507 10508
f 10509 10510 10511
f 10509 10511 10512
f 10513 10514 10515
f 10513 10515 10516
f 10517 10518 10519
f 10517 10519 10520
f 10521 10522 10523
f 10521 10523 10524
f 10525 10526 10527
f 10525 10527 10528
f 10529 10530 10531
f 10529 10531 10532
f 10533 10534 10535
f 10533 10535 10536
f 10537 10538 10539
f 10537 10539 10540
f 10541 10542 10543
f 10544 10545 10546
f 10544 10546 10547
f 10548 10549 10550
f 10548 10550 10551
f 10552 10553 10554
f 10555 10556 10557
f 10555 10557 10558
f 10559 10560 10561
f 10559 10561 10562
f 10563 10564 10565
f 10563 10565 10566
f 10567 10568 10569
f 10567 10569 10570
f 10571 10572 10573
f 10571 10573 10574
f 10575 10576 10577
f 10575 10577 10578
f 10579 10580 10581
f 10579 10581 10582
f 10583 10584 10585
f 10583 10585 10586
f 10587 10588 10589
f 10590 10591 10592
f 10590 10592 10593
f 10594 10595 10596
f 10594 10596 10597
f 10598 10599 10600
f 10601 10602 10603
f 10601 10603 10604
f 10605 10606 10607
f 10605 10607 10608
f 10609 10610 10611
f 10609 10611 10612
f 10613 10614 10615
f 10613 10615 10616
f 10617 10618 10619
f 10617 10619 10620
f 10621 10622 10623
f 10621 10623 10624
f 10625 10626 10627
f 10625 10627 10628
f 10629 10630 10631
f 10629 10631 10632
f 10633 10634 10635
f 10636 10637 10638
f 10636 10638 10639
f 10640 10641 10642
f 10640 10642 10643
f 10644 10645 10646
f 10647 10648 10649
f 10647 10649 10650
f 10651 10652 10653
f 10651 10653 10654
f 10655 10656 10657
f 10655 10657 10658
f 10659 10660 10661
f 10659 10661 10662
f 10663 10664 10665
f 10663 10665 10666
f 10667 10668 10669
f 10667 10669 10670
f 10671 10672 10673
f 10671 10673 10674
f 10675 10676 10677
f 10675 10677 10678
f 10679 10680 10681
f 10682 10683 10684
f 10682 10684 10685
f 10686 10687 10688
f 10686 10688 10689
f 10690 10691 10692
f 10693 10694 10695
f 10693 10695 10696
f 10697 10698 10699
f 10697 10699 10700
f 10701 10702 10703
f 10701 10703 10704
f 10705 10706 10707
f 10705 10707 10708
f 10709 10710 10711
f 10709 10711 10712
f 10713 10714 10715
f 10713 10715 10716
f 10717 10718 10719
f 10717 10719 10720
f 10721 10722 10723
f 10721 10723 10724
f 10725 10726 10727
f 10725 10727 10728
f 10729 10730 10731
f 10729 10731 10732
f 10733 10734 10735
f 10733 10735 10736
f 10737 10738 10739
f 10737 10739 10740
f 10741 10742 10743
f 10741 10743 10744
f 10745 10746 10747
f 10745 10747 10748
f 10749 10750 10751
f 10749 10751 10752
f 10753 10754 10755
f 10753 10755 10756
f 10757 10758 10759
f 10757 10759 10760
f 10761 10762 10763
f 10761 10763 10764
f 10765 10766 10767
f 10765 10767 10768
f 10769 10770 10771
f 10769 10771 10772
f 10773 10774 10775
f 10773 10775 10776
f 10777 10778 10779
f 10777 10779 10780
f 10781 10782 10783
f 10781 10783 10784
f 10785 10786 10787
f 10785 10787 10788
f 10789 10790 10791
f 10789 10791 10792
f 10793 10794 10795
f 10793 10795 10796
f 10797 10798 10799
f 10797 10799 10800
f 10801 10802 10803
f 10801 10803 10804
f 10805 10806 10807
f 10805 10807 10808
f 10809 10810 10811
f 10809 10811 10812
f 10813 10814 10815
f 10813 10815 10816
f 10817 10818 10819
f 10817 10819 10820
f 10821 10822 10823
f 10821 10823 10824
f 10825 10826 10827
f 10825 10827 10828
f 10829 10830 10831
f 10829 10831 10832
f 10833 10834 10835
f 10833 10835 10836
f 10837 10838 10839
f 10837 10839 10840
f 10841 10842 10843
f 10841 10843 10844
f 10845 10846 10847
f 10848 10849 10850
f 10848 10850 10851
f 10852 10853 10854
f 10852 10854 10855
f 10856 10857 10858
f 10859 10860 10861
f 10859 10861 10862
f 10863 10864 10865
f 10863 10865 10866
f 10867 10868 10869
f 10867 10869 10870
f 10871 10872 10873
f 10871 10873 10874
f 10875 10876 10877
f 10875 10877 10878
f 10879 10880 10881
f 10879 10881 10882
f 10883 10884 10885
f 10883 10885 10886
f 10887 10888 10889
f 10887 10889 10890
f 10891 10892 10893
f 10894 10895 10896
f 10894 10896 10897
f 10898 10899 10900
f 10898 10900 10901
f 10902 10903 10904
f 10905 10906 10907
f 10905 10907 10908
f 10909 10910 10911
f 10909 10911 10912
f 10913 10914 10915
f 10913 10915 10916
f 10917 10918 10919
f 10917 10919 10920
f 10921 10922 10923
f 10921 10923 10924
f 10925 10926 10927
f 10925 10927 10928
f 10929 10930 10931
f 10929 10931 10932
f 10933 10934 10935
f 10933 10935 10936
f 10937 10938 10939
f 10940 10941 10942
f 10940 10942 10943
f 10944 10945 10946
f 10944 10946 10947
f 10948 10949 10950
f 10951 10952 10953
f 10951 10953 10954
f 10955 10956 10957
f 10955 10957 10958
f 10959 10960 10961
f 10959 10961 10962
f 10963 10964 10965
f 10963 10965 10966
f 10967 10968 10969
f 10967 10969 10970
f 10971 10972 10973
f 10971 10973 10974
f 10975 10976 10977
f 10975 10977 10978
f 10979 10980 10981
f 10979 10981 10982
f 10983 10984 10985
f 10986 10987 10988
f 10986 10988 10989
f 10990 10991 10992
f 10990 10992 10993
f 10994 10995 10996
f 10997 10998 10999
f 10997 10999 11000
f 11001 11002 11003
f 11001 11003 11004
f 11005 11006 11007
f 11005 11007 11008
f 11009 11010 11011
f 11009 11011 11012
f 11013 11014 11015
f 11013 11015 11016
f 11017 11018 11019
f 11017 11019 11020
f 11021 11022 11023
f 11021 11023 11024
f 11025 11026 11027
f 11025 11027 11028
f 11029 11030 11031
f 11032 11033 11034
f 11032 11034 11035
f 11036 11037 11038
f 11036 11038 11039
f 11040 11041 11042
f 11043 11044 11045
f 11043 11045 11046
f 11047 11048 11049
f 11047 11049 11050
f 11051 11052 11053
f 11051 11053 11054
f 11055 11056 11057
f 11055 11057 11058
f 11059 11060 11061
f 11059 11061 11062
f 11063 11064 11065
f 11063 11065 11066
f 11067 11068 11069
f 11067 11069 11070
f 11071 11072 11073
f 11071 11073 11074
f 11075 11076 11077
f 11075 11077 11078
f 11079 11080 11081
f 11079 11081 11082
f 11083 11084 11085
f 11083 11085 11086
f 11087 11088 11089
f 11087 11089 11090
f 11091 11092 11093
f 11091 11093 11094
f 11095 11096 11097
f 11095 11097 11098
f 11099 11100 11101
f 11099 11101 11102
f 11103 11104 11105
f 11103 11105 11106
f 11107 11108 11109
f 11107 11109 11110
f 11111 11112 11113
f 11111 11113 11114
f 11115 11116 11117
f 11115 11117 11118
f 11119 11120 11121
f 11119 11121 11122
f 11123 11124 11125
f 11123 11125 11126
f 11127 11128 11129
f 11127 11129 11130
f 11131 11132 11133
f 11131 11133 11134
f 11135 11136 11137
f 11135 11137 11138
f 11139 11140 11141
f 11139 11141 11142
f 11143 11144 11145
f 11143 11145 11146
f 11147 11148 11149
f 11147 11149 11150
f 11151 11152 11153
f 11151 11153 11154
f 11155 11156 11157
f 11155 11157 11158
f 11159 11160 11161
f 11159 11161 11162
f 11163 11164 11165
f 11163 11165 11166
f 11167 11168 11169
f 11167 11169 11170
f 11171 11172 11173
f 11171 11173 11174
f 11175 11176 11177
f 11175 11177 11178
f 11179 11180 11181
f 11179 11181 11182
f 11183 11184 11185
f 11183 11185 11186
f 11187 11188 11189
f 11187 11189 11190
f 11191 11192 11193
f 11191 11193 11194
f 11195 11196 11197
f 11198 11199 11200
f 11198 11200 11201
f 11202 11203 11204
f 11202 11204 11205
f 11206 11207 11208
f 11209 11210 11211
f 11209 11211 11212
f 11213 11214 11215
f 11213 11215 11216
f 11217 11218 11219
f 11217 11219 11220
f 11221 11222 11223
f 11221 11223 11224
f 11225 11226 11227
f 11225 11227 11228
f 11229 11230 11231
f 11229 11231 11232
f 11233 11234 11235
f 11233 11235 11236
f 11237 11238 11239
f 11237 11239 11240
f 11241 11242 11243
f 11244 11245 11246
f 11244 11246 11247
f 11248 11249 11250
f 11248 11250 11251
f 11252 11253 11254
f 11255 11256 11257
f 11255 11257 11258
f 11259 11260 11261
f 11259 11261 11262
f 11263 11264 11265
f 11263 11265 11266
f 11267 11268 11269
f 11267 11269 11270
f 11271 11272 11273
f 11271 11273 11274
f 11275 11276 11277
f 11275 11277 11278
f 11279 11280 11281
f 11279 11281 11282
f 11283 11284 11285
f 11283 11285 11286
f 11287 11288 11289
f 11290 11291 11292
f 11290 11292 11293
f 11294 11295 11296
f 11294 11296 11297
f 11298 11299 11300
f 11301 11302 11303
f 11301 11303 11304
f 11305 11306 11307
f 11305 11307 11308
f 11309 11310 11311
f 11309 11311 11312
f 11313 11314 11315
f 11313 11315 11316
f 11317 11318 11319
f 11317 11319 11320
f 11321 11322 11323
f 11321 11323 11324
f 11325 11326 11327
f 11325 11327 11328
f 11329 11330 11331
f 11329 11331 11332
f 11333 11334 11335
f 11336 11337 11338
f 11336 11338 11339
f 11340 11341 11342
f 11340 11342 11343
f 11344 11345 11346
f 11347 11348 11349
f 11347 11349 11350
f 11351 11352 11353
f 11351 11353 11354
f 11355 11356 11357
f 11355 11357 11358
f 11359 11360 11361
f 11359 11361 11362
f 11363 11364 11365
f 11363 11365 11366
f 11367 11368 11369
f 11367 11369 11370
f 11371 11372 11373
f 11371 11373 11374
f 11375 11376 11377
f 11375 11377 11378
f 11379 11380 11381
f 11382 11383 11384
f 11382 11384 11385
f 11386 11387 11388
f 11386 11388 11389
f 11390 11391 11392
f 11393 11394 11395
f 11393 11395 11396
f 11397 11398 11399
f 11397 11399 11400
f 11401 11402 11403
f 11401 11403 11404
f 11405 11406 11407
f 11405 11407 11408
f 11409 11410 11411
f 11409 11411 11412
f 11413 11414 11415
f 11413 11415 11416
f 11417 11418 11419
f 11417 11419 11420
f 11421 11422 11423
f 11421 11423 11424
f 11425 11426 11427
f 11425 11427 11428
f 11429 11430 11431
f 11429 11431 11432
f 11433 11434 11435
f 11433 11435 11436
f 11437 11438 11439
f 11437 11439 11440
f 11441 11442 11443
f 11441 11443 11444
f 11445 11446 11447
f 11445 11447 11448
f 11449 11450 11451
f 11449 11451 11452
f 11453 11454 11455
f 11453 11455 11456
f 11457 11458 11459
f 11457 11459 11460
f 11461 11462 11463
f 11461 11463 11464
f 11465 11466 11467
f 11465 11467 11468
f 11469 11470 11471
f 11469 11471 11472
f 11473 11474 11475
f 11473 11475 11476
f 11477 11478 11479
f 11477 11479 11480
f 11481 11482 11483
f 11481 11483 11484
f 11485 11486 11487
f 11485 11487 11488
f 11489 11490 11491
f 11489 11491 11492
f 11493 11494 11495
f 11493 11495 11496
f 11497 11498 11499
f 11497 11499 11500
f 11501 11502 11503
f 11501 11503 11504
f 11505 11506 11507
f 11505 11507 11508
f 11509 11510 11511
f 11509 11511 11512
f 11513 11514 11515
f 11513 11515 11516
f 11517 11518 11519
f 11517 11519 11520
