# Baked from official LDraw part 3778.dat
o ldraw_3778
v 0.0000000 0.8500000 0.1000000
v 0.2500000 0.8500000 0.1000000
v 0.2500000 0.8500000 0.0000000
v 0.0000000 0.8500000 0.0000000
v 0.3181950 0.8500000 0.3181950
v 0.4157550 0.8500000 0.1722150
v 0.4387500 0.8500000 0.1000000
v 0.0000000 0.8500000 0.1000000
v 0.0000000 0.8500000 0.4500000
v 0.1722150 0.8500000 0.4157550
v 0.3181950 0.8500000 0.3181950
v 0.0000000 0.8500000 0.1000000
v 0.2500000 0.7550000 0.1000000
v 0.2500000 0.7550000 0.0000000
v 0.2500000 0.8500000 0.0000000
v 0.2500000 0.8500000 0.1000000
v 0.2500000 0.8500000 0.1000000
v 0.4387500 0.8500000 0.1000000
v 0.2500000 0.7550000 0.1000000
v 0.4157550 0.8500000 0.1722150
v 0.2500000 0.7550000 0.1000000
v 0.4387500 0.8500000 0.1000000
v 0.0000000 1.0250000 0.1000000
v 0.0000000 1.0250000 0.0000000
v 0.2437500 1.0250000 0.0000000
v 0.2437500 1.0250000 0.1000000
v 0.1250000 1.0250000 0.3750000
v 0.0000000 1.0250000 0.1000000
v 0.6675000 1.0250000 0.1000000
v 0.5612500 1.0250000 0.3750000
v 0.0000000 1.0250000 0.6750000
v 0.0000000 1.0250000 0.1000000
v 0.1250000 1.0250000 0.3750000
v 0.1250000 1.0250000 0.6250000
v 0.1250000 1.0250000 0.6250000
v 0.2550000 1.0250000 0.6250000
v 0.0000000 1.0250000 0.6750000
v 0.0000000 1.1750000 0.1000000
v 0.2437500 1.1750000 0.1000000
v 0.2437500 1.1750000 0.0000000
v 0.0000000 1.1750000 0.0000000
v 0.1250000 1.1750000 0.3750000
v 0.7067500 1.1750000 0.3750000
v 0.7937500 1.1750000 0.1000000
v 0.0000000 1.1750000 0.1000000
v 0.0000000 1.1750000 0.8000000
v 0.1250000 1.1750000 0.6250000
v 0.1250000 1.1750000 0.3750000
v 0.0000000 1.1750000 0.1000000
v 0.4993750 1.1750000 0.6250000
v 0.1250000 1.1750000 0.6250000
v 0.0000000 1.1750000 0.8000000
v 0.3061600 1.1750000 0.7391200
v 0.2550000 1.0250000 0.6250000
v 0.4993750 1.1750000 0.6250000
v 0.3061600 1.1750000 0.7391200
v 0.4993750 1.1750000 0.6250000
v 0.2550000 1.0250000 0.6250000
v 0.1250000 1.0250000 0.6250000
v 0.1250000 1.1750000 0.6250000
v 0.1250000 1.1750000 0.6250000
v 0.1250000 1.0250000 0.6250000
v 0.1250000 1.0250000 0.3750000
v 0.1250000 1.1750000 0.3750000
v 0.1250000 1.0250000 0.3750000
v 0.5612500 1.0250000 0.3750000
v 0.7067500 1.1750000 0.3750000
v 0.1250000 1.1750000 0.3750000
v 0.6675000 1.0250000 0.1000000
v 0.2500000 1.0250000 0.1000000
v 0.2500000 1.1750000 0.1000000
v 0.7937500 1.1750000 0.1000000
v 0.0000000 1.3500000 0.1000000
v 0.0000000 1.3500000 0.0000000
v 0.2375000 1.3500000 0.0000000
v 0.2375000 1.3500000 0.1000000
v 0.2107500 1.3500000 0.8750000
v 0.2000000 1.3500000 0.6250000
v 0.6475000 1.3500000 0.6250000
v 0.4000000 1.3500000 0.8060000
v 0.0000000 1.3500000 0.9000000
v 0.2000000 1.3500000 0.6250000
v 0.2107500 1.3500000 0.8750000
v 0.1250000 1.3500000 0.8912500
v 0.0000000 1.3500000 0.1000000
v 0.8945000 1.3500000 0.1000000
v 0.8182500 1.3500000 0.3750000
v 0.0000000 1.3500000 0.3750000
v 0.0000000 1.3500000 0.3750000
v 0.2000000 1.3500000 0.3750000
v 0.2000000 1.3500000 0.6250000
v 0.0000000 1.3500000 0.6250000
v 0.0000000 1.3500000 0.9000000
v 0.0000000 1.3500000 0.6250000
v 0.2000000 1.3500000 0.6250000
v 0.0000000 1.5000000 0.1000000
v 0.2375000 1.5000000 0.1000000
v 0.2375000 1.5000000 0.0000000
v 0.0000000 1.5000000 0.0000000
v 0.1250000 1.5000000 0.9000000
v 0.4360000 1.5000000 0.9000000
v 0.7805000 1.5000000 0.6250000
v 0.2000000 1.5000000 0.6250000
v 0.1250000 1.5000000 0.9000000
v 0.2000000 1.5000000 0.6250000
v 0.0000000 1.5000000 1.0000000
v 0.0000000 1.5000000 1.0000000
v 0.1250000 1.5000000 0.9922500
v 0.1250000 1.5000000 0.9000000
v 0.2375000 1.5000000 0.1000000
v 0.9950000 1.5000000 0.1000000
v 0.8945000 1.3500000 0.1000000
v 0.2375000 1.3500000 0.1000000
v 0.9270000 1.5000000 0.3750000
v 0.2000000 1.5000000 0.3750000
v 0.2000000 1.3500000 0.3750000
v 0.8182500 1.3500000 0.3750000
v 0.2000000 1.5000000 0.3750000
v 0.2000000 1.5000000 0.6250000
v 0.2000000 1.3500000 0.6250000
v 0.2000000 1.3500000 0.3750000
v 0.2000000 1.5000000 0.6250000
v 0.7805000 1.5000000 0.6250000
v 0.6475000 1.3500000 0.6250000
v 0.2000000 1.3500000 0.6250000
v 0.2107500 1.3500000 0.8750000
v 0.4360000 1.5000000 0.9000000
v 0.1250000 1.5000000 0.9000000
v 0.4360000 1.5000000 0.9000000
v 0.2107500 1.3500000 0.8750000
v 0.4000000 1.3500000 0.8060000
v 0.1250000 1.5000000 0.9000000
v 0.1250000 1.3500000 0.8912500
v 0.2107500 1.3500000 0.8750000
v 0.1250000 1.3500000 0.8912500
v 0.1250000 1.5000000 0.9000000
v 0.1250000 1.5000000 0.9922500
v 0.0000000 1.5000000 0.1000000
v 0.0000000 1.5000000 0.3750000
v 0.9270000 1.5000000 0.3750000
v 0.9950000 1.5000000 0.1000000
v 0.0000000 1.5000000 0.3750000
v 0.0000000 1.5000000 0.6250000
v 0.2000000 1.5000000 0.6250000
v 0.2000000 1.5000000 0.3750000
v 0.2000000 1.5000000 0.6250000
v 0.0000000 1.5000000 0.6250000
v 0.0000000 1.5000000 1.0000000
v 0.0000000 1.6750000 0.1000000
v 0.0000000 1.6750000 0.0000000
v 0.2312500 1.6750000 0.0000000
v 0.2312500 1.6750000 0.1000000
v 0.5407500 1.6750000 0.9000000
v 0.2000000 1.6750000 0.6250000
v 0.8437500 1.6750000 0.6250000
v 0.7423500 1.6750000 0.7423500
v 0.2000000 1.6750000 0.6250000
v 0.5407500 1.6750000 0.9000000
v 0.1250000 1.6750000 0.9000000
v 0.1250000 1.6750000 0.9000000
v 0.1250000 1.6750000 1.0425000
v 0.0000000 1.6750000 1.0500000
v 0.0000000 1.6750000 0.1000000
v 1.0452500 1.6750000 0.1000000
v 0.9807500 1.6750000 0.3750000
v 0.0000000 1.6750000 0.3750000
v 0.0000000 1.6750000 0.3750000
v 0.2000000 1.6750000 0.3750000
v 0.2000000 1.6750000 0.6250000
v 0.0000000 1.6750000 0.6250000
v 0.1250000 1.6750000 0.9000000
v 0.0000000 1.6750000 0.9000000
v 0.0000000 1.6750000 0.6250000
v 0.2000000 1.6750000 0.6250000
v 0.0000000 1.6750000 0.9000000
v 0.1250000 1.6750000 0.9000000
v 0.0000000 1.6750000 1.0500000
v 0.0000000 1.8250000 0.1000000
v 0.2312500 1.8250000 0.1000000
v 0.2312500 1.8250000 0.0000000
v 0.0000000 1.8250000 0.0000000
v 1.0955000 1.8250000 0.1000000
v 1.0452500 1.6750000 0.1000000
v 0.2312500 1.6750000 0.1000000
v 0.2312500 1.8250000 0.1000000
v 0.2000000 1.8250000 0.3750000
v 0.2000000 1.6750000 0.3750000
v 0.9807500 1.6750000 0.3750000
v 1.0340000 1.8250000 0.3750000
v 0.2000000 1.8250000 0.6250000
v 0.2000000 1.6750000 0.6250000
v 0.2000000 1.6750000 0.3750000
v 0.2000000 1.8250000 0.3750000
v 0.9052500 1.8250000 0.6250000
v 0.8437500 1.6750000 0.6250000
v 0.2000000 1.6750000 0.6250000
v 0.2000000 1.8250000 0.6250000
v 0.1250000 1.8250000 0.9000000
v 0.1250000 1.6750000 0.9000000
v 0.5407500 1.6750000 0.9000000
v 0.6325000 1.8250000 0.9000000
v 0.1250000 1.8250000 1.0928750
v 0.1250000 1.6750000 1.0425000
v 0.1250000 1.6750000 0.9000000
v 0.1250000 1.8250000 0.9000000
v 0.6325000 1.8250000 0.9000000
v 0.7777500 1.8250000 0.7777500
v 0.9052500 1.8250000 0.6250000
v 0.2000000 1.8250000 0.6250000
v 0.1250000 1.8250000 0.9000000
v 0.6325000 1.8250000 0.9000000
v 0.2000000 1.8250000 0.6250000
v 0.0000000 1.8250000 1.1000000
v 0.1250000 1.8250000 1.0928750
v 0.1250000 1.8250000 0.9000000
v 0.0000000 1.8250000 0.1000000
v 0.0000000 1.8250000 0.3750000
v 1.0340000 1.8250000 0.3750000
v 1.0955000 1.8250000 0.1000000
v 0.0000000 1.8250000 0.3750000
v 0.0000000 1.8250000 0.6250000
v 0.2000000 1.8250000 0.6250000
v 0.2000000 1.8250000 0.3750000
v 0.1250000 1.8250000 0.9000000
v 0.2000000 1.8250000 0.6250000
v 0.0000000 1.8250000 0.6250000
v 0.0000000 1.8250000 0.9000000
v 0.0000000 1.8250000 1.1000000
v 0.1250000 1.8250000 0.9000000
v 0.0000000 1.8250000 0.9000000
v 0.0000000 2.0000000 0.1000000
v 0.0000000 2.0000000 0.0000000
v 0.2250000 2.0000000 0.0000000
v 0.2250000 2.0000000 0.1000000
v 0.7159000 2.0000000 0.9000000
v 0.2000000 2.0000000 0.6250000
v 0.9652500 2.0000000 0.6250000
v 0.8130000 2.0000000 0.8130000
v 0.2000000 2.0000000 0.6250000
v 0.7159000 2.0000000 0.9000000
v 0.1250000 2.0000000 0.9000000
v 0.1250000 2.0000000 0.9000000
v 0.1250000 2.0000000 1.1432500
v 0.0000000 2.0000000 1.1500000
v 0.0000000 2.0000000 0.1000000
v 1.1456500 2.0000000 0.1000000
v 1.0871500 2.0000000 0.3750000
v 0.0000000 2.0000000 0.3750000
v 0.0000000 2.0000000 0.3750000
v 0.2000000 2.0000000 0.3750000
v 0.2000000 2.0000000 0.6250000
v 0.0000000 2.0000000 0.6250000
v 0.1250000 2.0000000 0.9000000
v 0.0000000 2.0000000 0.9000000
v 0.0000000 2.0000000 0.6250000
v 0.2000000 2.0000000 0.6250000
v 0.0000000 2.0000000 0.9000000
v 0.1250000 2.0000000 0.9000000
v 0.0000000 2.0000000 1.1500000
v 0.0000000 2.1500000 0.1000000
v 0.2250000 2.1500000 0.1000000
v 0.2250000 2.1500000 0.0000000
v 0.0000000 2.1500000 0.0000000
v 1.1707500 2.1500000 0.1000000
v 1.1456500 2.0000000 0.1000000
v 0.2250000 2.0000000 0.1000000
v 0.2250000 2.1500000 0.1000000
v 0.2000000 2.1500000 0.3750000
v 0.2000000 2.0000000 0.3750000
v 1.0871500 2.0000000 0.3750000
v 1.1135000 2.1500000 0.3750000
v 0.2000000 2.1500000 0.6250000
v 0.2000000 2.0000000 0.6250000
v 0.2000000 2.0000000 0.3750000
v 0.2000000 2.1500000 0.3750000
v 0.9950000 2.1500000 0.6250000
v 0.9652500 2.0000000 0.6250000
v 0.2000000 2.0000000 0.6250000
v 0.2000000 2.1500000 0.6250000
v 0.1250000 2.1500000 0.9000000
v 0.1250000 2.0000000 0.9000000
v 0.7159000 2.0000000 0.9000000
v 0.7553750 2.1500000 0.9000000
v 0.1250000 2.1500000 1.1683250
v 0.1250000 2.0000000 1.1432500
v 0.1250000 2.0000000 0.9000000
v 0.1250000 2.1500000 0.9000000
v 0.7553750 2.1500000 0.9000000
v 0.8307500 2.1500000 0.8307500
v 0.9950000 2.1500000 0.6250000
v 0.2000000 2.1500000 0.6250000
v 0.1250000 2.1500000 0.9000000
v 0.7553750 2.1500000 0.9000000
v 0.2000000 2.1500000 0.6250000
v 0.0000000 2.1500000 1.1750000
v 0.1250000 2.1500000 1.1683250
v 0.1250000 2.1500000 0.9000000
v 0.0000000 2.1500000 0.1000000
v 0.0000000 2.1500000 0.3750000
v 1.1135000 2.1500000 0.3750000
v 1.1707500 2.1500000 0.1000000
v 0.0000000 2.1500000 0.3750000
v 0.0000000 2.1500000 0.6250000
v 0.2000000 2.1500000 0.6250000
v 0.2000000 2.1500000 0.3750000
v 0.1250000 2.1500000 0.9000000
v 0.2000000 2.1500000 0.6250000
v 0.0000000 2.1500000 0.6250000
v 0.0000000 2.1500000 0.9000000
v 0.0000000 2.1500000 1.1750000
v 0.1250000 2.1500000 0.9000000
v 0.0000000 2.1500000 0.9000000
v 0.0000000 2.3250000 0.1000000
v 0.0000000 2.3250000 0.0000000
v 0.2187500 2.3250000 0.0000000
v 0.2187500 2.3250000 0.1000000
v 0.7553750 2.3250000 0.9000000
v 0.2000000 2.3250000 0.6250000
v 0.9950000 2.3250000 0.6250000
v 0.8307500 2.3250000 0.8307500
v 0.2000000 2.3250000 0.6250000
v 0.7553750 2.3250000 0.9000000
v 0.1250000 2.3250000 0.9000000
v 0.1250000 2.3250000 0.9000000
v 0.1250000 2.3250000 1.1683250
v 0.0000000 2.3250000 1.1750000
v 0.0000000 2.3250000 0.1000000
v 1.1707500 2.3250000 0.1000000
v 1.1135000 2.3250000 0.3750000
v 0.0000000 2.3250000 0.3750000
v 0.0000000 2.3250000 0.3750000
v 0.2000000 2.3250000 0.3750000
v 0.2000000 2.3250000 0.6250000
v 0.0000000 2.3250000 0.6250000
v 0.1250000 2.3250000 0.9000000
v 0.0000000 2.3250000 0.9000000
v 0.0000000 2.3250000 0.6250000
v 0.2000000 2.3250000 0.6250000
v 0.0000000 2.3250000 0.9000000
v 0.1250000 2.3250000 0.9000000
v 0.0000000 2.3250000 1.1750000
v 0.0000000 2.4750000 0.1000000
v 0.2187500 2.4750000 0.1000000
v 0.2187500 2.4750000 0.0000000
v 0.0000000 2.4750000 0.0000000
v 1.1707500 2.4750000 0.1000000
v 1.1707500 2.3250000 0.1000000
v 0.2187500 2.3250000 0.1000000
v 0.2187500 2.4750000 0.1000000
v 1.1135000 2.4750000 0.3750000
v 1.1135000 2.3250000 0.3750000
v 1.1707500 2.3250000 0.1000000
v 1.1707500 2.4750000 0.1000000
v 0.2000000 2.4750000 0.3750000
v 0.2000000 2.3250000 0.3750000
v 1.1135000 2.3250000 0.3750000
v 1.1135000 2.4750000 0.3750000
v 0.2000000 2.4750000 0.6250000
v 0.2000000 2.3250000 0.6250000
v 0.2000000 2.3250000 0.3750000
v 0.2000000 2.4750000 0.3750000
v 0.9950000 2.4750000 0.6250000
v 0.9950000 2.3250000 0.6250000
v 0.2000000 2.3250000 0.6250000
v 0.2000000 2.4750000 0.6250000
v 0.8307500 2.4750000 0.8307500
v 0.8307500 2.3250000 0.8307500
v 0.9950000 2.3250000 0.6250000
v 0.9950000 2.4750000 0.6250000
v 0.7553750 2.4750000 0.9000000
v 0.7553750 2.3250000 0.9000000
v 0.8307500 2.3250000 0.8307500
v 0.8307500 2.4750000 0.8307500
v 0.1250000 2.4750000 0.9000000
v 0.1250000 2.3250000 0.9000000
v 0.7553750 2.3250000 0.9000000
v 0.7553750 2.4750000 0.9000000
v 0.1250000 2.4750000 1.1683250
v 0.1250000 2.3250000 1.1683250
v 0.1250000 2.3250000 0.9000000
v 0.1250000 2.4750000 0.9000000
v 0.0000000 2.4750000 1.1750000
v 0.0000000 2.3250000 1.1750000
v 0.1250000 2.3250000 1.1683250
v 0.1250000 2.4750000 1.1683250
v 0.7553750 2.4750000 0.9000000
v 0.8307500 2.4750000 0.8307500
v 0.9950000 2.4750000 0.6250000
v 0.2000000 2.4750000 0.6250000
v 0.1250000 2.4750000 0.9000000
v 0.7553750 2.4750000 0.9000000
v 0.2000000 2.4750000 0.6250000
v 0.0000000 2.4750000 1.1750000
v 0.1250000 2.4750000 1.1683250
v 0.1250000 2.4750000 0.9000000
v 0.0000000 2.4750000 0.1000000
v 0.0000000 2.4750000 0.3750000
v 1.1135000 2.4750000 0.3750000
v 1.1707500 2.4750000 0.1000000
v 0.0000000 2.4750000 0.3750000
v 0.0000000 2.4750000 0.6250000
v 0.2000000 2.4750000 0.6250000
v 0.2000000 2.4750000 0.3750000
v 0.1250000 2.4750000 0.9000000
v 0.2000000 2.4750000 0.6250000
v 0.0000000 2.4750000 0.6250000
v 0.0000000 2.4750000 0.9000000
v 0.0000000 2.4750000 1.1750000
v 0.1250000 2.4750000 0.9000000
v 0.0000000 2.4750000 0.9000000
v 0.0000000 2.6500000 0.1000000
v 0.0000000 2.6500000 0.0000000
v 0.2125000 2.6500000 0.0000000
v 0.2125000 2.6500000 0.1000000
v 0.7553750 2.6500000 0.9000000
v 0.2000000 2.6500000 0.6250000
v 0.9950000 2.6500000 0.6250000
v 0.8307500 2.6500000 0.8307500
v 0.2000000 2.6500000 0.6250000
v 0.7553750 2.6500000 0.9000000
v 0.1250000 2.6500000 0.9000000
v 0.1250000 2.6500000 0.9000000
v 0.1250000 2.6500000 1.1683250
v 0.0000000 2.6500000 1.1750000
v 0.0000000 2.6500000 0.1000000
v 1.1707500 2.6500000 0.1000000
v 1.1135000 2.6500000 0.3750000
v 0.0000000 2.6500000 0.3750000
v 0.0000000 2.6500000 0.3750000
v 0.2000000 2.6500000 0.3750000
v 0.2000000 2.6500000 0.6250000
v 0.0000000 2.6500000 0.6250000
v 0.1250000 2.6500000 0.9000000
v 0.0000000 2.6500000 0.9000000
v 0.0000000 2.6500000 0.6250000
v 0.2000000 2.6500000 0.6250000
v 0.0000000 2.6500000 0.9000000
v 0.1250000 2.6500000 0.9000000
v 0.0000000 2.6500000 1.1750000
v 0.0000000 2.8000000 0.1000000
v 0.2125000 2.8000000 0.1000000
v 0.2125000 2.8000000 0.0000000
v 0.0000000 2.8000000 0.0000000
v 1.1582500 2.8000000 0.1000000
v 1.1707500 2.6500000 0.1000000
v 0.2125000 2.6500000 0.1000000
v 0.2125000 2.8000000 0.1000000
v 0.2000000 2.8000000 0.3750000
v 0.2000000 2.6500000 0.3750000
v 1.1135000 2.6500000 0.3750000
v 1.1003500 2.8000000 0.3750000
v 0.2000000 2.8000000 0.6250000
v 0.2000000 2.6500000 0.6250000
v 0.2000000 2.6500000 0.3750000
v 0.2000000 2.8000000 0.3750000
v 0.9802500 2.8000000 0.6250000
v 0.9950000 2.6500000 0.6250000
v 0.2000000 2.6500000 0.6250000
v 0.2000000 2.8000000 0.6250000
v 0.1250000 2.8000000 0.9000000
v 0.1250000 2.6500000 0.9000000
v 0.7553750 2.6500000 0.9000000
v 0.7357500 2.8000000 0.9000000
v 0.1250000 2.8000000 1.1557500
v 0.1250000 2.6500000 1.1683250
v 0.1250000 2.6500000 0.9000000
v 0.1250000 2.8000000 0.9000000
v 0.7357500 2.8000000 0.9000000
v 0.8218000 2.8000000 0.8218000
v 0.9802500 2.8000000 0.6250000
v 0.2000000 2.8000000 0.6250000
v 0.1250000 2.8000000 0.9000000
v 0.7357500 2.8000000 0.9000000
v 0.2000000 2.8000000 0.6250000
v 0.0000000 2.8000000 1.1625000
v 0.1250000 2.8000000 1.1557500
v 0.1250000 2.8000000 0.9000000
v 0.0000000 2.8000000 0.1000000
v 0.0000000 2.8000000 0.3750000
v 1.1003500 2.8000000 0.3750000
v 1.1582500 2.8000000 0.1000000
v 0.0000000 2.8000000 0.3750000
v 0.0000000 2.8000000 0.6250000
v 0.2000000 2.8000000 0.6250000
v 0.2000000 2.8000000 0.3750000
v 0.1250000 2.8000000 0.9000000
v 0.2000000 2.8000000 0.6250000
v 0.0000000 2.8000000 0.6250000
v 0.0000000 2.8000000 0.9000000
v 0.0000000 2.8000000 1.1625000
v 0.1250000 2.8000000 0.9000000
v 0.0000000 2.8000000 0.9000000
v 0.0000000 2.9750000 0.1000000
v 0.0000000 2.9750000 0.0000000
v 0.2062500 2.9750000 0.0000000
v 0.2062500 2.9750000 0.1000000
v 0.7159000 2.9750000 0.9000000
v 0.2000000 2.9750000 0.6250000
v 0.9652500 2.9750000 0.6250000
v 0.8130000 2.9750000 0.8130000
v 0.2000000 2.9750000 0.6250000
v 0.7159000 2.9750000 0.9000000
v 0.1250000 2.9750000 0.9000000
v 0.1250000 2.9750000 0.9000000
v 0.1250000 2.9750000 1.1432500
v 0.0000000 2.9750000 1.1500000
v 0.0000000 2.9750000 0.1000000
v 1.1456500 2.9750000 0.1000000
v 1.0871500 2.9750000 0.3750000
v 0.0000000 2.9750000 0.3750000
v 0.0000000 2.9750000 0.3750000
v 0.2000000 2.9750000 0.3750000
v 0.2000000 2.9750000 0.6250000
v 0.0000000 2.9750000 0.6250000
v 0.1250000 2.9750000 0.9000000
v 0.0000000 2.9750000 0.9000000
v 0.0000000 2.9750000 0.6250000
v 0.2000000 2.9750000 0.6250000
v 0.0000000 2.9750000 0.9000000
v 0.1250000 2.9750000 0.9000000
v 0.0000000 2.9750000 1.1500000
v 0.0000000 3.1250000 0.1000000
v 0.2062500 3.1250000 0.1000000
v 0.2062500 3.1250000 0.0000000
v 0.0000000 3.1250000 0.0000000
v 1.1205000 3.1250000 0.1000000
v 1.1456500 2.9750000 0.1000000
v 0.2062500 2.9750000 0.1000000
v 0.2062500 3.1250000 0.1000000
v 0.2000000 3.1250000 0.3750000
v 0.2000000 2.9750000 0.3750000
v 1.0871500 2.9750000 0.3750000
v 1.0606500 3.1250000 0.3750000
v 0.2000000 3.1250000 0.6250000
v 0.2000000 2.9750000 0.6250000
v 0.2000000 2.9750000 0.3750000
v 0.2000000 3.1250000 0.3750000
v 0.9354250 3.1250000 0.6250000
v 0.9652500 2.9750000 0.6250000
v 0.2000000 2.9750000 0.6250000
v 0.2000000 3.1250000 0.6250000
v 0.1250000 3.1250000 0.9000000
v 0.1250000 2.9750000 0.9000000
v 0.7159000 2.9750000 0.9000000
v 0.6750000 3.1250000 0.9000000
v 0.1250000 3.1250000 1.1180000
v 0.1250000 2.9750000 1.1432500
v 0.1250000 2.9750000 0.9000000
v 0.1250000 3.1250000 0.9000000
v 0.6750000 3.1250000 0.9000000
v 0.7953750 3.1250000 0.7953750
v 0.9354250 3.1250000 0.6250000
v 0.2000000 3.1250000 0.6250000
v 0.1250000 3.1250000 0.9000000
v 0.6750000 3.1250000 0.9000000
v 0.2000000 3.1250000 0.6250000
v 0.0000000 3.1250000 1.1250000
v 0.1250000 3.1250000 1.1180000
v 0.1250000 3.1250000 0.9000000
v 0.0000000 3.1250000 0.1000000
v 0.0000000 3.1250000 0.3750000
v 1.0606500 3.1250000 0.3750000
v 1.1205000 3.1250000 0.1000000
v 0.0000000 3.1250000 0.3750000
v 0.0000000 3.1250000 0.6250000
v 0.2000000 3.1250000 0.6250000
v 0.2000000 3.1250000 0.3750000
v 0.1250000 3.1250000 0.9000000
v 0.2000000 3.1250000 0.6250000
v 0.0000000 3.1250000 0.6250000
v 0.0000000 3.1250000 0.9000000
v 0.0000000 3.1250000 1.1250000
v 0.1250000 3.1250000 0.9000000
v 0.0000000 3.1250000 0.9000000
v 0.0000000 3.3000000 0.1000000
v 0.0000000 3.3000000 0.0000000
v 0.2000000 3.3000000 0.0000000
v 0.2000000 3.3000000 0.1000000
v 0.6325000 3.3000000 0.9000000
v 0.2000000 3.3000000 0.6250000
v 0.9052500 3.3000000 0.6250000
v 0.7777500 3.3000000 0.7777500
v 0.2000000 3.3000000 0.6250000
v 0.6325000 3.3000000 0.9000000
v 0.1250000 3.3000000 0.9000000
v 0.1250000 3.3000000 0.9000000
v 0.1250000 3.3000000 1.0928750
v 0.0000000 3.3000000 1.1000000
v 0.0000000 3.3000000 0.1000000
v 1.0955000 3.3000000 0.1000000
v 1.0340000 3.3000000 0.3750000
v 0.0000000 3.3000000 0.3750000
v 0.0000000 3.3000000 0.3750000
v 0.2000000 3.3000000 0.3750000
v 0.2000000 3.3000000 0.6250000
v 0.0000000 3.3000000 0.6250000
v 0.1250000 3.3000000 0.9000000
v 0.0000000 3.3000000 0.9000000
v 0.0000000 3.3000000 0.6250000
v 0.2000000 3.3000000 0.6250000
v 0.0000000 3.3000000 0.9000000
v 0.1250000 3.3000000 0.9000000
v 0.0000000 3.3000000 1.1000000
v 0.0000000 3.4500000 0.1000000
v 0.2000000 3.4500000 0.1000000
v 0.2000000 3.4500000 0.0000000
v 0.0000000 3.4500000 0.0000000
v 1.0453500 3.4500000 0.1000000
v 1.0955000 3.3000000 0.1000000
v 0.2000000 3.3000000 0.1000000
v 0.2000000 3.4500000 0.1000000
v 0.2000000 3.4500000 0.3750000
v 0.2000000 3.3000000 0.3750000
v 1.0340000 3.3000000 0.3750000
v 1.0074750 3.4500000 0.3750000
v 0.2000000 3.4500000 0.6250000
v 0.2000000 3.3000000 0.6250000
v 0.2000000 3.3000000 0.3750000
v 0.2000000 3.4500000 0.3750000
v 0.8746500 3.4500000 0.6250000
v 0.9052500 3.3000000 0.6250000
v 0.2000000 3.3000000 0.6250000
v 0.2000000 3.4500000 0.6250000
v 0.1250000 3.4500000 0.9000000
v 0.1250000 3.3000000 0.9000000
v 0.6325000 3.3000000 0.9000000
v 0.5879000 3.4500000 0.9000000
v 0.1250000 3.4500000 1.0677500
v 0.1250000 3.3000000 1.0928750
v 0.1250000 3.3000000 0.9000000
v 0.1250000 3.4500000 0.9000000
v 0.5879000 3.4500000 0.9000000
v 0.7600000 3.4500000 0.7600000
v 0.8746500 3.4500000 0.6250000
v 0.2000000 3.4500000 0.6250000
v 0.1250000 3.4500000 0.9000000
v 0.5879000 3.4500000 0.9000000
v 0.2000000 3.4500000 0.6250000
v 0.0000000 3.4500000 1.0750000
v 0.1250000 3.4500000 1.0677500
v 0.1250000 3.4500000 0.9000000
v 0.0000000 3.4500000 0.1000000
v 0.0000000 3.4500000 0.3750000
v 1.0074750 3.4500000 0.3750000
v 1.0453500 3.4500000 0.1000000
v 0.0000000 3.4500000 0.3750000
v 0.0000000 3.4500000 0.6250000
v 0.2000000 3.4500000 0.6250000
v 0.2000000 3.4500000 0.3750000
v 0.1250000 3.4500000 0.9000000
v 0.2000000 3.4500000 0.6250000
v 0.0000000 3.4500000 0.6250000
v 0.0000000 3.4500000 0.9000000
v 0.0000000 3.4500000 1.0750000
v 0.1250000 3.4500000 0.9000000
v 0.0000000 3.4500000 0.9000000
v 0.0000000 3.6250000 0.1000000
v 0.0000000 3.6250000 0.0000000
v 0.1937500 3.6250000 0.0000000
v 0.1937500 3.6250000 0.1000000
v 0.5407500 3.6250000 0.9000000
v 0.2000000 3.6250000 0.6250000
v 0.8437500 3.6250000 0.6250000
v 0.7423500 3.6250000 0.7423500
v 0.2000000 3.6250000 0.6250000
v 0.5407500 3.6250000 0.9000000
v 0.1250000 3.6250000 0.9000000
v 0.1250000 3.6250000 0.9000000
v 0.1250000 3.6250000 1.0425000
v 0.0000000 3.6250000 1.0500000
v 0.0000000 3.6250000 0.1000000
v 1.0452500 3.6250000 0.1000000
v 0.9807500 3.6250000 0.3750000
v 0.0000000 3.6250000 0.3750000
v 0.0000000 3.6250000 0.3750000
v 0.2000000 3.6250000 0.3750000
v 0.2000000 3.6250000 0.6250000
v 0.0000000 3.6250000 0.6250000
v 0.1250000 3.6250000 0.9000000
v 0.0000000 3.6250000 0.9000000
v 0.0000000 3.6250000 0.6250000
v 0.2000000 3.6250000 0.6250000
v 0.0000000 3.6250000 0.9000000
v 0.1250000 3.6250000 0.9000000
v 0.0000000 3.6250000 1.0500000
v 0.0000000 3.7750000 0.1000000
v 0.1937500 3.7750000 0.1000000
v 0.1937500 3.7750000 0.0000000
v 0.0000000 3.7750000 0.0000000
v 1.0200000 3.7750000 0.1000000
v 1.0452500 3.6250000 0.1000000
v 0.1937500 3.6250000 0.1000000
v 0.1937500 3.7750000 0.1000000
v 0.2000000 3.7750000 0.3750000
v 0.2000000 3.6250000 0.3750000
v 0.9807500 3.6250000 0.3750000
v 0.9540000 3.7750000 0.3750000
v 0.2000000 3.7750000 0.6250000
v 0.2000000 3.6250000 0.6250000
v 0.2000000 3.6250000 0.3750000
v 0.2000000 3.7750000 0.3750000
v 0.8125000 3.7750000 0.6250000
v 0.8437500 3.6250000 0.6250000
v 0.2000000 3.6250000 0.6250000
v 0.2000000 3.7750000 0.6250000
v 0.1250000 3.7750000 0.9000000
v 0.1250000 3.6250000 0.9000000
v 0.5407500 3.6250000 0.9000000
v 0.4905000 3.7750000 0.9000000
v 0.1250000 3.7750000 1.0173500
v 0.1250000 3.6250000 1.0425000
v 0.1250000 3.6250000 0.9000000
v 0.1250000 3.7750000 0.9000000
v 0.4905000 3.7750000 0.9000000
v 0.7247500 3.7750000 0.7247500
v 0.8125000 3.7750000 0.6250000
v 0.2000000 3.7750000 0.6250000
v 0.1250000 3.7750000 0.9000000
v 0.4905000 3.7750000 0.9000000
v 0.2000000 3.7750000 0.6250000
v 0.0000000 3.7750000 1.0250000
v 0.1250000 3.7750000 1.0173500
v 0.1250000 3.7750000 0.9000000
v 0.0000000 3.7750000 0.1000000
v 0.0000000 3.7750000 0.3750000
v 0.9540000 3.7750000 0.3750000
v 1.0200000 3.7750000 0.1000000
v 0.0000000 3.7750000 0.3750000
v 0.0000000 3.7750000 0.6250000
v 0.2000000 3.7750000 0.6250000
v 0.2000000 3.7750000 0.3750000
v 0.1250000 3.7750000 0.9000000
v 0.2000000 3.7750000 0.6250000
v 0.0000000 3.7750000 0.6250000
v 0.0000000 3.7750000 0.9000000
v 0.0000000 3.7750000 1.0250000
v 0.1250000 3.7750000 0.9000000
v 0.0000000 3.7750000 0.9000000
v 0.0000000 3.9500000 0.1000000
v 0.0000000 3.9500000 0.0000000
v 0.1875000 3.9500000 0.0000000
v 0.1875000 3.9500000 0.1000000
v 0.4064000 3.9500000 0.9000000
v 0.2000000 3.9500000 0.6250000
v 0.7645000 3.9500000 0.6250000
v 0.6982500 3.9500000 0.6982500
v 0.2000000 3.9500000 0.6250000
v 0.4064000 3.9500000 0.9000000
v 0.1250000 3.9500000 0.9000000
v 0.1250000 3.9500000 0.9000000
v 0.1250000 3.9500000 0.9795000
v 0.0000000 3.9500000 0.9875000
v 0.0000000 3.9500000 0.1000000
v 0.9825000 3.9500000 0.1000000
v 0.9135000 3.9500000 0.3750000
v 0.0000000 3.9500000 0.3750000
v 0.0000000 3.9500000 0.3750000
v 0.2000000 3.9500000 0.3750000
v 0.2000000 3.9500000 0.6250000
v 0.0000000 3.9500000 0.6250000
v 0.1250000 3.9500000 0.9000000
v 0.0000000 3.9500000 0.9000000
v 0.0000000 3.9500000 0.6250000
v 0.2000000 3.9500000 0.6250000
v 0.0000000 3.9500000 0.9000000
v 0.1250000 3.9500000 0.9000000
v 0.0000000 3.9500000 0.9875000
v 0.0000000 4.1000000 0.1000000
v 0.1875000 4.1000000 0.1000000
v 0.1875000 4.1000000 0.0000000
v 0.0000000 4.1000000 0.0000000
v 0.9447500 4.1000000 0.1000000
v 0.9825000 3.9500000 0.1000000
v 0.1875000 3.9500000 0.1000000
v 0.1875000 4.1000000 0.1000000
v 0.2000000 4.1000000 0.3750000
v 0.2000000 3.9500000 0.3750000
v 0.9135000 3.9500000 0.3750000
v 0.8727500 4.1000000 0.3750000
v 0.2000000 4.1000000 0.6250000
v 0.2000000 3.9500000 0.6250000
v 0.2000000 3.9500000 0.3750000
v 0.2000000 4.1000000 0.3750000
v 0.7155000 4.1000000 0.6250000
v 0.7645000 3.9500000 0.6250000
v 0.2000000 3.9500000 0.6250000
v 0.2000000 4.1000000 0.6250000
v 0.1250000 4.1000000 0.9000000
v 0.1250000 3.9500000 0.9000000
v 0.4064000 3.9500000 0.9000000
v 0.3041500 4.1000000 0.9000000
v 0.1250000 4.1000000 0.9417500
v 0.1250000 3.9500000 0.9795000
v 0.1250000 3.9500000 0.9000000
v 0.1250000 4.1000000 0.9000000
v 0.3041500 4.1000000 0.9000000
v 0.6716500 4.1000000 0.6716500
v 0.7155000 4.1000000 0.6250000
v 0.2000000 4.1000000 0.6250000
v 0.1250000 4.1000000 0.9000000
v 0.3041500 4.1000000 0.9000000
v 0.2000000 4.1000000 0.6250000
v 0.0000000 4.1000000 0.9500000
v 0.1250000 4.1000000 0.9417500
v 0.1250000 4.1000000 0.9000000
v 0.0000000 4.1000000 0.1000000
v 0.0000000 4.1000000 0.3750000
v 0.8727500 4.1000000 0.3750000
v 0.9447500 4.1000000 0.1000000
v 0.0000000 4.1000000 0.3750000
v 0.0000000 4.1000000 0.6250000
v 0.2000000 4.1000000 0.6250000
v 0.2000000 4.1000000 0.3750000
v 0.1250000 4.1000000 0.9000000
v 0.2000000 4.1000000 0.6250000
v 0.0000000 4.1000000 0.6250000
v 0.0000000 4.1000000 0.9000000
v 0.0000000 4.1000000 0.9500000
v 0.1250000 4.1000000 0.9000000
v 0.0000000 4.1000000 0.9000000
v 0.0000000 4.2750000 0.1000000
v 0.0000000 4.2750000 0.0000000
v 0.1812500 4.2750000 0.0000000
v 0.1812500 4.2750000 0.1000000
v 0.0000000 4.2750000 0.9125000
v 0.2000000 4.2750000 0.6250000
v 0.6648500 4.2750000 0.6250000
v 0.3492250 4.2750000 0.8430500
v 0.0000000 4.2750000 0.1000000
v 0.9070000 4.2750000 0.1000000
v 0.8318750 4.2750000 0.3750000
v 0.0000000 4.2750000 0.3750000
v 0.0000000 4.2750000 0.3750000
v 0.2000000 4.2750000 0.3750000
v 0.2000000 4.2750000 0.6250000
v 0.0000000 4.2750000 0.6250000
v 0.0000000 4.2750000 0.9125000
v 0.0000000 4.2750000 0.6250000
v 0.2000000 4.2750000 0.6250000
v 0.0000000 4.4250000 0.1000000
v 0.1812500 4.4250000 0.1000000
v 0.1812500 4.4250000 0.0000000
v 0.0000000 4.4250000 0.0000000
v 0.8692500 4.4250000 0.1000000
v 0.9070000 4.2750000 0.1000000
v 0.1812500 4.2750000 0.1000000
v 0.1812500 4.4250000 0.1000000
v 0.2000000 4.4250000 0.3750000
v 0.2000000 4.2750000 0.3750000
v 0.8318750 4.2750000 0.3750000
v 0.7905000 4.4250000 0.3750000
v 0.2000000 4.4250000 0.6250000
v 0.2000000 4.2750000 0.6250000
v 0.2000000 4.2750000 0.3750000
v 0.2000000 4.4250000 0.3750000
v 0.6123750 4.4250000 0.6250000
v 0.6648500 4.2750000 0.6250000
v 0.2000000 4.2750000 0.6250000
v 0.2000000 4.4250000 0.6250000
v 0.0000000 4.4250000 0.8750000
v 0.3348750 4.4250000 0.8084250
v 0.6123750 4.4250000 0.6250000
v 0.2000000 4.4250000 0.6250000
v 0.0000000 4.4250000 0.1000000
v 0.0000000 4.4250000 0.3750000
v 0.7905000 4.4250000 0.3750000
v 0.8692500 4.4250000 0.1000000
v 0.0000000 4.4250000 0.3750000
v 0.0000000 4.4250000 0.6250000
v 0.2000000 4.4250000 0.6250000
v 0.2000000 4.4250000 0.3750000
v 0.2000000 4.4250000 0.6250000
v 0.0000000 4.4250000 0.6250000
v 0.0000000 4.4250000 0.8750000
v 0.0000000 4.6000000 0.1000000
v 0.0000000 4.6000000 0.0000000
v 0.1750000 4.6000000 0.0000000
v 0.1750000 4.6000000 0.1000000
v 0.0000000 4.6000000 0.8375000
v 0.2000000 4.6000000 0.6250000
v 0.5575000 4.6000000 0.6250000
v 0.3205000 4.6000000 0.7737500
v 0.0000000 4.6000000 0.1000000
v 0.8315000 4.6000000 0.1000000
v 0.7488500 4.6000000 0.3750000
v 0.0000000 4.6000000 0.3750000
v 0.0000000 4.6000000 0.3750000
v 0.2000000 4.6000000 0.3750000
v 0.2000000 4.6000000 0.6250000
v 0.0000000 4.6000000 0.6250000
v 0.0000000 4.6000000 0.8375000
v 0.0000000 4.6000000 0.6250000
v 0.2000000 4.6000000 0.6250000
v 0.0000000 4.7500000 0.1000000
v 0.1750000 4.7500000 0.1000000
v 0.1750000 4.7500000 0.0000000
v 0.0000000 4.7500000 0.0000000
v 0.7937500 4.7500000 0.1000000
v 0.8315000 4.6000000 0.1000000
v 0.1750000 4.6000000 0.1000000
v 0.1750000 4.7500000 0.1000000
v 0.2000000 4.7500000 0.3750000
v 0.2000000 4.6000000 0.3750000
v 0.7488500 4.6000000 0.3750000
v 0.7066750 4.7500000 0.3750000
v 0.2000000 4.7500000 0.6250000
v 0.2000000 4.6000000 0.6250000
v 0.2000000 4.6000000 0.3750000
v 0.2000000 4.7500000 0.3750000
v 0.4993750 4.7500000 0.6250000
v 0.5575000 4.6000000 0.6250000
v 0.2000000 4.6000000 0.6250000
v 0.2000000 4.7500000 0.6250000
v 0.0000000 4.7500000 0.8000000
v 0.3061500 4.7500000 0.7391250
v 0.4993750 4.7500000 0.6250000
v 0.2000000 4.7500000 0.6250000
v 0.0000000 4.7500000 0.1000000
v 0.0000000 4.7500000 0.3750000
v 0.7066750 4.7500000 0.3750000
v 0.7937500 4.7500000 0.1000000
v 0.0000000 4.7500000 0.3750000
v 0.0000000 4.7500000 0.6250000
v 0.2000000 4.7500000 0.6250000
v 0.2000000 4.7500000 0.3750000
v 0.2000000 4.7500000 0.6250000
v 0.0000000 4.7500000 0.6250000
v 0.0000000 4.7500000 0.8000000
v 0.0000000 4.9250000 0.1000000
v 0.0000000 4.9250000 0.0000000
v 0.1687500 4.9250000 0.0000000
v 0.1687500 4.9250000 0.1000000
v 0.0000000 4.9250000 0.7500000
v 0.2000000 4.9250000 0.6250000
v 0.4145750 4.9250000 0.6250000
v 0.2870000 4.9250000 0.6929250
v 0.0000000 4.9250000 0.1000000
v 0.7432500 4.9250000 0.1000000
v 0.6495000 4.9250000 0.3750000
v 0.0000000 4.9250000 0.3750000
v 0.0000000 4.9250000 0.3750000
v 0.2000000 4.9250000 0.3750000
v 0.2000000 4.9250000 0.6250000
v 0.0000000 4.9250000 0.6250000
v 0.0000000 4.9250000 0.7500000
v 0.0000000 4.9250000 0.6250000
v 0.2000000 4.9250000 0.6250000
v 0.0000000 5.0750000 0.1000000
v 0.1687500 5.0750000 0.1000000
v 0.1687500 5.0750000 0.0000000
v 0.0000000 5.0750000 0.0000000
v 0.6928250 5.0750000 0.1000000
v 0.7432500 4.9250000 0.1000000
v 0.1687500 4.9250000 0.1000000
v 0.1687500 5.0750000 0.1000000
v 0.2000000 5.0750000 0.3750000
v 0.2000000 4.9250000 0.3750000
v 0.6495000 4.9250000 0.3750000
v 0.5910750 5.0750000 0.3750000
v 0.2000000 5.0750000 0.6250000
v 0.2000000 4.9250000 0.6250000
v 0.2000000 4.9250000 0.3750000
v 0.2000000 5.0750000 0.3750000
v 0.3152500 5.0750000 0.6250000
v 0.4145750 4.9250000 0.6250000
v 0.2000000 4.9250000 0.6250000
v 0.2000000 5.0750000 0.6250000
v 0.0000000 5.0750000 0.7000000
v 0.2679000 5.0750000 0.6492500
v 0.3152500 5.0750000 0.6250000
v 0.2000000 5.0750000 0.6250000
v 0.0000000 5.0750000 0.1000000
v 0.0000000 5.0750000 0.3750000
v 0.5910750 5.0750000 0.3750000
v 0.6928250 5.0750000 0.1000000
v 0.0000000 5.0750000 0.3750000
v 0.0000000 5.0750000 0.6250000
v 0.2000000 5.0750000 0.6250000
v 0.2000000 5.0750000 0.3750000
v 0.2000000 5.0750000 0.6250000
v 0.0000000 5.0750000 0.6250000
v 0.0000000 5.0750000 0.7000000
v 0.0000000 5.2500000 0.1000000
v 0.0000000 5.2500000 0.0000000
v 0.1625000 5.2500000 0.0000000
v 0.1625000 5.2500000 0.1000000
v 0.0000000 5.2500000 0.1000000
v 0.6422500 5.2500000 0.1000000
v 0.5309250 5.2500000 0.3750000
v 0.0000000 5.2500000 0.3750000
v 0.0000000 5.2500000 0.3750000
v 0.1250000 5.2500000 0.3750000
v 0.1250000 5.2500000 0.6378750
v 0.0000000 5.2500000 0.6500000
v 0.0000000 5.4000000 0.1000000
v 0.1625000 5.4000000 0.1000000
v 0.1625000 5.4000000 0.0000000
v 0.0000000 5.4000000 0.0000000
v 0.5916000 5.4000000 0.1000000
v 0.6422500 5.2500000 0.1000000
v 0.1625000 5.2500000 0.1000000
v 0.1625000 5.4000000 0.1000000
v 0.1250000 5.4000000 0.3750000
v 0.1250000 5.2500000 0.3750000
v 0.5309250 5.2500000 0.3750000
v 0.4683750 5.4000000 0.3750000
v 0.1250000 5.4000000 0.5868500
v 0.1250000 5.2500000 0.6378750
v 0.1250000 5.2500000 0.3750000
v 0.1250000 5.4000000 0.3750000
v 0.0000000 5.4000000 0.1000000
v 0.0000000 5.4000000 0.3750000
v 0.4683750 5.4000000 0.3750000
v 0.5916000 5.4000000 0.1000000
v 0.0000000 5.4000000 0.3750000
v 0.0000000 5.4000000 0.6000000
v 0.1250000 5.4000000 0.5868500
v 0.1250000 5.4000000 0.3750000
v 0.0000000 5.5750000 0.1000000
v 0.0000000 5.5750000 0.0000000
v 0.1562500 5.5750000 0.0000000
v 0.1562500 5.5750000 0.1000000
v 0.0000000 5.5750000 0.1000000
v 0.5408250 5.5750000 0.1000000
v 0.4023250 5.5750000 0.3750000
v 0.0000000 5.5750000 0.3750000
v 0.0000000 5.5750000 0.3750000
v 0.1250000 5.5750000 0.3750000
v 0.1250000 5.5750000 0.5356000
v 0.0000000 5.5750000 0.5500000
v 0.0000000 5.7250000 0.1000000
v 0.1562500 5.7250000 0.1000000
v 0.1562500 5.7250000 0.0000000
v 0.0000000 5.7250000 0.0000000
v 0.4899000 5.7250000 0.1000000
v 0.5408250 5.5750000 0.1000000
v 0.1562500 5.5750000 0.1000000
v 0.1562500 5.7250000 0.1000000
v 0.1250000 5.7250000 0.3750000
v 0.1250000 5.5750000 0.3750000
v 0.4023250 5.5750000 0.3750000
v 0.3307250 5.7250000 0.3750000
v 0.1250000 5.7250000 0.4841250
v 0.1250000 5.5750000 0.5356000
v 0.1250000 5.5750000 0.3750000
v 0.1250000 5.7250000 0.3750000
v 0.0000000 5.7250000 0.1000000
v 0.0000000 5.7250000 0.3750000
v 0.3307250 5.7250000 0.3750000
v 0.4899000 5.7250000 0.1000000
v 0.0000000 5.7250000 0.3750000
v 0.0000000 5.7250000 0.5000000
v 0.1250000 5.7250000 0.4841250
v 0.1250000 5.7250000 0.3750000
v 0.0000000 5.9000000 0.1000000
v 0.0000000 5.9000000 0.0000000
v 0.1500000 5.9000000 0.0000000
v 0.1500000 5.9000000 0.1000000
v 0.0000000 5.9000000 0.1000000
v 0.4387500 5.9000000 0.1000000
v 0.4157500 5.9000000 0.1722250
v 0.0000000 5.9000000 0.1722250
v 0.0000000 5.9000000 0.1722250
v 0.4157500 5.9000000 0.1722250
v 0.3182000 5.9000000 0.3182000
v 0.0000000 5.9000000 0.3182000
v 0.0000000 5.9000000 0.3182000
v 0.3182000 5.9000000 0.3182000
v 0.1722250 5.9000000 0.4157500
v 0.0000000 5.9000000 0.4500000
v 0.0000000 6.0500000 0.1000000
v 0.1500000 6.0500000 0.1000000
v 0.1500000 6.0500000 0.0000000
v 0.0000000 6.0500000 0.0000000
v 0.3873000 6.0500000 0.1000000
v 0.4387500 5.9000000 0.1000000
v 0.1500000 5.9000000 0.1000000
v 0.1500000 6.0500000 0.1000000
v 0.0000000 6.0500000 0.1000000
v 0.0000000 6.0500000 0.1530750
v 0.3695000 6.0500000 0.1530750
v 0.3873000 6.0500000 0.1000000
v 0.0000000 6.0500000 0.1530750
v 0.0000000 6.0500000 0.2828500
v 0.2828500 6.0500000 0.2828500
v 0.3695000 6.0500000 0.1530750
v 0.0000000 6.0500000 0.2828500
v 0.0000000 6.0500000 0.4000000
v 0.1530750 6.0500000 0.3695000
v 0.2828500 6.0500000 0.2828500
v 0.0000000 6.2250000 0.1000000
v 0.0000000 6.2250000 0.0000000
v 0.1500000 6.2250000 0.0000000
v 0.1500000 6.2250000 0.1000000
v 0.0000000 6.2250000 0.1000000
v 0.3092250 6.2250000 0.1000000
v 0.3002500 6.2250000 0.1243750
v 0.0000000 6.2250000 0.1243750
v 0.0000000 6.2250000 0.1243750
v 0.3002500 6.2250000 0.1243750
v 0.2298000 6.2250000 0.2298000
v 0.0000000 6.2250000 0.2298000
v 0.0000000 6.2250000 0.2298000
v 0.2298000 6.2250000 0.2298000
v 0.1243750 6.2250000 0.3002500
v 0.0000000 6.2250000 0.3250000
v 0.0000000 6.3750000 0.1000000
v 0.1500000 6.3750000 0.1000000
v 0.1500000 6.3750000 0.0000000
v 0.0000000 6.3750000 0.0000000
v 0.1500000 6.2250000 0.1000000
v 0.1500000 6.3750000 0.1000000
v 0.2291250 6.3750000 0.1000000
v 0.3092250 6.2250000 0.1000000
v 0.3002500 6.2250000 0.1243750
v 0.3092250 6.2250000 0.1000000
v 0.2291250 6.3750000 0.1000000
v 0.1903868 0.7550000 0.1903868
v 0.2500000 0.7550000 0.1000000
v 0.4157550 0.8500000 0.1722150
v 0.3181950 0.8500000 0.3181950
v 0.1903868 0.7550000 0.1903868
v 0.4157550 0.8500000 0.1722150
v 0.1030420 0.7550000 0.2487600
v 0.1903868 0.7550000 0.1903868
v 0.3181950 0.8500000 0.3181950
v 0.1722150 0.8500000 0.4157550
v 0.1030420 0.7550000 0.2487600
v 0.3181950 0.8500000 0.3181950
v 0.0000000 0.7550000 0.2692500
v 0.1030420 0.7550000 0.2487600
v 0.1722150 0.8500000 0.4157550
v 0.0000000 0.8500000 0.4500000
v 0.0000000 0.7550000 0.2692500
v 0.1722150 0.8500000 0.4157550
v 0.2500000 0.7550000 0.1000000
v 0.1500000 0.7000000 0.0000000
v 0.2500000 0.7550000 0.0000000
v 0.2500000 0.7550000 0.1000000
v 0.1385850 0.7000000 0.0574050
v 0.1500000 0.7000000 0.0000000
v 0.1903868 0.7550000 0.1903868
v 0.1385850 0.7000000 0.0574050
v 0.2500000 0.7550000 0.1000000
v 0.1903868 0.7550000 0.1903868
v 0.1060650 0.7000000 0.1060650
v 0.1385850 0.7000000 0.0574050
v 0.0574050 0.7000000 0.1385850
v 0.1060650 0.7000000 0.1060650
v 0.1903868 0.7550000 0.1903868
v 0.1030420 0.7550000 0.2487600
v 0.0574050 0.7000000 0.1385850
v 0.1903868 0.7550000 0.1903868
v 0.0000000 0.7000000 0.1500000
v 0.0574050 0.7000000 0.1385850
v 0.1030420 0.7550000 0.2487600
v 0.0000000 0.7550000 0.2692500
v 0.0000000 0.7000000 0.1500000
v 0.1030420 0.7550000 0.2487600
v 0.2550000 1.0250000 0.6250000
v 0.0000000 1.1750000 0.8000000
v 0.0000000 1.0250000 0.6750000
v 0.2550000 1.0250000 0.6250000
v 0.3061600 1.1750000 0.7391200
v 0.0000000 1.1750000 0.8000000
v 0.6675000 1.0250000 0.1000000
v 0.7937500 1.1750000 0.1000000
v 0.7067500 1.1750000 0.3750000
v 0.5612500 1.0250000 0.3750000
v 0.6675000 1.0250000 0.1000000
v 0.7067500 1.1750000 0.3750000
v 0.9270000 1.5000000 0.3750000
v 0.8182500 1.3500000 0.3750000
v 0.8945000 1.3500000 0.1000000
v 0.9950000 1.5000000 0.1000000
v 0.9270000 1.5000000 0.3750000
v 0.8945000 1.3500000 0.1000000
v 0.4360000 1.5000000 0.9000000
v 0.4000000 1.3500000 0.8060000
v 0.6475000 1.3500000 0.6250000
v 0.7805000 1.5000000 0.6250000
v 0.4360000 1.5000000 0.9000000
v 0.6475000 1.3500000 0.6250000
v 0.1250000 1.5000000 0.9922500
v 0.0000000 1.3500000 0.9000000
v 0.1250000 1.3500000 0.8912500
v 0.1250000 1.5000000 0.9922500
v 0.0000000 1.5000000 1.0000000
v 0.0000000 1.3500000 0.9000000
v 1.0340000 1.8250000 0.3750000
v 1.0452500 1.6750000 0.1000000
v 1.0955000 1.8250000 0.1000000
v 1.0340000 1.8250000 0.3750000
v 0.9807500 1.6750000 0.3750000
v 1.0452500 1.6750000 0.1000000
v 0.7777500 1.8250000 0.7777500
v 0.8437500 1.6750000 0.6250000
v 0.9052500 1.8250000 0.6250000
v 0.7777500 1.8250000 0.7777500
v 0.7423500 1.6750000 0.7423500
v 0.8437500 1.6750000 0.6250000
v 0.6325000 1.8250000 0.9000000
v 0.7423500 1.6750000 0.7423500
v 0.7777500 1.8250000 0.7777500
v 0.6325000 1.8250000 0.9000000
v 0.5407500 1.6750000 0.9000000
v 0.7423500 1.6750000 0.7423500
v 0.0000000 1.6750000 1.0500000
v 0.1250000 1.6750000 1.0425000
v 0.1250000 1.8250000 1.0928750
v 0.0000000 1.8250000 1.1000000
v 0.0000000 1.6750000 1.0500000
v 0.1250000 1.8250000 1.0928750
v 1.1135000 2.1500000 0.3750000
v 1.1456500 2.0000000 0.1000000
v 1.1707500 2.1500000 0.1000000
v 1.1135000 2.1500000 0.3750000
v 1.0871500 2.0000000 0.3750000
v 1.1456500 2.0000000 0.1000000
v 0.8307500 2.1500000 0.8307500
v 0.9652500 2.0000000 0.6250000
v 0.9950000 2.1500000 0.6250000
v 0.8307500 2.1500000 0.8307500
v 0.8130000 2.0000000 0.8130000
v 0.9652500 2.0000000 0.6250000
v 0.7553750 2.1500000 0.9000000
v 0.8130000 2.0000000 0.8130000
v 0.8307500 2.1500000 0.8307500
v 0.7553750 2.1500000 0.9000000
v 0.7159000 2.0000000 0.9000000
v 0.8130000 2.0000000 0.8130000
v 0.0000000 2.0000000 1.1500000
v 0.1250000 2.0000000 1.1432500
v 0.1250000 2.1500000 1.1683250
v 0.0000000 2.1500000 1.1750000
v 0.0000000 2.0000000 1.1500000
v 0.1250000 2.1500000 1.1683250
v 1.1135000 2.6500000 0.3750000
v 1.1707500 2.6500000 0.1000000
v 1.1582500 2.8000000 0.1000000
v 1.1003500 2.8000000 0.3750000
v 1.1135000 2.6500000 0.3750000
v 1.1582500 2.8000000 0.1000000
v 0.8307500 2.6500000 0.8307500
v 0.9950000 2.6500000 0.6250000
v 0.9802500 2.8000000 0.6250000
v 0.8218000 2.8000000 0.8218000
v 0.8307500 2.6500000 0.8307500
v 0.9802500 2.8000000 0.6250000
v 0.7553750 2.6500000 0.9000000
v 0.8307500 2.6500000 0.8307500
v 0.8218000 2.8000000 0.8218000
v 0.7357500 2.8000000 0.9000000
v 0.7553750 2.6500000 0.9000000
v 0.8218000 2.8000000 0.8218000
v 0.0000000 2.8000000 1.1625000
v 0.1250000 2.6500000 1.1683250
v 0.1250000 2.8000000 1.1557500
v 0.0000000 2.8000000 1.1625000
v 0.0000000 2.6500000 1.1750000
v 0.1250000 2.6500000 1.1683250
v 1.0871500 2.9750000 0.3750000
v 1.1456500 2.9750000 0.1000000
v 1.1205000 3.1250000 0.1000000
v 1.0606500 3.1250000 0.3750000
v 1.0871500 2.9750000 0.3750000
v 1.1205000 3.1250000 0.1000000
v 0.8130000 2.9750000 0.8130000
v 0.9652500 2.9750000 0.6250000
v 0.9354250 3.1250000 0.6250000
v 0.7953750 3.1250000 0.7953750
v 0.8130000 2.9750000 0.8130000
v 0.9354250 3.1250000 0.6250000
v 0.7159000 2.9750000 0.9000000
v 0.8130000 2.9750000 0.8130000
v 0.7953750 3.1250000 0.7953750
v 0.6750000 3.1250000 0.9000000
v 0.7159000 2.9750000 0.9000000
v 0.7953750 3.1250000 0.7953750
v 0.0000000 3.1250000 1.1250000
v 0.1250000 2.9750000 1.1432500
v 0.1250000 3.1250000 1.1180000
v 0.0000000 3.1250000 1.1250000
v 0.0000000 2.9750000 1.1500000
v 0.1250000 2.9750000 1.1432500
v 1.0074750 3.4500000 0.3750000
v 1.0955000 3.3000000 0.1000000
v 1.0453500 3.4500000 0.1000000
v 1.0074750 3.4500000 0.3750000
v 1.0340000 3.3000000 0.3750000
v 1.0955000 3.3000000 0.1000000
v 0.7777500 3.3000000 0.7777500
v 0.9052500 3.3000000 0.6250000
v 0.8746500 3.4500000 0.6250000
v 0.7600000 3.4500000 0.7600000
v 0.7777500 3.3000000 0.7777500
v 0.8746500 3.4500000 0.6250000
v 0.6325000 3.3000000 0.9000000
v 0.7777500 3.3000000 0.7777500
v 0.7600000 3.4500000 0.7600000
v 0.5879000 3.4500000 0.9000000
v 0.6325000 3.3000000 0.9000000
v 0.7600000 3.4500000 0.7600000
v 0.0000000 3.4500000 1.0750000
v 0.1250000 3.3000000 1.0928750
v 0.1250000 3.4500000 1.0677500
v 0.0000000 3.4500000 1.0750000
v 0.0000000 3.3000000 1.1000000
v 0.1250000 3.3000000 1.0928750
v 0.9807500 3.6250000 0.3750000
v 1.0452500 3.6250000 0.1000000
v 1.0200000 3.7750000 0.1000000
v 0.9540000 3.7750000 0.3750000
v 0.9807500 3.6250000 0.3750000
v 1.0200000 3.7750000 0.1000000
v 0.7423500 3.6250000 0.7423500
v 0.8437500 3.6250000 0.6250000
v 0.8125000 3.7750000 0.6250000
v 0.7247500 3.7750000 0.7247500
v 0.7423500 3.6250000 0.7423500
v 0.8125000 3.7750000 0.6250000
v 0.5407500 3.6250000 0.9000000
v 0.7423500 3.6250000 0.7423500
v 0.7247500 3.7750000 0.7247500
v 0.4905000 3.7750000 0.9000000
v 0.5407500 3.6250000 0.9000000
v 0.7247500 3.7750000 0.7247500
v 0.0000000 3.7750000 1.0250000
v 0.1250000 3.6250000 1.0425000
v 0.1250000 3.7750000 1.0173500
v 0.0000000 3.7750000 1.0250000
v 0.0000000 3.6250000 1.0500000
v 0.1250000 3.6250000 1.0425000
v 0.9135000 3.9500000 0.3750000
v 0.9825000 3.9500000 0.1000000
v 0.9447500 4.1000000 0.1000000
v 0.8727500 4.1000000 0.3750000
v 0.9135000 3.9500000 0.3750000
v 0.9447500 4.1000000 0.1000000
v 0.6982500 3.9500000 0.6982500
v 0.7645000 3.9500000 0.6250000
v 0.7155000 4.1000000 0.6250000
v 0.6716500 4.1000000 0.6716500
v 0.6982500 3.9500000 0.6982500
v 0.7155000 4.1000000 0.6250000
v 0.4064000 3.9500000 0.9000000
v 0.6982500 3.9500000 0.6982500
v 0.6716500 4.1000000 0.6716500
v 0.3041500 4.1000000 0.9000000
v 0.4064000 3.9500000 0.9000000
v 0.6716500 4.1000000 0.6716500
v 0.0000000 4.1000000 0.9500000
v 0.1250000 3.9500000 0.9795000
v 0.1250000 4.1000000 0.9417500
v 0.0000000 4.1000000 0.9500000
v 0.0000000 3.9500000 0.9875000
v 0.1250000 3.9500000 0.9795000
v 0.8318750 4.2750000 0.3750000
v 0.9070000 4.2750000 0.1000000
v 0.8692500 4.4250000 0.1000000
v 0.7905000 4.4250000 0.3750000
v 0.8318750 4.2750000 0.3750000
v 0.8692500 4.4250000 0.1000000
v 0.3492250 4.2750000 0.8430500
v 0.6648500 4.2750000 0.6250000
v 0.6123750 4.4250000 0.6250000
v 0.3348750 4.4250000 0.8084250
v 0.3492250 4.2750000 0.8430500
v 0.6123750 4.4250000 0.6250000
v 0.0000000 4.2750000 0.9125000
v 0.3492250 4.2750000 0.8430500
v 0.3348750 4.4250000 0.8084250
v 0.0000000 4.4250000 0.8750000
v 0.0000000 4.2750000 0.9125000
v 0.3348750 4.4250000 0.8084250
v 0.7488500 4.6000000 0.3750000
v 0.8315000 4.6000000 0.1000000
v 0.7937500 4.7500000 0.1000000
v 0.7066750 4.7500000 0.3750000
v 0.7488500 4.6000000 0.3750000
v 0.7937500 4.7500000 0.1000000
v 0.3205000 4.6000000 0.7737500
v 0.5575000 4.6000000 0.6250000
v 0.4993750 4.7500000 0.6250000
v 0.3061500 4.7500000 0.7391250
v 0.3205000 4.6000000 0.7737500
v 0.4993750 4.7500000 0.6250000
v 0.0000000 4.6000000 0.8375000
v 0.3205000 4.6000000 0.7737500
v 0.3061500 4.7500000 0.7391250
v 0.0000000 4.7500000 0.8000000
v 0.0000000 4.6000000 0.8375000
v 0.3061500 4.7500000 0.7391250
v 0.6495000 4.9250000 0.3750000
v 0.7432500 4.9250000 0.1000000
v 0.6928250 5.0750000 0.1000000
v 0.5910750 5.0750000 0.3750000
v 0.6495000 4.9250000 0.3750000
v 0.6928250 5.0750000 0.1000000
v 0.2870000 4.9250000 0.6929250
v 0.4145750 4.9250000 0.6250000
v 0.3152500 5.0750000 0.6250000
v 0.2679000 5.0750000 0.6492500
v 0.2870000 4.9250000 0.6929250
v 0.3152500 5.0750000 0.6250000
v 0.0000000 4.9250000 0.7500000
v 0.2870000 4.9250000 0.6929250
v 0.2679000 5.0750000 0.6492500
v 0.0000000 5.0750000 0.7000000
v 0.0000000 4.9250000 0.7500000
v 0.2679000 5.0750000 0.6492500
v 0.5309250 5.2500000 0.3750000
v 0.6422500 5.2500000 0.1000000
v 0.5916000 5.4000000 0.1000000
v 0.4683750 5.4000000 0.3750000
v 0.5309250 5.2500000 0.3750000
v 0.5916000 5.4000000 0.1000000
v 0.0000000 5.4000000 0.6000000
v 0.1250000 5.2500000 0.6378750
v 0.1250000 5.4000000 0.5868500
v 0.0000000 5.4000000 0.6000000
v 0.0000000 5.2500000 0.6500000
v 0.1250000 5.2500000 0.6378750
v 0.4023250 5.5750000 0.3750000
v 0.5408250 5.5750000 0.1000000
v 0.4899000 5.7250000 0.1000000
v 0.3307250 5.7250000 0.3750000
v 0.4023250 5.5750000 0.3750000
v 0.4899000 5.7250000 0.1000000
v 0.0000000 5.7250000 0.5000000
v 0.1250000 5.5750000 0.5356000
v 0.1250000 5.7250000 0.4841250
v 0.0000000 5.7250000 0.5000000
v 0.0000000 5.5750000 0.5500000
v 0.1250000 5.5750000 0.5356000
v 0.4157500 5.9000000 0.1722250
v 0.4387500 5.9000000 0.1000000
v 0.3873000 6.0500000 0.1000000
v 0.3695000 6.0500000 0.1530750
v 0.4157500 5.9000000 0.1722250
v 0.3873000 6.0500000 0.1000000
v 0.2828500 6.0500000 0.2828500
v 0.4157500 5.9000000 0.1722250
v 0.3695000 6.0500000 0.1530750
v 0.2828500 6.0500000 0.2828500
v 0.3182000 5.9000000 0.3182000
v 0.4157500 5.9000000 0.1722250
v 0.1722250 5.9000000 0.4157500
v 0.3182000 5.9000000 0.3182000
v 0.2828500 6.0500000 0.2828500
v 0.1530750 6.0500000 0.3695000
v 0.1722250 5.9000000 0.4157500
v 0.2828500 6.0500000 0.2828500
v 0.0000000 6.0500000 0.4000000
v 0.1722250 5.9000000 0.4157500
v 0.1530750 6.0500000 0.3695000
v 0.0000000 6.0500000 0.4000000
v 0.0000000 5.9000000 0.4500000
v 0.1722250 5.9000000 0.4157500
v 0.2298000 6.2250000 0.2298000
v 0.3002500 6.2250000 0.1243750
v 0.2309750 6.3750000 0.0956750
v 0.1767750 6.3750000 0.1767750
v 0.2298000 6.2250000 0.2298000
v 0.2309750 6.3750000 0.0956750
v 0.1243750 6.2250000 0.3002500
v 0.2298000 6.2250000 0.2298000
v 0.1767750 6.3750000 0.1767750
v 0.0956750 6.3750000 0.2309750
v 0.1243750 6.2250000 0.3002500
v 0.1767750 6.3750000 0.1767750
v 0.0000000 6.2250000 0.3250000
v 0.1243750 6.2250000 0.3002500
v 0.0956750 6.3750000 0.2309750
v 0.0000000 6.3750000 0.2500000
v 0.0000000 6.2250000 0.3250000
v 0.0956750 6.3750000 0.2309750
v 0.0000000 6.3750000 0.1000000
v 0.0000000 6.3750000 0.0956750
v 0.2309750 6.3750000 0.0956750
v 0.2291250 6.3750000 0.1000000
v 0.0000000 6.3750000 0.0956750
v 0.0000000 6.3750000 0.1767750
v 0.1767750 6.3750000 0.1767750
v 0.2309750 6.3750000 0.0956750
v 0.0000000 6.3750000 0.1767750
v 0.0000000 6.3750000 0.2500000
v 0.0956750 6.3750000 0.2309750
v 0.1767750 6.3750000 0.1767750
v 0.0000000 0.8500000 0.0000000
v -0.2500000 0.8500000 0.0000000
v -0.2500000 0.8500000 0.1000000
v 0.0000000 0.8500000 0.1000000
v 0.0000000 0.8500000 0.1000000
v -0.4387500 0.8500000 0.1000000
v -0.4157550 0.8500000 0.1722150
v -0.3181950 0.8500000 0.3181950
v 0.0000000 0.8500000 0.1000000
v -0.3181950 0.8500000 0.3181950
v -0.1722150 0.8500000 0.4157550
v 0.0000000 0.8500000 0.4500000
v -0.2500000 0.8500000 0.1000000
v -0.2500000 0.8500000 0.0000000
v -0.2500000 0.7550000 0.0000000
v -0.2500000 0.7550000 0.1000000
v -0.2500000 0.7550000 0.1000000
v -0.4387500 0.8500000 0.1000000
v -0.2500000 0.8500000 0.1000000
v -0.4387500 0.8500000 0.1000000
v -0.2500000 0.7550000 0.1000000
v -0.4157550 0.8500000 0.1722150
v -0.2437500 1.0250000 0.1000000
v -0.2437500 1.0250000 0.0000000
v 0.0000000 1.0250000 0.0000000
v 0.0000000 1.0250000 0.1000000
v -0.5612500 1.0250000 0.3750000
v -0.6675000 1.0250000 0.1000000
v 0.0000000 1.0250000 0.1000000
v -0.1250000 1.0250000 0.3750000
v -0.1250000 1.0250000 0.6250000
v -0.1250000 1.0250000 0.3750000
v 0.0000000 1.0250000 0.1000000
v 0.0000000 1.0250000 0.6750000
v 0.0000000 1.0250000 0.6750000
v -0.2550000 1.0250000 0.6250000
v -0.1250000 1.0250000 0.6250000
v 0.0000000 1.1750000 0.0000000
v -0.2437500 1.1750000 0.0000000
v -0.2437500 1.1750000 0.1000000
v 0.0000000 1.1750000 0.1000000
v 0.0000000 1.1750000 0.1000000
v -0.7937500 1.1750000 0.1000000
v -0.7067500 1.1750000 0.3750000
v -0.1250000 1.1750000 0.3750000
v 0.0000000 1.1750000 0.1000000
v -0.1250000 1.1750000 0.3750000
v -0.1250000 1.1750000 0.6250000
v 0.0000000 1.1750000 0.8000000
v -0.3061600 1.1750000 0.7391200
v 0.0000000 1.1750000 0.8000000
v -0.1250000 1.1750000 0.6250000
v -0.4993750 1.1750000 0.6250000
v -0.3061600 1.1750000 0.7391200
v -0.4993750 1.1750000 0.6250000
v -0.2550000 1.0250000 0.6250000
v -0.1250000 1.1750000 0.6250000
v -0.1250000 1.0250000 0.6250000
v -0.2550000 1.0250000 0.6250000
v -0.4993750 1.1750000 0.6250000
v -0.1250000 1.1750000 0.3750000
v -0.1250000 1.0250000 0.3750000
v -0.1250000 1.0250000 0.6250000
v -0.1250000 1.1750000 0.6250000
v -0.1250000 1.1750000 0.3750000
v -0.7067500 1.1750000 0.3750000
v -0.5612500 1.0250000 0.3750000
v -0.1250000 1.0250000 0.3750000
v -0.7937500 1.1750000 0.1000000
v -0.2500000 1.1750000 0.1000000
v -0.2500000 1.0250000 0.1000000
v -0.6675000 1.0250000 0.1000000
v -0.2375000 1.3500000 0.1000000
v -0.2375000 1.3500000 0.0000000
v 0.0000000 1.3500000 0.0000000
v 0.0000000 1.3500000 0.1000000
v -0.4000000 1.3500000 0.8060000
v -0.6475000 1.3500000 0.6250000
v -0.2000000 1.3500000 0.6250000
v -0.2107500 1.3500000 0.8750000
v -0.1250000 1.3500000 0.8912500
v -0.2107500 1.3500000 0.8750000
v -0.2000000 1.3500000 0.6250000
v 0.0000000 1.3500000 0.9000000
v 0.0000000 1.3500000 0.3750000
v -0.8182500 1.3500000 0.3750000
v -0.8945000 1.3500000 0.1000000
v 0.0000000 1.3500000 0.1000000
v 0.0000000 1.3500000 0.6250000
v -0.2000000 1.3500000 0.6250000
v -0.2000000 1.3500000 0.3750000
v 0.0000000 1.3500000 0.3750000
v -0.2000000 1.3500000 0.6250000
v 0.0000000 1.3500000 0.6250000
v 0.0000000 1.3500000 0.9000000
v 0.0000000 1.5000000 0.0000000
v -0.2375000 1.5000000 0.0000000
v -0.2375000 1.5000000 0.1000000
v 0.0000000 1.5000000 0.1000000
v -0.2000000 1.5000000 0.6250000
v -0.7805000 1.5000000 0.6250000
v -0.4360000 1.5000000 0.9000000
v -0.1250000 1.5000000 0.9000000
v 0.0000000 1.5000000 1.0000000
v -0.2000000 1.5000000 0.6250000
v -0.1250000 1.5000000 0.9000000
v -0.1250000 1.5000000 0.9000000
v -0.1250000 1.5000000 0.9922500
v 0.0000000 1.5000000 1.0000000
v -0.2375000 1.3500000 0.1000000
v -0.8945000 1.3500000 0.1000000
v -0.9950000 1.5000000 0.1000000
v -0.2375000 1.5000000 0.1000000
v -0.8182500 1.3500000 0.3750000
v -0.2000000 1.3500000 0.3750000
v -0.2000000 1.5000000 0.3750000
v -0.9270000 1.5000000 0.3750000
v -0.2000000 1.3500000 0.3750000
v -0.2000000 1.3500000 0.6250000
v -0.2000000 1.5000000 0.6250000
v -0.2000000 1.5000000 0.3750000
v -0.2000000 1.3500000 0.6250000
v -0.6475000 1.3500000 0.6250000
v -0.7805000 1.5000000 0.6250000
v -0.2000000 1.5000000 0.6250000
v -0.1250000 1.5000000 0.9000000
v -0.4360000 1.5000000 0.9000000
v -0.2107500 1.3500000 0.8750000
v -0.4000000 1.3500000 0.8060000
v -0.2107500 1.3500000 0.8750000
v -0.4360000 1.5000000 0.9000000
v -0.2107500 1.3500000 0.8750000
v -0.1250000 1.3500000 0.8912500
v -0.1250000 1.5000000 0.9000000
v -0.1250000 1.5000000 0.9922500
v -0.1250000 1.5000000 0.9000000
v -0.1250000 1.3500000 0.8912500
v -0.9950000 1.5000000 0.1000000
v -0.9270000 1.5000000 0.3750000
v 0.0000000 1.5000000 0.3750000
v 0.0000000 1.5000000 0.1000000
v -0.2000000 1.5000000 0.3750000
v -0.2000000 1.5000000 0.6250000
v 0.0000000 1.5000000 0.6250000
v 0.0000000 1.5000000 0.3750000
v 0.0000000 1.5000000 1.0000000
v 0.0000000 1.5000000 0.6250000
v -0.2000000 1.5000000 0.6250000
v -0.2312500 1.6750000 0.1000000
v -0.2312500 1.6750000 0.0000000
v 0.0000000 1.6750000 0.0000000
v 0.0000000 1.6750000 0.1000000
v -0.7423500 1.6750000 0.7423500
v -0.8437500 1.6750000 0.6250000
v -0.2000000 1.6750000 0.6250000
v -0.5407500 1.6750000 0.9000000
v -0.1250000 1.6750000 0.9000000
v -0.5407500 1.6750000 0.9000000
v -0.2000000 1.6750000 0.6250000
v 0.0000000 1.6750000 1.0500000
v -0.1250000 1.6750000 1.0425000
v -0.1250000 1.6750000 0.9000000
v 0.0000000 1.6750000 0.3750000
v -0.9807500 1.6750000 0.3750000
v -1.0452500 1.6750000 0.1000000
v 0.0000000 1.6750000 0.1000000
v 0.0000000 1.6750000 0.6250000
v -0.2000000 1.6750000 0.6250000
v -0.2000000 1.6750000 0.3750000
v 0.0000000 1.6750000 0.3750000
v -0.2000000 1.6750000 0.6250000
v 0.0000000 1.6750000 0.6250000
v 0.0000000 1.6750000 0.9000000
v -0.1250000 1.6750000 0.9000000
v 0.0000000 1.6750000 1.0500000
v -0.1250000 1.6750000 0.9000000
v 0.0000000 1.6750000 0.9000000
v 0.0000000 1.8250000 0.0000000
v -0.2312500 1.8250000 0.0000000
v -0.2312500 1.8250000 0.1000000
v 0.0000000 1.8250000 0.1000000
v -0.2312500 1.8250000 0.1000000
v -0.2312500 1.6750000 0.1000000
v -1.0452500 1.6750000 0.1000000
v -1.0955000 1.8250000 0.1000000
v -1.0340000 1.8250000 0.3750000
v -0.9807500 1.6750000 0.3750000
v -0.2000000 1.6750000 0.3750000
v -0.2000000 1.8250000 0.3750000
v -0.2000000 1.8250000 0.3750000
v -0.2000000 1.6750000 0.3750000
v -0.2000000 1.6750000 0.6250000
v -0.2000000 1.8250000 0.6250000
v -0.2000000 1.8250000 0.6250000
v -0.2000000 1.6750000 0.6250000
v -0.8437500 1.6750000 0.6250000
v -0.9052500 1.8250000 0.6250000
v -0.6325000 1.8250000 0.9000000
v -0.5407500 1.6750000 0.9000000
v -0.1250000 1.6750000 0.9000000
v -0.1250000 1.8250000 0.9000000
v -0.1250000 1.8250000 0.9000000
v -0.1250000 1.6750000 0.9000000
v -0.1250000 1.6750000 1.0425000
v -0.1250000 1.8250000 1.0928750
v -0.2000000 1.8250000 0.6250000
v -0.9052500 1.8250000 0.6250000
v -0.7777500 1.8250000 0.7777500
v -0.6325000 1.8250000 0.9000000
v -0.2000000 1.8250000 0.6250000
v -0.6325000 1.8250000 0.9000000
v -0.1250000 1.8250000 0.9000000
v -0.1250000 1.8250000 0.9000000
v -0.1250000 1.8250000 1.0928750
v 0.0000000 1.8250000 1.1000000
v -1.0955000 1.8250000 0.1000000
v -1.0340000 1.8250000 0.3750000
v 0.0000000 1.8250000 0.3750000
v 0.0000000 1.8250000 0.1000000
v -0.2000000 1.8250000 0.3750000
v -0.2000000 1.8250000 0.6250000
v 0.0000000 1.8250000 0.6250000
v 0.0000000 1.8250000 0.3750000
v 0.0000000 1.8250000 0.9000000
v 0.0000000 1.8250000 0.6250000
v -0.2000000 1.8250000 0.6250000
v -0.1250000 1.8250000 0.9000000
v 0.0000000 1.8250000 0.9000000
v -0.1250000 1.8250000 0.9000000
v 0.0000000 1.8250000 1.1000000
v -0.2250000 2.0000000 0.1000000
v -0.2250000 2.0000000 0.0000000
v 0.0000000 2.0000000 0.0000000
v 0.0000000 2.0000000 0.1000000
v -0.8130000 2.0000000 0.8130000
v -0.9652500 2.0000000 0.6250000
v -0.2000000 2.0000000 0.6250000
v -0.7159000 2.0000000 0.9000000
v -0.1250000 2.0000000 0.9000000
v -0.7159000 2.0000000 0.9000000
v -0.2000000 2.0000000 0.6250000
v 0.0000000 2.0000000 1.1500000
v -0.1250000 2.0000000 1.1432500
v -0.1250000 2.0000000 0.9000000
v 0.0000000 2.0000000 0.3750000
v -1.0871500 2.0000000 0.3750000
v -1.1456500 2.0000000 0.1000000
v 0.0000000 2.0000000 0.1000000
v 0.0000000 2.0000000 0.6250000
v -0.2000000 2.0000000 0.6250000
v -0.2000000 2.0000000 0.3750000
v 0.0000000 2.0000000 0.3750000
v -0.2000000 2.0000000 0.6250000
v 0.0000000 2.0000000 0.6250000
v 0.0000000 2.0000000 0.9000000
v -0.1250000 2.0000000 0.9000000
v 0.0000000 2.0000000 1.1500000
v -0.1250000 2.0000000 0.9000000
v 0.0000000 2.0000000 0.9000000
v 0.0000000 2.1500000 0.0000000
v -0.2250000 2.1500000 0.0000000
v -0.2250000 2.1500000 0.1000000
v 0.0000000 2.1500000 0.1000000
v -0.2250000 2.1500000 0.1000000
v -0.2250000 2.0000000 0.1000000
v -1.1456500 2.0000000 0.1000000
v -1.1707500 2.1500000 0.1000000
v -1.1135000 2.1500000 0.3750000
v -1.0871500 2.0000000 0.3750000
v -0.2000000 2.0000000 0.3750000
v -0.2000000 2.1500000 0.3750000
v -0.2000000 2.1500000 0.3750000
v -0.2000000 2.0000000 0.3750000
v -0.2000000 2.0000000 0.6250000
v -0.2000000 2.1500000 0.6250000
v -0.2000000 2.1500000 0.6250000
v -0.2000000 2.0000000 0.6250000
v -0.9652500 2.0000000 0.6250000
v -0.9950000 2.1500000 0.6250000
v -0.7553750 2.1500000 0.9000000
v -0.7159000 2.0000000 0.9000000
v -0.1250000 2.0000000 0.9000000
v -0.1250000 2.1500000 0.9000000
v -0.1250000 2.1500000 0.9000000
v -0.1250000 2.0000000 0.9000000
v -0.1250000 2.0000000 1.1432500
v -0.1250000 2.1500000 1.1683250
v -0.2000000 2.1500000 0.6250000
v -0.9950000 2.1500000 0.6250000
v -0.8307500 2.1500000 0.8307500
v -0.7553750 2.1500000 0.9000000
v -0.2000000 2.1500000 0.6250000
v -0.7553750 2.1500000 0.9000000
v -0.1250000 2.1500000 0.9000000
v -0.1250000 2.1500000 0.9000000
v -0.1250000 2.1500000 1.1683250
v 0.0000000 2.1500000 1.1750000
v -1.1707500 2.1500000 0.1000000
v -1.1135000 2.1500000 0.3750000
v 0.0000000 2.1500000 0.3750000
v 0.0000000 2.1500000 0.1000000
v -0.2000000 2.1500000 0.3750000
v -0.2000000 2.1500000 0.6250000
v 0.0000000 2.1500000 0.6250000
v 0.0000000 2.1500000 0.3750000
v 0.0000000 2.1500000 0.9000000
v 0.0000000 2.1500000 0.6250000
v -0.2000000 2.1500000 0.6250000
v -0.1250000 2.1500000 0.9000000
v 0.0000000 2.1500000 0.9000000
v -0.1250000 2.1500000 0.9000000
v 0.0000000 2.1500000 1.1750000
v -0.2187500 2.3250000 0.1000000
v -0.2187500 2.3250000 0.0000000
v 0.0000000 2.3250000 0.0000000
v 0.0000000 2.3250000 0.1000000
v -0.8307500 2.3250000 0.8307500
v -0.9950000 2.3250000 0.6250000
v -0.2000000 2.3250000 0.6250000
v -0.7553750 2.3250000 0.9000000
v -0.1250000 2.3250000 0.9000000
v -0.7553750 2.3250000 0.9000000
v -0.2000000 2.3250000 0.6250000
v 0.0000000 2.3250000 1.1750000
v -0.1250000 2.3250000 1.1683250
v -0.1250000 2.3250000 0.9000000
v 0.0000000 2.3250000 0.3750000
v -1.1135000 2.3250000 0.3750000
v -1.1707500 2.3250000 0.1000000
v 0.0000000 2.3250000 0.1000000
v 0.0000000 2.3250000 0.6250000
v -0.2000000 2.3250000 0.6250000
v -0.2000000 2.3250000 0.3750000
v 0.0000000 2.3250000 0.3750000
v -0.2000000 2.3250000 0.6250000
v 0.0000000 2.3250000 0.6250000
v 0.0000000 2.3250000 0.9000000
v -0.1250000 2.3250000 0.9000000
v 0.0000000 2.3250000 1.1750000
v -0.1250000 2.3250000 0.9000000
v 0.0000000 2.3250000 0.9000000
v 0.0000000 2.4750000 0.0000000
v -0.2187500 2.4750000 0.0000000
v -0.2187500 2.4750000 0.1000000
v 0.0000000 2.4750000 0.1000000
v -0.2187500 2.4750000 0.1000000
v -0.2187500 2.3250000 0.1000000
v -1.1707500 2.3250000 0.1000000
v -1.1707500 2.4750000 0.1000000
v -1.1707500 2.4750000 0.1000000
v -1.1707500 2.3250000 0.1000000
v -1.1135000 2.3250000 0.3750000
v -1.1135000 2.4750000 0.3750000
v -1.1135000 2.4750000 0.3750000
v -1.1135000 2.3250000 0.3750000
v -0.2000000 2.3250000 0.3750000
v -0.2000000 2.4750000 0.3750000
v -0.2000000 2.4750000 0.3750000
v -0.2000000 2.3250000 0.3750000
v -0.2000000 2.3250000 0.6250000
v -0.2000000 2.4750000 0.6250000
v -0.2000000 2.4750000 0.6250000
v -0.2000000 2.3250000 0.6250000
v -0.9950000 2.3250000 0.6250000
v -0.9950000 2.4750000 0.6250000
v -0.9950000 2.4750000 0.6250000
v -0.9950000 2.3250000 0.6250000
v -0.8307500 2.3250000 0.8307500
v -0.8307500 2.4750000 0.8307500
v -0.8307500 2.4750000 0.8307500
v -0.8307500 2.3250000 0.8307500
v -0.7553750 2.3250000 0.9000000
v -0.7553750 2.4750000 0.9000000
v -0.7553750 2.4750000 0.9000000
v -0.7553750 2.3250000 0.9000000
v -0.1250000 2.3250000 0.9000000
v -0.1250000 2.4750000 0.9000000
v -0.1250000 2.4750000 0.9000000
v -0.1250000 2.3250000 0.9000000
v -0.1250000 2.3250000 1.1683250
v -0.1250000 2.4750000 1.1683250
v -0.1250000 2.4750000 1.1683250
v -0.1250000 2.3250000 1.1683250
v 0.0000000 2.3250000 1.1750000
v 0.0000000 2.4750000 1.1750000
v -0.2000000 2.4750000 0.6250000
v -0.9950000 2.4750000 0.6250000
v -0.8307500 2.4750000 0.8307500
v -0.7553750 2.4750000 0.9000000
v -0.2000000 2.4750000 0.6250000
v -0.7553750 2.4750000 0.9000000
v -0.1250000 2.4750000 0.9000000
v -0.1250000 2.4750000 0.9000000
v -0.1250000 2.4750000 1.1683250
v 0.0000000 2.4750000 1.1750000
v -1.1707500 2.4750000 0.1000000
v -1.1135000 2.4750000 0.3750000
v 0.0000000 2.4750000 0.3750000
v 0.0000000 2.4750000 0.1000000
v -0.2000000 2.4750000 0.3750000
v -0.2000000 2.4750000 0.6250000
v 0.0000000 2.4750000 0.6250000
v 0.0000000 2.4750000 0.3750000
v 0.0000000 2.4750000 0.9000000
v 0.0000000 2.4750000 0.6250000
v -0.2000000 2.4750000 0.6250000
v -0.1250000 2.4750000 0.9000000
v 0.0000000 2.4750000 0.9000000
v -0.1250000 2.4750000 0.9000000
v 0.0000000 2.4750000 1.1750000
v -0.2125000 2.6500000 0.1000000
v -0.2125000 2.6500000 0.0000000
v 0.0000000 2.6500000 0.0000000
v 0.0000000 2.6500000 0.1000000
v -0.8307500 2.6500000 0.8307500
v -0.9950000 2.6500000 0.6250000
v -0.2000000 2.6500000 0.6250000
v -0.7553750 2.6500000 0.9000000
v -0.1250000 2.6500000 0.9000000
v -0.7553750 2.6500000 0.9000000
v -0.2000000 2.6500000 0.6250000
v 0.0000000 2.6500000 1.1750000
v -0.1250000 2.6500000 1.1683250
v -0.1250000 2.6500000 0.9000000
v 0.0000000 2.6500000 0.3750000
v -1.1135000 2.6500000 0.3750000
v -1.1707500 2.6500000 0.1000000
v 0.0000000 2.6500000 0.1000000
v 0.0000000 2.6500000 0.6250000
v -0.2000000 2.6500000 0.6250000
v -0.2000000 2.6500000 0.3750000
v 0.0000000 2.6500000 0.3750000
v -0.2000000 2.6500000 0.6250000
v 0.0000000 2.6500000 0.6250000
v 0.0000000 2.6500000 0.9000000
v -0.1250000 2.6500000 0.9000000
v 0.0000000 2.6500000 1.1750000
v -0.1250000 2.6500000 0.9000000
v 0.0000000 2.6500000 0.9000000
v 0.0000000 2.8000000 0.0000000
v -0.2125000 2.8000000 0.0000000
v -0.2125000 2.8000000 0.1000000
v 0.0000000 2.8000000 0.1000000
v -0.2125000 2.8000000 0.1000000
v -0.2125000 2.6500000 0.1000000
v -1.1707500 2.6500000 0.1000000
v -1.1582500 2.8000000 0.1000000
v -1.1003500 2.8000000 0.3750000
v -1.1135000 2.6500000 0.3750000
v -0.2000000 2.6500000 0.3750000
v -0.2000000 2.8000000 0.3750000
v -0.2000000 2.8000000 0.3750000
v -0.2000000 2.6500000 0.3750000
v -0.2000000 2.6500000 0.6250000
v -0.2000000 2.8000000 0.6250000
v -0.2000000 2.8000000 0.6250000
v -0.2000000 2.6500000 0.6250000
v -0.9950000 2.6500000 0.6250000
v -0.9802500 2.8000000 0.6250000
v -0.7357500 2.8000000 0.9000000
v -0.7553750 2.6500000 0.9000000
v -0.1250000 2.6500000 0.9000000
v -0.1250000 2.8000000 0.9000000
v -0.1250000 2.8000000 0.9000000
v -0.1250000 2.6500000 0.9000000
v -0.1250000 2.6500000 1.1683250
v -0.1250000 2.8000000 1.1557500
v -0.2000000 2.8000000 0.6250000
v -0.9802500 2.8000000 0.6250000
v -0.8218000 2.8000000 0.8218000
v -0.7357500 2.8000000 0.9000000
v -0.2000000 2.8000000 0.6250000
v -0.7357500 2.8000000 0.9000000
v -0.1250000 2.8000000 0.9000000
v -0.1250000 2.8000000 0.9000000
v -0.1250000 2.8000000 1.1557500
v 0.0000000 2.8000000 1.1625000
v -1.1582500 2.8000000 0.1000000
v -1.1003500 2.8000000 0.3750000
v 0.0000000 2.8000000 0.3750000
v 0.0000000 2.8000000 0.1000000
v -0.2000000 2.8000000 0.3750000
v -0.2000000 2.8000000 0.6250000
v 0.0000000 2.8000000 0.6250000
v 0.0000000 2.8000000 0.3750000
v 0.0000000 2.8000000 0.9000000
v 0.0000000 2.8000000 0.6250000
v -0.2000000 2.8000000 0.6250000
v -0.1250000 2.8000000 0.9000000
v 0.0000000 2.8000000 0.9000000
v -0.1250000 2.8000000 0.9000000
v 0.0000000 2.8000000 1.1625000
v -0.2062500 2.9750000 0.1000000
v -0.2062500 2.9750000 0.0000000
v 0.0000000 2.9750000 0.0000000
v 0.0000000 2.9750000 0.1000000
v -0.8130000 2.9750000 0.8130000
v -0.9652500 2.9750000 0.6250000
v -0.2000000 2.9750000 0.6250000
v -0.7159000 2.9750000 0.9000000
v -0.1250000 2.9750000 0.9000000
v -0.7159000 2.9750000 0.9000000
v -0.2000000 2.9750000 0.6250000
v 0.0000000 2.9750000 1.1500000
v -0.1250000 2.9750000 1.1432500
v -0.1250000 2.9750000 0.9000000
v 0.0000000 2.9750000 0.3750000
v -1.0871500 2.9750000 0.3750000
v -1.1456500 2.9750000 0.1000000
v 0.0000000 2.9750000 0.1000000
v 0.0000000 2.9750000 0.6250000
v -0.2000000 2.9750000 0.6250000
v -0.2000000 2.9750000 0.3750000
v 0.0000000 2.9750000 0.3750000
v -0.2000000 2.9750000 0.6250000
v 0.0000000 2.9750000 0.6250000
v 0.0000000 2.9750000 0.9000000
v -0.1250000 2.9750000 0.9000000
v 0.0000000 2.9750000 1.1500000
v -0.1250000 2.9750000 0.9000000
v 0.0000000 2.9750000 0.9000000
v 0.0000000 3.1250000 0.0000000
v -0.2062500 3.1250000 0.0000000
v -0.2062500 3.1250000 0.1000000
v 0.0000000 3.1250000 0.1000000
v -0.2062500 3.1250000 0.1000000
v -0.2062500 2.9750000 0.1000000
v -1.1456500 2.9750000 0.1000000
v -1.1205000 3.1250000 0.1000000
v -1.0606500 3.1250000 0.3750000
v -1.0871500 2.9750000 0.3750000
v -0.2000000 2.9750000 0.3750000
v -0.2000000 3.1250000 0.3750000
v -0.2000000 3.1250000 0.3750000
v -0.2000000 2.9750000 0.3750000
v -0.2000000 2.9750000 0.6250000
v -0.2000000 3.1250000 0.6250000
v -0.2000000 3.1250000 0.6250000
v -0.2000000 2.9750000 0.6250000
v -0.9652500 2.9750000 0.6250000
v -0.9354250 3.1250000 0.6250000
v -0.6750000 3.1250000 0.9000000
v -0.7159000 2.9750000 0.9000000
v -0.1250000 2.9750000 0.9000000
v -0.1250000 3.1250000 0.9000000
v -0.1250000 3.1250000 0.9000000
v -0.1250000 2.9750000 0.9000000
v -0.1250000 2.9750000 1.1432500
v -0.1250000 3.1250000 1.1180000
v -0.2000000 3.1250000 0.6250000
v -0.9354250 3.1250000 0.6250000
v -0.7953750 3.1250000 0.7953750
v -0.6750000 3.1250000 0.9000000
v -0.2000000 3.1250000 0.6250000
v -0.6750000 3.1250000 0.9000000
v -0.1250000 3.1250000 0.9000000
v -0.1250000 3.1250000 0.9000000
v -0.1250000 3.1250000 1.1180000
v 0.0000000 3.1250000 1.1250000
v -1.1205000 3.1250000 0.1000000
v -1.0606500 3.1250000 0.3750000
v 0.0000000 3.1250000 0.3750000
v 0.0000000 3.1250000 0.1000000
v -0.2000000 3.1250000 0.3750000
v -0.2000000 3.1250000 0.6250000
v 0.0000000 3.1250000 0.6250000
v 0.0000000 3.1250000 0.3750000
v 0.0000000 3.1250000 0.9000000
v 0.0000000 3.1250000 0.6250000
v -0.2000000 3.1250000 0.6250000
v -0.1250000 3.1250000 0.9000000
v 0.0000000 3.1250000 0.9000000
v -0.1250000 3.1250000 0.9000000
v 0.0000000 3.1250000 1.1250000
v -0.2000000 3.3000000 0.1000000
v -0.2000000 3.3000000 0.0000000
v 0.0000000 3.3000000 0.0000000
v 0.0000000 3.3000000 0.1000000
v -0.7777500 3.3000000 0.7777500
v -0.9052500 3.3000000 0.6250000
v -0.2000000 3.3000000 0.6250000
v -0.6325000 3.3000000 0.9000000
v -0.1250000 3.3000000 0.9000000
v -0.6325000 3.3000000 0.9000000
v -0.2000000 3.3000000 0.6250000
v 0.0000000 3.3000000 1.1000000
v -0.1250000 3.3000000 1.0928750
v -0.1250000 3.3000000 0.9000000
v 0.0000000 3.3000000 0.3750000
v -1.0340000 3.3000000 0.3750000
v -1.0955000 3.3000000 0.1000000
v 0.0000000 3.3000000 0.1000000
v 0.0000000 3.3000000 0.6250000
v -0.2000000 3.3000000 0.6250000
v -0.2000000 3.3000000 0.3750000
v 0.0000000 3.3000000 0.3750000
v -0.2000000 3.3000000 0.6250000
v 0.0000000 3.3000000 0.6250000
v 0.0000000 3.3000000 0.9000000
v -0.1250000 3.3000000 0.9000000
v 0.0000000 3.3000000 1.1000000
v -0.1250000 3.3000000 0.9000000
v 0.0000000 3.3000000 0.9000000
v 0.0000000 3.4500000 0.0000000
v -0.2000000 3.4500000 0.0000000
v -0.2000000 3.4500000 0.1000000
v 0.0000000 3.4500000 0.1000000
v -0.2000000 3.4500000 0.1000000
v -0.2000000 3.3000000 0.1000000
v -1.0955000 3.3000000 0.1000000
v -1.0453500 3.4500000 0.1000000
v -1.0074750 3.4500000 0.3750000
v -1.0340000 3.3000000 0.3750000
v -0.2000000 3.3000000 0.3750000
v -0.2000000 3.4500000 0.3750000
v -0.2000000 3.4500000 0.3750000
v -0.2000000 3.3000000 0.3750000
v -0.2000000 3.3000000 0.6250000
v -0.2000000 3.4500000 0.6250000
v -0.2000000 3.4500000 0.6250000
v -0.2000000 3.3000000 0.6250000
v -0.9052500 3.3000000 0.6250000
v -0.8746500 3.4500000 0.6250000
v -0.5879000 3.4500000 0.9000000
v -0.6325000 3.3000000 0.9000000
v -0.1250000 3.3000000 0.9000000
v -0.1250000 3.4500000 0.9000000
v -0.1250000 3.4500000 0.9000000
v -0.1250000 3.3000000 0.9000000
v -0.1250000 3.3000000 1.0928750
v -0.1250000 3.4500000 1.0677500
v -0.2000000 3.4500000 0.6250000
v -0.8746500 3.4500000 0.6250000
v -0.7600000 3.4500000 0.7600000
v -0.5879000 3.4500000 0.9000000
v -0.2000000 3.4500000 0.6250000
v -0.5879000 3.4500000 0.9000000
v -0.1250000 3.4500000 0.9000000
v -0.1250000 3.4500000 0.9000000
v -0.1250000 3.4500000 1.0677500
v 0.0000000 3.4500000 1.0750000
v -1.0453500 3.4500000 0.1000000
v -1.0074750 3.4500000 0.3750000
v 0.0000000 3.4500000 0.3750000
v 0.0000000 3.4500000 0.1000000
v -0.2000000 3.4500000 0.3750000
v -0.2000000 3.4500000 0.6250000
v 0.0000000 3.4500000 0.6250000
v 0.0000000 3.4500000 0.3750000
v 0.0000000 3.4500000 0.9000000
v 0.0000000 3.4500000 0.6250000
v -0.2000000 3.4500000 0.6250000
v -0.1250000 3.4500000 0.9000000
v 0.0000000 3.4500000 0.9000000
v -0.1250000 3.4500000 0.9000000
v 0.0000000 3.4500000 1.0750000
v -0.1937500 3.6250000 0.1000000
v -0.1937500 3.6250000 0.0000000
v 0.0000000 3.6250000 0.0000000
v 0.0000000 3.6250000 0.1000000
v -0.7423500 3.6250000 0.7423500
v -0.8437500 3.6250000 0.6250000
v -0.2000000 3.6250000 0.6250000
v -0.5407500 3.6250000 0.9000000
v -0.1250000 3.6250000 0.9000000
v -0.5407500 3.6250000 0.9000000
v -0.2000000 3.6250000 0.6250000
v 0.0000000 3.6250000 1.0500000
v -0.1250000 3.6250000 1.0425000
v -0.1250000 3.6250000 0.9000000
v 0.0000000 3.6250000 0.3750000
v -0.9807500 3.6250000 0.3750000
v -1.0452500 3.6250000 0.1000000
v 0.0000000 3.6250000 0.1000000
v 0.0000000 3.6250000 0.6250000
v -0.2000000 3.6250000 0.6250000
v -0.2000000 3.6250000 0.3750000
v 0.0000000 3.6250000 0.3750000
v -0.2000000 3.6250000 0.6250000
v 0.0000000 3.6250000 0.6250000
v 0.0000000 3.6250000 0.9000000
v -0.1250000 3.6250000 0.9000000
v 0.0000000 3.6250000 1.0500000
v -0.1250000 3.6250000 0.9000000
v 0.0000000 3.6250000 0.9000000
v 0.0000000 3.7750000 0.0000000
v -0.1937500 3.7750000 0.0000000
v -0.1937500 3.7750000 0.1000000
v 0.0000000 3.7750000 0.1000000
v -0.1937500 3.7750000 0.1000000
v -0.1937500 3.6250000 0.1000000
v -1.0452500 3.6250000 0.1000000
v -1.0200000 3.7750000 0.1000000
v -0.9540000 3.7750000 0.3750000
v -0.9807500 3.6250000 0.3750000
v -0.2000000 3.6250000 0.3750000
v -0.2000000 3.7750000 0.3750000
v -0.2000000 3.7750000 0.3750000
v -0.2000000 3.6250000 0.3750000
v -0.2000000 3.6250000 0.6250000
v -0.2000000 3.7750000 0.6250000
v -0.2000000 3.7750000 0.6250000
v -0.2000000 3.6250000 0.6250000
v -0.8437500 3.6250000 0.6250000
v -0.8125000 3.7750000 0.6250000
v -0.4905000 3.7750000 0.9000000
v -0.5407500 3.6250000 0.9000000
v -0.1250000 3.6250000 0.9000000
v -0.1250000 3.7750000 0.9000000
v -0.1250000 3.7750000 0.9000000
v -0.1250000 3.6250000 0.9000000
v -0.1250000 3.6250000 1.0425000
v -0.1250000 3.7750000 1.0173500
v -0.2000000 3.7750000 0.6250000
v -0.8125000 3.7750000 0.6250000
v -0.7247500 3.7750000 0.7247500
v -0.4905000 3.7750000 0.9000000
v -0.2000000 3.7750000 0.6250000
v -0.4905000 3.7750000 0.9000000
v -0.1250000 3.7750000 0.9000000
v -0.1250000 3.7750000 0.9000000
v -0.1250000 3.7750000 1.0173500
v 0.0000000 3.7750000 1.0250000
v -1.0200000 3.7750000 0.1000000
v -0.9540000 3.7750000 0.3750000
v 0.0000000 3.7750000 0.3750000
v 0.0000000 3.7750000 0.1000000
v -0.2000000 3.7750000 0.3750000
v -0.2000000 3.7750000 0.6250000
v 0.0000000 3.7750000 0.6250000
v 0.0000000 3.7750000 0.3750000
v 0.0000000 3.7750000 0.9000000
v 0.0000000 3.7750000 0.6250000
v -0.2000000 3.7750000 0.6250000
v -0.1250000 3.7750000 0.9000000
v 0.0000000 3.7750000 0.9000000
v -0.1250000 3.7750000 0.9000000
v 0.0000000 3.7750000 1.0250000
v -0.1875000 3.9500000 0.1000000
v -0.1875000 3.9500000 0.0000000
v 0.0000000 3.9500000 0.0000000
v 0.0000000 3.9500000 0.1000000
v -0.6982500 3.9500000 0.6982500
v -0.7645000 3.9500000 0.6250000
v -0.2000000 3.9500000 0.6250000
v -0.4064000 3.9500000 0.9000000
v -0.1250000 3.9500000 0.9000000
v -0.4064000 3.9500000 0.9000000
v -0.2000000 3.9500000 0.6250000
v 0.0000000 3.9500000 0.9875000
v -0.1250000 3.9500000 0.9795000
v -0.1250000 3.9500000 0.9000000
v 0.0000000 3.9500000 0.3750000
v -0.9135000 3.9500000 0.3750000
v -0.9825000 3.9500000 0.1000000
v 0.0000000 3.9500000 0.1000000
v 0.0000000 3.9500000 0.6250000
v -0.2000000 3.9500000 0.6250000
v -0.2000000 3.9500000 0.3750000
v 0.0000000 3.9500000 0.3750000
v -0.2000000 3.9500000 0.6250000
v 0.0000000 3.9500000 0.6250000
v 0.0000000 3.9500000 0.9000000
v -0.1250000 3.9500000 0.9000000
v 0.0000000 3.9500000 0.9875000
v -0.1250000 3.9500000 0.9000000
v 0.0000000 3.9500000 0.9000000
v 0.0000000 4.1000000 0.0000000
v -0.1875000 4.1000000 0.0000000
v -0.1875000 4.1000000 0.1000000
v 0.0000000 4.1000000 0.1000000
v -0.1875000 4.1000000 0.1000000
v -0.1875000 3.9500000 0.1000000
v -0.9825000 3.9500000 0.1000000
v -0.9447500 4.1000000 0.1000000
v -0.8727500 4.1000000 0.3750000
v -0.9135000 3.9500000 0.3750000
v -0.2000000 3.9500000 0.3750000
v -0.2000000 4.1000000 0.3750000
v -0.2000000 4.1000000 0.3750000
v -0.2000000 3.9500000 0.3750000
v -0.2000000 3.9500000 0.6250000
v -0.2000000 4.1000000 0.6250000
v -0.2000000 4.1000000 0.6250000
v -0.2000000 3.9500000 0.6250000
v -0.7645000 3.9500000 0.6250000
v -0.7155000 4.1000000 0.6250000
v -0.3041500 4.1000000 0.9000000
v -0.4064000 3.9500000 0.9000000
v -0.1250000 3.9500000 0.9000000
v -0.1250000 4.1000000 0.9000000
v -0.1250000 4.1000000 0.9000000
v -0.1250000 3.9500000 0.9000000
v -0.1250000 3.9500000 0.9795000
v -0.1250000 4.1000000 0.9417500
v -0.2000000 4.1000000 0.6250000
v -0.7155000 4.1000000 0.6250000
v -0.6716500 4.1000000 0.6716500
v -0.3041500 4.1000000 0.9000000
v -0.2000000 4.1000000 0.6250000
v -0.3041500 4.1000000 0.9000000
v -0.1250000 4.1000000 0.9000000
v -0.1250000 4.1000000 0.9000000
v -0.1250000 4.1000000 0.9417500
v 0.0000000 4.1000000 0.9500000
v -0.9447500 4.1000000 0.1000000
v -0.8727500 4.1000000 0.3750000
v 0.0000000 4.1000000 0.3750000
v 0.0000000 4.1000000 0.1000000
v -0.2000000 4.1000000 0.3750000
v -0.2000000 4.1000000 0.6250000
v 0.0000000 4.1000000 0.6250000
v 0.0000000 4.1000000 0.3750000
v 0.0000000 4.1000000 0.9000000
v 0.0000000 4.1000000 0.6250000
v -0.2000000 4.1000000 0.6250000
v -0.1250000 4.1000000 0.9000000
v 0.0000000 4.1000000 0.9000000
v -0.1250000 4.1000000 0.9000000
v 0.0000000 4.1000000 0.9500000
v -0.1812500 4.2750000 0.1000000
v -0.1812500 4.2750000 0.0000000
v 0.0000000 4.2750000 0.0000000
v 0.0000000 4.2750000 0.1000000
v -0.3492250 4.2750000 0.8430500
v -0.6648500 4.2750000 0.6250000
v -0.2000000 4.2750000 0.6250000
v 0.0000000 4.2750000 0.9125000
v 0.0000000 4.2750000 0.3750000
v -0.8318750 4.2750000 0.3750000
v -0.9070000 4.2750000 0.1000000
v 0.0000000 4.2750000 0.1000000
v 0.0000000 4.2750000 0.6250000
v -0.2000000 4.2750000 0.6250000
v -0.2000000 4.2750000 0.3750000
v 0.0000000 4.2750000 0.3750000
v -0.2000000 4.2750000 0.6250000
v 0.0000000 4.2750000 0.6250000
v 0.0000000 4.2750000 0.9125000
v 0.0000000 4.4250000 0.0000000
v -0.1812500 4.4250000 0.0000000
v -0.1812500 4.4250000 0.1000000
v 0.0000000 4.4250000 0.1000000
v -0.1812500 4.4250000 0.1000000
v -0.1812500 4.2750000 0.1000000
v -0.9070000 4.2750000 0.1000000
v -0.8692500 4.4250000 0.1000000
v -0.7905000 4.4250000 0.3750000
v -0.8318750 4.2750000 0.3750000
v -0.2000000 4.2750000 0.3750000
v -0.2000000 4.4250000 0.3750000
v -0.2000000 4.4250000 0.3750000
v -0.2000000 4.2750000 0.3750000
v -0.2000000 4.2750000 0.6250000
v -0.2000000 4.4250000 0.6250000
v -0.2000000 4.4250000 0.6250000
v -0.2000000 4.2750000 0.6250000
v -0.6648500 4.2750000 0.6250000
v -0.6123750 4.4250000 0.6250000
v -0.2000000 4.4250000 0.6250000
v -0.6123750 4.4250000 0.6250000
v -0.3348750 4.4250000 0.8084250
v 0.0000000 4.4250000 0.8750000
v -0.8692500 4.4250000 0.1000000
v -0.7905000 4.4250000 0.3750000
v 0.0000000 4.4250000 0.3750000
v 0.0000000 4.4250000 0.1000000
v -0.2000000 4.4250000 0.3750000
v -0.2000000 4.4250000 0.6250000
v 0.0000000 4.4250000 0.6250000
v 0.0000000 4.4250000 0.3750000
v 0.0000000 4.4250000 0.8750000
v 0.0000000 4.4250000 0.6250000
v -0.2000000 4.4250000 0.6250000
v -0.1750000 4.6000000 0.1000000
v -0.1750000 4.6000000 0.0000000
v 0.0000000 4.6000000 0.0000000
v 0.0000000 4.6000000 0.1000000
v -0.3205000 4.6000000 0.7737500
v -0.5575000 4.6000000 0.6250000
v -0.2000000 4.6000000 0.6250000
v 0.0000000 4.6000000 0.8375000
v 0.0000000 4.6000000 0.3750000
v -0.7488500 4.6000000 0.3750000
v -0.8315000 4.6000000 0.1000000
v 0.0000000 4.6000000 0.1000000
v 0.0000000 4.6000000 0.6250000
v -0.2000000 4.6000000 0.6250000
v -0.2000000 4.6000000 0.3750000
v 0.0000000 4.6000000 0.3750000
v -0.2000000 4.6000000 0.6250000
v 0.0000000 4.6000000 0.6250000
v 0.0000000 4.6000000 0.8375000
v 0.0000000 4.7500000 0.0000000
v -0.1750000 4.7500000 0.0000000
v -0.1750000 4.7500000 0.1000000
v 0.0000000 4.7500000 0.1000000
v -0.1750000 4.7500000 0.1000000
v -0.1750000 4.6000000 0.1000000
v -0.8315000 4.6000000 0.1000000
v -0.7937500 4.7500000 0.1000000
v -0.7066750 4.7500000 0.3750000
v -0.7488500 4.6000000 0.3750000
v -0.2000000 4.6000000 0.3750000
v -0.2000000 4.7500000 0.3750000
v -0.2000000 4.7500000 0.3750000
v -0.2000000 4.6000000 0.3750000
v -0.2000000 4.6000000 0.6250000
v -0.2000000 4.7500000 0.6250000
v -0.2000000 4.7500000 0.6250000
v -0.2000000 4.6000000 0.6250000
v -0.5575000 4.6000000 0.6250000
v -0.4993750 4.7500000 0.6250000
v -0.2000000 4.7500000 0.6250000
v -0.4993750 4.7500000 0.6250000
v -0.3061500 4.7500000 0.7391250
v 0.0000000 4.7500000 0.8000000
v -0.7937500 4.7500000 0.1000000
v -0.7066750 4.7500000 0.3750000
v 0.0000000 4.7500000 0.3750000
v 0.0000000 4.7500000 0.1000000
v -0.2000000 4.7500000 0.3750000
v -0.2000000 4.7500000 0.6250000
v 0.0000000 4.7500000 0.6250000
v 0.0000000 4.7500000 0.3750000
v 0.0000000 4.7500000 0.8000000
v 0.0000000 4.7500000 0.6250000
v -0.2000000 4.7500000 0.6250000
v -0.1687500 4.9250000 0.1000000
v -0.1687500 4.9250000 0.0000000
v 0.0000000 4.9250000 0.0000000
v 0.0000000 4.9250000 0.1000000
v -0.2870000 4.9250000 0.6929250
v -0.4145750 4.9250000 0.6250000
v -0.2000000 4.9250000 0.6250000
v 0.0000000 4.9250000 0.7500000
v 0.0000000 4.9250000 0.3750000
v -0.6495000 4.9250000 0.3750000
v -0.7432500 4.9250000 0.1000000
v 0.0000000 4.9250000 0.1000000
v 0.0000000 4.9250000 0.6250000
v -0.2000000 4.9250000 0.6250000
v -0.2000000 4.9250000 0.3750000
v 0.0000000 4.9250000 0.3750000
v -0.2000000 4.9250000 0.6250000
v 0.0000000 4.9250000 0.6250000
v 0.0000000 4.9250000 0.7500000
v 0.0000000 5.0750000 0.0000000
v -0.1687500 5.0750000 0.0000000
v -0.1687500 5.0750000 0.1000000
v 0.0000000 5.0750000 0.1000000
v -0.1687500 5.0750000 0.1000000
v -0.1687500 4.9250000 0.1000000
v -0.7432500 4.9250000 0.1000000
v -0.6928250 5.0750000 0.1000000
v -0.5910750 5.0750000 0.3750000
v -0.6495000 4.9250000 0.3750000
v -0.2000000 4.9250000 0.3750000
v -0.2000000 5.0750000 0.3750000
v -0.2000000 5.0750000 0.3750000
v -0.2000000 4.9250000 0.3750000
v -0.2000000 4.9250000 0.6250000
v -0.2000000 5.0750000 0.6250000
v -0.2000000 5.0750000 0.6250000
v -0.2000000 4.9250000 0.6250000
v -0.4145750 4.9250000 0.6250000
v -0.3152500 5.0750000 0.6250000
v -0.2000000 5.0750000 0.6250000
v -0.3152500 5.0750000 0.6250000
v -0.2679000 5.0750000 0.6492500
v 0.0000000 5.0750000 0.7000000
v -0.6928250 5.0750000 0.1000000
v -0.5910750 5.0750000 0.3750000
v 0.0000000 5.0750000 0.3750000
v 0.0000000 5.0750000 0.1000000
v -0.2000000 5.0750000 0.3750000
v -0.2000000 5.0750000 0.6250000
v 0.0000000 5.0750000 0.6250000
v 0.0000000 5.0750000 0.3750000
v 0.0000000 5.0750000 0.7000000
v 0.0000000 5.0750000 0.6250000
v -0.2000000 5.0750000 0.6250000
v -0.1625000 5.2500000 0.1000000
v -0.1625000 5.2500000 0.0000000
v 0.0000000 5.2500000 0.0000000
v 0.0000000 5.2500000 0.1000000
v 0.0000000 5.2500000 0.3750000
v -0.5309250 5.2500000 0.3750000
v -0.6422500 5.2500000 0.1000000
v 0.0000000 5.2500000 0.1000000
v 0.0000000 5.2500000 0.6500000
v -0.1250000 5.2500000 0.6378750
v -0.1250000 5.2500000 0.3750000
v 0.0000000 5.2500000 0.3750000
v 0.0000000 5.4000000 0.0000000
v -0.1625000 5.4000000 0.0000000
v -0.1625000 5.4000000 0.1000000
v 0.0000000 5.4000000 0.1000000
v -0.1625000 5.4000000 0.1000000
v -0.1625000 5.2500000 0.1000000
v -0.6422500 5.2500000 0.1000000
v -0.5916000 5.4000000 0.1000000
v -0.4683750 5.4000000 0.3750000
v -0.5309250 5.2500000 0.3750000
v -0.1250000 5.2500000 0.3750000
v -0.1250000 5.4000000 0.3750000
v -0.1250000 5.4000000 0.3750000
v -0.1250000 5.2500000 0.3750000
v -0.1250000 5.2500000 0.6378750
v -0.1250000 5.4000000 0.5868500
v -0.5916000 5.4000000 0.1000000
v -0.4683750 5.4000000 0.3750000
v 0.0000000 5.4000000 0.3750000
v 0.0000000 5.4000000 0.1000000
v -0.1250000 5.4000000 0.3750000
v -0.1250000 5.4000000 0.5868500
v 0.0000000 5.4000000 0.6000000
v 0.0000000 5.4000000 0.3750000
v -0.1562500 5.5750000 0.1000000
v -0.1562500 5.5750000 0.0000000
v 0.0000000 5.5750000 0.0000000
v 0.0000000 5.5750000 0.1000000
v 0.0000000 5.5750000 0.3750000
v -0.4023250 5.5750000 0.3750000
v -0.5408250 5.5750000 0.1000000
v 0.0000000 5.5750000 0.1000000
v 0.0000000 5.5750000 0.5500000
v -0.1250000 5.5750000 0.5356000
v -0.1250000 5.5750000 0.3750000
v 0.0000000 5.5750000 0.3750000
v 0.0000000 5.7250000 0.0000000
v -0.1562500 5.7250000 0.0000000
v -0.1562500 5.7250000 0.1000000
v 0.0000000 5.7250000 0.1000000
v -0.1562500 5.7250000 0.1000000
v -0.1562500 5.5750000 0.1000000
v -0.5408250 5.5750000 0.1000000
v -0.4899000 5.7250000 0.1000000
v -0.3307250 5.7250000 0.3750000
v -0.4023250 5.5750000 0.3750000
v -0.1250000 5.5750000 0.3750000
v -0.1250000 5.7250000 0.3750000
v -0.1250000 5.7250000 0.3750000
v -0.1250000 5.5750000 0.3750000
v -0.1250000 5.5750000 0.5356000
v -0.1250000 5.7250000 0.4841250
v -0.4899000 5.7250000 0.1000000
v -0.3307250 5.7250000 0.3750000
v 0.0000000 5.7250000 0.3750000
v 0.0000000 5.7250000 0.1000000
v -0.1250000 5.7250000 0.3750000
v -0.1250000 5.7250000 0.4841250
v 0.0000000 5.7250000 0.5000000
v 0.0000000 5.7250000 0.3750000
v -0.1500000 5.9000000 0.1000000
v -0.1500000 5.9000000 0.0000000
v 0.0000000 5.9000000 0.0000000
v 0.0000000 5.9000000 0.1000000
v 0.0000000 5.9000000 0.1722250
v -0.4157500 5.9000000 0.1722250
v -0.4387500 5.9000000 0.1000000
v 0.0000000 5.9000000 0.1000000
v 0.0000000 5.9000000 0.3182000
v -0.3182000 5.9000000 0.3182000
v -0.4157500 5.9000000 0.1722250
v 0.0000000 5.9000000 0.1722250
v 0.0000000 5.9000000 0.4500000
v -0.1722250 5.9000000 0.4157500
v -0.3182000 5.9000000 0.3182000
v 0.0000000 5.9000000 0.3182000
v 0.0000000 6.0500000 0.0000000
v -0.1500000 6.0500000 0.0000000
v -0.1500000 6.0500000 0.1000000
v 0.0000000 6.0500000 0.1000000
v -0.1500000 6.0500000 0.1000000
v -0.1500000 5.9000000 0.1000000
v -0.4387500 5.9000000 0.1000000
v -0.3873000 6.0500000 0.1000000
v -0.3873000 6.0500000 0.1000000
v -0.3695000 6.0500000 0.1530750
v 0.0000000 6.0500000 0.1530750
v 0.0000000 6.0500000 0.1000000
v -0.3695000 6.0500000 0.1530750
v -0.2828500 6.0500000 0.2828500
v 0.0000000 6.0500000 0.2828500
v 0.0000000 6.0500000 0.1530750
v -0.2828500 6.0500000 0.2828500
v -0.1530750 6.0500000 0.3695000
v 0.0000000 6.0500000 0.4000000
v 0.0000000 6.0500000 0.2828500
v -0.1500000 6.2250000 0.1000000
v -0.1500000 6.2250000 0.0000000
v 0.0000000 6.2250000 0.0000000
v 0.0000000 6.2250000 0.1000000
v 0.0000000 6.2250000 0.1243750
v -0.3002500 6.2250000 0.1243750
v -0.3092250 6.2250000 0.1000000
v 0.0000000 6.2250000 0.1000000
v 0.0000000 6.2250000 0.2298000
v -0.2298000 6.2250000 0.2298000
v -0.3002500 6.2250000 0.1243750
v 0.0000000 6.2250000 0.1243750
v 0.0000000 6.2250000 0.3250000
v -0.1243750 6.2250000 0.3002500
v -0.2298000 6.2250000 0.2298000
v 0.0000000 6.2250000 0.2298000
v 0.0000000 6.3750000 0.0000000
v -0.1500000 6.3750000 0.0000000
v -0.1500000 6.3750000 0.1000000
v 0.0000000 6.3750000 0.1000000
v -0.3092250 6.2250000 0.1000000
v -0.2291250 6.3750000 0.1000000
v -0.1500000 6.3750000 0.1000000
v -0.1500000 6.2250000 0.1000000
v -0.2291250 6.3750000 0.1000000
v -0.3092250 6.2250000 0.1000000
v -0.3002500 6.2250000 0.1243750
v -0.4157550 0.8500000 0.1722150
v -0.2500000 0.7550000 0.1000000
v -0.1903868 0.7550000 0.1903868
v -0.4157550 0.8500000 0.1722150
v -0.1903868 0.7550000 0.1903868
v -0.3181950 0.8500000 0.3181950
v -0.3181950 0.8500000 0.3181950
v -0.1903868 0.7550000 0.1903868
v -0.1030420 0.7550000 0.2487600
v -0.3181950 0.8500000 0.3181950
v -0.1030420 0.7550000 0.2487600
v -0.1722150 0.8500000 0.4157550
v -0.1722150 0.8500000 0.4157550
v -0.1030420 0.7550000 0.2487600
v 0.0000000 0.7550000 0.2692500
v -0.1722150 0.8500000 0.4157550
v 0.0000000 0.7550000 0.2692500
v 0.0000000 0.8500000 0.4500000
v -0.2500000 0.7550000 0.0000000
v -0.1500000 0.7000000 0.0000000
v -0.2500000 0.7550000 0.1000000
v -0.1500000 0.7000000 0.0000000
v -0.1385850 0.7000000 0.0574050
v -0.2500000 0.7550000 0.1000000
v -0.2500000 0.7550000 0.1000000
v -0.1385850 0.7000000 0.0574050
v -0.1903868 0.7550000 0.1903868
v -0.1385850 0.7000000 0.0574050
v -0.1060650 0.7000000 0.1060650
v -0.1903868 0.7550000 0.1903868
v -0.1903868 0.7550000 0.1903868
v -0.1060650 0.7000000 0.1060650
v -0.0574050 0.7000000 0.1385850
v -0.1903868 0.7550000 0.1903868
v -0.0574050 0.7000000 0.1385850
v -0.1030420 0.7550000 0.2487600
v -0.1030420 0.7550000 0.2487600
v -0.0574050 0.7000000 0.1385850
v 0.0000000 0.7000000 0.1500000
v -0.1030420 0.7550000 0.2487600
v 0.0000000 0.7000000 0.1500000
v 0.0000000 0.7550000 0.2692500
v 0.0000000 1.0250000 0.6750000
v 0.0000000 1.1750000 0.8000000
v -0.2550000 1.0250000 0.6250000
v 0.0000000 1.1750000 0.8000000
v -0.3061600 1.1750000 0.7391200
v -0.2550000 1.0250000 0.6250000
v -0.7067500 1.1750000 0.3750000
v -0.7937500 1.1750000 0.1000000
v -0.6675000 1.0250000 0.1000000
v -0.7067500 1.1750000 0.3750000
v -0.6675000 1.0250000 0.1000000
v -0.5612500 1.0250000 0.3750000
v -0.8945000 1.3500000 0.1000000
v -0.8182500 1.3500000 0.3750000
v -0.9270000 1.5000000 0.3750000
v -0.8945000 1.3500000 0.1000000
v -0.9270000 1.5000000 0.3750000
v -0.9950000 1.5000000 0.1000000
v -0.6475000 1.3500000 0.6250000
v -0.4000000 1.3500000 0.8060000
v -0.4360000 1.5000000 0.9000000
v -0.6475000 1.3500000 0.6250000
v -0.4360000 1.5000000 0.9000000
v -0.7805000 1.5000000 0.6250000
v -0.1250000 1.3500000 0.8912500
v 0.0000000 1.3500000 0.9000000
v -0.1250000 1.5000000 0.9922500
v 0.0000000 1.3500000 0.9000000
v 0.0000000 1.5000000 1.0000000
v -0.1250000 1.5000000 0.9922500
v -1.0955000 1.8250000 0.1000000
v -1.0452500 1.6750000 0.1000000
v -1.0340000 1.8250000 0.3750000
v -1.0452500 1.6750000 0.1000000
v -0.9807500 1.6750000 0.3750000
v -1.0340000 1.8250000 0.3750000
v -0.9052500 1.8250000 0.6250000
v -0.8437500 1.6750000 0.6250000
v -0.7777500 1.8250000 0.7777500
v -0.8437500 1.6750000 0.6250000
v -0.7423500 1.6750000 0.7423500
v -0.7777500 1.8250000 0.7777500
v -0.7777500 1.8250000 0.7777500
v -0.7423500 1.6750000 0.7423500
v -0.6325000 1.8250000 0.9000000
v -0.7423500 1.6750000 0.7423500
v -0.5407500 1.6750000 0.9000000
v -0.6325000 1.8250000 0.9000000
v -0.1250000 1.8250000 1.0928750
v -0.1250000 1.6750000 1.0425000
v 0.0000000 1.6750000 1.0500000
v -0.1250000 1.8250000 1.0928750
v 0.0000000 1.6750000 1.0500000
v 0.0000000 1.8250000 1.1000000
v -1.1707500 2.1500000 0.1000000
v -1.1456500 2.0000000 0.1000000
v -1.1135000 2.1500000 0.3750000
v -1.1456500 2.0000000 0.1000000
v -1.0871500 2.0000000 0.3750000
v -1.1135000 2.1500000 0.3750000
v -0.9950000 2.1500000 0.6250000
v -0.9652500 2.0000000 0.6250000
v -0.8307500 2.1500000 0.8307500
v -0.9652500 2.0000000 0.6250000
v -0.8130000 2.0000000 0.8130000
v -0.8307500 2.1500000 0.8307500
v -0.8307500 2.1500000 0.8307500
v -0.8130000 2.0000000 0.8130000
v -0.7553750 2.1500000 0.9000000
v -0.8130000 2.0000000 0.8130000
v -0.7159000 2.0000000 0.9000000
v -0.7553750 2.1500000 0.9000000
v -0.1250000 2.1500000 1.1683250
v -0.1250000 2.0000000 1.1432500
v 0.0000000 2.0000000 1.1500000
v -0.1250000 2.1500000 1.1683250
v 0.0000000 2.0000000 1.1500000
v 0.0000000 2.1500000 1.1750000
v -1.1582500 2.8000000 0.1000000
v -1.1707500 2.6500000 0.1000000
v -1.1135000 2.6500000 0.3750000
v -1.1582500 2.8000000 0.1000000
v -1.1135000 2.6500000 0.3750000
v -1.1003500 2.8000000 0.3750000
v -0.9802500 2.8000000 0.6250000
v -0.9950000 2.6500000 0.6250000
v -0.8307500 2.6500000 0.8307500
v -0.9802500 2.8000000 0.6250000
v -0.8307500 2.6500000 0.8307500
v -0.8218000 2.8000000 0.8218000
v -0.8218000 2.8000000 0.8218000
v -0.8307500 2.6500000 0.8307500
v -0.7553750 2.6500000 0.9000000
v -0.8218000 2.8000000 0.8218000
v -0.7553750 2.6500000 0.9000000
v -0.7357500 2.8000000 0.9000000
v -0.1250000 2.8000000 1.1557500
v -0.1250000 2.6500000 1.1683250
v 0.0000000 2.8000000 1.1625000
v -0.1250000 2.6500000 1.1683250
v 0.0000000 2.6500000 1.1750000
v 0.0000000 2.8000000 1.1625000
v -1.1205000 3.1250000 0.1000000
v -1.1456500 2.9750000 0.1000000
v -1.0871500 2.9750000 0.3750000
v -1.1205000 3.1250000 0.1000000
v -1.0871500 2.9750000 0.3750000
v -1.0606500 3.1250000 0.3750000
v -0.9354250 3.1250000 0.6250000
v -0.9652500 2.9750000 0.6250000
v -0.8130000 2.9750000 0.8130000
v -0.9354250 3.1250000 0.6250000
v -0.8130000 2.9750000 0.8130000
v -0.7953750 3.1250000 0.7953750
v -0.7953750 3.1250000 0.7953750
v -0.8130000 2.9750000 0.8130000
v -0.7159000 2.9750000 0.9000000
v -0.7953750 3.1250000 0.7953750
v -0.7159000 2.9750000 0.9000000
v -0.6750000 3.1250000 0.9000000
v -0.1250000 3.1250000 1.1180000
v -0.1250000 2.9750000 1.1432500
v 0.0000000 3.1250000 1.1250000
v -0.1250000 2.9750000 1.1432500
v 0.0000000 2.9750000 1.1500000
v 0.0000000 3.1250000 1.1250000
v -1.0453500 3.4500000 0.1000000
v -1.0955000 3.3000000 0.1000000
v -1.0074750 3.4500000 0.3750000
v -1.0955000 3.3000000 0.1000000
v -1.0340000 3.3000000 0.3750000
v -1.0074750 3.4500000 0.3750000
v -0.8746500 3.4500000 0.6250000
v -0.9052500 3.3000000 0.6250000
v -0.7777500 3.3000000 0.7777500
v -0.8746500 3.4500000 0.6250000
v -0.7777500 3.3000000 0.7777500
v -0.7600000 3.4500000 0.7600000
v -0.7600000 3.4500000 0.7600000
v -0.7777500 3.3000000 0.7777500
v -0.6325000 3.3000000 0.9000000
v -0.7600000 3.4500000 0.7600000
v -0.6325000 3.3000000 0.9000000
v -0.5879000 3.4500000 0.9000000
v -0.1250000 3.4500000 1.0677500
v -0.1250000 3.3000000 1.0928750
v 0.0000000 3.4500000 1.0750000
v -0.1250000 3.3000000 1.0928750
v 0.0000000 3.3000000 1.1000000
v 0.0000000 3.4500000 1.0750000
v -1.0200000 3.7750000 0.1000000
v -1.0452500 3.6250000 0.1000000
v -0.9807500 3.6250000 0.3750000
v -1.0200000 3.7750000 0.1000000
v -0.9807500 3.6250000 0.3750000
v -0.9540000 3.7750000 0.3750000
v -0.8125000 3.7750000 0.6250000
v -0.8437500 3.6250000 0.6250000
v -0.7423500 3.6250000 0.7423500
v -0.8125000 3.7750000 0.6250000
v -0.7423500 3.6250000 0.7423500
v -0.7247500 3.7750000 0.7247500
v -0.7247500 3.7750000 0.7247500
v -0.7423500 3.6250000 0.7423500
v -0.5407500 3.6250000 0.9000000
v -0.7247500 3.7750000 0.7247500
v -0.5407500 3.6250000 0.9000000
v -0.4905000 3.7750000 0.9000000
v -0.1250000 3.7750000 1.0173500
v -0.1250000 3.6250000 1.0425000
v 0.0000000 3.7750000 1.0250000
v -0.1250000 3.6250000 1.0425000
v 0.0000000 3.6250000 1.0500000
v 0.0000000 3.7750000 1.0250000
v -0.9447500 4.1000000 0.1000000
v -0.9825000 3.9500000 0.1000000
v -0.9135000 3.9500000 0.3750000
v -0.9447500 4.1000000 0.1000000
v -0.9135000 3.9500000 0.3750000
v -0.8727500 4.1000000 0.3750000
v -0.7155000 4.1000000 0.6250000
v -0.7645000 3.9500000 0.6250000
v -0.6982500 3.9500000 0.6982500
v -0.7155000 4.1000000 0.6250000
v -0.6982500 3.9500000 0.6982500
v -0.6716500 4.1000000 0.6716500
v -0.6716500 4.1000000 0.6716500
v -0.6982500 3.9500000 0.6982500
v -0.4064000 3.9500000 0.9000000
v -0.6716500 4.1000000 0.6716500
v -0.4064000 3.9500000 0.9000000
v -0.3041500 4.1000000 0.9000000
v -0.1250000 4.1000000 0.9417500
v -0.1250000 3.9500000 0.9795000
v 0.0000000 4.1000000 0.9500000
v -0.1250000 3.9500000 0.9795000
v 0.0000000 3.9500000 0.9875000
v 0.0000000 4.1000000 0.9500000
v -0.8692500 4.4250000 0.1000000
v -0.9070000 4.2750000 0.1000000
v -0.8318750 4.2750000 0.3750000
v -0.8692500 4.4250000 0.1000000
v -0.8318750 4.2750000 0.3750000
v -0.7905000 4.4250000 0.3750000
v -0.6123750 4.4250000 0.6250000
v -0.6648500 4.2750000 0.6250000
v -0.3492250 4.2750000 0.8430500
v -0.6123750 4.4250000 0.6250000
v -0.3492250 4.2750000 0.8430500
v -0.3348750 4.4250000 0.8084250
v -0.3348750 4.4250000 0.8084250
v -0.3492250 4.2750000 0.8430500
v 0.0000000 4.2750000 0.9125000
v -0.3348750 4.4250000 0.8084250
v 0.0000000 4.2750000 0.9125000
v 0.0000000 4.4250000 0.8750000
v -0.7937500 4.7500000 0.1000000
v -0.8315000 4.6000000 0.1000000
v -0.7488500 4.6000000 0.3750000
v -0.7937500 4.7500000 0.1000000
v -0.7488500 4.6000000 0.3750000
v -0.7066750 4.7500000 0.3750000
v -0.4993750 4.7500000 0.6250000
v -0.5575000 4.6000000 0.6250000
v -0.3205000 4.6000000 0.7737500
v -0.4993750 4.7500000 0.6250000
v -0.3205000 4.6000000 0.7737500
v -0.3061500 4.7500000 0.7391250
v -0.3061500 4.7500000 0.7391250
v -0.3205000 4.6000000 0.7737500
v 0.0000000 4.6000000 0.8375000
v -0.3061500 4.7500000 0.7391250
v 0.0000000 4.6000000 0.8375000
v 0.0000000 4.7500000 0.8000000
v -0.6928250 5.0750000 0.1000000
v -0.7432500 4.9250000 0.1000000
v -0.6495000 4.9250000 0.3750000
v -0.6928250 5.0750000 0.1000000
v -0.6495000 4.9250000 0.3750000
v -0.5910750 5.0750000 0.3750000
v -0.3152500 5.0750000 0.6250000
v -0.4145750 4.9250000 0.6250000
v -0.2870000 4.9250000 0.6929250
v -0.3152500 5.0750000 0.6250000
v -0.2870000 4.9250000 0.6929250
v -0.2679000 5.0750000 0.6492500
v -0.2679000 5.0750000 0.6492500
v -0.2870000 4.9250000 0.6929250
v 0.0000000 4.9250000 0.7500000
v -0.2679000 5.0750000 0.6492500
v 0.0000000 4.9250000 0.7500000
v 0.0000000 5.0750000 0.7000000
v -0.5916000 5.4000000 0.1000000
v -0.6422500 5.2500000 0.1000000
v -0.5309250 5.2500000 0.3750000
v -0.5916000 5.4000000 0.1000000
v -0.5309250 5.2500000 0.3750000
v -0.4683750 5.4000000 0.3750000
v -0.1250000 5.4000000 0.5868500
v -0.1250000 5.2500000 0.6378750
v 0.0000000 5.4000000 0.6000000
v -0.1250000 5.2500000 0.6378750
v 0.0000000 5.2500000 0.6500000
v 0.0000000 5.4000000 0.6000000
v -0.4899000 5.7250000 0.1000000
v -0.5408250 5.5750000 0.1000000
v -0.4023250 5.5750000 0.3750000
v -0.4899000 5.7250000 0.1000000
v -0.4023250 5.5750000 0.3750000
v -0.3307250 5.7250000 0.3750000
v -0.1250000 5.7250000 0.4841250
v -0.1250000 5.5750000 0.5356000
v 0.0000000 5.7250000 0.5000000
v -0.1250000 5.5750000 0.5356000
v 0.0000000 5.5750000 0.5500000
v 0.0000000 5.7250000 0.5000000
v -0.3873000 6.0500000 0.1000000
v -0.4387500 5.9000000 0.1000000
v -0.4157500 5.9000000 0.1722250
v -0.3873000 6.0500000 0.1000000
v -0.4157500 5.9000000 0.1722250
v -0.3695000 6.0500000 0.1530750
v -0.3695000 6.0500000 0.1530750
v -0.4157500 5.9000000 0.1722250
v -0.2828500 6.0500000 0.2828500
v -0.4157500 5.9000000 0.1722250
v -0.3182000 5.9000000 0.3182000
v -0.2828500 6.0500000 0.2828500
v -0.2828500 6.0500000 0.2828500
v -0.3182000 5.9000000 0.3182000
v -0.1722250 5.9000000 0.4157500
v -0.2828500 6.0500000 0.2828500
v -0.1722250 5.9000000 0.4157500
v -0.1530750 6.0500000 0.3695000
v -0.1530750 6.0500000 0.3695000
v -0.1722250 5.9000000 0.4157500
v 0.0000000 6.0500000 0.4000000
v -0.1722250 5.9000000 0.4157500
v 0.0000000 5.9000000 0.4500000
v 0.0000000 6.0500000 0.4000000
v -0.2309750 6.3750000 0.0956750
v -0.3002500 6.2250000 0.1243750
v -0.2298000 6.2250000 0.2298000
v -0.2309750 6.3750000 0.0956750
v -0.2298000 6.2250000 0.2298000
v -0.1767750 6.3750000 0.1767750
v -0.1767750 6.3750000 0.1767750
v -0.2298000 6.2250000 0.2298000
v -0.1243750 6.2250000 0.3002500
v -0.1767750 6.3750000 0.1767750
v -0.1243750 6.2250000 0.3002500
v -0.0956750 6.3750000 0.2309750
v -0.0956750 6.3750000 0.2309750
v -0.1243750 6.2250000 0.3002500
v 0.0000000 6.2250000 0.3250000
v -0.0956750 6.3750000 0.2309750
v 0.0000000 6.2250000 0.3250000
v 0.0000000 6.3750000 0.2500000
v -0.2291250 6.3750000 0.1000000
v -0.2309750 6.3750000 0.0956750
v 0.0000000 6.3750000 0.0956750
v 0.0000000 6.3750000 0.1000000
v -0.2309750 6.3750000 0.0956750
v -0.1767750 6.3750000 0.1767750
v 0.0000000 6.3750000 0.1767750
v 0.0000000 6.3750000 0.0956750
v -0.1767750 6.3750000 0.1767750
v -0.0956750 6.3750000 0.2309750
v 0.0000000 6.3750000 0.2500000
v 0.0000000 6.3750000 0.1767750
v 0.0000000 0.8500000 0.0000000
v 0.2500000 0.8500000 0.0000000
v 0.2500000 0.8500000 -0.1000000
v 0.0000000 0.8500000 -0.1000000
v 0.0000000 0.8500000 -0.1000000
v 0.4387500 0.8500000 -0.1000000
v 0.4157550 0.8500000 -0.1722150
v 0.3181950 0.8500000 -0.3181950
v 0.0000000 0.8500000 -0.1000000
v 0.3181950 0.8500000 -0.3181950
v 0.1722150 0.8500000 -0.4157550
v 0.0000000 0.8500000 -0.4500000
v 0.2500000 0.8500000 -0.1000000
v 0.2500000 0.8500000 0.0000000
v 0.2500000 0.7550000 0.0000000
v 0.2500000 0.7550000 -0.1000000
v 0.2500000 0.7550000 -0.1000000
v 0.4387500 0.8500000 -0.1000000
v 0.2500000 0.8500000 -0.1000000
v 0.4387500 0.8500000 -0.1000000
v 0.2500000 0.7550000 -0.1000000
v 0.4157550 0.8500000 -0.1722150
v 0.2437500 1.0250000 -0.1000000
v 0.2437500 1.0250000 0.0000000
v 0.0000000 1.0250000 0.0000000
v 0.0000000 1.0250000 -0.1000000
v 0.5612500 1.0250000 -0.3750000
v 0.6675000 1.0250000 -0.1000000
v 0.0000000 1.0250000 -0.1000000
v 0.1250000 1.0250000 -0.3750000
v 0.1250000 1.0250000 -0.6250000
v 0.1250000 1.0250000 -0.3750000
v 0.0000000 1.0250000 -0.1000000
v 0.0000000 1.0250000 -0.6750000
v 0.0000000 1.0250000 -0.6750000
v 0.2550000 1.0250000 -0.6250000
v 0.1250000 1.0250000 -0.6250000
v 0.0000000 1.1750000 0.0000000
v 0.2437500 1.1750000 0.0000000
v 0.2437500 1.1750000 -0.1000000
v 0.0000000 1.1750000 -0.1000000
v 0.0000000 1.1750000 -0.1000000
v 0.7937500 1.1750000 -0.1000000
v 0.7067500 1.1750000 -0.3750000
v 0.1250000 1.1750000 -0.3750000
v 0.0000000 1.1750000 -0.1000000
v 0.1250000 1.1750000 -0.3750000
v 0.1250000 1.1750000 -0.6250000
v 0.0000000 1.1750000 -0.8000000
v 0.3061600 1.1750000 -0.7391200
v 0.0000000 1.1750000 -0.8000000
v 0.1250000 1.1750000 -0.6250000
v 0.4993750 1.1750000 -0.6250000
v 0.3061600 1.1750000 -0.7391200
v 0.4993750 1.1750000 -0.6250000
v 0.2550000 1.0250000 -0.6250000
v 0.1250000 1.1750000 -0.6250000
v 0.1250000 1.0250000 -0.6250000
v 0.2550000 1.0250000 -0.6250000
v 0.4993750 1.1750000 -0.6250000
v 0.1250000 1.1750000 -0.3750000
v 0.1250000 1.0250000 -0.3750000
v 0.1250000 1.0250000 -0.6250000
v 0.1250000 1.1750000 -0.6250000
v 0.1250000 1.1750000 -0.3750000
v 0.7067500 1.1750000 -0.3750000
v 0.5612500 1.0250000 -0.3750000
v 0.1250000 1.0250000 -0.3750000
v 0.7937500 1.1750000 -0.1000000
v 0.2500000 1.1750000 -0.1000000
v 0.2500000 1.0250000 -0.1000000
v 0.6675000 1.0250000 -0.1000000
v 0.2375000 1.3500000 -0.1000000
v 0.2375000 1.3500000 0.0000000
v 0.0000000 1.3500000 0.0000000
v 0.0000000 1.3500000 -0.1000000
v 0.4000000 1.3500000 -0.8060000
v 0.6475000 1.3500000 -0.6250000
v 0.2000000 1.3500000 -0.6250000
v 0.2107500 1.3500000 -0.8750000
v 0.1250000 1.3500000 -0.8912500
v 0.2107500 1.3500000 -0.8750000
v 0.2000000 1.3500000 -0.6250000
v 0.0000000 1.3500000 -0.9000000
v 0.0000000 1.3500000 -0.3750000
v 0.8182500 1.3500000 -0.3750000
v 0.8945000 1.3500000 -0.1000000
v 0.0000000 1.3500000 -0.1000000
v 0.0000000 1.3500000 -0.6250000
v 0.2000000 1.3500000 -0.6250000
v 0.2000000 1.3500000 -0.3750000
v 0.0000000 1.3500000 -0.3750000
v 0.2000000 1.3500000 -0.6250000
v 0.0000000 1.3500000 -0.6250000
v 0.0000000 1.3500000 -0.9000000
v 0.0000000 1.5000000 0.0000000
v 0.2375000 1.5000000 0.0000000
v 0.2375000 1.5000000 -0.1000000
v 0.0000000 1.5000000 -0.1000000
v 0.2000000 1.5000000 -0.6250000
v 0.7805000 1.5000000 -0.6250000
v 0.4360000 1.5000000 -0.9000000
v 0.1250000 1.5000000 -0.9000000
v 0.0000000 1.5000000 -1.0000000
v 0.2000000 1.5000000 -0.6250000
v 0.1250000 1.5000000 -0.9000000
v 0.1250000 1.5000000 -0.9000000
v 0.1250000 1.5000000 -0.9922500
v 0.0000000 1.5000000 -1.0000000
v 0.2375000 1.3500000 -0.1000000
v 0.8945000 1.3500000 -0.1000000
v 0.9950000 1.5000000 -0.1000000
v 0.2375000 1.5000000 -0.1000000
v 0.8182500 1.3500000 -0.3750000
v 0.2000000 1.3500000 -0.3750000
v 0.2000000 1.5000000 -0.3750000
v 0.9270000 1.5000000 -0.3750000
v 0.2000000 1.3500000 -0.3750000
v 0.2000000 1.3500000 -0.6250000
v 0.2000000 1.5000000 -0.6250000
v 0.2000000 1.5000000 -0.3750000
v 0.2000000 1.3500000 -0.6250000
v 0.6475000 1.3500000 -0.6250000
v 0.7805000 1.5000000 -0.6250000
v 0.2000000 1.5000000 -0.6250000
v 0.1250000 1.5000000 -0.9000000
v 0.4360000 1.5000000 -0.9000000
v 0.2107500 1.3500000 -0.8750000
v 0.4000000 1.3500000 -0.8060000
v 0.2107500 1.3500000 -0.8750000
v 0.4360000 1.5000000 -0.9000000
v 0.2107500 1.3500000 -0.8750000
v 0.1250000 1.3500000 -0.8912500
v 0.1250000 1.5000000 -0.9000000
v 0.1250000 1.5000000 -0.9922500
v 0.1250000 1.5000000 -0.9000000
v 0.1250000 1.3500000 -0.8912500
v 0.9950000 1.5000000 -0.1000000
v 0.9270000 1.5000000 -0.3750000
v 0.0000000 1.5000000 -0.3750000
v 0.0000000 1.5000000 -0.1000000
v 0.2000000 1.5000000 -0.3750000
v 0.2000000 1.5000000 -0.6250000
v 0.0000000 1.5000000 -0.6250000
v 0.0000000 1.5000000 -0.3750000
v 0.0000000 1.5000000 -1.0000000
v 0.0000000 1.5000000 -0.6250000
v 0.2000000 1.5000000 -0.6250000
v 0.2312500 1.6750000 -0.1000000
v 0.2312500 1.6750000 0.0000000
v 0.0000000 1.6750000 0.0000000
v 0.0000000 1.6750000 -0.1000000
v 0.7423500 1.6750000 -0.7423500
v 0.8437500 1.6750000 -0.6250000
v 0.2000000 1.6750000 -0.6250000
v 0.5407500 1.6750000 -0.9000000
v 0.1250000 1.6750000 -0.9000000
v 0.5407500 1.6750000 -0.9000000
v 0.2000000 1.6750000 -0.6250000
v 0.0000000 1.6750000 -1.0500000
v 0.1250000 1.6750000 -1.0425000
v 0.1250000 1.6750000 -0.9000000
v 0.0000000 1.6750000 -0.3750000
v 0.9807500 1.6750000 -0.3750000
v 1.0452500 1.6750000 -0.1000000
v 0.0000000 1.6750000 -0.1000000
v 0.0000000 1.6750000 -0.6250000
v 0.2000000 1.6750000 -0.6250000
v 0.2000000 1.6750000 -0.3750000
v 0.0000000 1.6750000 -0.3750000
v 0.2000000 1.6750000 -0.6250000
v 0.0000000 1.6750000 -0.6250000
v 0.0000000 1.6750000 -0.9000000
v 0.1250000 1.6750000 -0.9000000
v 0.0000000 1.6750000 -1.0500000
v 0.1250000 1.6750000 -0.9000000
v 0.0000000 1.6750000 -0.9000000
v 0.0000000 1.8250000 0.0000000
v 0.2312500 1.8250000 0.0000000
v 0.2312500 1.8250000 -0.1000000
v 0.0000000 1.8250000 -0.1000000
v 0.2312500 1.8250000 -0.1000000
v 0.2312500 1.6750000 -0.1000000
v 1.0452500 1.6750000 -0.1000000
v 1.0955000 1.8250000 -0.1000000
v 1.0340000 1.8250000 -0.3750000
v 0.9807500 1.6750000 -0.3750000
v 0.2000000 1.6750000 -0.3750000
v 0.2000000 1.8250000 -0.3750000
v 0.2000000 1.8250000 -0.3750000
v 0.2000000 1.6750000 -0.3750000
v 0.2000000 1.6750000 -0.6250000
v 0.2000000 1.8250000 -0.6250000
v 0.2000000 1.8250000 -0.6250000
v 0.2000000 1.6750000 -0.6250000
v 0.8437500 1.6750000 -0.6250000
v 0.9052500 1.8250000 -0.6250000
v 0.6325000 1.8250000 -0.9000000
v 0.5407500 1.6750000 -0.9000000
v 0.1250000 1.6750000 -0.9000000
v 0.1250000 1.8250000 -0.9000000
v 0.1250000 1.8250000 -0.9000000
v 0.1250000 1.6750000 -0.9000000
v 0.1250000 1.6750000 -1.0425000
v 0.1250000 1.8250000 -1.0928750
v 0.2000000 1.8250000 -0.6250000
v 0.9052500 1.8250000 -0.6250000
v 0.7777500 1.8250000 -0.7777500
v 0.6325000 1.8250000 -0.9000000
v 0.2000000 1.8250000 -0.6250000
v 0.6325000 1.8250000 -0.9000000
v 0.1250000 1.8250000 -0.9000000
v 0.1250000 1.8250000 -0.9000000
v 0.1250000 1.8250000 -1.0928750
v 0.0000000 1.8250000 -1.1000000
v 1.0955000 1.8250000 -0.1000000
v 1.0340000 1.8250000 -0.3750000
v 0.0000000 1.8250000 -0.3750000
v 0.0000000 1.8250000 -0.1000000
v 0.2000000 1.8250000 -0.3750000
v 0.2000000 1.8250000 -0.6250000
v 0.0000000 1.8250000 -0.6250000
v 0.0000000 1.8250000 -0.3750000
v 0.0000000 1.8250000 -0.9000000
v 0.0000000 1.8250000 -0.6250000
v 0.2000000 1.8250000 -0.6250000
v 0.1250000 1.8250000 -0.9000000
v 0.0000000 1.8250000 -0.9000000
v 0.1250000 1.8250000 -0.9000000
v 0.0000000 1.8250000 -1.1000000
v 0.2250000 2.0000000 -0.1000000
v 0.2250000 2.0000000 0.0000000
v 0.0000000 2.0000000 0.0000000
v 0.0000000 2.0000000 -0.1000000
v 0.8130000 2.0000000 -0.8130000
v 0.9652500 2.0000000 -0.6250000
v 0.2000000 2.0000000 -0.6250000
v 0.7159000 2.0000000 -0.9000000
v 0.1250000 2.0000000 -0.9000000
v 0.7159000 2.0000000 -0.9000000
v 0.2000000 2.0000000 -0.6250000
v 0.0000000 2.0000000 -1.1500000
v 0.1250000 2.0000000 -1.1432500
v 0.1250000 2.0000000 -0.9000000
v 0.0000000 2.0000000 -0.3750000
v 1.0871500 2.0000000 -0.3750000
v 1.1456500 2.0000000 -0.1000000
v 0.0000000 2.0000000 -0.1000000
v 0.0000000 2.0000000 -0.6250000
v 0.2000000 2.0000000 -0.6250000
v 0.2000000 2.0000000 -0.3750000
v 0.0000000 2.0000000 -0.3750000
v 0.2000000 2.0000000 -0.6250000
v 0.0000000 2.0000000 -0.6250000
v 0.0000000 2.0000000 -0.9000000
v 0.1250000 2.0000000 -0.9000000
v 0.0000000 2.0000000 -1.1500000
v 0.1250000 2.0000000 -0.9000000
v 0.0000000 2.0000000 -0.9000000
v 0.0000000 2.1500000 0.0000000
v 0.2250000 2.1500000 0.0000000
v 0.2250000 2.1500000 -0.1000000
v 0.0000000 2.1500000 -0.1000000
v 0.2250000 2.1500000 -0.1000000
v 0.2250000 2.0000000 -0.1000000
v 1.1456500 2.0000000 -0.1000000
v 1.1707500 2.1500000 -0.1000000
v 1.1135000 2.1500000 -0.3750000
v 1.0871500 2.0000000 -0.3750000
v 0.2000000 2.0000000 -0.3750000
v 0.2000000 2.1500000 -0.3750000
v 0.2000000 2.1500000 -0.3750000
v 0.2000000 2.0000000 -0.3750000
v 0.2000000 2.0000000 -0.6250000
v 0.2000000 2.1500000 -0.6250000
v 0.2000000 2.1500000 -0.6250000
v 0.2000000 2.0000000 -0.6250000
v 0.9652500 2.0000000 -0.6250000
v 0.9950000 2.1500000 -0.6250000
v 0.7553750 2.1500000 -0.9000000
v 0.7159000 2.0000000 -0.9000000
v 0.1250000 2.0000000 -0.9000000
v 0.1250000 2.1500000 -0.9000000
v 0.1250000 2.1500000 -0.9000000
v 0.1250000 2.0000000 -0.9000000
v 0.1250000 2.0000000 -1.1432500
v 0.1250000 2.1500000 -1.1683250
v 0.2000000 2.1500000 -0.6250000
v 0.9950000 2.1500000 -0.6250000
v 0.8307500 2.1500000 -0.8307500
v 0.7553750 2.1500000 -0.9000000
v 0.2000000 2.1500000 -0.6250000
v 0.7553750 2.1500000 -0.9000000
v 0.1250000 2.1500000 -0.9000000
v 0.1250000 2.1500000 -0.9000000
v 0.1250000 2.1500000 -1.1683250
v 0.0000000 2.1500000 -1.1750000
v 1.1707500 2.1500000 -0.1000000
v 1.1135000 2.1500000 -0.3750000
v 0.0000000 2.1500000 -0.3750000
v 0.0000000 2.1500000 -0.1000000
v 0.2000000 2.1500000 -0.3750000
v 0.2000000 2.1500000 -0.6250000
v 0.0000000 2.1500000 -0.6250000
v 0.0000000 2.1500000 -0.3750000
v 0.0000000 2.1500000 -0.9000000
v 0.0000000 2.1500000 -0.6250000
v 0.2000000 2.1500000 -0.6250000
v 0.1250000 2.1500000 -0.9000000
v 0.0000000 2.1500000 -0.9000000
v 0.1250000 2.1500000 -0.9000000
v 0.0000000 2.1500000 -1.1750000
v 0.2187500 2.3250000 -0.1000000
v 0.2187500 2.3250000 0.0000000
v 0.0000000 2.3250000 0.0000000
v 0.0000000 2.3250000 -0.1000000
v 0.8307500 2.3250000 -0.8307500
v 0.9950000 2.3250000 -0.6250000
v 0.2000000 2.3250000 -0.6250000
v 0.7553750 2.3250000 -0.9000000
v 0.1250000 2.3250000 -0.9000000
v 0.7553750 2.3250000 -0.9000000
v 0.2000000 2.3250000 -0.6250000
v 0.0000000 2.3250000 -1.1750000
v 0.1250000 2.3250000 -1.1683250
v 0.1250000 2.3250000 -0.9000000
v 0.0000000 2.3250000 -0.3750000
v 1.1135000 2.3250000 -0.3750000
v 1.1707500 2.3250000 -0.1000000
v 0.0000000 2.3250000 -0.1000000
v 0.0000000 2.3250000 -0.6250000
v 0.2000000 2.3250000 -0.6250000
v 0.2000000 2.3250000 -0.3750000
v 0.0000000 2.3250000 -0.3750000
v 0.2000000 2.3250000 -0.6250000
v 0.0000000 2.3250000 -0.6250000
v 0.0000000 2.3250000 -0.9000000
v 0.1250000 2.3250000 -0.9000000
v 0.0000000 2.3250000 -1.1750000
v 0.1250000 2.3250000 -0.9000000
v 0.0000000 2.3250000 -0.9000000
v 0.0000000 2.4750000 0.0000000
v 0.2187500 2.4750000 0.0000000
v 0.2187500 2.4750000 -0.1000000
v 0.0000000 2.4750000 -0.1000000
v 0.2187500 2.4750000 -0.1000000
v 0.2187500 2.3250000 -0.1000000
v 1.1707500 2.3250000 -0.1000000
v 1.1707500 2.4750000 -0.1000000
v 1.1707500 2.4750000 -0.1000000
v 1.1707500 2.3250000 -0.1000000
v 1.1135000 2.3250000 -0.3750000
v 1.1135000 2.4750000 -0.3750000
v 1.1135000 2.4750000 -0.3750000
v 1.1135000 2.3250000 -0.3750000
v 0.2000000 2.3250000 -0.3750000
v 0.2000000 2.4750000 -0.3750000
v 0.2000000 2.4750000 -0.3750000
v 0.2000000 2.3250000 -0.3750000
v 0.2000000 2.3250000 -0.6250000
v 0.2000000 2.4750000 -0.6250000
v 0.2000000 2.4750000 -0.6250000
v 0.2000000 2.3250000 -0.6250000
v 0.9950000 2.3250000 -0.6250000
v 0.9950000 2.4750000 -0.6250000
v 0.9950000 2.4750000 -0.6250000
v 0.9950000 2.3250000 -0.6250000
v 0.8307500 2.3250000 -0.8307500
v 0.8307500 2.4750000 -0.8307500
v 0.8307500 2.4750000 -0.8307500
v 0.8307500 2.3250000 -0.8307500
v 0.7553750 2.3250000 -0.9000000
v 0.7553750 2.4750000 -0.9000000
v 0.7553750 2.4750000 -0.9000000
v 0.7553750 2.3250000 -0.9000000
v 0.1250000 2.3250000 -0.9000000
v 0.1250000 2.4750000 -0.9000000
v 0.1250000 2.4750000 -0.9000000
v 0.1250000 2.3250000 -0.9000000
v 0.1250000 2.3250000 -1.1683250
v 0.1250000 2.4750000 -1.1683250
v 0.1250000 2.4750000 -1.1683250
v 0.1250000 2.3250000 -1.1683250
v 0.0000000 2.3250000 -1.1750000
v 0.0000000 2.4750000 -1.1750000
v 0.2000000 2.4750000 -0.6250000
v 0.9950000 2.4750000 -0.6250000
v 0.8307500 2.4750000 -0.8307500
v 0.7553750 2.4750000 -0.9000000
v 0.2000000 2.4750000 -0.6250000
v 0.7553750 2.4750000 -0.9000000
v 0.1250000 2.4750000 -0.9000000
v 0.1250000 2.4750000 -0.9000000
v 0.1250000 2.4750000 -1.1683250
v 0.0000000 2.4750000 -1.1750000
v 1.1707500 2.4750000 -0.1000000
v 1.1135000 2.4750000 -0.3750000
v 0.0000000 2.4750000 -0.3750000
v 0.0000000 2.4750000 -0.1000000
v 0.2000000 2.4750000 -0.3750000
v 0.2000000 2.4750000 -0.6250000
v 0.0000000 2.4750000 -0.6250000
v 0.0000000 2.4750000 -0.3750000
v 0.0000000 2.4750000 -0.9000000
v 0.0000000 2.4750000 -0.6250000
v 0.2000000 2.4750000 -0.6250000
v 0.1250000 2.4750000 -0.9000000
v 0.0000000 2.4750000 -0.9000000
v 0.1250000 2.4750000 -0.9000000
v 0.0000000 2.4750000 -1.1750000
v 0.2125000 2.6500000 -0.1000000
v 0.2125000 2.6500000 0.0000000
v 0.0000000 2.6500000 0.0000000
v 0.0000000 2.6500000 -0.1000000
v 0.8307500 2.6500000 -0.8307500
v 0.9950000 2.6500000 -0.6250000
v 0.2000000 2.6500000 -0.6250000
v 0.7553750 2.6500000 -0.9000000
v 0.1250000 2.6500000 -0.9000000
v 0.7553750 2.6500000 -0.9000000
v 0.2000000 2.6500000 -0.6250000
v 0.0000000 2.6500000 -1.1750000
v 0.1250000 2.6500000 -1.1683250
v 0.1250000 2.6500000 -0.9000000
v 0.0000000 2.6500000 -0.3750000
v 1.1135000 2.6500000 -0.3750000
v 1.1707500 2.6500000 -0.1000000
v 0.0000000 2.6500000 -0.1000000
v 0.0000000 2.6500000 -0.6250000
v 0.2000000 2.6500000 -0.6250000
v 0.2000000 2.6500000 -0.3750000
v 0.0000000 2.6500000 -0.3750000
v 0.2000000 2.6500000 -0.6250000
v 0.0000000 2.6500000 -0.6250000
v 0.0000000 2.6500000 -0.9000000
v 0.1250000 2.6500000 -0.9000000
v 0.0000000 2.6500000 -1.1750000
v 0.1250000 2.6500000 -0.9000000
v 0.0000000 2.6500000 -0.9000000
v 0.0000000 2.8000000 0.0000000
v 0.2125000 2.8000000 0.0000000
v 0.2125000 2.8000000 -0.1000000
v 0.0000000 2.8000000 -0.1000000
v 0.2125000 2.8000000 -0.1000000
v 0.2125000 2.6500000 -0.1000000
v 1.1707500 2.6500000 -0.1000000
v 1.1582500 2.8000000 -0.1000000
v 1.1003500 2.8000000 -0.3750000
v 1.1135000 2.6500000 -0.3750000
v 0.2000000 2.6500000 -0.3750000
v 0.2000000 2.8000000 -0.3750000
v 0.2000000 2.8000000 -0.3750000
v 0.2000000 2.6500000 -0.3750000
v 0.2000000 2.6500000 -0.6250000
v 0.2000000 2.8000000 -0.6250000
v 0.2000000 2.8000000 -0.6250000
v 0.2000000 2.6500000 -0.6250000
v 0.9950000 2.6500000 -0.6250000
v 0.9802500 2.8000000 -0.6250000
v 0.7357500 2.8000000 -0.9000000
v 0.7553750 2.6500000 -0.9000000
v 0.1250000 2.6500000 -0.9000000
v 0.1250000 2.8000000 -0.9000000
v 0.1250000 2.8000000 -0.9000000
v 0.1250000 2.6500000 -0.9000000
v 0.1250000 2.6500000 -1.1683250
v 0.1250000 2.8000000 -1.1557500
v 0.2000000 2.8000000 -0.6250000
v 0.9802500 2.8000000 -0.6250000
v 0.8218000 2.8000000 -0.8218000
v 0.7357500 2.8000000 -0.9000000
v 0.2000000 2.8000000 -0.6250000
v 0.7357500 2.8000000 -0.9000000
v 0.1250000 2.8000000 -0.9000000
v 0.1250000 2.8000000 -0.9000000
v 0.1250000 2.8000000 -1.1557500
v 0.0000000 2.8000000 -1.1625000
v 1.1582500 2.8000000 -0.1000000
v 1.1003500 2.8000000 -0.3750000
v 0.0000000 2.8000000 -0.3750000
v 0.0000000 2.8000000 -0.1000000
v 0.2000000 2.8000000 -0.3750000
v 0.2000000 2.8000000 -0.6250000
v 0.0000000 2.8000000 -0.6250000
v 0.0000000 2.8000000 -0.3750000
v 0.0000000 2.8000000 -0.9000000
v 0.0000000 2.8000000 -0.6250000
v 0.2000000 2.8000000 -0.6250000
v 0.1250000 2.8000000 -0.9000000
v 0.0000000 2.8000000 -0.9000000
v 0.1250000 2.8000000 -0.9000000
v 0.0000000 2.8000000 -1.1625000
v 0.2062500 2.9750000 -0.1000000
v 0.2062500 2.9750000 0.0000000
v 0.0000000 2.9750000 0.0000000
v 0.0000000 2.9750000 -0.1000000
v 0.8130000 2.9750000 -0.8130000
v 0.9652500 2.9750000 -0.6250000
v 0.2000000 2.9750000 -0.6250000
v 0.7159000 2.9750000 -0.9000000
v 0.1250000 2.9750000 -0.9000000
v 0.7159000 2.9750000 -0.9000000
v 0.2000000 2.9750000 -0.6250000
v 0.0000000 2.9750000 -1.1500000
v 0.1250000 2.9750000 -1.1432500
v 0.1250000 2.9750000 -0.9000000
v 0.0000000 2.9750000 -0.3750000
v 1.0871500 2.9750000 -0.3750000
v 1.1456500 2.9750000 -0.1000000
v 0.0000000 2.9750000 -0.1000000
v 0.0000000 2.9750000 -0.6250000
v 0.2000000 2.9750000 -0.6250000
v 0.2000000 2.9750000 -0.3750000
v 0.0000000 2.9750000 -0.3750000
v 0.2000000 2.9750000 -0.6250000
v 0.0000000 2.9750000 -0.6250000
v 0.0000000 2.9750000 -0.9000000
v 0.1250000 2.9750000 -0.9000000
v 0.0000000 2.9750000 -1.1500000
v 0.1250000 2.9750000 -0.9000000
v 0.0000000 2.9750000 -0.9000000
v 0.0000000 3.1250000 0.0000000
v 0.2062500 3.1250000 0.0000000
v 0.2062500 3.1250000 -0.1000000
v 0.0000000 3.1250000 -0.1000000
v 0.2062500 3.1250000 -0.1000000
v 0.2062500 2.9750000 -0.1000000
v 1.1456500 2.9750000 -0.1000000
v 1.1205000 3.1250000 -0.1000000
v 1.0606500 3.1250000 -0.3750000
v 1.0871500 2.9750000 -0.3750000
v 0.2000000 2.9750000 -0.3750000
v 0.2000000 3.1250000 -0.3750000
v 0.2000000 3.1250000 -0.3750000
v 0.2000000 2.9750000 -0.3750000
v 0.2000000 2.9750000 -0.6250000
v 0.2000000 3.1250000 -0.6250000
v 0.2000000 3.1250000 -0.6250000
v 0.2000000 2.9750000 -0.6250000
v 0.9652500 2.9750000 -0.6250000
v 0.9354250 3.1250000 -0.6250000
v 0.6750000 3.1250000 -0.9000000
v 0.7159000 2.9750000 -0.9000000
v 0.1250000 2.9750000 -0.9000000
v 0.1250000 3.1250000 -0.9000000
v 0.1250000 3.1250000 -0.9000000
v 0.1250000 2.9750000 -0.9000000
v 0.1250000 2.9750000 -1.1432500
v 0.1250000 3.1250000 -1.1180000
v 0.2000000 3.1250000 -0.6250000
v 0.9354250 3.1250000 -0.6250000
v 0.7953750 3.1250000 -0.7953750
v 0.6750000 3.1250000 -0.9000000
v 0.2000000 3.1250000 -0.6250000
v 0.6750000 3.1250000 -0.9000000
v 0.1250000 3.1250000 -0.9000000
v 0.1250000 3.1250000 -0.9000000
v 0.1250000 3.1250000 -1.1180000
v 0.0000000 3.1250000 -1.1250000
v 1.1205000 3.1250000 -0.1000000
v 1.0606500 3.1250000 -0.3750000
v 0.0000000 3.1250000 -0.3750000
v 0.0000000 3.1250000 -0.1000000
v 0.2000000 3.1250000 -0.3750000
v 0.2000000 3.1250000 -0.6250000
v 0.0000000 3.1250000 -0.6250000
v 0.0000000 3.1250000 -0.3750000
v 0.0000000 3.1250000 -0.9000000
v 0.0000000 3.1250000 -0.6250000
v 0.2000000 3.1250000 -0.6250000
v 0.1250000 3.1250000 -0.9000000
v 0.0000000 3.1250000 -0.9000000
v 0.1250000 3.1250000 -0.9000000
v 0.0000000 3.1250000 -1.1250000
v 0.2000000 3.3000000 -0.1000000
v 0.2000000 3.3000000 0.0000000
v 0.0000000 3.3000000 0.0000000
v 0.0000000 3.3000000 -0.1000000
v 0.7777500 3.3000000 -0.7777500
v 0.9052500 3.3000000 -0.6250000
v 0.2000000 3.3000000 -0.6250000
v 0.6325000 3.3000000 -0.9000000
v 0.1250000 3.3000000 -0.9000000
v 0.6325000 3.3000000 -0.9000000
v 0.2000000 3.3000000 -0.6250000
v 0.0000000 3.3000000 -1.1000000
v 0.1250000 3.3000000 -1.0928750
v 0.1250000 3.3000000 -0.9000000
v 0.0000000 3.3000000 -0.3750000
v 1.0340000 3.3000000 -0.3750000
v 1.0955000 3.3000000 -0.1000000
v 0.0000000 3.3000000 -0.1000000
v 0.0000000 3.3000000 -0.6250000
v 0.2000000 3.3000000 -0.6250000
v 0.2000000 3.3000000 -0.3750000
v 0.0000000 3.3000000 -0.3750000
v 0.2000000 3.3000000 -0.6250000
v 0.0000000 3.3000000 -0.6250000
v 0.0000000 3.3000000 -0.9000000
v 0.1250000 3.3000000 -0.9000000
v 0.0000000 3.3000000 -1.1000000
v 0.1250000 3.3000000 -0.9000000
v 0.0000000 3.3000000 -0.9000000
v 0.0000000 3.4500000 0.0000000
v 0.2000000 3.4500000 0.0000000
v 0.2000000 3.4500000 -0.1000000
v 0.0000000 3.4500000 -0.1000000
v 0.2000000 3.4500000 -0.1000000
v 0.2000000 3.3000000 -0.1000000
v 1.0955000 3.3000000 -0.1000000
v 1.0453500 3.4500000 -0.1000000
v 1.0074750 3.4500000 -0.3750000
v 1.0340000 3.3000000 -0.3750000
v 0.2000000 3.3000000 -0.3750000
v 0.2000000 3.4500000 -0.3750000
v 0.2000000 3.4500000 -0.3750000
v 0.2000000 3.3000000 -0.3750000
v 0.2000000 3.3000000 -0.6250000
v 0.2000000 3.4500000 -0.6250000
v 0.2000000 3.4500000 -0.6250000
v 0.2000000 3.3000000 -0.6250000
v 0.9052500 3.3000000 -0.6250000
v 0.8746500 3.4500000 -0.6250000
v 0.5879000 3.4500000 -0.9000000
v 0.6325000 3.3000000 -0.9000000
v 0.1250000 3.3000000 -0.9000000
v 0.1250000 3.4500000 -0.9000000
v 0.1250000 3.4500000 -0.9000000
v 0.1250000 3.3000000 -0.9000000
v 0.1250000 3.3000000 -1.0928750
v 0.1250000 3.4500000 -1.0677500
v 0.2000000 3.4500000 -0.6250000
v 0.8746500 3.4500000 -0.6250000
v 0.7600000 3.4500000 -0.7600000
v 0.5879000 3.4500000 -0.9000000
v 0.2000000 3.4500000 -0.6250000
v 0.5879000 3.4500000 -0.9000000
v 0.1250000 3.4500000 -0.9000000
v 0.1250000 3.4500000 -0.9000000
v 0.1250000 3.4500000 -1.0677500
v 0.0000000 3.4500000 -1.0750000
v 1.0453500 3.4500000 -0.1000000
v 1.0074750 3.4500000 -0.3750000
v 0.0000000 3.4500000 -0.3750000
v 0.0000000 3.4500000 -0.1000000
v 0.2000000 3.4500000 -0.3750000
v 0.2000000 3.4500000 -0.6250000
v 0.0000000 3.4500000 -0.6250000
v 0.0000000 3.4500000 -0.3750000
v 0.0000000 3.4500000 -0.9000000
v 0.0000000 3.4500000 -0.6250000
v 0.2000000 3.4500000 -0.6250000
v 0.1250000 3.4500000 -0.9000000
v 0.0000000 3.4500000 -0.9000000
v 0.1250000 3.4500000 -0.9000000
v 0.0000000 3.4500000 -1.0750000
v 0.1937500 3.6250000 -0.1000000
v 0.1937500 3.6250000 0.0000000
v 0.0000000 3.6250000 0.0000000
v 0.0000000 3.6250000 -0.1000000
v 0.7423500 3.6250000 -0.7423500
v 0.8437500 3.6250000 -0.6250000
v 0.2000000 3.6250000 -0.6250000
v 0.5407500 3.6250000 -0.9000000
v 0.1250000 3.6250000 -0.9000000
v 0.5407500 3.6250000 -0.9000000
v 0.2000000 3.6250000 -0.6250000
v 0.0000000 3.6250000 -1.0500000
v 0.1250000 3.6250000 -1.0425000
v 0.1250000 3.6250000 -0.9000000
v 0.0000000 3.6250000 -0.3750000
v 0.9807500 3.6250000 -0.3750000
v 1.0452500 3.6250000 -0.1000000
v 0.0000000 3.6250000 -0.1000000
v 0.0000000 3.6250000 -0.6250000
v 0.2000000 3.6250000 -0.6250000
v 0.2000000 3.6250000 -0.3750000
v 0.0000000 3.6250000 -0.3750000
v 0.2000000 3.6250000 -0.6250000
v 0.0000000 3.6250000 -0.6250000
v 0.0000000 3.6250000 -0.9000000
v 0.1250000 3.6250000 -0.9000000
v 0.0000000 3.6250000 -1.0500000
v 0.1250000 3.6250000 -0.9000000
v 0.0000000 3.6250000 -0.9000000
v 0.0000000 3.7750000 0.0000000
v 0.1937500 3.7750000 0.0000000
v 0.1937500 3.7750000 -0.1000000
v 0.0000000 3.7750000 -0.1000000
v 0.1937500 3.7750000 -0.1000000
v 0.1937500 3.6250000 -0.1000000
v 1.0452500 3.6250000 -0.1000000
v 1.0200000 3.7750000 -0.1000000
v 0.9540000 3.7750000 -0.3750000
v 0.9807500 3.6250000 -0.3750000
v 0.2000000 3.6250000 -0.3750000
v 0.2000000 3.7750000 -0.3750000
v 0.2000000 3.7750000 -0.3750000
v 0.2000000 3.6250000 -0.3750000
v 0.2000000 3.6250000 -0.6250000
v 0.2000000 3.7750000 -0.6250000
v 0.2000000 3.7750000 -0.6250000
v 0.2000000 3.6250000 -0.6250000
v 0.8437500 3.6250000 -0.6250000
v 0.8125000 3.7750000 -0.6250000
v 0.4905000 3.7750000 -0.9000000
v 0.5407500 3.6250000 -0.9000000
v 0.1250000 3.6250000 -0.9000000
v 0.1250000 3.7750000 -0.9000000
v 0.1250000 3.7750000 -0.9000000
v 0.1250000 3.6250000 -0.9000000
v 0.1250000 3.6250000 -1.0425000
v 0.1250000 3.7750000 -1.0173500
v 0.2000000 3.7750000 -0.6250000
v 0.8125000 3.7750000 -0.6250000
v 0.7247500 3.7750000 -0.7247500
v 0.4905000 3.7750000 -0.9000000
v 0.2000000 3.7750000 -0.6250000
v 0.4905000 3.7750000 -0.9000000
v 0.1250000 3.7750000 -0.9000000
v 0.1250000 3.7750000 -0.9000000
v 0.1250000 3.7750000 -1.0173500
v 0.0000000 3.7750000 -1.0250000
v 1.0200000 3.7750000 -0.1000000
v 0.9540000 3.7750000 -0.3750000
v 0.0000000 3.7750000 -0.3750000
v 0.0000000 3.7750000 -0.1000000
v 0.2000000 3.7750000 -0.3750000
v 0.2000000 3.7750000 -0.6250000
v 0.0000000 3.7750000 -0.6250000
v 0.0000000 3.7750000 -0.3750000
v 0.0000000 3.7750000 -0.9000000
v 0.0000000 3.7750000 -0.6250000
v 0.2000000 3.7750000 -0.6250000
v 0.1250000 3.7750000 -0.9000000
v 0.0000000 3.7750000 -0.9000000
v 0.1250000 3.7750000 -0.9000000
v 0.0000000 3.7750000 -1.0250000
v 0.1875000 3.9500000 -0.1000000
v 0.1875000 3.9500000 0.0000000
v 0.0000000 3.9500000 0.0000000
v 0.0000000 3.9500000 -0.1000000
v 0.6982500 3.9500000 -0.6982500
v 0.7645000 3.9500000 -0.6250000
v 0.2000000 3.9500000 -0.6250000
v 0.4064000 3.9500000 -0.9000000
v 0.1250000 3.9500000 -0.9000000
v 0.4064000 3.9500000 -0.9000000
v 0.2000000 3.9500000 -0.6250000
v 0.0000000 3.9500000 -0.9875000
v 0.1250000 3.9500000 -0.9795000
v 0.1250000 3.9500000 -0.9000000
v 0.0000000 3.9500000 -0.3750000
v 0.9135000 3.9500000 -0.3750000
v 0.9825000 3.9500000 -0.1000000
v 0.0000000 3.9500000 -0.1000000
v 0.0000000 3.9500000 -0.6250000
v 0.2000000 3.9500000 -0.6250000
v 0.2000000 3.9500000 -0.3750000
v 0.0000000 3.9500000 -0.3750000
v 0.2000000 3.9500000 -0.6250000
v 0.0000000 3.9500000 -0.6250000
v 0.0000000 3.9500000 -0.9000000
v 0.1250000 3.9500000 -0.9000000
v 0.0000000 3.9500000 -0.9875000
v 0.1250000 3.9500000 -0.9000000
v 0.0000000 3.9500000 -0.9000000
v 0.0000000 4.1000000 0.0000000
v 0.1875000 4.1000000 0.0000000
v 0.1875000 4.1000000 -0.1000000
v 0.0000000 4.1000000 -0.1000000
v 0.1875000 4.1000000 -0.1000000
v 0.1875000 3.9500000 -0.1000000
v 0.9825000 3.9500000 -0.1000000
v 0.9447500 4.1000000 -0.1000000
v 0.8727500 4.1000000 -0.3750000
v 0.9135000 3.9500000 -0.3750000
v 0.2000000 3.9500000 -0.3750000
v 0.2000000 4.1000000 -0.3750000
v 0.2000000 4.1000000 -0.3750000
v 0.2000000 3.9500000 -0.3750000
v 0.2000000 3.9500000 -0.6250000
v 0.2000000 4.1000000 -0.6250000
v 0.2000000 4.1000000 -0.6250000
v 0.2000000 3.9500000 -0.6250000
v 0.7645000 3.9500000 -0.6250000
v 0.7155000 4.1000000 -0.6250000
v 0.3041500 4.1000000 -0.9000000
v 0.4064000 3.9500000 -0.9000000
v 0.1250000 3.9500000 -0.9000000
v 0.1250000 4.1000000 -0.9000000
v 0.1250000 4.1000000 -0.9000000
v 0.1250000 3.9500000 -0.9000000
v 0.1250000 3.9500000 -0.9795000
v 0.1250000 4.1000000 -0.9417500
v 0.2000000 4.1000000 -0.6250000
v 0.7155000 4.1000000 -0.6250000
v 0.6716500 4.1000000 -0.6716500
v 0.3041500 4.1000000 -0.9000000
v 0.2000000 4.1000000 -0.6250000
v 0.3041500 4.1000000 -0.9000000
v 0.1250000 4.1000000 -0.9000000
v 0.1250000 4.1000000 -0.9000000
v 0.1250000 4.1000000 -0.9417500
v 0.0000000 4.1000000 -0.9500000
v 0.9447500 4.1000000 -0.1000000
v 0.8727500 4.1000000 -0.3750000
v 0.0000000 4.1000000 -0.3750000
v 0.0000000 4.1000000 -0.1000000
v 0.2000000 4.1000000 -0.3750000
v 0.2000000 4.1000000 -0.6250000
v 0.0000000 4.1000000 -0.6250000
v 0.0000000 4.1000000 -0.3750000
v 0.0000000 4.1000000 -0.9000000
v 0.0000000 4.1000000 -0.6250000
v 0.2000000 4.1000000 -0.6250000
v 0.1250000 4.1000000 -0.9000000
v 0.0000000 4.1000000 -0.9000000
v 0.1250000 4.1000000 -0.9000000
v 0.0000000 4.1000000 -0.9500000
v 0.1812500 4.2750000 -0.1000000
v 0.1812500 4.2750000 0.0000000
v 0.0000000 4.2750000 0.0000000
v 0.0000000 4.2750000 -0.1000000
v 0.3492250 4.2750000 -0.8430500
v 0.6648500 4.2750000 -0.6250000
v 0.2000000 4.2750000 -0.6250000
v 0.0000000 4.2750000 -0.9125000
v 0.0000000 4.2750000 -0.3750000
v 0.8318750 4.2750000 -0.3750000
v 0.9070000 4.2750000 -0.1000000
v 0.0000000 4.2750000 -0.1000000
v 0.0000000 4.2750000 -0.6250000
v 0.2000000 4.2750000 -0.6250000
v 0.2000000 4.2750000 -0.3750000
v 0.0000000 4.2750000 -0.3750000
v 0.2000000 4.2750000 -0.6250000
v 0.0000000 4.2750000 -0.6250000
v 0.0000000 4.2750000 -0.9125000
v 0.0000000 4.4250000 0.0000000
v 0.1812500 4.4250000 0.0000000
v 0.1812500 4.4250000 -0.1000000
v 0.0000000 4.4250000 -0.1000000
v 0.1812500 4.4250000 -0.1000000
v 0.1812500 4.2750000 -0.1000000
v 0.9070000 4.2750000 -0.1000000
v 0.8692500 4.4250000 -0.1000000
v 0.7905000 4.4250000 -0.3750000
v 0.8318750 4.2750000 -0.3750000
v 0.2000000 4.2750000 -0.3750000
v 0.2000000 4.4250000 -0.3750000
v 0.2000000 4.4250000 -0.3750000
v 0.2000000 4.2750000 -0.3750000
v 0.2000000 4.2750000 -0.6250000
v 0.2000000 4.4250000 -0.6250000
v 0.2000000 4.4250000 -0.6250000
v 0.2000000 4.2750000 -0.6250000
v 0.6648500 4.2750000 -0.6250000
v 0.6123750 4.4250000 -0.6250000
v 0.2000000 4.4250000 -0.6250000
v 0.6123750 4.4250000 -0.6250000
v 0.3348750 4.4250000 -0.8084250
v 0.0000000 4.4250000 -0.8750000
v 0.8692500 4.4250000 -0.1000000
v 0.7905000 4.4250000 -0.3750000
v 0.0000000 4.4250000 -0.3750000
v 0.0000000 4.4250000 -0.1000000
v 0.2000000 4.4250000 -0.3750000
v 0.2000000 4.4250000 -0.6250000
v 0.0000000 4.4250000 -0.6250000
v 0.0000000 4.4250000 -0.3750000
v 0.0000000 4.4250000 -0.8750000
v 0.0000000 4.4250000 -0.6250000
v 0.2000000 4.4250000 -0.6250000
v 0.1750000 4.6000000 -0.1000000
v 0.1750000 4.6000000 0.0000000
v 0.0000000 4.6000000 0.0000000
v 0.0000000 4.6000000 -0.1000000
v 0.3205000 4.6000000 -0.7737500
v 0.5575000 4.6000000 -0.6250000
v 0.2000000 4.6000000 -0.6250000
v 0.0000000 4.6000000 -0.8375000
v 0.0000000 4.6000000 -0.3750000
v 0.7488500 4.6000000 -0.3750000
v 0.8315000 4.6000000 -0.1000000
v 0.0000000 4.6000000 -0.1000000
v 0.0000000 4.6000000 -0.6250000
v 0.2000000 4.6000000 -0.6250000
v 0.2000000 4.6000000 -0.3750000
v 0.0000000 4.6000000 -0.3750000
v 0.2000000 4.6000000 -0.6250000
v 0.0000000 4.6000000 -0.6250000
v 0.0000000 4.6000000 -0.8375000
v 0.0000000 4.7500000 0.0000000
v 0.1750000 4.7500000 0.0000000
v 0.1750000 4.7500000 -0.1000000
v 0.0000000 4.7500000 -0.1000000
v 0.1750000 4.7500000 -0.1000000
v 0.1750000 4.6000000 -0.1000000
v 0.8315000 4.6000000 -0.1000000
v 0.7937500 4.7500000 -0.1000000
v 0.7066750 4.7500000 -0.3750000
v 0.7488500 4.6000000 -0.3750000
v 0.2000000 4.6000000 -0.3750000
v 0.2000000 4.7500000 -0.3750000
v 0.2000000 4.7500000 -0.3750000
v 0.2000000 4.6000000 -0.3750000
v 0.2000000 4.6000000 -0.6250000
v 0.2000000 4.7500000 -0.6250000
v 0.2000000 4.7500000 -0.6250000
v 0.2000000 4.6000000 -0.6250000
v 0.5575000 4.6000000 -0.6250000
v 0.4993750 4.7500000 -0.6250000
v 0.2000000 4.7500000 -0.6250000
v 0.4993750 4.7500000 -0.6250000
v 0.3061500 4.7500000 -0.7391250
v 0.0000000 4.7500000 -0.8000000
v 0.7937500 4.7500000 -0.1000000
v 0.7066750 4.7500000 -0.3750000
v 0.0000000 4.7500000 -0.3750000
v 0.0000000 4.7500000 -0.1000000
v 0.2000000 4.7500000 -0.3750000
v 0.2000000 4.7500000 -0.6250000
v 0.0000000 4.7500000 -0.6250000
v 0.0000000 4.7500000 -0.3750000
v 0.0000000 4.7500000 -0.8000000
v 0.0000000 4.7500000 -0.6250000
v 0.2000000 4.7500000 -0.6250000
v 0.1687500 4.9250000 -0.1000000
v 0.1687500 4.9250000 0.0000000
v 0.0000000 4.9250000 0.0000000
v 0.0000000 4.9250000 -0.1000000
v 0.2870000 4.9250000 -0.6929250
v 0.4145750 4.9250000 -0.6250000
v 0.2000000 4.9250000 -0.6250000
v 0.0000000 4.9250000 -0.7500000
v 0.0000000 4.9250000 -0.3750000
v 0.6495000 4.9250000 -0.3750000
v 0.7432500 4.9250000 -0.1000000
v 0.0000000 4.9250000 -0.1000000
v 0.0000000 4.9250000 -0.6250000
v 0.2000000 4.9250000 -0.6250000
v 0.2000000 4.9250000 -0.3750000
v 0.0000000 4.9250000 -0.3750000
v 0.2000000 4.9250000 -0.6250000
v 0.0000000 4.9250000 -0.6250000
v 0.0000000 4.9250000 -0.7500000
v 0.0000000 5.0750000 0.0000000
v 0.1687500 5.0750000 0.0000000
v 0.1687500 5.0750000 -0.1000000
v 0.0000000 5.0750000 -0.1000000
v 0.1687500 5.0750000 -0.1000000
v 0.1687500 4.9250000 -0.1000000
v 0.7432500 4.9250000 -0.1000000
v 0.6928250 5.0750000 -0.1000000
v 0.5910750 5.0750000 -0.3750000
v 0.6495000 4.9250000 -0.3750000
v 0.2000000 4.9250000 -0.3750000
v 0.2000000 5.0750000 -0.3750000
v 0.2000000 5.0750000 -0.3750000
v 0.2000000 4.9250000 -0.3750000
v 0.2000000 4.9250000 -0.6250000
v 0.2000000 5.0750000 -0.6250000
v 0.2000000 5.0750000 -0.6250000
v 0.2000000 4.9250000 -0.6250000
v 0.4145750 4.9250000 -0.6250000
v 0.3152500 5.0750000 -0.6250000
v 0.2000000 5.0750000 -0.6250000
v 0.3152500 5.0750000 -0.6250000
v 0.2679000 5.0750000 -0.6492500
v 0.0000000 5.0750000 -0.7000000
v 0.6928250 5.0750000 -0.1000000
v 0.5910750 5.0750000 -0.3750000
v 0.0000000 5.0750000 -0.3750000
v 0.0000000 5.0750000 -0.1000000
v 0.2000000 5.0750000 -0.3750000
v 0.2000000 5.0750000 -0.6250000
v 0.0000000 5.0750000 -0.6250000
v 0.0000000 5.0750000 -0.3750000
v 0.0000000 5.0750000 -0.7000000
v 0.0000000 5.0750000 -0.6250000
v 0.2000000 5.0750000 -0.6250000
v 0.1625000 5.2500000 -0.1000000
v 0.1625000 5.2500000 0.0000000
v 0.0000000 5.2500000 0.0000000
v 0.0000000 5.2500000 -0.1000000
v 0.0000000 5.2500000 -0.3750000
v 0.5309250 5.2500000 -0.3750000
v 0.6422500 5.2500000 -0.1000000
v 0.0000000 5.2500000 -0.1000000
v 0.0000000 5.2500000 -0.6500000
v 0.1250000 5.2500000 -0.6378750
v 0.1250000 5.2500000 -0.3750000
v 0.0000000 5.2500000 -0.3750000
v 0.0000000 5.4000000 0.0000000
v 0.1625000 5.4000000 0.0000000
v 0.1625000 5.4000000 -0.1000000
v 0.0000000 5.4000000 -0.1000000
v 0.1625000 5.4000000 -0.1000000
v 0.1625000 5.2500000 -0.1000000
v 0.6422500 5.2500000 -0.1000000
v 0.5916000 5.4000000 -0.1000000
v 0.4683750 5.4000000 -0.3750000
v 0.5309250 5.2500000 -0.3750000
v 0.1250000 5.2500000 -0.3750000
v 0.1250000 5.4000000 -0.3750000
v 0.1250000 5.4000000 -0.3750000
v 0.1250000 5.2500000 -0.3750000
v 0.1250000 5.2500000 -0.6378750
v 0.1250000 5.4000000 -0.5868500
v 0.5916000 5.4000000 -0.1000000
v 0.4683750 5.4000000 -0.3750000
v 0.0000000 5.4000000 -0.3750000
v 0.0000000 5.4000000 -0.1000000
v 0.1250000 5.4000000 -0.3750000
v 0.1250000 5.4000000 -0.5868500
v 0.0000000 5.4000000 -0.6000000
v 0.0000000 5.4000000 -0.3750000
v 0.1562500 5.5750000 -0.1000000
v 0.1562500 5.5750000 0.0000000
v 0.0000000 5.5750000 0.0000000
v 0.0000000 5.5750000 -0.1000000
v 0.0000000 5.5750000 -0.3750000
v 0.4023250 5.5750000 -0.3750000
v 0.5408250 5.5750000 -0.1000000
v 0.0000000 5.5750000 -0.1000000
v 0.0000000 5.5750000 -0.5500000
v 0.1250000 5.5750000 -0.5356000
v 0.1250000 5.5750000 -0.3750000
v 0.0000000 5.5750000 -0.3750000
v 0.0000000 5.7250000 0.0000000
v 0.1562500 5.7250000 0.0000000
v 0.1562500 5.7250000 -0.1000000
v 0.0000000 5.7250000 -0.1000000
v 0.1562500 5.7250000 -0.1000000
v 0.1562500 5.5750000 -0.1000000
v 0.5408250 5.5750000 -0.1000000
v 0.4899000 5.7250000 -0.1000000
v 0.3307250 5.7250000 -0.3750000
v 0.4023250 5.5750000 -0.3750000
v 0.1250000 5.5750000 -0.3750000
v 0.1250000 5.7250000 -0.3750000
v 0.1250000 5.7250000 -0.3750000
v 0.1250000 5.5750000 -0.3750000
v 0.1250000 5.5750000 -0.5356000
v 0.1250000 5.7250000 -0.4841250
v 0.4899000 5.7250000 -0.1000000
v 0.3307250 5.7250000 -0.3750000
v 0.0000000 5.7250000 -0.3750000
v 0.0000000 5.7250000 -0.1000000
v 0.1250000 5.7250000 -0.3750000
v 0.1250000 5.7250000 -0.4841250
v 0.0000000 5.7250000 -0.5000000
v 0.0000000 5.7250000 -0.3750000
v 0.1500000 5.9000000 -0.1000000
v 0.1500000 5.9000000 0.0000000
v 0.0000000 5.9000000 0.0000000
v 0.0000000 5.9000000 -0.1000000
v 0.0000000 5.9000000 -0.1722250
v 0.4157500 5.9000000 -0.1722250
v 0.4387500 5.9000000 -0.1000000
v 0.0000000 5.9000000 -0.1000000
v 0.0000000 5.9000000 -0.3182000
v 0.3182000 5.9000000 -0.3182000
v 0.4157500 5.9000000 -0.1722250
v 0.0000000 5.9000000 -0.1722250
v 0.0000000 5.9000000 -0.4500000
v 0.1722250 5.9000000 -0.4157500
v 0.3182000 5.9000000 -0.3182000
v 0.0000000 5.9000000 -0.3182000
v 0.0000000 6.0500000 0.0000000
v 0.1500000 6.0500000 0.0000000
v 0.1500000 6.0500000 -0.1000000
v 0.0000000 6.0500000 -0.1000000
v 0.1500000 6.0500000 -0.1000000
v 0.1500000 5.9000000 -0.1000000
v 0.4387500 5.9000000 -0.1000000
v 0.3873000 6.0500000 -0.1000000
v 0.3873000 6.0500000 -0.1000000
v 0.3695000 6.0500000 -0.1530750
v 0.0000000 6.0500000 -0.1530750
v 0.0000000 6.0500000 -0.1000000
v 0.3695000 6.0500000 -0.1530750
v 0.2828500 6.0500000 -0.2828500
v 0.0000000 6.0500000 -0.2828500
v 0.0000000 6.0500000 -0.1530750
v 0.2828500 6.0500000 -0.2828500
v 0.1530750 6.0500000 -0.3695000
v 0.0000000 6.0500000 -0.4000000
v 0.0000000 6.0500000 -0.2828500
v 0.1500000 6.2250000 -0.1000000
v 0.1500000 6.2250000 0.0000000
v 0.0000000 6.2250000 0.0000000
v 0.0000000 6.2250000 -0.1000000
v 0.0000000 6.2250000 -0.1243750
v 0.3002500 6.2250000 -0.1243750
v 0.3092250 6.2250000 -0.1000000
v 0.0000000 6.2250000 -0.1000000
v 0.0000000 6.2250000 -0.2298000
v 0.2298000 6.2250000 -0.2298000
v 0.3002500 6.2250000 -0.1243750
v 0.0000000 6.2250000 -0.1243750
v 0.0000000 6.2250000 -0.3250000
v 0.1243750 6.2250000 -0.3002500
v 0.2298000 6.2250000 -0.2298000
v 0.0000000 6.2250000 -0.2298000
v 0.0000000 6.3750000 0.0000000
v 0.1500000 6.3750000 0.0000000
v 0.1500000 6.3750000 -0.1000000
v 0.0000000 6.3750000 -0.1000000
v 0.3092250 6.2250000 -0.1000000
v 0.2291250 6.3750000 -0.1000000
v 0.1500000 6.3750000 -0.1000000
v 0.1500000 6.2250000 -0.1000000
v 0.2291250 6.3750000 -0.1000000
v 0.3092250 6.2250000 -0.1000000
v 0.3002500 6.2250000 -0.1243750
v 0.4157550 0.8500000 -0.1722150
v 0.2500000 0.7550000 -0.1000000
v 0.1903868 0.7550000 -0.1903868
v 0.4157550 0.8500000 -0.1722150
v 0.1903868 0.7550000 -0.1903868
v 0.3181950 0.8500000 -0.3181950
v 0.3181950 0.8500000 -0.3181950
v 0.1903868 0.7550000 -0.1903868
v 0.1030420 0.7550000 -0.2487600
v 0.3181950 0.8500000 -0.3181950
v 0.1030420 0.7550000 -0.2487600
v 0.1722150 0.8500000 -0.4157550
v 0.1722150 0.8500000 -0.4157550
v 0.1030420 0.7550000 -0.2487600
v 0.0000000 0.7550000 -0.2692500
v 0.1722150 0.8500000 -0.4157550
v 0.0000000 0.7550000 -0.2692500
v 0.0000000 0.8500000 -0.4500000
v 0.2500000 0.7550000 0.0000000
v 0.1500000 0.7000000 0.0000000
v 0.2500000 0.7550000 -0.1000000
v 0.1500000 0.7000000 0.0000000
v 0.1385850 0.7000000 -0.0574050
v 0.2500000 0.7550000 -0.1000000
v 0.2500000 0.7550000 -0.1000000
v 0.1385850 0.7000000 -0.0574050
v 0.1903868 0.7550000 -0.1903868
v 0.1385850 0.7000000 -0.0574050
v 0.1060650 0.7000000 -0.1060650
v 0.1903868 0.7550000 -0.1903868
v 0.1903868 0.7550000 -0.1903868
v 0.1060650 0.7000000 -0.1060650
v 0.0574050 0.7000000 -0.1385850
v 0.1903868 0.7550000 -0.1903868
v 0.0574050 0.7000000 -0.1385850
v 0.1030420 0.7550000 -0.2487600
v 0.1030420 0.7550000 -0.2487600
v 0.0574050 0.7000000 -0.1385850
v 0.0000000 0.7000000 -0.1500000
v 0.1030420 0.7550000 -0.2487600
v 0.0000000 0.7000000 -0.1500000
v 0.0000000 0.7550000 -0.2692500
v 0.0000000 1.0250000 -0.6750000
v 0.0000000 1.1750000 -0.8000000
v 0.2550000 1.0250000 -0.6250000
v 0.0000000 1.1750000 -0.8000000
v 0.3061600 1.1750000 -0.7391200
v 0.2550000 1.0250000 -0.6250000
v 0.7067500 1.1750000 -0.3750000
v 0.7937500 1.1750000 -0.1000000
v 0.6675000 1.0250000 -0.1000000
v 0.7067500 1.1750000 -0.3750000
v 0.6675000 1.0250000 -0.1000000
v 0.5612500 1.0250000 -0.3750000
v 0.8945000 1.3500000 -0.1000000
v 0.8182500 1.3500000 -0.3750000
v 0.9270000 1.5000000 -0.3750000
v 0.8945000 1.3500000 -0.1000000
v 0.9270000 1.5000000 -0.3750000
v 0.9950000 1.5000000 -0.1000000
v 0.6475000 1.3500000 -0.6250000
v 0.4000000 1.3500000 -0.8060000
v 0.4360000 1.5000000 -0.9000000
v 0.6475000 1.3500000 -0.6250000
v 0.4360000 1.5000000 -0.9000000
v 0.7805000 1.5000000 -0.6250000
v 0.1250000 1.3500000 -0.8912500
v 0.0000000 1.3500000 -0.9000000
v 0.1250000 1.5000000 -0.9922500
v 0.0000000 1.3500000 -0.9000000
v 0.0000000 1.5000000 -1.0000000
v 0.1250000 1.5000000 -0.9922500
v 1.0955000 1.8250000 -0.1000000
v 1.0452500 1.6750000 -0.1000000
v 1.0340000 1.8250000 -0.3750000
v 1.0452500 1.6750000 -0.1000000
v 0.9807500 1.6750000 -0.3750000
v 1.0340000 1.8250000 -0.3750000
v 0.9052500 1.8250000 -0.6250000
v 0.8437500 1.6750000 -0.6250000
v 0.7777500 1.8250000 -0.7777500
v 0.8437500 1.6750000 -0.6250000
v 0.7423500 1.6750000 -0.7423500
v 0.7777500 1.8250000 -0.7777500
v 0.7777500 1.8250000 -0.7777500
v 0.7423500 1.6750000 -0.7423500
v 0.6325000 1.8250000 -0.9000000
v 0.7423500 1.6750000 -0.7423500
v 0.5407500 1.6750000 -0.9000000
v 0.6325000 1.8250000 -0.9000000
v 0.1250000 1.8250000 -1.0928750
v 0.1250000 1.6750000 -1.0425000
v 0.0000000 1.6750000 -1.0500000
v 0.1250000 1.8250000 -1.0928750
v 0.0000000 1.6750000 -1.0500000
v 0.0000000 1.8250000 -1.1000000
v 1.1707500 2.1500000 -0.1000000
v 1.1456500 2.0000000 -0.1000000
v 1.1135000 2.1500000 -0.3750000
v 1.1456500 2.0000000 -0.1000000
v 1.0871500 2.0000000 -0.3750000
v 1.1135000 2.1500000 -0.3750000
v 0.9950000 2.1500000 -0.6250000
v 0.9652500 2.0000000 -0.6250000
v 0.8307500 2.1500000 -0.8307500
v 0.9652500 2.0000000 -0.6250000
v 0.8130000 2.0000000 -0.8130000
v 0.8307500 2.1500000 -0.8307500
v 0.8307500 2.1500000 -0.8307500
v 0.8130000 2.0000000 -0.8130000
v 0.7553750 2.1500000 -0.9000000
v 0.8130000 2.0000000 -0.8130000
v 0.7159000 2.0000000 -0.9000000
v 0.7553750 2.1500000 -0.9000000
v 0.1250000 2.1500000 -1.1683250
v 0.1250000 2.0000000 -1.1432500
v 0.0000000 2.0000000 -1.1500000
v 0.1250000 2.1500000 -1.1683250
v 0.0000000 2.0000000 -1.1500000
v 0.0000000 2.1500000 -1.1750000
v 1.1582500 2.8000000 -0.1000000
v 1.1707500 2.6500000 -0.1000000
v 1.1135000 2.6500000 -0.3750000
v 1.1582500 2.8000000 -0.1000000
v 1.1135000 2.6500000 -0.3750000
v 1.1003500 2.8000000 -0.3750000
v 0.9802500 2.8000000 -0.6250000
v 0.9950000 2.6500000 -0.6250000
v 0.8307500 2.6500000 -0.8307500
v 0.9802500 2.8000000 -0.6250000
v 0.8307500 2.6500000 -0.8307500
v 0.8218000 2.8000000 -0.8218000
v 0.8218000 2.8000000 -0.8218000
v 0.8307500 2.6500000 -0.8307500
v 0.7553750 2.6500000 -0.9000000
v 0.8218000 2.8000000 -0.8218000
v 0.7553750 2.6500000 -0.9000000
v 0.7357500 2.8000000 -0.9000000
v 0.1250000 2.8000000 -1.1557500
v 0.1250000 2.6500000 -1.1683250
v 0.0000000 2.8000000 -1.1625000
v 0.1250000 2.6500000 -1.1683250
v 0.0000000 2.6500000 -1.1750000
v 0.0000000 2.8000000 -1.1625000
v 1.1205000 3.1250000 -0.1000000
v 1.1456500 2.9750000 -0.1000000
v 1.0871500 2.9750000 -0.3750000
v 1.1205000 3.1250000 -0.1000000
v 1.0871500 2.9750000 -0.3750000
v 1.0606500 3.1250000 -0.3750000
v 0.9354250 3.1250000 -0.6250000
v 0.9652500 2.9750000 -0.6250000
v 0.8130000 2.9750000 -0.8130000
v 0.9354250 3.1250000 -0.6250000
v 0.8130000 2.9750000 -0.8130000
v 0.7953750 3.1250000 -0.7953750
v 0.7953750 3.1250000 -0.7953750
v 0.8130000 2.9750000 -0.8130000
v 0.7159000 2.9750000 -0.9000000
v 0.7953750 3.1250000 -0.7953750
v 0.7159000 2.9750000 -0.9000000
v 0.6750000 3.1250000 -0.9000000
v 0.1250000 3.1250000 -1.1180000
v 0.1250000 2.9750000 -1.1432500
v 0.0000000 3.1250000 -1.1250000
v 0.1250000 2.9750000 -1.1432500
v 0.0000000 2.9750000 -1.1500000
v 0.0000000 3.1250000 -1.1250000
v 1.0453500 3.4500000 -0.1000000
v 1.0955000 3.3000000 -0.1000000
v 1.0074750 3.4500000 -0.3750000
v 1.0955000 3.3000000 -0.1000000
v 1.0340000 3.3000000 -0.3750000
v 1.0074750 3.4500000 -0.3750000
v 0.8746500 3.4500000 -0.6250000
v 0.9052500 3.3000000 -0.6250000
v 0.7777500 3.3000000 -0.7777500
v 0.8746500 3.4500000 -0.6250000
v 0.7777500 3.3000000 -0.7777500
v 0.7600000 3.4500000 -0.7600000
v 0.7600000 3.4500000 -0.7600000
v 0.7777500 3.3000000 -0.7777500
v 0.6325000 3.3000000 -0.9000000
v 0.7600000 3.4500000 -0.7600000
v 0.6325000 3.3000000 -0.9000000
v 0.5879000 3.4500000 -0.9000000
v 0.1250000 3.4500000 -1.0677500
v 0.1250000 3.3000000 -1.0928750
v 0.0000000 3.4500000 -1.0750000
v 0.1250000 3.3000000 -1.0928750
v 0.0000000 3.3000000 -1.1000000
v 0.0000000 3.4500000 -1.0750000
v 1.0200000 3.7750000 -0.1000000
v 1.0452500 3.6250000 -0.1000000
v 0.9807500 3.6250000 -0.3750000
v 1.0200000 3.7750000 -0.1000000
v 0.9807500 3.6250000 -0.3750000
v 0.9540000 3.7750000 -0.3750000
v 0.8125000 3.7750000 -0.6250000
v 0.8437500 3.6250000 -0.6250000
v 0.7423500 3.6250000 -0.7423500
v 0.8125000 3.7750000 -0.6250000
v 0.7423500 3.6250000 -0.7423500
v 0.7247500 3.7750000 -0.7247500
v 0.7247500 3.7750000 -0.7247500
v 0.7423500 3.6250000 -0.7423500
v 0.5407500 3.6250000 -0.9000000
v 0.7247500 3.7750000 -0.7247500
v 0.5407500 3.6250000 -0.9000000
v 0.4905000 3.7750000 -0.9000000
v 0.1250000 3.7750000 -1.0173500
v 0.1250000 3.6250000 -1.0425000
v 0.0000000 3.7750000 -1.0250000
v 0.1250000 3.6250000 -1.0425000
v 0.0000000 3.6250000 -1.0500000
v 0.0000000 3.7750000 -1.0250000
v 0.9447500 4.1000000 -0.1000000
v 0.9825000 3.9500000 -0.1000000
v 0.9135000 3.9500000 -0.3750000
v 0.9447500 4.1000000 -0.1000000
v 0.9135000 3.9500000 -0.3750000
v 0.8727500 4.1000000 -0.3750000
v 0.7155000 4.1000000 -0.6250000
v 0.7645000 3.9500000 -0.6250000
v 0.6982500 3.9500000 -0.6982500
v 0.7155000 4.1000000 -0.6250000
v 0.6982500 3.9500000 -0.6982500
v 0.6716500 4.1000000 -0.6716500
v 0.6716500 4.1000000 -0.6716500
v 0.6982500 3.9500000 -0.6982500
v 0.4064000 3.9500000 -0.9000000
v 0.6716500 4.1000000 -0.6716500
v 0.4064000 3.9500000 -0.9000000
v 0.3041500 4.1000000 -0.9000000
v 0.1250000 4.1000000 -0.9417500
v 0.1250000 3.9500000 -0.9795000
v 0.0000000 4.1000000 -0.9500000
v 0.1250000 3.9500000 -0.9795000
v 0.0000000 3.9500000 -0.9875000
v 0.0000000 4.1000000 -0.9500000
v 0.8692500 4.4250000 -0.1000000
v 0.9070000 4.2750000 -0.1000000
v 0.8318750 4.2750000 -0.3750000
v 0.8692500 4.4250000 -0.1000000
v 0.8318750 4.2750000 -0.3750000
v 0.7905000 4.4250000 -0.3750000
v 0.6123750 4.4250000 -0.6250000
v 0.6648500 4.2750000 -0.6250000
v 0.3492250 4.2750000 -0.8430500
v 0.6123750 4.4250000 -0.6250000
v 0.3492250 4.2750000 -0.8430500
v 0.3348750 4.4250000 -0.8084250
v 0.3348750 4.4250000 -0.8084250
v 0.3492250 4.2750000 -0.8430500
v 0.0000000 4.2750000 -0.9125000
v 0.3348750 4.4250000 -0.8084250
v 0.0000000 4.2750000 -0.9125000
v 0.0000000 4.4250000 -0.8750000
v 0.7937500 4.7500000 -0.1000000
v 0.8315000 4.6000000 -0.1000000
v 0.7488500 4.6000000 -0.3750000
v 0.7937500 4.7500000 -0.1000000
v 0.7488500 4.6000000 -0.3750000
v 0.7066750 4.7500000 -0.3750000
v 0.4993750 4.7500000 -0.6250000
v 0.5575000 4.6000000 -0.6250000
v 0.3205000 4.6000000 -0.7737500
v 0.4993750 4.7500000 -0.6250000
v 0.3205000 4.6000000 -0.7737500
v 0.3061500 4.7500000 -0.7391250
v 0.3061500 4.7500000 -0.7391250
v 0.3205000 4.6000000 -0.7737500
v 0.0000000 4.6000000 -0.8375000
v 0.3061500 4.7500000 -0.7391250
v 0.0000000 4.6000000 -0.8375000
v 0.0000000 4.7500000 -0.8000000
v 0.6928250 5.0750000 -0.1000000
v 0.7432500 4.9250000 -0.1000000
v 0.6495000 4.9250000 -0.3750000
v 0.6928250 5.0750000 -0.1000000
v 0.6495000 4.9250000 -0.3750000
v 0.5910750 5.0750000 -0.3750000
v 0.3152500 5.0750000 -0.6250000
v 0.4145750 4.9250000 -0.6250000
v 0.2870000 4.9250000 -0.6929250
v 0.3152500 5.0750000 -0.6250000
v 0.2870000 4.9250000 -0.6929250
v 0.2679000 5.0750000 -0.6492500
v 0.2679000 5.0750000 -0.6492500
v 0.2870000 4.9250000 -0.6929250
v 0.0000000 4.9250000 -0.7500000
v 0.2679000 5.0750000 -0.6492500
v 0.0000000 4.9250000 -0.7500000
v 0.0000000 5.0750000 -0.7000000
v 0.5916000 5.4000000 -0.1000000
v 0.6422500 5.2500000 -0.1000000
v 0.5309250 5.2500000 -0.3750000
v 0.5916000 5.4000000 -0.1000000
v 0.5309250 5.2500000 -0.3750000
v 0.4683750 5.4000000 -0.3750000
v 0.1250000 5.4000000 -0.5868500
v 0.1250000 5.2500000 -0.6378750
v 0.0000000 5.4000000 -0.6000000
v 0.1250000 5.2500000 -0.6378750
v 0.0000000 5.2500000 -0.6500000
v 0.0000000 5.4000000 -0.6000000
v 0.4899000 5.7250000 -0.1000000
v 0.5408250 5.5750000 -0.1000000
v 0.4023250 5.5750000 -0.3750000
v 0.4899000 5.7250000 -0.1000000
v 0.4023250 5.5750000 -0.3750000
v 0.3307250 5.7250000 -0.3750000
v 0.1250000 5.7250000 -0.4841250
v 0.1250000 5.5750000 -0.5356000
v 0.0000000 5.7250000 -0.5000000
v 0.1250000 5.5750000 -0.5356000
v 0.0000000 5.5750000 -0.5500000
v 0.0000000 5.7250000 -0.5000000
v 0.3873000 6.0500000 -0.1000000
v 0.4387500 5.9000000 -0.1000000
v 0.4157500 5.9000000 -0.1722250
v 0.3873000 6.0500000 -0.1000000
v 0.4157500 5.9000000 -0.1722250
v 0.3695000 6.0500000 -0.1530750
v 0.3695000 6.0500000 -0.1530750
v 0.4157500 5.9000000 -0.1722250
v 0.2828500 6.0500000 -0.2828500
v 0.4157500 5.9000000 -0.1722250
v 0.3182000 5.9000000 -0.3182000
v 0.2828500 6.0500000 -0.2828500
v 0.2828500 6.0500000 -0.2828500
v 0.3182000 5.9000000 -0.3182000
v 0.1722250 5.9000000 -0.4157500
v 0.2828500 6.0500000 -0.2828500
v 0.1722250 5.9000000 -0.4157500
v 0.1530750 6.0500000 -0.3695000
v 0.1530750 6.0500000 -0.3695000
v 0.1722250 5.9000000 -0.4157500
v 0.0000000 6.0500000 -0.4000000
v 0.1722250 5.9000000 -0.4157500
v 0.0000000 5.9000000 -0.4500000
v 0.0000000 6.0500000 -0.4000000
v 0.2309750 6.3750000 -0.0956750
v 0.3002500 6.2250000 -0.1243750
v 0.2298000 6.2250000 -0.2298000
v 0.2309750 6.3750000 -0.0956750
v 0.2298000 6.2250000 -0.2298000
v 0.1767750 6.3750000 -0.1767750
v 0.1767750 6.3750000 -0.1767750
v 0.2298000 6.2250000 -0.2298000
v 0.1243750 6.2250000 -0.3002500
v 0.1767750 6.3750000 -0.1767750
v 0.1243750 6.2250000 -0.3002500
v 0.0956750 6.3750000 -0.2309750
v 0.0956750 6.3750000 -0.2309750
v 0.1243750 6.2250000 -0.3002500
v 0.0000000 6.2250000 -0.3250000
v 0.0956750 6.3750000 -0.2309750
v 0.0000000 6.2250000 -0.3250000
v 0.0000000 6.3750000 -0.2500000
v 0.2291250 6.3750000 -0.1000000
v 0.2309750 6.3750000 -0.0956750
v 0.0000000 6.3750000 -0.0956750
v 0.0000000 6.3750000 -0.1000000
v 0.2309750 6.3750000 -0.0956750
v 0.1767750 6.3750000 -0.1767750
v 0.0000000 6.3750000 -0.1767750
v 0.0000000 6.3750000 -0.0956750
v 0.1767750 6.3750000 -0.1767750
v 0.0956750 6.3750000 -0.2309750
v 0.0000000 6.3750000 -0.2500000
v 0.0000000 6.3750000 -0.1767750
v 0.0000000 0.8500000 -0.1000000
v -0.2500000 0.8500000 -0.1000000
v -0.2500000 0.8500000 0.0000000
v 0.0000000 0.8500000 0.0000000
v -0.3181950 0.8500000 -0.3181950
v -0.4157550 0.8500000 -0.1722150
v -0.4387500 0.8500000 -0.1000000
v 0.0000000 0.8500000 -0.1000000
v 0.0000000 0.8500000 -0.4500000
v -0.1722150 0.8500000 -0.4157550
v -0.3181950 0.8500000 -0.3181950
v 0.0000000 0.8500000 -0.1000000
v -0.2500000 0.7550000 -0.1000000
v -0.2500000 0.7550000 0.0000000
v -0.2500000 0.8500000 0.0000000
v -0.2500000 0.8500000 -0.1000000
v -0.2500000 0.8500000 -0.1000000
v -0.4387500 0.8500000 -0.1000000
v -0.2500000 0.7550000 -0.1000000
v -0.4157550 0.8500000 -0.1722150
v -0.2500000 0.7550000 -0.1000000
v -0.4387500 0.8500000 -0.1000000
v 0.0000000 1.0250000 -0.1000000
v 0.0000000 1.0250000 0.0000000
v -0.2437500 1.0250000 0.0000000
v -0.2437500 1.0250000 -0.1000000
v -0.1250000 1.0250000 -0.3750000
v 0.0000000 1.0250000 -0.1000000
v -0.6675000 1.0250000 -0.1000000
v -0.5612500 1.0250000 -0.3750000
v 0.0000000 1.0250000 -0.6750000
v 0.0000000 1.0250000 -0.1000000
v -0.1250000 1.0250000 -0.3750000
v -0.1250000 1.0250000 -0.6250000
v -0.1250000 1.0250000 -0.6250000
v -0.2550000 1.0250000 -0.6250000
v 0.0000000 1.0250000 -0.6750000
v 0.0000000 1.1750000 -0.1000000
v -0.2437500 1.1750000 -0.1000000
v -0.2437500 1.1750000 0.0000000
v 0.0000000 1.1750000 0.0000000
v -0.1250000 1.1750000 -0.3750000
v -0.7067500 1.1750000 -0.3750000
v -0.7937500 1.1750000 -0.1000000
v 0.0000000 1.1750000 -0.1000000
v 0.0000000 1.1750000 -0.8000000
v -0.1250000 1.1750000 -0.6250000
v -0.1250000 1.1750000 -0.3750000
v 0.0000000 1.1750000 -0.1000000
v -0.4993750 1.1750000 -0.6250000
v -0.1250000 1.1750000 -0.6250000
v 0.0000000 1.1750000 -0.8000000
v -0.3061600 1.1750000 -0.7391200
v -0.2550000 1.0250000 -0.6250000
v -0.4993750 1.1750000 -0.6250000
v -0.3061600 1.1750000 -0.7391200
v -0.4993750 1.1750000 -0.6250000
v -0.2550000 1.0250000 -0.6250000
v -0.1250000 1.0250000 -0.6250000
v -0.1250000 1.1750000 -0.6250000
v -0.1250000 1.1750000 -0.6250000
v -0.1250000 1.0250000 -0.6250000
v -0.1250000 1.0250000 -0.3750000
v -0.1250000 1.1750000 -0.3750000
v -0.1250000 1.0250000 -0.3750000
v -0.5612500 1.0250000 -0.3750000
v -0.7067500 1.1750000 -0.3750000
v -0.1250000 1.1750000 -0.3750000
v -0.6675000 1.0250000 -0.1000000
v -0.2500000 1.0250000 -0.1000000
v -0.2500000 1.1750000 -0.1000000
v -0.7937500 1.1750000 -0.1000000
v 0.0000000 1.3500000 -0.1000000
v 0.0000000 1.3500000 0.0000000
v -0.2375000 1.3500000 0.0000000
v -0.2375000 1.3500000 -0.1000000
v -0.2107500 1.3500000 -0.8750000
v -0.2000000 1.3500000 -0.6250000
v -0.6475000 1.3500000 -0.6250000
v -0.4000000 1.3500000 -0.8060000
v 0.0000000 1.3500000 -0.9000000
v -0.2000000 1.3500000 -0.6250000
v -0.2107500 1.3500000 -0.8750000
v -0.1250000 1.3500000 -0.8912500
v 0.0000000 1.3500000 -0.1000000
v -0.8945000 1.3500000 -0.1000000
v -0.8182500 1.3500000 -0.3750000
v 0.0000000 1.3500000 -0.3750000
v 0.0000000 1.3500000 -0.3750000
v -0.2000000 1.3500000 -0.3750000
v -0.2000000 1.3500000 -0.6250000
v 0.0000000 1.3500000 -0.6250000
v 0.0000000 1.3500000 -0.9000000
v 0.0000000 1.3500000 -0.6250000
v -0.2000000 1.3500000 -0.6250000
v 0.0000000 1.5000000 -0.1000000
v -0.2375000 1.5000000 -0.1000000
v -0.2375000 1.5000000 0.0000000
v 0.0000000 1.5000000 0.0000000
v -0.1250000 1.5000000 -0.9000000
v -0.4360000 1.5000000 -0.9000000
v -0.7805000 1.5000000 -0.6250000
v -0.2000000 1.5000000 -0.6250000
v -0.1250000 1.5000000 -0.9000000
v -0.2000000 1.5000000 -0.6250000
v 0.0000000 1.5000000 -1.0000000
v 0.0000000 1.5000000 -1.0000000
v -0.1250000 1.5000000 -0.9922500
v -0.1250000 1.5000000 -0.9000000
v -0.2375000 1.5000000 -0.1000000
v -0.9950000 1.5000000 -0.1000000
v -0.8945000 1.3500000 -0.1000000
v -0.2375000 1.3500000 -0.1000000
v -0.9270000 1.5000000 -0.3750000
v -0.2000000 1.5000000 -0.3750000
v -0.2000000 1.3500000 -0.3750000
v -0.8182500 1.3500000 -0.3750000
v -0.2000000 1.5000000 -0.3750000
v -0.2000000 1.5000000 -0.6250000
v -0.2000000 1.3500000 -0.6250000
v -0.2000000 1.3500000 -0.3750000
v -0.2000000 1.5000000 -0.6250000
v -0.7805000 1.5000000 -0.6250000
v -0.6475000 1.3500000 -0.6250000
v -0.2000000 1.3500000 -0.6250000
v -0.2107500 1.3500000 -0.8750000
v -0.4360000 1.5000000 -0.9000000
v -0.1250000 1.5000000 -0.9000000
v -0.4360000 1.5000000 -0.9000000
v -0.2107500 1.3500000 -0.8750000
v -0.4000000 1.3500000 -0.8060000
v -0.1250000 1.5000000 -0.9000000
v -0.1250000 1.3500000 -0.8912500
v -0.2107500 1.3500000 -0.8750000
v -0.1250000 1.3500000 -0.8912500
v -0.1250000 1.5000000 -0.9000000
v -0.1250000 1.5000000 -0.9922500
v 0.0000000 1.5000000 -0.1000000
v 0.0000000 1.5000000 -0.3750000
v -0.9270000 1.5000000 -0.3750000
v -0.9950000 1.5000000 -0.1000000
v 0.0000000 1.5000000 -0.3750000
v 0.0000000 1.5000000 -0.6250000
v -0.2000000 1.5000000 -0.6250000
v -0.2000000 1.5000000 -0.3750000
v -0.2000000 1.5000000 -0.6250000
v 0.0000000 1.5000000 -0.6250000
v 0.0000000 1.5000000 -1.0000000
v 0.0000000 1.6750000 -0.1000000
v 0.0000000 1.6750000 0.0000000
v -0.2312500 1.6750000 0.0000000
v -0.2312500 1.6750000 -0.1000000
v -0.5407500 1.6750000 -0.9000000
v -0.2000000 1.6750000 -0.6250000
v -0.8437500 1.6750000 -0.6250000
v -0.7423500 1.6750000 -0.7423500
v -0.2000000 1.6750000 -0.6250000
v -0.5407500 1.6750000 -0.9000000
v -0.1250000 1.6750000 -0.9000000
v -0.1250000 1.6750000 -0.9000000
v -0.1250000 1.6750000 -1.0425000
v 0.0000000 1.6750000 -1.0500000
v 0.0000000 1.6750000 -0.1000000
v -1.0452500 1.6750000 -0.1000000
v -0.9807500 1.6750000 -0.3750000
v 0.0000000 1.6750000 -0.3750000
v 0.0000000 1.6750000 -0.3750000
v -0.2000000 1.6750000 -0.3750000
v -0.2000000 1.6750000 -0.6250000
v 0.0000000 1.6750000 -0.6250000
v -0.1250000 1.6750000 -0.9000000
v 0.0000000 1.6750000 -0.9000000
v 0.0000000 1.6750000 -0.6250000
v -0.2000000 1.6750000 -0.6250000
v 0.0000000 1.6750000 -0.9000000
v -0.1250000 1.6750000 -0.9000000
v 0.0000000 1.6750000 -1.0500000
v 0.0000000 1.8250000 -0.1000000
v -0.2312500 1.8250000 -0.1000000
v -0.2312500 1.8250000 0.0000000
v 0.0000000 1.8250000 0.0000000
v -1.0955000 1.8250000 -0.1000000
v -1.0452500 1.6750000 -0.1000000
v -0.2312500 1.6750000 -0.1000000
v -0.2312500 1.8250000 -0.1000000
v -0.2000000 1.8250000 -0.3750000
v -0.2000000 1.6750000 -0.3750000
v -0.9807500 1.6750000 -0.3750000
v -1.0340000 1.8250000 -0.3750000
v -0.2000000 1.8250000 -0.6250000
v -0.2000000 1.6750000 -0.6250000
v -0.2000000 1.6750000 -0.3750000
v -0.2000000 1.8250000 -0.3750000
v -0.9052500 1.8250000 -0.6250000
v -0.8437500 1.6750000 -0.6250000
v -0.2000000 1.6750000 -0.6250000
v -0.2000000 1.8250000 -0.6250000
v -0.1250000 1.8250000 -0.9000000
v -0.1250000 1.6750000 -0.9000000
v -0.5407500 1.6750000 -0.9000000
v -0.6325000 1.8250000 -0.9000000
v -0.1250000 1.8250000 -1.0928750
v -0.1250000 1.6750000 -1.0425000
v -0.1250000 1.6750000 -0.9000000
v -0.1250000 1.8250000 -0.9000000
v -0.6325000 1.8250000 -0.9000000
v -0.7777500 1.8250000 -0.7777500
v -0.9052500 1.8250000 -0.6250000
v -0.2000000 1.8250000 -0.6250000
v -0.1250000 1.8250000 -0.9000000
v -0.6325000 1.8250000 -0.9000000
v -0.2000000 1.8250000 -0.6250000
v 0.0000000 1.8250000 -1.1000000
v -0.1250000 1.8250000 -1.0928750
v -0.1250000 1.8250000 -0.9000000
v 0.0000000 1.8250000 -0.1000000
v 0.0000000 1.8250000 -0.3750000
v -1.0340000 1.8250000 -0.3750000
v -1.0955000 1.8250000 -0.1000000
v 0.0000000 1.8250000 -0.3750000
v 0.0000000 1.8250000 -0.6250000
v -0.2000000 1.8250000 -0.6250000
v -0.2000000 1.8250000 -0.3750000
v -0.1250000 1.8250000 -0.9000000
v -0.2000000 1.8250000 -0.6250000
v 0.0000000 1.8250000 -0.6250000
v 0.0000000 1.8250000 -0.9000000
v 0.0000000 1.8250000 -1.1000000
v -0.1250000 1.8250000 -0.9000000
v 0.0000000 1.8250000 -0.9000000
v 0.0000000 2.0000000 -0.1000000
v 0.0000000 2.0000000 0.0000000
v -0.2250000 2.0000000 0.0000000
v -0.2250000 2.0000000 -0.1000000
v -0.7159000 2.0000000 -0.9000000
v -0.2000000 2.0000000 -0.6250000
v -0.9652500 2.0000000 -0.6250000
v -0.8130000 2.0000000 -0.8130000
v -0.2000000 2.0000000 -0.6250000
v -0.7159000 2.0000000 -0.9000000
v -0.1250000 2.0000000 -0.9000000
v -0.1250000 2.0000000 -0.9000000
v -0.1250000 2.0000000 -1.1432500
v 0.0000000 2.0000000 -1.1500000
v 0.0000000 2.0000000 -0.1000000
v -1.1456500 2.0000000 -0.1000000
v -1.0871500 2.0000000 -0.3750000
v 0.0000000 2.0000000 -0.3750000
v 0.0000000 2.0000000 -0.3750000
v -0.2000000 2.0000000 -0.3750000
v -0.2000000 2.0000000 -0.6250000
v 0.0000000 2.0000000 -0.6250000
v -0.1250000 2.0000000 -0.9000000
v 0.0000000 2.0000000 -0.9000000
v 0.0000000 2.0000000 -0.6250000
v -0.2000000 2.0000000 -0.6250000
v 0.0000000 2.0000000 -0.9000000
v -0.1250000 2.0000000 -0.9000000
v 0.0000000 2.0000000 -1.1500000
v 0.0000000 2.1500000 -0.1000000
v -0.2250000 2.1500000 -0.1000000
v -0.2250000 2.1500000 0.0000000
v 0.0000000 2.1500000 0.0000000
v -1.1707500 2.1500000 -0.1000000
v -1.1456500 2.0000000 -0.1000000
v -0.2250000 2.0000000 -0.1000000
v -0.2250000 2.1500000 -0.1000000
v -0.2000000 2.1500000 -0.3750000
v -0.2000000 2.0000000 -0.3750000
v -1.0871500 2.0000000 -0.3750000
v -1.1135000 2.1500000 -0.3750000
v -0.2000000 2.1500000 -0.6250000
v -0.2000000 2.0000000 -0.6250000
v -0.2000000 2.0000000 -0.3750000
v -0.2000000 2.1500000 -0.3750000
v -0.9950000 2.1500000 -0.6250000
v -0.9652500 2.0000000 -0.6250000
v -0.2000000 2.0000000 -0.6250000
v -0.2000000 2.1500000 -0.6250000
v -0.1250000 2.1500000 -0.9000000
v -0.1250000 2.0000000 -0.9000000
v -0.7159000 2.0000000 -0.9000000
v -0.7553750 2.1500000 -0.9000000
v -0.1250000 2.1500000 -1.1683250
v -0.1250000 2.0000000 -1.1432500
v -0.1250000 2.0000000 -0.9000000
v -0.1250000 2.1500000 -0.9000000
v -0.7553750 2.1500000 -0.9000000
v -0.8307500 2.1500000 -0.8307500
v -0.9950000 2.1500000 -0.6250000
v -0.2000000 2.1500000 -0.6250000
v -0.1250000 2.1500000 -0.9000000
v -0.7553750 2.1500000 -0.9000000
v -0.2000000 2.1500000 -0.6250000
v 0.0000000 2.1500000 -1.1750000
v -0.1250000 2.1500000 -1.1683250
v -0.1250000 2.1500000 -0.9000000
v 0.0000000 2.1500000 -0.1000000
v 0.0000000 2.1500000 -0.3750000
v -1.1135000 2.1500000 -0.3750000
v -1.1707500 2.1500000 -0.1000000
v 0.0000000 2.1500000 -0.3750000
v 0.0000000 2.1500000 -0.6250000
v -0.2000000 2.1500000 -0.6250000
v -0.2000000 2.1500000 -0.3750000
v -0.1250000 2.1500000 -0.9000000
v -0.2000000 2.1500000 -0.6250000
v 0.0000000 2.1500000 -0.6250000
v 0.0000000 2.1500000 -0.9000000
v 0.0000000 2.1500000 -1.1750000
v -0.1250000 2.1500000 -0.9000000
v 0.0000000 2.1500000 -0.9000000
v 0.0000000 2.3250000 -0.1000000
v 0.0000000 2.3250000 0.0000000
v -0.2187500 2.3250000 0.0000000
v -0.2187500 2.3250000 -0.1000000
v -0.7553750 2.3250000 -0.9000000
v -0.2000000 2.3250000 -0.6250000
v -0.9950000 2.3250000 -0.6250000
v -0.8307500 2.3250000 -0.8307500
v -0.2000000 2.3250000 -0.6250000
v -0.7553750 2.3250000 -0.9000000
v -0.1250000 2.3250000 -0.9000000
v -0.1250000 2.3250000 -0.9000000
v -0.1250000 2.3250000 -1.1683250
v 0.0000000 2.3250000 -1.1750000
v 0.0000000 2.3250000 -0.1000000
v -1.1707500 2.3250000 -0.1000000
v -1.1135000 2.3250000 -0.3750000
v 0.0000000 2.3250000 -0.3750000
v 0.0000000 2.3250000 -0.3750000
v -0.2000000 2.3250000 -0.3750000
v -0.2000000 2.3250000 -0.6250000
v 0.0000000 2.3250000 -0.6250000
v -0.1250000 2.3250000 -0.9000000
v 0.0000000 2.3250000 -0.9000000
v 0.0000000 2.3250000 -0.6250000
v -0.2000000 2.3250000 -0.6250000
v 0.0000000 2.3250000 -0.9000000
v -0.1250000 2.3250000 -0.9000000
v 0.0000000 2.3250000 -1.1750000
v 0.0000000 2.4750000 -0.1000000
v -0.2187500 2.4750000 -0.1000000
v -0.2187500 2.4750000 0.0000000
v 0.0000000 2.4750000 0.0000000
v -1.1707500 2.4750000 -0.1000000
v -1.1707500 2.3250000 -0.1000000
v -0.2187500 2.3250000 -0.1000000
v -0.2187500 2.4750000 -0.1000000
v -1.1135000 2.4750000 -0.3750000
v -1.1135000 2.3250000 -0.3750000
v -1.1707500 2.3250000 -0.1000000
v -1.1707500 2.4750000 -0.1000000
v -0.2000000 2.4750000 -0.3750000
v -0.2000000 2.3250000 -0.3750000
v -1.1135000 2.3250000 -0.3750000
v -1.1135000 2.4750000 -0.3750000
v -0.2000000 2.4750000 -0.6250000
v -0.2000000 2.3250000 -0.6250000
v -0.2000000 2.3250000 -0.3750000
v -0.2000000 2.4750000 -0.3750000
v -0.9950000 2.4750000 -0.6250000
v -0.9950000 2.3250000 -0.6250000
v -0.2000000 2.3250000 -0.6250000
v -0.2000000 2.4750000 -0.6250000
v -0.8307500 2.4750000 -0.8307500
v -0.8307500 2.3250000 -0.8307500
v -0.9950000 2.3250000 -0.6250000
v -0.9950000 2.4750000 -0.6250000
v -0.7553750 2.4750000 -0.9000000
v -0.7553750 2.3250000 -0.9000000
v -0.8307500 2.3250000 -0.8307500
v -0.8307500 2.4750000 -0.8307500
v -0.1250000 2.4750000 -0.9000000
v -0.1250000 2.3250000 -0.9000000
v -0.7553750 2.3250000 -0.9000000
v -0.7553750 2.4750000 -0.9000000
v -0.1250000 2.4750000 -1.1683250
v -0.1250000 2.3250000 -1.1683250
v -0.1250000 2.3250000 -0.9000000
v -0.1250000 2.4750000 -0.9000000
v 0.0000000 2.4750000 -1.1750000
v 0.0000000 2.3250000 -1.1750000
v -0.1250000 2.3250000 -1.1683250
v -0.1250000 2.4750000 -1.1683250
v -0.7553750 2.4750000 -0.9000000
v -0.8307500 2.4750000 -0.8307500
v -0.9950000 2.4750000 -0.6250000
v -0.2000000 2.4750000 -0.6250000
v -0.1250000 2.4750000 -0.9000000
v -0.7553750 2.4750000 -0.9000000
v -0.2000000 2.4750000 -0.6250000
v 0.0000000 2.4750000 -1.1750000
v -0.1250000 2.4750000 -1.1683250
v -0.1250000 2.4750000 -0.9000000
v 0.0000000 2.4750000 -0.1000000
v 0.0000000 2.4750000 -0.3750000
v -1.1135000 2.4750000 -0.3750000
v -1.1707500 2.4750000 -0.1000000
v 0.0000000 2.4750000 -0.3750000
v 0.0000000 2.4750000 -0.6250000
v -0.2000000 2.4750000 -0.6250000
v -0.2000000 2.4750000 -0.3750000
v -0.1250000 2.4750000 -0.9000000
v -0.2000000 2.4750000 -0.6250000
v 0.0000000 2.4750000 -0.6250000
v 0.0000000 2.4750000 -0.9000000
v 0.0000000 2.4750000 -1.1750000
v -0.1250000 2.4750000 -0.9000000
v 0.0000000 2.4750000 -0.9000000
v 0.0000000 2.6500000 -0.1000000
v 0.0000000 2.6500000 0.0000000
v -0.2125000 2.6500000 0.0000000
v -0.2125000 2.6500000 -0.1000000
v -0.7553750 2.6500000 -0.9000000
v -0.2000000 2.6500000 -0.6250000
v -0.9950000 2.6500000 -0.6250000
v -0.8307500 2.6500000 -0.8307500
v -0.2000000 2.6500000 -0.6250000
v -0.7553750 2.6500000 -0.9000000
v -0.1250000 2.6500000 -0.9000000
v -0.1250000 2.6500000 -0.9000000
v -0.1250000 2.6500000 -1.1683250
v 0.0000000 2.6500000 -1.1750000
v 0.0000000 2.6500000 -0.1000000
v -1.1707500 2.6500000 -0.1000000
v -1.1135000 2.6500000 -0.3750000
v 0.0000000 2.6500000 -0.3750000
v 0.0000000 2.6500000 -0.3750000
v -0.2000000 2.6500000 -0.3750000
v -0.2000000 2.6500000 -0.6250000
v 0.0000000 2.6500000 -0.6250000
v -0.1250000 2.6500000 -0.9000000
v 0.0000000 2.6500000 -0.9000000
v 0.0000000 2.6500000 -0.6250000
v -0.2000000 2.6500000 -0.6250000
v 0.0000000 2.6500000 -0.9000000
v -0.1250000 2.6500000 -0.9000000
v 0.0000000 2.6500000 -1.1750000
v 0.0000000 2.8000000 -0.1000000
v -0.2125000 2.8000000 -0.1000000
v -0.2125000 2.8000000 0.0000000
v 0.0000000 2.8000000 0.0000000
v -1.1582500 2.8000000 -0.1000000
v -1.1707500 2.6500000 -0.1000000
v -0.2125000 2.6500000 -0.1000000
v -0.2125000 2.8000000 -0.1000000
v -0.2000000 2.8000000 -0.3750000
v -0.2000000 2.6500000 -0.3750000
v -1.1135000 2.6500000 -0.3750000
v -1.1003500 2.8000000 -0.3750000
v -0.2000000 2.8000000 -0.6250000
v -0.2000000 2.6500000 -0.6250000
v -0.2000000 2.6500000 -0.3750000
v -0.2000000 2.8000000 -0.3750000
v -0.9802500 2.8000000 -0.6250000
v -0.9950000 2.6500000 -0.6250000
v -0.2000000 2.6500000 -0.6250000
v -0.2000000 2.8000000 -0.6250000
v -0.1250000 2.8000000 -0.9000000
v -0.1250000 2.6500000 -0.9000000
v -0.7553750 2.6500000 -0.9000000
v -0.7357500 2.8000000 -0.9000000
v -0.1250000 2.8000000 -1.1557500
v -0.1250000 2.6500000 -1.1683250
v -0.1250000 2.6500000 -0.9000000
v -0.1250000 2.8000000 -0.9000000
v -0.7357500 2.8000000 -0.9000000
v -0.8218000 2.8000000 -0.8218000
v -0.9802500 2.8000000 -0.6250000
v -0.2000000 2.8000000 -0.6250000
v -0.1250000 2.8000000 -0.9000000
v -0.7357500 2.8000000 -0.9000000
v -0.2000000 2.8000000 -0.6250000
v 0.0000000 2.8000000 -1.1625000
v -0.1250000 2.8000000 -1.1557500
v -0.1250000 2.8000000 -0.9000000
v 0.0000000 2.8000000 -0.1000000
v 0.0000000 2.8000000 -0.3750000
v -1.1003500 2.8000000 -0.3750000
v -1.1582500 2.8000000 -0.1000000
v 0.0000000 2.8000000 -0.3750000
v 0.0000000 2.8000000 -0.6250000
v -0.2000000 2.8000000 -0.6250000
v -0.2000000 2.8000000 -0.3750000
v -0.1250000 2.8000000 -0.9000000
v -0.2000000 2.8000000 -0.6250000
v 0.0000000 2.8000000 -0.6250000
v 0.0000000 2.8000000 -0.9000000
v 0.0000000 2.8000000 -1.1625000
v -0.1250000 2.8000000 -0.9000000
v 0.0000000 2.8000000 -0.9000000
v 0.0000000 2.9750000 -0.1000000
v 0.0000000 2.9750000 0.0000000
v -0.2062500 2.9750000 0.0000000
v -0.2062500 2.9750000 -0.1000000
v -0.7159000 2.9750000 -0.9000000
v -0.2000000 2.9750000 -0.6250000
v -0.9652500 2.9750000 -0.6250000
v -0.8130000 2.9750000 -0.8130000
v -0.2000000 2.9750000 -0.6250000
v -0.7159000 2.9750000 -0.9000000
v -0.1250000 2.9750000 -0.9000000
v -0.1250000 2.9750000 -0.9000000
v -0.1250000 2.9750000 -1.1432500
v 0.0000000 2.9750000 -1.1500000
v 0.0000000 2.9750000 -0.1000000
v -1.1456500 2.9750000 -0.1000000
v -1.0871500 2.9750000 -0.3750000
v 0.0000000 2.9750000 -0.3750000
v 0.0000000 2.9750000 -0.3750000
v -0.2000000 2.9750000 -0.3750000
v -0.2000000 2.9750000 -0.6250000
v 0.0000000 2.9750000 -0.6250000
v -0.1250000 2.9750000 -0.9000000
v 0.0000000 2.9750000 -0.9000000
v 0.0000000 2.9750000 -0.6250000
v -0.2000000 2.9750000 -0.6250000
v 0.0000000 2.9750000 -0.9000000
v -0.1250000 2.9750000 -0.9000000
v 0.0000000 2.9750000 -1.1500000
v 0.0000000 3.1250000 -0.1000000
v -0.2062500 3.1250000 -0.1000000
v -0.2062500 3.1250000 0.0000000
v 0.0000000 3.1250000 0.0000000
v -1.1205000 3.1250000 -0.1000000
v -1.1456500 2.9750000 -0.1000000
v -0.2062500 2.9750000 -0.1000000
v -0.2062500 3.1250000 -0.1000000
v -0.2000000 3.1250000 -0.3750000
v -0.2000000 2.9750000 -0.3750000
v -1.0871500 2.9750000 -0.3750000
v -1.0606500 3.1250000 -0.3750000
v -0.2000000 3.1250000 -0.6250000
v -0.2000000 2.9750000 -0.6250000
v -0.2000000 2.9750000 -0.3750000
v -0.2000000 3.1250000 -0.3750000
v -0.9354250 3.1250000 -0.6250000
v -0.9652500 2.9750000 -0.6250000
v -0.2000000 2.9750000 -0.6250000
v -0.2000000 3.1250000 -0.6250000
v -0.1250000 3.1250000 -0.9000000
v -0.1250000 2.9750000 -0.9000000
v -0.7159000 2.9750000 -0.9000000
v -0.6750000 3.1250000 -0.9000000
v -0.1250000 3.1250000 -1.1180000
v -0.1250000 2.9750000 -1.1432500
v -0.1250000 2.9750000 -0.9000000
v -0.1250000 3.1250000 -0.9000000
v -0.6750000 3.1250000 -0.9000000
v -0.7953750 3.1250000 -0.7953750
v -0.9354250 3.1250000 -0.6250000
v -0.2000000 3.1250000 -0.6250000
v -0.1250000 3.1250000 -0.9000000
v -0.6750000 3.1250000 -0.9000000
v -0.2000000 3.1250000 -0.6250000
v 0.0000000 3.1250000 -1.1250000
v -0.1250000 3.1250000 -1.1180000
v -0.1250000 3.1250000 -0.9000000
v 0.0000000 3.1250000 -0.1000000
v 0.0000000 3.1250000 -0.3750000
v -1.0606500 3.1250000 -0.3750000
v -1.1205000 3.1250000 -0.1000000
v 0.0000000 3.1250000 -0.3750000
v 0.0000000 3.1250000 -0.6250000
v -0.2000000 3.1250000 -0.6250000
v -0.2000000 3.1250000 -0.3750000
v -0.1250000 3.1250000 -0.9000000
v -0.2000000 3.1250000 -0.6250000
v 0.0000000 3.1250000 -0.6250000
v 0.0000000 3.1250000 -0.9000000
v 0.0000000 3.1250000 -1.1250000
v -0.1250000 3.1250000 -0.9000000
v 0.0000000 3.1250000 -0.9000000
v 0.0000000 3.3000000 -0.1000000
v 0.0000000 3.3000000 0.0000000
v -0.2000000 3.3000000 0.0000000
v -0.2000000 3.3000000 -0.1000000
v -0.6325000 3.3000000 -0.9000000
v -0.2000000 3.3000000 -0.6250000
v -0.9052500 3.3000000 -0.6250000
v -0.7777500 3.3000000 -0.7777500
v -0.2000000 3.3000000 -0.6250000
v -0.6325000 3.3000000 -0.9000000
v -0.1250000 3.3000000 -0.9000000
v -0.1250000 3.3000000 -0.9000000
v -0.1250000 3.3000000 -1.0928750
v 0.0000000 3.3000000 -1.1000000
v 0.0000000 3.3000000 -0.1000000
v -1.0955000 3.3000000 -0.1000000
v -1.0340000 3.3000000 -0.3750000
v 0.0000000 3.3000000 -0.3750000
v 0.0000000 3.3000000 -0.3750000
v -0.2000000 3.3000000 -0.3750000
v -0.2000000 3.3000000 -0.6250000
v 0.0000000 3.3000000 -0.6250000
v -0.1250000 3.3000000 -0.9000000
v 0.0000000 3.3000000 -0.9000000
v 0.0000000 3.3000000 -0.6250000
v -0.2000000 3.3000000 -0.6250000
v 0.0000000 3.3000000 -0.9000000
v -0.1250000 3.3000000 -0.9000000
v 0.0000000 3.3000000 -1.1000000
v 0.0000000 3.4500000 -0.1000000
v -0.2000000 3.4500000 -0.1000000
v -0.2000000 3.4500000 0.0000000
v 0.0000000 3.4500000 0.0000000
v -1.0453500 3.4500000 -0.1000000
v -1.0955000 3.3000000 -0.1000000
v -0.2000000 3.3000000 -0.1000000
v -0.2000000 3.4500000 -0.1000000
v -0.2000000 3.4500000 -0.3750000
v -0.2000000 3.3000000 -0.3750000
v -1.0340000 3.3000000 -0.3750000
v -1.0074750 3.4500000 -0.3750000
v -0.2000000 3.4500000 -0.6250000
v -0.2000000 3.3000000 -0.6250000
v -0.2000000 3.3000000 -0.3750000
v -0.2000000 3.4500000 -0.3750000
v -0.8746500 3.4500000 -0.6250000
v -0.9052500 3.3000000 -0.6250000
v -0.2000000 3.3000000 -0.6250000
v -0.2000000 3.4500000 -0.6250000
v -0.1250000 3.4500000 -0.9000000
v -0.1250000 3.3000000 -0.9000000
v -0.6325000 3.3000000 -0.9000000
v -0.5879000 3.4500000 -0.9000000
v -0.1250000 3.4500000 -1.0677500
v -0.1250000 3.3000000 -1.0928750
v -0.1250000 3.3000000 -0.9000000
v -0.1250000 3.4500000 -0.9000000
v -0.5879000 3.4500000 -0.9000000
v -0.7600000 3.4500000 -0.7600000
v -0.8746500 3.4500000 -0.6250000
v -0.2000000 3.4500000 -0.6250000
v -0.1250000 3.4500000 -0.9000000
v -0.5879000 3.4500000 -0.9000000
v -0.2000000 3.4500000 -0.6250000
v 0.0000000 3.4500000 -1.0750000
v -0.1250000 3.4500000 -1.0677500
v -0.1250000 3.4500000 -0.9000000
v 0.0000000 3.4500000 -0.1000000
v 0.0000000 3.4500000 -0.3750000
v -1.0074750 3.4500000 -0.3750000
v -1.0453500 3.4500000 -0.1000000
v 0.0000000 3.4500000 -0.3750000
v 0.0000000 3.4500000 -0.6250000
v -0.2000000 3.4500000 -0.6250000
v -0.2000000 3.4500000 -0.3750000
v -0.1250000 3.4500000 -0.9000000
v -0.2000000 3.4500000 -0.6250000
v 0.0000000 3.4500000 -0.6250000
v 0.0000000 3.4500000 -0.9000000
v 0.0000000 3.4500000 -1.0750000
v -0.1250000 3.4500000 -0.9000000
v 0.0000000 3.4500000 -0.9000000
v 0.0000000 3.6250000 -0.1000000
v 0.0000000 3.6250000 0.0000000
v -0.1937500 3.6250000 0.0000000
v -0.1937500 3.6250000 -0.1000000
v -0.5407500 3.6250000 -0.9000000
v -0.2000000 3.6250000 -0.6250000
v -0.8437500 3.6250000 -0.6250000
v -0.7423500 3.6250000 -0.7423500
v -0.2000000 3.6250000 -0.6250000
v -0.5407500 3.6250000 -0.9000000
v -0.1250000 3.6250000 -0.9000000
v -0.1250000 3.6250000 -0.9000000
v -0.1250000 3.6250000 -1.0425000
v 0.0000000 3.6250000 -1.0500000
v 0.0000000 3.6250000 -0.1000000
v -1.0452500 3.6250000 -0.1000000
v -0.9807500 3.6250000 -0.3750000
v 0.0000000 3.6250000 -0.3750000
v 0.0000000 3.6250000 -0.3750000
v -0.2000000 3.6250000 -0.3750000
v -0.2000000 3.6250000 -0.6250000
v 0.0000000 3.6250000 -0.6250000
v -0.1250000 3.6250000 -0.9000000
v 0.0000000 3.6250000 -0.9000000
v 0.0000000 3.6250000 -0.6250000
v -0.2000000 3.6250000 -0.6250000
v 0.0000000 3.6250000 -0.9000000
v -0.1250000 3.6250000 -0.9000000
v 0.0000000 3.6250000 -1.0500000
v 0.0000000 3.7750000 -0.1000000
v -0.1937500 3.7750000 -0.1000000
v -0.1937500 3.7750000 0.0000000
v 0.0000000 3.7750000 0.0000000
v -1.0200000 3.7750000 -0.1000000
v -1.0452500 3.6250000 -0.1000000
v -0.1937500 3.6250000 -0.1000000
v -0.1937500 3.7750000 -0.1000000
v -0.2000000 3.7750000 -0.3750000
v -0.2000000 3.6250000 -0.3750000
v -0.9807500 3.6250000 -0.3750000
v -0.9540000 3.7750000 -0.3750000
v -0.2000000 3.7750000 -0.6250000
v -0.2000000 3.6250000 -0.6250000
v -0.2000000 3.6250000 -0.3750000
v -0.2000000 3.7750000 -0.3750000
v -0.8125000 3.7750000 -0.6250000
v -0.8437500 3.6250000 -0.6250000
v -0.2000000 3.6250000 -0.6250000
v -0.2000000 3.7750000 -0.6250000
v -0.1250000 3.7750000 -0.9000000
v -0.1250000 3.6250000 -0.9000000
v -0.5407500 3.6250000 -0.9000000
v -0.4905000 3.7750000 -0.9000000
v -0.1250000 3.7750000 -1.0173500
v -0.1250000 3.6250000 -1.0425000
v -0.1250000 3.6250000 -0.9000000
v -0.1250000 3.7750000 -0.9000000
v -0.4905000 3.7750000 -0.9000000
v -0.7247500 3.7750000 -0.7247500
v -0.8125000 3.7750000 -0.6250000
v -0.2000000 3.7750000 -0.6250000
v -0.1250000 3.7750000 -0.9000000
v -0.4905000 3.7750000 -0.9000000
v -0.2000000 3.7750000 -0.6250000
v 0.0000000 3.7750000 -1.0250000
v -0.1250000 3.7750000 -1.0173500
v -0.1250000 3.7750000 -0.9000000
v 0.0000000 3.7750000 -0.1000000
v 0.0000000 3.7750000 -0.3750000
v -0.9540000 3.7750000 -0.3750000
v -1.0200000 3.7750000 -0.1000000
v 0.0000000 3.7750000 -0.3750000
v 0.0000000 3.7750000 -0.6250000
v -0.2000000 3.7750000 -0.6250000
v -0.2000000 3.7750000 -0.3750000
v -0.1250000 3.7750000 -0.9000000
v -0.2000000 3.7750000 -0.6250000
v 0.0000000 3.7750000 -0.6250000
v 0.0000000 3.7750000 -0.9000000
v 0.0000000 3.7750000 -1.0250000
v -0.1250000 3.7750000 -0.9000000
v 0.0000000 3.7750000 -0.9000000
v 0.0000000 3.9500000 -0.1000000
v 0.0000000 3.9500000 0.0000000
v -0.1875000 3.9500000 0.0000000
v -0.1875000 3.9500000 -0.1000000
v -0.4064000 3.9500000 -0.9000000
v -0.2000000 3.9500000 -0.6250000
v -0.7645000 3.9500000 -0.6250000
v -0.6982500 3.9500000 -0.6982500
v -0.2000000 3.9500000 -0.6250000
v -0.4064000 3.9500000 -0.9000000
v -0.1250000 3.9500000 -0.9000000
v -0.1250000 3.9500000 -0.9000000
v -0.1250000 3.9500000 -0.9795000
v 0.0000000 3.9500000 -0.9875000
v 0.0000000 3.9500000 -0.1000000
v -0.9825000 3.9500000 -0.1000000
v -0.9135000 3.9500000 -0.3750000
v 0.0000000 3.9500000 -0.3750000
v 0.0000000 3.9500000 -0.3750000
v -0.2000000 3.9500000 -0.3750000
v -0.2000000 3.9500000 -0.6250000
v 0.0000000 3.9500000 -0.6250000
v -0.1250000 3.9500000 -0.9000000
v 0.0000000 3.9500000 -0.9000000
v 0.0000000 3.9500000 -0.6250000
v -0.2000000 3.9500000 -0.6250000
v 0.0000000 3.9500000 -0.9000000
v -0.1250000 3.9500000 -0.9000000
v 0.0000000 3.9500000 -0.9875000
v 0.0000000 4.1000000 -0.1000000
v -0.1875000 4.1000000 -0.1000000
v -0.1875000 4.1000000 0.0000000
v 0.0000000 4.1000000 0.0000000
v -0.9447500 4.1000000 -0.1000000
v -0.9825000 3.9500000 -0.1000000
v -0.1875000 3.9500000 -0.1000000
v -0.1875000 4.1000000 -0.1000000
v -0.2000000 4.1000000 -0.3750000
v -0.2000000 3.9500000 -0.3750000
v -0.9135000 3.9500000 -0.3750000
v -0.8727500 4.1000000 -0.3750000
v -0.2000000 4.1000000 -0.6250000
v -0.2000000 3.9500000 -0.6250000
v -0.2000000 3.9500000 -0.3750000
v -0.2000000 4.1000000 -0.3750000
v -0.7155000 4.1000000 -0.6250000
v -0.7645000 3.9500000 -0.6250000
v -0.2000000 3.9500000 -0.6250000
v -0.2000000 4.1000000 -0.6250000
v -0.1250000 4.1000000 -0.9000000
v -0.1250000 3.9500000 -0.9000000
v -0.4064000 3.9500000 -0.9000000
v -0.3041500 4.1000000 -0.9000000
v -0.1250000 4.1000000 -0.9417500
v -0.1250000 3.9500000 -0.9795000
v -0.1250000 3.9500000 -0.9000000
v -0.1250000 4.1000000 -0.9000000
v -0.3041500 4.1000000 -0.9000000
v -0.6716500 4.1000000 -0.6716500
v -0.7155000 4.1000000 -0.6250000
v -0.2000000 4.1000000 -0.6250000
v -0.1250000 4.1000000 -0.9000000
v -0.3041500 4.1000000 -0.9000000
v -0.2000000 4.1000000 -0.6250000
v 0.0000000 4.1000000 -0.9500000
v -0.1250000 4.1000000 -0.9417500
v -0.1250000 4.1000000 -0.9000000
v 0.0000000 4.1000000 -0.1000000
v 0.0000000 4.1000000 -0.3750000
v -0.8727500 4.1000000 -0.3750000
v -0.9447500 4.1000000 -0.1000000
v 0.0000000 4.1000000 -0.3750000
v 0.0000000 4.1000000 -0.6250000
v -0.2000000 4.1000000 -0.6250000
v -0.2000000 4.1000000 -0.3750000
v -0.1250000 4.1000000 -0.9000000
v -0.2000000 4.1000000 -0.6250000
v 0.0000000 4.1000000 -0.6250000
v 0.0000000 4.1000000 -0.9000000
v 0.0000000 4.1000000 -0.9500000
v -0.1250000 4.1000000 -0.9000000
v 0.0000000 4.1000000 -0.9000000
v 0.0000000 4.2750000 -0.1000000
v 0.0000000 4.2750000 0.0000000
v -0.1812500 4.2750000 0.0000000
v -0.1812500 4.2750000 -0.1000000
v 0.0000000 4.2750000 -0.9125000
v -0.2000000 4.2750000 -0.6250000
v -0.6648500 4.2750000 -0.6250000
v -0.3492250 4.2750000 -0.8430500
v 0.0000000 4.2750000 -0.1000000
v -0.9070000 4.2750000 -0.1000000
v -0.8318750 4.2750000 -0.3750000
v 0.0000000 4.2750000 -0.3750000
v 0.0000000 4.2750000 -0.3750000
v -0.2000000 4.2750000 -0.3750000
v -0.2000000 4.2750000 -0.6250000
v 0.0000000 4.2750000 -0.6250000
v 0.0000000 4.2750000 -0.9125000
v 0.0000000 4.2750000 -0.6250000
v -0.2000000 4.2750000 -0.6250000
v 0.0000000 4.4250000 -0.1000000
v -0.1812500 4.4250000 -0.1000000
v -0.1812500 4.4250000 0.0000000
v 0.0000000 4.4250000 0.0000000
v -0.8692500 4.4250000 -0.1000000
v -0.9070000 4.2750000 -0.1000000
v -0.1812500 4.2750000 -0.1000000
v -0.1812500 4.4250000 -0.1000000
v -0.2000000 4.4250000 -0.3750000
v -0.2000000 4.2750000 -0.3750000
v -0.8318750 4.2750000 -0.3750000
v -0.7905000 4.4250000 -0.3750000
v -0.2000000 4.4250000 -0.6250000
v -0.2000000 4.2750000 -0.6250000
v -0.2000000 4.2750000 -0.3750000
v -0.2000000 4.4250000 -0.3750000
v -0.6123750 4.4250000 -0.6250000
v -0.6648500 4.2750000 -0.6250000
v -0.2000000 4.2750000 -0.6250000
v -0.2000000 4.4250000 -0.6250000
v 0.0000000 4.4250000 -0.8750000
v -0.3348750 4.4250000 -0.8084250
v -0.6123750 4.4250000 -0.6250000
v -0.2000000 4.4250000 -0.6250000
v 0.0000000 4.4250000 -0.1000000
v 0.0000000 4.4250000 -0.3750000
v -0.7905000 4.4250000 -0.3750000
v -0.8692500 4.4250000 -0.1000000
v 0.0000000 4.4250000 -0.3750000
v 0.0000000 4.4250000 -0.6250000
v -0.2000000 4.4250000 -0.6250000
v -0.2000000 4.4250000 -0.3750000
v -0.2000000 4.4250000 -0.6250000
v 0.0000000 4.4250000 -0.6250000
v 0.0000000 4.4250000 -0.8750000
v 0.0000000 4.6000000 -0.1000000
v 0.0000000 4.6000000 0.0000000
v -0.1750000 4.6000000 0.0000000
v -0.1750000 4.6000000 -0.1000000
v 0.0000000 4.6000000 -0.8375000
v -0.2000000 4.6000000 -0.6250000
v -0.5575000 4.6000000 -0.6250000
v -0.3205000 4.6000000 -0.7737500
v 0.0000000 4.6000000 -0.1000000
v -0.8315000 4.6000000 -0.1000000
v -0.7488500 4.6000000 -0.3750000
v 0.0000000 4.6000000 -0.3750000
v 0.0000000 4.6000000 -0.3750000
v -0.2000000 4.6000000 -0.3750000
v -0.2000000 4.6000000 -0.6250000
v 0.0000000 4.6000000 -0.6250000
v 0.0000000 4.6000000 -0.8375000
v 0.0000000 4.6000000 -0.6250000
v -0.2000000 4.6000000 -0.6250000
v 0.0000000 4.7500000 -0.1000000
v -0.1750000 4.7500000 -0.1000000
v -0.1750000 4.7500000 0.0000000
v 0.0000000 4.7500000 0.0000000
v -0.7937500 4.7500000 -0.1000000
v -0.8315000 4.6000000 -0.1000000
v -0.1750000 4.6000000 -0.1000000
v -0.1750000 4.7500000 -0.1000000
v -0.2000000 4.7500000 -0.3750000
v -0.2000000 4.6000000 -0.3750000
v -0.7488500 4.6000000 -0.3750000
v -0.7066750 4.7500000 -0.3750000
v -0.2000000 4.7500000 -0.6250000
v -0.2000000 4.6000000 -0.6250000
v -0.2000000 4.6000000 -0.3750000
v -0.2000000 4.7500000 -0.3750000
v -0.4993750 4.7500000 -0.6250000
v -0.5575000 4.6000000 -0.6250000
v -0.2000000 4.6000000 -0.6250000
v -0.2000000 4.7500000 -0.6250000
v 0.0000000 4.7500000 -0.8000000
v -0.3061500 4.7500000 -0.7391250
v -0.4993750 4.7500000 -0.6250000
v -0.2000000 4.7500000 -0.6250000
v 0.0000000 4.7500000 -0.1000000
v 0.0000000 4.7500000 -0.3750000
v -0.7066750 4.7500000 -0.3750000
v -0.7937500 4.7500000 -0.1000000
v 0.0000000 4.7500000 -0.3750000
v 0.0000000 4.7500000 -0.6250000
v -0.2000000 4.7500000 -0.6250000
v -0.2000000 4.7500000 -0.3750000
v -0.2000000 4.7500000 -0.6250000
v 0.0000000 4.7500000 -0.6250000
v 0.0000000 4.7500000 -0.8000000
v 0.0000000 4.9250000 -0.1000000
v 0.0000000 4.9250000 0.0000000
v -0.1687500 4.9250000 0.0000000
v -0.1687500 4.9250000 -0.1000000
v 0.0000000 4.9250000 -0.7500000
v -0.2000000 4.9250000 -0.6250000
v -0.4145750 4.9250000 -0.6250000
v -0.2870000 4.9250000 -0.6929250
v 0.0000000 4.9250000 -0.1000000
v -0.7432500 4.9250000 -0.1000000
v -0.6495000 4.9250000 -0.3750000
v 0.0000000 4.9250000 -0.3750000
v 0.0000000 4.9250000 -0.3750000
v -0.2000000 4.9250000 -0.3750000
v -0.2000000 4.9250000 -0.6250000
v 0.0000000 4.9250000 -0.6250000
v 0.0000000 4.9250000 -0.7500000
v 0.0000000 4.9250000 -0.6250000
v -0.2000000 4.9250000 -0.6250000
v 0.0000000 5.0750000 -0.1000000
v -0.1687500 5.0750000 -0.1000000
v -0.1687500 5.0750000 0.0000000
v 0.0000000 5.0750000 0.0000000
v -0.6928250 5.0750000 -0.1000000
v -0.7432500 4.9250000 -0.1000000
v -0.1687500 4.9250000 -0.1000000
v -0.1687500 5.0750000 -0.1000000
v -0.2000000 5.0750000 -0.3750000
v -0.2000000 4.9250000 -0.3750000
v -0.6495000 4.9250000 -0.3750000
v -0.5910750 5.0750000 -0.3750000
v -0.2000000 5.0750000 -0.6250000
v -0.2000000 4.9250000 -0.6250000
v -0.2000000 4.9250000 -0.3750000
v -0.2000000 5.0750000 -0.3750000
v -0.3152500 5.0750000 -0.6250000
v -0.4145750 4.9250000 -0.6250000
v -0.2000000 4.9250000 -0.6250000
v -0.2000000 5.0750000 -0.6250000
v 0.0000000 5.0750000 -0.7000000
v -0.2679000 5.0750000 -0.6492500
v -0.3152500 5.0750000 -0.6250000
v -0.2000000 5.0750000 -0.6250000
v 0.0000000 5.0750000 -0.1000000
v 0.0000000 5.0750000 -0.3750000
v -0.5910750 5.0750000 -0.3750000
v -0.6928250 5.0750000 -0.1000000
v 0.0000000 5.0750000 -0.3750000
v 0.0000000 5.0750000 -0.6250000
v -0.2000000 5.0750000 -0.6250000
v -0.2000000 5.0750000 -0.3750000
v -0.2000000 5.0750000 -0.6250000
v 0.0000000 5.0750000 -0.6250000
v 0.0000000 5.0750000 -0.7000000
v 0.0000000 5.2500000 -0.1000000
v 0.0000000 5.2500000 0.0000000
v -0.1625000 5.2500000 0.0000000
v -0.1625000 5.2500000 -0.1000000
v 0.0000000 5.2500000 -0.1000000
v -0.6422500 5.2500000 -0.1000000
v -0.5309250 5.2500000 -0.3750000
v 0.0000000 5.2500000 -0.3750000
v 0.0000000 5.2500000 -0.3750000
v -0.1250000 5.2500000 -0.3750000
v -0.1250000 5.2500000 -0.6378750
v 0.0000000 5.2500000 -0.6500000
v 0.0000000 5.4000000 -0.1000000
v -0.1625000 5.4000000 -0.1000000
v -0.1625000 5.4000000 0.0000000
v 0.0000000 5.4000000 0.0000000
v -0.5916000 5.4000000 -0.1000000
v -0.6422500 5.2500000 -0.1000000
v -0.1625000 5.2500000 -0.1000000
v -0.1625000 5.4000000 -0.1000000
v -0.1250000 5.4000000 -0.3750000
v -0.1250000 5.2500000 -0.3750000
v -0.5309250 5.2500000 -0.3750000
v -0.4683750 5.4000000 -0.3750000
v -0.1250000 5.4000000 -0.5868500
v -0.1250000 5.2500000 -0.6378750
v -0.1250000 5.2500000 -0.3750000
v -0.1250000 5.4000000 -0.3750000
v 0.0000000 5.4000000 -0.1000000
v 0.0000000 5.4000000 -0.3750000
v -0.4683750 5.4000000 -0.3750000
v -0.5916000 5.4000000 -0.1000000
v 0.0000000 5.4000000 -0.3750000
v 0.0000000 5.4000000 -0.6000000
v -0.1250000 5.4000000 -0.5868500
v -0.1250000 5.4000000 -0.3750000
v 0.0000000 5.5750000 -0.1000000
v 0.0000000 5.5750000 0.0000000
v -0.1562500 5.5750000 0.0000000
v -0.1562500 5.5750000 -0.1000000
v 0.0000000 5.5750000 -0.1000000
v -0.5408250 5.5750000 -0.1000000
v -0.4023250 5.5750000 -0.3750000
v 0.0000000 5.5750000 -0.3750000
v 0.0000000 5.5750000 -0.3750000
v -0.1250000 5.5750000 -0.3750000
v -0.1250000 5.5750000 -0.5356000
v 0.0000000 5.5750000 -0.5500000
v 0.0000000 5.7250000 -0.1000000
v -0.1562500 5.7250000 -0.1000000
v -0.1562500 5.7250000 0.0000000
v 0.0000000 5.7250000 0.0000000
v -0.4899000 5.7250000 -0.1000000
v -0.5408250 5.5750000 -0.1000000
v -0.1562500 5.5750000 -0.1000000
v -0.1562500 5.7250000 -0.1000000
v -0.1250000 5.7250000 -0.3750000
v -0.1250000 5.5750000 -0.3750000
v -0.4023250 5.5750000 -0.3750000
v -0.3307250 5.7250000 -0.3750000
v -0.1250000 5.7250000 -0.4841250
v -0.1250000 5.5750000 -0.5356000
v -0.1250000 5.5750000 -0.3750000
v -0.1250000 5.7250000 -0.3750000
v 0.0000000 5.7250000 -0.1000000
v 0.0000000 5.7250000 -0.3750000
v -0.3307250 5.7250000 -0.3750000
v -0.4899000 5.7250000 -0.1000000
v 0.0000000 5.7250000 -0.3750000
v 0.0000000 5.7250000 -0.5000000
v -0.1250000 5.7250000 -0.4841250
v -0.1250000 5.7250000 -0.3750000
v 0.0000000 5.9000000 -0.1000000
v 0.0000000 5.9000000 0.0000000
v -0.1500000 5.9000000 0.0000000
v -0.1500000 5.9000000 -0.1000000
v 0.0000000 5.9000000 -0.1000000
v -0.4387500 5.9000000 -0.1000000
v -0.4157500 5.9000000 -0.1722250
v 0.0000000 5.9000000 -0.1722250
v 0.0000000 5.9000000 -0.1722250
v -0.4157500 5.9000000 -0.1722250
v -0.3182000 5.9000000 -0.3182000
v 0.0000000 5.9000000 -0.3182000
v 0.0000000 5.9000000 -0.3182000
v -0.3182000 5.9000000 -0.3182000
v -0.1722250 5.9000000 -0.4157500
v 0.0000000 5.9000000 -0.4500000
v 0.0000000 6.0500000 -0.1000000
v -0.1500000 6.0500000 -0.1000000
v -0.1500000 6.0500000 0.0000000
v 0.0000000 6.0500000 0.0000000
v -0.3873000 6.0500000 -0.1000000
v -0.4387500 5.9000000 -0.1000000
v -0.1500000 5.9000000 -0.1000000
v -0.1500000 6.0500000 -0.1000000
v 0.0000000 6.0500000 -0.1000000
v 0.0000000 6.0500000 -0.1530750
v -0.3695000 6.0500000 -0.1530750
v -0.3873000 6.0500000 -0.1000000
v 0.0000000 6.0500000 -0.1530750
v 0.0000000 6.0500000 -0.2828500
v -0.2828500 6.0500000 -0.2828500
v -0.3695000 6.0500000 -0.1530750
v 0.0000000 6.0500000 -0.2828500
v 0.0000000 6.0500000 -0.4000000
v -0.1530750 6.0500000 -0.3695000
v -0.2828500 6.0500000 -0.2828500
v 0.0000000 6.2250000 -0.1000000
v 0.0000000 6.2250000 0.0000000
v -0.1500000 6.2250000 0.0000000
v -0.1500000 6.2250000 -0.1000000
v 0.0000000 6.2250000 -0.1000000
v -0.3092250 6.2250000 -0.1000000
v -0.3002500 6.2250000 -0.1243750
v 0.0000000 6.2250000 -0.1243750
v 0.0000000 6.2250000 -0.1243750
v -0.3002500 6.2250000 -0.1243750
v -0.2298000 6.2250000 -0.2298000
v 0.0000000 6.2250000 -0.2298000
v 0.0000000 6.2250000 -0.2298000
v -0.2298000 6.2250000 -0.2298000
v -0.1243750 6.2250000 -0.3002500
v 0.0000000 6.2250000 -0.3250000
v 0.0000000 6.3750000 -0.1000000
v -0.1500000 6.3750000 -0.1000000
v -0.1500000 6.3750000 0.0000000
v 0.0000000 6.3750000 0.0000000
v -0.1500000 6.2250000 -0.1000000
v -0.1500000 6.3750000 -0.1000000
v -0.2291250 6.3750000 -0.1000000
v -0.3092250 6.2250000 -0.1000000
v -0.3002500 6.2250000 -0.1243750
v -0.3092250 6.2250000 -0.1000000
v -0.2291250 6.3750000 -0.1000000
v -0.1903868 0.7550000 -0.1903868
v -0.2500000 0.7550000 -0.1000000
v -0.4157550 0.8500000 -0.1722150
v -0.3181950 0.8500000 -0.3181950
v -0.1903868 0.7550000 -0.1903868
v -0.4157550 0.8500000 -0.1722150
v -0.1030420 0.7550000 -0.2487600
v -0.1903868 0.7550000 -0.1903868
v -0.3181950 0.8500000 -0.3181950
v -0.1722150 0.8500000 -0.4157550
v -0.1030420 0.7550000 -0.2487600
v -0.3181950 0.8500000 -0.3181950
v 0.0000000 0.7550000 -0.2692500
v -0.1030420 0.7550000 -0.2487600
v -0.1722150 0.8500000 -0.4157550
v 0.0000000 0.8500000 -0.4500000
v 0.0000000 0.7550000 -0.2692500
v -0.1722150 0.8500000 -0.4157550
v -0.2500000 0.7550000 -0.1000000
v -0.1500000 0.7000000 0.0000000
v -0.2500000 0.7550000 0.0000000
v -0.2500000 0.7550000 -0.1000000
v -0.1385850 0.7000000 -0.0574050
v -0.1500000 0.7000000 0.0000000
v -0.1903868 0.7550000 -0.1903868
v -0.1385850 0.7000000 -0.0574050
v -0.2500000 0.7550000 -0.1000000
v -0.1903868 0.7550000 -0.1903868
v -0.1060650 0.7000000 -0.1060650
v -0.1385850 0.7000000 -0.0574050
v -0.0574050 0.7000000 -0.1385850
v -0.1060650 0.7000000 -0.1060650
v -0.1903868 0.7550000 -0.1903868
v -0.1030420 0.7550000 -0.2487600
v -0.0574050 0.7000000 -0.1385850
v -0.1903868 0.7550000 -0.1903868
v 0.0000000 0.7000000 -0.1500000
v -0.0574050 0.7000000 -0.1385850
v -0.1030420 0.7550000 -0.2487600
v 0.0000000 0.7550000 -0.2692500
v 0.0000000 0.7000000 -0.1500000
v -0.1030420 0.7550000 -0.2487600
v -0.2550000 1.0250000 -0.6250000
v 0.0000000 1.1750000 -0.8000000
v 0.0000000 1.0250000 -0.6750000
v -0.2550000 1.0250000 -0.6250000
v -0.3061600 1.1750000 -0.7391200
v 0.0000000 1.1750000 -0.8000000
v -0.6675000 1.0250000 -0.1000000
v -0.7937500 1.1750000 -0.1000000
v -0.7067500 1.1750000 -0.3750000
v -0.5612500 1.0250000 -0.3750000
v -0.6675000 1.0250000 -0.1000000
v -0.7067500 1.1750000 -0.3750000
v -0.9270000 1.5000000 -0.3750000
v -0.8182500 1.3500000 -0.3750000
v -0.8945000 1.3500000 -0.1000000
v -0.9950000 1.5000000 -0.1000000
v -0.9270000 1.5000000 -0.3750000
v -0.8945000 1.3500000 -0.1000000
v -0.4360000 1.5000000 -0.9000000
v -0.4000000 1.3500000 -0.8060000
v -0.6475000 1.3500000 -0.6250000
v -0.7805000 1.5000000 -0.6250000
v -0.4360000 1.5000000 -0.9000000
v -0.6475000 1.3500000 -0.6250000
v -0.1250000 1.5000000 -0.9922500
v 0.0000000 1.3500000 -0.9000000
v -0.1250000 1.3500000 -0.8912500
v -0.1250000 1.5000000 -0.9922500
v 0.0000000 1.5000000 -1.0000000
v 0.0000000 1.3500000 -0.9000000
v -1.0340000 1.8250000 -0.3750000
v -1.0452500 1.6750000 -0.1000000
v -1.0955000 1.8250000 -0.1000000
v -1.0340000 1.8250000 -0.3750000
v -0.9807500 1.6750000 -0.3750000
v -1.0452500 1.6750000 -0.1000000
v -0.7777500 1.8250000 -0.7777500
v -0.8437500 1.6750000 -0.6250000
v -0.9052500 1.8250000 -0.6250000
v -0.7777500 1.8250000 -0.7777500
v -0.7423500 1.6750000 -0.7423500
v -0.8437500 1.6750000 -0.6250000
v -0.6325000 1.8250000 -0.9000000
v -0.7423500 1.6750000 -0.7423500
v -0.7777500 1.8250000 -0.7777500
v -0.6325000 1.8250000 -0.9000000
v -0.5407500 1.6750000 -0.9000000
v -0.7423500 1.6750000 -0.7423500
v 0.0000000 1.6750000 -1.0500000
v -0.1250000 1.6750000 -1.0425000
v -0.1250000 1.8250000 -1.0928750
v 0.0000000 1.8250000 -1.1000000
v 0.0000000 1.6750000 -1.0500000
v -0.1250000 1.8250000 -1.0928750
v -1.1135000 2.1500000 -0.3750000
v -1.1456500 2.0000000 -0.1000000
v -1.1707500 2.1500000 -0.1000000
v -1.1135000 2.1500000 -0.3750000
v -1.0871500 2.0000000 -0.3750000
v -1.1456500 2.0000000 -0.1000000
v -0.8307500 2.1500000 -0.8307500
v -0.9652500 2.0000000 -0.6250000
v -0.9950000 2.1500000 -0.6250000
v -0.8307500 2.1500000 -0.8307500
v -0.8130000 2.0000000 -0.8130000
v -0.9652500 2.0000000 -0.6250000
v -0.7553750 2.1500000 -0.9000000
v -0.8130000 2.0000000 -0.8130000
v -0.8307500 2.1500000 -0.8307500
v -0.7553750 2.1500000 -0.9000000
v -0.7159000 2.0000000 -0.9000000
v -0.8130000 2.0000000 -0.8130000
v 0.0000000 2.0000000 -1.1500000
v -0.1250000 2.0000000 -1.1432500
v -0.1250000 2.1500000 -1.1683250
v 0.0000000 2.1500000 -1.1750000
v 0.0000000 2.0000000 -1.1500000
v -0.1250000 2.1500000 -1.1683250
v -1.1135000 2.6500000 -0.3750000
v -1.1707500 2.6500000 -0.1000000
v -1.1582500 2.8000000 -0.1000000
v -1.1003500 2.8000000 -0.3750000
v -1.1135000 2.6500000 -0.3750000
v -1.1582500 2.8000000 -0.1000000
v -0.8307500 2.6500000 -0.8307500
v -0.9950000 2.6500000 -0.6250000
v -0.9802500 2.8000000 -0.6250000
v -0.8218000 2.8000000 -0.8218000
v -0.8307500 2.6500000 -0.8307500
v -0.9802500 2.8000000 -0.6250000
v -0.7553750 2.6500000 -0.9000000
v -0.8307500 2.6500000 -0.8307500
v -0.8218000 2.8000000 -0.8218000
v -0.7357500 2.8000000 -0.9000000
v -0.7553750 2.6500000 -0.9000000
v -0.8218000 2.8000000 -0.8218000
v 0.0000000 2.8000000 -1.1625000
v -0.1250000 2.6500000 -1.1683250
v -0.1250000 2.8000000 -1.1557500
v 0.0000000 2.8000000 -1.1625000
v 0.0000000 2.6500000 -1.1750000
v -0.1250000 2.6500000 -1.1683250
v -1.0871500 2.9750000 -0.3750000
v -1.1456500 2.9750000 -0.1000000
v -1.1205000 3.1250000 -0.1000000
v -1.0606500 3.1250000 -0.3750000
v -1.0871500 2.9750000 -0.3750000
v -1.1205000 3.1250000 -0.1000000
v -0.8130000 2.9750000 -0.8130000
v -0.9652500 2.9750000 -0.6250000
v -0.9354250 3.1250000 -0.6250000
v -0.7953750 3.1250000 -0.7953750
v -0.8130000 2.9750000 -0.8130000
v -0.9354250 3.1250000 -0.6250000
v -0.7159000 2.9750000 -0.9000000
v -0.8130000 2.9750000 -0.8130000
v -0.7953750 3.1250000 -0.7953750
v -0.6750000 3.1250000 -0.9000000
v -0.7159000 2.9750000 -0.9000000
v -0.7953750 3.1250000 -0.7953750
v 0.0000000 3.1250000 -1.1250000
v -0.1250000 2.9750000 -1.1432500
v -0.1250000 3.1250000 -1.1180000
v 0.0000000 3.1250000 -1.1250000
v 0.0000000 2.9750000 -1.1500000
v -0.1250000 2.9750000 -1.1432500
v -1.0074750 3.4500000 -0.3750000
v -1.0955000 3.3000000 -0.1000000
v -1.0453500 3.4500000 -0.1000000
v -1.0074750 3.4500000 -0.3750000
v -1.0340000 3.3000000 -0.3750000
v -1.0955000 3.3000000 -0.1000000
v -0.7777500 3.3000000 -0.7777500
v -0.9052500 3.3000000 -0.6250000
v -0.8746500 3.4500000 -0.6250000
v -0.7600000 3.4500000 -0.7600000
v -0.7777500 3.3000000 -0.7777500
v -0.8746500 3.4500000 -0.6250000
v -0.6325000 3.3000000 -0.9000000
v -0.7777500 3.3000000 -0.7777500
v -0.7600000 3.4500000 -0.7600000
v -0.5879000 3.4500000 -0.9000000
v -0.6325000 3.3000000 -0.9000000
v -0.7600000 3.4500000 -0.7600000
v 0.0000000 3.4500000 -1.0750000
v -0.1250000 3.3000000 -1.0928750
v -0.1250000 3.4500000 -1.0677500
v 0.0000000 3.4500000 -1.0750000
v 0.0000000 3.3000000 -1.1000000
v -0.1250000 3.3000000 -1.0928750
v -0.9807500 3.6250000 -0.3750000
v -1.0452500 3.6250000 -0.1000000
v -1.0200000 3.7750000 -0.1000000
v -0.9540000 3.7750000 -0.3750000
v -0.9807500 3.6250000 -0.3750000
v -1.0200000 3.7750000 -0.1000000
v -0.7423500 3.6250000 -0.7423500
v -0.8437500 3.6250000 -0.6250000
v -0.8125000 3.7750000 -0.6250000
v -0.7247500 3.7750000 -0.7247500
v -0.7423500 3.6250000 -0.7423500
v -0.8125000 3.7750000 -0.6250000
v -0.5407500 3.6250000 -0.9000000
v -0.7423500 3.6250000 -0.7423500
v -0.7247500 3.7750000 -0.7247500
v -0.4905000 3.7750000 -0.9000000
v -0.5407500 3.6250000 -0.9000000
v -0.7247500 3.7750000 -0.7247500
v 0.0000000 3.7750000 -1.0250000
v -0.1250000 3.6250000 -1.0425000
v -0.1250000 3.7750000 -1.0173500
v 0.0000000 3.7750000 -1.0250000
v 0.0000000 3.6250000 -1.0500000
v -0.1250000 3.6250000 -1.0425000
v -0.9135000 3.9500000 -0.3750000
v -0.9825000 3.9500000 -0.1000000
v -0.9447500 4.1000000 -0.1000000
v -0.8727500 4.1000000 -0.3750000
v -0.9135000 3.9500000 -0.3750000
v -0.9447500 4.1000000 -0.1000000
v -0.6982500 3.9500000 -0.6982500
v -0.7645000 3.9500000 -0.6250000
v -0.7155000 4.1000000 -0.6250000
v -0.6716500 4.1000000 -0.6716500
v -0.6982500 3.9500000 -0.6982500
v -0.7155000 4.1000000 -0.6250000
v -0.4064000 3.9500000 -0.9000000
v -0.6982500 3.9500000 -0.6982500
v -0.6716500 4.1000000 -0.6716500
v -0.3041500 4.1000000 -0.9000000
v -0.4064000 3.9500000 -0.9000000
v -0.6716500 4.1000000 -0.6716500
v 0.0000000 4.1000000 -0.9500000
v -0.1250000 3.9500000 -0.9795000
v -0.1250000 4.1000000 -0.9417500
v 0.0000000 4.1000000 -0.9500000
v 0.0000000 3.9500000 -0.9875000
v -0.1250000 3.9500000 -0.9795000
v -0.8318750 4.2750000 -0.3750000
v -0.9070000 4.2750000 -0.1000000
v -0.8692500 4.4250000 -0.1000000
v -0.7905000 4.4250000 -0.3750000
v -0.8318750 4.2750000 -0.3750000
v -0.8692500 4.4250000 -0.1000000
v -0.3492250 4.2750000 -0.8430500
v -0.6648500 4.2750000 -0.6250000
v -0.6123750 4.4250000 -0.6250000
v -0.3348750 4.4250000 -0.8084250
v -0.3492250 4.2750000 -0.8430500
v -0.6123750 4.4250000 -0.6250000
v 0.0000000 4.2750000 -0.9125000
v -0.3492250 4.2750000 -0.8430500
v -0.3348750 4.4250000 -0.8084250
v 0.0000000 4.4250000 -0.8750000
v 0.0000000 4.2750000 -0.9125000
v -0.3348750 4.4250000 -0.8084250
v -0.7488500 4.6000000 -0.3750000
v -0.8315000 4.6000000 -0.1000000
v -0.7937500 4.7500000 -0.1000000
v -0.7066750 4.7500000 -0.3750000
v -0.7488500 4.6000000 -0.3750000
v -0.7937500 4.7500000 -0.1000000
v -0.3205000 4.6000000 -0.7737500
v -0.5575000 4.6000000 -0.6250000
v -0.4993750 4.7500000 -0.6250000
v -0.3061500 4.7500000 -0.7391250
v -0.3205000 4.6000000 -0.7737500
v -0.4993750 4.7500000 -0.6250000
v 0.0000000 4.6000000 -0.8375000
v -0.3205000 4.6000000 -0.7737500
v -0.3061500 4.7500000 -0.7391250
v 0.0000000 4.7500000 -0.8000000
v 0.0000000 4.6000000 -0.8375000
v -0.3061500 4.7500000 -0.7391250
v -0.6495000 4.9250000 -0.3750000
v -0.7432500 4.9250000 -0.1000000
v -0.6928250 5.0750000 -0.1000000
v -0.5910750 5.0750000 -0.3750000
v -0.6495000 4.9250000 -0.3750000
v -0.6928250 5.0750000 -0.1000000
v -0.2870000 4.9250000 -0.6929250
v -0.4145750 4.9250000 -0.6250000
v -0.3152500 5.0750000 -0.6250000
v -0.2679000 5.0750000 -0.6492500
v -0.2870000 4.9250000 -0.6929250
v -0.3152500 5.0750000 -0.6250000
v 0.0000000 4.9250000 -0.7500000
v -0.2870000 4.9250000 -0.6929250
v -0.2679000 5.0750000 -0.6492500
v 0.0000000 5.0750000 -0.7000000
v 0.0000000 4.9250000 -0.7500000
v -0.2679000 5.0750000 -0.6492500
v -0.5309250 5.2500000 -0.3750000
v -0.6422500 5.2500000 -0.1000000
v -0.5916000 5.4000000 -0.1000000
v -0.4683750 5.4000000 -0.3750000
v -0.5309250 5.2500000 -0.3750000
v -0.5916000 5.4000000 -0.1000000
v 0.0000000 5.4000000 -0.6000000
v -0.1250000 5.2500000 -0.6378750
v -0.1250000 5.4000000 -0.5868500
v 0.0000000 5.4000000 -0.6000000
v 0.0000000 5.2500000 -0.6500000
v -0.1250000 5.2500000 -0.6378750
v -0.4023250 5.5750000 -0.3750000
v -0.5408250 5.5750000 -0.1000000
v -0.4899000 5.7250000 -0.1000000
v -0.3307250 5.7250000 -0.3750000
v -0.4023250 5.5750000 -0.3750000
v -0.4899000 5.7250000 -0.1000000
v 0.0000000 5.7250000 -0.5000000
v -0.1250000 5.5750000 -0.5356000
v -0.1250000 5.7250000 -0.4841250
v 0.0000000 5.7250000 -0.5000000
v 0.0000000 5.5750000 -0.5500000
v -0.1250000 5.5750000 -0.5356000
v -0.4157500 5.9000000 -0.1722250
v -0.4387500 5.9000000 -0.1000000
v -0.3873000 6.0500000 -0.1000000
v -0.3695000 6.0500000 -0.1530750
v -0.4157500 5.9000000 -0.1722250
v -0.3873000 6.0500000 -0.1000000
v -0.2828500 6.0500000 -0.2828500
v -0.4157500 5.9000000 -0.1722250
v -0.3695000 6.0500000 -0.1530750
v -0.2828500 6.0500000 -0.2828500
v -0.3182000 5.9000000 -0.3182000
v -0.4157500 5.9000000 -0.1722250
v -0.1722250 5.9000000 -0.4157500
v -0.3182000 5.9000000 -0.3182000
v -0.2828500 6.0500000 -0.2828500
v -0.1530750 6.0500000 -0.3695000
v -0.1722250 5.9000000 -0.4157500
v -0.2828500 6.0500000 -0.2828500
v 0.0000000 6.0500000 -0.4000000
v -0.1722250 5.9000000 -0.4157500
v -0.1530750 6.0500000 -0.3695000
v 0.0000000 6.0500000 -0.4000000
v 0.0000000 5.9000000 -0.4500000
v -0.1722250 5.9000000 -0.4157500
v -0.2298000 6.2250000 -0.2298000
v -0.3002500 6.2250000 -0.1243750
v -0.2309750 6.3750000 -0.0956750
v -0.1767750 6.3750000 -0.1767750
v -0.2298000 6.2250000 -0.2298000
v -0.2309750 6.3750000 -0.0956750
v -0.1243750 6.2250000 -0.3002500
v -0.2298000 6.2250000 -0.2298000
v -0.1767750 6.3750000 -0.1767750
v -0.0956750 6.3750000 -0.2309750
v -0.1243750 6.2250000 -0.3002500
v -0.1767750 6.3750000 -0.1767750
v 0.0000000 6.2250000 -0.3250000
v -0.1243750 6.2250000 -0.3002500
v -0.0956750 6.3750000 -0.2309750
v 0.0000000 6.3750000 -0.2500000
v 0.0000000 6.2250000 -0.3250000
v -0.0956750 6.3750000 -0.2309750
v 0.0000000 6.3750000 -0.1000000
v 0.0000000 6.3750000 -0.0956750
v -0.2309750 6.3750000 -0.0956750
v -0.2291250 6.3750000 -0.1000000
v 0.0000000 6.3750000 -0.0956750
v 0.0000000 6.3750000 -0.1767750
v -0.1767750 6.3750000 -0.1767750
v -0.2309750 6.3750000 -0.0956750
v 0.0000000 6.3750000 -0.1767750
v 0.0000000 6.3750000 -0.2500000
v -0.0956750 6.3750000 -0.2309750
v -0.1767750 6.3750000 -0.1767750
v 0.1500000 -0.1000000 0.0000000
v 0.1385850 -0.1000000 -0.0574050
v 0.1385850 -0.2000000 -0.0574050
v 0.1500000 -0.2000000 0.0000000
v 0.1385850 -0.1000000 -0.0574050
v 0.1060650 -0.1000000 -0.1060650
v 0.1060650 -0.2000000 -0.1060650
v 0.1385850 -0.2000000 -0.0574050
v 0.1060650 -0.1000000 -0.1060650
v 0.0574050 -0.1000000 -0.1385850
v 0.0574050 -0.2000000 -0.1385850
v 0.1060650 -0.2000000 -0.1060650
v 0.0574050 -0.1000000 -0.1385850
v 0.0000000 -0.1000000 -0.1500000
v 0.0000000 -0.2000000 -0.1500000
v 0.0574050 -0.2000000 -0.1385850
v 0.0000000 -0.1000000 -0.1500000
v -0.0574050 -0.1000000 -0.1385850
v -0.0574050 -0.2000000 -0.1385850
v 0.0000000 -0.2000000 -0.1500000
v -0.0574050 -0.1000000 -0.1385850
v -0.1060650 -0.1000000 -0.1060650
v -0.1060650 -0.2000000 -0.1060650
v -0.0574050 -0.2000000 -0.1385850
v -0.1060650 -0.1000000 -0.1060650
v -0.1385850 -0.1000000 -0.0574050
v -0.1385850 -0.2000000 -0.0574050
v -0.1060650 -0.2000000 -0.1060650
v -0.1385850 -0.1000000 -0.0574050
v -0.1500000 -0.1000000 0.0000000
v -0.1500000 -0.2000000 0.0000000
v -0.1385850 -0.2000000 -0.0574050
v -0.1500000 -0.1000000 0.0000000
v -0.1385850 -0.1000000 0.0574050
v -0.1385850 -0.2000000 0.0574050
v -0.1500000 -0.2000000 0.0000000
v -0.1385850 -0.1000000 0.0574050
v -0.1060650 -0.1000000 0.1060650
v -0.1060650 -0.2000000 0.1060650
v -0.1385850 -0.2000000 0.0574050
v -0.1060650 -0.1000000 0.1060650
v -0.0574050 -0.1000000 0.1385850
v -0.0574050 -0.2000000 0.1385850
v -0.1060650 -0.2000000 0.1060650
v -0.0574050 -0.1000000 0.1385850
v 0.0000000 -0.1000000 0.1500000
v 0.0000000 -0.2000000 0.1500000
v -0.0574050 -0.2000000 0.1385850
v 0.0000000 -0.1000000 0.1500000
v 0.0574050 -0.1000000 0.1385850
v 0.0574050 -0.2000000 0.1385850
v 0.0000000 -0.2000000 0.1500000
v 0.0574050 -0.1000000 0.1385850
v 0.1060650 -0.1000000 0.1060650
v 0.1060650 -0.2000000 0.1060650
v 0.0574050 -0.2000000 0.1385850
v 0.1060650 -0.1000000 0.1060650
v 0.1385850 -0.1000000 0.0574050
v 0.1385850 -0.2000000 0.0574050
v 0.1060650 -0.2000000 0.1060650
v 0.1385850 -0.1000000 0.0574050
v 0.1500000 -0.1000000 0.0000000
v 0.1500000 -0.2000000 0.0000000
v 0.1385850 -0.2000000 0.0574050
v 0.2000000 -0.2000000 0.0000000
v 0.1847800 -0.2000000 -0.0765400
v 0.1847800 -0.1000000 -0.0765400
v 0.2000000 -0.1000000 0.0000000
v 0.1847800 -0.2000000 -0.0765400
v 0.1414200 -0.2000000 -0.1414200
v 0.1414200 -0.1000000 -0.1414200
v 0.1847800 -0.1000000 -0.0765400
v 0.1414200 -0.2000000 -0.1414200
v 0.0765400 -0.2000000 -0.1847800
v 0.0765400 -0.1000000 -0.1847800
v 0.1414200 -0.1000000 -0.1414200
v 0.0765400 -0.2000000 -0.1847800
v 0.0000000 -0.2000000 -0.2000000
v 0.0000000 -0.1000000 -0.2000000
v 0.0765400 -0.1000000 -0.1847800
v 0.0000000 -0.2000000 -0.2000000
v -0.0765400 -0.2000000 -0.1847800
v -0.0765400 -0.1000000 -0.1847800
v 0.0000000 -0.1000000 -0.2000000
v -0.0765400 -0.2000000 -0.1847800
v -0.1414200 -0.2000000 -0.1414200
v -0.1414200 -0.1000000 -0.1414200
v -0.0765400 -0.1000000 -0.1847800
v -0.1414200 -0.2000000 -0.1414200
v -0.1847800 -0.2000000 -0.0765400
v -0.1847800 -0.1000000 -0.0765400
v -0.1414200 -0.1000000 -0.1414200
v -0.1847800 -0.2000000 -0.0765400
v -0.2000000 -0.2000000 0.0000000
v -0.2000000 -0.1000000 0.0000000
v -0.1847800 -0.1000000 -0.0765400
v -0.2000000 -0.2000000 0.0000000
v -0.1847800 -0.2000000 0.0765400
v -0.1847800 -0.1000000 0.0765400
v -0.2000000 -0.1000000 0.0000000
v -0.1847800 -0.2000000 0.0765400
v -0.1414200 -0.2000000 0.1414200
v -0.1414200 -0.1000000 0.1414200
v -0.1847800 -0.1000000 0.0765400
v -0.1414200 -0.2000000 0.1414200
v -0.0765400 -0.2000000 0.1847800
v -0.0765400 -0.1000000 0.1847800
v -0.1414200 -0.1000000 0.1414200
v -0.0765400 -0.2000000 0.1847800
v 0.0000000 -0.2000000 0.2000000
v 0.0000000 -0.1000000 0.2000000
v -0.0765400 -0.1000000 0.1847800
v 0.0000000 -0.2000000 0.2000000
v 0.0765400 -0.2000000 0.1847800
v 0.0765400 -0.1000000 0.1847800
v 0.0000000 -0.1000000 0.2000000
v 0.0765400 -0.2000000 0.1847800
v 0.1414200 -0.2000000 0.1414200
v 0.1414200 -0.1000000 0.1414200
v 0.0765400 -0.1000000 0.1847800
v 0.1414200 -0.2000000 0.1414200
v 0.1847800 -0.2000000 0.0765400
v 0.1847800 -0.1000000 0.0765400
v 0.1414200 -0.1000000 0.1414200
v 0.1847800 -0.2000000 0.0765400
v 0.2000000 -0.2000000 0.0000000
v 0.2000000 -0.1000000 0.0000000
v 0.1847800 -0.1000000 0.0765400
v 0.0000000 -0.2000000 -0.2000000
v 0.0000000 -0.2000000 -0.1500000
v -0.0574050 -0.2000000 -0.1385850
v -0.0765400 -0.2000000 -0.1847800
v -0.0765400 -0.2000000 -0.1847800
v -0.0574050 -0.2000000 -0.1385850
v -0.1060650 -0.2000000 -0.1060650
v -0.1414200 -0.2000000 -0.1414200
v -0.1414200 -0.2000000 -0.1414200
v -0.1060650 -0.2000000 -0.1060650
v -0.1385850 -0.2000000 -0.0574050
v -0.1847800 -0.2000000 -0.0765400
v -0.1847800 -0.2000000 -0.0765400
v -0.1385850 -0.2000000 -0.0574050
v -0.1500000 -0.2000000 0.0000000
v -0.2000000 -0.2000000 0.0000000
v -0.2000000 -0.2000000 0.0000000
v -0.1500000 -0.2000000 0.0000000
v -0.1385850 -0.2000000 0.0574050
v -0.1847800 -0.2000000 0.0765400
v -0.1847800 -0.2000000 0.0765400
v -0.1385850 -0.2000000 0.0574050
v -0.1060650 -0.2000000 0.1060650
v -0.1414200 -0.2000000 0.1414200
v -0.1414200 -0.2000000 0.1414200
v -0.1060650 -0.2000000 0.1060650
v -0.0574050 -0.2000000 0.1385850
v -0.0765400 -0.2000000 0.1847800
v -0.0765400 -0.2000000 0.1847800
v -0.0574050 -0.2000000 0.1385850
v 0.0000000 -0.2000000 0.1500000
v 0.0000000 -0.2000000 0.2000000
v 0.0000000 -0.2000000 0.2000000
v 0.0000000 -0.2000000 0.1500000
v 0.0574050 -0.2000000 0.1385850
v 0.0765400 -0.2000000 0.1847800
v 0.0765400 -0.2000000 0.1847800
v 0.0574050 -0.2000000 0.1385850
v 0.1060650 -0.2000000 0.1060650
v 0.1414200 -0.2000000 0.1414200
v 0.1414200 -0.2000000 0.1414200
v 0.1060650 -0.2000000 0.1060650
v 0.1385850 -0.2000000 0.0574050
v 0.1847800 -0.2000000 0.0765400
v 0.1847800 -0.2000000 0.0765400
v 0.1385850 -0.2000000 0.0574050
v 0.1500000 -0.2000000 0.0000000
v 0.2000000 -0.2000000 0.0000000
v 0.2000000 -0.2000000 0.0000000
v 0.1500000 -0.2000000 0.0000000
v 0.1385850 -0.2000000 -0.0574050
v 0.1847800 -0.2000000 -0.0765400
v 0.1847800 -0.2000000 -0.0765400
v 0.1385850 -0.2000000 -0.0574050
v 0.1060650 -0.2000000 -0.1060650
v 0.1414200 -0.2000000 -0.1414200
v 0.1414200 -0.2000000 -0.1414200
v 0.1060650 -0.2000000 -0.1060650
v 0.0574050 -0.2000000 -0.1385850
v 0.0765400 -0.2000000 -0.1847800
v 0.0765400 -0.2000000 -0.1847800
v 0.0574050 -0.2000000 -0.1385850
v 0.0000000 -0.2000000 -0.1500000
v 0.0000000 -0.2000000 -0.2000000
v 0.6000000 -0.2000000 0.0000000
v 0.5543400 -0.2000000 0.2296200
v 0.4619500 -0.2000000 0.1913500
v 0.5000000 -0.2000000 0.0000000
v 0.5543400 -0.2000000 0.2296200
v 0.4242600 -0.2000000 0.4242600
v 0.3535500 -0.2000000 0.3535500
v 0.4619500 -0.2000000 0.1913500
v 0.4242600 -0.2000000 0.4242600
v 0.2296200 -0.2000000 0.5543400
v 0.1913500 -0.2000000 0.4619500
v 0.3535500 -0.2000000 0.3535500
v 0.2296200 -0.2000000 0.5543400
v 0.0000000 -0.2000000 0.6000000
v 0.0000000 -0.2000000 0.5000000
v 0.1913500 -0.2000000 0.4619500
v 0.0000000 -0.2000000 0.6000000
v -0.2296200 -0.2000000 0.5543400
v -0.1913500 -0.2000000 0.4619500
v 0.0000000 -0.2000000 0.5000000
v -0.2296200 -0.2000000 0.5543400
v -0.4242600 -0.2000000 0.4242600
v -0.3535500 -0.2000000 0.3535500
v -0.1913500 -0.2000000 0.4619500
v -0.4242600 -0.2000000 0.4242600
v -0.5543400 -0.2000000 0.2296200
v -0.4619500 -0.2000000 0.1913500
v -0.3535500 -0.2000000 0.3535500
v -0.5543400 -0.2000000 0.2296200
v -0.6000000 -0.2000000 0.0000000
v -0.5000000 -0.2000000 0.0000000
v -0.4619500 -0.2000000 0.1913500
v -0.6000000 -0.2000000 0.0000000
v -0.5543400 -0.2000000 -0.2296200
v -0.4619500 -0.2000000 -0.1913500
v -0.5000000 -0.2000000 0.0000000
v -0.5543400 -0.2000000 -0.2296200
v -0.4242600 -0.2000000 -0.4242600
v -0.3535500 -0.2000000 -0.3535500
v -0.4619500 -0.2000000 -0.1913500
v -0.4242600 -0.2000000 -0.4242600
v -0.2296200 -0.2000000 -0.5543400
v -0.1913500 -0.2000000 -0.4619500
v -0.3535500 -0.2000000 -0.3535500
v -0.2296200 -0.2000000 -0.5543400
v 0.0000000 -0.2000000 -0.6000000
v 0.0000000 -0.2000000 -0.5000000
v -0.1913500 -0.2000000 -0.4619500
v 0.0000000 -0.2000000 -0.6000000
v 0.2296200 -0.2000000 -0.5543400
v 0.1913500 -0.2000000 -0.4619500
v 0.0000000 -0.2000000 -0.5000000
v 0.2296200 -0.2000000 -0.5543400
v 0.4242600 -0.2000000 -0.4242600
v 0.3535500 -0.2000000 -0.3535500
v 0.1913500 -0.2000000 -0.4619500
v 0.4242600 -0.2000000 -0.4242600
v 0.5543400 -0.2000000 -0.2296200
v 0.4619500 -0.2000000 -0.1913500
v 0.3535500 -0.2000000 -0.3535500
v 0.5543400 -0.2000000 -0.2296200
v 0.6000000 -0.2000000 0.0000000
v 0.5000000 -0.2000000 0.0000000
v 0.4619500 -0.2000000 -0.1913500
v 0.5000000 -0.2000000 0.0000000
v 0.4619500 -0.2000000 0.1913500
v 0.4619500 -0.1000000 0.1913500
v 0.5000000 -0.1000000 0.0000000
v 0.4619500 -0.2000000 0.1913500
v 0.3535500 -0.2000000 0.3535500
v 0.3535500 -0.1000000 0.3535500
v 0.4619500 -0.1000000 0.1913500
v 0.3535500 -0.2000000 0.3535500
v 0.1913500 -0.2000000 0.4619500
v 0.1913500 -0.1000000 0.4619500
v 0.3535500 -0.1000000 0.3535500
v 0.1913500 -0.2000000 0.4619500
v 0.0000000 -0.2000000 0.5000000
v 0.0000000 -0.1000000 0.5000000
v 0.1913500 -0.1000000 0.4619500
v 0.0000000 -0.2000000 0.5000000
v -0.1913500 -0.2000000 0.4619500
v -0.1913500 -0.1000000 0.4619500
v 0.0000000 -0.1000000 0.5000000
v -0.1913500 -0.2000000 0.4619500
v -0.3535500 -0.2000000 0.3535500
v -0.3535500 -0.1000000 0.3535500
v -0.1913500 -0.1000000 0.4619500
v -0.3535500 -0.2000000 0.3535500
v -0.4619500 -0.2000000 0.1913500
v -0.4619500 -0.1000000 0.1913500
v -0.3535500 -0.1000000 0.3535500
v -0.4619500 -0.2000000 0.1913500
v -0.5000000 -0.2000000 0.0000000
v -0.5000000 -0.1000000 0.0000000
v -0.4619500 -0.1000000 0.1913500
v -0.5000000 -0.2000000 0.0000000
v -0.4619500 -0.2000000 -0.1913500
v -0.4619500 -0.1000000 -0.1913500
v -0.5000000 -0.1000000 0.0000000
v -0.4619500 -0.2000000 -0.1913500
v -0.3535500 -0.2000000 -0.3535500
v -0.3535500 -0.1000000 -0.3535500
v -0.4619500 -0.1000000 -0.1913500
v -0.3535500 -0.2000000 -0.3535500
v -0.1913500 -0.2000000 -0.4619500
v -0.1913500 -0.1000000 -0.4619500
v -0.3535500 -0.1000000 -0.3535500
v -0.1913500 -0.2000000 -0.4619500
v 0.0000000 -0.2000000 -0.5000000
v 0.0000000 -0.1000000 -0.5000000
v -0.1913500 -0.1000000 -0.4619500
v 0.0000000 -0.2000000 -0.5000000
v 0.1913500 -0.2000000 -0.4619500
v 0.1913500 -0.1000000 -0.4619500
v 0.0000000 -0.1000000 -0.5000000
v 0.1913500 -0.2000000 -0.4619500
v 0.3535500 -0.2000000 -0.3535500
v 0.3535500 -0.1000000 -0.3535500
v 0.1913500 -0.1000000 -0.4619500
v 0.3535500 -0.2000000 -0.3535500
v 0.4619500 -0.2000000 -0.1913500
v 0.4619500 -0.1000000 -0.1913500
v 0.3535500 -0.1000000 -0.3535500
v 0.4619500 -0.2000000 -0.1913500
v 0.5000000 -0.2000000 0.0000000
v 0.5000000 -0.1000000 0.0000000
v 0.4619500 -0.1000000 -0.1913500
v 0.6000000 -0.1000000 0.0000000
v 0.5543400 -0.1000000 0.2296200
v 0.5543400 -0.2000000 0.2296200
v 0.6000000 -0.2000000 0.0000000
v 0.5543400 -0.1000000 0.2296200
v 0.4242600 -0.1000000 0.4242600
v 0.4242600 -0.2000000 0.4242600
v 0.5543400 -0.2000000 0.2296200
v 0.4242600 -0.1000000 0.4242600
v 0.2296200 -0.1000000 0.5543400
v 0.2296200 -0.2000000 0.5543400
v 0.4242600 -0.2000000 0.4242600
v 0.2296200 -0.1000000 0.5543400
v 0.0000000 -0.1000000 0.6000000
v 0.0000000 -0.2000000 0.6000000
v 0.2296200 -0.2000000 0.5543400
v 0.0000000 -0.1000000 0.6000000
v -0.2296200 -0.1000000 0.5543400
v -0.2296200 -0.2000000 0.5543400
v 0.0000000 -0.2000000 0.6000000
v -0.2296200 -0.1000000 0.5543400
v -0.4242600 -0.1000000 0.4242600
v -0.4242600 -0.2000000 0.4242600
v -0.2296200 -0.2000000 0.5543400
v -0.4242600 -0.1000000 0.4242600
v -0.5543400 -0.1000000 0.2296200
v -0.5543400 -0.2000000 0.2296200
v -0.4242600 -0.2000000 0.4242600
v -0.5543400 -0.1000000 0.2296200
v -0.6000000 -0.1000000 0.0000000
v -0.6000000 -0.2000000 0.0000000
v -0.5543400 -0.2000000 0.2296200
v -0.6000000 -0.1000000 0.0000000
v -0.5543400 -0.1000000 -0.2296200
v -0.5543400 -0.2000000 -0.2296200
v -0.6000000 -0.2000000 0.0000000
v -0.5543400 -0.1000000 -0.2296200
v -0.4242600 -0.1000000 -0.4242600
v -0.4242600 -0.2000000 -0.4242600
v -0.5543400 -0.2000000 -0.2296200
v -0.4242600 -0.1000000 -0.4242600
v -0.2296200 -0.1000000 -0.5543400
v -0.2296200 -0.2000000 -0.5543400
v -0.4242600 -0.2000000 -0.4242600
v -0.2296200 -0.1000000 -0.5543400
v 0.0000000 -0.1000000 -0.6000000
v 0.0000000 -0.2000000 -0.6000000
v -0.2296200 -0.2000000 -0.5543400
v 0.0000000 -0.1000000 -0.6000000
v 0.2296200 -0.1000000 -0.5543400
v 0.2296200 -0.2000000 -0.5543400
v 0.0000000 -0.2000000 -0.6000000
v 0.2296200 -0.1000000 -0.5543400
v 0.4242600 -0.1000000 -0.4242600
v 0.4242600 -0.2000000 -0.4242600
v 0.2296200 -0.2000000 -0.5543400
v 0.4242600 -0.1000000 -0.4242600
v 0.5543400 -0.1000000 -0.2296200
v 0.5543400 -0.2000000 -0.2296200
v 0.4242600 -0.2000000 -0.4242600
v 0.5543400 -0.1000000 -0.2296200
v 0.6000000 -0.1000000 0.0000000
v 0.6000000 -0.2000000 0.0000000
v 0.5543400 -0.2000000 -0.2296200
v 0.0000000 -0.1000000 0.0000000
v 0.5000000 -0.1000000 0.0000000
v 0.4619500 -0.1000000 0.1913500
v 0.0000000 -0.1000000 0.0000000
v 0.4619500 -0.1000000 0.1913500
v 0.3535500 -0.1000000 0.3535500
v 0.0000000 -0.1000000 0.0000000
v 0.3535500 -0.1000000 0.3535500
v 0.1913500 -0.1000000 0.4619500
v 0.0000000 -0.1000000 0.0000000
v 0.1913500 -0.1000000 0.4619500
v 0.0000000 -0.1000000 0.5000000
v 0.0000000 -0.1000000 0.0000000
v 0.0000000 -0.1000000 0.5000000
v -0.1913500 -0.1000000 0.4619500
v 0.0000000 -0.1000000 0.0000000
v -0.1913500 -0.1000000 0.4619500
v -0.3535500 -0.1000000 0.3535500
v 0.0000000 -0.1000000 0.0000000
v -0.3535500 -0.1000000 0.3535500
v -0.4619500 -0.1000000 0.1913500
v 0.0000000 -0.1000000 0.0000000
v -0.4619500 -0.1000000 0.1913500
v -0.5000000 -0.1000000 0.0000000
v 0.0000000 -0.1000000 0.0000000
v -0.5000000 -0.1000000 0.0000000
v -0.4619500 -0.1000000 -0.1913500
v 0.0000000 -0.1000000 0.0000000
v -0.4619500 -0.1000000 -0.1913500
v -0.3535500 -0.1000000 -0.3535500
v 0.0000000 -0.1000000 0.0000000
v -0.3535500 -0.1000000 -0.3535500
v -0.1913500 -0.1000000 -0.4619500
v 0.0000000 -0.1000000 0.0000000
v -0.1913500 -0.1000000 -0.4619500
v 0.0000000 -0.1000000 -0.5000000
v 0.0000000 -0.1000000 0.0000000
v 0.0000000 -0.1000000 -0.5000000
v 0.1913500 -0.1000000 -0.4619500
v 0.0000000 -0.1000000 0.0000000
v 0.1913500 -0.1000000 -0.4619500
v 0.3535500 -0.1000000 -0.3535500
v 0.0000000 -0.1000000 0.0000000
v 0.3535500 -0.1000000 -0.3535500
v 0.4619500 -0.1000000 -0.1913500
v 0.0000000 -0.1000000 0.0000000
v 0.4619500 -0.1000000 -0.1913500
v 0.5000000 -0.1000000 0.0000000
v 0.5000000 -0.0000000 0.0000000
v 0.4619500 -0.0000000 0.1913500
v 0.4973000 -0.0076000 0.2060000
v 0.5382500 -0.0076000 0.0000000
v 0.5382500 -0.0076000 0.0000000
v 0.4973000 -0.0076000 0.2060000
v 0.5273000 -0.0293000 0.2184000
v 0.5707000 -0.0293000 0.0000000
v 0.5707000 -0.0293000 0.0000000
v 0.5273000 -0.0293000 0.2184000
v 0.5473000 -0.0617500 0.2267000
v 0.5924000 -0.0617500 0.0000000
v 0.5924000 -0.0617500 0.0000000
v 0.5473000 -0.0617500 0.2267000
v 0.5543500 -0.1000000 0.2296000
v 0.6000000 -0.1000000 0.0000000
v 0.4619500 -0.0000000 0.1913500
v 0.3535500 -0.0000000 0.3535500
v 0.3806000 -0.0076000 0.3806000
v 0.4973000 -0.0076000 0.2060000
v 0.4973000 -0.0076000 0.2060000
v 0.3806000 -0.0076000 0.3806000
v 0.4035500 -0.0293000 0.4035500
v 0.5273000 -0.0293000 0.2184000
v 0.5273000 -0.0293000 0.2184000
v 0.4035500 -0.0293000 0.4035500
v 0.4189000 -0.0617500 0.4189000
v 0.5473000 -0.0617500 0.2267000
v 0.5473000 -0.0617500 0.2267000
v 0.4189000 -0.0617500 0.4189000
v 0.4242500 -0.1000000 0.4242500
v 0.5543500 -0.1000000 0.2296000
v 0.3535500 -0.0000000 0.3535500
v 0.1913500 -0.0000000 0.4619500
v 0.2060000 -0.0076000 0.4973000
v 0.3806000 -0.0076000 0.3806000
v 0.3806000 -0.0076000 0.3806000
v 0.2060000 -0.0076000 0.4973000
v 0.2184000 -0.0293000 0.5273000
v 0.4035500 -0.0293000 0.4035500
v 0.4035500 -0.0293000 0.4035500
v 0.2184000 -0.0293000 0.5273000
v 0.2267000 -0.0617500 0.5473000
v 0.4189000 -0.0617500 0.4189000
v 0.4189000 -0.0617500 0.4189000
v 0.2267000 -0.0617500 0.5473000
v 0.2296000 -0.1000000 0.5543500
v 0.4242500 -0.1000000 0.4242500
v 0.1913500 -0.0000000 0.4619500
v 0.0000000 -0.0000000 0.5000000
v 0.0000000 -0.0076000 0.5382500
v 0.2060000 -0.0076000 0.4973000
v 0.2060000 -0.0076000 0.4973000
v 0.0000000 -0.0076000 0.5382500
v 0.0000000 -0.0293000 0.5707000
v 0.2184000 -0.0293000 0.5273000
v 0.2184000 -0.0293000 0.5273000
v 0.0000000 -0.0293000 0.5707000
v 0.0000000 -0.0617500 0.5924000
v 0.2267000 -0.0617500 0.5473000
v 0.2267000 -0.0617500 0.5473000
v 0.0000000 -0.0617500 0.5924000
v 0.0000000 -0.1000000 0.6000000
v 0.2296000 -0.1000000 0.5543500
v 0.5382500 -0.0076000 0.0000000
v 0.4973000 -0.0076000 -0.2060000
v 0.4619500 -0.0000000 -0.1913500
v 0.5000000 -0.0000000 0.0000000
v 0.5707000 -0.0293000 0.0000000
v 0.5273000 -0.0293000 -0.2184000
v 0.4973000 -0.0076000 -0.2060000
v 0.5382500 -0.0076000 0.0000000
v 0.5924000 -0.0617500 0.0000000
v 0.5473000 -0.0617500 -0.2267000
v 0.5273000 -0.0293000 -0.2184000
v 0.5707000 -0.0293000 0.0000000
v 0.6000000 -0.1000000 0.0000000
v 0.5543500 -0.1000000 -0.2296000
v 0.5473000 -0.0617500 -0.2267000
v 0.5924000 -0.0617500 0.0000000
v 0.4973000 -0.0076000 -0.2060000
v 0.3806000 -0.0076000 -0.3806000
v 0.3535500 -0.0000000 -0.3535500
v 0.4619500 -0.0000000 -0.1913500
v 0.5273000 -0.0293000 -0.2184000
v 0.4035500 -0.0293000 -0.4035500
v 0.3806000 -0.0076000 -0.3806000
v 0.4973000 -0.0076000 -0.2060000
v 0.5473000 -0.0617500 -0.2267000
v 0.4189000 -0.0617500 -0.4189000
v 0.4035500 -0.0293000 -0.4035500
v 0.5273000 -0.0293000 -0.2184000
v 0.5543500 -0.1000000 -0.2296000
v 0.4242500 -0.1000000 -0.4242500
v 0.4189000 -0.0617500 -0.4189000
v 0.5473000 -0.0617500 -0.2267000
v 0.3806000 -0.0076000 -0.3806000
v 0.2060000 -0.0076000 -0.4973000
v 0.1913500 -0.0000000 -0.4619500
v 0.3535500 -0.0000000 -0.3535500
v 0.4035500 -0.0293000 -0.4035500
v 0.2184000 -0.0293000 -0.5273000
v 0.2060000 -0.0076000 -0.4973000
v 0.3806000 -0.0076000 -0.3806000
v 0.4189000 -0.0617500 -0.4189000
v 0.2267000 -0.0617500 -0.5473000
v 0.2184000 -0.0293000 -0.5273000
v 0.4035500 -0.0293000 -0.4035500
v 0.4242500 -0.1000000 -0.4242500
v 0.2296000 -0.1000000 -0.5543500
v 0.2267000 -0.0617500 -0.5473000
v 0.4189000 -0.0617500 -0.4189000
v 0.2060000 -0.0076000 -0.4973000
v 0.0000000 -0.0076000 -0.5382500
v 0.0000000 -0.0000000 -0.5000000
v 0.1913500 -0.0000000 -0.4619500
v 0.2184000 -0.0293000 -0.5273000
v 0.0000000 -0.0293000 -0.5707000
v 0.0000000 -0.0076000 -0.5382500
v 0.2060000 -0.0076000 -0.4973000
v 0.2267000 -0.0617500 -0.5473000
v 0.0000000 -0.0617500 -0.5924000
v 0.0000000 -0.0293000 -0.5707000
v 0.2184000 -0.0293000 -0.5273000
v 0.2296000 -0.1000000 -0.5543500
v 0.0000000 -0.1000000 -0.6000000
v 0.0000000 -0.0617500 -0.5924000
v 0.2267000 -0.0617500 -0.5473000
v -0.5000000 -0.0000000 0.0000000
v -0.4619500 -0.0000000 -0.1913500
v -0.4973000 -0.0076000 -0.2060000
v -0.5382500 -0.0076000 0.0000000
v -0.5382500 -0.0076000 0.0000000
v -0.4973000 -0.0076000 -0.2060000
v -0.5273000 -0.0293000 -0.2184000
v -0.5707000 -0.0293000 0.0000000
v -0.5707000 -0.0293000 0.0000000
v -0.5273000 -0.0293000 -0.2184000
v -0.5473000 -0.0617500 -0.2267000
v -0.5924000 -0.0617500 0.0000000
v -0.5924000 -0.0617500 0.0000000
v -0.5473000 -0.0617500 -0.2267000
v -0.5543500 -0.1000000 -0.2296000
v -0.6000000 -0.1000000 0.0000000
v -0.4619500 -0.0000000 -0.1913500
v -0.3535500 -0.0000000 -0.3535500
v -0.3806000 -0.0076000 -0.3806000
v -0.4973000 -0.0076000 -0.2060000
v -0.4973000 -0.0076000 -0.2060000
v -0.3806000 -0.0076000 -0.3806000
v -0.4035500 -0.0293000 -0.4035500
v -0.5273000 -0.0293000 -0.2184000
v -0.5273000 -0.0293000 -0.2184000
v -0.4035500 -0.0293000 -0.4035500
v -0.4189000 -0.0617500 -0.4189000
v -0.5473000 -0.0617500 -0.2267000
v -0.5473000 -0.0617500 -0.2267000
v -0.4189000 -0.0617500 -0.4189000
v -0.4242500 -0.1000000 -0.4242500
v -0.5543500 -0.1000000 -0.2296000
v -0.3535500 -0.0000000 -0.3535500
v -0.1913500 -0.0000000 -0.4619500
v -0.2060000 -0.0076000 -0.4973000
v -0.3806000 -0.0076000 -0.3806000
v -0.3806000 -0.0076000 -0.3806000
v -0.2060000 -0.0076000 -0.4973000
v -0.2184000 -0.0293000 -0.5273000
v -0.4035500 -0.0293000 -0.4035500
v -0.4035500 -0.0293000 -0.4035500
v -0.2184000 -0.0293000 -0.5273000
v -0.2267000 -0.0617500 -0.5473000
v -0.4189000 -0.0617500 -0.4189000
v -0.4189000 -0.0617500 -0.4189000
v -0.2267000 -0.0617500 -0.5473000
v -0.2296000 -0.1000000 -0.5543500
v -0.4242500 -0.1000000 -0.4242500
v -0.1913500 -0.0000000 -0.4619500
v 0.0000000 -0.0000000 -0.5000000
v 0.0000000 -0.0076000 -0.5382500
v -0.2060000 -0.0076000 -0.4973000
v -0.2060000 -0.0076000 -0.4973000
v 0.0000000 -0.0076000 -0.5382500
v 0.0000000 -0.0293000 -0.5707000
v -0.2184000 -0.0293000 -0.5273000
v -0.2184000 -0.0293000 -0.5273000
v 0.0000000 -0.0293000 -0.5707000
v 0.0000000 -0.0617500 -0.5924000
v -0.2267000 -0.0617500 -0.5473000
v -0.2267000 -0.0617500 -0.5473000
v 0.0000000 -0.0617500 -0.5924000
v 0.0000000 -0.1000000 -0.6000000
v -0.2296000 -0.1000000 -0.5543500
v -0.5382500 -0.0076000 0.0000000
v -0.4973000 -0.0076000 0.2060000
v -0.4619500 -0.0000000 0.1913500
v -0.5000000 -0.0000000 0.0000000
v -0.5707000 -0.0293000 0.0000000
v -0.5273000 -0.0293000 0.2184000
v -0.4973000 -0.0076000 0.2060000
v -0.5382500 -0.0076000 0.0000000
v -0.5924000 -0.0617500 0.0000000
v -0.5473000 -0.0617500 0.2267000
v -0.5273000 -0.0293000 0.2184000
v -0.5707000 -0.0293000 0.0000000
v -0.6000000 -0.1000000 0.0000000
v -0.5543500 -0.1000000 0.2296000
v -0.5473000 -0.0617500 0.2267000
v -0.5924000 -0.0617500 0.0000000
v -0.4973000 -0.0076000 0.2060000
v -0.3806000 -0.0076000 0.3806000
v -0.3535500 -0.0000000 0.3535500
v -0.4619500 -0.0000000 0.1913500
v -0.5273000 -0.0293000 0.2184000
v -0.4035500 -0.0293000 0.4035500
v -0.3806000 -0.0076000 0.3806000
v -0.4973000 -0.0076000 0.2060000
v -0.5473000 -0.0617500 0.2267000
v -0.4189000 -0.0617500 0.4189000
v -0.4035500 -0.0293000 0.4035500
v -0.5273000 -0.0293000 0.2184000
v -0.5543500 -0.1000000 0.2296000
v -0.4242500 -0.1000000 0.4242500
v -0.4189000 -0.0617500 0.4189000
v -0.5473000 -0.0617500 0.2267000
v -0.3806000 -0.0076000 0.3806000
v -0.2060000 -0.0076000 0.4973000
v -0.1913500 -0.0000000 0.4619500
v -0.3535500 -0.0000000 0.3535500
v -0.4035500 -0.0293000 0.4035500
v -0.2184000 -0.0293000 0.5273000
v -0.2060000 -0.0076000 0.4973000
v -0.3806000 -0.0076000 0.3806000
v -0.4189000 -0.0617500 0.4189000
v -0.2267000 -0.0617500 0.5473000
v -0.2184000 -0.0293000 0.5273000
v -0.4035500 -0.0293000 0.4035500
v -0.4242500 -0.1000000 0.4242500
v -0.2296000 -0.1000000 0.5543500
v -0.2267000 -0.0617500 0.5473000
v -0.4189000 -0.0617500 0.4189000
v -0.2060000 -0.0076000 0.4973000
v 0.0000000 -0.0076000 0.5382500
v 0.0000000 -0.0000000 0.5000000
v -0.1913500 -0.0000000 0.4619500
v -0.2184000 -0.0293000 0.5273000
v 0.0000000 -0.0293000 0.5707000
v 0.0000000 -0.0076000 0.5382500
v -0.2060000 -0.0076000 0.4973000
v -0.2267000 -0.0617500 0.5473000
v 0.0000000 -0.0617500 0.5924000
v 0.0000000 -0.0293000 0.5707000
v -0.2184000 -0.0293000 0.5273000
v -0.2296000 -0.1000000 0.5543500
v 0.0000000 -0.1000000 0.6000000
v 0.0000000 -0.0617500 0.5924000
v -0.2267000 -0.0617500 0.5473000
v 0.0000000 -0.0000000 0.5000000
v 0.0000000 -0.0000000 0.2500000
v -0.0956750 -0.0000000 0.2309750
v -0.1913500 -0.0000000 0.4619500
v -0.1913500 -0.0000000 0.4619500
v -0.0956750 -0.0000000 0.2309750
v -0.1767750 -0.0000000 0.1767750
v -0.3535500 -0.0000000 0.3535500
v -0.3535500 -0.0000000 0.3535500
v -0.1767750 -0.0000000 0.1767750
v -0.2309750 -0.0000000 0.0956750
v -0.4619500 -0.0000000 0.1913500
v -0.4619500 -0.0000000 0.1913500
v -0.2309750 -0.0000000 0.0956750
v -0.2500000 -0.0000000 0.0000000
v -0.5000000 -0.0000000 0.0000000
v -0.5000000 -0.0000000 0.0000000
v -0.2500000 -0.0000000 0.0000000
v -0.2309750 -0.0000000 -0.0956750
v -0.4619500 -0.0000000 -0.1913500
v -0.4619500 -0.0000000 -0.1913500
v -0.2309750 -0.0000000 -0.0956750
v -0.1767750 -0.0000000 -0.1767750
v -0.3535500 -0.0000000 -0.3535500
v -0.3535500 -0.0000000 -0.3535500
v -0.1767750 -0.0000000 -0.1767750
v -0.0956750 -0.0000000 -0.2309750
v -0.1913500 -0.0000000 -0.4619500
v -0.1913500 -0.0000000 -0.4619500
v -0.0956750 -0.0000000 -0.2309750
v 0.0000000 -0.0000000 -0.2500000
v 0.0000000 -0.0000000 -0.5000000
v 0.0000000 -0.0000000 -0.5000000
v 0.0000000 -0.0000000 -0.2500000
v 0.0956750 -0.0000000 -0.2309750
v 0.1913500 -0.0000000 -0.4619500
v 0.1913500 -0.0000000 -0.4619500
v 0.0956750 -0.0000000 -0.2309750
v 0.1767750 -0.0000000 -0.1767750
v 0.3535500 -0.0000000 -0.3535500
v 0.3535500 -0.0000000 -0.3535500
v 0.1767750 -0.0000000 -0.1767750
v 0.2309750 -0.0000000 -0.0956750
v 0.4619500 -0.0000000 -0.1913500
v 0.4619500 -0.0000000 -0.1913500
v 0.2309750 -0.0000000 -0.0956750
v 0.2500000 -0.0000000 0.0000000
v 0.5000000 -0.0000000 0.0000000
v 0.5000000 -0.0000000 0.0000000
v 0.2500000 -0.0000000 0.0000000
v 0.2309750 -0.0000000 0.0956750
v 0.4619500 -0.0000000 0.1913500
v 0.4619500 -0.0000000 0.1913500
v 0.2309750 -0.0000000 0.0956750
v 0.1767750 -0.0000000 0.1767750
v 0.3535500 -0.0000000 0.3535500
v 0.3535500 -0.0000000 0.3535500
v 0.1767750 -0.0000000 0.1767750
v 0.0956750 -0.0000000 0.2309750
v 0.1913500 -0.0000000 0.4619500
v 0.1913500 -0.0000000 0.4619500
v 0.0956750 -0.0000000 0.2309750
v 0.0000000 -0.0000000 0.2500000
v 0.0000000 -0.0000000 0.5000000
v 0.2250000 -0.0000000 0.0000000
v 0.2078725 -0.0000000 0.0861050
v 0.2309700 -0.0000000 0.0956700
v 0.2500000 -0.0000000 0.0000000
v 0.2078725 -0.0000000 0.0861050
v 0.1591000 -0.0000000 0.1591000
v 0.1767775 -0.0000000 0.1767775
v 0.2309700 -0.0000000 0.0956700
v 0.1591000 -0.0000000 0.1591000
v 0.0861050 -0.0000000 0.2078725
v 0.0956700 -0.0000000 0.2309700
v 0.1767775 -0.0000000 0.1767775
v 0.0861050 -0.0000000 0.2078725
v 0.0000000 -0.0000000 0.2250000
v 0.0000000 -0.0000000 0.2500000
v 0.0956700 -0.0000000 0.2309700
v 0.0000000 -0.0000000 0.2250000
v -0.0861050 -0.0000000 0.2078725
v -0.0956700 -0.0000000 0.2309700
v 0.0000000 -0.0000000 0.2500000
v -0.0861050 -0.0000000 0.2078725
v -0.1591000 -0.0000000 0.1591000
v -0.1767775 -0.0000000 0.1767775
v -0.0956700 -0.0000000 0.2309700
v -0.1591000 -0.0000000 0.1591000
v -0.2078725 -0.0000000 0.0861050
v -0.2309700 -0.0000000 0.0956700
v -0.1767775 -0.0000000 0.1767775
v -0.2078725 -0.0000000 0.0861050
v -0.2250000 -0.0000000 0.0000000
v -0.2500000 -0.0000000 0.0000000
v -0.2309700 -0.0000000 0.0956700
v -0.2250000 -0.0000000 0.0000000
v -0.2078725 -0.0000000 -0.0861050
v -0.2309700 -0.0000000 -0.0956700
v -0.2500000 -0.0000000 0.0000000
v -0.2078725 -0.0000000 -0.0861050
v -0.1591000 -0.0000000 -0.1591000
v -0.1767775 -0.0000000 -0.1767775
v -0.2309700 -0.0000000 -0.0956700
v -0.1591000 -0.0000000 -0.1591000
v -0.0861050 -0.0000000 -0.2078725
v -0.0956700 -0.0000000 -0.2309700
v -0.1767775 -0.0000000 -0.1767775
v -0.0861050 -0.0000000 -0.2078725
v 0.0000000 -0.0000000 -0.2250000
v 0.0000000 -0.0000000 -0.2500000
v -0.0956700 -0.0000000 -0.2309700
v 0.0000000 -0.0000000 -0.2250000
v 0.0861050 -0.0000000 -0.2078725
v 0.0956700 -0.0000000 -0.2309700
v 0.0000000 -0.0000000 -0.2500000
v 0.0861050 -0.0000000 -0.2078725
v 0.1591000 -0.0000000 -0.1591000
v 0.1767775 -0.0000000 -0.1767775
v 0.0956700 -0.0000000 -0.2309700
v 0.1591000 -0.0000000 -0.1591000
v 0.2078725 -0.0000000 -0.0861050
v 0.2309700 -0.0000000 -0.0956700
v 0.1767775 -0.0000000 -0.1767775
v 0.2078725 -0.0000000 -0.0861050
v 0.2250000 -0.0000000 0.0000000
v 0.2500000 -0.0000000 0.0000000
v 0.2309700 -0.0000000 -0.0956700
v 0.1500075 0.0750000 0.0000000
v 0.1385775 0.0750000 0.0573975
v 0.1438650 0.0462900 0.0595800
v 0.1557000 0.0462900 0.0000000
v 0.1557000 0.0462900 0.0000000
v 0.1438650 0.0462900 0.0595800
v 0.1588725 0.0219675 0.0658125
v 0.1719675 0.0219675 0.0000000
v 0.1719675 0.0219675 0.0000000
v 0.1588725 0.0219675 0.0658125
v 0.1813500 0.0057000 0.0751275
v 0.1962900 0.0057000 0.0000000
v 0.1962900 0.0057000 0.0000000
v 0.1813500 0.0057000 0.0751275
v 0.2078775 0.0000075 0.0861075
v 0.2250000 0.0000075 0.0000000
v 0.1385775 0.0750000 0.0573975
v 0.1060650 0.0750000 0.1060650
v 0.1100925 0.0462900 0.1100925
v 0.1438650 0.0462900 0.0595800
v 0.1438650 0.0462900 0.0595800
v 0.1100925 0.0462900 0.1100925
v 0.1215900 0.0219675 0.1215900
v 0.1588725 0.0219675 0.0658125
v 0.1588725 0.0219675 0.0658125
v 0.1215900 0.0219675 0.1215900
v 0.1388025 0.0057000 0.1388025
v 0.1813500 0.0057000 0.0751275
v 0.1813500 0.0057000 0.0751275
v 0.1388025 0.0057000 0.1388025
v 0.1590975 0.0000075 0.1590975
v 0.2078775 0.0000075 0.0861075
v 0.1060650 0.0750000 0.1060650
v 0.0573975 0.0750000 0.1385775
v 0.0595800 0.0462900 0.1438650
v 0.1100925 0.0462900 0.1100925
v 0.1100925 0.0462900 0.1100925
v 0.0595800 0.0462900 0.1438650
v 0.0658125 0.0219675 0.1588725
v 0.1215900 0.0219675 0.1215900
v 0.1215900 0.0219675 0.1215900
v 0.0658125 0.0219675 0.1588725
v 0.0751275 0.0057000 0.1813500
v 0.1388025 0.0057000 0.1388025
v 0.1388025 0.0057000 0.1388025
v 0.0751275 0.0057000 0.1813500
v 0.0861075 0.0000075 0.2078775
v 0.1590975 0.0000075 0.1590975
v 0.0573975 0.0750000 0.1385775
v 0.0000000 0.0750000 0.1500075
v 0.0000000 0.0462900 0.1557000
v 0.0595800 0.0462900 0.1438650
v 0.0595800 0.0462900 0.1438650
v 0.0000000 0.0462900 0.1557000
v 0.0000000 0.0219675 0.1719675
v 0.0658125 0.0219675 0.1588725
v 0.0658125 0.0219675 0.1588725
v 0.0000000 0.0219675 0.1719675
v 0.0000000 0.0057000 0.1962900
v 0.0751275 0.0057000 0.1813500
v 0.0751275 0.0057000 0.1813500
v 0.0000000 0.0057000 0.1962900
v 0.0000000 0.0000075 0.2250000
v 0.0861075 0.0000075 0.2078775
v 0.0000000 0.0750000 -0.1500075
v 0.0573975 0.0750000 -0.1385775
v 0.0595800 0.0462900 -0.1438650
v 0.0000000 0.0462900 -0.1557000
v 0.0000000 0.0462900 -0.1557000
v 0.0595800 0.0462900 -0.1438650
v 0.0658125 0.0219675 -0.1588725
v 0.0000000 0.0219675 -0.1719675
v 0.0000000 0.0219675 -0.1719675
v 0.0658125 0.0219675 -0.1588725
v 0.0751275 0.0057000 -0.1813500
v 0.0000000 0.0057000 -0.1962900
v 0.0000000 0.0057000 -0.1962900
v 0.0751275 0.0057000 -0.1813500
v 0.0861075 0.0000075 -0.2078775
v 0.0000000 0.0000075 -0.2250000
v 0.0573975 0.0750000 -0.1385775
v 0.1060650 0.0750000 -0.1060650
v 0.1100925 0.0462900 -0.1100925
v 0.0595800 0.0462900 -0.1438650
v 0.0595800 0.0462900 -0.1438650
v 0.1100925 0.0462900 -0.1100925
v 0.1215900 0.0219675 -0.1215900
v 0.0658125 0.0219675 -0.1588725
v 0.0658125 0.0219675 -0.1588725
v 0.1215900 0.0219675 -0.1215900
v 0.1388025 0.0057000 -0.1388025
v 0.0751275 0.0057000 -0.1813500
v 0.0751275 0.0057000 -0.1813500
v 0.1388025 0.0057000 -0.1388025
v 0.1590975 0.0000075 -0.1590975
v 0.0861075 0.0000075 -0.2078775
v 0.1060650 0.0750000 -0.1060650
v 0.1385775 0.0750000 -0.0573975
v 0.1438650 0.0462900 -0.0595800
v 0.1100925 0.0462900 -0.1100925
v 0.1100925 0.0462900 -0.1100925
v 0.1438650 0.0462900 -0.0595800
v 0.1588725 0.0219675 -0.0658125
v 0.1215900 0.0219675 -0.1215900
v 0.1215900 0.0219675 -0.1215900
v 0.1588725 0.0219675 -0.0658125
v 0.1813500 0.0057000 -0.0751275
v 0.1388025 0.0057000 -0.1388025
v 0.1388025 0.0057000 -0.1388025
v 0.1813500 0.0057000 -0.0751275
v 0.2078775 0.0000075 -0.0861075
v 0.1590975 0.0000075 -0.1590975
v 0.1385775 0.0750000 -0.0573975
v 0.1500075 0.0750000 0.0000000
v 0.1557000 0.0462900 0.0000000
v 0.1438650 0.0462900 -0.0595800
v 0.1438650 0.0462900 -0.0595800
v 0.1557000 0.0462900 0.0000000
v 0.1719675 0.0219675 0.0000000
v 0.1588725 0.0219675 -0.0658125
v 0.1588725 0.0219675 -0.0658125
v 0.1719675 0.0219675 0.0000000
v 0.1962900 0.0057000 0.0000000
v 0.1813500 0.0057000 -0.0751275
v 0.1813500 0.0057000 -0.0751275
v 0.1962900 0.0057000 0.0000000
v 0.2250000 0.0000075 0.0000000
v 0.2078775 0.0000075 -0.0861075
v -0.1500075 0.0750000 0.0000000
v -0.1385775 0.0750000 -0.0573975
v -0.1438650 0.0462900 -0.0595800
v -0.1557000 0.0462900 0.0000000
v -0.1557000 0.0462900 0.0000000
v -0.1438650 0.0462900 -0.0595800
v -0.1588725 0.0219675 -0.0658125
v -0.1719675 0.0219675 0.0000000
v -0.1719675 0.0219675 0.0000000
v -0.1588725 0.0219675 -0.0658125
v -0.1813500 0.0057000 -0.0751275
v -0.1962900 0.0057000 0.0000000
v -0.1962900 0.0057000 0.0000000
v -0.1813500 0.0057000 -0.0751275
v -0.2078775 0.0000075 -0.0861075
v -0.2250000 0.0000075 0.0000000
v -0.1385775 0.0750000 -0.0573975
v -0.1060650 0.0750000 -0.1060650
v -0.1100925 0.0462900 -0.1100925
v -0.1438650 0.0462900 -0.0595800
v -0.1438650 0.0462900 -0.0595800
v -0.1100925 0.0462900 -0.1100925
v -0.1215900 0.0219675 -0.1215900
v -0.1588725 0.0219675 -0.0658125
v -0.1588725 0.0219675 -0.0658125
v -0.1215900 0.0219675 -0.1215900
v -0.1388025 0.0057000 -0.1388025
v -0.1813500 0.0057000 -0.0751275
v -0.1813500 0.0057000 -0.0751275
v -0.1388025 0.0057000 -0.1388025
v -0.1590975 0.0000075 -0.1590975
v -0.2078775 0.0000075 -0.0861075
v -0.1060650 0.0750000 -0.1060650
v -0.0573975 0.0750000 -0.1385775
v -0.0595800 0.0462900 -0.1438650
v -0.1100925 0.0462900 -0.1100925
v -0.1100925 0.0462900 -0.1100925
v -0.0595800 0.0462900 -0.1438650
v -0.0658125 0.0219675 -0.1588725
v -0.1215900 0.0219675 -0.1215900
v -0.1215900 0.0219675 -0.1215900
v -0.0658125 0.0219675 -0.1588725
v -0.0751275 0.0057000 -0.1813500
v -0.1388025 0.0057000 -0.1388025
v -0.1388025 0.0057000 -0.1388025
v -0.0751275 0.0057000 -0.1813500
v -0.0861075 0.0000075 -0.2078775
v -0.1590975 0.0000075 -0.1590975
v -0.0573975 0.0750000 -0.1385775
v 0.0000000 0.0750000 -0.1500075
v 0.0000000 0.0462900 -0.1557000
v -0.0595800 0.0462900 -0.1438650
v -0.0595800 0.0462900 -0.1438650
v 0.0000000 0.0462900 -0.1557000
v 0.0000000 0.0219675 -0.1719675
v -0.0658125 0.0219675 -0.1588725
v -0.0658125 0.0219675 -0.1588725
v 0.0000000 0.0219675 -0.1719675
v 0.0000000 0.0057000 -0.1962900
v -0.0751275 0.0057000 -0.1813500
v -0.0751275 0.0057000 -0.1813500
v 0.0000000 0.0057000 -0.1962900
v 0.0000000 0.0000075 -0.2250000
v -0.0861075 0.0000075 -0.2078775
v 0.0000000 0.0750000 0.1500075
v -0.0573975 0.0750000 0.1385775
v -0.0595800 0.0462900 0.1438650
v 0.0000000 0.0462900 0.1557000
v 0.0000000 0.0462900 0.1557000
v -0.0595800 0.0462900 0.1438650
v -0.0658125 0.0219675 0.1588725
v 0.0000000 0.0219675 0.1719675
v 0.0000000 0.0219675 0.1719675
v -0.0658125 0.0219675 0.1588725
v -0.0751275 0.0057000 0.1813500
v 0.0000000 0.0057000 0.1962900
v 0.0000000 0.0057000 0.1962900
v -0.0751275 0.0057000 0.1813500
v -0.0861075 0.0000075 0.2078775
v 0.0000000 0.0000075 0.2250000
v -0.0573975 0.0750000 0.1385775
v -0.1060650 0.0750000 0.1060650
v -0.1100925 0.0462900 0.1100925
v -0.0595800 0.0462900 0.1438650
v -0.0595800 0.0462900 0.1438650
v -0.1100925 0.0462900 0.1100925
v -0.1215900 0.0219675 0.1215900
v -0.0658125 0.0219675 0.1588725
v -0.0658125 0.0219675 0.1588725
v -0.1215900 0.0219675 0.1215900
v -0.1388025 0.0057000 0.1388025
v -0.0751275 0.0057000 0.1813500
v -0.0751275 0.0057000 0.1813500
v -0.1388025 0.0057000 0.1388025
v -0.1590975 0.0000075 0.1590975
v -0.0861075 0.0000075 0.2078775
v -0.1060650 0.0750000 0.1060650
v -0.1385775 0.0750000 0.0573975
v -0.1438650 0.0462900 0.0595800
v -0.1100925 0.0462900 0.1100925
v -0.1100925 0.0462900 0.1100925
v -0.1438650 0.0462900 0.0595800
v -0.1588725 0.0219675 0.0658125
v -0.1215900 0.0219675 0.1215900
v -0.1215900 0.0219675 0.1215900
v -0.1588725 0.0219675 0.0658125
v -0.1813500 0.0057000 0.0751275
v -0.1388025 0.0057000 0.1388025
v -0.1388025 0.0057000 0.1388025
v -0.1813500 0.0057000 0.0751275
v -0.2078775 0.0000075 0.0861075
v -0.1590975 0.0000075 0.1590975
v -0.1385775 0.0750000 0.0573975
v -0.1500075 0.0750000 0.0000000
v -0.1557000 0.0462900 0.0000000
v -0.1438650 0.0462900 0.0595800
v -0.1438650 0.0462900 0.0595800
v -0.1557000 0.0462900 0.0000000
v -0.1719675 0.0219675 0.0000000
v -0.1588725 0.0219675 0.0658125
v -0.1588725 0.0219675 0.0658125
v -0.1719675 0.0219675 0.0000000
v -0.1962900 0.0057000 0.0000000
v -0.1813500 0.0057000 0.0751275
v -0.1813500 0.0057000 0.0751275
v -0.1962900 0.0057000 0.0000000
v -0.2250000 0.0000075 0.0000000
v -0.2078775 0.0000075 0.0861075
v 0.1500000 0.7000000 0.0000000
v 0.1385850 0.7000000 0.0574050
v 0.1385850 0.0750000 0.0574050
v 0.1500000 0.0750000 0.0000000
v 0.1385850 0.7000000 0.0574050
v 0.1060650 0.7000000 0.1060650
v 0.1060650 0.0750000 0.1060650
v 0.1385850 0.0750000 0.0574050
v 0.1060650 0.7000000 0.1060650
v 0.0574050 0.7000000 0.1385850
v 0.0574050 0.0750000 0.1385850
v 0.1060650 0.0750000 0.1060650
v 0.0574050 0.7000000 0.1385850
v 0.0000000 0.7000000 0.1500000
v 0.0000000 0.0750000 0.1500000
v 0.0574050 0.0750000 0.1385850
v 0.0000000 0.7000000 0.1500000
v -0.0574050 0.7000000 0.1385850
v -0.0574050 0.0750000 0.1385850
v 0.0000000 0.0750000 0.1500000
v -0.0574050 0.7000000 0.1385850
v -0.1060650 0.7000000 0.1060650
v -0.1060650 0.0750000 0.1060650
v -0.0574050 0.0750000 0.1385850
v -0.1060650 0.7000000 0.1060650
v -0.1385850 0.7000000 0.0574050
v -0.1385850 0.0750000 0.0574050
v -0.1060650 0.0750000 0.1060650
v -0.1385850 0.7000000 0.0574050
v -0.1500000 0.7000000 0.0000000
v -0.1500000 0.0750000 0.0000000
v -0.1385850 0.0750000 0.0574050
v -0.1500000 0.7000000 0.0000000
v -0.1385850 0.7000000 -0.0574050
v -0.1385850 0.0750000 -0.0574050
v -0.1500000 0.0750000 0.0000000
v -0.1385850 0.7000000 -0.0574050
v -0.1060650 0.7000000 -0.1060650
v -0.1060650 0.0750000 -0.1060650
v -0.1385850 0.0750000 -0.0574050
v -0.1060650 0.7000000 -0.1060650
v -0.0574050 0.7000000 -0.1385850
v -0.0574050 0.0750000 -0.1385850
v -0.1060650 0.0750000 -0.1060650
v -0.0574050 0.7000000 -0.1385850
v 0.0000000 0.7000000 -0.1500000
v 0.0000000 0.0750000 -0.1500000
v -0.0574050 0.0750000 -0.1385850
v 0.0000000 0.7000000 -0.1500000
v 0.0574050 0.7000000 -0.1385850
v 0.0574050 0.0750000 -0.1385850
v 0.0000000 0.0750000 -0.1500000
v 0.0574050 0.7000000 -0.1385850
v 0.1060650 0.7000000 -0.1060650
v 0.1060650 0.0750000 -0.1060650
v 0.0574050 0.0750000 -0.1385850
v 0.1060650 0.7000000 -0.1060650
v 0.1385850 0.7000000 -0.0574050
v 0.1385850 0.0750000 -0.0574050
v 0.1060650 0.0750000 -0.1060650
v 0.1385850 0.7000000 -0.0574050
v 0.1500000 0.7000000 0.0000000
v 0.1500000 0.0750000 0.0000000
v 0.1385850 0.0750000 -0.0574050
v 0.1500000 1.0250000 0.0000000
v 0.1385850 1.0250000 0.0574050
v 0.1385850 0.8500000 0.0574050
v 0.1500000 0.8500000 0.0000000
v 0.1385850 1.0250000 0.0574050
v 0.1060650 1.0250000 0.1060650
v 0.1060650 0.8500000 0.1060650
v 0.1385850 0.8500000 0.0574050
v 0.1060650 1.0250000 0.1060650
v 0.0574050 1.0250000 0.1385850
v 0.0574050 0.8500000 0.1385850
v 0.1060650 0.8500000 0.1060650
v 0.0574050 1.0250000 0.1385850
v 0.0000000 1.0250000 0.1500000
v 0.0000000 0.8500000 0.1500000
v 0.0574050 0.8500000 0.1385850
v 0.0000000 1.0250000 0.1500000
v -0.0574050 1.0250000 0.1385850
v -0.0574050 0.8500000 0.1385850
v 0.0000000 0.8500000 0.1500000
v -0.0574050 1.0250000 0.1385850
v -0.1060650 1.0250000 0.1060650
v -0.1060650 0.8500000 0.1060650
v -0.0574050 0.8500000 0.1385850
v -0.1060650 1.0250000 0.1060650
v -0.1385850 1.0250000 0.0574050
v -0.1385850 0.8500000 0.0574050
v -0.1060650 0.8500000 0.1060650
v -0.1385850 1.0250000 0.0574050
v -0.1500000 1.0250000 0.0000000
v -0.1500000 0.8500000 0.0000000
v -0.1385850 0.8500000 0.0574050
v -0.1500000 1.0250000 0.0000000
v -0.1385850 1.0250000 -0.0574050
v -0.1385850 0.8500000 -0.0574050
v -0.1500000 0.8500000 0.0000000
v -0.1385850 1.0250000 -0.0574050
v -0.1060650 1.0250000 -0.1060650
v -0.1060650 0.8500000 -0.1060650
v -0.1385850 0.8500000 -0.0574050
v -0.1060650 1.0250000 -0.1060650
v -0.0574050 1.0250000 -0.1385850
v -0.0574050 0.8500000 -0.1385850
v -0.1060650 0.8500000 -0.1060650
v -0.0574050 1.0250000 -0.1385850
v 0.0000000 1.0250000 -0.1500000
v 0.0000000 0.8500000 -0.1500000
v -0.0574050 0.8500000 -0.1385850
v 0.0000000 1.0250000 -0.1500000
v 0.0574050 1.0250000 -0.1385850
v 0.0574050 0.8500000 -0.1385850
v 0.0000000 0.8500000 -0.1500000
v 0.0574050 1.0250000 -0.1385850
v 0.1060650 1.0250000 -0.1060650
v 0.1060650 0.8500000 -0.1060650
v 0.0574050 0.8500000 -0.1385850
v 0.1060650 1.0250000 -0.1060650
v 0.1385850 1.0250000 -0.0574050
v 0.1385850 0.8500000 -0.0574050
v 0.1060650 0.8500000 -0.1060650
v 0.1385850 1.0250000 -0.0574050
v 0.1500000 1.0250000 0.0000000
v 0.1500000 0.8500000 0.0000000
v 0.1385850 0.8500000 -0.0574050
v 0.1375000 1.3500000 0.0000000
v 0.1270363 1.3500000 0.0526213
v 0.1270363 1.1750000 0.0526213
v 0.1375000 1.1750000 0.0000000
v 0.1270363 1.3500000 0.0526213
v 0.0972263 1.3500000 0.0972263
v 0.0972263 1.1750000 0.0972263
v 0.1270363 1.1750000 0.0526213
v 0.0972263 1.3500000 0.0972263
v 0.0526213 1.3500000 0.1270363
v 0.0526213 1.1750000 0.1270363
v 0.0972263 1.1750000 0.0972263
v 0.0526213 1.3500000 0.1270363
v 0.0000000 1.3500000 0.1375000
v 0.0000000 1.1750000 0.1375000
v 0.0526213 1.1750000 0.1270363
v 0.0000000 1.3500000 0.1375000
v -0.0526213 1.3500000 0.1270363
v -0.0526213 1.1750000 0.1270363
v 0.0000000 1.1750000 0.1375000
v -0.0526213 1.3500000 0.1270363
v -0.0972263 1.3500000 0.0972263
v -0.0972263 1.1750000 0.0972263
v -0.0526213 1.1750000 0.1270363
v -0.0972263 1.3500000 0.0972263
v -0.1270363 1.3500000 0.0526213
v -0.1270363 1.1750000 0.0526213
v -0.0972263 1.1750000 0.0972263
v -0.1270363 1.3500000 0.0526213
v -0.1375000 1.3500000 0.0000000
v -0.1375000 1.1750000 0.0000000
v -0.1270363 1.1750000 0.0526213
v -0.1375000 1.3500000 0.0000000
v -0.1270363 1.3500000 -0.0526213
v -0.1270363 1.1750000 -0.0526213
v -0.1375000 1.1750000 0.0000000
v -0.1270363 1.3500000 -0.0526213
v -0.0972263 1.3500000 -0.0972263
v -0.0972263 1.1750000 -0.0972263
v -0.1270363 1.1750000 -0.0526213
v -0.0972263 1.3500000 -0.0972263
v -0.0526213 1.3500000 -0.1270363
v -0.0526213 1.1750000 -0.1270363
v -0.0972263 1.1750000 -0.0972263
v -0.0526213 1.3500000 -0.1270363
v 0.0000000 1.3500000 -0.1375000
v 0.0000000 1.1750000 -0.1375000
v -0.0526213 1.1750000 -0.1270363
v 0.0000000 1.3500000 -0.1375000
v 0.0526213 1.3500000 -0.1270363
v 0.0526213 1.1750000 -0.1270363
v 0.0000000 1.1750000 -0.1375000
v 0.0526213 1.3500000 -0.1270363
v 0.0972263 1.3500000 -0.0972263
v 0.0972263 1.1750000 -0.0972263
v 0.0526213 1.1750000 -0.1270363
v 0.0972263 1.3500000 -0.0972263
v 0.1270363 1.3500000 -0.0526213
v 0.1270363 1.1750000 -0.0526213
v 0.0972263 1.1750000 -0.0972263
v 0.1270363 1.3500000 -0.0526213
v 0.1375000 1.3500000 0.0000000
v 0.1375000 1.1750000 0.0000000
v 0.1270363 1.1750000 -0.0526213
v 0.1375000 1.6750000 0.0000000
v 0.1270363 1.6750000 0.0526213
v 0.1270363 1.5000000 0.0526213
v 0.1375000 1.5000000 0.0000000
v 0.1270363 1.6750000 0.0526213
v 0.0972263 1.6750000 0.0972263
v 0.0972263 1.5000000 0.0972263
v 0.1270363 1.5000000 0.0526213
v 0.0972263 1.6750000 0.0972263
v 0.0526213 1.6750000 0.1270363
v 0.0526213 1.5000000 0.1270363
v 0.0972263 1.5000000 0.0972263
v 0.0526213 1.6750000 0.1270363
v 0.0000000 1.6750000 0.1375000
v 0.0000000 1.5000000 0.1375000
v 0.0526213 1.5000000 0.1270363
v 0.0000000 1.6750000 0.1375000
v -0.0526213 1.6750000 0.1270363
v -0.0526213 1.5000000 0.1270363
v 0.0000000 1.5000000 0.1375000
v -0.0526213 1.6750000 0.1270363
v -0.0972263 1.6750000 0.0972263
v -0.0972263 1.5000000 0.0972263
v -0.0526213 1.5000000 0.1270363
v -0.0972263 1.6750000 0.0972263
v -0.1270363 1.6750000 0.0526213
v -0.1270363 1.5000000 0.0526213
v -0.0972263 1.5000000 0.0972263
v -0.1270363 1.6750000 0.0526213
v -0.1375000 1.6750000 0.0000000
v -0.1375000 1.5000000 0.0000000
v -0.1270363 1.5000000 0.0526213
v -0.1375000 1.6750000 0.0000000
v -0.1270363 1.6750000 -0.0526213
v -0.1270363 1.5000000 -0.0526213
v -0.1375000 1.5000000 0.0000000
v -0.1270363 1.6750000 -0.0526213
v -0.0972263 1.6750000 -0.0972263
v -0.0972263 1.5000000 -0.0972263
v -0.1270363 1.5000000 -0.0526213
v -0.0972263 1.6750000 -0.0972263
v -0.0526213 1.6750000 -0.1270363
v -0.0526213 1.5000000 -0.1270363
v -0.0972263 1.5000000 -0.0972263
v -0.0526213 1.6750000 -0.1270363
v 0.0000000 1.6750000 -0.1375000
v 0.0000000 1.5000000 -0.1375000
v -0.0526213 1.5000000 -0.1270363
v 0.0000000 1.6750000 -0.1375000
v 0.0526213 1.6750000 -0.1270363
v 0.0526213 1.5000000 -0.1270363
v 0.0000000 1.5000000 -0.1375000
v 0.0526213 1.6750000 -0.1270363
v 0.0972263 1.6750000 -0.0972263
v 0.0972263 1.5000000 -0.0972263
v 0.0526213 1.5000000 -0.1270363
v 0.0972263 1.6750000 -0.0972263
v 0.1270363 1.6750000 -0.0526213
v 0.1270363 1.5000000 -0.0526213
v 0.0972263 1.5000000 -0.0972263
v 0.1270363 1.6750000 -0.0526213
v 0.1375000 1.6750000 0.0000000
v 0.1375000 1.5000000 0.0000000
v 0.1270363 1.5000000 -0.0526213
v 0.1375000 2.0000000 0.0000000
v 0.1270363 2.0000000 0.0526213
v 0.1270363 1.8250000 0.0526213
v 0.1375000 1.8250000 0.0000000
v 0.1270363 2.0000000 0.0526213
v 0.0972263 2.0000000 0.0972263
v 0.0972263 1.8250000 0.0972263
v 0.1270363 1.8250000 0.0526213
v 0.0972263 2.0000000 0.0972263
v 0.0526213 2.0000000 0.1270363
v 0.0526213 1.8250000 0.1270363
v 0.0972263 1.8250000 0.0972263
v 0.0526213 2.0000000 0.1270363
v 0.0000000 2.0000000 0.1375000
v 0.0000000 1.8250000 0.1375000
v 0.0526213 1.8250000 0.1270363
v 0.0000000 2.0000000 0.1375000
v -0.0526213 2.0000000 0.1270363
v -0.0526213 1.8250000 0.1270363
v 0.0000000 1.8250000 0.1375000
v -0.0526213 2.0000000 0.1270363
v -0.0972263 2.0000000 0.0972263
v -0.0972263 1.8250000 0.0972263
v -0.0526213 1.8250000 0.1270363
v -0.0972263 2.0000000 0.0972263
v -0.1270363 2.0000000 0.0526213
v -0.1270363 1.8250000 0.0526213
v -0.0972263 1.8250000 0.0972263
v -0.1270363 2.0000000 0.0526213
v -0.1375000 2.0000000 0.0000000
v -0.1375000 1.8250000 0.0000000
v -0.1270363 1.8250000 0.0526213
v -0.1375000 2.0000000 0.0000000
v -0.1270363 2.0000000 -0.0526213
v -0.1270363 1.8250000 -0.0526213
v -0.1375000 1.8250000 0.0000000
v -0.1270363 2.0000000 -0.0526213
v -0.0972263 2.0000000 -0.0972263
v -0.0972263 1.8250000 -0.0972263
v -0.1270363 1.8250000 -0.0526213
v -0.0972263 2.0000000 -0.0972263
v -0.0526213 2.0000000 -0.1270363
v -0.0526213 1.8250000 -0.1270363
v -0.0972263 1.8250000 -0.0972263
v -0.0526213 2.0000000 -0.1270363
v 0.0000000 2.0000000 -0.1375000
v 0.0000000 1.8250000 -0.1375000
v -0.0526213 1.8250000 -0.1270363
v 0.0000000 2.0000000 -0.1375000
v 0.0526213 2.0000000 -0.1270363
v 0.0526213 1.8250000 -0.1270363
v 0.0000000 1.8250000 -0.1375000
v 0.0526213 2.0000000 -0.1270363
v 0.0972263 2.0000000 -0.0972263
v 0.0972263 1.8250000 -0.0972263
v 0.0526213 1.8250000 -0.1270363
v 0.0972263 2.0000000 -0.0972263
v 0.1270363 2.0000000 -0.0526213
v 0.1270363 1.8250000 -0.0526213
v 0.0972263 1.8250000 -0.0972263
v 0.1270363 2.0000000 -0.0526213
v 0.1375000 2.0000000 0.0000000
v 0.1375000 1.8250000 0.0000000
v 0.1270363 1.8250000 -0.0526213
v 0.1375000 2.3250000 0.0000000
v 0.1270363 2.3250000 0.0526213
v 0.1270363 2.1500000 0.0526213
v 0.1375000 2.1500000 0.0000000
v 0.1270363 2.3250000 0.0526213
v 0.0972263 2.3250000 0.0972263
v 0.0972263 2.1500000 0.0972263
v 0.1270363 2.1500000 0.0526213
v 0.0972263 2.3250000 0.0972263
v 0.0526213 2.3250000 0.1270363
v 0.0526213 2.1500000 0.1270363
v 0.0972263 2.1500000 0.0972263
v 0.0526213 2.3250000 0.1270363
v 0.0000000 2.3250000 0.1375000
v 0.0000000 2.1500000 0.1375000
v 0.0526213 2.1500000 0.1270363
v 0.0000000 2.3250000 0.1375000
v -0.0526213 2.3250000 0.1270363
v -0.0526213 2.1500000 0.1270363
v 0.0000000 2.1500000 0.1375000
v -0.0526213 2.3250000 0.1270363
v -0.0972263 2.3250000 0.0972263
v -0.0972263 2.1500000 0.0972263
v -0.0526213 2.1500000 0.1270363
v -0.0972263 2.3250000 0.0972263
v -0.1270363 2.3250000 0.0526213
v -0.1270363 2.1500000 0.0526213
v -0.0972263 2.1500000 0.0972263
v -0.1270363 2.3250000 0.0526213
v -0.1375000 2.3250000 0.0000000
v -0.1375000 2.1500000 0.0000000
v -0.1270363 2.1500000 0.0526213
v -0.1375000 2.3250000 0.0000000
v -0.1270363 2.3250000 -0.0526213
v -0.1270363 2.1500000 -0.0526213
v -0.1375000 2.1500000 0.0000000
v -0.1270363 2.3250000 -0.0526213
v -0.0972263 2.3250000 -0.0972263
v -0.0972263 2.1500000 -0.0972263
v -0.1270363 2.1500000 -0.0526213
v -0.0972263 2.3250000 -0.0972263
v -0.0526213 2.3250000 -0.1270363
v -0.0526213 2.1500000 -0.1270363
v -0.0972263 2.1500000 -0.0972263
v -0.0526213 2.3250000 -0.1270363
v 0.0000000 2.3250000 -0.1375000
v 0.0000000 2.1500000 -0.1375000
v -0.0526213 2.1500000 -0.1270363
v 0.0000000 2.3250000 -0.1375000
v 0.0526213 2.3250000 -0.1270363
v 0.0526213 2.1500000 -0.1270363
v 0.0000000 2.1500000 -0.1375000
v 0.0526213 2.3250000 -0.1270363
v 0.0972263 2.3250000 -0.0972263
v 0.0972263 2.1500000 -0.0972263
v 0.0526213 2.1500000 -0.1270363
v 0.0972263 2.3250000 -0.0972263
v 0.1270363 2.3250000 -0.0526213
v 0.1270363 2.1500000 -0.0526213
v 0.0972263 2.1500000 -0.0972263
v 0.1270363 2.3250000 -0.0526213
v 0.1375000 2.3250000 0.0000000
v 0.1375000 2.1500000 0.0000000
v 0.1270363 2.1500000 -0.0526213
v 0.1375000 2.6500000 0.0000000
v 0.1270363 2.6500000 0.0526213
v 0.1270363 2.4750000 0.0526213
v 0.1375000 2.4750000 0.0000000
v 0.1270363 2.6500000 0.0526213
v 0.0972263 2.6500000 0.0972263
v 0.0972263 2.4750000 0.0972263
v 0.1270363 2.4750000 0.0526213
v 0.0972263 2.6500000 0.0972263
v 0.0526213 2.6500000 0.1270363
v 0.0526213 2.4750000 0.1270363
v 0.0972263 2.4750000 0.0972263
v 0.0526213 2.6500000 0.1270363
v 0.0000000 2.6500000 0.1375000
v 0.0000000 2.4750000 0.1375000
v 0.0526213 2.4750000 0.1270363
v 0.0000000 2.6500000 0.1375000
v -0.0526213 2.6500000 0.1270363
v -0.0526213 2.4750000 0.1270363
v 0.0000000 2.4750000 0.1375000
v -0.0526213 2.6500000 0.1270363
v -0.0972263 2.6500000 0.0972263
v -0.0972263 2.4750000 0.0972263
v -0.0526213 2.4750000 0.1270363
v -0.0972263 2.6500000 0.0972263
v -0.1270363 2.6500000 0.0526213
v -0.1270363 2.4750000 0.0526213
v -0.0972263 2.4750000 0.0972263
v -0.1270363 2.6500000 0.0526213
v -0.1375000 2.6500000 0.0000000
v -0.1375000 2.4750000 0.0000000
v -0.1270363 2.4750000 0.0526213
v -0.1375000 2.6500000 0.0000000
v -0.1270363 2.6500000 -0.0526213
v -0.1270363 2.4750000 -0.0526213
v -0.1375000 2.4750000 0.0000000
v -0.1270363 2.6500000 -0.0526213
v -0.0972263 2.6500000 -0.0972263
v -0.0972263 2.4750000 -0.0972263
v -0.1270363 2.4750000 -0.0526213
v -0.0972263 2.6500000 -0.0972263
v -0.0526213 2.6500000 -0.1270363
v -0.0526213 2.4750000 -0.1270363
v -0.0972263 2.4750000 -0.0972263
v -0.0526213 2.6500000 -0.1270363
v 0.0000000 2.6500000 -0.1375000
v 0.0000000 2.4750000 -0.1375000
v -0.0526213 2.4750000 -0.1270363
v 0.0000000 2.6500000 -0.1375000
v 0.0526213 2.6500000 -0.1270363
v 0.0526213 2.4750000 -0.1270363
v 0.0000000 2.4750000 -0.1375000
v 0.0526213 2.6500000 -0.1270363
v 0.0972263 2.6500000 -0.0972263
v 0.0972263 2.4750000 -0.0972263
v 0.0526213 2.4750000 -0.1270363
v 0.0972263 2.6500000 -0.0972263
v 0.1270363 2.6500000 -0.0526213
v 0.1270363 2.4750000 -0.0526213
v 0.0972263 2.4750000 -0.0972263
v 0.1270363 2.6500000 -0.0526213
v 0.1375000 2.6500000 0.0000000
v 0.1375000 2.4750000 0.0000000
v 0.1270363 2.4750000 -0.0526213
v 0.1375000 2.9750000 0.0000000
v 0.1270363 2.9750000 0.0526213
v 0.1270363 2.8000000 0.0526213
v 0.1375000 2.8000000 0.0000000
v 0.1270363 2.9750000 0.0526213
v 0.0972263 2.9750000 0.0972263
v 0.0972263 2.8000000 0.0972263
v 0.1270363 2.8000000 0.0526213
v 0.0972263 2.9750000 0.0972263
v 0.0526213 2.9750000 0.1270363
v 0.0526213 2.8000000 0.1270363
v 0.0972263 2.8000000 0.0972263
v 0.0526213 2.9750000 0.1270363
v 0.0000000 2.9750000 0.1375000
v 0.0000000 2.8000000 0.1375000
v 0.0526213 2.8000000 0.1270363
v 0.0000000 2.9750000 0.1375000
v -0.0526213 2.9750000 0.1270363
v -0.0526213 2.8000000 0.1270363
v 0.0000000 2.8000000 0.1375000
v -0.0526213 2.9750000 0.1270363
v -0.0972263 2.9750000 0.0972263
v -0.0972263 2.8000000 0.0972263
v -0.0526213 2.8000000 0.1270363
v -0.0972263 2.9750000 0.0972263
v -0.1270363 2.9750000 0.0526213
v -0.1270363 2.8000000 0.0526213
v -0.0972263 2.8000000 0.0972263
v -0.1270363 2.9750000 0.0526213
v -0.1375000 2.9750000 0.0000000
v -0.1375000 2.8000000 0.0000000
v -0.1270363 2.8000000 0.0526213
v -0.1375000 2.9750000 0.0000000
v -0.1270363 2.9750000 -0.0526213
v -0.1270363 2.8000000 -0.0526213
v -0.1375000 2.8000000 0.0000000
v -0.1270363 2.9750000 -0.0526213
v -0.0972263 2.9750000 -0.0972263
v -0.0972263 2.8000000 -0.0972263
v -0.1270363 2.8000000 -0.0526213
v -0.0972263 2.9750000 -0.0972263
v -0.0526213 2.9750000 -0.1270363
v -0.0526213 2.8000000 -0.1270363
v -0.0972263 2.8000000 -0.0972263
v -0.0526213 2.9750000 -0.1270363
v 0.0000000 2.9750000 -0.1375000
v 0.0000000 2.8000000 -0.1375000
v -0.0526213 2.8000000 -0.1270363
v 0.0000000 2.9750000 -0.1375000
v 0.0526213 2.9750000 -0.1270363
v 0.0526213 2.8000000 -0.1270363
v 0.0000000 2.8000000 -0.1375000
v 0.0526213 2.9750000 -0.1270363
v 0.0972263 2.9750000 -0.0972263
v 0.0972263 2.8000000 -0.0972263
v 0.0526213 2.8000000 -0.1270363
v 0.0972263 2.9750000 -0.0972263
v 0.1270363 2.9750000 -0.0526213
v 0.1270363 2.8000000 -0.0526213
v 0.0972263 2.8000000 -0.0972263
v 0.1270363 2.9750000 -0.0526213
v 0.1375000 2.9750000 0.0000000
v 0.1375000 2.8000000 0.0000000
v 0.1270363 2.8000000 -0.0526213
v 0.1375000 3.3000000 0.0000000
v 0.1270363 3.3000000 0.0526213
v 0.1270363 3.1250000 0.0526213
v 0.1375000 3.1250000 0.0000000
v 0.1270363 3.3000000 0.0526213
v 0.0972263 3.3000000 0.0972263
v 0.0972263 3.1250000 0.0972263
v 0.1270363 3.1250000 0.0526213
v 0.0972263 3.3000000 0.0972263
v 0.0526213 3.3000000 0.1270363
v 0.0526213 3.1250000 0.1270363
v 0.0972263 3.1250000 0.0972263
v 0.0526213 3.3000000 0.1270363
v 0.0000000 3.3000000 0.1375000
v 0.0000000 3.1250000 0.1375000
v 0.0526213 3.1250000 0.1270363
v 0.0000000 3.3000000 0.1375000
v -0.0526213 3.3000000 0.1270363
v -0.0526213 3.1250000 0.1270363
v 0.0000000 3.1250000 0.1375000
v -0.0526213 3.3000000 0.1270363
v -0.0972263 3.3000000 0.0972263
v -0.0972263 3.1250000 0.0972263
v -0.0526213 3.1250000 0.1270363
v -0.0972263 3.3000000 0.0972263
v -0.1270363 3.3000000 0.0526213
v -0.1270363 3.1250000 0.0526213
v -0.0972263 3.1250000 0.0972263
v -0.1270363 3.3000000 0.0526213
v -0.1375000 3.3000000 0.0000000
v -0.1375000 3.1250000 0.0000000
v -0.1270363 3.1250000 0.0526213
v -0.1375000 3.3000000 0.0000000
v -0.1270363 3.3000000 -0.0526213
v -0.1270363 3.1250000 -0.0526213
v -0.1375000 3.1250000 0.0000000
v -0.1270363 3.3000000 -0.0526213
v -0.0972263 3.3000000 -0.0972263
v -0.0972263 3.1250000 -0.0972263
v -0.1270363 3.1250000 -0.0526213
v -0.0972263 3.3000000 -0.0972263
v -0.0526213 3.3000000 -0.1270363
v -0.0526213 3.1250000 -0.1270363
v -0.0972263 3.1250000 -0.0972263
v -0.0526213 3.3000000 -0.1270363
v 0.0000000 3.3000000 -0.1375000
v 0.0000000 3.1250000 -0.1375000
v -0.0526213 3.1250000 -0.1270363
v 0.0000000 3.3000000 -0.1375000
v 0.0526213 3.3000000 -0.1270363
v 0.0526213 3.1250000 -0.1270363
v 0.0000000 3.1250000 -0.1375000
v 0.0526213 3.3000000 -0.1270363
v 0.0972263 3.3000000 -0.0972263
v 0.0972263 3.1250000 -0.0972263
v 0.0526213 3.1250000 -0.1270363
v 0.0972263 3.3000000 -0.0972263
v 0.1270363 3.3000000 -0.0526213
v 0.1270363 3.1250000 -0.0526213
v 0.0972263 3.1250000 -0.0972263
v 0.1270363 3.3000000 -0.0526213
v 0.1375000 3.3000000 0.0000000
v 0.1375000 3.1250000 0.0000000
v 0.1270363 3.1250000 -0.0526213
v 0.1375000 3.6250000 0.0000000
v 0.1270363 3.6250000 0.0526213
v 0.1270363 3.4500000 0.0526213
v 0.1375000 3.4500000 0.0000000
v 0.1270363 3.6250000 0.0526213
v 0.0972263 3.6250000 0.0972263
v 0.0972263 3.4500000 0.0972263
v 0.1270363 3.4500000 0.0526213
v 0.0972263 3.6250000 0.0972263
v 0.0526213 3.6250000 0.1270363
v 0.0526213 3.4500000 0.1270363
v 0.0972263 3.4500000 0.0972263
v 0.0526213 3.6250000 0.1270363
v 0.0000000 3.6250000 0.1375000
v 0.0000000 3.4500000 0.1375000
v 0.0526213 3.4500000 0.1270363
v 0.0000000 3.6250000 0.1375000
v -0.0526213 3.6250000 0.1270363
v -0.0526213 3.4500000 0.1270363
v 0.0000000 3.4500000 0.1375000
v -0.0526213 3.6250000 0.1270363
v -0.0972263 3.6250000 0.0972263
v -0.0972263 3.4500000 0.0972263
v -0.0526213 3.4500000 0.1270363
v -0.0972263 3.6250000 0.0972263
v -0.1270363 3.6250000 0.0526213
v -0.1270363 3.4500000 0.0526213
v -0.0972263 3.4500000 0.0972263
v -0.1270363 3.6250000 0.0526213
v -0.1375000 3.6250000 0.0000000
v -0.1375000 3.4500000 0.0000000
v -0.1270363 3.4500000 0.0526213
v -0.1375000 3.6250000 0.0000000
v -0.1270363 3.6250000 -0.0526213
v -0.1270363 3.4500000 -0.0526213
v -0.1375000 3.4500000 0.0000000
v -0.1270363 3.6250000 -0.0526213
v -0.0972263 3.6250000 -0.0972263
v -0.0972263 3.4500000 -0.0972263
v -0.1270363 3.4500000 -0.0526213
v -0.0972263 3.6250000 -0.0972263
v -0.0526213 3.6250000 -0.1270363
v -0.0526213 3.4500000 -0.1270363
v -0.0972263 3.4500000 -0.0972263
v -0.0526213 3.6250000 -0.1270363
v 0.0000000 3.6250000 -0.1375000
v 0.0000000 3.4500000 -0.1375000
v -0.0526213 3.4500000 -0.1270363
v 0.0000000 3.6250000 -0.1375000
v 0.0526213 3.6250000 -0.1270363
v 0.0526213 3.4500000 -0.1270363
v 0.0000000 3.4500000 -0.1375000
v 0.0526213 3.6250000 -0.1270363
v 0.0972263 3.6250000 -0.0972263
v 0.0972263 3.4500000 -0.0972263
v 0.0526213 3.4500000 -0.1270363
v 0.0972263 3.6250000 -0.0972263
v 0.1270363 3.6250000 -0.0526213
v 0.1270363 3.4500000 -0.0526213
v 0.0972263 3.4500000 -0.0972263
v 0.1270363 3.6250000 -0.0526213
v 0.1375000 3.6250000 0.0000000
v 0.1375000 3.4500000 0.0000000
v 0.1270363 3.4500000 -0.0526213
v 0.1375000 3.9500000 0.0000000
v 0.1270363 3.9500000 0.0526213
v 0.1270363 3.7750000 0.0526213
v 0.1375000 3.7750000 0.0000000
v 0.1270363 3.9500000 0.0526213
v 0.0972263 3.9500000 0.0972263
v 0.0972263 3.7750000 0.0972263
v 0.1270363 3.7750000 0.0526213
v 0.0972263 3.9500000 0.0972263
v 0.0526213 3.9500000 0.1270363
v 0.0526213 3.7750000 0.1270363
v 0.0972263 3.7750000 0.0972263
v 0.0526213 3.9500000 0.1270363
v 0.0000000 3.9500000 0.1375000
v 0.0000000 3.7750000 0.1375000
v 0.0526213 3.7750000 0.1270363
v 0.0000000 3.9500000 0.1375000
v -0.0526213 3.9500000 0.1270363
v -0.0526213 3.7750000 0.1270363
v 0.0000000 3.7750000 0.1375000
v -0.0526213 3.9500000 0.1270363
v -0.0972263 3.9500000 0.0972263
v -0.0972263 3.7750000 0.0972263
v -0.0526213 3.7750000 0.1270363
v -0.0972263 3.9500000 0.0972263
v -0.1270363 3.9500000 0.0526213
v -0.1270363 3.7750000 0.0526213
v -0.0972263 3.7750000 0.0972263
v -0.1270363 3.9500000 0.0526213
v -0.1375000 3.9500000 0.0000000
v -0.1375000 3.7750000 0.0000000
v -0.1270363 3.7750000 0.0526213
v -0.1375000 3.9500000 0.0000000
v -0.1270363 3.9500000 -0.0526213
v -0.1270363 3.7750000 -0.0526213
v -0.1375000 3.7750000 0.0000000
v -0.1270363 3.9500000 -0.0526213
v -0.0972263 3.9500000 -0.0972263
v -0.0972263 3.7750000 -0.0972263
v -0.1270363 3.7750000 -0.0526213
v -0.0972263 3.9500000 -0.0972263
v -0.0526213 3.9500000 -0.1270363
v -0.0526213 3.7750000 -0.1270363
v -0.0972263 3.7750000 -0.0972263
v -0.0526213 3.9500000 -0.1270363
v 0.0000000 3.9500000 -0.1375000
v 0.0000000 3.7750000 -0.1375000
v -0.0526213 3.7750000 -0.1270363
v 0.0000000 3.9500000 -0.1375000
v 0.0526213 3.9500000 -0.1270363
v 0.0526213 3.7750000 -0.1270363
v 0.0000000 3.7750000 -0.1375000
v 0.0526213 3.9500000 -0.1270363
v 0.0972263 3.9500000 -0.0972263
v 0.0972263 3.7750000 -0.0972263
v 0.0526213 3.7750000 -0.1270363
v 0.0972263 3.9500000 -0.0972263
v 0.1270363 3.9500000 -0.0526213
v 0.1270363 3.7750000 -0.0526213
v 0.0972263 3.7750000 -0.0972263
v 0.1270363 3.9500000 -0.0526213
v 0.1375000 3.9500000 0.0000000
v 0.1375000 3.7750000 0.0000000
v 0.1270363 3.7750000 -0.0526213
v 0.1250000 4.2750000 0.0000000
v 0.1154875 4.2750000 0.0478375
v 0.1154875 4.1000000 0.0478375
v 0.1250000 4.1000000 0.0000000
v 0.1154875 4.2750000 0.0478375
v 0.0883875 4.2750000 0.0883875
v 0.0883875 4.1000000 0.0883875
v 0.1154875 4.1000000 0.0478375
v 0.0883875 4.2750000 0.0883875
v 0.0478375 4.2750000 0.1154875
v 0.0478375 4.1000000 0.1154875
v 0.0883875 4.1000000 0.0883875
v 0.0478375 4.2750000 0.1154875
v 0.0000000 4.2750000 0.1250000
v 0.0000000 4.1000000 0.1250000
v 0.0478375 4.1000000 0.1154875
v 0.0000000 4.2750000 0.1250000
v -0.0478375 4.2750000 0.1154875
v -0.0478375 4.1000000 0.1154875
v 0.0000000 4.1000000 0.1250000
v -0.0478375 4.2750000 0.1154875
v -0.0883875 4.2750000 0.0883875
v -0.0883875 4.1000000 0.0883875
v -0.0478375 4.1000000 0.1154875
v -0.0883875 4.2750000 0.0883875
v -0.1154875 4.2750000 0.0478375
v -0.1154875 4.1000000 0.0478375
v -0.0883875 4.1000000 0.0883875
v -0.1154875 4.2750000 0.0478375
v -0.1250000 4.2750000 0.0000000
v -0.1250000 4.1000000 0.0000000
v -0.1154875 4.1000000 0.0478375
v -0.1250000 4.2750000 0.0000000
v -0.1154875 4.2750000 -0.0478375
v -0.1154875 4.1000000 -0.0478375
v -0.1250000 4.1000000 0.0000000
v -0.1154875 4.2750000 -0.0478375
v -0.0883875 4.2750000 -0.0883875
v -0.0883875 4.1000000 -0.0883875
v -0.1154875 4.1000000 -0.0478375
v -0.0883875 4.2750000 -0.0883875
v -0.0478375 4.2750000 -0.1154875
v -0.0478375 4.1000000 -0.1154875
v -0.0883875 4.1000000 -0.0883875
v -0.0478375 4.2750000 -0.1154875
v 0.0000000 4.2750000 -0.1250000
v 0.0000000 4.1000000 -0.1250000
v -0.0478375 4.1000000 -0.1154875
v 0.0000000 4.2750000 -0.1250000
v 0.0478375 4.2750000 -0.1154875
v 0.0478375 4.1000000 -0.1154875
v 0.0000000 4.1000000 -0.1250000
v 0.0478375 4.2750000 -0.1154875
v 0.0883875 4.2750000 -0.0883875
v 0.0883875 4.1000000 -0.0883875
v 0.0478375 4.1000000 -0.1154875
v 0.0883875 4.2750000 -0.0883875
v 0.1154875 4.2750000 -0.0478375
v 0.1154875 4.1000000 -0.0478375
v 0.0883875 4.1000000 -0.0883875
v 0.1154875 4.2750000 -0.0478375
v 0.1250000 4.2750000 0.0000000
v 0.1250000 4.1000000 0.0000000
v 0.1154875 4.1000000 -0.0478375
v 0.1250000 4.6000000 0.0000000
v 0.1154875 4.6000000 0.0478375
v 0.1154875 4.4250000 0.0478375
v 0.1250000 4.4250000 0.0000000
v 0.1154875 4.6000000 0.0478375
v 0.0883875 4.6000000 0.0883875
v 0.0883875 4.4250000 0.0883875
v 0.1154875 4.4250000 0.0478375
v 0.0883875 4.6000000 0.0883875
v 0.0478375 4.6000000 0.1154875
v 0.0478375 4.4250000 0.1154875
v 0.0883875 4.4250000 0.0883875
v 0.0478375 4.6000000 0.1154875
v 0.0000000 4.6000000 0.1250000
v 0.0000000 4.4250000 0.1250000
v 0.0478375 4.4250000 0.1154875
v 0.0000000 4.6000000 0.1250000
v -0.0478375 4.6000000 0.1154875
v -0.0478375 4.4250000 0.1154875
v 0.0000000 4.4250000 0.1250000
v -0.0478375 4.6000000 0.1154875
v -0.0883875 4.6000000 0.0883875
v -0.0883875 4.4250000 0.0883875
v -0.0478375 4.4250000 0.1154875
v -0.0883875 4.6000000 0.0883875
v -0.1154875 4.6000000 0.0478375
v -0.1154875 4.4250000 0.0478375
v -0.0883875 4.4250000 0.0883875
v -0.1154875 4.6000000 0.0478375
v -0.1250000 4.6000000 0.0000000
v -0.1250000 4.4250000 0.0000000
v -0.1154875 4.4250000 0.0478375
v -0.1250000 4.6000000 0.0000000
v -0.1154875 4.6000000 -0.0478375
v -0.1154875 4.4250000 -0.0478375
v -0.1250000 4.4250000 0.0000000
v -0.1154875 4.6000000 -0.0478375
v -0.0883875 4.6000000 -0.0883875
v -0.0883875 4.4250000 -0.0883875
v -0.1154875 4.4250000 -0.0478375
v -0.0883875 4.6000000 -0.0883875
v -0.0478375 4.6000000 -0.1154875
v -0.0478375 4.4250000 -0.1154875
v -0.0883875 4.4250000 -0.0883875
v -0.0478375 4.6000000 -0.1154875
v 0.0000000 4.6000000 -0.1250000
v 0.0000000 4.4250000 -0.1250000
v -0.0478375 4.4250000 -0.1154875
v 0.0000000 4.6000000 -0.1250000
v 0.0478375 4.6000000 -0.1154875
v 0.0478375 4.4250000 -0.1154875
v 0.0000000 4.4250000 -0.1250000
v 0.0478375 4.6000000 -0.1154875
v 0.0883875 4.6000000 -0.0883875
v 0.0883875 4.4250000 -0.0883875
v 0.0478375 4.4250000 -0.1154875
v 0.0883875 4.6000000 -0.0883875
v 0.1154875 4.6000000 -0.0478375
v 0.1154875 4.4250000 -0.0478375
v 0.0883875 4.4250000 -0.0883875
v 0.1154875 4.6000000 -0.0478375
v 0.1250000 4.6000000 0.0000000
v 0.1250000 4.4250000 0.0000000
v 0.1154875 4.4250000 -0.0478375
v 0.1250000 4.9250000 0.0000000
v 0.1154875 4.9250000 0.0478375
v 0.1154875 4.7500000 0.0478375
v 0.1250000 4.7500000 0.0000000
v 0.1154875 4.9250000 0.0478375
v 0.0883875 4.9250000 0.0883875
v 0.0883875 4.7500000 0.0883875
v 0.1154875 4.7500000 0.0478375
v 0.0883875 4.9250000 0.0883875
v 0.0478375 4.9250000 0.1154875
v 0.0478375 4.7500000 0.1154875
v 0.0883875 4.7500000 0.0883875
v 0.0478375 4.9250000 0.1154875
v 0.0000000 4.9250000 0.1250000
v 0.0000000 4.7500000 0.1250000
v 0.0478375 4.7500000 0.1154875
v 0.0000000 4.9250000 0.1250000
v -0.0478375 4.9250000 0.1154875
v -0.0478375 4.7500000 0.1154875
v 0.0000000 4.7500000 0.1250000
v -0.0478375 4.9250000 0.1154875
v -0.0883875 4.9250000 0.0883875
v -0.0883875 4.7500000 0.0883875
v -0.0478375 4.7500000 0.1154875
v -0.0883875 4.9250000 0.0883875
v -0.1154875 4.9250000 0.0478375
v -0.1154875 4.7500000 0.0478375
v -0.0883875 4.7500000 0.0883875
v -0.1154875 4.9250000 0.0478375
v -0.1250000 4.9250000 0.0000000
v -0.1250000 4.7500000 0.0000000
v -0.1154875 4.7500000 0.0478375
v -0.1250000 4.9250000 0.0000000
v -0.1154875 4.9250000 -0.0478375
v -0.1154875 4.7500000 -0.0478375
v -0.1250000 4.7500000 0.0000000
v -0.1154875 4.9250000 -0.0478375
v -0.0883875 4.9250000 -0.0883875
v -0.0883875 4.7500000 -0.0883875
v -0.1154875 4.7500000 -0.0478375
v -0.0883875 4.9250000 -0.0883875
v -0.0478375 4.9250000 -0.1154875
v -0.0478375 4.7500000 -0.1154875
v -0.0883875 4.7500000 -0.0883875
v -0.0478375 4.9250000 -0.1154875
v 0.0000000 4.9250000 -0.1250000
v 0.0000000 4.7500000 -0.1250000
v -0.0478375 4.7500000 -0.1154875
v 0.0000000 4.9250000 -0.1250000
v 0.0478375 4.9250000 -0.1154875
v 0.0478375 4.7500000 -0.1154875
v 0.0000000 4.7500000 -0.1250000
v 0.0478375 4.9250000 -0.1154875
v 0.0883875 4.9250000 -0.0883875
v 0.0883875 4.7500000 -0.0883875
v 0.0478375 4.7500000 -0.1154875
v 0.0883875 4.9250000 -0.0883875
v 0.1154875 4.9250000 -0.0478375
v 0.1154875 4.7500000 -0.0478375
v 0.0883875 4.7500000 -0.0883875
v 0.1154875 4.9250000 -0.0478375
v 0.1250000 4.9250000 0.0000000
v 0.1250000 4.7500000 0.0000000
v 0.1154875 4.7500000 -0.0478375
v 0.1250000 5.2500000 0.0000000
v 0.1154875 5.2500000 0.0478375
v 0.1154875 5.0750000 0.0478375
v 0.1250000 5.0750000 0.0000000
v 0.1154875 5.2500000 0.0478375
v 0.0883875 5.2500000 0.0883875
v 0.0883875 5.0750000 0.0883875
v 0.1154875 5.0750000 0.0478375
v 0.0883875 5.2500000 0.0883875
v 0.0478375 5.2500000 0.1154875
v 0.0478375 5.0750000 0.1154875
v 0.0883875 5.0750000 0.0883875
v 0.0478375 5.2500000 0.1154875
v 0.0000000 5.2500000 0.1250000
v 0.0000000 5.0750000 0.1250000
v 0.0478375 5.0750000 0.1154875
v 0.0000000 5.2500000 0.1250000
v -0.0478375 5.2500000 0.1154875
v -0.0478375 5.0750000 0.1154875
v 0.0000000 5.0750000 0.1250000
v -0.0478375 5.2500000 0.1154875
v -0.0883875 5.2500000 0.0883875
v -0.0883875 5.0750000 0.0883875
v -0.0478375 5.0750000 0.1154875
v -0.0883875 5.2500000 0.0883875
v -0.1154875 5.2500000 0.0478375
v -0.1154875 5.0750000 0.0478375
v -0.0883875 5.0750000 0.0883875
v -0.1154875 5.2500000 0.0478375
v -0.1250000 5.2500000 0.0000000
v -0.1250000 5.0750000 0.0000000
v -0.1154875 5.0750000 0.0478375
v -0.1250000 5.2500000 0.0000000
v -0.1154875 5.2500000 -0.0478375
v -0.1154875 5.0750000 -0.0478375
v -0.1250000 5.0750000 0.0000000
v -0.1154875 5.2500000 -0.0478375
v -0.0883875 5.2500000 -0.0883875
v -0.0883875 5.0750000 -0.0883875
v -0.1154875 5.0750000 -0.0478375
v -0.0883875 5.2500000 -0.0883875
v -0.0478375 5.2500000 -0.1154875
v -0.0478375 5.0750000 -0.1154875
v -0.0883875 5.0750000 -0.0883875
v -0.0478375 5.2500000 -0.1154875
v 0.0000000 5.2500000 -0.1250000
v 0.0000000 5.0750000 -0.1250000
v -0.0478375 5.0750000 -0.1154875
v 0.0000000 5.2500000 -0.1250000
v 0.0478375 5.2500000 -0.1154875
v 0.0478375 5.0750000 -0.1154875
v 0.0000000 5.0750000 -0.1250000
v 0.0478375 5.2500000 -0.1154875
v 0.0883875 5.2500000 -0.0883875
v 0.0883875 5.0750000 -0.0883875
v 0.0478375 5.0750000 -0.1154875
v 0.0883875 5.2500000 -0.0883875
v 0.1154875 5.2500000 -0.0478375
v 0.1154875 5.0750000 -0.0478375
v 0.0883875 5.0750000 -0.0883875
v 0.1154875 5.2500000 -0.0478375
v 0.1250000 5.2500000 0.0000000
v 0.1250000 5.0750000 0.0000000
v 0.1154875 5.0750000 -0.0478375
v 0.1250000 5.5750000 0.0000000
v 0.1154875 5.5750000 0.0478375
v 0.1154875 5.4000000 0.0478375
v 0.1250000 5.4000000 0.0000000
v 0.1154875 5.5750000 0.0478375
v 0.0883875 5.5750000 0.0883875
v 0.0883875 5.4000000 0.0883875
v 0.1154875 5.4000000 0.0478375
v 0.0883875 5.5750000 0.0883875
v 0.0478375 5.5750000 0.1154875
v 0.0478375 5.4000000 0.1154875
v 0.0883875 5.4000000 0.0883875
v 0.0478375 5.5750000 0.1154875
v 0.0000000 5.5750000 0.1250000
v 0.0000000 5.4000000 0.1250000
v 0.0478375 5.4000000 0.1154875
v 0.0000000 5.5750000 0.1250000
v -0.0478375 5.5750000 0.1154875
v -0.0478375 5.4000000 0.1154875
v 0.0000000 5.4000000 0.1250000
v -0.0478375 5.5750000 0.1154875
v -0.0883875 5.5750000 0.0883875
v -0.0883875 5.4000000 0.0883875
v -0.0478375 5.4000000 0.1154875
v -0.0883875 5.5750000 0.0883875
v -0.1154875 5.5750000 0.0478375
v -0.1154875 5.4000000 0.0478375
v -0.0883875 5.4000000 0.0883875
v -0.1154875 5.5750000 0.0478375
v -0.1250000 5.5750000 0.0000000
v -0.1250000 5.4000000 0.0000000
v -0.1154875 5.4000000 0.0478375
v -0.1250000 5.5750000 0.0000000
v -0.1154875 5.5750000 -0.0478375
v -0.1154875 5.4000000 -0.0478375
v -0.1250000 5.4000000 0.0000000
v -0.1154875 5.5750000 -0.0478375
v -0.0883875 5.5750000 -0.0883875
v -0.0883875 5.4000000 -0.0883875
v -0.1154875 5.4000000 -0.0478375
v -0.0883875 5.5750000 -0.0883875
v -0.0478375 5.5750000 -0.1154875
v -0.0478375 5.4000000 -0.1154875
v -0.0883875 5.4000000 -0.0883875
v -0.0478375 5.5750000 -0.1154875
v 0.0000000 5.5750000 -0.1250000
v 0.0000000 5.4000000 -0.1250000
v -0.0478375 5.4000000 -0.1154875
v 0.0000000 5.5750000 -0.1250000
v 0.0478375 5.5750000 -0.1154875
v 0.0478375 5.4000000 -0.1154875
v 0.0000000 5.4000000 -0.1250000
v 0.0478375 5.5750000 -0.1154875
v 0.0883875 5.5750000 -0.0883875
v 0.0883875 5.4000000 -0.0883875
v 0.0478375 5.4000000 -0.1154875
v 0.0883875 5.5750000 -0.0883875
v 0.1154875 5.5750000 -0.0478375
v 0.1154875 5.4000000 -0.0478375
v 0.0883875 5.4000000 -0.0883875
v 0.1154875 5.5750000 -0.0478375
v 0.1250000 5.5750000 0.0000000
v 0.1250000 5.4000000 0.0000000
v 0.1154875 5.4000000 -0.0478375
v 0.1250000 5.9000000 0.0000000
v 0.1154875 5.9000000 0.0478375
v 0.1154875 5.7250000 0.0478375
v 0.1250000 5.7250000 0.0000000
v 0.1154875 5.9000000 0.0478375
v 0.0883875 5.9000000 0.0883875
v 0.0883875 5.7250000 0.0883875
v 0.1154875 5.7250000 0.0478375
v 0.0883875 5.9000000 0.0883875
v 0.0478375 5.9000000 0.1154875
v 0.0478375 5.7250000 0.1154875
v 0.0883875 5.7250000 0.0883875
v 0.0478375 5.9000000 0.1154875
v 0.0000000 5.9000000 0.1250000
v 0.0000000 5.7250000 0.1250000
v 0.0478375 5.7250000 0.1154875
v 0.0000000 5.9000000 0.1250000
v -0.0478375 5.9000000 0.1154875
v -0.0478375 5.7250000 0.1154875
v 0.0000000 5.7250000 0.1250000
v -0.0478375 5.9000000 0.1154875
v -0.0883875 5.9000000 0.0883875
v -0.0883875 5.7250000 0.0883875
v -0.0478375 5.7250000 0.1154875
v -0.0883875 5.9000000 0.0883875
v -0.1154875 5.9000000 0.0478375
v -0.1154875 5.7250000 0.0478375
v -0.0883875 5.7250000 0.0883875
v -0.1154875 5.9000000 0.0478375
v -0.1250000 5.9000000 0.0000000
v -0.1250000 5.7250000 0.0000000
v -0.1154875 5.7250000 0.0478375
v -0.1250000 5.9000000 0.0000000
v -0.1154875 5.9000000 -0.0478375
v -0.1154875 5.7250000 -0.0478375
v -0.1250000 5.7250000 0.0000000
v -0.1154875 5.9000000 -0.0478375
v -0.0883875 5.9000000 -0.0883875
v -0.0883875 5.7250000 -0.0883875
v -0.1154875 5.7250000 -0.0478375
v -0.0883875 5.9000000 -0.0883875
v -0.0478375 5.9000000 -0.1154875
v -0.0478375 5.7250000 -0.1154875
v -0.0883875 5.7250000 -0.0883875
v -0.0478375 5.9000000 -0.1154875
v 0.0000000 5.9000000 -0.1250000
v 0.0000000 5.7250000 -0.1250000
v -0.0478375 5.7250000 -0.1154875
v 0.0000000 5.9000000 -0.1250000
v 0.0478375 5.9000000 -0.1154875
v 0.0478375 5.7250000 -0.1154875
v 0.0000000 5.7250000 -0.1250000
v 0.0478375 5.9000000 -0.1154875
v 0.0883875 5.9000000 -0.0883875
v 0.0883875 5.7250000 -0.0883875
v 0.0478375 5.7250000 -0.1154875
v 0.0883875 5.9000000 -0.0883875
v 0.1154875 5.9000000 -0.0478375
v 0.1154875 5.7250000 -0.0478375
v 0.0883875 5.7250000 -0.0883875
v 0.1154875 5.9000000 -0.0478375
v 0.1250000 5.9000000 0.0000000
v 0.1250000 5.7250000 0.0000000
v 0.1154875 5.7250000 -0.0478375
v 0.1250000 6.2250000 0.0000000
v 0.1154875 6.2250000 0.0478375
v 0.1154875 6.0500000 0.0478375
v 0.1250000 6.0500000 0.0000000
v 0.1154875 6.2250000 0.0478375
v 0.0883875 6.2250000 0.0883875
v 0.0883875 6.0500000 0.0883875
v 0.1154875 6.0500000 0.0478375
v 0.0883875 6.2250000 0.0883875
v 0.0478375 6.2250000 0.1154875
v 0.0478375 6.0500000 0.1154875
v 0.0883875 6.0500000 0.0883875
v 0.0478375 6.2250000 0.1154875
v 0.0000000 6.2250000 0.1250000
v 0.0000000 6.0500000 0.1250000
v 0.0478375 6.0500000 0.1154875
v 0.0000000 6.2250000 0.1250000
v -0.0478375 6.2250000 0.1154875
v -0.0478375 6.0500000 0.1154875
v 0.0000000 6.0500000 0.1250000
v -0.0478375 6.2250000 0.1154875
v -0.0883875 6.2250000 0.0883875
v -0.0883875 6.0500000 0.0883875
v -0.0478375 6.0500000 0.1154875
v -0.0883875 6.2250000 0.0883875
v -0.1154875 6.2250000 0.0478375
v -0.1154875 6.0500000 0.0478375
v -0.0883875 6.0500000 0.0883875
v -0.1154875 6.2250000 0.0478375
v -0.1250000 6.2250000 0.0000000
v -0.1250000 6.0500000 0.0000000
v -0.1154875 6.0500000 0.0478375
v -0.1250000 6.2250000 0.0000000
v -0.1154875 6.2250000 -0.0478375
v -0.1154875 6.0500000 -0.0478375
v -0.1250000 6.0500000 0.0000000
v -0.1154875 6.2250000 -0.0478375
v -0.0883875 6.2250000 -0.0883875
v -0.0883875 6.0500000 -0.0883875
v -0.1154875 6.0500000 -0.0478375
v -0.0883875 6.2250000 -0.0883875
v -0.0478375 6.2250000 -0.1154875
v -0.0478375 6.0500000 -0.1154875
v -0.0883875 6.0500000 -0.0883875
v -0.0478375 6.2250000 -0.1154875
v 0.0000000 6.2250000 -0.1250000
v 0.0000000 6.0500000 -0.1250000
v -0.0478375 6.0500000 -0.1154875
v 0.0000000 6.2250000 -0.1250000
v 0.0478375 6.2250000 -0.1154875
v 0.0478375 6.0500000 -0.1154875
v 0.0000000 6.0500000 -0.1250000
v 0.0478375 6.2250000 -0.1154875
v 0.0883875 6.2250000 -0.0883875
v 0.0883875 6.0500000 -0.0883875
v 0.0478375 6.0500000 -0.1154875
v 0.0883875 6.2250000 -0.0883875
v 0.1154875 6.2250000 -0.0478375
v 0.1154875 6.0500000 -0.0478375
v 0.0883875 6.0500000 -0.0883875
v 0.1154875 6.2250000 -0.0478375
v 0.1250000 6.2250000 0.0000000
v 0.1250000 6.0500000 0.0000000
v 0.1154875 6.0500000 -0.0478375
v 0.1250000 6.5750000 0.0000000
v 0.1154875 6.5750000 0.0478375
v 0.1154875 6.3750000 0.0478375
v 0.1250000 6.3750000 0.0000000
v 0.1154875 6.5750000 0.0478375
v 0.0883875 6.5750000 0.0883875
v 0.0883875 6.3750000 0.0883875
v 0.1154875 6.3750000 0.0478375
v 0.0883875 6.5750000 0.0883875
v 0.0478375 6.5750000 0.1154875
v 0.0478375 6.3750000 0.1154875
v 0.0883875 6.3750000 0.0883875
v 0.0478375 6.5750000 0.1154875
v 0.0000000 6.5750000 0.1250000
v 0.0000000 6.3750000 0.1250000
v 0.0478375 6.3750000 0.1154875
v 0.0000000 6.5750000 0.1250000
v -0.0478375 6.5750000 0.1154875
v -0.0478375 6.3750000 0.1154875
v 0.0000000 6.3750000 0.1250000
v -0.0478375 6.5750000 0.1154875
v -0.0883875 6.5750000 0.0883875
v -0.0883875 6.3750000 0.0883875
v -0.0478375 6.3750000 0.1154875
v -0.0883875 6.5750000 0.0883875
v -0.1154875 6.5750000 0.0478375
v -0.1154875 6.3750000 0.0478375
v -0.0883875 6.3750000 0.0883875
v -0.1154875 6.5750000 0.0478375
v -0.1250000 6.5750000 0.0000000
v -0.1250000 6.3750000 0.0000000
v -0.1154875 6.3750000 0.0478375
v -0.1250000 6.5750000 0.0000000
v -0.1154875 6.5750000 -0.0478375
v -0.1154875 6.3750000 -0.0478375
v -0.1250000 6.3750000 0.0000000
v -0.1154875 6.5750000 -0.0478375
v -0.0883875 6.5750000 -0.0883875
v -0.0883875 6.3750000 -0.0883875
v -0.1154875 6.3750000 -0.0478375
v -0.0883875 6.5750000 -0.0883875
v -0.0478375 6.5750000 -0.1154875
v -0.0478375 6.3750000 -0.1154875
v -0.0883875 6.3750000 -0.0883875
v -0.0478375 6.5750000 -0.1154875
v 0.0000000 6.5750000 -0.1250000
v 0.0000000 6.3750000 -0.1250000
v -0.0478375 6.3750000 -0.1154875
v 0.0000000 6.5750000 -0.1250000
v 0.0478375 6.5750000 -0.1154875
v 0.0478375 6.3750000 -0.1154875
v 0.0000000 6.3750000 -0.1250000
v 0.0478375 6.5750000 -0.1154875
v 0.0883875 6.5750000 -0.0883875
v 0.0883875 6.3750000 -0.0883875
v 0.0478375 6.3750000 -0.1154875
v 0.0883875 6.5750000 -0.0883875
v 0.1154875 6.5750000 -0.0478375
v 0.1154875 6.3750000 -0.0478375
v 0.0883875 6.3750000 -0.0883875
v 0.1154875 6.5750000 -0.0478375
v 0.1250000 6.5750000 0.0000000
v 0.1250000 6.3750000 0.0000000
v 0.1154875 6.3750000 -0.0478375
v 0.1500000 6.5750000 0.0000000
v 0.1385850 6.5750000 0.0574050
v 0.1154875 6.5750000 0.0478375
v 0.1250000 6.5750000 0.0000000
v 0.1385850 6.5750000 0.0574050
v 0.1060650 6.5750000 0.1060650
v 0.0883875 6.5750000 0.0883875
v 0.1154875 6.5750000 0.0478375
v 0.1060650 6.5750000 0.1060650
v 0.0574050 6.5750000 0.1385850
v 0.0478375 6.5750000 0.1154875
v 0.0883875 6.5750000 0.0883875
v 0.0574050 6.5750000 0.1385850
v 0.0000000 6.5750000 0.1500000
v 0.0000000 6.5750000 0.1250000
v 0.0478375 6.5750000 0.1154875
v 0.0000000 6.5750000 0.1500000
v -0.0574050 6.5750000 0.1385850
v -0.0478375 6.5750000 0.1154875
v 0.0000000 6.5750000 0.1250000
v -0.0574050 6.5750000 0.1385850
v -0.1060650 6.5750000 0.1060650
v -0.0883875 6.5750000 0.0883875
v -0.0478375 6.5750000 0.1154875
v -0.1060650 6.5750000 0.1060650
v -0.1385850 6.5750000 0.0574050
v -0.1154875 6.5750000 0.0478375
v -0.0883875 6.5750000 0.0883875
v -0.1385850 6.5750000 0.0574050
v -0.1500000 6.5750000 0.0000000
v -0.1250000 6.5750000 0.0000000
v -0.1154875 6.5750000 0.0478375
v -0.1500000 6.5750000 0.0000000
v -0.1385850 6.5750000 -0.0574050
v -0.1154875 6.5750000 -0.0478375
v -0.1250000 6.5750000 0.0000000
v -0.1385850 6.5750000 -0.0574050
v -0.1060650 6.5750000 -0.1060650
v -0.0883875 6.5750000 -0.0883875
v -0.1154875 6.5750000 -0.0478375
v -0.1060650 6.5750000 -0.1060650
v -0.0574050 6.5750000 -0.1385850
v -0.0478375 6.5750000 -0.1154875
v -0.0883875 6.5750000 -0.0883875
v -0.0574050 6.5750000 -0.1385850
v 0.0000000 6.5750000 -0.1500000
v 0.0000000 6.5750000 -0.1250000
v -0.0478375 6.5750000 -0.1154875
v 0.0000000 6.5750000 -0.1500000
v 0.0574050 6.5750000 -0.1385850
v 0.0478375 6.5750000 -0.1154875
v 0.0000000 6.5750000 -0.1250000
v 0.0574050 6.5750000 -0.1385850
v 0.1060650 6.5750000 -0.1060650
v 0.0883875 6.5750000 -0.0883875
v 0.0478375 6.5750000 -0.1154875
v 0.1060650 6.5750000 -0.1060650
v 0.1385850 6.5750000 -0.0574050
v 0.1154875 6.5750000 -0.0478375
v 0.0883875 6.5750000 -0.0883875
v 0.1385850 6.5750000 -0.0574050
v 0.1500000 6.5750000 0.0000000
v 0.1250000 6.5750000 0.0000000
v 0.1154875 6.5750000 -0.0478375
v 0.1500000 6.7250000 0.0000000
v 0.1385850 6.7250000 0.0574050
v 0.1385850 6.5750000 0.0574050
v 0.1500000 6.5750000 0.0000000
v 0.1385850 6.7250000 0.0574050
v 0.1060650 6.7250000 0.1060650
v 0.1060650 6.5750000 0.1060650
v 0.1385850 6.5750000 0.0574050
v 0.1060650 6.7250000 0.1060650
v 0.0574050 6.7250000 0.1385850
v 0.0574050 6.5750000 0.1385850
v 0.1060650 6.5750000 0.1060650
v 0.0574050 6.7250000 0.1385850
v 0.0000000 6.7250000 0.1500000
v 0.0000000 6.5750000 0.1500000
v 0.0574050 6.5750000 0.1385850
v 0.0000000 6.7250000 0.1500000
v -0.0574050 6.7250000 0.1385850
v -0.0574050 6.5750000 0.1385850
v 0.0000000 6.5750000 0.1500000
v -0.0574050 6.7250000 0.1385850
v -0.1060650 6.7250000 0.1060650
v -0.1060650 6.5750000 0.1060650
v -0.0574050 6.5750000 0.1385850
v -0.1060650 6.7250000 0.1060650
v -0.1385850 6.7250000 0.0574050
v -0.1385850 6.5750000 0.0574050
v -0.1060650 6.5750000 0.1060650
v -0.1385850 6.7250000 0.0574050
v -0.1500000 6.7250000 0.0000000
v -0.1500000 6.5750000 0.0000000
v -0.1385850 6.5750000 0.0574050
v -0.1500000 6.7250000 0.0000000
v -0.1385850 6.7250000 -0.0574050
v -0.1385850 6.5750000 -0.0574050
v -0.1500000 6.5750000 0.0000000
v -0.1385850 6.7250000 -0.0574050
v -0.1060650 6.7250000 -0.1060650
v -0.1060650 6.5750000 -0.1060650
v -0.1385850 6.5750000 -0.0574050
v -0.1060650 6.7250000 -0.1060650
v -0.0574050 6.7250000 -0.1385850
v -0.0574050 6.5750000 -0.1385850
v -0.1060650 6.5750000 -0.1060650
v -0.0574050 6.7250000 -0.1385850
v 0.0000000 6.7250000 -0.1500000
v 0.0000000 6.5750000 -0.1500000
v -0.0574050 6.5750000 -0.1385850
v 0.0000000 6.7250000 -0.1500000
v 0.0574050 6.7250000 -0.1385850
v 0.0574050 6.5750000 -0.1385850
v 0.0000000 6.5750000 -0.1500000
v 0.0574050 6.7250000 -0.1385850
v 0.1060650 6.7250000 -0.1060650
v 0.1060650 6.5750000 -0.1060650
v 0.0574050 6.5750000 -0.1385850
v 0.1060650 6.7250000 -0.1060650
v 0.1385850 6.7250000 -0.0574050
v 0.1385850 6.5750000 -0.0574050
v 0.1060650 6.5750000 -0.1060650
v 0.1385850 6.7250000 -0.0574050
v 0.1500000 6.7250000 0.0000000
v 0.1500000 6.5750000 0.0000000
v 0.1385850 6.5750000 -0.0574050
v 0.1500000 6.7250000 0.0000000
v 0.1385850 6.7537025 0.0000000
v 0.1385850 6.7250000 0.0574050
v 0.1385850 6.7537025 0.0000000
v 0.1175400 6.7579475 0.0658950
v 0.1385850 6.7250000 0.0574050
v 0.1385850 6.7250000 0.0574050
v 0.1175400 6.7579475 0.0658950
v 0.1060650 6.7250000 0.1060650
v 0.1175400 6.7579475 0.0658950
v 0.0658950 6.7579475 0.1175400
v 0.1060650 6.7250000 0.1060650
v 0.1060650 6.7250000 0.1060650
v 0.0658950 6.7579475 0.1175400
v 0.0574050 6.7250000 0.1385850
v 0.0658950 6.7579475 0.1175400
v 0.0000000 6.7537025 0.1385850
v 0.0574050 6.7250000 0.1385850
v 0.0574050 6.7250000 0.1385850
v 0.0000000 6.7537025 0.1385850
v 0.0000000 6.7250000 0.1500000
v 0.1385850 6.7537025 0.0000000
v 0.1060650 6.7780325 0.0000000
v 0.1175400 6.7579475 0.0658950
v 0.1060650 6.7780325 0.0000000
v 0.0658950 6.7837700 0.0658950
v 0.1175400 6.7579475 0.0658950
v 0.1175400 6.7579475 0.0658950
v 0.0658950 6.7837700 0.0658950
v 0.0658950 6.7579475 0.1175400
v 0.0658950 6.7837700 0.0658950
v 0.0000000 6.7780325 0.1060650
v 0.0658950 6.7579475 0.1175400
v 0.0658950 6.7579475 0.1175400
v 0.0000000 6.7780325 0.1060650
v 0.0000000 6.7537025 0.1385850
v 0.1060650 6.7780325 0.0000000
v 0.0574050 6.7942925 0.0000000
v 0.0658950 6.7837700 0.0658950
v 0.0574050 6.7942925 0.0000000
v 0.0000000 6.7942925 0.0574050
v 0.0658950 6.7837700 0.0658950
v 0.0658950 6.7837700 0.0658950
v 0.0000000 6.7942925 0.0574050
v 0.0000000 6.7780325 0.1060650
v 0.0574050 6.7942925 0.0000000
v 0.0000000 6.8000000 0.0000000
v 0.0000000 6.7942925 0.0574050
v 0.1385850 6.7250000 -0.0574050
v 0.1385850 6.7537025 0.0000000
v 0.1500000 6.7250000 0.0000000
v 0.1385850 6.7250000 -0.0574050
v 0.1175400 6.7579475 -0.0658950
v 0.1385850 6.7537025 0.0000000
v 0.1060650 6.7250000 -0.1060650
v 0.1175400 6.7579475 -0.0658950
v 0.1385850 6.7250000 -0.0574050
v 0.1060650 6.7250000 -0.1060650
v 0.0658950 6.7579475 -0.1175400
v 0.1175400 6.7579475 -0.0658950
v 0.0574050 6.7250000 -0.1385850
v 0.0658950 6.7579475 -0.1175400
v 0.1060650 6.7250000 -0.1060650
v 0.0574050 6.7250000 -0.1385850
v 0.0000000 6.7537025 -0.1385850
v 0.0658950 6.7579475 -0.1175400
v 0.0000000 6.7250000 -0.1500000
v 0.0000000 6.7537025 -0.1385850
v 0.0574050 6.7250000 -0.1385850
v 0.1175400 6.7579475 -0.0658950
v 0.1060650 6.7780325 0.0000000
v 0.1385850 6.7537025 0.0000000
v 0.1175400 6.7579475 -0.0658950
v 0.0658950 6.7837700 -0.0658950
v 0.1060650 6.7780325 0.0000000
v 0.0658950 6.7579475 -0.1175400
v 0.0658950 6.7837700 -0.0658950
v 0.1175400 6.7579475 -0.0658950
v 0.0658950 6.7579475 -0.1175400
v 0.0000000 6.7780325 -0.1060650
v 0.0658950 6.7837700 -0.0658950
v 0.0000000 6.7537025 -0.1385850
v 0.0000000 6.7780325 -0.1060650
v 0.0658950 6.7579475 -0.1175400
v 0.0658950 6.7837700 -0.0658950
v 0.0574050 6.7942925 0.0000000
v 0.1060650 6.7780325 0.0000000
v 0.0658950 6.7837700 -0.0658950
v 0.0000000 6.7942925 -0.0574050
v 0.0574050 6.7942925 0.0000000
v 0.0000000 6.7780325 -0.1060650
v 0.0000000 6.7942925 -0.0574050
v 0.0658950 6.7837700 -0.0658950
v 0.0000000 6.7942925 -0.0574050
v 0.0000000 6.8000000 0.0000000
v 0.0574050 6.7942925 0.0000000
v -0.1385850 6.7250000 0.0574050
v -0.1385850 6.7537025 0.0000000
v -0.1500000 6.7250000 0.0000000
v -0.1385850 6.7250000 0.0574050
v -0.1175400 6.7579475 0.0658950
v -0.1385850 6.7537025 0.0000000
v -0.1060650 6.7250000 0.1060650
v -0.1175400 6.7579475 0.0658950
v -0.1385850 6.7250000 0.0574050
v -0.1060650 6.7250000 0.1060650
v -0.0658950 6.7579475 0.1175400
v -0.1175400 6.7579475 0.0658950
v -0.0574050 6.7250000 0.1385850
v -0.0658950 6.7579475 0.1175400
v -0.1060650 6.7250000 0.1060650
v -0.0574050 6.7250000 0.1385850
v 0.0000000 6.7537025 0.1385850
v -0.0658950 6.7579475 0.1175400
v 0.0000000 6.7250000 0.1500000
v 0.0000000 6.7537025 0.1385850
v -0.0574050 6.7250000 0.1385850
v -0.1175400 6.7579475 0.0658950
v -0.1060650 6.7780325 0.0000000
v -0.1385850 6.7537025 0.0000000
v -0.1175400 6.7579475 0.0658950
v -0.0658950 6.7837700 0.0658950
v -0.1060650 6.7780325 0.0000000
v -0.0658950 6.7579475 0.1175400
v -0.0658950 6.7837700 0.0658950
v -0.1175400 6.7579475 0.0658950
v -0.0658950 6.7579475 0.1175400
v 0.0000000 6.7780325 0.1060650
v -0.0658950 6.7837700 0.0658950
v 0.0000000 6.7537025 0.1385850
v 0.0000000 6.7780325 0.1060650
v -0.0658950 6.7579475 0.1175400
v -0.0658950 6.7837700 0.0658950
v -0.0574050 6.7942925 0.0000000
v -0.1060650 6.7780325 0.0000000
v -0.0658950 6.7837700 0.0658950
v 0.0000000 6.7942925 0.0574050
v -0.0574050 6.7942925 0.0000000
v 0.0000000 6.7780325 0.1060650
v 0.0000000 6.7942925 0.0574050
v -0.0658950 6.7837700 0.0658950
v 0.0000000 6.7942925 0.0574050
v 0.0000000 6.8000000 0.0000000
v -0.0574050 6.7942925 0.0000000
v -0.1500000 6.7250000 0.0000000
v -0.1385850 6.7537025 0.0000000
v -0.1385850 6.7250000 -0.0574050
v -0.1385850 6.7537025 0.0000000
v -0.1175400 6.7579475 -0.0658950
v -0.1385850 6.7250000 -0.0574050
v -0.1385850 6.7250000 -0.0574050
v -0.1175400 6.7579475 -0.0658950
v -0.1060650 6.7250000 -0.1060650
v -0.1175400 6.7579475 -0.0658950
v -0.0658950 6.7579475 -0.1175400
v -0.1060650 6.7250000 -0.1060650
v -0.1060650 6.7250000 -0.1060650
v -0.0658950 6.7579475 -0.1175400
v -0.0574050 6.7250000 -0.1385850
v -0.0658950 6.7579475 -0.1175400
v 0.0000000 6.7537025 -0.1385850
v -0.0574050 6.7250000 -0.1385850
v -0.0574050 6.7250000 -0.1385850
v 0.0000000 6.7537025 -0.1385850
v 0.0000000 6.7250000 -0.1500000
v -0.1385850 6.7537025 0.0000000
v -0.1060650 6.7780325 0.0000000
v -0.1175400 6.7579475 -0.0658950
v -0.1060650 6.7780325 0.0000000
v -0.0658950 6.7837700 -0.0658950
v -0.1175400 6.7579475 -0.0658950
v -0.1175400 6.7579475 -0.0658950
v -0.0658950 6.7837700 -0.0658950
v -0.0658950 6.7579475 -0.1175400
v -0.0658950 6.7837700 -0.0658950
v 0.0000000 6.7780325 -0.1060650
v -0.0658950 6.7579475 -0.1175400
v -0.0658950 6.7579475 -0.1175400
v 0.0000000 6.7780325 -0.1060650
v 0.0000000 6.7537025 -0.1385850
v -0.1060650 6.7780325 0.0000000
v -0.0574050 6.7942925 0.0000000
v -0.0658950 6.7837700 -0.0658950
v -0.0574050 6.7942925 0.0000000
v 0.0000000 6.7942925 -0.0574050
v -0.0658950 6.7837700 -0.0658950
v -0.0658950 6.7837700 -0.0658950
v 0.0000000 6.7942925 -0.0574050
v 0.0000000 6.7780325 -0.1060650
v -0.0574050 6.7942925 0.0000000
v 0.0000000 6.8000000 0.0000000
v 0.0000000 6.7942925 -0.0574050
v -0.2437500 1.1750000 0.1000000
v -0.2437500 1.1750000 -0.1000000
v -0.2437500 1.0250000 -0.1000000
v -0.2437500 1.0250000 0.1000000
v 0.2437500 1.0250000 0.1000000
v 0.2437500 1.0250000 -0.1000000
v 0.2437500 1.1750000 -0.1000000
v 0.2437500 1.1750000 0.1000000
v -0.2375000 1.5000000 0.1000000
v -0.2375000 1.5000000 -0.1000000
v -0.2375000 1.3500000 -0.1000000
v -0.2375000 1.3500000 0.1000000
v 0.2375000 1.3500000 0.1000000
v 0.2375000 1.3500000 -0.1000000
v 0.2375000 1.5000000 -0.1000000
v 0.2375000 1.5000000 0.1000000
v -0.2312500 1.8250000 0.1000000
v -0.2312500 1.8250000 -0.1000000
v -0.2312500 1.6750000 -0.1000000
v -0.2312500 1.6750000 0.1000000
v 0.2312500 1.6750000 0.1000000
v 0.2312500 1.6750000 -0.1000000
v 0.2312500 1.8250000 -0.1000000
v 0.2312500 1.8250000 0.1000000
v -0.2250000 2.1500000 0.1000000
v -0.2250000 2.1500000 -0.1000000
v -0.2250000 2.0000000 -0.1000000
v -0.2250000 2.0000000 0.1000000
v 0.2250000 2.0000000 0.1000000
v 0.2250000 2.0000000 -0.1000000
v 0.2250000 2.1500000 -0.1000000
v 0.2250000 2.1500000 0.1000000
v -0.2187500 2.4750000 0.1000000
v -0.2187500 2.4750000 -0.1000000
v -0.2187500 2.3250000 -0.1000000
v -0.2187500 2.3250000 0.1000000
v 0.2187500 2.3250000 0.1000000
v 0.2187500 2.3250000 -0.1000000
v 0.2187500 2.4750000 -0.1000000
v 0.2187500 2.4750000 0.1000000
v -0.2125000 2.8000000 0.1000000
v -0.2125000 2.8000000 -0.1000000
v -0.2125000 2.6500000 -0.1000000
v -0.2125000 2.6500000 0.1000000
v 0.2125000 2.6500000 0.1000000
v 0.2125000 2.6500000 -0.1000000
v 0.2125000 2.8000000 -0.1000000
v 0.2125000 2.8000000 0.1000000
v -0.2062500 3.1250000 0.1000000
v -0.2062500 3.1250000 -0.1000000
v -0.2062500 2.9750000 -0.1000000
v -0.2062500 2.9750000 0.1000000
v 0.2062500 2.9750000 0.1000000
v 0.2062500 2.9750000 -0.1000000
v 0.2062500 3.1250000 -0.1000000
v 0.2062500 3.1250000 0.1000000
v -0.2000000 3.4500000 0.1000000
v -0.2000000 3.4500000 -0.1000000
v -0.2000000 3.3000000 -0.1000000
v -0.2000000 3.3000000 0.1000000
v 0.2000000 3.3000000 0.1000000
v 0.2000000 3.3000000 -0.1000000
v 0.2000000 3.4500000 -0.1000000
v 0.2000000 3.4500000 0.1000000
v -0.1937500 3.7750000 0.1000000
v -0.1937500 3.7750000 -0.1000000
v -0.1937500 3.6250000 -0.1000000
v -0.1937500 3.6250000 0.1000000
v 0.1937500 3.6250000 0.1000000
v 0.1937500 3.6250000 -0.1000000
v 0.1937500 3.7750000 -0.1000000
v 0.1937500 3.7750000 0.1000000
v -0.1875000 4.1000000 0.1000000
v -0.1875000 4.1000000 -0.1000000
v -0.1875000 3.9500000 -0.1000000
v -0.1875000 3.9500000 0.1000000
v 0.1875000 3.9500000 0.1000000
v 0.1875000 3.9500000 -0.1000000
v 0.1875000 4.1000000 -0.1000000
v 0.1875000 4.1000000 0.1000000
v -0.1812500 4.4250000 0.1000000
v -0.1812500 4.4250000 -0.1000000
v -0.1812500 4.2750000 -0.1000000
v -0.1812500 4.2750000 0.1000000
v 0.1812500 4.2750000 0.1000000
v 0.1812500 4.2750000 -0.1000000
v 0.1812500 4.4250000 -0.1000000
v 0.1812500 4.4250000 0.1000000
v -0.1750000 4.7500000 0.1000000
v -0.1750000 4.7500000 -0.1000000
v -0.1750000 4.6000000 -0.1000000
v -0.1750000 4.6000000 0.1000000
v 0.1750000 4.6000000 0.1000000
v 0.1750000 4.6000000 -0.1000000
v 0.1750000 4.7500000 -0.1000000
v 0.1750000 4.7500000 0.1000000
v -0.1687500 5.0750000 0.1000000
v -0.1687500 5.0750000 -0.1000000
v -0.1687500 4.9250000 -0.1000000
v -0.1687500 4.9250000 0.1000000
v 0.1687500 4.9250000 0.1000000
v 0.1687500 4.9250000 -0.1000000
v 0.1687500 5.0750000 -0.1000000
v 0.1687500 5.0750000 0.1000000
v -0.1625000 5.4000000 0.1000000
v -0.1625000 5.4000000 -0.1000000
v -0.1625000 5.2500000 -0.1000000
v -0.1625000 5.2500000 0.1000000
v 0.1625000 5.2500000 0.1000000
v 0.1625000 5.2500000 -0.1000000
v 0.1625000 5.4000000 -0.1000000
v 0.1625000 5.4000000 0.1000000
v -0.1562500 5.7250000 0.1000000
v -0.1562500 5.7250000 -0.1000000
v -0.1562500 5.5750000 -0.1000000
v -0.1562500 5.5750000 0.1000000
v 0.1562500 5.5750000 0.1000000
v 0.1562500 5.5750000 -0.1000000
v 0.1562500 5.7250000 -0.1000000
v 0.1562500 5.7250000 0.1000000
v -0.1500000 6.0500000 0.1000000
v -0.1500000 6.0500000 -0.1000000
v -0.1500000 5.9000000 -0.1000000
v -0.1500000 5.9000000 0.1000000
v 0.1500000 5.9000000 0.1000000
v 0.1500000 5.9000000 -0.1000000
v 0.1500000 6.0500000 -0.1000000
v 0.1500000 6.0500000 0.1000000
v -0.1500000 6.3750000 0.1000000
v -0.1500000 6.3750000 -0.1000000
v -0.1500000 6.2250000 -0.1000000
v -0.1500000 6.2250000 0.1000000
v 0.1500000 6.2250000 0.1000000
v 0.1500000 6.2250000 -0.1000000
v 0.1500000 6.3750000 -0.1000000
v 0.1500000 6.3750000 0.1000000
s off
f 1 2 3
f 1 3 4
f 5 6 7
f 5 7 8
f 9 10 11
f 9 11 12
f 13 14 15
f 13 15 16
f 17 18 19
f 20 21 22
f 23 24 25
f 23 25 26
f 27 28 29
f 27 29 30
f 31 32 33
f 31 33 34
f 35 36 37
f 38 39 40
f 38 40 41
f 42 43 44
f 42 44 45
f 46 47 48
f 46 48 49
f 50 51 52
f 50 52 53
f 54 55 56
f 57 58 59
f 57 59 60
f 61 62 63
f 61 63 64
f 65 66 67
f 65 67 68
f 69 70 71
f 69 71 72
f 73 74 75
f 73 75 76
f 77 78 79
f 77 79 80
f 81 82 83
f 81 83 84
f 85 86 87
f 85 87 88
f 89 90 91
f 89 91 92
f 93 94 95
f 96 97 98
f 96 98 99
f 100 101 102
f 100 102 103
f 104 105 106
f 107 108 109
f 110 111 112
f 110 112 113
f 114 115 116
f 114 116 117
f 118 119 120
f 118 120 121
f 122 123 124
f 122 124 125
f 126 127 128
f 129 130 131
f 132 133 134
f 135 136 137
f 138 139 140
f 138 140 141
f 142 143 144
f 142 144 145
f 146 147 148
f 149 150 151
f 149 151 152
f 153 154 155
f 153 155 156
f 157 158 159
f 160 161 162
f 163 164 165
f 163 165 166
f 167 168 169
f 167 169 170
f 171 172 173
f 171 173 174
f 175 176 177
f 178 179 180
f 178 180 181
f 182 183 184
f 182 184 185
f 186 187 188
f 186 188 189
f 190 191 192
f 190 192 193
f 194 195 196
f 194 196 197
f 198 199 200
f 198 200 201
f 202 203 204
f 202 204 205
f 206 207 208
f 206 208 209
f 210 211 212
f 213 214 215
f 216 217 218
f 216 218 219
f 220 221 222
f 220 222 223
f 224 225 226
f 224 226 227
f 228 229 230
f 231 232 233
f 231 233 234
f 235 236 237
f 235 237 238
f 239 240 241
f 242 243 244
f 245 246 247
f 245 247 248
f 249 250 251
f 249 251 252
f 253 254 255
f 253 255 256
f 257 258 259
f 260 261 262
f 260 262 263
f 264 265 266
f 264 266 267
f 268 269 270
f 268 270 271
f 272 273 274
f 272 274 275
f 276 277 278
f 276 278 279
f 280 281 282
f 280 282 283
f 284 285 286
f 284 286 287
f 288 289 290
f 288 290 291
f 292 293 294
f 295 296 297
f 298 299 300
f 298 300 301
f 302 303 304
f 302 304 305
f 306 307 308
f 306 308 309
f 310 311 312
f 313 314 315
f 313 315 316
f 317 318 319
f 317 319 320
f 321 322 323
f 324 325 326
f 327 328 329
f 327 329 330
f 331 332 333
f 331 333 334
f 335 336 337
f 335 337 338
f 339 340 341
f 342 343 344
f 342 344 345
f 346 347 348
f 346 348 349
f 350 351 352
f 350 352 353
f 354 355 356
f 354 356 357
f 358 359 360
f 358 360 361
f 362 363 364
f 362 364 365
f 366 367 368
f 366 368 369
f 370 371 372
f 370 372 373
f 374 375 376
f 374 376 377
f 378 379 380
f 378 380 381
f 382 383 384
f 382 384 385
f 386 387 388
f 386 388 389
f 390 391 392
f 393 394 395
f 396 397 398
f 396 398 399
f 400 401 402
f 400 402 403
f 404 405 406
f 404 406 407
f 408 409 410
f 411 412 413
f 411 413 414
f 415 416 417
f 415 417 418
f 419 420 421
f 422 423 424
f 425 426 427
f 425 427 428
f 429 430 431
f 429 431 432
f 433 434 435
f 433 435 436
f 437 438 439
f 440 441 442
f 440 442 443
f 444 445 446
f 444 446 447
f 448 449 450
f 448 450 451
f 452 453 454
f 452 454 455
f 456 457 458
f 456 458 459
f 460 461 462
f 460 462 463
f 464 465 466
f 464 466 467
f 468 469 470
f 468 470 471
f 472 473 474
f 475 476 477
f 478 479 480
f 478 480 481
f 482 483 484
f 482 484 485
f 486 487 488
f 486 488 489
f 490 491 492
f 493 494 495
f 493 495 496
f 497 498 499
f 497 499 500
f 501 502 503
f 504 505 506
f 507 508 509
f 507 509 510
f 511 512 513
f 511 513 514
f 515 516 517
f 515 517 518
f 519 520 521
f 522 523 524
f 522 524 525
f 526 527 528
f 526 528 529
f 530 531 532
f 530 532 533
f 534 535 536
f 534 536 537
f 538 539 540
f 538 540 541
f 542 543 544
f 542 544 545
f 546 547 548
f 546 548 549
f 550 551 552
f 550 552 553
f 554 555 556
f 557 558 559
f 560 561 562
f 560 562 563
f 564 565 566
f 564 566 567
f 568 569 570
f 568 570 571
f 572 573 574
f 575 576 577
f 575 577 578
f 579 580 581
f 579 581 582
f 583 584 585
f 586 587 588
f 589 590 591
f 589 591 592
f 593 594 595
f 593 595 596
f 597 598 599
f 597 599 600
f 601 602 603
f 604 605 606
f 604 606 607
f 608 609 610
f 608 610 611
f 612 613 614
f 612 614 615
f 616 617 618
f 616 618 619
f 620 621 622
f 620 622 623
f 624 625 626
f 624 626 627
f 628 629 630
f 628 630 631
f 632 633 634
f 632 634 635
f 636 637 638
f 639 640 641
f 642 643 644
f 642 644 645
f 646 647 648
f 646 648 649
f 650 651 652
f 650 652 653
f 654 655 656
f 657 658 659
f 657 659 660
f 661 662 663
f 661 663 664
f 665 666 667
f 668 669 670
f 671 672 673
f 671 673 674
f 675 676 677
f 675 677 678
f 679 680 681
f 679 681 682
f 683 684 685
f 686 687 688
f 686 688 689
f 690 691 692
f 690 692 693
f 694 695 696
f 694 696 697
f 698 699 700
f 698 700 701
f 702 703 704
f 702 704 705
f 706 707 708
f 706 708 709
f 710 711 712
f 710 712 713
f 714 715 716
f 714 716 717
f 718 719 720
f 721 722 723
f 724 725 726
f 724 726 727
f 728 729 730
f 728 730 731
f 732 733 734
f 732 734 735
f 736 737 738
f 739 740 741
f 739 741 742
f 743 744 745
f 743 745 746
f 747 748 749
f 750 751 752
f 753 754 755
f 753 755 756
f 757 758 759
f 757 759 760
f 761 762 763
f 761 763 764
f 765 766 767
f 768 769 770
f 768 770 771
f 772 773 774
f 772 774 775
f 776 777 778
f 776 778 779
f 780 781 782
f 780 782 783
f 784 785 786
f 784 786 787
f 788 789 790
f 788 790 791
f 792 793 794
f 792 794 795
f 796 797 798
f 796 798 799
f 800 801 802
f 803 804 805
f 806 807 808
f 806 808 809
f 810 811 812
f 810 812 813
f 814 815 816
f 814 816 817
f 818 819 820
f 821 822 823
f 821 823 824
f 825 826 827
f 825 827 828
f 829 830 831
f 829 831 832
f 833 834 835
f 833 835 836
f 837 838 839
f 840 841 842
f 840 842 843
f 844 845 846
f 844 846 847
f 848 849 850
f 848 850 851
f 852 853 854
f 852 854 855
f 856 857 858
f 856 858 859
f 860 861 862
f 860 862 863
f 864 865 866
f 864 866 867
f 868 869 870
f 868 870 871
f 872 873 874
f 875 876 877
f 875 877 878
f 879 880 881
f 879 881 882
f 883 884 885
f 883 885 886
f 887 888 889
f 887 889 890
f 891 892 893
f 894 895 896
f 894 896 897
f 898 899 900
f 898 900 901
f 902 903 904
f 902 904 905
f 906 907 908
f 906 908 909
f 910 911 912
f 910 912 913
f 914 915 916
f 914 916 917
f 918 919 920
f 918 920 921
f 922 923 924
f 922 924 925
f 926 927 928
f 929 930 931
f 929 931 932
f 933 934 935
f 933 935 936
f 937 938 939
f 937 939 940
f 941 942 943
f 941 943 944
f 945 946 947
f 948 949 950
f 948 950 951
f 952 953 954
f 952 954 955
f 956 957 958
f 956 958 959
f 960 961 962
f 960 962 963
f 964 965 966
f 964 966 967
f 968 969 970
f 968 970 971
f 972 973 974
f 972 974 975
f 976 977 978
f 976 978 979
f 980 981 982
f 983 984 985
f 983 985 986
f 987 988 989
f 987 989 990
f 991 992 993
f 991 993 994
f 995 996 997
f 995 997 998
f 999 1000 1001
f 999 1001 1002
f 1003 1004 1005
f 1003 1005 1006
f 1007 1008 1009
f 1007 1009 1010
f 1011 1012 1013
f 1011 1013 1014
f 1015 1016 1017
f 1015 1017 1018
f 1019 1020 1021
f 1019 1021 1022
f 1023 1024 1025
f 1023 1025 1026
f 1027 1028 1029
f 1027 1029 1030
f 1031 1032 1033
f 1031 1033 1034
f 1035 1036 1037
f 1035 1037 1038
f 1039 1040 1041
f 1039 1041 1042
f 1043 1044 1045
f 1043 1045 1046
f 1047 1048 1049
f 1047 1049 1050
f 1051 1052 1053
f 1051 1053 1054
f 1055 1056 1057
f 1055 1057 1058
f 1059 1060 1061
f 1059 1061 1062
f 1063 1064 1065
f 1063 1065 1066
f 1067 1068 1069
f 1067 1069 1070
f 1071 1072 1073
f 1071 1073 1074
f 1075 1076 1077
f 1075 1077 1078
f 1079 1080 1081
f 1079 1081 1082
f 1083 1084 1085
f 1083 1085 1086
f 1087 1088 1089
f 1087 1089 1090
f 1091 1092 1093
f 1091 1093 1094
f 1095 1096 1097
f 1095 1097 1098
f 1099 1100 1101
f 1099 1101 1102
f 1103 1104 1105
f 1103 1105 1106
f 1107 1108 1109
f 1107 1109 1110
f 1111 1112 1113
f 1111 1113 1114
f 1115 1116 1117
f 1118 1119 1120
f 1121 1122 1123
f 1124 1125 1126
f 1127 1128 1129
f 1130 1131 1132
f 1133 1134 1135
f 1136 1137 1138
f 1139 1140 1141
f 1142 1143 1144
f 1145 1146 1147
f 1148 1149 1150
f 1151 1152 1153
f 1154 1155 1156
f 1157 1158 1159
f 1160 1161 1162
f 1163 1164 1165
f 1166 1167 1168
f 1169 1170 1171
f 1172 1173 1174
f 1175 1176 1177
f 1178 1179 1180
f 1181 1182 1183
f 1184 1185 1186
f 1187 1188 1189
f 1190 1191 1192
f 1193 1194 1195
f 1196 1197 1198
f 1199 1200 1201
f 1202 1203 1204
f 1205 1206 1207
f 1208 1209 1210
f 1211 1212 1213
f 1214 1215 1216
f 1217 1218 1219
f 1220 1221 1222
f 1223 1224 1225
f 1226 1227 1228
f 1229 1230 1231
f 1232 1233 1234
f 1235 1236 1237
f 1238 1239 1240
f 1241 1242 1243
f 1244 1245 1246
f 1247 1248 1249
f 1250 1251 1252
f 1253 1254 1255
f 1256 1257 1258
f 1259 1260 1261
f 1262 1263 1264
f 1265 1266 1267
f 1268 1269 1270
f 1271 1272 1273
f 1274 1275 1276
f 1277 1278 1279
f 1280 1281 1282
f 1283 1284 1285
f 1286 1287 1288
f 1289 1290 1291
f 1292 1293 1294
f 1295 1296 1297
f 1298 1299 1300
f 1301 1302 1303
f 1304 1305 1306
f 1307 1308 1309
f 1310 1311 1312
f 1313 1314 1315
f 1316 1317 1318
f 1319 1320 1321
f 1322 1323 1324
f 1325 1326 1327
f 1328 1329 1330
f 1331 1332 1333
f 1334 1335 1336
f 1337 1338 1339
f 1340 1341 1342
f 1343 1344 1345
f 1346 1347 1348
f 1349 1350 1351
f 1352 1353 1354
f 1355 1356 1357
f 1358 1359 1360
f 1361 1362 1363
f 1364 1365 1366
f 1367 1368 1369
f 1370 1371 1372
f 1373 1374 1375
f 1376 1377 1378
f 1379 1380 1381
f 1382 1383 1384
f 1385 1386 1387
f 1388 1389 1390
f 1391 1392 1393
f 1394 1395 1396
f 1397 1398 1399
f 1400 1401 1402
f 1403 1404 1405
f 1406 1407 1408
f 1409 1410 1411
f 1412 1413 1414
f 1415 1416 1417
f 1418 1419 1420
f 1421 1422 1423
f 1424 1425 1426
f 1427 1428 1429
f 1430 1431 1432
f 1433 1434 1435
f 1436 1437 1438
f 1439 1440 1441
f 1442 1443 1444
f 1445 1446 1447
f 1448 1449 1450
f 1451 1452 1453
f 1454 1455 1456
f 1457 1458 1459
f 1460 1461 1462
f 1463 1464 1465
f 1466 1467 1468
f 1469 1470 1471
f 1472 1473 1474
f 1475 1476 1477
f 1478 1479 1480
f 1478 1480 1481
f 1482 1483 1484
f 1482 1484 1485
f 1486 1487 1488
f 1486 1488 1489
f 1490 1491 1492
f 1490 1492 1493
f 1494 1495 1496
f 1494 1496 1497
f 1498 1499 1500
f 1498 1500 1501
f 1502 1503 1504
f 1502 1504 1505
f 1506 1507 1508
f 1509 1510 1511
f 1512 1513 1514
f 1512 1514 1515
f 1516 1517 1518
f 1516 1518 1519
f 1520 1521 1522
f 1520 1522 1523
f 1524 1525 1526
f 1527 1528 1529
f 1527 1529 1530
f 1531 1532 1533
f 1531 1533 1534
f 1535 1536 1537
f 1535 1537 1538
f 1539 1540 1541
f 1539 1541 1542
f 1543 1544 1545
f 1546 1547 1548
f 1546 1548 1549
f 1550 1551 1552
f 1550 1552 1553
f 1554 1555 1556
f 1554 1556 1557
f 1558 1559 1560
f 1558 1560 1561
f 1562 1563 1564
f 1562 1564 1565
f 1566 1567 1568
f 1566 1568 1569
f 1570 1571 1572
f 1570 1572 1573
f 1574 1575 1576
f 1574 1576 1577
f 1578 1579 1580
f 1578 1580 1581
f 1582 1583 1584
f 1585 1586 1587
f 1585 1587 1588
f 1589 1590 1591
f 1589 1591 1592
f 1593 1594 1595
f 1596 1597 1598
f 1599 1600 1601
f 1599 1601 1602
f 1603 1604 1605
f 1603 1605 1606
f 1607 1608 1609
f 1607 1609 1610
f 1611 1612 1613
f 1611 1613 1614
f 1615 1616 1617
f 1618 1619 1620
f 1621 1622 1623
f 1624 1625 1626
f 1627 1628 1629
f 1627 1629 1630
f 1631 1632 1633
f 1631 1633 1634
f 1635 1636 1637
f 1638 1639 1640
f 1638 1640 1641
f 1642 1643 1644
f 1642 1644 1645
f 1646 1647 1648
f 1649 1650 1651
f 1652 1653 1654
f 1652 1654 1655
f 1656 1657 1658
f 1656 1658 1659
f 1660 1661 1662
f 1660 1662 1663
f 1664 1665 1666
f 1667 1668 1669
f 1667 1669 1670
f 1671 1672 1673
f 1671 1673 1674
f 1675 1676 1677
f 1675 1677 1678
f 1679 1680 1681
f 1679 1681 1682
f 1683 1684 1685
f 1683 1685 1686
f 1687 1688 1689
f 1687 1689 1690
f 1691 1692 1693
f 1691 1693 1694
f 1695 1696 1697
f 1695 1697 1698
f 1699 1700 1701
f 1702 1703 1704
f 1705 1706 1707
f 1705 1707 1708
f 1709 1710 1711
f 1709 1711 1712
f 1713 1714 1715
f 1713 1715 1716
f 1717 1718 1719
f 1720 1721 1722
f 1720 1722 1723
f 1724 1725 1726
f 1724 1726 1727
f 1728 1729 1730
f 1731 1732 1733
f 1734 1735 1736
f 1734 1736 1737
f 1738 1739 1740
f 1738 1740 1741
f 1742 1743 1744
f 1742 1744 1745
f 1746 1747 1748
f 1749 1750 1751
f 1749 1751 1752
f 1753 1754 1755
f 1753 1755 1756
f 1757 1758 1759
f 1757 1759 1760
f 1761 1762 1763
f 1761 1763 1764
f 1765 1766 1767
f 1765 1767 1768
f 1769 1770 1771
f 1769 1771 1772
f 1773 1774 1775
f 1773 1775 1776
f 1777 1778 1779
f 1777 1779 1780
f 1781 1782 1783
f 1784 1785 1786
f 1787 1788 1789
f 1787 1789 1790
f 1791 1792 1793
f 1791 1793 1794
f 1795 1796 1797
f 1795 1797 1798
f 1799 1800 1801
f 1802 1803 1804
f 1802 1804 1805
f 1806 1807 1808
f 1806 1808 1809
f 1810 1811 1812
f 1813 1814 1815
f 1816 1817 1818
f 1816 1818 1819
f 1820 1821 1822
f 1820 1822 1823
f 1824 1825 1826
f 1824 1826 1827
f 1828 1829 1830
f 1831 1832 1833
f 1831 1833 1834
f 1835 1836 1837
f 1835 1837 1838
f 1839 1840 1841
f 1839 1841 1842
f 1843 1844 1845
f 1843 1845 1846
f 1847 1848 1849
f 1847 1849 1850
f 1851 1852 1853
f 1851 1853 1854
f 1855 1856 1857
f 1855 1857 1858
f 1859 1860 1861
f 1859 1861 1862
f 1863 1864 1865
f 1863 1865 1866
f 1867 1868 1869
f 1867 1869 1870
f 1871 1872 1873
f 1871 1873 1874
f 1875 1876 1877
f 1875 1877 1878
f 1879 1880 1881
f 1882 1883 1884
f 1885 1886 1887
f 1885 1887 1888
f 1889 1890 1891
f 1889 1891 1892
f 1893 1894 1895
f 1893 1895 1896
f 1897 1898 1899
f 1900 1901 1902
f 1900 1902 1903
f 1904 1905 1906
f 1904 1906 1907
f 1908 1909 1910
f 1911 1912 1913
f 1914 1915 1916
f 1914 1916 1917
f 1918 1919 1920
f 1918 1920 1921
f 1922 1923 1924
f 1922 1924 1925
f 1926 1927 1928
f 1929 1930 1931
f 1929 1931 1932
f 1933 1934 1935
f 1933 1935 1936
f 1937 1938 1939
f 1937 1939 1940
f 1941 1942 1943
f 1941 1943 1944
f 1945 1946 1947
f 1945 1947 1948
f 1949 1950 1951
f 1949 1951 1952
f 1953 1954 1955
f 1953 1955 1956
f 1957 1958 1959
f 1957 1959 1960
f 1961 1962 1963
f 1964 1965 1966
f 1967 1968 1969
f 1967 1969 1970
f 1971 1972 1973
f 1971 1973 1974
f 1975 1976 1977
f 1975 1977 1978
f 1979 1980 1981
f 1982 1983 1984
f 1982 1984 1985
f 1986 1987 1988
f 1986 1988 1989
f 1990 1991 1992
f 1993 1994 1995
f 1996 1997 1998
f 1996 1998 1999
f 2000 2001 2002
f 2000 2002 2003
f 2004 2005 2006
f 2004 2006 2007
f 2008 2009 2010
f 2011 2012 2013
f 2011 2013 2014
f 2015 2016 2017
f 2015 2017 2018
f 2019 2020 2021
f 2019 2021 2022
f 2023 2024 2025
f 2023 2025 2026
f 2027 2028 2029
f 2027 2029 2030
f 2031 2032 2033
f 2031 2033 2034
f 2035 2036 2037
f 2035 2037 2038
f 2039 2040 2041
f 2039 2041 2042
f 2043 2044 2045
f 2046 2047 2048
f 2049 2050 2051
f 2049 2051 2052
f 2053 2054 2055
f 2053 2055 2056
f 2057 2058 2059
f 2057 2059 2060
f 2061 2062 2063
f 2064 2065 2066
f 2064 2066 2067
f 2068 2069 2070
f 2068 2070 2071
f 2072 2073 2074
f 2075 2076 2077
f 2078 2079 2080
f 2078 2080 2081
f 2082 2083 2084
f 2082 2084 2085
f 2086 2087 2088
f 2086 2088 2089
f 2090 2091 2092
f 2093 2094 2095
f 2093 2095 2096
f 2097 2098 2099
f 2097 2099 2100
f 2101 2102 2103
f 2101 2103 2104
f 2105 2106 2107
f 2105 2107 2108
f 2109 2110 2111
f 2109 2111 2112
f 2113 2114 2115
f 2113 2115 2116
f 2117 2118 2119
f 2117 2119 2120
f 2121 2122 2123
f 2121 2123 2124
f 2125 2126 2127
f 2128 2129 2130
f 2131 2132 2133
f 2131 2133 2134
f 2135 2136 2137
f 2135 2137 2138
f 2139 2140 2141
f 2139 2141 2142
f 2143 2144 2145
f 2146 2147 2148
f 2146 2148 2149
f 2150 2151 2152
f 2150 2152 2153
f 2154 2155 2156
f 2157 2158 2159
f 2160 2161 2162
f 2160 2162 2163
f 2164 2165 2166
f 2164 2166 2167
f 2168 2169 2170
f 2168 2170 2171
f 2172 2173 2174
f 2175 2176 2177
f 2175 2177 2178
f 2179 2180 2181
f 2179 2181 2182
f 2183 2184 2185
f 2183 2185 2186
f 2187 2188 2189
f 2187 2189 2190
f 2191 2192 2193
f 2191 2193 2194
f 2195 2196 2197
f 2195 2197 2198
f 2199 2200 2201
f 2199 2201 2202
f 2203 2204 2205
f 2203 2205 2206
f 2207 2208 2209
f 2210 2211 2212
f 2213 2214 2215
f 2213 2215 2216
f 2217 2218 2219
f 2217 2219 2220
f 2221 2222 2223
f 2221 2223 2224
f 2225 2226 2227
f 2228 2229 2230
f 2228 2230 2231
f 2232 2233 2234
f 2232 2234 2235
f 2236 2237 2238
f 2239 2240 2241
f 2242 2243 2244
f 2242 2244 2245
f 2246 2247 2248
f 2246 2248 2249
f 2250 2251 2252
f 2250 2252 2253
f 2254 2255 2256
f 2257 2258 2259
f 2257 2259 2260
f 2261 2262 2263
f 2261 2263 2264
f 2265 2266 2267
f 2265 2267 2268
f 2269 2270 2271
f 2269 2271 2272
f 2273 2274 2275
f 2273 2275 2276
f 2277 2278 2279
f 2277 2279 2280
f 2281 2282 2283
f 2281 2283 2284
f 2285 2286 2287
f 2285 2287 2288
f 2289 2290 2291
f 2292 2293 2294
f 2295 2296 2297
f 2295 2297 2298
f 2299 2300 2301
f 2299 2301 2302
f 2303 2304 2305
f 2303 2305 2306
f 2307 2308 2309
f 2310 2311 2312
f 2310 2312 2313
f 2314 2315 2316
f 2314 2316 2317
f 2318 2319 2320
f 2318 2320 2321
f 2322 2323 2324
f 2322 2324 2325
f 2326 2327 2328
f 2329 2330 2331
f 2329 2331 2332
f 2333 2334 2335
f 2333 2335 2336
f 2337 2338 2339
f 2337 2339 2340
f 2341 2342 2343
f 2341 2343 2344
f 2345 2346 2347
f 2345 2347 2348
f 2349 2350 2351
f 2349 2351 2352
f 2353 2354 2355
f 2353 2355 2356
f 2357 2358 2359
f 2357 2359 2360
f 2361 2362 2363
f 2364 2365 2366
f 2364 2366 2367
f 2368 2369 2370
f 2368 2370 2371
f 2372 2373 2374
f 2372 2374 2375
f 2376 2377 2378
f 2376 2378 2379
f 2380 2381 2382
f 2383 2384 2385
f 2383 2385 2386
f 2387 2388 2389
f 2387 2389 2390
f 2391 2392 2393
f 2391 2393 2394
f 2395 2396 2397
f 2395 2397 2398
f 2399 2400 2401
f 2399 2401 2402
f 2403 2404 2405
f 2403 2405 2406
f 2407 2408 2409
f 2407 2409 2410
f 2411 2412 2413
f 2411 2413 2414
f 2415 2416 2417
f 2418 2419 2420
f 2418 2420 2421
f 2422 2423 2424
f 2422 2424 2425
f 2426 2427 2428
f 2426 2428 2429
f 2430 2431 2432
f 2430 2432 2433
f 2434 2435 2436
f 2437 2438 2439
f 2437 2439 2440
f 2441 2442 2443
f 2441 2443 2444
f 2445 2446 2447
f 2445 2447 2448
f 2449 2450 2451
f 2449 2451 2452
f 2453 2454 2455
f 2453 2455 2456
f 2457 2458 2459
f 2457 2459 2460
f 2461 2462 2463
f 2461 2463 2464
f 2465 2466 2467
f 2465 2467 2468
f 2469 2470 2471
f 2472 2473 2474
f 2472 2474 2475
f 2476 2477 2478
f 2476 2478 2479
f 2480 2481 2482
f 2480 2482 2483
f 2484 2485 2486
f 2484 2486 2487
f 2488 2489 2490
f 2488 2490 2491
f 2492 2493 2494
f 2492 2494 2495
f 2496 2497 2498
f 2496 2498 2499
f 2500 2501 2502
f 2500 2502 2503
f 2504 2505 2506
f 2504 2506 2507
f 2508 2509 2510
f 2508 2510 2511
f 2512 2513 2514
f 2512 2514 2515
f 2516 2517 2518
f 2516 2518 2519
f 2520 2521 2522
f 2520 2522 2523
f 2524 2525 2526
f 2524 2526 2527
f 2528 2529 2530
f 2528 2530 2531
f 2532 2533 2534
f 2532 2534 2535
f 2536 2537 2538
f 2536 2538 2539
f 2540 2541 2542
f 2540 2542 2543
f 2544 2545 2546
f 2544 2546 2547
f 2548 2549 2550
f 2548 2550 2551
f 2552 2553 2554
f 2552 2554 2555
f 2556 2557 2558
f 2556 2558 2559
f 2560 2561 2562
f 2560 2562 2563
f 2564 2565 2566
f 2564 2566 2567
f 2568 2569 2570
f 2568 2570 2571
f 2572 2573 2574
f 2572 2574 2575
f 2576 2577 2578
f 2576 2578 2579
f 2580 2581 2582
f 2580 2582 2583
f 2584 2585 2586
f 2584 2586 2587
f 2588 2589 2590
f 2588 2590 2591
f 2592 2593 2594
f 2592 2594 2595
f 2596 2597 2598
f 2596 2598 2599
f 2600 2601 2602
f 2600 2602 2603
f 2604 2605 2606
f 2607 2608 2609
f 2610 2611 2612
f 2613 2614 2615
f 2616 2617 2618
f 2619 2620 2621
f 2622 2623 2624
f 2625 2626 2627
f 2628 2629 2630
f 2631 2632 2633
f 2634 2635 2636
f 2637 2638 2639
f 2640 2641 2642
f 2643 2644 2645
f 2646 2647 2648
f 2649 2650 2651
f 2652 2653 2654
f 2655 2656 2657
f 2658 2659 2660
f 2661 2662 2663
f 2664 2665 2666
f 2667 2668 2669
f 2670 2671 2672
f 2673 2674 2675
f 2676 2677 2678
f 2679 2680 2681
f 2682 2683 2684
f 2685 2686 2687
f 2688 2689 2690
f 2691 2692 2693
f 2694 2695 2696
f 2697 2698 2699
f 2700 2701 2702
f 2703 2704 2705
f 2706 2707 2708
f 2709 2710 2711
f 2712 2713 2714
f 2715 2716 2717
f 2718 2719 2720
f 2721 2722 2723
f 2724 2725 2726
f 2727 2728 2729
f 2730 2731 2732
f 2733 2734 2735
f 2736 2737 2738
f 2739 2740 2741
f 2742 2743 2744
f 2745 2746 2747
f 2748 2749 2750
f 2751 2752 2753
f 2754 2755 2756
f 2757 2758 2759
f 2760 2761 2762
f 2763 2764 2765
f 2766 2767 2768
f 2769 2770 2771
f 2772 2773 2774
f 2775 2776 2777
f 2778 2779 2780
f 2781 2782 2783
f 2784 2785 2786
f 2787 2788 2789
f 2790 2791 2792
f 2793 2794 2795
f 2796 2797 2798
f 2799 2800 2801
f 2802 2803 2804
f 2805 2806 2807
f 2808 2809 2810
f 2811 2812 2813
f 2814 2815 2816
f 2817 2818 2819
f 2820 2821 2822
f 2823 2824 2825
f 2826 2827 2828
f 2829 2830 2831
f 2832 2833 2834
f 2835 2836 2837
f 2838 2839 2840
f 2841 2842 2843
f 2844 2845 2846
f 2847 2848 2849
f 2850 2851 2852
f 2853 2854 2855
f 2856 2857 2858
f 2859 2860 2861
f 2862 2863 2864
f 2865 2866 2867
f 2868 2869 2870
f 2871 2872 2873
f 2874 2875 2876
f 2877 2878 2879
f 2880 2881 2882
f 2883 2884 2885
f 2886 2887 2888
f 2889 2890 2891
f 2892 2893 2894
f 2895 2896 2897
f 2898 2899 2900
f 2901 2902 2903
f 2904 2905 2906
f 2907 2908 2909
f 2910 2911 2912
f 2913 2914 2915
f 2916 2917 2918
f 2919 2920 2921
f 2922 2923 2924
f 2925 2926 2927
f 2928 2929 2930
f 2931 2932 2933
f 2934 2935 2936
f 2937 2938 2939
f 2940 2941 2942
f 2943 2944 2945
f 2946 2947 2948
f 2949 2950 2951
f 2952 2953 2954
f 2955 2956 2957
f 2958 2959 2960
f 2961 2962 2963
f 2964 2965 2966
f 2967 2968 2969
f 2967 2969 2970
f 2971 2972 2973
f 2971 2973 2974
f 2975 2976 2977
f 2975 2977 2978
f 2979 2980 2981
f 2979 2981 2982
f 2983 2984 2985
f 2983 2985 2986
f 2987 2988 2989
f 2987 2989 2990
f 2991 2992 2993
f 2991 2993 2994
f 2995 2996 2997
f 2998 2999 3000
f 3001 3002 3003
f 3001 3003 3004
f 3005 3006 3007
f 3005 3007 3008
f 3009 3010 3011
f 3009 3011 3012
f 3013 3014 3015
f 3016 3017 3018
f 3016 3018 3019
f 3020 3021 3022
f 3020 3022 3023
f 3024 3025 3026
f 3024 3026 3027
f 3028 3029 3030
f 3028 3030 3031
f 3032 3033 3034
f 3035 3036 3037
f 3035 3037 3038
f 3039 3040 3041
f 3039 3041 3042
f 3043 3044 3045
f 3043 3045 3046
f 3047 3048 3049
f 3047 3049 3050
f 3051 3052 3053
f 3051 3053 3054
f 3055 3056 3057
f 3055 3057 3058
f 3059 3060 3061
f 3059 3061 3062
f 3063 3064 3065
f 3063 3065 3066
f 3067 3068 3069
f 3067 3069 3070
f 3071 3072 3073
f 3074 3075 3076
f 3074 3076 3077
f 3078 3079 3080
f 3078 3080 3081
f 3082 3083 3084
f 3085 3086 3087
f 3088 3089 3090
f 3088 3090 3091
f 3092 3093 3094
f 3092 3094 3095
f 3096 3097 3098
f 3096 3098 3099
f 3100 3101 3102
f 3100 3102 3103
f 3104 3105 3106
f 3107 3108 3109
f 3110 3111 3112
f 3113 3114 3115
f 3116 3117 3118
f 3116 3118 3119
f 3120 3121 3122
f 3120 3122 3123
f 3124 3125 3126
f 3127 3128 3129
f 3127 3129 3130
f 3131 3132 3133
f 3131 3133 3134
f 3135 3136 3137
f 3138 3139 3140
f 3141 3142 3143
f 3141 3143 3144
f 3145 3146 3147
f 3145 3147 3148
f 3149 3150 3151
f 3149 3151 3152
f 3153 3154 3155
f 3156 3157 3158
f 3156 3158 3159
f 3160 3161 3162
f 3160 3162 3163
f 3164 3165 3166
f 3164 3166 3167
f 3168 3169 3170
f 3168 3170 3171
f 3172 3173 3174
f 3172 3174 3175
f 3176 3177 3178
f 3176 3178 3179
f 3180 3181 3182
f 3180 3182 3183
f 3184 3185 3186
f 3184 3186 3187
f 3188 3189 3190
f 3191 3192 3193
f 3194 3195 3196
f 3194 3196 3197
f 3198 3199 3200
f 3198 3200 3201
f 3202 3203 3204
f 3202 3204 3205
f 3206 3207 3208
f 3209 3210 3211
f 3209 3211 3212
f 3213 3214 3215
f 3213 3215 3216
f 3217 3218 3219
f 3220 3221 3222
f 3223 3224 3225
f 3223 3225 3226
f 3227 3228 3229
f 3227 3229 3230
f 3231 3232 3233
f 3231 3233 3234
f 3235 3236 3237
f 3238 3239 3240
f 3238 3240 3241
f 3242 3243 3244
f 3242 3244 3245
f 3246 3247 3248
f 3246 3248 3249
f 3250 3251 3252
f 3250 3252 3253
f 3254 3255 3256
f 3254 3256 3257
f 3258 3259 3260
f 3258 3260 3261
f 3262 3263 3264
f 3262 3264 3265
f 3266 3267 3268
f 3266 3268 3269
f 3270 3271 3272
f 3273 3274 3275
f 3276 3277 3278
f 3276 3278 3279
f 3280 3281 3282
f 3280 3282 3283
f 3284 3285 3286
f 3284 3286 3287
f 3288 3289 3290
f 3291 3292 3293
f 3291 3293 3294
f 3295 3296 3297
f 3295 3297 3298
f 3299 3300 3301
f 3302 3303 3304
f 3305 3306 3307
f 3305 3307 3308
f 3309 3310 3311
f 3309 3311 3312
f 3313 3314 3315
f 3313 3315 3316
f 3317 3318 3319
f 3320 3321 3322
f 3320 3322 3323
f 3324 3325 3326
f 3324 3326 3327
f 3328 3329 3330
f 3328 3330 3331
f 3332 3333 3334
f 3332 3334 3335
f 3336 3337 3338
f 3336 3338 3339
f 3340 3341 3342
f 3340 3342 3343
f 3344 3345 3346
f 3344 3346 3347
f 3348 3349 3350
f 3348 3350 3351
f 3352 3353 3354
f 3352 3354 3355
f 3356 3357 3358
f 3356 3358 3359
f 3360 3361 3362
f 3360 3362 3363
f 3364 3365 3366
f 3364 3366 3367
f 3368 3369 3370
f 3371 3372 3373
f 3374 3375 3376
f 3374 3376 3377
f 3378 3379 3380
f 3378 3380 3381
f 3382 3383 3384
f 3382 3384 3385
f 3386 3387 3388
f 3389 3390 3391
f 3389 3391 3392
f 3393 3394 3395
f 3393 3395 3396
f 3397 3398 3399
f 3400 3401 3402
f 3403 3404 3405
f 3403 3405 3406
f 3407 3408 3409
f 3407 3409 3410
f 3411 3412 3413
f 3411 3413 3414
f 3415 3416 3417
f 3418 3419 3420
f 3418 3420 3421
f 3422 3423 3424
f 3422 3424 3425
f 3426 3427 3428
f 3426 3428 3429
f 3430 3431 3432
f 3430 3432 3433
f 3434 3435 3436
f 3434 3436 3437
f 3438 3439 3440
f 3438 3440 3441
f 3442 3443 3444
f 3442 3444 3445
f 3446 3447 3448
f 3446 3448 3449
f 3450 3451 3452
f 3453 3454 3455
f 3456 3457 3458
f 3456 3458 3459
f 3460 3461 3462
f 3460 3462 3463
f 3464 3465 3466
f 3464 3466 3467
f 3468 3469 3470
f 3471 3472 3473
f 3471 3473 3474
f 3475 3476 3477
f 3475 3477 3478
f 3479 3480 3481
f 3482 3483 3484
f 3485 3486 3487
f 3485 3487 3488
f 3489 3490 3491
f 3489 3491 3492
f 3493 3494 3495
f 3493 3495 3496
f 3497 3498 3499
f 3500 3501 3502
f 3500 3502 3503
f 3504 3505 3506
f 3504 3506 3507
f 3508 3509 3510
f 3508 3510 3511
f 3512 3513 3514
f 3512 3514 3515
f 3516 3517 3518
f 3516 3518 3519
f 3520 3521 3522
f 3520 3522 3523
f 3524 3525 3526
f 3524 3526 3527
f 3528 3529 3530
f 3528 3530 3531
f 3532 3533 3534
f 3535 3536 3537
f 3538 3539 3540
f 3538 3540 3541
f 3542 3543 3544
f 3542 3544 3545
f 3546 3547 3548
f 3546 3548 3549
f 3550 3551 3552
f 3553 3554 3555
f 3553 3555 3556
f 3557 3558 3559
f 3557 3559 3560
f 3561 3562 3563
f 3564 3565 3566
f 3567 3568 3569
f 3567 3569 3570
f 3571 3572 3573
f 3571 3573 3574
f 3575 3576 3577
f 3575 3577 3578
f 3579 3580 3581
f 3582 3583 3584
f 3582 3584 3585
f 3586 3587 3588
f 3586 3588 3589
f 3590 3591 3592
f 3590 3592 3593
f 3594 3595 3596
f 3594 3596 3597
f 3598 3599 3600
f 3598 3600 3601
f 3602 3603 3604
f 3602 3604 3605
f 3606 3607 3608
f 3606 3608 3609
f 3610 3611 3612
f 3610 3612 3613
f 3614 3615 3616
f 3617 3618 3619
f 3620 3621 3622
f 3620 3622 3623
f 3624 3625 3626
f 3624 3626 3627
f 3628 3629 3630
f 3628 3630 3631
f 3632 3633 3634
f 3635 3636 3637
f 3635 3637 3638
f 3639 3640 3641
f 3639 3641 3642
f 3643 3644 3645
f 3646 3647 3648
f 3649 3650 3651
f 3649 3651 3652
f 3653 3654 3655
f 3653 3655 3656
f 3657 3658 3659
f 3657 3659 3660
f 3661 3662 3663
f 3664 3665 3666
f 3664 3666 3667
f 3668 3669 3670
f 3668 3670 3671
f 3672 3673 3674
f 3672 3674 3675
f 3676 3677 3678
f 3676 3678 3679
f 3680 3681 3682
f 3680 3682 3683
f 3684 3685 3686
f 3684 3686 3687
f 3688 3689 3690
f 3688 3690 3691
f 3692 3693 3694
f 3692 3694 3695
f 3696 3697 3698
f 3699 3700 3701
f 3702 3703 3704
f 3702 3704 3705
f 3706 3707 3708
f 3706 3708 3709
f 3710 3711 3712
f 3710 3712 3713
f 3714 3715 3716
f 3717 3718 3719
f 3717 3719 3720
f 3721 3722 3723
f 3721 3723 3724
f 3725 3726 3727
f 3728 3729 3730
f 3731 3732 3733
f 3731 3733 3734
f 3735 3736 3737
f 3735 3737 3738
f 3739 3740 3741
f 3739 3741 3742
f 3743 3744 3745
f 3746 3747 3748
f 3746 3748 3749
f 3750 3751 3752
f 3750 3752 3753
f 3754 3755 3756
f 3754 3756 3757
f 3758 3759 3760
f 3758 3760 3761
f 3762 3763 3764
f 3762 3764 3765
f 3766 3767 3768
f 3766 3768 3769
f 3770 3771 3772
f 3770 3772 3773
f 3774 3775 3776
f 3774 3776 3777
f 3778 3779 3780
f 3781 3782 3783
f 3784 3785 3786
f 3784 3786 3787
f 3788 3789 3790
f 3788 3790 3791
f 3792 3793 3794
f 3792 3794 3795
f 3796 3797 3798
f 3799 3800 3801
f 3799 3801 3802
f 3803 3804 3805
f 3803 3805 3806
f 3807 3808 3809
f 3807 3809 3810
f 3811 3812 3813
f 3811 3813 3814
f 3815 3816 3817
f 3818 3819 3820
f 3818 3820 3821
f 3822 3823 3824
f 3822 3824 3825
f 3826 3827 3828
f 3826 3828 3829
f 3830 3831 3832
f 3830 3832 3833
f 3834 3835 3836
f 3834 3836 3837
f 3838 3839 3840
f 3838 3840 3841
f 3842 3843 3844
f 3842 3844 3845
f 3846 3847 3848
f 3846 3848 3849
f 3850 3851 3852
f 3853 3854 3855
f 3853 3855 3856
f 3857 3858 3859
f 3857 3859 3860
f 3861 3862 3863
f 3861 3863 3864
f 3865 3866 3867
f 3865 3867 3868
f 3869 3870 3871
f 3872 3873 3874
f 3872 3874 3875
f 3876 3877 3878
f 3876 3878 3879
f 3880 3881 3882
f 3880 3882 3883
f 3884 3885 3886
f 3884 3886 3887
f 3888 3889 3890
f 3888 3890 3891
f 3892 3893 3894
f 3892 3894 3895
f 3896 3897 3898
f 3896 3898 3899
f 3900 3901 3902
f 3900 3902 3903
f 3904 3905 3906
f 3907 3908 3909
f 3907 3909 3910
f 3911 3912 3913
f 3911 3913 3914
f 3915 3916 3917
f 3915 3917 3918
f 3919 3920 3921
f 3919 3921 3922
f 3923 3924 3925
f 3926 3927 3928
f 3926 3928 3929
f 3930 3931 3932
f 3930 3932 3933
f 3934 3935 3936
f 3934 3936 3937
f 3938 3939 3940
f 3938 3940 3941
f 3942 3943 3944
f 3942 3944 3945
f 3946 3947 3948
f 3946 3948 3949
f 3950 3951 3952
f 3950 3952 3953
f 3954 3955 3956
f 3954 3956 3957
f 3958 3959 3960
f 3961 3962 3963
f 3961 3963 3964
f 3965 3966 3967
f 3965 3967 3968
f 3969 3970 3971
f 3969 3971 3972
f 3973 3974 3975
f 3973 3975 3976
f 3977 3978 3979
f 3977 3979 3980
f 3981 3982 3983
f 3981 3983 3984
f 3985 3986 3987
f 3985 3987 3988
f 3989 3990 3991
f 3989 3991 3992
f 3993 3994 3995
f 3993 3995 3996
f 3997 3998 3999
f 3997 3999 4000
f 4001 4002 4003
f 4001 4003 4004
f 4005 4006 4007
f 4005 4007 4008
f 4009 4010 4011
f 4009 4011 4012
f 4013 4014 4015
f 4013 4015 4016
f 4017 4018 4019
f 4017 4019 4020
f 4021 4022 4023
f 4021 4023 4024
f 4025 4026 4027
f 4025 4027 4028
f 4029 4030 4031
f 4029 4031 4032
f 4033 4034 4035
f 4033 4035 4036
f 4037 4038 4039
f 4037 4039 4040
f 4041 4042 4043
f 4041 4043 4044
f 4045 4046 4047
f 4045 4047 4048
f 4049 4050 4051
f 4049 4051 4052
f 4053 4054 4055
f 4053 4055 4056
f 4057 4058 4059
f 4057 4059 4060
f 4061 4062 4063
f 4061 4063 4064
f 4065 4066 4067
f 4065 4067 4068
f 4069 4070 4071
f 4069 4071 4072
f 4073 4074 4075
f 4073 4075 4076
f 4077 4078 4079
f 4077 4079 4080
f 4081 4082 4083
f 4081 4083 4084
f 4085 4086 4087
f 4085 4087 4088
f 4089 4090 4091
f 4089 4091 4092
f 4093 4094 4095
f 4096 4097 4098
f 4099 4100 4101
f 4102 4103 4104
f 4105 4106 4107
f 4108 4109 4110
f 4111 4112 4113
f 4114 4115 4116
f 4117 4118 4119
f 4120 4121 4122
f 4123 4124 4125
f 4126 4127 4128
f 4129 4130 4131
f 4132 4133 4134
f 4135 4136 4137
f 4138 4139 4140
f 4141 4142 4143
f 4144 4145 4146
f 4147 4148 4149
f 4150 4151 4152
f 4153 4154 4155
f 4156 4157 4158
f 4159 4160 4161
f 4162 4163 4164
f 4165 4166 4167
f 4168 4169 4170
f 4171 4172 4173
f 4174 4175 4176
f 4177 4178 4179
f 4180 4181 4182
f 4183 4184 4185
f 4186 4187 4188
f 4189 4190 4191
f 4192 4193 4194
f 4195 4196 4197
f 4198 4199 4200
f 4201 4202 4203
f 4204 4205 4206
f 4207 4208 4209
f 4210 4211 4212
f 4213 4214 4215
f 4216 4217 4218
f 4219 4220 4221
f 4222 4223 4224
f 4225 4226 4227
f 4228 4229 4230
f 4231 4232 4233
f 4234 4235 4236
f 4237 4238 4239
f 4240 4241 4242
f 4243 4244 4245
f 4246 4247 4248
f 4249 4250 4251
f 4252 4253 4254
f 4255 4256 4257
f 4258 4259 4260
f 4261 4262 4263
f 4264 4265 4266
f 4267 4268 4269
f 4270 4271 4272
f 4273 4274 4275
f 4276 4277 4278
f 4279 4280 4281
f 4282 4283 4284
f 4285 4286 4287
f 4288 4289 4290
f 4291 4292 4293
f 4294 4295 4296
f 4297 4298 4299
f 4300 4301 4302
f 4303 4304 4305
f 4306 4307 4308
f 4309 4310 4311
f 4312 4313 4314
f 4315 4316 4317
f 4318 4319 4320
f 4321 4322 4323
f 4324 4325 4326
f 4327 4328 4329
f 4330 4331 4332
f 4333 4334 4335
f 4336 4337 4338
f 4339 4340 4341
f 4342 4343 4344
f 4345 4346 4347
f 4348 4349 4350
f 4351 4352 4353
f 4354 4355 4356
f 4357 4358 4359
f 4360 4361 4362
f 4363 4364 4365
f 4366 4367 4368
f 4369 4370 4371
f 4372 4373 4374
f 4375 4376 4377
f 4378 4379 4380
f 4381 4382 4383
f 4384 4385 4386
f 4387 4388 4389
f 4390 4391 4392
f 4393 4394 4395
f 4396 4397 4398
f 4399 4400 4401
f 4402 4403 4404
f 4405 4406 4407
f 4408 4409 4410
f 4411 4412 4413
f 4414 4415 4416
f 4417 4418 4419
f 4420 4421 4422
f 4423 4424 4425
f 4426 4427 4428
f 4429 4430 4431
f 4432 4433 4434
f 4435 4436 4437
f 4438 4439 4440
f 4441 4442 4443
f 4444 4445 4446
f 4447 4448 4449
f 4450 4451 4452
f 4453 4454 4455
f 4456 4457 4458
f 4456 4458 4459
f 4460 4461 4462
f 4460 4462 4463
f 4464 4465 4466
f 4464 4466 4467
f 4468 4469 4470
f 4468 4470 4471
f 4472 4473 4474
f 4472 4474 4475
f 4476 4477 4478
f 4476 4478 4479
f 4480 4481 4482
f 4480 4482 4483
f 4484 4485 4486
f 4487 4488 4489
f 4490 4491 4492
f 4490 4492 4493
f 4494 4495 4496
f 4494 4496 4497
f 4498 4499 4500
f 4498 4500 4501
f 4502 4503 4504
f 4505 4506 4507
f 4505 4507 4508
f 4509 4510 4511
f 4509 4511 4512
f 4513 4514 4515
f 4513 4515 4516
f 4517 4518 4519
f 4517 4519 4520
f 4521 4522 4523
f 4524 4525 4526
f 4524 4526 4527
f 4528 4529 4530
f 4528 4530 4531
f 4532 4533 4534
f 4532 4534 4535
f 4536 4537 4538
f 4536 4538 4539
f 4540 4541 4542
f 4540 4542 4543
f 4544 4545 4546
f 4544 4546 4547
f 4548 4549 4550
f 4548 4550 4551
f 4552 4553 4554
f 4552 4554 4555
f 4556 4557 4558
f 4556 4558 4559
f 4560 4561 4562
f 4563 4564 4565
f 4563 4565 4566
f 4567 4568 4569
f 4567 4569 4570
f 4571 4572 4573
f 4574 4575 4576
f 4577 4578 4579
f 4577 4579 4580
f 4581 4582 4583
f 4581 4583 4584
f 4585 4586 4587
f 4585 4587 4588
f 4589 4590 4591
f 4589 4591 4592
f 4593 4594 4595
f 4596 4597 4598
f 4599 4600 4601
f 4602 4603 4604
f 4605 4606 4607
f 4605 4607 4608
f 4609 4610 4611
f 4609 4611 4612
f 4613 4614 4615
f 4616 4617 4618
f 4616 4618 4619
f 4620 4621 4622
f 4620 4622 4623
f 4624 4625 4626
f 4627 4628 4629
f 4630 4631 4632
f 4630 4632 4633
f 4634 4635 4636
f 4634 4636 4637
f 4638 4639 4640
f 4638 4640 4641
f 4642 4643 4644
f 4645 4646 4647
f 4645 4647 4648
f 4649 4650 4651
f 4649 4651 4652
f 4653 4654 4655
f 4653 4655 4656
f 4657 4658 4659
f 4657 4659 4660
f 4661 4662 4663
f 4661 4663 4664
f 4665 4666 4667
f 4665 4667 4668
f 4669 4670 4671
f 4669 4671 4672
f 4673 4674 4675
f 4673 4675 4676
f 4677 4678 4679
f 4680 4681 4682
f 4683 4684 4685
f 4683 4685 4686
f 4687 4688 4689
f 4687 4689 4690
f 4691 4692 4693
f 4691 4693 4694
f 4695 4696 4697
f 4698 4699 4700
f 4698 4700 4701
f 4702 4703 4704
f 4702 4704 4705
f 4706 4707 4708
f 4709 4710 4711
f 4712 4713 4714
f 4712 4714 4715
f 4716 4717 4718
f 4716 4718 4719
f 4720 4721 4722
f 4720 4722 4723
f 4724 4725 4726
f 4727 4728 4729
f 4727 4729 4730
f 4731 4732 4733
f 4731 4733 4734
f 4735 4736 4737
f 4735 4737 4738
f 4739 4740 4741
f 4739 4741 4742
f 4743 4744 4745
f 4743 4745 4746
f 4747 4748 4749
f 4747 4749 4750
f 4751 4752 4753
f 4751 4753 4754
f 4755 4756 4757
f 4755 4757 4758
f 4759 4760 4761
f 4762 4763 4764
f 4765 4766 4767
f 4765 4767 4768
f 4769 4770 4771
f 4769 4771 4772
f 4773 4774 4775
f 4773 4775 4776
f 4777 4778 4779
f 4780 4781 4782
f 4780 4782 4783
f 4784 4785 4786
f 4784 4786 4787
f 4788 4789 4790
f 4791 4792 4793
f 4794 4795 4796
f 4794 4796 4797
f 4798 4799 4800
f 4798 4800 4801
f 4802 4803 4804
f 4802 4804 4805
f 4806 4807 4808
f 4809 4810 4811
f 4809 4811 4812
f 4813 4814 4815
f 4813 4815 4816
f 4817 4818 4819
f 4817 4819 4820
f 4821 4822 4823
f 4821 4823 4824
f 4825 4826 4827
f 4825 4827 4828
f 4829 4830 4831
f 4829 4831 4832
f 4833 4834 4835
f 4833 4835 4836
f 4837 4838 4839
f 4837 4839 4840
f 4841 4842 4843
f 4841 4843 4844
f 4845 4846 4847
f 4845 4847 4848
f 4849 4850 4851
f 4849 4851 4852
f 4853 4854 4855
f 4853 4855 4856
f 4857 4858 4859
f 4860 4861 4862
f 4863 4864 4865
f 4863 4865 4866
f 4867 4868 4869
f 4867 4869 4870
f 4871 4872 4873
f 4871 4873 4874
f 4875 4876 4877
f 4878 4879 4880
f 4878 4880 4881
f 4882 4883 4884
f 4882 4884 4885
f 4886 4887 4888
f 4889 4890 4891
f 4892 4893 4894
f 4892 4894 4895
f 4896 4897 4898
f 4896 4898 4899
f 4900 4901 4902
f 4900 4902 4903
f 4904 4905 4906
f 4907 4908 4909
f 4907 4909 4910
f 4911 4912 4913
f 4911 4913 4914
f 4915 4916 4917
f 4915 4917 4918
f 4919 4920 4921
f 4919 4921 4922
f 4923 4924 4925
f 4923 4925 4926
f 4927 4928 4929
f 4927 4929 4930
f 4931 4932 4933
f 4931 4933 4934
f 4935 4936 4937
f 4935 4937 4938
f 4939 4940 4941
f 4942 4943 4944
f 4945 4946 4947
f 4945 4947 4948
f 4949 4950 4951
f 4949 4951 4952
f 4953 4954 4955
f 4953 4955 4956
f 4957 4958 4959
f 4960 4961 4962
f 4960 4962 4963
f 4964 4965 4966
f 4964 4966 4967
f 4968 4969 4970
f 4971 4972 4973
f 4974 4975 4976
f 4974 4976 4977
f 4978 4979 4980
f 4978 4980 4981
f 4982 4983 4984
f 4982 4984 4985
f 4986 4987 4988
f 4989 4990 4991
f 4989 4991 4992
f 4993 4994 4995
f 4993 4995 4996
f 4997 4998 4999
f 4997 4999 5000
f 5001 5002 5003
f 5001 5003 5004
f 5005 5006 5007
f 5005 5007 5008
f 5009 5010 5011
f 5009 5011 5012
f 5013 5014 5015
f 5013 5015 5016
f 5017 5018 5019
f 5017 5019 5020
f 5021 5022 5023
f 5024 5025 5026
f 5027 5028 5029
f 5027 5029 5030
f 5031 5032 5033
f 5031 5033 5034
f 5035 5036 5037
f 5035 5037 5038
f 5039 5040 5041
f 5042 5043 5044
f 5042 5044 5045
f 5046 5047 5048
f 5046 5048 5049
f 5050 5051 5052
f 5053 5054 5055
f 5056 5057 5058
f 5056 5058 5059
f 5060 5061 5062
f 5060 5062 5063
f 5064 5065 5066
f 5064 5066 5067
f 5068 5069 5070
f 5071 5072 5073
f 5071 5073 5074
f 5075 5076 5077
f 5075 5077 5078
f 5079 5080 5081
f 5079 5081 5082
f 5083 5084 5085
f 5083 5085 5086
f 5087 5088 5089
f 5087 5089 5090
f 5091 5092 5093
f 5091 5093 5094
f 5095 5096 5097
f 5095 5097 5098
f 5099 5100 5101
f 5099 5101 5102
f 5103 5104 5105
f 5106 5107 5108
f 5109 5110 5111
f 5109 5111 5112
f 5113 5114 5115
f 5113 5115 5116
f 5117 5118 5119
f 5117 5119 5120
f 5121 5122 5123
f 5124 5125 5126
f 5124 5126 5127
f 5128 5129 5130
f 5128 5130 5131
f 5132 5133 5134
f 5135 5136 5137
f 5138 5139 5140
f 5138 5140 5141
f 5142 5143 5144
f 5142 5144 5145
f 5146 5147 5148
f 5146 5148 5149
f 5150 5151 5152
f 5153 5154 5155
f 5153 5155 5156
f 5157 5158 5159
f 5157 5159 5160
f 5161 5162 5163
f 5161 5163 5164
f 5165 5166 5167
f 5165 5167 5168
f 5169 5170 5171
f 5169 5171 5172
f 5173 5174 5175
f 5173 5175 5176
f 5177 5178 5179
f 5177 5179 5180
f 5181 5182 5183
f 5181 5183 5184
f 5185 5186 5187
f 5188 5189 5190
f 5191 5192 5193
f 5191 5193 5194
f 5195 5196 5197
f 5195 5197 5198
f 5199 5200 5201
f 5199 5201 5202
f 5203 5204 5205
f 5206 5207 5208
f 5206 5208 5209
f 5210 5211 5212
f 5210 5212 5213
f 5214 5215 5216
f 5217 5218 5219
f 5220 5221 5222
f 5220 5222 5223
f 5224 5225 5226
f 5224 5226 5227
f 5228 5229 5230
f 5228 5230 5231
f 5232 5233 5234
f 5235 5236 5237
f 5235 5237 5238
f 5239 5240 5241
f 5239 5241 5242
f 5243 5244 5245
f 5243 5245 5246
f 5247 5248 5249
f 5247 5249 5250
f 5251 5252 5253
f 5251 5253 5254
f 5255 5256 5257
f 5255 5257 5258
f 5259 5260 5261
f 5259 5261 5262
f 5263 5264 5265
f 5263 5265 5266
f 5267 5268 5269
f 5270 5271 5272
f 5273 5274 5275
f 5273 5275 5276
f 5277 5278 5279
f 5277 5279 5280
f 5281 5282 5283
f 5281 5283 5284
f 5285 5286 5287
f 5288 5289 5290
f 5288 5290 5291
f 5292 5293 5294
f 5292 5294 5295
f 5296 5297 5298
f 5296 5298 5299
f 5300 5301 5302
f 5300 5302 5303
f 5304 5305 5306
f 5307 5308 5309
f 5307 5309 5310
f 5311 5312 5313
f 5311 5313 5314
f 5315 5316 5317
f 5315 5317 5318
f 5319 5320 5321
f 5319 5321 5322
f 5323 5324 5325
f 5323 5325 5326
f 5327 5328 5329
f 5327 5329 5330
f 5331 5332 5333
f 5331 5333 5334
f 5335 5336 5337
f 5335 5337 5338
f 5339 5340 5341
f 5342 5343 5344
f 5342 5344 5345
f 5346 5347 5348
f 5346 5348 5349
f 5350 5351 5352
f 5350 5352 5353
f 5354 5355 5356
f 5354 5356 5357
f 5358 5359 5360
f 5361 5362 5363
f 5361 5363 5364
f 5365 5366 5367
f 5365 5367 5368
f 5369 5370 5371
f 5369 5371 5372
f 5373 5374 5375
f 5373 5375 5376
f 5377 5378 5379
f 5377 5379 5380
f 5381 5382 5383
f 5381 5383 5384
f 5385 5386 5387
f 5385 5387 5388
f 5389 5390 5391
f 5389 5391 5392
f 5393 5394 5395
f 5396 5397 5398
f 5396 5398 5399
f 5400 5401 5402
f 5400 5402 5403
f 5404 5405 5406
f 5404 5406 5407
f 5408 5409 5410
f 5408 5410 5411
f 5412 5413 5414
f 5415 5416 5417
f 5415 5417 5418
f 5419 5420 5421
f 5419 5421 5422
f 5423 5424 5425
f 5423 5425 5426
f 5427 5428 5429
f 5427 5429 5430
f 5431 5432 5433
f 5431 5433 5434
f 5435 5436 5437
f 5435 5437 5438
f 5439 5440 5441
f 5439 5441 5442
f 5443 5444 5445
f 5443 5445 5446
f 5447 5448 5449
f 5450 5451 5452
f 5450 5452 5453
f 5454 5455 5456
f 5454 5456 5457
f 5458 5459 5460
f 5458 5460 5461
f 5462 5463 5464
f 5462 5464 5465
f 5466 5467 5468
f 5466 5468 5469
f 5470 5471 5472
f 5470 5472 5473
f 5474 5475 5476
f 5474 5476 5477
f 5478 5479 5480
f 5478 5480 5481
f 5482 5483 5484
f 5482 5484 5485
f 5486 5487 5488
f 5486 5488 5489
f 5490 5491 5492
f 5490 5492 5493
f 5494 5495 5496
f 5494 5496 5497
f 5498 5499 5500
f 5498 5500 5501
f 5502 5503 5504
f 5502 5504 5505
f 5506 5507 5508
f 5506 5508 5509
f 5510 5511 5512
f 5510 5512 5513
f 5514 5515 5516
f 5514 5516 5517
f 5518 5519 5520
f 5518 5520 5521
f 5522 5523 5524
f 5522 5524 5525
f 5526 5527 5528
f 5526 5528 5529
f 5530 5531 5532
f 5530 5532 5533
f 5534 5535 5536
f 5534 5536 5537
f 5538 5539 5540
f 5538 5540 5541
f 5542 5543 5544
f 5542 5544 5545
f 5546 5547 5548
f 5546 5548 5549
f 5550 5551 5552
f 5550 5552 5553
f 5554 5555 5556
f 5554 5556 5557
f 5558 5559 5560
f 5558 5560 5561
f 5562 5563 5564
f 5562 5564 5565
f 5566 5567 5568
f 5566 5568 5569
f 5570 5571 5572
f 5570 5572 5573
f 5574 5575 5576
f 5574 5576 5577
f 5578 5579 5580
f 5578 5580 5581
f 5582 5583 5584
f 5585 5586 5587
f 5588 5589 5590
f 5591 5592 5593
f 5594 5595 5596
f 5597 5598 5599
f 5600 5601 5602
f 5603 5604 5605
f 5606 5607 5608
f 5609 5610 5611
f 5612 5613 5614
f 5615 5616 5617
f 5618 5619 5620
f 5621 5622 5623
f 5624 5625 5626
f 5627 5628 5629
f 5630 5631 5632
f 5633 5634 5635
f 5636 5637 5638
f 5639 5640 5641
f 5642 5643 5644
f 5645 5646 5647
f 5648 5649 5650
f 5651 5652 5653
f 5654 5655 5656
f 5657 5658 5659
f 5660 5661 5662
f 5663 5664 5665
f 5666 5667 5668
f 5669 5670 5671
f 5672 5673 5674
f 5675 5676 5677
f 5678 5679 5680
f 5681 5682 5683
f 5684 5685 5686
f 5687 5688 5689
f 5690 5691 5692
f 5693 5694 5695
f 5696 5697 5698
f 5699 5700 5701
f 5702 5703 5704
f 5705 5706 5707
f 5708 5709 5710
f 5711 5712 5713
f 5714 5715 5716
f 5717 5718 5719
f 5720 5721 5722
f 5723 5724 5725
f 5726 5727 5728
f 5729 5730 5731
f 5732 5733 5734
f 5735 5736 5737
f 5738 5739 5740
f 5741 5742 5743
f 5744 5745 5746
f 5747 5748 5749
f 5750 5751 5752
f 5753 5754 5755
f 5756 5757 5758
f 5759 5760 5761
f 5762 5763 5764
f 5765 5766 5767
f 5768 5769 5770
f 5771 5772 5773
f 5774 5775 5776
f 5777 5778 5779
f 5780 5781 5782
f 5783 5784 5785
f 5786 5787 5788
f 5789 5790 5791
f 5792 5793 5794
f 5795 5796 5797
f 5798 5799 5800
f 5801 5802 5803
f 5804 5805 5806
f 5807 5808 5809
f 5810 5811 5812
f 5813 5814 5815
f 5816 5817 5818
f 5819 5820 5821
f 5822 5823 5824
f 5825 5826 5827
f 5828 5829 5830
f 5831 5832 5833
f 5834 5835 5836
f 5837 5838 5839
f 5840 5841 5842
f 5843 5844 5845
f 5846 5847 5848
f 5849 5850 5851
f 5852 5853 5854
f 5855 5856 5857
f 5858 5859 5860
f 5861 5862 5863
f 5864 5865 5866
f 5867 5868 5869
f 5870 5871 5872
f 5873 5874 5875
f 5876 5877 5878
f 5879 5880 5881
f 5882 5883 5884
f 5885 5886 5887
f 5888 5889 5890
f 5891 5892 5893
f 5894 5895 5896
f 5897 5898 5899
f 5900 5901 5902
f 5903 5904 5905
f 5906 5907 5908
f 5909 5910 5911
f 5912 5913 5914
f 5915 5916 5917
f 5918 5919 5920
f 5921 5922 5923
f 5924 5925 5926
f 5927 5928 5929
f 5930 5931 5932
f 5933 5934 5935
f 5936 5937 5938
f 5939 5940 5941
f 5942 5943 5944
f 5945 5946 5947
f 5945 5947 5948
f 5949 5950 5951
f 5949 5951 5952
f 5953 5954 5955
f 5953 5955 5956
f 5957 5958 5959
f 5957 5959 5960
f 5961 5962 5963
f 5961 5963 5964
f 5965 5966 5967
f 5965 5967 5968
f 5969 5970 5971
f 5969 5971 5972
f 5973 5974 5975
f 5973 5975 5976
f 5977 5978 5979
f 5977 5979 5980
f 5981 5982 5983
f 5981 5983 5984
f 5985 5986 5987
f 5985 5987 5988
f 5989 5990 5991
f 5989 5991 5992
f 5993 5994 5995
f 5993 5995 5996
f 5997 5998 5999
f 5997 5999 6000
f 6001 6002 6003
f 6001 6003 6004
f 6005 6006 6007
f 6005 6007 6008
f 6009 6010 6011
f 6009 6011 6012
f 6013 6014 6015
f 6013 6015 6016
f 6017 6018 6019
f 6017 6019 6020
f 6021 6022 6023
f 6021 6023 6024
f 6025 6026 6027
f 6025 6027 6028
f 6029 6030 6031
f 6029 6031 6032
f 6033 6034 6035
f 6033 6035 6036
f 6037 6038 6039
f 6037 6039 6040
f 6041 6042 6043
f 6041 6043 6044
f 6045 6046 6047
f 6045 6047 6048
f 6049 6050 6051
f 6049 6051 6052
f 6053 6054 6055
f 6053 6055 6056
f 6057 6058 6059
f 6057 6059 6060
f 6061 6062 6063
f 6061 6063 6064
f 6065 6066 6067
f 6065 6067 6068
f 6069 6070 6071
f 6069 6071 6072
f 6073 6074 6075
f 6073 6075 6076
f 6077 6078 6079
f 6077 6079 6080
f 6081 6082 6083
f 6081 6083 6084
f 6085 6086 6087
f 6085 6087 6088
f 6089 6090 6091
f 6089 6091 6092
f 6093 6094 6095
f 6093 6095 6096
f 6097 6098 6099
f 6097 6099 6100
f 6101 6102 6103
f 6101 6103 6104
f 6105 6106 6107
f 6105 6107 6108
f 6109 6110 6111
f 6109 6111 6112
f 6113 6114 6115
f 6113 6115 6116
f 6117 6118 6119
f 6117 6119 6120
f 6121 6122 6123
f 6121 6123 6124
f 6125 6126 6127
f 6125 6127 6128
f 6129 6130 6131
f 6129 6131 6132
f 6133 6134 6135
f 6133 6135 6136
f 6137 6138 6139
f 6137 6139 6140
f 6141 6142 6143
f 6141 6143 6144
f 6145 6146 6147
f 6145 6147 6148
f 6149 6150 6151
f 6149 6151 6152
f 6153 6154 6155
f 6153 6155 6156
f 6157 6158 6159
f 6157 6159 6160
f 6161 6162 6163
f 6161 6163 6164
f 6165 6166 6167
f 6165 6167 6168
f 6169 6170 6171
f 6169 6171 6172
f 6173 6174 6175
f 6173 6175 6176
f 6177 6178 6179
f 6177 6179 6180
f 6181 6182 6183
f 6181 6183 6184
f 6185 6186 6187
f 6185 6187 6188
f 6189 6190 6191
f 6189 6191 6192
f 6193 6194 6195
f 6193 6195 6196
f 6197 6198 6199
f 6197 6199 6200
f 6201 6202 6203
f 6201 6203 6204
f 6205 6206 6207
f 6205 6207 6208
f 6209 6210 6211
f 6209 6211 6212
f 6213 6214 6215
f 6213 6215 6216
f 6217 6218 6219
f 6217 6219 6220
f 6221 6222 6223
f 6221 6223 6224
f 6225 6226 6227
f 6225 6227 6228
f 6229 6230 6231
f 6229 6231 6232
f 6233 6234 6235
f 6233 6235 6236
f 6237 6238 6239
f 6237 6239 6240
f 6241 6242 6243
f 6241 6243 6244
f 6245 6246 6247
f 6245 6247 6248
f 6249 6250 6251
f 6249 6251 6252
f 6253 6254 6255
f 6253 6255 6256
f 6257 6258 6259
f 6257 6259 6260
f 6261 6262 6263
f 6261 6263 6264
f 6265 6266 6267
f 6265 6267 6268
f 6269 6270 6271
f 6269 6271 6272
f 6273 6274 6275
f 6273 6275 6276
f 6277 6278 6279
f 6277 6279 6280
f 6281 6282 6283
f 6281 6283 6284
f 6285 6286 6287
f 6285 6287 6288
f 6289 6290 6291
f 6289 6291 6292
f 6293 6294 6295
f 6293 6295 6296
f 6297 6298 6299
f 6297 6299 6300
f 6301 6302 6303
f 6301 6303 6304
f 6305 6306 6307
f 6305 6307 6308
f 6309 6310 6311
f 6309 6311 6312
f 6313 6314 6315
f 6313 6315 6316
f 6317 6318 6319
f 6317 6319 6320
f 6321 6322 6323
f 6321 6323 6324
f 6325 6326 6327
f 6325 6327 6328
f 6329 6330 6331
f 6329 6331 6332
f 6333 6334 6335
f 6333 6335 6336
f 6337 6338 6339
f 6337 6339 6340
f 6341 6342 6343
f 6344 6345 6346
f 6347 6348 6349
f 6350 6351 6352
f 6353 6354 6355
f 6356 6357 6358
f 6359 6360 6361
f 6362 6363 6364
f 6365 6366 6367
f 6368 6369 6370
f 6371 6372 6373
f 6374 6375 6376
f 6377 6378 6379
f 6380 6381 6382
f 6383 6384 6385
f 6386 6387 6388
f 6389 6390 6391
f 6389 6391 6392
f 6393 6394 6395
f 6393 6395 6396
f 6397 6398 6399
f 6397 6399 6400
f 6401 6402 6403
f 6401 6403 6404
f 6405 6406 6407
f 6405 6407 6408
f 6409 6410 6411
f 6409 6411 6412
f 6413 6414 6415
f 6413 6415 6416
f 6417 6418 6419
f 6417 6419 6420
f 6421 6422 6423
f 6421 6423 6424
f 6425 6426 6427
f 6425 6427 6428
f 6429 6430 6431
f 6429 6431 6432
f 6433 6434 6435
f 6433 6435 6436
f 6437 6438 6439
f 6437 6439 6440
f 6441 6442 6443
f 6441 6443 6444
f 6445 6446 6447
f 6445 6447 6448
f 6449 6450 6451
f 6449 6451 6452
f 6453 6454 6455
f 6453 6455 6456
f 6457 6458 6459
f 6457 6459 6460
f 6461 6462 6463
f 6461 6463 6464
f 6465 6466 6467
f 6465 6467 6468
f 6469 6470 6471
f 6469 6471 6472
f 6473 6474 6475
f 6473 6475 6476
f 6477 6478 6479
f 6477 6479 6480
f 6481 6482 6483
f 6481 6483 6484
f 6485 6486 6487
f 6485 6487 6488
f 6489 6490 6491
f 6489 6491 6492
f 6493 6494 6495
f 6493 6495 6496
f 6497 6498 6499
f 6497 6499 6500
f 6501 6502 6503
f 6501 6503 6504
f 6505 6506 6507
f 6505 6507 6508
f 6509 6510 6511
f 6509 6511 6512
f 6513 6514 6515
f 6513 6515 6516
f 6517 6518 6519
f 6517 6519 6520
f 6521 6522 6523
f 6521 6523 6524
f 6525 6526 6527
f 6525 6527 6528
f 6529 6530 6531
f 6529 6531 6532
f 6533 6534 6535
f 6533 6535 6536
f 6537 6538 6539
f 6537 6539 6540
f 6541 6542 6543
f 6541 6543 6544
f 6545 6546 6547
f 6545 6547 6548
f 6549 6550 6551
f 6549 6551 6552
f 6553 6554 6555
f 6553 6555 6556
f 6557 6558 6559
f 6557 6559 6560
f 6561 6562 6563
f 6561 6563 6564
f 6565 6566 6567
f 6565 6567 6568
f 6569 6570 6571
f 6569 6571 6572
f 6573 6574 6575
f 6573 6575 6576
f 6577 6578 6579
f 6577 6579 6580
f 6581 6582 6583
f 6581 6583 6584
f 6585 6586 6587
f 6585 6587 6588
f 6589 6590 6591
f 6589 6591 6592
f 6593 6594 6595
f 6593 6595 6596
f 6597 6598 6599
f 6597 6599 6600
f 6601 6602 6603
f 6601 6603 6604
f 6605 6606 6607
f 6605 6607 6608
f 6609 6610 6611
f 6609 6611 6612
f 6613 6614 6615
f 6613 6615 6616
f 6617 6618 6619
f 6617 6619 6620
f 6621 6622 6623
f 6621 6623 6624
f 6625 6626 6627
f 6625 6627 6628
f 6629 6630 6631
f 6629 6631 6632
f 6633 6634 6635
f 6633 6635 6636
f 6637 6638 6639
f 6637 6639 6640
f 6641 6642 6643
f 6641 6643 6644
f 6645 6646 6647
f 6645 6647 6648
f 6649 6650 6651
f 6649 6651 6652
f 6653 6654 6655
f 6653 6655 6656
f 6657 6658 6659
f 6657 6659 6660
f 6661 6662 6663
f 6661 6663 6664
f 6665 6666 6667
f 6665 6667 6668
f 6669 6670 6671
f 6669 6671 6672
f 6673 6674 6675
f 6673 6675 6676
f 6677 6678 6679
f 6677 6679 6680
f 6681 6682 6683
f 6681 6683 6684
f 6685 6686 6687
f 6685 6687 6688
f 6689 6690 6691
f 6689 6691 6692
f 6693 6694 6695
f 6693 6695 6696
f 6697 6698 6699
f 6697 6699 6700
f 6701 6702 6703
f 6701 6703 6704
f 6705 6706 6707
f 6705 6707 6708
f 6709 6710 6711
f 6709 6711 6712
f 6713 6714 6715
f 6713 6715 6716
f 6717 6718 6719
f 6717 6719 6720
f 6721 6722 6723
f 6721 6723 6724
f 6725 6726 6727
f 6725 6727 6728
f 6729 6730 6731
f 6729 6731 6732
f 6733 6734 6735
f 6733 6735 6736
f 6737 6738 6739
f 6737 6739 6740
f 6741 6742 6743
f 6741 6743 6744
f 6745 6746 6747
f 6745 6747 6748
f 6749 6750 6751
f 6749 6751 6752
f 6753 6754 6755
f 6753 6755 6756
f 6757 6758 6759
f 6757 6759 6760
f 6761 6762 6763
f 6761 6763 6764
f 6765 6766 6767
f 6765 6767 6768
f 6769 6770 6771
f 6769 6771 6772
f 6773 6774 6775
f 6773 6775 6776
f 6777 6778 6779
f 6777 6779 6780
f 6781 6782 6783
f 6781 6783 6784
f 6785 6786 6787
f 6785 6787 6788
f 6789 6790 6791
f 6789 6791 6792
f 6793 6794 6795
f 6793 6795 6796
f 6797 6798 6799
f 6797 6799 6800
f 6801 6802 6803
f 6801 6803 6804
f 6805 6806 6807
f 6805 6807 6808
f 6809 6810 6811
f 6809 6811 6812
f 6813 6814 6815
f 6813 6815 6816
f 6817 6818 6819
f 6817 6819 6820
f 6821 6822 6823
f 6821 6823 6824
f 6825 6826 6827
f 6825 6827 6828
f 6829 6830 6831
f 6829 6831 6832
f 6833 6834 6835
f 6833 6835 6836
f 6837 6838 6839
f 6837 6839 6840
f 6841 6842 6843
f 6841 6843 6844
f 6845 6846 6847
f 6845 6847 6848
f 6849 6850 6851
f 6849 6851 6852
f 6853 6854 6855
f 6853 6855 6856
f 6857 6858 6859
f 6857 6859 6860
f 6861 6862 6863
f 6861 6863 6864
f 6865 6866 6867
f 6865 6867 6868
f 6869 6870 6871
f 6869 6871 6872
f 6873 6874 6875
f 6873 6875 6876
f 6877 6878 6879
f 6877 6879 6880
f 6881 6882 6883
f 6881 6883 6884
f 6885 6886 6887
f 6885 6887 6888
f 6889 6890 6891
f 6889 6891 6892
f 6893 6894 6895
f 6893 6895 6896
f 6897 6898 6899
f 6897 6899 6900
f 6901 6902 6903
f 6901 6903 6904
f 6905 6906 6907
f 6905 6907 6908
f 6909 6910 6911
f 6909 6911 6912
f 6913 6914 6915
f 6913 6915 6916
f 6917 6918 6919
f 6917 6919 6920
f 6921 6922 6923
f 6921 6923 6924
f 6925 6926 6927
f 6925 6927 6928
f 6929 6930 6931
f 6929 6931 6932
f 6933 6934 6935
f 6933 6935 6936
f 6937 6938 6939
f 6937 6939 6940
f 6941 6942 6943
f 6941 6943 6944
f 6945 6946 6947
f 6945 6947 6948
f 6949 6950 6951
f 6949 6951 6952
f 6953 6954 6955
f 6953 6955 6956
f 6957 6958 6959
f 6957 6959 6960
f 6961 6962 6963
f 6961 6963 6964
f 6965 6966 6967
f 6965 6967 6968
f 6969 6970 6971
f 6969 6971 6972
f 6973 6974 6975
f 6973 6975 6976
f 6977 6978 6979
f 6977 6979 6980
f 6981 6982 6983
f 6981 6983 6984
f 6985 6986 6987
f 6985 6987 6988
f 6989 6990 6991
f 6989 6991 6992
f 6993 6994 6995
f 6993 6995 6996
f 6997 6998 6999
f 6997 6999 7000
f 7001 7002 7003
f 7001 7003 7004
f 7005 7006 7007
f 7005 7007 7008
f 7009 7010 7011
f 7009 7011 7012
f 7013 7014 7015
f 7013 7015 7016
f 7017 7018 7019
f 7017 7019 7020
f 7021 7022 7023
f 7021 7023 7024
f 7025 7026 7027
f 7025 7027 7028
f 7029 7030 7031
f 7029 7031 7032
f 7033 7034 7035
f 7033 7035 7036
f 7037 7038 7039
f 7037 7039 7040
f 7041 7042 7043
f 7041 7043 7044
f 7045 7046 7047
f 7045 7047 7048
f 7049 7050 7051
f 7049 7051 7052
f 7053 7054 7055
f 7053 7055 7056
f 7057 7058 7059
f 7057 7059 7060
f 7061 7062 7063
f 7061 7063 7064
f 7065 7066 7067
f 7065 7067 7068
f 7069 7070 7071
f 7069 7071 7072
f 7073 7074 7075
f 7073 7075 7076
f 7077 7078 7079
f 7077 7079 7080
f 7081 7082 7083
f 7081 7083 7084
f 7085 7086 7087
f 7085 7087 7088
f 7089 7090 7091
f 7089 7091 7092
f 7093 7094 7095
f 7093 7095 7096
f 7097 7098 7099
f 7097 7099 7100
f 7101 7102 7103
f 7101 7103 7104
f 7105 7106 7107
f 7105 7107 7108
f 7109 7110 7111
f 7109 7111 7112
f 7113 7114 7115
f 7113 7115 7116
f 7117 7118 7119
f 7117 7119 7120
f 7121 7122 7123
f 7121 7123 7124
f 7125 7126 7127
f 7125 7127 7128
f 7129 7130 7131
f 7129 7131 7132
f 7133 7134 7135
f 7133 7135 7136
f 7137 7138 7139
f 7137 7139 7140
f 7141 7142 7143
f 7141 7143 7144
f 7145 7146 7147
f 7145 7147 7148
f 7149 7150 7151
f 7149 7151 7152
f 7153 7154 7155
f 7153 7155 7156
f 7157 7158 7159
f 7157 7159 7160
f 7161 7162 7163
f 7161 7163 7164
f 7165 7166 7167
f 7165 7167 7168
f 7169 7170 7171
f 7169 7171 7172
f 7173 7174 7175
f 7173 7175 7176
f 7177 7178 7179
f 7177 7179 7180
f 7181 7182 7183
f 7181 7183 7184
f 7185 7186 7187
f 7185 7187 7188
f 7189 7190 7191
f 7189 7191 7192
f 7193 7194 7195
f 7193 7195 7196
f 7197 7198 7199
f 7197 7199 7200
f 7201 7202 7203
f 7201 7203 7204
f 7205 7206 7207
f 7205 7207 7208
f 7209 7210 7211
f 7209 7211 7212
f 7213 7214 7215
f 7213 7215 7216
f 7217 7218 7219
f 7217 7219 7220
f 7221 7222 7223
f 7221 7223 7224
f 7225 7226 7227
f 7225 7227 7228
f 7229 7230 7231
f 7229 7231 7232
f 7233 7234 7235
f 7233 7235 7236
f 7237 7238 7239
f 7237 7239 7240
f 7241 7242 7243
f 7241 7243 7244
f 7245 7246 7247
f 7245 7247 7248
f 7249 7250 7251
f 7249 7251 7252
f 7253 7254 7255
f 7253 7255 7256
f 7257 7258 7259
f 7257 7259 7260
f 7261 7262 7263
f 7261 7263 7264
f 7265 7266 7267
f 7265 7267 7268
f 7269 7270 7271
f 7269 7271 7272
f 7273 7274 7275
f 7273 7275 7276
f 7277 7278 7279
f 7277 7279 7280
f 7281 7282 7283
f 7281 7283 7284
f 7285 7286 7287
f 7285 7287 7288
f 7289 7290 7291
f 7289 7291 7292
f 7293 7294 7295
f 7293 7295 7296
f 7297 7298 7299
f 7297 7299 7300
f 7301 7302 7303
f 7301 7303 7304
f 7305 7306 7307
f 7305 7307 7308
f 7309 7310 7311
f 7309 7311 7312
f 7313 7314 7315
f 7313 7315 7316
f 7317 7318 7319
f 7317 7319 7320
f 7321 7322 7323
f 7321 7323 7324
f 7325 7326 7327
f 7325 7327 7328
f 7329 7330 7331
f 7329 7331 7332
f 7333 7334 7335
f 7333 7335 7336
f 7337 7338 7339
f 7337 7339 7340
f 7341 7342 7343
f 7341 7343 7344
f 7345 7346 7347
f 7345 7347 7348
f 7349 7350 7351
f 7349 7351 7352
f 7353 7354 7355
f 7353 7355 7356
f 7357 7358 7359
f 7357 7359 7360
f 7361 7362 7363
f 7361 7363 7364
f 7365 7366 7367
f 7365 7367 7368
f 7369 7370 7371
f 7369 7371 7372
f 7373 7374 7375
f 7373 7375 7376
f 7377 7378 7379
f 7377 7379 7380
f 7381 7382 7383
f 7381 7383 7384
f 7385 7386 7387
f 7385 7387 7388
f 7389 7390 7391
f 7389 7391 7392
f 7393 7394 7395
f 7393 7395 7396
f 7397 7398 7399
f 7397 7399 7400
f 7401 7402 7403
f 7401 7403 7404
f 7405 7406 7407
f 7405 7407 7408
f 7409 7410 7411
f 7409 7411 7412
f 7413 7414 7415
f 7413 7415 7416
f 7417 7418 7419
f 7417 7419 7420
f 7421 7422 7423
f 7421 7423 7424
f 7425 7426 7427
f 7425 7427 7428
f 7429 7430 7431
f 7429 7431 7432
f 7433 7434 7435
f 7433 7435 7436
f 7437 7438 7439
f 7437 7439 7440
f 7441 7442 7443
f 7441 7443 7444
f 7445 7446 7447
f 7445 7447 7448
f 7449 7450 7451
f 7449 7451 7452
f 7453 7454 7455
f 7453 7455 7456
f 7457 7458 7459
f 7457 7459 7460
f 7461 7462 7463
f 7461 7463 7464
f 7465 7466 7467
f 7465 7467 7468
f 7469 7470 7471
f 7469 7471 7472
f 7473 7474 7475
f 7473 7475 7476
f 7477 7478 7479
f 7477 7479 7480
f 7481 7482 7483
f 7481 7483 7484
f 7485 7486 7487
f 7485 7487 7488
f 7489 7490 7491
f 7489 7491 7492
f 7493 7494 7495
f 7493 7495 7496
f 7497 7498 7499
f 7497 7499 7500
f 7501 7502 7503
f 7501 7503 7504
f 7505 7506 7507
f 7505 7507 7508
f 7509 7510 7511
f 7509 7511 7512
f 7513 7514 7515
f 7513 7515 7516
f 7517 7518 7519
f 7517 7519 7520
f 7521 7522 7523
f 7521 7523 7524
f 7525 7526 7527
f 7525 7527 7528
f 7529 7530 7531
f 7529 7531 7532
f 7533 7534 7535
f 7533 7535 7536
f 7537 7538 7539
f 7537 7539 7540
f 7541 7542 7543
f 7541 7543 7544
f 7545 7546 7547
f 7545 7547 7548
f 7549 7550 7551
f 7549 7551 7552
f 7553 7554 7555
f 7553 7555 7556
f 7557 7558 7559
f 7557 7559 7560
f 7561 7562 7563
f 7561 7563 7564
f 7565 7566 7567
f 7565 7567 7568
f 7569 7570 7571
f 7569 7571 7572
f 7573 7574 7575
f 7573 7575 7576
f 7577 7578 7579
f 7577 7579 7580
f 7581 7582 7583
f 7581 7583 7584
f 7585 7586 7587
f 7585 7587 7588
f 7589 7590 7591
f 7589 7591 7592
f 7593 7594 7595
f 7593 7595 7596
f 7597 7598 7599
f 7597 7599 7600
f 7601 7602 7603
f 7601 7603 7604
f 7605 7606 7607
f 7605 7607 7608
f 7609 7610 7611
f 7609 7611 7612
f 7613 7614 7615
f 7613 7615 7616
f 7617 7618 7619
f 7617 7619 7620
f 7621 7622 7623
f 7621 7623 7624
f 7625 7626 7627
f 7625 7627 7628
f 7629 7630 7631
f 7629 7631 7632
f 7633 7634 7635
f 7633 7635 7636
f 7637 7638 7639
f 7637 7639 7640
f 7641 7642 7643
f 7641 7643 7644
f 7645 7646 7647
f 7645 7647 7648
f 7649 7650 7651
f 7649 7651 7652
f 7653 7654 7655
f 7653 7655 7656
f 7657 7658 7659
f 7657 7659 7660
f 7661 7662 7663
f 7661 7663 7664
f 7665 7666 7667
f 7665 7667 7668
f 7669 7670 7671
f 7669 7671 7672
f 7673 7674 7675
f 7673 7675 7676
f 7677 7678 7679
f 7677 7679 7680
f 7681 7682 7683
f 7681 7683 7684
f 7685 7686 7687
f 7685 7687 7688
f 7689 7690 7691
f 7689 7691 7692
f 7693 7694 7695
f 7693 7695 7696
f 7697 7698 7699
f 7697 7699 7700
f 7701 7702 7703
f 7701 7703 7704
f 7705 7706 7707
f 7705 7707 7708
f 7709 7710 7711
f 7709 7711 7712
f 7713 7714 7715
f 7713 7715 7716
f 7717 7718 7719
f 7717 7719 7720
f 7721 7722 7723
f 7721 7723 7724
f 7725 7726 7727
f 7725 7727 7728
f 7729 7730 7731
f 7729 7731 7732
f 7733 7734 7735
f 7733 7735 7736
f 7737 7738 7739
f 7737 7739 7740
f 7741 7742 7743
f 7741 7743 7744
f 7745 7746 7747
f 7745 7747 7748
f 7749 7750 7751
f 7749 7751 7752
f 7753 7754 7755
f 7753 7755 7756
f 7757 7758 7759
f 7757 7759 7760
f 7761 7762 7763
f 7761 7763 7764
f 7765 7766 7767
f 7765 7767 7768
f 7769 7770 7771
f 7769 7771 7772
f 7773 7774 7775
f 7773 7775 7776
f 7777 7778 7779
f 7777 7779 7780
f 7781 7782 7783
f 7781 7783 7784
f 7785 7786 7787
f 7785 7787 7788
f 7789 7790 7791
f 7789 7791 7792
f 7793 7794 7795
f 7793 7795 7796
f 7797 7798 7799
f 7797 7799 7800
f 7801 7802 7803
f 7801 7803 7804
f 7805 7806 7807
f 7805 7807 7808
f 7809 7810 7811
f 7809 7811 7812
f 7813 7814 7815
f 7813 7815 7816
f 7817 7818 7819
f 7817 7819 7820
f 7821 7822 7823
f 7821 7823 7824
f 7825 7826 7827
f 7825 7827 7828
f 7829 7830 7831
f 7829 7831 7832
f 7833 7834 7835
f 7833 7835 7836
f 7837 7838 7839
f 7837 7839 7840
f 7841 7842 7843
f 7841 7843 7844
f 7845 7846 7847
f 7845 7847 7848
f 7849 7850 7851
f 7849 7851 7852
f 7853 7854 7855
f 7853 7855 7856
f 7857 7858 7859
f 7857 7859 7860
f 7861 7862 7863
f 7861 7863 7864
f 7865 7866 7867
f 7865 7867 7868
f 7869 7870 7871
f 7869 7871 7872
f 7873 7874 7875
f 7873 7875 7876
f 7877 7878 7879
f 7877 7879 7880
f 7881 7882 7883
f 7881 7883 7884
f 7885 7886 7887
f 7885 7887 7888
f 7889 7890 7891
f 7889 7891 7892
f 7893 7894 7895
f 7893 7895 7896
f 7897 7898 7899
f 7897 7899 7900
f 7901 7902 7903
f 7901 7903 7904
f 7905 7906 7907
f 7905 7907 7908
f 7909 7910 7911
f 7909 7911 7912
f 7913 7914 7915
f 7913 7915 7916
f 7917 7918 7919
f 7917 7919 7920
f 7921 7922 7923
f 7921 7923 7924
f 7925 7926 7927
f 7925 7927 7928
f 7929 7930 7931
f 7929 7931 7932
f 7933 7934 7935
f 7933 7935 7936
f 7937 7938 7939
f 7937 7939 7940
f 7941 7942 7943
f 7941 7943 7944
f 7945 7946 7947
f 7945 7947 7948
f 7949 7950 7951
f 7949 7951 7952
f 7953 7954 7955
f 7953 7955 7956
f 7957 7958 7959
f 7957 7959 7960
f 7961 7962 7963
f 7961 7963 7964
f 7965 7966 7967
f 7965 7967 7968
f 7969 7970 7971
f 7969 7971 7972
f 7973 7974 7975
f 7973 7975 7976
f 7977 7978 7979
f 7977 7979 7980
f 7981 7982 7983
f 7981 7983 7984
f 7985 7986 7987
f 7985 7987 7988
f 7989 7990 7991
f 7989 7991 7992
f 7993 7994 7995
f 7993 7995 7996
f 7997 7998 7999
f 7997 7999 8000
f 8001 8002 8003
f 8001 8003 8004
f 8005 8006 8007
f 8005 8007 8008
f 8009 8010 8011
f 8009 8011 8012
f 8013 8014 8015
f 8013 8015 8016
f 8017 8018 8019
f 8017 8019 8020
f 8021 8022 8023
f 8021 8023 8024
f 8025 8026 8027
f 8025 8027 8028
f 8029 8030 8031
f 8029 8031 8032
f 8033 8034 8035
f 8033 8035 8036
f 8037 8038 8039
f 8037 8039 8040
f 8041 8042 8043
f 8041 8043 8044
f 8045 8046 8047
f 8045 8047 8048
f 8049 8050 8051
f 8049 8051 8052
f 8053 8054 8055
f 8053 8055 8056
f 8057 8058 8059
f 8057 8059 8060
f 8061 8062 8063
f 8061 8063 8064
f 8065 8066 8067
f 8065 8067 8068
f 8069 8070 8071
f 8069 8071 8072
f 8073 8074 8075
f 8073 8075 8076
f 8077 8078 8079
f 8077 8079 8080
f 8081 8082 8083
f 8081 8083 8084
f 8085 8086 8087
f 8085 8087 8088
f 8089 8090 8091
f 8089 8091 8092
f 8093 8094 8095
f 8093 8095 8096
f 8097 8098 8099
f 8097 8099 8100
f 8101 8102 8103
f 8101 8103 8104
f 8105 8106 8107
f 8105 8107 8108
f 8109 8110 8111
f 8109 8111 8112
f 8113 8114 8115
f 8113 8115 8116
f 8117 8118 8119
f 8117 8119 8120
f 8121 8122 8123
f 8121 8123 8124
f 8125 8126 8127
f 8125 8127 8128
f 8129 8130 8131
f 8129 8131 8132
f 8133 8134 8135
f 8133 8135 8136
f 8137 8138 8139
f 8137 8139 8140
f 8141 8142 8143
f 8141 8143 8144
f 8145 8146 8147
f 8145 8147 8148
f 8149 8150 8151
f 8149 8151 8152
f 8153 8154 8155
f 8153 8155 8156
f 8157 8158 8159
f 8157 8159 8160
f 8161 8162 8163
f 8161 8163 8164
f 8165 8166 8167
f 8165 8167 8168
f 8169 8170 8171
f 8169 8171 8172
f 8173 8174 8175
f 8173 8175 8176
f 8177 8178 8179
f 8177 8179 8180
f 8181 8182 8183
f 8181 8183 8184
f 8185 8186 8187
f 8185 8187 8188
f 8189 8190 8191
f 8189 8191 8192
f 8193 8194 8195
f 8193 8195 8196
f 8197 8198 8199
f 8197 8199 8200
f 8201 8202 8203
f 8201 8203 8204
f 8205 8206 8207
f 8205 8207 8208
f 8209 8210 8211
f 8209 8211 8212
f 8213 8214 8215
f 8213 8215 8216
f 8217 8218 8219
f 8217 8219 8220
f 8221 8222 8223
f 8221 8223 8224
f 8225 8226 8227
f 8225 8227 8228
f 8229 8230 8231
f 8229 8231 8232
f 8233 8234 8235
f 8233 8235 8236
f 8237 8238 8239
f 8237 8239 8240
f 8241 8242 8243
f 8241 8243 8244
f 8245 8246 8247
f 8245 8247 8248
f 8249 8250 8251
f 8249 8251 8252
f 8253 8254 8255
f 8253 8255 8256
f 8257 8258 8259
f 8257 8259 8260
f 8261 8262 8263
f 8261 8263 8264
f 8265 8266 8267
f 8265 8267 8268
f 8269 8270 8271
f 8269 8271 8272
f 8273 8274 8275
f 8273 8275 8276
f 8277 8278 8279
f 8277 8279 8280
f 8281 8282 8283
f 8281 8283 8284
f 8285 8286 8287
f 8285 8287 8288
f 8289 8290 8291
f 8289 8291 8292
f 8293 8294 8295
f 8293 8295 8296
f 8297 8298 8299
f 8297 8299 8300
f 8301 8302 8303
f 8301 8303 8304
f 8305 8306 8307
f 8305 8307 8308
f 8309 8310 8311
f 8309 8311 8312
f 8313 8314 8315
f 8313 8315 8316
f 8317 8318 8319
f 8317 8319 8320
f 8321 8322 8323
f 8321 8323 8324
f 8325 8326 8327
f 8325 8327 8328
f 8329 8330 8331
f 8329 8331 8332
f 8333 8334 8335
f 8333 8335 8336
f 8337 8338 8339
f 8337 8339 8340
f 8341 8342 8343
f 8341 8343 8344
f 8345 8346 8347
f 8345 8347 8348
f 8349 8350 8351
f 8349 8351 8352
f 8353 8354 8355
f 8353 8355 8356
f 8357 8358 8359
f 8357 8359 8360
f 8361 8362 8363
f 8361 8363 8364
f 8365 8366 8367
f 8365 8367 8368
f 8369 8370 8371
f 8369 8371 8372
f 8373 8374 8375
f 8376 8377 8378
f 8379 8380 8381
f 8382 8383 8384
f 8385 8386 8387
f 8388 8389 8390
f 8391 8392 8393
f 8394 8395 8396
f 8397 8398 8399
f 8400 8401 8402
f 8403 8404 8405
f 8406 8407 8408
f 8409 8410 8411
f 8412 8413 8414
f 8415 8416 8417
f 8418 8419 8420
f 8421 8422 8423
f 8424 8425 8426
f 8427 8428 8429
f 8430 8431 8432
f 8433 8434 8435
f 8436 8437 8438
f 8439 8440 8441
f 8442 8443 8444
f 8445 8446 8447
f 8448 8449 8450
f 8451 8452 8453
f 8454 8455 8456
f 8457 8458 8459
f 8460 8461 8462
f 8463 8464 8465
f 8466 8467 8468
f 8469 8470 8471
f 8472 8473 8474
f 8475 8476 8477
f 8478 8479 8480
f 8481 8482 8483
f 8484 8485 8486
f 8487 8488 8489
f 8490 8491 8492
f 8493 8494 8495
f 8496 8497 8498
f 8499 8500 8501
f 8502 8503 8504
f 8505 8506 8507
f 8508 8509 8510
f 8511 8512 8513
f 8514 8515 8516
f 8517 8518 8519
f 8520 8521 8522
f 8523 8524 8525
f 8526 8527 8528
f 8529 8530 8531
f 8532 8533 8534
f 8535 8536 8537
f 8538 8539 8540
f 8541 8542 8543
f 8544 8545 8546
f 8547 8548 8549
f 8550 8551 8552
f 8553 8554 8555
f 8556 8557 8558
f 8559 8560 8561
f 8562 8563 8564
f 8565 8566 8567
f 8565 8567 8568
f 8569 8570 8571
f 8569 8571 8572
f 8573 8574 8575
f 8573 8575 8576
f 8577 8578 8579
f 8577 8579 8580
f 8581 8582 8583
f 8581 8583 8584
f 8585 8586 8587
f 8585 8587 8588
f 8589 8590 8591
f 8589 8591 8592
f 8593 8594 8595
f 8593 8595 8596
f 8597 8598 8599
f 8597 8599 8600
f 8601 8602 8603
f 8601 8603 8604
f 8605 8606 8607
f 8605 8607 8608
f 8609 8610 8611
f 8609 8611 8612
f 8613 8614 8615
f 8613 8615 8616
f 8617 8618 8619
f 8617 8619 8620
f 8621 8622 8623
f 8621 8623 8624
f 8625 8626 8627
f 8625 8627 8628
f 8629 8630 8631
f 8629 8631 8632
f 8633 8634 8635
f 8633 8635 8636
f 8637 8638 8639
f 8637 8639 8640
f 8641 8642 8643
f 8641 8643 8644
f 8645 8646 8647
f 8645 8647 8648
f 8649 8650 8651
f 8649 8651 8652
f 8653 8654 8655
f 8653 8655 8656
f 8657 8658 8659
f 8657 8659 8660
f 8661 8662 8663
f 8661 8663 8664
f 8665 8666 8667
f 8665 8667 8668
f 8669 8670 8671
f 8669 8671 8672
f 8673 8674 8675
f 8673 8675 8676
f 8677 8678 8679
f 8677 8679 8680
f 8681 8682 8683
f 8681 8683 8684
f 8685 8686 8687
f 8685 8687 8688
f 8689 8690 8691
f 8689 8691 8692
f 8693 8694 8695
f 8693 8695 8696
f 8697 8698 8699
f 8697 8699 8700
