# Baked from official LDraw part 3832.dat
o ldraw_3832
v 2.1500000 -0.2000000 0.0000000
v 2.1385850 -0.2000000 0.0574050
v 2.1385850 -0.1000000 0.0574050
v 2.1500000 -0.1000000 0.0000000
v 2.1385850 -0.2000000 0.0574050
v 2.1060650 -0.2000000 0.1060650
v 2.1060650 -0.1000000 0.1060650
v 2.1385850 -0.1000000 0.0574050
v 2.1060650 -0.2000000 0.1060650
v 2.0574050 -0.2000000 0.1385850
v 2.0574050 -0.1000000 0.1385850
v 2.1060650 -0.1000000 0.1060650
v 2.0574050 -0.2000000 0.1385850
v 2.0000000 -0.2000000 0.1500000
v 2.0000000 -0.1000000 0.1500000
v 2.0574050 -0.1000000 0.1385850
v 2.0000000 -0.2000000 0.1500000
v 1.9425950 -0.2000000 0.1385850
v 1.9425950 -0.1000000 0.1385850
v 2.0000000 -0.1000000 0.1500000
v 1.9425950 -0.2000000 0.1385850
v 1.8939350 -0.2000000 0.1060650
v 1.8939350 -0.1000000 0.1060650
v 1.9425950 -0.1000000 0.1385850
v 1.8939350 -0.2000000 0.1060650
v 1.8614150 -0.2000000 0.0574050
v 1.8614150 -0.1000000 0.0574050
v 1.8939350 -0.1000000 0.1060650
v 1.8614150 -0.2000000 0.0574050
v 1.8500000 -0.2000000 0.0000000
v 1.8500000 -0.1000000 0.0000000
v 1.8614150 -0.1000000 0.0574050
v 1.8500000 -0.2000000 0.0000000
v 1.8614150 -0.2000000 -0.0574050
v 1.8614150 -0.1000000 -0.0574050
v 1.8500000 -0.1000000 0.0000000
v 1.8614150 -0.2000000 -0.0574050
v 1.8939350 -0.2000000 -0.1060650
v 1.8939350 -0.1000000 -0.1060650
v 1.8614150 -0.1000000 -0.0574050
v 1.8939350 -0.2000000 -0.1060650
v 1.9425950 -0.2000000 -0.1385850
v 1.9425950 -0.1000000 -0.1385850
v 1.8939350 -0.1000000 -0.1060650
v 1.9425950 -0.2000000 -0.1385850
v 2.0000000 -0.2000000 -0.1500000
v 2.0000000 -0.1000000 -0.1500000
v 1.9425950 -0.1000000 -0.1385850
v 2.0000000 -0.2000000 -0.1500000
v 2.0574050 -0.2000000 -0.1385850
v 2.0574050 -0.1000000 -0.1385850
v 2.0000000 -0.1000000 -0.1500000
v 2.0574050 -0.2000000 -0.1385850
v 2.1060650 -0.2000000 -0.1060650
v 2.1060650 -0.1000000 -0.1060650
v 2.0574050 -0.1000000 -0.1385850
v 2.1060650 -0.2000000 -0.1060650
v 2.1385850 -0.2000000 -0.0574050
v 2.1385850 -0.1000000 -0.0574050
v 2.1060650 -0.1000000 -0.1060650
v 2.1385850 -0.2000000 -0.0574050
v 2.1500000 -0.2000000 0.0000000
v 2.1500000 -0.1000000 0.0000000
v 2.1385850 -0.1000000 -0.0574050
v 2.2000000 -0.1000000 0.0000000
v 2.1847800 -0.1000000 0.0765400
v 2.1847800 -0.2000000 0.0765400
v 2.2000000 -0.2000000 0.0000000
v 2.1847800 -0.1000000 0.0765400
v 2.1414200 -0.1000000 0.1414200
v 2.1414200 -0.2000000 0.1414200
v 2.1847800 -0.2000000 0.0765400
v 2.1414200 -0.1000000 0.1414200
v 2.0765400 -0.1000000 0.1847800
v 2.0765400 -0.2000000 0.1847800
v 2.1414200 -0.2000000 0.1414200
v 2.0765400 -0.1000000 0.1847800
v 2.0000000 -0.1000000 0.2000000
v 2.0000000 -0.2000000 0.2000000
v 2.0765400 -0.2000000 0.1847800
v 2.0000000 -0.1000000 0.2000000
v 1.9234600 -0.1000000 0.1847800
v 1.9234600 -0.2000000 0.1847800
v 2.0000000 -0.2000000 0.2000000
v 1.9234600 -0.1000000 0.1847800
v 1.8585800 -0.1000000 0.1414200
v 1.8585800 -0.2000000 0.1414200
v 1.9234600 -0.2000000 0.1847800
v 1.8585800 -0.1000000 0.1414200
v 1.8152200 -0.1000000 0.0765400
v 1.8152200 -0.2000000 0.0765400
v 1.8585800 -0.2000000 0.1414200
v 1.8152200 -0.1000000 0.0765400
v 1.8000000 -0.1000000 0.0000000
v 1.8000000 -0.2000000 0.0000000
v 1.8152200 -0.2000000 0.0765400
v 1.8000000 -0.1000000 0.0000000
v 1.8152200 -0.1000000 -0.0765400
v 1.8152200 -0.2000000 -0.0765400
v 1.8000000 -0.2000000 0.0000000
v 1.8152200 -0.1000000 -0.0765400
v 1.8585800 -0.1000000 -0.1414200
v 1.8585800 -0.2000000 -0.1414200
v 1.8152200 -0.2000000 -0.0765400
v 1.8585800 -0.1000000 -0.1414200
v 1.9234600 -0.1000000 -0.1847800
v 1.9234600 -0.2000000 -0.1847800
v 1.8585800 -0.2000000 -0.1414200
v 1.9234600 -0.1000000 -0.1847800
v 2.0000000 -0.1000000 -0.2000000
v 2.0000000 -0.2000000 -0.2000000
v 1.9234600 -0.2000000 -0.1847800
v 2.0000000 -0.1000000 -0.2000000
v 2.0765400 -0.1000000 -0.1847800
v 2.0765400 -0.2000000 -0.1847800
v 2.0000000 -0.2000000 -0.2000000
v 2.0765400 -0.1000000 -0.1847800
v 2.1414200 -0.1000000 -0.1414200
v 2.1414200 -0.2000000 -0.1414200
v 2.0765400 -0.2000000 -0.1847800
v 2.1414200 -0.1000000 -0.1414200
v 2.1847800 -0.1000000 -0.0765400
v 2.1847800 -0.2000000 -0.0765400
v 2.1414200 -0.2000000 -0.1414200
v 2.1847800 -0.1000000 -0.0765400
v 2.2000000 -0.1000000 0.0000000
v 2.2000000 -0.2000000 0.0000000
v 2.1847800 -0.2000000 -0.0765400
v 1.9234600 -0.2000000 0.1847800
v 1.9425950 -0.2000000 0.1385850
v 2.0000000 -0.2000000 0.1500000
v 2.0000000 -0.2000000 0.2000000
v 1.8585800 -0.2000000 0.1414200
v 1.8939350 -0.2000000 0.1060650
v 1.9425950 -0.2000000 0.1385850
v 1.9234600 -0.2000000 0.1847800
v 1.8152200 -0.2000000 0.0765400
v 1.8614150 -0.2000000 0.0574050
v 1.8939350 -0.2000000 0.1060650
v 1.8585800 -0.2000000 0.1414200
v 1.8000000 -0.2000000 0.0000000
v 1.8500000 -0.2000000 0.0000000
v 1.8614150 -0.2000000 0.0574050
v 1.8152200 -0.2000000 0.0765400
v 1.8152200 -0.2000000 -0.0765400
v 1.8614150 -0.2000000 -0.0574050
v 1.8500000 -0.2000000 0.0000000
v 1.8000000 -0.2000000 0.0000000
v 1.8585800 -0.2000000 -0.1414200
v 1.8939350 -0.2000000 -0.1060650
v 1.8614150 -0.2000000 -0.0574050
v 1.8152200 -0.2000000 -0.0765400
v 1.9234600 -0.2000000 -0.1847800
v 1.9425950 -0.2000000 -0.1385850
v 1.8939350 -0.2000000 -0.1060650
v 1.8585800 -0.2000000 -0.1414200
v 2.0000000 -0.2000000 -0.2000000
v 2.0000000 -0.2000000 -0.1500000
v 1.9425950 -0.2000000 -0.1385850
v 1.9234600 -0.2000000 -0.1847800
v 2.0765400 -0.2000000 -0.1847800
v 2.0574050 -0.2000000 -0.1385850
v 2.0000000 -0.2000000 -0.1500000
v 2.0000000 -0.2000000 -0.2000000
v 2.1414200 -0.2000000 -0.1414200
v 2.1060650 -0.2000000 -0.1060650
v 2.0574050 -0.2000000 -0.1385850
v 2.0765400 -0.2000000 -0.1847800
v 2.1847800 -0.2000000 -0.0765400
v 2.1385850 -0.2000000 -0.0574050
v 2.1060650 -0.2000000 -0.1060650
v 2.1414200 -0.2000000 -0.1414200
v 2.2000000 -0.2000000 0.0000000
v 2.1500000 -0.2000000 0.0000000
v 2.1385850 -0.2000000 -0.0574050
v 2.1847800 -0.2000000 -0.0765400
v 2.1847800 -0.2000000 0.0765400
v 2.1385850 -0.2000000 0.0574050
v 2.1500000 -0.2000000 0.0000000
v 2.2000000 -0.2000000 0.0000000
v 2.1414200 -0.2000000 0.1414200
v 2.1060650 -0.2000000 0.1060650
v 2.1385850 -0.2000000 0.0574050
v 2.1847800 -0.2000000 0.0765400
v 2.0765400 -0.2000000 0.1847800
v 2.0574050 -0.2000000 0.1385850
v 2.1060650 -0.2000000 0.1060650
v 2.1414200 -0.2000000 0.1414200
v 2.0000000 -0.2000000 0.2000000
v 2.0000000 -0.2000000 0.1500000
v 2.0574050 -0.2000000 0.1385850
v 2.0765400 -0.2000000 0.1847800
v 1.6500000 -0.2000000 0.0000000
v 1.6385850 -0.2000000 0.0574050
v 1.6385850 -0.1000000 0.0574050
v 1.6500000 -0.1000000 0.0000000
v 1.6385850 -0.2000000 0.0574050
v 1.6060650 -0.2000000 0.1060650
v 1.6060650 -0.1000000 0.1060650
v 1.6385850 -0.1000000 0.0574050
v 1.6060650 -0.2000000 0.1060650
v 1.5574050 -0.2000000 0.1385850
v 1.5574050 -0.1000000 0.1385850
v 1.6060650 -0.1000000 0.1060650
v 1.5574050 -0.2000000 0.1385850
v 1.5000000 -0.2000000 0.1500000
v 1.5000000 -0.1000000 0.1500000
v 1.5574050 -0.1000000 0.1385850
v 1.5000000 -0.2000000 0.1500000
v 1.4425950 -0.2000000 0.1385850
v 1.4425950 -0.1000000 0.1385850
v 1.5000000 -0.1000000 0.1500000
v 1.4425950 -0.2000000 0.1385850
v 1.3939350 -0.2000000 0.1060650
v 1.3939350 -0.1000000 0.1060650
v 1.4425950 -0.1000000 0.1385850
v 1.3939350 -0.2000000 0.1060650
v 1.3614150 -0.2000000 0.0574050
v 1.3614150 -0.1000000 0.0574050
v 1.3939350 -0.1000000 0.1060650
v 1.3614150 -0.2000000 0.0574050
v 1.3500000 -0.2000000 0.0000000
v 1.3500000 -0.1000000 0.0000000
v 1.3614150 -0.1000000 0.0574050
v 1.3500000 -0.2000000 0.0000000
v 1.3614150 -0.2000000 -0.0574050
v 1.3614150 -0.1000000 -0.0574050
v 1.3500000 -0.1000000 0.0000000
v 1.3614150 -0.2000000 -0.0574050
v 1.3939350 -0.2000000 -0.1060650
v 1.3939350 -0.1000000 -0.1060650
v 1.3614150 -0.1000000 -0.0574050
v 1.3939350 -0.2000000 -0.1060650
v 1.4425950 -0.2000000 -0.1385850
v 1.4425950 -0.1000000 -0.1385850
v 1.3939350 -0.1000000 -0.1060650
v 1.4425950 -0.2000000 -0.1385850
v 1.5000000 -0.2000000 -0.1500000
v 1.5000000 -0.1000000 -0.1500000
v 1.4425950 -0.1000000 -0.1385850
v 1.5000000 -0.2000000 -0.1500000
v 1.5574050 -0.2000000 -0.1385850
v 1.5574050 -0.1000000 -0.1385850
v 1.5000000 -0.1000000 -0.1500000
v 1.5574050 -0.2000000 -0.1385850
v 1.6060650 -0.2000000 -0.1060650
v 1.6060650 -0.1000000 -0.1060650
v 1.5574050 -0.1000000 -0.1385850
v 1.6060650 -0.2000000 -0.1060650
v 1.6385850 -0.2000000 -0.0574050
v 1.6385850 -0.1000000 -0.0574050
v 1.6060650 -0.1000000 -0.1060650
v 1.6385850 -0.2000000 -0.0574050
v 1.6500000 -0.2000000 0.0000000
v 1.6500000 -0.1000000 0.0000000
v 1.6385850 -0.1000000 -0.0574050
v 1.7000000 -0.1000000 0.0000000
v 1.6847800 -0.1000000 0.0765400
v 1.6847800 -0.2000000 0.0765400
v 1.7000000 -0.2000000 0.0000000
v 1.6847800 -0.1000000 0.0765400
v 1.6414200 -0.1000000 0.1414200
v 1.6414200 -0.2000000 0.1414200
v 1.6847800 -0.2000000 0.0765400
v 1.6414200 -0.1000000 0.1414200
v 1.5765400 -0.1000000 0.1847800
v 1.5765400 -0.2000000 0.1847800
v 1.6414200 -0.2000000 0.1414200
v 1.5765400 -0.1000000 0.1847800
v 1.5000000 -0.1000000 0.2000000
v 1.5000000 -0.2000000 0.2000000
v 1.5765400 -0.2000000 0.1847800
v 1.5000000 -0.1000000 0.2000000
v 1.4234600 -0.1000000 0.1847800
v 1.4234600 -0.2000000 0.1847800
v 1.5000000 -0.2000000 0.2000000
v 1.4234600 -0.1000000 0.1847800
v 1.3585800 -0.1000000 0.1414200
v 1.3585800 -0.2000000 0.1414200
v 1.4234600 -0.2000000 0.1847800
v 1.3585800 -0.1000000 0.1414200
v 1.3152200 -0.1000000 0.0765400
v 1.3152200 -0.2000000 0.0765400
v 1.3585800 -0.2000000 0.1414200
v 1.3152200 -0.1000000 0.0765400
v 1.3000000 -0.1000000 0.0000000
v 1.3000000 -0.2000000 0.0000000
v 1.3152200 -0.2000000 0.0765400
v 1.3000000 -0.1000000 0.0000000
v 1.3152200 -0.1000000 -0.0765400
v 1.3152200 -0.2000000 -0.0765400
v 1.3000000 -0.2000000 0.0000000
v 1.3152200 -0.1000000 -0.0765400
v 1.3585800 -0.1000000 -0.1414200
v 1.3585800 -0.2000000 -0.1414200
v 1.3152200 -0.2000000 -0.0765400
v 1.3585800 -0.1000000 -0.1414200
v 1.4234600 -0.1000000 -0.1847800
v 1.4234600 -0.2000000 -0.1847800
v 1.3585800 -0.2000000 -0.1414200
v 1.4234600 -0.1000000 -0.1847800
v 1.5000000 -0.1000000 -0.2000000
v 1.5000000 -0.2000000 -0.2000000
v 1.4234600 -0.2000000 -0.1847800
v 1.5000000 -0.1000000 -0.2000000
v 1.5765400 -0.1000000 -0.1847800
v 1.5765400 -0.2000000 -0.1847800
v 1.5000000 -0.2000000 -0.2000000
v 1.5765400 -0.1000000 -0.1847800
v 1.6414200 -0.1000000 -0.1414200
v 1.6414200 -0.2000000 -0.1414200
v 1.5765400 -0.2000000 -0.1847800
v 1.6414200 -0.1000000 -0.1414200
v 1.6847800 -0.1000000 -0.0765400
v 1.6847800 -0.2000000 -0.0765400
v 1.6414200 -0.2000000 -0.1414200
v 1.6847800 -0.1000000 -0.0765400
v 1.7000000 -0.1000000 0.0000000
v 1.7000000 -0.2000000 0.0000000
v 1.6847800 -0.2000000 -0.0765400
v 1.4234600 -0.2000000 0.1847800
v 1.4425950 -0.2000000 0.1385850
v 1.5000000 -0.2000000 0.1500000
v 1.5000000 -0.2000000 0.2000000
v 1.3585800 -0.2000000 0.1414200
v 1.3939350 -0.2000000 0.1060650
v 1.4425950 -0.2000000 0.1385850
v 1.4234600 -0.2000000 0.1847800
v 1.3152200 -0.2000000 0.0765400
v 1.3614150 -0.2000000 0.0574050
v 1.3939350 -0.2000000 0.1060650
v 1.3585800 -0.2000000 0.1414200
v 1.3000000 -0.2000000 0.0000000
v 1.3500000 -0.2000000 0.0000000
v 1.3614150 -0.2000000 0.0574050
v 1.3152200 -0.2000000 0.0765400
v 1.3152200 -0.2000000 -0.0765400
v 1.3614150 -0.2000000 -0.0574050
v 1.3500000 -0.2000000 0.0000000
v 1.3000000 -0.2000000 0.0000000
v 1.3585800 -0.2000000 -0.1414200
v 1.3939350 -0.2000000 -0.1060650
v 1.3614150 -0.2000000 -0.0574050
v 1.3152200 -0.2000000 -0.0765400
v 1.4234600 -0.2000000 -0.1847800
v 1.4425950 -0.2000000 -0.1385850
v 1.3939350 -0.2000000 -0.1060650
v 1.3585800 -0.2000000 -0.1414200
v 1.5000000 -0.2000000 -0.2000000
v 1.5000000 -0.2000000 -0.1500000
v 1.4425950 -0.2000000 -0.1385850
v 1.4234600 -0.2000000 -0.1847800
v 1.5765400 -0.2000000 -0.1847800
v 1.5574050 -0.2000000 -0.1385850
v 1.5000000 -0.2000000 -0.1500000
v 1.5000000 -0.2000000 -0.2000000
v 1.6414200 -0.2000000 -0.1414200
v 1.6060650 -0.2000000 -0.1060650
v 1.5574050 -0.2000000 -0.1385850
v 1.5765400 -0.2000000 -0.1847800
v 1.6847800 -0.2000000 -0.0765400
v 1.6385850 -0.2000000 -0.0574050
v 1.6060650 -0.2000000 -0.1060650
v 1.6414200 -0.2000000 -0.1414200
v 1.7000000 -0.2000000 0.0000000
v 1.6500000 -0.2000000 0.0000000
v 1.6385850 -0.2000000 -0.0574050
v 1.6847800 -0.2000000 -0.0765400
v 1.6847800 -0.2000000 0.0765400
v 1.6385850 -0.2000000 0.0574050
v 1.6500000 -0.2000000 0.0000000
v 1.7000000 -0.2000000 0.0000000
v 1.6414200 -0.2000000 0.1414200
v 1.6060650 -0.2000000 0.1060650
v 1.6385850 -0.2000000 0.0574050
v 1.6847800 -0.2000000 0.0765400
v 1.5765400 -0.2000000 0.1847800
v 1.5574050 -0.2000000 0.1385850
v 1.6060650 -0.2000000 0.1060650
v 1.6414200 -0.2000000 0.1414200
v 1.5000000 -0.2000000 0.2000000
v 1.5000000 -0.2000000 0.1500000
v 1.5574050 -0.2000000 0.1385850
v 1.5765400 -0.2000000 0.1847800
v 1.1500000 -0.2000000 0.0000000
v 1.1385850 -0.2000000 0.0574050
v 1.1385850 -0.1000000 0.0574050
v 1.1500000 -0.1000000 0.0000000
v 1.1385850 -0.2000000 0.0574050
v 1.1060650 -0.2000000 0.1060650
v 1.1060650 -0.1000000 0.1060650
v 1.1385850 -0.1000000 0.0574050
v 1.1060650 -0.2000000 0.1060650
v 1.0574050 -0.2000000 0.1385850
v 1.0574050 -0.1000000 0.1385850
v 1.1060650 -0.1000000 0.1060650
v 1.0574050 -0.2000000 0.1385850
v 1.0000000 -0.2000000 0.1500000
v 1.0000000 -0.1000000 0.1500000
v 1.0574050 -0.1000000 0.1385850
v 1.0000000 -0.2000000 0.1500000
v 0.9425950 -0.2000000 0.1385850
v 0.9425950 -0.1000000 0.1385850
v 1.0000000 -0.1000000 0.1500000
v 0.9425950 -0.2000000 0.1385850
v 0.8939350 -0.2000000 0.1060650
v 0.8939350 -0.1000000 0.1060650
v 0.9425950 -0.1000000 0.1385850
v 0.8939350 -0.2000000 0.1060650
v 0.8614150 -0.2000000 0.0574050
v 0.8614150 -0.1000000 0.0574050
v 0.8939350 -0.1000000 0.1060650
v 0.8614150 -0.2000000 0.0574050
v 0.8500000 -0.2000000 0.0000000
v 0.8500000 -0.1000000 0.0000000
v 0.8614150 -0.1000000 0.0574050
v 0.8500000 -0.2000000 0.0000000
v 0.8614150 -0.2000000 -0.0574050
v 0.8614150 -0.1000000 -0.0574050
v 0.8500000 -0.1000000 0.0000000
v 0.8614150 -0.2000000 -0.0574050
v 0.8939350 -0.2000000 -0.1060650
v 0.8939350 -0.1000000 -0.1060650
v 0.8614150 -0.1000000 -0.0574050
v 0.8939350 -0.2000000 -0.1060650
v 0.9425950 -0.2000000 -0.1385850
v 0.9425950 -0.1000000 -0.1385850
v 0.8939350 -0.1000000 -0.1060650
v 0.9425950 -0.2000000 -0.1385850
v 1.0000000 -0.2000000 -0.1500000
v 1.0000000 -0.1000000 -0.1500000
v 0.9425950 -0.1000000 -0.1385850
v 1.0000000 -0.2000000 -0.1500000
v 1.0574050 -0.2000000 -0.1385850
v 1.0574050 -0.1000000 -0.1385850
v 1.0000000 -0.1000000 -0.1500000
v 1.0574050 -0.2000000 -0.1385850
v 1.1060650 -0.2000000 -0.1060650
v 1.1060650 -0.1000000 -0.1060650
v 1.0574050 -0.1000000 -0.1385850
v 1.1060650 -0.2000000 -0.1060650
v 1.1385850 -0.2000000 -0.0574050
v 1.1385850 -0.1000000 -0.0574050
v 1.1060650 -0.1000000 -0.1060650
v 1.1385850 -0.2000000 -0.0574050
v 1.1500000 -0.2000000 0.0000000
v 1.1500000 -0.1000000 0.0000000
v 1.1385850 -0.1000000 -0.0574050
v 1.2000000 -0.1000000 0.0000000
v 1.1847800 -0.1000000 0.0765400
v 1.1847800 -0.2000000 0.0765400
v 1.2000000 -0.2000000 0.0000000
v 1.1847800 -0.1000000 0.0765400
v 1.1414200 -0.1000000 0.1414200
v 1.1414200 -0.2000000 0.1414200
v 1.1847800 -0.2000000 0.0765400
v 1.1414200 -0.1000000 0.1414200
v 1.0765400 -0.1000000 0.1847800
v 1.0765400 -0.2000000 0.1847800
v 1.1414200 -0.2000000 0.1414200
v 1.0765400 -0.1000000 0.1847800
v 1.0000000 -0.1000000 0.2000000
v 1.0000000 -0.2000000 0.2000000
v 1.0765400 -0.2000000 0.1847800
v 1.0000000 -0.1000000 0.2000000
v 0.9234600 -0.1000000 0.1847800
v 0.9234600 -0.2000000 0.1847800
v 1.0000000 -0.2000000 0.2000000
v 0.9234600 -0.1000000 0.1847800
v 0.8585800 -0.1000000 0.1414200
v 0.8585800 -0.2000000 0.1414200
v 0.9234600 -0.2000000 0.1847800
v 0.8585800 -0.1000000 0.1414200
v 0.8152200 -0.1000000 0.0765400
v 0.8152200 -0.2000000 0.0765400
v 0.8585800 -0.2000000 0.1414200
v 0.8152200 -0.1000000 0.0765400
v 0.8000000 -0.1000000 0.0000000
v 0.8000000 -0.2000000 0.0000000
v 0.8152200 -0.2000000 0.0765400
v 0.8000000 -0.1000000 0.0000000
v 0.8152200 -0.1000000 -0.0765400
v 0.8152200 -0.2000000 -0.0765400
v 0.8000000 -0.2000000 0.0000000
v 0.8152200 -0.1000000 -0.0765400
v 0.8585800 -0.1000000 -0.1414200
v 0.8585800 -0.2000000 -0.1414200
v 0.8152200 -0.2000000 -0.0765400
v 0.8585800 -0.1000000 -0.1414200
v 0.9234600 -0.1000000 -0.1847800
v 0.9234600 -0.2000000 -0.1847800
v 0.8585800 -0.2000000 -0.1414200
v 0.9234600 -0.1000000 -0.1847800
v 1.0000000 -0.1000000 -0.2000000
v 1.0000000 -0.2000000 -0.2000000
v 0.9234600 -0.2000000 -0.1847800
v 1.0000000 -0.1000000 -0.2000000
v 1.0765400 -0.1000000 -0.1847800
v 1.0765400 -0.2000000 -0.1847800
v 1.0000000 -0.2000000 -0.2000000
v 1.0765400 -0.1000000 -0.1847800
v 1.1414200 -0.1000000 -0.1414200
v 1.1414200 -0.2000000 -0.1414200
v 1.0765400 -0.2000000 -0.1847800
v 1.1414200 -0.1000000 -0.1414200
v 1.1847800 -0.1000000 -0.0765400
v 1.1847800 -0.2000000 -0.0765400
v 1.1414200 -0.2000000 -0.1414200
v 1.1847800 -0.1000000 -0.0765400
v 1.2000000 -0.1000000 0.0000000
v 1.2000000 -0.2000000 0.0000000
v 1.1847800 -0.2000000 -0.0765400
v 0.9234600 -0.2000000 0.1847800
v 0.9425950 -0.2000000 0.1385850
v 1.0000000 -0.2000000 0.1500000
v 1.0000000 -0.2000000 0.2000000
v 0.8585800 -0.2000000 0.1414200
v 0.8939350 -0.2000000 0.1060650
v 0.9425950 -0.2000000 0.1385850
v 0.9234600 -0.2000000 0.1847800
v 0.8152200 -0.2000000 0.0765400
v 0.8614150 -0.2000000 0.0574050
v 0.8939350 -0.2000000 0.1060650
v 0.8585800 -0.2000000 0.1414200
v 0.8000000 -0.2000000 0.0000000
v 0.8500000 -0.2000000 0.0000000
v 0.8614150 -0.2000000 0.0574050
v 0.8152200 -0.2000000 0.0765400
v 0.8152200 -0.2000000 -0.0765400
v 0.8614150 -0.2000000 -0.0574050
v 0.8500000 -0.2000000 0.0000000
v 0.8000000 -0.2000000 0.0000000
v 0.8585800 -0.2000000 -0.1414200
v 0.8939350 -0.2000000 -0.1060650
v 0.8614150 -0.2000000 -0.0574050
v 0.8152200 -0.2000000 -0.0765400
v 0.9234600 -0.2000000 -0.1847800
v 0.9425950 -0.2000000 -0.1385850
v 0.8939350 -0.2000000 -0.1060650
v 0.8585800 -0.2000000 -0.1414200
v 1.0000000 -0.2000000 -0.2000000
v 1.0000000 -0.2000000 -0.1500000
v 0.9425950 -0.2000000 -0.1385850
v 0.9234600 -0.2000000 -0.1847800
v 1.0765400 -0.2000000 -0.1847800
v 1.0574050 -0.2000000 -0.1385850
v 1.0000000 -0.2000000 -0.1500000
v 1.0000000 -0.2000000 -0.2000000
v 1.1414200 -0.2000000 -0.1414200
v 1.1060650 -0.2000000 -0.1060650
v 1.0574050 -0.2000000 -0.1385850
v 1.0765400 -0.2000000 -0.1847800
v 1.1847800 -0.2000000 -0.0765400
v 1.1385850 -0.2000000 -0.0574050
v 1.1060650 -0.2000000 -0.1060650
v 1.1414200 -0.2000000 -0.1414200
v 1.2000000 -0.2000000 0.0000000
v 1.1500000 -0.2000000 0.0000000
v 1.1385850 -0.2000000 -0.0574050
v 1.1847800 -0.2000000 -0.0765400
v 1.1847800 -0.2000000 0.0765400
v 1.1385850 -0.2000000 0.0574050
v 1.1500000 -0.2000000 0.0000000
v 1.2000000 -0.2000000 0.0000000
v 1.1414200 -0.2000000 0.1414200
v 1.1060650 -0.2000000 0.1060650
v 1.1385850 -0.2000000 0.0574050
v 1.1847800 -0.2000000 0.0765400
v 1.0765400 -0.2000000 0.1847800
v 1.0574050 -0.2000000 0.1385850
v 1.1060650 -0.2000000 0.1060650
v 1.1414200 -0.2000000 0.1414200
v 1.0000000 -0.2000000 0.2000000
v 1.0000000 -0.2000000 0.1500000
v 1.0574050 -0.2000000 0.1385850
v 1.0765400 -0.2000000 0.1847800
v 0.6500000 -0.2000000 0.0000000
v 0.6385850 -0.2000000 0.0574050
v 0.6385850 -0.1000000 0.0574050
v 0.6500000 -0.1000000 0.0000000
v 0.6385850 -0.2000000 0.0574050
v 0.6060650 -0.2000000 0.1060650
v 0.6060650 -0.1000000 0.1060650
v 0.6385850 -0.1000000 0.0574050
v 0.6060650 -0.2000000 0.1060650
v 0.5574050 -0.2000000 0.1385850
v 0.5574050 -0.1000000 0.1385850
v 0.6060650 -0.1000000 0.1060650
v 0.5574050 -0.2000000 0.1385850
v 0.5000000 -0.2000000 0.1500000
v 0.5000000 -0.1000000 0.1500000
v 0.5574050 -0.1000000 0.1385850
v 0.5000000 -0.2000000 0.1500000
v 0.4425950 -0.2000000 0.1385850
v 0.4425950 -0.1000000 0.1385850
v 0.5000000 -0.1000000 0.1500000
v 0.4425950 -0.2000000 0.1385850
v 0.3939350 -0.2000000 0.1060650
v 0.3939350 -0.1000000 0.1060650
v 0.4425950 -0.1000000 0.1385850
v 0.3939350 -0.2000000 0.1060650
v 0.3614150 -0.2000000 0.0574050
v 0.3614150 -0.1000000 0.0574050
v 0.3939350 -0.1000000 0.1060650
v 0.3614150 -0.2000000 0.0574050
v 0.3500000 -0.2000000 0.0000000
v 0.3500000 -0.1000000 0.0000000
v 0.3614150 -0.1000000 0.0574050
v 0.3500000 -0.2000000 0.0000000
v 0.3614150 -0.2000000 -0.0574050
v 0.3614150 -0.1000000 -0.0574050
v 0.3500000 -0.1000000 0.0000000
v 0.3614150 -0.2000000 -0.0574050
v 0.3939350 -0.2000000 -0.1060650
v 0.3939350 -0.1000000 -0.1060650
v 0.3614150 -0.1000000 -0.0574050
v 0.3939350 -0.2000000 -0.1060650
v 0.4425950 -0.2000000 -0.1385850
v 0.4425950 -0.1000000 -0.1385850
v 0.3939350 -0.1000000 -0.1060650
v 0.4425950 -0.2000000 -0.1385850
v 0.5000000 -0.2000000 -0.1500000
v 0.5000000 -0.1000000 -0.1500000
v 0.4425950 -0.1000000 -0.1385850
v 0.5000000 -0.2000000 -0.1500000
v 0.5574050 -0.2000000 -0.1385850
v 0.5574050 -0.1000000 -0.1385850
v 0.5000000 -0.1000000 -0.1500000
v 0.5574050 -0.2000000 -0.1385850
v 0.6060650 -0.2000000 -0.1060650
v 0.6060650 -0.1000000 -0.1060650
v 0.5574050 -0.1000000 -0.1385850
v 0.6060650 -0.2000000 -0.1060650
v 0.6385850 -0.2000000 -0.0574050
v 0.6385850 -0.1000000 -0.0574050
v 0.6060650 -0.1000000 -0.1060650
v 0.6385850 -0.2000000 -0.0574050
v 0.6500000 -0.2000000 0.0000000
v 0.6500000 -0.1000000 0.0000000
v 0.6385850 -0.1000000 -0.0574050
v 0.7000000 -0.1000000 0.0000000
v 0.6847800 -0.1000000 0.0765400
v 0.6847800 -0.2000000 0.0765400
v 0.7000000 -0.2000000 0.0000000
v 0.6847800 -0.1000000 0.0765400
v 0.6414200 -0.1000000 0.1414200
v 0.6414200 -0.2000000 0.1414200
v 0.6847800 -0.2000000 0.0765400
v 0.6414200 -0.1000000 0.1414200
v 0.5765400 -0.1000000 0.1847800
v 0.5765400 -0.2000000 0.1847800
v 0.6414200 -0.2000000 0.1414200
v 0.5765400 -0.1000000 0.1847800
v 0.5000000 -0.1000000 0.2000000
v 0.5000000 -0.2000000 0.2000000
v 0.5765400 -0.2000000 0.1847800
v 0.5000000 -0.1000000 0.2000000
v 0.4234600 -0.1000000 0.1847800
v 0.4234600 -0.2000000 0.1847800
v 0.5000000 -0.2000000 0.2000000
v 0.4234600 -0.1000000 0.1847800
v 0.3585800 -0.1000000 0.1414200
v 0.3585800 -0.2000000 0.1414200
v 0.4234600 -0.2000000 0.1847800
v 0.3585800 -0.1000000 0.1414200
v 0.3152200 -0.1000000 0.0765400
v 0.3152200 -0.2000000 0.0765400
v 0.3585800 -0.2000000 0.1414200
v 0.3152200 -0.1000000 0.0765400
v 0.3000000 -0.1000000 0.0000000
v 0.3000000 -0.2000000 0.0000000
v 0.3152200 -0.2000000 0.0765400
v 0.3000000 -0.1000000 0.0000000
v 0.3152200 -0.1000000 -0.0765400
v 0.3152200 -0.2000000 -0.0765400
v 0.3000000 -0.2000000 0.0000000
v 0.3152200 -0.1000000 -0.0765400
v 0.3585800 -0.1000000 -0.1414200
v 0.3585800 -0.2000000 -0.1414200
v 0.3152200 -0.2000000 -0.0765400
v 0.3585800 -0.1000000 -0.1414200
v 0.4234600 -0.1000000 -0.1847800
v 0.4234600 -0.2000000 -0.1847800
v 0.3585800 -0.2000000 -0.1414200
v 0.4234600 -0.1000000 -0.1847800
v 0.5000000 -0.1000000 -0.2000000
v 0.5000000 -0.2000000 -0.2000000
v 0.4234600 -0.2000000 -0.1847800
v 0.5000000 -0.1000000 -0.2000000
v 0.5765400 -0.1000000 -0.1847800
v 0.5765400 -0.2000000 -0.1847800
v 0.5000000 -0.2000000 -0.2000000
v 0.5765400 -0.1000000 -0.1847800
v 0.6414200 -0.1000000 -0.1414200
v 0.6414200 -0.2000000 -0.1414200
v 0.5765400 -0.2000000 -0.1847800
v 0.6414200 -0.1000000 -0.1414200
v 0.6847800 -0.1000000 -0.0765400
v 0.6847800 -0.2000000 -0.0765400
v 0.6414200 -0.2000000 -0.1414200
v 0.6847800 -0.1000000 -0.0765400
v 0.7000000 -0.1000000 0.0000000
v 0.7000000 -0.2000000 0.0000000
v 0.6847800 -0.2000000 -0.0765400
v 0.4234600 -0.2000000 0.1847800
v 0.4425950 -0.2000000 0.1385850
v 0.5000000 -0.2000000 0.1500000
v 0.5000000 -0.2000000 0.2000000
v 0.3585800 -0.2000000 0.1414200
v 0.3939350 -0.2000000 0.1060650
v 0.4425950 -0.2000000 0.1385850
v 0.4234600 -0.2000000 0.1847800
v 0.3152200 -0.2000000 0.0765400
v 0.3614150 -0.2000000 0.0574050
v 0.3939350 -0.2000000 0.1060650
v 0.3585800 -0.2000000 0.1414200
v 0.3000000 -0.2000000 0.0000000
v 0.3500000 -0.2000000 0.0000000
v 0.3614150 -0.2000000 0.0574050
v 0.3152200 -0.2000000 0.0765400
v 0.3152200 -0.2000000 -0.0765400
v 0.3614150 -0.2000000 -0.0574050
v 0.3500000 -0.2000000 0.0000000
v 0.3000000 -0.2000000 0.0000000
v 0.3585800 -0.2000000 -0.1414200
v 0.3939350 -0.2000000 -0.1060650
v 0.3614150 -0.2000000 -0.0574050
v 0.3152200 -0.2000000 -0.0765400
v 0.4234600 -0.2000000 -0.1847800
v 0.4425950 -0.2000000 -0.1385850
v 0.3939350 -0.2000000 -0.1060650
v 0.3585800 -0.2000000 -0.1414200
v 0.5000000 -0.2000000 -0.2000000
v 0.5000000 -0.2000000 -0.1500000
v 0.4425950 -0.2000000 -0.1385850
v 0.4234600 -0.2000000 -0.1847800
v 0.5765400 -0.2000000 -0.1847800
v 0.5574050 -0.2000000 -0.1385850
v 0.5000000 -0.2000000 -0.1500000
v 0.5000000 -0.2000000 -0.2000000
v 0.6414200 -0.2000000 -0.1414200
v 0.6060650 -0.2000000 -0.1060650
v 0.5574050 -0.2000000 -0.1385850
v 0.5765400 -0.2000000 -0.1847800
v 0.6847800 -0.2000000 -0.0765400
v 0.6385850 -0.2000000 -0.0574050
v 0.6060650 -0.2000000 -0.1060650
v 0.6414200 -0.2000000 -0.1414200
v 0.7000000 -0.2000000 0.0000000
v 0.6500000 -0.2000000 0.0000000
v 0.6385850 -0.2000000 -0.0574050
v 0.6847800 -0.2000000 -0.0765400
v 0.6847800 -0.2000000 0.0765400
v 0.6385850 -0.2000000 0.0574050
v 0.6500000 -0.2000000 0.0000000
v 0.7000000 -0.2000000 0.0000000
v 0.6414200 -0.2000000 0.1414200
v 0.6060650 -0.2000000 0.1060650
v 0.6385850 -0.2000000 0.0574050
v 0.6847800 -0.2000000 0.0765400
v 0.5765400 -0.2000000 0.1847800
v 0.5574050 -0.2000000 0.1385850
v 0.6060650 -0.2000000 0.1060650
v 0.6414200 -0.2000000 0.1414200
v 0.5000000 -0.2000000 0.2000000
v 0.5000000 -0.2000000 0.1500000
v 0.5574050 -0.2000000 0.1385850
v 0.5765400 -0.2000000 0.1847800
v 0.1500000 -0.2000000 0.0000000
v 0.1385850 -0.2000000 0.0574050
v 0.1385850 -0.1000000 0.0574050
v 0.1500000 -0.1000000 0.0000000
v 0.1385850 -0.2000000 0.0574050
v 0.1060650 -0.2000000 0.1060650
v 0.1060650 -0.1000000 0.1060650
v 0.1385850 -0.1000000 0.0574050
v 0.1060650 -0.2000000 0.1060650
v 0.0574050 -0.2000000 0.1385850
v 0.0574050 -0.1000000 0.1385850
v 0.1060650 -0.1000000 0.1060650
v 0.0574050 -0.2000000 0.1385850
v 0.0000000 -0.2000000 0.1500000
v 0.0000000 -0.1000000 0.1500000
v 0.0574050 -0.1000000 0.1385850
v 0.0000000 -0.2000000 0.1500000
v -0.0574050 -0.2000000 0.1385850
v -0.0574050 -0.1000000 0.1385850
v 0.0000000 -0.1000000 0.1500000
v -0.0574050 -0.2000000 0.1385850
v -0.1060650 -0.2000000 0.1060650
v -0.1060650 -0.1000000 0.1060650
v -0.0574050 -0.1000000 0.1385850
v -0.1060650 -0.2000000 0.1060650
v -0.1385850 -0.2000000 0.0574050
v -0.1385850 -0.1000000 0.0574050
v -0.1060650 -0.1000000 0.1060650
v -0.1385850 -0.2000000 0.0574050
v -0.1500000 -0.2000000 0.0000000
v -0.1500000 -0.1000000 0.0000000
v -0.1385850 -0.1000000 0.0574050
v -0.1500000 -0.2000000 0.0000000
v -0.1385850 -0.2000000 -0.0574050
v -0.1385850 -0.1000000 -0.0574050
v -0.1500000 -0.1000000 0.0000000
v -0.1385850 -0.2000000 -0.0574050
v -0.1060650 -0.2000000 -0.1060650
v -0.1060650 -0.1000000 -0.1060650
v -0.1385850 -0.1000000 -0.0574050
v -0.1060650 -0.2000000 -0.1060650
v -0.0574050 -0.2000000 -0.1385850
v -0.0574050 -0.1000000 -0.1385850
v -0.1060650 -0.1000000 -0.1060650
v -0.0574050 -0.2000000 -0.1385850
v 0.0000000 -0.2000000 -0.1500000
v 0.0000000 -0.1000000 -0.1500000
v -0.0574050 -0.1000000 -0.1385850
v 0.0000000 -0.2000000 -0.1500000
v 0.0574050 -0.2000000 -0.1385850
v 0.0574050 -0.1000000 -0.1385850
v 0.0000000 -0.1000000 -0.1500000
v 0.0574050 -0.2000000 -0.1385850
v 0.1060650 -0.2000000 -0.1060650
v 0.1060650 -0.1000000 -0.1060650
v 0.0574050 -0.1000000 -0.1385850
v 0.1060650 -0.2000000 -0.1060650
v 0.1385850 -0.2000000 -0.0574050
v 0.1385850 -0.1000000 -0.0574050
v 0.1060650 -0.1000000 -0.1060650
v 0.1385850 -0.2000000 -0.0574050
v 0.1500000 -0.2000000 0.0000000
v 0.1500000 -0.1000000 0.0000000
v 0.1385850 -0.1000000 -0.0574050
v 0.2000000 -0.1000000 0.0000000
v 0.1847800 -0.1000000 0.0765400
v 0.1847800 -0.2000000 0.0765400
v 0.2000000 -0.2000000 0.0000000
v 0.1847800 -0.1000000 0.0765400
v 0.1414200 -0.1000000 0.1414200
v 0.1414200 -0.2000000 0.1414200
v 0.1847800 -0.2000000 0.0765400
v 0.1414200 -0.1000000 0.1414200
v 0.0765400 -0.1000000 0.1847800
v 0.0765400 -0.2000000 0.1847800
v 0.1414200 -0.2000000 0.1414200
v 0.0765400 -0.1000000 0.1847800
v 0.0000000 -0.1000000 0.2000000
v 0.0000000 -0.2000000 0.2000000
v 0.0765400 -0.2000000 0.1847800
v 0.0000000 -0.1000000 0.2000000
v -0.0765400 -0.1000000 0.1847800
v -0.0765400 -0.2000000 0.1847800
v 0.0000000 -0.2000000 0.2000000
v -0.0765400 -0.1000000 0.1847800
v -0.1414200 -0.1000000 0.1414200
v -0.1414200 -0.2000000 0.1414200
v -0.0765400 -0.2000000 0.1847800
v -0.1414200 -0.1000000 0.1414200
v -0.1847800 -0.1000000 0.0765400
v -0.1847800 -0.2000000 0.0765400
v -0.1414200 -0.2000000 0.1414200
v -0.1847800 -0.1000000 0.0765400
v -0.2000000 -0.1000000 0.0000000
v -0.2000000 -0.2000000 0.0000000
v -0.1847800 -0.2000000 0.0765400
v -0.2000000 -0.1000000 0.0000000
v -0.1847800 -0.1000000 -0.0765400
v -0.1847800 -0.2000000 -0.0765400
v -0.2000000 -0.2000000 0.0000000
v -0.1847800 -0.1000000 -0.0765400
v -0.1414200 -0.1000000 -0.1414200
v -0.1414200 -0.2000000 -0.1414200
v -0.1847800 -0.2000000 -0.0765400
v -0.1414200 -0.1000000 -0.1414200
v -0.0765400 -0.1000000 -0.1847800
v -0.0765400 -0.2000000 -0.1847800
v -0.1414200 -0.2000000 -0.1414200
v -0.0765400 -0.1000000 -0.1847800
v 0.0000000 -0.1000000 -0.2000000
v 0.0000000 -0.2000000 -0.2000000
v -0.0765400 -0.2000000 -0.1847800
v 0.0000000 -0.1000000 -0.2000000
v 0.0765400 -0.1000000 -0.1847800
v 0.0765400 -0.2000000 -0.1847800
v 0.0000000 -0.2000000 -0.2000000
v 0.0765400 -0.1000000 -0.1847800
v 0.1414200 -0.1000000 -0.1414200
v 0.1414200 -0.2000000 -0.1414200
v 0.0765400 -0.2000000 -0.1847800
v 0.1414200 -0.1000000 -0.1414200
v 0.1847800 -0.1000000 -0.0765400
v 0.1847800 -0.2000000 -0.0765400
v 0.1414200 -0.2000000 -0.1414200
v 0.1847800 -0.1000000 -0.0765400
v 0.2000000 -0.1000000 0.0000000
v 0.2000000 -0.2000000 0.0000000
v 0.1847800 -0.2000000 -0.0765400
v -0.0765400 -0.2000000 0.1847800
v -0.0574050 -0.2000000 0.1385850
v 0.0000000 -0.2000000 0.1500000
v 0.0000000 -0.2000000 0.2000000
v -0.1414200 -0.2000000 0.1414200
v -0.1060650 -0.2000000 0.1060650
v -0.0574050 -0.2000000 0.1385850
v -0.0765400 -0.2000000 0.1847800
v -0.1847800 -0.2000000 0.0765400
v -0.1385850 -0.2000000 0.0574050
v -0.1060650 -0.2000000 0.1060650
v -0.1414200 -0.2000000 0.1414200
v -0.2000000 -0.2000000 0.0000000
v -0.1500000 -0.2000000 0.0000000
v -0.1385850 -0.2000000 0.0574050
v -0.1847800 -0.2000000 0.0765400
v -0.1847800 -0.2000000 -0.0765400
v -0.1385850 -0.2000000 -0.0574050
v -0.1500000 -0.2000000 0.0000000
v -0.2000000 -0.2000000 0.0000000
v -0.1414200 -0.2000000 -0.1414200
v -0.1060650 -0.2000000 -0.1060650
v -0.1385850 -0.2000000 -0.0574050
v -0.1847800 -0.2000000 -0.0765400
v -0.0765400 -0.2000000 -0.1847800
v -0.0574050 -0.2000000 -0.1385850
v -0.1060650 -0.2000000 -0.1060650
v -0.1414200 -0.2000000 -0.1414200
v 0.0000000 -0.2000000 -0.2000000
v 0.0000000 -0.2000000 -0.1500000
v -0.0574050 -0.2000000 -0.1385850
v -0.0765400 -0.2000000 -0.1847800
v 0.0765400 -0.2000000 -0.1847800
v 0.0574050 -0.2000000 -0.1385850
v 0.0000000 -0.2000000 -0.1500000
v 0.0000000 -0.2000000 -0.2000000
v 0.1414200 -0.2000000 -0.1414200
v 0.1060650 -0.2000000 -0.1060650
v 0.0574050 -0.2000000 -0.1385850
v 0.0765400 -0.2000000 -0.1847800
v 0.1847800 -0.2000000 -0.0765400
v 0.1385850 -0.2000000 -0.0574050
v 0.1060650 -0.2000000 -0.1060650
v 0.1414200 -0.2000000 -0.1414200
v 0.2000000 -0.2000000 0.0000000
v 0.1500000 -0.2000000 0.0000000
v 0.1385850 -0.2000000 -0.0574050
v 0.1847800 -0.2000000 -0.0765400
v 0.1847800 -0.2000000 0.0765400
v 0.1385850 -0.2000000 0.0574050
v 0.1500000 -0.2000000 0.0000000
v 0.2000000 -0.2000000 0.0000000
v 0.1414200 -0.2000000 0.1414200
v 0.1060650 -0.2000000 0.1060650
v 0.1385850 -0.2000000 0.0574050
v 0.1847800 -0.2000000 0.0765400
v 0.0765400 -0.2000000 0.1847800
v 0.0574050 -0.2000000 0.1385850
v 0.1060650 -0.2000000 0.1060650
v 0.1414200 -0.2000000 0.1414200
v 0.0000000 -0.2000000 0.2000000
v 0.0000000 -0.2000000 0.1500000
v 0.0574050 -0.2000000 0.1385850
v 0.0765400 -0.2000000 0.1847800
v -0.3500000 -0.2000000 0.0000000
v -0.3614150 -0.2000000 0.0574050
v -0.3614150 -0.1000000 0.0574050
v -0.3500000 -0.1000000 0.0000000
v -0.3614150 -0.2000000 0.0574050
v -0.3939350 -0.2000000 0.1060650
v -0.3939350 -0.1000000 0.1060650
v -0.3614150 -0.1000000 0.0574050
v -0.3939350 -0.2000000 0.1060650
v -0.4425950 -0.2000000 0.1385850
v -0.4425950 -0.1000000 0.1385850
v -0.3939350 -0.1000000 0.1060650
v -0.4425950 -0.2000000 0.1385850
v -0.5000000 -0.2000000 0.1500000
v -0.5000000 -0.1000000 0.1500000
v -0.4425950 -0.1000000 0.1385850
v -0.5000000 -0.2000000 0.1500000
v -0.5574050 -0.2000000 0.1385850
v -0.5574050 -0.1000000 0.1385850
v -0.5000000 -0.1000000 0.1500000
v -0.5574050 -0.2000000 0.1385850
v -0.6060650 -0.2000000 0.1060650
v -0.6060650 -0.1000000 0.1060650
v -0.5574050 -0.1000000 0.1385850
v -0.6060650 -0.2000000 0.1060650
v -0.6385850 -0.2000000 0.0574050
v -0.6385850 -0.1000000 0.0574050
v -0.6060650 -0.1000000 0.1060650
v -0.6385850 -0.2000000 0.0574050
v -0.6500000 -0.2000000 0.0000000
v -0.6500000 -0.1000000 0.0000000
v -0.6385850 -0.1000000 0.0574050
v -0.6500000 -0.2000000 0.0000000
v -0.6385850 -0.2000000 -0.0574050
v -0.6385850 -0.1000000 -0.0574050
v -0.6500000 -0.1000000 0.0000000
v -0.6385850 -0.2000000 -0.0574050
v -0.6060650 -0.2000000 -0.1060650
v -0.6060650 -0.1000000 -0.1060650
v -0.6385850 -0.1000000 -0.0574050
v -0.6060650 -0.2000000 -0.1060650
v -0.5574050 -0.2000000 -0.1385850
v -0.5574050 -0.1000000 -0.1385850
v -0.6060650 -0.1000000 -0.1060650
v -0.5574050 -0.2000000 -0.1385850
v -0.5000000 -0.2000000 -0.1500000
v -0.5000000 -0.1000000 -0.1500000
v -0.5574050 -0.1000000 -0.1385850
v -0.5000000 -0.2000000 -0.1500000
v -0.4425950 -0.2000000 -0.1385850
v -0.4425950 -0.1000000 -0.1385850
v -0.5000000 -0.1000000 -0.1500000
v -0.4425950 -0.2000000 -0.1385850
v -0.3939350 -0.2000000 -0.1060650
v -0.3939350 -0.1000000 -0.1060650
v -0.4425950 -0.1000000 -0.1385850
v -0.3939350 -0.2000000 -0.1060650
v -0.3614150 -0.2000000 -0.0574050
v -0.3614150 -0.1000000 -0.0574050
v -0.3939350 -0.1000000 -0.1060650
v -0.3614150 -0.2000000 -0.0574050
v -0.3500000 -0.2000000 0.0000000
v -0.3500000 -0.1000000 0.0000000
v -0.3614150 -0.1000000 -0.0574050
v -0.3000000 -0.1000000 0.0000000
v -0.3152200 -0.1000000 0.0765400
v -0.3152200 -0.2000000 0.0765400
v -0.3000000 -0.2000000 0.0000000
v -0.3152200 -0.1000000 0.0765400
v -0.3585800 -0.1000000 0.1414200
v -0.3585800 -0.2000000 0.1414200
v -0.3152200 -0.2000000 0.0765400
v -0.3585800 -0.1000000 0.1414200
v -0.4234600 -0.1000000 0.1847800
v -0.4234600 -0.2000000 0.1847800
v -0.3585800 -0.2000000 0.1414200
v -0.4234600 -0.1000000 0.1847800
v -0.5000000 -0.1000000 0.2000000
v -0.5000000 -0.2000000 0.2000000
v -0.4234600 -0.2000000 0.1847800
v -0.5000000 -0.1000000 0.2000000
v -0.5765400 -0.1000000 0.1847800
v -0.5765400 -0.2000000 0.1847800
v -0.5000000 -0.2000000 0.2000000
v -0.5765400 -0.1000000 0.1847800
v -0.6414200 -0.1000000 0.1414200
v -0.6414200 -0.2000000 0.1414200
v -0.5765400 -0.2000000 0.1847800
v -0.6414200 -0.1000000 0.1414200
v -0.6847800 -0.1000000 0.0765400
v -0.6847800 -0.2000000 0.0765400
v -0.6414200 -0.2000000 0.1414200
v -0.6847800 -0.1000000 0.0765400
v -0.7000000 -0.1000000 0.0000000
v -0.7000000 -0.2000000 0.0000000
v -0.6847800 -0.2000000 0.0765400
v -0.7000000 -0.1000000 0.0000000
v -0.6847800 -0.1000000 -0.0765400
v -0.6847800 -0.2000000 -0.0765400
v -0.7000000 -0.2000000 0.0000000
v -0.6847800 -0.1000000 -0.0765400
v -0.6414200 -0.1000000 -0.1414200
v -0.6414200 -0.2000000 -0.1414200
v -0.6847800 -0.2000000 -0.0765400
v -0.6414200 -0.1000000 -0.1414200
v -0.5765400 -0.1000000 -0.1847800
v -0.5765400 -0.2000000 -0.1847800
v -0.6414200 -0.2000000 -0.1414200
v -0.5765400 -0.1000000 -0.1847800
v -0.5000000 -0.1000000 -0.2000000
v -0.5000000 -0.2000000 -0.2000000
v -0.5765400 -0.2000000 -0.1847800
v -0.5000000 -0.1000000 -0.2000000
v -0.4234600 -0.1000000 -0.1847800
v -0.4234600 -0.2000000 -0.1847800
v -0.5000000 -0.2000000 -0.2000000
v -0.4234600 -0.1000000 -0.1847800
v -0.3585800 -0.1000000 -0.1414200
v -0.3585800 -0.2000000 -0.1414200
v -0.4234600 -0.2000000 -0.1847800
v -0.3585800 -0.1000000 -0.1414200
v -0.3152200 -0.1000000 -0.0765400
v -0.3152200 -0.2000000 -0.0765400
v -0.3585800 -0.2000000 -0.1414200
v -0.3152200 -0.1000000 -0.0765400
v -0.3000000 -0.1000000 0.0000000
v -0.3000000 -0.2000000 0.0000000
v -0.3152200 -0.2000000 -0.0765400
v -0.5765400 -0.2000000 0.1847800
v -0.5574050 -0.2000000 0.1385850
v -0.5000000 -0.2000000 0.1500000
v -0.5000000 -0.2000000 0.2000000
v -0.6414200 -0.2000000 0.1414200
v -0.6060650 -0.2000000 0.1060650
v -0.5574050 -0.2000000 0.1385850
v -0.5765400 -0.2000000 0.1847800
v -0.6847800 -0.2000000 0.0765400
v -0.6385850 -0.2000000 0.0574050
v -0.6060650 -0.2000000 0.1060650
v -0.6414200 -0.2000000 0.1414200
v -0.7000000 -0.2000000 0.0000000
v -0.6500000 -0.2000000 0.0000000
v -0.6385850 -0.2000000 0.0574050
v -0.6847800 -0.2000000 0.0765400
v -0.6847800 -0.2000000 -0.0765400
v -0.6385850 -0.2000000 -0.0574050
v -0.6500000 -0.2000000 0.0000000
v -0.7000000 -0.2000000 0.0000000
v -0.6414200 -0.2000000 -0.1414200
v -0.6060650 -0.2000000 -0.1060650
v -0.6385850 -0.2000000 -0.0574050
v -0.6847800 -0.2000000 -0.0765400
v -0.5765400 -0.2000000 -0.1847800
v -0.5574050 -0.2000000 -0.1385850
v -0.6060650 -0.2000000 -0.1060650
v -0.6414200 -0.2000000 -0.1414200
v -0.5000000 -0.2000000 -0.2000000
v -0.5000000 -0.2000000 -0.1500000
v -0.5574050 -0.2000000 -0.1385850
v -0.5765400 -0.2000000 -0.1847800
v -0.4234600 -0.2000000 -0.1847800
v -0.4425950 -0.2000000 -0.1385850
v -0.5000000 -0.2000000 -0.1500000
v -0.5000000 -0.2000000 -0.2000000
v -0.3585800 -0.2000000 -0.1414200
v -0.3939350 -0.2000000 -0.1060650
v -0.4425950 -0.2000000 -0.1385850
v -0.4234600 -0.2000000 -0.1847800
v -0.3152200 -0.2000000 -0.0765400
v -0.3614150 -0.2000000 -0.0574050
v -0.3939350 -0.2000000 -0.1060650
v -0.3585800 -0.2000000 -0.1414200
v -0.3000000 -0.2000000 0.0000000
v -0.3500000 -0.2000000 0.0000000
v -0.3614150 -0.2000000 -0.0574050
v -0.3152200 -0.2000000 -0.0765400
v -0.3152200 -0.2000000 0.0765400
v -0.3614150 -0.2000000 0.0574050
v -0.3500000 -0.2000000 0.0000000
v -0.3000000 -0.2000000 0.0000000
v -0.3585800 -0.2000000 0.1414200
v -0.3939350 -0.2000000 0.1060650
v -0.3614150 -0.2000000 0.0574050
v -0.3152200 -0.2000000 0.0765400
v -0.4234600 -0.2000000 0.1847800
v -0.4425950 -0.2000000 0.1385850
v -0.3939350 -0.2000000 0.1060650
v -0.3585800 -0.2000000 0.1414200
v -0.5000000 -0.2000000 0.2000000
v -0.5000000 -0.2000000 0.1500000
v -0.4425950 -0.2000000 0.1385850
v -0.4234600 -0.2000000 0.1847800
v -0.8500000 -0.2000000 0.0000000
v -0.8614150 -0.2000000 0.0574050
v -0.8614150 -0.1000000 0.0574050
v -0.8500000 -0.1000000 0.0000000
v -0.8614150 -0.2000000 0.0574050
v -0.8939350 -0.2000000 0.1060650
v -0.8939350 -0.1000000 0.1060650
v -0.8614150 -0.1000000 0.0574050
v -0.8939350 -0.2000000 0.1060650
v -0.9425950 -0.2000000 0.1385850
v -0.9425950 -0.1000000 0.1385850
v -0.8939350 -0.1000000 0.1060650
v -0.9425950 -0.2000000 0.1385850
v -1.0000000 -0.2000000 0.1500000
v -1.0000000 -0.1000000 0.1500000
v -0.9425950 -0.1000000 0.1385850
v -1.0000000 -0.2000000 0.1500000
v -1.0574050 -0.2000000 0.1385850
v -1.0574050 -0.1000000 0.1385850
v -1.0000000 -0.1000000 0.1500000
v -1.0574050 -0.2000000 0.1385850
v -1.1060650 -0.2000000 0.1060650
v -1.1060650 -0.1000000 0.1060650
v -1.0574050 -0.1000000 0.1385850
v -1.1060650 -0.2000000 0.1060650
v -1.1385850 -0.2000000 0.0574050
v -1.1385850 -0.1000000 0.0574050
v -1.1060650 -0.1000000 0.1060650
v -1.1385850 -0.2000000 0.0574050
v -1.1500000 -0.2000000 0.0000000
v -1.1500000 -0.1000000 0.0000000
v -1.1385850 -0.1000000 0.0574050
v -1.1500000 -0.2000000 0.0000000
v -1.1385850 -0.2000000 -0.0574050
v -1.1385850 -0.1000000 -0.0574050
v -1.1500000 -0.1000000 0.0000000
v -1.1385850 -0.2000000 -0.0574050
v -1.1060650 -0.2000000 -0.1060650
v -1.1060650 -0.1000000 -0.1060650
v -1.1385850 -0.1000000 -0.0574050
v -1.1060650 -0.2000000 -0.1060650
v -1.0574050 -0.2000000 -0.1385850
v -1.0574050 -0.1000000 -0.1385850
v -1.1060650 -0.1000000 -0.1060650
v -1.0574050 -0.2000000 -0.1385850
v -1.0000000 -0.2000000 -0.1500000
v -1.0000000 -0.1000000 -0.1500000
v -1.0574050 -0.1000000 -0.1385850
v -1.0000000 -0.2000000 -0.1500000
v -0.9425950 -0.2000000 -0.1385850
v -0.9425950 -0.1000000 -0.1385850
v -1.0000000 -0.1000000 -0.1500000
v -0.9425950 -0.2000000 -0.1385850
v -0.8939350 -0.2000000 -0.1060650
v -0.8939350 -0.1000000 -0.1060650
v -0.9425950 -0.1000000 -0.1385850
v -0.8939350 -0.2000000 -0.1060650
v -0.8614150 -0.2000000 -0.0574050
v -0.8614150 -0.1000000 -0.0574050
v -0.8939350 -0.1000000 -0.1060650
v -0.8614150 -0.2000000 -0.0574050
v -0.8500000 -0.2000000 0.0000000
v -0.8500000 -0.1000000 0.0000000
v -0.8614150 -0.1000000 -0.0574050
v -0.8000000 -0.1000000 0.0000000
v -0.8152200 -0.1000000 0.0765400
v -0.8152200 -0.2000000 0.0765400
v -0.8000000 -0.2000000 0.0000000
v -0.8152200 -0.1000000 0.0765400
v -0.8585800 -0.1000000 0.1414200
v -0.8585800 -0.2000000 0.1414200
v -0.8152200 -0.2000000 0.0765400
v -0.8585800 -0.1000000 0.1414200
v -0.9234600 -0.1000000 0.1847800
v -0.9234600 -0.2000000 0.1847800
v -0.8585800 -0.2000000 0.1414200
v -0.9234600 -0.1000000 0.1847800
v -1.0000000 -0.1000000 0.2000000
v -1.0000000 -0.2000000 0.2000000
v -0.9234600 -0.2000000 0.1847800
v -1.0000000 -0.1000000 0.2000000
v -1.0765400 -0.1000000 0.1847800
v -1.0765400 -0.2000000 0.1847800
v -1.0000000 -0.2000000 0.2000000
v -1.0765400 -0.1000000 0.1847800
v -1.1414200 -0.1000000 0.1414200
v -1.1414200 -0.2000000 0.1414200
v -1.0765400 -0.2000000 0.1847800
v -1.1414200 -0.1000000 0.1414200
v -1.1847800 -0.1000000 0.0765400
v -1.1847800 -0.2000000 0.0765400
v -1.1414200 -0.2000000 0.1414200
v -1.1847800 -0.1000000 0.0765400
v -1.2000000 -0.1000000 0.0000000
v -1.2000000 -0.2000000 0.0000000
v -1.1847800 -0.2000000 0.0765400
v -1.2000000 -0.1000000 0.0000000
v -1.1847800 -0.1000000 -0.0765400
v -1.1847800 -0.2000000 -0.0765400
v -1.2000000 -0.2000000 0.0000000
v -1.1847800 -0.1000000 -0.0765400
v -1.1414200 -0.1000000 -0.1414200
v -1.1414200 -0.2000000 -0.1414200
v -1.1847800 -0.2000000 -0.0765400
v -1.1414200 -0.1000000 -0.1414200
v -1.0765400 -0.1000000 -0.1847800
v -1.0765400 -0.2000000 -0.1847800
v -1.1414200 -0.2000000 -0.1414200
v -1.0765400 -0.1000000 -0.1847800
v -1.0000000 -0.1000000 -0.2000000
v -1.0000000 -0.2000000 -0.2000000
v -1.0765400 -0.2000000 -0.1847800
v -1.0000000 -0.1000000 -0.2000000
v -0.9234600 -0.1000000 -0.1847800
v -0.9234600 -0.2000000 -0.1847800
v -1.0000000 -0.2000000 -0.2000000
v -0.9234600 -0.1000000 -0.1847800
v -0.8585800 -0.1000000 -0.1414200
v -0.8585800 -0.2000000 -0.1414200
v -0.9234600 -0.2000000 -0.1847800
v -0.8585800 -0.1000000 -0.1414200
v -0.8152200 -0.1000000 -0.0765400
v -0.8152200 -0.2000000 -0.0765400
v -0.8585800 -0.2000000 -0.1414200
v -0.8152200 -0.1000000 -0.0765400
v -0.8000000 -0.1000000 0.0000000
v -0.8000000 -0.2000000 0.0000000
v -0.8152200 -0.2000000 -0.0765400
v -1.0765400 -0.2000000 0.1847800
v -1.0574050 -0.2000000 0.1385850
v -1.0000000 -0.2000000 0.1500000
v -1.0000000 -0.2000000 0.2000000
v -1.1414200 -0.2000000 0.1414200
v -1.1060650 -0.2000000 0.1060650
v -1.0574050 -0.2000000 0.1385850
v -1.0765400 -0.2000000 0.1847800
v -1.1847800 -0.2000000 0.0765400
v -1.1385850 -0.2000000 0.0574050
v -1.1060650 -0.2000000 0.1060650
v -1.1414200 -0.2000000 0.1414200
v -1.2000000 -0.2000000 0.0000000
v -1.1500000 -0.2000000 0.0000000
v -1.1385850 -0.2000000 0.0574050
v -1.1847800 -0.2000000 0.0765400
v -1.1847800 -0.2000000 -0.0765400
v -1.1385850 -0.2000000 -0.0574050
v -1.1500000 -0.2000000 0.0000000
v -1.2000000 -0.2000000 0.0000000
v -1.1414200 -0.2000000 -0.1414200
v -1.1060650 -0.2000000 -0.1060650
v -1.1385850 -0.2000000 -0.0574050
v -1.1847800 -0.2000000 -0.0765400
v -1.0765400 -0.2000000 -0.1847800
v -1.0574050 -0.2000000 -0.1385850
v -1.1060650 -0.2000000 -0.1060650
v -1.1414200 -0.2000000 -0.1414200
v -1.0000000 -0.2000000 -0.2000000
v -1.0000000 -0.2000000 -0.1500000
v -1.0574050 -0.2000000 -0.1385850
v -1.0765400 -0.2000000 -0.1847800
v -0.9234600 -0.2000000 -0.1847800
v -0.9425950 -0.2000000 -0.1385850
v -1.0000000 -0.2000000 -0.1500000
v -1.0000000 -0.2000000 -0.2000000
v -0.8585800 -0.2000000 -0.1414200
v -0.8939350 -0.2000000 -0.1060650
v -0.9425950 -0.2000000 -0.1385850
v -0.9234600 -0.2000000 -0.1847800
v -0.8152200 -0.2000000 -0.0765400
v -0.8614150 -0.2000000 -0.0574050
v -0.8939350 -0.2000000 -0.1060650
v -0.8585800 -0.2000000 -0.1414200
v -0.8000000 -0.2000000 0.0000000
v -0.8500000 -0.2000000 0.0000000
v -0.8614150 -0.2000000 -0.0574050
v -0.8152200 -0.2000000 -0.0765400
v -0.8152200 -0.2000000 0.0765400
v -0.8614150 -0.2000000 0.0574050
v -0.8500000 -0.2000000 0.0000000
v -0.8000000 -0.2000000 0.0000000
v -0.8585800 -0.2000000 0.1414200
v -0.8939350 -0.2000000 0.1060650
v -0.8614150 -0.2000000 0.0574050
v -0.8152200 -0.2000000 0.0765400
v -0.9234600 -0.2000000 0.1847800
v -0.9425950 -0.2000000 0.1385850
v -0.8939350 -0.2000000 0.1060650
v -0.8585800 -0.2000000 0.1414200
v -1.0000000 -0.2000000 0.2000000
v -1.0000000 -0.2000000 0.1500000
v -0.9425950 -0.2000000 0.1385850
v -0.9234600 -0.2000000 0.1847800
v -1.3500000 -0.2000000 0.0000000
v -1.3614150 -0.2000000 0.0574050
v -1.3614150 -0.1000000 0.0574050
v -1.3500000 -0.1000000 0.0000000
v -1.3614150 -0.2000000 0.0574050
v -1.3939350 -0.2000000 0.1060650
v -1.3939350 -0.1000000 0.1060650
v -1.3614150 -0.1000000 0.0574050
v -1.3939350 -0.2000000 0.1060650
v -1.4425950 -0.2000000 0.1385850
v -1.4425950 -0.1000000 0.1385850
v -1.3939350 -0.1000000 0.1060650
v -1.4425950 -0.2000000 0.1385850
v -1.5000000 -0.2000000 0.1500000
v -1.5000000 -0.1000000 0.1500000
v -1.4425950 -0.1000000 0.1385850
v -1.5000000 -0.2000000 0.1500000
v -1.5574050 -0.2000000 0.1385850
v -1.5574050 -0.1000000 0.1385850
v -1.5000000 -0.1000000 0.1500000
v -1.5574050 -0.2000000 0.1385850
v -1.6060650 -0.2000000 0.1060650
v -1.6060650 -0.1000000 0.1060650
v -1.5574050 -0.1000000 0.1385850
v -1.6060650 -0.2000000 0.1060650
v -1.6385850 -0.2000000 0.0574050
v -1.6385850 -0.1000000 0.0574050
v -1.6060650 -0.1000000 0.1060650
v -1.6385850 -0.2000000 0.0574050
v -1.6500000 -0.2000000 0.0000000
v -1.6500000 -0.1000000 0.0000000
v -1.6385850 -0.1000000 0.0574050
v -1.6500000 -0.2000000 0.0000000
v -1.6385850 -0.2000000 -0.0574050
v -1.6385850 -0.1000000 -0.0574050
v -1.6500000 -0.1000000 0.0000000
v -1.6385850 -0.2000000 -0.0574050
v -1.6060650 -0.2000000 -0.1060650
v -1.6060650 -0.1000000 -0.1060650
v -1.6385850 -0.1000000 -0.0574050
v -1.6060650 -0.2000000 -0.1060650
v -1.5574050 -0.2000000 -0.1385850
v -1.5574050 -0.1000000 -0.1385850
v -1.6060650 -0.1000000 -0.1060650
v -1.5574050 -0.2000000 -0.1385850
v -1.5000000 -0.2000000 -0.1500000
v -1.5000000 -0.1000000 -0.1500000
v -1.5574050 -0.1000000 -0.1385850
v -1.5000000 -0.2000000 -0.1500000
v -1.4425950 -0.2000000 -0.1385850
v -1.4425950 -0.1000000 -0.1385850
v -1.5000000 -0.1000000 -0.1500000
v -1.4425950 -0.2000000 -0.1385850
v -1.3939350 -0.2000000 -0.1060650
v -1.3939350 -0.1000000 -0.1060650
v -1.4425950 -0.1000000 -0.1385850
v -1.3939350 -0.2000000 -0.1060650
v -1.3614150 -0.2000000 -0.0574050
v -1.3614150 -0.1000000 -0.0574050
v -1.3939350 -0.1000000 -0.1060650
v -1.3614150 -0.2000000 -0.0574050
v -1.3500000 -0.2000000 0.0000000
v -1.3500000 -0.1000000 0.0000000
v -1.3614150 -0.1000000 -0.0574050
v -1.3000000 -0.1000000 0.0000000
v -1.3152200 -0.1000000 0.0765400
v -1.3152200 -0.2000000 0.0765400
v -1.3000000 -0.2000000 0.0000000
v -1.3152200 -0.1000000 0.0765400
v -1.3585800 -0.1000000 0.1414200
v -1.3585800 -0.2000000 0.1414200
v -1.3152200 -0.2000000 0.0765400
v -1.3585800 -0.1000000 0.1414200
v -1.4234600 -0.1000000 0.1847800
v -1.4234600 -0.2000000 0.1847800
v -1.3585800 -0.2000000 0.1414200
v -1.4234600 -0.1000000 0.1847800
v -1.5000000 -0.1000000 0.2000000
v -1.5000000 -0.2000000 0.2000000
v -1.4234600 -0.2000000 0.1847800
v -1.5000000 -0.1000000 0.2000000
v -1.5765400 -0.1000000 0.1847800
v -1.5765400 -0.2000000 0.1847800
v -1.5000000 -0.2000000 0.2000000
v -1.5765400 -0.1000000 0.1847800
v -1.6414200 -0.1000000 0.1414200
v -1.6414200 -0.2000000 0.1414200
v -1.5765400 -0.2000000 0.1847800
v -1.6414200 -0.1000000 0.1414200
v -1.6847800 -0.1000000 0.0765400
v -1.6847800 -0.2000000 0.0765400
v -1.6414200 -0.2000000 0.1414200
v -1.6847800 -0.1000000 0.0765400
v -1.7000000 -0.1000000 0.0000000
v -1.7000000 -0.2000000 0.0000000
v -1.6847800 -0.2000000 0.0765400
v -1.7000000 -0.1000000 0.0000000
v -1.6847800 -0.1000000 -0.0765400
v -1.6847800 -0.2000000 -0.0765400
v -1.7000000 -0.2000000 0.0000000
v -1.6847800 -0.1000000 -0.0765400
v -1.6414200 -0.1000000 -0.1414200
v -1.6414200 -0.2000000 -0.1414200
v -1.6847800 -0.2000000 -0.0765400
v -1.6414200 -0.1000000 -0.1414200
v -1.5765400 -0.1000000 -0.1847800
v -1.5765400 -0.2000000 -0.1847800
v -1.6414200 -0.2000000 -0.1414200
v -1.5765400 -0.1000000 -0.1847800
v -1.5000000 -0.1000000 -0.2000000
v -1.5000000 -0.2000000 -0.2000000
v -1.5765400 -0.2000000 -0.1847800
v -1.5000000 -0.1000000 -0.2000000
v -1.4234600 -0.1000000 -0.1847800
v -1.4234600 -0.2000000 -0.1847800
v -1.5000000 -0.2000000 -0.2000000
v -1.4234600 -0.1000000 -0.1847800
v -1.3585800 -0.1000000 -0.1414200
v -1.3585800 -0.2000000 -0.1414200
v -1.4234600 -0.2000000 -0.1847800
v -1.3585800 -0.1000000 -0.1414200
v -1.3152200 -0.1000000 -0.0765400
v -1.3152200 -0.2000000 -0.0765400
v -1.3585800 -0.2000000 -0.1414200
v -1.3152200 -0.1000000 -0.0765400
v -1.3000000 -0.1000000 0.0000000
v -1.3000000 -0.2000000 0.0000000
v -1.3152200 -0.2000000 -0.0765400
v -1.5765400 -0.2000000 0.1847800
v -1.5574050 -0.2000000 0.1385850
v -1.5000000 -0.2000000 0.1500000
v -1.5000000 -0.2000000 0.2000000
v -1.6414200 -0.2000000 0.1414200
v -1.6060650 -0.2000000 0.1060650
v -1.5574050 -0.2000000 0.1385850
v -1.5765400 -0.2000000 0.1847800
v -1.6847800 -0.2000000 0.0765400
v -1.6385850 -0.2000000 0.0574050
v -1.6060650 -0.2000000 0.1060650
v -1.6414200 -0.2000000 0.1414200
v -1.7000000 -0.2000000 0.0000000
v -1.6500000 -0.2000000 0.0000000
v -1.6385850 -0.2000000 0.0574050
v -1.6847800 -0.2000000 0.0765400
v -1.6847800 -0.2000000 -0.0765400
v -1.6385850 -0.2000000 -0.0574050
v -1.6500000 -0.2000000 0.0000000
v -1.7000000 -0.2000000 0.0000000
v -1.6414200 -0.2000000 -0.1414200
v -1.6060650 -0.2000000 -0.1060650
v -1.6385850 -0.2000000 -0.0574050
v -1.6847800 -0.2000000 -0.0765400
v -1.5765400 -0.2000000 -0.1847800
v -1.5574050 -0.2000000 -0.1385850
v -1.6060650 -0.2000000 -0.1060650
v -1.6414200 -0.2000000 -0.1414200
v -1.5000000 -0.2000000 -0.2000000
v -1.5000000 -0.2000000 -0.1500000
v -1.5574050 -0.2000000 -0.1385850
v -1.5765400 -0.2000000 -0.1847800
v -1.4234600 -0.2000000 -0.1847800
v -1.4425950 -0.2000000 -0.1385850
v -1.5000000 -0.2000000 -0.1500000
v -1.5000000 -0.2000000 -0.2000000
v -1.3585800 -0.2000000 -0.1414200
v -1.3939350 -0.2000000 -0.1060650
v -1.4425950 -0.2000000 -0.1385850
v -1.4234600 -0.2000000 -0.1847800
v -1.3152200 -0.2000000 -0.0765400
v -1.3614150 -0.2000000 -0.0574050
v -1.3939350 -0.2000000 -0.1060650
v -1.3585800 -0.2000000 -0.1414200
v -1.3000000 -0.2000000 0.0000000
v -1.3500000 -0.2000000 0.0000000
v -1.3614150 -0.2000000 -0.0574050
v -1.3152200 -0.2000000 -0.0765400
v -1.3152200 -0.2000000 0.0765400
v -1.3614150 -0.2000000 0.0574050
v -1.3500000 -0.2000000 0.0000000
v -1.3000000 -0.2000000 0.0000000
v -1.3585800 -0.2000000 0.1414200
v -1.3939350 -0.2000000 0.1060650
v -1.3614150 -0.2000000 0.0574050
v -1.3152200 -0.2000000 0.0765400
v -1.4234600 -0.2000000 0.1847800
v -1.4425950 -0.2000000 0.1385850
v -1.3939350 -0.2000000 0.1060650
v -1.3585800 -0.2000000 0.1414200
v -1.5000000 -0.2000000 0.2000000
v -1.5000000 -0.2000000 0.1500000
v -1.4425950 -0.2000000 0.1385850
v -1.4234600 -0.2000000 0.1847800
v -1.8500000 -0.2000000 0.0000000
v -1.8614150 -0.2000000 0.0574050
v -1.8614150 -0.1000000 0.0574050
v -1.8500000 -0.1000000 0.0000000
v -1.8614150 -0.2000000 0.0574050
v -1.8939350 -0.2000000 0.1060650
v -1.8939350 -0.1000000 0.1060650
v -1.8614150 -0.1000000 0.0574050
v -1.8939350 -0.2000000 0.1060650
v -1.9425950 -0.2000000 0.1385850
v -1.9425950 -0.1000000 0.1385850
v -1.8939350 -0.1000000 0.1060650
v -1.9425950 -0.2000000 0.1385850
v -2.0000000 -0.2000000 0.1500000
v -2.0000000 -0.1000000 0.1500000
v -1.9425950 -0.1000000 0.1385850
v -2.0000000 -0.2000000 0.1500000
v -2.0574050 -0.2000000 0.1385850
v -2.0574050 -0.1000000 0.1385850
v -2.0000000 -0.1000000 0.1500000
v -2.0574050 -0.2000000 0.1385850
v -2.1060650 -0.2000000 0.1060650
v -2.1060650 -0.1000000 0.1060650
v -2.0574050 -0.1000000 0.1385850
v -2.1060650 -0.2000000 0.1060650
v -2.1385850 -0.2000000 0.0574050
v -2.1385850 -0.1000000 0.0574050
v -2.1060650 -0.1000000 0.1060650
v -2.1385850 -0.2000000 0.0574050
v -2.1500000 -0.2000000 0.0000000
v -2.1500000 -0.1000000 0.0000000
v -2.1385850 -0.1000000 0.0574050
v -2.1500000 -0.2000000 0.0000000
v -2.1385850 -0.2000000 -0.0574050
v -2.1385850 -0.1000000 -0.0574050
v -2.1500000 -0.1000000 0.0000000
v -2.1385850 -0.2000000 -0.0574050
v -2.1060650 -0.2000000 -0.1060650
v -2.1060650 -0.1000000 -0.1060650
v -2.1385850 -0.1000000 -0.0574050
v -2.1060650 -0.2000000 -0.1060650
v -2.0574050 -0.2000000 -0.1385850
v -2.0574050 -0.1000000 -0.1385850
v -2.1060650 -0.1000000 -0.1060650
v -2.0574050 -0.2000000 -0.1385850
v -2.0000000 -0.2000000 -0.1500000
v -2.0000000 -0.1000000 -0.1500000
v -2.0574050 -0.1000000 -0.1385850
v -2.0000000 -0.2000000 -0.1500000
v -1.9425950 -0.2000000 -0.1385850
v -1.9425950 -0.1000000 -0.1385850
v -2.0000000 -0.1000000 -0.1500000
v -1.9425950 -0.2000000 -0.1385850
v -1.8939350 -0.2000000 -0.1060650
v -1.8939350 -0.1000000 -0.1060650
v -1.9425950 -0.1000000 -0.1385850
v -1.8939350 -0.2000000 -0.1060650
v -1.8614150 -0.2000000 -0.0574050
v -1.8614150 -0.1000000 -0.0574050
v -1.8939350 -0.1000000 -0.1060650
v -1.8614150 -0.2000000 -0.0574050
v -1.8500000 -0.2000000 0.0000000
v -1.8500000 -0.1000000 0.0000000
v -1.8614150 -0.1000000 -0.0574050
v -1.8000000 -0.1000000 0.0000000
v -1.8152200 -0.1000000 0.0765400
v -1.8152200 -0.2000000 0.0765400
v -1.8000000 -0.2000000 0.0000000
v -1.8152200 -0.1000000 0.0765400
v -1.8585800 -0.1000000 0.1414200
v -1.8585800 -0.2000000 0.1414200
v -1.8152200 -0.2000000 0.0765400
v -1.8585800 -0.1000000 0.1414200
v -1.9234600 -0.1000000 0.1847800
v -1.9234600 -0.2000000 0.1847800
v -1.8585800 -0.2000000 0.1414200
v -1.9234600 -0.1000000 0.1847800
v -2.0000000 -0.1000000 0.2000000
v -2.0000000 -0.2000000 0.2000000
v -1.9234600 -0.2000000 0.1847800
v -2.0000000 -0.1000000 0.2000000
v -2.0765400 -0.1000000 0.1847800
v -2.0765400 -0.2000000 0.1847800
v -2.0000000 -0.2000000 0.2000000
v -2.0765400 -0.1000000 0.1847800
v -2.1414200 -0.1000000 0.1414200
v -2.1414200 -0.2000000 0.1414200
v -2.0765400 -0.2000000 0.1847800
v -2.1414200 -0.1000000 0.1414200
v -2.1847800 -0.1000000 0.0765400
v -2.1847800 -0.2000000 0.0765400
v -2.1414200 -0.2000000 0.1414200
v -2.1847800 -0.1000000 0.0765400
v -2.2000000 -0.1000000 0.0000000
v -2.2000000 -0.2000000 0.0000000
v -2.1847800 -0.2000000 0.0765400
v -2.2000000 -0.1000000 0.0000000
v -2.1847800 -0.1000000 -0.0765400
v -2.1847800 -0.2000000 -0.0765400
v -2.2000000 -0.2000000 0.0000000
v -2.1847800 -0.1000000 -0.0765400
v -2.1414200 -0.1000000 -0.1414200
v -2.1414200 -0.2000000 -0.1414200
v -2.1847800 -0.2000000 -0.0765400
v -2.1414200 -0.1000000 -0.1414200
v -2.0765400 -0.1000000 -0.1847800
v -2.0765400 -0.2000000 -0.1847800
v -2.1414200 -0.2000000 -0.1414200
v -2.0765400 -0.1000000 -0.1847800
v -2.0000000 -0.1000000 -0.2000000
v -2.0000000 -0.2000000 -0.2000000
v -2.0765400 -0.2000000 -0.1847800
v -2.0000000 -0.1000000 -0.2000000
v -1.9234600 -0.1000000 -0.1847800
v -1.9234600 -0.2000000 -0.1847800
v -2.0000000 -0.2000000 -0.2000000
v -1.9234600 -0.1000000 -0.1847800
v -1.8585800 -0.1000000 -0.1414200
v -1.8585800 -0.2000000 -0.1414200
v -1.9234600 -0.2000000 -0.1847800
v -1.8585800 -0.1000000 -0.1414200
v -1.8152200 -0.1000000 -0.0765400
v -1.8152200 -0.2000000 -0.0765400
v -1.8585800 -0.2000000 -0.1414200
v -1.8152200 -0.1000000 -0.0765400
v -1.8000000 -0.1000000 0.0000000
v -1.8000000 -0.2000000 0.0000000
v -1.8152200 -0.2000000 -0.0765400
v -2.0765400 -0.2000000 0.1847800
v -2.0574050 -0.2000000 0.1385850
v -2.0000000 -0.2000000 0.1500000
v -2.0000000 -0.2000000 0.2000000
v -2.1414200 -0.2000000 0.1414200
v -2.1060650 -0.2000000 0.1060650
v -2.0574050 -0.2000000 0.1385850
v -2.0765400 -0.2000000 0.1847800
v -2.1847800 -0.2000000 0.0765400
v -2.1385850 -0.2000000 0.0574050
v -2.1060650 -0.2000000 0.1060650
v -2.1414200 -0.2000000 0.1414200
v -2.2000000 -0.2000000 0.0000000
v -2.1500000 -0.2000000 0.0000000
v -2.1385850 -0.2000000 0.0574050
v -2.1847800 -0.2000000 0.0765400
v -2.1847800 -0.2000000 -0.0765400
v -2.1385850 -0.2000000 -0.0574050
v -2.1500000 -0.2000000 0.0000000
v -2.2000000 -0.2000000 0.0000000
v -2.1414200 -0.2000000 -0.1414200
v -2.1060650 -0.2000000 -0.1060650
v -2.1385850 -0.2000000 -0.0574050
v -2.1847800 -0.2000000 -0.0765400
v -2.0765400 -0.2000000 -0.1847800
v -2.0574050 -0.2000000 -0.1385850
v -2.1060650 -0.2000000 -0.1060650
v -2.1414200 -0.2000000 -0.1414200
v -2.0000000 -0.2000000 -0.2000000
v -2.0000000 -0.2000000 -0.1500000
v -2.0574050 -0.2000000 -0.1385850
v -2.0765400 -0.2000000 -0.1847800
v -1.9234600 -0.2000000 -0.1847800
v -1.9425950 -0.2000000 -0.1385850
v -2.0000000 -0.2000000 -0.1500000
v -2.0000000 -0.2000000 -0.2000000
v -1.8585800 -0.2000000 -0.1414200
v -1.8939350 -0.2000000 -0.1060650
v -1.9425950 -0.2000000 -0.1385850
v -1.9234600 -0.2000000 -0.1847800
v -1.8152200 -0.2000000 -0.0765400
v -1.8614150 -0.2000000 -0.0574050
v -1.8939350 -0.2000000 -0.1060650
v -1.8585800 -0.2000000 -0.1414200
v -1.8000000 -0.2000000 0.0000000
v -1.8500000 -0.2000000 0.0000000
v -1.8614150 -0.2000000 -0.0574050
v -1.8152200 -0.2000000 -0.0765400
v -1.8152200 -0.2000000 0.0765400
v -1.8614150 -0.2000000 0.0574050
v -1.8500000 -0.2000000 0.0000000
v -1.8000000 -0.2000000 0.0000000
v -1.8585800 -0.2000000 0.1414200
v -1.8939350 -0.2000000 0.1060650
v -1.8614150 -0.2000000 0.0574050
v -1.8152200 -0.2000000 0.0765400
v -1.9234600 -0.2000000 0.1847800
v -1.9425950 -0.2000000 0.1385850
v -1.8939350 -0.2000000 0.1060650
v -1.8585800 -0.2000000 0.1414200
v -2.0000000 -0.2000000 0.2000000
v -2.0000000 -0.2000000 0.1500000
v -1.9425950 -0.2000000 0.1385850
v -1.9234600 -0.2000000 0.1847800
v -2.4000000 -0.1000000 -0.4000000
v 2.4000000 -0.1000000 -0.4000000
v 2.4000000 -0.1000000 0.4000000
v -2.4000000 -0.1000000 0.4000000
v 2.4000000 -0.1000000 0.4000000
v 2.4000000 -0.2000000 0.4000000
v -2.4000000 -0.2000000 0.4000000
v -2.4000000 -0.1000000 0.4000000
v -2.4000000 -0.1000000 0.4000000
v -2.4000000 -0.2000000 0.4000000
v -2.4000000 -0.2000000 -0.4000000
v -2.4000000 -0.1000000 -0.4000000
v -2.4000000 -0.1000000 -0.4000000
v -2.4000000 -0.2000000 -0.4000000
v 2.4000000 -0.2000000 -0.4000000
v 2.4000000 -0.1000000 -0.4000000
v 2.4000000 -0.1000000 -0.4000000
v 2.4000000 -0.2000000 -0.4000000
v 2.4000000 -0.2000000 0.4000000
v 2.4000000 -0.1000000 0.4000000
v -2.5000000 -0.2000000 0.5000000
v -2.4000000 -0.2000000 0.4000000
v 2.4000000 -0.2000000 0.4000000
v 2.5000000 -0.2000000 0.5000000
v 2.4000000 -0.2000000 -0.4000000
v -2.4000000 -0.2000000 -0.4000000
v -2.5000000 -0.2000000 -0.5000000
v 2.5000000 -0.2000000 -0.5000000
v 2.4000000 -0.2000000 0.4000000
v 2.4000000 -0.2000000 -0.4000000
v 2.5000000 -0.2000000 -0.5000000
v 2.5000000 -0.2000000 0.5000000
v -2.5000000 -0.2000000 -0.5000000
v -2.4000000 -0.2000000 -0.4000000
v -2.4000000 -0.2000000 0.4000000
v -2.5000000 -0.2000000 0.5000000
v -2.5000000 -0.0000000 0.5000000
v 2.5000000 -0.0000000 0.5000000
v 2.5000000 -0.0000000 -0.5000000
v -2.5000000 -0.0000000 -0.5000000
v -2.5000000 -0.0000000 0.5000000
v -2.5000000 -0.2000000 0.5000000
v 2.5000000 -0.2000000 0.5000000
v 2.5000000 -0.0000000 0.5000000
v -2.5000000 -0.0000000 -0.5000000
v -2.5000000 -0.2000000 -0.5000000
v -2.5000000 -0.2000000 0.5000000
v -2.5000000 -0.0000000 0.5000000
v 2.5000000 -0.0000000 -0.5000000
v 2.5000000 -0.2000000 -0.5000000
v -2.5000000 -0.2000000 -0.5000000
v -2.5000000 -0.0000000 -0.5000000
v 2.5000000 -0.0000000 0.5000000
v 2.5000000 -0.2000000 0.5000000
v 2.5000000 -0.2000000 -0.5000000
v 2.5000000 -0.0000000 -0.5000000
v 2.4000000 0.1000000 0.2500000
v 2.3885850 0.1000000 0.3074050
v 2.3885850 -0.0000000 0.3074050
v 2.4000000 -0.0000000 0.2500000
v 2.3885850 0.1000000 0.3074050
v 2.3560650 0.1000000 0.3560650
v 2.3560650 -0.0000000 0.3560650
v 2.3885850 -0.0000000 0.3074050
v 2.3560650 0.1000000 0.3560650
v 2.3074050 0.1000000 0.3885850
v 2.3074050 -0.0000000 0.3885850
v 2.3560650 -0.0000000 0.3560650
v 2.3074050 0.1000000 0.3885850
v 2.2500000 0.1000000 0.4000000
v 2.2500000 -0.0000000 0.4000000
v 2.3074050 -0.0000000 0.3885850
v 2.2500000 0.1000000 0.4000000
v 2.1925950 0.1000000 0.3885850
v 2.1925950 -0.0000000 0.3885850
v 2.2500000 -0.0000000 0.4000000
v 2.1925950 0.1000000 0.3885850
v 2.1439350 0.1000000 0.3560650
v 2.1439350 -0.0000000 0.3560650
v 2.1925950 -0.0000000 0.3885850
v 2.1439350 0.1000000 0.3560650
v 2.1114150 0.1000000 0.3074050
v 2.1114150 -0.0000000 0.3074050
v 2.1439350 -0.0000000 0.3560650
v 2.1114150 0.1000000 0.3074050
v 2.1000000 0.1000000 0.2500000
v 2.1000000 -0.0000000 0.2500000
v 2.1114150 -0.0000000 0.3074050
v 2.1000000 0.1000000 0.2500000
v 2.1114150 0.1000000 0.1925950
v 2.1114150 -0.0000000 0.1925950
v 2.1000000 -0.0000000 0.2500000
v 2.1114150 0.1000000 0.1925950
v 2.1439350 0.1000000 0.1439350
v 2.1439350 -0.0000000 0.1439350
v 2.1114150 -0.0000000 0.1925950
v 2.1439350 0.1000000 0.1439350
v 2.1925950 0.1000000 0.1114150
v 2.1925950 -0.0000000 0.1114150
v 2.1439350 -0.0000000 0.1439350
v 2.1925950 0.1000000 0.1114150
v 2.2500000 0.1000000 0.1000000
v 2.2500000 -0.0000000 0.1000000
v 2.1925950 -0.0000000 0.1114150
v 2.2500000 0.1000000 0.1000000
v 2.3074050 0.1000000 0.1114150
v 2.3074050 -0.0000000 0.1114150
v 2.2500000 -0.0000000 0.1000000
v 2.3074050 0.1000000 0.1114150
v 2.3560650 0.1000000 0.1439350
v 2.3560650 -0.0000000 0.1439350
v 2.3074050 -0.0000000 0.1114150
v 2.3560650 0.1000000 0.1439350
v 2.3885850 0.1000000 0.1925950
v 2.3885850 -0.0000000 0.1925950
v 2.3560650 -0.0000000 0.1439350
v 2.3885850 0.1000000 0.1925950
v 2.4000000 0.1000000 0.2500000
v 2.4000000 -0.0000000 0.2500000
v 2.3885850 -0.0000000 0.1925950
v 2.3885850 0.1000000 0.3074050
v 2.4000000 0.1000000 0.2500000
v 2.2500000 0.1000000 0.2500000
v 2.3560650 0.1000000 0.3560650
v 2.3885850 0.1000000 0.3074050
v 2.2500000 0.1000000 0.2500000
v 2.3074050 0.1000000 0.3885850
v 2.3560650 0.1000000 0.3560650
v 2.2500000 0.1000000 0.2500000
v 2.2500000 0.1000000 0.4000000
v 2.3074050 0.1000000 0.3885850
v 2.2500000 0.1000000 0.2500000
v 2.1925950 0.1000000 0.3885850
v 2.2500000 0.1000000 0.4000000
v 2.2500000 0.1000000 0.2500000
v 2.1439350 0.1000000 0.3560650
v 2.1925950 0.1000000 0.3885850
v 2.2500000 0.1000000 0.2500000
v 2.1114150 0.1000000 0.3074050
v 2.1439350 0.1000000 0.3560650
v 2.2500000 0.1000000 0.2500000
v 2.1000000 0.1000000 0.2500000
v 2.1114150 0.1000000 0.3074050
v 2.2500000 0.1000000 0.2500000
v 2.1114150 0.1000000 0.1925950
v 2.1000000 0.1000000 0.2500000
v 2.2500000 0.1000000 0.2500000
v 2.1439350 0.1000000 0.1439350
v 2.1114150 0.1000000 0.1925950
v 2.2500000 0.1000000 0.2500000
v 2.1925950 0.1000000 0.1114150
v 2.1439350 0.1000000 0.1439350
v 2.2500000 0.1000000 0.2500000
v 2.2500000 0.1000000 0.1000000
v 2.1925950 0.1000000 0.1114150
v 2.2500000 0.1000000 0.2500000
v 2.3074050 0.1000000 0.1114150
v 2.2500000 0.1000000 0.1000000
v 2.2500000 0.1000000 0.2500000
v 2.3560650 0.1000000 0.1439350
v 2.3074050 0.1000000 0.1114150
v 2.2500000 0.1000000 0.2500000
v 2.3885850 0.1000000 0.1925950
v 2.3560650 0.1000000 0.1439350
v 2.2500000 0.1000000 0.2500000
v 2.4000000 0.1000000 0.2500000
v 2.3885850 0.1000000 0.1925950
v 2.2500000 0.1000000 0.2500000
v 1.9000000 0.1000000 0.2500000
v 1.8885850 0.1000000 0.3074050
v 1.8885850 -0.0000000 0.3074050
v 1.9000000 -0.0000000 0.2500000
v 1.8885850 0.1000000 0.3074050
v 1.8560650 0.1000000 0.3560650
v 1.8560650 -0.0000000 0.3560650
v 1.8885850 -0.0000000 0.3074050
v 1.8560650 0.1000000 0.3560650
v 1.8074050 0.1000000 0.3885850
v 1.8074050 -0.0000000 0.3885850
v 1.8560650 -0.0000000 0.3560650
v 1.8074050 0.1000000 0.3885850
v 1.7500000 0.1000000 0.4000000
v 1.7500000 -0.0000000 0.4000000
v 1.8074050 -0.0000000 0.3885850
v 1.7500000 0.1000000 0.4000000
v 1.6925950 0.1000000 0.3885850
v 1.6925950 -0.0000000 0.3885850
v 1.7500000 -0.0000000 0.4000000
v 1.6925950 0.1000000 0.3885850
v 1.6439350 0.1000000 0.3560650
v 1.6439350 -0.0000000 0.3560650
v 1.6925950 -0.0000000 0.3885850
v 1.6439350 0.1000000 0.3560650
v 1.6114150 0.1000000 0.3074050
v 1.6114150 -0.0000000 0.3074050
v 1.6439350 -0.0000000 0.3560650
v 1.6114150 0.1000000 0.3074050
v 1.6000000 0.1000000 0.2500000
v 1.6000000 -0.0000000 0.2500000
v 1.6114150 -0.0000000 0.3074050
v 1.6000000 0.1000000 0.2500000
v 1.6114150 0.1000000 0.1925950
v 1.6114150 -0.0000000 0.1925950
v 1.6000000 -0.0000000 0.2500000
v 1.6114150 0.1000000 0.1925950
v 1.6439350 0.1000000 0.1439350
v 1.6439350 -0.0000000 0.1439350
v 1.6114150 -0.0000000 0.1925950
v 1.6439350 0.1000000 0.1439350
v 1.6925950 0.1000000 0.1114150
v 1.6925950 -0.0000000 0.1114150
v 1.6439350 -0.0000000 0.1439350
v 1.6925950 0.1000000 0.1114150
v 1.7500000 0.1000000 0.1000000
v 1.7500000 -0.0000000 0.1000000
v 1.6925950 -0.0000000 0.1114150
v 1.7500000 0.1000000 0.1000000
v 1.8074050 0.1000000 0.1114150
v 1.8074050 -0.0000000 0.1114150
v 1.7500000 -0.0000000 0.1000000
v 1.8074050 0.1000000 0.1114150
v 1.8560650 0.1000000 0.1439350
v 1.8560650 -0.0000000 0.1439350
v 1.8074050 -0.0000000 0.1114150
v 1.8560650 0.1000000 0.1439350
v 1.8885850 0.1000000 0.1925950
v 1.8885850 -0.0000000 0.1925950
v 1.8560650 -0.0000000 0.1439350
v 1.8885850 0.1000000 0.1925950
v 1.9000000 0.1000000 0.2500000
v 1.9000000 -0.0000000 0.2500000
v 1.8885850 -0.0000000 0.1925950
v 1.8885850 0.1000000 0.3074050
v 1.9000000 0.1000000 0.2500000
v 1.7500000 0.1000000 0.2500000
v 1.8560650 0.1000000 0.3560650
v 1.8885850 0.1000000 0.3074050
v 1.7500000 0.1000000 0.2500000
v 1.8074050 0.1000000 0.3885850
v 1.8560650 0.1000000 0.3560650
v 1.7500000 0.1000000 0.2500000
v 1.7500000 0.1000000 0.4000000
v 1.8074050 0.1000000 0.3885850
v 1.7500000 0.1000000 0.2500000
v 1.6925950 0.1000000 0.3885850
v 1.7500000 0.1000000 0.4000000
v 1.7500000 0.1000000 0.2500000
v 1.6439350 0.1000000 0.3560650
v 1.6925950 0.1000000 0.3885850
v 1.7500000 0.1000000 0.2500000
v 1.6114150 0.1000000 0.3074050
v 1.6439350 0.1000000 0.3560650
v 1.7500000 0.1000000 0.2500000
v 1.6000000 0.1000000 0.2500000
v 1.6114150 0.1000000 0.3074050
v 1.7500000 0.1000000 0.2500000
v 1.6114150 0.1000000 0.1925950
v 1.6000000 0.1000000 0.2500000
v 1.7500000 0.1000000 0.2500000
v 1.6439350 0.1000000 0.1439350
v 1.6114150 0.1000000 0.1925950
v 1.7500000 0.1000000 0.2500000
v 1.6925950 0.1000000 0.1114150
v 1.6439350 0.1000000 0.1439350
v 1.7500000 0.1000000 0.2500000
v 1.7500000 0.1000000 0.1000000
v 1.6925950 0.1000000 0.1114150
v 1.7500000 0.1000000 0.2500000
v 1.8074050 0.1000000 0.1114150
v 1.7500000 0.1000000 0.1000000
v 1.7500000 0.1000000 0.2500000
v 1.8560650 0.1000000 0.1439350
v 1.8074050 0.1000000 0.1114150
v 1.7500000 0.1000000 0.2500000
v 1.8885850 0.1000000 0.1925950
v 1.8560650 0.1000000 0.1439350
v 1.7500000 0.1000000 0.2500000
v 1.9000000 0.1000000 0.2500000
v 1.8885850 0.1000000 0.1925950
v 1.7500000 0.1000000 0.2500000
v 1.4000000 0.1000000 0.2500000
v 1.3885850 0.1000000 0.3074050
v 1.3885850 -0.0000000 0.3074050
v 1.4000000 -0.0000000 0.2500000
v 1.3885850 0.1000000 0.3074050
v 1.3560650 0.1000000 0.3560650
v 1.3560650 -0.0000000 0.3560650
v 1.3885850 -0.0000000 0.3074050
v 1.3560650 0.1000000 0.3560650
v 1.3074050 0.1000000 0.3885850
v 1.3074050 -0.0000000 0.3885850
v 1.3560650 -0.0000000 0.3560650
v 1.3074050 0.1000000 0.3885850
v 1.2500000 0.1000000 0.4000000
v 1.2500000 -0.0000000 0.4000000
v 1.3074050 -0.0000000 0.3885850
v 1.2500000 0.1000000 0.4000000
v 1.1925950 0.1000000 0.3885850
v 1.1925950 -0.0000000 0.3885850
v 1.2500000 -0.0000000 0.4000000
v 1.1925950 0.1000000 0.3885850
v 1.1439350 0.1000000 0.3560650
v 1.1439350 -0.0000000 0.3560650
v 1.1925950 -0.0000000 0.3885850
v 1.1439350 0.1000000 0.3560650
v 1.1114150 0.1000000 0.3074050
v 1.1114150 -0.0000000 0.3074050
v 1.1439350 -0.0000000 0.3560650
v 1.1114150 0.1000000 0.3074050
v 1.1000000 0.1000000 0.2500000
v 1.1000000 -0.0000000 0.2500000
v 1.1114150 -0.0000000 0.3074050
v 1.1000000 0.1000000 0.2500000
v 1.1114150 0.1000000 0.1925950
v 1.1114150 -0.0000000 0.1925950
v 1.1000000 -0.0000000 0.2500000
v 1.1114150 0.1000000 0.1925950
v 1.1439350 0.1000000 0.1439350
v 1.1439350 -0.0000000 0.1439350
v 1.1114150 -0.0000000 0.1925950
v 1.1439350 0.1000000 0.1439350
v 1.1925950 0.1000000 0.1114150
v 1.1925950 -0.0000000 0.1114150
v 1.1439350 -0.0000000 0.1439350
v 1.1925950 0.1000000 0.1114150
v 1.2500000 0.1000000 0.1000000
v 1.2500000 -0.0000000 0.1000000
v 1.1925950 -0.0000000 0.1114150
v 1.2500000 0.1000000 0.1000000
v 1.3074050 0.1000000 0.1114150
v 1.3074050 -0.0000000 0.1114150
v 1.2500000 -0.0000000 0.1000000
v 1.3074050 0.1000000 0.1114150
v 1.3560650 0.1000000 0.1439350
v 1.3560650 -0.0000000 0.1439350
v 1.3074050 -0.0000000 0.1114150
v 1.3560650 0.1000000 0.1439350
v 1.3885850 0.1000000 0.1925950
v 1.3885850 -0.0000000 0.1925950
v 1.3560650 -0.0000000 0.1439350
v 1.3885850 0.1000000 0.1925950
v 1.4000000 0.1000000 0.2500000
v 1.4000000 -0.0000000 0.2500000
v 1.3885850 -0.0000000 0.1925950
v 1.3885850 0.1000000 0.3074050
v 1.4000000 0.1000000 0.2500000
v 1.2500000 0.1000000 0.2500000
v 1.3560650 0.1000000 0.3560650
v 1.3885850 0.1000000 0.3074050
v 1.2500000 0.1000000 0.2500000
v 1.3074050 0.1000000 0.3885850
v 1.3560650 0.1000000 0.3560650
v 1.2500000 0.1000000 0.2500000
v 1.2500000 0.1000000 0.4000000
v 1.3074050 0.1000000 0.3885850
v 1.2500000 0.1000000 0.2500000
v 1.1925950 0.1000000 0.3885850
v 1.2500000 0.1000000 0.4000000
v 1.2500000 0.1000000 0.2500000
v 1.1439350 0.1000000 0.3560650
v 1.1925950 0.1000000 0.3885850
v 1.2500000 0.1000000 0.2500000
v 1.1114150 0.1000000 0.3074050
v 1.1439350 0.1000000 0.3560650
v 1.2500000 0.1000000 0.2500000
v 1.1000000 0.1000000 0.2500000
v 1.1114150 0.1000000 0.3074050
v 1.2500000 0.1000000 0.2500000
v 1.1114150 0.1000000 0.1925950
v 1.1000000 0.1000000 0.2500000
v 1.2500000 0.1000000 0.2500000
v 1.1439350 0.1000000 0.1439350
v 1.1114150 0.1000000 0.1925950
v 1.2500000 0.1000000 0.2500000
v 1.1925950 0.1000000 0.1114150
v 1.1439350 0.1000000 0.1439350
v 1.2500000 0.1000000 0.2500000
v 1.2500000 0.1000000 0.1000000
v 1.1925950 0.1000000 0.1114150
v 1.2500000 0.1000000 0.2500000
v 1.3074050 0.1000000 0.1114150
v 1.2500000 0.1000000 0.1000000
v 1.2500000 0.1000000 0.2500000
v 1.3560650 0.1000000 0.1439350
v 1.3074050 0.1000000 0.1114150
v 1.2500000 0.1000000 0.2500000
v 1.3885850 0.1000000 0.1925950
v 1.3560650 0.1000000 0.1439350
v 1.2500000 0.1000000 0.2500000
v 1.4000000 0.1000000 0.2500000
v 1.3885850 0.1000000 0.1925950
v 1.2500000 0.1000000 0.2500000
v 0.9000000 0.1000000 0.2500000
v 0.8885850 0.1000000 0.3074050
v 0.8885850 -0.0000000 0.3074050
v 0.9000000 -0.0000000 0.2500000
v 0.8885850 0.1000000 0.3074050
v 0.8560650 0.1000000 0.3560650
v 0.8560650 -0.0000000 0.3560650
v 0.8885850 -0.0000000 0.3074050
v 0.8560650 0.1000000 0.3560650
v 0.8074050 0.1000000 0.3885850
v 0.8074050 -0.0000000 0.3885850
v 0.8560650 -0.0000000 0.3560650
v 0.8074050 0.1000000 0.3885850
v 0.7500000 0.1000000 0.4000000
v 0.7500000 -0.0000000 0.4000000
v 0.8074050 -0.0000000 0.3885850
v 0.7500000 0.1000000 0.4000000
v 0.6925950 0.1000000 0.3885850
v 0.6925950 -0.0000000 0.3885850
v 0.7500000 -0.0000000 0.4000000
v 0.6925950 0.1000000 0.3885850
v 0.6439350 0.1000000 0.3560650
v 0.6439350 -0.0000000 0.3560650
v 0.6925950 -0.0000000 0.3885850
v 0.6439350 0.1000000 0.3560650
v 0.6114150 0.1000000 0.3074050
v 0.6114150 -0.0000000 0.3074050
v 0.6439350 -0.0000000 0.3560650
v 0.6114150 0.1000000 0.3074050
v 0.6000000 0.1000000 0.2500000
v 0.6000000 -0.0000000 0.2500000
v 0.6114150 -0.0000000 0.3074050
v 0.6000000 0.1000000 0.2500000
v 0.6114150 0.1000000 0.1925950
v 0.6114150 -0.0000000 0.1925950
v 0.6000000 -0.0000000 0.2500000
v 0.6114150 0.1000000 0.1925950
v 0.6439350 0.1000000 0.1439350
v 0.6439350 -0.0000000 0.1439350
v 0.6114150 -0.0000000 0.1925950
v 0.6439350 0.1000000 0.1439350
v 0.6925950 0.1000000 0.1114150
v 0.6925950 -0.0000000 0.1114150
v 0.6439350 -0.0000000 0.1439350
v 0.6925950 0.1000000 0.1114150
v 0.7500000 0.1000000 0.1000000
v 0.7500000 -0.0000000 0.1000000
v 0.6925950 -0.0000000 0.1114150
v 0.7500000 0.1000000 0.1000000
v 0.8074050 0.1000000 0.1114150
v 0.8074050 -0.0000000 0.1114150
v 0.7500000 -0.0000000 0.1000000
v 0.8074050 0.1000000 0.1114150
v 0.8560650 0.1000000 0.1439350
v 0.8560650 -0.0000000 0.1439350
v 0.8074050 -0.0000000 0.1114150
v 0.8560650 0.1000000 0.1439350
v 0.8885850 0.1000000 0.1925950
v 0.8885850 -0.0000000 0.1925950
v 0.8560650 -0.0000000 0.1439350
v 0.8885850 0.1000000 0.1925950
v 0.9000000 0.1000000 0.2500000
v 0.9000000 -0.0000000 0.2500000
v 0.8885850 -0.0000000 0.1925950
v 0.8885850 0.1000000 0.3074050
v 0.9000000 0.1000000 0.2500000
v 0.7500000 0.1000000 0.2500000
v 0.8560650 0.1000000 0.3560650
v 0.8885850 0.1000000 0.3074050
v 0.7500000 0.1000000 0.2500000
v 0.8074050 0.1000000 0.3885850
v 0.8560650 0.1000000 0.3560650
v 0.7500000 0.1000000 0.2500000
v 0.7500000 0.1000000 0.4000000
v 0.8074050 0.1000000 0.3885850
v 0.7500000 0.1000000 0.2500000
v 0.6925950 0.1000000 0.3885850
v 0.7500000 0.1000000 0.4000000
v 0.7500000 0.1000000 0.2500000
v 0.6439350 0.1000000 0.3560650
v 0.6925950 0.1000000 0.3885850
v 0.7500000 0.1000000 0.2500000
v 0.6114150 0.1000000 0.3074050
v 0.6439350 0.1000000 0.3560650
v 0.7500000 0.1000000 0.2500000
v 0.6000000 0.1000000 0.2500000
v 0.6114150 0.1000000 0.3074050
v 0.7500000 0.1000000 0.2500000
v 0.6114150 0.1000000 0.1925950
v 0.6000000 0.1000000 0.2500000
v 0.7500000 0.1000000 0.2500000
v 0.6439350 0.1000000 0.1439350
v 0.6114150 0.1000000 0.1925950
v 0.7500000 0.1000000 0.2500000
v 0.6925950 0.1000000 0.1114150
v 0.6439350 0.1000000 0.1439350
v 0.7500000 0.1000000 0.2500000
v 0.7500000 0.1000000 0.1000000
v 0.6925950 0.1000000 0.1114150
v 0.7500000 0.1000000 0.2500000
v 0.8074050 0.1000000 0.1114150
v 0.7500000 0.1000000 0.1000000
v 0.7500000 0.1000000 0.2500000
v 0.8560650 0.1000000 0.1439350
v 0.8074050 0.1000000 0.1114150
v 0.7500000 0.1000000 0.2500000
v 0.8885850 0.1000000 0.1925950
v 0.8560650 0.1000000 0.1439350
v 0.7500000 0.1000000 0.2500000
v 0.9000000 0.1000000 0.2500000
v 0.8885850 0.1000000 0.1925950
v 0.7500000 0.1000000 0.2500000
v 0.4000000 0.1000000 0.2500000
v 0.3885850 0.1000000 0.3074050
v 0.3885850 -0.0000000 0.3074050
v 0.4000000 -0.0000000 0.2500000
v 0.3885850 0.1000000 0.3074050
v 0.3560650 0.1000000 0.3560650
v 0.3560650 -0.0000000 0.3560650
v 0.3885850 -0.0000000 0.3074050
v 0.3560650 0.1000000 0.3560650
v 0.3074050 0.1000000 0.3885850
v 0.3074050 -0.0000000 0.3885850
v 0.3560650 -0.0000000 0.3560650
v 0.3074050 0.1000000 0.3885850
v 0.2500000 0.1000000 0.4000000
v 0.2500000 -0.0000000 0.4000000
v 0.3074050 -0.0000000 0.3885850
v 0.2500000 0.1000000 0.4000000
v 0.1925950 0.1000000 0.3885850
v 0.1925950 -0.0000000 0.3885850
v 0.2500000 -0.0000000 0.4000000
v 0.1925950 0.1000000 0.3885850
v 0.1439350 0.1000000 0.3560650
v 0.1439350 -0.0000000 0.3560650
v 0.1925950 -0.0000000 0.3885850
v 0.1439350 0.1000000 0.3560650
v 0.1114150 0.1000000 0.3074050
v 0.1114150 -0.0000000 0.3074050
v 0.1439350 -0.0000000 0.3560650
v 0.1114150 0.1000000 0.3074050
v 0.1000000 0.1000000 0.2500000
v 0.1000000 -0.0000000 0.2500000
v 0.1114150 -0.0000000 0.3074050
v 0.1000000 0.1000000 0.2500000
v 0.1114150 0.1000000 0.1925950
v 0.1114150 -0.0000000 0.1925950
v 0.1000000 -0.0000000 0.2500000
v 0.1114150 0.1000000 0.1925950
v 0.1439350 0.1000000 0.1439350
v 0.1439350 -0.0000000 0.1439350
v 0.1114150 -0.0000000 0.1925950
v 0.1439350 0.1000000 0.1439350
v 0.1925950 0.1000000 0.1114150
v 0.1925950 -0.0000000 0.1114150
v 0.1439350 -0.0000000 0.1439350
v 0.1925950 0.1000000 0.1114150
v 0.2500000 0.1000000 0.1000000
v 0.2500000 -0.0000000 0.1000000
v 0.1925950 -0.0000000 0.1114150
v 0.2500000 0.1000000 0.1000000
v 0.3074050 0.1000000 0.1114150
v 0.3074050 -0.0000000 0.1114150
v 0.2500000 -0.0000000 0.1000000
v 0.3074050 0.1000000 0.1114150
v 0.3560650 0.1000000 0.1439350
v 0.3560650 -0.0000000 0.1439350
v 0.3074050 -0.0000000 0.1114150
v 0.3560650 0.1000000 0.1439350
v 0.3885850 0.1000000 0.1925950
v 0.3885850 -0.0000000 0.1925950
v 0.3560650 -0.0000000 0.1439350
v 0.3885850 0.1000000 0.1925950
v 0.4000000 0.1000000 0.2500000
v 0.4000000 -0.0000000 0.2500000
v 0.3885850 -0.0000000 0.1925950
v 0.3885850 0.1000000 0.3074050
v 0.4000000 0.1000000 0.2500000
v 0.2500000 0.1000000 0.2500000
v 0.3560650 0.1000000 0.3560650
v 0.3885850 0.1000000 0.3074050
v 0.2500000 0.1000000 0.2500000
v 0.3074050 0.1000000 0.3885850
v 0.3560650 0.1000000 0.3560650
v 0.2500000 0.1000000 0.2500000
v 0.2500000 0.1000000 0.4000000
v 0.3074050 0.1000000 0.3885850
v 0.2500000 0.1000000 0.2500000
v 0.1925950 0.1000000 0.3885850
v 0.2500000 0.1000000 0.4000000
v 0.2500000 0.1000000 0.2500000
v 0.1439350 0.1000000 0.3560650
v 0.1925950 0.1000000 0.3885850
v 0.2500000 0.1000000 0.2500000
v 0.1114150 0.1000000 0.3074050
v 0.1439350 0.1000000 0.3560650
v 0.2500000 0.1000000 0.2500000
v 0.1000000 0.1000000 0.2500000
v 0.1114150 0.1000000 0.3074050
v 0.2500000 0.1000000 0.2500000
v 0.1114150 0.1000000 0.1925950
v 0.1000000 0.1000000 0.2500000
v 0.2500000 0.1000000 0.2500000
v 0.1439350 0.1000000 0.1439350
v 0.1114150 0.1000000 0.1925950
v 0.2500000 0.1000000 0.2500000
v 0.1925950 0.1000000 0.1114150
v 0.1439350 0.1000000 0.1439350
v 0.2500000 0.1000000 0.2500000
v 0.2500000 0.1000000 0.1000000
v 0.1925950 0.1000000 0.1114150
v 0.2500000 0.1000000 0.2500000
v 0.3074050 0.1000000 0.1114150
v 0.2500000 0.1000000 0.1000000
v 0.2500000 0.1000000 0.2500000
v 0.3560650 0.1000000 0.1439350
v 0.3074050 0.1000000 0.1114150
v 0.2500000 0.1000000 0.2500000
v 0.3885850 0.1000000 0.1925950
v 0.3560650 0.1000000 0.1439350
v 0.2500000 0.1000000 0.2500000
v 0.4000000 0.1000000 0.2500000
v 0.3885850 0.1000000 0.1925950
v 0.2500000 0.1000000 0.2500000
v -0.1000000 0.1000000 0.2500000
v -0.1114150 0.1000000 0.3074050
v -0.1114150 -0.0000000 0.3074050
v -0.1000000 -0.0000000 0.2500000
v -0.1114150 0.1000000 0.3074050
v -0.1439350 0.1000000 0.3560650
v -0.1439350 -0.0000000 0.3560650
v -0.1114150 -0.0000000 0.3074050
v -0.1439350 0.1000000 0.3560650
v -0.1925950 0.1000000 0.3885850
v -0.1925950 -0.0000000 0.3885850
v -0.1439350 -0.0000000 0.3560650
v -0.1925950 0.1000000 0.3885850
v -0.2500000 0.1000000 0.4000000
v -0.2500000 -0.0000000 0.4000000
v -0.1925950 -0.0000000 0.3885850
v -0.2500000 0.1000000 0.4000000
v -0.3074050 0.1000000 0.3885850
v -0.3074050 -0.0000000 0.3885850
v -0.2500000 -0.0000000 0.4000000
v -0.3074050 0.1000000 0.3885850
v -0.3560650 0.1000000 0.3560650
v -0.3560650 -0.0000000 0.3560650
v -0.3074050 -0.0000000 0.3885850
v -0.3560650 0.1000000 0.3560650
v -0.3885850 0.1000000 0.3074050
v -0.3885850 -0.0000000 0.3074050
v -0.3560650 -0.0000000 0.3560650
v -0.3885850 0.1000000 0.3074050
v -0.4000000 0.1000000 0.2500000
v -0.4000000 -0.0000000 0.2500000
v -0.3885850 -0.0000000 0.3074050
v -0.4000000 0.1000000 0.2500000
v -0.3885850 0.1000000 0.1925950
v -0.3885850 -0.0000000 0.1925950
v -0.4000000 -0.0000000 0.2500000
v -0.3885850 0.1000000 0.1925950
v -0.3560650 0.1000000 0.1439350
v -0.3560650 -0.0000000 0.1439350
v -0.3885850 -0.0000000 0.1925950
v -0.3560650 0.1000000 0.1439350
v -0.3074050 0.1000000 0.1114150
v -0.3074050 -0.0000000 0.1114150
v -0.3560650 -0.0000000 0.1439350
v -0.3074050 0.1000000 0.1114150
v -0.2500000 0.1000000 0.1000000
v -0.2500000 -0.0000000 0.1000000
v -0.3074050 -0.0000000 0.1114150
v -0.2500000 0.1000000 0.1000000
v -0.1925950 0.1000000 0.1114150
v -0.1925950 -0.0000000 0.1114150
v -0.2500000 -0.0000000 0.1000000
v -0.1925950 0.1000000 0.1114150
v -0.1439350 0.1000000 0.1439350
v -0.1439350 -0.0000000 0.1439350
v -0.1925950 -0.0000000 0.1114150
v -0.1439350 0.1000000 0.1439350
v -0.1114150 0.1000000 0.1925950
v -0.1114150 -0.0000000 0.1925950
v -0.1439350 -0.0000000 0.1439350
v -0.1114150 0.1000000 0.1925950
v -0.1000000 0.1000000 0.2500000
v -0.1000000 -0.0000000 0.2500000
v -0.1114150 -0.0000000 0.1925950
v -0.1114150 0.1000000 0.3074050
v -0.1000000 0.1000000 0.2500000
v -0.2500000 0.1000000 0.2500000
v -0.1439350 0.1000000 0.3560650
v -0.1114150 0.1000000 0.3074050
v -0.2500000 0.1000000 0.2500000
v -0.1925950 0.1000000 0.3885850
v -0.1439350 0.1000000 0.3560650
v -0.2500000 0.1000000 0.2500000
v -0.2500000 0.1000000 0.4000000
v -0.1925950 0.1000000 0.3885850
v -0.2500000 0.1000000 0.2500000
v -0.3074050 0.1000000 0.3885850
v -0.2500000 0.1000000 0.4000000
v -0.2500000 0.1000000 0.2500000
v -0.3560650 0.1000000 0.3560650
v -0.3074050 0.1000000 0.3885850
v -0.2500000 0.1000000 0.2500000
v -0.3885850 0.1000000 0.3074050
v -0.3560650 0.1000000 0.3560650
v -0.2500000 0.1000000 0.2500000
v -0.4000000 0.1000000 0.2500000
v -0.3885850 0.1000000 0.3074050
v -0.2500000 0.1000000 0.2500000
v -0.3885850 0.1000000 0.1925950
v -0.4000000 0.1000000 0.2500000
v -0.2500000 0.1000000 0.2500000
v -0.3560650 0.1000000 0.1439350
v -0.3885850 0.1000000 0.1925950
v -0.2500000 0.1000000 0.2500000
v -0.3074050 0.1000000 0.1114150
v -0.3560650 0.1000000 0.1439350
v -0.2500000 0.1000000 0.2500000
v -0.2500000 0.1000000 0.1000000
v -0.3074050 0.1000000 0.1114150
v -0.2500000 0.1000000 0.2500000
v -0.1925950 0.1000000 0.1114150
v -0.2500000 0.1000000 0.1000000
v -0.2500000 0.1000000 0.2500000
v -0.1439350 0.1000000 0.1439350
v -0.1925950 0.1000000 0.1114150
v -0.2500000 0.1000000 0.2500000
v -0.1114150 0.1000000 0.1925950
v -0.1439350 0.1000000 0.1439350
v -0.2500000 0.1000000 0.2500000
v -0.1000000 0.1000000 0.2500000
v -0.1114150 0.1000000 0.1925950
v -0.2500000 0.1000000 0.2500000
v -0.6000000 0.1000000 0.2500000
v -0.6114150 0.1000000 0.3074050
v -0.6114150 -0.0000000 0.3074050
v -0.6000000 -0.0000000 0.2500000
v -0.6114150 0.1000000 0.3074050
v -0.6439350 0.1000000 0.3560650
v -0.6439350 -0.0000000 0.3560650
v -0.6114150 -0.0000000 0.3074050
v -0.6439350 0.1000000 0.3560650
v -0.6925950 0.1000000 0.3885850
v -0.6925950 -0.0000000 0.3885850
v -0.6439350 -0.0000000 0.3560650
v -0.6925950 0.1000000 0.3885850
v -0.7500000 0.1000000 0.4000000
v -0.7500000 -0.0000000 0.4000000
v -0.6925950 -0.0000000 0.3885850
v -0.7500000 0.1000000 0.4000000
v -0.8074050 0.1000000 0.3885850
v -0.8074050 -0.0000000 0.3885850
v -0.7500000 -0.0000000 0.4000000
v -0.8074050 0.1000000 0.3885850
v -0.8560650 0.1000000 0.3560650
v -0.8560650 -0.0000000 0.3560650
v -0.8074050 -0.0000000 0.3885850
v -0.8560650 0.1000000 0.3560650
v -0.8885850 0.1000000 0.3074050
v -0.8885850 -0.0000000 0.3074050
v -0.8560650 -0.0000000 0.3560650
v -0.8885850 0.1000000 0.3074050
v -0.9000000 0.1000000 0.2500000
v -0.9000000 -0.0000000 0.2500000
v -0.8885850 -0.0000000 0.3074050
v -0.9000000 0.1000000 0.2500000
v -0.8885850 0.1000000 0.1925950
v -0.8885850 -0.0000000 0.1925950
v -0.9000000 -0.0000000 0.2500000
v -0.8885850 0.1000000 0.1925950
v -0.8560650 0.1000000 0.1439350
v -0.8560650 -0.0000000 0.1439350
v -0.8885850 -0.0000000 0.1925950
v -0.8560650 0.1000000 0.1439350
v -0.8074050 0.1000000 0.1114150
v -0.8074050 -0.0000000 0.1114150
v -0.8560650 -0.0000000 0.1439350
v -0.8074050 0.1000000 0.1114150
v -0.7500000 0.1000000 0.1000000
v -0.7500000 -0.0000000 0.1000000
v -0.8074050 -0.0000000 0.1114150
v -0.7500000 0.1000000 0.1000000
v -0.6925950 0.1000000 0.1114150
v -0.6925950 -0.0000000 0.1114150
v -0.7500000 -0.0000000 0.1000000
v -0.6925950 0.1000000 0.1114150
v -0.6439350 0.1000000 0.1439350
v -0.6439350 -0.0000000 0.1439350
v -0.6925950 -0.0000000 0.1114150
v -0.6439350 0.1000000 0.1439350
v -0.6114150 0.1000000 0.1925950
v -0.6114150 -0.0000000 0.1925950
v -0.6439350 -0.0000000 0.1439350
v -0.6114150 0.1000000 0.1925950
v -0.6000000 0.1000000 0.2500000
v -0.6000000 -0.0000000 0.2500000
v -0.6114150 -0.0000000 0.1925950
v -0.6114150 0.1000000 0.3074050
v -0.6000000 0.1000000 0.2500000
v -0.7500000 0.1000000 0.2500000
v -0.6439350 0.1000000 0.3560650
v -0.6114150 0.1000000 0.3074050
v -0.7500000 0.1000000 0.2500000
v -0.6925950 0.1000000 0.3885850
v -0.6439350 0.1000000 0.3560650
v -0.7500000 0.1000000 0.2500000
v -0.7500000 0.1000000 0.4000000
v -0.6925950 0.1000000 0.3885850
v -0.7500000 0.1000000 0.2500000
v -0.8074050 0.1000000 0.3885850
v -0.7500000 0.1000000 0.4000000
v -0.7500000 0.1000000 0.2500000
v -0.8560650 0.1000000 0.3560650
v -0.8074050 0.1000000 0.3885850
v -0.7500000 0.1000000 0.2500000
v -0.8885850 0.1000000 0.3074050
v -0.8560650 0.1000000 0.3560650
v -0.7500000 0.1000000 0.2500000
v -0.9000000 0.1000000 0.2500000
v -0.8885850 0.1000000 0.3074050
v -0.7500000 0.1000000 0.2500000
v -0.8885850 0.1000000 0.1925950
v -0.9000000 0.1000000 0.2500000
v -0.7500000 0.1000000 0.2500000
v -0.8560650 0.1000000 0.1439350
v -0.8885850 0.1000000 0.1925950
v -0.7500000 0.1000000 0.2500000
v -0.8074050 0.1000000 0.1114150
v -0.8560650 0.1000000 0.1439350
v -0.7500000 0.1000000 0.2500000
v -0.7500000 0.1000000 0.1000000
v -0.8074050 0.1000000 0.1114150
v -0.7500000 0.1000000 0.2500000
v -0.6925950 0.1000000 0.1114150
v -0.7500000 0.1000000 0.1000000
v -0.7500000 0.1000000 0.2500000
v -0.6439350 0.1000000 0.1439350
v -0.6925950 0.1000000 0.1114150
v -0.7500000 0.1000000 0.2500000
v -0.6114150 0.1000000 0.1925950
v -0.6439350 0.1000000 0.1439350
v -0.7500000 0.1000000 0.2500000
v -0.6000000 0.1000000 0.2500000
v -0.6114150 0.1000000 0.1925950
v -0.7500000 0.1000000 0.2500000
v -1.1000000 0.1000000 0.2500000
v -1.1114150 0.1000000 0.3074050
v -1.1114150 -0.0000000 0.3074050
v -1.1000000 -0.0000000 0.2500000
v -1.1114150 0.1000000 0.3074050
v -1.1439350 0.1000000 0.3560650
v -1.1439350 -0.0000000 0.3560650
v -1.1114150 -0.0000000 0.3074050
v -1.1439350 0.1000000 0.3560650
v -1.1925950 0.1000000 0.3885850
v -1.1925950 -0.0000000 0.3885850
v -1.1439350 -0.0000000 0.3560650
v -1.1925950 0.1000000 0.3885850
v -1.2500000 0.1000000 0.4000000
v -1.2500000 -0.0000000 0.4000000
v -1.1925950 -0.0000000 0.3885850
v -1.2500000 0.1000000 0.4000000
v -1.3074050 0.1000000 0.3885850
v -1.3074050 -0.0000000 0.3885850
v -1.2500000 -0.0000000 0.4000000
v -1.3074050 0.1000000 0.3885850
v -1.3560650 0.1000000 0.3560650
v -1.3560650 -0.0000000 0.3560650
v -1.3074050 -0.0000000 0.3885850
v -1.3560650 0.1000000 0.3560650
v -1.3885850 0.1000000 0.3074050
v -1.3885850 -0.0000000 0.3074050
v -1.3560650 -0.0000000 0.3560650
v -1.3885850 0.1000000 0.3074050
v -1.4000000 0.1000000 0.2500000
v -1.4000000 -0.0000000 0.2500000
v -1.3885850 -0.0000000 0.3074050
v -1.4000000 0.1000000 0.2500000
v -1.3885850 0.1000000 0.1925950
v -1.3885850 -0.0000000 0.1925950
v -1.4000000 -0.0000000 0.2500000
v -1.3885850 0.1000000 0.1925950
v -1.3560650 0.1000000 0.1439350
v -1.3560650 -0.0000000 0.1439350
v -1.3885850 -0.0000000 0.1925950
v -1.3560650 0.1000000 0.1439350
v -1.3074050 0.1000000 0.1114150
v -1.3074050 -0.0000000 0.1114150
v -1.3560650 -0.0000000 0.1439350
v -1.3074050 0.1000000 0.1114150
v -1.2500000 0.1000000 0.1000000
v -1.2500000 -0.0000000 0.1000000
v -1.3074050 -0.0000000 0.1114150
v -1.2500000 0.1000000 0.1000000
v -1.1925950 0.1000000 0.1114150
v -1.1925950 -0.0000000 0.1114150
v -1.2500000 -0.0000000 0.1000000
v -1.1925950 0.1000000 0.1114150
v -1.1439350 0.1000000 0.1439350
v -1.1439350 -0.0000000 0.1439350
v -1.1925950 -0.0000000 0.1114150
v -1.1439350 0.1000000 0.1439350
v -1.1114150 0.1000000 0.1925950
v -1.1114150 -0.0000000 0.1925950
v -1.1439350 -0.0000000 0.1439350
v -1.1114150 0.1000000 0.1925950
v -1.1000000 0.1000000 0.2500000
v -1.1000000 -0.0000000 0.2500000
v -1.1114150 -0.0000000 0.1925950
v -1.1114150 0.1000000 0.3074050
v -1.1000000 0.1000000 0.2500000
v -1.2500000 0.1000000 0.2500000
v -1.1439350 0.1000000 0.3560650
v -1.1114150 0.1000000 0.3074050
v -1.2500000 0.1000000 0.2500000
v -1.1925950 0.1000000 0.3885850
v -1.1439350 0.1000000 0.3560650
v -1.2500000 0.1000000 0.2500000
v -1.2500000 0.1000000 0.4000000
v -1.1925950 0.1000000 0.3885850
v -1.2500000 0.1000000 0.2500000
v -1.3074050 0.1000000 0.3885850
v -1.2500000 0.1000000 0.4000000
v -1.2500000 0.1000000 0.2500000
v -1.3560650 0.1000000 0.3560650
v -1.3074050 0.1000000 0.3885850
v -1.2500000 0.1000000 0.2500000
v -1.3885850 0.1000000 0.3074050
v -1.3560650 0.1000000 0.3560650
v -1.2500000 0.1000000 0.2500000
v -1.4000000 0.1000000 0.2500000
v -1.3885850 0.1000000 0.3074050
v -1.2500000 0.1000000 0.2500000
v -1.3885850 0.1000000 0.1925950
v -1.4000000 0.1000000 0.2500000
v -1.2500000 0.1000000 0.2500000
v -1.3560650 0.1000000 0.1439350
v -1.3885850 0.1000000 0.1925950
v -1.2500000 0.1000000 0.2500000
v -1.3074050 0.1000000 0.1114150
v -1.3560650 0.1000000 0.1439350
v -1.2500000 0.1000000 0.2500000
v -1.2500000 0.1000000 0.1000000
v -1.3074050 0.1000000 0.1114150
v -1.2500000 0.1000000 0.2500000
v -1.1925950 0.1000000 0.1114150
v -1.2500000 0.1000000 0.1000000
v -1.2500000 0.1000000 0.2500000
v -1.1439350 0.1000000 0.1439350
v -1.1925950 0.1000000 0.1114150
v -1.2500000 0.1000000 0.2500000
v -1.1114150 0.1000000 0.1925950
v -1.1439350 0.1000000 0.1439350
v -1.2500000 0.1000000 0.2500000
v -1.1000000 0.1000000 0.2500000
v -1.1114150 0.1000000 0.1925950
v -1.2500000 0.1000000 0.2500000
v -1.6000000 0.1000000 0.2500000
v -1.6114150 0.1000000 0.3074050
v -1.6114150 -0.0000000 0.3074050
v -1.6000000 -0.0000000 0.2500000
v -1.6114150 0.1000000 0.3074050
v -1.6439350 0.1000000 0.3560650
v -1.6439350 -0.0000000 0.3560650
v -1.6114150 -0.0000000 0.3074050
v -1.6439350 0.1000000 0.3560650
v -1.6925950 0.1000000 0.3885850
v -1.6925950 -0.0000000 0.3885850
v -1.6439350 -0.0000000 0.3560650
v -1.6925950 0.1000000 0.3885850
v -1.7500000 0.1000000 0.4000000
v -1.7500000 -0.0000000 0.4000000
v -1.6925950 -0.0000000 0.3885850
v -1.7500000 0.1000000 0.4000000
v -1.8074050 0.1000000 0.3885850
v -1.8074050 -0.0000000 0.3885850
v -1.7500000 -0.0000000 0.4000000
v -1.8074050 0.1000000 0.3885850
v -1.8560650 0.1000000 0.3560650
v -1.8560650 -0.0000000 0.3560650
v -1.8074050 -0.0000000 0.3885850
v -1.8560650 0.1000000 0.3560650
v -1.8885850 0.1000000 0.3074050
v -1.8885850 -0.0000000 0.3074050
v -1.8560650 -0.0000000 0.3560650
v -1.8885850 0.1000000 0.3074050
v -1.9000000 0.1000000 0.2500000
v -1.9000000 -0.0000000 0.2500000
v -1.8885850 -0.0000000 0.3074050
v -1.9000000 0.1000000 0.2500000
v -1.8885850 0.1000000 0.1925950
v -1.8885850 -0.0000000 0.1925950
v -1.9000000 -0.0000000 0.2500000
v -1.8885850 0.1000000 0.1925950
v -1.8560650 0.1000000 0.1439350
v -1.8560650 -0.0000000 0.1439350
v -1.8885850 -0.0000000 0.1925950
v -1.8560650 0.1000000 0.1439350
v -1.8074050 0.1000000 0.1114150
v -1.8074050 -0.0000000 0.1114150
v -1.8560650 -0.0000000 0.1439350
v -1.8074050 0.1000000 0.1114150
v -1.7500000 0.1000000 0.1000000
v -1.7500000 -0.0000000 0.1000000
v -1.8074050 -0.0000000 0.1114150
v -1.7500000 0.1000000 0.1000000
v -1.6925950 0.1000000 0.1114150
v -1.6925950 -0.0000000 0.1114150
v -1.7500000 -0.0000000 0.1000000
v -1.6925950 0.1000000 0.1114150
v -1.6439350 0.1000000 0.1439350
v -1.6439350 -0.0000000 0.1439350
v -1.6925950 -0.0000000 0.1114150
v -1.6439350 0.1000000 0.1439350
v -1.6114150 0.1000000 0.1925950
v -1.6114150 -0.0000000 0.1925950
v -1.6439350 -0.0000000 0.1439350
v -1.6114150 0.1000000 0.1925950
v -1.6000000 0.1000000 0.2500000
v -1.6000000 -0.0000000 0.2500000
v -1.6114150 -0.0000000 0.1925950
v -1.6114150 0.1000000 0.3074050
v -1.6000000 0.1000000 0.2500000
v -1.7500000 0.1000000 0.2500000
v -1.6439350 0.1000000 0.3560650
v -1.6114150 0.1000000 0.3074050
v -1.7500000 0.1000000 0.2500000
v -1.6925950 0.1000000 0.3885850
v -1.6439350 0.1000000 0.3560650
v -1.7500000 0.1000000 0.2500000
v -1.7500000 0.1000000 0.4000000
v -1.6925950 0.1000000 0.3885850
v -1.7500000 0.1000000 0.2500000
v -1.8074050 0.1000000 0.3885850
v -1.7500000 0.1000000 0.4000000
v -1.7500000 0.1000000 0.2500000
v -1.8560650 0.1000000 0.3560650
v -1.8074050 0.1000000 0.3885850
v -1.7500000 0.1000000 0.2500000
v -1.8885850 0.1000000 0.3074050
v -1.8560650 0.1000000 0.3560650
v -1.7500000 0.1000000 0.2500000
v -1.9000000 0.1000000 0.2500000
v -1.8885850 0.1000000 0.3074050
v -1.7500000 0.1000000 0.2500000
v -1.8885850 0.1000000 0.1925950
v -1.9000000 0.1000000 0.2500000
v -1.7500000 0.1000000 0.2500000
v -1.8560650 0.1000000 0.1439350
v -1.8885850 0.1000000 0.1925950
v -1.7500000 0.1000000 0.2500000
v -1.8074050 0.1000000 0.1114150
v -1.8560650 0.1000000 0.1439350
v -1.7500000 0.1000000 0.2500000
v -1.7500000 0.1000000 0.1000000
v -1.8074050 0.1000000 0.1114150
v -1.7500000 0.1000000 0.2500000
v -1.6925950 0.1000000 0.1114150
v -1.7500000 0.1000000 0.1000000
v -1.7500000 0.1000000 0.2500000
v -1.6439350 0.1000000 0.1439350
v -1.6925950 0.1000000 0.1114150
v -1.7500000 0.1000000 0.2500000
v -1.6114150 0.1000000 0.1925950
v -1.6439350 0.1000000 0.1439350
v -1.7500000 0.1000000 0.2500000
v -1.6000000 0.1000000 0.2500000
v -1.6114150 0.1000000 0.1925950
v -1.7500000 0.1000000 0.2500000
v -2.1000000 0.1000000 0.2500000
v -2.1114150 0.1000000 0.3074050
v -2.1114150 -0.0000000 0.3074050
v -2.1000000 -0.0000000 0.2500000
v -2.1114150 0.1000000 0.3074050
v -2.1439350 0.1000000 0.3560650
v -2.1439350 -0.0000000 0.3560650
v -2.1114150 -0.0000000 0.3074050
v -2.1439350 0.1000000 0.3560650
v -2.1925950 0.1000000 0.3885850
v -2.1925950 -0.0000000 0.3885850
v -2.1439350 -0.0000000 0.3560650
v -2.1925950 0.1000000 0.3885850
v -2.2500000 0.1000000 0.4000000
v -2.2500000 -0.0000000 0.4000000
v -2.1925950 -0.0000000 0.3885850
v -2.2500000 0.1000000 0.4000000
v -2.3074050 0.1000000 0.3885850
v -2.3074050 -0.0000000 0.3885850
v -2.2500000 -0.0000000 0.4000000
v -2.3074050 0.1000000 0.3885850
v -2.3560650 0.1000000 0.3560650
v -2.3560650 -0.0000000 0.3560650
v -2.3074050 -0.0000000 0.3885850
v -2.3560650 0.1000000 0.3560650
v -2.3885850 0.1000000 0.3074050
v -2.3885850 -0.0000000 0.3074050
v -2.3560650 -0.0000000 0.3560650
v -2.3885850 0.1000000 0.3074050
v -2.4000000 0.1000000 0.2500000
v -2.4000000 -0.0000000 0.2500000
v -2.3885850 -0.0000000 0.3074050
v -2.4000000 0.1000000 0.2500000
v -2.3885850 0.1000000 0.1925950
v -2.3885850 -0.0000000 0.1925950
v -2.4000000 -0.0000000 0.2500000
v -2.3885850 0.1000000 0.1925950
v -2.3560650 0.1000000 0.1439350
v -2.3560650 -0.0000000 0.1439350
v -2.3885850 -0.0000000 0.1925950
v -2.3560650 0.1000000 0.1439350
v -2.3074050 0.1000000 0.1114150
v -2.3074050 -0.0000000 0.1114150
v -2.3560650 -0.0000000 0.1439350
v -2.3074050 0.1000000 0.1114150
v -2.2500000 0.1000000 0.1000000
v -2.2500000 -0.0000000 0.1000000
v -2.3074050 -0.0000000 0.1114150
v -2.2500000 0.1000000 0.1000000
v -2.1925950 0.1000000 0.1114150
v -2.1925950 -0.0000000 0.1114150
v -2.2500000 -0.0000000 0.1000000
v -2.1925950 0.1000000 0.1114150
v -2.1439350 0.1000000 0.1439350
v -2.1439350 -0.0000000 0.1439350
v -2.1925950 -0.0000000 0.1114150
v -2.1439350 0.1000000 0.1439350
v -2.1114150 0.1000000 0.1925950
v -2.1114150 -0.0000000 0.1925950
v -2.1439350 -0.0000000 0.1439350
v -2.1114150 0.1000000 0.1925950
v -2.1000000 0.1000000 0.2500000
v -2.1000000 -0.0000000 0.2500000
v -2.1114150 -0.0000000 0.1925950
v -2.1114150 0.1000000 0.3074050
v -2.1000000 0.1000000 0.2500000
v -2.2500000 0.1000000 0.2500000
v -2.1439350 0.1000000 0.3560650
v -2.1114150 0.1000000 0.3074050
v -2.2500000 0.1000000 0.2500000
v -2.1925950 0.1000000 0.3885850
v -2.1439350 0.1000000 0.3560650
v -2.2500000 0.1000000 0.2500000
v -2.2500000 0.1000000 0.4000000
v -2.1925950 0.1000000 0.3885850
v -2.2500000 0.1000000 0.2500000
v -2.3074050 0.1000000 0.3885850
v -2.2500000 0.1000000 0.4000000
v -2.2500000 0.1000000 0.2500000
v -2.3560650 0.1000000 0.3560650
v -2.3074050 0.1000000 0.3885850
v -2.2500000 0.1000000 0.2500000
v -2.3885850 0.1000000 0.3074050
v -2.3560650 0.1000000 0.3560650
v -2.2500000 0.1000000 0.2500000
v -2.4000000 0.1000000 0.2500000
v -2.3885850 0.1000000 0.3074050
v -2.2500000 0.1000000 0.2500000
v -2.3885850 0.1000000 0.1925950
v -2.4000000 0.1000000 0.2500000
v -2.2500000 0.1000000 0.2500000
v -2.3560650 0.1000000 0.1439350
v -2.3885850 0.1000000 0.1925950
v -2.2500000 0.1000000 0.2500000
v -2.3074050 0.1000000 0.1114150
v -2.3560650 0.1000000 0.1439350
v -2.2500000 0.1000000 0.2500000
v -2.2500000 0.1000000 0.1000000
v -2.3074050 0.1000000 0.1114150
v -2.2500000 0.1000000 0.2500000
v -2.1925950 0.1000000 0.1114150
v -2.2500000 0.1000000 0.1000000
v -2.2500000 0.1000000 0.2500000
v -2.1439350 0.1000000 0.1439350
v -2.1925950 0.1000000 0.1114150
v -2.2500000 0.1000000 0.2500000
v -2.1114150 0.1000000 0.1925950
v -2.1439350 0.1000000 0.1439350
v -2.2500000 0.1000000 0.2500000
v -2.1000000 0.1000000 0.2500000
v -2.1114150 0.1000000 0.1925950
v -2.2500000 0.1000000 0.2500000
v 2.4000000 0.1000000 -0.2500000
v 2.3885850 0.1000000 -0.1925950
v 2.3885850 -0.0000000 -0.1925950
v 2.4000000 -0.0000000 -0.2500000
v 2.3885850 0.1000000 -0.1925950
v 2.3560650 0.1000000 -0.1439350
v 2.3560650 -0.0000000 -0.1439350
v 2.3885850 -0.0000000 -0.1925950
v 2.3560650 0.1000000 -0.1439350
v 2.3074050 0.1000000 -0.1114150
v 2.3074050 -0.0000000 -0.1114150
v 2.3560650 -0.0000000 -0.1439350
v 2.3074050 0.1000000 -0.1114150
v 2.2500000 0.1000000 -0.1000000
v 2.2500000 -0.0000000 -0.1000000
v 2.3074050 -0.0000000 -0.1114150
v 2.2500000 0.1000000 -0.1000000
v 2.1925950 0.1000000 -0.1114150
v 2.1925950 -0.0000000 -0.1114150
v 2.2500000 -0.0000000 -0.1000000
v 2.1925950 0.1000000 -0.1114150
v 2.1439350 0.1000000 -0.1439350
v 2.1439350 -0.0000000 -0.1439350
v 2.1925950 -0.0000000 -0.1114150
v 2.1439350 0.1000000 -0.1439350
v 2.1114150 0.1000000 -0.1925950
v 2.1114150 -0.0000000 -0.1925950
v 2.1439350 -0.0000000 -0.1439350
v 2.1114150 0.1000000 -0.1925950
v 2.1000000 0.1000000 -0.2500000
v 2.1000000 -0.0000000 -0.2500000
v 2.1114150 -0.0000000 -0.1925950
v 2.1000000 0.1000000 -0.2500000
v 2.1114150 0.1000000 -0.3074050
v 2.1114150 -0.0000000 -0.3074050
v 2.1000000 -0.0000000 -0.2500000
v 2.1114150 0.1000000 -0.3074050
v 2.1439350 0.1000000 -0.3560650
v 2.1439350 -0.0000000 -0.3560650
v 2.1114150 -0.0000000 -0.3074050
v 2.1439350 0.1000000 -0.3560650
v 2.1925950 0.1000000 -0.3885850
v 2.1925950 -0.0000000 -0.3885850
v 2.1439350 -0.0000000 -0.3560650
v 2.1925950 0.1000000 -0.3885850
v 2.2500000 0.1000000 -0.4000000
v 2.2500000 -0.0000000 -0.4000000
v 2.1925950 -0.0000000 -0.3885850
v 2.2500000 0.1000000 -0.4000000
v 2.3074050 0.1000000 -0.3885850
v 2.3074050 -0.0000000 -0.3885850
v 2.2500000 -0.0000000 -0.4000000
v 2.3074050 0.1000000 -0.3885850
v 2.3560650 0.1000000 -0.3560650
v 2.3560650 -0.0000000 -0.3560650
v 2.3074050 -0.0000000 -0.3885850
v 2.3560650 0.1000000 -0.3560650
v 2.3885850 0.1000000 -0.3074050
v 2.3885850 -0.0000000 -0.3074050
v 2.3560650 -0.0000000 -0.3560650
v 2.3885850 0.1000000 -0.3074050
v 2.4000000 0.1000000 -0.2500000
v 2.4000000 -0.0000000 -0.2500000
v 2.3885850 -0.0000000 -0.3074050
v 2.3885850 0.1000000 -0.1925950
v 2.4000000 0.1000000 -0.2500000
v 2.2500000 0.1000000 -0.2500000
v 2.3560650 0.1000000 -0.1439350
v 2.3885850 0.1000000 -0.1925950
v 2.2500000 0.1000000 -0.2500000
v 2.3074050 0.1000000 -0.1114150
v 2.3560650 0.1000000 -0.1439350
v 2.2500000 0.1000000 -0.2500000
v 2.2500000 0.1000000 -0.1000000
v 2.3074050 0.1000000 -0.1114150
v 2.2500000 0.1000000 -0.2500000
v 2.1925950 0.1000000 -0.1114150
v 2.2500000 0.1000000 -0.1000000
v 2.2500000 0.1000000 -0.2500000
v 2.1439350 0.1000000 -0.1439350
v 2.1925950 0.1000000 -0.1114150
v 2.2500000 0.1000000 -0.2500000
v 2.1114150 0.1000000 -0.1925950
v 2.1439350 0.1000000 -0.1439350
v 2.2500000 0.1000000 -0.2500000
v 2.1000000 0.1000000 -0.2500000
v 2.1114150 0.1000000 -0.1925950
v 2.2500000 0.1000000 -0.2500000
v 2.1114150 0.1000000 -0.3074050
v 2.1000000 0.1000000 -0.2500000
v 2.2500000 0.1000000 -0.2500000
v 2.1439350 0.1000000 -0.3560650
v 2.1114150 0.1000000 -0.3074050
v 2.2500000 0.1000000 -0.2500000
v 2.1925950 0.1000000 -0.3885850
v 2.1439350 0.1000000 -0.3560650
v 2.2500000 0.1000000 -0.2500000
v 2.2500000 0.1000000 -0.4000000
v 2.1925950 0.1000000 -0.3885850
v 2.2500000 0.1000000 -0.2500000
v 2.3074050 0.1000000 -0.3885850
v 2.2500000 0.1000000 -0.4000000
v 2.2500000 0.1000000 -0.2500000
v 2.3560650 0.1000000 -0.3560650
v 2.3074050 0.1000000 -0.3885850
v 2.2500000 0.1000000 -0.2500000
v 2.3885850 0.1000000 -0.3074050
v 2.3560650 0.1000000 -0.3560650
v 2.2500000 0.1000000 -0.2500000
v 2.4000000 0.1000000 -0.2500000
v 2.3885850 0.1000000 -0.3074050
v 2.2500000 0.1000000 -0.2500000
v 1.9000000 0.1000000 -0.2500000
v 1.8885850 0.1000000 -0.1925950
v 1.8885850 -0.0000000 -0.1925950
v 1.9000000 -0.0000000 -0.2500000
v 1.8885850 0.1000000 -0.1925950
v 1.8560650 0.1000000 -0.1439350
v 1.8560650 -0.0000000 -0.1439350
v 1.8885850 -0.0000000 -0.1925950
v 1.8560650 0.1000000 -0.1439350
v 1.8074050 0.1000000 -0.1114150
v 1.8074050 -0.0000000 -0.1114150
v 1.8560650 -0.0000000 -0.1439350
v 1.8074050 0.1000000 -0.1114150
v 1.7500000 0.1000000 -0.1000000
v 1.7500000 -0.0000000 -0.1000000
v 1.8074050 -0.0000000 -0.1114150
v 1.7500000 0.1000000 -0.1000000
v 1.6925950 0.1000000 -0.1114150
v 1.6925950 -0.0000000 -0.1114150
v 1.7500000 -0.0000000 -0.1000000
v 1.6925950 0.1000000 -0.1114150
v 1.6439350 0.1000000 -0.1439350
v 1.6439350 -0.0000000 -0.1439350
v 1.6925950 -0.0000000 -0.1114150
v 1.6439350 0.1000000 -0.1439350
v 1.6114150 0.1000000 -0.1925950
v 1.6114150 -0.0000000 -0.1925950
v 1.6439350 -0.0000000 -0.1439350
v 1.6114150 0.1000000 -0.1925950
v 1.6000000 0.1000000 -0.2500000
v 1.6000000 -0.0000000 -0.2500000
v 1.6114150 -0.0000000 -0.1925950
v 1.6000000 0.1000000 -0.2500000
v 1.6114150 0.1000000 -0.3074050
v 1.6114150 -0.0000000 -0.3074050
v 1.6000000 -0.0000000 -0.2500000
v 1.6114150 0.1000000 -0.3074050
v 1.6439350 0.1000000 -0.3560650
v 1.6439350 -0.0000000 -0.3560650
v 1.6114150 -0.0000000 -0.3074050
v 1.6439350 0.1000000 -0.3560650
v 1.6925950 0.1000000 -0.3885850
v 1.6925950 -0.0000000 -0.3885850
v 1.6439350 -0.0000000 -0.3560650
v 1.6925950 0.1000000 -0.3885850
v 1.7500000 0.1000000 -0.4000000
v 1.7500000 -0.0000000 -0.4000000
v 1.6925950 -0.0000000 -0.3885850
v 1.7500000 0.1000000 -0.4000000
v 1.8074050 0.1000000 -0.3885850
v 1.8074050 -0.0000000 -0.3885850
v 1.7500000 -0.0000000 -0.4000000
v 1.8074050 0.1000000 -0.3885850
v 1.8560650 0.1000000 -0.3560650
v 1.8560650 -0.0000000 -0.3560650
v 1.8074050 -0.0000000 -0.3885850
v 1.8560650 0.1000000 -0.3560650
v 1.8885850 0.1000000 -0.3074050
v 1.8885850 -0.0000000 -0.3074050
v 1.8560650 -0.0000000 -0.3560650
v 1.8885850 0.1000000 -0.3074050
v 1.9000000 0.1000000 -0.2500000
v 1.9000000 -0.0000000 -0.2500000
v 1.8885850 -0.0000000 -0.3074050
v 1.8885850 0.1000000 -0.1925950
v 1.9000000 0.1000000 -0.2500000
v 1.7500000 0.1000000 -0.2500000
v 1.8560650 0.1000000 -0.1439350
v 1.8885850 0.1000000 -0.1925950
v 1.7500000 0.1000000 -0.2500000
v 1.8074050 0.1000000 -0.1114150
v 1.8560650 0.1000000 -0.1439350
v 1.7500000 0.1000000 -0.2500000
v 1.7500000 0.1000000 -0.1000000
v 1.8074050 0.1000000 -0.1114150
v 1.7500000 0.1000000 -0.2500000
v 1.6925950 0.1000000 -0.1114150
v 1.7500000 0.1000000 -0.1000000
v 1.7500000 0.1000000 -0.2500000
v 1.6439350 0.1000000 -0.1439350
v 1.6925950 0.1000000 -0.1114150
v 1.7500000 0.1000000 -0.2500000
v 1.6114150 0.1000000 -0.1925950
v 1.6439350 0.1000000 -0.1439350
v 1.7500000 0.1000000 -0.2500000
v 1.6000000 0.1000000 -0.2500000
v 1.6114150 0.1000000 -0.1925950
v 1.7500000 0.1000000 -0.2500000
v 1.6114150 0.1000000 -0.3074050
v 1.6000000 0.1000000 -0.2500000
v 1.7500000 0.1000000 -0.2500000
v 1.6439350 0.1000000 -0.3560650
v 1.6114150 0.1000000 -0.3074050
v 1.7500000 0.1000000 -0.2500000
v 1.6925950 0.1000000 -0.3885850
v 1.6439350 0.1000000 -0.3560650
v 1.7500000 0.1000000 -0.2500000
v 1.7500000 0.1000000 -0.4000000
v 1.6925950 0.1000000 -0.3885850
v 1.7500000 0.1000000 -0.2500000
v 1.8074050 0.1000000 -0.3885850
v 1.7500000 0.1000000 -0.4000000
v 1.7500000 0.1000000 -0.2500000
v 1.8560650 0.1000000 -0.3560650
v 1.8074050 0.1000000 -0.3885850
v 1.7500000 0.1000000 -0.2500000
v 1.8885850 0.1000000 -0.3074050
v 1.8560650 0.1000000 -0.3560650
v 1.7500000 0.1000000 -0.2500000
v 1.9000000 0.1000000 -0.2500000
v 1.8885850 0.1000000 -0.3074050
v 1.7500000 0.1000000 -0.2500000
v 1.4000000 0.1000000 -0.2500000
v 1.3885850 0.1000000 -0.1925950
v 1.3885850 -0.0000000 -0.1925950
v 1.4000000 -0.0000000 -0.2500000
v 1.3885850 0.1000000 -0.1925950
v 1.3560650 0.1000000 -0.1439350
v 1.3560650 -0.0000000 -0.1439350
v 1.3885850 -0.0000000 -0.1925950
v 1.3560650 0.1000000 -0.1439350
v 1.3074050 0.1000000 -0.1114150
v 1.3074050 -0.0000000 -0.1114150
v 1.3560650 -0.0000000 -0.1439350
v 1.3074050 0.1000000 -0.1114150
v 1.2500000 0.1000000 -0.1000000
v 1.2500000 -0.0000000 -0.1000000
v 1.3074050 -0.0000000 -0.1114150
v 1.2500000 0.1000000 -0.1000000
v 1.1925950 0.1000000 -0.1114150
v 1.1925950 -0.0000000 -0.1114150
v 1.2500000 -0.0000000 -0.1000000
v 1.1925950 0.1000000 -0.1114150
v 1.1439350 0.1000000 -0.1439350
v 1.1439350 -0.0000000 -0.1439350
v 1.1925950 -0.0000000 -0.1114150
v 1.1439350 0.1000000 -0.1439350
v 1.1114150 0.1000000 -0.1925950
v 1.1114150 -0.0000000 -0.1925950
v 1.1439350 -0.0000000 -0.1439350
v 1.1114150 0.1000000 -0.1925950
v 1.1000000 0.1000000 -0.2500000
v 1.1000000 -0.0000000 -0.2500000
v 1.1114150 -0.0000000 -0.1925950
v 1.1000000 0.1000000 -0.2500000
v 1.1114150 0.1000000 -0.3074050
v 1.1114150 -0.0000000 -0.3074050
v 1.1000000 -0.0000000 -0.2500000
v 1.1114150 0.1000000 -0.3074050
v 1.1439350 0.1000000 -0.3560650
v 1.1439350 -0.0000000 -0.3560650
v 1.1114150 -0.0000000 -0.3074050
v 1.1439350 0.1000000 -0.3560650
v 1.1925950 0.1000000 -0.3885850
v 1.1925950 -0.0000000 -0.3885850
v 1.1439350 -0.0000000 -0.3560650
v 1.1925950 0.1000000 -0.3885850
v 1.2500000 0.1000000 -0.4000000
v 1.2500000 -0.0000000 -0.4000000
v 1.1925950 -0.0000000 -0.3885850
v 1.2500000 0.1000000 -0.4000000
v 1.3074050 0.1000000 -0.3885850
v 1.3074050 -0.0000000 -0.3885850
v 1.2500000 -0.0000000 -0.4000000
v 1.3074050 0.1000000 -0.3885850
v 1.3560650 0.1000000 -0.3560650
v 1.3560650 -0.0000000 -0.3560650
v 1.3074050 -0.0000000 -0.3885850
v 1.3560650 0.1000000 -0.3560650
v 1.3885850 0.1000000 -0.3074050
v 1.3885850 -0.0000000 -0.3074050
v 1.3560650 -0.0000000 -0.3560650
v 1.3885850 0.1000000 -0.3074050
v 1.4000000 0.1000000 -0.2500000
v 1.4000000 -0.0000000 -0.2500000
v 1.3885850 -0.0000000 -0.3074050
v 1.3885850 0.1000000 -0.1925950
v 1.4000000 0.1000000 -0.2500000
v 1.2500000 0.1000000 -0.2500000
v 1.3560650 0.1000000 -0.1439350
v 1.3885850 0.1000000 -0.1925950
v 1.2500000 0.1000000 -0.2500000
v 1.3074050 0.1000000 -0.1114150
v 1.3560650 0.1000000 -0.1439350
v 1.2500000 0.1000000 -0.2500000
v 1.2500000 0.1000000 -0.1000000
v 1.3074050 0.1000000 -0.1114150
v 1.2500000 0.1000000 -0.2500000
v 1.1925950 0.1000000 -0.1114150
v 1.2500000 0.1000000 -0.1000000
v 1.2500000 0.1000000 -0.2500000
v 1.1439350 0.1000000 -0.1439350
v 1.1925950 0.1000000 -0.1114150
v 1.2500000 0.1000000 -0.2500000
v 1.1114150 0.1000000 -0.1925950
v 1.1439350 0.1000000 -0.1439350
v 1.2500000 0.1000000 -0.2500000
v 1.1000000 0.1000000 -0.2500000
v 1.1114150 0.1000000 -0.1925950
v 1.2500000 0.1000000 -0.2500000
v 1.1114150 0.1000000 -0.3074050
v 1.1000000 0.1000000 -0.2500000
v 1.2500000 0.1000000 -0.2500000
v 1.1439350 0.1000000 -0.3560650
v 1.1114150 0.1000000 -0.3074050
v 1.2500000 0.1000000 -0.2500000
v 1.1925950 0.1000000 -0.3885850
v 1.1439350 0.1000000 -0.3560650
v 1.2500000 0.1000000 -0.2500000
v 1.2500000 0.1000000 -0.4000000
v 1.1925950 0.1000000 -0.3885850
v 1.2500000 0.1000000 -0.2500000
v 1.3074050 0.1000000 -0.3885850
v 1.2500000 0.1000000 -0.4000000
v 1.2500000 0.1000000 -0.2500000
v 1.3560650 0.1000000 -0.3560650
v 1.3074050 0.1000000 -0.3885850
v 1.2500000 0.1000000 -0.2500000
v 1.3885850 0.1000000 -0.3074050
v 1.3560650 0.1000000 -0.3560650
v 1.2500000 0.1000000 -0.2500000
v 1.4000000 0.1000000 -0.2500000
v 1.3885850 0.1000000 -0.3074050
v 1.2500000 0.1000000 -0.2500000
v 0.9000000 0.1000000 -0.2500000
v 0.8885850 0.1000000 -0.1925950
v 0.8885850 -0.0000000 -0.1925950
v 0.9000000 -0.0000000 -0.2500000
v 0.8885850 0.1000000 -0.1925950
v 0.8560650 0.1000000 -0.1439350
v 0.8560650 -0.0000000 -0.1439350
v 0.8885850 -0.0000000 -0.1925950
v 0.8560650 0.1000000 -0.1439350
v 0.8074050 0.1000000 -0.1114150
v 0.8074050 -0.0000000 -0.1114150
v 0.8560650 -0.0000000 -0.1439350
v 0.8074050 0.1000000 -0.1114150
v 0.7500000 0.1000000 -0.1000000
v 0.7500000 -0.0000000 -0.1000000
v 0.8074050 -0.0000000 -0.1114150
v 0.7500000 0.1000000 -0.1000000
v 0.6925950 0.1000000 -0.1114150
v 0.6925950 -0.0000000 -0.1114150
v 0.7500000 -0.0000000 -0.1000000
v 0.6925950 0.1000000 -0.1114150
v 0.6439350 0.1000000 -0.1439350
v 0.6439350 -0.0000000 -0.1439350
v 0.6925950 -0.0000000 -0.1114150
v 0.6439350 0.1000000 -0.1439350
v 0.6114150 0.1000000 -0.1925950
v 0.6114150 -0.0000000 -0.1925950
v 0.6439350 -0.0000000 -0.1439350
v 0.6114150 0.1000000 -0.1925950
v 0.6000000 0.1000000 -0.2500000
v 0.6000000 -0.0000000 -0.2500000
v 0.6114150 -0.0000000 -0.1925950
v 0.6000000 0.1000000 -0.2500000
v 0.6114150 0.1000000 -0.3074050
v 0.6114150 -0.0000000 -0.3074050
v 0.6000000 -0.0000000 -0.2500000
v 0.6114150 0.1000000 -0.3074050
v 0.6439350 0.1000000 -0.3560650
v 0.6439350 -0.0000000 -0.3560650
v 0.6114150 -0.0000000 -0.3074050
v 0.6439350 0.1000000 -0.3560650
v 0.6925950 0.1000000 -0.3885850
v 0.6925950 -0.0000000 -0.3885850
v 0.6439350 -0.0000000 -0.3560650
v 0.6925950 0.1000000 -0.3885850
v 0.7500000 0.1000000 -0.4000000
v 0.7500000 -0.0000000 -0.4000000
v 0.6925950 -0.0000000 -0.3885850
v 0.7500000 0.1000000 -0.4000000
v 0.8074050 0.1000000 -0.3885850
v 0.8074050 -0.0000000 -0.3885850
v 0.7500000 -0.0000000 -0.4000000
v 0.8074050 0.1000000 -0.3885850
v 0.8560650 0.1000000 -0.3560650
v 0.8560650 -0.0000000 -0.3560650
v 0.8074050 -0.0000000 -0.3885850
v 0.8560650 0.1000000 -0.3560650
v 0.8885850 0.1000000 -0.3074050
v 0.8885850 -0.0000000 -0.3074050
v 0.8560650 -0.0000000 -0.3560650
v 0.8885850 0.1000000 -0.3074050
v 0.9000000 0.1000000 -0.2500000
v 0.9000000 -0.0000000 -0.2500000
v 0.8885850 -0.0000000 -0.3074050
v 0.8885850 0.1000000 -0.1925950
v 0.9000000 0.1000000 -0.2500000
v 0.7500000 0.1000000 -0.2500000
v 0.8560650 0.1000000 -0.1439350
v 0.8885850 0.1000000 -0.1925950
v 0.7500000 0.1000000 -0.2500000
v 0.8074050 0.1000000 -0.1114150
v 0.8560650 0.1000000 -0.1439350
v 0.7500000 0.1000000 -0.2500000
v 0.7500000 0.1000000 -0.1000000
v 0.8074050 0.1000000 -0.1114150
v 0.7500000 0.1000000 -0.2500000
v 0.6925950 0.1000000 -0.1114150
v 0.7500000 0.1000000 -0.1000000
v 0.7500000 0.1000000 -0.2500000
v 0.6439350 0.1000000 -0.1439350
v 0.6925950 0.1000000 -0.1114150
v 0.7500000 0.1000000 -0.2500000
v 0.6114150 0.1000000 -0.1925950
v 0.6439350 0.1000000 -0.1439350
v 0.7500000 0.1000000 -0.2500000
v 0.6000000 0.1000000 -0.2500000
v 0.6114150 0.1000000 -0.1925950
v 0.7500000 0.1000000 -0.2500000
v 0.6114150 0.1000000 -0.3074050
v 0.6000000 0.1000000 -0.2500000
v 0.7500000 0.1000000 -0.2500000
v 0.6439350 0.1000000 -0.3560650
v 0.6114150 0.1000000 -0.3074050
v 0.7500000 0.1000000 -0.2500000
v 0.6925950 0.1000000 -0.3885850
v 0.6439350 0.1000000 -0.3560650
v 0.7500000 0.1000000 -0.2500000
v 0.7500000 0.1000000 -0.4000000
v 0.6925950 0.1000000 -0.3885850
v 0.7500000 0.1000000 -0.2500000
v 0.8074050 0.1000000 -0.3885850
v 0.7500000 0.1000000 -0.4000000
v 0.7500000 0.1000000 -0.2500000
v 0.8560650 0.1000000 -0.3560650
v 0.8074050 0.1000000 -0.3885850
v 0.7500000 0.1000000 -0.2500000
v 0.8885850 0.1000000 -0.3074050
v 0.8560650 0.1000000 -0.3560650
v 0.7500000 0.1000000 -0.2500000
v 0.9000000 0.1000000 -0.2500000
v 0.8885850 0.1000000 -0.3074050
v 0.7500000 0.1000000 -0.2500000
v 0.4000000 0.1000000 -0.2500000
v 0.3885850 0.1000000 -0.1925950
v 0.3885850 -0.0000000 -0.1925950
v 0.4000000 -0.0000000 -0.2500000
v 0.3885850 0.1000000 -0.1925950
v 0.3560650 0.1000000 -0.1439350
v 0.3560650 -0.0000000 -0.1439350
v 0.3885850 -0.0000000 -0.1925950
v 0.3560650 0.1000000 -0.1439350
v 0.3074050 0.1000000 -0.1114150
v 0.3074050 -0.0000000 -0.1114150
v 0.3560650 -0.0000000 -0.1439350
v 0.3074050 0.1000000 -0.1114150
v 0.2500000 0.1000000 -0.1000000
v 0.2500000 -0.0000000 -0.1000000
v 0.3074050 -0.0000000 -0.1114150
v 0.2500000 0.1000000 -0.1000000
v 0.1925950 0.1000000 -0.1114150
v 0.1925950 -0.0000000 -0.1114150
v 0.2500000 -0.0000000 -0.1000000
v 0.1925950 0.1000000 -0.1114150
v 0.1439350 0.1000000 -0.1439350
v 0.1439350 -0.0000000 -0.1439350
v 0.1925950 -0.0000000 -0.1114150
v 0.1439350 0.1000000 -0.1439350
v 0.1114150 0.1000000 -0.1925950
v 0.1114150 -0.0000000 -0.1925950
v 0.1439350 -0.0000000 -0.1439350
v 0.1114150 0.1000000 -0.1925950
v 0.1000000 0.1000000 -0.2500000
v 0.1000000 -0.0000000 -0.2500000
v 0.1114150 -0.0000000 -0.1925950
v 0.1000000 0.1000000 -0.2500000
v 0.1114150 0.1000000 -0.3074050
v 0.1114150 -0.0000000 -0.3074050
v 0.1000000 -0.0000000 -0.2500000
v 0.1114150 0.1000000 -0.3074050
v 0.1439350 0.1000000 -0.3560650
v 0.1439350 -0.0000000 -0.3560650
v 0.1114150 -0.0000000 -0.3074050
v 0.1439350 0.1000000 -0.3560650
v 0.1925950 0.1000000 -0.3885850
v 0.1925950 -0.0000000 -0.3885850
v 0.1439350 -0.0000000 -0.3560650
v 0.1925950 0.1000000 -0.3885850
v 0.2500000 0.1000000 -0.4000000
v 0.2500000 -0.0000000 -0.4000000
v 0.1925950 -0.0000000 -0.3885850
v 0.2500000 0.1000000 -0.4000000
v 0.3074050 0.1000000 -0.3885850
v 0.3074050 -0.0000000 -0.3885850
v 0.2500000 -0.0000000 -0.4000000
v 0.3074050 0.1000000 -0.3885850
v 0.3560650 0.1000000 -0.3560650
v 0.3560650 -0.0000000 -0.3560650
v 0.3074050 -0.0000000 -0.3885850
v 0.3560650 0.1000000 -0.3560650
v 0.3885850 0.1000000 -0.3074050
v 0.3885850 -0.0000000 -0.3074050
v 0.3560650 -0.0000000 -0.3560650
v 0.3885850 0.1000000 -0.3074050
v 0.4000000 0.1000000 -0.2500000
v 0.4000000 -0.0000000 -0.2500000
v 0.3885850 -0.0000000 -0.3074050
v 0.3885850 0.1000000 -0.1925950
v 0.4000000 0.1000000 -0.2500000
v 0.2500000 0.1000000 -0.2500000
v 0.3560650 0.1000000 -0.1439350
v 0.3885850 0.1000000 -0.1925950
v 0.2500000 0.1000000 -0.2500000
v 0.3074050 0.1000000 -0.1114150
v 0.3560650 0.1000000 -0.1439350
v 0.2500000 0.1000000 -0.2500000
v 0.2500000 0.1000000 -0.1000000
v 0.3074050 0.1000000 -0.1114150
v 0.2500000 0.1000000 -0.2500000
v 0.1925950 0.1000000 -0.1114150
v 0.2500000 0.1000000 -0.1000000
v 0.2500000 0.1000000 -0.2500000
v 0.1439350 0.1000000 -0.1439350
v 0.1925950 0.1000000 -0.1114150
v 0.2500000 0.1000000 -0.2500000
v 0.1114150 0.1000000 -0.1925950
v 0.1439350 0.1000000 -0.1439350
v 0.2500000 0.1000000 -0.2500000
v 0.1000000 0.1000000 -0.2500000
v 0.1114150 0.1000000 -0.1925950
v 0.2500000 0.1000000 -0.2500000
v 0.1114150 0.1000000 -0.3074050
v 0.1000000 0.1000000 -0.2500000
v 0.2500000 0.1000000 -0.2500000
v 0.1439350 0.1000000 -0.3560650
v 0.1114150 0.1000000 -0.3074050
v 0.2500000 0.1000000 -0.2500000
v 0.1925950 0.1000000 -0.3885850
v 0.1439350 0.1000000 -0.3560650
v 0.2500000 0.1000000 -0.2500000
v 0.2500000 0.1000000 -0.4000000
v 0.1925950 0.1000000 -0.3885850
v 0.2500000 0.1000000 -0.2500000
v 0.3074050 0.1000000 -0.3885850
v 0.2500000 0.1000000 -0.4000000
v 0.2500000 0.1000000 -0.2500000
v 0.3560650 0.1000000 -0.3560650
v 0.3074050 0.1000000 -0.3885850
v 0.2500000 0.1000000 -0.2500000
v 0.3885850 0.1000000 -0.3074050
v 0.3560650 0.1000000 -0.3560650
v 0.2500000 0.1000000 -0.2500000
v 0.4000000 0.1000000 -0.2500000
v 0.3885850 0.1000000 -0.3074050
v 0.2500000 0.1000000 -0.2500000
v -0.1000000 0.1000000 -0.2500000
v -0.1114150 0.1000000 -0.1925950
v -0.1114150 -0.0000000 -0.1925950
v -0.1000000 -0.0000000 -0.2500000
v -0.1114150 0.1000000 -0.1925950
v -0.1439350 0.1000000 -0.1439350
v -0.1439350 -0.0000000 -0.1439350
v -0.1114150 -0.0000000 -0.1925950
v -0.1439350 0.1000000 -0.1439350
v -0.1925950 0.1000000 -0.1114150
v -0.1925950 -0.0000000 -0.1114150
v -0.1439350 -0.0000000 -0.1439350
v -0.1925950 0.1000000 -0.1114150
v -0.2500000 0.1000000 -0.1000000
v -0.2500000 -0.0000000 -0.1000000
v -0.1925950 -0.0000000 -0.1114150
v -0.2500000 0.1000000 -0.1000000
v -0.3074050 0.1000000 -0.1114150
v -0.3074050 -0.0000000 -0.1114150
v -0.2500000 -0.0000000 -0.1000000
v -0.3074050 0.1000000 -0.1114150
v -0.3560650 0.1000000 -0.1439350
v -0.3560650 -0.0000000 -0.1439350
v -0.3074050 -0.0000000 -0.1114150
v -0.3560650 0.1000000 -0.1439350
v -0.3885850 0.1000000 -0.1925950
v -0.3885850 -0.0000000 -0.1925950
v -0.3560650 -0.0000000 -0.1439350
v -0.3885850 0.1000000 -0.1925950
v -0.4000000 0.1000000 -0.2500000
v -0.4000000 -0.0000000 -0.2500000
v -0.3885850 -0.0000000 -0.1925950
v -0.4000000 0.1000000 -0.2500000
v -0.3885850 0.1000000 -0.3074050
v -0.3885850 -0.0000000 -0.3074050
v -0.4000000 -0.0000000 -0.2500000
v -0.3885850 0.1000000 -0.3074050
v -0.3560650 0.1000000 -0.3560650
v -0.3560650 -0.0000000 -0.3560650
v -0.3885850 -0.0000000 -0.3074050
v -0.3560650 0.1000000 -0.3560650
v -0.3074050 0.1000000 -0.3885850
v -0.3074050 -0.0000000 -0.3885850
v -0.3560650 -0.0000000 -0.3560650
v -0.3074050 0.1000000 -0.3885850
v -0.2500000 0.1000000 -0.4000000
v -0.2500000 -0.0000000 -0.4000000
v -0.3074050 -0.0000000 -0.3885850
v -0.2500000 0.1000000 -0.4000000
v -0.1925950 0.1000000 -0.3885850
v -0.1925950 -0.0000000 -0.3885850
v -0.2500000 -0.0000000 -0.4000000
v -0.1925950 0.1000000 -0.3885850
v -0.1439350 0.1000000 -0.3560650
v -0.1439350 -0.0000000 -0.3560650
v -0.1925950 -0.0000000 -0.3885850
v -0.1439350 0.1000000 -0.3560650
v -0.1114150 0.1000000 -0.3074050
v -0.1114150 -0.0000000 -0.3074050
v -0.1439350 -0.0000000 -0.3560650
v -0.1114150 0.1000000 -0.3074050
v -0.1000000 0.1000000 -0.2500000
v -0.1000000 -0.0000000 -0.2500000
v -0.1114150 -0.0000000 -0.3074050
v -0.1114150 0.1000000 -0.1925950
v -0.1000000 0.1000000 -0.2500000
v -0.2500000 0.1000000 -0.2500000
v -0.1439350 0.1000000 -0.1439350
v -0.1114150 0.1000000 -0.1925950
v -0.2500000 0.1000000 -0.2500000
v -0.1925950 0.1000000 -0.1114150
v -0.1439350 0.1000000 -0.1439350
v -0.2500000 0.1000000 -0.2500000
v -0.2500000 0.1000000 -0.1000000
v -0.1925950 0.1000000 -0.1114150
v -0.2500000 0.1000000 -0.2500000
v -0.3074050 0.1000000 -0.1114150
v -0.2500000 0.1000000 -0.1000000
v -0.2500000 0.1000000 -0.2500000
v -0.3560650 0.1000000 -0.1439350
v -0.3074050 0.1000000 -0.1114150
v -0.2500000 0.1000000 -0.2500000
v -0.3885850 0.1000000 -0.1925950
v -0.3560650 0.1000000 -0.1439350
v -0.2500000 0.1000000 -0.2500000
v -0.4000000 0.1000000 -0.2500000
v -0.3885850 0.1000000 -0.1925950
v -0.2500000 0.1000000 -0.2500000
v -0.3885850 0.1000000 -0.3074050
v -0.4000000 0.1000000 -0.2500000
v -0.2500000 0.1000000 -0.2500000
v -0.3560650 0.1000000 -0.3560650
v -0.3885850 0.1000000 -0.3074050
v -0.2500000 0.1000000 -0.2500000
v -0.3074050 0.1000000 -0.3885850
v -0.3560650 0.1000000 -0.3560650
v -0.2500000 0.1000000 -0.2500000
v -0.2500000 0.1000000 -0.4000000
v -0.3074050 0.1000000 -0.3885850
v -0.2500000 0.1000000 -0.2500000
v -0.1925950 0.1000000 -0.3885850
v -0.2500000 0.1000000 -0.4000000
v -0.2500000 0.1000000 -0.2500000
v -0.1439350 0.1000000 -0.3560650
v -0.1925950 0.1000000 -0.3885850
v -0.2500000 0.1000000 -0.2500000
v -0.1114150 0.1000000 -0.3074050
v -0.1439350 0.1000000 -0.3560650
v -0.2500000 0.1000000 -0.2500000
v -0.1000000 0.1000000 -0.2500000
v -0.1114150 0.1000000 -0.3074050
v -0.2500000 0.1000000 -0.2500000
v -0.6000000 0.1000000 -0.2500000
v -0.6114150 0.1000000 -0.1925950
v -0.6114150 -0.0000000 -0.1925950
v -0.6000000 -0.0000000 -0.2500000
v -0.6114150 0.1000000 -0.1925950
v -0.6439350 0.1000000 -0.1439350
v -0.6439350 -0.0000000 -0.1439350
v -0.6114150 -0.0000000 -0.1925950
v -0.6439350 0.1000000 -0.1439350
v -0.6925950 0.1000000 -0.1114150
v -0.6925950 -0.0000000 -0.1114150
v -0.6439350 -0.0000000 -0.1439350
v -0.6925950 0.1000000 -0.1114150
v -0.7500000 0.1000000 -0.1000000
v -0.7500000 -0.0000000 -0.1000000
v -0.6925950 -0.0000000 -0.1114150
v -0.7500000 0.1000000 -0.1000000
v -0.8074050 0.1000000 -0.1114150
v -0.8074050 -0.0000000 -0.1114150
v -0.7500000 -0.0000000 -0.1000000
v -0.8074050 0.1000000 -0.1114150
v -0.8560650 0.1000000 -0.1439350
v -0.8560650 -0.0000000 -0.1439350
v -0.8074050 -0.0000000 -0.1114150
v -0.8560650 0.1000000 -0.1439350
v -0.8885850 0.1000000 -0.1925950
v -0.8885850 -0.0000000 -0.1925950
v -0.8560650 -0.0000000 -0.1439350
v -0.8885850 0.1000000 -0.1925950
v -0.9000000 0.1000000 -0.2500000
v -0.9000000 -0.0000000 -0.2500000
v -0.8885850 -0.0000000 -0.1925950
v -0.9000000 0.1000000 -0.2500000
v -0.8885850 0.1000000 -0.3074050
v -0.8885850 -0.0000000 -0.3074050
v -0.9000000 -0.0000000 -0.2500000
v -0.8885850 0.1000000 -0.3074050
v -0.8560650 0.1000000 -0.3560650
v -0.8560650 -0.0000000 -0.3560650
v -0.8885850 -0.0000000 -0.3074050
v -0.8560650 0.1000000 -0.3560650
v -0.8074050 0.1000000 -0.3885850
v -0.8074050 -0.0000000 -0.3885850
v -0.8560650 -0.0000000 -0.3560650
v -0.8074050 0.1000000 -0.3885850
v -0.7500000 0.1000000 -0.4000000
v -0.7500000 -0.0000000 -0.4000000
v -0.8074050 -0.0000000 -0.3885850
v -0.7500000 0.1000000 -0.4000000
v -0.6925950 0.1000000 -0.3885850
v -0.6925950 -0.0000000 -0.3885850
v -0.7500000 -0.0000000 -0.4000000
v -0.6925950 0.1000000 -0.3885850
v -0.6439350 0.1000000 -0.3560650
v -0.6439350 -0.0000000 -0.3560650
v -0.6925950 -0.0000000 -0.3885850
v -0.6439350 0.1000000 -0.3560650
v -0.6114150 0.1000000 -0.3074050
v -0.6114150 -0.0000000 -0.3074050
v -0.6439350 -0.0000000 -0.3560650
v -0.6114150 0.1000000 -0.3074050
v -0.6000000 0.1000000 -0.2500000
v -0.6000000 -0.0000000 -0.2500000
v -0.6114150 -0.0000000 -0.3074050
v -0.6114150 0.1000000 -0.1925950
v -0.6000000 0.1000000 -0.2500000
v -0.7500000 0.1000000 -0.2500000
v -0.6439350 0.1000000 -0.1439350
v -0.6114150 0.1000000 -0.1925950
v -0.7500000 0.1000000 -0.2500000
v -0.6925950 0.1000000 -0.1114150
v -0.6439350 0.1000000 -0.1439350
v -0.7500000 0.1000000 -0.2500000
v -0.7500000 0.1000000 -0.1000000
v -0.6925950 0.1000000 -0.1114150
v -0.7500000 0.1000000 -0.2500000
v -0.8074050 0.1000000 -0.1114150
v -0.7500000 0.1000000 -0.1000000
v -0.7500000 0.1000000 -0.2500000
v -0.8560650 0.1000000 -0.1439350
v -0.8074050 0.1000000 -0.1114150
v -0.7500000 0.1000000 -0.2500000
v -0.8885850 0.1000000 -0.1925950
v -0.8560650 0.1000000 -0.1439350
v -0.7500000 0.1000000 -0.2500000
v -0.9000000 0.1000000 -0.2500000
v -0.8885850 0.1000000 -0.1925950
v -0.7500000 0.1000000 -0.2500000
v -0.8885850 0.1000000 -0.3074050
v -0.9000000 0.1000000 -0.2500000
v -0.7500000 0.1000000 -0.2500000
v -0.8560650 0.1000000 -0.3560650
v -0.8885850 0.1000000 -0.3074050
v -0.7500000 0.1000000 -0.2500000
v -0.8074050 0.1000000 -0.3885850
v -0.8560650 0.1000000 -0.3560650
v -0.7500000 0.1000000 -0.2500000
v -0.7500000 0.1000000 -0.4000000
v -0.8074050 0.1000000 -0.3885850
v -0.7500000 0.1000000 -0.2500000
v -0.6925950 0.1000000 -0.3885850
v -0.7500000 0.1000000 -0.4000000
v -0.7500000 0.1000000 -0.2500000
v -0.6439350 0.1000000 -0.3560650
v -0.6925950 0.1000000 -0.3885850
v -0.7500000 0.1000000 -0.2500000
v -0.6114150 0.1000000 -0.3074050
v -0.6439350 0.1000000 -0.3560650
v -0.7500000 0.1000000 -0.2500000
v -0.6000000 0.1000000 -0.2500000
v -0.6114150 0.1000000 -0.3074050
v -0.7500000 0.1000000 -0.2500000
v -1.1000000 0.1000000 -0.2500000
v -1.1114150 0.1000000 -0.1925950
v -1.1114150 -0.0000000 -0.1925950
v -1.1000000 -0.0000000 -0.2500000
v -1.1114150 0.1000000 -0.1925950
v -1.1439350 0.1000000 -0.1439350
v -1.1439350 -0.0000000 -0.1439350
v -1.1114150 -0.0000000 -0.1925950
v -1.1439350 0.1000000 -0.1439350
v -1.1925950 0.1000000 -0.1114150
v -1.1925950 -0.0000000 -0.1114150
v -1.1439350 -0.0000000 -0.1439350
v -1.1925950 0.1000000 -0.1114150
v -1.2500000 0.1000000 -0.1000000
v -1.2500000 -0.0000000 -0.1000000
v -1.1925950 -0.0000000 -0.1114150
v -1.2500000 0.1000000 -0.1000000
v -1.3074050 0.1000000 -0.1114150
v -1.3074050 -0.0000000 -0.1114150
v -1.2500000 -0.0000000 -0.1000000
v -1.3074050 0.1000000 -0.1114150
v -1.3560650 0.1000000 -0.1439350
v -1.3560650 -0.0000000 -0.1439350
v -1.3074050 -0.0000000 -0.1114150
v -1.3560650 0.1000000 -0.1439350
v -1.3885850 0.1000000 -0.1925950
v -1.3885850 -0.0000000 -0.1925950
v -1.3560650 -0.0000000 -0.1439350
v -1.3885850 0.1000000 -0.1925950
v -1.4000000 0.1000000 -0.2500000
v -1.4000000 -0.0000000 -0.2500000
v -1.3885850 -0.0000000 -0.1925950
v -1.4000000 0.1000000 -0.2500000
v -1.3885850 0.1000000 -0.3074050
v -1.3885850 -0.0000000 -0.3074050
v -1.4000000 -0.0000000 -0.2500000
v -1.3885850 0.1000000 -0.3074050
v -1.3560650 0.1000000 -0.3560650
v -1.3560650 -0.0000000 -0.3560650
v -1.3885850 -0.0000000 -0.3074050
v -1.3560650 0.1000000 -0.3560650
v -1.3074050 0.1000000 -0.3885850
v -1.3074050 -0.0000000 -0.3885850
v -1.3560650 -0.0000000 -0.3560650
v -1.3074050 0.1000000 -0.3885850
v -1.2500000 0.1000000 -0.4000000
v -1.2500000 -0.0000000 -0.4000000
v -1.3074050 -0.0000000 -0.3885850
v -1.2500000 0.1000000 -0.4000000
v -1.1925950 0.1000000 -0.3885850
v -1.1925950 -0.0000000 -0.3885850
v -1.2500000 -0.0000000 -0.4000000
v -1.1925950 0.1000000 -0.3885850
v -1.1439350 0.1000000 -0.3560650
v -1.1439350 -0.0000000 -0.3560650
v -1.1925950 -0.0000000 -0.3885850
v -1.1439350 0.1000000 -0.3560650
v -1.1114150 0.1000000 -0.3074050
v -1.1114150 -0.0000000 -0.3074050
v -1.1439350 -0.0000000 -0.3560650
v -1.1114150 0.1000000 -0.3074050
v -1.1000000 0.1000000 -0.2500000
v -1.1000000 -0.0000000 -0.2500000
v -1.1114150 -0.0000000 -0.3074050
v -1.1114150 0.1000000 -0.1925950
v -1.1000000 0.1000000 -0.2500000
v -1.2500000 0.1000000 -0.2500000
v -1.1439350 0.1000000 -0.1439350
v -1.1114150 0.1000000 -0.1925950
v -1.2500000 0.1000000 -0.2500000
v -1.1925950 0.1000000 -0.1114150
v -1.1439350 0.1000000 -0.1439350
v -1.2500000 0.1000000 -0.2500000
v -1.2500000 0.1000000 -0.1000000
v -1.1925950 0.1000000 -0.1114150
v -1.2500000 0.1000000 -0.2500000
v -1.3074050 0.1000000 -0.1114150
v -1.2500000 0.1000000 -0.1000000
v -1.2500000 0.1000000 -0.2500000
v -1.3560650 0.1000000 -0.1439350
v -1.3074050 0.1000000 -0.1114150
v -1.2500000 0.1000000 -0.2500000
v -1.3885850 0.1000000 -0.1925950
v -1.3560650 0.1000000 -0.1439350
v -1.2500000 0.1000000 -0.2500000
v -1.4000000 0.1000000 -0.2500000
v -1.3885850 0.1000000 -0.1925950
v -1.2500000 0.1000000 -0.2500000
v -1.3885850 0.1000000 -0.3074050
v -1.4000000 0.1000000 -0.2500000
v -1.2500000 0.1000000 -0.2500000
v -1.3560650 0.1000000 -0.3560650
v -1.3885850 0.1000000 -0.3074050
v -1.2500000 0.1000000 -0.2500000
v -1.3074050 0.1000000 -0.3885850
v -1.3560650 0.1000000 -0.3560650
v -1.2500000 0.1000000 -0.2500000
v -1.2500000 0.1000000 -0.4000000
v -1.3074050 0.1000000 -0.3885850
v -1.2500000 0.1000000 -0.2500000
v -1.1925950 0.1000000 -0.3885850
v -1.2500000 0.1000000 -0.4000000
v -1.2500000 0.1000000 -0.2500000
v -1.1439350 0.1000000 -0.3560650
v -1.1925950 0.1000000 -0.3885850
v -1.2500000 0.1000000 -0.2500000
v -1.1114150 0.1000000 -0.3074050
v -1.1439350 0.1000000 -0.3560650
v -1.2500000 0.1000000 -0.2500000
v -1.1000000 0.1000000 -0.2500000
v -1.1114150 0.1000000 -0.3074050
v -1.2500000 0.1000000 -0.2500000
v -1.6000000 0.1000000 -0.2500000
v -1.6114150 0.1000000 -0.1925950
v -1.6114150 -0.0000000 -0.1925950
v -1.6000000 -0.0000000 -0.2500000
v -1.6114150 0.1000000 -0.1925950
v -1.6439350 0.1000000 -0.1439350
v -1.6439350 -0.0000000 -0.1439350
v -1.6114150 -0.0000000 -0.1925950
v -1.6439350 0.1000000 -0.1439350
v -1.6925950 0.1000000 -0.1114150
v -1.6925950 -0.0000000 -0.1114150
v -1.6439350 -0.0000000 -0.1439350
v -1.6925950 0.1000000 -0.1114150
v -1.7500000 0.1000000 -0.1000000
v -1.7500000 -0.0000000 -0.1000000
v -1.6925950 -0.0000000 -0.1114150
v -1.7500000 0.1000000 -0.1000000
v -1.8074050 0.1000000 -0.1114150
v -1.8074050 -0.0000000 -0.1114150
v -1.7500000 -0.0000000 -0.1000000
v -1.8074050 0.1000000 -0.1114150
v -1.8560650 0.1000000 -0.1439350
v -1.8560650 -0.0000000 -0.1439350
v -1.8074050 -0.0000000 -0.1114150
v -1.8560650 0.1000000 -0.1439350
v -1.8885850 0.1000000 -0.1925950
v -1.8885850 -0.0000000 -0.1925950
v -1.8560650 -0.0000000 -0.1439350
v -1.8885850 0.1000000 -0.1925950
v -1.9000000 0.1000000 -0.2500000
v -1.9000000 -0.0000000 -0.2500000
v -1.8885850 -0.0000000 -0.1925950
v -1.9000000 0.1000000 -0.2500000
v -1.8885850 0.1000000 -0.3074050
v -1.8885850 -0.0000000 -0.3074050
v -1.9000000 -0.0000000 -0.2500000
v -1.8885850 0.1000000 -0.3074050
v -1.8560650 0.1000000 -0.3560650
v -1.8560650 -0.0000000 -0.3560650
v -1.8885850 -0.0000000 -0.3074050
v -1.8560650 0.1000000 -0.3560650
v -1.8074050 0.1000000 -0.3885850
v -1.8074050 -0.0000000 -0.3885850
v -1.8560650 -0.0000000 -0.3560650
v -1.8074050 0.1000000 -0.3885850
v -1.7500000 0.1000000 -0.4000000
v -1.7500000 -0.0000000 -0.4000000
v -1.8074050 -0.0000000 -0.3885850
v -1.7500000 0.1000000 -0.4000000
v -1.6925950 0.1000000 -0.3885850
v -1.6925950 -0.0000000 -0.3885850
v -1.7500000 -0.0000000 -0.4000000
v -1.6925950 0.1000000 -0.3885850
v -1.6439350 0.1000000 -0.3560650
v -1.6439350 -0.0000000 -0.3560650
v -1.6925950 -0.0000000 -0.3885850
v -1.6439350 0.1000000 -0.3560650
v -1.6114150 0.1000000 -0.3074050
v -1.6114150 -0.0000000 -0.3074050
v -1.6439350 -0.0000000 -0.3560650
v -1.6114150 0.1000000 -0.3074050
v -1.6000000 0.1000000 -0.2500000
v -1.6000000 -0.0000000 -0.2500000
v -1.6114150 -0.0000000 -0.3074050
v -1.6114150 0.1000000 -0.1925950
v -1.6000000 0.1000000 -0.2500000
v -1.7500000 0.1000000 -0.2500000
v -1.6439350 0.1000000 -0.1439350
v -1.6114150 0.1000000 -0.1925950
v -1.7500000 0.1000000 -0.2500000
v -1.6925950 0.1000000 -0.1114150
v -1.6439350 0.1000000 -0.1439350
v -1.7500000 0.1000000 -0.2500000
v -1.7500000 0.1000000 -0.1000000
v -1.6925950 0.1000000 -0.1114150
v -1.7500000 0.1000000 -0.2500000
v -1.8074050 0.1000000 -0.1114150
v -1.7500000 0.1000000 -0.1000000
v -1.7500000 0.1000000 -0.2500000
v -1.8560650 0.1000000 -0.1439350
v -1.8074050 0.1000000 -0.1114150
v -1.7500000 0.1000000 -0.2500000
v -1.8885850 0.1000000 -0.1925950
v -1.8560650 0.1000000 -0.1439350
v -1.7500000 0.1000000 -0.2500000
v -1.9000000 0.1000000 -0.2500000
v -1.8885850 0.1000000 -0.1925950
v -1.7500000 0.1000000 -0.2500000
v -1.8885850 0.1000000 -0.3074050
v -1.9000000 0.1000000 -0.2500000
v -1.7500000 0.1000000 -0.2500000
v -1.8560650 0.1000000 -0.3560650
v -1.8885850 0.1000000 -0.3074050
v -1.7500000 0.1000000 -0.2500000
v -1.8074050 0.1000000 -0.3885850
v -1.8560650 0.1000000 -0.3560650
v -1.7500000 0.1000000 -0.2500000
v -1.7500000 0.1000000 -0.4000000
v -1.8074050 0.1000000 -0.3885850
v -1.7500000 0.1000000 -0.2500000
v -1.6925950 0.1000000 -0.3885850
v -1.7500000 0.1000000 -0.4000000
v -1.7500000 0.1000000 -0.2500000
v -1.6439350 0.1000000 -0.3560650
v -1.6925950 0.1000000 -0.3885850
v -1.7500000 0.1000000 -0.2500000
v -1.6114150 0.1000000 -0.3074050
v -1.6439350 0.1000000 -0.3560650
v -1.7500000 0.1000000 -0.2500000
v -1.6000000 0.1000000 -0.2500000
v -1.6114150 0.1000000 -0.3074050
v -1.7500000 0.1000000 -0.2500000
v -2.1000000 0.1000000 -0.2500000
v -2.1114150 0.1000000 -0.1925950
v -2.1114150 -0.0000000 -0.1925950
v -2.1000000 -0.0000000 -0.2500000
v -2.1114150 0.1000000 -0.1925950
v -2.1439350 0.1000000 -0.1439350
v -2.1439350 -0.0000000 -0.1439350
v -2.1114150 -0.0000000 -0.1925950
v -2.1439350 0.1000000 -0.1439350
v -2.1925950 0.1000000 -0.1114150
v -2.1925950 -0.0000000 -0.1114150
v -2.1439350 -0.0000000 -0.1439350
v -2.1925950 0.1000000 -0.1114150
v -2.2500000 0.1000000 -0.1000000
v -2.2500000 -0.0000000 -0.1000000
v -2.1925950 -0.0000000 -0.1114150
v -2.2500000 0.1000000 -0.1000000
v -2.3074050 0.1000000 -0.1114150
v -2.3074050 -0.0000000 -0.1114150
v -2.2500000 -0.0000000 -0.1000000
v -2.3074050 0.1000000 -0.1114150
v -2.3560650 0.1000000 -0.1439350
v -2.3560650 -0.0000000 -0.1439350
v -2.3074050 -0.0000000 -0.1114150
v -2.3560650 0.1000000 -0.1439350
v -2.3885850 0.1000000 -0.1925950
v -2.3885850 -0.0000000 -0.1925950
v -2.3560650 -0.0000000 -0.1439350
v -2.3885850 0.1000000 -0.1925950
v -2.4000000 0.1000000 -0.2500000
v -2.4000000 -0.0000000 -0.2500000
v -2.3885850 -0.0000000 -0.1925950
v -2.4000000 0.1000000 -0.2500000
v -2.3885850 0.1000000 -0.3074050
v -2.3885850 -0.0000000 -0.3074050
v -2.4000000 -0.0000000 -0.2500000
v -2.3885850 0.1000000 -0.3074050
v -2.3560650 0.1000000 -0.3560650
v -2.3560650 -0.0000000 -0.3560650
v -2.3885850 -0.0000000 -0.3074050
v -2.3560650 0.1000000 -0.3560650
v -2.3074050 0.1000000 -0.3885850
v -2.3074050 -0.0000000 -0.3885850
v -2.3560650 -0.0000000 -0.3560650
v -2.3074050 0.1000000 -0.3885850
v -2.2500000 0.1000000 -0.4000000
v -2.2500000 -0.0000000 -0.4000000
v -2.3074050 -0.0000000 -0.3885850
v -2.2500000 0.1000000 -0.4000000
v -2.1925950 0.1000000 -0.3885850
v -2.1925950 -0.0000000 -0.3885850
v -2.2500000 -0.0000000 -0.4000000
v -2.1925950 0.1000000 -0.3885850
v -2.1439350 0.1000000 -0.3560650
v -2.1439350 -0.0000000 -0.3560650
v -2.1925950 -0.0000000 -0.3885850
v -2.1439350 0.1000000 -0.3560650
v -2.1114150 0.1000000 -0.3074050
v -2.1114150 -0.0000000 -0.3074050
v -2.1439350 -0.0000000 -0.3560650
v -2.1114150 0.1000000 -0.3074050
v -2.1000000 0.1000000 -0.2500000
v -2.1000000 -0.0000000 -0.2500000
v -2.1114150 -0.0000000 -0.3074050
v -2.1114150 0.1000000 -0.1925950
v -2.1000000 0.1000000 -0.2500000
v -2.2500000 0.1000000 -0.2500000
v -2.1439350 0.1000000 -0.1439350
v -2.1114150 0.1000000 -0.1925950
v -2.2500000 0.1000000 -0.2500000
v -2.1925950 0.1000000 -0.1114150
v -2.1439350 0.1000000 -0.1439350
v -2.2500000 0.1000000 -0.2500000
v -2.2500000 0.1000000 -0.1000000
v -2.1925950 0.1000000 -0.1114150
v -2.2500000 0.1000000 -0.2500000
v -2.3074050 0.1000000 -0.1114150
v -2.2500000 0.1000000 -0.1000000
v -2.2500000 0.1000000 -0.2500000
v -2.3560650 0.1000000 -0.1439350
v -2.3074050 0.1000000 -0.1114150
v -2.2500000 0.1000000 -0.2500000
v -2.3885850 0.1000000 -0.1925950
v -2.3560650 0.1000000 -0.1439350
v -2.2500000 0.1000000 -0.2500000
v -2.4000000 0.1000000 -0.2500000
v -2.3885850 0.1000000 -0.1925950
v -2.2500000 0.1000000 -0.2500000
v -2.3885850 0.1000000 -0.3074050
v -2.4000000 0.1000000 -0.2500000
v -2.2500000 0.1000000 -0.2500000
v -2.3560650 0.1000000 -0.3560650
v -2.3885850 0.1000000 -0.3074050
v -2.2500000 0.1000000 -0.2500000
v -2.3074050 0.1000000 -0.3885850
v -2.3560650 0.1000000 -0.3560650
v -2.2500000 0.1000000 -0.2500000
v -2.2500000 0.1000000 -0.4000000
v -2.3074050 0.1000000 -0.3885850
v -2.2500000 0.1000000 -0.2500000
v -2.1925950 0.1000000 -0.3885850
v -2.2500000 0.1000000 -0.4000000
v -2.2500000 0.1000000 -0.2500000
v -2.1439350 0.1000000 -0.3560650
v -2.1925950 0.1000000 -0.3885850
v -2.2500000 0.1000000 -0.2500000
v -2.1114150 0.1000000 -0.3074050
v -2.1439350 0.1000000 -0.3560650
v -2.2500000 0.1000000 -0.2500000
v -2.1000000 0.1000000 -0.2500000
v -2.1114150 0.1000000 -0.3074050
v -2.2500000 0.1000000 -0.2500000
s off
f 1 2 3
f 1 3 4
f 5 6 7
f 5 7 8
f 9 10 11
f 9 11 12
f 13 14 15
f 13 15 16
f 17 18 19
f 17 19 20
f 21 22 23
f 21 23 24
f 25 26 27
f 25 27 28
f 29 30 31
f 29 31 32
f 33 34 35
f 33 35 36
f 37 38 39
f 37 39 40
f 41 42 43
f 41 43 44
f 45 46 47
f 45 47 48
f 49 50 51
f 49 51 52
f 53 54 55
f 53 55 56
f 57 58 59
f 57 59 60
f 61 62 63
f 61 63 64
f 65 66 67
f 65 67 68
f 69 70 71
f 69 71 72
f 73 74 75
f 73 75 76
f 77 78 79
f 77 79 80
f 81 82 83
f 81 83 84
f 85 86 87
f 85 87 88
f 89 90 91
f 89 91 92
f 93 94 95
f 93 95 96
f 97 98 99
f 97 99 100
f 101 102 103
f 101 103 104
f 105 106 107
f 105 107 108
f 109 110 111
f 109 111 112
f 113 114 115
f 113 115 116
f 117 118 119
f 117 119 120
f 121 122 123
f 121 123 124
f 125 126 127
f 125 127 128
f 129 130 131
f 129 131 132
f 133 134 135
f 133 135 136
f 137 138 139
f 137 139 140
f 141 142 143
f 141 143 144
f 145 146 147
f 145 147 148
f 149 150 151
f 149 151 152
f 153 154 155
f 153 155 156
f 157 158 159
f 157 159 160
f 161 162 163
f 161 163 164
f 165 166 167
f 165 167 168
f 169 170 171
f 169 171 172
f 173 174 175
f 173 175 176
f 177 178 179
f 177 179 180
f 181 182 183
f 181 183 184
f 185 186 187
f 185 187 188
f 189 190 191
f 189 191 192
f 193 194 195
f 193 195 196
f 197 198 199
f 197 199 200
f 201 202 203
f 201 203 204
f 205 206 207
f 205 207 208
f 209 210 211
f 209 211 212
f 213 214 215
f 213 215 216
f 217 218 219
f 217 219 220
f 221 222 223
f 221 223 224
f 225 226 227
f 225 227 228
f 229 230 231
f 229 231 232
f 233 234 235
f 233 235 236
f 237 238 239
f 237 239 240
f 241 242 243
f 241 243 244
f 245 246 247
f 245 247 248
f 249 250 251
f 249 251 252
f 253 254 255
f 253 255 256
f 257 258 259
f 257 259 260
f 261 262 263
f 261 263 264
f 265 266 267
f 265 267 268
f 269 270 271
f 269 271 272
f 273 274 275
f 273 275 276
f 277 278 279
f 277 279 280
f 281 282 283
f 281 283 284
f 285 286 287
f 285 287 288
f 289 290 291
f 289 291 292
f 293 294 295
f 293 295 296
f 297 298 299
f 297 299 300
f 301 302 303
f 301 303 304
f 305 306 307
f 305 307 308
f 309 310 311
f 309 311 312
f 313 314 315
f 313 315 316
f 317 318 319
f 317 319 320
f 321 322 323
f 321 323 324
f 325 326 327
f 325 327 328
f 329 330 331
f 329 331 332
f 333 334 335
f 333 335 336
f 337 338 339
f 337 339 340
f 341 342 343
f 341 343 344
f 345 346 347
f 345 347 348
f 349 350 351
f 349 351 352
f 353 354 355
f 353 355 356
f 357 358 359
f 357 359 360
f 361 362 363
f 361 363 364
f 365 366 367
f 365 367 368
f 369 370 371
f 369 371 372
f 373 374 375
f 373 375 376
f 377 378 379
f 377 379 380
f 381 382 383
f 381 383 384
f 385 386 387
f 385 387 388
f 389 390 391
f 389 391 392
f 393 394 395
f 393 395 396
f 397 398 399
f 397 399 400
f 401 402 403
f 401 403 404
f 405 406 407
f 405 407 408
f 409 410 411
f 409 411 412
f 413 414 415
f 413 415 416
f 417 418 419
f 417 419 420
f 421 422 423
f 421 423 424
f 425 426 427
f 425 427 428
f 429 430 431
f 429 431 432
f 433 434 435
f 433 435 436
f 437 438 439
f 437 439 440
f 441 442 443
f 441 443 444
f 445 446 447
f 445 447 448
f 449 450 451
f 449 451 452
f 453 454 455
f 453 455 456
f 457 458 459
f 457 459 460
f 461 462 463
f 461 463 464
f 465 466 467
f 465 467 468
f 469 470 471
f 469 471 472
f 473 474 475
f 473 475 476
f 477 478 479
f 477 479 480
f 481 482 483
f 481 483 484
f 485 486 487
f 485 487 488
f 489 490 491
f 489 491 492
f 493 494 495
f 493 495 496
f 497 498 499
f 497 499 500
f 501 502 503
f 501 503 504
f 505 506 507
f 505 507 508
f 509 510 511
f 509 511 512
f 513 514 515
f 513 515 516
f 517 518 519
f 517 519 520
f 521 522 523
f 521 523 524
f 525 526 527
f 525 527 528
f 529 530 531
f 529 531 532
f 533 534 535
f 533 535 536
f 537 538 539
f 537 539 540
f 541 542 543
f 541 543 544
f 545 546 547
f 545 547 548
f 549 550 551
f 549 551 552
f 553 554 555
f 553 555 556
f 557 558 559
f 557 559 560
f 561 562 563
f 561 563 564
f 565 566 567
f 565 567 568
f 569 570 571
f 569 571 572
f 573 574 575
f 573 575 576
f 577 578 579
f 577 579 580
f 581 582 583
f 581 583 584
f 585 586 587
f 585 587 588
f 589 590 591
f 589 591 592
f 593 594 595
f 593 595 596
f 597 598 599
f 597 599 600
f 601 602 603
f 601 603 604
f 605 606 607
f 605 607 608
f 609 610 611
f 609 611 612
f 613 614 615
f 613 615 616
f 617 618 619
f 617 619 620
f 621 622 623
f 621 623 624
f 625 626 627
f 625 627 628
f 629 630 631
f 629 631 632
f 633 634 635
f 633 635 636
f 637 638 639
f 637 639 640
f 641 642 643
f 641 643 644
f 645 646 647
f 645 647 648
f 649 650 651
f 649 651 652
f 653 654 655
f 653 655 656
f 657 658 659
f 657 659 660
f 661 662 663
f 661 663 664
f 665 666 667
f 665 667 668
f 669 670 671
f 669 671 672
f 673 674 675
f 673 675 676
f 677 678 679
f 677 679 680
f 681 682 683
f 681 683 684
f 685 686 687
f 685 687 688
f 689 690 691
f 689 691 692
f 693 694 695
f 693 695 696
f 697 698 699
f 697 699 700
f 701 702 703
f 701 703 704
f 705 706 707
f 705 707 708
f 709 710 711
f 709 711 712
f 713 714 715
f 713 715 716
f 717 718 719
f 717 719 720
f 721 722 723
f 721 723 724
f 725 726 727
f 725 727 728
f 729 730 731
f 729 731 732
f 733 734 735
f 733 735 736
f 737 738 739
f 737 739 740
f 741 742 743
f 741 743 744
f 745 746 747
f 745 747 748
f 749 750 751
f 749 751 752
f 753 754 755
f 753 755 756
f 757 758 759
f 757 759 760
f 761 762 763
f 761 763 764
f 765 766 767
f 765 767 768
f 769 770 771
f 769 771 772
f 773 774 775
f 773 775 776
f 777 778 779
f 777 779 780
f 781 782 783
f 781 783 784
f 785 786 787
f 785 787 788
f 789 790 791
f 789 791 792
f 793 794 795
f 793 795 796
f 797 798 799
f 797 799 800
f 801 802 803
f 801 803 804
f 805 806 807
f 805 807 808
f 809 810 811
f 809 811 812
f 813 814 815
f 813 815 816
f 817 818 819
f 817 819 820
f 821 822 823
f 821 823 824
f 825 826 827
f 825 827 828
f 829 830 831
f 829 831 832
f 833 834 835
f 833 835 836
f 837 838 839
f 837 839 840
f 841 842 843
f 841 843 844
f 845 846 847
f 845 847 848
f 849 850 851
f 849 851 852
f 853 854 855
f 853 855 856
f 857 858 859
f 857 859 860
f 861 862 863
f 861 863 864
f 865 866 867
f 865 867 868
f 869 870 871
f 869 871 872
f 873 874 875
f 873 875 876
f 877 878 879
f 877 879 880
f 881 882 883
f 881 883 884
f 885 886 887
f 885 887 888
f 889 890 891
f 889 891 892
f 893 894 895
f 893 895 896
f 897 898 899
f 897 899 900
f 901 902 903
f 901 903 904
f 905 906 907
f 905 907 908
f 909 910 911
f 909 911 912
f 913 914 915
f 913 915 916
f 917 918 919
f 917 919 920
f 921 922 923
f 921 923 924
f 925 926 927
f 925 927 928
f 929 930 931
f 929 931 932
f 933 934 935
f 933 935 936
f 937 938 939
f 937 939 940
f 941 942 943
f 941 943 944
f 945 946 947
f 945 947 948
f 949 950 951
f 949 951 952
f 953 954 955
f 953 955 956
f 957 958 959
f 957 959 960
f 961 962 963
f 961 963 964
f 965 966 967
f 965 967 968
f 969 970 971
f 969 971 972
f 973 974 975
f 973 975 976
f 977 978 979
f 977 979 980
f 981 982 983
f 981 983 984
f 985 986 987
f 985 987 988
f 989 990 991
f 989 991 992
f 993 994 995
f 993 995 996
f 997 998 999
f 997 999 1000
f 1001 1002 1003
f 1001 1003 1004
f 1005 1006 1007
f 1005 1007 1008
f 1009 1010 1011
f 1009 1011 1012
f 1013 1014 1015
f 1013 1015 1016
f 1017 1018 1019
f 1017 1019 1020
f 1021 1022 1023
f 1021 1023 1024
f 1025 1026 1027
f 1025 1027 1028
f 1029 1030 1031
f 1029 1031 1032
f 1033 1034 1035
f 1033 1035 1036
f 1037 1038 1039
f 1037 1039 1040
f 1041 1042 1043
f 1041 1043 1044
f 1045 1046 1047
f 1045 1047 1048
f 1049 1050 1051
f 1049 1051 1052
f 1053 1054 1055
f 1053 1055 1056
f 1057 1058 1059
f 1057 1059 1060
f 1061 1062 1063
f 1061 1063 1064
f 1065 1066 1067
f 1065 1067 1068
f 1069 1070 1071
f 1069 1071 1072
f 1073 1074 1075
f 1073 1075 1076
f 1077 1078 1079
f 1077 1079 1080
f 1081 1082 1083
f 1081 1083 1084
f 1085 1086 1087
f 1085 1087 1088
f 1089 1090 1091
f 1089 1091 1092
f 1093 1094 1095
f 1093 1095 1096
f 1097 1098 1099
f 1097 1099 1100
f 1101 1102 1103
f 1101 1103 1104
f 1105 1106 1107
f 1105 1107 1108
f 1109 1110 1111
f 1109 1111 1112
f 1113 1114 1115
f 1113 1115 1116
f 1117 1118 1119
f 1117 1119 1120
f 1121 1122 1123
f 1121 1123 1124
f 1125 1126 1127
f 1125 1127 1128
f 1129 1130 1131
f 1129 1131 1132
f 1133 1134 1135
f 1133 1135 1136
f 1137 1138 1139
f 1137 1139 1140
f 1141 1142 1143
f 1141 1143 1144
f 1145 1146 1147
f 1145 1147 1148
f 1149 1150 1151
f 1149 1151 1152
f 1153 1154 1155
f 1153 1155 1156
f 1157 1158 1159
f 1157 1159 1160
f 1161 1162 1163
f 1161 1163 1164
f 1165 1166 1167
f 1165 1167 1168
f 1169 1170 1171
f 1169 1171 1172
f 1173 1174 1175
f 1173 1175 1176
f 1177 1178 1179
f 1177 1179 1180
f 1181 1182 1183
f 1181 1183 1184
f 1185 1186 1187
f 1185 1187 1188
f 1189 1190 1191
f 1189 1191 1192
f 1193 1194 1195
f 1193 1195 1196
f 1197 1198 1199
f 1197 1199 1200
f 1201 1202 1203
f 1201 1203 1204
f 1205 1206 1207
f 1205 1207 1208
f 1209 1210 1211
f 1209 1211 1212
f 1213 1214 1215
f 1213 1215 1216
f 1217 1218 1219
f 1217 1219 1220
f 1221 1222 1223
f 1221 1223 1224
f 1225 1226 1227
f 1225 1227 1228
f 1229 1230 1231
f 1229 1231 1232
f 1233 1234 1235
f 1233 1235 1236
f 1237 1238 1239
f 1237 1239 1240
f 1241 1242 1243
f 1241 1243 1244
f 1245 1246 1247
f 1245 1247 1248
f 1249 1250 1251
f 1249 1251 1252
f 1253 1254 1255
f 1253 1255 1256
f 1257 1258 1259
f 1257 1259 1260
f 1261 1262 1263
f 1261 1263 1264
f 1265 1266 1267
f 1265 1267 1268
f 1269 1270 1271
f 1269 1271 1272
f 1273 1274 1275
f 1273 1275 1276
f 1277 1278 1279
f 1277 1279 1280
f 1281 1282 1283
f 1281 1283 1284
f 1285 1286 1287
f 1285 1287 1288
f 1289 1290 1291
f 1289 1291 1292
f 1293 1294 1295
f 1293 1295 1296
f 1297 1298 1299
f 1297 1299 1300
f 1301 1302 1303
f 1301 1303 1304
f 1305 1306 1307
f 1305 1307 1308
f 1309 1310 1311
f 1309 1311 1312
f 1313 1314 1315
f 1313 1315 1316
f 1317 1318 1319
f 1317 1319 1320
f 1321 1322 1323
f 1321 1323 1324
f 1325 1326 1327
f 1325 1327 1328
f 1329 1330 1331
f 1329 1331 1332
f 1333 1334 1335
f 1333 1335 1336
f 1337 1338 1339
f 1337 1339 1340
f 1341 1342 1343
f 1341 1343 1344
f 1345 1346 1347
f 1345 1347 1348
f 1349 1350 1351
f 1349 1351 1352
f 1353 1354 1355
f 1353 1355 1356
f 1357 1358 1359
f 1357 1359 1360
f 1361 1362 1363
f 1361 1363 1364
f 1365 1366 1367
f 1365 1367 1368
f 1369 1370 1371
f 1369 1371 1372
f 1373 1374 1375
f 1373 1375 1376
f 1377 1378 1379
f 1377 1379 1380
f 1381 1382 1383
f 1381 1383 1384
f 1385 1386 1387
f 1385 1387 1388
f 1389 1390 1391
f 1389 1391 1392
f 1393 1394 1395
f 1393 1395 1396
f 1397 1398 1399
f 1397 1399 1400
f 1401 1402 1403
f 1401 1403 1404
f 1405 1406 1407
f 1405 1407 1408
f 1409 1410 1411
f 1409 1411 1412
f 1413 1414 1415
f 1413 1415 1416
f 1417 1418 1419
f 1417 1419 1420
f 1421 1422 1423
f 1421 1423 1424
f 1425 1426 1427
f 1425 1427 1428
f 1429 1430 1431
f 1429 1431 1432
f 1433 1434 1435
f 1433 1435 1436
f 1437 1438 1439
f 1437 1439 1440
f 1441 1442 1443
f 1441 1443 1444
f 1445 1446 1447
f 1445 1447 1448
f 1449 1450 1451
f 1449 1451 1452
f 1453 1454 1455
f 1453 1455 1456
f 1457 1458 1459
f 1457 1459 1460
f 1461 1462 1463
f 1461 1463 1464
f 1465 1466 1467
f 1465 1467 1468
f 1469 1470 1471
f 1469 1471 1472
f 1473 1474 1475
f 1473 1475 1476
f 1477 1478 1479
f 1477 1479 1480
f 1481 1482 1483
f 1481 1483 1484
f 1485 1486 1487
f 1485 1487 1488
f 1489 1490 1491
f 1489 1491 1492
f 1493 1494 1495
f 1493 1495 1496
f 1497 1498 1499
f 1497 1499 1500
f 1501 1502 1503
f 1501 1503 1504
f 1505 1506 1507
f 1505 1507 1508
f 1509 1510 1511
f 1509 1511 1512
f 1513 1514 1515
f 1513 1515 1516
f 1517 1518 1519
f 1517 1519 1520
f 1521 1522 1523
f 1521 1523 1524
f 1525 1526 1527
f 1525 1527 1528
f 1529 1530 1531
f 1529 1531 1532
f 1533 1534 1535
f 1533 1535 1536
f 1537 1538 1539
f 1537 1539 1540
f 1541 1542 1543
f 1541 1543 1544
f 1545 1546 1547
f 1545 1547 1548
f 1549 1550 1551
f 1549 1551 1552
f 1553 1554 1555
f 1553 1555 1556
f 1557 1558 1559
f 1557 1559 1560
f 1561 1562 1563
f 1561 1563 1564
f 1565 1566 1567
f 1565 1567 1568
f 1569 1570 1571
f 1569 1571 1572
f 1573 1574 1575
f 1573 1575 1576
f 1577 1578 1579
f 1577 1579 1580
f 1581 1582 1583
f 1581 1583 1584
f 1585 1586 1587
f 1585 1587 1588
f 1589 1590 1591
f 1589 1591 1592
f 1593 1594 1595
f 1593 1595 1596
f 1597 1598 1599
f 1597 1599 1600
f 1601 1602 1603
f 1601 1603 1604
f 1605 1606 1607
f 1605 1607 1608
f 1609 1610 1611
f 1609 1611 1612
f 1613 1614 1615
f 1613 1615 1616
f 1617 1618 1619
f 1617 1619 1620
f 1621 1622 1623
f 1621 1623 1624
f 1625 1626 1627
f 1625 1627 1628
f 1629 1630 1631
f 1629 1631 1632
f 1633 1634 1635
f 1633 1635 1636
f 1637 1638 1639
f 1637 1639 1640
f 1641 1642 1643
f 1641 1643 1644
f 1645 1646 1647
f 1645 1647 1648
f 1649 1650 1651
f 1649 1651 1652
f 1653 1654 1655
f 1653 1655 1656
f 1657 1658 1659
f 1657 1659 1660
f 1661 1662 1663
f 1661 1663 1664
f 1665 1666 1667
f 1665 1667 1668
f 1669 1670 1671
f 1669 1671 1672
f 1673 1674 1675
f 1673 1675 1676
f 1677 1678 1679
f 1677 1679 1680
f 1681 1682 1683
f 1681 1683 1684
f 1685 1686 1687
f 1685 1687 1688
f 1689 1690 1691
f 1689 1691 1692
f 1693 1694 1695
f 1693 1695 1696
f 1697 1698 1699
f 1697 1699 1700
f 1701 1702 1703
f 1701 1703 1704
f 1705 1706 1707
f 1705 1707 1708
f 1709 1710 1711
f 1709 1711 1712
f 1713 1714 1715
f 1713 1715 1716
f 1717 1718 1719
f 1717 1719 1720
f 1721 1722 1723
f 1721 1723 1724
f 1725 1726 1727
f 1725 1727 1728
f 1729 1730 1731
f 1729 1731 1732
f 1733 1734 1735
f 1733 1735 1736
f 1737 1738 1739
f 1737 1739 1740
f 1741 1742 1743
f 1741 1743 1744
f 1745 1746 1747
f 1745 1747 1748
f 1749 1750 1751
f 1749 1751 1752
f 1753 1754 1755
f 1753 1755 1756
f 1757 1758 1759
f 1757 1759 1760
f 1761 1762 1763
f 1761 1763 1764
f 1765 1766 1767
f 1765 1767 1768
f 1769 1770 1771
f 1769 1771 1772
f 1773 1774 1775
f 1773 1775 1776
f 1777 1778 1779
f 1777 1779 1780
f 1781 1782 1783
f 1781 1783 1784
f 1785 1786 1787
f 1785 1787 1788
f 1789 1790 1791
f 1789 1791 1792
f 1793 1794 1795
f 1793 1795 1796
f 1797 1798 1799
f 1797 1799 1800
f 1801 1802 1803
f 1801 1803 1804
f 1805 1806 1807
f 1805 1807 1808
f 1809 1810 1811
f 1809 1811 1812
f 1813 1814 1815
f 1813 1815 1816
f 1817 1818 1819
f 1817 1819 1820
f 1821 1822 1823
f 1821 1823 1824
f 1825 1826 1827
f 1825 1827 1828
f 1829 1830 1831
f 1829 1831 1832
f 1833 1834 1835
f 1833 1835 1836
f 1837 1838 1839
f 1837 1839 1840
f 1841 1842 1843
f 1841 1843 1844
f 1845 1846 1847
f 1845 1847 1848
f 1849 1850 1851
f 1852 1853 1854
f 1855 1856 1857
f 1858 1859 1860
f 1861 1862 1863
f 1864 1865 1866
f 1867 1868 1869
f 1870 1871 1872
f 1873 1874 1875
f 1876 1877 1878
f 1879 1880 1881
f 1882 1883 1884
f 1885 1886 1887
f 1888 1889 1890
f 1891 1892 1893
f 1894 1895 1896
f 1897 1898 1899
f 1897 1899 1900
f 1901 1902 1903
f 1901 1903 1904
f 1905 1906 1907
f 1905 1907 1908
f 1909 1910 1911
f 1909 1911 1912
f 1913 1914 1915
f 1913 1915 1916
f 1917 1918 1919
f 1917 1919 1920
f 1921 1922 1923
f 1921 1923 1924
f 1925 1926 1927
f 1925 1927 1928
f 1929 1930 1931
f 1929 1931 1932
f 1933 1934 1935
f 1933 1935 1936
f 1937 1938 1939
f 1937 1939 1940
f 1941 1942 1943
f 1941 1943 1944
f 1945 1946 1947
f 1945 1947 1948
f 1949 1950 1951
f 1949 1951 1952
f 1953 1954 1955
f 1953 1955 1956
f 1957 1958 1959
f 1957 1959 1960
f 1961 1962 1963
f 1964 1965 1966
f 1967 1968 1969
f 1970 1971 1972
f 1973 1974 1975
f 1976 1977 1978
f 1979 1980 1981
f 1982 1983 1984
f 1985 1986 1987
f 1988 1989 1990
f 1991 1992 1993
f 1994 1995 1996
f 1997 1998 1999
f 2000 2001 2002
f 2003 2004 2005
f 2006 2007 2008
f 2009 2010 2011
f 2009 2011 2012
f 2013 2014 2015
f 2013 2015 2016
f 2017 2018 2019
f 2017 2019 2020
f 2021 2022 2023
f 2021 2023 2024
f 2025 2026 2027
f 2025 2027 2028
f 2029 2030 2031
f 2029 2031 2032
f 2033 2034 2035
f 2033 2035 2036
f 2037 2038 2039
f 2037 2039 2040
f 2041 2042 2043
f 2041 2043 2044
f 2045 2046 2047
f 2045 2047 2048
f 2049 2050 2051
f 2049 2051 2052
f 2053 2054 2055
f 2053 2055 2056
f 2057 2058 2059
f 2057 2059 2060
f 2061 2062 2063
f 2061 2063 2064
f 2065 2066 2067
f 2065 2067 2068
f 2069 2070 2071
f 2069 2071 2072
f 2073 2074 2075
f 2076 2077 2078
f 2079 2080 2081
f 2082 2083 2084
f 2085 2086 2087
f 2088 2089 2090
f 2091 2092 2093
f 2094 2095 2096
f 2097 2098 2099
f 2100 2101 2102
f 2103 2104 2105
f 2106 2107 2108
f 2109 2110 2111
f 2112 2113 2114
f 2115 2116 2117
f 2118 2119 2120
f 2121 2122 2123
f 2121 2123 2124
f 2125 2126 2127
f 2125 2127 2128
f 2129 2130 2131
f 2129 2131 2132
f 2133 2134 2135
f 2133 2135 2136
f 2137 2138 2139
f 2137 2139 2140
f 2141 2142 2143
f 2141 2143 2144
f 2145 2146 2147
f 2145 2147 2148
f 2149 2150 2151
f 2149 2151 2152
f 2153 2154 2155
f 2153 2155 2156
f 2157 2158 2159
f 2157 2159 2160
f 2161 2162 2163
f 2161 2163 2164
f 2165 2166 2167
f 2165 2167 2168
f 2169 2170 2171
f 2169 2171 2172
f 2173 2174 2175
f 2173 2175 2176
f 2177 2178 2179
f 2177 2179 2180
f 2181 2182 2183
f 2181 2183 2184
f 2185 2186 2187
f 2188 2189 2190
f 2191 2192 2193
f 2194 2195 2196
f 2197 2198 2199
f 2200 2201 2202
f 2203 2204 2205
f 2206 2207 2208
f 2209 2210 2211
f 2212 2213 2214
f 2215 2216 2217
f 2218 2219 2220
f 2221 2222 2223
f 2224 2225 2226
f 2227 2228 2229
f 2230 2231 2232
f 2233 2234 2235
f 2233 2235 2236
f 2237 2238 2239
f 2237 2239 2240
f 2241 2242 2243
f 2241 2243 2244
f 2245 2246 2247
f 2245 2247 2248
f 2249 2250 2251
f 2249 2251 2252
f 2253 2254 2255
f 2253 2255 2256
f 2257 2258 2259
f 2257 2259 2260
f 2261 2262 2263
f 2261 2263 2264
f 2265 2266 2267
f 2265 2267 2268
f 2269 2270 2271
f 2269 2271 2272
f 2273 2274 2275
f 2273 2275 2276
f 2277 2278 2279
f 2277 2279 2280
f 2281 2282 2283
f 2281 2283 2284
f 2285 2286 2287
f 2285 2287 2288
f 2289 2290 2291
f 2289 2291 2292
f 2293 2294 2295
f 2293 2295 2296
f 2297 2298 2299
f 2300 2301 2302
f 2303 2304 2305
f 2306 2307 2308
f 2309 2310 2311
f 2312 2313 2314
f 2315 2316 2317
f 2318 2319 2320
f 2321 2322 2323
f 2324 2325 2326
f 2327 2328 2329
f 2330 2331 2332
f 2333 2334 2335
f 2336 2337 2338
f 2339 2340 2341
f 2342 2343 2344
f 2345 2346 2347
f 2345 2347 2348
f 2349 2350 2351
f 2349 2351 2352
f 2353 2354 2355
f 2353 2355 2356
f 2357 2358 2359
f 2357 2359 2360
f 2361 2362 2363
f 2361 2363 2364
f 2365 2366 2367
f 2365 2367 2368
f 2369 2370 2371
f 2369 2371 2372
f 2373 2374 2375
f 2373 2375 2376
f 2377 2378 2379
f 2377 2379 2380
f 2381 2382 2383
f 2381 2383 2384
f 2385 2386 2387
f 2385 2387 2388
f 2389 2390 2391
f 2389 2391 2392
f 2393 2394 2395
f 2393 2395 2396
f 2397 2398 2399
f 2397 2399 2400
f 2401 2402 2403
f 2401 2403 2404
f 2405 2406 2407
f 2405 2407 2408
f 2409 2410 2411
f 2412 2413 2414
f 2415 2416 2417
f 2418 2419 2420
f 2421 2422 2423
f 2424 2425 2426
f 2427 2428 2429
f 2430 2431 2432
f 2433 2434 2435
f 2436 2437 2438
f 2439 2440 2441
f 2442 2443 2444
f 2445 2446 2447
f 2448 2449 2450
f 2451 2452 2453
f 2454 2455 2456
f 2457 2458 2459
f 2457 2459 2460
f 2461 2462 2463
f 2461 2463 2464
f 2465 2466 2467
f 2465 2467 2468
f 2469 2470 2471
f 2469 2471 2472
f 2473 2474 2475
f 2473 2475 2476
f 2477 2478 2479
f 2477 2479 2480
f 2481 2482 2483
f 2481 2483 2484
f 2485 2486 2487
f 2485 2487 2488
f 2489 2490 2491
f 2489 2491 2492
f 2493 2494 2495
f 2493 2495 2496
f 2497 2498 2499
f 2497 2499 2500
f 2501 2502 2503
f 2501 2503 2504
f 2505 2506 2507
f 2505 2507 2508
f 2509 2510 2511
f 2509 2511 2512
f 2513 2514 2515
f 2513 2515 2516
f 2517 2518 2519
f 2517 2519 2520
f 2521 2522 2523
f 2524 2525 2526
f 2527 2528 2529
f 2530 2531 2532
f 2533 2534 2535
f 2536 2537 2538
f 2539 2540 2541
f 2542 2543 2544
f 2545 2546 2547
f 2548 2549 2550
f 2551 2552 2553
f 2554 2555 2556
f 2557 2558 2559
f 2560 2561 2562
f 2563 2564 2565
f 2566 2567 2568
f 2569 2570 2571
f 2569 2571 2572
f 2573 2574 2575
f 2573 2575 2576
f 2577 2578 2579
f 2577 2579 2580
f 2581 2582 2583
f 2581 2583 2584
f 2585 2586 2587
f 2585 2587 2588
f 2589 2590 2591
f 2589 2591 2592
f 2593 2594 2595
f 2593 2595 2596
f 2597 2598 2599
f 2597 2599 2600
f 2601 2602 2603
f 2601 2603 2604
f 2605 2606 2607
f 2605 2607 2608
f 2609 2610 2611
f 2609 2611 2612
f 2613 2614 2615
f 2613 2615 2616
f 2617 2618 2619
f 2617 2619 2620
f 2621 2622 2623
f 2621 2623 2624
f 2625 2626 2627
f 2625 2627 2628
f 2629 2630 2631
f 2629 2631 2632
f 2633 2634 2635
f 2636 2637 2638
f 2639 2640 2641
f 2642 2643 2644
f 2645 2646 2647
f 2648 2649 2650
f 2651 2652 2653
f 2654 2655 2656
f 2657 2658 2659
f 2660 2661 2662
f 2663 2664 2665
f 2666 2667 2668
f 2669 2670 2671
f 2672 2673 2674
f 2675 2676 2677
f 2678 2679 2680
f 2681 2682 2683
f 2681 2683 2684
f 2685 2686 2687
f 2685 2687 2688
f 2689 2690 2691
f 2689 2691 2692
f 2693 2694 2695
f 2693 2695 2696
f 2697 2698 2699
f 2697 2699 2700
f 2701 2702 2703
f 2701 2703 2704
f 2705 2706 2707
f 2705 2707 2708
f 2709 2710 2711
f 2709 2711 2712
f 2713 2714 2715
f 2713 2715 2716
f 2717 2718 2719
f 2717 2719 2720
f 2721 2722 2723
f 2721 2723 2724
f 2725 2726 2727
f 2725 2727 2728
f 2729 2730 2731
f 2729 2731 2732
f 2733 2734 2735
f 2733 2735 2736
f 2737 2738 2739
f 2737 2739 2740
f 2741 2742 2743
f 2741 2743 2744
f 2745 2746 2747
f 2748 2749 2750
f 2751 2752 2753
f 2754 2755 2756
f 2757 2758 2759
f 2760 2761 2762
f 2763 2764 2765
f 2766 2767 2768
f 2769 2770 2771
f 2772 2773 2774
f 2775 2776 2777
f 2778 2779 2780
f 2781 2782 2783
f 2784 2785 2786
f 2787 2788 2789
f 2790 2791 2792
f 2793 2794 2795
f 2793 2795 2796
f 2797 2798 2799
f 2797 2799 2800
f 2801 2802 2803
f 2801 2803 2804
f 2805 2806 2807
f 2805 2807 2808
f 2809 2810 2811
f 2809 2811 2812
f 2813 2814 2815
f 2813 2815 2816
f 2817 2818 2819
f 2817 2819 2820
f 2821 2822 2823
f 2821 2823 2824
f 2825 2826 2827
f 2825 2827 2828
f 2829 2830 2831
f 2829 2831 2832
f 2833 2834 2835
f 2833 2835 2836
f 2837 2838 2839
f 2837 2839 2840
f 2841 2842 2843
f 2841 2843 2844
f 2845 2846 2847
f 2845 2847 2848
f 2849 2850 2851
f 2849 2851 2852
f 2853 2854 2855
f 2853 2855 2856
f 2857 2858 2859
f 2860 2861 2862
f 2863 2864 2865
f 2866 2867 2868
f 2869 2870 2871
f 2872 2873 2874
f 2875 2876 2877
f 2878 2879 2880
f 2881 2882 2883
f 2884 2885 2886
f 2887 2888 2889
f 2890 2891 2892
f 2893 2894 2895
f 2896 2897 2898
f 2899 2900 2901
f 2902 2903 2904
f 2905 2906 2907
f 2905 2907 2908
f 2909 2910 2911
f 2909 2911 2912
f 2913 2914 2915
f 2913 2915 2916
f 2917 2918 2919
f 2917 2919 2920
f 2921 2922 2923
f 2921 2923 2924
f 2925 2926 2927
f 2925 2927 2928
f 2929 2930 2931
f 2929 2931 2932
f 2933 2934 2935
f 2933 2935 2936
f 2937 2938 2939
f 2937 2939 2940
f 2941 2942 2943
f 2941 2943 2944
f 2945 2946 2947
f 2945 2947 2948
f 2949 2950 2951
f 2949 2951 2952
f 2953 2954 2955
f 2953 2955 2956
f 2957 2958 2959
f 2957 2959 2960
f 2961 2962 2963
f 2961 2963 2964
f 2965 2966 2967
f 2965 2967 2968
f 2969 2970 2971
f 2972 2973 2974
f 2975 2976 2977
f 2978 2979 2980
f 2981 2982 2983
f 2984 2985 2986
f 2987 2988 2989
f 2990 2991 2992
f 2993 2994 2995
f 2996 2997 2998
f 2999 3000 3001
f 3002 3003 3004
f 3005 3006 3007
f 3008 3009 3010
f 3011 3012 3013
f 3014 3015 3016
f 3017 3018 3019
f 3017 3019 3020
f 3021 3022 3023
f 3021 3023 3024
f 3025 3026 3027
f 3025 3027 3028
f 3029 3030 3031
f 3029 3031 3032
f 3033 3034 3035
f 3033 3035 3036
f 3037 3038 3039
f 3037 3039 3040
f 3041 3042 3043
f 3041 3043 3044
f 3045 3046 3047
f 3045 3047 3048
f 3049 3050 3051
f 3049 3051 3052
f 3053 3054 3055
f 3053 3055 3056
f 3057 3058 3059
f 3057 3059 3060
f 3061 3062 3063
f 3061 3063 3064
f 3065 3066 3067
f 3065 3067 3068
f 3069 3070 3071
f 3069 3071 3072
f 3073 3074 3075
f 3073 3075 3076
f 3077 3078 3079
f 3077 3079 3080
f 3081 3082 3083
f 3084 3085 3086
f 3087 3088 3089
f 3090 3091 3092
f 3093 3094 3095
f 3096 3097 3098
f 3099 3100 3101
f 3102 3103 3104
f 3105 3106 3107
f 3108 3109 3110
f 3111 3112 3113
f 3114 3115 3116
f 3117 3118 3119
f 3120 3121 3122
f 3123 3124 3125
f 3126 3127 3128
f 3129 3130 3131
f 3129 3131 3132
f 3133 3134 3135
f 3133 3135 3136
f 3137 3138 3139
f 3137 3139 3140
f 3141 3142 3143
f 3141 3143 3144
f 3145 3146 3147
f 3145 3147 3148
f 3149 3150 3151
f 3149 3151 3152
f 3153 3154 3155
f 3153 3155 3156
f 3157 3158 3159
f 3157 3159 3160
f 3161 3162 3163
f 3161 3163 3164
f 3165 3166 3167
f 3165 3167 3168
f 3169 3170 3171
f 3169 3171 3172
f 3173 3174 3175
f 3173 3175 3176
f 3177 3178 3179
f 3177 3179 3180
f 3181 3182 3183
f 3181 3183 3184
f 3185 3186 3187
f 3185 3187 3188
f 3189 3190 3191
f 3189 3191 3192
f 3193 3194 3195
f 3196 3197 3198
f 3199 3200 3201
f 3202 3203 3204
f 3205 3206 3207
f 3208 3209 3210
f 3211 3212 3213
f 3214 3215 3216
f 3217 3218 3219
f 3220 3221 3222
f 3223 3224 3225
f 3226 3227 3228
f 3229 3230 3231
f 3232 3233 3234
f 3235 3236 3237
f 3238 3239 3240
f 3241 3242 3243
f 3241 3243 3244
f 3245 3246 3247
f 3245 3247 3248
f 3249 3250 3251
f 3249 3251 3252
f 3253 3254 3255
f 3253 3255 3256
f 3257 3258 3259
f 3257 3259 3260
f 3261 3262 3263
f 3261 3263 3264
f 3265 3266 3267
f 3265 3267 3268
f 3269 3270 3271
f 3269 3271 3272
f 3273 3274 3275
f 3273 3275 3276
f 3277 3278 3279
f 3277 3279 3280
f 3281 3282 3283
f 3281 3283 3284
f 3285 3286 3287
f 3285 3287 3288
f 3289 3290 3291
f 3289 3291 3292
f 3293 3294 3295
f 3293 3295 3296
f 3297 3298 3299
f 3297 3299 3300
f 3301 3302 3303
f 3301 3303 3304
f 3305 3306 3307
f 3308 3309 3310
f 3311 3312 3313
f 3314 3315 3316
f 3317 3318 3319
f 3320 3321 3322
f 3323 3324 3325
f 3326 3327 3328
f 3329 3330 3331
f 3332 3333 3334
f 3335 3336 3337
f 3338 3339 3340
f 3341 3342 3343
f 3344 3345 3346
f 3347 3348 3349
f 3350 3351 3352
f 3353 3354 3355
f 3353 3355 3356
f 3357 3358 3359
f 3357 3359 3360
f 3361 3362 3363
f 3361 3363 3364
f 3365 3366 3367
f 3365 3367 3368
f 3369 3370 3371
f 3369 3371 3372
f 3373 3374 3375
f 3373 3375 3376
f 3377 3378 3379
f 3377 3379 3380
f 3381 3382 3383
f 3381 3383 3384
f 3385 3386 3387
f 3385 3387 3388
f 3389 3390 3391
f 3389 3391 3392
f 3393 3394 3395
f 3393 3395 3396
f 3397 3398 3399
f 3397 3399 3400
f 3401 3402 3403
f 3401 3403 3404
f 3405 3406 3407
f 3405 3407 3408
f 3409 3410 3411
f 3409 3411 3412
f 3413 3414 3415
f 3413 3415 3416
f 3417 3418 3419
f 3420 3421 3422
f 3423 3424 3425
f 3426 3427 3428
f 3429 3430 3431
f 3432 3433 3434
f 3435 3436 3437
f 3438 3439 3440
f 3441 3442 3443
f 3444 3445 3446
f 3447 3448 3449
f 3450 3451 3452
f 3453 3454 3455
f 3456 3457 3458
f 3459 3460 3461
f 3462 3463 3464
f 3465 3466 3467
f 3465 3467 3468
f 3469 3470 3471
f 3469 3471 3472
f 3473 3474 3475
f 3473 3475 3476
f 3477 3478 3479
f 3477 3479 3480
f 3481 3482 3483
f 3481 3483 3484
f 3485 3486 3487
f 3485 3487 3488
f 3489 3490 3491
f 3489 3491 3492
f 3493 3494 3495
f 3493 3495 3496
f 3497 3498 3499
f 3497 3499 3500
f 3501 3502 3503
f 3501 3503 3504
f 3505 3506 3507
f 3505 3507 3508
f 3509 3510 3511
f 3509 3511 3512
f 3513 3514 3515
f 3513 3515 3516
f 3517 3518 3519
f 3517 3519 3520
f 3521 3522 3523
f 3521 3523 3524
f 3525 3526 3527
f 3525 3527 3528
f 3529 3530 3531
f 3532 3533 3534
f 3535 3536 3537
f 3538 3539 3540
f 3541 3542 3543
f 3544 3545 3546
f 3547 3548 3549
f 3550 3551 3552
f 3553 3554 3555
f 3556 3557 3558
f 3559 3560 3561
f 3562 3563 3564
f 3565 3566 3567
f 3568 3569 3570
f 3571 3572 3573
f 3574 3575 3576
f 3577 3578 3579
f 3577 3579 3580
f 3581 3582 3583
f 3581 3583 3584
f 3585 3586 3587
f 3585 3587 3588
f 3589 3590 3591
f 3589 3591 3592
f 3593 3594 3595
f 3593 3595 3596
f 3597 3598 3599
f 3597 3599 3600
f 3601 3602 3603
f 3601 3603 3604
f 3605 3606 3607
f 3605 3607 3608
f 3609 3610 3611
f 3609 3611 3612
f 3613 3614 3615
f 3613 3615 3616
f 3617 3618 3619
f 3617 3619 3620
f 3621 3622 3623
f 3621 3623 3624
f 3625 3626 3627
f 3625 3627 3628
f 3629 3630 3631
f 3629 3631 3632
f 3633 3634 3635
f 3633 3635 3636
f 3637 3638 3639
f 3637 3639 3640
f 3641 3642 3643
f 3644 3645 3646
f 3647 3648 3649
f 3650 3651 3652
f 3653 3654 3655
f 3656 3657 3658
f 3659 3660 3661
f 3662 3663 3664
f 3665 3666 3667
f 3668 3669 3670
f 3671 3672 3673
f 3674 3675 3676
f 3677 3678 3679
f 3680 3681 3682
f 3683 3684 3685
f 3686 3687 3688
f 3689 3690 3691
f 3689 3691 3692
f 3693 3694 3695
f 3693 3695 3696
f 3697 3698 3699
f 3697 3699 3700
f 3701 3702 3703
f 3701 3703 3704
f 3705 3706 3707
f 3705 3707 3708
f 3709 3710 3711
f 3709 3711 3712
f 3713 3714 3715
f 3713 3715 3716
f 3717 3718 3719
f 3717 3719 3720
f 3721 3722 3723
f 3721 3723 3724
f 3725 3726 3727
f 3725 3727 3728
f 3729 3730 3731
f 3729 3731 3732
f 3733 3734 3735
f 3733 3735 3736
f 3737 3738 3739
f 3737 3739 3740
f 3741 3742 3743
f 3741 3743 3744
f 3745 3746 3747
f 3745 3747 3748
f 3749 3750 3751
f 3749 3751 3752
f 3753 3754 3755
f 3756 3757 3758
f 3759 3760 3761
f 3762 3763 3764
f 3765 3766 3767
f 3768 3769 3770
f 3771 3772 3773
f 3774 3775 3776
f 3777 3778 3779
f 3780 3781 3782
f 3783 3784 3785
f 3786 3787 3788
f 3789 3790 3791
f 3792 3793 3794
f 3795 3796 3797
f 3798 3799 3800
f 3801 3802 3803
f 3801 3803 3804
f 3805 3806 3807
f 3805 3807 3808
f 3809 3810 3811
f 3809 3811 3812
f 3813 3814 3815
f 3813 3815 3816
f 3817 3818 3819
f 3817 3819 3820
f 3821 3822 3823
f 3821 3823 3824
f 3825 3826 3827
f 3825 3827 3828
f 3829 3830 3831
f 3829 3831 3832
f 3833 3834 3835
f 3833 3835 3836
f 3837 3838 3839
f 3837 3839 3840
f 3841 3842 3843
f 3841 3843 3844
f 3845 3846 3847
f 3845 3847 3848
f 3849 3850 3851
f 3849 3851 3852
f 3853 3854 3855
f 3853 3855 3856
f 3857 3858 3859
f 3857 3859 3860
f 3861 3862 3863
f 3861 3863 3864
f 3865 3866 3867
f 3868 3869 3870
f 3871 3872 3873
f 3874 3875 3876
f 3877 3878 3879
f 3880 3881 3882
f 3883 3884 3885
f 3886 3887 3888
f 3889 3890 3891
f 3892 3893 3894
f 3895 3896 3897
f 3898 3899 3900
f 3901 3902 3903
f 3904 3905 3906
f 3907 3908 3909
f 3910 3911 3912
f 3913 3914 3915
f 3913 3915 3916
f 3917 3918 3919
f 3917 3919 3920
f 3921 3922 3923
f 3921 3923 3924
f 3925 3926 3927
f 3925 3927 3928
f 3929 3930 3931
f 3929 3931 3932
f 3933 3934 3935
f 3933 3935 3936
f 3937 3938 3939
f 3937 3939 3940
f 3941 3942 3943
f 3941 3943 3944
f 3945 3946 3947
f 3945 3947 3948
f 3949 3950 3951
f 3949 3951 3952
f 3953 3954 3955
f 3953 3955 3956
f 3957 3958 3959
f 3957 3959 3960
f 3961 3962 3963
f 3961 3963 3964
f 3965 3966 3967
f 3965 3967 3968
f 3969 3970 3971
f 3969 3971 3972
f 3973 3974 3975
f 3973 3975 3976
f 3977 3978 3979
f 3980 3981 3982
f 3983 3984 3985
f 3986 3987 3988
f 3989 3990 3991
f 3992 3993 3994
f 3995 3996 3997
f 3998 3999 4000
f 4001 4002 4003
f 4004 4005 4006
f 4007 4008 4009
f 4010 4011 4012
f 4013 4014 4015
f 4016 4017 4018
f 4019 4020 4021
f 4022 4023 4024
