# Baked from official LDraw part 3853.dat
o ldraw_3853
v -0.5000000 -1.8000000 0.0000000
v -0.4000000 -1.8000000 0.0000000
v -0.4076100 -1.8000000 0.0382700
v -0.5000000 -1.8000000 0.0000000
v -0.4076100 -1.8000000 0.0382700
v -0.4292900 -1.8000000 0.0707100
v -0.5000000 -1.8000000 0.0000000
v -0.4292900 -1.8000000 0.0707100
v -0.4617300 -1.8000000 0.0923900
v -0.5000000 -1.8000000 0.0000000
v -0.4617300 -1.8000000 0.0923900
v -0.5000000 -1.8000000 0.1000000
v -0.5000000 -1.8000000 0.0000000
v -0.5000000 -1.8000000 0.1000000
v -0.5382700 -1.8000000 0.0923900
v -0.5000000 -1.8000000 0.0000000
v -0.5382700 -1.8000000 0.0923900
v -0.5707100 -1.8000000 0.0707100
v -0.5000000 -1.8000000 0.0000000
v -0.5707100 -1.8000000 0.0707100
v -0.5923900 -1.8000000 0.0382700
v -0.5000000 -1.8000000 0.0000000
v -0.5923900 -1.8000000 0.0382700
v -0.6000000 -1.8000000 0.0000000
v -0.5000000 -1.8000000 0.0000000
v -0.6000000 -1.8000000 0.0000000
v -0.5923900 -1.8000000 -0.0382700
v -0.5000000 -1.8000000 0.0000000
v -0.5923900 -1.8000000 -0.0382700
v -0.5707100 -1.8000000 -0.0707100
v -0.5000000 -1.8000000 0.0000000
v -0.5707100 -1.8000000 -0.0707100
v -0.5382700 -1.8000000 -0.0923900
v -0.5000000 -1.8000000 0.0000000
v -0.5382700 -1.8000000 -0.0923900
v -0.5000000 -1.8000000 -0.1000000
v -0.5000000 -1.8000000 0.0000000
v -0.5000000 -1.8000000 -0.1000000
v -0.4617300 -1.8000000 -0.0923900
v -0.5000000 -1.8000000 0.0000000
v -0.4617300 -1.8000000 -0.0923900
v -0.4292900 -1.8000000 -0.0707100
v -0.5000000 -1.8000000 0.0000000
v -0.4292900 -1.8000000 -0.0707100
v -0.4076100 -1.8000000 -0.0382700
v -0.5000000 -1.8000000 0.0000000
v -0.4076100 -1.8000000 -0.0382700
v -0.4000000 -1.8000000 0.0000000
v -0.4000000 -1.7000000 0.0000000
v -0.4076100 -1.7000000 0.0382700
v -0.4076100 -1.8000000 0.0382700
v -0.4000000 -1.8000000 0.0000000
v -0.4076100 -1.7000000 0.0382700
v -0.4292900 -1.7000000 0.0707100
v -0.4292900 -1.8000000 0.0707100
v -0.4076100 -1.8000000 0.0382700
v -0.4292900 -1.7000000 0.0707100
v -0.4617300 -1.7000000 0.0923900
v -0.4617300 -1.8000000 0.0923900
v -0.4292900 -1.8000000 0.0707100
v -0.4617300 -1.7000000 0.0923900
v -0.5000000 -1.7000000 0.1000000
v -0.5000000 -1.8000000 0.1000000
v -0.4617300 -1.8000000 0.0923900
v -0.5000000 -1.7000000 0.1000000
v -0.5382700 -1.7000000 0.0923900
v -0.5382700 -1.8000000 0.0923900
v -0.5000000 -1.8000000 0.1000000
v -0.5382700 -1.7000000 0.0923900
v -0.5707100 -1.7000000 0.0707100
v -0.5707100 -1.8000000 0.0707100
v -0.5382700 -1.8000000 0.0923900
v -0.5707100 -1.7000000 0.0707100
v -0.5923900 -1.7000000 0.0382700
v -0.5923900 -1.8000000 0.0382700
v -0.5707100 -1.8000000 0.0707100
v -0.5923900 -1.7000000 0.0382700
v -0.6000000 -1.7000000 0.0000000
v -0.6000000 -1.8000000 0.0000000
v -0.5923900 -1.8000000 0.0382700
v -0.6000000 -1.7000000 0.0000000
v -0.5923900 -1.7000000 -0.0382700
v -0.5923900 -1.8000000 -0.0382700
v -0.6000000 -1.8000000 0.0000000
v -0.5923900 -1.7000000 -0.0382700
v -0.5707100 -1.7000000 -0.0707100
v -0.5707100 -1.8000000 -0.0707100
v -0.5923900 -1.8000000 -0.0382700
v -0.5707100 -1.7000000 -0.0707100
v -0.5382700 -1.7000000 -0.0923900
v -0.5382700 -1.8000000 -0.0923900
v -0.5707100 -1.8000000 -0.0707100
v -0.5382700 -1.7000000 -0.0923900
v -0.5000000 -1.7000000 -0.1000000
v -0.5000000 -1.8000000 -0.1000000
v -0.5382700 -1.8000000 -0.0923900
v -0.5000000 -1.7000000 -0.1000000
v -0.4617300 -1.7000000 -0.0923900
v -0.4617300 -1.8000000 -0.0923900
v -0.5000000 -1.8000000 -0.1000000
v -0.4617300 -1.7000000 -0.0923900
v -0.4292900 -1.7000000 -0.0707100
v -0.4292900 -1.8000000 -0.0707100
v -0.4617300 -1.8000000 -0.0923900
v -0.4292900 -1.7000000 -0.0707100
v -0.4076100 -1.7000000 -0.0382700
v -0.4076100 -1.8000000 -0.0382700
v -0.4292900 -1.8000000 -0.0707100
v -0.4076100 -1.7000000 -0.0382700
v -0.4000000 -1.7000000 0.0000000
v -0.4000000 -1.8000000 0.0000000
v -0.4076100 -1.8000000 -0.0382700
v 0.0000000 -1.8000000 0.0000000
v 0.1000000 -1.8000000 0.0000000
v 0.0923900 -1.8000000 0.0382700
v 0.0000000 -1.8000000 0.0000000
v 0.0923900 -1.8000000 0.0382700
v 0.0707100 -1.8000000 0.0707100
v 0.0000000 -1.8000000 0.0000000
v 0.0707100 -1.8000000 0.0707100
v 0.0382700 -1.8000000 0.0923900
v 0.0000000 -1.8000000 0.0000000
v 0.0382700 -1.8000000 0.0923900
v 0.0000000 -1.8000000 0.1000000
v 0.0000000 -1.8000000 0.0000000
v 0.0000000 -1.8000000 0.1000000
v -0.0382700 -1.8000000 0.0923900
v 0.0000000 -1.8000000 0.0000000
v -0.0382700 -1.8000000 0.0923900
v -0.0707100 -1.8000000 0.0707100
v 0.0000000 -1.8000000 0.0000000
v -0.0707100 -1.8000000 0.0707100
v -0.0923900 -1.8000000 0.0382700
v 0.0000000 -1.8000000 0.0000000
v -0.0923900 -1.8000000 0.0382700
v -0.1000000 -1.8000000 0.0000000
v 0.0000000 -1.8000000 0.0000000
v -0.1000000 -1.8000000 0.0000000
v -0.0923900 -1.8000000 -0.0382700
v 0.0000000 -1.8000000 0.0000000
v -0.0923900 -1.8000000 -0.0382700
v -0.0707100 -1.8000000 -0.0707100
v 0.0000000 -1.8000000 0.0000000
v -0.0707100 -1.8000000 -0.0707100
v -0.0382700 -1.8000000 -0.0923900
v 0.0000000 -1.8000000 0.0000000
v -0.0382700 -1.8000000 -0.0923900
v 0.0000000 -1.8000000 -0.1000000
v 0.0000000 -1.8000000 0.0000000
v 0.0000000 -1.8000000 -0.1000000
v 0.0382700 -1.8000000 -0.0923900
v 0.0000000 -1.8000000 0.0000000
v 0.0382700 -1.8000000 -0.0923900
v 0.0707100 -1.8000000 -0.0707100
v 0.0000000 -1.8000000 0.0000000
v 0.0707100 -1.8000000 -0.0707100
v 0.0923900 -1.8000000 -0.0382700
v 0.0000000 -1.8000000 0.0000000
v 0.0923900 -1.8000000 -0.0382700
v 0.1000000 -1.8000000 0.0000000
v 0.1000000 -1.7000000 0.0000000
v 0.0923900 -1.7000000 0.0382700
v 0.0923900 -1.8000000 0.0382700
v 0.1000000 -1.8000000 0.0000000
v 0.0923900 -1.7000000 0.0382700
v 0.0707100 -1.7000000 0.0707100
v 0.0707100 -1.8000000 0.0707100
v 0.0923900 -1.8000000 0.0382700
v 0.0707100 -1.7000000 0.0707100
v 0.0382700 -1.7000000 0.0923900
v 0.0382700 -1.8000000 0.0923900
v 0.0707100 -1.8000000 0.0707100
v 0.0382700 -1.7000000 0.0923900
v 0.0000000 -1.7000000 0.1000000
v 0.0000000 -1.8000000 0.1000000
v 0.0382700 -1.8000000 0.0923900
v 0.0000000 -1.7000000 0.1000000
v -0.0382700 -1.7000000 0.0923900
v -0.0382700 -1.8000000 0.0923900
v 0.0000000 -1.8000000 0.1000000
v -0.0382700 -1.7000000 0.0923900
v -0.0707100 -1.7000000 0.0707100
v -0.0707100 -1.8000000 0.0707100
v -0.0382700 -1.8000000 0.0923900
v -0.0707100 -1.7000000 0.0707100
v -0.0923900 -1.7000000 0.0382700
v -0.0923900 -1.8000000 0.0382700
v -0.0707100 -1.8000000 0.0707100
v -0.0923900 -1.7000000 0.0382700
v -0.1000000 -1.7000000 0.0000000
v -0.1000000 -1.8000000 0.0000000
v -0.0923900 -1.8000000 0.0382700
v -0.1000000 -1.7000000 0.0000000
v -0.0923900 -1.7000000 -0.0382700
v -0.0923900 -1.8000000 -0.0382700
v -0.1000000 -1.8000000 0.0000000
v -0.0923900 -1.7000000 -0.0382700
v -0.0707100 -1.7000000 -0.0707100
v -0.0707100 -1.8000000 -0.0707100
v -0.0923900 -1.8000000 -0.0382700
v -0.0707100 -1.7000000 -0.0707100
v -0.0382700 -1.7000000 -0.0923900
v -0.0382700 -1.8000000 -0.0923900
v -0.0707100 -1.8000000 -0.0707100
v -0.0382700 -1.7000000 -0.0923900
v 0.0000000 -1.7000000 -0.1000000
v 0.0000000 -1.8000000 -0.1000000
v -0.0382700 -1.8000000 -0.0923900
v 0.0000000 -1.7000000 -0.1000000
v 0.0382700 -1.7000000 -0.0923900
v 0.0382700 -1.8000000 -0.0923900
v 0.0000000 -1.8000000 -0.1000000
v 0.0382700 -1.7000000 -0.0923900
v 0.0707100 -1.7000000 -0.0707100
v 0.0707100 -1.8000000 -0.0707100
v 0.0382700 -1.8000000 -0.0923900
v 0.0707100 -1.7000000 -0.0707100
v 0.0923900 -1.7000000 -0.0382700
v 0.0923900 -1.8000000 -0.0382700
v 0.0707100 -1.8000000 -0.0707100
v 0.0923900 -1.7000000 -0.0382700
v 0.1000000 -1.7000000 0.0000000
v 0.1000000 -1.8000000 0.0000000
v 0.0923900 -1.8000000 -0.0382700
v 0.5000000 -1.8000000 0.0000000
v 0.6000000 -1.8000000 0.0000000
v 0.5923900 -1.8000000 0.0382700
v 0.5000000 -1.8000000 0.0000000
v 0.5923900 -1.8000000 0.0382700
v 0.5707100 -1.8000000 0.0707100
v 0.5000000 -1.8000000 0.0000000
v 0.5707100 -1.8000000 0.0707100
v 0.5382700 -1.8000000 0.0923900
v 0.5000000 -1.8000000 0.0000000
v 0.5382700 -1.8000000 0.0923900
v 0.5000000 -1.8000000 0.1000000
v 0.5000000 -1.8000000 0.0000000
v 0.5000000 -1.8000000 0.1000000
v 0.4617300 -1.8000000 0.0923900
v 0.5000000 -1.8000000 0.0000000
v 0.4617300 -1.8000000 0.0923900
v 0.4292900 -1.8000000 0.0707100
v 0.5000000 -1.8000000 0.0000000
v 0.4292900 -1.8000000 0.0707100
v 0.4076100 -1.8000000 0.0382700
v 0.5000000 -1.8000000 0.0000000
v 0.4076100 -1.8000000 0.0382700
v 0.4000000 -1.8000000 0.0000000
v 0.5000000 -1.8000000 0.0000000
v 0.4000000 -1.8000000 0.0000000
v 0.4076100 -1.8000000 -0.0382700
v 0.5000000 -1.8000000 0.0000000
v 0.4076100 -1.8000000 -0.0382700
v 0.4292900 -1.8000000 -0.0707100
v 0.5000000 -1.8000000 0.0000000
v 0.4292900 -1.8000000 -0.0707100
v 0.4617300 -1.8000000 -0.0923900
v 0.5000000 -1.8000000 0.0000000
v 0.4617300 -1.8000000 -0.0923900
v 0.5000000 -1.8000000 -0.1000000
v 0.5000000 -1.8000000 0.0000000
v 0.5000000 -1.8000000 -0.1000000
v 0.5382700 -1.8000000 -0.0923900
v 0.5000000 -1.8000000 0.0000000
v 0.5382700 -1.8000000 -0.0923900
v 0.5707100 -1.8000000 -0.0707100
v 0.5000000 -1.8000000 0.0000000
v 0.5707100 -1.8000000 -0.0707100
v 0.5923900 -1.8000000 -0.0382700
v 0.5000000 -1.8000000 0.0000000
v 0.5923900 -1.8000000 -0.0382700
v 0.6000000 -1.8000000 0.0000000
v 0.6000000 -1.7000000 0.0000000
v 0.5923900 -1.7000000 0.0382700
v 0.5923900 -1.8000000 0.0382700
v 0.6000000 -1.8000000 0.0000000
v 0.5923900 -1.7000000 0.0382700
v 0.5707100 -1.7000000 0.0707100
v 0.5707100 -1.8000000 0.0707100
v 0.5923900 -1.8000000 0.0382700
v 0.5707100 -1.7000000 0.0707100
v 0.5382700 -1.7000000 0.0923900
v 0.5382700 -1.8000000 0.0923900
v 0.5707100 -1.8000000 0.0707100
v 0.5382700 -1.7000000 0.0923900
v 0.5000000 -1.7000000 0.1000000
v 0.5000000 -1.8000000 0.1000000
v 0.5382700 -1.8000000 0.0923900
v 0.5000000 -1.7000000 0.1000000
v 0.4617300 -1.7000000 0.0923900
v 0.4617300 -1.8000000 0.0923900
v 0.5000000 -1.8000000 0.1000000
v 0.4617300 -1.7000000 0.0923900
v 0.4292900 -1.7000000 0.0707100
v 0.4292900 -1.8000000 0.0707100
v 0.4617300 -1.8000000 0.0923900
v 0.4292900 -1.7000000 0.0707100
v 0.4076100 -1.7000000 0.0382700
v 0.4076100 -1.8000000 0.0382700
v 0.4292900 -1.8000000 0.0707100
v 0.4076100 -1.7000000 0.0382700
v 0.4000000 -1.7000000 0.0000000
v 0.4000000 -1.8000000 0.0000000
v 0.4076100 -1.8000000 0.0382700
v 0.4000000 -1.7000000 0.0000000
v 0.4076100 -1.7000000 -0.0382700
v 0.4076100 -1.8000000 -0.0382700
v 0.4000000 -1.8000000 0.0000000
v 0.4076100 -1.7000000 -0.0382700
v 0.4292900 -1.7000000 -0.0707100
v 0.4292900 -1.8000000 -0.0707100
v 0.4076100 -1.8000000 -0.0382700
v 0.4292900 -1.7000000 -0.0707100
v 0.4617300 -1.7000000 -0.0923900
v 0.4617300 -1.8000000 -0.0923900
v 0.4292900 -1.8000000 -0.0707100
v 0.4617300 -1.7000000 -0.0923900
v 0.5000000 -1.7000000 -0.1000000
v 0.5000000 -1.8000000 -0.1000000
v 0.4617300 -1.8000000 -0.0923900
v 0.5000000 -1.7000000 -0.1000000
v 0.5382700 -1.7000000 -0.0923900
v 0.5382700 -1.8000000 -0.0923900
v 0.5000000 -1.8000000 -0.1000000
v 0.5382700 -1.7000000 -0.0923900
v 0.5707100 -1.7000000 -0.0707100
v 0.5707100 -1.8000000 -0.0707100
v 0.5382700 -1.8000000 -0.0923900
v 0.5707100 -1.7000000 -0.0707100
v 0.5923900 -1.7000000 -0.0382700
v 0.5923900 -1.8000000 -0.0382700
v 0.5707100 -1.8000000 -0.0707100
v 0.5923900 -1.7000000 -0.0382700
v 0.6000000 -1.7000000 0.0000000
v 0.6000000 -1.8000000 0.0000000
v 0.5923900 -1.8000000 -0.0382700
v 0.9000000 -1.7000000 0.1500000
v 0.9000000 -1.8000000 0.1500000
v -0.9000000 -1.8000000 0.1500000
v -0.9000000 -1.7000000 0.1500000
v -0.9000000 -1.7000000 0.1500000
v -0.9000000 -1.8000000 0.1500000
v -0.9000000 -1.8000000 -0.1500000
v -0.9000000 -1.7000000 -0.1500000
v -0.9000000 -1.7000000 -0.1500000
v -0.9000000 -1.8000000 -0.1500000
v 0.9000000 -1.8000000 -0.1500000
v 0.9000000 -1.7000000 -0.1500000
v 0.9000000 -1.7000000 -0.1500000
v 0.9000000 -1.8000000 -0.1500000
v 0.9000000 -1.8000000 0.1500000
v 0.9000000 -1.7000000 0.1500000
v -1.0000000 -1.8000000 0.2500000
v -0.9000000 -1.8000000 0.1500000
v 0.9000000 -1.8000000 0.1500000
v 1.0000000 -1.8000000 0.2500000
v -1.0000000 -1.8000000 -0.2500000
v -0.9000000 -1.8000000 -0.1500000
v -0.9000000 -1.8000000 0.1500000
v -1.0000000 -1.8000000 0.2500000
v 1.0000000 -1.8000000 -0.2500000
v 0.9000000 -1.8000000 -0.1500000
v -0.9000000 -1.8000000 -0.1500000
v -1.0000000 -1.8000000 -0.2500000
v -0.9000000 -1.6000000 -0.2500000
v -0.9000000 -1.6000000 -0.1500000
v 0.9000000 -1.6000000 -0.1500000
v 0.9000000 -1.6000000 -0.2500000
v 0.9000000 -0.1000000 -0.2500000
v 0.9000000 -0.1000000 -0.1500000
v -0.9000000 -0.1000000 -0.1500000
v -0.9000000 -0.1000000 -0.2500000
v -1.0000000 -0.0000000 -0.2500000
v -0.8500000 -0.0000000 -0.1707000
v 0.8500000 -0.0000000 -0.1707000
v 1.0000000 -0.0000000 -0.2500000
v 0.7500000 -0.0000000 -0.1500000
v 0.8500000 -0.0000000 -0.1707000
v -0.8500000 -0.0000000 -0.1707000
v -0.7500000 -0.0000000 -0.1500000
v -0.7500000 -0.0000000 0.1500000
v -0.8500000 -0.0000000 0.1707000
v 0.8500000 -0.0000000 0.1707000
v 0.7500000 -0.0000000 0.1500000
v 0.6000000 -0.0000000 0.1500000
v 0.6000000 -0.0000000 -0.1500000
v -0.6000000 -0.0000000 -0.1500000
v -0.6000000 -0.0000000 0.1500000
v 1.0000000 -0.0000000 0.2500000
v 0.8500000 -0.0000000 0.1707000
v -0.8500000 -0.0000000 0.1707000
v -1.0000000 -0.0000000 0.2500000
v 0.9000000 -0.1000000 0.1500000
v 0.9000000 -0.1000000 0.2500000
v -0.9000000 -0.1000000 0.2500000
v -0.9000000 -0.1000000 0.1500000
v 0.9000000 -0.1000000 -0.0500000
v 0.9000000 -0.1000000 0.0500000
v -0.9000000 -0.1000000 0.0500000
v -0.9000000 -0.1000000 -0.0500000
v 0.8000000 -0.1000000 0.0500000
v 0.8000000 -0.1000000 0.1500000
v -0.8000000 -0.1000000 0.1500000
v -0.8000000 -0.1000000 0.0500000
v 0.8000000 -0.1000000 -0.1500000
v 0.8000000 -0.1000000 -0.0500000
v -0.8000000 -0.1000000 -0.0500000
v -0.8000000 -0.1000000 -0.1500000
v -0.9000000 -1.6000000 0.1500000
v -0.9000000 -1.6000000 0.2500000
v 0.9000000 -1.6000000 0.2500000
v 0.9000000 -1.6000000 0.1500000
v -0.8000000 -1.6000000 -0.1500000
v -0.8000000 -1.6000000 -0.0500000
v 0.8000000 -1.6000000 -0.0500000
v 0.8000000 -1.6000000 -0.1500000
v -0.8000000 -1.6000000 0.0500000
v -0.8000000 -1.6000000 0.1500000
v 0.8000000 -1.6000000 0.1500000
v 0.8000000 -1.6000000 0.0500000
v 0.8000000 -1.7000000 0.0500000
v 0.8000000 -1.7000000 0.1500000
v -0.8000000 -1.7000000 0.1500000
v -0.8000000 -1.7000000 0.0500000
v 0.9000000 -1.7000000 -0.0500000
v 0.9000000 -1.7000000 0.0500000
v -0.9000000 -1.7000000 0.0500000
v -0.9000000 -1.7000000 -0.0500000
v 0.8000000 -1.7000000 -0.1500000
v 0.8000000 -1.7000000 -0.0500000
v -0.8000000 -1.7000000 -0.0500000
v -0.8000000 -1.7000000 -0.1500000
v 1.0000000 -1.8000000 0.2500000
v 0.9000000 -1.8000000 0.1500000
v 0.9000000 -1.8000000 -0.1500000
v 1.0000000 -1.8000000 -0.2500000
v -0.1500000 -0.0000000 0.0000000
v -0.1576100 -0.0000000 0.0382700
v -0.1576100 0.1000000 0.0382700
v -0.1500000 0.1000000 0.0000000
v -0.1576100 -0.0000000 0.0382700
v -0.1792900 -0.0000000 0.0707100
v -0.1792900 0.1000000 0.0707100
v -0.1576100 0.1000000 0.0382700
v -0.1792900 -0.0000000 0.0707100
v -0.2117300 -0.0000000 0.0923900
v -0.2117300 0.1000000 0.0923900
v -0.1792900 0.1000000 0.0707100
v -0.2117300 -0.0000000 0.0923900
v -0.2500000 -0.0000000 0.1000000
v -0.2500000 0.1000000 0.1000000
v -0.2117300 0.1000000 0.0923900
v -0.2500000 -0.0000000 0.1000000
v -0.2882700 -0.0000000 0.0923900
v -0.2882700 0.1000000 0.0923900
v -0.2500000 0.1000000 0.1000000
v -0.2882700 -0.0000000 0.0923900
v -0.3207100 -0.0000000 0.0707100
v -0.3207100 0.1000000 0.0707100
v -0.2882700 0.1000000 0.0923900
v -0.3207100 -0.0000000 0.0707100
v -0.3423900 -0.0000000 0.0382700
v -0.3423900 0.1000000 0.0382700
v -0.3207100 0.1000000 0.0707100
v -0.3423900 -0.0000000 0.0382700
v -0.3500000 -0.0000000 0.0000000
v -0.3500000 0.1000000 0.0000000
v -0.3423900 0.1000000 0.0382700
v -0.3500000 -0.0000000 0.0000000
v -0.3423900 -0.0000000 -0.0382700
v -0.3423900 0.1000000 -0.0382700
v -0.3500000 0.1000000 0.0000000
v -0.3423900 -0.0000000 -0.0382700
v -0.3207100 -0.0000000 -0.0707100
v -0.3207100 0.1000000 -0.0707100
v -0.3423900 0.1000000 -0.0382700
v -0.3207100 -0.0000000 -0.0707100
v -0.2882700 -0.0000000 -0.0923900
v -0.2882700 0.1000000 -0.0923900
v -0.3207100 0.1000000 -0.0707100
v -0.2882700 -0.0000000 -0.0923900
v -0.2500000 -0.0000000 -0.1000000
v -0.2500000 0.1000000 -0.1000000
v -0.2882700 0.1000000 -0.0923900
v -0.2500000 -0.0000000 -0.1000000
v -0.2117300 -0.0000000 -0.0923900
v -0.2117300 0.1000000 -0.0923900
v -0.2500000 0.1000000 -0.1000000
v -0.2117300 -0.0000000 -0.0923900
v -0.1792900 -0.0000000 -0.0707100
v -0.1792900 0.1000000 -0.0707100
v -0.2117300 0.1000000 -0.0923900
v -0.1792900 -0.0000000 -0.0707100
v -0.1576100 -0.0000000 -0.0382700
v -0.1576100 0.1000000 -0.0382700
v -0.1792900 0.1000000 -0.0707100
v -0.1576100 -0.0000000 -0.0382700
v -0.1500000 -0.0000000 0.0000000
v -0.1500000 0.1000000 0.0000000
v -0.1576100 0.1000000 -0.0382700
v -0.1000000 0.1000000 0.0000000
v -0.1114150 0.1000000 0.0574050
v -0.1114150 -0.0000000 0.0574050
v -0.1000000 -0.0000000 0.0000000
v -0.1114150 0.1000000 0.0574050
v -0.1439350 0.1000000 0.1060650
v -0.1439350 -0.0000000 0.1060650
v -0.1114150 -0.0000000 0.0574050
v -0.1439350 0.1000000 0.1060650
v -0.1925950 0.1000000 0.1385850
v -0.1925950 -0.0000000 0.1385850
v -0.1439350 -0.0000000 0.1060650
v -0.1925950 0.1000000 0.1385850
v -0.2500000 0.1000000 0.1500000
v -0.2500000 -0.0000000 0.1500000
v -0.1925950 -0.0000000 0.1385850
v -0.2500000 0.1000000 0.1500000
v -0.3074050 0.1000000 0.1385850
v -0.3074050 -0.0000000 0.1385850
v -0.2500000 -0.0000000 0.1500000
v -0.3074050 0.1000000 0.1385850
v -0.3560650 0.1000000 0.1060650
v -0.3560650 -0.0000000 0.1060650
v -0.3074050 -0.0000000 0.1385850
v -0.3560650 0.1000000 0.1060650
v -0.3885850 0.1000000 0.0574050
v -0.3885850 -0.0000000 0.0574050
v -0.3560650 -0.0000000 0.1060650
v -0.3885850 0.1000000 0.0574050
v -0.4000000 0.1000000 0.0000000
v -0.4000000 -0.0000000 0.0000000
v -0.3885850 -0.0000000 0.0574050
v -0.4000000 0.1000000 0.0000000
v -0.3885850 0.1000000 -0.0574050
v -0.3885850 -0.0000000 -0.0574050
v -0.4000000 -0.0000000 0.0000000
v -0.3885850 0.1000000 -0.0574050
v -0.3560650 0.1000000 -0.1060650
v -0.3560650 -0.0000000 -0.1060650
v -0.3885850 -0.0000000 -0.0574050
v -0.3560650 0.1000000 -0.1060650
v -0.3074050 0.1000000 -0.1385850
v -0.3074050 -0.0000000 -0.1385850
v -0.3560650 -0.0000000 -0.1060650
v -0.3074050 0.1000000 -0.1385850
v -0.2500000 0.1000000 -0.1500000
v -0.2500000 -0.0000000 -0.1500000
v -0.3074050 -0.0000000 -0.1385850
v -0.2500000 0.1000000 -0.1500000
v -0.1925950 0.1000000 -0.1385850
v -0.1925950 -0.0000000 -0.1385850
v -0.2500000 -0.0000000 -0.1500000
v -0.1925950 0.1000000 -0.1385850
v -0.1439350 0.1000000 -0.1060650
v -0.1439350 -0.0000000 -0.1060650
v -0.1925950 -0.0000000 -0.1385850
v -0.1439350 0.1000000 -0.1060650
v -0.1114150 0.1000000 -0.0574050
v -0.1114150 -0.0000000 -0.0574050
v -0.1439350 -0.0000000 -0.1060650
v -0.1114150 0.1000000 -0.0574050
v -0.1000000 0.1000000 0.0000000
v -0.1000000 -0.0000000 0.0000000
v -0.1114150 -0.0000000 -0.0574050
v -0.2500000 0.1000000 0.1500000
v -0.2500000 0.1000000 0.1000000
v -0.2882700 0.1000000 0.0923900
v -0.3074050 0.1000000 0.1385850
v -0.3074050 0.1000000 0.1385850
v -0.2882700 0.1000000 0.0923900
v -0.3207100 0.1000000 0.0707100
v -0.3560650 0.1000000 0.1060650
v -0.3560650 0.1000000 0.1060650
v -0.3207100 0.1000000 0.0707100
v -0.3423900 0.1000000 0.0382700
v -0.3885850 0.1000000 0.0574050
v -0.3885850 0.1000000 0.0574050
v -0.3423900 0.1000000 0.0382700
v -0.3500000 0.1000000 0.0000000
v -0.4000000 0.1000000 0.0000000
v -0.4000000 0.1000000 0.0000000
v -0.3500000 0.1000000 0.0000000
v -0.3423900 0.1000000 -0.0382700
v -0.3885850 0.1000000 -0.0574050
v -0.3885850 0.1000000 -0.0574050
v -0.3423900 0.1000000 -0.0382700
v -0.3207100 0.1000000 -0.0707100
v -0.3560650 0.1000000 -0.1060650
v -0.3560650 0.1000000 -0.1060650
v -0.3207100 0.1000000 -0.0707100
v -0.2882700 0.1000000 -0.0923900
v -0.3074050 0.1000000 -0.1385850
v -0.3074050 0.1000000 -0.1385850
v -0.2882700 0.1000000 -0.0923900
v -0.2500000 0.1000000 -0.1000000
v -0.2500000 0.1000000 -0.1500000
v -0.2500000 0.1000000 -0.1500000
v -0.2500000 0.1000000 -0.1000000
v -0.2117300 0.1000000 -0.0923900
v -0.1925950 0.1000000 -0.1385850
v -0.1925950 0.1000000 -0.1385850
v -0.2117300 0.1000000 -0.0923900
v -0.1792900 0.1000000 -0.0707100
v -0.1439350 0.1000000 -0.1060650
v -0.1439350 0.1000000 -0.1060650
v -0.1792900 0.1000000 -0.0707100
v -0.1576100 0.1000000 -0.0382700
v -0.1114150 0.1000000 -0.0574050
v -0.1114150 0.1000000 -0.0574050
v -0.1576100 0.1000000 -0.0382700
v -0.1500000 0.1000000 0.0000000
v -0.1000000 0.1000000 0.0000000
v -0.1000000 0.1000000 0.0000000
v -0.1500000 0.1000000 0.0000000
v -0.1576100 0.1000000 0.0382700
v -0.1114150 0.1000000 0.0574050
v -0.1114150 0.1000000 0.0574050
v -0.1576100 0.1000000 0.0382700
v -0.1792900 0.1000000 0.0707100
v -0.1439350 0.1000000 0.1060650
v -0.1439350 0.1000000 0.1060650
v -0.1792900 0.1000000 0.0707100
v -0.2117300 0.1000000 0.0923900
v -0.1925950 0.1000000 0.1385850
v -0.1925950 0.1000000 0.1385850
v -0.2117300 0.1000000 0.0923900
v -0.2500000 0.1000000 0.1000000
v -0.2500000 0.1000000 0.1500000
v 0.3500000 -0.0000000 0.0000000
v 0.3423900 -0.0000000 0.0382700
v 0.3423900 0.1000000 0.0382700
v 0.3500000 0.1000000 0.0000000
v 0.3423900 -0.0000000 0.0382700
v 0.3207100 -0.0000000 0.0707100
v 0.3207100 0.1000000 0.0707100
v 0.3423900 0.1000000 0.0382700
v 0.3207100 -0.0000000 0.0707100
v 0.2882700 -0.0000000 0.0923900
v 0.2882700 0.1000000 0.0923900
v 0.3207100 0.1000000 0.0707100
v 0.2882700 -0.0000000 0.0923900
v 0.2500000 -0.0000000 0.1000000
v 0.2500000 0.1000000 0.1000000
v 0.2882700 0.1000000 0.0923900
v 0.2500000 -0.0000000 0.1000000
v 0.2117300 -0.0000000 0.0923900
v 0.2117300 0.1000000 0.0923900
v 0.2500000 0.1000000 0.1000000
v 0.2117300 -0.0000000 0.0923900
v 0.1792900 -0.0000000 0.0707100
v 0.1792900 0.1000000 0.0707100
v 0.2117300 0.1000000 0.0923900
v 0.1792900 -0.0000000 0.0707100
v 0.1576100 -0.0000000 0.0382700
v 0.1576100 0.1000000 0.0382700
v 0.1792900 0.1000000 0.0707100
v 0.1576100 -0.0000000 0.0382700
v 0.1500000 -0.0000000 0.0000000
v 0.1500000 0.1000000 0.0000000
v 0.1576100 0.1000000 0.0382700
v 0.1500000 -0.0000000 0.0000000
v 0.1576100 -0.0000000 -0.0382700
v 0.1576100 0.1000000 -0.0382700
v 0.1500000 0.1000000 0.0000000
v 0.1576100 -0.0000000 -0.0382700
v 0.1792900 -0.0000000 -0.0707100
v 0.1792900 0.1000000 -0.0707100
v 0.1576100 0.1000000 -0.0382700
v 0.1792900 -0.0000000 -0.0707100
v 0.2117300 -0.0000000 -0.0923900
v 0.2117300 0.1000000 -0.0923900
v 0.1792900 0.1000000 -0.0707100
v 0.2117300 -0.0000000 -0.0923900
v 0.2500000 -0.0000000 -0.1000000
v 0.2500000 0.1000000 -0.1000000
v 0.2117300 0.1000000 -0.0923900
v 0.2500000 -0.0000000 -0.1000000
v 0.2882700 -0.0000000 -0.0923900
v 0.2882700 0.1000000 -0.0923900
v 0.2500000 0.1000000 -0.1000000
v 0.2882700 -0.0000000 -0.0923900
v 0.3207100 -0.0000000 -0.0707100
v 0.3207100 0.1000000 -0.0707100
v 0.2882700 0.1000000 -0.0923900
v 0.3207100 -0.0000000 -0.0707100
v 0.3423900 -0.0000000 -0.0382700
v 0.3423900 0.1000000 -0.0382700
v 0.3207100 0.1000000 -0.0707100
v 0.3423900 -0.0000000 -0.0382700
v 0.3500000 -0.0000000 0.0000000
v 0.3500000 0.1000000 0.0000000
v 0.3423900 0.1000000 -0.0382700
v 0.4000000 0.1000000 0.0000000
v 0.3885850 0.1000000 0.0574050
v 0.3885850 -0.0000000 0.0574050
v 0.4000000 -0.0000000 0.0000000
v 0.3885850 0.1000000 0.0574050
v 0.3560650 0.1000000 0.1060650
v 0.3560650 -0.0000000 0.1060650
v 0.3885850 -0.0000000 0.0574050
v 0.3560650 0.1000000 0.1060650
v 0.3074050 0.1000000 0.1385850
v 0.3074050 -0.0000000 0.1385850
v 0.3560650 -0.0000000 0.1060650
v 0.3074050 0.1000000 0.1385850
v 0.2500000 0.1000000 0.1500000
v 0.2500000 -0.0000000 0.1500000
v 0.3074050 -0.0000000 0.1385850
v 0.2500000 0.1000000 0.1500000
v 0.1925950 0.1000000 0.1385850
v 0.1925950 -0.0000000 0.1385850
v 0.2500000 -0.0000000 0.1500000
v 0.1925950 0.1000000 0.1385850
v 0.1439350 0.1000000 0.1060650
v 0.1439350 -0.0000000 0.1060650
v 0.1925950 -0.0000000 0.1385850
v 0.1439350 0.1000000 0.1060650
v 0.1114150 0.1000000 0.0574050
v 0.1114150 -0.0000000 0.0574050
v 0.1439350 -0.0000000 0.1060650
v 0.1114150 0.1000000 0.0574050
v 0.1000000 0.1000000 0.0000000
v 0.1000000 -0.0000000 0.0000000
v 0.1114150 -0.0000000 0.0574050
v 0.1000000 0.1000000 0.0000000
v 0.1114150 0.1000000 -0.0574050
v 0.1114150 -0.0000000 -0.0574050
v 0.1000000 -0.0000000 0.0000000
v 0.1114150 0.1000000 -0.0574050
v 0.1439350 0.1000000 -0.1060650
v 0.1439350 -0.0000000 -0.1060650
v 0.1114150 -0.0000000 -0.0574050
v 0.1439350 0.1000000 -0.1060650
v 0.1925950 0.1000000 -0.1385850
v 0.1925950 -0.0000000 -0.1385850
v 0.1439350 -0.0000000 -0.1060650
v 0.1925950 0.1000000 -0.1385850
v 0.2500000 0.1000000 -0.1500000
v 0.2500000 -0.0000000 -0.1500000
v 0.1925950 -0.0000000 -0.1385850
v 0.2500000 0.1000000 -0.1500000
v 0.3074050 0.1000000 -0.1385850
v 0.3074050 -0.0000000 -0.1385850
v 0.2500000 -0.0000000 -0.1500000
v 0.3074050 0.1000000 -0.1385850
v 0.3560650 0.1000000 -0.1060650
v 0.3560650 -0.0000000 -0.1060650
v 0.3074050 -0.0000000 -0.1385850
v 0.3560650 0.1000000 -0.1060650
v 0.3885850 0.1000000 -0.0574050
v 0.3885850 -0.0000000 -0.0574050
v 0.3560650 -0.0000000 -0.1060650
v 0.3885850 0.1000000 -0.0574050
v 0.4000000 0.1000000 0.0000000
v 0.4000000 -0.0000000 0.0000000
v 0.3885850 -0.0000000 -0.0574050
v 0.2500000 0.1000000 0.1500000
v 0.2500000 0.1000000 0.1000000
v 0.2117300 0.1000000 0.0923900
v 0.1925950 0.1000000 0.1385850
v 0.1925950 0.1000000 0.1385850
v 0.2117300 0.1000000 0.0923900
v 0.1792900 0.1000000 0.0707100
v 0.1439350 0.1000000 0.1060650
v 0.1439350 0.1000000 0.1060650
v 0.1792900 0.1000000 0.0707100
v 0.1576100 0.1000000 0.0382700
v 0.1114150 0.1000000 0.0574050
v 0.1114150 0.1000000 0.0574050
v 0.1576100 0.1000000 0.0382700
v 0.1500000 0.1000000 0.0000000
v 0.1000000 0.1000000 0.0000000
v 0.1000000 0.1000000 0.0000000
v 0.1500000 0.1000000 0.0000000
v 0.1576100 0.1000000 -0.0382700
v 0.1114150 0.1000000 -0.0574050
v 0.1114150 0.1000000 -0.0574050
v 0.1576100 0.1000000 -0.0382700
v 0.1792900 0.1000000 -0.0707100
v 0.1439350 0.1000000 -0.1060650
v 0.1439350 0.1000000 -0.1060650
v 0.1792900 0.1000000 -0.0707100
v 0.2117300 0.1000000 -0.0923900
v 0.1925950 0.1000000 -0.1385850
v 0.1925950 0.1000000 -0.1385850
v 0.2117300 0.1000000 -0.0923900
v 0.2500000 0.1000000 -0.1000000
v 0.2500000 0.1000000 -0.1500000
v 0.2500000 0.1000000 -0.1500000
v 0.2500000 0.1000000 -0.1000000
v 0.2882700 0.1000000 -0.0923900
v 0.3074050 0.1000000 -0.1385850
v 0.3074050 0.1000000 -0.1385850
v 0.2882700 0.1000000 -0.0923900
v 0.3207100 0.1000000 -0.0707100
v 0.3560650 0.1000000 -0.1060650
v 0.3560650 0.1000000 -0.1060650
v 0.3207100 0.1000000 -0.0707100
v 0.3423900 0.1000000 -0.0382700
v 0.3885850 0.1000000 -0.0574050
v 0.3885850 0.1000000 -0.0574050
v 0.3423900 0.1000000 -0.0382700
v 0.3500000 0.1000000 0.0000000
v 0.4000000 0.1000000 0.0000000
v 0.4000000 0.1000000 0.0000000
v 0.3500000 0.1000000 0.0000000
v 0.3423900 0.1000000 0.0382700
v 0.3885850 0.1000000 0.0574050
v 0.3885850 0.1000000 0.0574050
v 0.3423900 0.1000000 0.0382700
v 0.3207100 0.1000000 0.0707100
v 0.3560650 0.1000000 0.1060650
v 0.3560650 0.1000000 0.1060650
v 0.3207100 0.1000000 0.0707100
v 0.2882700 0.1000000 0.0923900
v 0.3074050 0.1000000 0.1385850
v 0.3074050 0.1000000 0.1385850
v 0.2882700 0.1000000 0.0923900
v 0.2500000 0.1000000 0.1000000
v 0.2500000 0.1000000 0.1500000
v 1.0000000 -0.0000000 -0.2500000
v 1.0000000 -0.0000000 0.2500000
v 1.0000000 -1.8000000 0.2500000
v 1.0000000 -1.8000000 -0.2500000
v -1.0000000 -0.0000000 0.2500000
v -1.0000000 -0.0000000 -0.2500000
v -1.0000000 -1.8000000 -0.2500000
v -1.0000000 -1.8000000 0.2500000
v 0.9000000 -1.5000000 0.0500000
v 0.9000000 -1.5000000 -0.0500000
v -0.9000000 -1.5000000 -0.0500000
v -0.9000000 -1.5000000 0.0500000
v 0.9000000 -1.5000000 -0.0500000
v 0.9000000 -1.6000000 -0.0500000
v -0.9000000 -1.6000000 -0.0500000
v -0.9000000 -1.5000000 -0.0500000
v -0.9000000 -1.5000000 0.0500000
v -0.9000000 -1.6000000 0.0500000
v 0.9000000 -1.6000000 0.0500000
v 0.9000000 -1.5000000 0.0500000
v 1.0000000 -1.8000000 -0.2500000
v -1.0000000 -1.8000000 -0.2500000
v -1.0000000 -1.7000000 -0.2500000
v 1.0000000 -1.7000000 -0.2500000
v 0.9000000 -1.6000000 -0.2500000
v 0.9000000 -1.7000000 -0.2500000
v -0.9000000 -1.7000000 -0.2500000
v -0.9000000 -1.6000000 -0.2500000
v 0.9000000 -0.1000000 -0.2500000
v 1.0000000 -0.1000000 -0.2500000
v 1.0000000 -1.6000000 -0.2500000
v 0.9000000 -1.6000000 -0.2500000
v -0.9000000 -1.6000000 -0.2500000
v -1.0000000 -1.6000000 -0.2500000
v -1.0000000 -0.1000000 -0.2500000
v -0.9000000 -0.1000000 -0.2500000
v -0.9000000 -0.0000000 -0.2500000
v 0.9000000 -0.0000000 -0.2500000
v 0.9000000 -0.1000000 -0.2500000
v -0.9000000 -0.1000000 -0.2500000
v -0.9500000 -0.8500000 -0.1000000
v -0.9500000 -0.8000000 -0.1000000
v -0.9500000 -0.8038050 -0.0808650
v -0.9500000 -0.8500000 -0.1000000
v -0.9500000 -0.8038050 -0.0808650
v -0.9500000 -0.8146450 -0.0646450
v -0.9500000 -0.8500000 -0.1000000
v -0.9500000 -0.8146450 -0.0646450
v -0.9500000 -0.8308650 -0.0538050
v -0.9500000 -0.8500000 -0.1000000
v -0.9500000 -0.8308650 -0.0538050
v -0.9500000 -0.8500000 -0.0500000
v -0.9500000 -0.8500000 -0.1000000
v -0.9500000 -0.8500000 -0.0500000
v -0.9500000 -0.8691350 -0.0538050
v -0.9500000 -0.8500000 -0.1000000
v -0.9500000 -0.8691350 -0.0538050
v -0.9500000 -0.8853550 -0.0646450
v -0.9500000 -0.8500000 -0.1000000
v -0.9500000 -0.8853550 -0.0646450
v -0.9500000 -0.8961950 -0.0808650
v -0.9500000 -0.8500000 -0.1000000
v -0.9500000 -0.8961950 -0.0808650
v -0.9500000 -0.9000000 -0.1000000
v -0.9500000 -0.8500000 -0.1000000
v -0.9500000 -0.9000000 -0.1000000
v -0.9500000 -0.8961950 -0.1191350
v -0.9500000 -0.8500000 -0.1000000
v -0.9500000 -0.8961950 -0.1191350
v -0.9500000 -0.8853550 -0.1353550
v -0.9500000 -0.8500000 -0.1000000
v -0.9500000 -0.8853550 -0.1353550
v -0.9500000 -0.8691350 -0.1461950
v -0.9500000 -0.8500000 -0.1000000
v -0.9500000 -0.8691350 -0.1461950
v -0.9500000 -0.8500000 -0.1500000
v -0.9500000 -0.8500000 -0.1000000
v -0.9500000 -0.8500000 -0.1500000
v -0.9500000 -0.8308650 -0.1461950
v -0.9500000 -0.8500000 -0.1000000
v -0.9500000 -0.8308650 -0.1461950
v -0.9500000 -0.8146450 -0.1353550
v -0.9500000 -0.8500000 -0.1000000
v -0.9500000 -0.8146450 -0.1353550
v -0.9500000 -0.8038050 -0.1191350
v -0.9500000 -0.8500000 -0.1000000
v -0.9500000 -0.8038050 -0.1191350
v -0.9500000 -0.8000000 -0.1000000
v -0.9000000 -0.8000000 -0.1000000
v -0.9000000 -0.8038050 -0.0808650
v -0.9500000 -0.8038050 -0.0808650
v -0.9500000 -0.8000000 -0.1000000
v -0.9000000 -0.8038050 -0.0808650
v -0.9000000 -0.8146450 -0.0646450
v -0.9500000 -0.8146450 -0.0646450
v -0.9500000 -0.8038050 -0.0808650
v -0.9000000 -0.8146450 -0.0646450
v -0.9000000 -0.8308650 -0.0538050
v -0.9500000 -0.8308650 -0.0538050
v -0.9500000 -0.8146450 -0.0646450
v -0.9000000 -0.8308650 -0.0538050
v -0.9000000 -0.8500000 -0.0500000
v -0.9500000 -0.8500000 -0.0500000
v -0.9500000 -0.8308650 -0.0538050
v -0.9000000 -0.8500000 -0.0500000
v -0.9000000 -0.8691350 -0.0538050
v -0.9500000 -0.8691350 -0.0538050
v -0.9500000 -0.8500000 -0.0500000
v -0.9000000 -0.8691350 -0.0538050
v -0.9000000 -0.8853550 -0.0646450
v -0.9500000 -0.8853550 -0.0646450
v -0.9500000 -0.8691350 -0.0538050
v -0.9000000 -0.8853550 -0.0646450
v -0.9000000 -0.8961950 -0.0808650
v -0.9500000 -0.8961950 -0.0808650
v -0.9500000 -0.8853550 -0.0646450
v -0.9000000 -0.8961950 -0.0808650
v -0.9000000 -0.9000000 -0.1000000
v -0.9500000 -0.9000000 -0.1000000
v -0.9500000 -0.8961950 -0.0808650
v -0.9000000 -0.9000000 -0.1000000
v -0.9000000 -0.8961950 -0.1191350
v -0.9500000 -0.8961950 -0.1191350
v -0.9500000 -0.9000000 -0.1000000
v -0.9000000 -0.8961950 -0.1191350
v -0.9000000 -0.8853550 -0.1353550
v -0.9500000 -0.8853550 -0.1353550
v -0.9500000 -0.8961950 -0.1191350
v -0.9000000 -0.8853550 -0.1353550
v -0.9000000 -0.8691350 -0.1461950
v -0.9500000 -0.8691350 -0.1461950
v -0.9500000 -0.8853550 -0.1353550
v -0.9000000 -0.8691350 -0.1461950
v -0.9000000 -0.8500000 -0.1500000
v -0.9500000 -0.8500000 -0.1500000
v -0.9500000 -0.8691350 -0.1461950
v -0.9000000 -0.8500000 -0.1500000
v -0.9000000 -0.8308650 -0.1461950
v -0.9500000 -0.8308650 -0.1461950
v -0.9500000 -0.8500000 -0.1500000
v -0.9000000 -0.8308650 -0.1461950
v -0.9000000 -0.8146450 -0.1353550
v -0.9500000 -0.8146450 -0.1353550
v -0.9500000 -0.8308650 -0.1461950
v -0.9000000 -0.8146450 -0.1353550
v -0.9000000 -0.8038050 -0.1191350
v -0.9500000 -0.8038050 -0.1191350
v -0.9500000 -0.8146450 -0.1353550
v -0.9000000 -0.8038050 -0.1191350
v -0.9000000 -0.8000000 -0.1000000
v -0.9500000 -0.8000000 -0.1000000
v -0.9500000 -0.8038050 -0.1191350
v -0.9000000 -0.8000000 -0.1500000
v -0.9000000 -0.8000000 -0.1000000
v -0.9000000 -0.8038050 -0.1191350
v -0.9000000 -0.8000000 -0.1500000
v -0.9000000 -0.8038050 -0.1191350
v -0.9000000 -0.8146450 -0.1353550
v -0.9000000 -0.8000000 -0.1500000
v -0.9000000 -0.8146450 -0.1353550
v -0.9000000 -0.8308650 -0.1461950
v -0.9000000 -0.8000000 -0.1500000
v -0.9000000 -0.8308650 -0.1461950
v -0.9000000 -0.8500000 -0.1500000
v -0.9000000 -0.9000000 -0.1500000
v -0.9000000 -0.8500000 -0.1500000
v -0.9000000 -0.8691350 -0.1461950
v -0.9000000 -0.9000000 -0.1500000
v -0.9000000 -0.8691350 -0.1461950
v -0.9000000 -0.8853550 -0.1353550
v -0.9000000 -0.9000000 -0.1500000
v -0.9000000 -0.8853550 -0.1353550
v -0.9000000 -0.8961950 -0.1191350
v -0.9000000 -0.9000000 -0.1500000
v -0.9000000 -0.8961950 -0.1191350
v -0.9000000 -0.9000000 -0.1000000
v -0.9000000 -0.9000000 -0.0500000
v -0.9000000 -0.9000000 -0.1000000
v -0.9000000 -0.8961950 -0.0808650
v -0.9000000 -0.9000000 -0.0500000
v -0.9000000 -0.8961950 -0.0808650
v -0.9000000 -0.8853550 -0.0646450
v -0.9000000 -0.9000000 -0.0500000
v -0.9000000 -0.8853550 -0.0646450
v -0.9000000 -0.8691350 -0.0538050
v -0.9000000 -0.9000000 -0.0500000
v -0.9000000 -0.8691350 -0.0538050
v -0.9000000 -0.8500000 -0.0500000
v -0.9000000 -0.8000000 -0.0500000
v -0.9000000 -0.8500000 -0.0500000
v -0.9000000 -0.8308650 -0.0538050
v -0.9000000 -0.8000000 -0.0500000
v -0.9000000 -0.8308650 -0.0538050
v -0.9000000 -0.8146450 -0.0646450
v -0.9000000 -0.8000000 -0.0500000
v -0.9000000 -0.8146450 -0.0646450
v -0.9000000 -0.8038050 -0.0808650
v -0.9000000 -0.8000000 -0.0500000
v -0.9000000 -0.8038050 -0.0808650
v -0.9000000 -0.8000000 -0.1000000
v 0.9500000 -0.8500000 -0.1000000
v 0.9500000 -0.8000000 -0.1000000
v 0.9500000 -0.8038050 -0.1191350
v 0.9500000 -0.8500000 -0.1000000
v 0.9500000 -0.8038050 -0.1191350
v 0.9500000 -0.8146450 -0.1353550
v 0.9500000 -0.8500000 -0.1000000
v 0.9500000 -0.8146450 -0.1353550
v 0.9500000 -0.8308650 -0.1461950
v 0.9500000 -0.8500000 -0.1000000
v 0.9500000 -0.8308650 -0.1461950
v 0.9500000 -0.8500000 -0.1500000
v 0.9500000 -0.8500000 -0.1000000
v 0.9500000 -0.8500000 -0.1500000
v 0.9500000 -0.8691350 -0.1461950
v 0.9500000 -0.8500000 -0.1000000
v 0.9500000 -0.8691350 -0.1461950
v 0.9500000 -0.8853550 -0.1353550
v 0.9500000 -0.8500000 -0.1000000
v 0.9500000 -0.8853550 -0.1353550
v 0.9500000 -0.8961950 -0.1191350
v 0.9500000 -0.8500000 -0.1000000
v 0.9500000 -0.8961950 -0.1191350
v 0.9500000 -0.9000000 -0.1000000
v 0.9500000 -0.8500000 -0.1000000
v 0.9500000 -0.9000000 -0.1000000
v 0.9500000 -0.8961950 -0.0808650
v 0.9500000 -0.8500000 -0.1000000
v 0.9500000 -0.8961950 -0.0808650
v 0.9500000 -0.8853550 -0.0646450
v 0.9500000 -0.8500000 -0.1000000
v 0.9500000 -0.8853550 -0.0646450
v 0.9500000 -0.8691350 -0.0538050
v 0.9500000 -0.8500000 -0.1000000
v 0.9500000 -0.8691350 -0.0538050
v 0.9500000 -0.8500000 -0.0500000
v 0.9500000 -0.8500000 -0.1000000
v 0.9500000 -0.8500000 -0.0500000
v 0.9500000 -0.8308650 -0.0538050
v 0.9500000 -0.8500000 -0.1000000
v 0.9500000 -0.8308650 -0.0538050
v 0.9500000 -0.8146450 -0.0646450
v 0.9500000 -0.8500000 -0.1000000
v 0.9500000 -0.8146450 -0.0646450
v 0.9500000 -0.8038050 -0.0808650
v 0.9500000 -0.8500000 -0.1000000
v 0.9500000 -0.8038050 -0.0808650
v 0.9500000 -0.8000000 -0.1000000
v 0.9000000 -0.8000000 -0.1000000
v 0.9000000 -0.8038050 -0.1191350
v 0.9500000 -0.8038050 -0.1191350
v 0.9500000 -0.8000000 -0.1000000
v 0.9000000 -0.8038050 -0.1191350
v 0.9000000 -0.8146450 -0.1353550
v 0.9500000 -0.8146450 -0.1353550
v 0.9500000 -0.8038050 -0.1191350
v 0.9000000 -0.8146450 -0.1353550
v 0.9000000 -0.8308650 -0.1461950
v 0.9500000 -0.8308650 -0.1461950
v 0.9500000 -0.8146450 -0.1353550
v 0.9000000 -0.8308650 -0.1461950
v 0.9000000 -0.8500000 -0.1500000
v 0.9500000 -0.8500000 -0.1500000
v 0.9500000 -0.8308650 -0.1461950
v 0.9000000 -0.8500000 -0.1500000
v 0.9000000 -0.8691350 -0.1461950
v 0.9500000 -0.8691350 -0.1461950
v 0.9500000 -0.8500000 -0.1500000
v 0.9000000 -0.8691350 -0.1461950
v 0.9000000 -0.8853550 -0.1353550
v 0.9500000 -0.8853550 -0.1353550
v 0.9500000 -0.8691350 -0.1461950
v 0.9000000 -0.8853550 -0.1353550
v 0.9000000 -0.8961950 -0.1191350
v 0.9500000 -0.8961950 -0.1191350
v 0.9500000 -0.8853550 -0.1353550
v 0.9000000 -0.8961950 -0.1191350
v 0.9000000 -0.9000000 -0.1000000
v 0.9500000 -0.9000000 -0.1000000
v 0.9500000 -0.8961950 -0.1191350
v 0.9000000 -0.9000000 -0.1000000
v 0.9000000 -0.8961950 -0.0808650
v 0.9500000 -0.8961950 -0.0808650
v 0.9500000 -0.9000000 -0.1000000
v 0.9000000 -0.8961950 -0.0808650
v 0.9000000 -0.8853550 -0.0646450
v 0.9500000 -0.8853550 -0.0646450
v 0.9500000 -0.8961950 -0.0808650
v 0.9000000 -0.8853550 -0.0646450
v 0.9000000 -0.8691350 -0.0538050
v 0.9500000 -0.8691350 -0.0538050
v 0.9500000 -0.8853550 -0.0646450
v 0.9000000 -0.8691350 -0.0538050
v 0.9000000 -0.8500000 -0.0500000
v 0.9500000 -0.8500000 -0.0500000
v 0.9500000 -0.8691350 -0.0538050
v 0.9000000 -0.8500000 -0.0500000
v 0.9000000 -0.8308650 -0.0538050
v 0.9500000 -0.8308650 -0.0538050
v 0.9500000 -0.8500000 -0.0500000
v 0.9000000 -0.8308650 -0.0538050
v 0.9000000 -0.8146450 -0.0646450
v 0.9500000 -0.8146450 -0.0646450
v 0.9500000 -0.8308650 -0.0538050
v 0.9000000 -0.8146450 -0.0646450
v 0.9000000 -0.8038050 -0.0808650
v 0.9500000 -0.8038050 -0.0808650
v 0.9500000 -0.8146450 -0.0646450
v 0.9000000 -0.8038050 -0.0808650
v 0.9000000 -0.8000000 -0.1000000
v 0.9500000 -0.8000000 -0.1000000
v 0.9500000 -0.8038050 -0.0808650
v 0.9000000 -0.8000000 -0.0500000
v 0.9000000 -0.8000000 -0.1000000
v 0.9000000 -0.8038050 -0.0808650
v 0.9000000 -0.8000000 -0.0500000
v 0.9000000 -0.8038050 -0.0808650
v 0.9000000 -0.8146450 -0.0646450
v 0.9000000 -0.8000000 -0.0500000
v 0.9000000 -0.8146450 -0.0646450
v 0.9000000 -0.8308650 -0.0538050
v 0.9000000 -0.8000000 -0.0500000
v 0.9000000 -0.8308650 -0.0538050
v 0.9000000 -0.8500000 -0.0500000
v 0.9000000 -0.9000000 -0.0500000
v 0.9000000 -0.8500000 -0.0500000
v 0.9000000 -0.8691350 -0.0538050
v 0.9000000 -0.9000000 -0.0500000
v 0.9000000 -0.8691350 -0.0538050
v 0.9000000 -0.8853550 -0.0646450
v 0.9000000 -0.9000000 -0.0500000
v 0.9000000 -0.8853550 -0.0646450
v 0.9000000 -0.8961950 -0.0808650
v 0.9000000 -0.9000000 -0.0500000
v 0.9000000 -0.8961950 -0.0808650
v 0.9000000 -0.9000000 -0.1000000
v 0.9000000 -0.9000000 -0.1500000
v 0.9000000 -0.9000000 -0.1000000
v 0.9000000 -0.8961950 -0.1191350
v 0.9000000 -0.9000000 -0.1500000
v 0.9000000 -0.8961950 -0.1191350
v 0.9000000 -0.8853550 -0.1353550
v 0.9000000 -0.9000000 -0.1500000
v 0.9000000 -0.8853550 -0.1353550
v 0.9000000 -0.8691350 -0.1461950
v 0.9000000 -0.9000000 -0.1500000
v 0.9000000 -0.8691350 -0.1461950
v 0.9000000 -0.8500000 -0.1500000
v 0.9000000 -0.8000000 -0.1500000
v 0.9000000 -0.8500000 -0.1500000
v 0.9000000 -0.8308650 -0.1461950
v 0.9000000 -0.8000000 -0.1500000
v 0.9000000 -0.8308650 -0.1461950
v 0.9000000 -0.8146450 -0.1353550
v 0.9000000 -0.8000000 -0.1500000
v 0.9000000 -0.8146450 -0.1353550
v 0.9000000 -0.8038050 -0.1191350
v 0.9000000 -0.8000000 -0.1500000
v 0.9000000 -0.8038050 -0.1191350
v 0.9000000 -0.8000000 -0.1000000
v -1.0923900 -0.0000000 -0.3382700
v -1.1000000 -0.0000000 -0.3000000
v -1.0000000 -0.0000000 -0.3000000
v -1.0707100 -0.0000000 -0.3707100
v -1.0923900 -0.0000000 -0.3382700
v -1.0000000 -0.0000000 -0.3000000
v -1.0382700 -0.0000000 -0.3923900
v -1.0707100 -0.0000000 -0.3707100
v -1.0000000 -0.0000000 -0.3000000
v -1.0000000 -0.0000000 -0.4000000
v -1.0382700 -0.0000000 -0.3923900
v -1.0000000 -0.0000000 -0.3000000
v -0.9617300 -0.0000000 -0.3923900
v -1.0000000 -0.0000000 -0.4000000
v -1.0000000 -0.0000000 -0.3000000
v -0.9292900 -0.0000000 -0.3707100
v -0.9617300 -0.0000000 -0.3923900
v -1.0000000 -0.0000000 -0.3000000
v -0.9076100 -0.0000000 -0.3382700
v -0.9292900 -0.0000000 -0.3707100
v -1.0000000 -0.0000000 -0.3000000
v -0.9000000 -0.0000000 -0.3000000
v -0.9076100 -0.0000000 -0.3382700
v -1.0000000 -0.0000000 -0.3000000
v -1.1000000 -0.1000000 -0.3000000
v -1.1000000 -0.0000000 -0.3000000
v -1.0923900 -0.0000000 -0.3382700
v -1.0923900 -0.1000000 -0.3382700
v -1.0923900 -0.1000000 -0.3382700
v -1.0923900 -0.0000000 -0.3382700
v -1.0707100 -0.0000000 -0.3707100
v -1.0707100 -0.1000000 -0.3707100
v -1.0707100 -0.1000000 -0.3707100
v -1.0707100 -0.0000000 -0.3707100
v -1.0382700 -0.0000000 -0.3923900
v -1.0382700 -0.1000000 -0.3923900
v -1.0382700 -0.1000000 -0.3923900
v -1.0382700 -0.0000000 -0.3923900
v -1.0000000 -0.0000000 -0.4000000
v -1.0000000 -0.1000000 -0.4000000
v -1.0000000 -0.1000000 -0.4000000
v -1.0000000 -0.0000000 -0.4000000
v -0.9617300 -0.0000000 -0.3923900
v -0.9617300 -0.1000000 -0.3923900
v -0.9617300 -0.1000000 -0.3923900
v -0.9617300 -0.0000000 -0.3923900
v -0.9292900 -0.0000000 -0.3707100
v -0.9292900 -0.1000000 -0.3707100
v -0.9292900 -0.1000000 -0.3707100
v -0.9292900 -0.0000000 -0.3707100
v -0.9076100 -0.0000000 -0.3382700
v -0.9076100 -0.1000000 -0.3382700
v -0.9076100 -0.1000000 -0.3382700
v -0.9076100 -0.0000000 -0.3382700
v -0.9000000 -0.0000000 -0.3000000
v -0.9000000 -0.1000000 -0.3000000
v -0.9500000 -0.1000000 -0.3000000
v -0.9538050 -0.1000000 -0.2808650
v -0.9653538 -0.0887500 -0.2856488
v -0.9625000 -0.0887500 -0.3000000
v -0.9538050 -0.1000000 -0.2808650
v -0.9646450 -0.1000000 -0.2646450
v -0.9734837 -0.0887500 -0.2734837
v -0.9653538 -0.0887500 -0.2856488
v -0.9646450 -0.1000000 -0.2646450
v -0.9808650 -0.1000000 -0.2538050
v -0.9856488 -0.0887500 -0.2653537
v -0.9734837 -0.0887500 -0.2734837
v -0.9808650 -0.1000000 -0.2538050
v -1.0000000 -0.1000000 -0.2500000
v -1.0000000 -0.0887500 -0.2625000
v -0.9856488 -0.0887500 -0.2653537
v -1.0000000 -0.1000000 -0.2500000
v -1.0191350 -0.1000000 -0.2538050
v -1.0143513 -0.0887500 -0.2653537
v -1.0000000 -0.0887500 -0.2625000
v -1.0191350 -0.1000000 -0.2538050
v -1.0353550 -0.1000000 -0.2646450
v -1.0265163 -0.0887500 -0.2734837
v -1.0143513 -0.0887500 -0.2653537
v -1.0353550 -0.1000000 -0.2646450
v -1.0461950 -0.1000000 -0.2808650
v -1.0346462 -0.0887500 -0.2856488
v -1.0265163 -0.0887500 -0.2734837
v -1.0461950 -0.1000000 -0.2808650
v -1.0500000 -0.1000000 -0.3000000
v -1.0375000 -0.0887500 -0.3000000
v -1.0346462 -0.0887500 -0.2856488
v -1.0500000 -0.1000000 -0.3000000
v -1.0461950 -0.1000000 -0.3191350
v -1.0346462 -0.0887500 -0.3143513
v -1.0375000 -0.0887500 -0.3000000
v -1.0461950 -0.1000000 -0.3191350
v -1.0353550 -0.1000000 -0.3353550
v -1.0265163 -0.0887500 -0.3265163
v -1.0346462 -0.0887500 -0.3143513
v -1.0353550 -0.1000000 -0.3353550
v -1.0191350 -0.1000000 -0.3461950
v -1.0143513 -0.0887500 -0.3346463
v -1.0265163 -0.0887500 -0.3265163
v -1.0191350 -0.1000000 -0.3461950
v -1.0000000 -0.1000000 -0.3500000
v -1.0000000 -0.0887500 -0.3375000
v -1.0143513 -0.0887500 -0.3346463
v -1.0000000 -0.1000000 -0.3500000
v -0.9808650 -0.1000000 -0.3461950
v -0.9856488 -0.0887500 -0.3346463
v -1.0000000 -0.0887500 -0.3375000
v -0.9808650 -0.1000000 -0.3461950
v -0.9646450 -0.1000000 -0.3353550
v -0.9734837 -0.0887500 -0.3265163
v -0.9856488 -0.0887500 -0.3346463
v -0.9646450 -0.1000000 -0.3353550
v -0.9538050 -0.1000000 -0.3191350
v -0.9653538 -0.0887500 -0.3143513
v -0.9734837 -0.0887500 -0.3265163
v -0.9538050 -0.1000000 -0.3191350
v -0.9500000 -0.1000000 -0.3000000
v -0.9625000 -0.0887500 -0.3000000
v -0.9653538 -0.0887500 -0.3143513
v -0.9653538 -0.0887500 -0.2856488
v -0.9826769 -0.0775000 -0.2928244
v -0.9812500 -0.0775000 -0.3000000
v -0.9625000 -0.0887500 -0.3000000
v -0.9734837 -0.0887500 -0.2734838
v -0.9867419 -0.0775000 -0.2867419
v -0.9826769 -0.0775000 -0.2928244
v -0.9653538 -0.0887500 -0.2856488
v -0.9856488 -0.0887500 -0.2653537
v -0.9928244 -0.0775000 -0.2826769
v -0.9867419 -0.0775000 -0.2867419
v -0.9734837 -0.0887500 -0.2734838
v -1.0000000 -0.0887500 -0.2625000
v -1.0000000 -0.0775000 -0.2812500
v -0.9928244 -0.0775000 -0.2826769
v -0.9856488 -0.0887500 -0.2653537
v -1.0143513 -0.0887500 -0.2653537
v -1.0071756 -0.0775000 -0.2826769
v -1.0000000 -0.0775000 -0.2812500
v -1.0000000 -0.0887500 -0.2625000
v -1.0265163 -0.0887500 -0.2734838
v -1.0132581 -0.0775000 -0.2867419
v -1.0071756 -0.0775000 -0.2826769
v -1.0143513 -0.0887500 -0.2653537
v -1.0346462 -0.0887500 -0.2856488
v -1.0173231 -0.0775000 -0.2928244
v -1.0132581 -0.0775000 -0.2867419
v -1.0265163 -0.0887500 -0.2734838
v -1.0375000 -0.0887500 -0.3000000
v -1.0187500 -0.0775000 -0.3000000
v -1.0173231 -0.0775000 -0.2928244
v -1.0346462 -0.0887500 -0.2856488
v -1.0346462 -0.0887500 -0.3143513
v -1.0173231 -0.0775000 -0.3071756
v -1.0187500 -0.0775000 -0.3000000
v -1.0375000 -0.0887500 -0.3000000
v -1.0265163 -0.0887500 -0.3265163
v -1.0132581 -0.0775000 -0.3132581
v -1.0173231 -0.0775000 -0.3071756
v -1.0346462 -0.0887500 -0.3143513
v -1.0143513 -0.0887500 -0.3346463
v -1.0071756 -0.0775000 -0.3173231
v -1.0132581 -0.0775000 -0.3132581
v -1.0265163 -0.0887500 -0.3265163
v -1.0000000 -0.0887500 -0.3375000
v -1.0000000 -0.0775000 -0.3187500
v -1.0071756 -0.0775000 -0.3173231
v -1.0143513 -0.0887500 -0.3346463
v -0.9856488 -0.0887500 -0.3346463
v -0.9928244 -0.0775000 -0.3173231
v -1.0000000 -0.0775000 -0.3187500
v -1.0000000 -0.0887500 -0.3375000
v -0.9734837 -0.0887500 -0.3265163
v -0.9867419 -0.0775000 -0.3132581
v -0.9928244 -0.0775000 -0.3173231
v -0.9856488 -0.0887500 -0.3346463
v -0.9653538 -0.0887500 -0.3143513
v -0.9826769 -0.0775000 -0.3071756
v -0.9867419 -0.0775000 -0.3132581
v -0.9734837 -0.0887500 -0.3265163
v -0.9625000 -0.0887500 -0.3000000
v -0.9812500 -0.0775000 -0.3000000
v -0.9826769 -0.0775000 -0.3071756
v -0.9653538 -0.0887500 -0.3143513
v -0.9812500 -0.0775000 -0.3000000
v -0.9826769 -0.0775000 -0.2928244
v -1.0000000 -0.0750000 -0.3000000
v -0.9826769 -0.0775000 -0.2928244
v -0.9867400 -0.0775000 -0.2867400
v -1.0000000 -0.0750000 -0.3000000
v -0.9867400 -0.0775000 -0.2867400
v -0.9928244 -0.0775000 -0.2826769
v -1.0000000 -0.0750000 -0.3000000
v -0.9928244 -0.0775000 -0.2826769
v -1.0000000 -0.0775000 -0.2812500
v -1.0000000 -0.0750000 -0.3000000
v -1.0000000 -0.0775000 -0.2812500
v -1.0071756 -0.0775000 -0.2826769
v -1.0000000 -0.0750000 -0.3000000
v -1.0071756 -0.0775000 -0.2826769
v -1.0132600 -0.0775000 -0.2867400
v -1.0000000 -0.0750000 -0.3000000
v -1.0132600 -0.0775000 -0.2867400
v -1.0173231 -0.0775000 -0.2928244
v -1.0000000 -0.0750000 -0.3000000
v -1.0173231 -0.0775000 -0.2928244
v -1.0187500 -0.0775000 -0.3000000
v -1.0000000 -0.0750000 -0.3000000
v -1.0187500 -0.0775000 -0.3000000
v -1.0173231 -0.0775000 -0.3071756
v -1.0000000 -0.0750000 -0.3000000
v -1.0173231 -0.0775000 -0.3071756
v -1.0132600 -0.0775000 -0.3132600
v -1.0000000 -0.0750000 -0.3000000
v -1.0132600 -0.0775000 -0.3132600
v -1.0071756 -0.0775000 -0.3173231
v -1.0000000 -0.0750000 -0.3000000
v -1.0071756 -0.0775000 -0.3173231
v -1.0000000 -0.0775000 -0.3187500
v -1.0000000 -0.0750000 -0.3000000
v -1.0000000 -0.0775000 -0.3187500
v -0.9928244 -0.0775000 -0.3173231
v -1.0000000 -0.0750000 -0.3000000
v -0.9928244 -0.0775000 -0.3173231
v -0.9867400 -0.0775000 -0.3132600
v -1.0000000 -0.0750000 -0.3000000
v -0.9867400 -0.0775000 -0.3132600
v -0.9826769 -0.0775000 -0.3071756
v -1.0000000 -0.0750000 -0.3000000
v -0.9826769 -0.0775000 -0.3071756
v -0.9812500 -0.0775000 -0.3000000
v -1.0000000 -0.0750000 -0.3000000
v -1.0500000 -0.1000000 -0.2500000
v -1.0500000 -0.1000000 -0.3000000
v -1.0461950 -0.1000000 -0.2808650
v -1.0500000 -0.1000000 -0.2500000
v -1.0461950 -0.1000000 -0.2808650
v -1.0353550 -0.1000000 -0.2646450
v -1.0500000 -0.1000000 -0.2500000
v -1.0353550 -0.1000000 -0.2646450
v -1.0191350 -0.1000000 -0.2538050
v -1.0500000 -0.1000000 -0.2500000
v -1.0191350 -0.1000000 -0.2538050
v -1.0000000 -0.1000000 -0.2500000
v -0.9500000 -0.1000000 -0.2500000
v -1.0000000 -0.1000000 -0.2500000
v -0.9808650 -0.1000000 -0.2538050
v -0.9500000 -0.1000000 -0.2500000
v -0.9808650 -0.1000000 -0.2538050
v -0.9646450 -0.1000000 -0.2646450
v -0.9500000 -0.1000000 -0.2500000
v -0.9646450 -0.1000000 -0.2646450
v -0.9538050 -0.1000000 -0.2808650
v -0.9500000 -0.1000000 -0.2500000
v -0.9538050 -0.1000000 -0.2808650
v -0.9500000 -0.1000000 -0.3000000
v -0.9500000 -0.1000000 -0.3000000
v -0.9538050 -0.1000000 -0.3191350
v -0.9076100 -0.1000000 -0.3382700
v -0.9000000 -0.1000000 -0.3000000
v -0.9538050 -0.1000000 -0.3191350
v -0.9646450 -0.1000000 -0.3353550
v -0.9292900 -0.1000000 -0.3707100
v -0.9076100 -0.1000000 -0.3382700
v -0.9646450 -0.1000000 -0.3353550
v -0.9808650 -0.1000000 -0.3461950
v -0.9617300 -0.1000000 -0.3923900
v -0.9292900 -0.1000000 -0.3707100
v -0.9808650 -0.1000000 -0.3461950
v -1.0000000 -0.1000000 -0.3500000
v -1.0000000 -0.1000000 -0.4000000
v -0.9617300 -0.1000000 -0.3923900
v -1.0000000 -0.1000000 -0.3500000
v -1.0191350 -0.1000000 -0.3461950
v -1.0382700 -0.1000000 -0.3923900
v -1.0000000 -0.1000000 -0.4000000
v -1.0191350 -0.1000000 -0.3461950
v -1.0353550 -0.1000000 -0.3353550
v -1.0707100 -0.1000000 -0.3707100
v -1.0382700 -0.1000000 -0.3923900
v -1.0353550 -0.1000000 -0.3353550
v -1.0461950 -0.1000000 -0.3191350
v -1.0923900 -0.1000000 -0.3382700
v -1.0707100 -0.1000000 -0.3707100
v -1.0461950 -0.1000000 -0.3191350
v -1.0500000 -0.1000000 -0.3000000
v -1.1000000 -0.1000000 -0.3000000
v -1.0923900 -0.1000000 -0.3382700
v -1.1000000 -0.1000000 -0.3000000
v -1.0500000 -0.1000000 -0.3000000
v -1.0500000 -0.1000000 -0.2500000
v -1.1000000 -0.1000000 -0.2500000
v -0.9500000 -0.1000000 -0.3000000
v -0.9000000 -0.1000000 -0.3000000
v -0.9000000 -0.1000000 -0.2500000
v -0.9500000 -0.1000000 -0.2500000
v -0.9000000 -0.0000000 -0.2500000
v -0.9000000 -0.0000000 -0.3000000
v -1.1000000 -0.0000000 -0.3000000
v -1.1000000 -0.0000000 -0.2500000
v -0.9000000 -0.0000000 -0.2500000
v -0.9000000 -0.1000000 -0.2500000
v -0.9000000 -0.1000000 -0.3000000
v -0.9000000 -0.0000000 -0.3000000
v -1.1000000 -0.0000000 -0.3000000
v -1.1000000 -0.1000000 -0.3000000
v -1.1000000 -0.1000000 -0.2500000
v -1.1000000 -0.0000000 -0.2500000
v -1.1000000 -0.1000000 -0.2500000
v -1.0000000 -0.1000000 -0.2500000
v -1.0000000 -0.0000000 -0.2500000
v -1.1000000 -0.0000000 -0.2500000
v 0.9076100 -0.0000000 -0.3382700
v 0.9000000 -0.0000000 -0.3000000
v 1.0000000 -0.0000000 -0.3000000
v 0.9292900 -0.0000000 -0.3707100
v 0.9076100 -0.0000000 -0.3382700
v 1.0000000 -0.0000000 -0.3000000
v 0.9617300 -0.0000000 -0.3923900
v 0.9292900 -0.0000000 -0.3707100
v 1.0000000 -0.0000000 -0.3000000
v 1.0000000 -0.0000000 -0.4000000
v 0.9617300 -0.0000000 -0.3923900
v 1.0000000 -0.0000000 -0.3000000
v 1.0382700 -0.0000000 -0.3923900
v 1.0000000 -0.0000000 -0.4000000
v 1.0000000 -0.0000000 -0.3000000
v 1.0707100 -0.0000000 -0.3707100
v 1.0382700 -0.0000000 -0.3923900
v 1.0000000 -0.0000000 -0.3000000
v 1.0923900 -0.0000000 -0.3382700
v 1.0707100 -0.0000000 -0.3707100
v 1.0000000 -0.0000000 -0.3000000
v 1.1000000 -0.0000000 -0.3000000
v 1.0923900 -0.0000000 -0.3382700
v 1.0000000 -0.0000000 -0.3000000
v 0.9000000 -0.1000000 -0.3000000
v 0.9000000 -0.0000000 -0.3000000
v 0.9076100 -0.0000000 -0.3382700
v 0.9076100 -0.1000000 -0.3382700
v 0.9076100 -0.1000000 -0.3382700
v 0.9076100 -0.0000000 -0.3382700
v 0.9292900 -0.0000000 -0.3707100
v 0.9292900 -0.1000000 -0.3707100
v 0.9292900 -0.1000000 -0.3707100
v 0.9292900 -0.0000000 -0.3707100
v 0.9617300 -0.0000000 -0.3923900
v 0.9617300 -0.1000000 -0.3923900
v 0.9617300 -0.1000000 -0.3923900
v 0.9617300 -0.0000000 -0.3923900
v 1.0000000 -0.0000000 -0.4000000
v 1.0000000 -0.1000000 -0.4000000
v 1.0000000 -0.1000000 -0.4000000
v 1.0000000 -0.0000000 -0.4000000
v 1.0382700 -0.0000000 -0.3923900
v 1.0382700 -0.1000000 -0.3923900
v 1.0382700 -0.1000000 -0.3923900
v 1.0382700 -0.0000000 -0.3923900
v 1.0707100 -0.0000000 -0.3707100
v 1.0707100 -0.1000000 -0.3707100
v 1.0707100 -0.1000000 -0.3707100
v 1.0707100 -0.0000000 -0.3707100
v 1.0923900 -0.0000000 -0.3382700
v 1.0923900 -0.1000000 -0.3382700
v 1.0923900 -0.1000000 -0.3382700
v 1.0923900 -0.0000000 -0.3382700
v 1.1000000 -0.0000000 -0.3000000
v 1.1000000 -0.1000000 -0.3000000
v 1.0500000 -0.1000000 -0.3000000
v 1.0461950 -0.1000000 -0.2808650
v 1.0346462 -0.0887500 -0.2856488
v 1.0375000 -0.0887500 -0.3000000
v 1.0461950 -0.1000000 -0.2808650
v 1.0353550 -0.1000000 -0.2646450
v 1.0265163 -0.0887500 -0.2734837
v 1.0346462 -0.0887500 -0.2856488
v 1.0353550 -0.1000000 -0.2646450
v 1.0191350 -0.1000000 -0.2538050
v 1.0143513 -0.0887500 -0.2653537
v 1.0265163 -0.0887500 -0.2734837
v 1.0191350 -0.1000000 -0.2538050
v 1.0000000 -0.1000000 -0.2500000
v 1.0000000 -0.0887500 -0.2625000
v 1.0143513 -0.0887500 -0.2653537
v 1.0000000 -0.1000000 -0.2500000
v 0.9808650 -0.1000000 -0.2538050
v 0.9856488 -0.0887500 -0.2653537
v 1.0000000 -0.0887500 -0.2625000
v 0.9808650 -0.1000000 -0.2538050
v 0.9646450 -0.1000000 -0.2646450
v 0.9734837 -0.0887500 -0.2734837
v 0.9856488 -0.0887500 -0.2653537
v 0.9646450 -0.1000000 -0.2646450
v 0.9538050 -0.1000000 -0.2808650
v 0.9653538 -0.0887500 -0.2856488
v 0.9734837 -0.0887500 -0.2734837
v 0.9538050 -0.1000000 -0.2808650
v 0.9500000 -0.1000000 -0.3000000
v 0.9625000 -0.0887500 -0.3000000
v 0.9653538 -0.0887500 -0.2856488
v 0.9500000 -0.1000000 -0.3000000
v 0.9538050 -0.1000000 -0.3191350
v 0.9653538 -0.0887500 -0.3143513
v 0.9625000 -0.0887500 -0.3000000
v 0.9538050 -0.1000000 -0.3191350
v 0.9646450 -0.1000000 -0.3353550
v 0.9734837 -0.0887500 -0.3265163
v 0.9653538 -0.0887500 -0.3143513
v 0.9646450 -0.1000000 -0.3353550
v 0.9808650 -0.1000000 -0.3461950
v 0.9856488 -0.0887500 -0.3346463
v 0.9734837 -0.0887500 -0.3265163
v 0.9808650 -0.1000000 -0.3461950
v 1.0000000 -0.1000000 -0.3500000
v 1.0000000 -0.0887500 -0.3375000
v 0.9856488 -0.0887500 -0.3346463
v 1.0000000 -0.1000000 -0.3500000
v 1.0191350 -0.1000000 -0.3461950
v 1.0143513 -0.0887500 -0.3346463
v 1.0000000 -0.0887500 -0.3375000
v 1.0191350 -0.1000000 -0.3461950
v 1.0353550 -0.1000000 -0.3353550
v 1.0265163 -0.0887500 -0.3265163
v 1.0143513 -0.0887500 -0.3346463
v 1.0353550 -0.1000000 -0.3353550
v 1.0461950 -0.1000000 -0.3191350
v 1.0346462 -0.0887500 -0.3143513
v 1.0265163 -0.0887500 -0.3265163
v 1.0461950 -0.1000000 -0.3191350
v 1.0500000 -0.1000000 -0.3000000
v 1.0375000 -0.0887500 -0.3000000
v 1.0346462 -0.0887500 -0.3143513
v 1.0346462 -0.0887500 -0.2856488
v 1.0173231 -0.0775000 -0.2928244
v 1.0187500 -0.0775000 -0.3000000
v 1.0375000 -0.0887500 -0.3000000
v 1.0265163 -0.0887500 -0.2734838
v 1.0132581 -0.0775000 -0.2867419
v 1.0173231 -0.0775000 -0.2928244
v 1.0346462 -0.0887500 -0.2856488
v 1.0143513 -0.0887500 -0.2653537
v 1.0071756 -0.0775000 -0.2826769
v 1.0132581 -0.0775000 -0.2867419
v 1.0265163 -0.0887500 -0.2734838
v 1.0000000 -0.0887500 -0.2625000
v 1.0000000 -0.0775000 -0.2812500
v 1.0071756 -0.0775000 -0.2826769
v 1.0143513 -0.0887500 -0.2653537
v 0.9856488 -0.0887500 -0.2653537
v 0.9928244 -0.0775000 -0.2826769
v 1.0000000 -0.0775000 -0.2812500
v 1.0000000 -0.0887500 -0.2625000
v 0.9734837 -0.0887500 -0.2734838
v 0.9867419 -0.0775000 -0.2867419
v 0.9928244 -0.0775000 -0.2826769
v 0.9856488 -0.0887500 -0.2653537
v 0.9653538 -0.0887500 -0.2856488
v 0.9826769 -0.0775000 -0.2928244
v 0.9867419 -0.0775000 -0.2867419
v 0.9734837 -0.0887500 -0.2734838
v 0.9625000 -0.0887500 -0.3000000
v 0.9812500 -0.0775000 -0.3000000
v 0.9826769 -0.0775000 -0.2928244
v 0.9653538 -0.0887500 -0.2856488
v 0.9653538 -0.0887500 -0.3143513
v 0.9826769 -0.0775000 -0.3071756
v 0.9812500 -0.0775000 -0.3000000
v 0.9625000 -0.0887500 -0.3000000
v 0.9734837 -0.0887500 -0.3265163
v 0.9867419 -0.0775000 -0.3132581
v 0.9826769 -0.0775000 -0.3071756
v 0.9653538 -0.0887500 -0.3143513
v 0.9856488 -0.0887500 -0.3346463
v 0.9928244 -0.0775000 -0.3173231
v 0.9867419 -0.0775000 -0.3132581
v 0.9734837 -0.0887500 -0.3265163
v 1.0000000 -0.0887500 -0.3375000
v 1.0000000 -0.0775000 -0.3187500
v 0.9928244 -0.0775000 -0.3173231
v 0.9856488 -0.0887500 -0.3346463
v 1.0143513 -0.0887500 -0.3346463
v 1.0071756 -0.0775000 -0.3173231
v 1.0000000 -0.0775000 -0.3187500
v 1.0000000 -0.0887500 -0.3375000
v 1.0265163 -0.0887500 -0.3265163
v 1.0132581 -0.0775000 -0.3132581
v 1.0071756 -0.0775000 -0.3173231
v 1.0143513 -0.0887500 -0.3346463
v 1.0346462 -0.0887500 -0.3143513
v 1.0173231 -0.0775000 -0.3071756
v 1.0132581 -0.0775000 -0.3132581
v 1.0265163 -0.0887500 -0.3265163
v 1.0375000 -0.0887500 -0.3000000
v 1.0187500 -0.0775000 -0.3000000
v 1.0173231 -0.0775000 -0.3071756
v 1.0346462 -0.0887500 -0.3143513
v 1.0187500 -0.0775000 -0.3000000
v 1.0173231 -0.0775000 -0.2928244
v 1.0000000 -0.0750000 -0.3000000
v 1.0173231 -0.0775000 -0.2928244
v 1.0132600 -0.0775000 -0.2867400
v 1.0000000 -0.0750000 -0.3000000
v 1.0132600 -0.0775000 -0.2867400
v 1.0071756 -0.0775000 -0.2826769
v 1.0000000 -0.0750000 -0.3000000
v 1.0071756 -0.0775000 -0.2826769
v 1.0000000 -0.0775000 -0.2812500
v 1.0000000 -0.0750000 -0.3000000
v 1.0000000 -0.0775000 -0.2812500
v 0.9928244 -0.0775000 -0.2826769
v 1.0000000 -0.0750000 -0.3000000
v 0.9928244 -0.0775000 -0.2826769
v 0.9867400 -0.0775000 -0.2867400
v 1.0000000 -0.0750000 -0.3000000
v 0.9867400 -0.0775000 -0.2867400
v 0.9826769 -0.0775000 -0.2928244
v 1.0000000 -0.0750000 -0.3000000
v 0.9826769 -0.0775000 -0.2928244
v 0.9812500 -0.0775000 -0.3000000
v 1.0000000 -0.0750000 -0.3000000
v 0.9812500 -0.0775000 -0.3000000
v 0.9826769 -0.0775000 -0.3071756
v 1.0000000 -0.0750000 -0.3000000
v 0.9826769 -0.0775000 -0.3071756
v 0.9867400 -0.0775000 -0.3132600
v 1.0000000 -0.0750000 -0.3000000
v 0.9867400 -0.0775000 -0.3132600
v 0.9928244 -0.0775000 -0.3173231
v 1.0000000 -0.0750000 -0.3000000
v 0.9928244 -0.0775000 -0.3173231
v 1.0000000 -0.0775000 -0.3187500
v 1.0000000 -0.0750000 -0.3000000
v 1.0000000 -0.0775000 -0.3187500
v 1.0071756 -0.0775000 -0.3173231
v 1.0000000 -0.0750000 -0.3000000
v 1.0071756 -0.0775000 -0.3173231
v 1.0132600 -0.0775000 -0.3132600
v 1.0000000 -0.0750000 -0.3000000
v 1.0132600 -0.0775000 -0.3132600
v 1.0173231 -0.0775000 -0.3071756
v 1.0000000 -0.0750000 -0.3000000
v 1.0173231 -0.0775000 -0.3071756
v 1.0187500 -0.0775000 -0.3000000
v 1.0000000 -0.0750000 -0.3000000
v 0.9500000 -0.1000000 -0.2500000
v 0.9500000 -0.1000000 -0.3000000
v 0.9538050 -0.1000000 -0.2808650
v 0.9500000 -0.1000000 -0.2500000
v 0.9538050 -0.1000000 -0.2808650
v 0.9646450 -0.1000000 -0.2646450
v 0.9500000 -0.1000000 -0.2500000
v 0.9646450 -0.1000000 -0.2646450
v 0.9808650 -0.1000000 -0.2538050
v 0.9500000 -0.1000000 -0.2500000
v 0.9808650 -0.1000000 -0.2538050
v 1.0000000 -0.1000000 -0.2500000
v 1.0500000 -0.1000000 -0.2500000
v 1.0000000 -0.1000000 -0.2500000
v 1.0191350 -0.1000000 -0.2538050
v 1.0500000 -0.1000000 -0.2500000
v 1.0191350 -0.1000000 -0.2538050
v 1.0353550 -0.1000000 -0.2646450
v 1.0500000 -0.1000000 -0.2500000
v 1.0353550 -0.1000000 -0.2646450
v 1.0461950 -0.1000000 -0.2808650
v 1.0500000 -0.1000000 -0.2500000
v 1.0461950 -0.1000000 -0.2808650
v 1.0500000 -0.1000000 -0.3000000
v 1.0500000 -0.1000000 -0.3000000
v 1.0461950 -0.1000000 -0.3191350
v 1.0923900 -0.1000000 -0.3382700
v 1.1000000 -0.1000000 -0.3000000
v 1.0461950 -0.1000000 -0.3191350
v 1.0353550 -0.1000000 -0.3353550
v 1.0707100 -0.1000000 -0.3707100
v 1.0923900 -0.1000000 -0.3382700
v 1.0353550 -0.1000000 -0.3353550
v 1.0191350 -0.1000000 -0.3461950
v 1.0382700 -0.1000000 -0.3923900
v 1.0707100 -0.1000000 -0.3707100
v 1.0191350 -0.1000000 -0.3461950
v 1.0000000 -0.1000000 -0.3500000
v 1.0000000 -0.1000000 -0.4000000
v 1.0382700 -0.1000000 -0.3923900
v 1.0000000 -0.1000000 -0.3500000
v 0.9808650 -0.1000000 -0.3461950
v 0.9617300 -0.1000000 -0.3923900
v 1.0000000 -0.1000000 -0.4000000
v 0.9808650 -0.1000000 -0.3461950
v 0.9646450 -0.1000000 -0.3353550
v 0.9292900 -0.1000000 -0.3707100
v 0.9617300 -0.1000000 -0.3923900
v 0.9646450 -0.1000000 -0.3353550
v 0.9538050 -0.1000000 -0.3191350
v 0.9076100 -0.1000000 -0.3382700
v 0.9292900 -0.1000000 -0.3707100
v 0.9538050 -0.1000000 -0.3191350
v 0.9500000 -0.1000000 -0.3000000
v 0.9000000 -0.1000000 -0.3000000
v 0.9076100 -0.1000000 -0.3382700
v 0.9000000 -0.1000000 -0.3000000
v 0.9500000 -0.1000000 -0.3000000
v 0.9500000 -0.1000000 -0.2500000
v 0.9000000 -0.1000000 -0.2500000
v 1.0500000 -0.1000000 -0.3000000
v 1.1000000 -0.1000000 -0.3000000
v 1.1000000 -0.1000000 -0.2500000
v 1.0500000 -0.1000000 -0.2500000
v 1.1000000 -0.0000000 -0.2500000
v 1.1000000 -0.0000000 -0.3000000
v 0.9000000 -0.0000000 -0.3000000
v 0.9000000 -0.0000000 -0.2500000
v 1.1000000 -0.0000000 -0.2500000
v 1.1000000 -0.1000000 -0.2500000
v 1.1000000 -0.1000000 -0.3000000
v 1.1000000 -0.0000000 -0.3000000
v 0.9000000 -0.0000000 -0.3000000
v 0.9000000 -0.1000000 -0.3000000
v 0.9000000 -0.1000000 -0.2500000
v 0.9000000 -0.0000000 -0.2500000
v 1.1000000 -0.0000000 -0.2500000
v 1.0000000 -0.0000000 -0.2500000
v 1.0000000 -0.1000000 -0.2500000
v 1.1000000 -0.1000000 -0.2500000
v 1.0923900 -1.7000000 -0.3382700
v 1.1000000 -1.7000000 -0.3000000
v 1.0000000 -1.7000000 -0.3000000
v 1.0707100 -1.7000000 -0.3707100
v 1.0923900 -1.7000000 -0.3382700
v 1.0000000 -1.7000000 -0.3000000
v 1.0382700 -1.7000000 -0.3923900
v 1.0707100 -1.7000000 -0.3707100
v 1.0000000 -1.7000000 -0.3000000
v 1.0000000 -1.7000000 -0.4000000
v 1.0382700 -1.7000000 -0.3923900
v 1.0000000 -1.7000000 -0.3000000
v 0.9617300 -1.7000000 -0.3923900
v 1.0000000 -1.7000000 -0.4000000
v 1.0000000 -1.7000000 -0.3000000
v 0.9292900 -1.7000000 -0.3707100
v 0.9617300 -1.7000000 -0.3923900
v 1.0000000 -1.7000000 -0.3000000
v 0.9076100 -1.7000000 -0.3382700
v 0.9292900 -1.7000000 -0.3707100
v 1.0000000 -1.7000000 -0.3000000
v 0.9000000 -1.7000000 -0.3000000
v 0.9076100 -1.7000000 -0.3382700
v 1.0000000 -1.7000000 -0.3000000
v 1.1000000 -1.6000000 -0.3000000
v 1.1000000 -1.7000000 -0.3000000
v 1.0923900 -1.7000000 -0.3382700
v 1.0923900 -1.6000000 -0.3382700
v 1.0923900 -1.6000000 -0.3382700
v 1.0923900 -1.7000000 -0.3382700
v 1.0707100 -1.7000000 -0.3707100
v 1.0707100 -1.6000000 -0.3707100
v 1.0707100 -1.6000000 -0.3707100
v 1.0707100 -1.7000000 -0.3707100
v 1.0382700 -1.7000000 -0.3923900
v 1.0382700 -1.6000000 -0.3923900
v 1.0382700 -1.6000000 -0.3923900
v 1.0382700 -1.7000000 -0.3923900
v 1.0000000 -1.7000000 -0.4000000
v 1.0000000 -1.6000000 -0.4000000
v 1.0000000 -1.6000000 -0.4000000
v 1.0000000 -1.7000000 -0.4000000
v 0.9617300 -1.7000000 -0.3923900
v 0.9617300 -1.6000000 -0.3923900
v 0.9617300 -1.6000000 -0.3923900
v 0.9617300 -1.7000000 -0.3923900
v 0.9292900 -1.7000000 -0.3707100
v 0.9292900 -1.6000000 -0.3707100
v 0.9292900 -1.6000000 -0.3707100
v 0.9292900 -1.7000000 -0.3707100
v 0.9076100 -1.7000000 -0.3382700
v 0.9076100 -1.6000000 -0.3382700
v 0.9076100 -1.6000000 -0.3382700
v 0.9076100 -1.7000000 -0.3382700
v 0.9000000 -1.7000000 -0.3000000
v 0.9000000 -1.6000000 -0.3000000
v 0.9500000 -1.6000000 -0.3000000
v 0.9538050 -1.6000000 -0.2808650
v 0.9653538 -1.6112500 -0.2856488
v 0.9625000 -1.6112500 -0.3000000
v 0.9538050 -1.6000000 -0.2808650
v 0.9646450 -1.6000000 -0.2646450
v 0.9734837 -1.6112500 -0.2734837
v 0.9653538 -1.6112500 -0.2856488
v 0.9646450 -1.6000000 -0.2646450
v 0.9808650 -1.6000000 -0.2538050
v 0.9856488 -1.6112500 -0.2653537
v 0.9734837 -1.6112500 -0.2734837
v 0.9808650 -1.6000000 -0.2538050
v 1.0000000 -1.6000000 -0.2500000
v 1.0000000 -1.6112500 -0.2625000
v 0.9856488 -1.6112500 -0.2653537
v 1.0000000 -1.6000000 -0.2500000
v 1.0191350 -1.6000000 -0.2538050
v 1.0143513 -1.6112500 -0.2653537
v 1.0000000 -1.6112500 -0.2625000
v 1.0191350 -1.6000000 -0.2538050
v 1.0353550 -1.6000000 -0.2646450
v 1.0265163 -1.6112500 -0.2734837
v 1.0143513 -1.6112500 -0.2653537
v 1.0353550 -1.6000000 -0.2646450
v 1.0461950 -1.6000000 -0.2808650
v 1.0346462 -1.6112500 -0.2856488
v 1.0265163 -1.6112500 -0.2734837
v 1.0461950 -1.6000000 -0.2808650
v 1.0500000 -1.6000000 -0.3000000
v 1.0375000 -1.6112500 -0.3000000
v 1.0346462 -1.6112500 -0.2856488
v 1.0500000 -1.6000000 -0.3000000
v 1.0461950 -1.6000000 -0.3191350
v 1.0346462 -1.6112500 -0.3143513
v 1.0375000 -1.6112500 -0.3000000
v 1.0461950 -1.6000000 -0.3191350
v 1.0353550 -1.6000000 -0.3353550
v 1.0265163 -1.6112500 -0.3265163
v 1.0346462 -1.6112500 -0.3143513
v 1.0353550 -1.6000000 -0.3353550
v 1.0191350 -1.6000000 -0.3461950
v 1.0143513 -1.6112500 -0.3346463
v 1.0265163 -1.6112500 -0.3265163
v 1.0191350 -1.6000000 -0.3461950
v 1.0000000 -1.6000000 -0.3500000
v 1.0000000 -1.6112500 -0.3375000
v 1.0143513 -1.6112500 -0.3346463
v 1.0000000 -1.6000000 -0.3500000
v 0.9808650 -1.6000000 -0.3461950
v 0.9856488 -1.6112500 -0.3346463
v 1.0000000 -1.6112500 -0.3375000
v 0.9808650 -1.6000000 -0.3461950
v 0.9646450 -1.6000000 -0.3353550
v 0.9734837 -1.6112500 -0.3265163
v 0.9856488 -1.6112500 -0.3346463
v 0.9646450 -1.6000000 -0.3353550
v 0.9538050 -1.6000000 -0.3191350
v 0.9653538 -1.6112500 -0.3143513
v 0.9734837 -1.6112500 -0.3265163
v 0.9538050 -1.6000000 -0.3191350
v 0.9500000 -1.6000000 -0.3000000
v 0.9625000 -1.6112500 -0.3000000
v 0.9653538 -1.6112500 -0.3143513
v 0.9653538 -1.6112500 -0.2856488
v 0.9826769 -1.6225000 -0.2928244
v 0.9812500 -1.6225000 -0.3000000
v 0.9625000 -1.6112500 -0.3000000
v 0.9734837 -1.6112500 -0.2734838
v 0.9867419 -1.6225000 -0.2867419
v 0.9826769 -1.6225000 -0.2928244
v 0.9653538 -1.6112500 -0.2856488
v 0.9856488 -1.6112500 -0.2653537
v 0.9928244 -1.6225000 -0.2826769
v 0.9867419 -1.6225000 -0.2867419
v 0.9734837 -1.6112500 -0.2734838
v 1.0000000 -1.6112500 -0.2625000
v 1.0000000 -1.6225000 -0.2812500
v 0.9928244 -1.6225000 -0.2826769
v 0.9856488 -1.6112500 -0.2653537
v 1.0143513 -1.6112500 -0.2653537
v 1.0071756 -1.6225000 -0.2826769
v 1.0000000 -1.6225000 -0.2812500
v 1.0000000 -1.6112500 -0.2625000
v 1.0265163 -1.6112500 -0.2734838
v 1.0132581 -1.6225000 -0.2867419
v 1.0071756 -1.6225000 -0.2826769
v 1.0143513 -1.6112500 -0.2653537
v 1.0346462 -1.6112500 -0.2856488
v 1.0173231 -1.6225000 -0.2928244
v 1.0132581 -1.6225000 -0.2867419
v 1.0265163 -1.6112500 -0.2734838
v 1.0375000 -1.6112500 -0.3000000
v 1.0187500 -1.6225000 -0.3000000
v 1.0173231 -1.6225000 -0.2928244
v 1.0346462 -1.6112500 -0.2856488
v 1.0346462 -1.6112500 -0.3143513
v 1.0173231 -1.6225000 -0.3071756
v 1.0187500 -1.6225000 -0.3000000
v 1.0375000 -1.6112500 -0.3000000
v 1.0265163 -1.6112500 -0.3265163
v 1.0132581 -1.6225000 -0.3132581
v 1.0173231 -1.6225000 -0.3071756
v 1.0346462 -1.6112500 -0.3143513
v 1.0143513 -1.6112500 -0.3346463
v 1.0071756 -1.6225000 -0.3173231
v 1.0132581 -1.6225000 -0.3132581
v 1.0265163 -1.6112500 -0.3265163
v 1.0000000 -1.6112500 -0.3375000
v 1.0000000 -1.6225000 -0.3187500
v 1.0071756 -1.6225000 -0.3173231
v 1.0143513 -1.6112500 -0.3346463
v 0.9856488 -1.6112500 -0.3346463
v 0.9928244 -1.6225000 -0.3173231
v 1.0000000 -1.6225000 -0.3187500
v 1.0000000 -1.6112500 -0.3375000
v 0.9734837 -1.6112500 -0.3265163
v 0.9867419 -1.6225000 -0.3132581
v 0.9928244 -1.6225000 -0.3173231
v 0.9856488 -1.6112500 -0.3346463
v 0.9653538 -1.6112500 -0.3143513
v 0.9826769 -1.6225000 -0.3071756
v 0.9867419 -1.6225000 -0.3132581
v 0.9734837 -1.6112500 -0.3265163
v 0.9625000 -1.6112500 -0.3000000
v 0.9812500 -1.6225000 -0.3000000
v 0.9826769 -1.6225000 -0.3071756
v 0.9653538 -1.6112500 -0.3143513
v 0.9812500 -1.6225000 -0.3000000
v 0.9826769 -1.6225000 -0.2928244
v 1.0000000 -1.6250000 -0.3000000
v 0.9826769 -1.6225000 -0.2928244
v 0.9867400 -1.6225000 -0.2867400
v 1.0000000 -1.6250000 -0.3000000
v 0.9867400 -1.6225000 -0.2867400
v 0.9928244 -1.6225000 -0.2826769
v 1.0000000 -1.6250000 -0.3000000
v 0.9928244 -1.6225000 -0.2826769
v 1.0000000 -1.6225000 -0.2812500
v 1.0000000 -1.6250000 -0.3000000
v 1.0000000 -1.6225000 -0.2812500
v 1.0071756 -1.6225000 -0.2826769
v 1.0000000 -1.6250000 -0.3000000
v 1.0071756 -1.6225000 -0.2826769
v 1.0132600 -1.6225000 -0.2867400
v 1.0000000 -1.6250000 -0.3000000
v 1.0132600 -1.6225000 -0.2867400
v 1.0173231 -1.6225000 -0.2928244
v 1.0000000 -1.6250000 -0.3000000
v 1.0173231 -1.6225000 -0.2928244
v 1.0187500 -1.6225000 -0.3000000
v 1.0000000 -1.6250000 -0.3000000
v 1.0187500 -1.6225000 -0.3000000
v 1.0173231 -1.6225000 -0.3071756
v 1.0000000 -1.6250000 -0.3000000
v 1.0173231 -1.6225000 -0.3071756
v 1.0132600 -1.6225000 -0.3132600
v 1.0000000 -1.6250000 -0.3000000
v 1.0132600 -1.6225000 -0.3132600
v 1.0071756 -1.6225000 -0.3173231
v 1.0000000 -1.6250000 -0.3000000
v 1.0071756 -1.6225000 -0.3173231
v 1.0000000 -1.6225000 -0.3187500
v 1.0000000 -1.6250000 -0.3000000
v 1.0000000 -1.6225000 -0.3187500
v 0.9928244 -1.6225000 -0.3173231
v 1.0000000 -1.6250000 -0.3000000
v 0.9928244 -1.6225000 -0.3173231
v 0.9867400 -1.6225000 -0.3132600
v 1.0000000 -1.6250000 -0.3000000
v 0.9867400 -1.6225000 -0.3132600
v 0.9826769 -1.6225000 -0.3071756
v 1.0000000 -1.6250000 -0.3000000
v 0.9826769 -1.6225000 -0.3071756
v 0.9812500 -1.6225000 -0.3000000
v 1.0000000 -1.6250000 -0.3000000
v 1.0500000 -1.6000000 -0.2500000
v 1.0500000 -1.6000000 -0.3000000
v 1.0461950 -1.6000000 -0.2808650
v 1.0500000 -1.6000000 -0.2500000
v 1.0461950 -1.6000000 -0.2808650
v 1.0353550 -1.6000000 -0.2646450
v 1.0500000 -1.6000000 -0.2500000
v 1.0353550 -1.6000000 -0.2646450
v 1.0191350 -1.6000000 -0.2538050
v 1.0500000 -1.6000000 -0.2500000
v 1.0191350 -1.6000000 -0.2538050
v 1.0000000 -1.6000000 -0.2500000
v 0.9500000 -1.6000000 -0.2500000
v 1.0000000 -1.6000000 -0.2500000
v 0.9808650 -1.6000000 -0.2538050
v 0.9500000 -1.6000000 -0.2500000
v 0.9808650 -1.6000000 -0.2538050
v 0.9646450 -1.6000000 -0.2646450
v 0.9500000 -1.6000000 -0.2500000
v 0.9646450 -1.6000000 -0.2646450
v 0.9538050 -1.6000000 -0.2808650
v 0.9500000 -1.6000000 -0.2500000
v 0.9538050 -1.6000000 -0.2808650
v 0.9500000 -1.6000000 -0.3000000
v 0.9500000 -1.6000000 -0.3000000
v 0.9538050 -1.6000000 -0.3191350
v 0.9076100 -1.6000000 -0.3382700
v 0.9000000 -1.6000000 -0.3000000
v 0.9538050 -1.6000000 -0.3191350
v 0.9646450 -1.6000000 -0.3353550
v 0.9292900 -1.6000000 -0.3707100
v 0.9076100 -1.6000000 -0.3382700
v 0.9646450 -1.6000000 -0.3353550
v 0.9808650 -1.6000000 -0.3461950
v 0.9617300 -1.6000000 -0.3923900
v 0.9292900 -1.6000000 -0.3707100
v 0.9808650 -1.6000000 -0.3461950
v 1.0000000 -1.6000000 -0.3500000
v 1.0000000 -1.6000000 -0.4000000
v 0.9617300 -1.6000000 -0.3923900
v 1.0000000 -1.6000000 -0.3500000
v 1.0191350 -1.6000000 -0.3461950
v 1.0382700 -1.6000000 -0.3923900
v 1.0000000 -1.6000000 -0.4000000
v 1.0191350 -1.6000000 -0.3461950
v 1.0353550 -1.6000000 -0.3353550
v 1.0707100 -1.6000000 -0.3707100
v 1.0382700 -1.6000000 -0.3923900
v 1.0353550 -1.6000000 -0.3353550
v 1.0461950 -1.6000000 -0.3191350
v 1.0923900 -1.6000000 -0.3382700
v 1.0707100 -1.6000000 -0.3707100
v 1.0461950 -1.6000000 -0.3191350
v 1.0500000 -1.6000000 -0.3000000
v 1.1000000 -1.6000000 -0.3000000
v 1.0923900 -1.6000000 -0.3382700
v 1.1000000 -1.6000000 -0.3000000
v 1.0500000 -1.6000000 -0.3000000
v 1.0500000 -1.6000000 -0.2500000
v 1.1000000 -1.6000000 -0.2500000
v 0.9500000 -1.6000000 -0.3000000
v 0.9000000 -1.6000000 -0.3000000
v 0.9000000 -1.6000000 -0.2500000
v 0.9500000 -1.6000000 -0.2500000
v 0.9000000 -1.7000000 -0.2500000
v 0.9000000 -1.7000000 -0.3000000
v 1.1000000 -1.7000000 -0.3000000
v 1.1000000 -1.7000000 -0.2500000
v 0.9000000 -1.7000000 -0.2500000
v 0.9000000 -1.6000000 -0.2500000
v 0.9000000 -1.6000000 -0.3000000
v 0.9000000 -1.7000000 -0.3000000
v 1.1000000 -1.7000000 -0.3000000
v 1.1000000 -1.6000000 -0.3000000
v 1.1000000 -1.6000000 -0.2500000
v 1.1000000 -1.7000000 -0.2500000
v 1.1000000 -1.6000000 -0.2500000
v 1.0000000 -1.6000000 -0.2500000
v 1.0000000 -1.7000000 -0.2500000
v 1.1000000 -1.7000000 -0.2500000
v -0.9076100 -1.7000000 -0.3382700
v -0.9000000 -1.7000000 -0.3000000
v -1.0000000 -1.7000000 -0.3000000
v -0.9292900 -1.7000000 -0.3707100
v -0.9076100 -1.7000000 -0.3382700
v -1.0000000 -1.7000000 -0.3000000
v -0.9617300 -1.7000000 -0.3923900
v -0.9292900 -1.7000000 -0.3707100
v -1.0000000 -1.7000000 -0.3000000
v -1.0000000 -1.7000000 -0.4000000
v -0.9617300 -1.7000000 -0.3923900
v -1.0000000 -1.7000000 -0.3000000
v -1.0382700 -1.7000000 -0.3923900
v -1.0000000 -1.7000000 -0.4000000
v -1.0000000 -1.7000000 -0.3000000
v -1.0707100 -1.7000000 -0.3707100
v -1.0382700 -1.7000000 -0.3923900
v -1.0000000 -1.7000000 -0.3000000
v -1.0923900 -1.7000000 -0.3382700
v -1.0707100 -1.7000000 -0.3707100
v -1.0000000 -1.7000000 -0.3000000
v -1.1000000 -1.7000000 -0.3000000
v -1.0923900 -1.7000000 -0.3382700
v -1.0000000 -1.7000000 -0.3000000
v -0.9000000 -1.6000000 -0.3000000
v -0.9000000 -1.7000000 -0.3000000
v -0.9076100 -1.7000000 -0.3382700
v -0.9076100 -1.6000000 -0.3382700
v -0.9076100 -1.6000000 -0.3382700
v -0.9076100 -1.7000000 -0.3382700
v -0.9292900 -1.7000000 -0.3707100
v -0.9292900 -1.6000000 -0.3707100
v -0.9292900 -1.6000000 -0.3707100
v -0.9292900 -1.7000000 -0.3707100
v -0.9617300 -1.7000000 -0.3923900
v -0.9617300 -1.6000000 -0.3923900
v -0.9617300 -1.6000000 -0.3923900
v -0.9617300 -1.7000000 -0.3923900
v -1.0000000 -1.7000000 -0.4000000
v -1.0000000 -1.6000000 -0.4000000
v -1.0000000 -1.6000000 -0.4000000
v -1.0000000 -1.7000000 -0.4000000
v -1.0382700 -1.7000000 -0.3923900
v -1.0382700 -1.6000000 -0.3923900
v -1.0382700 -1.6000000 -0.3923900
v -1.0382700 -1.7000000 -0.3923900
v -1.0707100 -1.7000000 -0.3707100
v -1.0707100 -1.6000000 -0.3707100
v -1.0707100 -1.6000000 -0.3707100
v -1.0707100 -1.7000000 -0.3707100
v -1.0923900 -1.7000000 -0.3382700
v -1.0923900 -1.6000000 -0.3382700
v -1.0923900 -1.6000000 -0.3382700
v -1.0923900 -1.7000000 -0.3382700
v -1.1000000 -1.7000000 -0.3000000
v -1.1000000 -1.6000000 -0.3000000
v -1.0500000 -1.6000000 -0.3000000
v -1.0461950 -1.6000000 -0.2808650
v -1.0346462 -1.6112500 -0.2856488
v -1.0375000 -1.6112500 -0.3000000
v -1.0461950 -1.6000000 -0.2808650
v -1.0353550 -1.6000000 -0.2646450
v -1.0265163 -1.6112500 -0.2734837
v -1.0346462 -1.6112500 -0.2856488
v -1.0353550 -1.6000000 -0.2646450
v -1.0191350 -1.6000000 -0.2538050
v -1.0143513 -1.6112500 -0.2653537
v -1.0265163 -1.6112500 -0.2734837
v -1.0191350 -1.6000000 -0.2538050
v -1.0000000 -1.6000000 -0.2500000
v -1.0000000 -1.6112500 -0.2625000
v -1.0143513 -1.6112500 -0.2653537
v -1.0000000 -1.6000000 -0.2500000
v -0.9808650 -1.6000000 -0.2538050
v -0.9856488 -1.6112500 -0.2653537
v -1.0000000 -1.6112500 -0.2625000
v -0.9808650 -1.6000000 -0.2538050
v -0.9646450 -1.6000000 -0.2646450
v -0.9734837 -1.6112500 -0.2734837
v -0.9856488 -1.6112500 -0.2653537
v -0.9646450 -1.6000000 -0.2646450
v -0.9538050 -1.6000000 -0.2808650
v -0.9653538 -1.6112500 -0.2856488
v -0.9734837 -1.6112500 -0.2734837
v -0.9538050 -1.6000000 -0.2808650
v -0.9500000 -1.6000000 -0.3000000
v -0.9625000 -1.6112500 -0.3000000
v -0.9653538 -1.6112500 -0.2856488
v -0.9500000 -1.6000000 -0.3000000
v -0.9538050 -1.6000000 -0.3191350
v -0.9653538 -1.6112500 -0.3143513
v -0.9625000 -1.6112500 -0.3000000
v -0.9538050 -1.6000000 -0.3191350
v -0.9646450 -1.6000000 -0.3353550
v -0.9734837 -1.6112500 -0.3265163
v -0.9653538 -1.6112500 -0.3143513
v -0.9646450 -1.6000000 -0.3353550
v -0.9808650 -1.6000000 -0.3461950
v -0.9856488 -1.6112500 -0.3346463
v -0.9734837 -1.6112500 -0.3265163
v -0.9808650 -1.6000000 -0.3461950
v -1.0000000 -1.6000000 -0.3500000
v -1.0000000 -1.6112500 -0.3375000
v -0.9856488 -1.6112500 -0.3346463
v -1.0000000 -1.6000000 -0.3500000
v -1.0191350 -1.6000000 -0.3461950
v -1.0143513 -1.6112500 -0.3346463
v -1.0000000 -1.6112500 -0.3375000
v -1.0191350 -1.6000000 -0.3461950
v -1.0353550 -1.6000000 -0.3353550
v -1.0265163 -1.6112500 -0.3265163
v -1.0143513 -1.6112500 -0.3346463
v -1.0353550 -1.6000000 -0.3353550
v -1.0461950 -1.6000000 -0.3191350
v -1.0346462 -1.6112500 -0.3143513
v -1.0265163 -1.6112500 -0.3265163
v -1.0461950 -1.6000000 -0.3191350
v -1.0500000 -1.6000000 -0.3000000
v -1.0375000 -1.6112500 -0.3000000
v -1.0346462 -1.6112500 -0.3143513
v -1.0346462 -1.6112500 -0.2856488
v -1.0173231 -1.6225000 -0.2928244
v -1.0187500 -1.6225000 -0.3000000
v -1.0375000 -1.6112500 -0.3000000
v -1.0265163 -1.6112500 -0.2734838
v -1.0132581 -1.6225000 -0.2867419
v -1.0173231 -1.6225000 -0.2928244
v -1.0346462 -1.6112500 -0.2856488
v -1.0143513 -1.6112500 -0.2653537
v -1.0071756 -1.6225000 -0.2826769
v -1.0132581 -1.6225000 -0.2867419
v -1.0265163 -1.6112500 -0.2734838
v -1.0000000 -1.6112500 -0.2625000
v -1.0000000 -1.6225000 -0.2812500
v -1.0071756 -1.6225000 -0.2826769
v -1.0143513 -1.6112500 -0.2653537
v -0.9856488 -1.6112500 -0.2653537
v -0.9928244 -1.6225000 -0.2826769
v -1.0000000 -1.6225000 -0.2812500
v -1.0000000 -1.6112500 -0.2625000
v -0.9734837 -1.6112500 -0.2734838
v -0.9867419 -1.6225000 -0.2867419
v -0.9928244 -1.6225000 -0.2826769
v -0.9856488 -1.6112500 -0.2653537
v -0.9653538 -1.6112500 -0.2856488
v -0.9826769 -1.6225000 -0.2928244
v -0.9867419 -1.6225000 -0.2867419
v -0.9734837 -1.6112500 -0.2734838
v -0.9625000 -1.6112500 -0.3000000
v -0.9812500 -1.6225000 -0.3000000
v -0.9826769 -1.6225000 -0.2928244
v -0.9653538 -1.6112500 -0.2856488
v -0.9653538 -1.6112500 -0.3143513
v -0.9826769 -1.6225000 -0.3071756
v -0.9812500 -1.6225000 -0.3000000
v -0.9625000 -1.6112500 -0.3000000
v -0.9734837 -1.6112500 -0.3265163
v -0.9867419 -1.6225000 -0.3132581
v -0.9826769 -1.6225000 -0.3071756
v -0.9653538 -1.6112500 -0.3143513
v -0.9856488 -1.6112500 -0.3346463
v -0.9928244 -1.6225000 -0.3173231
v -0.9867419 -1.6225000 -0.3132581
v -0.9734837 -1.6112500 -0.3265163
v -1.0000000 -1.6112500 -0.3375000
v -1.0000000 -1.6225000 -0.3187500
v -0.9928244 -1.6225000 -0.3173231
v -0.9856488 -1.6112500 -0.3346463
v -1.0143513 -1.6112500 -0.3346463
v -1.0071756 -1.6225000 -0.3173231
v -1.0000000 -1.6225000 -0.3187500
v -1.0000000 -1.6112500 -0.3375000
v -1.0265163 -1.6112500 -0.3265163
v -1.0132581 -1.6225000 -0.3132581
v -1.0071756 -1.6225000 -0.3173231
v -1.0143513 -1.6112500 -0.3346463
v -1.0346462 -1.6112500 -0.3143513
v -1.0173231 -1.6225000 -0.3071756
v -1.0132581 -1.6225000 -0.3132581
v -1.0265163 -1.6112500 -0.3265163
v -1.0375000 -1.6112500 -0.3000000
v -1.0187500 -1.6225000 -0.3000000
v -1.0173231 -1.6225000 -0.3071756
v -1.0346462 -1.6112500 -0.3143513
v -1.0187500 -1.6225000 -0.3000000
v -1.0173231 -1.6225000 -0.2928244
v -1.0000000 -1.6250000 -0.3000000
v -1.0173231 -1.6225000 -0.2928244
v -1.0132600 -1.6225000 -0.2867400
v -1.0000000 -1.6250000 -0.3000000
v -1.0132600 -1.6225000 -0.2867400
v -1.0071756 -1.6225000 -0.2826769
v -1.0000000 -1.6250000 -0.3000000
v -1.0071756 -1.6225000 -0.2826769
v -1.0000000 -1.6225000 -0.2812500
v -1.0000000 -1.6250000 -0.3000000
v -1.0000000 -1.6225000 -0.2812500
v -0.9928244 -1.6225000 -0.2826769
v -1.0000000 -1.6250000 -0.3000000
v -0.9928244 -1.6225000 -0.2826769
v -0.9867400 -1.6225000 -0.2867400
v -1.0000000 -1.6250000 -0.3000000
v -0.9867400 -1.6225000 -0.2867400
v -0.9826769 -1.6225000 -0.2928244
v -1.0000000 -1.6250000 -0.3000000
v -0.9826769 -1.6225000 -0.2928244
v -0.9812500 -1.6225000 -0.3000000
v -1.0000000 -1.6250000 -0.3000000
v -0.9812500 -1.6225000 -0.3000000
v -0.9826769 -1.6225000 -0.3071756
v -1.0000000 -1.6250000 -0.3000000
v -0.9826769 -1.6225000 -0.3071756
v -0.9867400 -1.6225000 -0.3132600
v -1.0000000 -1.6250000 -0.3000000
v -0.9867400 -1.6225000 -0.3132600
v -0.9928244 -1.6225000 -0.3173231
v -1.0000000 -1.6250000 -0.3000000
v -0.9928244 -1.6225000 -0.3173231
v -1.0000000 -1.6225000 -0.3187500
v -1.0000000 -1.6250000 -0.3000000
v -1.0000000 -1.6225000 -0.3187500
v -1.0071756 -1.6225000 -0.3173231
v -1.0000000 -1.6250000 -0.3000000
v -1.0071756 -1.6225000 -0.3173231
v -1.0132600 -1.6225000 -0.3132600
v -1.0000000 -1.6250000 -0.3000000
v -1.0132600 -1.6225000 -0.3132600
v -1.0173231 -1.6225000 -0.3071756
v -1.0000000 -1.6250000 -0.3000000
v -1.0173231 -1.6225000 -0.3071756
v -1.0187500 -1.6225000 -0.3000000
v -1.0000000 -1.6250000 -0.3000000
v -0.9500000 -1.6000000 -0.2500000
v -0.9500000 -1.6000000 -0.3000000
v -0.9538050 -1.6000000 -0.2808650
v -0.9500000 -1.6000000 -0.2500000
v -0.9538050 -1.6000000 -0.2808650
v -0.9646450 -1.6000000 -0.2646450
v -0.9500000 -1.6000000 -0.2500000
v -0.9646450 -1.6000000 -0.2646450
v -0.9808650 -1.6000000 -0.2538050
v -0.9500000 -1.6000000 -0.2500000
v -0.9808650 -1.6000000 -0.2538050
v -1.0000000 -1.6000000 -0.2500000
v -1.0500000 -1.6000000 -0.2500000
v -1.0000000 -1.6000000 -0.2500000
v -1.0191350 -1.6000000 -0.2538050
v -1.0500000 -1.6000000 -0.2500000
v -1.0191350 -1.6000000 -0.2538050
v -1.0353550 -1.6000000 -0.2646450
v -1.0500000 -1.6000000 -0.2500000
v -1.0353550 -1.6000000 -0.2646450
v -1.0461950 -1.6000000 -0.2808650
v -1.0500000 -1.6000000 -0.2500000
v -1.0461950 -1.6000000 -0.2808650
v -1.0500000 -1.6000000 -0.3000000
v -1.0500000 -1.6000000 -0.3000000
v -1.0461950 -1.6000000 -0.3191350
v -1.0923900 -1.6000000 -0.3382700
v -1.1000000 -1.6000000 -0.3000000
v -1.0461950 -1.6000000 -0.3191350
v -1.0353550 -1.6000000 -0.3353550
v -1.0707100 -1.6000000 -0.3707100
v -1.0923900 -1.6000000 -0.3382700
v -1.0353550 -1.6000000 -0.3353550
v -1.0191350 -1.6000000 -0.3461950
v -1.0382700 -1.6000000 -0.3923900
v -1.0707100 -1.6000000 -0.3707100
v -1.0191350 -1.6000000 -0.3461950
v -1.0000000 -1.6000000 -0.3500000
v -1.0000000 -1.6000000 -0.4000000
v -1.0382700 -1.6000000 -0.3923900
v -1.0000000 -1.6000000 -0.3500000
v -0.9808650 -1.6000000 -0.3461950
v -0.9617300 -1.6000000 -0.3923900
v -1.0000000 -1.6000000 -0.4000000
v -0.9808650 -1.6000000 -0.3461950
v -0.9646450 -1.6000000 -0.3353550
v -0.9292900 -1.6000000 -0.3707100
v -0.9617300 -1.6000000 -0.3923900
v -0.9646450 -1.6000000 -0.3353550
v -0.9538050 -1.6000000 -0.3191350
v -0.9076100 -1.6000000 -0.3382700
v -0.9292900 -1.6000000 -0.3707100
v -0.9538050 -1.6000000 -0.3191350
v -0.9500000 -1.6000000 -0.3000000
v -0.9000000 -1.6000000 -0.3000000
v -0.9076100 -1.6000000 -0.3382700
v -0.9000000 -1.6000000 -0.3000000
v -0.9500000 -1.6000000 -0.3000000
v -0.9500000 -1.6000000 -0.2500000
v -0.9000000 -1.6000000 -0.2500000
v -1.0500000 -1.6000000 -0.3000000
v -1.1000000 -1.6000000 -0.3000000
v -1.1000000 -1.6000000 -0.2500000
v -1.0500000 -1.6000000 -0.2500000
v -1.1000000 -1.7000000 -0.2500000
v -1.1000000 -1.7000000 -0.3000000
v -0.9000000 -1.7000000 -0.3000000
v -0.9000000 -1.7000000 -0.2500000
v -1.1000000 -1.7000000 -0.2500000
v -1.1000000 -1.6000000 -0.2500000
v -1.1000000 -1.6000000 -0.3000000
v -1.1000000 -1.7000000 -0.3000000
v -0.9000000 -1.7000000 -0.3000000
v -0.9000000 -1.6000000 -0.3000000
v -0.9000000 -1.6000000 -0.2500000
v -0.9000000 -1.7000000 -0.2500000
v -1.1000000 -1.7000000 -0.2500000
v -1.0000000 -1.7000000 -0.2500000
v -1.0000000 -1.6000000 -0.2500000
v -1.1000000 -1.6000000 -0.2500000
v -1.0000000 -0.0000000 0.2500000
v -0.9000000 -0.1000000 0.2500000
v 0.9000000 -0.1000000 0.2500000
v 1.0000000 -0.0000000 0.2500000
v 1.0000000 -0.0000000 0.2500000
v 0.9000000 -0.1000000 0.2500000
v 0.9000000 -1.6000000 0.2500000
v 1.0000000 -1.8000000 0.2500000
v 1.0000000 -1.8000000 0.2500000
v 0.9000000 -1.6000000 0.2500000
v -0.9000000 -1.6000000 0.2500000
v -1.0000000 -1.8000000 0.2500000
v -1.0000000 -1.8000000 0.2500000
v -0.9000000 -1.6000000 0.2500000
v -0.9000000 -0.1000000 0.2500000
v -1.0000000 -0.0000000 0.2500000
v -0.9000000 -0.9000000 -0.0500000
v -0.9000000 -1.5000000 0.0500000
v -0.9000000 -1.5000000 -0.0500000
v -0.9000000 -0.9000000 -0.1500000
v -0.9000000 -1.5000000 -0.0500000
v -0.9000000 -1.6000000 -0.0500000
v -0.9000000 -1.6000000 -0.2500000
v -0.9000000 -0.9000000 -0.1500000
v -0.9000000 -1.6000000 0.2500000
v -0.9000000 -1.5000000 0.0500000
v -0.9000000 -0.9000000 -0.0500000
v -0.9000000 -1.6000000 0.0500000
v -0.9000000 -1.5000000 0.0500000
v -0.9000000 -1.6000000 0.2500000
v -0.9000000 -0.9000000 -0.1500000
v -0.9000000 -1.6000000 -0.2500000
v -0.9000000 -0.1000000 -0.2500000
v -0.9000000 -0.8000000 -0.1500000
v -0.9000000 -0.8000000 -0.1500000
v -0.9000000 -0.1000000 -0.2500000
v -0.9000000 -0.1000000 0.2500000
v -0.9000000 -0.8000000 -0.0500000
v -0.9000000 -0.8000000 -0.0500000
v -0.9000000 -0.1000000 0.2500000
v -0.9000000 -1.6000000 0.2500000
v -0.9000000 -0.9000000 -0.0500000
v 0.9000000 -0.9000000 -0.1500000
v 0.9000000 -1.5000000 -0.0500000
v 0.9000000 -1.5000000 0.0500000
v 0.9000000 -0.9000000 -0.0500000
v 0.9000000 -0.9000000 -0.1500000
v 0.9000000 -1.6000000 -0.2500000
v 0.9000000 -1.6000000 -0.0500000
v 0.9000000 -1.5000000 -0.0500000
v 0.9000000 -0.9000000 -0.0500000
v 0.9000000 -1.5000000 0.0500000
v 0.9000000 -1.6000000 0.2500000
v 0.9000000 -1.6000000 0.2500000
v 0.9000000 -1.5000000 0.0500000
v 0.9000000 -1.6000000 0.0500000
v 0.9000000 -0.8000000 -0.1500000
v 0.9000000 -0.1000000 -0.2500000
v 0.9000000 -1.6000000 -0.2500000
v 0.9000000 -0.9000000 -0.1500000
v 0.9000000 -0.8000000 -0.0500000
v 0.9000000 -0.1000000 0.2500000
v 0.9000000 -0.1000000 -0.2500000
v 0.9000000 -0.8000000 -0.1500000
v 0.9000000 -0.9000000 -0.0500000
v 0.9000000 -1.6000000 0.2500000
v 0.9000000 -0.1000000 0.2500000
v 0.9000000 -0.8000000 -0.0500000
v -0.8000000 -1.6000000 -0.0500000
v -0.8000000 -1.6000000 -0.1000000
v -0.8038050 -1.6000000 -0.0808650
v -0.8000000 -1.6000000 -0.0500000
v -0.8038050 -1.6000000 -0.0808650
v -0.8146450 -1.6000000 -0.0646450
v -0.8000000 -1.6000000 -0.0500000
v -0.8146450 -1.6000000 -0.0646450
v -0.8308650 -1.6000000 -0.0538050
v -0.8000000 -1.6000000 -0.0500000
v -0.8308650 -1.6000000 -0.0538050
v -0.8500000 -1.6000000 -0.0500000
v -0.9000000 -1.6000000 -0.0500000
v -0.8500000 -1.6000000 -0.0500000
v -0.8691350 -1.6000000 -0.0538050
v -0.9000000 -1.6000000 -0.0500000
v -0.8691350 -1.6000000 -0.0538050
v -0.8853550 -1.6000000 -0.0646450
v -0.9000000 -1.6000000 -0.0500000
v -0.8853550 -1.6000000 -0.0646450
v -0.8961950 -1.6000000 -0.0808650
v -0.9000000 -1.6000000 -0.0500000
v -0.8961950 -1.6000000 -0.0808650
v -0.9000000 -1.6000000 -0.1000000
v -0.9000000 -1.6000000 -0.1500000
v -0.9000000 -1.6000000 -0.1000000
v -0.8961950 -1.6000000 -0.1191350
v -0.9000000 -1.6000000 -0.1500000
v -0.8961950 -1.6000000 -0.1191350
v -0.8853550 -1.6000000 -0.1353550
v -0.9000000 -1.6000000 -0.1500000
v -0.8853550 -1.6000000 -0.1353550
v -0.8691350 -1.6000000 -0.1461950
v -0.9000000 -1.6000000 -0.1500000
v -0.8691350 -1.6000000 -0.1461950
v -0.8500000 -1.6000000 -0.1500000
v -0.8000000 -1.6000000 -0.1500000
v -0.8500000 -1.6000000 -0.1500000
v -0.8308650 -1.6000000 -0.1461950
v -0.8000000 -1.6000000 -0.1500000
v -0.8308650 -1.6000000 -0.1461950
v -0.8146450 -1.6000000 -0.1353550
v -0.8000000 -1.6000000 -0.1500000
v -0.8146450 -1.6000000 -0.1353550
v -0.8038050 -1.6000000 -0.1191350
v -0.8000000 -1.6000000 -0.1500000
v -0.8038050 -1.6000000 -0.1191350
v -0.8000000 -1.6000000 -0.1000000
v -0.8000000 -1.7000000 -0.1500000
v -0.8000000 -1.7000000 -0.1000000
v -0.8038050 -1.7000000 -0.1191350
v -0.8000000 -1.7000000 -0.1500000
v -0.8038050 -1.7000000 -0.1191350
v -0.8146450 -1.7000000 -0.1353550
v -0.8000000 -1.7000000 -0.1500000
v -0.8146450 -1.7000000 -0.1353550
v -0.8308650 -1.7000000 -0.1461950
v -0.8000000 -1.7000000 -0.1500000
v -0.8308650 -1.7000000 -0.1461950
v -0.8500000 -1.7000000 -0.1500000
v -0.9000000 -1.7000000 -0.1500000
v -0.8500000 -1.7000000 -0.1500000
v -0.8691350 -1.7000000 -0.1461950
v -0.9000000 -1.7000000 -0.1500000
v -0.8691350 -1.7000000 -0.1461950
v -0.8853550 -1.7000000 -0.1353550
v -0.9000000 -1.7000000 -0.1500000
v -0.8853550 -1.7000000 -0.1353550
v -0.8961950 -1.7000000 -0.1191350
v -0.9000000 -1.7000000 -0.1500000
v -0.8961950 -1.7000000 -0.1191350
v -0.9000000 -1.7000000 -0.1000000
v -0.9000000 -1.7000000 -0.0500000
v -0.9000000 -1.7000000 -0.1000000
v -0.8961950 -1.7000000 -0.0808650
v -0.9000000 -1.7000000 -0.0500000
v -0.8961950 -1.7000000 -0.0808650
v -0.8853550 -1.7000000 -0.0646450
v -0.9000000 -1.7000000 -0.0500000
v -0.8853550 -1.7000000 -0.0646450
v -0.8691350 -1.7000000 -0.0538050
v -0.9000000 -1.7000000 -0.0500000
v -0.8691350 -1.7000000 -0.0538050
v -0.8500000 -1.7000000 -0.0500000
v -0.8000000 -1.7000000 -0.0500000
v -0.8500000 -1.7000000 -0.0500000
v -0.8308650 -1.7000000 -0.0538050
v -0.8000000 -1.7000000 -0.0500000
v -0.8308650 -1.7000000 -0.0538050
v -0.8146450 -1.7000000 -0.0646450
v -0.8000000 -1.7000000 -0.0500000
v -0.8146450 -1.7000000 -0.0646450
v -0.8038050 -1.7000000 -0.0808650
v -0.8000000 -1.7000000 -0.0500000
v -0.8038050 -1.7000000 -0.0808650
v -0.8000000 -1.7000000 -0.1000000
v -0.8000000 -1.7000000 -0.1000000
v -0.8038050 -1.7000000 -0.0808650
v -0.8038050 -1.6000000 -0.0808650
v -0.8000000 -1.6000000 -0.1000000
v -0.8038050 -1.7000000 -0.0808650
v -0.8146450 -1.7000000 -0.0646450
v -0.8146450 -1.6000000 -0.0646450
v -0.8038050 -1.6000000 -0.0808650
v -0.8146450 -1.7000000 -0.0646450
v -0.8308650 -1.7000000 -0.0538050
v -0.8308650 -1.6000000 -0.0538050
v -0.8146450 -1.6000000 -0.0646450
v -0.8308650 -1.7000000 -0.0538050
v -0.8500000 -1.7000000 -0.0500000
v -0.8500000 -1.6000000 -0.0500000
v -0.8308650 -1.6000000 -0.0538050
v -0.8500000 -1.7000000 -0.0500000
v -0.8691350 -1.7000000 -0.0538050
v -0.8691350 -1.6000000 -0.0538050
v -0.8500000 -1.6000000 -0.0500000
v -0.8691350 -1.7000000 -0.0538050
v -0.8853550 -1.7000000 -0.0646450
v -0.8853550 -1.6000000 -0.0646450
v -0.8691350 -1.6000000 -0.0538050
v -0.8853550 -1.7000000 -0.0646450
v -0.8961950 -1.7000000 -0.0808650
v -0.8961950 -1.6000000 -0.0808650
v -0.8853550 -1.6000000 -0.0646450
v -0.8961950 -1.7000000 -0.0808650
v -0.9000000 -1.7000000 -0.1000000
v -0.9000000 -1.6000000 -0.1000000
v -0.8961950 -1.6000000 -0.0808650
v -0.9000000 -1.7000000 -0.1000000
v -0.8961950 -1.7000000 -0.1191350
v -0.8961950 -1.6000000 -0.1191350
v -0.9000000 -1.6000000 -0.1000000
v -0.8961950 -1.7000000 -0.1191350
v -0.8853550 -1.7000000 -0.1353550
v -0.8853550 -1.6000000 -0.1353550
v -0.8961950 -1.6000000 -0.1191350
v -0.8853550 -1.7000000 -0.1353550
v -0.8691350 -1.7000000 -0.1461950
v -0.8691350 -1.6000000 -0.1461950
v -0.8853550 -1.6000000 -0.1353550
v -0.8691350 -1.7000000 -0.1461950
v -0.8500000 -1.7000000 -0.1500000
v -0.8500000 -1.6000000 -0.1500000
v -0.8691350 -1.6000000 -0.1461950
v -0.8500000 -1.7000000 -0.1500000
v -0.8308650 -1.7000000 -0.1461950
v -0.8308650 -1.6000000 -0.1461950
v -0.8500000 -1.6000000 -0.1500000
v -0.8308650 -1.7000000 -0.1461950
v -0.8146450 -1.7000000 -0.1353550
v -0.8146450 -1.6000000 -0.1353550
v -0.8308650 -1.6000000 -0.1461950
v -0.8146450 -1.7000000 -0.1353550
v -0.8038050 -1.7000000 -0.1191350
v -0.8038050 -1.6000000 -0.1191350
v -0.8146450 -1.6000000 -0.1353550
v -0.8038050 -1.7000000 -0.1191350
v -0.8000000 -1.7000000 -0.1000000
v -0.8000000 -1.6000000 -0.1000000
v -0.8038050 -1.6000000 -0.1191350
v -0.6000000 -0.0000000 -0.1500000
v -0.7500000 -0.0000000 -0.1500000
v -0.6925950 -0.0000000 -0.1385850
v -0.6000000 -0.0000000 -0.1500000
v -0.6925950 -0.0000000 -0.1385850
v -0.6439350 -0.0000000 -0.1060650
v -0.6000000 -0.0000000 -0.1500000
v -0.6439350 -0.0000000 -0.1060650
v -0.6114150 -0.0000000 -0.0574050
v -0.6000000 -0.0000000 -0.1500000
v -0.6114150 -0.0000000 -0.0574050
v -0.6000000 -0.0000000 0.0000000
v -0.6000000 -0.0000000 0.1500000
v -0.6000000 -0.0000000 0.0000000
v -0.6114150 -0.0000000 0.0574050
v -0.6000000 -0.0000000 0.1500000
v -0.6114150 -0.0000000 0.0574050
v -0.6439350 -0.0000000 0.1060650
v -0.6000000 -0.0000000 0.1500000
v -0.6439350 -0.0000000 0.1060650
v -0.6925950 -0.0000000 0.1385850
v -0.6000000 -0.0000000 0.1500000
v -0.6925950 -0.0000000 0.1385850
v -0.7500000 -0.0000000 0.1500000
v 0.6000000 -0.0000000 0.1500000
v 0.7500000 -0.0000000 0.1500000
v 0.6925950 -0.0000000 0.1385850
v 0.6000000 -0.0000000 0.1500000
v 0.6925950 -0.0000000 0.1385850
v 0.6439350 -0.0000000 0.1060650
v 0.6000000 -0.0000000 0.1500000
v 0.6439350 -0.0000000 0.1060650
v 0.6114150 -0.0000000 0.0574050
v 0.6000000 -0.0000000 0.1500000
v 0.6114150 -0.0000000 0.0574050
v 0.6000000 -0.0000000 0.0000000
v 0.6000000 -0.0000000 -0.1500000
v 0.6000000 -0.0000000 0.0000000
v 0.6114150 -0.0000000 -0.0574050
v 0.6000000 -0.0000000 -0.1500000
v 0.6114150 -0.0000000 -0.0574050
v 0.6439350 -0.0000000 -0.1060650
v 0.6000000 -0.0000000 -0.1500000
v 0.6439350 -0.0000000 -0.1060650
v 0.6925950 -0.0000000 -0.1385850
v 0.6000000 -0.0000000 -0.1500000
v 0.6925950 -0.0000000 -0.1385850
v 0.7500000 -0.0000000 -0.1500000
v 0.9000000 -1.6000000 -0.0500000
v 0.9000000 -1.6000000 -0.1000000
v 0.8961950 -1.6000000 -0.0808650
v 0.9000000 -1.6000000 -0.0500000
v 0.8961950 -1.6000000 -0.0808650
v 0.8853550 -1.6000000 -0.0646450
v 0.9000000 -1.6000000 -0.0500000
v 0.8853550 -1.6000000 -0.0646450
v 0.8691350 -1.6000000 -0.0538050
v 0.9000000 -1.6000000 -0.0500000
v 0.8691350 -1.6000000 -0.0538050
v 0.8500000 -1.6000000 -0.0500000
v 0.8000000 -1.6000000 -0.0500000
v 0.8500000 -1.6000000 -0.0500000
v 0.8308650 -1.6000000 -0.0538050
v 0.8000000 -1.6000000 -0.0500000
v 0.8308650 -1.6000000 -0.0538050
v 0.8146450 -1.6000000 -0.0646450
v 0.8000000 -1.6000000 -0.0500000
v 0.8146450 -1.6000000 -0.0646450
v 0.8038050 -1.6000000 -0.0808650
v 0.8000000 -1.6000000 -0.0500000
v 0.8038050 -1.6000000 -0.0808650
v 0.8000000 -1.6000000 -0.1000000
v 0.8000000 -1.6000000 -0.1500000
v 0.8000000 -1.6000000 -0.1000000
v 0.8038050 -1.6000000 -0.1191350
v 0.8000000 -1.6000000 -0.1500000
v 0.8038050 -1.6000000 -0.1191350
v 0.8146450 -1.6000000 -0.1353550
v 0.8000000 -1.6000000 -0.1500000
v 0.8146450 -1.6000000 -0.1353550
v 0.8308650 -1.6000000 -0.1461950
v 0.8000000 -1.6000000 -0.1500000
v 0.8308650 -1.6000000 -0.1461950
v 0.8500000 -1.6000000 -0.1500000
v 0.9000000 -1.6000000 -0.1500000
v 0.8500000 -1.6000000 -0.1500000
v 0.8691350 -1.6000000 -0.1461950
v 0.9000000 -1.6000000 -0.1500000
v 0.8691350 -1.6000000 -0.1461950
v 0.8853550 -1.6000000 -0.1353550
v 0.9000000 -1.6000000 -0.1500000
v 0.8853550 -1.6000000 -0.1353550
v 0.8961950 -1.6000000 -0.1191350
v 0.9000000 -1.6000000 -0.1500000
v 0.8961950 -1.6000000 -0.1191350
v 0.9000000 -1.6000000 -0.1000000
v 0.9000000 -1.7000000 -0.1500000
v 0.9000000 -1.7000000 -0.1000000
v 0.8961950 -1.7000000 -0.1191350
v 0.9000000 -1.7000000 -0.1500000
v 0.8961950 -1.7000000 -0.1191350
v 0.8853550 -1.7000000 -0.1353550
v 0.9000000 -1.7000000 -0.1500000
v 0.8853550 -1.7000000 -0.1353550
v 0.8691350 -1.7000000 -0.1461950
v 0.9000000 -1.7000000 -0.1500000
v 0.8691350 -1.7000000 -0.1461950
v 0.8500000 -1.7000000 -0.1500000
v 0.8000000 -1.7000000 -0.1500000
v 0.8500000 -1.7000000 -0.1500000
v 0.8308650 -1.7000000 -0.1461950
v 0.8000000 -1.7000000 -0.1500000
v 0.8308650 -1.7000000 -0.1461950
v 0.8146450 -1.7000000 -0.1353550
v 0.8000000 -1.7000000 -0.1500000
v 0.8146450 -1.7000000 -0.1353550
v 0.8038050 -1.7000000 -0.1191350
v 0.8000000 -1.7000000 -0.1500000
v 0.8038050 -1.7000000 -0.1191350
v 0.8000000 -1.7000000 -0.1000000
v 0.8000000 -1.7000000 -0.0500000
v 0.8000000 -1.7000000 -0.1000000
v 0.8038050 -1.7000000 -0.0808650
v 0.8000000 -1.7000000 -0.0500000
v 0.8038050 -1.7000000 -0.0808650
v 0.8146450 -1.7000000 -0.0646450
v 0.8000000 -1.7000000 -0.0500000
v 0.8146450 -1.7000000 -0.0646450
v 0.8308650 -1.7000000 -0.0538050
v 0.8000000 -1.7000000 -0.0500000
v 0.8308650 -1.7000000 -0.0538050
v 0.8500000 -1.7000000 -0.0500000
v 0.9000000 -1.7000000 -0.0500000
v 0.8500000 -1.7000000 -0.0500000
v 0.8691350 -1.7000000 -0.0538050
v 0.9000000 -1.7000000 -0.0500000
v 0.8691350 -1.7000000 -0.0538050
v 0.8853550 -1.7000000 -0.0646450
v 0.9000000 -1.7000000 -0.0500000
v 0.8853550 -1.7000000 -0.0646450
v 0.8961950 -1.7000000 -0.0808650
v 0.9000000 -1.7000000 -0.0500000
v 0.8961950 -1.7000000 -0.0808650
v 0.9000000 -1.7000000 -0.1000000
v 0.9000000 -1.7000000 -0.1000000
v 0.8961950 -1.7000000 -0.0808650
v 0.8961950 -1.6000000 -0.0808650
v 0.9000000 -1.6000000 -0.1000000
v 0.8961950 -1.7000000 -0.0808650
v 0.8853550 -1.7000000 -0.0646450
v 0.8853550 -1.6000000 -0.0646450
v 0.8961950 -1.6000000 -0.0808650
v 0.8853550 -1.7000000 -0.0646450
v 0.8691350 -1.7000000 -0.0538050
v 0.8691350 -1.6000000 -0.0538050
v 0.8853550 -1.6000000 -0.0646450
v 0.8691350 -1.7000000 -0.0538050
v 0.8500000 -1.7000000 -0.0500000
v 0.8500000 -1.6000000 -0.0500000
v 0.8691350 -1.6000000 -0.0538050
v 0.8500000 -1.7000000 -0.0500000
v 0.8308650 -1.7000000 -0.0538050
v 0.8308650 -1.6000000 -0.0538050
v 0.8500000 -1.6000000 -0.0500000
v 0.8308650 -1.7000000 -0.0538050
v 0.8146450 -1.7000000 -0.0646450
v 0.8146450 -1.6000000 -0.0646450
v 0.8308650 -1.6000000 -0.0538050
v 0.8146450 -1.7000000 -0.0646450
v 0.8038050 -1.7000000 -0.0808650
v 0.8038050 -1.6000000 -0.0808650
v 0.8146450 -1.6000000 -0.0646450
v 0.8038050 -1.7000000 -0.0808650
v 0.8000000 -1.7000000 -0.1000000
v 0.8000000 -1.6000000 -0.1000000
v 0.8038050 -1.6000000 -0.0808650
v 0.8000000 -1.7000000 -0.1000000
v 0.8038050 -1.7000000 -0.1191350
v 0.8038050 -1.6000000 -0.1191350
v 0.8000000 -1.6000000 -0.1000000
v 0.8038050 -1.7000000 -0.1191350
v 0.8146450 -1.7000000 -0.1353550
v 0.8146450 -1.6000000 -0.1353550
v 0.8038050 -1.6000000 -0.1191350
v 0.8146450 -1.7000000 -0.1353550
v 0.8308650 -1.7000000 -0.1461950
v 0.8308650 -1.6000000 -0.1461950
v 0.8146450 -1.6000000 -0.1353550
v 0.8308650 -1.7000000 -0.1461950
v 0.8500000 -1.7000000 -0.1500000
v 0.8500000 -1.6000000 -0.1500000
v 0.8308650 -1.6000000 -0.1461950
v 0.8500000 -1.7000000 -0.1500000
v 0.8691350 -1.7000000 -0.1461950
v 0.8691350 -1.6000000 -0.1461950
v 0.8500000 -1.6000000 -0.1500000
v 0.8691350 -1.7000000 -0.1461950
v 0.8853550 -1.7000000 -0.1353550
v 0.8853550 -1.6000000 -0.1353550
v 0.8691350 -1.6000000 -0.1461950
v 0.8853550 -1.7000000 -0.1353550
v 0.8961950 -1.7000000 -0.1191350
v 0.8961950 -1.6000000 -0.1191350
v 0.8853550 -1.6000000 -0.1353550
v 0.8961950 -1.7000000 -0.1191350
v 0.9000000 -1.7000000 -0.1000000
v 0.9000000 -1.6000000 -0.1000000
v 0.8961950 -1.6000000 -0.1191350
v 0.9000000 -1.6000000 0.1500000
v 0.9000000 -1.6000000 0.1000000
v 0.8961950 -1.6000000 0.1191350
v 0.9000000 -1.6000000 0.1500000
v 0.8961950 -1.6000000 0.1191350
v 0.8853550 -1.6000000 0.1353550
v 0.9000000 -1.6000000 0.1500000
v 0.8853550 -1.6000000 0.1353550
v 0.8691350 -1.6000000 0.1461950
v 0.9000000 -1.6000000 0.1500000
v 0.8691350 -1.6000000 0.1461950
v 0.8500000 -1.6000000 0.1500000
v 0.8000000 -1.6000000 0.1500000
v 0.8500000 -1.6000000 0.1500000
v 0.8308650 -1.6000000 0.1461950
v 0.8000000 -1.6000000 0.1500000
v 0.8308650 -1.6000000 0.1461950
v 0.8146450 -1.6000000 0.1353550
v 0.8000000 -1.6000000 0.1500000
v 0.8146450 -1.6000000 0.1353550
v 0.8038050 -1.6000000 0.1191350
v 0.8000000 -1.6000000 0.1500000
v 0.8038050 -1.6000000 0.1191350
v 0.8000000 -1.6000000 0.1000000
v 0.8000000 -1.6000000 0.0500000
v 0.8000000 -1.6000000 0.1000000
v 0.8038050 -1.6000000 0.0808650
v 0.8000000 -1.6000000 0.0500000
v 0.8038050 -1.6000000 0.0808650
v 0.8146450 -1.6000000 0.0646450
v 0.8000000 -1.6000000 0.0500000
v 0.8146450 -1.6000000 0.0646450
v 0.8308650 -1.6000000 0.0538050
v 0.8000000 -1.6000000 0.0500000
v 0.8308650 -1.6000000 0.0538050
v 0.8500000 -1.6000000 0.0500000
v 0.9000000 -1.6000000 0.0500000
v 0.8500000 -1.6000000 0.0500000
v 0.8691350 -1.6000000 0.0538050
v 0.9000000 -1.6000000 0.0500000
v 0.8691350 -1.6000000 0.0538050
v 0.8853550 -1.6000000 0.0646450
v 0.9000000 -1.6000000 0.0500000
v 0.8853550 -1.6000000 0.0646450
v 0.8961950 -1.6000000 0.0808650
v 0.9000000 -1.6000000 0.0500000
v 0.8961950 -1.6000000 0.0808650
v 0.9000000 -1.6000000 0.1000000
v 0.9000000 -1.7000000 0.0500000
v 0.9000000 -1.7000000 0.1000000
v 0.8961950 -1.7000000 0.0808650
v 0.9000000 -1.7000000 0.0500000
v 0.8961950 -1.7000000 0.0808650
v 0.8853550 -1.7000000 0.0646450
v 0.9000000 -1.7000000 0.0500000
v 0.8853550 -1.7000000 0.0646450
v 0.8691350 -1.7000000 0.0538050
v 0.9000000 -1.7000000 0.0500000
v 0.8691350 -1.7000000 0.0538050
v 0.8500000 -1.7000000 0.0500000
v 0.8000000 -1.7000000 0.0500000
v 0.8500000 -1.7000000 0.0500000
v 0.8308650 -1.7000000 0.0538050
v 0.8000000 -1.7000000 0.0500000
v 0.8308650 -1.7000000 0.0538050
v 0.8146450 -1.7000000 0.0646450
v 0.8000000 -1.7000000 0.0500000
v 0.8146450 -1.7000000 0.0646450
v 0.8038050 -1.7000000 0.0808650
v 0.8000000 -1.7000000 0.0500000
v 0.8038050 -1.7000000 0.0808650
v 0.8000000 -1.7000000 0.1000000
v 0.8000000 -1.7000000 0.1500000
v 0.8000000 -1.7000000 0.1000000
v 0.8038050 -1.7000000 0.1191350
v 0.8000000 -1.7000000 0.1500000
v 0.8038050 -1.7000000 0.1191350
v 0.8146450 -1.7000000 0.1353550
v 0.8000000 -1.7000000 0.1500000
v 0.8146450 -1.7000000 0.1353550
v 0.8308650 -1.7000000 0.1461950
v 0.8000000 -1.7000000 0.1500000
v 0.8308650 -1.7000000 0.1461950
v 0.8500000 -1.7000000 0.1500000
v 0.9000000 -1.7000000 0.1500000
v 0.8500000 -1.7000000 0.1500000
v 0.8691350 -1.7000000 0.1461950
v 0.9000000 -1.7000000 0.1500000
v 0.8691350 -1.7000000 0.1461950
v 0.8853550 -1.7000000 0.1353550
v 0.9000000 -1.7000000 0.1500000
v 0.8853550 -1.7000000 0.1353550
v 0.8961950 -1.7000000 0.1191350
v 0.9000000 -1.7000000 0.1500000
v 0.8961950 -1.7000000 0.1191350
v 0.9000000 -1.7000000 0.1000000
v 0.9000000 -1.7000000 0.1000000
v 0.8961950 -1.7000000 0.1191350
v 0.8961950 -1.6000000 0.1191350
v 0.9000000 -1.6000000 0.1000000
v 0.8961950 -1.7000000 0.1191350
v 0.8853550 -1.7000000 0.1353550
v 0.8853550 -1.6000000 0.1353550
v 0.8961950 -1.6000000 0.1191350
v 0.8853550 -1.7000000 0.1353550
v 0.8691350 -1.7000000 0.1461950
v 0.8691350 -1.6000000 0.1461950
v 0.8853550 -1.6000000 0.1353550
v 0.8691350 -1.7000000 0.1461950
v 0.8500000 -1.7000000 0.1500000
v 0.8500000 -1.6000000 0.1500000
v 0.8691350 -1.6000000 0.1461950
v 0.8500000 -1.7000000 0.1500000
v 0.8308650 -1.7000000 0.1461950
v 0.8308650 -1.6000000 0.1461950
v 0.8500000 -1.6000000 0.1500000
v 0.8308650 -1.7000000 0.1461950
v 0.8146450 -1.7000000 0.1353550
v 0.8146450 -1.6000000 0.1353550
v 0.8308650 -1.6000000 0.1461950
v 0.8146450 -1.7000000 0.1353550
v 0.8038050 -1.7000000 0.1191350
v 0.8038050 -1.6000000 0.1191350
v 0.8146450 -1.6000000 0.1353550
v 0.8038050 -1.7000000 0.1191350
v 0.8000000 -1.7000000 0.1000000
v 0.8000000 -1.6000000 0.1000000
v 0.8038050 -1.6000000 0.1191350
v 0.8000000 -1.7000000 0.1000000
v 0.8038050 -1.7000000 0.0808650
v 0.8038050 -1.6000000 0.0808650
v 0.8000000 -1.6000000 0.1000000
v 0.8038050 -1.7000000 0.0808650
v 0.8146450 -1.7000000 0.0646450
v 0.8146450 -1.6000000 0.0646450
v 0.8038050 -1.6000000 0.0808650
v 0.8146450 -1.7000000 0.0646450
v 0.8308650 -1.7000000 0.0538050
v 0.8308650 -1.6000000 0.0538050
v 0.8146450 -1.6000000 0.0646450
v 0.8308650 -1.7000000 0.0538050
v 0.8500000 -1.7000000 0.0500000
v 0.8500000 -1.6000000 0.0500000
v 0.8308650 -1.6000000 0.0538050
v 0.8500000 -1.7000000 0.0500000
v 0.8691350 -1.7000000 0.0538050
v 0.8691350 -1.6000000 0.0538050
v 0.8500000 -1.6000000 0.0500000
v 0.8691350 -1.7000000 0.0538050
v 0.8853550 -1.7000000 0.0646450
v 0.8853550 -1.6000000 0.0646450
v 0.8691350 -1.6000000 0.0538050
v 0.8853550 -1.7000000 0.0646450
v 0.8961950 -1.7000000 0.0808650
v 0.8961950 -1.6000000 0.0808650
v 0.8853550 -1.6000000 0.0646450
v 0.8961950 -1.7000000 0.0808650
v 0.9000000 -1.7000000 0.1000000
v 0.9000000 -1.6000000 0.1000000
v 0.8961950 -1.6000000 0.0808650
v -0.8000000 -1.6000000 0.1500000
v -0.8000000 -1.6000000 0.1000000
v -0.8038050 -1.6000000 0.1191350
v -0.8000000 -1.6000000 0.1500000
v -0.8038050 -1.6000000 0.1191350
v -0.8146450 -1.6000000 0.1353550
v -0.8000000 -1.6000000 0.1500000
v -0.8146450 -1.6000000 0.1353550
v -0.8308650 -1.6000000 0.1461950
v -0.8000000 -1.6000000 0.1500000
v -0.8308650 -1.6000000 0.1461950
v -0.8500000 -1.6000000 0.1500000
v -0.9000000 -1.6000000 0.1500000
v -0.8500000 -1.6000000 0.1500000
v -0.8691350 -1.6000000 0.1461950
v -0.9000000 -1.6000000 0.1500000
v -0.8691350 -1.6000000 0.1461950
v -0.8853550 -1.6000000 0.1353550
v -0.9000000 -1.6000000 0.1500000
v -0.8853550 -1.6000000 0.1353550
v -0.8961950 -1.6000000 0.1191350
v -0.9000000 -1.6000000 0.1500000
v -0.8961950 -1.6000000 0.1191350
v -0.9000000 -1.6000000 0.1000000
v -0.9000000 -1.6000000 0.0500000
v -0.9000000 -1.6000000 0.1000000
v -0.8961950 -1.6000000 0.0808650
v -0.9000000 -1.6000000 0.0500000
v -0.8961950 -1.6000000 0.0808650
v -0.8853550 -1.6000000 0.0646450
v -0.9000000 -1.6000000 0.0500000
v -0.8853550 -1.6000000 0.0646450
v -0.8691350 -1.6000000 0.0538050
v -0.9000000 -1.6000000 0.0500000
v -0.8691350 -1.6000000 0.0538050
v -0.8500000 -1.6000000 0.0500000
v -0.8000000 -1.6000000 0.0500000
v -0.8500000 -1.6000000 0.0500000
v -0.8308650 -1.6000000 0.0538050
v -0.8000000 -1.6000000 0.0500000
v -0.8308650 -1.6000000 0.0538050
v -0.8146450 -1.6000000 0.0646450
v -0.8000000 -1.6000000 0.0500000
v -0.8146450 -1.6000000 0.0646450
v -0.8038050 -1.6000000 0.0808650
v -0.8000000 -1.6000000 0.0500000
v -0.8038050 -1.6000000 0.0808650
v -0.8000000 -1.6000000 0.1000000
v -0.8000000 -1.7000000 0.0500000
v -0.8000000 -1.7000000 0.1000000
v -0.8038050 -1.7000000 0.0808650
v -0.8000000 -1.7000000 0.0500000
v -0.8038050 -1.7000000 0.0808650
v -0.8146450 -1.7000000 0.0646450
v -0.8000000 -1.7000000 0.0500000
v -0.8146450 -1.7000000 0.0646450
v -0.8308650 -1.7000000 0.0538050
v -0.8000000 -1.7000000 0.0500000
v -0.8308650 -1.7000000 0.0538050
v -0.8500000 -1.7000000 0.0500000
v -0.9000000 -1.7000000 0.0500000
v -0.8500000 -1.7000000 0.0500000
v -0.8691350 -1.7000000 0.0538050
v -0.9000000 -1.7000000 0.0500000
v -0.8691350 -1.7000000 0.0538050
v -0.8853550 -1.7000000 0.0646450
v -0.9000000 -1.7000000 0.0500000
v -0.8853550 -1.7000000 0.0646450
v -0.8961950 -1.7000000 0.0808650
v -0.9000000 -1.7000000 0.0500000
v -0.8961950 -1.7000000 0.0808650
v -0.9000000 -1.7000000 0.1000000
v -0.9000000 -1.7000000 0.1500000
v -0.9000000 -1.7000000 0.1000000
v -0.8961950 -1.7000000 0.1191350
v -0.9000000 -1.7000000 0.1500000
v -0.8961950 -1.7000000 0.1191350
v -0.8853550 -1.7000000 0.1353550
v -0.9000000 -1.7000000 0.1500000
v -0.8853550 -1.7000000 0.1353550
v -0.8691350 -1.7000000 0.1461950
v -0.9000000 -1.7000000 0.1500000
v -0.8691350 -1.7000000 0.1461950
v -0.8500000 -1.7000000 0.1500000
v -0.8000000 -1.7000000 0.1500000
v -0.8500000 -1.7000000 0.1500000
v -0.8308650 -1.7000000 0.1461950
v -0.8000000 -1.7000000 0.1500000
v -0.8308650 -1.7000000 0.1461950
v -0.8146450 -1.7000000 0.1353550
v -0.8000000 -1.7000000 0.1500000
v -0.8146450 -1.7000000 0.1353550
v -0.8038050 -1.7000000 0.1191350
v -0.8000000 -1.7000000 0.1500000
v -0.8038050 -1.7000000 0.1191350
v -0.8000000 -1.7000000 0.1000000
v -0.8000000 -1.7000000 0.1000000
v -0.8038050 -1.7000000 0.1191350
v -0.8038050 -1.6000000 0.1191350
v -0.8000000 -1.6000000 0.1000000
v -0.8038050 -1.7000000 0.1191350
v -0.8146450 -1.7000000 0.1353550
v -0.8146450 -1.6000000 0.1353550
v -0.8038050 -1.6000000 0.1191350
v -0.8146450 -1.7000000 0.1353550
v -0.8308650 -1.7000000 0.1461950
v -0.8308650 -1.6000000 0.1461950
v -0.8146450 -1.6000000 0.1353550
v -0.8308650 -1.7000000 0.1461950
v -0.8500000 -1.7000000 0.1500000
v -0.8500000 -1.6000000 0.1500000
v -0.8308650 -1.6000000 0.1461950
v -0.8500000 -1.7000000 0.1500000
v -0.8691350 -1.7000000 0.1461950
v -0.8691350 -1.6000000 0.1461950
v -0.8500000 -1.6000000 0.1500000
v -0.8691350 -1.7000000 0.1461950
v -0.8853550 -1.7000000 0.1353550
v -0.8853550 -1.6000000 0.1353550
v -0.8691350 -1.6000000 0.1461950
v -0.8853550 -1.7000000 0.1353550
v -0.8961950 -1.7000000 0.1191350
v -0.8961950 -1.6000000 0.1191350
v -0.8853550 -1.6000000 0.1353550
v -0.8961950 -1.7000000 0.1191350
v -0.9000000 -1.7000000 0.1000000
v -0.9000000 -1.6000000 0.1000000
v -0.8961950 -1.6000000 0.1191350
v -0.9000000 -1.7000000 0.1000000
v -0.8961950 -1.7000000 0.0808650
v -0.8961950 -1.6000000 0.0808650
v -0.9000000 -1.6000000 0.1000000
v -0.8961950 -1.7000000 0.0808650
v -0.8853550 -1.7000000 0.0646450
v -0.8853550 -1.6000000 0.0646450
v -0.8961950 -1.6000000 0.0808650
v -0.8853550 -1.7000000 0.0646450
v -0.8691350 -1.7000000 0.0538050
v -0.8691350 -1.6000000 0.0538050
v -0.8853550 -1.6000000 0.0646450
v -0.8691350 -1.7000000 0.0538050
v -0.8500000 -1.7000000 0.0500000
v -0.8500000 -1.6000000 0.0500000
v -0.8691350 -1.6000000 0.0538050
v -0.8500000 -1.7000000 0.0500000
v -0.8308650 -1.7000000 0.0538050
v -0.8308650 -1.6000000 0.0538050
v -0.8500000 -1.6000000 0.0500000
v -0.8308650 -1.7000000 0.0538050
v -0.8146450 -1.7000000 0.0646450
v -0.8146450 -1.6000000 0.0646450
v -0.8308650 -1.6000000 0.0538050
v -0.8146450 -1.7000000 0.0646450
v -0.8038050 -1.7000000 0.0808650
v -0.8038050 -1.6000000 0.0808650
v -0.8146450 -1.6000000 0.0646450
v -0.8038050 -1.7000000 0.0808650
v -0.8000000 -1.7000000 0.1000000
v -0.8000000 -1.6000000 0.1000000
v -0.8038050 -1.6000000 0.0808650
v -0.9207000 -0.0000000 -0.1000000
v -1.0000000 -0.0000000 -0.2500000
v -1.0000000 -0.0000000 0.2500000
v -0.9207000 -0.0000000 0.1000000
v 0.9207000 -0.0000000 0.1000000
v 1.0000000 -0.0000000 0.2500000
v 1.0000000 -0.0000000 -0.2500000
v 0.9207000 -0.0000000 -0.1000000
v -0.9207000 -0.0000000 0.1000000
v -1.0000000 -0.0000000 0.2500000
v -0.8500000 -0.0000000 0.1707000
v -0.8500000 -0.0000000 -0.1707000
v -1.0000000 -0.0000000 -0.2500000
v -0.9207000 -0.0000000 -0.1000000
v -0.9207000 -0.0000000 0.1000000
v -0.9000000 -0.0000000 0.0000000
v -0.9207000 -0.0000000 -0.1000000
v 0.9207000 -0.0000000 -0.1000000
v 0.9000000 -0.0000000 0.0000000
v 0.9207000 -0.0000000 0.1000000
v 0.9207000 -0.0000000 -0.1000000
v 1.0000000 -0.0000000 -0.2500000
v 0.8500000 -0.0000000 -0.1707000
v 0.8500000 -0.0000000 0.1707000
v 1.0000000 -0.0000000 0.2500000
v 0.9207000 -0.0000000 0.1000000
v 0.7500000 0.1000000 0.0000000
v 0.7500000 0.1000000 -0.1500000
v 0.6925950 0.1000000 -0.1385850
v 0.7500000 0.1000000 0.0000000
v 0.6925950 0.1000000 -0.1385850
v 0.6439350 0.1000000 -0.1060650
v 0.7500000 0.1000000 0.0000000
v 0.6439350 0.1000000 -0.1060650
v 0.6114150 0.1000000 -0.0574050
v 0.7500000 0.1000000 0.0000000
v 0.6114150 0.1000000 -0.0574050
v 0.6000000 0.1000000 0.0000000
v 0.7500000 0.1000000 0.0000000
v 0.6000000 0.1000000 0.0000000
v 0.6114150 0.1000000 0.0574050
v 0.7500000 0.1000000 0.0000000
v 0.6114150 0.1000000 0.0574050
v 0.6439350 0.1000000 0.1060650
v 0.7500000 0.1000000 0.0000000
v 0.6439350 0.1000000 0.1060650
v 0.6925950 0.1000000 0.1385850
v 0.7500000 0.1000000 0.0000000
v 0.6925950 0.1000000 0.1385850
v 0.7500000 0.1000000 0.1500000
v 0.6925950 -0.0000000 -0.1385850
v 0.6925950 0.1000000 -0.1385850
v 0.7500000 0.1000000 -0.1500000
v 0.7500000 -0.0000000 -0.1500000
v 0.6439350 -0.0000000 -0.1060650
v 0.6439350 0.1000000 -0.1060650
v 0.6925950 0.1000000 -0.1385850
v 0.6925950 -0.0000000 -0.1385850
v 0.6114150 -0.0000000 -0.0574050
v 0.6114150 0.1000000 -0.0574050
v 0.6439350 0.1000000 -0.1060650
v 0.6439350 -0.0000000 -0.1060650
v 0.6000000 -0.0000000 0.0000000
v 0.6000000 0.1000000 0.0000000
v 0.6114150 0.1000000 -0.0574050
v 0.6114150 -0.0000000 -0.0574050
v 0.6114150 -0.0000000 0.0574050
v 0.6114150 0.1000000 0.0574050
v 0.6000000 0.1000000 0.0000000
v 0.6000000 -0.0000000 0.0000000
v 0.6439350 -0.0000000 0.1060650
v 0.6439350 0.1000000 0.1060650
v 0.6114150 0.1000000 0.0574050
v 0.6114150 -0.0000000 0.0574050
v 0.6925950 -0.0000000 0.1385850
v 0.6925950 0.1000000 0.1385850
v 0.6439350 0.1000000 0.1060650
v 0.6439350 -0.0000000 0.1060650
v 0.7500000 -0.0000000 0.1500000
v 0.7500000 0.1000000 0.1500000
v 0.6925950 0.1000000 0.1385850
v 0.6925950 -0.0000000 0.1385850
v 0.8038050 -0.1000000 0.0808650
v 0.8000000 -0.1000000 0.1000000
v 0.8000000 -0.1000000 0.0500000
v 0.8146450 -0.1000000 0.0646450
v 0.8038050 -0.1000000 0.0808650
v 0.8000000 -0.1000000 0.0500000
v 0.8308650 -0.1000000 0.0538050
v 0.8146450 -0.1000000 0.0646450
v 0.8000000 -0.1000000 0.0500000
v 0.8500000 -0.1000000 0.0500000
v 0.8308650 -0.1000000 0.0538050
v 0.8000000 -0.1000000 0.0500000
v 0.8691350 -0.1000000 0.0538050
v 0.8500000 -0.1000000 0.0500000
v 0.9000000 -0.1000000 0.0500000
v 0.8853550 -0.1000000 0.0646450
v 0.8691350 -0.1000000 0.0538050
v 0.9000000 -0.1000000 0.0500000
v 0.8961950 -0.1000000 0.0808650
v 0.8853550 -0.1000000 0.0646450
v 0.9000000 -0.1000000 0.0500000
v 0.9000000 -0.1000000 0.1000000
v 0.8961950 -0.1000000 0.0808650
v 0.9000000 -0.1000000 0.0500000
v 0.8961950 -0.1000000 0.1191350
v 0.9000000 -0.1000000 0.1000000
v 0.9000000 -0.1000000 0.1500000
v 0.8853550 -0.1000000 0.1353550
v 0.8961950 -0.1000000 0.1191350
v 0.9000000 -0.1000000 0.1500000
v 0.8691350 -0.1000000 0.1461950
v 0.8853550 -0.1000000 0.1353550
v 0.9000000 -0.1000000 0.1500000
v 0.8500000 -0.1000000 0.1500000
v 0.8691350 -0.1000000 0.1461950
v 0.9000000 -0.1000000 0.1500000
v 0.8308650 -0.1000000 0.1461950
v 0.8500000 -0.1000000 0.1500000
v 0.8000000 -0.1000000 0.1500000
v 0.8146450 -0.1000000 0.1353550
v 0.8308650 -0.1000000 0.1461950
v 0.8000000 -0.1000000 0.1500000
v 0.8038050 -0.1000000 0.1191350
v 0.8146450 -0.1000000 0.1353550
v 0.8000000 -0.1000000 0.1500000
v 0.8000000 -0.1000000 0.1000000
v 0.8038050 -0.1000000 0.1191350
v 0.8000000 -0.1000000 0.1500000
v 0.8000000 -0.0000000 0.1000000
v 0.8038050 -0.0000000 0.1191350
v 0.8038050 -0.1000000 0.1191350
v 0.8000000 -0.1000000 0.1000000
v 0.8038050 -0.0000000 0.1191350
v 0.8146450 -0.0000000 0.1353550
v 0.8146450 -0.1000000 0.1353550
v 0.8038050 -0.1000000 0.1191350
v 0.8146450 -0.0000000 0.1353550
v 0.8308650 -0.0000000 0.1461950
v 0.8308650 -0.1000000 0.1461950
v 0.8146450 -0.1000000 0.1353550
v 0.8308650 -0.0000000 0.1461950
v 0.8500000 -0.0000000 0.1500000
v 0.8500000 -0.1000000 0.1500000
v 0.8308650 -0.1000000 0.1461950
v 0.8500000 -0.0000000 0.1500000
v 0.8691350 -0.0000000 0.1461950
v 0.8691350 -0.1000000 0.1461950
v 0.8500000 -0.1000000 0.1500000
v 0.8691350 -0.0000000 0.1461950
v 0.8853550 -0.0000000 0.1353550
v 0.8853550 -0.1000000 0.1353550
v 0.8691350 -0.1000000 0.1461950
v 0.8853550 -0.0000000 0.1353550
v 0.8961950 -0.0000000 0.1191350
v 0.8961950 -0.1000000 0.1191350
v 0.8853550 -0.1000000 0.1353550
v 0.8961950 -0.0000000 0.1191350
v 0.9000000 -0.0000000 0.1000000
v 0.9000000 -0.1000000 0.1000000
v 0.8961950 -0.1000000 0.1191350
v 0.9000000 -0.0000000 0.1000000
v 0.8961950 -0.0000000 0.0808650
v 0.8961950 -0.1000000 0.0808650
v 0.9000000 -0.1000000 0.1000000
v 0.8961950 -0.0000000 0.0808650
v 0.8853550 -0.0000000 0.0646450
v 0.8853550 -0.1000000 0.0646450
v 0.8961950 -0.1000000 0.0808650
v 0.8853550 -0.0000000 0.0646450
v 0.8691350 -0.0000000 0.0538050
v 0.8691350 -0.1000000 0.0538050
v 0.8853550 -0.1000000 0.0646450
v 0.8691350 -0.0000000 0.0538050
v 0.8500000 -0.0000000 0.0500000
v 0.8500000 -0.1000000 0.0500000
v 0.8691350 -0.1000000 0.0538050
v 0.8500000 -0.0000000 0.0500000
v 0.8308650 -0.0000000 0.0538050
v 0.8308650 -0.1000000 0.0538050
v 0.8500000 -0.1000000 0.0500000
v 0.8308650 -0.0000000 0.0538050
v 0.8146450 -0.0000000 0.0646450
v 0.8146450 -0.1000000 0.0646450
v 0.8308650 -0.1000000 0.0538050
v 0.8146450 -0.0000000 0.0646450
v 0.8038050 -0.0000000 0.0808650
v 0.8038050 -0.1000000 0.0808650
v 0.8146450 -0.1000000 0.0646450
v 0.8038050 -0.0000000 0.0808650
v 0.8000000 -0.0000000 0.1000000
v 0.8000000 -0.1000000 0.1000000
v 0.8038050 -0.1000000 0.0808650
v 0.8308657 -0.0000000 0.1461952
v 0.8146448 -0.0000000 0.1353553
v 0.8500000 -0.0000000 0.1707105
v 0.8500000 -0.0000000 0.1499994
v 0.8308657 -0.0000000 0.1461952
v 0.8500000 -0.0000000 0.1707105
v 0.8691343 -0.0000000 0.1461952
v 0.8500000 -0.0000000 0.1499994
v 0.8500000 -0.0000000 0.1707105
v 0.8853552 -0.0000000 0.1353553
v 0.8691343 -0.0000000 0.1461952
v 0.8500000 -0.0000000 0.1707105
v 0.8961952 -0.0000000 0.1191343
v 0.8853552 -0.0000000 0.1353553
v 0.9207105 -0.0000000 0.1000000
v 0.8999994 -0.0000000 0.1000000
v 0.8961952 -0.0000000 0.1191343
v 0.9207105 -0.0000000 0.1000000
v 0.8961952 -0.0000000 0.0808657
v 0.8999994 -0.0000000 0.1000000
v 0.9207105 -0.0000000 0.1000000
v 0.8853552 -0.0000000 0.0646448
v 0.8961952 -0.0000000 0.0808657
v 0.9207105 -0.0000000 0.1000000
v 0.8691342 -0.0000000 0.0538060
v 0.8691342 0.1000000 0.0538060
v 0.8499997 0.1000000 0.0499987
v 0.8499997 -0.0000000 0.0499987
v 0.8499997 -0.0000000 0.0499987
v 0.8499997 0.1000000 0.0499987
v 0.8308661 0.1000000 0.0538064
v 0.8308661 -0.0000000 0.0538064
v 0.8308661 -0.0000000 0.0538064
v 0.8308661 0.1000000 0.0538064
v 0.8146440 0.1000000 0.0646434
v 0.8146440 -0.0000000 0.0646434
v 0.8146440 -0.0000000 0.0646434
v 0.8146440 0.1000000 0.0646434
v 0.8038060 0.1000000 0.0808658
v 0.8038060 -0.0000000 0.0808658
v 0.8038060 -0.0000000 0.0808658
v 0.8038060 0.1000000 0.0808658
v 0.7999987 0.1000000 0.1000003
v 0.7999987 -0.0000000 0.1000003
v 0.7999987 -0.0000000 0.1000003
v 0.7999987 0.1000000 0.1000003
v 0.8038064 0.1000000 0.1191339
v 0.8038064 -0.0000000 0.1191339
v 0.8038060 0.1000000 0.1191342
v 0.7999987 0.1000000 0.0999997
v 0.7846718 0.1000000 0.0729402
v 0.7999987 0.1000000 0.0999997
v 0.8038064 0.1000000 0.0808661
v 0.7846718 0.1000000 0.0729402
v 0.8038064 0.1000000 0.0808661
v 0.8146434 0.1000000 0.0646440
v 0.7846718 0.1000000 0.0729402
v 0.8146434 0.1000000 0.0646440
v 0.8308658 0.1000000 0.0538060
v 0.7846718 0.1000000 0.0729402
v 0.8308658 0.1000000 0.0538060
v 0.8500003 0.1000000 0.0499987
v 0.8770598 0.1000000 0.0346718
v 0.8500003 0.1000000 0.0499987
v 0.8691339 0.1000000 0.0538064
v 0.8770598 0.1000000 0.0346718
v 0.8853550 -0.0000000 0.0646450
v 0.9207105 -0.0000000 0.1000000
v 0.9000000 -0.0000000 0.0574050
v 0.9000000 -0.0000000 0.0000000
v 0.9000000 -0.0000000 0.0574050
v 0.9207105 -0.0000000 0.1000000
v 0.7500000 -0.0000000 0.1500000
v 0.8500000 -0.0000000 0.1707105
v 0.8074050 -0.0000000 0.1500000
v 0.8146450 -0.0000000 0.1353550
v 0.8074050 -0.0000000 0.1500000
v 0.8500000 -0.0000000 0.1707105
v 0.8770598 0.1000000 0.0346718
v 0.8885850 0.1000000 0.0574050
v 0.9000000 0.1000000 0.0000000
v 0.8853550 -0.0000000 0.0646450
v 0.9000000 -0.0000000 0.0574050
v 0.8885850 -0.0000000 0.0574050
v 0.8842325 -0.0000000 0.0639025
v 0.8139025 0.1000000 0.1342325
v 0.8139025 -0.0000000 0.1342325
v 0.8038050 -0.0000000 0.1191350
v 0.8038060 0.1000000 0.1191342
v 0.8842325 -0.0000000 0.0639025
v 0.8842325 0.1000000 0.0639025
v 0.8691340 0.1000000 0.0538064
v 0.8691342 -0.0000000 0.0538060
v 0.8074050 -0.0000000 0.1385850
v 0.8074050 -0.0000000 0.1500000
v 0.8146450 -0.0000000 0.1353550
v 0.8139025 -0.0000000 0.1342325
v 0.7500000 0.1000000 0.1500000
v 0.8038060 0.1000000 0.1191342
v 0.7846718 0.1000000 0.0729402
v 0.7500000 0.1000000 0.0000000
v 0.8139025 -0.0000000 0.1342325
v 0.8139025 0.1000000 0.1342325
v 0.8074050 0.1000000 0.1385850
v 0.8074050 -0.0000000 0.1385850
v 0.8885850 -0.0000000 0.0574050
v 0.8885850 0.1000000 0.0574050
v 0.8842325 0.1000000 0.0639025
v 0.8842325 -0.0000000 0.0639025
v 0.8770598 0.1000000 0.0346718
v 0.8691340 0.1000000 0.0538064
v 0.8842325 0.1000000 0.0639025
v 0.8885850 0.1000000 0.0574050
v 0.9000000 0.1000000 0.0000000
v 0.7500000 0.1000000 0.0000000
v 0.7846718 0.1000000 0.0729402
v 0.8770598 0.1000000 0.0346718
v 0.8038060 0.1000000 0.1191342
v 0.7500000 0.1000000 0.1500000
v 0.8074050 0.1000000 0.1385850
v 0.8139025 0.1000000 0.1342325
v 0.9000000 -0.0000000 0.0000000
v 0.9000000 0.1000000 0.0000000
v 0.8885850 0.1000000 0.0574050
v 0.8885850 -0.0000000 0.0574050
v 0.8074050 -0.0000000 0.1385850
v 0.8074050 0.1000000 0.1385850
v 0.7500000 0.1000000 0.1500000
v 0.7500000 -0.0000000 0.1500000
v 0.9000000 -0.0000000 0.0000000
v 0.8885850 -0.0000000 0.0574050
v 0.9000000 -0.0000000 0.0574050
v 0.8074050 -0.0000000 0.1500000
v 0.8074050 -0.0000000 0.1385850
v 0.7500000 -0.0000000 0.1500000
v 0.8000000 -0.1000000 -0.0500000
v 0.8000000 -0.1000000 -0.1000000
v 0.8038050 -0.1000000 -0.0808650
v 0.8000000 -0.1000000 -0.0500000
v 0.8038050 -0.1000000 -0.0808650
v 0.8146450 -0.1000000 -0.0646450
v 0.8000000 -0.1000000 -0.0500000
v 0.8146450 -0.1000000 -0.0646450
v 0.8308650 -0.1000000 -0.0538050
v 0.8000000 -0.1000000 -0.0500000
v 0.8308650 -0.1000000 -0.0538050
v 0.8500000 -0.1000000 -0.0500000
v 0.9000000 -0.1000000 -0.0500000
v 0.8500000 -0.1000000 -0.0500000
v 0.8691350 -0.1000000 -0.0538050
v 0.9000000 -0.1000000 -0.0500000
v 0.8691350 -0.1000000 -0.0538050
v 0.8853550 -0.1000000 -0.0646450
v 0.9000000 -0.1000000 -0.0500000
v 0.8853550 -0.1000000 -0.0646450
v 0.8961950 -0.1000000 -0.0808650
v 0.9000000 -0.1000000 -0.0500000
v 0.8961950 -0.1000000 -0.0808650
v 0.9000000 -0.1000000 -0.1000000
v 0.9000000 -0.1000000 -0.1500000
v 0.9000000 -0.1000000 -0.1000000
v 0.8961950 -0.1000000 -0.1191350
v 0.9000000 -0.1000000 -0.1500000
v 0.8961950 -0.1000000 -0.1191350
v 0.8853550 -0.1000000 -0.1353550
v 0.9000000 -0.1000000 -0.1500000
v 0.8853550 -0.1000000 -0.1353550
v 0.8691350 -0.1000000 -0.1461950
v 0.9000000 -0.1000000 -0.1500000
v 0.8691350 -0.1000000 -0.1461950
v 0.8500000 -0.1000000 -0.1500000
v 0.8000000 -0.1000000 -0.1500000
v 0.8500000 -0.1000000 -0.1500000
v 0.8308650 -0.1000000 -0.1461950
v 0.8000000 -0.1000000 -0.1500000
v 0.8308650 -0.1000000 -0.1461950
v 0.8146450 -0.1000000 -0.1353550
v 0.8000000 -0.1000000 -0.1500000
v 0.8146450 -0.1000000 -0.1353550
v 0.8038050 -0.1000000 -0.1191350
v 0.8000000 -0.1000000 -0.1500000
v 0.8038050 -0.1000000 -0.1191350
v 0.8000000 -0.1000000 -0.1000000
v 0.8000000 -0.1000000 -0.1000000
v 0.8038050 -0.1000000 -0.1191350
v 0.8038050 -0.0000000 -0.1191350
v 0.8000000 -0.0000000 -0.1000000
v 0.8038050 -0.1000000 -0.1191350
v 0.8146450 -0.1000000 -0.1353550
v 0.8146450 -0.0000000 -0.1353550
v 0.8038050 -0.0000000 -0.1191350
v 0.8146450 -0.1000000 -0.1353550
v 0.8308650 -0.1000000 -0.1461950
v 0.8308650 -0.0000000 -0.1461950
v 0.8146450 -0.0000000 -0.1353550
v 0.8308650 -0.1000000 -0.1461950
v 0.8500000 -0.1000000 -0.1500000
v 0.8500000 -0.0000000 -0.1500000
v 0.8308650 -0.0000000 -0.1461950
v 0.8500000 -0.1000000 -0.1500000
v 0.8691350 -0.1000000 -0.1461950
v 0.8691350 -0.0000000 -0.1461950
v 0.8500000 -0.0000000 -0.1500000
v 0.8691350 -0.1000000 -0.1461950
v 0.8853550 -0.1000000 -0.1353550
v 0.8853550 -0.0000000 -0.1353550
v 0.8691350 -0.0000000 -0.1461950
v 0.8853550 -0.1000000 -0.1353550
v 0.8961950 -0.1000000 -0.1191350
v 0.8961950 -0.0000000 -0.1191350
v 0.8853550 -0.0000000 -0.1353550
v 0.8961950 -0.1000000 -0.1191350
v 0.9000000 -0.1000000 -0.1000000
v 0.9000000 -0.0000000 -0.1000000
v 0.8961950 -0.0000000 -0.1191350
v 0.9000000 -0.1000000 -0.1000000
v 0.8961950 -0.1000000 -0.0808650
v 0.8961950 -0.0000000 -0.0808650
v 0.9000000 -0.0000000 -0.1000000
v 0.8961950 -0.1000000 -0.0808650
v 0.8853550 -0.1000000 -0.0646450
v 0.8853550 -0.0000000 -0.0646450
v 0.8961950 -0.0000000 -0.0808650
v 0.8853550 -0.1000000 -0.0646450
v 0.8691350 -0.1000000 -0.0538050
v 0.8691350 -0.0000000 -0.0538050
v 0.8853550 -0.0000000 -0.0646450
v 0.8691350 -0.1000000 -0.0538050
v 0.8500000 -0.1000000 -0.0500000
v 0.8500000 -0.0000000 -0.0500000
v 0.8691350 -0.0000000 -0.0538050
v 0.8500000 -0.1000000 -0.0500000
v 0.8308650 -0.1000000 -0.0538050
v 0.8308650 -0.0000000 -0.0538050
v 0.8500000 -0.0000000 -0.0500000
v 0.8308650 -0.1000000 -0.0538050
v 0.8146450 -0.1000000 -0.0646450
v 0.8146450 -0.0000000 -0.0646450
v 0.8308650 -0.0000000 -0.0538050
v 0.8146450 -0.1000000 -0.0646450
v 0.8038050 -0.1000000 -0.0808650
v 0.8038050 -0.0000000 -0.0808650
v 0.8146450 -0.0000000 -0.0646450
v 0.8038050 -0.1000000 -0.0808650
v 0.8000000 -0.1000000 -0.1000000
v 0.8000000 -0.0000000 -0.1000000
v 0.8038050 -0.0000000 -0.0808650
v 0.8500000 -0.0000000 -0.1707105
v 0.8146448 -0.0000000 -0.1353553
v 0.8308657 -0.0000000 -0.1461952
v 0.8500000 -0.0000000 -0.1707105
v 0.8308657 -0.0000000 -0.1461952
v 0.8500000 -0.0000000 -0.1499994
v 0.8500000 -0.0000000 -0.1707105
v 0.8500000 -0.0000000 -0.1499994
v 0.8691343 -0.0000000 -0.1461952
v 0.8500000 -0.0000000 -0.1707105
v 0.8691343 -0.0000000 -0.1461952
v 0.8853552 -0.0000000 -0.1353553
v 0.9207105 -0.0000000 -0.1000000
v 0.8853552 -0.0000000 -0.1353553
v 0.8961952 -0.0000000 -0.1191343
v 0.9207105 -0.0000000 -0.1000000
v 0.8961952 -0.0000000 -0.1191343
v 0.8999994 -0.0000000 -0.1000000
v 0.9207105 -0.0000000 -0.1000000
v 0.8999994 -0.0000000 -0.1000000
v 0.8961952 -0.0000000 -0.0808657
v 0.9207105 -0.0000000 -0.1000000
v 0.8961952 -0.0000000 -0.0808657
v 0.8853552 -0.0000000 -0.0646448
v 0.8499997 -0.0000000 -0.0499987
v 0.8499997 0.1000000 -0.0499987
v 0.8691342 0.1000000 -0.0538060
v 0.8691342 -0.0000000 -0.0538060
v 0.8308661 -0.0000000 -0.0538064
v 0.8308661 0.1000000 -0.0538064
v 0.8499997 0.1000000 -0.0499987
v 0.8499997 -0.0000000 -0.0499987
v 0.8146440 -0.0000000 -0.0646434
v 0.8146440 0.1000000 -0.0646434
v 0.8308661 0.1000000 -0.0538064
v 0.8308661 -0.0000000 -0.0538064
v 0.8038060 -0.0000000 -0.0808658
v 0.8038060 0.1000000 -0.0808658
v 0.8146440 0.1000000 -0.0646434
v 0.8146440 -0.0000000 -0.0646434
v 0.7999987 -0.0000000 -0.1000003
v 0.7999987 0.1000000 -0.1000003
v 0.8038060 0.1000000 -0.0808658
v 0.8038060 -0.0000000 -0.0808658
v 0.8038064 -0.0000000 -0.1191339
v 0.8038064 0.1000000 -0.1191339
v 0.7999987 0.1000000 -0.1000003
v 0.7999987 -0.0000000 -0.1000003
v 0.7846718 0.1000000 -0.0729402
v 0.7999987 0.1000000 -0.0999997
v 0.8038060 0.1000000 -0.1191342
v 0.7846718 0.1000000 -0.0729402
v 0.8038064 0.1000000 -0.0808661
v 0.7999987 0.1000000 -0.0999997
v 0.7846718 0.1000000 -0.0729402
v 0.8146434 0.1000000 -0.0646440
v 0.8038064 0.1000000 -0.0808661
v 0.7846718 0.1000000 -0.0729402
v 0.8308658 0.1000000 -0.0538060
v 0.8146434 0.1000000 -0.0646440
v 0.8770598 0.1000000 -0.0346718
v 0.8500003 0.1000000 -0.0499987
v 0.8308658 0.1000000 -0.0538060
v 0.8770598 0.1000000 -0.0346718
v 0.8691339 0.1000000 -0.0538064
v 0.8500003 0.1000000 -0.0499987
v 0.9000000 -0.0000000 -0.0574050
v 0.9207105 -0.0000000 -0.1000000
v 0.8853550 -0.0000000 -0.0646450
v 0.9207105 -0.0000000 -0.1000000
v 0.9000000 -0.0000000 -0.0574050
v 0.9000000 -0.0000000 0.0000000
v 0.8074050 -0.0000000 -0.1500000
v 0.8500000 -0.0000000 -0.1707105
v 0.7500000 -0.0000000 -0.1500000
v 0.8500000 -0.0000000 -0.1707105
v 0.8074050 -0.0000000 -0.1500000
v 0.8146450 -0.0000000 -0.1353550
v 0.9000000 0.1000000 0.0000000
v 0.8885850 0.1000000 -0.0574050
v 0.8770598 0.1000000 -0.0346718
v 0.8842325 -0.0000000 -0.0639025
v 0.8885850 -0.0000000 -0.0574050
v 0.9000000 -0.0000000 -0.0574050
v 0.8853550 -0.0000000 -0.0646450
v 0.8038060 0.1000000 -0.1191342
v 0.8038050 -0.0000000 -0.1191350
v 0.8139025 -0.0000000 -0.1342325
v 0.8139025 0.1000000 -0.1342325
v 0.8691342 -0.0000000 -0.0538060
v 0.8691340 0.1000000 -0.0538064
v 0.8842325 0.1000000 -0.0639025
v 0.8842325 -0.0000000 -0.0639025
v 0.8139025 -0.0000000 -0.1342325
v 0.8146450 -0.0000000 -0.1353550
v 0.8074050 -0.0000000 -0.1500000
v 0.8074050 -0.0000000 -0.1385850
v 0.7500000 0.1000000 0.0000000
v 0.7846718 0.1000000 -0.0729402
v 0.8038060 0.1000000 -0.1191342
v 0.7500000 0.1000000 -0.1500000
v 0.8074050 -0.0000000 -0.1385850
v 0.8074050 0.1000000 -0.1385850
v 0.8139025 0.1000000 -0.1342325
v 0.8139025 -0.0000000 -0.1342325
v 0.8842325 -0.0000000 -0.0639025
v 0.8842325 0.1000000 -0.0639025
v 0.8885850 0.1000000 -0.0574050
v 0.8885850 -0.0000000 -0.0574050
v 0.8885850 0.1000000 -0.0574050
v 0.8842325 0.1000000 -0.0639025
v 0.8691340 0.1000000 -0.0538064
v 0.8770598 0.1000000 -0.0346718
v 0.8770598 0.1000000 -0.0346718
v 0.7846718 0.1000000 -0.0729402
v 0.7500000 0.1000000 0.0000000
v 0.9000000 0.1000000 0.0000000
v 0.8139025 0.1000000 -0.1342325
v 0.8074050 0.1000000 -0.1385850
v 0.7500000 0.1000000 -0.1500000
v 0.8038060 0.1000000 -0.1191342
v 0.8885850 -0.0000000 -0.0574050
v 0.8885850 0.1000000 -0.0574050
v 0.9000000 0.1000000 0.0000000
v 0.9000000 -0.0000000 0.0000000
v 0.7500000 -0.0000000 -0.1500000
v 0.7500000 0.1000000 -0.1500000
v 0.8074050 0.1000000 -0.1385850
v 0.8074050 -0.0000000 -0.1385850
v 0.9000000 -0.0000000 -0.0574050
v 0.8885850 -0.0000000 -0.0574050
v 0.9000000 -0.0000000 0.0000000
v 0.7500000 -0.0000000 -0.1500000
v 0.8074050 -0.0000000 -0.1385850
v 0.8074050 -0.0000000 -0.1500000
v -0.6925950 0.1000000 -0.1385850
v -0.7500000 0.1000000 -0.1500000
v -0.7500000 0.1000000 0.0000000
v -0.6439350 0.1000000 -0.1060650
v -0.6925950 0.1000000 -0.1385850
v -0.7500000 0.1000000 0.0000000
v -0.6114150 0.1000000 -0.0574050
v -0.6439350 0.1000000 -0.1060650
v -0.7500000 0.1000000 0.0000000
v -0.6000000 0.1000000 0.0000000
v -0.6114150 0.1000000 -0.0574050
v -0.7500000 0.1000000 0.0000000
v -0.6114150 0.1000000 0.0574050
v -0.6000000 0.1000000 0.0000000
v -0.7500000 0.1000000 0.0000000
v -0.6439350 0.1000000 0.1060650
v -0.6114150 0.1000000 0.0574050
v -0.7500000 0.1000000 0.0000000
v -0.6925950 0.1000000 0.1385850
v -0.6439350 0.1000000 0.1060650
v -0.7500000 0.1000000 0.0000000
v -0.7500000 0.1000000 0.1500000
v -0.6925950 0.1000000 0.1385850
v -0.7500000 0.1000000 0.0000000
v -0.7500000 -0.0000000 -0.1500000
v -0.7500000 0.1000000 -0.1500000
v -0.6925950 0.1000000 -0.1385850
v -0.6925950 -0.0000000 -0.1385850
v -0.6925950 -0.0000000 -0.1385850
v -0.6925950 0.1000000 -0.1385850
v -0.6439350 0.1000000 -0.1060650
v -0.6439350 -0.0000000 -0.1060650
v -0.6439350 -0.0000000 -0.1060650
v -0.6439350 0.1000000 -0.1060650
v -0.6114150 0.1000000 -0.0574050
v -0.6114150 -0.0000000 -0.0574050
v -0.6114150 -0.0000000 -0.0574050
v -0.6114150 0.1000000 -0.0574050
v -0.6000000 0.1000000 0.0000000
v -0.6000000 -0.0000000 0.0000000
v -0.6000000 -0.0000000 0.0000000
v -0.6000000 0.1000000 0.0000000
v -0.6114150 0.1000000 0.0574050
v -0.6114150 -0.0000000 0.0574050
v -0.6114150 -0.0000000 0.0574050
v -0.6114150 0.1000000 0.0574050
v -0.6439350 0.1000000 0.1060650
v -0.6439350 -0.0000000 0.1060650
v -0.6439350 -0.0000000 0.1060650
v -0.6439350 0.1000000 0.1060650
v -0.6925950 0.1000000 0.1385850
v -0.6925950 -0.0000000 0.1385850
v -0.6925950 -0.0000000 0.1385850
v -0.6925950 0.1000000 0.1385850
v -0.7500000 0.1000000 0.1500000
v -0.7500000 -0.0000000 0.1500000
v -0.8038050 -0.1000000 -0.0808650
v -0.8000000 -0.1000000 -0.1000000
v -0.8000000 -0.1000000 -0.0500000
v -0.8146450 -0.1000000 -0.0646450
v -0.8038050 -0.1000000 -0.0808650
v -0.8000000 -0.1000000 -0.0500000
v -0.8308650 -0.1000000 -0.0538050
v -0.8146450 -0.1000000 -0.0646450
v -0.8000000 -0.1000000 -0.0500000
v -0.8500000 -0.1000000 -0.0500000
v -0.8308650 -0.1000000 -0.0538050
v -0.8000000 -0.1000000 -0.0500000
v -0.8691350 -0.1000000 -0.0538050
v -0.8500000 -0.1000000 -0.0500000
v -0.9000000 -0.1000000 -0.0500000
v -0.8853550 -0.1000000 -0.0646450
v -0.8691350 -0.1000000 -0.0538050
v -0.9000000 -0.1000000 -0.0500000
v -0.8961950 -0.1000000 -0.0808650
v -0.8853550 -0.1000000 -0.0646450
v -0.9000000 -0.1000000 -0.0500000
v -0.9000000 -0.1000000 -0.1000000
v -0.8961950 -0.1000000 -0.0808650
v -0.9000000 -0.1000000 -0.0500000
v -0.8961950 -0.1000000 -0.1191350
v -0.9000000 -0.1000000 -0.1000000
v -0.9000000 -0.1000000 -0.1500000
v -0.8853550 -0.1000000 -0.1353550
v -0.8961950 -0.1000000 -0.1191350
v -0.9000000 -0.1000000 -0.1500000
v -0.8691350 -0.1000000 -0.1461950
v -0.8853550 -0.1000000 -0.1353550
v -0.9000000 -0.1000000 -0.1500000
v -0.8500000 -0.1000000 -0.1500000
v -0.8691350 -0.1000000 -0.1461950
v -0.9000000 -0.1000000 -0.1500000
v -0.8308650 -0.1000000 -0.1461950
v -0.8500000 -0.1000000 -0.1500000
v -0.8000000 -0.1000000 -0.1500000
v -0.8146450 -0.1000000 -0.1353550
v -0.8308650 -0.1000000 -0.1461950
v -0.8000000 -0.1000000 -0.1500000
v -0.8038050 -0.1000000 -0.1191350
v -0.8146450 -0.1000000 -0.1353550
v -0.8000000 -0.1000000 -0.1500000
v -0.8000000 -0.1000000 -0.1000000
v -0.8038050 -0.1000000 -0.1191350
v -0.8000000 -0.1000000 -0.1500000
v -0.8000000 -0.0000000 -0.1000000
v -0.8038050 -0.0000000 -0.1191350
v -0.8038050 -0.1000000 -0.1191350
v -0.8000000 -0.1000000 -0.1000000
v -0.8038050 -0.0000000 -0.1191350
v -0.8146450 -0.0000000 -0.1353550
v -0.8146450 -0.1000000 -0.1353550
v -0.8038050 -0.1000000 -0.1191350
v -0.8146450 -0.0000000 -0.1353550
v -0.8308650 -0.0000000 -0.1461950
v -0.8308650 -0.1000000 -0.1461950
v -0.8146450 -0.1000000 -0.1353550
v -0.8308650 -0.0000000 -0.1461950
v -0.8500000 -0.0000000 -0.1500000
v -0.8500000 -0.1000000 -0.1500000
v -0.8308650 -0.1000000 -0.1461950
v -0.8500000 -0.0000000 -0.1500000
v -0.8691350 -0.0000000 -0.1461950
v -0.8691350 -0.1000000 -0.1461950
v -0.8500000 -0.1000000 -0.1500000
v -0.8691350 -0.0000000 -0.1461950
v -0.8853550 -0.0000000 -0.1353550
v -0.8853550 -0.1000000 -0.1353550
v -0.8691350 -0.1000000 -0.1461950
v -0.8853550 -0.0000000 -0.1353550
v -0.8961950 -0.0000000 -0.1191350
v -0.8961950 -0.1000000 -0.1191350
v -0.8853550 -0.1000000 -0.1353550
v -0.8961950 -0.0000000 -0.1191350
v -0.9000000 -0.0000000 -0.1000000
v -0.9000000 -0.1000000 -0.1000000
v -0.8961950 -0.1000000 -0.1191350
v -0.9000000 -0.0000000 -0.1000000
v -0.8961950 -0.0000000 -0.0808650
v -0.8961950 -0.1000000 -0.0808650
v -0.9000000 -0.1000000 -0.1000000
v -0.8961950 -0.0000000 -0.0808650
v -0.8853550 -0.0000000 -0.0646450
v -0.8853550 -0.1000000 -0.0646450
v -0.8961950 -0.1000000 -0.0808650
v -0.8853550 -0.0000000 -0.0646450
v -0.8691350 -0.0000000 -0.0538050
v -0.8691350 -0.1000000 -0.0538050
v -0.8853550 -0.1000000 -0.0646450
v -0.8691350 -0.0000000 -0.0538050
v -0.8500000 -0.0000000 -0.0500000
v -0.8500000 -0.1000000 -0.0500000
v -0.8691350 -0.1000000 -0.0538050
v -0.8500000 -0.0000000 -0.0500000
v -0.8308650 -0.0000000 -0.0538050
v -0.8308650 -0.1000000 -0.0538050
v -0.8500000 -0.1000000 -0.0500000
v -0.8308650 -0.0000000 -0.0538050
v -0.8146450 -0.0000000 -0.0646450
v -0.8146450 -0.1000000 -0.0646450
v -0.8308650 -0.1000000 -0.0538050
v -0.8146450 -0.0000000 -0.0646450
v -0.8038050 -0.0000000 -0.0808650
v -0.8038050 -0.1000000 -0.0808650
v -0.8146450 -0.1000000 -0.0646450
v -0.8038050 -0.0000000 -0.0808650
v -0.8000000 -0.0000000 -0.1000000
v -0.8000000 -0.1000000 -0.1000000
v -0.8038050 -0.1000000 -0.0808650
v -0.8308657 -0.0000000 -0.1461952
v -0.8146448 -0.0000000 -0.1353553
v -0.8500000 -0.0000000 -0.1707105
v -0.8500000 -0.0000000 -0.1499994
v -0.8308657 -0.0000000 -0.1461952
v -0.8500000 -0.0000000 -0.1707105
v -0.8691343 -0.0000000 -0.1461952
v -0.8500000 -0.0000000 -0.1499994
v -0.8500000 -0.0000000 -0.1707105
v -0.8853552 -0.0000000 -0.1353553
v -0.8691343 -0.0000000 -0.1461952
v -0.8500000 -0.0000000 -0.1707105
v -0.8961952 -0.0000000 -0.1191343
v -0.8853552 -0.0000000 -0.1353553
v -0.9207105 -0.0000000 -0.1000000
v -0.8999994 -0.0000000 -0.1000000
v -0.8961952 -0.0000000 -0.1191343
v -0.9207105 -0.0000000 -0.1000000
v -0.8961952 -0.0000000 -0.0808657
v -0.8999994 -0.0000000 -0.1000000
v -0.9207105 -0.0000000 -0.1000000
v -0.8853552 -0.0000000 -0.0646448
v -0.8961952 -0.0000000 -0.0808657
v -0.9207105 -0.0000000 -0.1000000
v -0.8691342 -0.0000000 -0.0538060
v -0.8691342 0.1000000 -0.0538060
v -0.8499997 0.1000000 -0.0499987
v -0.8499997 -0.0000000 -0.0499987
v -0.8499997 -0.0000000 -0.0499987
v -0.8499997 0.1000000 -0.0499987
v -0.8308661 0.1000000 -0.0538064
v -0.8308661 -0.0000000 -0.0538064
v -0.8308661 -0.0000000 -0.0538064
v -0.8308661 0.1000000 -0.0538064
v -0.8146440 0.1000000 -0.0646434
v -0.8146440 -0.0000000 -0.0646434
v -0.8146440 -0.0000000 -0.0646434
v -0.8146440 0.1000000 -0.0646434
v -0.8038060 0.1000000 -0.0808658
v -0.8038060 -0.0000000 -0.0808658
v -0.8038060 -0.0000000 -0.0808658
v -0.8038060 0.1000000 -0.0808658
v -0.7999987 0.1000000 -0.1000003
v -0.7999987 -0.0000000 -0.1000003
v -0.7999987 -0.0000000 -0.1000003
v -0.7999987 0.1000000 -0.1000003
v -0.8038064 0.1000000 -0.1191339
v -0.8038064 -0.0000000 -0.1191339
v -0.8038060 0.1000000 -0.1191342
v -0.7999987 0.1000000 -0.0999997
v -0.7846718 0.1000000 -0.0729402
v -0.7999987 0.1000000 -0.0999997
v -0.8038064 0.1000000 -0.0808661
v -0.7846718 0.1000000 -0.0729402
v -0.8038064 0.1000000 -0.0808661
v -0.8146434 0.1000000 -0.0646440
v -0.7846718 0.1000000 -0.0729402
v -0.8146434 0.1000000 -0.0646440
v -0.8308658 0.1000000 -0.0538060
v -0.7846718 0.1000000 -0.0729402
v -0.8308658 0.1000000 -0.0538060
v -0.8500003 0.1000000 -0.0499987
v -0.8770598 0.1000000 -0.0346718
v -0.8500003 0.1000000 -0.0499987
v -0.8691339 0.1000000 -0.0538064
v -0.8770598 0.1000000 -0.0346718
v -0.8853550 -0.0000000 -0.0646450
v -0.9207105 -0.0000000 -0.1000000
v -0.9000000 -0.0000000 -0.0574050
v -0.9000000 -0.0000000 0.0000000
v -0.9000000 -0.0000000 -0.0574050
v -0.9207105 -0.0000000 -0.1000000
v -0.7500000 -0.0000000 -0.1500000
v -0.8500000 -0.0000000 -0.1707105
v -0.8074050 -0.0000000 -0.1500000
v -0.8146450 -0.0000000 -0.1353550
v -0.8074050 -0.0000000 -0.1500000
v -0.8500000 -0.0000000 -0.1707105
v -0.8770598 0.1000000 -0.0346718
v -0.8885850 0.1000000 -0.0574050
v -0.9000000 0.1000000 0.0000000
v -0.8853550 -0.0000000 -0.0646450
v -0.9000000 -0.0000000 -0.0574050
v -0.8885850 -0.0000000 -0.0574050
v -0.8842325 -0.0000000 -0.0639025
v -0.8139025 0.1000000 -0.1342325
v -0.8139025 -0.0000000 -0.1342325
v -0.8038050 -0.0000000 -0.1191350
v -0.8038060 0.1000000 -0.1191342
v -0.8842325 -0.0000000 -0.0639025
v -0.8842325 0.1000000 -0.0639025
v -0.8691340 0.1000000 -0.0538064
v -0.8691342 -0.0000000 -0.0538060
v -0.8074050 -0.0000000 -0.1385850
v -0.8074050 -0.0000000 -0.1500000
v -0.8146450 -0.0000000 -0.1353550
v -0.8139025 -0.0000000 -0.1342325
v -0.7500000 0.1000000 -0.1500000
v -0.8038060 0.1000000 -0.1191342
v -0.7846718 0.1000000 -0.0729402
v -0.7500000 0.1000000 0.0000000
v -0.8139025 -0.0000000 -0.1342325
v -0.8139025 0.1000000 -0.1342325
v -0.8074050 0.1000000 -0.1385850
v -0.8074050 -0.0000000 -0.1385850
v -0.8885850 -0.0000000 -0.0574050
v -0.8885850 0.1000000 -0.0574050
v -0.8842325 0.1000000 -0.0639025
v -0.8842325 -0.0000000 -0.0639025
v -0.8770598 0.1000000 -0.0346718
v -0.8691340 0.1000000 -0.0538064
v -0.8842325 0.1000000 -0.0639025
v -0.8885850 0.1000000 -0.0574050
v -0.9000000 0.1000000 0.0000000
v -0.7500000 0.1000000 0.0000000
v -0.7846718 0.1000000 -0.0729402
v -0.8770598 0.1000000 -0.0346718
v -0.8038060 0.1000000 -0.1191342
v -0.7500000 0.1000000 -0.1500000
v -0.8074050 0.1000000 -0.1385850
v -0.8139025 0.1000000 -0.1342325
v -0.9000000 -0.0000000 0.0000000
v -0.9000000 0.1000000 0.0000000
v -0.8885850 0.1000000 -0.0574050
v -0.8885850 -0.0000000 -0.0574050
v -0.8074050 -0.0000000 -0.1385850
v -0.8074050 0.1000000 -0.1385850
v -0.7500000 0.1000000 -0.1500000
v -0.7500000 -0.0000000 -0.1500000
v -0.9000000 -0.0000000 0.0000000
v -0.8885850 -0.0000000 -0.0574050
v -0.9000000 -0.0000000 -0.0574050
v -0.8074050 -0.0000000 -0.1500000
v -0.8074050 -0.0000000 -0.1385850
v -0.7500000 -0.0000000 -0.1500000
v -0.8000000 -0.1000000 0.0500000
v -0.8000000 -0.1000000 0.1000000
v -0.8038050 -0.1000000 0.0808650
v -0.8000000 -0.1000000 0.0500000
v -0.8038050 -0.1000000 0.0808650
v -0.8146450 -0.1000000 0.0646450
v -0.8000000 -0.1000000 0.0500000
v -0.8146450 -0.1000000 0.0646450
v -0.8308650 -0.1000000 0.0538050
v -0.8000000 -0.1000000 0.0500000
v -0.8308650 -0.1000000 0.0538050
v -0.8500000 -0.1000000 0.0500000
v -0.9000000 -0.1000000 0.0500000
v -0.8500000 -0.1000000 0.0500000
v -0.8691350 -0.1000000 0.0538050
v -0.9000000 -0.1000000 0.0500000
v -0.8691350 -0.1000000 0.0538050
v -0.8853550 -0.1000000 0.0646450
v -0.9000000 -0.1000000 0.0500000
v -0.8853550 -0.1000000 0.0646450
v -0.8961950 -0.1000000 0.0808650
v -0.9000000 -0.1000000 0.0500000
v -0.8961950 -0.1000000 0.0808650
v -0.9000000 -0.1000000 0.1000000
v -0.9000000 -0.1000000 0.1500000
v -0.9000000 -0.1000000 0.1000000
v -0.8961950 -0.1000000 0.1191350
v -0.9000000 -0.1000000 0.1500000
v -0.8961950 -0.1000000 0.1191350
v -0.8853550 -0.1000000 0.1353550
v -0.9000000 -0.1000000 0.1500000
v -0.8853550 -0.1000000 0.1353550
v -0.8691350 -0.1000000 0.1461950
v -0.9000000 -0.1000000 0.1500000
v -0.8691350 -0.1000000 0.1461950
v -0.8500000 -0.1000000 0.1500000
v -0.8000000 -0.1000000 0.1500000
v -0.8500000 -0.1000000 0.1500000
v -0.8308650 -0.1000000 0.1461950
v -0.8000000 -0.1000000 0.1500000
v -0.8308650 -0.1000000 0.1461950
v -0.8146450 -0.1000000 0.1353550
v -0.8000000 -0.1000000 0.1500000
v -0.8146450 -0.1000000 0.1353550
v -0.8038050 -0.1000000 0.1191350
v -0.8000000 -0.1000000 0.1500000
v -0.8038050 -0.1000000 0.1191350
v -0.8000000 -0.1000000 0.1000000
v -0.8000000 -0.1000000 0.1000000
v -0.8038050 -0.1000000 0.1191350
v -0.8038050 -0.0000000 0.1191350
v -0.8000000 -0.0000000 0.1000000
v -0.8038050 -0.1000000 0.1191350
v -0.8146450 -0.1000000 0.1353550
v -0.8146450 -0.0000000 0.1353550
v -0.8038050 -0.0000000 0.1191350
v -0.8146450 -0.1000000 0.1353550
v -0.8308650 -0.1000000 0.1461950
v -0.8308650 -0.0000000 0.1461950
v -0.8146450 -0.0000000 0.1353550
v -0.8308650 -0.1000000 0.1461950
v -0.8500000 -0.1000000 0.1500000
v -0.8500000 -0.0000000 0.1500000
v -0.8308650 -0.0000000 0.1461950
v -0.8500000 -0.1000000 0.1500000
v -0.8691350 -0.1000000 0.1461950
v -0.8691350 -0.0000000 0.1461950
v -0.8500000 -0.0000000 0.1500000
v -0.8691350 -0.1000000 0.1461950
v -0.8853550 -0.1000000 0.1353550
v -0.8853550 -0.0000000 0.1353550
v -0.8691350 -0.0000000 0.1461950
v -0.8853550 -0.1000000 0.1353550
v -0.8961950 -0.1000000 0.1191350
v -0.8961950 -0.0000000 0.1191350
v -0.8853550 -0.0000000 0.1353550
v -0.8961950 -0.1000000 0.1191350
v -0.9000000 -0.1000000 0.1000000
v -0.9000000 -0.0000000 0.1000000
v -0.8961950 -0.0000000 0.1191350
v -0.9000000 -0.1000000 0.1000000
v -0.8961950 -0.1000000 0.0808650
v -0.8961950 -0.0000000 0.0808650
v -0.9000000 -0.0000000 0.1000000
v -0.8961950 -0.1000000 0.0808650
v -0.8853550 -0.1000000 0.0646450
v -0.8853550 -0.0000000 0.0646450
v -0.8961950 -0.0000000 0.0808650
v -0.8853550 -0.1000000 0.0646450
v -0.8691350 -0.1000000 0.0538050
v -0.8691350 -0.0000000 0.0538050
v -0.8853550 -0.0000000 0.0646450
v -0.8691350 -0.1000000 0.0538050
v -0.8500000 -0.1000000 0.0500000
v -0.8500000 -0.0000000 0.0500000
v -0.8691350 -0.0000000 0.0538050
v -0.8500000 -0.1000000 0.0500000
v -0.8308650 -0.1000000 0.0538050
v -0.8308650 -0.0000000 0.0538050
v -0.8500000 -0.0000000 0.0500000
v -0.8308650 -0.1000000 0.0538050
v -0.8146450 -0.1000000 0.0646450
v -0.8146450 -0.0000000 0.0646450
v -0.8308650 -0.0000000 0.0538050
v -0.8146450 -0.1000000 0.0646450
v -0.8038050 -0.1000000 0.0808650
v -0.8038050 -0.0000000 0.0808650
v -0.8146450 -0.0000000 0.0646450
v -0.8038050 -0.1000000 0.0808650
v -0.8000000 -0.1000000 0.1000000
v -0.8000000 -0.0000000 0.1000000
v -0.8038050 -0.0000000 0.0808650
v -0.8500000 -0.0000000 0.1707105
v -0.8146448 -0.0000000 0.1353553
v -0.8308657 -0.0000000 0.1461952
v -0.8500000 -0.0000000 0.1707105
v -0.8308657 -0.0000000 0.1461952
v -0.8500000 -0.0000000 0.1499994
v -0.8500000 -0.0000000 0.1707105
v -0.8500000 -0.0000000 0.1499994
v -0.8691343 -0.0000000 0.1461952
v -0.8500000 -0.0000000 0.1707105
v -0.8691343 -0.0000000 0.1461952
v -0.8853552 -0.0000000 0.1353553
v -0.9207105 -0.0000000 0.1000000
v -0.8853552 -0.0000000 0.1353553
v -0.8961952 -0.0000000 0.1191343
v -0.9207105 -0.0000000 0.1000000
v -0.8961952 -0.0000000 0.1191343
v -0.8999994 -0.0000000 0.1000000
v -0.9207105 -0.0000000 0.1000000
v -0.8999994 -0.0000000 0.1000000
v -0.8961952 -0.0000000 0.0808657
v -0.9207105 -0.0000000 0.1000000
v -0.8961952 -0.0000000 0.0808657
v -0.8853552 -0.0000000 0.0646448
v -0.8499997 -0.0000000 0.0499987
v -0.8499997 0.1000000 0.0499987
v -0.8691342 0.1000000 0.0538060
v -0.8691342 -0.0000000 0.0538060
v -0.8308661 -0.0000000 0.0538064
v -0.8308661 0.1000000 0.0538064
v -0.8499997 0.1000000 0.0499987
v -0.8499997 -0.0000000 0.0499987
v -0.8146440 -0.0000000 0.0646434
v -0.8146440 0.1000000 0.0646434
v -0.8308661 0.1000000 0.0538064
v -0.8308661 -0.0000000 0.0538064
v -0.8038060 -0.0000000 0.0808658
v -0.8038060 0.1000000 0.0808658
v -0.8146440 0.1000000 0.0646434
v -0.8146440 -0.0000000 0.0646434
v -0.7999987 -0.0000000 0.1000003
v -0.7999987 0.1000000 0.1000003
v -0.8038060 0.1000000 0.0808658
v -0.8038060 -0.0000000 0.0808658
v -0.8038064 -0.0000000 0.1191339
v -0.8038064 0.1000000 0.1191339
v -0.7999987 0.1000000 0.1000003
v -0.7999987 -0.0000000 0.1000003
v -0.7846718 0.1000000 0.0729402
v -0.7999987 0.1000000 0.0999997
v -0.8038060 0.1000000 0.1191342
v -0.7846718 0.1000000 0.0729402
v -0.8038064 0.1000000 0.0808661
v -0.7999987 0.1000000 0.0999997
v -0.7846718 0.1000000 0.0729402
v -0.8146434 0.1000000 0.0646440
v -0.8038064 0.1000000 0.0808661
v -0.7846718 0.1000000 0.0729402
v -0.8308658 0.1000000 0.0538060
v -0.8146434 0.1000000 0.0646440
v -0.8770598 0.1000000 0.0346718
v -0.8500003 0.1000000 0.0499987
v -0.8308658 0.1000000 0.0538060
v -0.8770598 0.1000000 0.0346718
v -0.8691339 0.1000000 0.0538064
v -0.8500003 0.1000000 0.0499987
v -0.9000000 -0.0000000 0.0574050
v -0.9207105 -0.0000000 0.1000000
v -0.8853550 -0.0000000 0.0646450
v -0.9207105 -0.0000000 0.1000000
v -0.9000000 -0.0000000 0.0574050
v -0.9000000 -0.0000000 0.0000000
v -0.8074050 -0.0000000 0.1500000
v -0.8500000 -0.0000000 0.1707105
v -0.7500000 -0.0000000 0.1500000
v -0.8500000 -0.0000000 0.1707105
v -0.8074050 -0.0000000 0.1500000
v -0.8146450 -0.0000000 0.1353550
v -0.9000000 0.1000000 0.0000000
v -0.8885850 0.1000000 0.0574050
v -0.8770598 0.1000000 0.0346718
v -0.8842325 -0.0000000 0.0639025
v -0.8885850 -0.0000000 0.0574050
v -0.9000000 -0.0000000 0.0574050
v -0.8853550 -0.0000000 0.0646450
v -0.8038060 0.1000000 0.1191342
v -0.8038050 -0.0000000 0.1191350
v -0.8139025 -0.0000000 0.1342325
v -0.8139025 0.1000000 0.1342325
v -0.8691342 -0.0000000 0.0538060
v -0.8691340 0.1000000 0.0538064
v -0.8842325 0.1000000 0.0639025
v -0.8842325 -0.0000000 0.0639025
v -0.8139025 -0.0000000 0.1342325
v -0.8146450 -0.0000000 0.1353550
v -0.8074050 -0.0000000 0.1500000
v -0.8074050 -0.0000000 0.1385850
v -0.7500000 0.1000000 0.0000000
v -0.7846718 0.1000000 0.0729402
v -0.8038060 0.1000000 0.1191342
v -0.7500000 0.1000000 0.1500000
v -0.8074050 -0.0000000 0.1385850
v -0.8074050 0.1000000 0.1385850
v -0.8139025 0.1000000 0.1342325
v -0.8139025 -0.0000000 0.1342325
v -0.8842325 -0.0000000 0.0639025
v -0.8842325 0.1000000 0.0639025
v -0.8885850 0.1000000 0.0574050
v -0.8885850 -0.0000000 0.0574050
v -0.8885850 0.1000000 0.0574050
v -0.8842325 0.1000000 0.0639025
v -0.8691340 0.1000000 0.0538064
v -0.8770598 0.1000000 0.0346718
v -0.8770598 0.1000000 0.0346718
v -0.7846718 0.1000000 0.0729402
v -0.7500000 0.1000000 0.0000000
v -0.9000000 0.1000000 0.0000000
v -0.8139025 0.1000000 0.1342325
v -0.8074050 0.1000000 0.1385850
v -0.7500000 0.1000000 0.1500000
v -0.8038060 0.1000000 0.1191342
v -0.8885850 -0.0000000 0.0574050
v -0.8885850 0.1000000 0.0574050
v -0.9000000 0.1000000 0.0000000
v -0.9000000 -0.0000000 0.0000000
v -0.7500000 -0.0000000 0.1500000
v -0.7500000 0.1000000 0.1500000
v -0.8074050 0.1000000 0.1385850
v -0.8074050 -0.0000000 0.1385850
v -0.9000000 -0.0000000 0.0574050
v -0.8885850 -0.0000000 0.0574050
v -0.9000000 -0.0000000 0.0000000
v -0.7500000 -0.0000000 0.1500000
v -0.8074050 -0.0000000 0.1385850
v -0.8074050 -0.0000000 0.1500000
s off
f 1 2 3
f 4 5 6
f 7 8 9
f 10 11 12
f 13 14 15
f 16 17 18
f 19 20 21
f 22 23 24
f 25 26 27
f 28 29 30
f 31 32 33
f 34 35 36
f 37 38 39
f 40 41 42
f 43 44 45
f 46 47 48
f 49 50 51
f 49 51 52
f 53 54 55
f 53 55 56
f 57 58 59
f 57 59 60
f 61 62 63
f 61 63 64
f 65 66 67
f 65 67 68
f 69 70 71
f 69 71 72
f 73 74 75
f 73 75 76
f 77 78 79
f 77 79 80
f 81 82 83
f 81 83 84
f 85 86 87
f 85 87 88
f 89 90 91
f 89 91 92
f 93 94 95
f 93 95 96
f 97 98 99
f 97 99 100
f 101 102 103
f 101 103 104
f 105 106 107
f 105 107 108
f 109 110 111
f 109 111 112
f 113 114 115
f 116 117 118
f 119 120 121
f 122 123 124
f 125 126 127
f 128 129 130
f 131 132 133
f 134 135 136
f 137 138 139
f 140 141 142
f 143 144 145
f 146 147 148
f 149 150 151
f 152 153 154
f 155 156 157
f 158 159 160
f 161 162 163
f 161 163 164
f 165 166 167
f 165 167 168
f 169 170 171
f 169 171 172
f 173 174 175
f 173 175 176
f 177 178 179
f 177 179 180
f 181 182 183
f 181 183 184
f 185 186 187
f 185 187 188
f 189 190 191
f 189 191 192
f 193 194 195
f 193 195 196
f 197 198 199
f 197 199 200
f 201 202 203
f 201 203 204
f 205 206 207
f 205 207 208
f 209 210 211
f 209 211 212
f 213 214 215
f 213 215 216
f 217 218 219
f 217 219 220
f 221 222 223
f 221 223 224
f 225 226 227
f 228 229 230
f 231 232 233
f 234 235 236
f 237 238 239
f 240 241 242
f 243 244 245
f 246 247 248
f 249 250 251
f 252 253 254
f 255 256 257
f 258 259 260
f 261 262 263
f 264 265 266
f 267 268 269
f 270 271 272
f 273 274 275
f 273 275 276
f 277 278 279
f 277 279 280
f 281 282 283
f 281 283 284
f 285 286 287
f 285 287 288
f 289 290 291
f 289 291 292
f 293 294 295
f 293 295 296
f 297 298 299
f 297 299 300
f 301 302 303
f 301 303 304
f 305 306 307
f 305 307 308
f 309 310 311
f 309 311 312
f 313 314 315
f 313 315 316
f 317 318 319
f 317 319 320
f 321 322 323
f 321 323 324
f 325 326 327
f 325 327 328
f 329 330 331
f 329 331 332
f 333 334 335
f 333 335 336
f 337 338 339
f 337 339 340
f 341 342 343
f 341 343 344
f 345 346 347
f 345 347 348
f 349 350 351
f 349 351 352
f 353 354 355
f 353 355 356
f 357 358 359
f 357 359 360
f 361 362 363
f 361 363 364
f 365 366 367
f 365 367 368
f 369 370 371
f 369 371 372
f 373 374 375
f 373 375 376
f 377 378 379
f 377 379 380
f 381 382 383
f 381 383 384
f 385 386 387
f 385 387 388
f 389 390 391
f 389 391 392
f 393 394 395
f 393 395 396
f 397 398 399
f 397 399 400
f 401 402 403
f 401 403 404
f 405 406 407
f 405 407 408
f 409 410 411
f 409 411 412
f 413 414 415
f 413 415 416
f 417 418 419
f 417 419 420
f 421 422 423
f 421 423 424
f 425 426 427
f 425 427 428
f 429 430 431
f 429 431 432
f 433 434 435
f 433 435 436
f 437 438 439
f 437 439 440
f 441 442 443
f 441 443 444
f 445 446 447
f 445 447 448
f 449 450 451
f 449 451 452
f 453 454 455
f 453 455 456
f 457 458 459
f 457 459 460
f 461 462 463
f 461 463 464
f 465 466 467
f 465 467 468
f 469 470 471
f 469 471 472
f 473 474 475
f 473 475 476
f 477 478 479
f 477 479 480
f 481 482 483
f 481 483 484
f 485 486 487
f 485 487 488
f 489 490 491
f 489 491 492
f 493 494 495
f 493 495 496
f 497 498 499
f 497 499 500
f 501 502 503
f 501 503 504
f 505 506 507
f 505 507 508
f 509 510 511
f 509 511 512
f 513 514 515
f 513 515 516
f 517 518 519
f 517 519 520
f 521 522 523
f 521 523 524
f 525 526 527
f 525 527 528
f 529 530 531
f 529 531 532
f 533 534 535
f 533 535 536
f 537 538 539
f 537 539 540
f 541 542 543
f 541 543 544
f 545 546 547
f 545 547 548
f 549 550 551
f 549 551 552
f 553 554 555
f 553 555 556
f 557 558 559
f 557 559 560
f 561 562 563
f 561 563 564
f 565 566 567
f 565 567 568
f 569 570 571
f 569 571 572
f 573 574 575
f 573 575 576
f 577 578 579
f 577 579 580
f 581 582 583
f 581 583 584
f 585 586 587
f 585 587 588
f 589 590 591
f 589 591 592
f 593 594 595
f 593 595 596
f 597 598 599
f 597 599 600
f 601 602 603
f 601 603 604
f 605 606 607
f 605 607 608
f 609 610 611
f 609 611 612
f 613 614 615
f 613 615 616
f 617 618 619
f 617 619 620
f 621 622 623
f 621 623 624
f 625 626 627
f 625 627 628
f 629 630 631
f 629 631 632
f 633 634 635
f 633 635 636
f 637 638 639
f 637 639 640
f 641 642 643
f 641 643 644
f 645 646 647
f 645 647 648
f 649 650 651
f 649 651 652
f 653 654 655
f 653 655 656
f 657 658 659
f 657 659 660
f 661 662 663
f 661 663 664
f 665 666 667
f 665 667 668
f 669 670 671
f 669 671 672
f 673 674 675
f 673 675 676
f 677 678 679
f 677 679 680
f 681 682 683
f 681 683 684
f 685 686 687
f 685 687 688
f 689 690 691
f 689 691 692
f 693 694 695
f 693 695 696
f 697 698 699
f 697 699 700
f 701 702 703
f 701 703 704
f 705 706 707
f 705 707 708
f 709 710 711
f 709 711 712
f 713 714 715
f 713 715 716
f 717 718 719
f 717 719 720
f 721 722 723
f 721 723 724
f 725 726 727
f 725 727 728
f 729 730 731
f 729 731 732
f 733 734 735
f 733 735 736
f 737 738 739
f 737 739 740
f 741 742 743
f 741 743 744
f 745 746 747
f 745 747 748
f 749 750 751
f 749 751 752
f 753 754 755
f 753 755 756
f 757 758 759
f 757 759 760
f 761 762 763
f 761 763 764
f 765 766 767
f 765 767 768
f 769 770 771
f 769 771 772
f 773 774 775
f 773 775 776
f 777 778 779
f 777 779 780
f 781 782 783
f 781 783 784
f 785 786 787
f 785 787 788
f 789 790 791
f 789 791 792
f 793 794 795
f 793 795 796
f 797 798 799
f 797 799 800
f 801 802 803
f 801 803 804
f 805 806 807
f 805 807 808
f 809 810 811
f 809 811 812
f 813 814 815
f 813 815 816
f 817 818 819
f 817 819 820
f 821 822 823
f 821 823 824
f 825 826 827
f 825 827 828
f 829 830 831
f 829 831 832
f 833 834 835
f 833 835 836
f 837 838 839
f 837 839 840
f 841 842 843
f 841 843 844
f 845 846 847
f 845 847 848
f 849 850 851
f 849 851 852
f 853 854 855
f 853 855 856
f 857 858 859
f 857 859 860
f 861 862 863
f 864 865 866
f 867 868 869
f 870 871 872
f 873 874 875
f 876 877 878
f 879 880 881
f 882 883 884
f 885 886 887
f 888 889 890
f 891 892 893
f 894 895 896
f 897 898 899
f 900 901 902
f 903 904 905
f 906 907 908
f 909 910 911
f 909 911 912
f 913 914 915
f 913 915 916
f 917 918 919
f 917 919 920
f 921 922 923
f 921 923 924
f 925 926 927
f 925 927 928
f 929 930 931
f 929 931 932
f 933 934 935
f 933 935 936
f 937 938 939
f 937 939 940
f 941 942 943
f 941 943 944
f 945 946 947
f 945 947 948
f 949 950 951
f 949 951 952
f 953 954 955
f 953 955 956
f 957 958 959
f 957 959 960
f 961 962 963
f 961 963 964
f 965 966 967
f 965 967 968
f 969 970 971
f 969 971 972
f 973 974 975
f 976 977 978
f 979 980 981
f 982 983 984
f 985 986 987
f 988 989 990
f 991 992 993
f 994 995 996
f 997 998 999
f 1000 1001 1002
f 1003 1004 1005
f 1006 1007 1008
f 1009 1010 1011
f 1012 1013 1014
f 1015 1016 1017
f 1018 1019 1020
f 1021 1022 1023
f 1024 1025 1026
f 1027 1028 1029
f 1030 1031 1032
f 1033 1034 1035
f 1036 1037 1038
f 1039 1040 1041
f 1042 1043 1044
f 1045 1046 1047
f 1048 1049 1050
f 1051 1052 1053
f 1054 1055 1056
f 1057 1058 1059
f 1060 1061 1062
f 1063 1064 1065
f 1066 1067 1068
f 1069 1070 1071
f 1069 1071 1072
f 1073 1074 1075
f 1073 1075 1076
f 1077 1078 1079
f 1077 1079 1080
f 1081 1082 1083
f 1081 1083 1084
f 1085 1086 1087
f 1085 1087 1088
f 1089 1090 1091
f 1089 1091 1092
f 1093 1094 1095
f 1093 1095 1096
f 1097 1098 1099
f 1097 1099 1100
f 1101 1102 1103
f 1101 1103 1104
f 1105 1106 1107
f 1105 1107 1108
f 1109 1110 1111
f 1109 1111 1112
f 1113 1114 1115
f 1113 1115 1116
f 1117 1118 1119
f 1117 1119 1120
f 1121 1122 1123
f 1121 1123 1124
f 1125 1126 1127
f 1125 1127 1128
f 1129 1130 1131
f 1129 1131 1132
f 1133 1134 1135
f 1136 1137 1138
f 1139 1140 1141
f 1142 1143 1144
f 1145 1146 1147
f 1148 1149 1150
f 1151 1152 1153
f 1154 1155 1156
f 1157 1158 1159
f 1160 1161 1162
f 1163 1164 1165
f 1166 1167 1168
f 1169 1170 1171
f 1172 1173 1174
f 1175 1176 1177
f 1178 1179 1180
f 1181 1182 1183
f 1184 1185 1186
f 1187 1188 1189
f 1190 1191 1192
f 1193 1194 1195
f 1196 1197 1198
f 1199 1200 1201
f 1202 1203 1204
f 1205 1206 1207
f 1205 1207 1208
f 1209 1210 1211
f 1209 1211 1212
f 1213 1214 1215
f 1213 1215 1216
f 1217 1218 1219
f 1217 1219 1220
f 1221 1222 1223
f 1221 1223 1224
f 1225 1226 1227
f 1225 1227 1228
f 1229 1230 1231
f 1229 1231 1232
f 1233 1234 1235
f 1233 1235 1236
f 1237 1238 1239
f 1237 1239 1240
f 1241 1242 1243
f 1241 1243 1244
f 1245 1246 1247
f 1245 1247 1248
f 1249 1250 1251
f 1249 1251 1252
f 1253 1254 1255
f 1253 1255 1256
f 1257 1258 1259
f 1257 1259 1260
f 1261 1262 1263
f 1261 1263 1264
f 1265 1266 1267
f 1265 1267 1268
f 1269 1270 1271
f 1269 1271 1272
f 1273 1274 1275
f 1273 1275 1276
f 1277 1278 1279
f 1277 1279 1280
f 1281 1282 1283
f 1281 1283 1284
f 1285 1286 1287
f 1285 1287 1288
f 1289 1290 1291
f 1289 1291 1292
f 1293 1294 1295
f 1293 1295 1296
f 1297 1298 1299
f 1297 1299 1300
f 1301 1302 1303
f 1301 1303 1304
f 1305 1306 1307
f 1305 1307 1308
f 1309 1310 1311
f 1309 1311 1312
f 1313 1314 1315
f 1313 1315 1316
f 1317 1318 1319
f 1317 1319 1320
f 1321 1322 1323
f 1321 1323 1324
f 1325 1326 1327
f 1325 1327 1328
f 1329 1330 1331
f 1329 1331 1332
f 1333 1334 1335
f 1333 1335 1336
f 1337 1338 1339
f 1337 1339 1340
f 1341 1342 1343
f 1341 1343 1344
f 1345 1346 1347
f 1345 1347 1348
f 1349 1350 1351
f 1349 1351 1352
f 1353 1354 1355
f 1353 1355 1356
f 1357 1358 1359
f 1357 1359 1360
f 1361 1362 1363
f 1361 1363 1364
f 1365 1366 1367
f 1368 1369 1370
f 1371 1372 1373
f 1374 1375 1376
f 1377 1378 1379
f 1380 1381 1382
f 1383 1384 1385
f 1386 1387 1388
f 1389 1390 1391
f 1392 1393 1394
f 1395 1396 1397
f 1398 1399 1400
f 1401 1402 1403
f 1404 1405 1406
f 1407 1408 1409
f 1410 1411 1412
f 1413 1414 1415
f 1416 1417 1418
f 1419 1420 1421
f 1422 1423 1424
f 1425 1426 1427
f 1428 1429 1430
f 1431 1432 1433
f 1434 1435 1436
f 1437 1438 1439
f 1437 1439 1440
f 1441 1442 1443
f 1441 1443 1444
f 1445 1446 1447
f 1445 1447 1448
f 1449 1450 1451
f 1449 1451 1452
f 1453 1454 1455
f 1453 1455 1456
f 1457 1458 1459
f 1457 1459 1460
f 1461 1462 1463
f 1461 1463 1464
f 1465 1466 1467
f 1465 1467 1468
f 1469 1470 1471
f 1469 1471 1472
f 1473 1474 1475
f 1473 1475 1476
f 1477 1478 1479
f 1477 1479 1480
f 1481 1482 1483
f 1481 1483 1484
f 1485 1486 1487
f 1485 1487 1488
f 1489 1490 1491
f 1489 1491 1492
f 1493 1494 1495
f 1496 1497 1498
f 1499 1500 1501
f 1502 1503 1504
f 1505 1506 1507
f 1508 1509 1510
f 1511 1512 1513
f 1514 1515 1516
f 1517 1518 1519
f 1517 1519 1520
f 1521 1522 1523
f 1521 1523 1524
f 1525 1526 1527
f 1525 1527 1528
f 1529 1530 1531
f 1529 1531 1532
f 1533 1534 1535
f 1533 1535 1536
f 1537 1538 1539
f 1537 1539 1540
f 1541 1542 1543
f 1541 1543 1544
f 1545 1546 1547
f 1545 1547 1548
f 1549 1550 1551
f 1549 1551 1552
f 1553 1554 1555
f 1553 1555 1556
f 1557 1558 1559
f 1557 1559 1560
f 1561 1562 1563
f 1561 1563 1564
f 1565 1566 1567
f 1565 1567 1568
f 1569 1570 1571
f 1569 1571 1572
f 1573 1574 1575
f 1573 1575 1576
f 1577 1578 1579
f 1577 1579 1580
f 1581 1582 1583
f 1581 1583 1584
f 1585 1586 1587
f 1585 1587 1588
f 1589 1590 1591
f 1589 1591 1592
f 1593 1594 1595
f 1593 1595 1596
f 1597 1598 1599
f 1597 1599 1600
f 1601 1602 1603
f 1601 1603 1604
f 1605 1606 1607
f 1605 1607 1608
f 1609 1610 1611
f 1609 1611 1612
f 1613 1614 1615
f 1613 1615 1616
f 1617 1618 1619
f 1617 1619 1620
f 1621 1622 1623
f 1621 1623 1624
f 1625 1626 1627
f 1625 1627 1628
f 1629 1630 1631
f 1629 1631 1632
f 1633 1634 1635
f 1633 1635 1636
f 1637 1638 1639
f 1637 1639 1640
f 1641 1642 1643
f 1641 1643 1644
f 1645 1646 1647
f 1645 1647 1648
f 1649 1650 1651
f 1649 1651 1652
f 1653 1654 1655
f 1653 1655 1656
f 1657 1658 1659
f 1657 1659 1660
f 1661 1662 1663
f 1661 1663 1664
f 1665 1666 1667
f 1665 1667 1668
f 1669 1670 1671
f 1669 1671 1672
f 1673 1674 1675
f 1673 1675 1676
f 1677 1678 1679
f 1680 1681 1682
f 1683 1684 1685
f 1686 1687 1688
f 1689 1690 1691
f 1692 1693 1694
f 1695 1696 1697
f 1698 1699 1700
f 1701 1702 1703
f 1704 1705 1706
f 1707 1708 1709
f 1710 1711 1712
f 1713 1714 1715
f 1716 1717 1718
f 1719 1720 1721
f 1722 1723 1724
f 1725 1726 1727
f 1728 1729 1730
f 1731 1732 1733
f 1734 1735 1736
f 1737 1738 1739
f 1740 1741 1742
f 1743 1744 1745
f 1746 1747 1748
f 1749 1750 1751
f 1749 1751 1752
f 1753 1754 1755
f 1753 1755 1756
f 1757 1758 1759
f 1757 1759 1760
f 1761 1762 1763
f 1761 1763 1764
f 1765 1766 1767
f 1765 1767 1768
f 1769 1770 1771
f 1769 1771 1772
f 1773 1774 1775
f 1773 1775 1776
f 1777 1778 1779
f 1777 1779 1780
f 1781 1782 1783
f 1781 1783 1784
f 1785 1786 1787
f 1785 1787 1788
f 1789 1790 1791
f 1789 1791 1792
f 1793 1794 1795
f 1793 1795 1796
f 1797 1798 1799
f 1797 1799 1800
f 1801 1802 1803
f 1801 1803 1804
f 1805 1806 1807
f 1808 1809 1810
f 1811 1812 1813
f 1814 1815 1816
f 1817 1818 1819
f 1820 1821 1822
f 1823 1824 1825
f 1826 1827 1828
f 1829 1830 1831
f 1829 1831 1832
f 1833 1834 1835
f 1833 1835 1836
f 1837 1838 1839
f 1837 1839 1840
f 1841 1842 1843
f 1841 1843 1844
f 1845 1846 1847
f 1845 1847 1848
f 1849 1850 1851
f 1849 1851 1852
f 1853 1854 1855
f 1853 1855 1856
f 1857 1858 1859
f 1857 1859 1860
f 1861 1862 1863
f 1861 1863 1864
f 1865 1866 1867
f 1865 1867 1868
f 1869 1870 1871
f 1869 1871 1872
f 1873 1874 1875
f 1873 1875 1876
f 1877 1878 1879
f 1877 1879 1880
f 1881 1882 1883
f 1881 1883 1884
f 1885 1886 1887
f 1885 1887 1888
f 1889 1890 1891
f 1889 1891 1892
f 1893 1894 1895
f 1893 1895 1896
f 1897 1898 1899
f 1897 1899 1900
f 1901 1902 1903
f 1901 1903 1904
f 1905 1906 1907
f 1905 1907 1908
f 1909 1910 1911
f 1909 1911 1912
f 1913 1914 1915
f 1913 1915 1916
f 1917 1918 1919
f 1917 1919 1920
f 1921 1922 1923
f 1921 1923 1924
f 1925 1926 1927
f 1925 1927 1928
f 1929 1930 1931
f 1929 1931 1932
f 1933 1934 1935
f 1933 1935 1936
f 1937 1938 1939
f 1937 1939 1940
f 1941 1942 1943
f 1941 1943 1944
f 1945 1946 1947
f 1945 1947 1948
f 1949 1950 1951
f 1949 1951 1952
f 1953 1954 1955
f 1953 1955 1956
f 1957 1958 1959
f 1957 1959 1960
f 1961 1962 1963
f 1961 1963 1964
f 1965 1966 1967
f 1965 1967 1968
f 1969 1970 1971
f 1969 1971 1972
f 1973 1974 1975
f 1973 1975 1976
f 1977 1978 1979
f 1977 1979 1980
f 1981 1982 1983
f 1981 1983 1984
f 1985 1986 1987
f 1985 1987 1988
f 1989 1990 1991
f 1992 1993 1994
f 1995 1996 1997
f 1998 1999 2000
f 2001 2002 2003
f 2004 2005 2006
f 2007 2008 2009
f 2010 2011 2012
f 2013 2014 2015
f 2016 2017 2018
f 2019 2020 2021
f 2022 2023 2024
f 2025 2026 2027
f 2028 2029 2030
f 2031 2032 2033
f 2034 2035 2036
f 2037 2038 2039
f 2040 2041 2042
f 2043 2044 2045
f 2046 2047 2048
f 2049 2050 2051
f 2052 2053 2054
f 2055 2056 2057
f 2058 2059 2060
f 2061 2062 2063
f 2061 2063 2064
f 2065 2066 2067
f 2065 2067 2068
f 2069 2070 2071
f 2069 2071 2072
f 2073 2074 2075
f 2073 2075 2076
f 2077 2078 2079
f 2077 2079 2080
f 2081 2082 2083
f 2081 2083 2084
f 2085 2086 2087
f 2085 2087 2088
f 2089 2090 2091
f 2089 2091 2092
f 2093 2094 2095
f 2093 2095 2096
f 2097 2098 2099
f 2097 2099 2100
f 2101 2102 2103
f 2101 2103 2104
f 2105 2106 2107
f 2105 2107 2108
f 2109 2110 2111
f 2109 2111 2112
f 2113 2114 2115
f 2113 2115 2116
f 2117 2118 2119
f 2120 2121 2122
f 2123 2124 2125
f 2126 2127 2128
f 2129 2130 2131
f 2132 2133 2134
f 2135 2136 2137
f 2138 2139 2140
f 2141 2142 2143
f 2141 2143 2144
f 2145 2146 2147
f 2145 2147 2148
f 2149 2150 2151
f 2149 2151 2152
f 2153 2154 2155
f 2153 2155 2156
f 2157 2158 2159
f 2157 2159 2160
f 2161 2162 2163
f 2161 2163 2164
f 2165 2166 2167
f 2165 2167 2168
f 2169 2170 2171
f 2169 2171 2172
f 2173 2174 2175
f 2173 2175 2176
f 2177 2178 2179
f 2177 2179 2180
f 2181 2182 2183
f 2181 2183 2184
f 2185 2186 2187
f 2185 2187 2188
f 2189 2190 2191
f 2189 2191 2192
f 2193 2194 2195
f 2193 2195 2196
f 2197 2198 2199
f 2197 2199 2200
f 2201 2202 2203
f 2201 2203 2204
f 2205 2206 2207
f 2205 2207 2208
f 2209 2210 2211
f 2209 2211 2212
f 2213 2214 2215
f 2213 2215 2216
f 2217 2218 2219
f 2217 2219 2220
f 2221 2222 2223
f 2221 2223 2224
f 2225 2226 2227
f 2225 2227 2228
f 2229 2230 2231
f 2229 2231 2232
f 2233 2234 2235
f 2233 2235 2236
f 2237 2238 2239
f 2237 2239 2240
f 2241 2242 2243
f 2241 2243 2244
f 2245 2246 2247
f 2245 2247 2248
f 2249 2250 2251
f 2249 2251 2252
f 2253 2254 2255
f 2253 2255 2256
f 2257 2258 2259
f 2257 2259 2260
f 2261 2262 2263
f 2261 2263 2264
f 2265 2266 2267
f 2265 2267 2268
f 2269 2270 2271
f 2269 2271 2272
f 2273 2274 2275
f 2273 2275 2276
f 2277 2278 2279
f 2277 2279 2280
f 2281 2282 2283
f 2281 2283 2284
f 2285 2286 2287
f 2285 2287 2288
f 2289 2290 2291
f 2289 2291 2292
f 2293 2294 2295
f 2293 2295 2296
f 2297 2298 2299
f 2297 2299 2300
f 2301 2302 2303
f 2304 2305 2306
f 2307 2308 2309
f 2310 2311 2312
f 2313 2314 2315
f 2316 2317 2318
f 2319 2320 2321
f 2322 2323 2324
f 2325 2326 2327
f 2328 2329 2330
f 2331 2332 2333
f 2334 2335 2336
f 2337 2338 2339
f 2340 2341 2342
f 2343 2344 2345
f 2346 2347 2348
f 2349 2350 2351
f 2352 2353 2354
f 2355 2356 2357
f 2358 2359 2360
f 2361 2362 2363
f 2364 2365 2366
f 2367 2368 2369
f 2370 2371 2372
f 2373 2374 2375
f 2373 2375 2376
f 2377 2378 2379
f 2377 2379 2380
f 2381 2382 2383
f 2381 2383 2384
f 2385 2386 2387
f 2385 2387 2388
f 2389 2390 2391
f 2389 2391 2392
f 2393 2394 2395
f 2393 2395 2396
f 2397 2398 2399
f 2397 2399 2400
f 2401 2402 2403
f 2401 2403 2404
f 2405 2406 2407
f 2405 2407 2408
f 2409 2410 2411
f 2409 2411 2412
f 2413 2414 2415
f 2413 2415 2416
f 2417 2418 2419
f 2417 2419 2420
f 2421 2422 2423
f 2421 2423 2424
f 2425 2426 2427
f 2425 2427 2428
f 2429 2430 2431
f 2429 2431 2432
f 2433 2434 2435
f 2433 2435 2436
f 2437 2438 2439
f 2437 2439 2440
f 2441 2442 2443
f 2441 2443 2444
f 2445 2446 2447
f 2445 2447 2448
f 2449 2450 2451
f 2449 2451 2452
f 2453 2454 2455
f 2456 2457 2458
f 2459 2460 2461
f 2459 2461 2462
f 2463 2464 2465
f 2463 2465 2466
f 2467 2468 2469
f 2467 2469 2470
f 2471 2472 2473
f 2471 2473 2474
f 2475 2476 2477
f 2475 2477 2478
f 2479 2480 2481
f 2482 2483 2484
f 2485 2486 2487
f 2485 2487 2488
f 2489 2490 2491
f 2489 2491 2492
f 2493 2494 2495
f 2493 2495 2496
f 2497 2498 2499
f 2500 2501 2502
f 2503 2504 2505
f 2506 2507 2508
f 2509 2510 2511
f 2512 2513 2514
f 2515 2516 2517
f 2518 2519 2520
f 2521 2522 2523
f 2524 2525 2526
f 2527 2528 2529
f 2530 2531 2532
f 2533 2534 2535
f 2536 2537 2538
f 2539 2540 2541
f 2542 2543 2544
f 2545 2546 2547
f 2548 2549 2550
f 2551 2552 2553
f 2554 2555 2556
f 2557 2558 2559
f 2560 2561 2562
f 2563 2564 2565
f 2566 2567 2568
f 2569 2570 2571
f 2572 2573 2574
f 2575 2576 2577
f 2578 2579 2580
f 2581 2582 2583
f 2584 2585 2586
f 2587 2588 2589
f 2590 2591 2592
f 2593 2594 2595
f 2593 2595 2596
f 2597 2598 2599
f 2597 2599 2600
f 2601 2602 2603
f 2601 2603 2604
f 2605 2606 2607
f 2605 2607 2608
f 2609 2610 2611
f 2609 2611 2612
f 2613 2614 2615
f 2613 2615 2616
f 2617 2618 2619
f 2617 2619 2620
f 2621 2622 2623
f 2621 2623 2624
f 2625 2626 2627
f 2625 2627 2628
f 2629 2630 2631
f 2629 2631 2632
f 2633 2634 2635
f 2633 2635 2636
f 2637 2638 2639
f 2637 2639 2640
f 2641 2642 2643
f 2641 2643 2644
f 2645 2646 2647
f 2645 2647 2648
f 2649 2650 2651
f 2649 2651 2652
f 2653 2654 2655
f 2653 2655 2656
f 2657 2658 2659
f 2660 2661 2662
f 2663 2664 2665
f 2666 2667 2668
f 2669 2670 2671
f 2672 2673 2674
f 2675 2676 2677
f 2678 2679 2680
f 2681 2682 2683
f 2684 2685 2686
f 2687 2688 2689
f 2690 2691 2692
f 2693 2694 2695
f 2696 2697 2698
f 2699 2700 2701
f 2702 2703 2704
f 2705 2706 2707
f 2708 2709 2710
f 2711 2712 2713
f 2714 2715 2716
f 2717 2718 2719
f 2720 2721 2722
f 2723 2724 2725
f 2726 2727 2728
f 2729 2730 2731
f 2732 2733 2734
f 2735 2736 2737
f 2738 2739 2740
f 2741 2742 2743
f 2744 2745 2746
f 2747 2748 2749
f 2750 2751 2752
f 2753 2754 2755
f 2756 2757 2758
f 2759 2760 2761
f 2762 2763 2764
f 2765 2766 2767
f 2768 2769 2770
f 2771 2772 2773
f 2774 2775 2776
f 2777 2778 2779
f 2780 2781 2782
f 2783 2784 2785
f 2786 2787 2788
f 2789 2790 2791
f 2792 2793 2794
f 2795 2796 2797
f 2798 2799 2800
f 2801 2802 2803
f 2801 2803 2804
f 2805 2806 2807
f 2805 2807 2808
f 2809 2810 2811
f 2809 2811 2812
f 2813 2814 2815
f 2813 2815 2816
f 2817 2818 2819
f 2817 2819 2820
f 2821 2822 2823
f 2821 2823 2824
f 2825 2826 2827
f 2825 2827 2828
f 2829 2830 2831
f 2829 2831 2832
f 2833 2834 2835
f 2833 2835 2836
f 2837 2838 2839
f 2837 2839 2840
f 2841 2842 2843
f 2841 2843 2844
f 2845 2846 2847
f 2845 2847 2848
f 2849 2850 2851
f 2849 2851 2852
f 2853 2854 2855
f 2853 2855 2856
f 2857 2858 2859
f 2857 2859 2860
f 2861 2862 2863
f 2861 2863 2864
f 2865 2866 2867
f 2868 2869 2870
f 2871 2872 2873
f 2874 2875 2876
f 2877 2878 2879
f 2880 2881 2882
f 2883 2884 2885
f 2886 2887 2888
f 2889 2890 2891
f 2892 2893 2894
f 2895 2896 2897
f 2898 2899 2900
f 2901 2902 2903
f 2904 2905 2906
f 2907 2908 2909
f 2910 2911 2912
f 2913 2914 2915
f 2916 2917 2918
f 2919 2920 2921
f 2922 2923 2924
f 2925 2926 2927
f 2928 2929 2930
f 2931 2932 2933
f 2934 2935 2936
f 2937 2938 2939
f 2940 2941 2942
f 2943 2944 2945
f 2946 2947 2948
f 2949 2950 2951
f 2952 2953 2954
f 2955 2956 2957
f 2958 2959 2960
f 2961 2962 2963
f 2961 2963 2964
f 2965 2966 2967
f 2965 2967 2968
f 2969 2970 2971
f 2969 2971 2972
f 2973 2974 2975
f 2973 2975 2976
f 2977 2978 2979
f 2977 2979 2980
f 2981 2982 2983
f 2981 2983 2984
f 2985 2986 2987
f 2985 2987 2988
f 2989 2990 2991
f 2989 2991 2992
f 2993 2994 2995
f 2993 2995 2996
f 2997 2998 2999
f 2997 2999 3000
f 3001 3002 3003
f 3001 3003 3004
f 3005 3006 3007
f 3005 3007 3008
f 3009 3010 3011
f 3009 3011 3012
f 3013 3014 3015
f 3013 3015 3016
f 3017 3018 3019
f 3017 3019 3020
f 3021 3022 3023
f 3021 3023 3024
f 3025 3026 3027
f 3028 3029 3030
f 3031 3032 3033
f 3034 3035 3036
f 3037 3038 3039
f 3040 3041 3042
f 3043 3044 3045
f 3046 3047 3048
f 3049 3050 3051
f 3052 3053 3054
f 3055 3056 3057
f 3058 3059 3060
f 3061 3062 3063
f 3064 3065 3066
f 3067 3068 3069
f 3070 3071 3072
f 3073 3074 3075
f 3076 3077 3078
f 3079 3080 3081
f 3082 3083 3084
f 3085 3086 3087
f 3088 3089 3090
f 3091 3092 3093
f 3094 3095 3096
f 3097 3098 3099
f 3100 3101 3102
f 3103 3104 3105
f 3106 3107 3108
f 3109 3110 3111
f 3112 3113 3114
f 3115 3116 3117
f 3118 3119 3120
f 3121 3122 3123
f 3121 3123 3124
f 3125 3126 3127
f 3125 3127 3128
f 3129 3130 3131
f 3129 3131 3132
f 3133 3134 3135
f 3133 3135 3136
f 3137 3138 3139
f 3137 3139 3140
f 3141 3142 3143
f 3141 3143 3144
f 3145 3146 3147
f 3145 3147 3148
f 3149 3150 3151
f 3149 3151 3152
f 3153 3154 3155
f 3153 3155 3156
f 3157 3158 3159
f 3157 3159 3160
f 3161 3162 3163
f 3161 3163 3164
f 3165 3166 3167
f 3165 3167 3168
f 3169 3170 3171
f 3169 3171 3172
f 3173 3174 3175
f 3173 3175 3176
f 3177 3178 3179
f 3177 3179 3180
f 3181 3182 3183
f 3181 3183 3184
f 3185 3186 3187
f 3185 3187 3188
f 3189 3190 3191
f 3189 3191 3192
f 3193 3194 3195
f 3196 3197 3198
f 3199 3200 3201
f 3202 3203 3204
f 3205 3206 3207
f 3208 3209 3210
f 3211 3212 3213
f 3214 3215 3216
f 3217 3218 3219
f 3220 3221 3222
f 3223 3224 3225
f 3226 3227 3228
f 3229 3230 3231
f 3232 3233 3234
f 3235 3236 3237
f 3235 3237 3238
f 3239 3240 3241
f 3239 3241 3242
f 3243 3244 3245
f 3243 3245 3246
f 3247 3248 3249
f 3247 3249 3250
f 3251 3252 3253
f 3251 3253 3254
f 3255 3256 3257
f 3255 3257 3258
f 3259 3260 3261
f 3259 3261 3262
f 3263 3264 3265
f 3263 3265 3266
f 3267 3268 3269
f 3270 3271 3272
f 3273 3274 3275
f 3276 3277 3278
f 3279 3280 3281
f 3282 3283 3284
f 3285 3286 3287
f 3288 3289 3290
f 3291 3292 3293
f 3294 3295 3296
f 3297 3298 3299
f 3300 3301 3302
f 3303 3304 3305
f 3306 3307 3308
f 3309 3310 3311
f 3312 3313 3314
f 3315 3316 3317
f 3315 3317 3318
f 3319 3320 3321
f 3319 3321 3322
f 3323 3324 3325
f 3323 3325 3326
f 3327 3328 3329
f 3327 3329 3330
f 3331 3332 3333
f 3331 3333 3334
f 3335 3336 3337
f 3335 3337 3338
f 3339 3340 3341
f 3339 3341 3342
f 3343 3344 3345
f 3343 3345 3346
f 3347 3348 3349
f 3347 3349 3350
f 3351 3352 3353
f 3351 3353 3354
f 3355 3356 3357
f 3355 3357 3358
f 3359 3360 3361
f 3359 3361 3362
f 3363 3364 3365
f 3363 3365 3366
f 3367 3368 3369
f 3367 3369 3370
f 3371 3372 3373
f 3371 3373 3374
f 3375 3376 3377
f 3375 3377 3378
f 3379 3380 3381
f 3382 3383 3384
f 3385 3386 3387
f 3388 3389 3390
f 3391 3392 3393
f 3394 3395 3396
f 3397 3398 3399
f 3400 3401 3402
f 3403 3404 3405
f 3403 3405 3406
f 3407 3408 3409
f 3407 3409 3410
f 3411 3412 3413
f 3411 3413 3414
f 3415 3416 3417
f 3415 3417 3418
f 3419 3420 3421
f 3419 3421 3422
f 3423 3424 3425
f 3423 3425 3426
f 3427 3428 3429
f 3430 3431 3432
f 3433 3434 3435
f 3436 3437 3438
f 3439 3440 3441
f 3442 3443 3444
f 3445 3446 3447
f 3448 3449 3450
f 3451 3452 3453
f 3454 3455 3456
f 3457 3458 3459
f 3460 3461 3462
f 3460 3462 3463
f 3464 3465 3466
f 3464 3466 3467
f 3468 3469 3470
f 3468 3470 3471
f 3472 3473 3474
f 3472 3474 3475
f 3476 3477 3478
f 3476 3478 3479
f 3480 3481 3482
f 3480 3482 3483
f 3484 3485 3486
f 3484 3486 3487
f 3488 3489 3490
f 3488 3490 3491
f 3492 3493 3494
f 3492 3494 3495
f 3496 3497 3498
f 3496 3498 3499
f 3500 3501 3502
f 3500 3502 3503
f 3504 3505 3506
f 3504 3506 3507
f 3508 3509 3510
f 3511 3512 3513
f 3514 3515 3516
f 3517 3518 3519
f 3520 3521 3522
f 3523 3524 3525
f 3526 3527 3528
f 3529 3530 3531
f 3532 3533 3534
f 3535 3536 3537
f 3538 3539 3540
f 3541 3542 3543
f 3544 3545 3546
f 3547 3548 3549
f 3550 3551 3552
f 3553 3554 3555
f 3556 3557 3558
f 3559 3560 3561
f 3562 3563 3564
f 3562 3564 3565
f 3566 3567 3568
f 3566 3568 3569
f 3570 3571 3572
f 3570 3572 3573
f 3574 3575 3576
f 3574 3576 3577
f 3578 3579 3580
f 3578 3580 3581
f 3582 3583 3584
f 3582 3584 3585
f 3586 3587 3588
f 3586 3588 3589
f 3590 3591 3592
f 3590 3592 3593
f 3594 3595 3596
f 3594 3596 3597
f 3598 3599 3600
f 3598 3600 3601
f 3602 3603 3604
f 3602 3604 3605
f 3606 3607 3608
f 3606 3608 3609
f 3610 3611 3612
f 3610 3612 3613
f 3614 3615 3616
f 3614 3616 3617
f 3618 3619 3620
f 3618 3620 3621
f 3622 3623 3624
f 3622 3624 3625
f 3626 3627 3628
f 3629 3630 3631
f 3632 3633 3634
f 3635 3636 3637
f 3638 3639 3640
f 3641 3642 3643
f 3644 3645 3646
f 3647 3648 3649
f 3650 3651 3652
f 3650 3652 3653
f 3654 3655 3656
f 3654 3656 3657
f 3658 3659 3660
f 3658 3660 3661
f 3662 3663 3664
f 3662 3664 3665
f 3666 3667 3668
f 3666 3668 3669
f 3670 3671 3672
f 3670 3672 3673
f 3674 3675 3676
f 3677 3678 3679
f 3680 3681 3682
f 3683 3684 3685
f 3686 3687 3688
f 3689 3690 3691
f 3692 3693 3694
f 3695 3696 3697
f 3698 3699 3700
f 3701 3702 3703
f 3704 3705 3706
f 3707 3708 3709
f 3707 3709 3710
f 3711 3712 3713
f 3711 3713 3714
f 3715 3716 3717
f 3715 3717 3718
f 3719 3720 3721
f 3719 3721 3722
f 3723 3724 3725
f 3723 3725 3726
f 3727 3728 3729
f 3727 3729 3730
f 3731 3732 3733
f 3731 3733 3734
f 3735 3736 3737
f 3735 3737 3738
f 3739 3740 3741
f 3739 3741 3742
f 3743 3744 3745
f 3743 3745 3746
f 3747 3748 3749
f 3747 3749 3750
f 3751 3752 3753
f 3751 3753 3754
f 3755 3756 3757
f 3758 3759 3760
f 3761 3762 3763
f 3764 3765 3766
f 3767 3768 3769
f 3770 3771 3772
f 3773 3774 3775
f 3776 3777 3778
f 3779 3780 3781
f 3782 3783 3784
f 3785 3786 3787
f 3785 3787 3788
f 3789 3790 3791
f 3789 3791 3792
f 3793 3794 3795
f 3793 3795 3796
f 3797 3798 3799
f 3797 3799 3800
f 3801 3802 3803
f 3801 3803 3804
f 3805 3806 3807
f 3805 3807 3808
f 3809 3810 3811
f 3809 3811 3812
f 3813 3814 3815
f 3813 3815 3816
f 3817 3818 3819
f 3820 3821 3822
f 3823 3824 3825
f 3826 3827 3828
f 3829 3830 3831
f 3832 3833 3834
f 3835 3836 3837
f 3838 3839 3840
f 3841 3842 3843
f 3844 3845 3846
f 3847 3848 3849
f 3850 3851 3852
f 3853 3854 3855
f 3856 3857 3858
f 3859 3860 3861
f 3862 3863 3864
f 3865 3866 3867
f 3865 3867 3868
f 3869 3870 3871
f 3869 3871 3872
f 3873 3874 3875
f 3873 3875 3876
f 3877 3878 3879
f 3877 3879 3880
f 3881 3882 3883
f 3881 3883 3884
f 3885 3886 3887
f 3885 3887 3888
f 3889 3890 3891
f 3889 3891 3892
f 3893 3894 3895
f 3893 3895 3896
f 3897 3898 3899
f 3897 3899 3900
f 3901 3902 3903
f 3901 3903 3904
f 3905 3906 3907
f 3905 3907 3908
f 3909 3910 3911
f 3909 3911 3912
f 3913 3914 3915
f 3913 3915 3916
f 3917 3918 3919
f 3917 3919 3920
f 3921 3922 3923
f 3921 3923 3924
f 3925 3926 3927
f 3925 3927 3928
f 3929 3930 3931
f 3932 3933 3934
f 3935 3936 3937
f 3938 3939 3940
f 3941 3942 3943
f 3944 3945 3946
f 3947 3948 3949
f 3950 3951 3952
f 3953 3954 3955
f 3953 3955 3956
f 3957 3958 3959
f 3957 3959 3960
f 3961 3962 3963
f 3961 3963 3964
f 3965 3966 3967
f 3965 3967 3968
f 3969 3970 3971
f 3969 3971 3972
f 3973 3974 3975
f 3973 3975 3976
f 3977 3978 3979
f 3980 3981 3982
f 3983 3984 3985
f 3986 3987 3988
f 3989 3990 3991
f 3992 3993 3994
f 3995 3996 3997
f 3998 3999 4000
f 4001 4002 4003
f 4004 4005 4006
f 4007 4008 4009
f 4010 4011 4012
f 4010 4012 4013
f 4014 4015 4016
f 4014 4016 4017
f 4018 4019 4020
f 4018 4020 4021
f 4022 4023 4024
f 4022 4024 4025
f 4026 4027 4028
f 4026 4028 4029
f 4030 4031 4032
f 4030 4032 4033
f 4034 4035 4036
f 4034 4036 4037
f 4038 4039 4040
f 4038 4040 4041
f 4042 4043 4044
f 4042 4044 4045
f 4046 4047 4048
f 4046 4048 4049
f 4050 4051 4052
f 4050 4052 4053
f 4054 4055 4056
f 4054 4056 4057
f 4058 4059 4060
f 4061 4062 4063
f 4064 4065 4066
f 4067 4068 4069
f 4070 4071 4072
f 4073 4074 4075
f 4076 4077 4078
f 4079 4080 4081
f 4082 4083 4084
f 4085 4086 4087
f 4088 4089 4090
f 4091 4092 4093
f 4094 4095 4096
f 4097 4098 4099
f 4100 4101 4102
f 4103 4104 4105
f 4106 4107 4108
f 4109 4110 4111
f 4112 4113 4114
f 4112 4114 4115
f 4116 4117 4118
f 4116 4118 4119
f 4120 4121 4122
f 4120 4122 4123
f 4124 4125 4126
f 4124 4126 4127
f 4128 4129 4130
f 4128 4130 4131
f 4132 4133 4134
f 4132 4134 4135
f 4136 4137 4138
f 4136 4138 4139
f 4140 4141 4142
f 4140 4142 4143
f 4144 4145 4146
f 4144 4146 4147
f 4148 4149 4150
f 4148 4150 4151
f 4152 4153 4154
f 4152 4154 4155
f 4156 4157 4158
f 4156 4158 4159
f 4160 4161 4162
f 4160 4162 4163
f 4164 4165 4166
f 4164 4166 4167
f 4168 4169 4170
f 4168 4170 4171
f 4172 4173 4174
f 4172 4174 4175
f 4176 4177 4178
f 4179 4180 4181
f 4182 4183 4184
f 4185 4186 4187
f 4188 4189 4190
f 4191 4192 4193
f 4194 4195 4196
f 4197 4198 4199
f 4200 4201 4202
f 4200 4202 4203
f 4204 4205 4206
f 4204 4206 4207
f 4208 4209 4210
f 4208 4210 4211
f 4212 4213 4214
f 4212 4214 4215
f 4216 4217 4218
f 4216 4218 4219
f 4220 4221 4222
f 4220 4222 4223
f 4224 4225 4226
f 4227 4228 4229
f 4230 4231 4232
f 4233 4234 4235
f 4236 4237 4238
f 4239 4240 4241
f 4242 4243 4244
f 4245 4246 4247
f 4248 4249 4250
f 4251 4252 4253
f 4254 4255 4256
f 4257 4258 4259
f 4257 4259 4260
f 4261 4262 4263
f 4261 4263 4264
f 4265 4266 4267
f 4265 4267 4268
f 4269 4270 4271
f 4269 4271 4272
f 4273 4274 4275
f 4273 4275 4276
f 4277 4278 4279
f 4277 4279 4280
f 4281 4282 4283
f 4281 4283 4284
f 4285 4286 4287
f 4285 4287 4288
f 4289 4290 4291
f 4289 4291 4292
f 4293 4294 4295
f 4293 4295 4296
f 4297 4298 4299
f 4297 4299 4300
f 4301 4302 4303
f 4301 4303 4304
f 4305 4306 4307
f 4308 4309 4310
