# Baked from official LDraw part 3958.dat
o ldraw_3958
v -1.1000000 0.1000000 -1.2500000
v -1.1114150 0.1000000 -1.1925950
v -1.1114150 -0.0000000 -1.1925950
v -1.1000000 -0.0000000 -1.2500000
v -1.1114150 0.1000000 -1.1925950
v -1.1439350 0.1000000 -1.1439350
v -1.1439350 -0.0000000 -1.1439350
v -1.1114150 -0.0000000 -1.1925950
v -1.1439350 0.1000000 -1.1439350
v -1.1925950 0.1000000 -1.1114150
v -1.1925950 -0.0000000 -1.1114150
v -1.1439350 -0.0000000 -1.1439350
v -1.1925950 0.1000000 -1.1114150
v -1.2500000 0.1000000 -1.1000000
v -1.2500000 -0.0000000 -1.1000000
v -1.1925950 -0.0000000 -1.1114150
v -1.2500000 0.1000000 -1.1000000
v -1.3074050 0.1000000 -1.1114150
v -1.3074050 -0.0000000 -1.1114150
v -1.2500000 -0.0000000 -1.1000000
v -1.3074050 0.1000000 -1.1114150
v -1.3560650 0.1000000 -1.1439350
v -1.3560650 -0.0000000 -1.1439350
v -1.3074050 -0.0000000 -1.1114150
v -1.3560650 0.1000000 -1.1439350
v -1.3885850 0.1000000 -1.1925950
v -1.3885850 -0.0000000 -1.1925950
v -1.3560650 -0.0000000 -1.1439350
v -1.3885850 0.1000000 -1.1925950
v -1.4000000 0.1000000 -1.2500000
v -1.4000000 -0.0000000 -1.2500000
v -1.3885850 -0.0000000 -1.1925950
v -1.4000000 0.1000000 -1.2500000
v -1.3885850 0.1000000 -1.3074050
v -1.3885850 -0.0000000 -1.3074050
v -1.4000000 -0.0000000 -1.2500000
v -1.3885850 0.1000000 -1.3074050
v -1.3560650 0.1000000 -1.3560650
v -1.3560650 -0.0000000 -1.3560650
v -1.3885850 -0.0000000 -1.3074050
v -1.3560650 0.1000000 -1.3560650
v -1.3074050 0.1000000 -1.3885850
v -1.3074050 -0.0000000 -1.3885850
v -1.3560650 -0.0000000 -1.3560650
v -1.3074050 0.1000000 -1.3885850
v -1.2500000 0.1000000 -1.4000000
v -1.2500000 -0.0000000 -1.4000000
v -1.3074050 -0.0000000 -1.3885850
v -1.2500000 0.1000000 -1.4000000
v -1.1925950 0.1000000 -1.3885850
v -1.1925950 -0.0000000 -1.3885850
v -1.2500000 -0.0000000 -1.4000000
v -1.1925950 0.1000000 -1.3885850
v -1.1439350 0.1000000 -1.3560650
v -1.1439350 -0.0000000 -1.3560650
v -1.1925950 -0.0000000 -1.3885850
v -1.1439350 0.1000000 -1.3560650
v -1.1114150 0.1000000 -1.3074050
v -1.1114150 -0.0000000 -1.3074050
v -1.1439350 -0.0000000 -1.3560650
v -1.1114150 0.1000000 -1.3074050
v -1.1000000 0.1000000 -1.2500000
v -1.1000000 -0.0000000 -1.2500000
v -1.1114150 -0.0000000 -1.3074050
v -1.1114150 0.1000000 -1.1925950
v -1.1000000 0.1000000 -1.2500000
v -1.2500000 0.1000000 -1.2500000
v -1.1439350 0.1000000 -1.1439350
v -1.1114150 0.1000000 -1.1925950
v -1.2500000 0.1000000 -1.2500000
v -1.1925950 0.1000000 -1.1114150
v -1.1439350 0.1000000 -1.1439350
v -1.2500000 0.1000000 -1.2500000
v -1.2500000 0.1000000 -1.1000000
v -1.1925950 0.1000000 -1.1114150
v -1.2500000 0.1000000 -1.2500000
v -1.3074050 0.1000000 -1.1114150
v -1.2500000 0.1000000 -1.1000000
v -1.2500000 0.1000000 -1.2500000
v -1.3560650 0.1000000 -1.1439350
v -1.3074050 0.1000000 -1.1114150
v -1.2500000 0.1000000 -1.2500000
v -1.3885850 0.1000000 -1.1925950
v -1.3560650 0.1000000 -1.1439350
v -1.2500000 0.1000000 -1.2500000
v -1.4000000 0.1000000 -1.2500000
v -1.3885850 0.1000000 -1.1925950
v -1.2500000 0.1000000 -1.2500000
v -1.3885850 0.1000000 -1.3074050
v -1.4000000 0.1000000 -1.2500000
v -1.2500000 0.1000000 -1.2500000
v -1.3560650 0.1000000 -1.3560650
v -1.3885850 0.1000000 -1.3074050
v -1.2500000 0.1000000 -1.2500000
v -1.3074050 0.1000000 -1.3885850
v -1.3560650 0.1000000 -1.3560650
v -1.2500000 0.1000000 -1.2500000
v -1.2500000 0.1000000 -1.4000000
v -1.3074050 0.1000000 -1.3885850
v -1.2500000 0.1000000 -1.2500000
v -1.1925950 0.1000000 -1.3885850
v -1.2500000 0.1000000 -1.4000000
v -1.2500000 0.1000000 -1.2500000
v -1.1439350 0.1000000 -1.3560650
v -1.1925950 0.1000000 -1.3885850
v -1.2500000 0.1000000 -1.2500000
v -1.1114150 0.1000000 -1.3074050
v -1.1439350 0.1000000 -1.3560650
v -1.2500000 0.1000000 -1.2500000
v -1.1000000 0.1000000 -1.2500000
v -1.1114150 0.1000000 -1.3074050
v -1.2500000 0.1000000 -1.2500000
v -1.1000000 0.1000000 -0.7500000
v -1.1114150 0.1000000 -0.6925950
v -1.1114150 -0.0000000 -0.6925950
v -1.1000000 -0.0000000 -0.7500000
v -1.1114150 0.1000000 -0.6925950
v -1.1439350 0.1000000 -0.6439350
v -1.1439350 -0.0000000 -0.6439350
v -1.1114150 -0.0000000 -0.6925950
v -1.1439350 0.1000000 -0.6439350
v -1.1925950 0.1000000 -0.6114150
v -1.1925950 -0.0000000 -0.6114150
v -1.1439350 -0.0000000 -0.6439350
v -1.1925950 0.1000000 -0.6114150
v -1.2500000 0.1000000 -0.6000000
v -1.2500000 -0.0000000 -0.6000000
v -1.1925950 -0.0000000 -0.6114150
v -1.2500000 0.1000000 -0.6000000
v -1.3074050 0.1000000 -0.6114150
v -1.3074050 -0.0000000 -0.6114150
v -1.2500000 -0.0000000 -0.6000000
v -1.3074050 0.1000000 -0.6114150
v -1.3560650 0.1000000 -0.6439350
v -1.3560650 -0.0000000 -0.6439350
v -1.3074050 -0.0000000 -0.6114150
v -1.3560650 0.1000000 -0.6439350
v -1.3885850 0.1000000 -0.6925950
v -1.3885850 -0.0000000 -0.6925950
v -1.3560650 -0.0000000 -0.6439350
v -1.3885850 0.1000000 -0.6925950
v -1.4000000 0.1000000 -0.7500000
v -1.4000000 -0.0000000 -0.7500000
v -1.3885850 -0.0000000 -0.6925950
v -1.4000000 0.1000000 -0.7500000
v -1.3885850 0.1000000 -0.8074050
v -1.3885850 -0.0000000 -0.8074050
v -1.4000000 -0.0000000 -0.7500000
v -1.3885850 0.1000000 -0.8074050
v -1.3560650 0.1000000 -0.8560650
v -1.3560650 -0.0000000 -0.8560650
v -1.3885850 -0.0000000 -0.8074050
v -1.3560650 0.1000000 -0.8560650
v -1.3074050 0.1000000 -0.8885850
v -1.3074050 -0.0000000 -0.8885850
v -1.3560650 -0.0000000 -0.8560650
v -1.3074050 0.1000000 -0.8885850
v -1.2500000 0.1000000 -0.9000000
v -1.2500000 -0.0000000 -0.9000000
v -1.3074050 -0.0000000 -0.8885850
v -1.2500000 0.1000000 -0.9000000
v -1.1925950 0.1000000 -0.8885850
v -1.1925950 -0.0000000 -0.8885850
v -1.2500000 -0.0000000 -0.9000000
v -1.1925950 0.1000000 -0.8885850
v -1.1439350 0.1000000 -0.8560650
v -1.1439350 -0.0000000 -0.8560650
v -1.1925950 -0.0000000 -0.8885850
v -1.1439350 0.1000000 -0.8560650
v -1.1114150 0.1000000 -0.8074050
v -1.1114150 -0.0000000 -0.8074050
v -1.1439350 -0.0000000 -0.8560650
v -1.1114150 0.1000000 -0.8074050
v -1.1000000 0.1000000 -0.7500000
v -1.1000000 -0.0000000 -0.7500000
v -1.1114150 -0.0000000 -0.8074050
v -1.1114150 0.1000000 -0.6925950
v -1.1000000 0.1000000 -0.7500000
v -1.2500000 0.1000000 -0.7500000
v -1.1439350 0.1000000 -0.6439350
v -1.1114150 0.1000000 -0.6925950
v -1.2500000 0.1000000 -0.7500000
v -1.1925950 0.1000000 -0.6114150
v -1.1439350 0.1000000 -0.6439350
v -1.2500000 0.1000000 -0.7500000
v -1.2500000 0.1000000 -0.6000000
v -1.1925950 0.1000000 -0.6114150
v -1.2500000 0.1000000 -0.7500000
v -1.3074050 0.1000000 -0.6114150
v -1.2500000 0.1000000 -0.6000000
v -1.2500000 0.1000000 -0.7500000
v -1.3560650 0.1000000 -0.6439350
v -1.3074050 0.1000000 -0.6114150
v -1.2500000 0.1000000 -0.7500000
v -1.3885850 0.1000000 -0.6925950
v -1.3560650 0.1000000 -0.6439350
v -1.2500000 0.1000000 -0.7500000
v -1.4000000 0.1000000 -0.7500000
v -1.3885850 0.1000000 -0.6925950
v -1.2500000 0.1000000 -0.7500000
v -1.3885850 0.1000000 -0.8074050
v -1.4000000 0.1000000 -0.7500000
v -1.2500000 0.1000000 -0.7500000
v -1.3560650 0.1000000 -0.8560650
v -1.3885850 0.1000000 -0.8074050
v -1.2500000 0.1000000 -0.7500000
v -1.3074050 0.1000000 -0.8885850
v -1.3560650 0.1000000 -0.8560650
v -1.2500000 0.1000000 -0.7500000
v -1.2500000 0.1000000 -0.9000000
v -1.3074050 0.1000000 -0.8885850
v -1.2500000 0.1000000 -0.7500000
v -1.1925950 0.1000000 -0.8885850
v -1.2500000 0.1000000 -0.9000000
v -1.2500000 0.1000000 -0.7500000
v -1.1439350 0.1000000 -0.8560650
v -1.1925950 0.1000000 -0.8885850
v -1.2500000 0.1000000 -0.7500000
v -1.1114150 0.1000000 -0.8074050
v -1.1439350 0.1000000 -0.8560650
v -1.2500000 0.1000000 -0.7500000
v -1.1000000 0.1000000 -0.7500000
v -1.1114150 0.1000000 -0.8074050
v -1.2500000 0.1000000 -0.7500000
v -1.1000000 0.1000000 -0.2500000
v -1.1114150 0.1000000 -0.1925950
v -1.1114150 -0.0000000 -0.1925950
v -1.1000000 -0.0000000 -0.2500000
v -1.1114150 0.1000000 -0.1925950
v -1.1439350 0.1000000 -0.1439350
v -1.1439350 -0.0000000 -0.1439350
v -1.1114150 -0.0000000 -0.1925950
v -1.1439350 0.1000000 -0.1439350
v -1.1925950 0.1000000 -0.1114150
v -1.1925950 -0.0000000 -0.1114150
v -1.1439350 -0.0000000 -0.1439350
v -1.1925950 0.1000000 -0.1114150
v -1.2500000 0.1000000 -0.1000000
v -1.2500000 -0.0000000 -0.1000000
v -1.1925950 -0.0000000 -0.1114150
v -1.2500000 0.1000000 -0.1000000
v -1.3074050 0.1000000 -0.1114150
v -1.3074050 -0.0000000 -0.1114150
v -1.2500000 -0.0000000 -0.1000000
v -1.3074050 0.1000000 -0.1114150
v -1.3560650 0.1000000 -0.1439350
v -1.3560650 -0.0000000 -0.1439350
v -1.3074050 -0.0000000 -0.1114150
v -1.3560650 0.1000000 -0.1439350
v -1.3885850 0.1000000 -0.1925950
v -1.3885850 -0.0000000 -0.1925950
v -1.3560650 -0.0000000 -0.1439350
v -1.3885850 0.1000000 -0.1925950
v -1.4000000 0.1000000 -0.2500000
v -1.4000000 -0.0000000 -0.2500000
v -1.3885850 -0.0000000 -0.1925950
v -1.4000000 0.1000000 -0.2500000
v -1.3885850 0.1000000 -0.3074050
v -1.3885850 -0.0000000 -0.3074050
v -1.4000000 -0.0000000 -0.2500000
v -1.3885850 0.1000000 -0.3074050
v -1.3560650 0.1000000 -0.3560650
v -1.3560650 -0.0000000 -0.3560650
v -1.3885850 -0.0000000 -0.3074050
v -1.3560650 0.1000000 -0.3560650
v -1.3074050 0.1000000 -0.3885850
v -1.3074050 -0.0000000 -0.3885850
v -1.3560650 -0.0000000 -0.3560650
v -1.3074050 0.1000000 -0.3885850
v -1.2500000 0.1000000 -0.4000000
v -1.2500000 -0.0000000 -0.4000000
v -1.3074050 -0.0000000 -0.3885850
v -1.2500000 0.1000000 -0.4000000
v -1.1925950 0.1000000 -0.3885850
v -1.1925950 -0.0000000 -0.3885850
v -1.2500000 -0.0000000 -0.4000000
v -1.1925950 0.1000000 -0.3885850
v -1.1439350 0.1000000 -0.3560650
v -1.1439350 -0.0000000 -0.3560650
v -1.1925950 -0.0000000 -0.3885850
v -1.1439350 0.1000000 -0.3560650
v -1.1114150 0.1000000 -0.3074050
v -1.1114150 -0.0000000 -0.3074050
v -1.1439350 -0.0000000 -0.3560650
v -1.1114150 0.1000000 -0.3074050
v -1.1000000 0.1000000 -0.2500000
v -1.1000000 -0.0000000 -0.2500000
v -1.1114150 -0.0000000 -0.3074050
v -1.1114150 0.1000000 -0.1925950
v -1.1000000 0.1000000 -0.2500000
v -1.2500000 0.1000000 -0.2500000
v -1.1439350 0.1000000 -0.1439350
v -1.1114150 0.1000000 -0.1925950
v -1.2500000 0.1000000 -0.2500000
v -1.1925950 0.1000000 -0.1114150
v -1.1439350 0.1000000 -0.1439350
v -1.2500000 0.1000000 -0.2500000
v -1.2500000 0.1000000 -0.1000000
v -1.1925950 0.1000000 -0.1114150
v -1.2500000 0.1000000 -0.2500000
v -1.3074050 0.1000000 -0.1114150
v -1.2500000 0.1000000 -0.1000000
v -1.2500000 0.1000000 -0.2500000
v -1.3560650 0.1000000 -0.1439350
v -1.3074050 0.1000000 -0.1114150
v -1.2500000 0.1000000 -0.2500000
v -1.3885850 0.1000000 -0.1925950
v -1.3560650 0.1000000 -0.1439350
v -1.2500000 0.1000000 -0.2500000
v -1.4000000 0.1000000 -0.2500000
v -1.3885850 0.1000000 -0.1925950
v -1.2500000 0.1000000 -0.2500000
v -1.3885850 0.1000000 -0.3074050
v -1.4000000 0.1000000 -0.2500000
v -1.2500000 0.1000000 -0.2500000
v -1.3560650 0.1000000 -0.3560650
v -1.3885850 0.1000000 -0.3074050
v -1.2500000 0.1000000 -0.2500000
v -1.3074050 0.1000000 -0.3885850
v -1.3560650 0.1000000 -0.3560650
v -1.2500000 0.1000000 -0.2500000
v -1.2500000 0.1000000 -0.4000000
v -1.3074050 0.1000000 -0.3885850
v -1.2500000 0.1000000 -0.2500000
v -1.1925950 0.1000000 -0.3885850
v -1.2500000 0.1000000 -0.4000000
v -1.2500000 0.1000000 -0.2500000
v -1.1439350 0.1000000 -0.3560650
v -1.1925950 0.1000000 -0.3885850
v -1.2500000 0.1000000 -0.2500000
v -1.1114150 0.1000000 -0.3074050
v -1.1439350 0.1000000 -0.3560650
v -1.2500000 0.1000000 -0.2500000
v -1.1000000 0.1000000 -0.2500000
v -1.1114150 0.1000000 -0.3074050
v -1.2500000 0.1000000 -0.2500000
v -0.6000000 0.1000000 -1.2500000
v -0.6114150 0.1000000 -1.1925950
v -0.6114150 -0.0000000 -1.1925950
v -0.6000000 -0.0000000 -1.2500000
v -0.6114150 0.1000000 -1.1925950
v -0.6439350 0.1000000 -1.1439350
v -0.6439350 -0.0000000 -1.1439350
v -0.6114150 -0.0000000 -1.1925950
v -0.6439350 0.1000000 -1.1439350
v -0.6925950 0.1000000 -1.1114150
v -0.6925950 -0.0000000 -1.1114150
v -0.6439350 -0.0000000 -1.1439350
v -0.6925950 0.1000000 -1.1114150
v -0.7500000 0.1000000 -1.1000000
v -0.7500000 -0.0000000 -1.1000000
v -0.6925950 -0.0000000 -1.1114150
v -0.7500000 0.1000000 -1.1000000
v -0.8074050 0.1000000 -1.1114150
v -0.8074050 -0.0000000 -1.1114150
v -0.7500000 -0.0000000 -1.1000000
v -0.8074050 0.1000000 -1.1114150
v -0.8560650 0.1000000 -1.1439350
v -0.8560650 -0.0000000 -1.1439350
v -0.8074050 -0.0000000 -1.1114150
v -0.8560650 0.1000000 -1.1439350
v -0.8885850 0.1000000 -1.1925950
v -0.8885850 -0.0000000 -1.1925950
v -0.8560650 -0.0000000 -1.1439350
v -0.8885850 0.1000000 -1.1925950
v -0.9000000 0.1000000 -1.2500000
v -0.9000000 -0.0000000 -1.2500000
v -0.8885850 -0.0000000 -1.1925950
v -0.9000000 0.1000000 -1.2500000
v -0.8885850 0.1000000 -1.3074050
v -0.8885850 -0.0000000 -1.3074050
v -0.9000000 -0.0000000 -1.2500000
v -0.8885850 0.1000000 -1.3074050
v -0.8560650 0.1000000 -1.3560650
v -0.8560650 -0.0000000 -1.3560650
v -0.8885850 -0.0000000 -1.3074050
v -0.8560650 0.1000000 -1.3560650
v -0.8074050 0.1000000 -1.3885850
v -0.8074050 -0.0000000 -1.3885850
v -0.8560650 -0.0000000 -1.3560650
v -0.8074050 0.1000000 -1.3885850
v -0.7500000 0.1000000 -1.4000000
v -0.7500000 -0.0000000 -1.4000000
v -0.8074050 -0.0000000 -1.3885850
v -0.7500000 0.1000000 -1.4000000
v -0.6925950 0.1000000 -1.3885850
v -0.6925950 -0.0000000 -1.3885850
v -0.7500000 -0.0000000 -1.4000000
v -0.6925950 0.1000000 -1.3885850
v -0.6439350 0.1000000 -1.3560650
v -0.6439350 -0.0000000 -1.3560650
v -0.6925950 -0.0000000 -1.3885850
v -0.6439350 0.1000000 -1.3560650
v -0.6114150 0.1000000 -1.3074050
v -0.6114150 -0.0000000 -1.3074050
v -0.6439350 -0.0000000 -1.3560650
v -0.6114150 0.1000000 -1.3074050
v -0.6000000 0.1000000 -1.2500000
v -0.6000000 -0.0000000 -1.2500000
v -0.6114150 -0.0000000 -1.3074050
v -0.6114150 0.1000000 -1.1925950
v -0.6000000 0.1000000 -1.2500000
v -0.7500000 0.1000000 -1.2500000
v -0.6439350 0.1000000 -1.1439350
v -0.6114150 0.1000000 -1.1925950
v -0.7500000 0.1000000 -1.2500000
v -0.6925950 0.1000000 -1.1114150
v -0.6439350 0.1000000 -1.1439350
v -0.7500000 0.1000000 -1.2500000
v -0.7500000 0.1000000 -1.1000000
v -0.6925950 0.1000000 -1.1114150
v -0.7500000 0.1000000 -1.2500000
v -0.8074050 0.1000000 -1.1114150
v -0.7500000 0.1000000 -1.1000000
v -0.7500000 0.1000000 -1.2500000
v -0.8560650 0.1000000 -1.1439350
v -0.8074050 0.1000000 -1.1114150
v -0.7500000 0.1000000 -1.2500000
v -0.8885850 0.1000000 -1.1925950
v -0.8560650 0.1000000 -1.1439350
v -0.7500000 0.1000000 -1.2500000
v -0.9000000 0.1000000 -1.2500000
v -0.8885850 0.1000000 -1.1925950
v -0.7500000 0.1000000 -1.2500000
v -0.8885850 0.1000000 -1.3074050
v -0.9000000 0.1000000 -1.2500000
v -0.7500000 0.1000000 -1.2500000
v -0.8560650 0.1000000 -1.3560650
v -0.8885850 0.1000000 -1.3074050
v -0.7500000 0.1000000 -1.2500000
v -0.8074050 0.1000000 -1.3885850
v -0.8560650 0.1000000 -1.3560650
v -0.7500000 0.1000000 -1.2500000
v -0.7500000 0.1000000 -1.4000000
v -0.8074050 0.1000000 -1.3885850
v -0.7500000 0.1000000 -1.2500000
v -0.6925950 0.1000000 -1.3885850
v -0.7500000 0.1000000 -1.4000000
v -0.7500000 0.1000000 -1.2500000
v -0.6439350 0.1000000 -1.3560650
v -0.6925950 0.1000000 -1.3885850
v -0.7500000 0.1000000 -1.2500000
v -0.6114150 0.1000000 -1.3074050
v -0.6439350 0.1000000 -1.3560650
v -0.7500000 0.1000000 -1.2500000
v -0.6000000 0.1000000 -1.2500000
v -0.6114150 0.1000000 -1.3074050
v -0.7500000 0.1000000 -1.2500000
v -0.6000000 0.1000000 -0.7500000
v -0.6114150 0.1000000 -0.6925950
v -0.6114150 -0.0000000 -0.6925950
v -0.6000000 -0.0000000 -0.7500000
v -0.6114150 0.1000000 -0.6925950
v -0.6439350 0.1000000 -0.6439350
v -0.6439350 -0.0000000 -0.6439350
v -0.6114150 -0.0000000 -0.6925950
v -0.6439350 0.1000000 -0.6439350
v -0.6925950 0.1000000 -0.6114150
v -0.6925950 -0.0000000 -0.6114150
v -0.6439350 -0.0000000 -0.6439350
v -0.6925950 0.1000000 -0.6114150
v -0.7500000 0.1000000 -0.6000000
v -0.7500000 -0.0000000 -0.6000000
v -0.6925950 -0.0000000 -0.6114150
v -0.7500000 0.1000000 -0.6000000
v -0.8074050 0.1000000 -0.6114150
v -0.8074050 -0.0000000 -0.6114150
v -0.7500000 -0.0000000 -0.6000000
v -0.8074050 0.1000000 -0.6114150
v -0.8560650 0.1000000 -0.6439350
v -0.8560650 -0.0000000 -0.6439350
v -0.8074050 -0.0000000 -0.6114150
v -0.8560650 0.1000000 -0.6439350
v -0.8885850 0.1000000 -0.6925950
v -0.8885850 -0.0000000 -0.6925950
v -0.8560650 -0.0000000 -0.6439350
v -0.8885850 0.1000000 -0.6925950
v -0.9000000 0.1000000 -0.7500000
v -0.9000000 -0.0000000 -0.7500000
v -0.8885850 -0.0000000 -0.6925950
v -0.9000000 0.1000000 -0.7500000
v -0.8885850 0.1000000 -0.8074050
v -0.8885850 -0.0000000 -0.8074050
v -0.9000000 -0.0000000 -0.7500000
v -0.8885850 0.1000000 -0.8074050
v -0.8560650 0.1000000 -0.8560650
v -0.8560650 -0.0000000 -0.8560650
v -0.8885850 -0.0000000 -0.8074050
v -0.8560650 0.1000000 -0.8560650
v -0.8074050 0.1000000 -0.8885850
v -0.8074050 -0.0000000 -0.8885850
v -0.8560650 -0.0000000 -0.8560650
v -0.8074050 0.1000000 -0.8885850
v -0.7500000 0.1000000 -0.9000000
v -0.7500000 -0.0000000 -0.9000000
v -0.8074050 -0.0000000 -0.8885850
v -0.7500000 0.1000000 -0.9000000
v -0.6925950 0.1000000 -0.8885850
v -0.6925950 -0.0000000 -0.8885850
v -0.7500000 -0.0000000 -0.9000000
v -0.6925950 0.1000000 -0.8885850
v -0.6439350 0.1000000 -0.8560650
v -0.6439350 -0.0000000 -0.8560650
v -0.6925950 -0.0000000 -0.8885850
v -0.6439350 0.1000000 -0.8560650
v -0.6114150 0.1000000 -0.8074050
v -0.6114150 -0.0000000 -0.8074050
v -0.6439350 -0.0000000 -0.8560650
v -0.6114150 0.1000000 -0.8074050
v -0.6000000 0.1000000 -0.7500000
v -0.6000000 -0.0000000 -0.7500000
v -0.6114150 -0.0000000 -0.8074050
v -0.6114150 0.1000000 -0.6925950
v -0.6000000 0.1000000 -0.7500000
v -0.7500000 0.1000000 -0.7500000
v -0.6439350 0.1000000 -0.6439350
v -0.6114150 0.1000000 -0.6925950
v -0.7500000 0.1000000 -0.7500000
v -0.6925950 0.1000000 -0.6114150
v -0.6439350 0.1000000 -0.6439350
v -0.7500000 0.1000000 -0.7500000
v -0.7500000 0.1000000 -0.6000000
v -0.6925950 0.1000000 -0.6114150
v -0.7500000 0.1000000 -0.7500000
v -0.8074050 0.1000000 -0.6114150
v -0.7500000 0.1000000 -0.6000000
v -0.7500000 0.1000000 -0.7500000
v -0.8560650 0.1000000 -0.6439350
v -0.8074050 0.1000000 -0.6114150
v -0.7500000 0.1000000 -0.7500000
v -0.8885850 0.1000000 -0.6925950
v -0.8560650 0.1000000 -0.6439350
v -0.7500000 0.1000000 -0.7500000
v -0.9000000 0.1000000 -0.7500000
v -0.8885850 0.1000000 -0.6925950
v -0.7500000 0.1000000 -0.7500000
v -0.8885850 0.1000000 -0.8074050
v -0.9000000 0.1000000 -0.7500000
v -0.7500000 0.1000000 -0.7500000
v -0.8560650 0.1000000 -0.8560650
v -0.8885850 0.1000000 -0.8074050
v -0.7500000 0.1000000 -0.7500000
v -0.8074050 0.1000000 -0.8885850
v -0.8560650 0.1000000 -0.8560650
v -0.7500000 0.1000000 -0.7500000
v -0.7500000 0.1000000 -0.9000000
v -0.8074050 0.1000000 -0.8885850
v -0.7500000 0.1000000 -0.7500000
v -0.6925950 0.1000000 -0.8885850
v -0.7500000 0.1000000 -0.9000000
v -0.7500000 0.1000000 -0.7500000
v -0.6439350 0.1000000 -0.8560650
v -0.6925950 0.1000000 -0.8885850
v -0.7500000 0.1000000 -0.7500000
v -0.6114150 0.1000000 -0.8074050
v -0.6439350 0.1000000 -0.8560650
v -0.7500000 0.1000000 -0.7500000
v -0.6000000 0.1000000 -0.7500000
v -0.6114150 0.1000000 -0.8074050
v -0.7500000 0.1000000 -0.7500000
v -0.6000000 0.1000000 -0.2500000
v -0.6114150 0.1000000 -0.1925950
v -0.6114150 -0.0000000 -0.1925950
v -0.6000000 -0.0000000 -0.2500000
v -0.6114150 0.1000000 -0.1925950
v -0.6439350 0.1000000 -0.1439350
v -0.6439350 -0.0000000 -0.1439350
v -0.6114150 -0.0000000 -0.1925950
v -0.6439350 0.1000000 -0.1439350
v -0.6925950 0.1000000 -0.1114150
v -0.6925950 -0.0000000 -0.1114150
v -0.6439350 -0.0000000 -0.1439350
v -0.6925950 0.1000000 -0.1114150
v -0.7500000 0.1000000 -0.1000000
v -0.7500000 -0.0000000 -0.1000000
v -0.6925950 -0.0000000 -0.1114150
v -0.7500000 0.1000000 -0.1000000
v -0.8074050 0.1000000 -0.1114150
v -0.8074050 -0.0000000 -0.1114150
v -0.7500000 -0.0000000 -0.1000000
v -0.8074050 0.1000000 -0.1114150
v -0.8560650 0.1000000 -0.1439350
v -0.8560650 -0.0000000 -0.1439350
v -0.8074050 -0.0000000 -0.1114150
v -0.8560650 0.1000000 -0.1439350
v -0.8885850 0.1000000 -0.1925950
v -0.8885850 -0.0000000 -0.1925950
v -0.8560650 -0.0000000 -0.1439350
v -0.8885850 0.1000000 -0.1925950
v -0.9000000 0.1000000 -0.2500000
v -0.9000000 -0.0000000 -0.2500000
v -0.8885850 -0.0000000 -0.1925950
v -0.9000000 0.1000000 -0.2500000
v -0.8885850 0.1000000 -0.3074050
v -0.8885850 -0.0000000 -0.3074050
v -0.9000000 -0.0000000 -0.2500000
v -0.8885850 0.1000000 -0.3074050
v -0.8560650 0.1000000 -0.3560650
v -0.8560650 -0.0000000 -0.3560650
v -0.8885850 -0.0000000 -0.3074050
v -0.8560650 0.1000000 -0.3560650
v -0.8074050 0.1000000 -0.3885850
v -0.8074050 -0.0000000 -0.3885850
v -0.8560650 -0.0000000 -0.3560650
v -0.8074050 0.1000000 -0.3885850
v -0.7500000 0.1000000 -0.4000000
v -0.7500000 -0.0000000 -0.4000000
v -0.8074050 -0.0000000 -0.3885850
v -0.7500000 0.1000000 -0.4000000
v -0.6925950 0.1000000 -0.3885850
v -0.6925950 -0.0000000 -0.3885850
v -0.7500000 -0.0000000 -0.4000000
v -0.6925950 0.1000000 -0.3885850
v -0.6439350 0.1000000 -0.3560650
v -0.6439350 -0.0000000 -0.3560650
v -0.6925950 -0.0000000 -0.3885850
v -0.6439350 0.1000000 -0.3560650
v -0.6114150 0.1000000 -0.3074050
v -0.6114150 -0.0000000 -0.3074050
v -0.6439350 -0.0000000 -0.3560650
v -0.6114150 0.1000000 -0.3074050
v -0.6000000 0.1000000 -0.2500000
v -0.6000000 -0.0000000 -0.2500000
v -0.6114150 -0.0000000 -0.3074050
v -0.6114150 0.1000000 -0.1925950
v -0.6000000 0.1000000 -0.2500000
v -0.7500000 0.1000000 -0.2500000
v -0.6439350 0.1000000 -0.1439350
v -0.6114150 0.1000000 -0.1925950
v -0.7500000 0.1000000 -0.2500000
v -0.6925950 0.1000000 -0.1114150
v -0.6439350 0.1000000 -0.1439350
v -0.7500000 0.1000000 -0.2500000
v -0.7500000 0.1000000 -0.1000000
v -0.6925950 0.1000000 -0.1114150
v -0.7500000 0.1000000 -0.2500000
v -0.8074050 0.1000000 -0.1114150
v -0.7500000 0.1000000 -0.1000000
v -0.7500000 0.1000000 -0.2500000
v -0.8560650 0.1000000 -0.1439350
v -0.8074050 0.1000000 -0.1114150
v -0.7500000 0.1000000 -0.2500000
v -0.8885850 0.1000000 -0.1925950
v -0.8560650 0.1000000 -0.1439350
v -0.7500000 0.1000000 -0.2500000
v -0.9000000 0.1000000 -0.2500000
v -0.8885850 0.1000000 -0.1925950
v -0.7500000 0.1000000 -0.2500000
v -0.8885850 0.1000000 -0.3074050
v -0.9000000 0.1000000 -0.2500000
v -0.7500000 0.1000000 -0.2500000
v -0.8560650 0.1000000 -0.3560650
v -0.8885850 0.1000000 -0.3074050
v -0.7500000 0.1000000 -0.2500000
v -0.8074050 0.1000000 -0.3885850
v -0.8560650 0.1000000 -0.3560650
v -0.7500000 0.1000000 -0.2500000
v -0.7500000 0.1000000 -0.4000000
v -0.8074050 0.1000000 -0.3885850
v -0.7500000 0.1000000 -0.2500000
v -0.6925950 0.1000000 -0.3885850
v -0.7500000 0.1000000 -0.4000000
v -0.7500000 0.1000000 -0.2500000
v -0.6439350 0.1000000 -0.3560650
v -0.6925950 0.1000000 -0.3885850
v -0.7500000 0.1000000 -0.2500000
v -0.6114150 0.1000000 -0.3074050
v -0.6439350 0.1000000 -0.3560650
v -0.7500000 0.1000000 -0.2500000
v -0.6000000 0.1000000 -0.2500000
v -0.6114150 0.1000000 -0.3074050
v -0.7500000 0.1000000 -0.2500000
v -0.1000000 0.1000000 -1.2500000
v -0.1114150 0.1000000 -1.1925950
v -0.1114150 -0.0000000 -1.1925950
v -0.1000000 -0.0000000 -1.2500000
v -0.1114150 0.1000000 -1.1925950
v -0.1439350 0.1000000 -1.1439350
v -0.1439350 -0.0000000 -1.1439350
v -0.1114150 -0.0000000 -1.1925950
v -0.1439350 0.1000000 -1.1439350
v -0.1925950 0.1000000 -1.1114150
v -0.1925950 -0.0000000 -1.1114150
v -0.1439350 -0.0000000 -1.1439350
v -0.1925950 0.1000000 -1.1114150
v -0.2500000 0.1000000 -1.1000000
v -0.2500000 -0.0000000 -1.1000000
v -0.1925950 -0.0000000 -1.1114150
v -0.2500000 0.1000000 -1.1000000
v -0.3074050 0.1000000 -1.1114150
v -0.3074050 -0.0000000 -1.1114150
v -0.2500000 -0.0000000 -1.1000000
v -0.3074050 0.1000000 -1.1114150
v -0.3560650 0.1000000 -1.1439350
v -0.3560650 -0.0000000 -1.1439350
v -0.3074050 -0.0000000 -1.1114150
v -0.3560650 0.1000000 -1.1439350
v -0.3885850 0.1000000 -1.1925950
v -0.3885850 -0.0000000 -1.1925950
v -0.3560650 -0.0000000 -1.1439350
v -0.3885850 0.1000000 -1.1925950
v -0.4000000 0.1000000 -1.2500000
v -0.4000000 -0.0000000 -1.2500000
v -0.3885850 -0.0000000 -1.1925950
v -0.4000000 0.1000000 -1.2500000
v -0.3885850 0.1000000 -1.3074050
v -0.3885850 -0.0000000 -1.3074050
v -0.4000000 -0.0000000 -1.2500000
v -0.3885850 0.1000000 -1.3074050
v -0.3560650 0.1000000 -1.3560650
v -0.3560650 -0.0000000 -1.3560650
v -0.3885850 -0.0000000 -1.3074050
v -0.3560650 0.1000000 -1.3560650
v -0.3074050 0.1000000 -1.3885850
v -0.3074050 -0.0000000 -1.3885850
v -0.3560650 -0.0000000 -1.3560650
v -0.3074050 0.1000000 -1.3885850
v -0.2500000 0.1000000 -1.4000000
v -0.2500000 -0.0000000 -1.4000000
v -0.3074050 -0.0000000 -1.3885850
v -0.2500000 0.1000000 -1.4000000
v -0.1925950 0.1000000 -1.3885850
v -0.1925950 -0.0000000 -1.3885850
v -0.2500000 -0.0000000 -1.4000000
v -0.1925950 0.1000000 -1.3885850
v -0.1439350 0.1000000 -1.3560650
v -0.1439350 -0.0000000 -1.3560650
v -0.1925950 -0.0000000 -1.3885850
v -0.1439350 0.1000000 -1.3560650
v -0.1114150 0.1000000 -1.3074050
v -0.1114150 -0.0000000 -1.3074050
v -0.1439350 -0.0000000 -1.3560650
v -0.1114150 0.1000000 -1.3074050
v -0.1000000 0.1000000 -1.2500000
v -0.1000000 -0.0000000 -1.2500000
v -0.1114150 -0.0000000 -1.3074050
v -0.1114150 0.1000000 -1.1925950
v -0.1000000 0.1000000 -1.2500000
v -0.2500000 0.1000000 -1.2500000
v -0.1439350 0.1000000 -1.1439350
v -0.1114150 0.1000000 -1.1925950
v -0.2500000 0.1000000 -1.2500000
v -0.1925950 0.1000000 -1.1114150
v -0.1439350 0.1000000 -1.1439350
v -0.2500000 0.1000000 -1.2500000
v -0.2500000 0.1000000 -1.1000000
v -0.1925950 0.1000000 -1.1114150
v -0.2500000 0.1000000 -1.2500000
v -0.3074050 0.1000000 -1.1114150
v -0.2500000 0.1000000 -1.1000000
v -0.2500000 0.1000000 -1.2500000
v -0.3560650 0.1000000 -1.1439350
v -0.3074050 0.1000000 -1.1114150
v -0.2500000 0.1000000 -1.2500000
v -0.3885850 0.1000000 -1.1925950
v -0.3560650 0.1000000 -1.1439350
v -0.2500000 0.1000000 -1.2500000
v -0.4000000 0.1000000 -1.2500000
v -0.3885850 0.1000000 -1.1925950
v -0.2500000 0.1000000 -1.2500000
v -0.3885850 0.1000000 -1.3074050
v -0.4000000 0.1000000 -1.2500000
v -0.2500000 0.1000000 -1.2500000
v -0.3560650 0.1000000 -1.3560650
v -0.3885850 0.1000000 -1.3074050
v -0.2500000 0.1000000 -1.2500000
v -0.3074050 0.1000000 -1.3885850
v -0.3560650 0.1000000 -1.3560650
v -0.2500000 0.1000000 -1.2500000
v -0.2500000 0.1000000 -1.4000000
v -0.3074050 0.1000000 -1.3885850
v -0.2500000 0.1000000 -1.2500000
v -0.1925950 0.1000000 -1.3885850
v -0.2500000 0.1000000 -1.4000000
v -0.2500000 0.1000000 -1.2500000
v -0.1439350 0.1000000 -1.3560650
v -0.1925950 0.1000000 -1.3885850
v -0.2500000 0.1000000 -1.2500000
v -0.1114150 0.1000000 -1.3074050
v -0.1439350 0.1000000 -1.3560650
v -0.2500000 0.1000000 -1.2500000
v -0.1000000 0.1000000 -1.2500000
v -0.1114150 0.1000000 -1.3074050
v -0.2500000 0.1000000 -1.2500000
v -0.1000000 0.1000000 -0.7500000
v -0.1114150 0.1000000 -0.6925950
v -0.1114150 -0.0000000 -0.6925950
v -0.1000000 -0.0000000 -0.7500000
v -0.1114150 0.1000000 -0.6925950
v -0.1439350 0.1000000 -0.6439350
v -0.1439350 -0.0000000 -0.6439350
v -0.1114150 -0.0000000 -0.6925950
v -0.1439350 0.1000000 -0.6439350
v -0.1925950 0.1000000 -0.6114150
v -0.1925950 -0.0000000 -0.6114150
v -0.1439350 -0.0000000 -0.6439350
v -0.1925950 0.1000000 -0.6114150
v -0.2500000 0.1000000 -0.6000000
v -0.2500000 -0.0000000 -0.6000000
v -0.1925950 -0.0000000 -0.6114150
v -0.2500000 0.1000000 -0.6000000
v -0.3074050 0.1000000 -0.6114150
v -0.3074050 -0.0000000 -0.6114150
v -0.2500000 -0.0000000 -0.6000000
v -0.3074050 0.1000000 -0.6114150
v -0.3560650 0.1000000 -0.6439350
v -0.3560650 -0.0000000 -0.6439350
v -0.3074050 -0.0000000 -0.6114150
v -0.3560650 0.1000000 -0.6439350
v -0.3885850 0.1000000 -0.6925950
v -0.3885850 -0.0000000 -0.6925950
v -0.3560650 -0.0000000 -0.6439350
v -0.3885850 0.1000000 -0.6925950
v -0.4000000 0.1000000 -0.7500000
v -0.4000000 -0.0000000 -0.7500000
v -0.3885850 -0.0000000 -0.6925950
v -0.4000000 0.1000000 -0.7500000
v -0.3885850 0.1000000 -0.8074050
v -0.3885850 -0.0000000 -0.8074050
v -0.4000000 -0.0000000 -0.7500000
v -0.3885850 0.1000000 -0.8074050
v -0.3560650 0.1000000 -0.8560650
v -0.3560650 -0.0000000 -0.8560650
v -0.3885850 -0.0000000 -0.8074050
v -0.3560650 0.1000000 -0.8560650
v -0.3074050 0.1000000 -0.8885850
v -0.3074050 -0.0000000 -0.8885850
v -0.3560650 -0.0000000 -0.8560650
v -0.3074050 0.1000000 -0.8885850
v -0.2500000 0.1000000 -0.9000000
v -0.2500000 -0.0000000 -0.9000000
v -0.3074050 -0.0000000 -0.8885850
v -0.2500000 0.1000000 -0.9000000
v -0.1925950 0.1000000 -0.8885850
v -0.1925950 -0.0000000 -0.8885850
v -0.2500000 -0.0000000 -0.9000000
v -0.1925950 0.1000000 -0.8885850
v -0.1439350 0.1000000 -0.8560650
v -0.1439350 -0.0000000 -0.8560650
v -0.1925950 -0.0000000 -0.8885850
v -0.1439350 0.1000000 -0.8560650
v -0.1114150 0.1000000 -0.8074050
v -0.1114150 -0.0000000 -0.8074050
v -0.1439350 -0.0000000 -0.8560650
v -0.1114150 0.1000000 -0.8074050
v -0.1000000 0.1000000 -0.7500000
v -0.1000000 -0.0000000 -0.7500000
v -0.1114150 -0.0000000 -0.8074050
v -0.1114150 0.1000000 -0.6925950
v -0.1000000 0.1000000 -0.7500000
v -0.2500000 0.1000000 -0.7500000
v -0.1439350 0.1000000 -0.6439350
v -0.1114150 0.1000000 -0.6925950
v -0.2500000 0.1000000 -0.7500000
v -0.1925950 0.1000000 -0.6114150
v -0.1439350 0.1000000 -0.6439350
v -0.2500000 0.1000000 -0.7500000
v -0.2500000 0.1000000 -0.6000000
v -0.1925950 0.1000000 -0.6114150
v -0.2500000 0.1000000 -0.7500000
v -0.3074050 0.1000000 -0.6114150
v -0.2500000 0.1000000 -0.6000000
v -0.2500000 0.1000000 -0.7500000
v -0.3560650 0.1000000 -0.6439350
v -0.3074050 0.1000000 -0.6114150
v -0.2500000 0.1000000 -0.7500000
v -0.3885850 0.1000000 -0.6925950
v -0.3560650 0.1000000 -0.6439350
v -0.2500000 0.1000000 -0.7500000
v -0.4000000 0.1000000 -0.7500000
v -0.3885850 0.1000000 -0.6925950
v -0.2500000 0.1000000 -0.7500000
v -0.3885850 0.1000000 -0.8074050
v -0.4000000 0.1000000 -0.7500000
v -0.2500000 0.1000000 -0.7500000
v -0.3560650 0.1000000 -0.8560650
v -0.3885850 0.1000000 -0.8074050
v -0.2500000 0.1000000 -0.7500000
v -0.3074050 0.1000000 -0.8885850
v -0.3560650 0.1000000 -0.8560650
v -0.2500000 0.1000000 -0.7500000
v -0.2500000 0.1000000 -0.9000000
v -0.3074050 0.1000000 -0.8885850
v -0.2500000 0.1000000 -0.7500000
v -0.1925950 0.1000000 -0.8885850
v -0.2500000 0.1000000 -0.9000000
v -0.2500000 0.1000000 -0.7500000
v -0.1439350 0.1000000 -0.8560650
v -0.1925950 0.1000000 -0.8885850
v -0.2500000 0.1000000 -0.7500000
v -0.1114150 0.1000000 -0.8074050
v -0.1439350 0.1000000 -0.8560650
v -0.2500000 0.1000000 -0.7500000
v -0.1000000 0.1000000 -0.7500000
v -0.1114150 0.1000000 -0.8074050
v -0.2500000 0.1000000 -0.7500000
v -0.1000000 0.1000000 -0.2500000
v -0.1114150 0.1000000 -0.1925950
v -0.1114150 -0.0000000 -0.1925950
v -0.1000000 -0.0000000 -0.2500000
v -0.1114150 0.1000000 -0.1925950
v -0.1439350 0.1000000 -0.1439350
v -0.1439350 -0.0000000 -0.1439350
v -0.1114150 -0.0000000 -0.1925950
v -0.1439350 0.1000000 -0.1439350
v -0.1925950 0.1000000 -0.1114150
v -0.1925950 -0.0000000 -0.1114150
v -0.1439350 -0.0000000 -0.1439350
v -0.1925950 0.1000000 -0.1114150
v -0.2500000 0.1000000 -0.1000000
v -0.2500000 -0.0000000 -0.1000000
v -0.1925950 -0.0000000 -0.1114150
v -0.2500000 0.1000000 -0.1000000
v -0.3074050 0.1000000 -0.1114150
v -0.3074050 -0.0000000 -0.1114150
v -0.2500000 -0.0000000 -0.1000000
v -0.3074050 0.1000000 -0.1114150
v -0.3560650 0.1000000 -0.1439350
v -0.3560650 -0.0000000 -0.1439350
v -0.3074050 -0.0000000 -0.1114150
v -0.3560650 0.1000000 -0.1439350
v -0.3885850 0.1000000 -0.1925950
v -0.3885850 -0.0000000 -0.1925950
v -0.3560650 -0.0000000 -0.1439350
v -0.3885850 0.1000000 -0.1925950
v -0.4000000 0.1000000 -0.2500000
v -0.4000000 -0.0000000 -0.2500000
v -0.3885850 -0.0000000 -0.1925950
v -0.4000000 0.1000000 -0.2500000
v -0.3885850 0.1000000 -0.3074050
v -0.3885850 -0.0000000 -0.3074050
v -0.4000000 -0.0000000 -0.2500000
v -0.3885850 0.1000000 -0.3074050
v -0.3560650 0.1000000 -0.3560650
v -0.3560650 -0.0000000 -0.3560650
v -0.3885850 -0.0000000 -0.3074050
v -0.3560650 0.1000000 -0.3560650
v -0.3074050 0.1000000 -0.3885850
v -0.3074050 -0.0000000 -0.3885850
v -0.3560650 -0.0000000 -0.3560650
v -0.3074050 0.1000000 -0.3885850
v -0.2500000 0.1000000 -0.4000000
v -0.2500000 -0.0000000 -0.4000000
v -0.3074050 -0.0000000 -0.3885850
v -0.2500000 0.1000000 -0.4000000
v -0.1925950 0.1000000 -0.3885850
v -0.1925950 -0.0000000 -0.3885850
v -0.2500000 -0.0000000 -0.4000000
v -0.1925950 0.1000000 -0.3885850
v -0.1439350 0.1000000 -0.3560650
v -0.1439350 -0.0000000 -0.3560650
v -0.1925950 -0.0000000 -0.3885850
v -0.1439350 0.1000000 -0.3560650
v -0.1114150 0.1000000 -0.3074050
v -0.1114150 -0.0000000 -0.3074050
v -0.1439350 -0.0000000 -0.3560650
v -0.1114150 0.1000000 -0.3074050
v -0.1000000 0.1000000 -0.2500000
v -0.1000000 -0.0000000 -0.2500000
v -0.1114150 -0.0000000 -0.3074050
v -0.1114150 0.1000000 -0.1925950
v -0.1000000 0.1000000 -0.2500000
v -0.2500000 0.1000000 -0.2500000
v -0.1439350 0.1000000 -0.1439350
v -0.1114150 0.1000000 -0.1925950
v -0.2500000 0.1000000 -0.2500000
v -0.1925950 0.1000000 -0.1114150
v -0.1439350 0.1000000 -0.1439350
v -0.2500000 0.1000000 -0.2500000
v -0.2500000 0.1000000 -0.1000000
v -0.1925950 0.1000000 -0.1114150
v -0.2500000 0.1000000 -0.2500000
v -0.3074050 0.1000000 -0.1114150
v -0.2500000 0.1000000 -0.1000000
v -0.2500000 0.1000000 -0.2500000
v -0.3560650 0.1000000 -0.1439350
v -0.3074050 0.1000000 -0.1114150
v -0.2500000 0.1000000 -0.2500000
v -0.3885850 0.1000000 -0.1925950
v -0.3560650 0.1000000 -0.1439350
v -0.2500000 0.1000000 -0.2500000
v -0.4000000 0.1000000 -0.2500000
v -0.3885850 0.1000000 -0.1925950
v -0.2500000 0.1000000 -0.2500000
v -0.3885850 0.1000000 -0.3074050
v -0.4000000 0.1000000 -0.2500000
v -0.2500000 0.1000000 -0.2500000
v -0.3560650 0.1000000 -0.3560650
v -0.3885850 0.1000000 -0.3074050
v -0.2500000 0.1000000 -0.2500000
v -0.3074050 0.1000000 -0.3885850
v -0.3560650 0.1000000 -0.3560650
v -0.2500000 0.1000000 -0.2500000
v -0.2500000 0.1000000 -0.4000000
v -0.3074050 0.1000000 -0.3885850
v -0.2500000 0.1000000 -0.2500000
v -0.1925950 0.1000000 -0.3885850
v -0.2500000 0.1000000 -0.4000000
v -0.2500000 0.1000000 -0.2500000
v -0.1439350 0.1000000 -0.3560650
v -0.1925950 0.1000000 -0.3885850
v -0.2500000 0.1000000 -0.2500000
v -0.1114150 0.1000000 -0.3074050
v -0.1439350 0.1000000 -0.3560650
v -0.2500000 0.1000000 -0.2500000
v -0.1000000 0.1000000 -0.2500000
v -0.1114150 0.1000000 -0.3074050
v -0.2500000 0.1000000 -0.2500000
v -1.1000000 0.1000000 0.2500000
v -1.1114150 0.1000000 0.3074050
v -1.1114150 -0.0000000 0.3074050
v -1.1000000 -0.0000000 0.2500000
v -1.1114150 0.1000000 0.3074050
v -1.1439350 0.1000000 0.3560650
v -1.1439350 -0.0000000 0.3560650
v -1.1114150 -0.0000000 0.3074050
v -1.1439350 0.1000000 0.3560650
v -1.1925950 0.1000000 0.3885850
v -1.1925950 -0.0000000 0.3885850
v -1.1439350 -0.0000000 0.3560650
v -1.1925950 0.1000000 0.3885850
v -1.2500000 0.1000000 0.4000000
v -1.2500000 -0.0000000 0.4000000
v -1.1925950 -0.0000000 0.3885850
v -1.2500000 0.1000000 0.4000000
v -1.3074050 0.1000000 0.3885850
v -1.3074050 -0.0000000 0.3885850
v -1.2500000 -0.0000000 0.4000000
v -1.3074050 0.1000000 0.3885850
v -1.3560650 0.1000000 0.3560650
v -1.3560650 -0.0000000 0.3560650
v -1.3074050 -0.0000000 0.3885850
v -1.3560650 0.1000000 0.3560650
v -1.3885850 0.1000000 0.3074050
v -1.3885850 -0.0000000 0.3074050
v -1.3560650 -0.0000000 0.3560650
v -1.3885850 0.1000000 0.3074050
v -1.4000000 0.1000000 0.2500000
v -1.4000000 -0.0000000 0.2500000
v -1.3885850 -0.0000000 0.3074050
v -1.4000000 0.1000000 0.2500000
v -1.3885850 0.1000000 0.1925950
v -1.3885850 -0.0000000 0.1925950
v -1.4000000 -0.0000000 0.2500000
v -1.3885850 0.1000000 0.1925950
v -1.3560650 0.1000000 0.1439350
v -1.3560650 -0.0000000 0.1439350
v -1.3885850 -0.0000000 0.1925950
v -1.3560650 0.1000000 0.1439350
v -1.3074050 0.1000000 0.1114150
v -1.3074050 -0.0000000 0.1114150
v -1.3560650 -0.0000000 0.1439350
v -1.3074050 0.1000000 0.1114150
v -1.2500000 0.1000000 0.1000000
v -1.2500000 -0.0000000 0.1000000
v -1.3074050 -0.0000000 0.1114150
v -1.2500000 0.1000000 0.1000000
v -1.1925950 0.1000000 0.1114150
v -1.1925950 -0.0000000 0.1114150
v -1.2500000 -0.0000000 0.1000000
v -1.1925950 0.1000000 0.1114150
v -1.1439350 0.1000000 0.1439350
v -1.1439350 -0.0000000 0.1439350
v -1.1925950 -0.0000000 0.1114150
v -1.1439350 0.1000000 0.1439350
v -1.1114150 0.1000000 0.1925950
v -1.1114150 -0.0000000 0.1925950
v -1.1439350 -0.0000000 0.1439350
v -1.1114150 0.1000000 0.1925950
v -1.1000000 0.1000000 0.2500000
v -1.1000000 -0.0000000 0.2500000
v -1.1114150 -0.0000000 0.1925950
v -1.1114150 0.1000000 0.3074050
v -1.1000000 0.1000000 0.2500000
v -1.2500000 0.1000000 0.2500000
v -1.1439350 0.1000000 0.3560650
v -1.1114150 0.1000000 0.3074050
v -1.2500000 0.1000000 0.2500000
v -1.1925950 0.1000000 0.3885850
v -1.1439350 0.1000000 0.3560650
v -1.2500000 0.1000000 0.2500000
v -1.2500000 0.1000000 0.4000000
v -1.1925950 0.1000000 0.3885850
v -1.2500000 0.1000000 0.2500000
v -1.3074050 0.1000000 0.3885850
v -1.2500000 0.1000000 0.4000000
v -1.2500000 0.1000000 0.2500000
v -1.3560650 0.1000000 0.3560650
v -1.3074050 0.1000000 0.3885850
v -1.2500000 0.1000000 0.2500000
v -1.3885850 0.1000000 0.3074050
v -1.3560650 0.1000000 0.3560650
v -1.2500000 0.1000000 0.2500000
v -1.4000000 0.1000000 0.2500000
v -1.3885850 0.1000000 0.3074050
v -1.2500000 0.1000000 0.2500000
v -1.3885850 0.1000000 0.1925950
v -1.4000000 0.1000000 0.2500000
v -1.2500000 0.1000000 0.2500000
v -1.3560650 0.1000000 0.1439350
v -1.3885850 0.1000000 0.1925950
v -1.2500000 0.1000000 0.2500000
v -1.3074050 0.1000000 0.1114150
v -1.3560650 0.1000000 0.1439350
v -1.2500000 0.1000000 0.2500000
v -1.2500000 0.1000000 0.1000000
v -1.3074050 0.1000000 0.1114150
v -1.2500000 0.1000000 0.2500000
v -1.1925950 0.1000000 0.1114150
v -1.2500000 0.1000000 0.1000000
v -1.2500000 0.1000000 0.2500000
v -1.1439350 0.1000000 0.1439350
v -1.1925950 0.1000000 0.1114150
v -1.2500000 0.1000000 0.2500000
v -1.1114150 0.1000000 0.1925950
v -1.1439350 0.1000000 0.1439350
v -1.2500000 0.1000000 0.2500000
v -1.1000000 0.1000000 0.2500000
v -1.1114150 0.1000000 0.1925950
v -1.2500000 0.1000000 0.2500000
v -1.1000000 0.1000000 0.7500000
v -1.1114150 0.1000000 0.8074050
v -1.1114150 -0.0000000 0.8074050
v -1.1000000 -0.0000000 0.7500000
v -1.1114150 0.1000000 0.8074050
v -1.1439350 0.1000000 0.8560650
v -1.1439350 -0.0000000 0.8560650
v -1.1114150 -0.0000000 0.8074050
v -1.1439350 0.1000000 0.8560650
v -1.1925950 0.1000000 0.8885850
v -1.1925950 -0.0000000 0.8885850
v -1.1439350 -0.0000000 0.8560650
v -1.1925950 0.1000000 0.8885850
v -1.2500000 0.1000000 0.9000000
v -1.2500000 -0.0000000 0.9000000
v -1.1925950 -0.0000000 0.8885850
v -1.2500000 0.1000000 0.9000000
v -1.3074050 0.1000000 0.8885850
v -1.3074050 -0.0000000 0.8885850
v -1.2500000 -0.0000000 0.9000000
v -1.3074050 0.1000000 0.8885850
v -1.3560650 0.1000000 0.8560650
v -1.3560650 -0.0000000 0.8560650
v -1.3074050 -0.0000000 0.8885850
v -1.3560650 0.1000000 0.8560650
v -1.3885850 0.1000000 0.8074050
v -1.3885850 -0.0000000 0.8074050
v -1.3560650 -0.0000000 0.8560650
v -1.3885850 0.1000000 0.8074050
v -1.4000000 0.1000000 0.7500000
v -1.4000000 -0.0000000 0.7500000
v -1.3885850 -0.0000000 0.8074050
v -1.4000000 0.1000000 0.7500000
v -1.3885850 0.1000000 0.6925950
v -1.3885850 -0.0000000 0.6925950
v -1.4000000 -0.0000000 0.7500000
v -1.3885850 0.1000000 0.6925950
v -1.3560650 0.1000000 0.6439350
v -1.3560650 -0.0000000 0.6439350
v -1.3885850 -0.0000000 0.6925950
v -1.3560650 0.1000000 0.6439350
v -1.3074050 0.1000000 0.6114150
v -1.3074050 -0.0000000 0.6114150
v -1.3560650 -0.0000000 0.6439350
v -1.3074050 0.1000000 0.6114150
v -1.2500000 0.1000000 0.6000000
v -1.2500000 -0.0000000 0.6000000
v -1.3074050 -0.0000000 0.6114150
v -1.2500000 0.1000000 0.6000000
v -1.1925950 0.1000000 0.6114150
v -1.1925950 -0.0000000 0.6114150
v -1.2500000 -0.0000000 0.6000000
v -1.1925950 0.1000000 0.6114150
v -1.1439350 0.1000000 0.6439350
v -1.1439350 -0.0000000 0.6439350
v -1.1925950 -0.0000000 0.6114150
v -1.1439350 0.1000000 0.6439350
v -1.1114150 0.1000000 0.6925950
v -1.1114150 -0.0000000 0.6925950
v -1.1439350 -0.0000000 0.6439350
v -1.1114150 0.1000000 0.6925950
v -1.1000000 0.1000000 0.7500000
v -1.1000000 -0.0000000 0.7500000
v -1.1114150 -0.0000000 0.6925950
v -1.1114150 0.1000000 0.8074050
v -1.1000000 0.1000000 0.7500000
v -1.2500000 0.1000000 0.7500000
v -1.1439350 0.1000000 0.8560650
v -1.1114150 0.1000000 0.8074050
v -1.2500000 0.1000000 0.7500000
v -1.1925950 0.1000000 0.8885850
v -1.1439350 0.1000000 0.8560650
v -1.2500000 0.1000000 0.7500000
v -1.2500000 0.1000000 0.9000000
v -1.1925950 0.1000000 0.8885850
v -1.2500000 0.1000000 0.7500000
v -1.3074050 0.1000000 0.8885850
v -1.2500000 0.1000000 0.9000000
v -1.2500000 0.1000000 0.7500000
v -1.3560650 0.1000000 0.8560650
v -1.3074050 0.1000000 0.8885850
v -1.2500000 0.1000000 0.7500000
v -1.3885850 0.1000000 0.8074050
v -1.3560650 0.1000000 0.8560650
v -1.2500000 0.1000000 0.7500000
v -1.4000000 0.1000000 0.7500000
v -1.3885850 0.1000000 0.8074050
v -1.2500000 0.1000000 0.7500000
v -1.3885850 0.1000000 0.6925950
v -1.4000000 0.1000000 0.7500000
v -1.2500000 0.1000000 0.7500000
v -1.3560650 0.1000000 0.6439350
v -1.3885850 0.1000000 0.6925950
v -1.2500000 0.1000000 0.7500000
v -1.3074050 0.1000000 0.6114150
v -1.3560650 0.1000000 0.6439350
v -1.2500000 0.1000000 0.7500000
v -1.2500000 0.1000000 0.6000000
v -1.3074050 0.1000000 0.6114150
v -1.2500000 0.1000000 0.7500000
v -1.1925950 0.1000000 0.6114150
v -1.2500000 0.1000000 0.6000000
v -1.2500000 0.1000000 0.7500000
v -1.1439350 0.1000000 0.6439350
v -1.1925950 0.1000000 0.6114150
v -1.2500000 0.1000000 0.7500000
v -1.1114150 0.1000000 0.6925950
v -1.1439350 0.1000000 0.6439350
v -1.2500000 0.1000000 0.7500000
v -1.1000000 0.1000000 0.7500000
v -1.1114150 0.1000000 0.6925950
v -1.2500000 0.1000000 0.7500000
v -1.1000000 0.1000000 1.2500000
v -1.1114150 0.1000000 1.3074050
v -1.1114150 -0.0000000 1.3074050
v -1.1000000 -0.0000000 1.2500000
v -1.1114150 0.1000000 1.3074050
v -1.1439350 0.1000000 1.3560650
v -1.1439350 -0.0000000 1.3560650
v -1.1114150 -0.0000000 1.3074050
v -1.1439350 0.1000000 1.3560650
v -1.1925950 0.1000000 1.3885850
v -1.1925950 -0.0000000 1.3885850
v -1.1439350 -0.0000000 1.3560650
v -1.1925950 0.1000000 1.3885850
v -1.2500000 0.1000000 1.4000000
v -1.2500000 -0.0000000 1.4000000
v -1.1925950 -0.0000000 1.3885850
v -1.2500000 0.1000000 1.4000000
v -1.3074050 0.1000000 1.3885850
v -1.3074050 -0.0000000 1.3885850
v -1.2500000 -0.0000000 1.4000000
v -1.3074050 0.1000000 1.3885850
v -1.3560650 0.1000000 1.3560650
v -1.3560650 -0.0000000 1.3560650
v -1.3074050 -0.0000000 1.3885850
v -1.3560650 0.1000000 1.3560650
v -1.3885850 0.1000000 1.3074050
v -1.3885850 -0.0000000 1.3074050
v -1.3560650 -0.0000000 1.3560650
v -1.3885850 0.1000000 1.3074050
v -1.4000000 0.1000000 1.2500000
v -1.4000000 -0.0000000 1.2500000
v -1.3885850 -0.0000000 1.3074050
v -1.4000000 0.1000000 1.2500000
v -1.3885850 0.1000000 1.1925950
v -1.3885850 -0.0000000 1.1925950
v -1.4000000 -0.0000000 1.2500000
v -1.3885850 0.1000000 1.1925950
v -1.3560650 0.1000000 1.1439350
v -1.3560650 -0.0000000 1.1439350
v -1.3885850 -0.0000000 1.1925950
v -1.3560650 0.1000000 1.1439350
v -1.3074050 0.1000000 1.1114150
v -1.3074050 -0.0000000 1.1114150
v -1.3560650 -0.0000000 1.1439350
v -1.3074050 0.1000000 1.1114150
v -1.2500000 0.1000000 1.1000000
v -1.2500000 -0.0000000 1.1000000
v -1.3074050 -0.0000000 1.1114150
v -1.2500000 0.1000000 1.1000000
v -1.1925950 0.1000000 1.1114150
v -1.1925950 -0.0000000 1.1114150
v -1.2500000 -0.0000000 1.1000000
v -1.1925950 0.1000000 1.1114150
v -1.1439350 0.1000000 1.1439350
v -1.1439350 -0.0000000 1.1439350
v -1.1925950 -0.0000000 1.1114150
v -1.1439350 0.1000000 1.1439350
v -1.1114150 0.1000000 1.1925950
v -1.1114150 -0.0000000 1.1925950
v -1.1439350 -0.0000000 1.1439350
v -1.1114150 0.1000000 1.1925950
v -1.1000000 0.1000000 1.2500000
v -1.1000000 -0.0000000 1.2500000
v -1.1114150 -0.0000000 1.1925950
v -1.1114150 0.1000000 1.3074050
v -1.1000000 0.1000000 1.2500000
v -1.2500000 0.1000000 1.2500000
v -1.1439350 0.1000000 1.3560650
v -1.1114150 0.1000000 1.3074050
v -1.2500000 0.1000000 1.2500000
v -1.1925950 0.1000000 1.3885850
v -1.1439350 0.1000000 1.3560650
v -1.2500000 0.1000000 1.2500000
v -1.2500000 0.1000000 1.4000000
v -1.1925950 0.1000000 1.3885850
v -1.2500000 0.1000000 1.2500000
v -1.3074050 0.1000000 1.3885850
v -1.2500000 0.1000000 1.4000000
v -1.2500000 0.1000000 1.2500000
v -1.3560650 0.1000000 1.3560650
v -1.3074050 0.1000000 1.3885850
v -1.2500000 0.1000000 1.2500000
v -1.3885850 0.1000000 1.3074050
v -1.3560650 0.1000000 1.3560650
v -1.2500000 0.1000000 1.2500000
v -1.4000000 0.1000000 1.2500000
v -1.3885850 0.1000000 1.3074050
v -1.2500000 0.1000000 1.2500000
v -1.3885850 0.1000000 1.1925950
v -1.4000000 0.1000000 1.2500000
v -1.2500000 0.1000000 1.2500000
v -1.3560650 0.1000000 1.1439350
v -1.3885850 0.1000000 1.1925950
v -1.2500000 0.1000000 1.2500000
v -1.3074050 0.1000000 1.1114150
v -1.3560650 0.1000000 1.1439350
v -1.2500000 0.1000000 1.2500000
v -1.2500000 0.1000000 1.1000000
v -1.3074050 0.1000000 1.1114150
v -1.2500000 0.1000000 1.2500000
v -1.1925950 0.1000000 1.1114150
v -1.2500000 0.1000000 1.1000000
v -1.2500000 0.1000000 1.2500000
v -1.1439350 0.1000000 1.1439350
v -1.1925950 0.1000000 1.1114150
v -1.2500000 0.1000000 1.2500000
v -1.1114150 0.1000000 1.1925950
v -1.1439350 0.1000000 1.1439350
v -1.2500000 0.1000000 1.2500000
v -1.1000000 0.1000000 1.2500000
v -1.1114150 0.1000000 1.1925950
v -1.2500000 0.1000000 1.2500000
v -0.6000000 0.1000000 0.2500000
v -0.6114150 0.1000000 0.3074050
v -0.6114150 -0.0000000 0.3074050
v -0.6000000 -0.0000000 0.2500000
v -0.6114150 0.1000000 0.3074050
v -0.6439350 0.1000000 0.3560650
v -0.6439350 -0.0000000 0.3560650
v -0.6114150 -0.0000000 0.3074050
v -0.6439350 0.1000000 0.3560650
v -0.6925950 0.1000000 0.3885850
v -0.6925950 -0.0000000 0.3885850
v -0.6439350 -0.0000000 0.3560650
v -0.6925950 0.1000000 0.3885850
v -0.7500000 0.1000000 0.4000000
v -0.7500000 -0.0000000 0.4000000
v -0.6925950 -0.0000000 0.3885850
v -0.7500000 0.1000000 0.4000000
v -0.8074050 0.1000000 0.3885850
v -0.8074050 -0.0000000 0.3885850
v -0.7500000 -0.0000000 0.4000000
v -0.8074050 0.1000000 0.3885850
v -0.8560650 0.1000000 0.3560650
v -0.8560650 -0.0000000 0.3560650
v -0.8074050 -0.0000000 0.3885850
v -0.8560650 0.1000000 0.3560650
v -0.8885850 0.1000000 0.3074050
v -0.8885850 -0.0000000 0.3074050
v -0.8560650 -0.0000000 0.3560650
v -0.8885850 0.1000000 0.3074050
v -0.9000000 0.1000000 0.2500000
v -0.9000000 -0.0000000 0.2500000
v -0.8885850 -0.0000000 0.3074050
v -0.9000000 0.1000000 0.2500000
v -0.8885850 0.1000000 0.1925950
v -0.8885850 -0.0000000 0.1925950
v -0.9000000 -0.0000000 0.2500000
v -0.8885850 0.1000000 0.1925950
v -0.8560650 0.1000000 0.1439350
v -0.8560650 -0.0000000 0.1439350
v -0.8885850 -0.0000000 0.1925950
v -0.8560650 0.1000000 0.1439350
v -0.8074050 0.1000000 0.1114150
v -0.8074050 -0.0000000 0.1114150
v -0.8560650 -0.0000000 0.1439350
v -0.8074050 0.1000000 0.1114150
v -0.7500000 0.1000000 0.1000000
v -0.7500000 -0.0000000 0.1000000
v -0.8074050 -0.0000000 0.1114150
v -0.7500000 0.1000000 0.1000000
v -0.6925950 0.1000000 0.1114150
v -0.6925950 -0.0000000 0.1114150
v -0.7500000 -0.0000000 0.1000000
v -0.6925950 0.1000000 0.1114150
v -0.6439350 0.1000000 0.1439350
v -0.6439350 -0.0000000 0.1439350
v -0.6925950 -0.0000000 0.1114150
v -0.6439350 0.1000000 0.1439350
v -0.6114150 0.1000000 0.1925950
v -0.6114150 -0.0000000 0.1925950
v -0.6439350 -0.0000000 0.1439350
v -0.6114150 0.1000000 0.1925950
v -0.6000000 0.1000000 0.2500000
v -0.6000000 -0.0000000 0.2500000
v -0.6114150 -0.0000000 0.1925950
v -0.6114150 0.1000000 0.3074050
v -0.6000000 0.1000000 0.2500000
v -0.7500000 0.1000000 0.2500000
v -0.6439350 0.1000000 0.3560650
v -0.6114150 0.1000000 0.3074050
v -0.7500000 0.1000000 0.2500000
v -0.6925950 0.1000000 0.3885850
v -0.6439350 0.1000000 0.3560650
v -0.7500000 0.1000000 0.2500000
v -0.7500000 0.1000000 0.4000000
v -0.6925950 0.1000000 0.3885850
v -0.7500000 0.1000000 0.2500000
v -0.8074050 0.1000000 0.3885850
v -0.7500000 0.1000000 0.4000000
v -0.7500000 0.1000000 0.2500000
v -0.8560650 0.1000000 0.3560650
v -0.8074050 0.1000000 0.3885850
v -0.7500000 0.1000000 0.2500000
v -0.8885850 0.1000000 0.3074050
v -0.8560650 0.1000000 0.3560650
v -0.7500000 0.1000000 0.2500000
v -0.9000000 0.1000000 0.2500000
v -0.8885850 0.1000000 0.3074050
v -0.7500000 0.1000000 0.2500000
v -0.8885850 0.1000000 0.1925950
v -0.9000000 0.1000000 0.2500000
v -0.7500000 0.1000000 0.2500000
v -0.8560650 0.1000000 0.1439350
v -0.8885850 0.1000000 0.1925950
v -0.7500000 0.1000000 0.2500000
v -0.8074050 0.1000000 0.1114150
v -0.8560650 0.1000000 0.1439350
v -0.7500000 0.1000000 0.2500000
v -0.7500000 0.1000000 0.1000000
v -0.8074050 0.1000000 0.1114150
v -0.7500000 0.1000000 0.2500000
v -0.6925950 0.1000000 0.1114150
v -0.7500000 0.1000000 0.1000000
v -0.7500000 0.1000000 0.2500000
v -0.6439350 0.1000000 0.1439350
v -0.6925950 0.1000000 0.1114150
v -0.7500000 0.1000000 0.2500000
v -0.6114150 0.1000000 0.1925950
v -0.6439350 0.1000000 0.1439350
v -0.7500000 0.1000000 0.2500000
v -0.6000000 0.1000000 0.2500000
v -0.6114150 0.1000000 0.1925950
v -0.7500000 0.1000000 0.2500000
v -0.6000000 0.1000000 0.7500000
v -0.6114150 0.1000000 0.8074050
v -0.6114150 -0.0000000 0.8074050
v -0.6000000 -0.0000000 0.7500000
v -0.6114150 0.1000000 0.8074050
v -0.6439350 0.1000000 0.8560650
v -0.6439350 -0.0000000 0.8560650
v -0.6114150 -0.0000000 0.8074050
v -0.6439350 0.1000000 0.8560650
v -0.6925950 0.1000000 0.8885850
v -0.6925950 -0.0000000 0.8885850
v -0.6439350 -0.0000000 0.8560650
v -0.6925950 0.1000000 0.8885850
v -0.7500000 0.1000000 0.9000000
v -0.7500000 -0.0000000 0.9000000
v -0.6925950 -0.0000000 0.8885850
v -0.7500000 0.1000000 0.9000000
v -0.8074050 0.1000000 0.8885850
v -0.8074050 -0.0000000 0.8885850
v -0.7500000 -0.0000000 0.9000000
v -0.8074050 0.1000000 0.8885850
v -0.8560650 0.1000000 0.8560650
v -0.8560650 -0.0000000 0.8560650
v -0.8074050 -0.0000000 0.8885850
v -0.8560650 0.1000000 0.8560650
v -0.8885850 0.1000000 0.8074050
v -0.8885850 -0.0000000 0.8074050
v -0.8560650 -0.0000000 0.8560650
v -0.8885850 0.1000000 0.8074050
v -0.9000000 0.1000000 0.7500000
v -0.9000000 -0.0000000 0.7500000
v -0.8885850 -0.0000000 0.8074050
v -0.9000000 0.1000000 0.7500000
v -0.8885850 0.1000000 0.6925950
v -0.8885850 -0.0000000 0.6925950
v -0.9000000 -0.0000000 0.7500000
v -0.8885850 0.1000000 0.6925950
v -0.8560650 0.1000000 0.6439350
v -0.8560650 -0.0000000 0.6439350
v -0.8885850 -0.0000000 0.6925950
v -0.8560650 0.1000000 0.6439350
v -0.8074050 0.1000000 0.6114150
v -0.8074050 -0.0000000 0.6114150
v -0.8560650 -0.0000000 0.6439350
v -0.8074050 0.1000000 0.6114150
v -0.7500000 0.1000000 0.6000000
v -0.7500000 -0.0000000 0.6000000
v -0.8074050 -0.0000000 0.6114150
v -0.7500000 0.1000000 0.6000000
v -0.6925950 0.1000000 0.6114150
v -0.6925950 -0.0000000 0.6114150
v -0.7500000 -0.0000000 0.6000000
v -0.6925950 0.1000000 0.6114150
v -0.6439350 0.1000000 0.6439350
v -0.6439350 -0.0000000 0.6439350
v -0.6925950 -0.0000000 0.6114150
v -0.6439350 0.1000000 0.6439350
v -0.6114150 0.1000000 0.6925950
v -0.6114150 -0.0000000 0.6925950
v -0.6439350 -0.0000000 0.6439350
v -0.6114150 0.1000000 0.6925950
v -0.6000000 0.1000000 0.7500000
v -0.6000000 -0.0000000 0.7500000
v -0.6114150 -0.0000000 0.6925950
v -0.6114150 0.1000000 0.8074050
v -0.6000000 0.1000000 0.7500000
v -0.7500000 0.1000000 0.7500000
v -0.6439350 0.1000000 0.8560650
v -0.6114150 0.1000000 0.8074050
v -0.7500000 0.1000000 0.7500000
v -0.6925950 0.1000000 0.8885850
v -0.6439350 0.1000000 0.8560650
v -0.7500000 0.1000000 0.7500000
v -0.7500000 0.1000000 0.9000000
v -0.6925950 0.1000000 0.8885850
v -0.7500000 0.1000000 0.7500000
v -0.8074050 0.1000000 0.8885850
v -0.7500000 0.1000000 0.9000000
v -0.7500000 0.1000000 0.7500000
v -0.8560650 0.1000000 0.8560650
v -0.8074050 0.1000000 0.8885850
v -0.7500000 0.1000000 0.7500000
v -0.8885850 0.1000000 0.8074050
v -0.8560650 0.1000000 0.8560650
v -0.7500000 0.1000000 0.7500000
v -0.9000000 0.1000000 0.7500000
v -0.8885850 0.1000000 0.8074050
v -0.7500000 0.1000000 0.7500000
v -0.8885850 0.1000000 0.6925950
v -0.9000000 0.1000000 0.7500000
v -0.7500000 0.1000000 0.7500000
v -0.8560650 0.1000000 0.6439350
v -0.8885850 0.1000000 0.6925950
v -0.7500000 0.1000000 0.7500000
v -0.8074050 0.1000000 0.6114150
v -0.8560650 0.1000000 0.6439350
v -0.7500000 0.1000000 0.7500000
v -0.7500000 0.1000000 0.6000000
v -0.8074050 0.1000000 0.6114150
v -0.7500000 0.1000000 0.7500000
v -0.6925950 0.1000000 0.6114150
v -0.7500000 0.1000000 0.6000000
v -0.7500000 0.1000000 0.7500000
v -0.6439350 0.1000000 0.6439350
v -0.6925950 0.1000000 0.6114150
v -0.7500000 0.1000000 0.7500000
v -0.6114150 0.1000000 0.6925950
v -0.6439350 0.1000000 0.6439350
v -0.7500000 0.1000000 0.7500000
v -0.6000000 0.1000000 0.7500000
v -0.6114150 0.1000000 0.6925950
v -0.7500000 0.1000000 0.7500000
v -0.6000000 0.1000000 1.2500000
v -0.6114150 0.1000000 1.3074050
v -0.6114150 -0.0000000 1.3074050
v -0.6000000 -0.0000000 1.2500000
v -0.6114150 0.1000000 1.3074050
v -0.6439350 0.1000000 1.3560650
v -0.6439350 -0.0000000 1.3560650
v -0.6114150 -0.0000000 1.3074050
v -0.6439350 0.1000000 1.3560650
v -0.6925950 0.1000000 1.3885850
v -0.6925950 -0.0000000 1.3885850
v -0.6439350 -0.0000000 1.3560650
v -0.6925950 0.1000000 1.3885850
v -0.7500000 0.1000000 1.4000000
v -0.7500000 -0.0000000 1.4000000
v -0.6925950 -0.0000000 1.3885850
v -0.7500000 0.1000000 1.4000000
v -0.8074050 0.1000000 1.3885850
v -0.8074050 -0.0000000 1.3885850
v -0.7500000 -0.0000000 1.4000000
v -0.8074050 0.1000000 1.3885850
v -0.8560650 0.1000000 1.3560650
v -0.8560650 -0.0000000 1.3560650
v -0.8074050 -0.0000000 1.3885850
v -0.8560650 0.1000000 1.3560650
v -0.8885850 0.1000000 1.3074050
v -0.8885850 -0.0000000 1.3074050
v -0.8560650 -0.0000000 1.3560650
v -0.8885850 0.1000000 1.3074050
v -0.9000000 0.1000000 1.2500000
v -0.9000000 -0.0000000 1.2500000
v -0.8885850 -0.0000000 1.3074050
v -0.9000000 0.1000000 1.2500000
v -0.8885850 0.1000000 1.1925950
v -0.8885850 -0.0000000 1.1925950
v -0.9000000 -0.0000000 1.2500000
v -0.8885850 0.1000000 1.1925950
v -0.8560650 0.1000000 1.1439350
v -0.8560650 -0.0000000 1.1439350
v -0.8885850 -0.0000000 1.1925950
v -0.8560650 0.1000000 1.1439350
v -0.8074050 0.1000000 1.1114150
v -0.8074050 -0.0000000 1.1114150
v -0.8560650 -0.0000000 1.1439350
v -0.8074050 0.1000000 1.1114150
v -0.7500000 0.1000000 1.1000000
v -0.7500000 -0.0000000 1.1000000
v -0.8074050 -0.0000000 1.1114150
v -0.7500000 0.1000000 1.1000000
v -0.6925950 0.1000000 1.1114150
v -0.6925950 -0.0000000 1.1114150
v -0.7500000 -0.0000000 1.1000000
v -0.6925950 0.1000000 1.1114150
v -0.6439350 0.1000000 1.1439350
v -0.6439350 -0.0000000 1.1439350
v -0.6925950 -0.0000000 1.1114150
v -0.6439350 0.1000000 1.1439350
v -0.6114150 0.1000000 1.1925950
v -0.6114150 -0.0000000 1.1925950
v -0.6439350 -0.0000000 1.1439350
v -0.6114150 0.1000000 1.1925950
v -0.6000000 0.1000000 1.2500000
v -0.6000000 -0.0000000 1.2500000
v -0.6114150 -0.0000000 1.1925950
v -0.6114150 0.1000000 1.3074050
v -0.6000000 0.1000000 1.2500000
v -0.7500000 0.1000000 1.2500000
v -0.6439350 0.1000000 1.3560650
v -0.6114150 0.1000000 1.3074050
v -0.7500000 0.1000000 1.2500000
v -0.6925950 0.1000000 1.3885850
v -0.6439350 0.1000000 1.3560650
v -0.7500000 0.1000000 1.2500000
v -0.7500000 0.1000000 1.4000000
v -0.6925950 0.1000000 1.3885850
v -0.7500000 0.1000000 1.2500000
v -0.8074050 0.1000000 1.3885850
v -0.7500000 0.1000000 1.4000000
v -0.7500000 0.1000000 1.2500000
v -0.8560650 0.1000000 1.3560650
v -0.8074050 0.1000000 1.3885850
v -0.7500000 0.1000000 1.2500000
v -0.8885850 0.1000000 1.3074050
v -0.8560650 0.1000000 1.3560650
v -0.7500000 0.1000000 1.2500000
v -0.9000000 0.1000000 1.2500000
v -0.8885850 0.1000000 1.3074050
v -0.7500000 0.1000000 1.2500000
v -0.8885850 0.1000000 1.1925950
v -0.9000000 0.1000000 1.2500000
v -0.7500000 0.1000000 1.2500000
v -0.8560650 0.1000000 1.1439350
v -0.8885850 0.1000000 1.1925950
v -0.7500000 0.1000000 1.2500000
v -0.8074050 0.1000000 1.1114150
v -0.8560650 0.1000000 1.1439350
v -0.7500000 0.1000000 1.2500000
v -0.7500000 0.1000000 1.1000000
v -0.8074050 0.1000000 1.1114150
v -0.7500000 0.1000000 1.2500000
v -0.6925950 0.1000000 1.1114150
v -0.7500000 0.1000000 1.1000000
v -0.7500000 0.1000000 1.2500000
v -0.6439350 0.1000000 1.1439350
v -0.6925950 0.1000000 1.1114150
v -0.7500000 0.1000000 1.2500000
v -0.6114150 0.1000000 1.1925950
v -0.6439350 0.1000000 1.1439350
v -0.7500000 0.1000000 1.2500000
v -0.6000000 0.1000000 1.2500000
v -0.6114150 0.1000000 1.1925950
v -0.7500000 0.1000000 1.2500000
v -0.1000000 0.1000000 0.2500000
v -0.1114150 0.1000000 0.3074050
v -0.1114150 -0.0000000 0.3074050
v -0.1000000 -0.0000000 0.2500000
v -0.1114150 0.1000000 0.3074050
v -0.1439350 0.1000000 0.3560650
v -0.1439350 -0.0000000 0.3560650
v -0.1114150 -0.0000000 0.3074050
v -0.1439350 0.1000000 0.3560650
v -0.1925950 0.1000000 0.3885850
v -0.1925950 -0.0000000 0.3885850
v -0.1439350 -0.0000000 0.3560650
v -0.1925950 0.1000000 0.3885850
v -0.2500000 0.1000000 0.4000000
v -0.2500000 -0.0000000 0.4000000
v -0.1925950 -0.0000000 0.3885850
v -0.2500000 0.1000000 0.4000000
v -0.3074050 0.1000000 0.3885850
v -0.3074050 -0.0000000 0.3885850
v -0.2500000 -0.0000000 0.4000000
v -0.3074050 0.1000000 0.3885850
v -0.3560650 0.1000000 0.3560650
v -0.3560650 -0.0000000 0.3560650
v -0.3074050 -0.0000000 0.3885850
v -0.3560650 0.1000000 0.3560650
v -0.3885850 0.1000000 0.3074050
v -0.3885850 -0.0000000 0.3074050
v -0.3560650 -0.0000000 0.3560650
v -0.3885850 0.1000000 0.3074050
v -0.4000000 0.1000000 0.2500000
v -0.4000000 -0.0000000 0.2500000
v -0.3885850 -0.0000000 0.3074050
v -0.4000000 0.1000000 0.2500000
v -0.3885850 0.1000000 0.1925950
v -0.3885850 -0.0000000 0.1925950
v -0.4000000 -0.0000000 0.2500000
v -0.3885850 0.1000000 0.1925950
v -0.3560650 0.1000000 0.1439350
v -0.3560650 -0.0000000 0.1439350
v -0.3885850 -0.0000000 0.1925950
v -0.3560650 0.1000000 0.1439350
v -0.3074050 0.1000000 0.1114150
v -0.3074050 -0.0000000 0.1114150
v -0.3560650 -0.0000000 0.1439350
v -0.3074050 0.1000000 0.1114150
v -0.2500000 0.1000000 0.1000000
v -0.2500000 -0.0000000 0.1000000
v -0.3074050 -0.0000000 0.1114150
v -0.2500000 0.1000000 0.1000000
v -0.1925950 0.1000000 0.1114150
v -0.1925950 -0.0000000 0.1114150
v -0.2500000 -0.0000000 0.1000000
v -0.1925950 0.1000000 0.1114150
v -0.1439350 0.1000000 0.1439350
v -0.1439350 -0.0000000 0.1439350
v -0.1925950 -0.0000000 0.1114150
v -0.1439350 0.1000000 0.1439350
v -0.1114150 0.1000000 0.1925950
v -0.1114150 -0.0000000 0.1925950
v -0.1439350 -0.0000000 0.1439350
v -0.1114150 0.1000000 0.1925950
v -0.1000000 0.1000000 0.2500000
v -0.1000000 -0.0000000 0.2500000
v -0.1114150 -0.0000000 0.1925950
v -0.1114150 0.1000000 0.3074050
v -0.1000000 0.1000000 0.2500000
v -0.2500000 0.1000000 0.2500000
v -0.1439350 0.1000000 0.3560650
v -0.1114150 0.1000000 0.3074050
v -0.2500000 0.1000000 0.2500000
v -0.1925950 0.1000000 0.3885850
v -0.1439350 0.1000000 0.3560650
v -0.2500000 0.1000000 0.2500000
v -0.2500000 0.1000000 0.4000000
v -0.1925950 0.1000000 0.3885850
v -0.2500000 0.1000000 0.2500000
v -0.3074050 0.1000000 0.3885850
v -0.2500000 0.1000000 0.4000000
v -0.2500000 0.1000000 0.2500000
v -0.3560650 0.1000000 0.3560650
v -0.3074050 0.1000000 0.3885850
v -0.2500000 0.1000000 0.2500000
v -0.3885850 0.1000000 0.3074050
v -0.3560650 0.1000000 0.3560650
v -0.2500000 0.1000000 0.2500000
v -0.4000000 0.1000000 0.2500000
v -0.3885850 0.1000000 0.3074050
v -0.2500000 0.1000000 0.2500000
v -0.3885850 0.1000000 0.1925950
v -0.4000000 0.1000000 0.2500000
v -0.2500000 0.1000000 0.2500000
v -0.3560650 0.1000000 0.1439350
v -0.3885850 0.1000000 0.1925950
v -0.2500000 0.1000000 0.2500000
v -0.3074050 0.1000000 0.1114150
v -0.3560650 0.1000000 0.1439350
v -0.2500000 0.1000000 0.2500000
v -0.2500000 0.1000000 0.1000000
v -0.3074050 0.1000000 0.1114150
v -0.2500000 0.1000000 0.2500000
v -0.1925950 0.1000000 0.1114150
v -0.2500000 0.1000000 0.1000000
v -0.2500000 0.1000000 0.2500000
v -0.1439350 0.1000000 0.1439350
v -0.1925950 0.1000000 0.1114150
v -0.2500000 0.1000000 0.2500000
v -0.1114150 0.1000000 0.1925950
v -0.1439350 0.1000000 0.1439350
v -0.2500000 0.1000000 0.2500000
v -0.1000000 0.1000000 0.2500000
v -0.1114150 0.1000000 0.1925950
v -0.2500000 0.1000000 0.2500000
v -0.1000000 0.1000000 0.7500000
v -0.1114150 0.1000000 0.8074050
v -0.1114150 -0.0000000 0.8074050
v -0.1000000 -0.0000000 0.7500000
v -0.1114150 0.1000000 0.8074050
v -0.1439350 0.1000000 0.8560650
v -0.1439350 -0.0000000 0.8560650
v -0.1114150 -0.0000000 0.8074050
v -0.1439350 0.1000000 0.8560650
v -0.1925950 0.1000000 0.8885850
v -0.1925950 -0.0000000 0.8885850
v -0.1439350 -0.0000000 0.8560650
v -0.1925950 0.1000000 0.8885850
v -0.2500000 0.1000000 0.9000000
v -0.2500000 -0.0000000 0.9000000
v -0.1925950 -0.0000000 0.8885850
v -0.2500000 0.1000000 0.9000000
v -0.3074050 0.1000000 0.8885850
v -0.3074050 -0.0000000 0.8885850
v -0.2500000 -0.0000000 0.9000000
v -0.3074050 0.1000000 0.8885850
v -0.3560650 0.1000000 0.8560650
v -0.3560650 -0.0000000 0.8560650
v -0.3074050 -0.0000000 0.8885850
v -0.3560650 0.1000000 0.8560650
v -0.3885850 0.1000000 0.8074050
v -0.3885850 -0.0000000 0.8074050
v -0.3560650 -0.0000000 0.8560650
v -0.3885850 0.1000000 0.8074050
v -0.4000000 0.1000000 0.7500000
v -0.4000000 -0.0000000 0.7500000
v -0.3885850 -0.0000000 0.8074050
v -0.4000000 0.1000000 0.7500000
v -0.3885850 0.1000000 0.6925950
v -0.3885850 -0.0000000 0.6925950
v -0.4000000 -0.0000000 0.7500000
v -0.3885850 0.1000000 0.6925950
v -0.3560650 0.1000000 0.6439350
v -0.3560650 -0.0000000 0.6439350
v -0.3885850 -0.0000000 0.6925950
v -0.3560650 0.1000000 0.6439350
v -0.3074050 0.1000000 0.6114150
v -0.3074050 -0.0000000 0.6114150
v -0.3560650 -0.0000000 0.6439350
v -0.3074050 0.1000000 0.6114150
v -0.2500000 0.1000000 0.6000000
v -0.2500000 -0.0000000 0.6000000
v -0.3074050 -0.0000000 0.6114150
v -0.2500000 0.1000000 0.6000000
v -0.1925950 0.1000000 0.6114150
v -0.1925950 -0.0000000 0.6114150
v -0.2500000 -0.0000000 0.6000000
v -0.1925950 0.1000000 0.6114150
v -0.1439350 0.1000000 0.6439350
v -0.1439350 -0.0000000 0.6439350
v -0.1925950 -0.0000000 0.6114150
v -0.1439350 0.1000000 0.6439350
v -0.1114150 0.1000000 0.6925950
v -0.1114150 -0.0000000 0.6925950
v -0.1439350 -0.0000000 0.6439350
v -0.1114150 0.1000000 0.6925950
v -0.1000000 0.1000000 0.7500000
v -0.1000000 -0.0000000 0.7500000
v -0.1114150 -0.0000000 0.6925950
v -0.1114150 0.1000000 0.8074050
v -0.1000000 0.1000000 0.7500000
v -0.2500000 0.1000000 0.7500000
v -0.1439350 0.1000000 0.8560650
v -0.1114150 0.1000000 0.8074050
v -0.2500000 0.1000000 0.7500000
v -0.1925950 0.1000000 0.8885850
v -0.1439350 0.1000000 0.8560650
v -0.2500000 0.1000000 0.7500000
v -0.2500000 0.1000000 0.9000000
v -0.1925950 0.1000000 0.8885850
v -0.2500000 0.1000000 0.7500000
v -0.3074050 0.1000000 0.8885850
v -0.2500000 0.1000000 0.9000000
v -0.2500000 0.1000000 0.7500000
v -0.3560650 0.1000000 0.8560650
v -0.3074050 0.1000000 0.8885850
v -0.2500000 0.1000000 0.7500000
v -0.3885850 0.1000000 0.8074050
v -0.3560650 0.1000000 0.8560650
v -0.2500000 0.1000000 0.7500000
v -0.4000000 0.1000000 0.7500000
v -0.3885850 0.1000000 0.8074050
v -0.2500000 0.1000000 0.7500000
v -0.3885850 0.1000000 0.6925950
v -0.4000000 0.1000000 0.7500000
v -0.2500000 0.1000000 0.7500000
v -0.3560650 0.1000000 0.6439350
v -0.3885850 0.1000000 0.6925950
v -0.2500000 0.1000000 0.7500000
v -0.3074050 0.1000000 0.6114150
v -0.3560650 0.1000000 0.6439350
v -0.2500000 0.1000000 0.7500000
v -0.2500000 0.1000000 0.6000000
v -0.3074050 0.1000000 0.6114150
v -0.2500000 0.1000000 0.7500000
v -0.1925950 0.1000000 0.6114150
v -0.2500000 0.1000000 0.6000000
v -0.2500000 0.1000000 0.7500000
v -0.1439350 0.1000000 0.6439350
v -0.1925950 0.1000000 0.6114150
v -0.2500000 0.1000000 0.7500000
v -0.1114150 0.1000000 0.6925950
v -0.1439350 0.1000000 0.6439350
v -0.2500000 0.1000000 0.7500000
v -0.1000000 0.1000000 0.7500000
v -0.1114150 0.1000000 0.6925950
v -0.2500000 0.1000000 0.7500000
v -0.1000000 0.1000000 1.2500000
v -0.1114150 0.1000000 1.3074050
v -0.1114150 -0.0000000 1.3074050
v -0.1000000 -0.0000000 1.2500000
v -0.1114150 0.1000000 1.3074050
v -0.1439350 0.1000000 1.3560650
v -0.1439350 -0.0000000 1.3560650
v -0.1114150 -0.0000000 1.3074050
v -0.1439350 0.1000000 1.3560650
v -0.1925950 0.1000000 1.3885850
v -0.1925950 -0.0000000 1.3885850
v -0.1439350 -0.0000000 1.3560650
v -0.1925950 0.1000000 1.3885850
v -0.2500000 0.1000000 1.4000000
v -0.2500000 -0.0000000 1.4000000
v -0.1925950 -0.0000000 1.3885850
v -0.2500000 0.1000000 1.4000000
v -0.3074050 0.1000000 1.3885850
v -0.3074050 -0.0000000 1.3885850
v -0.2500000 -0.0000000 1.4000000
v -0.3074050 0.1000000 1.3885850
v -0.3560650 0.1000000 1.3560650
v -0.3560650 -0.0000000 1.3560650
v -0.3074050 -0.0000000 1.3885850
v -0.3560650 0.1000000 1.3560650
v -0.3885850 0.1000000 1.3074050
v -0.3885850 -0.0000000 1.3074050
v -0.3560650 -0.0000000 1.3560650
v -0.3885850 0.1000000 1.3074050
v -0.4000000 0.1000000 1.2500000
v -0.4000000 -0.0000000 1.2500000
v -0.3885850 -0.0000000 1.3074050
v -0.4000000 0.1000000 1.2500000
v -0.3885850 0.1000000 1.1925950
v -0.3885850 -0.0000000 1.1925950
v -0.4000000 -0.0000000 1.2500000
v -0.3885850 0.1000000 1.1925950
v -0.3560650 0.1000000 1.1439350
v -0.3560650 -0.0000000 1.1439350
v -0.3885850 -0.0000000 1.1925950
v -0.3560650 0.1000000 1.1439350
v -0.3074050 0.1000000 1.1114150
v -0.3074050 -0.0000000 1.1114150
v -0.3560650 -0.0000000 1.1439350
v -0.3074050 0.1000000 1.1114150
v -0.2500000 0.1000000 1.1000000
v -0.2500000 -0.0000000 1.1000000
v -0.3074050 -0.0000000 1.1114150
v -0.2500000 0.1000000 1.1000000
v -0.1925950 0.1000000 1.1114150
v -0.1925950 -0.0000000 1.1114150
v -0.2500000 -0.0000000 1.1000000
v -0.1925950 0.1000000 1.1114150
v -0.1439350 0.1000000 1.1439350
v -0.1439350 -0.0000000 1.1439350
v -0.1925950 -0.0000000 1.1114150
v -0.1439350 0.1000000 1.1439350
v -0.1114150 0.1000000 1.1925950
v -0.1114150 -0.0000000 1.1925950
v -0.1439350 -0.0000000 1.1439350
v -0.1114150 0.1000000 1.1925950
v -0.1000000 0.1000000 1.2500000
v -0.1000000 -0.0000000 1.2500000
v -0.1114150 -0.0000000 1.1925950
v -0.1114150 0.1000000 1.3074050
v -0.1000000 0.1000000 1.2500000
v -0.2500000 0.1000000 1.2500000
v -0.1439350 0.1000000 1.3560650
v -0.1114150 0.1000000 1.3074050
v -0.2500000 0.1000000 1.2500000
v -0.1925950 0.1000000 1.3885850
v -0.1439350 0.1000000 1.3560650
v -0.2500000 0.1000000 1.2500000
v -0.2500000 0.1000000 1.4000000
v -0.1925950 0.1000000 1.3885850
v -0.2500000 0.1000000 1.2500000
v -0.3074050 0.1000000 1.3885850
v -0.2500000 0.1000000 1.4000000
v -0.2500000 0.1000000 1.2500000
v -0.3560650 0.1000000 1.3560650
v -0.3074050 0.1000000 1.3885850
v -0.2500000 0.1000000 1.2500000
v -0.3885850 0.1000000 1.3074050
v -0.3560650 0.1000000 1.3560650
v -0.2500000 0.1000000 1.2500000
v -0.4000000 0.1000000 1.2500000
v -0.3885850 0.1000000 1.3074050
v -0.2500000 0.1000000 1.2500000
v -0.3885850 0.1000000 1.1925950
v -0.4000000 0.1000000 1.2500000
v -0.2500000 0.1000000 1.2500000
v -0.3560650 0.1000000 1.1439350
v -0.3885850 0.1000000 1.1925950
v -0.2500000 0.1000000 1.2500000
v -0.3074050 0.1000000 1.1114150
v -0.3560650 0.1000000 1.1439350
v -0.2500000 0.1000000 1.2500000
v -0.2500000 0.1000000 1.1000000
v -0.3074050 0.1000000 1.1114150
v -0.2500000 0.1000000 1.2500000
v -0.1925950 0.1000000 1.1114150
v -0.2500000 0.1000000 1.1000000
v -0.2500000 0.1000000 1.2500000
v -0.1439350 0.1000000 1.1439350
v -0.1925950 0.1000000 1.1114150
v -0.2500000 0.1000000 1.2500000
v -0.1114150 0.1000000 1.1925950
v -0.1439350 0.1000000 1.1439350
v -0.2500000 0.1000000 1.2500000
v -0.1000000 0.1000000 1.2500000
v -0.1114150 0.1000000 1.1925950
v -0.2500000 0.1000000 1.2500000
v 0.4000000 0.1000000 0.2500000
v 0.3885850 0.1000000 0.3074050
v 0.3885850 -0.0000000 0.3074050
v 0.4000000 -0.0000000 0.2500000
v 0.3885850 0.1000000 0.3074050
v 0.3560650 0.1000000 0.3560650
v 0.3560650 -0.0000000 0.3560650
v 0.3885850 -0.0000000 0.3074050
v 0.3560650 0.1000000 0.3560650
v 0.3074050 0.1000000 0.3885850
v 0.3074050 -0.0000000 0.3885850
v 0.3560650 -0.0000000 0.3560650
v 0.3074050 0.1000000 0.3885850
v 0.2500000 0.1000000 0.4000000
v 0.2500000 -0.0000000 0.4000000
v 0.3074050 -0.0000000 0.3885850
v 0.2500000 0.1000000 0.4000000
v 0.1925950 0.1000000 0.3885850
v 0.1925950 -0.0000000 0.3885850
v 0.2500000 -0.0000000 0.4000000
v 0.1925950 0.1000000 0.3885850
v 0.1439350 0.1000000 0.3560650
v 0.1439350 -0.0000000 0.3560650
v 0.1925950 -0.0000000 0.3885850
v 0.1439350 0.1000000 0.3560650
v 0.1114150 0.1000000 0.3074050
v 0.1114150 -0.0000000 0.3074050
v 0.1439350 -0.0000000 0.3560650
v 0.1114150 0.1000000 0.3074050
v 0.1000000 0.1000000 0.2500000
v 0.1000000 -0.0000000 0.2500000
v 0.1114150 -0.0000000 0.3074050
v 0.1000000 0.1000000 0.2500000
v 0.1114150 0.1000000 0.1925950
v 0.1114150 -0.0000000 0.1925950
v 0.1000000 -0.0000000 0.2500000
v 0.1114150 0.1000000 0.1925950
v 0.1439350 0.1000000 0.1439350
v 0.1439350 -0.0000000 0.1439350
v 0.1114150 -0.0000000 0.1925950
v 0.1439350 0.1000000 0.1439350
v 0.1925950 0.1000000 0.1114150
v 0.1925950 -0.0000000 0.1114150
v 0.1439350 -0.0000000 0.1439350
v 0.1925950 0.1000000 0.1114150
v 0.2500000 0.1000000 0.1000000
v 0.2500000 -0.0000000 0.1000000
v 0.1925950 -0.0000000 0.1114150
v 0.2500000 0.1000000 0.1000000
v 0.3074050 0.1000000 0.1114150
v 0.3074050 -0.0000000 0.1114150
v 0.2500000 -0.0000000 0.1000000
v 0.3074050 0.1000000 0.1114150
v 0.3560650 0.1000000 0.1439350
v 0.3560650 -0.0000000 0.1439350
v 0.3074050 -0.0000000 0.1114150
v 0.3560650 0.1000000 0.1439350
v 0.3885850 0.1000000 0.1925950
v 0.3885850 -0.0000000 0.1925950
v 0.3560650 -0.0000000 0.1439350
v 0.3885850 0.1000000 0.1925950
v 0.4000000 0.1000000 0.2500000
v 0.4000000 -0.0000000 0.2500000
v 0.3885850 -0.0000000 0.1925950
v 0.3885850 0.1000000 0.3074050
v 0.4000000 0.1000000 0.2500000
v 0.2500000 0.1000000 0.2500000
v 0.3560650 0.1000000 0.3560650
v 0.3885850 0.1000000 0.3074050
v 0.2500000 0.1000000 0.2500000
v 0.3074050 0.1000000 0.3885850
v 0.3560650 0.1000000 0.3560650
v 0.2500000 0.1000000 0.2500000
v 0.2500000 0.1000000 0.4000000
v 0.3074050 0.1000000 0.3885850
v 0.2500000 0.1000000 0.2500000
v 0.1925950 0.1000000 0.3885850
v 0.2500000 0.1000000 0.4000000
v 0.2500000 0.1000000 0.2500000
v 0.1439350 0.1000000 0.3560650
v 0.1925950 0.1000000 0.3885850
v 0.2500000 0.1000000 0.2500000
v 0.1114150 0.1000000 0.3074050
v 0.1439350 0.1000000 0.3560650
v 0.2500000 0.1000000 0.2500000
v 0.1000000 0.1000000 0.2500000
v 0.1114150 0.1000000 0.3074050
v 0.2500000 0.1000000 0.2500000
v 0.1114150 0.1000000 0.1925950
v 0.1000000 0.1000000 0.2500000
v 0.2500000 0.1000000 0.2500000
v 0.1439350 0.1000000 0.1439350
v 0.1114150 0.1000000 0.1925950
v 0.2500000 0.1000000 0.2500000
v 0.1925950 0.1000000 0.1114150
v 0.1439350 0.1000000 0.1439350
v 0.2500000 0.1000000 0.2500000
v 0.2500000 0.1000000 0.1000000
v 0.1925950 0.1000000 0.1114150
v 0.2500000 0.1000000 0.2500000
v 0.3074050 0.1000000 0.1114150
v 0.2500000 0.1000000 0.1000000
v 0.2500000 0.1000000 0.2500000
v 0.3560650 0.1000000 0.1439350
v 0.3074050 0.1000000 0.1114150
v 0.2500000 0.1000000 0.2500000
v 0.3885850 0.1000000 0.1925950
v 0.3560650 0.1000000 0.1439350
v 0.2500000 0.1000000 0.2500000
v 0.4000000 0.1000000 0.2500000
v 0.3885850 0.1000000 0.1925950
v 0.2500000 0.1000000 0.2500000
v 0.4000000 0.1000000 0.7500000
v 0.3885850 0.1000000 0.8074050
v 0.3885850 -0.0000000 0.8074050
v 0.4000000 -0.0000000 0.7500000
v 0.3885850 0.1000000 0.8074050
v 0.3560650 0.1000000 0.8560650
v 0.3560650 -0.0000000 0.8560650
v 0.3885850 -0.0000000 0.8074050
v 0.3560650 0.1000000 0.8560650
v 0.3074050 0.1000000 0.8885850
v 0.3074050 -0.0000000 0.8885850
v 0.3560650 -0.0000000 0.8560650
v 0.3074050 0.1000000 0.8885850
v 0.2500000 0.1000000 0.9000000
v 0.2500000 -0.0000000 0.9000000
v 0.3074050 -0.0000000 0.8885850
v 0.2500000 0.1000000 0.9000000
v 0.1925950 0.1000000 0.8885850
v 0.1925950 -0.0000000 0.8885850
v 0.2500000 -0.0000000 0.9000000
v 0.1925950 0.1000000 0.8885850
v 0.1439350 0.1000000 0.8560650
v 0.1439350 -0.0000000 0.8560650
v 0.1925950 -0.0000000 0.8885850
v 0.1439350 0.1000000 0.8560650
v 0.1114150 0.1000000 0.8074050
v 0.1114150 -0.0000000 0.8074050
v 0.1439350 -0.0000000 0.8560650
v 0.1114150 0.1000000 0.8074050
v 0.1000000 0.1000000 0.7500000
v 0.1000000 -0.0000000 0.7500000
v 0.1114150 -0.0000000 0.8074050
v 0.1000000 0.1000000 0.7500000
v 0.1114150 0.1000000 0.6925950
v 0.1114150 -0.0000000 0.6925950
v 0.1000000 -0.0000000 0.7500000
v 0.1114150 0.1000000 0.6925950
v 0.1439350 0.1000000 0.6439350
v 0.1439350 -0.0000000 0.6439350
v 0.1114150 -0.0000000 0.6925950
v 0.1439350 0.1000000 0.6439350
v 0.1925950 0.1000000 0.6114150
v 0.1925950 -0.0000000 0.6114150
v 0.1439350 -0.0000000 0.6439350
v 0.1925950 0.1000000 0.6114150
v 0.2500000 0.1000000 0.6000000
v 0.2500000 -0.0000000 0.6000000
v 0.1925950 -0.0000000 0.6114150
v 0.2500000 0.1000000 0.6000000
v 0.3074050 0.1000000 0.6114150
v 0.3074050 -0.0000000 0.6114150
v 0.2500000 -0.0000000 0.6000000
v 0.3074050 0.1000000 0.6114150
v 0.3560650 0.1000000 0.6439350
v 0.3560650 -0.0000000 0.6439350
v 0.3074050 -0.0000000 0.6114150
v 0.3560650 0.1000000 0.6439350
v 0.3885850 0.1000000 0.6925950
v 0.3885850 -0.0000000 0.6925950
v 0.3560650 -0.0000000 0.6439350
v 0.3885850 0.1000000 0.6925950
v 0.4000000 0.1000000 0.7500000
v 0.4000000 -0.0000000 0.7500000
v 0.3885850 -0.0000000 0.6925950
v 0.3885850 0.1000000 0.8074050
v 0.4000000 0.1000000 0.7500000
v 0.2500000 0.1000000 0.7500000
v 0.3560650 0.1000000 0.8560650
v 0.3885850 0.1000000 0.8074050
v 0.2500000 0.1000000 0.7500000
v 0.3074050 0.1000000 0.8885850
v 0.3560650 0.1000000 0.8560650
v 0.2500000 0.1000000 0.7500000
v 0.2500000 0.1000000 0.9000000
v 0.3074050 0.1000000 0.8885850
v 0.2500000 0.1000000 0.7500000
v 0.1925950 0.1000000 0.8885850
v 0.2500000 0.1000000 0.9000000
v 0.2500000 0.1000000 0.7500000
v 0.1439350 0.1000000 0.8560650
v 0.1925950 0.1000000 0.8885850
v 0.2500000 0.1000000 0.7500000
v 0.1114150 0.1000000 0.8074050
v 0.1439350 0.1000000 0.8560650
v 0.2500000 0.1000000 0.7500000
v 0.1000000 0.1000000 0.7500000
v 0.1114150 0.1000000 0.8074050
v 0.2500000 0.1000000 0.7500000
v 0.1114150 0.1000000 0.6925950
v 0.1000000 0.1000000 0.7500000
v 0.2500000 0.1000000 0.7500000
v 0.1439350 0.1000000 0.6439350
v 0.1114150 0.1000000 0.6925950
v 0.2500000 0.1000000 0.7500000
v 0.1925950 0.1000000 0.6114150
v 0.1439350 0.1000000 0.6439350
v 0.2500000 0.1000000 0.7500000
v 0.2500000 0.1000000 0.6000000
v 0.1925950 0.1000000 0.6114150
v 0.2500000 0.1000000 0.7500000
v 0.3074050 0.1000000 0.6114150
v 0.2500000 0.1000000 0.6000000
v 0.2500000 0.1000000 0.7500000
v 0.3560650 0.1000000 0.6439350
v 0.3074050 0.1000000 0.6114150
v 0.2500000 0.1000000 0.7500000
v 0.3885850 0.1000000 0.6925950
v 0.3560650 0.1000000 0.6439350
v 0.2500000 0.1000000 0.7500000
v 0.4000000 0.1000000 0.7500000
v 0.3885850 0.1000000 0.6925950
v 0.2500000 0.1000000 0.7500000
v 0.4000000 0.1000000 1.2500000
v 0.3885850 0.1000000 1.3074050
v 0.3885850 -0.0000000 1.3074050
v 0.4000000 -0.0000000 1.2500000
v 0.3885850 0.1000000 1.3074050
v 0.3560650 0.1000000 1.3560650
v 0.3560650 -0.0000000 1.3560650
v 0.3885850 -0.0000000 1.3074050
v 0.3560650 0.1000000 1.3560650
v 0.3074050 0.1000000 1.3885850
v 0.3074050 -0.0000000 1.3885850
v 0.3560650 -0.0000000 1.3560650
v 0.3074050 0.1000000 1.3885850
v 0.2500000 0.1000000 1.4000000
v 0.2500000 -0.0000000 1.4000000
v 0.3074050 -0.0000000 1.3885850
v 0.2500000 0.1000000 1.4000000
v 0.1925950 0.1000000 1.3885850
v 0.1925950 -0.0000000 1.3885850
v 0.2500000 -0.0000000 1.4000000
v 0.1925950 0.1000000 1.3885850
v 0.1439350 0.1000000 1.3560650
v 0.1439350 -0.0000000 1.3560650
v 0.1925950 -0.0000000 1.3885850
v 0.1439350 0.1000000 1.3560650
v 0.1114150 0.1000000 1.3074050
v 0.1114150 -0.0000000 1.3074050
v 0.1439350 -0.0000000 1.3560650
v 0.1114150 0.1000000 1.3074050
v 0.1000000 0.1000000 1.2500000
v 0.1000000 -0.0000000 1.2500000
v 0.1114150 -0.0000000 1.3074050
v 0.1000000 0.1000000 1.2500000
v 0.1114150 0.1000000 1.1925950
v 0.1114150 -0.0000000 1.1925950
v 0.1000000 -0.0000000 1.2500000
v 0.1114150 0.1000000 1.1925950
v 0.1439350 0.1000000 1.1439350
v 0.1439350 -0.0000000 1.1439350
v 0.1114150 -0.0000000 1.1925950
v 0.1439350 0.1000000 1.1439350
v 0.1925950 0.1000000 1.1114150
v 0.1925950 -0.0000000 1.1114150
v 0.1439350 -0.0000000 1.1439350
v 0.1925950 0.1000000 1.1114150
v 0.2500000 0.1000000 1.1000000
v 0.2500000 -0.0000000 1.1000000
v 0.1925950 -0.0000000 1.1114150
v 0.2500000 0.1000000 1.1000000
v 0.3074050 0.1000000 1.1114150
v 0.3074050 -0.0000000 1.1114150
v 0.2500000 -0.0000000 1.1000000
v 0.3074050 0.1000000 1.1114150
v 0.3560650 0.1000000 1.1439350
v 0.3560650 -0.0000000 1.1439350
v 0.3074050 -0.0000000 1.1114150
v 0.3560650 0.1000000 1.1439350
v 0.3885850 0.1000000 1.1925950
v 0.3885850 -0.0000000 1.1925950
v 0.3560650 -0.0000000 1.1439350
v 0.3885850 0.1000000 1.1925950
v 0.4000000 0.1000000 1.2500000
v 0.4000000 -0.0000000 1.2500000
v 0.3885850 -0.0000000 1.1925950
v 0.3885850 0.1000000 1.3074050
v 0.4000000 0.1000000 1.2500000
v 0.2500000 0.1000000 1.2500000
v 0.3560650 0.1000000 1.3560650
v 0.3885850 0.1000000 1.3074050
v 0.2500000 0.1000000 1.2500000
v 0.3074050 0.1000000 1.3885850
v 0.3560650 0.1000000 1.3560650
v 0.2500000 0.1000000 1.2500000
v 0.2500000 0.1000000 1.4000000
v 0.3074050 0.1000000 1.3885850
v 0.2500000 0.1000000 1.2500000
v 0.1925950 0.1000000 1.3885850
v 0.2500000 0.1000000 1.4000000
v 0.2500000 0.1000000 1.2500000
v 0.1439350 0.1000000 1.3560650
v 0.1925950 0.1000000 1.3885850
v 0.2500000 0.1000000 1.2500000
v 0.1114150 0.1000000 1.3074050
v 0.1439350 0.1000000 1.3560650
v 0.2500000 0.1000000 1.2500000
v 0.1000000 0.1000000 1.2500000
v 0.1114150 0.1000000 1.3074050
v 0.2500000 0.1000000 1.2500000
v 0.1114150 0.1000000 1.1925950
v 0.1000000 0.1000000 1.2500000
v 0.2500000 0.1000000 1.2500000
v 0.1439350 0.1000000 1.1439350
v 0.1114150 0.1000000 1.1925950
v 0.2500000 0.1000000 1.2500000
v 0.1925950 0.1000000 1.1114150
v 0.1439350 0.1000000 1.1439350
v 0.2500000 0.1000000 1.2500000
v 0.2500000 0.1000000 1.1000000
v 0.1925950 0.1000000 1.1114150
v 0.2500000 0.1000000 1.2500000
v 0.3074050 0.1000000 1.1114150
v 0.2500000 0.1000000 1.1000000
v 0.2500000 0.1000000 1.2500000
v 0.3560650 0.1000000 1.1439350
v 0.3074050 0.1000000 1.1114150
v 0.2500000 0.1000000 1.2500000
v 0.3885850 0.1000000 1.1925950
v 0.3560650 0.1000000 1.1439350
v 0.2500000 0.1000000 1.2500000
v 0.4000000 0.1000000 1.2500000
v 0.3885850 0.1000000 1.1925950
v 0.2500000 0.1000000 1.2500000
v 0.9000000 0.1000000 0.2500000
v 0.8885850 0.1000000 0.3074050
v 0.8885850 -0.0000000 0.3074050
v 0.9000000 -0.0000000 0.2500000
v 0.8885850 0.1000000 0.3074050
v 0.8560650 0.1000000 0.3560650
v 0.8560650 -0.0000000 0.3560650
v 0.8885850 -0.0000000 0.3074050
v 0.8560650 0.1000000 0.3560650
v 0.8074050 0.1000000 0.3885850
v 0.8074050 -0.0000000 0.3885850
v 0.8560650 -0.0000000 0.3560650
v 0.8074050 0.1000000 0.3885850
v 0.7500000 0.1000000 0.4000000
v 0.7500000 -0.0000000 0.4000000
v 0.8074050 -0.0000000 0.3885850
v 0.7500000 0.1000000 0.4000000
v 0.6925950 0.1000000 0.3885850
v 0.6925950 -0.0000000 0.3885850
v 0.7500000 -0.0000000 0.4000000
v 0.6925950 0.1000000 0.3885850
v 0.6439350 0.1000000 0.3560650
v 0.6439350 -0.0000000 0.3560650
v 0.6925950 -0.0000000 0.3885850
v 0.6439350 0.1000000 0.3560650
v 0.6114150 0.1000000 0.3074050
v 0.6114150 -0.0000000 0.3074050
v 0.6439350 -0.0000000 0.3560650
v 0.6114150 0.1000000 0.3074050
v 0.6000000 0.1000000 0.2500000
v 0.6000000 -0.0000000 0.2500000
v 0.6114150 -0.0000000 0.3074050
v 0.6000000 0.1000000 0.2500000
v 0.6114150 0.1000000 0.1925950
v 0.6114150 -0.0000000 0.1925950
v 0.6000000 -0.0000000 0.2500000
v 0.6114150 0.1000000 0.1925950
v 0.6439350 0.1000000 0.1439350
v 0.6439350 -0.0000000 0.1439350
v 0.6114150 -0.0000000 0.1925950
v 0.6439350 0.1000000 0.1439350
v 0.6925950 0.1000000 0.1114150
v 0.6925950 -0.0000000 0.1114150
v 0.6439350 -0.0000000 0.1439350
v 0.6925950 0.1000000 0.1114150
v 0.7500000 0.1000000 0.1000000
v 0.7500000 -0.0000000 0.1000000
v 0.6925950 -0.0000000 0.1114150
v 0.7500000 0.1000000 0.1000000
v 0.8074050 0.1000000 0.1114150
v 0.8074050 -0.0000000 0.1114150
v 0.7500000 -0.0000000 0.1000000
v 0.8074050 0.1000000 0.1114150
v 0.8560650 0.1000000 0.1439350
v 0.8560650 -0.0000000 0.1439350
v 0.8074050 -0.0000000 0.1114150
v 0.8560650 0.1000000 0.1439350
v 0.8885850 0.1000000 0.1925950
v 0.8885850 -0.0000000 0.1925950
v 0.8560650 -0.0000000 0.1439350
v 0.8885850 0.1000000 0.1925950
v 0.9000000 0.1000000 0.2500000
v 0.9000000 -0.0000000 0.2500000
v 0.8885850 -0.0000000 0.1925950
v 0.8885850 0.1000000 0.3074050
v 0.9000000 0.1000000 0.2500000
v 0.7500000 0.1000000 0.2500000
v 0.8560650 0.1000000 0.3560650
v 0.8885850 0.1000000 0.3074050
v 0.7500000 0.1000000 0.2500000
v 0.8074050 0.1000000 0.3885850
v 0.8560650 0.1000000 0.3560650
v 0.7500000 0.1000000 0.2500000
v 0.7500000 0.1000000 0.4000000
v 0.8074050 0.1000000 0.3885850
v 0.7500000 0.1000000 0.2500000
v 0.6925950 0.1000000 0.3885850
v 0.7500000 0.1000000 0.4000000
v 0.7500000 0.1000000 0.2500000
v 0.6439350 0.1000000 0.3560650
v 0.6925950 0.1000000 0.3885850
v 0.7500000 0.1000000 0.2500000
v 0.6114150 0.1000000 0.3074050
v 0.6439350 0.1000000 0.3560650
v 0.7500000 0.1000000 0.2500000
v 0.6000000 0.1000000 0.2500000
v 0.6114150 0.1000000 0.3074050
v 0.7500000 0.1000000 0.2500000
v 0.6114150 0.1000000 0.1925950
v 0.6000000 0.1000000 0.2500000
v 0.7500000 0.1000000 0.2500000
v 0.6439350 0.1000000 0.1439350
v 0.6114150 0.1000000 0.1925950
v 0.7500000 0.1000000 0.2500000
v 0.6925950 0.1000000 0.1114150
v 0.6439350 0.1000000 0.1439350
v 0.7500000 0.1000000 0.2500000
v 0.7500000 0.1000000 0.1000000
v 0.6925950 0.1000000 0.1114150
v 0.7500000 0.1000000 0.2500000
v 0.8074050 0.1000000 0.1114150
v 0.7500000 0.1000000 0.1000000
v 0.7500000 0.1000000 0.2500000
v 0.8560650 0.1000000 0.1439350
v 0.8074050 0.1000000 0.1114150
v 0.7500000 0.1000000 0.2500000
v 0.8885850 0.1000000 0.1925950
v 0.8560650 0.1000000 0.1439350
v 0.7500000 0.1000000 0.2500000
v 0.9000000 0.1000000 0.2500000
v 0.8885850 0.1000000 0.1925950
v 0.7500000 0.1000000 0.2500000
v 0.9000000 0.1000000 0.7500000
v 0.8885850 0.1000000 0.8074050
v 0.8885850 -0.0000000 0.8074050
v 0.9000000 -0.0000000 0.7500000
v 0.8885850 0.1000000 0.8074050
v 0.8560650 0.1000000 0.8560650
v 0.8560650 -0.0000000 0.8560650
v 0.8885850 -0.0000000 0.8074050
v 0.8560650 0.1000000 0.8560650
v 0.8074050 0.1000000 0.8885850
v 0.8074050 -0.0000000 0.8885850
v 0.8560650 -0.0000000 0.8560650
v 0.8074050 0.1000000 0.8885850
v 0.7500000 0.1000000 0.9000000
v 0.7500000 -0.0000000 0.9000000
v 0.8074050 -0.0000000 0.8885850
v 0.7500000 0.1000000 0.9000000
v 0.6925950 0.1000000 0.8885850
v 0.6925950 -0.0000000 0.8885850
v 0.7500000 -0.0000000 0.9000000
v 0.6925950 0.1000000 0.8885850
v 0.6439350 0.1000000 0.8560650
v 0.6439350 -0.0000000 0.8560650
v 0.6925950 -0.0000000 0.8885850
v 0.6439350 0.1000000 0.8560650
v 0.6114150 0.1000000 0.8074050
v 0.6114150 -0.0000000 0.8074050
v 0.6439350 -0.0000000 0.8560650
v 0.6114150 0.1000000 0.8074050
v 0.6000000 0.1000000 0.7500000
v 0.6000000 -0.0000000 0.7500000
v 0.6114150 -0.0000000 0.8074050
v 0.6000000 0.1000000 0.7500000
v 0.6114150 0.1000000 0.6925950
v 0.6114150 -0.0000000 0.6925950
v 0.6000000 -0.0000000 0.7500000
v 0.6114150 0.1000000 0.6925950
v 0.6439350 0.1000000 0.6439350
v 0.6439350 -0.0000000 0.6439350
v 0.6114150 -0.0000000 0.6925950
v 0.6439350 0.1000000 0.6439350
v 0.6925950 0.1000000 0.6114150
v 0.6925950 -0.0000000 0.6114150
v 0.6439350 -0.0000000 0.6439350
v 0.6925950 0.1000000 0.6114150
v 0.7500000 0.1000000 0.6000000
v 0.7500000 -0.0000000 0.6000000
v 0.6925950 -0.0000000 0.6114150
v 0.7500000 0.1000000 0.6000000
v 0.8074050 0.1000000 0.6114150
v 0.8074050 -0.0000000 0.6114150
v 0.7500000 -0.0000000 0.6000000
v 0.8074050 0.1000000 0.6114150
v 0.8560650 0.1000000 0.6439350
v 0.8560650 -0.0000000 0.6439350
v 0.8074050 -0.0000000 0.6114150
v 0.8560650 0.1000000 0.6439350
v 0.8885850 0.1000000 0.6925950
v 0.8885850 -0.0000000 0.6925950
v 0.8560650 -0.0000000 0.6439350
v 0.8885850 0.1000000 0.6925950
v 0.9000000 0.1000000 0.7500000
v 0.9000000 -0.0000000 0.7500000
v 0.8885850 -0.0000000 0.6925950
v 0.8885850 0.1000000 0.8074050
v 0.9000000 0.1000000 0.7500000
v 0.7500000 0.1000000 0.7500000
v 0.8560650 0.1000000 0.8560650
v 0.8885850 0.1000000 0.8074050
v 0.7500000 0.1000000 0.7500000
v 0.8074050 0.1000000 0.8885850
v 0.8560650 0.1000000 0.8560650
v 0.7500000 0.1000000 0.7500000
v 0.7500000 0.1000000 0.9000000
v 0.8074050 0.1000000 0.8885850
v 0.7500000 0.1000000 0.7500000
v 0.6925950 0.1000000 0.8885850
v 0.7500000 0.1000000 0.9000000
v 0.7500000 0.1000000 0.7500000
v 0.6439350 0.1000000 0.8560650
v 0.6925950 0.1000000 0.8885850
v 0.7500000 0.1000000 0.7500000
v 0.6114150 0.1000000 0.8074050
v 0.6439350 0.1000000 0.8560650
v 0.7500000 0.1000000 0.7500000
v 0.6000000 0.1000000 0.7500000
v 0.6114150 0.1000000 0.8074050
v 0.7500000 0.1000000 0.7500000
v 0.6114150 0.1000000 0.6925950
v 0.6000000 0.1000000 0.7500000
v 0.7500000 0.1000000 0.7500000
v 0.6439350 0.1000000 0.6439350
v 0.6114150 0.1000000 0.6925950
v 0.7500000 0.1000000 0.7500000
v 0.6925950 0.1000000 0.6114150
v 0.6439350 0.1000000 0.6439350
v 0.7500000 0.1000000 0.7500000
v 0.7500000 0.1000000 0.6000000
v 0.6925950 0.1000000 0.6114150
v 0.7500000 0.1000000 0.7500000
v 0.8074050 0.1000000 0.6114150
v 0.7500000 0.1000000 0.6000000
v 0.7500000 0.1000000 0.7500000
v 0.8560650 0.1000000 0.6439350
v 0.8074050 0.1000000 0.6114150
v 0.7500000 0.1000000 0.7500000
v 0.8885850 0.1000000 0.6925950
v 0.8560650 0.1000000 0.6439350
v 0.7500000 0.1000000 0.7500000
v 0.9000000 0.1000000 0.7500000
v 0.8885850 0.1000000 0.6925950
v 0.7500000 0.1000000 0.7500000
v 0.9000000 0.1000000 1.2500000
v 0.8885850 0.1000000 1.3074050
v 0.8885850 -0.0000000 1.3074050
v 0.9000000 -0.0000000 1.2500000
v 0.8885850 0.1000000 1.3074050
v 0.8560650 0.1000000 1.3560650
v 0.8560650 -0.0000000 1.3560650
v 0.8885850 -0.0000000 1.3074050
v 0.8560650 0.1000000 1.3560650
v 0.8074050 0.1000000 1.3885850
v 0.8074050 -0.0000000 1.3885850
v 0.8560650 -0.0000000 1.3560650
v 0.8074050 0.1000000 1.3885850
v 0.7500000 0.1000000 1.4000000
v 0.7500000 -0.0000000 1.4000000
v 0.8074050 -0.0000000 1.3885850
v 0.7500000 0.1000000 1.4000000
v 0.6925950 0.1000000 1.3885850
v 0.6925950 -0.0000000 1.3885850
v 0.7500000 -0.0000000 1.4000000
v 0.6925950 0.1000000 1.3885850
v 0.6439350 0.1000000 1.3560650
v 0.6439350 -0.0000000 1.3560650
v 0.6925950 -0.0000000 1.3885850
v 0.6439350 0.1000000 1.3560650
v 0.6114150 0.1000000 1.3074050
v 0.6114150 -0.0000000 1.3074050
v 0.6439350 -0.0000000 1.3560650
v 0.6114150 0.1000000 1.3074050
v 0.6000000 0.1000000 1.2500000
v 0.6000000 -0.0000000 1.2500000
v 0.6114150 -0.0000000 1.3074050
v 0.6000000 0.1000000 1.2500000
v 0.6114150 0.1000000 1.1925950
v 0.6114150 -0.0000000 1.1925950
v 0.6000000 -0.0000000 1.2500000
v 0.6114150 0.1000000 1.1925950
v 0.6439350 0.1000000 1.1439350
v 0.6439350 -0.0000000 1.1439350
v 0.6114150 -0.0000000 1.1925950
v 0.6439350 0.1000000 1.1439350
v 0.6925950 0.1000000 1.1114150
v 0.6925950 -0.0000000 1.1114150
v 0.6439350 -0.0000000 1.1439350
v 0.6925950 0.1000000 1.1114150
v 0.7500000 0.1000000 1.1000000
v 0.7500000 -0.0000000 1.1000000
v 0.6925950 -0.0000000 1.1114150
v 0.7500000 0.1000000 1.1000000
v 0.8074050 0.1000000 1.1114150
v 0.8074050 -0.0000000 1.1114150
v 0.7500000 -0.0000000 1.1000000
v 0.8074050 0.1000000 1.1114150
v 0.8560650 0.1000000 1.1439350
v 0.8560650 -0.0000000 1.1439350
v 0.8074050 -0.0000000 1.1114150
v 0.8560650 0.1000000 1.1439350
v 0.8885850 0.1000000 1.1925950
v 0.8885850 -0.0000000 1.1925950
v 0.8560650 -0.0000000 1.1439350
v 0.8885850 0.1000000 1.1925950
v 0.9000000 0.1000000 1.2500000
v 0.9000000 -0.0000000 1.2500000
v 0.8885850 -0.0000000 1.1925950
v 0.8885850 0.1000000 1.3074050
v 0.9000000 0.1000000 1.2500000
v 0.7500000 0.1000000 1.2500000
v 0.8560650 0.1000000 1.3560650
v 0.8885850 0.1000000 1.3074050
v 0.7500000 0.1000000 1.2500000
v 0.8074050 0.1000000 1.3885850
v 0.8560650 0.1000000 1.3560650
v 0.7500000 0.1000000 1.2500000
v 0.7500000 0.1000000 1.4000000
v 0.8074050 0.1000000 1.3885850
v 0.7500000 0.1000000 1.2500000
v 0.6925950 0.1000000 1.3885850
v 0.7500000 0.1000000 1.4000000
v 0.7500000 0.1000000 1.2500000
v 0.6439350 0.1000000 1.3560650
v 0.6925950 0.1000000 1.3885850
v 0.7500000 0.1000000 1.2500000
v 0.6114150 0.1000000 1.3074050
v 0.6439350 0.1000000 1.3560650
v 0.7500000 0.1000000 1.2500000
v 0.6000000 0.1000000 1.2500000
v 0.6114150 0.1000000 1.3074050
v 0.7500000 0.1000000 1.2500000
v 0.6114150 0.1000000 1.1925950
v 0.6000000 0.1000000 1.2500000
v 0.7500000 0.1000000 1.2500000
v 0.6439350 0.1000000 1.1439350
v 0.6114150 0.1000000 1.1925950
v 0.7500000 0.1000000 1.2500000
v 0.6925950 0.1000000 1.1114150
v 0.6439350 0.1000000 1.1439350
v 0.7500000 0.1000000 1.2500000
v 0.7500000 0.1000000 1.1000000
v 0.6925950 0.1000000 1.1114150
v 0.7500000 0.1000000 1.2500000
v 0.8074050 0.1000000 1.1114150
v 0.7500000 0.1000000 1.1000000
v 0.7500000 0.1000000 1.2500000
v 0.8560650 0.1000000 1.1439350
v 0.8074050 0.1000000 1.1114150
v 0.7500000 0.1000000 1.2500000
v 0.8885850 0.1000000 1.1925950
v 0.8560650 0.1000000 1.1439350
v 0.7500000 0.1000000 1.2500000
v 0.9000000 0.1000000 1.2500000
v 0.8885850 0.1000000 1.1925950
v 0.7500000 0.1000000 1.2500000
v 1.4000000 0.1000000 0.2500000
v 1.3885850 0.1000000 0.3074050
v 1.3885850 -0.0000000 0.3074050
v 1.4000000 -0.0000000 0.2500000
v 1.3885850 0.1000000 0.3074050
v 1.3560650 0.1000000 0.3560650
v 1.3560650 -0.0000000 0.3560650
v 1.3885850 -0.0000000 0.3074050
v 1.3560650 0.1000000 0.3560650
v 1.3074050 0.1000000 0.3885850
v 1.3074050 -0.0000000 0.3885850
v 1.3560650 -0.0000000 0.3560650
v 1.3074050 0.1000000 0.3885850
v 1.2500000 0.1000000 0.4000000
v 1.2500000 -0.0000000 0.4000000
v 1.3074050 -0.0000000 0.3885850
v 1.2500000 0.1000000 0.4000000
v 1.1925950 0.1000000 0.3885850
v 1.1925950 -0.0000000 0.3885850
v 1.2500000 -0.0000000 0.4000000
v 1.1925950 0.1000000 0.3885850
v 1.1439350 0.1000000 0.3560650
v 1.1439350 -0.0000000 0.3560650
v 1.1925950 -0.0000000 0.3885850
v 1.1439350 0.1000000 0.3560650
v 1.1114150 0.1000000 0.3074050
v 1.1114150 -0.0000000 0.3074050
v 1.1439350 -0.0000000 0.3560650
v 1.1114150 0.1000000 0.3074050
v 1.1000000 0.1000000 0.2500000
v 1.1000000 -0.0000000 0.2500000
v 1.1114150 -0.0000000 0.3074050
v 1.1000000 0.1000000 0.2500000
v 1.1114150 0.1000000 0.1925950
v 1.1114150 -0.0000000 0.1925950
v 1.1000000 -0.0000000 0.2500000
v 1.1114150 0.1000000 0.1925950
v 1.1439350 0.1000000 0.1439350
v 1.1439350 -0.0000000 0.1439350
v 1.1114150 -0.0000000 0.1925950
v 1.1439350 0.1000000 0.1439350
v 1.1925950 0.1000000 0.1114150
v 1.1925950 -0.0000000 0.1114150
v 1.1439350 -0.0000000 0.1439350
v 1.1925950 0.1000000 0.1114150
v 1.2500000 0.1000000 0.1000000
v 1.2500000 -0.0000000 0.1000000
v 1.1925950 -0.0000000 0.1114150
v 1.2500000 0.1000000 0.1000000
v 1.3074050 0.1000000 0.1114150
v 1.3074050 -0.0000000 0.1114150
v 1.2500000 -0.0000000 0.1000000
v 1.3074050 0.1000000 0.1114150
v 1.3560650 0.1000000 0.1439350
v 1.3560650 -0.0000000 0.1439350
v 1.3074050 -0.0000000 0.1114150
v 1.3560650 0.1000000 0.1439350
v 1.3885850 0.1000000 0.1925950
v 1.3885850 -0.0000000 0.1925950
v 1.3560650 -0.0000000 0.1439350
v 1.3885850 0.1000000 0.1925950
v 1.4000000 0.1000000 0.2500000
v 1.4000000 -0.0000000 0.2500000
v 1.3885850 -0.0000000 0.1925950
v 1.3885850 0.1000000 0.3074050
v 1.4000000 0.1000000 0.2500000
v 1.2500000 0.1000000 0.2500000
v 1.3560650 0.1000000 0.3560650
v 1.3885850 0.1000000 0.3074050
v 1.2500000 0.1000000 0.2500000
v 1.3074050 0.1000000 0.3885850
v 1.3560650 0.1000000 0.3560650
v 1.2500000 0.1000000 0.2500000
v 1.2500000 0.1000000 0.4000000
v 1.3074050 0.1000000 0.3885850
v 1.2500000 0.1000000 0.2500000
v 1.1925950 0.1000000 0.3885850
v 1.2500000 0.1000000 0.4000000
v 1.2500000 0.1000000 0.2500000
v 1.1439350 0.1000000 0.3560650
v 1.1925950 0.1000000 0.3885850
v 1.2500000 0.1000000 0.2500000
v 1.1114150 0.1000000 0.3074050
v 1.1439350 0.1000000 0.3560650
v 1.2500000 0.1000000 0.2500000
v 1.1000000 0.1000000 0.2500000
v 1.1114150 0.1000000 0.3074050
v 1.2500000 0.1000000 0.2500000
v 1.1114150 0.1000000 0.1925950
v 1.1000000 0.1000000 0.2500000
v 1.2500000 0.1000000 0.2500000
v 1.1439350 0.1000000 0.1439350
v 1.1114150 0.1000000 0.1925950
v 1.2500000 0.1000000 0.2500000
v 1.1925950 0.1000000 0.1114150
v 1.1439350 0.1000000 0.1439350
v 1.2500000 0.1000000 0.2500000
v 1.2500000 0.1000000 0.1000000
v 1.1925950 0.1000000 0.1114150
v 1.2500000 0.1000000 0.2500000
v 1.3074050 0.1000000 0.1114150
v 1.2500000 0.1000000 0.1000000
v 1.2500000 0.1000000 0.2500000
v 1.3560650 0.1000000 0.1439350
v 1.3074050 0.1000000 0.1114150
v 1.2500000 0.1000000 0.2500000
v 1.3885850 0.1000000 0.1925950
v 1.3560650 0.1000000 0.1439350
v 1.2500000 0.1000000 0.2500000
v 1.4000000 0.1000000 0.2500000
v 1.3885850 0.1000000 0.1925950
v 1.2500000 0.1000000 0.2500000
v 1.4000000 0.1000000 0.7500000
v 1.3885850 0.1000000 0.8074050
v 1.3885850 -0.0000000 0.8074050
v 1.4000000 -0.0000000 0.7500000
v 1.3885850 0.1000000 0.8074050
v 1.3560650 0.1000000 0.8560650
v 1.3560650 -0.0000000 0.8560650
v 1.3885850 -0.0000000 0.8074050
v 1.3560650 0.1000000 0.8560650
v 1.3074050 0.1000000 0.8885850
v 1.3074050 -0.0000000 0.8885850
v 1.3560650 -0.0000000 0.8560650
v 1.3074050 0.1000000 0.8885850
v 1.2500000 0.1000000 0.9000000
v 1.2500000 -0.0000000 0.9000000
v 1.3074050 -0.0000000 0.8885850
v 1.2500000 0.1000000 0.9000000
v 1.1925950 0.1000000 0.8885850
v 1.1925950 -0.0000000 0.8885850
v 1.2500000 -0.0000000 0.9000000
v 1.1925950 0.1000000 0.8885850
v 1.1439350 0.1000000 0.8560650
v 1.1439350 -0.0000000 0.8560650
v 1.1925950 -0.0000000 0.8885850
v 1.1439350 0.1000000 0.8560650
v 1.1114150 0.1000000 0.8074050
v 1.1114150 -0.0000000 0.8074050
v 1.1439350 -0.0000000 0.8560650
v 1.1114150 0.1000000 0.8074050
v 1.1000000 0.1000000 0.7500000
v 1.1000000 -0.0000000 0.7500000
v 1.1114150 -0.0000000 0.8074050
v 1.1000000 0.1000000 0.7500000
v 1.1114150 0.1000000 0.6925950
v 1.1114150 -0.0000000 0.6925950
v 1.1000000 -0.0000000 0.7500000
v 1.1114150 0.1000000 0.6925950
v 1.1439350 0.1000000 0.6439350
v 1.1439350 -0.0000000 0.6439350
v 1.1114150 -0.0000000 0.6925950
v 1.1439350 0.1000000 0.6439350
v 1.1925950 0.1000000 0.6114150
v 1.1925950 -0.0000000 0.6114150
v 1.1439350 -0.0000000 0.6439350
v 1.1925950 0.1000000 0.6114150
v 1.2500000 0.1000000 0.6000000
v 1.2500000 -0.0000000 0.6000000
v 1.1925950 -0.0000000 0.6114150
v 1.2500000 0.1000000 0.6000000
v 1.3074050 0.1000000 0.6114150
v 1.3074050 -0.0000000 0.6114150
v 1.2500000 -0.0000000 0.6000000
v 1.3074050 0.1000000 0.6114150
v 1.3560650 0.1000000 0.6439350
v 1.3560650 -0.0000000 0.6439350
v 1.3074050 -0.0000000 0.6114150
v 1.3560650 0.1000000 0.6439350
v 1.3885850 0.1000000 0.6925950
v 1.3885850 -0.0000000 0.6925950
v 1.3560650 -0.0000000 0.6439350
v 1.3885850 0.1000000 0.6925950
v 1.4000000 0.1000000 0.7500000
v 1.4000000 -0.0000000 0.7500000
v 1.3885850 -0.0000000 0.6925950
v 1.3885850 0.1000000 0.8074050
v 1.4000000 0.1000000 0.7500000
v 1.2500000 0.1000000 0.7500000
v 1.3560650 0.1000000 0.8560650
v 1.3885850 0.1000000 0.8074050
v 1.2500000 0.1000000 0.7500000
v 1.3074050 0.1000000 0.8885850
v 1.3560650 0.1000000 0.8560650
v 1.2500000 0.1000000 0.7500000
v 1.2500000 0.1000000 0.9000000
v 1.3074050 0.1000000 0.8885850
v 1.2500000 0.1000000 0.7500000
v 1.1925950 0.1000000 0.8885850
v 1.2500000 0.1000000 0.9000000
v 1.2500000 0.1000000 0.7500000
v 1.1439350 0.1000000 0.8560650
v 1.1925950 0.1000000 0.8885850
v 1.2500000 0.1000000 0.7500000
v 1.1114150 0.1000000 0.8074050
v 1.1439350 0.1000000 0.8560650
v 1.2500000 0.1000000 0.7500000
v 1.1000000 0.1000000 0.7500000
v 1.1114150 0.1000000 0.8074050
v 1.2500000 0.1000000 0.7500000
v 1.1114150 0.1000000 0.6925950
v 1.1000000 0.1000000 0.7500000
v 1.2500000 0.1000000 0.7500000
v 1.1439350 0.1000000 0.6439350
v 1.1114150 0.1000000 0.6925950
v 1.2500000 0.1000000 0.7500000
v 1.1925950 0.1000000 0.6114150
v 1.1439350 0.1000000 0.6439350
v 1.2500000 0.1000000 0.7500000
v 1.2500000 0.1000000 0.6000000
v 1.1925950 0.1000000 0.6114150
v 1.2500000 0.1000000 0.7500000
v 1.3074050 0.1000000 0.6114150
v 1.2500000 0.1000000 0.6000000
v 1.2500000 0.1000000 0.7500000
v 1.3560650 0.1000000 0.6439350
v 1.3074050 0.1000000 0.6114150
v 1.2500000 0.1000000 0.7500000
v 1.3885850 0.1000000 0.6925950
v 1.3560650 0.1000000 0.6439350
v 1.2500000 0.1000000 0.7500000
v 1.4000000 0.1000000 0.7500000
v 1.3885850 0.1000000 0.6925950
v 1.2500000 0.1000000 0.7500000
v 1.4000000 0.1000000 1.2500000
v 1.3885850 0.1000000 1.3074050
v 1.3885850 -0.0000000 1.3074050
v 1.4000000 -0.0000000 1.2500000
v 1.3885850 0.1000000 1.3074050
v 1.3560650 0.1000000 1.3560650
v 1.3560650 -0.0000000 1.3560650
v 1.3885850 -0.0000000 1.3074050
v 1.3560650 0.1000000 1.3560650
v 1.3074050 0.1000000 1.3885850
v 1.3074050 -0.0000000 1.3885850
v 1.3560650 -0.0000000 1.3560650
v 1.3074050 0.1000000 1.3885850
v 1.2500000 0.1000000 1.4000000
v 1.2500000 -0.0000000 1.4000000
v 1.3074050 -0.0000000 1.3885850
v 1.2500000 0.1000000 1.4000000
v 1.1925950 0.1000000 1.3885850
v 1.1925950 -0.0000000 1.3885850
v 1.2500000 -0.0000000 1.4000000
v 1.1925950 0.1000000 1.3885850
v 1.1439350 0.1000000 1.3560650
v 1.1439350 -0.0000000 1.3560650
v 1.1925950 -0.0000000 1.3885850
v 1.1439350 0.1000000 1.3560650
v 1.1114150 0.1000000 1.3074050
v 1.1114150 -0.0000000 1.3074050
v 1.1439350 -0.0000000 1.3560650
v 1.1114150 0.1000000 1.3074050
v 1.1000000 0.1000000 1.2500000
v 1.1000000 -0.0000000 1.2500000
v 1.1114150 -0.0000000 1.3074050
v 1.1000000 0.1000000 1.2500000
v 1.1114150 0.1000000 1.1925950
v 1.1114150 -0.0000000 1.1925950
v 1.1000000 -0.0000000 1.2500000
v 1.1114150 0.1000000 1.1925950
v 1.1439350 0.1000000 1.1439350
v 1.1439350 -0.0000000 1.1439350
v 1.1114150 -0.0000000 1.1925950
v 1.1439350 0.1000000 1.1439350
v 1.1925950 0.1000000 1.1114150
v 1.1925950 -0.0000000 1.1114150
v 1.1439350 -0.0000000 1.1439350
v 1.1925950 0.1000000 1.1114150
v 1.2500000 0.1000000 1.1000000
v 1.2500000 -0.0000000 1.1000000
v 1.1925950 -0.0000000 1.1114150
v 1.2500000 0.1000000 1.1000000
v 1.3074050 0.1000000 1.1114150
v 1.3074050 -0.0000000 1.1114150
v 1.2500000 -0.0000000 1.1000000
v 1.3074050 0.1000000 1.1114150
v 1.3560650 0.1000000 1.1439350
v 1.3560650 -0.0000000 1.1439350
v 1.3074050 -0.0000000 1.1114150
v 1.3560650 0.1000000 1.1439350
v 1.3885850 0.1000000 1.1925950
v 1.3885850 -0.0000000 1.1925950
v 1.3560650 -0.0000000 1.1439350
v 1.3885850 0.1000000 1.1925950
v 1.4000000 0.1000000 1.2500000
v 1.4000000 -0.0000000 1.2500000
v 1.3885850 -0.0000000 1.1925950
v 1.3885850 0.1000000 1.3074050
v 1.4000000 0.1000000 1.2500000
v 1.2500000 0.1000000 1.2500000
v 1.3560650 0.1000000 1.3560650
v 1.3885850 0.1000000 1.3074050
v 1.2500000 0.1000000 1.2500000
v 1.3074050 0.1000000 1.3885850
v 1.3560650 0.1000000 1.3560650
v 1.2500000 0.1000000 1.2500000
v 1.2500000 0.1000000 1.4000000
v 1.3074050 0.1000000 1.3885850
v 1.2500000 0.1000000 1.2500000
v 1.1925950 0.1000000 1.3885850
v 1.2500000 0.1000000 1.4000000
v 1.2500000 0.1000000 1.2500000
v 1.1439350 0.1000000 1.3560650
v 1.1925950 0.1000000 1.3885850
v 1.2500000 0.1000000 1.2500000
v 1.1114150 0.1000000 1.3074050
v 1.1439350 0.1000000 1.3560650
v 1.2500000 0.1000000 1.2500000
v 1.1000000 0.1000000 1.2500000
v 1.1114150 0.1000000 1.3074050
v 1.2500000 0.1000000 1.2500000
v 1.1114150 0.1000000 1.1925950
v 1.1000000 0.1000000 1.2500000
v 1.2500000 0.1000000 1.2500000
v 1.1439350 0.1000000 1.1439350
v 1.1114150 0.1000000 1.1925950
v 1.2500000 0.1000000 1.2500000
v 1.1925950 0.1000000 1.1114150
v 1.1439350 0.1000000 1.1439350
v 1.2500000 0.1000000 1.2500000
v 1.2500000 0.1000000 1.1000000
v 1.1925950 0.1000000 1.1114150
v 1.2500000 0.1000000 1.2500000
v 1.3074050 0.1000000 1.1114150
v 1.2500000 0.1000000 1.1000000
v 1.2500000 0.1000000 1.2500000
v 1.3560650 0.1000000 1.1439350
v 1.3074050 0.1000000 1.1114150
v 1.2500000 0.1000000 1.2500000
v 1.3885850 0.1000000 1.1925950
v 1.3560650 0.1000000 1.1439350
v 1.2500000 0.1000000 1.2500000
v 1.4000000 0.1000000 1.2500000
v 1.3885850 0.1000000 1.1925950
v 1.2500000 0.1000000 1.2500000
v 0.4000000 0.1000000 -1.2500000
v 0.3885850 0.1000000 -1.1925950
v 0.3885850 -0.0000000 -1.1925950
v 0.4000000 -0.0000000 -1.2500000
v 0.3885850 0.1000000 -1.1925950
v 0.3560650 0.1000000 -1.1439350
v 0.3560650 -0.0000000 -1.1439350
v 0.3885850 -0.0000000 -1.1925950
v 0.3560650 0.1000000 -1.1439350
v 0.3074050 0.1000000 -1.1114150
v 0.3074050 -0.0000000 -1.1114150
v 0.3560650 -0.0000000 -1.1439350
v 0.3074050 0.1000000 -1.1114150
v 0.2500000 0.1000000 -1.1000000
v 0.2500000 -0.0000000 -1.1000000
v 0.3074050 -0.0000000 -1.1114150
v 0.2500000 0.1000000 -1.1000000
v 0.1925950 0.1000000 -1.1114150
v 0.1925950 -0.0000000 -1.1114150
v 0.2500000 -0.0000000 -1.1000000
v 0.1925950 0.1000000 -1.1114150
v 0.1439350 0.1000000 -1.1439350
v 0.1439350 -0.0000000 -1.1439350
v 0.1925950 -0.0000000 -1.1114150
v 0.1439350 0.1000000 -1.1439350
v 0.1114150 0.1000000 -1.1925950
v 0.1114150 -0.0000000 -1.1925950
v 0.1439350 -0.0000000 -1.1439350
v 0.1114150 0.1000000 -1.1925950
v 0.1000000 0.1000000 -1.2500000
v 0.1000000 -0.0000000 -1.2500000
v 0.1114150 -0.0000000 -1.1925950
v 0.1000000 0.1000000 -1.2500000
v 0.1114150 0.1000000 -1.3074050
v 0.1114150 -0.0000000 -1.3074050
v 0.1000000 -0.0000000 -1.2500000
v 0.1114150 0.1000000 -1.3074050
v 0.1439350 0.1000000 -1.3560650
v 0.1439350 -0.0000000 -1.3560650
v 0.1114150 -0.0000000 -1.3074050
v 0.1439350 0.1000000 -1.3560650
v 0.1925950 0.1000000 -1.3885850
v 0.1925950 -0.0000000 -1.3885850
v 0.1439350 -0.0000000 -1.3560650
v 0.1925950 0.1000000 -1.3885850
v 0.2500000 0.1000000 -1.4000000
v 0.2500000 -0.0000000 -1.4000000
v 0.1925950 -0.0000000 -1.3885850
v 0.2500000 0.1000000 -1.4000000
v 0.3074050 0.1000000 -1.3885850
v 0.3074050 -0.0000000 -1.3885850
v 0.2500000 -0.0000000 -1.4000000
v 0.3074050 0.1000000 -1.3885850
v 0.3560650 0.1000000 -1.3560650
v 0.3560650 -0.0000000 -1.3560650
v 0.3074050 -0.0000000 -1.3885850
v 0.3560650 0.1000000 -1.3560650
v 0.3885850 0.1000000 -1.3074050
v 0.3885850 -0.0000000 -1.3074050
v 0.3560650 -0.0000000 -1.3560650
v 0.3885850 0.1000000 -1.3074050
v 0.4000000 0.1000000 -1.2500000
v 0.4000000 -0.0000000 -1.2500000
v 0.3885850 -0.0000000 -1.3074050
v 0.3885850 0.1000000 -1.1925950
v 0.4000000 0.1000000 -1.2500000
v 0.2500000 0.1000000 -1.2500000
v 0.3560650 0.1000000 -1.1439350
v 0.3885850 0.1000000 -1.1925950
v 0.2500000 0.1000000 -1.2500000
v 0.3074050 0.1000000 -1.1114150
v 0.3560650 0.1000000 -1.1439350
v 0.2500000 0.1000000 -1.2500000
v 0.2500000 0.1000000 -1.1000000
v 0.3074050 0.1000000 -1.1114150
v 0.2500000 0.1000000 -1.2500000
v 0.1925950 0.1000000 -1.1114150
v 0.2500000 0.1000000 -1.1000000
v 0.2500000 0.1000000 -1.2500000
v 0.1439350 0.1000000 -1.1439350
v 0.1925950 0.1000000 -1.1114150
v 0.2500000 0.1000000 -1.2500000
v 0.1114150 0.1000000 -1.1925950
v 0.1439350 0.1000000 -1.1439350
v 0.2500000 0.1000000 -1.2500000
v 0.1000000 0.1000000 -1.2500000
v 0.1114150 0.1000000 -1.1925950
v 0.2500000 0.1000000 -1.2500000
v 0.1114150 0.1000000 -1.3074050
v 0.1000000 0.1000000 -1.2500000
v 0.2500000 0.1000000 -1.2500000
v 0.1439350 0.1000000 -1.3560650
v 0.1114150 0.1000000 -1.3074050
v 0.2500000 0.1000000 -1.2500000
v 0.1925950 0.1000000 -1.3885850
v 0.1439350 0.1000000 -1.3560650
v 0.2500000 0.1000000 -1.2500000
v 0.2500000 0.1000000 -1.4000000
v 0.1925950 0.1000000 -1.3885850
v 0.2500000 0.1000000 -1.2500000
v 0.3074050 0.1000000 -1.3885850
v 0.2500000 0.1000000 -1.4000000
v 0.2500000 0.1000000 -1.2500000
v 0.3560650 0.1000000 -1.3560650
v 0.3074050 0.1000000 -1.3885850
v 0.2500000 0.1000000 -1.2500000
v 0.3885850 0.1000000 -1.3074050
v 0.3560650 0.1000000 -1.3560650
v 0.2500000 0.1000000 -1.2500000
v 0.4000000 0.1000000 -1.2500000
v 0.3885850 0.1000000 -1.3074050
v 0.2500000 0.1000000 -1.2500000
v 0.4000000 0.1000000 -0.7500000
v 0.3885850 0.1000000 -0.6925950
v 0.3885850 -0.0000000 -0.6925950
v 0.4000000 -0.0000000 -0.7500000
v 0.3885850 0.1000000 -0.6925950
v 0.3560650 0.1000000 -0.6439350
v 0.3560650 -0.0000000 -0.6439350
v 0.3885850 -0.0000000 -0.6925950
v 0.3560650 0.1000000 -0.6439350
v 0.3074050 0.1000000 -0.6114150
v 0.3074050 -0.0000000 -0.6114150
v 0.3560650 -0.0000000 -0.6439350
v 0.3074050 0.1000000 -0.6114150
v 0.2500000 0.1000000 -0.6000000
v 0.2500000 -0.0000000 -0.6000000
v 0.3074050 -0.0000000 -0.6114150
v 0.2500000 0.1000000 -0.6000000
v 0.1925950 0.1000000 -0.6114150
v 0.1925950 -0.0000000 -0.6114150
v 0.2500000 -0.0000000 -0.6000000
v 0.1925950 0.1000000 -0.6114150
v 0.1439350 0.1000000 -0.6439350
v 0.1439350 -0.0000000 -0.6439350
v 0.1925950 -0.0000000 -0.6114150
v 0.1439350 0.1000000 -0.6439350
v 0.1114150 0.1000000 -0.6925950
v 0.1114150 -0.0000000 -0.6925950
v 0.1439350 -0.0000000 -0.6439350
v 0.1114150 0.1000000 -0.6925950
v 0.1000000 0.1000000 -0.7500000
v 0.1000000 -0.0000000 -0.7500000
v 0.1114150 -0.0000000 -0.6925950
v 0.1000000 0.1000000 -0.7500000
v 0.1114150 0.1000000 -0.8074050
v 0.1114150 -0.0000000 -0.8074050
v 0.1000000 -0.0000000 -0.7500000
v 0.1114150 0.1000000 -0.8074050
v 0.1439350 0.1000000 -0.8560650
v 0.1439350 -0.0000000 -0.8560650
v 0.1114150 -0.0000000 -0.8074050
v 0.1439350 0.1000000 -0.8560650
v 0.1925950 0.1000000 -0.8885850
v 0.1925950 -0.0000000 -0.8885850
v 0.1439350 -0.0000000 -0.8560650
v 0.1925950 0.1000000 -0.8885850
v 0.2500000 0.1000000 -0.9000000
v 0.2500000 -0.0000000 -0.9000000
v 0.1925950 -0.0000000 -0.8885850
v 0.2500000 0.1000000 -0.9000000
v 0.3074050 0.1000000 -0.8885850
v 0.3074050 -0.0000000 -0.8885850
v 0.2500000 -0.0000000 -0.9000000
v 0.3074050 0.1000000 -0.8885850
v 0.3560650 0.1000000 -0.8560650
v 0.3560650 -0.0000000 -0.8560650
v 0.3074050 -0.0000000 -0.8885850
v 0.3560650 0.1000000 -0.8560650
v 0.3885850 0.1000000 -0.8074050
v 0.3885850 -0.0000000 -0.8074050
v 0.3560650 -0.0000000 -0.8560650
v 0.3885850 0.1000000 -0.8074050
v 0.4000000 0.1000000 -0.7500000
v 0.4000000 -0.0000000 -0.7500000
v 0.3885850 -0.0000000 -0.8074050
v 0.3885850 0.1000000 -0.6925950
v 0.4000000 0.1000000 -0.7500000
v 0.2500000 0.1000000 -0.7500000
v 0.3560650 0.1000000 -0.6439350
v 0.3885850 0.1000000 -0.6925950
v 0.2500000 0.1000000 -0.7500000
v 0.3074050 0.1000000 -0.6114150
v 0.3560650 0.1000000 -0.6439350
v 0.2500000 0.1000000 -0.7500000
v 0.2500000 0.1000000 -0.6000000
v 0.3074050 0.1000000 -0.6114150
v 0.2500000 0.1000000 -0.7500000
v 0.1925950 0.1000000 -0.6114150
v 0.2500000 0.1000000 -0.6000000
v 0.2500000 0.1000000 -0.7500000
v 0.1439350 0.1000000 -0.6439350
v 0.1925950 0.1000000 -0.6114150
v 0.2500000 0.1000000 -0.7500000
v 0.1114150 0.1000000 -0.6925950
v 0.1439350 0.1000000 -0.6439350
v 0.2500000 0.1000000 -0.7500000
v 0.1000000 0.1000000 -0.7500000
v 0.1114150 0.1000000 -0.6925950
v 0.2500000 0.1000000 -0.7500000
v 0.1114150 0.1000000 -0.8074050
v 0.1000000 0.1000000 -0.7500000
v 0.2500000 0.1000000 -0.7500000
v 0.1439350 0.1000000 -0.8560650
v 0.1114150 0.1000000 -0.8074050
v 0.2500000 0.1000000 -0.7500000
v 0.1925950 0.1000000 -0.8885850
v 0.1439350 0.1000000 -0.8560650
v 0.2500000 0.1000000 -0.7500000
v 0.2500000 0.1000000 -0.9000000
v 0.1925950 0.1000000 -0.8885850
v 0.2500000 0.1000000 -0.7500000
v 0.3074050 0.1000000 -0.8885850
v 0.2500000 0.1000000 -0.9000000
v 0.2500000 0.1000000 -0.7500000
v 0.3560650 0.1000000 -0.8560650
v 0.3074050 0.1000000 -0.8885850
v 0.2500000 0.1000000 -0.7500000
v 0.3885850 0.1000000 -0.8074050
v 0.3560650 0.1000000 -0.8560650
v 0.2500000 0.1000000 -0.7500000
v 0.4000000 0.1000000 -0.7500000
v 0.3885850 0.1000000 -0.8074050
v 0.2500000 0.1000000 -0.7500000
v 0.4000000 0.1000000 -0.2500000
v 0.3885850 0.1000000 -0.1925950
v 0.3885850 -0.0000000 -0.1925950
v 0.4000000 -0.0000000 -0.2500000
v 0.3885850 0.1000000 -0.1925950
v 0.3560650 0.1000000 -0.1439350
v 0.3560650 -0.0000000 -0.1439350
v 0.3885850 -0.0000000 -0.1925950
v 0.3560650 0.1000000 -0.1439350
v 0.3074050 0.1000000 -0.1114150
v 0.3074050 -0.0000000 -0.1114150
v 0.3560650 -0.0000000 -0.1439350
v 0.3074050 0.1000000 -0.1114150
v 0.2500000 0.1000000 -0.1000000
v 0.2500000 -0.0000000 -0.1000000
v 0.3074050 -0.0000000 -0.1114150
v 0.2500000 0.1000000 -0.1000000
v 0.1925950 0.1000000 -0.1114150
v 0.1925950 -0.0000000 -0.1114150
v 0.2500000 -0.0000000 -0.1000000
v 0.1925950 0.1000000 -0.1114150
v 0.1439350 0.1000000 -0.1439350
v 0.1439350 -0.0000000 -0.1439350
v 0.1925950 -0.0000000 -0.1114150
v 0.1439350 0.1000000 -0.1439350
v 0.1114150 0.1000000 -0.1925950
v 0.1114150 -0.0000000 -0.1925950
v 0.1439350 -0.0000000 -0.1439350
v 0.1114150 0.1000000 -0.1925950
v 0.1000000 0.1000000 -0.2500000
v 0.1000000 -0.0000000 -0.2500000
v 0.1114150 -0.0000000 -0.1925950
v 0.1000000 0.1000000 -0.2500000
v 0.1114150 0.1000000 -0.3074050
v 0.1114150 -0.0000000 -0.3074050
v 0.1000000 -0.0000000 -0.2500000
v 0.1114150 0.1000000 -0.3074050
v 0.1439350 0.1000000 -0.3560650
v 0.1439350 -0.0000000 -0.3560650
v 0.1114150 -0.0000000 -0.3074050
v 0.1439350 0.1000000 -0.3560650
v 0.1925950 0.1000000 -0.3885850
v 0.1925950 -0.0000000 -0.3885850
v 0.1439350 -0.0000000 -0.3560650
v 0.1925950 0.1000000 -0.3885850
v 0.2500000 0.1000000 -0.4000000
v 0.2500000 -0.0000000 -0.4000000
v 0.1925950 -0.0000000 -0.3885850
v 0.2500000 0.1000000 -0.4000000
v 0.3074050 0.1000000 -0.3885850
v 0.3074050 -0.0000000 -0.3885850
v 0.2500000 -0.0000000 -0.4000000
v 0.3074050 0.1000000 -0.3885850
v 0.3560650 0.1000000 -0.3560650
v 0.3560650 -0.0000000 -0.3560650
v 0.3074050 -0.0000000 -0.3885850
v 0.3560650 0.1000000 -0.3560650
v 0.3885850 0.1000000 -0.3074050
v 0.3885850 -0.0000000 -0.3074050
v 0.3560650 -0.0000000 -0.3560650
v 0.3885850 0.1000000 -0.3074050
v 0.4000000 0.1000000 -0.2500000
v 0.4000000 -0.0000000 -0.2500000
v 0.3885850 -0.0000000 -0.3074050
v 0.3885850 0.1000000 -0.1925950
v 0.4000000 0.1000000 -0.2500000
v 0.2500000 0.1000000 -0.2500000
v 0.3560650 0.1000000 -0.1439350
v 0.3885850 0.1000000 -0.1925950
v 0.2500000 0.1000000 -0.2500000
v 0.3074050 0.1000000 -0.1114150
v 0.3560650 0.1000000 -0.1439350
v 0.2500000 0.1000000 -0.2500000
v 0.2500000 0.1000000 -0.1000000
v 0.3074050 0.1000000 -0.1114150
v 0.2500000 0.1000000 -0.2500000
v 0.1925950 0.1000000 -0.1114150
v 0.2500000 0.1000000 -0.1000000
v 0.2500000 0.1000000 -0.2500000
v 0.1439350 0.1000000 -0.1439350
v 0.1925950 0.1000000 -0.1114150
v 0.2500000 0.1000000 -0.2500000
v 0.1114150 0.1000000 -0.1925950
v 0.1439350 0.1000000 -0.1439350
v 0.2500000 0.1000000 -0.2500000
v 0.1000000 0.1000000 -0.2500000
v 0.1114150 0.1000000 -0.1925950
v 0.2500000 0.1000000 -0.2500000
v 0.1114150 0.1000000 -0.3074050
v 0.1000000 0.1000000 -0.2500000
v 0.2500000 0.1000000 -0.2500000
v 0.1439350 0.1000000 -0.3560650
v 0.1114150 0.1000000 -0.3074050
v 0.2500000 0.1000000 -0.2500000
v 0.1925950 0.1000000 -0.3885850
v 0.1439350 0.1000000 -0.3560650
v 0.2500000 0.1000000 -0.2500000
v 0.2500000 0.1000000 -0.4000000
v 0.1925950 0.1000000 -0.3885850
v 0.2500000 0.1000000 -0.2500000
v 0.3074050 0.1000000 -0.3885850
v 0.2500000 0.1000000 -0.4000000
v 0.2500000 0.1000000 -0.2500000
v 0.3560650 0.1000000 -0.3560650
v 0.3074050 0.1000000 -0.3885850
v 0.2500000 0.1000000 -0.2500000
v 0.3885850 0.1000000 -0.3074050
v 0.3560650 0.1000000 -0.3560650
v 0.2500000 0.1000000 -0.2500000
v 0.4000000 0.1000000 -0.2500000
v 0.3885850 0.1000000 -0.3074050
v 0.2500000 0.1000000 -0.2500000
v 0.9000000 0.1000000 -1.2500000
v 0.8885850 0.1000000 -1.1925950
v 0.8885850 -0.0000000 -1.1925950
v 0.9000000 -0.0000000 -1.2500000
v 0.8885850 0.1000000 -1.1925950
v 0.8560650 0.1000000 -1.1439350
v 0.8560650 -0.0000000 -1.1439350
v 0.8885850 -0.0000000 -1.1925950
v 0.8560650 0.1000000 -1.1439350
v 0.8074050 0.1000000 -1.1114150
v 0.8074050 -0.0000000 -1.1114150
v 0.8560650 -0.0000000 -1.1439350
v 0.8074050 0.1000000 -1.1114150
v 0.7500000 0.1000000 -1.1000000
v 0.7500000 -0.0000000 -1.1000000
v 0.8074050 -0.0000000 -1.1114150
v 0.7500000 0.1000000 -1.1000000
v 0.6925950 0.1000000 -1.1114150
v 0.6925950 -0.0000000 -1.1114150
v 0.7500000 -0.0000000 -1.1000000
v 0.6925950 0.1000000 -1.1114150
v 0.6439350 0.1000000 -1.1439350
v 0.6439350 -0.0000000 -1.1439350
v 0.6925950 -0.0000000 -1.1114150
v 0.6439350 0.1000000 -1.1439350
v 0.6114150 0.1000000 -1.1925950
v 0.6114150 -0.0000000 -1.1925950
v 0.6439350 -0.0000000 -1.1439350
v 0.6114150 0.1000000 -1.1925950
v 0.6000000 0.1000000 -1.2500000
v 0.6000000 -0.0000000 -1.2500000
v 0.6114150 -0.0000000 -1.1925950
v 0.6000000 0.1000000 -1.2500000
v 0.6114150 0.1000000 -1.3074050
v 0.6114150 -0.0000000 -1.3074050
v 0.6000000 -0.0000000 -1.2500000
v 0.6114150 0.1000000 -1.3074050
v 0.6439350 0.1000000 -1.3560650
v 0.6439350 -0.0000000 -1.3560650
v 0.6114150 -0.0000000 -1.3074050
v 0.6439350 0.1000000 -1.3560650
v 0.6925950 0.1000000 -1.3885850
v 0.6925950 -0.0000000 -1.3885850
v 0.6439350 -0.0000000 -1.3560650
v 0.6925950 0.1000000 -1.3885850
v 0.7500000 0.1000000 -1.4000000
v 0.7500000 -0.0000000 -1.4000000
v 0.6925950 -0.0000000 -1.3885850
v 0.7500000 0.1000000 -1.4000000
v 0.8074050 0.1000000 -1.3885850
v 0.8074050 -0.0000000 -1.3885850
v 0.7500000 -0.0000000 -1.4000000
v 0.8074050 0.1000000 -1.3885850
v 0.8560650 0.1000000 -1.3560650
v 0.8560650 -0.0000000 -1.3560650
v 0.8074050 -0.0000000 -1.3885850
v 0.8560650 0.1000000 -1.3560650
v 0.8885850 0.1000000 -1.3074050
v 0.8885850 -0.0000000 -1.3074050
v 0.8560650 -0.0000000 -1.3560650
v 0.8885850 0.1000000 -1.3074050
v 0.9000000 0.1000000 -1.2500000
v 0.9000000 -0.0000000 -1.2500000
v 0.8885850 -0.0000000 -1.3074050
v 0.8885850 0.1000000 -1.1925950
v 0.9000000 0.1000000 -1.2500000
v 0.7500000 0.1000000 -1.2500000
v 0.8560650 0.1000000 -1.1439350
v 0.8885850 0.1000000 -1.1925950
v 0.7500000 0.1000000 -1.2500000
v 0.8074050 0.1000000 -1.1114150
v 0.8560650 0.1000000 -1.1439350
v 0.7500000 0.1000000 -1.2500000
v 0.7500000 0.1000000 -1.1000000
v 0.8074050 0.1000000 -1.1114150
v 0.7500000 0.1000000 -1.2500000
v 0.6925950 0.1000000 -1.1114150
v 0.7500000 0.1000000 -1.1000000
v 0.7500000 0.1000000 -1.2500000
v 0.6439350 0.1000000 -1.1439350
v 0.6925950 0.1000000 -1.1114150
v 0.7500000 0.1000000 -1.2500000
v 0.6114150 0.1000000 -1.1925950
v 0.6439350 0.1000000 -1.1439350
v 0.7500000 0.1000000 -1.2500000
v 0.6000000 0.1000000 -1.2500000
v 0.6114150 0.1000000 -1.1925950
v 0.7500000 0.1000000 -1.2500000
v 0.6114150 0.1000000 -1.3074050
v 0.6000000 0.1000000 -1.2500000
v 0.7500000 0.1000000 -1.2500000
v 0.6439350 0.1000000 -1.3560650
v 0.6114150 0.1000000 -1.3074050
v 0.7500000 0.1000000 -1.2500000
v 0.6925950 0.1000000 -1.3885850
v 0.6439350 0.1000000 -1.3560650
v 0.7500000 0.1000000 -1.2500000
v 0.7500000 0.1000000 -1.4000000
v 0.6925950 0.1000000 -1.3885850
v 0.7500000 0.1000000 -1.2500000
v 0.8074050 0.1000000 -1.3885850
v 0.7500000 0.1000000 -1.4000000
v 0.7500000 0.1000000 -1.2500000
v 0.8560650 0.1000000 -1.3560650
v 0.8074050 0.1000000 -1.3885850
v 0.7500000 0.1000000 -1.2500000
v 0.8885850 0.1000000 -1.3074050
v 0.8560650 0.1000000 -1.3560650
v 0.7500000 0.1000000 -1.2500000
v 0.9000000 0.1000000 -1.2500000
v 0.8885850 0.1000000 -1.3074050
v 0.7500000 0.1000000 -1.2500000
v 0.9000000 0.1000000 -0.7500000
v 0.8885850 0.1000000 -0.6925950
v 0.8885850 -0.0000000 -0.6925950
v 0.9000000 -0.0000000 -0.7500000
v 0.8885850 0.1000000 -0.6925950
v 0.8560650 0.1000000 -0.6439350
v 0.8560650 -0.0000000 -0.6439350
v 0.8885850 -0.0000000 -0.6925950
v 0.8560650 0.1000000 -0.6439350
v 0.8074050 0.1000000 -0.6114150
v 0.8074050 -0.0000000 -0.6114150
v 0.8560650 -0.0000000 -0.6439350
v 0.8074050 0.1000000 -0.6114150
v 0.7500000 0.1000000 -0.6000000
v 0.7500000 -0.0000000 -0.6000000
v 0.8074050 -0.0000000 -0.6114150
v 0.7500000 0.1000000 -0.6000000
v 0.6925950 0.1000000 -0.6114150
v 0.6925950 -0.0000000 -0.6114150
v 0.7500000 -0.0000000 -0.6000000
v 0.6925950 0.1000000 -0.6114150
v 0.6439350 0.1000000 -0.6439350
v 0.6439350 -0.0000000 -0.6439350
v 0.6925950 -0.0000000 -0.6114150
v 0.6439350 0.1000000 -0.6439350
v 0.6114150 0.1000000 -0.6925950
v 0.6114150 -0.0000000 -0.6925950
v 0.6439350 -0.0000000 -0.6439350
v 0.6114150 0.1000000 -0.6925950
v 0.6000000 0.1000000 -0.7500000
v 0.6000000 -0.0000000 -0.7500000
v 0.6114150 -0.0000000 -0.6925950
v 0.6000000 0.1000000 -0.7500000
v 0.6114150 0.1000000 -0.8074050
v 0.6114150 -0.0000000 -0.8074050
v 0.6000000 -0.0000000 -0.7500000
v 0.6114150 0.1000000 -0.8074050
v 0.6439350 0.1000000 -0.8560650
v 0.6439350 -0.0000000 -0.8560650
v 0.6114150 -0.0000000 -0.8074050
v 0.6439350 0.1000000 -0.8560650
v 0.6925950 0.1000000 -0.8885850
v 0.6925950 -0.0000000 -0.8885850
v 0.6439350 -0.0000000 -0.8560650
v 0.6925950 0.1000000 -0.8885850
v 0.7500000 0.1000000 -0.9000000
v 0.7500000 -0.0000000 -0.9000000
v 0.6925950 -0.0000000 -0.8885850
v 0.7500000 0.1000000 -0.9000000
v 0.8074050 0.1000000 -0.8885850
v 0.8074050 -0.0000000 -0.8885850
v 0.7500000 -0.0000000 -0.9000000
v 0.8074050 0.1000000 -0.8885850
v 0.8560650 0.1000000 -0.8560650
v 0.8560650 -0.0000000 -0.8560650
v 0.8074050 -0.0000000 -0.8885850
v 0.8560650 0.1000000 -0.8560650
v 0.8885850 0.1000000 -0.8074050
v 0.8885850 -0.0000000 -0.8074050
v 0.8560650 -0.0000000 -0.8560650
v 0.8885850 0.1000000 -0.8074050
v 0.9000000 0.1000000 -0.7500000
v 0.9000000 -0.0000000 -0.7500000
v 0.8885850 -0.0000000 -0.8074050
v 0.8885850 0.1000000 -0.6925950
v 0.9000000 0.1000000 -0.7500000
v 0.7500000 0.1000000 -0.7500000
v 0.8560650 0.1000000 -0.6439350
v 0.8885850 0.1000000 -0.6925950
v 0.7500000 0.1000000 -0.7500000
v 0.8074050 0.1000000 -0.6114150
v 0.8560650 0.1000000 -0.6439350
v 0.7500000 0.1000000 -0.7500000
v 0.7500000 0.1000000 -0.6000000
v 0.8074050 0.1000000 -0.6114150
v 0.7500000 0.1000000 -0.7500000
v 0.6925950 0.1000000 -0.6114150
v 0.7500000 0.1000000 -0.6000000
v 0.7500000 0.1000000 -0.7500000
v 0.6439350 0.1000000 -0.6439350
v 0.6925950 0.1000000 -0.6114150
v 0.7500000 0.1000000 -0.7500000
v 0.6114150 0.1000000 -0.6925950
v 0.6439350 0.1000000 -0.6439350
v 0.7500000 0.1000000 -0.7500000
v 0.6000000 0.1000000 -0.7500000
v 0.6114150 0.1000000 -0.6925950
v 0.7500000 0.1000000 -0.7500000
v 0.6114150 0.1000000 -0.8074050
v 0.6000000 0.1000000 -0.7500000
v 0.7500000 0.1000000 -0.7500000
v 0.6439350 0.1000000 -0.8560650
v 0.6114150 0.1000000 -0.8074050
v 0.7500000 0.1000000 -0.7500000
v 0.6925950 0.1000000 -0.8885850
v 0.6439350 0.1000000 -0.8560650
v 0.7500000 0.1000000 -0.7500000
v 0.7500000 0.1000000 -0.9000000
v 0.6925950 0.1000000 -0.8885850
v 0.7500000 0.1000000 -0.7500000
v 0.8074050 0.1000000 -0.8885850
v 0.7500000 0.1000000 -0.9000000
v 0.7500000 0.1000000 -0.7500000
v 0.8560650 0.1000000 -0.8560650
v 0.8074050 0.1000000 -0.8885850
v 0.7500000 0.1000000 -0.7500000
v 0.8885850 0.1000000 -0.8074050
v 0.8560650 0.1000000 -0.8560650
v 0.7500000 0.1000000 -0.7500000
v 0.9000000 0.1000000 -0.7500000
v 0.8885850 0.1000000 -0.8074050
v 0.7500000 0.1000000 -0.7500000
v 0.9000000 0.1000000 -0.2500000
v 0.8885850 0.1000000 -0.1925950
v 0.8885850 -0.0000000 -0.1925950
v 0.9000000 -0.0000000 -0.2500000
v 0.8885850 0.1000000 -0.1925950
v 0.8560650 0.1000000 -0.1439350
v 0.8560650 -0.0000000 -0.1439350
v 0.8885850 -0.0000000 -0.1925950
v 0.8560650 0.1000000 -0.1439350
v 0.8074050 0.1000000 -0.1114150
v 0.8074050 -0.0000000 -0.1114150
v 0.8560650 -0.0000000 -0.1439350
v 0.8074050 0.1000000 -0.1114150
v 0.7500000 0.1000000 -0.1000000
v 0.7500000 -0.0000000 -0.1000000
v 0.8074050 -0.0000000 -0.1114150
v 0.7500000 0.1000000 -0.1000000
v 0.6925950 0.1000000 -0.1114150
v 0.6925950 -0.0000000 -0.1114150
v 0.7500000 -0.0000000 -0.1000000
v 0.6925950 0.1000000 -0.1114150
v 0.6439350 0.1000000 -0.1439350
v 0.6439350 -0.0000000 -0.1439350
v 0.6925950 -0.0000000 -0.1114150
v 0.6439350 0.1000000 -0.1439350
v 0.6114150 0.1000000 -0.1925950
v 0.6114150 -0.0000000 -0.1925950
v 0.6439350 -0.0000000 -0.1439350
v 0.6114150 0.1000000 -0.1925950
v 0.6000000 0.1000000 -0.2500000
v 0.6000000 -0.0000000 -0.2500000
v 0.6114150 -0.0000000 -0.1925950
v 0.6000000 0.1000000 -0.2500000
v 0.6114150 0.1000000 -0.3074050
v 0.6114150 -0.0000000 -0.3074050
v 0.6000000 -0.0000000 -0.2500000
v 0.6114150 0.1000000 -0.3074050
v 0.6439350 0.1000000 -0.3560650
v 0.6439350 -0.0000000 -0.3560650
v 0.6114150 -0.0000000 -0.3074050
v 0.6439350 0.1000000 -0.3560650
v 0.6925950 0.1000000 -0.3885850
v 0.6925950 -0.0000000 -0.3885850
v 0.6439350 -0.0000000 -0.3560650
v 0.6925950 0.1000000 -0.3885850
v 0.7500000 0.1000000 -0.4000000
v 0.7500000 -0.0000000 -0.4000000
v 0.6925950 -0.0000000 -0.3885850
v 0.7500000 0.1000000 -0.4000000
v 0.8074050 0.1000000 -0.3885850
v 0.8074050 -0.0000000 -0.3885850
v 0.7500000 -0.0000000 -0.4000000
v 0.8074050 0.1000000 -0.3885850
v 0.8560650 0.1000000 -0.3560650
v 0.8560650 -0.0000000 -0.3560650
v 0.8074050 -0.0000000 -0.3885850
v 0.8560650 0.1000000 -0.3560650
v 0.8885850 0.1000000 -0.3074050
v 0.8885850 -0.0000000 -0.3074050
v 0.8560650 -0.0000000 -0.3560650
v 0.8885850 0.1000000 -0.3074050
v 0.9000000 0.1000000 -0.2500000
v 0.9000000 -0.0000000 -0.2500000
v 0.8885850 -0.0000000 -0.3074050
v 0.8885850 0.1000000 -0.1925950
v 0.9000000 0.1000000 -0.2500000
v 0.7500000 0.1000000 -0.2500000
v 0.8560650 0.1000000 -0.1439350
v 0.8885850 0.1000000 -0.1925950
v 0.7500000 0.1000000 -0.2500000
v 0.8074050 0.1000000 -0.1114150
v 0.8560650 0.1000000 -0.1439350
v 0.7500000 0.1000000 -0.2500000
v 0.7500000 0.1000000 -0.1000000
v 0.8074050 0.1000000 -0.1114150
v 0.7500000 0.1000000 -0.2500000
v 0.6925950 0.1000000 -0.1114150
v 0.7500000 0.1000000 -0.1000000
v 0.7500000 0.1000000 -0.2500000
v 0.6439350 0.1000000 -0.1439350
v 0.6925950 0.1000000 -0.1114150
v 0.7500000 0.1000000 -0.2500000
v 0.6114150 0.1000000 -0.1925950
v 0.6439350 0.1000000 -0.1439350
v 0.7500000 0.1000000 -0.2500000
v 0.6000000 0.1000000 -0.2500000
v 0.6114150 0.1000000 -0.1925950
v 0.7500000 0.1000000 -0.2500000
v 0.6114150 0.1000000 -0.3074050
v 0.6000000 0.1000000 -0.2500000
v 0.7500000 0.1000000 -0.2500000
v 0.6439350 0.1000000 -0.3560650
v 0.6114150 0.1000000 -0.3074050
v 0.7500000 0.1000000 -0.2500000
v 0.6925950 0.1000000 -0.3885850
v 0.6439350 0.1000000 -0.3560650
v 0.7500000 0.1000000 -0.2500000
v 0.7500000 0.1000000 -0.4000000
v 0.6925950 0.1000000 -0.3885850
v 0.7500000 0.1000000 -0.2500000
v 0.8074050 0.1000000 -0.3885850
v 0.7500000 0.1000000 -0.4000000
v 0.7500000 0.1000000 -0.2500000
v 0.8560650 0.1000000 -0.3560650
v 0.8074050 0.1000000 -0.3885850
v 0.7500000 0.1000000 -0.2500000
v 0.8885850 0.1000000 -0.3074050
v 0.8560650 0.1000000 -0.3560650
v 0.7500000 0.1000000 -0.2500000
v 0.9000000 0.1000000 -0.2500000
v 0.8885850 0.1000000 -0.3074050
v 0.7500000 0.1000000 -0.2500000
v 1.4000000 0.1000000 -1.2500000
v 1.3885850 0.1000000 -1.1925950
v 1.3885850 -0.0000000 -1.1925950
v 1.4000000 -0.0000000 -1.2500000
v 1.3885850 0.1000000 -1.1925950
v 1.3560650 0.1000000 -1.1439350
v 1.3560650 -0.0000000 -1.1439350
v 1.3885850 -0.0000000 -1.1925950
v 1.3560650 0.1000000 -1.1439350
v 1.3074050 0.1000000 -1.1114150
v 1.3074050 -0.0000000 -1.1114150
v 1.3560650 -0.0000000 -1.1439350
v 1.3074050 0.1000000 -1.1114150
v 1.2500000 0.1000000 -1.1000000
v 1.2500000 -0.0000000 -1.1000000
v 1.3074050 -0.0000000 -1.1114150
v 1.2500000 0.1000000 -1.1000000
v 1.1925950 0.1000000 -1.1114150
v 1.1925950 -0.0000000 -1.1114150
v 1.2500000 -0.0000000 -1.1000000
v 1.1925950 0.1000000 -1.1114150
v 1.1439350 0.1000000 -1.1439350
v 1.1439350 -0.0000000 -1.1439350
v 1.1925950 -0.0000000 -1.1114150
v 1.1439350 0.1000000 -1.1439350
v 1.1114150 0.1000000 -1.1925950
v 1.1114150 -0.0000000 -1.1925950
v 1.1439350 -0.0000000 -1.1439350
v 1.1114150 0.1000000 -1.1925950
v 1.1000000 0.1000000 -1.2500000
v 1.1000000 -0.0000000 -1.2500000
v 1.1114150 -0.0000000 -1.1925950
v 1.1000000 0.1000000 -1.2500000
v 1.1114150 0.1000000 -1.3074050
v 1.1114150 -0.0000000 -1.3074050
v 1.1000000 -0.0000000 -1.2500000
v 1.1114150 0.1000000 -1.3074050
v 1.1439350 0.1000000 -1.3560650
v 1.1439350 -0.0000000 -1.3560650
v 1.1114150 -0.0000000 -1.3074050
v 1.1439350 0.1000000 -1.3560650
v 1.1925950 0.1000000 -1.3885850
v 1.1925950 -0.0000000 -1.3885850
v 1.1439350 -0.0000000 -1.3560650
v 1.1925950 0.1000000 -1.3885850
v 1.2500000 0.1000000 -1.4000000
v 1.2500000 -0.0000000 -1.4000000
v 1.1925950 -0.0000000 -1.3885850
v 1.2500000 0.1000000 -1.4000000
v 1.3074050 0.1000000 -1.3885850
v 1.3074050 -0.0000000 -1.3885850
v 1.2500000 -0.0000000 -1.4000000
v 1.3074050 0.1000000 -1.3885850
v 1.3560650 0.1000000 -1.3560650
v 1.3560650 -0.0000000 -1.3560650
v 1.3074050 -0.0000000 -1.3885850
v 1.3560650 0.1000000 -1.3560650
v 1.3885850 0.1000000 -1.3074050
v 1.3885850 -0.0000000 -1.3074050
v 1.3560650 -0.0000000 -1.3560650
v 1.3885850 0.1000000 -1.3074050
v 1.4000000 0.1000000 -1.2500000
v 1.4000000 -0.0000000 -1.2500000
v 1.3885850 -0.0000000 -1.3074050
v 1.3885850 0.1000000 -1.1925950
v 1.4000000 0.1000000 -1.2500000
v 1.2500000 0.1000000 -1.2500000
v 1.3560650 0.1000000 -1.1439350
v 1.3885850 0.1000000 -1.1925950
v 1.2500000 0.1000000 -1.2500000
v 1.3074050 0.1000000 -1.1114150
v 1.3560650 0.1000000 -1.1439350
v 1.2500000 0.1000000 -1.2500000
v 1.2500000 0.1000000 -1.1000000
v 1.3074050 0.1000000 -1.1114150
v 1.2500000 0.1000000 -1.2500000
v 1.1925950 0.1000000 -1.1114150
v 1.2500000 0.1000000 -1.1000000
v 1.2500000 0.1000000 -1.2500000
v 1.1439350 0.1000000 -1.1439350
v 1.1925950 0.1000000 -1.1114150
v 1.2500000 0.1000000 -1.2500000
v 1.1114150 0.1000000 -1.1925950
v 1.1439350 0.1000000 -1.1439350
v 1.2500000 0.1000000 -1.2500000
v 1.1000000 0.1000000 -1.2500000
v 1.1114150 0.1000000 -1.1925950
v 1.2500000 0.1000000 -1.2500000
v 1.1114150 0.1000000 -1.3074050
v 1.1000000 0.1000000 -1.2500000
v 1.2500000 0.1000000 -1.2500000
v 1.1439350 0.1000000 -1.3560650
v 1.1114150 0.1000000 -1.3074050
v 1.2500000 0.1000000 -1.2500000
v 1.1925950 0.1000000 -1.3885850
v 1.1439350 0.1000000 -1.3560650
v 1.2500000 0.1000000 -1.2500000
v 1.2500000 0.1000000 -1.4000000
v 1.1925950 0.1000000 -1.3885850
v 1.2500000 0.1000000 -1.2500000
v 1.3074050 0.1000000 -1.3885850
v 1.2500000 0.1000000 -1.4000000
v 1.2500000 0.1000000 -1.2500000
v 1.3560650 0.1000000 -1.3560650
v 1.3074050 0.1000000 -1.3885850
v 1.2500000 0.1000000 -1.2500000
v 1.3885850 0.1000000 -1.3074050
v 1.3560650 0.1000000 -1.3560650
v 1.2500000 0.1000000 -1.2500000
v 1.4000000 0.1000000 -1.2500000
v 1.3885850 0.1000000 -1.3074050
v 1.2500000 0.1000000 -1.2500000
v 1.4000000 0.1000000 -0.7500000
v 1.3885850 0.1000000 -0.6925950
v 1.3885850 -0.0000000 -0.6925950
v 1.4000000 -0.0000000 -0.7500000
v 1.3885850 0.1000000 -0.6925950
v 1.3560650 0.1000000 -0.6439350
v 1.3560650 -0.0000000 -0.6439350
v 1.3885850 -0.0000000 -0.6925950
v 1.3560650 0.1000000 -0.6439350
v 1.3074050 0.1000000 -0.6114150
v 1.3074050 -0.0000000 -0.6114150
v 1.3560650 -0.0000000 -0.6439350
v 1.3074050 0.1000000 -0.6114150
v 1.2500000 0.1000000 -0.6000000
v 1.2500000 -0.0000000 -0.6000000
v 1.3074050 -0.0000000 -0.6114150
v 1.2500000 0.1000000 -0.6000000
v 1.1925950 0.1000000 -0.6114150
v 1.1925950 -0.0000000 -0.6114150
v 1.2500000 -0.0000000 -0.6000000
v 1.1925950 0.1000000 -0.6114150
v 1.1439350 0.1000000 -0.6439350
v 1.1439350 -0.0000000 -0.6439350
v 1.1925950 -0.0000000 -0.6114150
v 1.1439350 0.1000000 -0.6439350
v 1.1114150 0.1000000 -0.6925950
v 1.1114150 -0.0000000 -0.6925950
v 1.1439350 -0.0000000 -0.6439350
v 1.1114150 0.1000000 -0.6925950
v 1.1000000 0.1000000 -0.7500000
v 1.1000000 -0.0000000 -0.7500000
v 1.1114150 -0.0000000 -0.6925950
v 1.1000000 0.1000000 -0.7500000
v 1.1114150 0.1000000 -0.8074050
v 1.1114150 -0.0000000 -0.8074050
v 1.1000000 -0.0000000 -0.7500000
v 1.1114150 0.1000000 -0.8074050
v 1.1439350 0.1000000 -0.8560650
v 1.1439350 -0.0000000 -0.8560650
v 1.1114150 -0.0000000 -0.8074050
v 1.1439350 0.1000000 -0.8560650
v 1.1925950 0.1000000 -0.8885850
v 1.1925950 -0.0000000 -0.8885850
v 1.1439350 -0.0000000 -0.8560650
v 1.1925950 0.1000000 -0.8885850
v 1.2500000 0.1000000 -0.9000000
v 1.2500000 -0.0000000 -0.9000000
v 1.1925950 -0.0000000 -0.8885850
v 1.2500000 0.1000000 -0.9000000
v 1.3074050 0.1000000 -0.8885850
v 1.3074050 -0.0000000 -0.8885850
v 1.2500000 -0.0000000 -0.9000000
v 1.3074050 0.1000000 -0.8885850
v 1.3560650 0.1000000 -0.8560650
v 1.3560650 -0.0000000 -0.8560650
v 1.3074050 -0.0000000 -0.8885850
v 1.3560650 0.1000000 -0.8560650
v 1.3885850 0.1000000 -0.8074050
v 1.3885850 -0.0000000 -0.8074050
v 1.3560650 -0.0000000 -0.8560650
v 1.3885850 0.1000000 -0.8074050
v 1.4000000 0.1000000 -0.7500000
v 1.4000000 -0.0000000 -0.7500000
v 1.3885850 -0.0000000 -0.8074050
v 1.3885850 0.1000000 -0.6925950
v 1.4000000 0.1000000 -0.7500000
v 1.2500000 0.1000000 -0.7500000
v 1.3560650 0.1000000 -0.6439350
v 1.3885850 0.1000000 -0.6925950
v 1.2500000 0.1000000 -0.7500000
v 1.3074050 0.1000000 -0.6114150
v 1.3560650 0.1000000 -0.6439350
v 1.2500000 0.1000000 -0.7500000
v 1.2500000 0.1000000 -0.6000000
v 1.3074050 0.1000000 -0.6114150
v 1.2500000 0.1000000 -0.7500000
v 1.1925950 0.1000000 -0.6114150
v 1.2500000 0.1000000 -0.6000000
v 1.2500000 0.1000000 -0.7500000
v 1.1439350 0.1000000 -0.6439350
v 1.1925950 0.1000000 -0.6114150
v 1.2500000 0.1000000 -0.7500000
v 1.1114150 0.1000000 -0.6925950
v 1.1439350 0.1000000 -0.6439350
v 1.2500000 0.1000000 -0.7500000
v 1.1000000 0.1000000 -0.7500000
v 1.1114150 0.1000000 -0.6925950
v 1.2500000 0.1000000 -0.7500000
v 1.1114150 0.1000000 -0.8074050
v 1.1000000 0.1000000 -0.7500000
v 1.2500000 0.1000000 -0.7500000
v 1.1439350 0.1000000 -0.8560650
v 1.1114150 0.1000000 -0.8074050
v 1.2500000 0.1000000 -0.7500000
v 1.1925950 0.1000000 -0.8885850
v 1.1439350 0.1000000 -0.8560650
v 1.2500000 0.1000000 -0.7500000
v 1.2500000 0.1000000 -0.9000000
v 1.1925950 0.1000000 -0.8885850
v 1.2500000 0.1000000 -0.7500000
v 1.3074050 0.1000000 -0.8885850
v 1.2500000 0.1000000 -0.9000000
v 1.2500000 0.1000000 -0.7500000
v 1.3560650 0.1000000 -0.8560650
v 1.3074050 0.1000000 -0.8885850
v 1.2500000 0.1000000 -0.7500000
v 1.3885850 0.1000000 -0.8074050
v 1.3560650 0.1000000 -0.8560650
v 1.2500000 0.1000000 -0.7500000
v 1.4000000 0.1000000 -0.7500000
v 1.3885850 0.1000000 -0.8074050
v 1.2500000 0.1000000 -0.7500000
v 1.4000000 0.1000000 -0.2500000
v 1.3885850 0.1000000 -0.1925950
v 1.3885850 -0.0000000 -0.1925950
v 1.4000000 -0.0000000 -0.2500000
v 1.3885850 0.1000000 -0.1925950
v 1.3560650 0.1000000 -0.1439350
v 1.3560650 -0.0000000 -0.1439350
v 1.3885850 -0.0000000 -0.1925950
v 1.3560650 0.1000000 -0.1439350
v 1.3074050 0.1000000 -0.1114150
v 1.3074050 -0.0000000 -0.1114150
v 1.3560650 -0.0000000 -0.1439350
v 1.3074050 0.1000000 -0.1114150
v 1.2500000 0.1000000 -0.1000000
v 1.2500000 -0.0000000 -0.1000000
v 1.3074050 -0.0000000 -0.1114150
v 1.2500000 0.1000000 -0.1000000
v 1.1925950 0.1000000 -0.1114150
v 1.1925950 -0.0000000 -0.1114150
v 1.2500000 -0.0000000 -0.1000000
v 1.1925950 0.1000000 -0.1114150
v 1.1439350 0.1000000 -0.1439350
v 1.1439350 -0.0000000 -0.1439350
v 1.1925950 -0.0000000 -0.1114150
v 1.1439350 0.1000000 -0.1439350
v 1.1114150 0.1000000 -0.1925950
v 1.1114150 -0.0000000 -0.1925950
v 1.1439350 -0.0000000 -0.1439350
v 1.1114150 0.1000000 -0.1925950
v 1.1000000 0.1000000 -0.2500000
v 1.1000000 -0.0000000 -0.2500000
v 1.1114150 -0.0000000 -0.1925950
v 1.1000000 0.1000000 -0.2500000
v 1.1114150 0.1000000 -0.3074050
v 1.1114150 -0.0000000 -0.3074050
v 1.1000000 -0.0000000 -0.2500000
v 1.1114150 0.1000000 -0.3074050
v 1.1439350 0.1000000 -0.3560650
v 1.1439350 -0.0000000 -0.3560650
v 1.1114150 -0.0000000 -0.3074050
v 1.1439350 0.1000000 -0.3560650
v 1.1925950 0.1000000 -0.3885850
v 1.1925950 -0.0000000 -0.3885850
v 1.1439350 -0.0000000 -0.3560650
v 1.1925950 0.1000000 -0.3885850
v 1.2500000 0.1000000 -0.4000000
v 1.2500000 -0.0000000 -0.4000000
v 1.1925950 -0.0000000 -0.3885850
v 1.2500000 0.1000000 -0.4000000
v 1.3074050 0.1000000 -0.3885850
v 1.3074050 -0.0000000 -0.3885850
v 1.2500000 -0.0000000 -0.4000000
v 1.3074050 0.1000000 -0.3885850
v 1.3560650 0.1000000 -0.3560650
v 1.3560650 -0.0000000 -0.3560650
v 1.3074050 -0.0000000 -0.3885850
v 1.3560650 0.1000000 -0.3560650
v 1.3885850 0.1000000 -0.3074050
v 1.3885850 -0.0000000 -0.3074050
v 1.3560650 -0.0000000 -0.3560650
v 1.3885850 0.1000000 -0.3074050
v 1.4000000 0.1000000 -0.2500000
v 1.4000000 -0.0000000 -0.2500000
v 1.3885850 -0.0000000 -0.3074050
v 1.3885850 0.1000000 -0.1925950
v 1.4000000 0.1000000 -0.2500000
v 1.2500000 0.1000000 -0.2500000
v 1.3560650 0.1000000 -0.1439350
v 1.3885850 0.1000000 -0.1925950
v 1.2500000 0.1000000 -0.2500000
v 1.3074050 0.1000000 -0.1114150
v 1.3560650 0.1000000 -0.1439350
v 1.2500000 0.1000000 -0.2500000
v 1.2500000 0.1000000 -0.1000000
v 1.3074050 0.1000000 -0.1114150
v 1.2500000 0.1000000 -0.2500000
v 1.1925950 0.1000000 -0.1114150
v 1.2500000 0.1000000 -0.1000000
v 1.2500000 0.1000000 -0.2500000
v 1.1439350 0.1000000 -0.1439350
v 1.1925950 0.1000000 -0.1114150
v 1.2500000 0.1000000 -0.2500000
v 1.1114150 0.1000000 -0.1925950
v 1.1439350 0.1000000 -0.1439350
v 1.2500000 0.1000000 -0.2500000
v 1.1000000 0.1000000 -0.2500000
v 1.1114150 0.1000000 -0.1925950
v 1.2500000 0.1000000 -0.2500000
v 1.1114150 0.1000000 -0.3074050
v 1.1000000 0.1000000 -0.2500000
v 1.2500000 0.1000000 -0.2500000
v 1.1439350 0.1000000 -0.3560650
v 1.1114150 0.1000000 -0.3074050
v 1.2500000 0.1000000 -0.2500000
v 1.1925950 0.1000000 -0.3885850
v 1.1439350 0.1000000 -0.3560650
v 1.2500000 0.1000000 -0.2500000
v 1.2500000 0.1000000 -0.4000000
v 1.1925950 0.1000000 -0.3885850
v 1.2500000 0.1000000 -0.2500000
v 1.3074050 0.1000000 -0.3885850
v 1.2500000 0.1000000 -0.4000000
v 1.2500000 0.1000000 -0.2500000
v 1.3560650 0.1000000 -0.3560650
v 1.3074050 0.1000000 -0.3885850
v 1.2500000 0.1000000 -0.2500000
v 1.3885850 0.1000000 -0.3074050
v 1.3560650 0.1000000 -0.3560650
v 1.2500000 0.1000000 -0.2500000
v 1.4000000 0.1000000 -0.2500000
v 1.3885850 0.1000000 -0.3074050
v 1.2500000 0.1000000 -0.2500000
v -1.4000000 -0.1000000 -1.4000000
v 1.4000000 -0.1000000 -1.4000000
v 1.4000000 -0.1000000 1.4000000
v -1.4000000 -0.1000000 1.4000000
v 1.4000000 -0.1000000 1.4000000
v 1.4000000 -0.2000000 1.4000000
v -1.4000000 -0.2000000 1.4000000
v -1.4000000 -0.1000000 1.4000000
v -1.4000000 -0.1000000 1.4000000
v -1.4000000 -0.2000000 1.4000000
v -1.4000000 -0.2000000 -1.4000000
v -1.4000000 -0.1000000 -1.4000000
v -1.4000000 -0.1000000 -1.4000000
v -1.4000000 -0.2000000 -1.4000000
v 1.4000000 -0.2000000 -1.4000000
v 1.4000000 -0.1000000 -1.4000000
v 1.4000000 -0.1000000 -1.4000000
v 1.4000000 -0.2000000 -1.4000000
v 1.4000000 -0.2000000 1.4000000
v 1.4000000 -0.1000000 1.4000000
v -1.5000000 -0.2000000 1.5000000
v -1.4000000 -0.2000000 1.4000000
v 1.4000000 -0.2000000 1.4000000
v 1.5000000 -0.2000000 1.5000000
v -1.5000000 -0.2000000 -1.5000000
v -1.4000000 -0.2000000 -1.4000000
v -1.4000000 -0.2000000 1.4000000
v -1.5000000 -0.2000000 1.5000000
v 1.5000000 -0.2000000 -1.5000000
v 1.4000000 -0.2000000 -1.4000000
v -1.4000000 -0.2000000 -1.4000000
v -1.5000000 -0.2000000 -1.5000000
v 1.5000000 -0.2000000 1.5000000
v 1.4000000 -0.2000000 1.4000000
v 1.4000000 -0.2000000 -1.4000000
v 1.5000000 -0.2000000 -1.5000000
v -1.5000000 -0.0000000 1.5000000
v 1.5000000 -0.0000000 1.5000000
v 1.5000000 -0.0000000 -1.5000000
v -1.5000000 -0.0000000 -1.5000000
v -1.5000000 -0.0000000 1.5000000
v -1.5000000 -0.2000000 1.5000000
v 1.5000000 -0.2000000 1.5000000
v 1.5000000 -0.0000000 1.5000000
v -1.5000000 -0.0000000 -1.5000000
v -1.5000000 -0.2000000 -1.5000000
v -1.5000000 -0.2000000 1.5000000
v -1.5000000 -0.0000000 1.5000000
v 1.5000000 -0.0000000 -1.5000000
v 1.5000000 -0.2000000 -1.5000000
v -1.5000000 -0.2000000 -1.5000000
v -1.5000000 -0.0000000 -1.5000000
v 1.5000000 -0.0000000 1.5000000
v 1.5000000 -0.2000000 1.5000000
v 1.5000000 -0.2000000 -1.5000000
v 1.5000000 -0.0000000 -1.5000000
v -0.8500000 -0.2000000 -1.0000000
v -0.8614150 -0.2000000 -0.9425950
v -0.8614150 -0.1000000 -0.9425950
v -0.8500000 -0.1000000 -1.0000000
v -0.8614150 -0.2000000 -0.9425950
v -0.8939350 -0.2000000 -0.8939350
v -0.8939350 -0.1000000 -0.8939350
v -0.8614150 -0.1000000 -0.9425950
v -0.8939350 -0.2000000 -0.8939350
v -0.9425950 -0.2000000 -0.8614150
v -0.9425950 -0.1000000 -0.8614150
v -0.8939350 -0.1000000 -0.8939350
v -0.9425950 -0.2000000 -0.8614150
v -1.0000000 -0.2000000 -0.8500000
v -1.0000000 -0.1000000 -0.8500000
v -0.9425950 -0.1000000 -0.8614150
v -1.0000000 -0.2000000 -0.8500000
v -1.0574050 -0.2000000 -0.8614150
v -1.0574050 -0.1000000 -0.8614150
v -1.0000000 -0.1000000 -0.8500000
v -1.0574050 -0.2000000 -0.8614150
v -1.1060650 -0.2000000 -0.8939350
v -1.1060650 -0.1000000 -0.8939350
v -1.0574050 -0.1000000 -0.8614150
v -1.1060650 -0.2000000 -0.8939350
v -1.1385850 -0.2000000 -0.9425950
v -1.1385850 -0.1000000 -0.9425950
v -1.1060650 -0.1000000 -0.8939350
v -1.1385850 -0.2000000 -0.9425950
v -1.1500000 -0.2000000 -1.0000000
v -1.1500000 -0.1000000 -1.0000000
v -1.1385850 -0.1000000 -0.9425950
v -1.1500000 -0.2000000 -1.0000000
v -1.1385850 -0.2000000 -1.0574050
v -1.1385850 -0.1000000 -1.0574050
v -1.1500000 -0.1000000 -1.0000000
v -1.1385850 -0.2000000 -1.0574050
v -1.1060650 -0.2000000 -1.1060650
v -1.1060650 -0.1000000 -1.1060650
v -1.1385850 -0.1000000 -1.0574050
v -1.1060650 -0.2000000 -1.1060650
v -1.0574050 -0.2000000 -1.1385850
v -1.0574050 -0.1000000 -1.1385850
v -1.1060650 -0.1000000 -1.1060650
v -1.0574050 -0.2000000 -1.1385850
v -1.0000000 -0.2000000 -1.1500000
v -1.0000000 -0.1000000 -1.1500000
v -1.0574050 -0.1000000 -1.1385850
v -1.0000000 -0.2000000 -1.1500000
v -0.9425950 -0.2000000 -1.1385850
v -0.9425950 -0.1000000 -1.1385850
v -1.0000000 -0.1000000 -1.1500000
v -0.9425950 -0.2000000 -1.1385850
v -0.8939350 -0.2000000 -1.1060650
v -0.8939350 -0.1000000 -1.1060650
v -0.9425950 -0.1000000 -1.1385850
v -0.8939350 -0.2000000 -1.1060650
v -0.8614150 -0.2000000 -1.0574050
v -0.8614150 -0.1000000 -1.0574050
v -0.8939350 -0.1000000 -1.1060650
v -0.8614150 -0.2000000 -1.0574050
v -0.8500000 -0.2000000 -1.0000000
v -0.8500000 -0.1000000 -1.0000000
v -0.8614150 -0.1000000 -1.0574050
v -0.8000000 -0.1000000 -1.0000000
v -0.8152200 -0.1000000 -0.9234600
v -0.8152200 -0.2000000 -0.9234600
v -0.8000000 -0.2000000 -1.0000000
v -0.8152200 -0.1000000 -0.9234600
v -0.8585800 -0.1000000 -0.8585800
v -0.8585800 -0.2000000 -0.8585800
v -0.8152200 -0.2000000 -0.9234600
v -0.8585800 -0.1000000 -0.8585800
v -0.9234600 -0.1000000 -0.8152200
v -0.9234600 -0.2000000 -0.8152200
v -0.8585800 -0.2000000 -0.8585800
v -0.9234600 -0.1000000 -0.8152200
v -1.0000000 -0.1000000 -0.8000000
v -1.0000000 -0.2000000 -0.8000000
v -0.9234600 -0.2000000 -0.8152200
v -1.0000000 -0.1000000 -0.8000000
v -1.0765400 -0.1000000 -0.8152200
v -1.0765400 -0.2000000 -0.8152200
v -1.0000000 -0.2000000 -0.8000000
v -1.0765400 -0.1000000 -0.8152200
v -1.1414200 -0.1000000 -0.8585800
v -1.1414200 -0.2000000 -0.8585800
v -1.0765400 -0.2000000 -0.8152200
v -1.1414200 -0.1000000 -0.8585800
v -1.1847800 -0.1000000 -0.9234600
v -1.1847800 -0.2000000 -0.9234600
v -1.1414200 -0.2000000 -0.8585800
v -1.1847800 -0.1000000 -0.9234600
v -1.2000000 -0.1000000 -1.0000000
v -1.2000000 -0.2000000 -1.0000000
v -1.1847800 -0.2000000 -0.9234600
v -1.2000000 -0.1000000 -1.0000000
v -1.1847800 -0.1000000 -1.0765400
v -1.1847800 -0.2000000 -1.0765400
v -1.2000000 -0.2000000 -1.0000000
v -1.1847800 -0.1000000 -1.0765400
v -1.1414200 -0.1000000 -1.1414200
v -1.1414200 -0.2000000 -1.1414200
v -1.1847800 -0.2000000 -1.0765400
v -1.1414200 -0.1000000 -1.1414200
v -1.0765400 -0.1000000 -1.1847800
v -1.0765400 -0.2000000 -1.1847800
v -1.1414200 -0.2000000 -1.1414200
v -1.0765400 -0.1000000 -1.1847800
v -1.0000000 -0.1000000 -1.2000000
v -1.0000000 -0.2000000 -1.2000000
v -1.0765400 -0.2000000 -1.1847800
v -1.0000000 -0.1000000 -1.2000000
v -0.9234600 -0.1000000 -1.1847800
v -0.9234600 -0.2000000 -1.1847800
v -1.0000000 -0.2000000 -1.2000000
v -0.9234600 -0.1000000 -1.1847800
v -0.8585800 -0.1000000 -1.1414200
v -0.8585800 -0.2000000 -1.1414200
v -0.9234600 -0.2000000 -1.1847800
v -0.8585800 -0.1000000 -1.1414200
v -0.8152200 -0.1000000 -1.0765400
v -0.8152200 -0.2000000 -1.0765400
v -0.8585800 -0.2000000 -1.1414200
v -0.8152200 -0.1000000 -1.0765400
v -0.8000000 -0.1000000 -1.0000000
v -0.8000000 -0.2000000 -1.0000000
v -0.8152200 -0.2000000 -1.0765400
v -1.0765400 -0.2000000 -0.8152200
v -1.0574050 -0.2000000 -0.8614150
v -1.0000000 -0.2000000 -0.8500000
v -1.0000000 -0.2000000 -0.8000000
v -1.1414200 -0.2000000 -0.8585800
v -1.1060650 -0.2000000 -0.8939350
v -1.0574050 -0.2000000 -0.8614150
v -1.0765400 -0.2000000 -0.8152200
v -1.1847800 -0.2000000 -0.9234600
v -1.1385850 -0.2000000 -0.9425950
v -1.1060650 -0.2000000 -0.8939350
v -1.1414200 -0.2000000 -0.8585800
v -1.2000000 -0.2000000 -1.0000000
v -1.1500000 -0.2000000 -1.0000000
v -1.1385850 -0.2000000 -0.9425950
v -1.1847800 -0.2000000 -0.9234600
v -1.1847800 -0.2000000 -1.0765400
v -1.1385850 -0.2000000 -1.0574050
v -1.1500000 -0.2000000 -1.0000000
v -1.2000000 -0.2000000 -1.0000000
v -1.1414200 -0.2000000 -1.1414200
v -1.1060650 -0.2000000 -1.1060650
v -1.1385850 -0.2000000 -1.0574050
v -1.1847800 -0.2000000 -1.0765400
v -1.0765400 -0.2000000 -1.1847800
v -1.0574050 -0.2000000 -1.1385850
v -1.1060650 -0.2000000 -1.1060650
v -1.1414200 -0.2000000 -1.1414200
v -1.0000000 -0.2000000 -1.2000000
v -1.0000000 -0.2000000 -1.1500000
v -1.0574050 -0.2000000 -1.1385850
v -1.0765400 -0.2000000 -1.1847800
v -0.9234600 -0.2000000 -1.1847800
v -0.9425950 -0.2000000 -1.1385850
v -1.0000000 -0.2000000 -1.1500000
v -1.0000000 -0.2000000 -1.2000000
v -0.8585800 -0.2000000 -1.1414200
v -0.8939350 -0.2000000 -1.1060650
v -0.9425950 -0.2000000 -1.1385850
v -0.9234600 -0.2000000 -1.1847800
v -0.8152200 -0.2000000 -1.0765400
v -0.8614150 -0.2000000 -1.0574050
v -0.8939350 -0.2000000 -1.1060650
v -0.8585800 -0.2000000 -1.1414200
v -0.8000000 -0.2000000 -1.0000000
v -0.8500000 -0.2000000 -1.0000000
v -0.8614150 -0.2000000 -1.0574050
v -0.8152200 -0.2000000 -1.0765400
v -0.8152200 -0.2000000 -0.9234600
v -0.8614150 -0.2000000 -0.9425950
v -0.8500000 -0.2000000 -1.0000000
v -0.8000000 -0.2000000 -1.0000000
v -0.8585800 -0.2000000 -0.8585800
v -0.8939350 -0.2000000 -0.8939350
v -0.8614150 -0.2000000 -0.9425950
v -0.8152200 -0.2000000 -0.9234600
v -0.9234600 -0.2000000 -0.8152200
v -0.9425950 -0.2000000 -0.8614150
v -0.8939350 -0.2000000 -0.8939350
v -0.8585800 -0.2000000 -0.8585800
v -1.0000000 -0.2000000 -0.8000000
v -1.0000000 -0.2000000 -0.8500000
v -0.9425950 -0.2000000 -0.8614150
v -0.9234600 -0.2000000 -0.8152200
v -0.3500000 -0.2000000 -1.0000000
v -0.3614150 -0.2000000 -0.9425950
v -0.3614150 -0.1000000 -0.9425950
v -0.3500000 -0.1000000 -1.0000000
v -0.3614150 -0.2000000 -0.9425950
v -0.3939350 -0.2000000 -0.8939350
v -0.3939350 -0.1000000 -0.8939350
v -0.3614150 -0.1000000 -0.9425950
v -0.3939350 -0.2000000 -0.8939350
v -0.4425950 -0.2000000 -0.8614150
v -0.4425950 -0.1000000 -0.8614150
v -0.3939350 -0.1000000 -0.8939350
v -0.4425950 -0.2000000 -0.8614150
v -0.5000000 -0.2000000 -0.8500000
v -0.5000000 -0.1000000 -0.8500000
v -0.4425950 -0.1000000 -0.8614150
v -0.5000000 -0.2000000 -0.8500000
v -0.5574050 -0.2000000 -0.8614150
v -0.5574050 -0.1000000 -0.8614150
v -0.5000000 -0.1000000 -0.8500000
v -0.5574050 -0.2000000 -0.8614150
v -0.6060650 -0.2000000 -0.8939350
v -0.6060650 -0.1000000 -0.8939350
v -0.5574050 -0.1000000 -0.8614150
v -0.6060650 -0.2000000 -0.8939350
v -0.6385850 -0.2000000 -0.9425950
v -0.6385850 -0.1000000 -0.9425950
v -0.6060650 -0.1000000 -0.8939350
v -0.6385850 -0.2000000 -0.9425950
v -0.6500000 -0.2000000 -1.0000000
v -0.6500000 -0.1000000 -1.0000000
v -0.6385850 -0.1000000 -0.9425950
v -0.6500000 -0.2000000 -1.0000000
v -0.6385850 -0.2000000 -1.0574050
v -0.6385850 -0.1000000 -1.0574050
v -0.6500000 -0.1000000 -1.0000000
v -0.6385850 -0.2000000 -1.0574050
v -0.6060650 -0.2000000 -1.1060650
v -0.6060650 -0.1000000 -1.1060650
v -0.6385850 -0.1000000 -1.0574050
v -0.6060650 -0.2000000 -1.1060650
v -0.5574050 -0.2000000 -1.1385850
v -0.5574050 -0.1000000 -1.1385850
v -0.6060650 -0.1000000 -1.1060650
v -0.5574050 -0.2000000 -1.1385850
v -0.5000000 -0.2000000 -1.1500000
v -0.5000000 -0.1000000 -1.1500000
v -0.5574050 -0.1000000 -1.1385850
v -0.5000000 -0.2000000 -1.1500000
v -0.4425950 -0.2000000 -1.1385850
v -0.4425950 -0.1000000 -1.1385850
v -0.5000000 -0.1000000 -1.1500000
v -0.4425950 -0.2000000 -1.1385850
v -0.3939350 -0.2000000 -1.1060650
v -0.3939350 -0.1000000 -1.1060650
v -0.4425950 -0.1000000 -1.1385850
v -0.3939350 -0.2000000 -1.1060650
v -0.3614150 -0.2000000 -1.0574050
v -0.3614150 -0.1000000 -1.0574050
v -0.3939350 -0.1000000 -1.1060650
v -0.3614150 -0.2000000 -1.0574050
v -0.3500000 -0.2000000 -1.0000000
v -0.3500000 -0.1000000 -1.0000000
v -0.3614150 -0.1000000 -1.0574050
v -0.3000000 -0.1000000 -1.0000000
v -0.3152200 -0.1000000 -0.9234600
v -0.3152200 -0.2000000 -0.9234600
v -0.3000000 -0.2000000 -1.0000000
v -0.3152200 -0.1000000 -0.9234600
v -0.3585800 -0.1000000 -0.8585800
v -0.3585800 -0.2000000 -0.8585800
v -0.3152200 -0.2000000 -0.9234600
v -0.3585800 -0.1000000 -0.8585800
v -0.4234600 -0.1000000 -0.8152200
v -0.4234600 -0.2000000 -0.8152200
v -0.3585800 -0.2000000 -0.8585800
v -0.4234600 -0.1000000 -0.8152200
v -0.5000000 -0.1000000 -0.8000000
v -0.5000000 -0.2000000 -0.8000000
v -0.4234600 -0.2000000 -0.8152200
v -0.5000000 -0.1000000 -0.8000000
v -0.5765400 -0.1000000 -0.8152200
v -0.5765400 -0.2000000 -0.8152200
v -0.5000000 -0.2000000 -0.8000000
v -0.5765400 -0.1000000 -0.8152200
v -0.6414200 -0.1000000 -0.8585800
v -0.6414200 -0.2000000 -0.8585800
v -0.5765400 -0.2000000 -0.8152200
v -0.6414200 -0.1000000 -0.8585800
v -0.6847800 -0.1000000 -0.9234600
v -0.6847800 -0.2000000 -0.9234600
v -0.6414200 -0.2000000 -0.8585800
v -0.6847800 -0.1000000 -0.9234600
v -0.7000000 -0.1000000 -1.0000000
v -0.7000000 -0.2000000 -1.0000000
v -0.6847800 -0.2000000 -0.9234600
v -0.7000000 -0.1000000 -1.0000000
v -0.6847800 -0.1000000 -1.0765400
v -0.6847800 -0.2000000 -1.0765400
v -0.7000000 -0.2000000 -1.0000000
v -0.6847800 -0.1000000 -1.0765400
v -0.6414200 -0.1000000 -1.1414200
v -0.6414200 -0.2000000 -1.1414200
v -0.6847800 -0.2000000 -1.0765400
v -0.6414200 -0.1000000 -1.1414200
v -0.5765400 -0.1000000 -1.1847800
v -0.5765400 -0.2000000 -1.1847800
v -0.6414200 -0.2000000 -1.1414200
v -0.5765400 -0.1000000 -1.1847800
v -0.5000000 -0.1000000 -1.2000000
v -0.5000000 -0.2000000 -1.2000000
v -0.5765400 -0.2000000 -1.1847800
v -0.5000000 -0.1000000 -1.2000000
v -0.4234600 -0.1000000 -1.1847800
v -0.4234600 -0.2000000 -1.1847800
v -0.5000000 -0.2000000 -1.2000000
v -0.4234600 -0.1000000 -1.1847800
v -0.3585800 -0.1000000 -1.1414200
v -0.3585800 -0.2000000 -1.1414200
v -0.4234600 -0.2000000 -1.1847800
v -0.3585800 -0.1000000 -1.1414200
v -0.3152200 -0.1000000 -1.0765400
v -0.3152200 -0.2000000 -1.0765400
v -0.3585800 -0.2000000 -1.1414200
v -0.3152200 -0.1000000 -1.0765400
v -0.3000000 -0.1000000 -1.0000000
v -0.3000000 -0.2000000 -1.0000000
v -0.3152200 -0.2000000 -1.0765400
v -0.5765400 -0.2000000 -0.8152200
v -0.5574050 -0.2000000 -0.8614150
v -0.5000000 -0.2000000 -0.8500000
v -0.5000000 -0.2000000 -0.8000000
v -0.6414200 -0.2000000 -0.8585800
v -0.6060650 -0.2000000 -0.8939350
v -0.5574050 -0.2000000 -0.8614150
v -0.5765400 -0.2000000 -0.8152200
v -0.6847800 -0.2000000 -0.9234600
v -0.6385850 -0.2000000 -0.9425950
v -0.6060650 -0.2000000 -0.8939350
v -0.6414200 -0.2000000 -0.8585800
v -0.7000000 -0.2000000 -1.0000000
v -0.6500000 -0.2000000 -1.0000000
v -0.6385850 -0.2000000 -0.9425950
v -0.6847800 -0.2000000 -0.9234600
v -0.6847800 -0.2000000 -1.0765400
v -0.6385850 -0.2000000 -1.0574050
v -0.6500000 -0.2000000 -1.0000000
v -0.7000000 -0.2000000 -1.0000000
v -0.6414200 -0.2000000 -1.1414200
v -0.6060650 -0.2000000 -1.1060650
v -0.6385850 -0.2000000 -1.0574050
v -0.6847800 -0.2000000 -1.0765400
v -0.5765400 -0.2000000 -1.1847800
v -0.5574050 -0.2000000 -1.1385850
v -0.6060650 -0.2000000 -1.1060650
v -0.6414200 -0.2000000 -1.1414200
v -0.5000000 -0.2000000 -1.2000000
v -0.5000000 -0.2000000 -1.1500000
v -0.5574050 -0.2000000 -1.1385850
v -0.5765400 -0.2000000 -1.1847800
v -0.4234600 -0.2000000 -1.1847800
v -0.4425950 -0.2000000 -1.1385850
v -0.5000000 -0.2000000 -1.1500000
v -0.5000000 -0.2000000 -1.2000000
v -0.3585800 -0.2000000 -1.1414200
v -0.3939350 -0.2000000 -1.1060650
v -0.4425950 -0.2000000 -1.1385850
v -0.4234600 -0.2000000 -1.1847800
v -0.3152200 -0.2000000 -1.0765400
v -0.3614150 -0.2000000 -1.0574050
v -0.3939350 -0.2000000 -1.1060650
v -0.3585800 -0.2000000 -1.1414200
v -0.3000000 -0.2000000 -1.0000000
v -0.3500000 -0.2000000 -1.0000000
v -0.3614150 -0.2000000 -1.0574050
v -0.3152200 -0.2000000 -1.0765400
v -0.3152200 -0.2000000 -0.9234600
v -0.3614150 -0.2000000 -0.9425950
v -0.3500000 -0.2000000 -1.0000000
v -0.3000000 -0.2000000 -1.0000000
v -0.3585800 -0.2000000 -0.8585800
v -0.3939350 -0.2000000 -0.8939350
v -0.3614150 -0.2000000 -0.9425950
v -0.3152200 -0.2000000 -0.9234600
v -0.4234600 -0.2000000 -0.8152200
v -0.4425950 -0.2000000 -0.8614150
v -0.3939350 -0.2000000 -0.8939350
v -0.3585800 -0.2000000 -0.8585800
v -0.5000000 -0.2000000 -0.8000000
v -0.5000000 -0.2000000 -0.8500000
v -0.4425950 -0.2000000 -0.8614150
v -0.4234600 -0.2000000 -0.8152200
v -0.8500000 -0.2000000 -0.5000000
v -0.8614150 -0.2000000 -0.4425950
v -0.8614150 -0.1000000 -0.4425950
v -0.8500000 -0.1000000 -0.5000000
v -0.8614150 -0.2000000 -0.4425950
v -0.8939350 -0.2000000 -0.3939350
v -0.8939350 -0.1000000 -0.3939350
v -0.8614150 -0.1000000 -0.4425950
v -0.8939350 -0.2000000 -0.3939350
v -0.9425950 -0.2000000 -0.3614150
v -0.9425950 -0.1000000 -0.3614150
v -0.8939350 -0.1000000 -0.3939350
v -0.9425950 -0.2000000 -0.3614150
v -1.0000000 -0.2000000 -0.3500000
v -1.0000000 -0.1000000 -0.3500000
v -0.9425950 -0.1000000 -0.3614150
v -1.0000000 -0.2000000 -0.3500000
v -1.0574050 -0.2000000 -0.3614150
v -1.0574050 -0.1000000 -0.3614150
v -1.0000000 -0.1000000 -0.3500000
v -1.0574050 -0.2000000 -0.3614150
v -1.1060650 -0.2000000 -0.3939350
v -1.1060650 -0.1000000 -0.3939350
v -1.0574050 -0.1000000 -0.3614150
v -1.1060650 -0.2000000 -0.3939350
v -1.1385850 -0.2000000 -0.4425950
v -1.1385850 -0.1000000 -0.4425950
v -1.1060650 -0.1000000 -0.3939350
v -1.1385850 -0.2000000 -0.4425950
v -1.1500000 -0.2000000 -0.5000000
v -1.1500000 -0.1000000 -0.5000000
v -1.1385850 -0.1000000 -0.4425950
v -1.1500000 -0.2000000 -0.5000000
v -1.1385850 -0.2000000 -0.5574050
v -1.1385850 -0.1000000 -0.5574050
v -1.1500000 -0.1000000 -0.5000000
v -1.1385850 -0.2000000 -0.5574050
v -1.1060650 -0.2000000 -0.6060650
v -1.1060650 -0.1000000 -0.6060650
v -1.1385850 -0.1000000 -0.5574050
v -1.1060650 -0.2000000 -0.6060650
v -1.0574050 -0.2000000 -0.6385850
v -1.0574050 -0.1000000 -0.6385850
v -1.1060650 -0.1000000 -0.6060650
v -1.0574050 -0.2000000 -0.6385850
v -1.0000000 -0.2000000 -0.6500000
v -1.0000000 -0.1000000 -0.6500000
v -1.0574050 -0.1000000 -0.6385850
v -1.0000000 -0.2000000 -0.6500000
v -0.9425950 -0.2000000 -0.6385850
v -0.9425950 -0.1000000 -0.6385850
v -1.0000000 -0.1000000 -0.6500000
v -0.9425950 -0.2000000 -0.6385850
v -0.8939350 -0.2000000 -0.6060650
v -0.8939350 -0.1000000 -0.6060650
v -0.9425950 -0.1000000 -0.6385850
v -0.8939350 -0.2000000 -0.6060650
v -0.8614150 -0.2000000 -0.5574050
v -0.8614150 -0.1000000 -0.5574050
v -0.8939350 -0.1000000 -0.6060650
v -0.8614150 -0.2000000 -0.5574050
v -0.8500000 -0.2000000 -0.5000000
v -0.8500000 -0.1000000 -0.5000000
v -0.8614150 -0.1000000 -0.5574050
v -0.8000000 -0.1000000 -0.5000000
v -0.8152200 -0.1000000 -0.4234600
v -0.8152200 -0.2000000 -0.4234600
v -0.8000000 -0.2000000 -0.5000000
v -0.8152200 -0.1000000 -0.4234600
v -0.8585800 -0.1000000 -0.3585800
v -0.8585800 -0.2000000 -0.3585800
v -0.8152200 -0.2000000 -0.4234600
v -0.8585800 -0.1000000 -0.3585800
v -0.9234600 -0.1000000 -0.3152200
v -0.9234600 -0.2000000 -0.3152200
v -0.8585800 -0.2000000 -0.3585800
v -0.9234600 -0.1000000 -0.3152200
v -1.0000000 -0.1000000 -0.3000000
v -1.0000000 -0.2000000 -0.3000000
v -0.9234600 -0.2000000 -0.3152200
v -1.0000000 -0.1000000 -0.3000000
v -1.0765400 -0.1000000 -0.3152200
v -1.0765400 -0.2000000 -0.3152200
v -1.0000000 -0.2000000 -0.3000000
v -1.0765400 -0.1000000 -0.3152200
v -1.1414200 -0.1000000 -0.3585800
v -1.1414200 -0.2000000 -0.3585800
v -1.0765400 -0.2000000 -0.3152200
v -1.1414200 -0.1000000 -0.3585800
v -1.1847800 -0.1000000 -0.4234600
v -1.1847800 -0.2000000 -0.4234600
v -1.1414200 -0.2000000 -0.3585800
v -1.1847800 -0.1000000 -0.4234600
v -1.2000000 -0.1000000 -0.5000000
v -1.2000000 -0.2000000 -0.5000000
v -1.1847800 -0.2000000 -0.4234600
v -1.2000000 -0.1000000 -0.5000000
v -1.1847800 -0.1000000 -0.5765400
v -1.1847800 -0.2000000 -0.5765400
v -1.2000000 -0.2000000 -0.5000000
v -1.1847800 -0.1000000 -0.5765400
v -1.1414200 -0.1000000 -0.6414200
v -1.1414200 -0.2000000 -0.6414200
v -1.1847800 -0.2000000 -0.5765400
v -1.1414200 -0.1000000 -0.6414200
v -1.0765400 -0.1000000 -0.6847800
v -1.0765400 -0.2000000 -0.6847800
v -1.1414200 -0.2000000 -0.6414200
v -1.0765400 -0.1000000 -0.6847800
v -1.0000000 -0.1000000 -0.7000000
v -1.0000000 -0.2000000 -0.7000000
v -1.0765400 -0.2000000 -0.6847800
v -1.0000000 -0.1000000 -0.7000000
v -0.9234600 -0.1000000 -0.6847800
v -0.9234600 -0.2000000 -0.6847800
v -1.0000000 -0.2000000 -0.7000000
v -0.9234600 -0.1000000 -0.6847800
v -0.8585800 -0.1000000 -0.6414200
v -0.8585800 -0.2000000 -0.6414200
v -0.9234600 -0.2000000 -0.6847800
v -0.8585800 -0.1000000 -0.6414200
v -0.8152200 -0.1000000 -0.5765400
v -0.8152200 -0.2000000 -0.5765400
v -0.8585800 -0.2000000 -0.6414200
v -0.8152200 -0.1000000 -0.5765400
v -0.8000000 -0.1000000 -0.5000000
v -0.8000000 -0.2000000 -0.5000000
v -0.8152200 -0.2000000 -0.5765400
v -1.0765400 -0.2000000 -0.3152200
v -1.0574050 -0.2000000 -0.3614150
v -1.0000000 -0.2000000 -0.3500000
v -1.0000000 -0.2000000 -0.3000000
v -1.1414200 -0.2000000 -0.3585800
v -1.1060650 -0.2000000 -0.3939350
v -1.0574050 -0.2000000 -0.3614150
v -1.0765400 -0.2000000 -0.3152200
v -1.1847800 -0.2000000 -0.4234600
v -1.1385850 -0.2000000 -0.4425950
v -1.1060650 -0.2000000 -0.3939350
v -1.1414200 -0.2000000 -0.3585800
v -1.2000000 -0.2000000 -0.5000000
v -1.1500000 -0.2000000 -0.5000000
v -1.1385850 -0.2000000 -0.4425950
v -1.1847800 -0.2000000 -0.4234600
v -1.1847800 -0.2000000 -0.5765400
v -1.1385850 -0.2000000 -0.5574050
v -1.1500000 -0.2000000 -0.5000000
v -1.2000000 -0.2000000 -0.5000000
v -1.1414200 -0.2000000 -0.6414200
v -1.1060650 -0.2000000 -0.6060650
v -1.1385850 -0.2000000 -0.5574050
v -1.1847800 -0.2000000 -0.5765400
v -1.0765400 -0.2000000 -0.6847800
v -1.0574050 -0.2000000 -0.6385850
v -1.1060650 -0.2000000 -0.6060650
v -1.1414200 -0.2000000 -0.6414200
v -1.0000000 -0.2000000 -0.7000000
v -1.0000000 -0.2000000 -0.6500000
v -1.0574050 -0.2000000 -0.6385850
v -1.0765400 -0.2000000 -0.6847800
v -0.9234600 -0.2000000 -0.6847800
v -0.9425950 -0.2000000 -0.6385850
v -1.0000000 -0.2000000 -0.6500000
v -1.0000000 -0.2000000 -0.7000000
v -0.8585800 -0.2000000 -0.6414200
v -0.8939350 -0.2000000 -0.6060650
v -0.9425950 -0.2000000 -0.6385850
v -0.9234600 -0.2000000 -0.6847800
v -0.8152200 -0.2000000 -0.5765400
v -0.8614150 -0.2000000 -0.5574050
v -0.8939350 -0.2000000 -0.6060650
v -0.8585800 -0.2000000 -0.6414200
v -0.8000000 -0.2000000 -0.5000000
v -0.8500000 -0.2000000 -0.5000000
v -0.8614150 -0.2000000 -0.5574050
v -0.8152200 -0.2000000 -0.5765400
v -0.8152200 -0.2000000 -0.4234600
v -0.8614150 -0.2000000 -0.4425950
v -0.8500000 -0.2000000 -0.5000000
v -0.8000000 -0.2000000 -0.5000000
v -0.8585800 -0.2000000 -0.3585800
v -0.8939350 -0.2000000 -0.3939350
v -0.8614150 -0.2000000 -0.4425950
v -0.8152200 -0.2000000 -0.4234600
v -0.9234600 -0.2000000 -0.3152200
v -0.9425950 -0.2000000 -0.3614150
v -0.8939350 -0.2000000 -0.3939350
v -0.8585800 -0.2000000 -0.3585800
v -1.0000000 -0.2000000 -0.3000000
v -1.0000000 -0.2000000 -0.3500000
v -0.9425950 -0.2000000 -0.3614150
v -0.9234600 -0.2000000 -0.3152200
v -0.3500000 -0.2000000 -0.5000000
v -0.3614150 -0.2000000 -0.4425950
v -0.3614150 -0.1000000 -0.4425950
v -0.3500000 -0.1000000 -0.5000000
v -0.3614150 -0.2000000 -0.4425950
v -0.3939350 -0.2000000 -0.3939350
v -0.3939350 -0.1000000 -0.3939350
v -0.3614150 -0.1000000 -0.4425950
v -0.3939350 -0.2000000 -0.3939350
v -0.4425950 -0.2000000 -0.3614150
v -0.4425950 -0.1000000 -0.3614150
v -0.3939350 -0.1000000 -0.3939350
v -0.4425950 -0.2000000 -0.3614150
v -0.5000000 -0.2000000 -0.3500000
v -0.5000000 -0.1000000 -0.3500000
v -0.4425950 -0.1000000 -0.3614150
v -0.5000000 -0.2000000 -0.3500000
v -0.5574050 -0.2000000 -0.3614150
v -0.5574050 -0.1000000 -0.3614150
v -0.5000000 -0.1000000 -0.3500000
v -0.5574050 -0.2000000 -0.3614150
v -0.6060650 -0.2000000 -0.3939350
v -0.6060650 -0.1000000 -0.3939350
v -0.5574050 -0.1000000 -0.3614150
v -0.6060650 -0.2000000 -0.3939350
v -0.6385850 -0.2000000 -0.4425950
v -0.6385850 -0.1000000 -0.4425950
v -0.6060650 -0.1000000 -0.3939350
v -0.6385850 -0.2000000 -0.4425950
v -0.6500000 -0.2000000 -0.5000000
v -0.6500000 -0.1000000 -0.5000000
v -0.6385850 -0.1000000 -0.4425950
v -0.6500000 -0.2000000 -0.5000000
v -0.6385850 -0.2000000 -0.5574050
v -0.6385850 -0.1000000 -0.5574050
v -0.6500000 -0.1000000 -0.5000000
v -0.6385850 -0.2000000 -0.5574050
v -0.6060650 -0.2000000 -0.6060650
v -0.6060650 -0.1000000 -0.6060650
v -0.6385850 -0.1000000 -0.5574050
v -0.6060650 -0.2000000 -0.6060650
v -0.5574050 -0.2000000 -0.6385850
v -0.5574050 -0.1000000 -0.6385850
v -0.6060650 -0.1000000 -0.6060650
v -0.5574050 -0.2000000 -0.6385850
v -0.5000000 -0.2000000 -0.6500000
v -0.5000000 -0.1000000 -0.6500000
v -0.5574050 -0.1000000 -0.6385850
v -0.5000000 -0.2000000 -0.6500000
v -0.4425950 -0.2000000 -0.6385850
v -0.4425950 -0.1000000 -0.6385850
v -0.5000000 -0.1000000 -0.6500000
v -0.4425950 -0.2000000 -0.6385850
v -0.3939350 -0.2000000 -0.6060650
v -0.3939350 -0.1000000 -0.6060650
v -0.4425950 -0.1000000 -0.6385850
v -0.3939350 -0.2000000 -0.6060650
v -0.3614150 -0.2000000 -0.5574050
v -0.3614150 -0.1000000 -0.5574050
v -0.3939350 -0.1000000 -0.6060650
v -0.3614150 -0.2000000 -0.5574050
v -0.3500000 -0.2000000 -0.5000000
v -0.3500000 -0.1000000 -0.5000000
v -0.3614150 -0.1000000 -0.5574050
v -0.3000000 -0.1000000 -0.5000000
v -0.3152200 -0.1000000 -0.4234600
v -0.3152200 -0.2000000 -0.4234600
v -0.3000000 -0.2000000 -0.5000000
v -0.3152200 -0.1000000 -0.4234600
v -0.3585800 -0.1000000 -0.3585800
v -0.3585800 -0.2000000 -0.3585800
v -0.3152200 -0.2000000 -0.4234600
v -0.3585800 -0.1000000 -0.3585800
v -0.4234600 -0.1000000 -0.3152200
v -0.4234600 -0.2000000 -0.3152200
v -0.3585800 -0.2000000 -0.3585800
v -0.4234600 -0.1000000 -0.3152200
v -0.5000000 -0.1000000 -0.3000000
v -0.5000000 -0.2000000 -0.3000000
v -0.4234600 -0.2000000 -0.3152200
v -0.5000000 -0.1000000 -0.3000000
v -0.5765400 -0.1000000 -0.3152200
v -0.5765400 -0.2000000 -0.3152200
v -0.5000000 -0.2000000 -0.3000000
v -0.5765400 -0.1000000 -0.3152200
v -0.6414200 -0.1000000 -0.3585800
v -0.6414200 -0.2000000 -0.3585800
v -0.5765400 -0.2000000 -0.3152200
v -0.6414200 -0.1000000 -0.3585800
v -0.6847800 -0.1000000 -0.4234600
v -0.6847800 -0.2000000 -0.4234600
v -0.6414200 -0.2000000 -0.3585800
v -0.6847800 -0.1000000 -0.4234600
v -0.7000000 -0.1000000 -0.5000000
v -0.7000000 -0.2000000 -0.5000000
v -0.6847800 -0.2000000 -0.4234600
v -0.7000000 -0.1000000 -0.5000000
v -0.6847800 -0.1000000 -0.5765400
v -0.6847800 -0.2000000 -0.5765400
v -0.7000000 -0.2000000 -0.5000000
v -0.6847800 -0.1000000 -0.5765400
v -0.6414200 -0.1000000 -0.6414200
v -0.6414200 -0.2000000 -0.6414200
v -0.6847800 -0.2000000 -0.5765400
v -0.6414200 -0.1000000 -0.6414200
v -0.5765400 -0.1000000 -0.6847800
v -0.5765400 -0.2000000 -0.6847800
v -0.6414200 -0.2000000 -0.6414200
v -0.5765400 -0.1000000 -0.6847800
v -0.5000000 -0.1000000 -0.7000000
v -0.5000000 -0.2000000 -0.7000000
v -0.5765400 -0.2000000 -0.6847800
v -0.5000000 -0.1000000 -0.7000000
v -0.4234600 -0.1000000 -0.6847800
v -0.4234600 -0.2000000 -0.6847800
v -0.5000000 -0.2000000 -0.7000000
v -0.4234600 -0.1000000 -0.6847800
v -0.3585800 -0.1000000 -0.6414200
v -0.3585800 -0.2000000 -0.6414200
v -0.4234600 -0.2000000 -0.6847800
v -0.3585800 -0.1000000 -0.6414200
v -0.3152200 -0.1000000 -0.5765400
v -0.3152200 -0.2000000 -0.5765400
v -0.3585800 -0.2000000 -0.6414200
v -0.3152200 -0.1000000 -0.5765400
v -0.3000000 -0.1000000 -0.5000000
v -0.3000000 -0.2000000 -0.5000000
v -0.3152200 -0.2000000 -0.5765400
v -0.5765400 -0.2000000 -0.3152200
v -0.5574050 -0.2000000 -0.3614150
v -0.5000000 -0.2000000 -0.3500000
v -0.5000000 -0.2000000 -0.3000000
v -0.6414200 -0.2000000 -0.3585800
v -0.6060650 -0.2000000 -0.3939350
v -0.5574050 -0.2000000 -0.3614150
v -0.5765400 -0.2000000 -0.3152200
v -0.6847800 -0.2000000 -0.4234600
v -0.6385850 -0.2000000 -0.4425950
v -0.6060650 -0.2000000 -0.3939350
v -0.6414200 -0.2000000 -0.3585800
v -0.7000000 -0.2000000 -0.5000000
v -0.6500000 -0.2000000 -0.5000000
v -0.6385850 -0.2000000 -0.4425950
v -0.6847800 -0.2000000 -0.4234600
v -0.6847800 -0.2000000 -0.5765400
v -0.6385850 -0.2000000 -0.5574050
v -0.6500000 -0.2000000 -0.5000000
v -0.7000000 -0.2000000 -0.5000000
v -0.6414200 -0.2000000 -0.6414200
v -0.6060650 -0.2000000 -0.6060650
v -0.6385850 -0.2000000 -0.5574050
v -0.6847800 -0.2000000 -0.5765400
v -0.5765400 -0.2000000 -0.6847800
v -0.5574050 -0.2000000 -0.6385850
v -0.6060650 -0.2000000 -0.6060650
v -0.6414200 -0.2000000 -0.6414200
v -0.5000000 -0.2000000 -0.7000000
v -0.5000000 -0.2000000 -0.6500000
v -0.5574050 -0.2000000 -0.6385850
v -0.5765400 -0.2000000 -0.6847800
v -0.4234600 -0.2000000 -0.6847800
v -0.4425950 -0.2000000 -0.6385850
v -0.5000000 -0.2000000 -0.6500000
v -0.5000000 -0.2000000 -0.7000000
v -0.3585800 -0.2000000 -0.6414200
v -0.3939350 -0.2000000 -0.6060650
v -0.4425950 -0.2000000 -0.6385850
v -0.4234600 -0.2000000 -0.6847800
v -0.3152200 -0.2000000 -0.5765400
v -0.3614150 -0.2000000 -0.5574050
v -0.3939350 -0.2000000 -0.6060650
v -0.3585800 -0.2000000 -0.6414200
v -0.3000000 -0.2000000 -0.5000000
v -0.3500000 -0.2000000 -0.5000000
v -0.3614150 -0.2000000 -0.5574050
v -0.3152200 -0.2000000 -0.5765400
v -0.3152200 -0.2000000 -0.4234600
v -0.3614150 -0.2000000 -0.4425950
v -0.3500000 -0.2000000 -0.5000000
v -0.3000000 -0.2000000 -0.5000000
v -0.3585800 -0.2000000 -0.3585800
v -0.3939350 -0.2000000 -0.3939350
v -0.3614150 -0.2000000 -0.4425950
v -0.3152200 -0.2000000 -0.4234600
v -0.4234600 -0.2000000 -0.3152200
v -0.4425950 -0.2000000 -0.3614150
v -0.3939350 -0.2000000 -0.3939350
v -0.3585800 -0.2000000 -0.3585800
v -0.5000000 -0.2000000 -0.3000000
v -0.5000000 -0.2000000 -0.3500000
v -0.4425950 -0.2000000 -0.3614150
v -0.4234600 -0.2000000 -0.3152200
v -0.8500000 -0.2000000 0.0000000
v -0.8614150 -0.2000000 0.0574050
v -0.8614150 -0.1000000 0.0574050
v -0.8500000 -0.1000000 0.0000000
v -0.8614150 -0.2000000 0.0574050
v -0.8939350 -0.2000000 0.1060650
v -0.8939350 -0.1000000 0.1060650
v -0.8614150 -0.1000000 0.0574050
v -0.8939350 -0.2000000 0.1060650
v -0.9425950 -0.2000000 0.1385850
v -0.9425950 -0.1000000 0.1385850
v -0.8939350 -0.1000000 0.1060650
v -0.9425950 -0.2000000 0.1385850
v -1.0000000 -0.2000000 0.1500000
v -1.0000000 -0.1000000 0.1500000
v -0.9425950 -0.1000000 0.1385850
v -1.0000000 -0.2000000 0.1500000
v -1.0574050 -0.2000000 0.1385850
v -1.0574050 -0.1000000 0.1385850
v -1.0000000 -0.1000000 0.1500000
v -1.0574050 -0.2000000 0.1385850
v -1.1060650 -0.2000000 0.1060650
v -1.1060650 -0.1000000 0.1060650
v -1.0574050 -0.1000000 0.1385850
v -1.1060650 -0.2000000 0.1060650
v -1.1385850 -0.2000000 0.0574050
v -1.1385850 -0.1000000 0.0574050
v -1.1060650 -0.1000000 0.1060650
v -1.1385850 -0.2000000 0.0574050
v -1.1500000 -0.2000000 0.0000000
v -1.1500000 -0.1000000 0.0000000
v -1.1385850 -0.1000000 0.0574050
v -1.1500000 -0.2000000 0.0000000
v -1.1385850 -0.2000000 -0.0574050
v -1.1385850 -0.1000000 -0.0574050
v -1.1500000 -0.1000000 0.0000000
v -1.1385850 -0.2000000 -0.0574050
v -1.1060650 -0.2000000 -0.1060650
v -1.1060650 -0.1000000 -0.1060650
v -1.1385850 -0.1000000 -0.0574050
v -1.1060650 -0.2000000 -0.1060650
v -1.0574050 -0.2000000 -0.1385850
v -1.0574050 -0.1000000 -0.1385850
v -1.1060650 -0.1000000 -0.1060650
v -1.0574050 -0.2000000 -0.1385850
v -1.0000000 -0.2000000 -0.1500000
v -1.0000000 -0.1000000 -0.1500000
v -1.0574050 -0.1000000 -0.1385850
v -1.0000000 -0.2000000 -0.1500000
v -0.9425950 -0.2000000 -0.1385850
v -0.9425950 -0.1000000 -0.1385850
v -1.0000000 -0.1000000 -0.1500000
v -0.9425950 -0.2000000 -0.1385850
v -0.8939350 -0.2000000 -0.1060650
v -0.8939350 -0.1000000 -0.1060650
v -0.9425950 -0.1000000 -0.1385850
v -0.8939350 -0.2000000 -0.1060650
v -0.8614150 -0.2000000 -0.0574050
v -0.8614150 -0.1000000 -0.0574050
v -0.8939350 -0.1000000 -0.1060650
v -0.8614150 -0.2000000 -0.0574050
v -0.8500000 -0.2000000 0.0000000
v -0.8500000 -0.1000000 0.0000000
v -0.8614150 -0.1000000 -0.0574050
v -0.8000000 -0.1000000 0.0000000
v -0.8152200 -0.1000000 0.0765400
v -0.8152200 -0.2000000 0.0765400
v -0.8000000 -0.2000000 0.0000000
v -0.8152200 -0.1000000 0.0765400
v -0.8585800 -0.1000000 0.1414200
v -0.8585800 -0.2000000 0.1414200
v -0.8152200 -0.2000000 0.0765400
v -0.8585800 -0.1000000 0.1414200
v -0.9234600 -0.1000000 0.1847800
v -0.9234600 -0.2000000 0.1847800
v -0.8585800 -0.2000000 0.1414200
v -0.9234600 -0.1000000 0.1847800
v -1.0000000 -0.1000000 0.2000000
v -1.0000000 -0.2000000 0.2000000
v -0.9234600 -0.2000000 0.1847800
v -1.0000000 -0.1000000 0.2000000
v -1.0765400 -0.1000000 0.1847800
v -1.0765400 -0.2000000 0.1847800
v -1.0000000 -0.2000000 0.2000000
v -1.0765400 -0.1000000 0.1847800
v -1.1414200 -0.1000000 0.1414200
v -1.1414200 -0.2000000 0.1414200
v -1.0765400 -0.2000000 0.1847800
v -1.1414200 -0.1000000 0.1414200
v -1.1847800 -0.1000000 0.0765400
v -1.1847800 -0.2000000 0.0765400
v -1.1414200 -0.2000000 0.1414200
v -1.1847800 -0.1000000 0.0765400
v -1.2000000 -0.1000000 0.0000000
v -1.2000000 -0.2000000 0.0000000
v -1.1847800 -0.2000000 0.0765400
v -1.2000000 -0.1000000 0.0000000
v -1.1847800 -0.1000000 -0.0765400
v -1.1847800 -0.2000000 -0.0765400
v -1.2000000 -0.2000000 0.0000000
v -1.1847800 -0.1000000 -0.0765400
v -1.1414200 -0.1000000 -0.1414200
v -1.1414200 -0.2000000 -0.1414200
v -1.1847800 -0.2000000 -0.0765400
v -1.1414200 -0.1000000 -0.1414200
v -1.0765400 -0.1000000 -0.1847800
v -1.0765400 -0.2000000 -0.1847800
v -1.1414200 -0.2000000 -0.1414200
v -1.0765400 -0.1000000 -0.1847800
v -1.0000000 -0.1000000 -0.2000000
v -1.0000000 -0.2000000 -0.2000000
v -1.0765400 -0.2000000 -0.1847800
v -1.0000000 -0.1000000 -0.2000000
v -0.9234600 -0.1000000 -0.1847800
v -0.9234600 -0.2000000 -0.1847800
v -1.0000000 -0.2000000 -0.2000000
v -0.9234600 -0.1000000 -0.1847800
v -0.8585800 -0.1000000 -0.1414200
v -0.8585800 -0.2000000 -0.1414200
v -0.9234600 -0.2000000 -0.1847800
v -0.8585800 -0.1000000 -0.1414200
v -0.8152200 -0.1000000 -0.0765400
v -0.8152200 -0.2000000 -0.0765400
v -0.8585800 -0.2000000 -0.1414200
v -0.8152200 -0.1000000 -0.0765400
v -0.8000000 -0.1000000 0.0000000
v -0.8000000 -0.2000000 0.0000000
v -0.8152200 -0.2000000 -0.0765400
v -1.0765400 -0.2000000 0.1847800
v -1.0574050 -0.2000000 0.1385850
v -1.0000000 -0.2000000 0.1500000
v -1.0000000 -0.2000000 0.2000000
v -1.1414200 -0.2000000 0.1414200
v -1.1060650 -0.2000000 0.1060650
v -1.0574050 -0.2000000 0.1385850
v -1.0765400 -0.2000000 0.1847800
v -1.1847800 -0.2000000 0.0765400
v -1.1385850 -0.2000000 0.0574050
v -1.1060650 -0.2000000 0.1060650
v -1.1414200 -0.2000000 0.1414200
v -1.2000000 -0.2000000 0.0000000
v -1.1500000 -0.2000000 0.0000000
v -1.1385850 -0.2000000 0.0574050
v -1.1847800 -0.2000000 0.0765400
v -1.1847800 -0.2000000 -0.0765400
v -1.1385850 -0.2000000 -0.0574050
v -1.1500000 -0.2000000 0.0000000
v -1.2000000 -0.2000000 0.0000000
v -1.1414200 -0.2000000 -0.1414200
v -1.1060650 -0.2000000 -0.1060650
v -1.1385850 -0.2000000 -0.0574050
v -1.1847800 -0.2000000 -0.0765400
v -1.0765400 -0.2000000 -0.1847800
v -1.0574050 -0.2000000 -0.1385850
v -1.1060650 -0.2000000 -0.1060650
v -1.1414200 -0.2000000 -0.1414200
v -1.0000000 -0.2000000 -0.2000000
v -1.0000000 -0.2000000 -0.1500000
v -1.0574050 -0.2000000 -0.1385850
v -1.0765400 -0.2000000 -0.1847800
v -0.9234600 -0.2000000 -0.1847800
v -0.9425950 -0.2000000 -0.1385850
v -1.0000000 -0.2000000 -0.1500000
v -1.0000000 -0.2000000 -0.2000000
v -0.8585800 -0.2000000 -0.1414200
v -0.8939350 -0.2000000 -0.1060650
v -0.9425950 -0.2000000 -0.1385850
v -0.9234600 -0.2000000 -0.1847800
v -0.8152200 -0.2000000 -0.0765400
v -0.8614150 -0.2000000 -0.0574050
v -0.8939350 -0.2000000 -0.1060650
v -0.8585800 -0.2000000 -0.1414200
v -0.8000000 -0.2000000 0.0000000
v -0.8500000 -0.2000000 0.0000000
v -0.8614150 -0.2000000 -0.0574050
v -0.8152200 -0.2000000 -0.0765400
v -0.8152200 -0.2000000 0.0765400
v -0.8614150 -0.2000000 0.0574050
v -0.8500000 -0.2000000 0.0000000
v -0.8000000 -0.2000000 0.0000000
v -0.8585800 -0.2000000 0.1414200
v -0.8939350 -0.2000000 0.1060650
v -0.8614150 -0.2000000 0.0574050
v -0.8152200 -0.2000000 0.0765400
v -0.9234600 -0.2000000 0.1847800
v -0.9425950 -0.2000000 0.1385850
v -0.8939350 -0.2000000 0.1060650
v -0.8585800 -0.2000000 0.1414200
v -1.0000000 -0.2000000 0.2000000
v -1.0000000 -0.2000000 0.1500000
v -0.9425950 -0.2000000 0.1385850
v -0.9234600 -0.2000000 0.1847800
v -0.3500000 -0.2000000 0.0000000
v -0.3614150 -0.2000000 0.0574050
v -0.3614150 -0.1000000 0.0574050
v -0.3500000 -0.1000000 0.0000000
v -0.3614150 -0.2000000 0.0574050
v -0.3939350 -0.2000000 0.1060650
v -0.3939350 -0.1000000 0.1060650
v -0.3614150 -0.1000000 0.0574050
v -0.3939350 -0.2000000 0.1060650
v -0.4425950 -0.2000000 0.1385850
v -0.4425950 -0.1000000 0.1385850
v -0.3939350 -0.1000000 0.1060650
v -0.4425950 -0.2000000 0.1385850
v -0.5000000 -0.2000000 0.1500000
v -0.5000000 -0.1000000 0.1500000
v -0.4425950 -0.1000000 0.1385850
v -0.5000000 -0.2000000 0.1500000
v -0.5574050 -0.2000000 0.1385850
v -0.5574050 -0.1000000 0.1385850
v -0.5000000 -0.1000000 0.1500000
v -0.5574050 -0.2000000 0.1385850
v -0.6060650 -0.2000000 0.1060650
v -0.6060650 -0.1000000 0.1060650
v -0.5574050 -0.1000000 0.1385850
v -0.6060650 -0.2000000 0.1060650
v -0.6385850 -0.2000000 0.0574050
v -0.6385850 -0.1000000 0.0574050
v -0.6060650 -0.1000000 0.1060650
v -0.6385850 -0.2000000 0.0574050
v -0.6500000 -0.2000000 0.0000000
v -0.6500000 -0.1000000 0.0000000
v -0.6385850 -0.1000000 0.0574050
v -0.6500000 -0.2000000 0.0000000
v -0.6385850 -0.2000000 -0.0574050
v -0.6385850 -0.1000000 -0.0574050
v -0.6500000 -0.1000000 0.0000000
v -0.6385850 -0.2000000 -0.0574050
v -0.6060650 -0.2000000 -0.1060650
v -0.6060650 -0.1000000 -0.1060650
v -0.6385850 -0.1000000 -0.0574050
v -0.6060650 -0.2000000 -0.1060650
v -0.5574050 -0.2000000 -0.1385850
v -0.5574050 -0.1000000 -0.1385850
v -0.6060650 -0.1000000 -0.1060650
v -0.5574050 -0.2000000 -0.1385850
v -0.5000000 -0.2000000 -0.1500000
v -0.5000000 -0.1000000 -0.1500000
v -0.5574050 -0.1000000 -0.1385850
v -0.5000000 -0.2000000 -0.1500000
v -0.4425950 -0.2000000 -0.1385850
v -0.4425950 -0.1000000 -0.1385850
v -0.5000000 -0.1000000 -0.1500000
v -0.4425950 -0.2000000 -0.1385850
v -0.3939350 -0.2000000 -0.1060650
v -0.3939350 -0.1000000 -0.1060650
v -0.4425950 -0.1000000 -0.1385850
v -0.3939350 -0.2000000 -0.1060650
v -0.3614150 -0.2000000 -0.0574050
v -0.3614150 -0.1000000 -0.0574050
v -0.3939350 -0.1000000 -0.1060650
v -0.3614150 -0.2000000 -0.0574050
v -0.3500000 -0.2000000 0.0000000
v -0.3500000 -0.1000000 0.0000000
v -0.3614150 -0.1000000 -0.0574050
v -0.3000000 -0.1000000 0.0000000
v -0.3152200 -0.1000000 0.0765400
v -0.3152200 -0.2000000 0.0765400
v -0.3000000 -0.2000000 0.0000000
v -0.3152200 -0.1000000 0.0765400
v -0.3585800 -0.1000000 0.1414200
v -0.3585800 -0.2000000 0.1414200
v -0.3152200 -0.2000000 0.0765400
v -0.3585800 -0.1000000 0.1414200
v -0.4234600 -0.1000000 0.1847800
v -0.4234600 -0.2000000 0.1847800
v -0.3585800 -0.2000000 0.1414200
v -0.4234600 -0.1000000 0.1847800
v -0.5000000 -0.1000000 0.2000000
v -0.5000000 -0.2000000 0.2000000
v -0.4234600 -0.2000000 0.1847800
v -0.5000000 -0.1000000 0.2000000
v -0.5765400 -0.1000000 0.1847800
v -0.5765400 -0.2000000 0.1847800
v -0.5000000 -0.2000000 0.2000000
v -0.5765400 -0.1000000 0.1847800
v -0.6414200 -0.1000000 0.1414200
v -0.6414200 -0.2000000 0.1414200
v -0.5765400 -0.2000000 0.1847800
v -0.6414200 -0.1000000 0.1414200
v -0.6847800 -0.1000000 0.0765400
v -0.6847800 -0.2000000 0.0765400
v -0.6414200 -0.2000000 0.1414200
v -0.6847800 -0.1000000 0.0765400
v -0.7000000 -0.1000000 0.0000000
v -0.7000000 -0.2000000 0.0000000
v -0.6847800 -0.2000000 0.0765400
v -0.7000000 -0.1000000 0.0000000
v -0.6847800 -0.1000000 -0.0765400
v -0.6847800 -0.2000000 -0.0765400
v -0.7000000 -0.2000000 0.0000000
v -0.6847800 -0.1000000 -0.0765400
v -0.6414200 -0.1000000 -0.1414200
v -0.6414200 -0.2000000 -0.1414200
v -0.6847800 -0.2000000 -0.0765400
v -0.6414200 -0.1000000 -0.1414200
v -0.5765400 -0.1000000 -0.1847800
v -0.5765400 -0.2000000 -0.1847800
v -0.6414200 -0.2000000 -0.1414200
v -0.5765400 -0.1000000 -0.1847800
v -0.5000000 -0.1000000 -0.2000000
v -0.5000000 -0.2000000 -0.2000000
v -0.5765400 -0.2000000 -0.1847800
v -0.5000000 -0.1000000 -0.2000000
v -0.4234600 -0.1000000 -0.1847800
v -0.4234600 -0.2000000 -0.1847800
v -0.5000000 -0.2000000 -0.2000000
v -0.4234600 -0.1000000 -0.1847800
v -0.3585800 -0.1000000 -0.1414200
v -0.3585800 -0.2000000 -0.1414200
v -0.4234600 -0.2000000 -0.1847800
v -0.3585800 -0.1000000 -0.1414200
v -0.3152200 -0.1000000 -0.0765400
v -0.3152200 -0.2000000 -0.0765400
v -0.3585800 -0.2000000 -0.1414200
v -0.3152200 -0.1000000 -0.0765400
v -0.3000000 -0.1000000 0.0000000
v -0.3000000 -0.2000000 0.0000000
v -0.3152200 -0.2000000 -0.0765400
v -0.5765400 -0.2000000 0.1847800
v -0.5574050 -0.2000000 0.1385850
v -0.5000000 -0.2000000 0.1500000
v -0.5000000 -0.2000000 0.2000000
v -0.6414200 -0.2000000 0.1414200
v -0.6060650 -0.2000000 0.1060650
v -0.5574050 -0.2000000 0.1385850
v -0.5765400 -0.2000000 0.1847800
v -0.6847800 -0.2000000 0.0765400
v -0.6385850 -0.2000000 0.0574050
v -0.6060650 -0.2000000 0.1060650
v -0.6414200 -0.2000000 0.1414200
v -0.7000000 -0.2000000 0.0000000
v -0.6500000 -0.2000000 0.0000000
v -0.6385850 -0.2000000 0.0574050
v -0.6847800 -0.2000000 0.0765400
v -0.6847800 -0.2000000 -0.0765400
v -0.6385850 -0.2000000 -0.0574050
v -0.6500000 -0.2000000 0.0000000
v -0.7000000 -0.2000000 0.0000000
v -0.6414200 -0.2000000 -0.1414200
v -0.6060650 -0.2000000 -0.1060650
v -0.6385850 -0.2000000 -0.0574050
v -0.6847800 -0.2000000 -0.0765400
v -0.5765400 -0.2000000 -0.1847800
v -0.5574050 -0.2000000 -0.1385850
v -0.6060650 -0.2000000 -0.1060650
v -0.6414200 -0.2000000 -0.1414200
v -0.5000000 -0.2000000 -0.2000000
v -0.5000000 -0.2000000 -0.1500000
v -0.5574050 -0.2000000 -0.1385850
v -0.5765400 -0.2000000 -0.1847800
v -0.4234600 -0.2000000 -0.1847800
v -0.4425950 -0.2000000 -0.1385850
v -0.5000000 -0.2000000 -0.1500000
v -0.5000000 -0.2000000 -0.2000000
v -0.3585800 -0.2000000 -0.1414200
v -0.3939350 -0.2000000 -0.1060650
v -0.4425950 -0.2000000 -0.1385850
v -0.4234600 -0.2000000 -0.1847800
v -0.3152200 -0.2000000 -0.0765400
v -0.3614150 -0.2000000 -0.0574050
v -0.3939350 -0.2000000 -0.1060650
v -0.3585800 -0.2000000 -0.1414200
v -0.3000000 -0.2000000 0.0000000
v -0.3500000 -0.2000000 0.0000000
v -0.3614150 -0.2000000 -0.0574050
v -0.3152200 -0.2000000 -0.0765400
v -0.3152200 -0.2000000 0.0765400
v -0.3614150 -0.2000000 0.0574050
v -0.3500000 -0.2000000 0.0000000
v -0.3000000 -0.2000000 0.0000000
v -0.3585800 -0.2000000 0.1414200
v -0.3939350 -0.2000000 0.1060650
v -0.3614150 -0.2000000 0.0574050
v -0.3152200 -0.2000000 0.0765400
v -0.4234600 -0.2000000 0.1847800
v -0.4425950 -0.2000000 0.1385850
v -0.3939350 -0.2000000 0.1060650
v -0.3585800 -0.2000000 0.1414200
v -0.5000000 -0.2000000 0.2000000
v -0.5000000 -0.2000000 0.1500000
v -0.4425950 -0.2000000 0.1385850
v -0.4234600 -0.2000000 0.1847800
v -0.8500000 -0.2000000 0.5000000
v -0.8614150 -0.2000000 0.5574050
v -0.8614150 -0.1000000 0.5574050
v -0.8500000 -0.1000000 0.5000000
v -0.8614150 -0.2000000 0.5574050
v -0.8939350 -0.2000000 0.6060650
v -0.8939350 -0.1000000 0.6060650
v -0.8614150 -0.1000000 0.5574050
v -0.8939350 -0.2000000 0.6060650
v -0.9425950 -0.2000000 0.6385850
v -0.9425950 -0.1000000 0.6385850
v -0.8939350 -0.1000000 0.6060650
v -0.9425950 -0.2000000 0.6385850
v -1.0000000 -0.2000000 0.6500000
v -1.0000000 -0.1000000 0.6500000
v -0.9425950 -0.1000000 0.6385850
v -1.0000000 -0.2000000 0.6500000
v -1.0574050 -0.2000000 0.6385850
v -1.0574050 -0.1000000 0.6385850
v -1.0000000 -0.1000000 0.6500000
v -1.0574050 -0.2000000 0.6385850
v -1.1060650 -0.2000000 0.6060650
v -1.1060650 -0.1000000 0.6060650
v -1.0574050 -0.1000000 0.6385850
v -1.1060650 -0.2000000 0.6060650
v -1.1385850 -0.2000000 0.5574050
v -1.1385850 -0.1000000 0.5574050
v -1.1060650 -0.1000000 0.6060650
v -1.1385850 -0.2000000 0.5574050
v -1.1500000 -0.2000000 0.5000000
v -1.1500000 -0.1000000 0.5000000
v -1.1385850 -0.1000000 0.5574050
v -1.1500000 -0.2000000 0.5000000
v -1.1385850 -0.2000000 0.4425950
v -1.1385850 -0.1000000 0.4425950
v -1.1500000 -0.1000000 0.5000000
v -1.1385850 -0.2000000 0.4425950
v -1.1060650 -0.2000000 0.3939350
v -1.1060650 -0.1000000 0.3939350
v -1.1385850 -0.1000000 0.4425950
v -1.1060650 -0.2000000 0.3939350
v -1.0574050 -0.2000000 0.3614150
v -1.0574050 -0.1000000 0.3614150
v -1.1060650 -0.1000000 0.3939350
v -1.0574050 -0.2000000 0.3614150
v -1.0000000 -0.2000000 0.3500000
v -1.0000000 -0.1000000 0.3500000
v -1.0574050 -0.1000000 0.3614150
v -1.0000000 -0.2000000 0.3500000
v -0.9425950 -0.2000000 0.3614150
v -0.9425950 -0.1000000 0.3614150
v -1.0000000 -0.1000000 0.3500000
v -0.9425950 -0.2000000 0.3614150
v -0.8939350 -0.2000000 0.3939350
v -0.8939350 -0.1000000 0.3939350
v -0.9425950 -0.1000000 0.3614150
v -0.8939350 -0.2000000 0.3939350
v -0.8614150 -0.2000000 0.4425950
v -0.8614150 -0.1000000 0.4425950
v -0.8939350 -0.1000000 0.3939350
v -0.8614150 -0.2000000 0.4425950
v -0.8500000 -0.2000000 0.5000000
v -0.8500000 -0.1000000 0.5000000
v -0.8614150 -0.1000000 0.4425950
v -0.8000000 -0.1000000 0.5000000
v -0.8152200 -0.1000000 0.5765400
v -0.8152200 -0.2000000 0.5765400
v -0.8000000 -0.2000000 0.5000000
v -0.8152200 -0.1000000 0.5765400
v -0.8585800 -0.1000000 0.6414200
v -0.8585800 -0.2000000 0.6414200
v -0.8152200 -0.2000000 0.5765400
v -0.8585800 -0.1000000 0.6414200
v -0.9234600 -0.1000000 0.6847800
v -0.9234600 -0.2000000 0.6847800
v -0.8585800 -0.2000000 0.6414200
v -0.9234600 -0.1000000 0.6847800
v -1.0000000 -0.1000000 0.7000000
v -1.0000000 -0.2000000 0.7000000
v -0.9234600 -0.2000000 0.6847800
v -1.0000000 -0.1000000 0.7000000
v -1.0765400 -0.1000000 0.6847800
v -1.0765400 -0.2000000 0.6847800
v -1.0000000 -0.2000000 0.7000000
v -1.0765400 -0.1000000 0.6847800
v -1.1414200 -0.1000000 0.6414200
v -1.1414200 -0.2000000 0.6414200
v -1.0765400 -0.2000000 0.6847800
v -1.1414200 -0.1000000 0.6414200
v -1.1847800 -0.1000000 0.5765400
v -1.1847800 -0.2000000 0.5765400
v -1.1414200 -0.2000000 0.6414200
v -1.1847800 -0.1000000 0.5765400
v -1.2000000 -0.1000000 0.5000000
v -1.2000000 -0.2000000 0.5000000
v -1.1847800 -0.2000000 0.5765400
v -1.2000000 -0.1000000 0.5000000
v -1.1847800 -0.1000000 0.4234600
v -1.1847800 -0.2000000 0.4234600
v -1.2000000 -0.2000000 0.5000000
v -1.1847800 -0.1000000 0.4234600
v -1.1414200 -0.1000000 0.3585800
v -1.1414200 -0.2000000 0.3585800
v -1.1847800 -0.2000000 0.4234600
v -1.1414200 -0.1000000 0.3585800
v -1.0765400 -0.1000000 0.3152200
v -1.0765400 -0.2000000 0.3152200
v -1.1414200 -0.2000000 0.3585800
v -1.0765400 -0.1000000 0.3152200
v -1.0000000 -0.1000000 0.3000000
v -1.0000000 -0.2000000 0.3000000
v -1.0765400 -0.2000000 0.3152200
v -1.0000000 -0.1000000 0.3000000
v -0.9234600 -0.1000000 0.3152200
v -0.9234600 -0.2000000 0.3152200
v -1.0000000 -0.2000000 0.3000000
v -0.9234600 -0.1000000 0.3152200
v -0.8585800 -0.1000000 0.3585800
v -0.8585800 -0.2000000 0.3585800
v -0.9234600 -0.2000000 0.3152200
v -0.8585800 -0.1000000 0.3585800
v -0.8152200 -0.1000000 0.4234600
v -0.8152200 -0.2000000 0.4234600
v -0.8585800 -0.2000000 0.3585800
v -0.8152200 -0.1000000 0.4234600
v -0.8000000 -0.1000000 0.5000000
v -0.8000000 -0.2000000 0.5000000
v -0.8152200 -0.2000000 0.4234600
v -1.0765400 -0.2000000 0.6847800
v -1.0574050 -0.2000000 0.6385850
v -1.0000000 -0.2000000 0.6500000
v -1.0000000 -0.2000000 0.7000000
v -1.1414200 -0.2000000 0.6414200
v -1.1060650 -0.2000000 0.6060650
v -1.0574050 -0.2000000 0.6385850
v -1.0765400 -0.2000000 0.6847800
v -1.1847800 -0.2000000 0.5765400
v -1.1385850 -0.2000000 0.5574050
v -1.1060650 -0.2000000 0.6060650
v -1.1414200 -0.2000000 0.6414200
v -1.2000000 -0.2000000 0.5000000
v -1.1500000 -0.2000000 0.5000000
v -1.1385850 -0.2000000 0.5574050
v -1.1847800 -0.2000000 0.5765400
v -1.1847800 -0.2000000 0.4234600
v -1.1385850 -0.2000000 0.4425950
v -1.1500000 -0.2000000 0.5000000
v -1.2000000 -0.2000000 0.5000000
v -1.1414200 -0.2000000 0.3585800
v -1.1060650 -0.2000000 0.3939350
v -1.1385850 -0.2000000 0.4425950
v -1.1847800 -0.2000000 0.4234600
v -1.0765400 -0.2000000 0.3152200
v -1.0574050 -0.2000000 0.3614150
v -1.1060650 -0.2000000 0.3939350
v -1.1414200 -0.2000000 0.3585800
v -1.0000000 -0.2000000 0.3000000
v -1.0000000 -0.2000000 0.3500000
v -1.0574050 -0.2000000 0.3614150
v -1.0765400 -0.2000000 0.3152200
v -0.9234600 -0.2000000 0.3152200
v -0.9425950 -0.2000000 0.3614150
v -1.0000000 -0.2000000 0.3500000
v -1.0000000 -0.2000000 0.3000000
v -0.8585800 -0.2000000 0.3585800
v -0.8939350 -0.2000000 0.3939350
v -0.9425950 -0.2000000 0.3614150
v -0.9234600 -0.2000000 0.3152200
v -0.8152200 -0.2000000 0.4234600
v -0.8614150 -0.2000000 0.4425950
v -0.8939350 -0.2000000 0.3939350
v -0.8585800 -0.2000000 0.3585800
v -0.8000000 -0.2000000 0.5000000
v -0.8500000 -0.2000000 0.5000000
v -0.8614150 -0.2000000 0.4425950
v -0.8152200 -0.2000000 0.4234600
v -0.8152200 -0.2000000 0.5765400
v -0.8614150 -0.2000000 0.5574050
v -0.8500000 -0.2000000 0.5000000
v -0.8000000 -0.2000000 0.5000000
v -0.8585800 -0.2000000 0.6414200
v -0.8939350 -0.2000000 0.6060650
v -0.8614150 -0.2000000 0.5574050
v -0.8152200 -0.2000000 0.5765400
v -0.9234600 -0.2000000 0.6847800
v -0.9425950 -0.2000000 0.6385850
v -0.8939350 -0.2000000 0.6060650
v -0.8585800 -0.2000000 0.6414200
v -1.0000000 -0.2000000 0.7000000
v -1.0000000 -0.2000000 0.6500000
v -0.9425950 -0.2000000 0.6385850
v -0.9234600 -0.2000000 0.6847800
v -0.3500000 -0.2000000 0.5000000
v -0.3614150 -0.2000000 0.5574050
v -0.3614150 -0.1000000 0.5574050
v -0.3500000 -0.1000000 0.5000000
v -0.3614150 -0.2000000 0.5574050
v -0.3939350 -0.2000000 0.6060650
v -0.3939350 -0.1000000 0.6060650
v -0.3614150 -0.1000000 0.5574050
v -0.3939350 -0.2000000 0.6060650
v -0.4425950 -0.2000000 0.6385850
v -0.4425950 -0.1000000 0.6385850
v -0.3939350 -0.1000000 0.6060650
v -0.4425950 -0.2000000 0.6385850
v -0.5000000 -0.2000000 0.6500000
v -0.5000000 -0.1000000 0.6500000
v -0.4425950 -0.1000000 0.6385850
v -0.5000000 -0.2000000 0.6500000
v -0.5574050 -0.2000000 0.6385850
v -0.5574050 -0.1000000 0.6385850
v -0.5000000 -0.1000000 0.6500000
v -0.5574050 -0.2000000 0.6385850
v -0.6060650 -0.2000000 0.6060650
v -0.6060650 -0.1000000 0.6060650
v -0.5574050 -0.1000000 0.6385850
v -0.6060650 -0.2000000 0.6060650
v -0.6385850 -0.2000000 0.5574050
v -0.6385850 -0.1000000 0.5574050
v -0.6060650 -0.1000000 0.6060650
v -0.6385850 -0.2000000 0.5574050
v -0.6500000 -0.2000000 0.5000000
v -0.6500000 -0.1000000 0.5000000
v -0.6385850 -0.1000000 0.5574050
v -0.6500000 -0.2000000 0.5000000
v -0.6385850 -0.2000000 0.4425950
v -0.6385850 -0.1000000 0.4425950
v -0.6500000 -0.1000000 0.5000000
v -0.6385850 -0.2000000 0.4425950
v -0.6060650 -0.2000000 0.3939350
v -0.6060650 -0.1000000 0.3939350
v -0.6385850 -0.1000000 0.4425950
v -0.6060650 -0.2000000 0.3939350
v -0.5574050 -0.2000000 0.3614150
v -0.5574050 -0.1000000 0.3614150
v -0.6060650 -0.1000000 0.3939350
v -0.5574050 -0.2000000 0.3614150
v -0.5000000 -0.2000000 0.3500000
v -0.5000000 -0.1000000 0.3500000
v -0.5574050 -0.1000000 0.3614150
v -0.5000000 -0.2000000 0.3500000
v -0.4425950 -0.2000000 0.3614150
v -0.4425950 -0.1000000 0.3614150
v -0.5000000 -0.1000000 0.3500000
v -0.4425950 -0.2000000 0.3614150
v -0.3939350 -0.2000000 0.3939350
v -0.3939350 -0.1000000 0.3939350
v -0.4425950 -0.1000000 0.3614150
v -0.3939350 -0.2000000 0.3939350
v -0.3614150 -0.2000000 0.4425950
v -0.3614150 -0.1000000 0.4425950
v -0.3939350 -0.1000000 0.3939350
v -0.3614150 -0.2000000 0.4425950
v -0.3500000 -0.2000000 0.5000000
v -0.3500000 -0.1000000 0.5000000
v -0.3614150 -0.1000000 0.4425950
v -0.3000000 -0.1000000 0.5000000
v -0.3152200 -0.1000000 0.5765400
v -0.3152200 -0.2000000 0.5765400
v -0.3000000 -0.2000000 0.5000000
v -0.3152200 -0.1000000 0.5765400
v -0.3585800 -0.1000000 0.6414200
v -0.3585800 -0.2000000 0.6414200
v -0.3152200 -0.2000000 0.5765400
v -0.3585800 -0.1000000 0.6414200
v -0.4234600 -0.1000000 0.6847800
v -0.4234600 -0.2000000 0.6847800
v -0.3585800 -0.2000000 0.6414200
v -0.4234600 -0.1000000 0.6847800
v -0.5000000 -0.1000000 0.7000000
v -0.5000000 -0.2000000 0.7000000
v -0.4234600 -0.2000000 0.6847800
v -0.5000000 -0.1000000 0.7000000
v -0.5765400 -0.1000000 0.6847800
v -0.5765400 -0.2000000 0.6847800
v -0.5000000 -0.2000000 0.7000000
v -0.5765400 -0.1000000 0.6847800
v -0.6414200 -0.1000000 0.6414200
v -0.6414200 -0.2000000 0.6414200
v -0.5765400 -0.2000000 0.6847800
v -0.6414200 -0.1000000 0.6414200
v -0.6847800 -0.1000000 0.5765400
v -0.6847800 -0.2000000 0.5765400
v -0.6414200 -0.2000000 0.6414200
v -0.6847800 -0.1000000 0.5765400
v -0.7000000 -0.1000000 0.5000000
v -0.7000000 -0.2000000 0.5000000
v -0.6847800 -0.2000000 0.5765400
v -0.7000000 -0.1000000 0.5000000
v -0.6847800 -0.1000000 0.4234600
v -0.6847800 -0.2000000 0.4234600
v -0.7000000 -0.2000000 0.5000000
v -0.6847800 -0.1000000 0.4234600
v -0.6414200 -0.1000000 0.3585800
v -0.6414200 -0.2000000 0.3585800
v -0.6847800 -0.2000000 0.4234600
v -0.6414200 -0.1000000 0.3585800
v -0.5765400 -0.1000000 0.3152200
v -0.5765400 -0.2000000 0.3152200
v -0.6414200 -0.2000000 0.3585800
v -0.5765400 -0.1000000 0.3152200
v -0.5000000 -0.1000000 0.3000000
v -0.5000000 -0.2000000 0.3000000
v -0.5765400 -0.2000000 0.3152200
v -0.5000000 -0.1000000 0.3000000
v -0.4234600 -0.1000000 0.3152200
v -0.4234600 -0.2000000 0.3152200
v -0.5000000 -0.2000000 0.3000000
v -0.4234600 -0.1000000 0.3152200
v -0.3585800 -0.1000000 0.3585800
v -0.3585800 -0.2000000 0.3585800
v -0.4234600 -0.2000000 0.3152200
v -0.3585800 -0.1000000 0.3585800
v -0.3152200 -0.1000000 0.4234600
v -0.3152200 -0.2000000 0.4234600
v -0.3585800 -0.2000000 0.3585800
v -0.3152200 -0.1000000 0.4234600
v -0.3000000 -0.1000000 0.5000000
v -0.3000000 -0.2000000 0.5000000
v -0.3152200 -0.2000000 0.4234600
v -0.5765400 -0.2000000 0.6847800
v -0.5574050 -0.2000000 0.6385850
v -0.5000000 -0.2000000 0.6500000
v -0.5000000 -0.2000000 0.7000000
v -0.6414200 -0.2000000 0.6414200
v -0.6060650 -0.2000000 0.6060650
v -0.5574050 -0.2000000 0.6385850
v -0.5765400 -0.2000000 0.6847800
v -0.6847800 -0.2000000 0.5765400
v -0.6385850 -0.2000000 0.5574050
v -0.6060650 -0.2000000 0.6060650
v -0.6414200 -0.2000000 0.6414200
v -0.7000000 -0.2000000 0.5000000
v -0.6500000 -0.2000000 0.5000000
v -0.6385850 -0.2000000 0.5574050
v -0.6847800 -0.2000000 0.5765400
v -0.6847800 -0.2000000 0.4234600
v -0.6385850 -0.2000000 0.4425950
v -0.6500000 -0.2000000 0.5000000
v -0.7000000 -0.2000000 0.5000000
v -0.6414200 -0.2000000 0.3585800
v -0.6060650 -0.2000000 0.3939350
v -0.6385850 -0.2000000 0.4425950
v -0.6847800 -0.2000000 0.4234600
v -0.5765400 -0.2000000 0.3152200
v -0.5574050 -0.2000000 0.3614150
v -0.6060650 -0.2000000 0.3939350
v -0.6414200 -0.2000000 0.3585800
v -0.5000000 -0.2000000 0.3000000
v -0.5000000 -0.2000000 0.3500000
v -0.5574050 -0.2000000 0.3614150
v -0.5765400 -0.2000000 0.3152200
v -0.4234600 -0.2000000 0.3152200
v -0.4425950 -0.2000000 0.3614150
v -0.5000000 -0.2000000 0.3500000
v -0.5000000 -0.2000000 0.3000000
v -0.3585800 -0.2000000 0.3585800
v -0.3939350 -0.2000000 0.3939350
v -0.4425950 -0.2000000 0.3614150
v -0.4234600 -0.2000000 0.3152200
v -0.3152200 -0.2000000 0.4234600
v -0.3614150 -0.2000000 0.4425950
v -0.3939350 -0.2000000 0.3939350
v -0.3585800 -0.2000000 0.3585800
v -0.3000000 -0.2000000 0.5000000
v -0.3500000 -0.2000000 0.5000000
v -0.3614150 -0.2000000 0.4425950
v -0.3152200 -0.2000000 0.4234600
v -0.3152200 -0.2000000 0.5765400
v -0.3614150 -0.2000000 0.5574050
v -0.3500000 -0.2000000 0.5000000
v -0.3000000 -0.2000000 0.5000000
v -0.3585800 -0.2000000 0.6414200
v -0.3939350 -0.2000000 0.6060650
v -0.3614150 -0.2000000 0.5574050
v -0.3152200 -0.2000000 0.5765400
v -0.4234600 -0.2000000 0.6847800
v -0.4425950 -0.2000000 0.6385850
v -0.3939350 -0.2000000 0.6060650
v -0.3585800 -0.2000000 0.6414200
v -0.5000000 -0.2000000 0.7000000
v -0.5000000 -0.2000000 0.6500000
v -0.4425950 -0.2000000 0.6385850
v -0.4234600 -0.2000000 0.6847800
v 0.1500000 -0.2000000 0.0000000
v 0.1385850 -0.2000000 0.0574050
v 0.1385850 -0.1000000 0.0574050
v 0.1500000 -0.1000000 0.0000000
v 0.1385850 -0.2000000 0.0574050
v 0.1060650 -0.2000000 0.1060650
v 0.1060650 -0.1000000 0.1060650
v 0.1385850 -0.1000000 0.0574050
v 0.1060650 -0.2000000 0.1060650
v 0.0574050 -0.2000000 0.1385850
v 0.0574050 -0.1000000 0.1385850
v 0.1060650 -0.1000000 0.1060650
v 0.0574050 -0.2000000 0.1385850
v 0.0000000 -0.2000000 0.1500000
v 0.0000000 -0.1000000 0.1500000
v 0.0574050 -0.1000000 0.1385850
v 0.0000000 -0.2000000 0.1500000
v -0.0574050 -0.2000000 0.1385850
v -0.0574050 -0.1000000 0.1385850
v 0.0000000 -0.1000000 0.1500000
v -0.0574050 -0.2000000 0.1385850
v -0.1060650 -0.2000000 0.1060650
v -0.1060650 -0.1000000 0.1060650
v -0.0574050 -0.1000000 0.1385850
v -0.1060650 -0.2000000 0.1060650
v -0.1385850 -0.2000000 0.0574050
v -0.1385850 -0.1000000 0.0574050
v -0.1060650 -0.1000000 0.1060650
v -0.1385850 -0.2000000 0.0574050
v -0.1500000 -0.2000000 0.0000000
v -0.1500000 -0.1000000 0.0000000
v -0.1385850 -0.1000000 0.0574050
v -0.1500000 -0.2000000 0.0000000
v -0.1385850 -0.2000000 -0.0574050
v -0.1385850 -0.1000000 -0.0574050
v -0.1500000 -0.1000000 0.0000000
v -0.1385850 -0.2000000 -0.0574050
v -0.1060650 -0.2000000 -0.1060650
v -0.1060650 -0.1000000 -0.1060650
v -0.1385850 -0.1000000 -0.0574050
v -0.1060650 -0.2000000 -0.1060650
v -0.0574050 -0.2000000 -0.1385850
v -0.0574050 -0.1000000 -0.1385850
v -0.1060650 -0.1000000 -0.1060650
v -0.0574050 -0.2000000 -0.1385850
v 0.0000000 -0.2000000 -0.1500000
v 0.0000000 -0.1000000 -0.1500000
v -0.0574050 -0.1000000 -0.1385850
v 0.0000000 -0.2000000 -0.1500000
v 0.0574050 -0.2000000 -0.1385850
v 0.0574050 -0.1000000 -0.1385850
v 0.0000000 -0.1000000 -0.1500000
v 0.0574050 -0.2000000 -0.1385850
v 0.1060650 -0.2000000 -0.1060650
v 0.1060650 -0.1000000 -0.1060650
v 0.0574050 -0.1000000 -0.1385850
v 0.1060650 -0.2000000 -0.1060650
v 0.1385850 -0.2000000 -0.0574050
v 0.1385850 -0.1000000 -0.0574050
v 0.1060650 -0.1000000 -0.1060650
v 0.1385850 -0.2000000 -0.0574050
v 0.1500000 -0.2000000 0.0000000
v 0.1500000 -0.1000000 0.0000000
v 0.1385850 -0.1000000 -0.0574050
v 0.2000000 -0.1000000 0.0000000
v 0.1847800 -0.1000000 0.0765400
v 0.1847800 -0.2000000 0.0765400
v 0.2000000 -0.2000000 0.0000000
v 0.1847800 -0.1000000 0.0765400
v 0.1414200 -0.1000000 0.1414200
v 0.1414200 -0.2000000 0.1414200
v 0.1847800 -0.2000000 0.0765400
v 0.1414200 -0.1000000 0.1414200
v 0.0765400 -0.1000000 0.1847800
v 0.0765400 -0.2000000 0.1847800
v 0.1414200 -0.2000000 0.1414200
v 0.0765400 -0.1000000 0.1847800
v 0.0000000 -0.1000000 0.2000000
v 0.0000000 -0.2000000 0.2000000
v 0.0765400 -0.2000000 0.1847800
v 0.0000000 -0.1000000 0.2000000
v -0.0765400 -0.1000000 0.1847800
v -0.0765400 -0.2000000 0.1847800
v 0.0000000 -0.2000000 0.2000000
v -0.0765400 -0.1000000 0.1847800
v -0.1414200 -0.1000000 0.1414200
v -0.1414200 -0.2000000 0.1414200
v -0.0765400 -0.2000000 0.1847800
v -0.1414200 -0.1000000 0.1414200
v -0.1847800 -0.1000000 0.0765400
v -0.1847800 -0.2000000 0.0765400
v -0.1414200 -0.2000000 0.1414200
v -0.1847800 -0.1000000 0.0765400
v -0.2000000 -0.1000000 0.0000000
v -0.2000000 -0.2000000 0.0000000
v -0.1847800 -0.2000000 0.0765400
v -0.2000000 -0.1000000 0.0000000
v -0.1847800 -0.1000000 -0.0765400
v -0.1847800 -0.2000000 -0.0765400
v -0.2000000 -0.2000000 0.0000000
v -0.1847800 -0.1000000 -0.0765400
v -0.1414200 -0.1000000 -0.1414200
v -0.1414200 -0.2000000 -0.1414200
v -0.1847800 -0.2000000 -0.0765400
v -0.1414200 -0.1000000 -0.1414200
v -0.0765400 -0.1000000 -0.1847800
v -0.0765400 -0.2000000 -0.1847800
v -0.1414200 -0.2000000 -0.1414200
v -0.0765400 -0.1000000 -0.1847800
v 0.0000000 -0.1000000 -0.2000000
v 0.0000000 -0.2000000 -0.2000000
v -0.0765400 -0.2000000 -0.1847800
v 0.0000000 -0.1000000 -0.2000000
v 0.0765400 -0.1000000 -0.1847800
v 0.0765400 -0.2000000 -0.1847800
v 0.0000000 -0.2000000 -0.2000000
v 0.0765400 -0.1000000 -0.1847800
v 0.1414200 -0.1000000 -0.1414200
v 0.1414200 -0.2000000 -0.1414200
v 0.0765400 -0.2000000 -0.1847800
v 0.1414200 -0.1000000 -0.1414200
v 0.1847800 -0.1000000 -0.0765400
v 0.1847800 -0.2000000 -0.0765400
v 0.1414200 -0.2000000 -0.1414200
v 0.1847800 -0.1000000 -0.0765400
v 0.2000000 -0.1000000 0.0000000
v 0.2000000 -0.2000000 0.0000000
v 0.1847800 -0.2000000 -0.0765400
v -0.0765400 -0.2000000 0.1847800
v -0.0574050 -0.2000000 0.1385850
v 0.0000000 -0.2000000 0.1500000
v 0.0000000 -0.2000000 0.2000000
v -0.1414200 -0.2000000 0.1414200
v -0.1060650 -0.2000000 0.1060650
v -0.0574050 -0.2000000 0.1385850
v -0.0765400 -0.2000000 0.1847800
v -0.1847800 -0.2000000 0.0765400
v -0.1385850 -0.2000000 0.0574050
v -0.1060650 -0.2000000 0.1060650
v -0.1414200 -0.2000000 0.1414200
v -0.2000000 -0.2000000 0.0000000
v -0.1500000 -0.2000000 0.0000000
v -0.1385850 -0.2000000 0.0574050
v -0.1847800 -0.2000000 0.0765400
v -0.1847800 -0.2000000 -0.0765400
v -0.1385850 -0.2000000 -0.0574050
v -0.1500000 -0.2000000 0.0000000
v -0.2000000 -0.2000000 0.0000000
v -0.1414200 -0.2000000 -0.1414200
v -0.1060650 -0.2000000 -0.1060650
v -0.1385850 -0.2000000 -0.0574050
v -0.1847800 -0.2000000 -0.0765400
v -0.0765400 -0.2000000 -0.1847800
v -0.0574050 -0.2000000 -0.1385850
v -0.1060650 -0.2000000 -0.1060650
v -0.1414200 -0.2000000 -0.1414200
v 0.0000000 -0.2000000 -0.2000000
v 0.0000000 -0.2000000 -0.1500000
v -0.0574050 -0.2000000 -0.1385850
v -0.0765400 -0.2000000 -0.1847800
v 0.0765400 -0.2000000 -0.1847800
v 0.0574050 -0.2000000 -0.1385850
v 0.0000000 -0.2000000 -0.1500000
v 0.0000000 -0.2000000 -0.2000000
v 0.1414200 -0.2000000 -0.1414200
v 0.1060650 -0.2000000 -0.1060650
v 0.0574050 -0.2000000 -0.1385850
v 0.0765400 -0.2000000 -0.1847800
v 0.1847800 -0.2000000 -0.0765400
v 0.1385850 -0.2000000 -0.0574050
v 0.1060650 -0.2000000 -0.1060650
v 0.1414200 -0.2000000 -0.1414200
v 0.2000000 -0.2000000 0.0000000
v 0.1500000 -0.2000000 0.0000000
v 0.1385850 -0.2000000 -0.0574050
v 0.1847800 -0.2000000 -0.0765400
v 0.1847800 -0.2000000 0.0765400
v 0.1385850 -0.2000000 0.0574050
v 0.1500000 -0.2000000 0.0000000
v 0.2000000 -0.2000000 0.0000000
v 0.1414200 -0.2000000 0.1414200
v 0.1060650 -0.2000000 0.1060650
v 0.1385850 -0.2000000 0.0574050
v 0.1847800 -0.2000000 0.0765400
v 0.0765400 -0.2000000 0.1847800
v 0.0574050 -0.2000000 0.1385850
v 0.1060650 -0.2000000 0.1060650
v 0.1414200 -0.2000000 0.1414200
v 0.0000000 -0.2000000 0.2000000
v 0.0000000 -0.2000000 0.1500000
v 0.0574050 -0.2000000 0.1385850
v 0.0765400 -0.2000000 0.1847800
v 0.6500000 -0.2000000 0.0000000
v 0.6385850 -0.2000000 0.0574050
v 0.6385850 -0.1000000 0.0574050
v 0.6500000 -0.1000000 0.0000000
v 0.6385850 -0.2000000 0.0574050
v 0.6060650 -0.2000000 0.1060650
v 0.6060650 -0.1000000 0.1060650
v 0.6385850 -0.1000000 0.0574050
v 0.6060650 -0.2000000 0.1060650
v 0.5574050 -0.2000000 0.1385850
v 0.5574050 -0.1000000 0.1385850
v 0.6060650 -0.1000000 0.1060650
v 0.5574050 -0.2000000 0.1385850
v 0.5000000 -0.2000000 0.1500000
v 0.5000000 -0.1000000 0.1500000
v 0.5574050 -0.1000000 0.1385850
v 0.5000000 -0.2000000 0.1500000
v 0.4425950 -0.2000000 0.1385850
v 0.4425950 -0.1000000 0.1385850
v 0.5000000 -0.1000000 0.1500000
v 0.4425950 -0.2000000 0.1385850
v 0.3939350 -0.2000000 0.1060650
v 0.3939350 -0.1000000 0.1060650
v 0.4425950 -0.1000000 0.1385850
v 0.3939350 -0.2000000 0.1060650
v 0.3614150 -0.2000000 0.0574050
v 0.3614150 -0.1000000 0.0574050
v 0.3939350 -0.1000000 0.1060650
v 0.3614150 -0.2000000 0.0574050
v 0.3500000 -0.2000000 0.0000000
v 0.3500000 -0.1000000 0.0000000
v 0.3614150 -0.1000000 0.0574050
v 0.3500000 -0.2000000 0.0000000
v 0.3614150 -0.2000000 -0.0574050
v 0.3614150 -0.1000000 -0.0574050
v 0.3500000 -0.1000000 0.0000000
v 0.3614150 -0.2000000 -0.0574050
v 0.3939350 -0.2000000 -0.1060650
v 0.3939350 -0.1000000 -0.1060650
v 0.3614150 -0.1000000 -0.0574050
v 0.3939350 -0.2000000 -0.1060650
v 0.4425950 -0.2000000 -0.1385850
v 0.4425950 -0.1000000 -0.1385850
v 0.3939350 -0.1000000 -0.1060650
v 0.4425950 -0.2000000 -0.1385850
v 0.5000000 -0.2000000 -0.1500000
v 0.5000000 -0.1000000 -0.1500000
v 0.4425950 -0.1000000 -0.1385850
v 0.5000000 -0.2000000 -0.1500000
v 0.5574050 -0.2000000 -0.1385850
v 0.5574050 -0.1000000 -0.1385850
v 0.5000000 -0.1000000 -0.1500000
v 0.5574050 -0.2000000 -0.1385850
v 0.6060650 -0.2000000 -0.1060650
v 0.6060650 -0.1000000 -0.1060650
v 0.5574050 -0.1000000 -0.1385850
v 0.6060650 -0.2000000 -0.1060650
v 0.6385850 -0.2000000 -0.0574050
v 0.6385850 -0.1000000 -0.0574050
v 0.6060650 -0.1000000 -0.1060650
v 0.6385850 -0.2000000 -0.0574050
v 0.6500000 -0.2000000 0.0000000
v 0.6500000 -0.1000000 0.0000000
v 0.6385850 -0.1000000 -0.0574050
v 0.7000000 -0.1000000 0.0000000
v 0.6847800 -0.1000000 0.0765400
v 0.6847800 -0.2000000 0.0765400
v 0.7000000 -0.2000000 0.0000000
v 0.6847800 -0.1000000 0.0765400
v 0.6414200 -0.1000000 0.1414200
v 0.6414200 -0.2000000 0.1414200
v 0.6847800 -0.2000000 0.0765400
v 0.6414200 -0.1000000 0.1414200
v 0.5765400 -0.1000000 0.1847800
v 0.5765400 -0.2000000 0.1847800
v 0.6414200 -0.2000000 0.1414200
v 0.5765400 -0.1000000 0.1847800
v 0.5000000 -0.1000000 0.2000000
v 0.5000000 -0.2000000 0.2000000
v 0.5765400 -0.2000000 0.1847800
v 0.5000000 -0.1000000 0.2000000
v 0.4234600 -0.1000000 0.1847800
v 0.4234600 -0.2000000 0.1847800
v 0.5000000 -0.2000000 0.2000000
v 0.4234600 -0.1000000 0.1847800
v 0.3585800 -0.1000000 0.1414200
v 0.3585800 -0.2000000 0.1414200
v 0.4234600 -0.2000000 0.1847800
v 0.3585800 -0.1000000 0.1414200
v 0.3152200 -0.1000000 0.0765400
v 0.3152200 -0.2000000 0.0765400
v 0.3585800 -0.2000000 0.1414200
v 0.3152200 -0.1000000 0.0765400
v 0.3000000 -0.1000000 0.0000000
v 0.3000000 -0.2000000 0.0000000
v 0.3152200 -0.2000000 0.0765400
v 0.3000000 -0.1000000 0.0000000
v 0.3152200 -0.1000000 -0.0765400
v 0.3152200 -0.2000000 -0.0765400
v 0.3000000 -0.2000000 0.0000000
v 0.3152200 -0.1000000 -0.0765400
v 0.3585800 -0.1000000 -0.1414200
v 0.3585800 -0.2000000 -0.1414200
v 0.3152200 -0.2000000 -0.0765400
v 0.3585800 -0.1000000 -0.1414200
v 0.4234600 -0.1000000 -0.1847800
v 0.4234600 -0.2000000 -0.1847800
v 0.3585800 -0.2000000 -0.1414200
v 0.4234600 -0.1000000 -0.1847800
v 0.5000000 -0.1000000 -0.2000000
v 0.5000000 -0.2000000 -0.2000000
v 0.4234600 -0.2000000 -0.1847800
v 0.5000000 -0.1000000 -0.2000000
v 0.5765400 -0.1000000 -0.1847800
v 0.5765400 -0.2000000 -0.1847800
v 0.5000000 -0.2000000 -0.2000000
v 0.5765400 -0.1000000 -0.1847800
v 0.6414200 -0.1000000 -0.1414200
v 0.6414200 -0.2000000 -0.1414200
v 0.5765400 -0.2000000 -0.1847800
v 0.6414200 -0.1000000 -0.1414200
v 0.6847800 -0.1000000 -0.0765400
v 0.6847800 -0.2000000 -0.0765400
v 0.6414200 -0.2000000 -0.1414200
v 0.6847800 -0.1000000 -0.0765400
v 0.7000000 -0.1000000 0.0000000
v 0.7000000 -0.2000000 0.0000000
v 0.6847800 -0.2000000 -0.0765400
v 0.4234600 -0.2000000 0.1847800
v 0.4425950 -0.2000000 0.1385850
v 0.5000000 -0.2000000 0.1500000
v 0.5000000 -0.2000000 0.2000000
v 0.3585800 -0.2000000 0.1414200
v 0.3939350 -0.2000000 0.1060650
v 0.4425950 -0.2000000 0.1385850
v 0.4234600 -0.2000000 0.1847800
v 0.3152200 -0.2000000 0.0765400
v 0.3614150 -0.2000000 0.0574050
v 0.3939350 -0.2000000 0.1060650
v 0.3585800 -0.2000000 0.1414200
v 0.3000000 -0.2000000 0.0000000
v 0.3500000 -0.2000000 0.0000000
v 0.3614150 -0.2000000 0.0574050
v 0.3152200 -0.2000000 0.0765400
v 0.3152200 -0.2000000 -0.0765400
v 0.3614150 -0.2000000 -0.0574050
v 0.3500000 -0.2000000 0.0000000
v 0.3000000 -0.2000000 0.0000000
v 0.3585800 -0.2000000 -0.1414200
v 0.3939350 -0.2000000 -0.1060650
v 0.3614150 -0.2000000 -0.0574050
v 0.3152200 -0.2000000 -0.0765400
v 0.4234600 -0.2000000 -0.1847800
v 0.4425950 -0.2000000 -0.1385850
v 0.3939350 -0.2000000 -0.1060650
v 0.3585800 -0.2000000 -0.1414200
v 0.5000000 -0.2000000 -0.2000000
v 0.5000000 -0.2000000 -0.1500000
v 0.4425950 -0.2000000 -0.1385850
v 0.4234600 -0.2000000 -0.1847800
v 0.5765400 -0.2000000 -0.1847800
v 0.5574050 -0.2000000 -0.1385850
v 0.5000000 -0.2000000 -0.1500000
v 0.5000000 -0.2000000 -0.2000000
v 0.6414200 -0.2000000 -0.1414200
v 0.6060650 -0.2000000 -0.1060650
v 0.5574050 -0.2000000 -0.1385850
v 0.5765400 -0.2000000 -0.1847800
v 0.6847800 -0.2000000 -0.0765400
v 0.6385850 -0.2000000 -0.0574050
v 0.6060650 -0.2000000 -0.1060650
v 0.6414200 -0.2000000 -0.1414200
v 0.7000000 -0.2000000 0.0000000
v 0.6500000 -0.2000000 0.0000000
v 0.6385850 -0.2000000 -0.0574050
v 0.6847800 -0.2000000 -0.0765400
v 0.6847800 -0.2000000 0.0765400
v 0.6385850 -0.2000000 0.0574050
v 0.6500000 -0.2000000 0.0000000
v 0.7000000 -0.2000000 0.0000000
v 0.6414200 -0.2000000 0.1414200
v 0.6060650 -0.2000000 0.1060650
v 0.6385850 -0.2000000 0.0574050
v 0.6847800 -0.2000000 0.0765400
v 0.5765400 -0.2000000 0.1847800
v 0.5574050 -0.2000000 0.1385850
v 0.6060650 -0.2000000 0.1060650
v 0.6414200 -0.2000000 0.1414200
v 0.5000000 -0.2000000 0.2000000
v 0.5000000 -0.2000000 0.1500000
v 0.5574050 -0.2000000 0.1385850
v 0.5765400 -0.2000000 0.1847800
v 0.1500000 -0.2000000 0.5000000
v 0.1385850 -0.2000000 0.5574050
v 0.1385850 -0.1000000 0.5574050
v 0.1500000 -0.1000000 0.5000000
v 0.1385850 -0.2000000 0.5574050
v 0.1060650 -0.2000000 0.6060650
v 0.1060650 -0.1000000 0.6060650
v 0.1385850 -0.1000000 0.5574050
v 0.1060650 -0.2000000 0.6060650
v 0.0574050 -0.2000000 0.6385850
v 0.0574050 -0.1000000 0.6385850
v 0.1060650 -0.1000000 0.6060650
v 0.0574050 -0.2000000 0.6385850
v 0.0000000 -0.2000000 0.6500000
v 0.0000000 -0.1000000 0.6500000
v 0.0574050 -0.1000000 0.6385850
v 0.0000000 -0.2000000 0.6500000
v -0.0574050 -0.2000000 0.6385850
v -0.0574050 -0.1000000 0.6385850
v 0.0000000 -0.1000000 0.6500000
v -0.0574050 -0.2000000 0.6385850
v -0.1060650 -0.2000000 0.6060650
v -0.1060650 -0.1000000 0.6060650
v -0.0574050 -0.1000000 0.6385850
v -0.1060650 -0.2000000 0.6060650
v -0.1385850 -0.2000000 0.5574050
v -0.1385850 -0.1000000 0.5574050
v -0.1060650 -0.1000000 0.6060650
v -0.1385850 -0.2000000 0.5574050
v -0.1500000 -0.2000000 0.5000000
v -0.1500000 -0.1000000 0.5000000
v -0.1385850 -0.1000000 0.5574050
v -0.1500000 -0.2000000 0.5000000
v -0.1385850 -0.2000000 0.4425950
v -0.1385850 -0.1000000 0.4425950
v -0.1500000 -0.1000000 0.5000000
v -0.1385850 -0.2000000 0.4425950
v -0.1060650 -0.2000000 0.3939350
v -0.1060650 -0.1000000 0.3939350
v -0.1385850 -0.1000000 0.4425950
v -0.1060650 -0.2000000 0.3939350
v -0.0574050 -0.2000000 0.3614150
v -0.0574050 -0.1000000 0.3614150
v -0.1060650 -0.1000000 0.3939350
v -0.0574050 -0.2000000 0.3614150
v 0.0000000 -0.2000000 0.3500000
v 0.0000000 -0.1000000 0.3500000
v -0.0574050 -0.1000000 0.3614150
v 0.0000000 -0.2000000 0.3500000
v 0.0574050 -0.2000000 0.3614150
v 0.0574050 -0.1000000 0.3614150
v 0.0000000 -0.1000000 0.3500000
v 0.0574050 -0.2000000 0.3614150
v 0.1060650 -0.2000000 0.3939350
v 0.1060650 -0.1000000 0.3939350
v 0.0574050 -0.1000000 0.3614150
v 0.1060650 -0.2000000 0.3939350
v 0.1385850 -0.2000000 0.4425950
v 0.1385850 -0.1000000 0.4425950
v 0.1060650 -0.1000000 0.3939350
v 0.1385850 -0.2000000 0.4425950
v 0.1500000 -0.2000000 0.5000000
v 0.1500000 -0.1000000 0.5000000
v 0.1385850 -0.1000000 0.4425950
v 0.2000000 -0.1000000 0.5000000
v 0.1847800 -0.1000000 0.5765400
v 0.1847800 -0.2000000 0.5765400
v 0.2000000 -0.2000000 0.5000000
v 0.1847800 -0.1000000 0.5765400
v 0.1414200 -0.1000000 0.6414200
v 0.1414200 -0.2000000 0.6414200
v 0.1847800 -0.2000000 0.5765400
v 0.1414200 -0.1000000 0.6414200
v 0.0765400 -0.1000000 0.6847800
v 0.0765400 -0.2000000 0.6847800
v 0.1414200 -0.2000000 0.6414200
v 0.0765400 -0.1000000 0.6847800
v 0.0000000 -0.1000000 0.7000000
v 0.0000000 -0.2000000 0.7000000
v 0.0765400 -0.2000000 0.6847800
v 0.0000000 -0.1000000 0.7000000
v -0.0765400 -0.1000000 0.6847800
v -0.0765400 -0.2000000 0.6847800
v 0.0000000 -0.2000000 0.7000000
v -0.0765400 -0.1000000 0.6847800
v -0.1414200 -0.1000000 0.6414200
v -0.1414200 -0.2000000 0.6414200
v -0.0765400 -0.2000000 0.6847800
v -0.1414200 -0.1000000 0.6414200
v -0.1847800 -0.1000000 0.5765400
v -0.1847800 -0.2000000 0.5765400
v -0.1414200 -0.2000000 0.6414200
v -0.1847800 -0.1000000 0.5765400
v -0.2000000 -0.1000000 0.5000000
v -0.2000000 -0.2000000 0.5000000
v -0.1847800 -0.2000000 0.5765400
v -0.2000000 -0.1000000 0.5000000
v -0.1847800 -0.1000000 0.4234600
v -0.1847800 -0.2000000 0.4234600
v -0.2000000 -0.2000000 0.5000000
v -0.1847800 -0.1000000 0.4234600
v -0.1414200 -0.1000000 0.3585800
v -0.1414200 -0.2000000 0.3585800
v -0.1847800 -0.2000000 0.4234600
v -0.1414200 -0.1000000 0.3585800
v -0.0765400 -0.1000000 0.3152200
v -0.0765400 -0.2000000 0.3152200
v -0.1414200 -0.2000000 0.3585800
v -0.0765400 -0.1000000 0.3152200
v 0.0000000 -0.1000000 0.3000000
v 0.0000000 -0.2000000 0.3000000
v -0.0765400 -0.2000000 0.3152200
v 0.0000000 -0.1000000 0.3000000
v 0.0765400 -0.1000000 0.3152200
v 0.0765400 -0.2000000 0.3152200
v 0.0000000 -0.2000000 0.3000000
v 0.0765400 -0.1000000 0.3152200
v 0.1414200 -0.1000000 0.3585800
v 0.1414200 -0.2000000 0.3585800
v 0.0765400 -0.2000000 0.3152200
v 0.1414200 -0.1000000 0.3585800
v 0.1847800 -0.1000000 0.4234600
v 0.1847800 -0.2000000 0.4234600
v 0.1414200 -0.2000000 0.3585800
v 0.1847800 -0.1000000 0.4234600
v 0.2000000 -0.1000000 0.5000000
v 0.2000000 -0.2000000 0.5000000
v 0.1847800 -0.2000000 0.4234600
v -0.0765400 -0.2000000 0.6847800
v -0.0574050 -0.2000000 0.6385850
v 0.0000000 -0.2000000 0.6500000
v 0.0000000 -0.2000000 0.7000000
v -0.1414200 -0.2000000 0.6414200
v -0.1060650 -0.2000000 0.6060650
v -0.0574050 -0.2000000 0.6385850
v -0.0765400 -0.2000000 0.6847800
v -0.1847800 -0.2000000 0.5765400
v -0.1385850 -0.2000000 0.5574050
v -0.1060650 -0.2000000 0.6060650
v -0.1414200 -0.2000000 0.6414200
v -0.2000000 -0.2000000 0.5000000
v -0.1500000 -0.2000000 0.5000000
v -0.1385850 -0.2000000 0.5574050
v -0.1847800 -0.2000000 0.5765400
v -0.1847800 -0.2000000 0.4234600
v -0.1385850 -0.2000000 0.4425950
v -0.1500000 -0.2000000 0.5000000
v -0.2000000 -0.2000000 0.5000000
v -0.1414200 -0.2000000 0.3585800
v -0.1060650 -0.2000000 0.3939350
v -0.1385850 -0.2000000 0.4425950
v -0.1847800 -0.2000000 0.4234600
v -0.0765400 -0.2000000 0.3152200
v -0.0574050 -0.2000000 0.3614150
v -0.1060650 -0.2000000 0.3939350
v -0.1414200 -0.2000000 0.3585800
v 0.0000000 -0.2000000 0.3000000
v 0.0000000 -0.2000000 0.3500000
v -0.0574050 -0.2000000 0.3614150
v -0.0765400 -0.2000000 0.3152200
v 0.0765400 -0.2000000 0.3152200
v 0.0574050 -0.2000000 0.3614150
v 0.0000000 -0.2000000 0.3500000
v 0.0000000 -0.2000000 0.3000000
v 0.1414200 -0.2000000 0.3585800
v 0.1060650 -0.2000000 0.3939350
v 0.0574050 -0.2000000 0.3614150
v 0.0765400 -0.2000000 0.3152200
v 0.1847800 -0.2000000 0.4234600
v 0.1385850 -0.2000000 0.4425950
v 0.1060650 -0.2000000 0.3939350
v 0.1414200 -0.2000000 0.3585800
v 0.2000000 -0.2000000 0.5000000
v 0.1500000 -0.2000000 0.5000000
v 0.1385850 -0.2000000 0.4425950
v 0.1847800 -0.2000000 0.4234600
v 0.1847800 -0.2000000 0.5765400
v 0.1385850 -0.2000000 0.5574050
v 0.1500000 -0.2000000 0.5000000
v 0.2000000 -0.2000000 0.5000000
v 0.1414200 -0.2000000 0.6414200
v 0.1060650 -0.2000000 0.6060650
v 0.1385850 -0.2000000 0.5574050
v 0.1847800 -0.2000000 0.5765400
v 0.0765400 -0.2000000 0.6847800
v 0.0574050 -0.2000000 0.6385850
v 0.1060650 -0.2000000 0.6060650
v 0.1414200 -0.2000000 0.6414200
v 0.0000000 -0.2000000 0.7000000
v 0.0000000 -0.2000000 0.6500000
v 0.0574050 -0.2000000 0.6385850
v 0.0765400 -0.2000000 0.6847800
v 0.6500000 -0.2000000 0.5000000
v 0.6385850 -0.2000000 0.5574050
v 0.6385850 -0.1000000 0.5574050
v 0.6500000 -0.1000000 0.5000000
v 0.6385850 -0.2000000 0.5574050
v 0.6060650 -0.2000000 0.6060650
v 0.6060650 -0.1000000 0.6060650
v 0.6385850 -0.1000000 0.5574050
v 0.6060650 -0.2000000 0.6060650
v 0.5574050 -0.2000000 0.6385850
v 0.5574050 -0.1000000 0.6385850
v 0.6060650 -0.1000000 0.6060650
v 0.5574050 -0.2000000 0.6385850
v 0.5000000 -0.2000000 0.6500000
v 0.5000000 -0.1000000 0.6500000
v 0.5574050 -0.1000000 0.6385850
v 0.5000000 -0.2000000 0.6500000
v 0.4425950 -0.2000000 0.6385850
v 0.4425950 -0.1000000 0.6385850
v 0.5000000 -0.1000000 0.6500000
v 0.4425950 -0.2000000 0.6385850
v 0.3939350 -0.2000000 0.6060650
v 0.3939350 -0.1000000 0.6060650
v 0.4425950 -0.1000000 0.6385850
v 0.3939350 -0.2000000 0.6060650
v 0.3614150 -0.2000000 0.5574050
v 0.3614150 -0.1000000 0.5574050
v 0.3939350 -0.1000000 0.6060650
v 0.3614150 -0.2000000 0.5574050
v 0.3500000 -0.2000000 0.5000000
v 0.3500000 -0.1000000 0.5000000
v 0.3614150 -0.1000000 0.5574050
v 0.3500000 -0.2000000 0.5000000
v 0.3614150 -0.2000000 0.4425950
v 0.3614150 -0.1000000 0.4425950
v 0.3500000 -0.1000000 0.5000000
v 0.3614150 -0.2000000 0.4425950
v 0.3939350 -0.2000000 0.3939350
v 0.3939350 -0.1000000 0.3939350
v 0.3614150 -0.1000000 0.4425950
v 0.3939350 -0.2000000 0.3939350
v 0.4425950 -0.2000000 0.3614150
v 0.4425950 -0.1000000 0.3614150
v 0.3939350 -0.1000000 0.3939350
v 0.4425950 -0.2000000 0.3614150
v 0.5000000 -0.2000000 0.3500000
v 0.5000000 -0.1000000 0.3500000
v 0.4425950 -0.1000000 0.3614150
v 0.5000000 -0.2000000 0.3500000
v 0.5574050 -0.2000000 0.3614150
v 0.5574050 -0.1000000 0.3614150
v 0.5000000 -0.1000000 0.3500000
v 0.5574050 -0.2000000 0.3614150
v 0.6060650 -0.2000000 0.3939350
v 0.6060650 -0.1000000 0.3939350
v 0.5574050 -0.1000000 0.3614150
v 0.6060650 -0.2000000 0.3939350
v 0.6385850 -0.2000000 0.4425950
v 0.6385850 -0.1000000 0.4425950
v 0.6060650 -0.1000000 0.3939350
v 0.6385850 -0.2000000 0.4425950
v 0.6500000 -0.2000000 0.5000000
v 0.6500000 -0.1000000 0.5000000
v 0.6385850 -0.1000000 0.4425950
v 0.7000000 -0.1000000 0.5000000
v 0.6847800 -0.1000000 0.5765400
v 0.6847800 -0.2000000 0.5765400
v 0.7000000 -0.2000000 0.5000000
v 0.6847800 -0.1000000 0.5765400
v 0.6414200 -0.1000000 0.6414200
v 0.6414200 -0.2000000 0.6414200
v 0.6847800 -0.2000000 0.5765400
v 0.6414200 -0.1000000 0.6414200
v 0.5765400 -0.1000000 0.6847800
v 0.5765400 -0.2000000 0.6847800
v 0.6414200 -0.2000000 0.6414200
v 0.5765400 -0.1000000 0.6847800
v 0.5000000 -0.1000000 0.7000000
v 0.5000000 -0.2000000 0.7000000
v 0.5765400 -0.2000000 0.6847800
v 0.5000000 -0.1000000 0.7000000
v 0.4234600 -0.1000000 0.6847800
v 0.4234600 -0.2000000 0.6847800
v 0.5000000 -0.2000000 0.7000000
v 0.4234600 -0.1000000 0.6847800
v 0.3585800 -0.1000000 0.6414200
v 0.3585800 -0.2000000 0.6414200
v 0.4234600 -0.2000000 0.6847800
v 0.3585800 -0.1000000 0.6414200
v 0.3152200 -0.1000000 0.5765400
v 0.3152200 -0.2000000 0.5765400
v 0.3585800 -0.2000000 0.6414200
v 0.3152200 -0.1000000 0.5765400
v 0.3000000 -0.1000000 0.5000000
v 0.3000000 -0.2000000 0.5000000
v 0.3152200 -0.2000000 0.5765400
v 0.3000000 -0.1000000 0.5000000
v 0.3152200 -0.1000000 0.4234600
v 0.3152200 -0.2000000 0.4234600
v 0.3000000 -0.2000000 0.5000000
v 0.3152200 -0.1000000 0.4234600
v 0.3585800 -0.1000000 0.3585800
v 0.3585800 -0.2000000 0.3585800
v 0.3152200 -0.2000000 0.4234600
v 0.3585800 -0.1000000 0.3585800
v 0.4234600 -0.1000000 0.3152200
v 0.4234600 -0.2000000 0.3152200
v 0.3585800 -0.2000000 0.3585800
v 0.4234600 -0.1000000 0.3152200
v 0.5000000 -0.1000000 0.3000000
v 0.5000000 -0.2000000 0.3000000
v 0.4234600 -0.2000000 0.3152200
v 0.5000000 -0.1000000 0.3000000
v 0.5765400 -0.1000000 0.3152200
v 0.5765400 -0.2000000 0.3152200
v 0.5000000 -0.2000000 0.3000000
v 0.5765400 -0.1000000 0.3152200
v 0.6414200 -0.1000000 0.3585800
v 0.6414200 -0.2000000 0.3585800
v 0.5765400 -0.2000000 0.3152200
v 0.6414200 -0.1000000 0.3585800
v 0.6847800 -0.1000000 0.4234600
v 0.6847800 -0.2000000 0.4234600
v 0.6414200 -0.2000000 0.3585800
v 0.6847800 -0.1000000 0.4234600
v 0.7000000 -0.1000000 0.5000000
v 0.7000000 -0.2000000 0.5000000
v 0.6847800 -0.2000000 0.4234600
v 0.4234600 -0.2000000 0.6847800
v 0.4425950 -0.2000000 0.6385850
v 0.5000000 -0.2000000 0.6500000
v 0.5000000 -0.2000000 0.7000000
v 0.3585800 -0.2000000 0.6414200
v 0.3939350 -0.2000000 0.6060650
v 0.4425950 -0.2000000 0.6385850
v 0.4234600 -0.2000000 0.6847800
v 0.3152200 -0.2000000 0.5765400
v 0.3614150 -0.2000000 0.5574050
v 0.3939350 -0.2000000 0.6060650
v 0.3585800 -0.2000000 0.6414200
v 0.3000000 -0.2000000 0.5000000
v 0.3500000 -0.2000000 0.5000000
v 0.3614150 -0.2000000 0.5574050
v 0.3152200 -0.2000000 0.5765400
v 0.3152200 -0.2000000 0.4234600
v 0.3614150 -0.2000000 0.4425950
v 0.3500000 -0.2000000 0.5000000
v 0.3000000 -0.2000000 0.5000000
v 0.3585800 -0.2000000 0.3585800
v 0.3939350 -0.2000000 0.3939350
v 0.3614150 -0.2000000 0.4425950
v 0.3152200 -0.2000000 0.4234600
v 0.4234600 -0.2000000 0.3152200
v 0.4425950 -0.2000000 0.3614150
v 0.3939350 -0.2000000 0.3939350
v 0.3585800 -0.2000000 0.3585800
v 0.5000000 -0.2000000 0.3000000
v 0.5000000 -0.2000000 0.3500000
v 0.4425950 -0.2000000 0.3614150
v 0.4234600 -0.2000000 0.3152200
v 0.5765400 -0.2000000 0.3152200
v 0.5574050 -0.2000000 0.3614150
v 0.5000000 -0.2000000 0.3500000
v 0.5000000 -0.2000000 0.3000000
v 0.6414200 -0.2000000 0.3585800
v 0.6060650 -0.2000000 0.3939350
v 0.5574050 -0.2000000 0.3614150
v 0.5765400 -0.2000000 0.3152200
v 0.6847800 -0.2000000 0.4234600
v 0.6385850 -0.2000000 0.4425950
v 0.6060650 -0.2000000 0.3939350
v 0.6414200 -0.2000000 0.3585800
v 0.7000000 -0.2000000 0.5000000
v 0.6500000 -0.2000000 0.5000000
v 0.6385850 -0.2000000 0.4425950
v 0.6847800 -0.2000000 0.4234600
v 0.6847800 -0.2000000 0.5765400
v 0.6385850 -0.2000000 0.5574050
v 0.6500000 -0.2000000 0.5000000
v 0.7000000 -0.2000000 0.5000000
v 0.6414200 -0.2000000 0.6414200
v 0.6060650 -0.2000000 0.6060650
v 0.6385850 -0.2000000 0.5574050
v 0.6847800 -0.2000000 0.5765400
v 0.5765400 -0.2000000 0.6847800
v 0.5574050 -0.2000000 0.6385850
v 0.6060650 -0.2000000 0.6060650
v 0.6414200 -0.2000000 0.6414200
v 0.5000000 -0.2000000 0.7000000
v 0.5000000 -0.2000000 0.6500000
v 0.5574050 -0.2000000 0.6385850
v 0.5765400 -0.2000000 0.6847800
v 0.1500000 -0.2000000 -1.0000000
v 0.1385850 -0.2000000 -0.9425950
v 0.1385850 -0.1000000 -0.9425950
v 0.1500000 -0.1000000 -1.0000000
v 0.1385850 -0.2000000 -0.9425950
v 0.1060650 -0.2000000 -0.8939350
v 0.1060650 -0.1000000 -0.8939350
v 0.1385850 -0.1000000 -0.9425950
v 0.1060650 -0.2000000 -0.8939350
v 0.0574050 -0.2000000 -0.8614150
v 0.0574050 -0.1000000 -0.8614150
v 0.1060650 -0.1000000 -0.8939350
v 0.0574050 -0.2000000 -0.8614150
v 0.0000000 -0.2000000 -0.8500000
v 0.0000000 -0.1000000 -0.8500000
v 0.0574050 -0.1000000 -0.8614150
v 0.0000000 -0.2000000 -0.8500000
v -0.0574050 -0.2000000 -0.8614150
v -0.0574050 -0.1000000 -0.8614150
v 0.0000000 -0.1000000 -0.8500000
v -0.0574050 -0.2000000 -0.8614150
v -0.1060650 -0.2000000 -0.8939350
v -0.1060650 -0.1000000 -0.8939350
v -0.0574050 -0.1000000 -0.8614150
v -0.1060650 -0.2000000 -0.8939350
v -0.1385850 -0.2000000 -0.9425950
v -0.1385850 -0.1000000 -0.9425950
v -0.1060650 -0.1000000 -0.8939350
v -0.1385850 -0.2000000 -0.9425950
v -0.1500000 -0.2000000 -1.0000000
v -0.1500000 -0.1000000 -1.0000000
v -0.1385850 -0.1000000 -0.9425950
v -0.1500000 -0.2000000 -1.0000000
v -0.1385850 -0.2000000 -1.0574050
v -0.1385850 -0.1000000 -1.0574050
v -0.1500000 -0.1000000 -1.0000000
v -0.1385850 -0.2000000 -1.0574050
v -0.1060650 -0.2000000 -1.1060650
v -0.1060650 -0.1000000 -1.1060650
v -0.1385850 -0.1000000 -1.0574050
v -0.1060650 -0.2000000 -1.1060650
v -0.0574050 -0.2000000 -1.1385850
v -0.0574050 -0.1000000 -1.1385850
v -0.1060650 -0.1000000 -1.1060650
v -0.0574050 -0.2000000 -1.1385850
v 0.0000000 -0.2000000 -1.1500000
v 0.0000000 -0.1000000 -1.1500000
v -0.0574050 -0.1000000 -1.1385850
v 0.0000000 -0.2000000 -1.1500000
v 0.0574050 -0.2000000 -1.1385850
v 0.0574050 -0.1000000 -1.1385850
v 0.0000000 -0.1000000 -1.1500000
v 0.0574050 -0.2000000 -1.1385850
v 0.1060650 -0.2000000 -1.1060650
v 0.1060650 -0.1000000 -1.1060650
v 0.0574050 -0.1000000 -1.1385850
v 0.1060650 -0.2000000 -1.1060650
v 0.1385850 -0.2000000 -1.0574050
v 0.1385850 -0.1000000 -1.0574050
v 0.1060650 -0.1000000 -1.1060650
v 0.1385850 -0.2000000 -1.0574050
v 0.1500000 -0.2000000 -1.0000000
v 0.1500000 -0.1000000 -1.0000000
v 0.1385850 -0.1000000 -1.0574050
v 0.2000000 -0.1000000 -1.0000000
v 0.1847800 -0.1000000 -0.9234600
v 0.1847800 -0.2000000 -0.9234600
v 0.2000000 -0.2000000 -1.0000000
v 0.1847800 -0.1000000 -0.9234600
v 0.1414200 -0.1000000 -0.8585800
v 0.1414200 -0.2000000 -0.8585800
v 0.1847800 -0.2000000 -0.9234600
v 0.1414200 -0.1000000 -0.8585800
v 0.0765400 -0.1000000 -0.8152200
v 0.0765400 -0.2000000 -0.8152200
v 0.1414200 -0.2000000 -0.8585800
v 0.0765400 -0.1000000 -0.8152200
v 0.0000000 -0.1000000 -0.8000000
v 0.0000000 -0.2000000 -0.8000000
v 0.0765400 -0.2000000 -0.8152200
v 0.0000000 -0.1000000 -0.8000000
v -0.0765400 -0.1000000 -0.8152200
v -0.0765400 -0.2000000 -0.8152200
v 0.0000000 -0.2000000 -0.8000000
v -0.0765400 -0.1000000 -0.8152200
v -0.1414200 -0.1000000 -0.8585800
v -0.1414200 -0.2000000 -0.8585800
v -0.0765400 -0.2000000 -0.8152200
v -0.1414200 -0.1000000 -0.8585800
v -0.1847800 -0.1000000 -0.9234600
v -0.1847800 -0.2000000 -0.9234600
v -0.1414200 -0.2000000 -0.8585800
v -0.1847800 -0.1000000 -0.9234600
v -0.2000000 -0.1000000 -1.0000000
v -0.2000000 -0.2000000 -1.0000000
v -0.1847800 -0.2000000 -0.9234600
v -0.2000000 -0.1000000 -1.0000000
v -0.1847800 -0.1000000 -1.0765400
v -0.1847800 -0.2000000 -1.0765400
v -0.2000000 -0.2000000 -1.0000000
v -0.1847800 -0.1000000 -1.0765400
v -0.1414200 -0.1000000 -1.1414200
v -0.1414200 -0.2000000 -1.1414200
v -0.1847800 -0.2000000 -1.0765400
v -0.1414200 -0.1000000 -1.1414200
v -0.0765400 -0.1000000 -1.1847800
v -0.0765400 -0.2000000 -1.1847800
v -0.1414200 -0.2000000 -1.1414200
v -0.0765400 -0.1000000 -1.1847800
v 0.0000000 -0.1000000 -1.2000000
v 0.0000000 -0.2000000 -1.2000000
v -0.0765400 -0.2000000 -1.1847800
v 0.0000000 -0.1000000 -1.2000000
v 0.0765400 -0.1000000 -1.1847800
v 0.0765400 -0.2000000 -1.1847800
v 0.0000000 -0.2000000 -1.2000000
v 0.0765400 -0.1000000 -1.1847800
v 0.1414200 -0.1000000 -1.1414200
v 0.1414200 -0.2000000 -1.1414200
v 0.0765400 -0.2000000 -1.1847800
v 0.1414200 -0.1000000 -1.1414200
v 0.1847800 -0.1000000 -1.0765400
v 0.1847800 -0.2000000 -1.0765400
v 0.1414200 -0.2000000 -1.1414200
v 0.1847800 -0.1000000 -1.0765400
v 0.2000000 -0.1000000 -1.0000000
v 0.2000000 -0.2000000 -1.0000000
v 0.1847800 -0.2000000 -1.0765400
v -0.0765400 -0.2000000 -0.8152200
v -0.0574050 -0.2000000 -0.8614150
v 0.0000000 -0.2000000 -0.8500000
v 0.0000000 -0.2000000 -0.8000000
v -0.1414200 -0.2000000 -0.8585800
v -0.1060650 -0.2000000 -0.8939350
v -0.0574050 -0.2000000 -0.8614150
v -0.0765400 -0.2000000 -0.8152200
v -0.1847800 -0.2000000 -0.9234600
v -0.1385850 -0.2000000 -0.9425950
v -0.1060650 -0.2000000 -0.8939350
v -0.1414200 -0.2000000 -0.8585800
v -0.2000000 -0.2000000 -1.0000000
v -0.1500000 -0.2000000 -1.0000000
v -0.1385850 -0.2000000 -0.9425950
v -0.1847800 -0.2000000 -0.9234600
v -0.1847800 -0.2000000 -1.0765400
v -0.1385850 -0.2000000 -1.0574050
v -0.1500000 -0.2000000 -1.0000000
v -0.2000000 -0.2000000 -1.0000000
v -0.1414200 -0.2000000 -1.1414200
v -0.1060650 -0.2000000 -1.1060650
v -0.1385850 -0.2000000 -1.0574050
v -0.1847800 -0.2000000 -1.0765400
v -0.0765400 -0.2000000 -1.1847800
v -0.0574050 -0.2000000 -1.1385850
v -0.1060650 -0.2000000 -1.1060650
v -0.1414200 -0.2000000 -1.1414200
v 0.0000000 -0.2000000 -1.2000000
v 0.0000000 -0.2000000 -1.1500000
v -0.0574050 -0.2000000 -1.1385850
v -0.0765400 -0.2000000 -1.1847800
v 0.0765400 -0.2000000 -1.1847800
v 0.0574050 -0.2000000 -1.1385850
v 0.0000000 -0.2000000 -1.1500000
v 0.0000000 -0.2000000 -1.2000000
v 0.1414200 -0.2000000 -1.1414200
v 0.1060650 -0.2000000 -1.1060650
v 0.0574050 -0.2000000 -1.1385850
v 0.0765400 -0.2000000 -1.1847800
v 0.1847800 -0.2000000 -1.0765400
v 0.1385850 -0.2000000 -1.0574050
v 0.1060650 -0.2000000 -1.1060650
v 0.1414200 -0.2000000 -1.1414200
v 0.2000000 -0.2000000 -1.0000000
v 0.1500000 -0.2000000 -1.0000000
v 0.1385850 -0.2000000 -1.0574050
v 0.1847800 -0.2000000 -1.0765400
v 0.1847800 -0.2000000 -0.9234600
v 0.1385850 -0.2000000 -0.9425950
v 0.1500000 -0.2000000 -1.0000000
v 0.2000000 -0.2000000 -1.0000000
v 0.1414200 -0.2000000 -0.8585800
v 0.1060650 -0.2000000 -0.8939350
v 0.1385850 -0.2000000 -0.9425950
v 0.1847800 -0.2000000 -0.9234600
v 0.0765400 -0.2000000 -0.8152200
v 0.0574050 -0.2000000 -0.8614150
v 0.1060650 -0.2000000 -0.8939350
v 0.1414200 -0.2000000 -0.8585800
v 0.0000000 -0.2000000 -0.8000000
v 0.0000000 -0.2000000 -0.8500000
v 0.0574050 -0.2000000 -0.8614150
v 0.0765400 -0.2000000 -0.8152200
v 0.6500000 -0.2000000 -1.0000000
v 0.6385850 -0.2000000 -0.9425950
v 0.6385850 -0.1000000 -0.9425950
v 0.6500000 -0.1000000 -1.0000000
v 0.6385850 -0.2000000 -0.9425950
v 0.6060650 -0.2000000 -0.8939350
v 0.6060650 -0.1000000 -0.8939350
v 0.6385850 -0.1000000 -0.9425950
v 0.6060650 -0.2000000 -0.8939350
v 0.5574050 -0.2000000 -0.8614150
v 0.5574050 -0.1000000 -0.8614150
v 0.6060650 -0.1000000 -0.8939350
v 0.5574050 -0.2000000 -0.8614150
v 0.5000000 -0.2000000 -0.8500000
v 0.5000000 -0.1000000 -0.8500000
v 0.5574050 -0.1000000 -0.8614150
v 0.5000000 -0.2000000 -0.8500000
v 0.4425950 -0.2000000 -0.8614150
v 0.4425950 -0.1000000 -0.8614150
v 0.5000000 -0.1000000 -0.8500000
v 0.4425950 -0.2000000 -0.8614150
v 0.3939350 -0.2000000 -0.8939350
v 0.3939350 -0.1000000 -0.8939350
v 0.4425950 -0.1000000 -0.8614150
v 0.3939350 -0.2000000 -0.8939350
v 0.3614150 -0.2000000 -0.9425950
v 0.3614150 -0.1000000 -0.9425950
v 0.3939350 -0.1000000 -0.8939350
v 0.3614150 -0.2000000 -0.9425950
v 0.3500000 -0.2000000 -1.0000000
v 0.3500000 -0.1000000 -1.0000000
v 0.3614150 -0.1000000 -0.9425950
v 0.3500000 -0.2000000 -1.0000000
v 0.3614150 -0.2000000 -1.0574050
v 0.3614150 -0.1000000 -1.0574050
v 0.3500000 -0.1000000 -1.0000000
v 0.3614150 -0.2000000 -1.0574050
v 0.3939350 -0.2000000 -1.1060650
v 0.3939350 -0.1000000 -1.1060650
v 0.3614150 -0.1000000 -1.0574050
v 0.3939350 -0.2000000 -1.1060650
v 0.4425950 -0.2000000 -1.1385850
v 0.4425950 -0.1000000 -1.1385850
v 0.3939350 -0.1000000 -1.1060650
v 0.4425950 -0.2000000 -1.1385850
v 0.5000000 -0.2000000 -1.1500000
v 0.5000000 -0.1000000 -1.1500000
v 0.4425950 -0.1000000 -1.1385850
v 0.5000000 -0.2000000 -1.1500000
v 0.5574050 -0.2000000 -1.1385850
v 0.5574050 -0.1000000 -1.1385850
v 0.5000000 -0.1000000 -1.1500000
v 0.5574050 -0.2000000 -1.1385850
v 0.6060650 -0.2000000 -1.1060650
v 0.6060650 -0.1000000 -1.1060650
v 0.5574050 -0.1000000 -1.1385850
v 0.6060650 -0.2000000 -1.1060650
v 0.6385850 -0.2000000 -1.0574050
v 0.6385850 -0.1000000 -1.0574050
v 0.6060650 -0.1000000 -1.1060650
v 0.6385850 -0.2000000 -1.0574050
v 0.6500000 -0.2000000 -1.0000000
v 0.6500000 -0.1000000 -1.0000000
v 0.6385850 -0.1000000 -1.0574050
v 0.7000000 -0.1000000 -1.0000000
v 0.6847800 -0.1000000 -0.9234600
v 0.6847800 -0.2000000 -0.9234600
v 0.7000000 -0.2000000 -1.0000000
v 0.6847800 -0.1000000 -0.9234600
v 0.6414200 -0.1000000 -0.8585800
v 0.6414200 -0.2000000 -0.8585800
v 0.6847800 -0.2000000 -0.9234600
v 0.6414200 -0.1000000 -0.8585800
v 0.5765400 -0.1000000 -0.8152200
v 0.5765400 -0.2000000 -0.8152200
v 0.6414200 -0.2000000 -0.8585800
v 0.5765400 -0.1000000 -0.8152200
v 0.5000000 -0.1000000 -0.8000000
v 0.5000000 -0.2000000 -0.8000000
v 0.5765400 -0.2000000 -0.8152200
v 0.5000000 -0.1000000 -0.8000000
v 0.4234600 -0.1000000 -0.8152200
v 0.4234600 -0.2000000 -0.8152200
v 0.5000000 -0.2000000 -0.8000000
v 0.4234600 -0.1000000 -0.8152200
v 0.3585800 -0.1000000 -0.8585800
v 0.3585800 -0.2000000 -0.8585800
v 0.4234600 -0.2000000 -0.8152200
v 0.3585800 -0.1000000 -0.8585800
v 0.3152200 -0.1000000 -0.9234600
v 0.3152200 -0.2000000 -0.9234600
v 0.3585800 -0.2000000 -0.8585800
v 0.3152200 -0.1000000 -0.9234600
v 0.3000000 -0.1000000 -1.0000000
v 0.3000000 -0.2000000 -1.0000000
v 0.3152200 -0.2000000 -0.9234600
v 0.3000000 -0.1000000 -1.0000000
v 0.3152200 -0.1000000 -1.0765400
v 0.3152200 -0.2000000 -1.0765400
v 0.3000000 -0.2000000 -1.0000000
v 0.3152200 -0.1000000 -1.0765400
v 0.3585800 -0.1000000 -1.1414200
v 0.3585800 -0.2000000 -1.1414200
v 0.3152200 -0.2000000 -1.0765400
v 0.3585800 -0.1000000 -1.1414200
v 0.4234600 -0.1000000 -1.1847800
v 0.4234600 -0.2000000 -1.1847800
v 0.3585800 -0.2000000 -1.1414200
v 0.4234600 -0.1000000 -1.1847800
v 0.5000000 -0.1000000 -1.2000000
v 0.5000000 -0.2000000 -1.2000000
v 0.4234600 -0.2000000 -1.1847800
v 0.5000000 -0.1000000 -1.2000000
v 0.5765400 -0.1000000 -1.1847800
v 0.5765400 -0.2000000 -1.1847800
v 0.5000000 -0.2000000 -1.2000000
v 0.5765400 -0.1000000 -1.1847800
v 0.6414200 -0.1000000 -1.1414200
v 0.6414200 -0.2000000 -1.1414200
v 0.5765400 -0.2000000 -1.1847800
v 0.6414200 -0.1000000 -1.1414200
v 0.6847800 -0.1000000 -1.0765400
v 0.6847800 -0.2000000 -1.0765400
v 0.6414200 -0.2000000 -1.1414200
v 0.6847800 -0.1000000 -1.0765400
v 0.7000000 -0.1000000 -1.0000000
v 0.7000000 -0.2000000 -1.0000000
v 0.6847800 -0.2000000 -1.0765400
v 0.4234600 -0.2000000 -0.8152200
v 0.4425950 -0.2000000 -0.8614150
v 0.5000000 -0.2000000 -0.8500000
v 0.5000000 -0.2000000 -0.8000000
v 0.3585800 -0.2000000 -0.8585800
v 0.3939350 -0.2000000 -0.8939350
v 0.4425950 -0.2000000 -0.8614150
v 0.4234600 -0.2000000 -0.8152200
v 0.3152200 -0.2000000 -0.9234600
v 0.3614150 -0.2000000 -0.9425950
v 0.3939350 -0.2000000 -0.8939350
v 0.3585800 -0.2000000 -0.8585800
v 0.3000000 -0.2000000 -1.0000000
v 0.3500000 -0.2000000 -1.0000000
v 0.3614150 -0.2000000 -0.9425950
v 0.3152200 -0.2000000 -0.9234600
v 0.3152200 -0.2000000 -1.0765400
v 0.3614150 -0.2000000 -1.0574050
v 0.3500000 -0.2000000 -1.0000000
v 0.3000000 -0.2000000 -1.0000000
v 0.3585800 -0.2000000 -1.1414200
v 0.3939350 -0.2000000 -1.1060650
v 0.3614150 -0.2000000 -1.0574050
v 0.3152200 -0.2000000 -1.0765400
v 0.4234600 -0.2000000 -1.1847800
v 0.4425950 -0.2000000 -1.1385850
v 0.3939350 -0.2000000 -1.1060650
v 0.3585800 -0.2000000 -1.1414200
v 0.5000000 -0.2000000 -1.2000000
v 0.5000000 -0.2000000 -1.1500000
v 0.4425950 -0.2000000 -1.1385850
v 0.4234600 -0.2000000 -1.1847800
v 0.5765400 -0.2000000 -1.1847800
v 0.5574050 -0.2000000 -1.1385850
v 0.5000000 -0.2000000 -1.1500000
v 0.5000000 -0.2000000 -1.2000000
v 0.6414200 -0.2000000 -1.1414200
v 0.6060650 -0.2000000 -1.1060650
v 0.5574050 -0.2000000 -1.1385850
v 0.5765400 -0.2000000 -1.1847800
v 0.6847800 -0.2000000 -1.0765400
v 0.6385850 -0.2000000 -1.0574050
v 0.6060650 -0.2000000 -1.1060650
v 0.6414200 -0.2000000 -1.1414200
v 0.7000000 -0.2000000 -1.0000000
v 0.6500000 -0.2000000 -1.0000000
v 0.6385850 -0.2000000 -1.0574050
v 0.6847800 -0.2000000 -1.0765400
v 0.6847800 -0.2000000 -0.9234600
v 0.6385850 -0.2000000 -0.9425950
v 0.6500000 -0.2000000 -1.0000000
v 0.7000000 -0.2000000 -1.0000000
v 0.6414200 -0.2000000 -0.8585800
v 0.6060650 -0.2000000 -0.8939350
v 0.6385850 -0.2000000 -0.9425950
v 0.6847800 -0.2000000 -0.9234600
v 0.5765400 -0.2000000 -0.8152200
v 0.5574050 -0.2000000 -0.8614150
v 0.6060650 -0.2000000 -0.8939350
v 0.6414200 -0.2000000 -0.8585800
v 0.5000000 -0.2000000 -0.8000000
v 0.5000000 -0.2000000 -0.8500000
v 0.5574050 -0.2000000 -0.8614150
v 0.5765400 -0.2000000 -0.8152200
v 0.1500000 -0.2000000 -0.5000000
v 0.1385850 -0.2000000 -0.4425950
v 0.1385850 -0.1000000 -0.4425950
v 0.1500000 -0.1000000 -0.5000000
v 0.1385850 -0.2000000 -0.4425950
v 0.1060650 -0.2000000 -0.3939350
v 0.1060650 -0.1000000 -0.3939350
v 0.1385850 -0.1000000 -0.4425950
v 0.1060650 -0.2000000 -0.3939350
v 0.0574050 -0.2000000 -0.3614150
v 0.0574050 -0.1000000 -0.3614150
v 0.1060650 -0.1000000 -0.3939350
v 0.0574050 -0.2000000 -0.3614150
v 0.0000000 -0.2000000 -0.3500000
v 0.0000000 -0.1000000 -0.3500000
v 0.0574050 -0.1000000 -0.3614150
v 0.0000000 -0.2000000 -0.3500000
v -0.0574050 -0.2000000 -0.3614150
v -0.0574050 -0.1000000 -0.3614150
v 0.0000000 -0.1000000 -0.3500000
v -0.0574050 -0.2000000 -0.3614150
v -0.1060650 -0.2000000 -0.3939350
v -0.1060650 -0.1000000 -0.3939350
v -0.0574050 -0.1000000 -0.3614150
v -0.1060650 -0.2000000 -0.3939350
v -0.1385850 -0.2000000 -0.4425950
v -0.1385850 -0.1000000 -0.4425950
v -0.1060650 -0.1000000 -0.3939350
v -0.1385850 -0.2000000 -0.4425950
v -0.1500000 -0.2000000 -0.5000000
v -0.1500000 -0.1000000 -0.5000000
v -0.1385850 -0.1000000 -0.4425950
v -0.1500000 -0.2000000 -0.5000000
v -0.1385850 -0.2000000 -0.5574050
v -0.1385850 -0.1000000 -0.5574050
v -0.1500000 -0.1000000 -0.5000000
v -0.1385850 -0.2000000 -0.5574050
v -0.1060650 -0.2000000 -0.6060650
v -0.1060650 -0.1000000 -0.6060650
v -0.1385850 -0.1000000 -0.5574050
v -0.1060650 -0.2000000 -0.6060650
v -0.0574050 -0.2000000 -0.6385850
v -0.0574050 -0.1000000 -0.6385850
v -0.1060650 -0.1000000 -0.6060650
v -0.0574050 -0.2000000 -0.6385850
v 0.0000000 -0.2000000 -0.6500000
v 0.0000000 -0.1000000 -0.6500000
v -0.0574050 -0.1000000 -0.6385850
v 0.0000000 -0.2000000 -0.6500000
v 0.0574050 -0.2000000 -0.6385850
v 0.0574050 -0.1000000 -0.6385850
v 0.0000000 -0.1000000 -0.6500000
v 0.0574050 -0.2000000 -0.6385850
v 0.1060650 -0.2000000 -0.6060650
v 0.1060650 -0.1000000 -0.6060650
v 0.0574050 -0.1000000 -0.6385850
v 0.1060650 -0.2000000 -0.6060650
v 0.1385850 -0.2000000 -0.5574050
v 0.1385850 -0.1000000 -0.5574050
v 0.1060650 -0.1000000 -0.6060650
v 0.1385850 -0.2000000 -0.5574050
v 0.1500000 -0.2000000 -0.5000000
v 0.1500000 -0.1000000 -0.5000000
v 0.1385850 -0.1000000 -0.5574050
v 0.2000000 -0.1000000 -0.5000000
v 0.1847800 -0.1000000 -0.4234600
v 0.1847800 -0.2000000 -0.4234600
v 0.2000000 -0.2000000 -0.5000000
v 0.1847800 -0.1000000 -0.4234600
v 0.1414200 -0.1000000 -0.3585800
v 0.1414200 -0.2000000 -0.3585800
v 0.1847800 -0.2000000 -0.4234600
v 0.1414200 -0.1000000 -0.3585800
v 0.0765400 -0.1000000 -0.3152200
v 0.0765400 -0.2000000 -0.3152200
v 0.1414200 -0.2000000 -0.3585800
v 0.0765400 -0.1000000 -0.3152200
v 0.0000000 -0.1000000 -0.3000000
v 0.0000000 -0.2000000 -0.3000000
v 0.0765400 -0.2000000 -0.3152200
v 0.0000000 -0.1000000 -0.3000000
v -0.0765400 -0.1000000 -0.3152200
v -0.0765400 -0.2000000 -0.3152200
v 0.0000000 -0.2000000 -0.3000000
v -0.0765400 -0.1000000 -0.3152200
v -0.1414200 -0.1000000 -0.3585800
v -0.1414200 -0.2000000 -0.3585800
v -0.0765400 -0.2000000 -0.3152200
v -0.1414200 -0.1000000 -0.3585800
v -0.1847800 -0.1000000 -0.4234600
v -0.1847800 -0.2000000 -0.4234600
v -0.1414200 -0.2000000 -0.3585800
v -0.1847800 -0.1000000 -0.4234600
v -0.2000000 -0.1000000 -0.5000000
v -0.2000000 -0.2000000 -0.5000000
v -0.1847800 -0.2000000 -0.4234600
v -0.2000000 -0.1000000 -0.5000000
v -0.1847800 -0.1000000 -0.5765400
v -0.1847800 -0.2000000 -0.5765400
v -0.2000000 -0.2000000 -0.5000000
v -0.1847800 -0.1000000 -0.5765400
v -0.1414200 -0.1000000 -0.6414200
v -0.1414200 -0.2000000 -0.6414200
v -0.1847800 -0.2000000 -0.5765400
v -0.1414200 -0.1000000 -0.6414200
v -0.0765400 -0.1000000 -0.6847800
v -0.0765400 -0.2000000 -0.6847800
v -0.1414200 -0.2000000 -0.6414200
v -0.0765400 -0.1000000 -0.6847800
v 0.0000000 -0.1000000 -0.7000000
v 0.0000000 -0.2000000 -0.7000000
v -0.0765400 -0.2000000 -0.6847800
v 0.0000000 -0.1000000 -0.7000000
v 0.0765400 -0.1000000 -0.6847800
v 0.0765400 -0.2000000 -0.6847800
v 0.0000000 -0.2000000 -0.7000000
v 0.0765400 -0.1000000 -0.6847800
v 0.1414200 -0.1000000 -0.6414200
v 0.1414200 -0.2000000 -0.6414200
v 0.0765400 -0.2000000 -0.6847800
v 0.1414200 -0.1000000 -0.6414200
v 0.1847800 -0.1000000 -0.5765400
v 0.1847800 -0.2000000 -0.5765400
v 0.1414200 -0.2000000 -0.6414200
v 0.1847800 -0.1000000 -0.5765400
v 0.2000000 -0.1000000 -0.5000000
v 0.2000000 -0.2000000 -0.5000000
v 0.1847800 -0.2000000 -0.5765400
v -0.0765400 -0.2000000 -0.3152200
v -0.0574050 -0.2000000 -0.3614150
v 0.0000000 -0.2000000 -0.3500000
v 0.0000000 -0.2000000 -0.3000000
v -0.1414200 -0.2000000 -0.3585800
v -0.1060650 -0.2000000 -0.3939350
v -0.0574050 -0.2000000 -0.3614150
v -0.0765400 -0.2000000 -0.3152200
v -0.1847800 -0.2000000 -0.4234600
v -0.1385850 -0.2000000 -0.4425950
v -0.1060650 -0.2000000 -0.3939350
v -0.1414200 -0.2000000 -0.3585800
v -0.2000000 -0.2000000 -0.5000000
v -0.1500000 -0.2000000 -0.5000000
v -0.1385850 -0.2000000 -0.4425950
v -0.1847800 -0.2000000 -0.4234600
v -0.1847800 -0.2000000 -0.5765400
v -0.1385850 -0.2000000 -0.5574050
v -0.1500000 -0.2000000 -0.5000000
v -0.2000000 -0.2000000 -0.5000000
v -0.1414200 -0.2000000 -0.6414200
v -0.1060650 -0.2000000 -0.6060650
v -0.1385850 -0.2000000 -0.5574050
v -0.1847800 -0.2000000 -0.5765400
v -0.0765400 -0.2000000 -0.6847800
v -0.0574050 -0.2000000 -0.6385850
v -0.1060650 -0.2000000 -0.6060650
v -0.1414200 -0.2000000 -0.6414200
v 0.0000000 -0.2000000 -0.7000000
v 0.0000000 -0.2000000 -0.6500000
v -0.0574050 -0.2000000 -0.6385850
v -0.0765400 -0.2000000 -0.6847800
v 0.0765400 -0.2000000 -0.6847800
v 0.0574050 -0.2000000 -0.6385850
v 0.0000000 -0.2000000 -0.6500000
v 0.0000000 -0.2000000 -0.7000000
v 0.1414200 -0.2000000 -0.6414200
v 0.1060650 -0.2000000 -0.6060650
v 0.0574050 -0.2000000 -0.6385850
v 0.0765400 -0.2000000 -0.6847800
v 0.1847800 -0.2000000 -0.5765400
v 0.1385850 -0.2000000 -0.5574050
v 0.1060650 -0.2000000 -0.6060650
v 0.1414200 -0.2000000 -0.6414200
v 0.2000000 -0.2000000 -0.5000000
v 0.1500000 -0.2000000 -0.5000000
v 0.1385850 -0.2000000 -0.5574050
v 0.1847800 -0.2000000 -0.5765400
v 0.1847800 -0.2000000 -0.4234600
v 0.1385850 -0.2000000 -0.4425950
v 0.1500000 -0.2000000 -0.5000000
v 0.2000000 -0.2000000 -0.5000000
v 0.1414200 -0.2000000 -0.3585800
v 0.1060650 -0.2000000 -0.3939350
v 0.1385850 -0.2000000 -0.4425950
v 0.1847800 -0.2000000 -0.4234600
v 0.0765400 -0.2000000 -0.3152200
v 0.0574050 -0.2000000 -0.3614150
v 0.1060650 -0.2000000 -0.3939350
v 0.1414200 -0.2000000 -0.3585800
v 0.0000000 -0.2000000 -0.3000000
v 0.0000000 -0.2000000 -0.3500000
v 0.0574050 -0.2000000 -0.3614150
v 0.0765400 -0.2000000 -0.3152200
v 0.6500000 -0.2000000 -0.5000000
v 0.6385850 -0.2000000 -0.4425950
v 0.6385850 -0.1000000 -0.4425950
v 0.6500000 -0.1000000 -0.5000000
v 0.6385850 -0.2000000 -0.4425950
v 0.6060650 -0.2000000 -0.3939350
v 0.6060650 -0.1000000 -0.3939350
v 0.6385850 -0.1000000 -0.4425950
v 0.6060650 -0.2000000 -0.3939350
v 0.5574050 -0.2000000 -0.3614150
v 0.5574050 -0.1000000 -0.3614150
v 0.6060650 -0.1000000 -0.3939350
v 0.5574050 -0.2000000 -0.3614150
v 0.5000000 -0.2000000 -0.3500000
v 0.5000000 -0.1000000 -0.3500000
v 0.5574050 -0.1000000 -0.3614150
v 0.5000000 -0.2000000 -0.3500000
v 0.4425950 -0.2000000 -0.3614150
v 0.4425950 -0.1000000 -0.3614150
v 0.5000000 -0.1000000 -0.3500000
v 0.4425950 -0.2000000 -0.3614150
v 0.3939350 -0.2000000 -0.3939350
v 0.3939350 -0.1000000 -0.3939350
v 0.4425950 -0.1000000 -0.3614150
v 0.3939350 -0.2000000 -0.3939350
v 0.3614150 -0.2000000 -0.4425950
v 0.3614150 -0.1000000 -0.4425950
v 0.3939350 -0.1000000 -0.3939350
v 0.3614150 -0.2000000 -0.4425950
v 0.3500000 -0.2000000 -0.5000000
v 0.3500000 -0.1000000 -0.5000000
v 0.3614150 -0.1000000 -0.4425950
v 0.3500000 -0.2000000 -0.5000000
v 0.3614150 -0.2000000 -0.5574050
v 0.3614150 -0.1000000 -0.5574050
v 0.3500000 -0.1000000 -0.5000000
v 0.3614150 -0.2000000 -0.5574050
v 0.3939350 -0.2000000 -0.6060650
v 0.3939350 -0.1000000 -0.6060650
v 0.3614150 -0.1000000 -0.5574050
v 0.3939350 -0.2000000 -0.6060650
v 0.4425950 -0.2000000 -0.6385850
v 0.4425950 -0.1000000 -0.6385850
v 0.3939350 -0.1000000 -0.6060650
v 0.4425950 -0.2000000 -0.6385850
v 0.5000000 -0.2000000 -0.6500000
v 0.5000000 -0.1000000 -0.6500000
v 0.4425950 -0.1000000 -0.6385850
v 0.5000000 -0.2000000 -0.6500000
v 0.5574050 -0.2000000 -0.6385850
v 0.5574050 -0.1000000 -0.6385850
v 0.5000000 -0.1000000 -0.6500000
v 0.5574050 -0.2000000 -0.6385850
v 0.6060650 -0.2000000 -0.6060650
v 0.6060650 -0.1000000 -0.6060650
v 0.5574050 -0.1000000 -0.6385850
v 0.6060650 -0.2000000 -0.6060650
v 0.6385850 -0.2000000 -0.5574050
v 0.6385850 -0.1000000 -0.5574050
v 0.6060650 -0.1000000 -0.6060650
v 0.6385850 -0.2000000 -0.5574050
v 0.6500000 -0.2000000 -0.5000000
v 0.6500000 -0.1000000 -0.5000000
v 0.6385850 -0.1000000 -0.5574050
v 0.7000000 -0.1000000 -0.5000000
v 0.6847800 -0.1000000 -0.4234600
v 0.6847800 -0.2000000 -0.4234600
v 0.7000000 -0.2000000 -0.5000000
v 0.6847800 -0.1000000 -0.4234600
v 0.6414200 -0.1000000 -0.3585800
v 0.6414200 -0.2000000 -0.3585800
v 0.6847800 -0.2000000 -0.4234600
v 0.6414200 -0.1000000 -0.3585800
v 0.5765400 -0.1000000 -0.3152200
v 0.5765400 -0.2000000 -0.3152200
v 0.6414200 -0.2000000 -0.3585800
v 0.5765400 -0.1000000 -0.3152200
v 0.5000000 -0.1000000 -0.3000000
v 0.5000000 -0.2000000 -0.3000000
v 0.5765400 -0.2000000 -0.3152200
v 0.5000000 -0.1000000 -0.3000000
v 0.4234600 -0.1000000 -0.3152200
v 0.4234600 -0.2000000 -0.3152200
v 0.5000000 -0.2000000 -0.3000000
v 0.4234600 -0.1000000 -0.3152200
v 0.3585800 -0.1000000 -0.3585800
v 0.3585800 -0.2000000 -0.3585800
v 0.4234600 -0.2000000 -0.3152200
v 0.3585800 -0.1000000 -0.3585800
v 0.3152200 -0.1000000 -0.4234600
v 0.3152200 -0.2000000 -0.4234600
v 0.3585800 -0.2000000 -0.3585800
v 0.3152200 -0.1000000 -0.4234600
v 0.3000000 -0.1000000 -0.5000000
v 0.3000000 -0.2000000 -0.5000000
v 0.3152200 -0.2000000 -0.4234600
v 0.3000000 -0.1000000 -0.5000000
v 0.3152200 -0.1000000 -0.5765400
v 0.3152200 -0.2000000 -0.5765400
v 0.3000000 -0.2000000 -0.5000000
v 0.3152200 -0.1000000 -0.5765400
v 0.3585800 -0.1000000 -0.6414200
v 0.3585800 -0.2000000 -0.6414200
v 0.3152200 -0.2000000 -0.5765400
v 0.3585800 -0.1000000 -0.6414200
v 0.4234600 -0.1000000 -0.6847800
v 0.4234600 -0.2000000 -0.6847800
v 0.3585800 -0.2000000 -0.6414200
v 0.4234600 -0.1000000 -0.6847800
v 0.5000000 -0.1000000 -0.7000000
v 0.5000000 -0.2000000 -0.7000000
v 0.4234600 -0.2000000 -0.6847800
v 0.5000000 -0.1000000 -0.7000000
v 0.5765400 -0.1000000 -0.6847800
v 0.5765400 -0.2000000 -0.6847800
v 0.5000000 -0.2000000 -0.7000000
v 0.5765400 -0.1000000 -0.6847800
v 0.6414200 -0.1000000 -0.6414200
v 0.6414200 -0.2000000 -0.6414200
v 0.5765400 -0.2000000 -0.6847800
v 0.6414200 -0.1000000 -0.6414200
v 0.6847800 -0.1000000 -0.5765400
v 0.6847800 -0.2000000 -0.5765400
v 0.6414200 -0.2000000 -0.6414200
v 0.6847800 -0.1000000 -0.5765400
v 0.7000000 -0.1000000 -0.5000000
v 0.7000000 -0.2000000 -0.5000000
v 0.6847800 -0.2000000 -0.5765400
v 0.4234600 -0.2000000 -0.3152200
v 0.4425950 -0.2000000 -0.3614150
v 0.5000000 -0.2000000 -0.3500000
v 0.5000000 -0.2000000 -0.3000000
v 0.3585800 -0.2000000 -0.3585800
v 0.3939350 -0.2000000 -0.3939350
v 0.4425950 -0.2000000 -0.3614150
v 0.4234600 -0.2000000 -0.3152200
v 0.3152200 -0.2000000 -0.4234600
v 0.3614150 -0.2000000 -0.4425950
v 0.3939350 -0.2000000 -0.3939350
v 0.3585800 -0.2000000 -0.3585800
v 0.3000000 -0.2000000 -0.5000000
v 0.3500000 -0.2000000 -0.5000000
v 0.3614150 -0.2000000 -0.4425950
v 0.3152200 -0.2000000 -0.4234600
v 0.3152200 -0.2000000 -0.5765400
v 0.3614150 -0.2000000 -0.5574050
v 0.3500000 -0.2000000 -0.5000000
v 0.3000000 -0.2000000 -0.5000000
v 0.3585800 -0.2000000 -0.6414200
v 0.3939350 -0.2000000 -0.6060650
v 0.3614150 -0.2000000 -0.5574050
v 0.3152200 -0.2000000 -0.5765400
v 0.4234600 -0.2000000 -0.6847800
v 0.4425950 -0.2000000 -0.6385850
v 0.3939350 -0.2000000 -0.6060650
v 0.3585800 -0.2000000 -0.6414200
v 0.5000000 -0.2000000 -0.7000000
v 0.5000000 -0.2000000 -0.6500000
v 0.4425950 -0.2000000 -0.6385850
v 0.4234600 -0.2000000 -0.6847800
v 0.5765400 -0.2000000 -0.6847800
v 0.5574050 -0.2000000 -0.6385850
v 0.5000000 -0.2000000 -0.6500000
v 0.5000000 -0.2000000 -0.7000000
v 0.6414200 -0.2000000 -0.6414200
v 0.6060650 -0.2000000 -0.6060650
v 0.5574050 -0.2000000 -0.6385850
v 0.5765400 -0.2000000 -0.6847800
v 0.6847800 -0.2000000 -0.5765400
v 0.6385850 -0.2000000 -0.5574050
v 0.6060650 -0.2000000 -0.6060650
v 0.6414200 -0.2000000 -0.6414200
v 0.7000000 -0.2000000 -0.5000000
v 0.6500000 -0.2000000 -0.5000000
v 0.6385850 -0.2000000 -0.5574050
v 0.6847800 -0.2000000 -0.5765400
v 0.6847800 -0.2000000 -0.4234600
v 0.6385850 -0.2000000 -0.4425950
v 0.6500000 -0.2000000 -0.5000000
v 0.7000000 -0.2000000 -0.5000000
v 0.6414200 -0.2000000 -0.3585800
v 0.6060650 -0.2000000 -0.3939350
v 0.6385850 -0.2000000 -0.4425950
v 0.6847800 -0.2000000 -0.4234600
v 0.5765400 -0.2000000 -0.3152200
v 0.5574050 -0.2000000 -0.3614150
v 0.6060650 -0.2000000 -0.3939350
v 0.6414200 -0.2000000 -0.3585800
v 0.5000000 -0.2000000 -0.3000000
v 0.5000000 -0.2000000 -0.3500000
v 0.5574050 -0.2000000 -0.3614150
v 0.5765400 -0.2000000 -0.3152200
v -0.8500000 -0.2000000 1.0000000
v -0.8614150 -0.2000000 1.0574050
v -0.8614150 -0.1000000 1.0574050
v -0.8500000 -0.1000000 1.0000000
v -0.8614150 -0.2000000 1.0574050
v -0.8939350 -0.2000000 1.1060650
v -0.8939350 -0.1000000 1.1060650
v -0.8614150 -0.1000000 1.0574050
v -0.8939350 -0.2000000 1.1060650
v -0.9425950 -0.2000000 1.1385850
v -0.9425950 -0.1000000 1.1385850
v -0.8939350 -0.1000000 1.1060650
v -0.9425950 -0.2000000 1.1385850
v -1.0000000 -0.2000000 1.1500000
v -1.0000000 -0.1000000 1.1500000
v -0.9425950 -0.1000000 1.1385850
v -1.0000000 -0.2000000 1.1500000
v -1.0574050 -0.2000000 1.1385850
v -1.0574050 -0.1000000 1.1385850
v -1.0000000 -0.1000000 1.1500000
v -1.0574050 -0.2000000 1.1385850
v -1.1060650 -0.2000000 1.1060650
v -1.1060650 -0.1000000 1.1060650
v -1.0574050 -0.1000000 1.1385850
v -1.1060650 -0.2000000 1.1060650
v -1.1385850 -0.2000000 1.0574050
v -1.1385850 -0.1000000 1.0574050
v -1.1060650 -0.1000000 1.1060650
v -1.1385850 -0.2000000 1.0574050
v -1.1500000 -0.2000000 1.0000000
v -1.1500000 -0.1000000 1.0000000
v -1.1385850 -0.1000000 1.0574050
v -1.1500000 -0.2000000 1.0000000
v -1.1385850 -0.2000000 0.9425950
v -1.1385850 -0.1000000 0.9425950
v -1.1500000 -0.1000000 1.0000000
v -1.1385850 -0.2000000 0.9425950
v -1.1060650 -0.2000000 0.8939350
v -1.1060650 -0.1000000 0.8939350
v -1.1385850 -0.1000000 0.9425950
v -1.1060650 -0.2000000 0.8939350
v -1.0574050 -0.2000000 0.8614150
v -1.0574050 -0.1000000 0.8614150
v -1.1060650 -0.1000000 0.8939350
v -1.0574050 -0.2000000 0.8614150
v -1.0000000 -0.2000000 0.8500000
v -1.0000000 -0.1000000 0.8500000
v -1.0574050 -0.1000000 0.8614150
v -1.0000000 -0.2000000 0.8500000
v -0.9425950 -0.2000000 0.8614150
v -0.9425950 -0.1000000 0.8614150
v -1.0000000 -0.1000000 0.8500000
v -0.9425950 -0.2000000 0.8614150
v -0.8939350 -0.2000000 0.8939350
v -0.8939350 -0.1000000 0.8939350
v -0.9425950 -0.1000000 0.8614150
v -0.8939350 -0.2000000 0.8939350
v -0.8614150 -0.2000000 0.9425950
v -0.8614150 -0.1000000 0.9425950
v -0.8939350 -0.1000000 0.8939350
v -0.8614150 -0.2000000 0.9425950
v -0.8500000 -0.2000000 1.0000000
v -0.8500000 -0.1000000 1.0000000
v -0.8614150 -0.1000000 0.9425950
v -0.8000000 -0.1000000 1.0000000
v -0.8152200 -0.1000000 1.0765400
v -0.8152200 -0.2000000 1.0765400
v -0.8000000 -0.2000000 1.0000000
v -0.8152200 -0.1000000 1.0765400
v -0.8585800 -0.1000000 1.1414200
v -0.8585800 -0.2000000 1.1414200
v -0.8152200 -0.2000000 1.0765400
v -0.8585800 -0.1000000 1.1414200
v -0.9234600 -0.1000000 1.1847800
v -0.9234600 -0.2000000 1.1847800
v -0.8585800 -0.2000000 1.1414200
v -0.9234600 -0.1000000 1.1847800
v -1.0000000 -0.1000000 1.2000000
v -1.0000000 -0.2000000 1.2000000
v -0.9234600 -0.2000000 1.1847800
v -1.0000000 -0.1000000 1.2000000
v -1.0765400 -0.1000000 1.1847800
v -1.0765400 -0.2000000 1.1847800
v -1.0000000 -0.2000000 1.2000000
v -1.0765400 -0.1000000 1.1847800
v -1.1414200 -0.1000000 1.1414200
v -1.1414200 -0.2000000 1.1414200
v -1.0765400 -0.2000000 1.1847800
v -1.1414200 -0.1000000 1.1414200
v -1.1847800 -0.1000000 1.0765400
v -1.1847800 -0.2000000 1.0765400
v -1.1414200 -0.2000000 1.1414200
v -1.1847800 -0.1000000 1.0765400
v -1.2000000 -0.1000000 1.0000000
v -1.2000000 -0.2000000 1.0000000
v -1.1847800 -0.2000000 1.0765400
v -1.2000000 -0.1000000 1.0000000
v -1.1847800 -0.1000000 0.9234600
v -1.1847800 -0.2000000 0.9234600
v -1.2000000 -0.2000000 1.0000000
v -1.1847800 -0.1000000 0.9234600
v -1.1414200 -0.1000000 0.8585800
v -1.1414200 -0.2000000 0.8585800
v -1.1847800 -0.2000000 0.9234600
v -1.1414200 -0.1000000 0.8585800
v -1.0765400 -0.1000000 0.8152200
v -1.0765400 -0.2000000 0.8152200
v -1.1414200 -0.2000000 0.8585800
v -1.0765400 -0.1000000 0.8152200
v -1.0000000 -0.1000000 0.8000000
v -1.0000000 -0.2000000 0.8000000
v -1.0765400 -0.2000000 0.8152200
v -1.0000000 -0.1000000 0.8000000
v -0.9234600 -0.1000000 0.8152200
v -0.9234600 -0.2000000 0.8152200
v -1.0000000 -0.2000000 0.8000000
v -0.9234600 -0.1000000 0.8152200
v -0.8585800 -0.1000000 0.8585800
v -0.8585800 -0.2000000 0.8585800
v -0.9234600 -0.2000000 0.8152200
v -0.8585800 -0.1000000 0.8585800
v -0.8152200 -0.1000000 0.9234600
v -0.8152200 -0.2000000 0.9234600
v -0.8585800 -0.2000000 0.8585800
v -0.8152200 -0.1000000 0.9234600
v -0.8000000 -0.1000000 1.0000000
v -0.8000000 -0.2000000 1.0000000
v -0.8152200 -0.2000000 0.9234600
v -1.0765400 -0.2000000 1.1847800
v -1.0574050 -0.2000000 1.1385850
v -1.0000000 -0.2000000 1.1500000
v -1.0000000 -0.2000000 1.2000000
v -1.1414200 -0.2000000 1.1414200
v -1.1060650 -0.2000000 1.1060650
v -1.0574050 -0.2000000 1.1385850
v -1.0765400 -0.2000000 1.1847800
v -1.1847800 -0.2000000 1.0765400
v -1.1385850 -0.2000000 1.0574050
v -1.1060650 -0.2000000 1.1060650
v -1.1414200 -0.2000000 1.1414200
v -1.2000000 -0.2000000 1.0000000
v -1.1500000 -0.2000000 1.0000000
v -1.1385850 -0.2000000 1.0574050
v -1.1847800 -0.2000000 1.0765400
v -1.1847800 -0.2000000 0.9234600
v -1.1385850 -0.2000000 0.9425950
v -1.1500000 -0.2000000 1.0000000
v -1.2000000 -0.2000000 1.0000000
v -1.1414200 -0.2000000 0.8585800
v -1.1060650 -0.2000000 0.8939350
v -1.1385850 -0.2000000 0.9425950
v -1.1847800 -0.2000000 0.9234600
v -1.0765400 -0.2000000 0.8152200
v -1.0574050 -0.2000000 0.8614150
v -1.1060650 -0.2000000 0.8939350
v -1.1414200 -0.2000000 0.8585800
v -1.0000000 -0.2000000 0.8000000
v -1.0000000 -0.2000000 0.8500000
v -1.0574050 -0.2000000 0.8614150
v -1.0765400 -0.2000000 0.8152200
v -0.9234600 -0.2000000 0.8152200
v -0.9425950 -0.2000000 0.8614150
v -1.0000000 -0.2000000 0.8500000
v -1.0000000 -0.2000000 0.8000000
v -0.8585800 -0.2000000 0.8585800
v -0.8939350 -0.2000000 0.8939350
v -0.9425950 -0.2000000 0.8614150
v -0.9234600 -0.2000000 0.8152200
v -0.8152200 -0.2000000 0.9234600
v -0.8614150 -0.2000000 0.9425950
v -0.8939350 -0.2000000 0.8939350
v -0.8585800 -0.2000000 0.8585800
v -0.8000000 -0.2000000 1.0000000
v -0.8500000 -0.2000000 1.0000000
v -0.8614150 -0.2000000 0.9425950
v -0.8152200 -0.2000000 0.9234600
v -0.8152200 -0.2000000 1.0765400
v -0.8614150 -0.2000000 1.0574050
v -0.8500000 -0.2000000 1.0000000
v -0.8000000 -0.2000000 1.0000000
v -0.8585800 -0.2000000 1.1414200
v -0.8939350 -0.2000000 1.1060650
v -0.8614150 -0.2000000 1.0574050
v -0.8152200 -0.2000000 1.0765400
v -0.9234600 -0.2000000 1.1847800
v -0.9425950 -0.2000000 1.1385850
v -0.8939350 -0.2000000 1.1060650
v -0.8585800 -0.2000000 1.1414200
v -1.0000000 -0.2000000 1.2000000
v -1.0000000 -0.2000000 1.1500000
v -0.9425950 -0.2000000 1.1385850
v -0.9234600 -0.2000000 1.1847800
v -0.3500000 -0.2000000 1.0000000
v -0.3614150 -0.2000000 1.0574050
v -0.3614150 -0.1000000 1.0574050
v -0.3500000 -0.1000000 1.0000000
v -0.3614150 -0.2000000 1.0574050
v -0.3939350 -0.2000000 1.1060650
v -0.3939350 -0.1000000 1.1060650
v -0.3614150 -0.1000000 1.0574050
v -0.3939350 -0.2000000 1.1060650
v -0.4425950 -0.2000000 1.1385850
v -0.4425950 -0.1000000 1.1385850
v -0.3939350 -0.1000000 1.1060650
v -0.4425950 -0.2000000 1.1385850
v -0.5000000 -0.2000000 1.1500000
v -0.5000000 -0.1000000 1.1500000
v -0.4425950 -0.1000000 1.1385850
v -0.5000000 -0.2000000 1.1500000
v -0.5574050 -0.2000000 1.1385850
v -0.5574050 -0.1000000 1.1385850
v -0.5000000 -0.1000000 1.1500000
v -0.5574050 -0.2000000 1.1385850
v -0.6060650 -0.2000000 1.1060650
v -0.6060650 -0.1000000 1.1060650
v -0.5574050 -0.1000000 1.1385850
v -0.6060650 -0.2000000 1.1060650
v -0.6385850 -0.2000000 1.0574050
v -0.6385850 -0.1000000 1.0574050
v -0.6060650 -0.1000000 1.1060650
v -0.6385850 -0.2000000 1.0574050
v -0.6500000 -0.2000000 1.0000000
v -0.6500000 -0.1000000 1.0000000
v -0.6385850 -0.1000000 1.0574050
v -0.6500000 -0.2000000 1.0000000
v -0.6385850 -0.2000000 0.9425950
v -0.6385850 -0.1000000 0.9425950
v -0.6500000 -0.1000000 1.0000000
v -0.6385850 -0.2000000 0.9425950
v -0.6060650 -0.2000000 0.8939350
v -0.6060650 -0.1000000 0.8939350
v -0.6385850 -0.1000000 0.9425950
v -0.6060650 -0.2000000 0.8939350
v -0.5574050 -0.2000000 0.8614150
v -0.5574050 -0.1000000 0.8614150
v -0.6060650 -0.1000000 0.8939350
v -0.5574050 -0.2000000 0.8614150
v -0.5000000 -0.2000000 0.8500000
v -0.5000000 -0.1000000 0.8500000
v -0.5574050 -0.1000000 0.8614150
v -0.5000000 -0.2000000 0.8500000
v -0.4425950 -0.2000000 0.8614150
v -0.4425950 -0.1000000 0.8614150
v -0.5000000 -0.1000000 0.8500000
v -0.4425950 -0.2000000 0.8614150
v -0.3939350 -0.2000000 0.8939350
v -0.3939350 -0.1000000 0.8939350
v -0.4425950 -0.1000000 0.8614150
v -0.3939350 -0.2000000 0.8939350
v -0.3614150 -0.2000000 0.9425950
v -0.3614150 -0.1000000 0.9425950
v -0.3939350 -0.1000000 0.8939350
v -0.3614150 -0.2000000 0.9425950
v -0.3500000 -0.2000000 1.0000000
v -0.3500000 -0.1000000 1.0000000
v -0.3614150 -0.1000000 0.9425950
v -0.3000000 -0.1000000 1.0000000
v -0.3152200 -0.1000000 1.0765400
v -0.3152200 -0.2000000 1.0765400
v -0.3000000 -0.2000000 1.0000000
v -0.3152200 -0.1000000 1.0765400
v -0.3585800 -0.1000000 1.1414200
v -0.3585800 -0.2000000 1.1414200
v -0.3152200 -0.2000000 1.0765400
v -0.3585800 -0.1000000 1.1414200
v -0.4234600 -0.1000000 1.1847800
v -0.4234600 -0.2000000 1.1847800
v -0.3585800 -0.2000000 1.1414200
v -0.4234600 -0.1000000 1.1847800
v -0.5000000 -0.1000000 1.2000000
v -0.5000000 -0.2000000 1.2000000
v -0.4234600 -0.2000000 1.1847800
v -0.5000000 -0.1000000 1.2000000
v -0.5765400 -0.1000000 1.1847800
v -0.5765400 -0.2000000 1.1847800
v -0.5000000 -0.2000000 1.2000000
v -0.5765400 -0.1000000 1.1847800
v -0.6414200 -0.1000000 1.1414200
v -0.6414200 -0.2000000 1.1414200
v -0.5765400 -0.2000000 1.1847800
v -0.6414200 -0.1000000 1.1414200
v -0.6847800 -0.1000000 1.0765400
v -0.6847800 -0.2000000 1.0765400
v -0.6414200 -0.2000000 1.1414200
v -0.6847800 -0.1000000 1.0765400
v -0.7000000 -0.1000000 1.0000000
v -0.7000000 -0.2000000 1.0000000
v -0.6847800 -0.2000000 1.0765400
v -0.7000000 -0.1000000 1.0000000
v -0.6847800 -0.1000000 0.9234600
v -0.6847800 -0.2000000 0.9234600
v -0.7000000 -0.2000000 1.0000000
v -0.6847800 -0.1000000 0.9234600
v -0.6414200 -0.1000000 0.8585800
v -0.6414200 -0.2000000 0.8585800
v -0.6847800 -0.2000000 0.9234600
v -0.6414200 -0.1000000 0.8585800
v -0.5765400 -0.1000000 0.8152200
v -0.5765400 -0.2000000 0.8152200
v -0.6414200 -0.2000000 0.8585800
v -0.5765400 -0.1000000 0.8152200
v -0.5000000 -0.1000000 0.8000000
v -0.5000000 -0.2000000 0.8000000
v -0.5765400 -0.2000000 0.8152200
v -0.5000000 -0.1000000 0.8000000
v -0.4234600 -0.1000000 0.8152200
v -0.4234600 -0.2000000 0.8152200
v -0.5000000 -0.2000000 0.8000000
v -0.4234600 -0.1000000 0.8152200
v -0.3585800 -0.1000000 0.8585800
v -0.3585800 -0.2000000 0.8585800
v -0.4234600 -0.2000000 0.8152200
v -0.3585800 -0.1000000 0.8585800
v -0.3152200 -0.1000000 0.9234600
v -0.3152200 -0.2000000 0.9234600
v -0.3585800 -0.2000000 0.8585800
v -0.3152200 -0.1000000 0.9234600
v -0.3000000 -0.1000000 1.0000000
v -0.3000000 -0.2000000 1.0000000
v -0.3152200 -0.2000000 0.9234600
v -0.5765400 -0.2000000 1.1847800
v -0.5574050 -0.2000000 1.1385850
v -0.5000000 -0.2000000 1.1500000
v -0.5000000 -0.2000000 1.2000000
v -0.6414200 -0.2000000 1.1414200
v -0.6060650 -0.2000000 1.1060650
v -0.5574050 -0.2000000 1.1385850
v -0.5765400 -0.2000000 1.1847800
v -0.6847800 -0.2000000 1.0765400
v -0.6385850 -0.2000000 1.0574050
v -0.6060650 -0.2000000 1.1060650
v -0.6414200 -0.2000000 1.1414200
v -0.7000000 -0.2000000 1.0000000
v -0.6500000 -0.2000000 1.0000000
v -0.6385850 -0.2000000 1.0574050
v -0.6847800 -0.2000000 1.0765400
v -0.6847800 -0.2000000 0.9234600
v -0.6385850 -0.2000000 0.9425950
v -0.6500000 -0.2000000 1.0000000
v -0.7000000 -0.2000000 1.0000000
v -0.6414200 -0.2000000 0.8585800
v -0.6060650 -0.2000000 0.8939350
v -0.6385850 -0.2000000 0.9425950
v -0.6847800 -0.2000000 0.9234600
v -0.5765400 -0.2000000 0.8152200
v -0.5574050 -0.2000000 0.8614150
v -0.6060650 -0.2000000 0.8939350
v -0.6414200 -0.2000000 0.8585800
v -0.5000000 -0.2000000 0.8000000
v -0.5000000 -0.2000000 0.8500000
v -0.5574050 -0.2000000 0.8614150
v -0.5765400 -0.2000000 0.8152200
v -0.4234600 -0.2000000 0.8152200
v -0.4425950 -0.2000000 0.8614150
v -0.5000000 -0.2000000 0.8500000
v -0.5000000 -0.2000000 0.8000000
v -0.3585800 -0.2000000 0.8585800
v -0.3939350 -0.2000000 0.8939350
v -0.4425950 -0.2000000 0.8614150
v -0.4234600 -0.2000000 0.8152200
v -0.3152200 -0.2000000 0.9234600
v -0.3614150 -0.2000000 0.9425950
v -0.3939350 -0.2000000 0.8939350
v -0.3585800 -0.2000000 0.8585800
v -0.3000000 -0.2000000 1.0000000
v -0.3500000 -0.2000000 1.0000000
v -0.3614150 -0.2000000 0.9425950
v -0.3152200 -0.2000000 0.9234600
v -0.3152200 -0.2000000 1.0765400
v -0.3614150 -0.2000000 1.0574050
v -0.3500000 -0.2000000 1.0000000
v -0.3000000 -0.2000000 1.0000000
v -0.3585800 -0.2000000 1.1414200
v -0.3939350 -0.2000000 1.1060650
v -0.3614150 -0.2000000 1.0574050
v -0.3152200 -0.2000000 1.0765400
v -0.4234600 -0.2000000 1.1847800
v -0.4425950 -0.2000000 1.1385850
v -0.3939350 -0.2000000 1.1060650
v -0.3585800 -0.2000000 1.1414200
v -0.5000000 -0.2000000 1.2000000
v -0.5000000 -0.2000000 1.1500000
v -0.4425950 -0.2000000 1.1385850
v -0.4234600 -0.2000000 1.1847800
v 0.1500000 -0.2000000 1.0000000
v 0.1385850 -0.2000000 1.0574050
v 0.1385850 -0.1000000 1.0574050
v 0.1500000 -0.1000000 1.0000000
v 0.1385850 -0.2000000 1.0574050
v 0.1060650 -0.2000000 1.1060650
v 0.1060650 -0.1000000 1.1060650
v 0.1385850 -0.1000000 1.0574050
v 0.1060650 -0.2000000 1.1060650
v 0.0574050 -0.2000000 1.1385850
v 0.0574050 -0.1000000 1.1385850
v 0.1060650 -0.1000000 1.1060650
v 0.0574050 -0.2000000 1.1385850
v 0.0000000 -0.2000000 1.1500000
v 0.0000000 -0.1000000 1.1500000
v 0.0574050 -0.1000000 1.1385850
v 0.0000000 -0.2000000 1.1500000
v -0.0574050 -0.2000000 1.1385850
v -0.0574050 -0.1000000 1.1385850
v 0.0000000 -0.1000000 1.1500000
v -0.0574050 -0.2000000 1.1385850
v -0.1060650 -0.2000000 1.1060650
v -0.1060650 -0.1000000 1.1060650
v -0.0574050 -0.1000000 1.1385850
v -0.1060650 -0.2000000 1.1060650
v -0.1385850 -0.2000000 1.0574050
v -0.1385850 -0.1000000 1.0574050
v -0.1060650 -0.1000000 1.1060650
v -0.1385850 -0.2000000 1.0574050
v -0.1500000 -0.2000000 1.0000000
v -0.1500000 -0.1000000 1.0000000
v -0.1385850 -0.1000000 1.0574050
v -0.1500000 -0.2000000 1.0000000
v -0.1385850 -0.2000000 0.9425950
v -0.1385850 -0.1000000 0.9425950
v -0.1500000 -0.1000000 1.0000000
v -0.1385850 -0.2000000 0.9425950
v -0.1060650 -0.2000000 0.8939350
v -0.1060650 -0.1000000 0.8939350
v -0.1385850 -0.1000000 0.9425950
v -0.1060650 -0.2000000 0.8939350
v -0.0574050 -0.2000000 0.8614150
v -0.0574050 -0.1000000 0.8614150
v -0.1060650 -0.1000000 0.8939350
v -0.0574050 -0.2000000 0.8614150
v 0.0000000 -0.2000000 0.8500000
v 0.0000000 -0.1000000 0.8500000
v -0.0574050 -0.1000000 0.8614150
v 0.0000000 -0.2000000 0.8500000
v 0.0574050 -0.2000000 0.8614150
v 0.0574050 -0.1000000 0.8614150
v 0.0000000 -0.1000000 0.8500000
v 0.0574050 -0.2000000 0.8614150
v 0.1060650 -0.2000000 0.8939350
v 0.1060650 -0.1000000 0.8939350
v 0.0574050 -0.1000000 0.8614150
v 0.1060650 -0.2000000 0.8939350
v 0.1385850 -0.2000000 0.9425950
v 0.1385850 -0.1000000 0.9425950
v 0.1060650 -0.1000000 0.8939350
v 0.1385850 -0.2000000 0.9425950
v 0.1500000 -0.2000000 1.0000000
v 0.1500000 -0.1000000 1.0000000
v 0.1385850 -0.1000000 0.9425950
v 0.2000000 -0.1000000 1.0000000
v 0.1847800 -0.1000000 1.0765400
v 0.1847800 -0.2000000 1.0765400
v 0.2000000 -0.2000000 1.0000000
v 0.1847800 -0.1000000 1.0765400
v 0.1414200 -0.1000000 1.1414200
v 0.1414200 -0.2000000 1.1414200
v 0.1847800 -0.2000000 1.0765400
v 0.1414200 -0.1000000 1.1414200
v 0.0765400 -0.1000000 1.1847800
v 0.0765400 -0.2000000 1.1847800
v 0.1414200 -0.2000000 1.1414200
v 0.0765400 -0.1000000 1.1847800
v 0.0000000 -0.1000000 1.2000000
v 0.0000000 -0.2000000 1.2000000
v 0.0765400 -0.2000000 1.1847800
v 0.0000000 -0.1000000 1.2000000
v -0.0765400 -0.1000000 1.1847800
v -0.0765400 -0.2000000 1.1847800
v 0.0000000 -0.2000000 1.2000000
v -0.0765400 -0.1000000 1.1847800
v -0.1414200 -0.1000000 1.1414200
v -0.1414200 -0.2000000 1.1414200
v -0.0765400 -0.2000000 1.1847800
v -0.1414200 -0.1000000 1.1414200
v -0.1847800 -0.1000000 1.0765400
v -0.1847800 -0.2000000 1.0765400
v -0.1414200 -0.2000000 1.1414200
v -0.1847800 -0.1000000 1.0765400
v -0.2000000 -0.1000000 1.0000000
v -0.2000000 -0.2000000 1.0000000
v -0.1847800 -0.2000000 1.0765400
v -0.2000000 -0.1000000 1.0000000
v -0.1847800 -0.1000000 0.9234600
v -0.1847800 -0.2000000 0.9234600
v -0.2000000 -0.2000000 1.0000000
v -0.1847800 -0.1000000 0.9234600
v -0.1414200 -0.1000000 0.8585800
v -0.1414200 -0.2000000 0.8585800
v -0.1847800 -0.2000000 0.9234600
v -0.1414200 -0.1000000 0.8585800
v -0.0765400 -0.1000000 0.8152200
v -0.0765400 -0.2000000 0.8152200
v -0.1414200 -0.2000000 0.8585800
v -0.0765400 -0.1000000 0.8152200
v 0.0000000 -0.1000000 0.8000000
v 0.0000000 -0.2000000 0.8000000
v -0.0765400 -0.2000000 0.8152200
v 0.0000000 -0.1000000 0.8000000
v 0.0765400 -0.1000000 0.8152200
v 0.0765400 -0.2000000 0.8152200
v 0.0000000 -0.2000000 0.8000000
v 0.0765400 -0.1000000 0.8152200
v 0.1414200 -0.1000000 0.8585800
v 0.1414200 -0.2000000 0.8585800
v 0.0765400 -0.2000000 0.8152200
v 0.1414200 -0.1000000 0.8585800
v 0.1847800 -0.1000000 0.9234600
v 0.1847800 -0.2000000 0.9234600
v 0.1414200 -0.2000000 0.8585800
v 0.1847800 -0.1000000 0.9234600
v 0.2000000 -0.1000000 1.0000000
v 0.2000000 -0.2000000 1.0000000
v 0.1847800 -0.2000000 0.9234600
v -0.0765400 -0.2000000 1.1847800
v -0.0574050 -0.2000000 1.1385850
v 0.0000000 -0.2000000 1.1500000
v 0.0000000 -0.2000000 1.2000000
v -0.1414200 -0.2000000 1.1414200
v -0.1060650 -0.2000000 1.1060650
v -0.0574050 -0.2000000 1.1385850
v -0.0765400 -0.2000000 1.1847800
v -0.1847800 -0.2000000 1.0765400
v -0.1385850 -0.2000000 1.0574050
v -0.1060650 -0.2000000 1.1060650
v -0.1414200 -0.2000000 1.1414200
v -0.2000000 -0.2000000 1.0000000
v -0.1500000 -0.2000000 1.0000000
v -0.1385850 -0.2000000 1.0574050
v -0.1847800 -0.2000000 1.0765400
v -0.1847800 -0.2000000 0.9234600
v -0.1385850 -0.2000000 0.9425950
v -0.1500000 -0.2000000 1.0000000
v -0.2000000 -0.2000000 1.0000000
v -0.1414200 -0.2000000 0.8585800
v -0.1060650 -0.2000000 0.8939350
v -0.1385850 -0.2000000 0.9425950
v -0.1847800 -0.2000000 0.9234600
v -0.0765400 -0.2000000 0.8152200
v -0.0574050 -0.2000000 0.8614150
v -0.1060650 -0.2000000 0.8939350
v -0.1414200 -0.2000000 0.8585800
v 0.0000000 -0.2000000 0.8000000
v 0.0000000 -0.2000000 0.8500000
v -0.0574050 -0.2000000 0.8614150
v -0.0765400 -0.2000000 0.8152200
v 0.0765400 -0.2000000 0.8152200
v 0.0574050 -0.2000000 0.8614150
v 0.0000000 -0.2000000 0.8500000
v 0.0000000 -0.2000000 0.8000000
v 0.1414200 -0.2000000 0.8585800
v 0.1060650 -0.2000000 0.8939350
v 0.0574050 -0.2000000 0.8614150
v 0.0765400 -0.2000000 0.8152200
v 0.1847800 -0.2000000 0.9234600
v 0.1385850 -0.2000000 0.9425950
v 0.1060650 -0.2000000 0.8939350
v 0.1414200 -0.2000000 0.8585800
v 0.2000000 -0.2000000 1.0000000
v 0.1500000 -0.2000000 1.0000000
v 0.1385850 -0.2000000 0.9425950
v 0.1847800 -0.2000000 0.9234600
v 0.1847800 -0.2000000 1.0765400
v 0.1385850 -0.2000000 1.0574050
v 0.1500000 -0.2000000 1.0000000
v 0.2000000 -0.2000000 1.0000000
v 0.1414200 -0.2000000 1.1414200
v 0.1060650 -0.2000000 1.1060650
v 0.1385850 -0.2000000 1.0574050
v 0.1847800 -0.2000000 1.0765400
v 0.0765400 -0.2000000 1.1847800
v 0.0574050 -0.2000000 1.1385850
v 0.1060650 -0.2000000 1.1060650
v 0.1414200 -0.2000000 1.1414200
v 0.0000000 -0.2000000 1.2000000
v 0.0000000 -0.2000000 1.1500000
v 0.0574050 -0.2000000 1.1385850
v 0.0765400 -0.2000000 1.1847800
v 0.6500000 -0.2000000 1.0000000
v 0.6385850 -0.2000000 1.0574050
v 0.6385850 -0.1000000 1.0574050
v 0.6500000 -0.1000000 1.0000000
v 0.6385850 -0.2000000 1.0574050
v 0.6060650 -0.2000000 1.1060650
v 0.6060650 -0.1000000 1.1060650
v 0.6385850 -0.1000000 1.0574050
v 0.6060650 -0.2000000 1.1060650
v 0.5574050 -0.2000000 1.1385850
v 0.5574050 -0.1000000 1.1385850
v 0.6060650 -0.1000000 1.1060650
v 0.5574050 -0.2000000 1.1385850
v 0.5000000 -0.2000000 1.1500000
v 0.5000000 -0.1000000 1.1500000
v 0.5574050 -0.1000000 1.1385850
v 0.5000000 -0.2000000 1.1500000
v 0.4425950 -0.2000000 1.1385850
v 0.4425950 -0.1000000 1.1385850
v 0.5000000 -0.1000000 1.1500000
v 0.4425950 -0.2000000 1.1385850
v 0.3939350 -0.2000000 1.1060650
v 0.3939350 -0.1000000 1.1060650
v 0.4425950 -0.1000000 1.1385850
v 0.3939350 -0.2000000 1.1060650
v 0.3614150 -0.2000000 1.0574050
v 0.3614150 -0.1000000 1.0574050
v 0.3939350 -0.1000000 1.1060650
v 0.3614150 -0.2000000 1.0574050
v 0.3500000 -0.2000000 1.0000000
v 0.3500000 -0.1000000 1.0000000
v 0.3614150 -0.1000000 1.0574050
v 0.3500000 -0.2000000 1.0000000
v 0.3614150 -0.2000000 0.9425950
v 0.3614150 -0.1000000 0.9425950
v 0.3500000 -0.1000000 1.0000000
v 0.3614150 -0.2000000 0.9425950
v 0.3939350 -0.2000000 0.8939350
v 0.3939350 -0.1000000 0.8939350
v 0.3614150 -0.1000000 0.9425950
v 0.3939350 -0.2000000 0.8939350
v 0.4425950 -0.2000000 0.8614150
v 0.4425950 -0.1000000 0.8614150
v 0.3939350 -0.1000000 0.8939350
v 0.4425950 -0.2000000 0.8614150
v 0.5000000 -0.2000000 0.8500000
v 0.5000000 -0.1000000 0.8500000
v 0.4425950 -0.1000000 0.8614150
v 0.5000000 -0.2000000 0.8500000
v 0.5574050 -0.2000000 0.8614150
v 0.5574050 -0.1000000 0.8614150
v 0.5000000 -0.1000000 0.8500000
v 0.5574050 -0.2000000 0.8614150
v 0.6060650 -0.2000000 0.8939350
v 0.6060650 -0.1000000 0.8939350
v 0.5574050 -0.1000000 0.8614150
v 0.6060650 -0.2000000 0.8939350
v 0.6385850 -0.2000000 0.9425950
v 0.6385850 -0.1000000 0.9425950
v 0.6060650 -0.1000000 0.8939350
v 0.6385850 -0.2000000 0.9425950
v 0.6500000 -0.2000000 1.0000000
v 0.6500000 -0.1000000 1.0000000
v 0.6385850 -0.1000000 0.9425950
v 0.7000000 -0.1000000 1.0000000
v 0.6847800 -0.1000000 1.0765400
v 0.6847800 -0.2000000 1.0765400
v 0.7000000 -0.2000000 1.0000000
v 0.6847800 -0.1000000 1.0765400
v 0.6414200 -0.1000000 1.1414200
v 0.6414200 -0.2000000 1.1414200
v 0.6847800 -0.2000000 1.0765400
v 0.6414200 -0.1000000 1.1414200
v 0.5765400 -0.1000000 1.1847800
v 0.5765400 -0.2000000 1.1847800
v 0.6414200 -0.2000000 1.1414200
v 0.5765400 -0.1000000 1.1847800
v 0.5000000 -0.1000000 1.2000000
v 0.5000000 -0.2000000 1.2000000
v 0.5765400 -0.2000000 1.1847800
v 0.5000000 -0.1000000 1.2000000
v 0.4234600 -0.1000000 1.1847800
v 0.4234600 -0.2000000 1.1847800
v 0.5000000 -0.2000000 1.2000000
v 0.4234600 -0.1000000 1.1847800
v 0.3585800 -0.1000000 1.1414200
v 0.3585800 -0.2000000 1.1414200
v 0.4234600 -0.2000000 1.1847800
v 0.3585800 -0.1000000 1.1414200
v 0.3152200 -0.1000000 1.0765400
v 0.3152200 -0.2000000 1.0765400
v 0.3585800 -0.2000000 1.1414200
v 0.3152200 -0.1000000 1.0765400
v 0.3000000 -0.1000000 1.0000000
v 0.3000000 -0.2000000 1.0000000
v 0.3152200 -0.2000000 1.0765400
v 0.3000000 -0.1000000 1.0000000
v 0.3152200 -0.1000000 0.9234600
v 0.3152200 -0.2000000 0.9234600
v 0.3000000 -0.2000000 1.0000000
v 0.3152200 -0.1000000 0.9234600
v 0.3585800 -0.1000000 0.8585800
v 0.3585800 -0.2000000 0.8585800
v 0.3152200 -0.2000000 0.9234600
v 0.3585800 -0.1000000 0.8585800
v 0.4234600 -0.1000000 0.8152200
v 0.4234600 -0.2000000 0.8152200
v 0.3585800 -0.2000000 0.8585800
v 0.4234600 -0.1000000 0.8152200
v 0.5000000 -0.1000000 0.8000000
v 0.5000000 -0.2000000 0.8000000
v 0.4234600 -0.2000000 0.8152200
v 0.5000000 -0.1000000 0.8000000
v 0.5765400 -0.1000000 0.8152200
v 0.5765400 -0.2000000 0.8152200
v 0.5000000 -0.2000000 0.8000000
v 0.5765400 -0.1000000 0.8152200
v 0.6414200 -0.1000000 0.8585800
v 0.6414200 -0.2000000 0.8585800
v 0.5765400 -0.2000000 0.8152200
v 0.6414200 -0.1000000 0.8585800
v 0.6847800 -0.1000000 0.9234600
v 0.6847800 -0.2000000 0.9234600
v 0.6414200 -0.2000000 0.8585800
v 0.6847800 -0.1000000 0.9234600
v 0.7000000 -0.1000000 1.0000000
v 0.7000000 -0.2000000 1.0000000
v 0.6847800 -0.2000000 0.9234600
v 0.4234600 -0.2000000 1.1847800
v 0.4425950 -0.2000000 1.1385850
v 0.5000000 -0.2000000 1.1500000
v 0.5000000 -0.2000000 1.2000000
v 0.3585800 -0.2000000 1.1414200
v 0.3939350 -0.2000000 1.1060650
v 0.4425950 -0.2000000 1.1385850
v 0.4234600 -0.2000000 1.1847800
v 0.3152200 -0.2000000 1.0765400
v 0.3614150 -0.2000000 1.0574050
v 0.3939350 -0.2000000 1.1060650
v 0.3585800 -0.2000000 1.1414200
v 0.3000000 -0.2000000 1.0000000
v 0.3500000 -0.2000000 1.0000000
v 0.3614150 -0.2000000 1.0574050
v 0.3152200 -0.2000000 1.0765400
v 0.3152200 -0.2000000 0.9234600
v 0.3614150 -0.2000000 0.9425950
v 0.3500000 -0.2000000 1.0000000
v 0.3000000 -0.2000000 1.0000000
v 0.3585800 -0.2000000 0.8585800
v 0.3939350 -0.2000000 0.8939350
v 0.3614150 -0.2000000 0.9425950
v 0.3152200 -0.2000000 0.9234600
v 0.4234600 -0.2000000 0.8152200
v 0.4425950 -0.2000000 0.8614150
v 0.3939350 -0.2000000 0.8939350
v 0.3585800 -0.2000000 0.8585800
v 0.5000000 -0.2000000 0.8000000
v 0.5000000 -0.2000000 0.8500000
v 0.4425950 -0.2000000 0.8614150
v 0.4234600 -0.2000000 0.8152200
v 0.5765400 -0.2000000 0.8152200
v 0.5574050 -0.2000000 0.8614150
v 0.5000000 -0.2000000 0.8500000
v 0.5000000 -0.2000000 0.8000000
v 0.6414200 -0.2000000 0.8585800
v 0.6060650 -0.2000000 0.8939350
v 0.5574050 -0.2000000 0.8614150
v 0.5765400 -0.2000000 0.8152200
v 0.6847800 -0.2000000 0.9234600
v 0.6385850 -0.2000000 0.9425950
v 0.6060650 -0.2000000 0.8939350
v 0.6414200 -0.2000000 0.8585800
v 0.7000000 -0.2000000 1.0000000
v 0.6500000 -0.2000000 1.0000000
v 0.6385850 -0.2000000 0.9425950
v 0.6847800 -0.2000000 0.9234600
v 0.6847800 -0.2000000 1.0765400
v 0.6385850 -0.2000000 1.0574050
v 0.6500000 -0.2000000 1.0000000
v 0.7000000 -0.2000000 1.0000000
v 0.6414200 -0.2000000 1.1414200
v 0.6060650 -0.2000000 1.1060650
v 0.6385850 -0.2000000 1.0574050
v 0.6847800 -0.2000000 1.0765400
v 0.5765400 -0.2000000 1.1847800
v 0.5574050 -0.2000000 1.1385850
v 0.6060650 -0.2000000 1.1060650
v 0.6414200 -0.2000000 1.1414200
v 0.5000000 -0.2000000 1.2000000
v 0.5000000 -0.2000000 1.1500000
v 0.5574050 -0.2000000 1.1385850
v 0.5765400 -0.2000000 1.1847800
v 1.0000000 -0.2000000 -0.8500000
v 0.9425950 -0.2000000 -0.8614150
v 0.9425950 -0.1000000 -0.8614150
v 1.0000000 -0.1000000 -0.8500000
v 0.9425950 -0.2000000 -0.8614150
v 0.8939350 -0.2000000 -0.8939350
v 0.8939350 -0.1000000 -0.8939350
v 0.9425950 -0.1000000 -0.8614150
v 0.8939350 -0.2000000 -0.8939350
v 0.8614150 -0.2000000 -0.9425950
v 0.8614150 -0.1000000 -0.9425950
v 0.8939350 -0.1000000 -0.8939350
v 0.8614150 -0.2000000 -0.9425950
v 0.8500000 -0.2000000 -1.0000000
v 0.8500000 -0.1000000 -1.0000000
v 0.8614150 -0.1000000 -0.9425950
v 0.8500000 -0.2000000 -1.0000000
v 0.8614150 -0.2000000 -1.0574050
v 0.8614150 -0.1000000 -1.0574050
v 0.8500000 -0.1000000 -1.0000000
v 0.8614150 -0.2000000 -1.0574050
v 0.8939350 -0.2000000 -1.1060650
v 0.8939350 -0.1000000 -1.1060650
v 0.8614150 -0.1000000 -1.0574050
v 0.8939350 -0.2000000 -1.1060650
v 0.9425950 -0.2000000 -1.1385850
v 0.9425950 -0.1000000 -1.1385850
v 0.8939350 -0.1000000 -1.1060650
v 0.9425950 -0.2000000 -1.1385850
v 1.0000000 -0.2000000 -1.1500000
v 1.0000000 -0.1000000 -1.1500000
v 0.9425950 -0.1000000 -1.1385850
v 1.0000000 -0.2000000 -1.1500000
v 1.0574050 -0.2000000 -1.1385850
v 1.0574050 -0.1000000 -1.1385850
v 1.0000000 -0.1000000 -1.1500000
v 1.0574050 -0.2000000 -1.1385850
v 1.1060650 -0.2000000 -1.1060650
v 1.1060650 -0.1000000 -1.1060650
v 1.0574050 -0.1000000 -1.1385850
v 1.1060650 -0.2000000 -1.1060650
v 1.1385850 -0.2000000 -1.0574050
v 1.1385850 -0.1000000 -1.0574050
v 1.1060650 -0.1000000 -1.1060650
v 1.1385850 -0.2000000 -1.0574050
v 1.1500000 -0.2000000 -1.0000000
v 1.1500000 -0.1000000 -1.0000000
v 1.1385850 -0.1000000 -1.0574050
v 1.1500000 -0.2000000 -1.0000000
v 1.1385850 -0.2000000 -0.9425950
v 1.1385850 -0.1000000 -0.9425950
v 1.1500000 -0.1000000 -1.0000000
v 1.1385850 -0.2000000 -0.9425950
v 1.1060650 -0.2000000 -0.8939350
v 1.1060650 -0.1000000 -0.8939350
v 1.1385850 -0.1000000 -0.9425950
v 1.1060650 -0.2000000 -0.8939350
v 1.0574050 -0.2000000 -0.8614150
v 1.0574050 -0.1000000 -0.8614150
v 1.1060650 -0.1000000 -0.8939350
v 1.0574050 -0.2000000 -0.8614150
v 1.0000000 -0.2000000 -0.8500000
v 1.0000000 -0.1000000 -0.8500000
v 1.0574050 -0.1000000 -0.8614150
v 1.0000000 -0.1000000 -0.8000000
v 0.9234600 -0.1000000 -0.8152200
v 0.9234600 -0.2000000 -0.8152200
v 1.0000000 -0.2000000 -0.8000000
v 0.9234600 -0.1000000 -0.8152200
v 0.8585800 -0.1000000 -0.8585800
v 0.8585800 -0.2000000 -0.8585800
v 0.9234600 -0.2000000 -0.8152200
v 0.8585800 -0.1000000 -0.8585800
v 0.8152200 -0.1000000 -0.9234600
v 0.8152200 -0.2000000 -0.9234600
v 0.8585800 -0.2000000 -0.8585800
v 0.8152200 -0.1000000 -0.9234600
v 0.8000000 -0.1000000 -1.0000000
v 0.8000000 -0.2000000 -1.0000000
v 0.8152200 -0.2000000 -0.9234600
v 0.8000000 -0.1000000 -1.0000000
v 0.8152200 -0.1000000 -1.0765400
v 0.8152200 -0.2000000 -1.0765400
v 0.8000000 -0.2000000 -1.0000000
v 0.8152200 -0.1000000 -1.0765400
v 0.8585800 -0.1000000 -1.1414200
v 0.8585800 -0.2000000 -1.1414200
v 0.8152200 -0.2000000 -1.0765400
v 0.8585800 -0.1000000 -1.1414200
v 0.9234600 -0.1000000 -1.1847800
v 0.9234600 -0.2000000 -1.1847800
v 0.8585800 -0.2000000 -1.1414200
v 0.9234600 -0.1000000 -1.1847800
v 1.0000000 -0.1000000 -1.2000000
v 1.0000000 -0.2000000 -1.2000000
v 0.9234600 -0.2000000 -1.1847800
v 1.0000000 -0.1000000 -1.2000000
v 1.0765400 -0.1000000 -1.1847800
v 1.0765400 -0.2000000 -1.1847800
v 1.0000000 -0.2000000 -1.2000000
v 1.0765400 -0.1000000 -1.1847800
v 1.1414200 -0.1000000 -1.1414200
v 1.1414200 -0.2000000 -1.1414200
v 1.0765400 -0.2000000 -1.1847800
v 1.1414200 -0.1000000 -1.1414200
v 1.1847800 -0.1000000 -1.0765400
v 1.1847800 -0.2000000 -1.0765400
v 1.1414200 -0.2000000 -1.1414200
v 1.1847800 -0.1000000 -1.0765400
v 1.2000000 -0.1000000 -1.0000000
v 1.2000000 -0.2000000 -1.0000000
v 1.1847800 -0.2000000 -1.0765400
v 1.2000000 -0.1000000 -1.0000000
v 1.1847800 -0.1000000 -0.9234600
v 1.1847800 -0.2000000 -0.9234600
v 1.2000000 -0.2000000 -1.0000000
v 1.1847800 -0.1000000 -0.9234600
v 1.1414200 -0.1000000 -0.8585800
v 1.1414200 -0.2000000 -0.8585800
v 1.1847800 -0.2000000 -0.9234600
v 1.1414200 -0.1000000 -0.8585800
v 1.0765400 -0.1000000 -0.8152200
v 1.0765400 -0.2000000 -0.8152200
v 1.1414200 -0.2000000 -0.8585800
v 1.0765400 -0.1000000 -0.8152200
v 1.0000000 -0.1000000 -0.8000000
v 1.0000000 -0.2000000 -0.8000000
v 1.0765400 -0.2000000 -0.8152200
v 0.8152200 -0.2000000 -1.0765400
v 0.8614150 -0.2000000 -1.0574050
v 0.8500000 -0.2000000 -1.0000000
v 0.8000000 -0.2000000 -1.0000000
v 0.8585800 -0.2000000 -1.1414200
v 0.8939350 -0.2000000 -1.1060650
v 0.8614150 -0.2000000 -1.0574050
v 0.8152200 -0.2000000 -1.0765400
v 0.9234600 -0.2000000 -1.1847800
v 0.9425950 -0.2000000 -1.1385850
v 0.8939350 -0.2000000 -1.1060650
v 0.8585800 -0.2000000 -1.1414200
v 1.0000000 -0.2000000 -1.2000000
v 1.0000000 -0.2000000 -1.1500000
v 0.9425950 -0.2000000 -1.1385850
v 0.9234600 -0.2000000 -1.1847800
v 1.0765400 -0.2000000 -1.1847800
v 1.0574050 -0.2000000 -1.1385850
v 1.0000000 -0.2000000 -1.1500000
v 1.0000000 -0.2000000 -1.2000000
v 1.1414200 -0.2000000 -1.1414200
v 1.1060650 -0.2000000 -1.1060650
v 1.0574050 -0.2000000 -1.1385850
v 1.0765400 -0.2000000 -1.1847800
v 1.1847800 -0.2000000 -1.0765400
v 1.1385850 -0.2000000 -1.0574050
v 1.1060650 -0.2000000 -1.1060650
v 1.1414200 -0.2000000 -1.1414200
v 1.2000000 -0.2000000 -1.0000000
v 1.1500000 -0.2000000 -1.0000000
v 1.1385850 -0.2000000 -1.0574050
v 1.1847800 -0.2000000 -1.0765400
v 1.1847800 -0.2000000 -0.9234600
v 1.1385850 -0.2000000 -0.9425950
v 1.1500000 -0.2000000 -1.0000000
v 1.2000000 -0.2000000 -1.0000000
v 1.1414200 -0.2000000 -0.8585800
v 1.1060650 -0.2000000 -0.8939350
v 1.1385850 -0.2000000 -0.9425950
v 1.1847800 -0.2000000 -0.9234600
v 1.0765400 -0.2000000 -0.8152200
v 1.0574050 -0.2000000 -0.8614150
v 1.1060650 -0.2000000 -0.8939350
v 1.1414200 -0.2000000 -0.8585800
v 1.0000000 -0.2000000 -0.8000000
v 1.0000000 -0.2000000 -0.8500000
v 1.0574050 -0.2000000 -0.8614150
v 1.0765400 -0.2000000 -0.8152200
v 0.9234600 -0.2000000 -0.8152200
v 0.9425950 -0.2000000 -0.8614150
v 1.0000000 -0.2000000 -0.8500000
v 1.0000000 -0.2000000 -0.8000000
v 0.8585800 -0.2000000 -0.8585800
v 0.8939350 -0.2000000 -0.8939350
v 0.9425950 -0.2000000 -0.8614150
v 0.9234600 -0.2000000 -0.8152200
v 0.8152200 -0.2000000 -0.9234600
v 0.8614150 -0.2000000 -0.9425950
v 0.8939350 -0.2000000 -0.8939350
v 0.8585800 -0.2000000 -0.8585800
v 0.8000000 -0.2000000 -1.0000000
v 0.8500000 -0.2000000 -1.0000000
v 0.8614150 -0.2000000 -0.9425950
v 0.8152200 -0.2000000 -0.9234600
v 1.0000000 -0.2000000 -0.3500000
v 0.9425950 -0.2000000 -0.3614150
v 0.9425950 -0.1000000 -0.3614150
v 1.0000000 -0.1000000 -0.3500000
v 0.9425950 -0.2000000 -0.3614150
v 0.8939350 -0.2000000 -0.3939350
v 0.8939350 -0.1000000 -0.3939350
v 0.9425950 -0.1000000 -0.3614150
v 0.8939350 -0.2000000 -0.3939350
v 0.8614150 -0.2000000 -0.4425950
v 0.8614150 -0.1000000 -0.4425950
v 0.8939350 -0.1000000 -0.3939350
v 0.8614150 -0.2000000 -0.4425950
v 0.8500000 -0.2000000 -0.5000000
v 0.8500000 -0.1000000 -0.5000000
v 0.8614150 -0.1000000 -0.4425950
v 0.8500000 -0.2000000 -0.5000000
v 0.8614150 -0.2000000 -0.5574050
v 0.8614150 -0.1000000 -0.5574050
v 0.8500000 -0.1000000 -0.5000000
v 0.8614150 -0.2000000 -0.5574050
v 0.8939350 -0.2000000 -0.6060650
v 0.8939350 -0.1000000 -0.6060650
v 0.8614150 -0.1000000 -0.5574050
v 0.8939350 -0.2000000 -0.6060650
v 0.9425950 -0.2000000 -0.6385850
v 0.9425950 -0.1000000 -0.6385850
v 0.8939350 -0.1000000 -0.6060650
v 0.9425950 -0.2000000 -0.6385850
v 1.0000000 -0.2000000 -0.6500000
v 1.0000000 -0.1000000 -0.6500000
v 0.9425950 -0.1000000 -0.6385850
v 1.0000000 -0.2000000 -0.6500000
v 1.0574050 -0.2000000 -0.6385850
v 1.0574050 -0.1000000 -0.6385850
v 1.0000000 -0.1000000 -0.6500000
v 1.0574050 -0.2000000 -0.6385850
v 1.1060650 -0.2000000 -0.6060650
v 1.1060650 -0.1000000 -0.6060650
v 1.0574050 -0.1000000 -0.6385850
v 1.1060650 -0.2000000 -0.6060650
v 1.1385850 -0.2000000 -0.5574050
v 1.1385850 -0.1000000 -0.5574050
v 1.1060650 -0.1000000 -0.6060650
v 1.1385850 -0.2000000 -0.5574050
v 1.1500000 -0.2000000 -0.5000000
v 1.1500000 -0.1000000 -0.5000000
v 1.1385850 -0.1000000 -0.5574050
v 1.1500000 -0.2000000 -0.5000000
v 1.1385850 -0.2000000 -0.4425950
v 1.1385850 -0.1000000 -0.4425950
v 1.1500000 -0.1000000 -0.5000000
v 1.1385850 -0.2000000 -0.4425950
v 1.1060650 -0.2000000 -0.3939350
v 1.1060650 -0.1000000 -0.3939350
v 1.1385850 -0.1000000 -0.4425950
v 1.1060650 -0.2000000 -0.3939350
v 1.0574050 -0.2000000 -0.3614150
v 1.0574050 -0.1000000 -0.3614150
v 1.1060650 -0.1000000 -0.3939350
v 1.0574050 -0.2000000 -0.3614150
v 1.0000000 -0.2000000 -0.3500000
v 1.0000000 -0.1000000 -0.3500000
v 1.0574050 -0.1000000 -0.3614150
v 1.0000000 -0.1000000 -0.3000000
v 0.9234600 -0.1000000 -0.3152200
v 0.9234600 -0.2000000 -0.3152200
v 1.0000000 -0.2000000 -0.3000000
v 0.9234600 -0.1000000 -0.3152200
v 0.8585800 -0.1000000 -0.3585800
v 0.8585800 -0.2000000 -0.3585800
v 0.9234600 -0.2000000 -0.3152200
v 0.8585800 -0.1000000 -0.3585800
v 0.8152200 -0.1000000 -0.4234600
v 0.8152200 -0.2000000 -0.4234600
v 0.8585800 -0.2000000 -0.3585800
v 0.8152200 -0.1000000 -0.4234600
v 0.8000000 -0.1000000 -0.5000000
v 0.8000000 -0.2000000 -0.5000000
v 0.8152200 -0.2000000 -0.4234600
v 0.8000000 -0.1000000 -0.5000000
v 0.8152200 -0.1000000 -0.5765400
v 0.8152200 -0.2000000 -0.5765400
v 0.8000000 -0.2000000 -0.5000000
v 0.8152200 -0.1000000 -0.5765400
v 0.8585800 -0.1000000 -0.6414200
v 0.8585800 -0.2000000 -0.6414200
v 0.8152200 -0.2000000 -0.5765400
v 0.8585800 -0.1000000 -0.6414200
v 0.9234600 -0.1000000 -0.6847800
v 0.9234600 -0.2000000 -0.6847800
v 0.8585800 -0.2000000 -0.6414200
v 0.9234600 -0.1000000 -0.6847800
v 1.0000000 -0.1000000 -0.7000000
v 1.0000000 -0.2000000 -0.7000000
v 0.9234600 -0.2000000 -0.6847800
v 1.0000000 -0.1000000 -0.7000000
v 1.0765400 -0.1000000 -0.6847800
v 1.0765400 -0.2000000 -0.6847800
v 1.0000000 -0.2000000 -0.7000000
v 1.0765400 -0.1000000 -0.6847800
v 1.1414200 -0.1000000 -0.6414200
v 1.1414200 -0.2000000 -0.6414200
v 1.0765400 -0.2000000 -0.6847800
v 1.1414200 -0.1000000 -0.6414200
v 1.1847800 -0.1000000 -0.5765400
v 1.1847800 -0.2000000 -0.5765400
v 1.1414200 -0.2000000 -0.6414200
v 1.1847800 -0.1000000 -0.5765400
v 1.2000000 -0.1000000 -0.5000000
v 1.2000000 -0.2000000 -0.5000000
v 1.1847800 -0.2000000 -0.5765400
v 1.2000000 -0.1000000 -0.5000000
v 1.1847800 -0.1000000 -0.4234600
v 1.1847800 -0.2000000 -0.4234600
v 1.2000000 -0.2000000 -0.5000000
v 1.1847800 -0.1000000 -0.4234600
v 1.1414200 -0.1000000 -0.3585800
v 1.1414200 -0.2000000 -0.3585800
v 1.1847800 -0.2000000 -0.4234600
v 1.1414200 -0.1000000 -0.3585800
v 1.0765400 -0.1000000 -0.3152200
v 1.0765400 -0.2000000 -0.3152200
v 1.1414200 -0.2000000 -0.3585800
v 1.0765400 -0.1000000 -0.3152200
v 1.0000000 -0.1000000 -0.3000000
v 1.0000000 -0.2000000 -0.3000000
v 1.0765400 -0.2000000 -0.3152200
v 0.8152200 -0.2000000 -0.5765400
v 0.8614150 -0.2000000 -0.5574050
v 0.8500000 -0.2000000 -0.5000000
v 0.8000000 -0.2000000 -0.5000000
v 0.8585800 -0.2000000 -0.6414200
v 0.8939350 -0.2000000 -0.6060650
v 0.8614150 -0.2000000 -0.5574050
v 0.8152200 -0.2000000 -0.5765400
v 0.9234600 -0.2000000 -0.6847800
v 0.9425950 -0.2000000 -0.6385850
v 0.8939350 -0.2000000 -0.6060650
v 0.8585800 -0.2000000 -0.6414200
v 1.0000000 -0.2000000 -0.7000000
v 1.0000000 -0.2000000 -0.6500000
v 0.9425950 -0.2000000 -0.6385850
v 0.9234600 -0.2000000 -0.6847800
v 1.0765400 -0.2000000 -0.6847800
v 1.0574050 -0.2000000 -0.6385850
v 1.0000000 -0.2000000 -0.6500000
v 1.0000000 -0.2000000 -0.7000000
v 1.1414200 -0.2000000 -0.6414200
v 1.1060650 -0.2000000 -0.6060650
v 1.0574050 -0.2000000 -0.6385850
v 1.0765400 -0.2000000 -0.6847800
v 1.1847800 -0.2000000 -0.5765400
v 1.1385850 -0.2000000 -0.5574050
v 1.1060650 -0.2000000 -0.6060650
v 1.1414200 -0.2000000 -0.6414200
v 1.2000000 -0.2000000 -0.5000000
v 1.1500000 -0.2000000 -0.5000000
v 1.1385850 -0.2000000 -0.5574050
v 1.1847800 -0.2000000 -0.5765400
v 1.1847800 -0.2000000 -0.4234600
v 1.1385850 -0.2000000 -0.4425950
v 1.1500000 -0.2000000 -0.5000000
v 1.2000000 -0.2000000 -0.5000000
v 1.1414200 -0.2000000 -0.3585800
v 1.1060650 -0.2000000 -0.3939350
v 1.1385850 -0.2000000 -0.4425950
v 1.1847800 -0.2000000 -0.4234600
v 1.0765400 -0.2000000 -0.3152200
v 1.0574050 -0.2000000 -0.3614150
v 1.1060650 -0.2000000 -0.3939350
v 1.1414200 -0.2000000 -0.3585800
v 1.0000000 -0.2000000 -0.3000000
v 1.0000000 -0.2000000 -0.3500000
v 1.0574050 -0.2000000 -0.3614150
v 1.0765400 -0.2000000 -0.3152200
v 0.9234600 -0.2000000 -0.3152200
v 0.9425950 -0.2000000 -0.3614150
v 1.0000000 -0.2000000 -0.3500000
v 1.0000000 -0.2000000 -0.3000000
v 0.8585800 -0.2000000 -0.3585800
v 0.8939350 -0.2000000 -0.3939350
v 0.9425950 -0.2000000 -0.3614150
v 0.9234600 -0.2000000 -0.3152200
v 0.8152200 -0.2000000 -0.4234600
v 0.8614150 -0.2000000 -0.4425950
v 0.8939350 -0.2000000 -0.3939350
v 0.8585800 -0.2000000 -0.3585800
v 0.8000000 -0.2000000 -0.5000000
v 0.8500000 -0.2000000 -0.5000000
v 0.8614150 -0.2000000 -0.4425950
v 0.8152200 -0.2000000 -0.4234600
v 1.0000000 -0.2000000 0.1500000
v 0.9425950 -0.2000000 0.1385850
v 0.9425950 -0.1000000 0.1385850
v 1.0000000 -0.1000000 0.1500000
v 0.9425950 -0.2000000 0.1385850
v 0.8939350 -0.2000000 0.1060650
v 0.8939350 -0.1000000 0.1060650
v 0.9425950 -0.1000000 0.1385850
v 0.8939350 -0.2000000 0.1060650
v 0.8614150 -0.2000000 0.0574050
v 0.8614150 -0.1000000 0.0574050
v 0.8939350 -0.1000000 0.1060650
v 0.8614150 -0.2000000 0.0574050
v 0.8500000 -0.2000000 0.0000000
v 0.8500000 -0.1000000 0.0000000
v 0.8614150 -0.1000000 0.0574050
v 0.8500000 -0.2000000 0.0000000
v 0.8614150 -0.2000000 -0.0574050
v 0.8614150 -0.1000000 -0.0574050
v 0.8500000 -0.1000000 0.0000000
v 0.8614150 -0.2000000 -0.0574050
v 0.8939350 -0.2000000 -0.1060650
v 0.8939350 -0.1000000 -0.1060650
v 0.8614150 -0.1000000 -0.0574050
v 0.8939350 -0.2000000 -0.1060650
v 0.9425950 -0.2000000 -0.1385850
v 0.9425950 -0.1000000 -0.1385850
v 0.8939350 -0.1000000 -0.1060650
v 0.9425950 -0.2000000 -0.1385850
v 1.0000000 -0.2000000 -0.1500000
v 1.0000000 -0.1000000 -0.1500000
v 0.9425950 -0.1000000 -0.1385850
v 1.0000000 -0.2000000 -0.1500000
v 1.0574050 -0.2000000 -0.1385850
v 1.0574050 -0.1000000 -0.1385850
v 1.0000000 -0.1000000 -0.1500000
v 1.0574050 -0.2000000 -0.1385850
v 1.1060650 -0.2000000 -0.1060650
v 1.1060650 -0.1000000 -0.1060650
v 1.0574050 -0.1000000 -0.1385850
v 1.1060650 -0.2000000 -0.1060650
v 1.1385850 -0.2000000 -0.0574050
v 1.1385850 -0.1000000 -0.0574050
v 1.1060650 -0.1000000 -0.1060650
v 1.1385850 -0.2000000 -0.0574050
v 1.1500000 -0.2000000 0.0000000
v 1.1500000 -0.1000000 0.0000000
v 1.1385850 -0.1000000 -0.0574050
v 1.1500000 -0.2000000 0.0000000
v 1.1385850 -0.2000000 0.0574050
v 1.1385850 -0.1000000 0.0574050
v 1.1500000 -0.1000000 0.0000000
v 1.1385850 -0.2000000 0.0574050
v 1.1060650 -0.2000000 0.1060650
v 1.1060650 -0.1000000 0.1060650
v 1.1385850 -0.1000000 0.0574050
v 1.1060650 -0.2000000 0.1060650
v 1.0574050 -0.2000000 0.1385850
v 1.0574050 -0.1000000 0.1385850
v 1.1060650 -0.1000000 0.1060650
v 1.0574050 -0.2000000 0.1385850
v 1.0000000 -0.2000000 0.1500000
v 1.0000000 -0.1000000 0.1500000
v 1.0574050 -0.1000000 0.1385850
v 1.0000000 -0.1000000 0.2000000
v 0.9234600 -0.1000000 0.1847800
v 0.9234600 -0.2000000 0.1847800
v 1.0000000 -0.2000000 0.2000000
v 0.9234600 -0.1000000 0.1847800
v 0.8585800 -0.1000000 0.1414200
v 0.8585800 -0.2000000 0.1414200
v 0.9234600 -0.2000000 0.1847800
v 0.8585800 -0.1000000 0.1414200
v 0.8152200 -0.1000000 0.0765400
v 0.8152200 -0.2000000 0.0765400
v 0.8585800 -0.2000000 0.1414200
v 0.8152200 -0.1000000 0.0765400
v 0.8000000 -0.1000000 0.0000000
v 0.8000000 -0.2000000 0.0000000
v 0.8152200 -0.2000000 0.0765400
v 0.8000000 -0.1000000 0.0000000
v 0.8152200 -0.1000000 -0.0765400
v 0.8152200 -0.2000000 -0.0765400
v 0.8000000 -0.2000000 0.0000000
v 0.8152200 -0.1000000 -0.0765400
v 0.8585800 -0.1000000 -0.1414200
v 0.8585800 -0.2000000 -0.1414200
v 0.8152200 -0.2000000 -0.0765400
v 0.8585800 -0.1000000 -0.1414200
v 0.9234600 -0.1000000 -0.1847800
v 0.9234600 -0.2000000 -0.1847800
v 0.8585800 -0.2000000 -0.1414200
v 0.9234600 -0.1000000 -0.1847800
v 1.0000000 -0.1000000 -0.2000000
v 1.0000000 -0.2000000 -0.2000000
v 0.9234600 -0.2000000 -0.1847800
v 1.0000000 -0.1000000 -0.2000000
v 1.0765400 -0.1000000 -0.1847800
v 1.0765400 -0.2000000 -0.1847800
v 1.0000000 -0.2000000 -0.2000000
v 1.0765400 -0.1000000 -0.1847800
v 1.1414200 -0.1000000 -0.1414200
v 1.1414200 -0.2000000 -0.1414200
v 1.0765400 -0.2000000 -0.1847800
v 1.1414200 -0.1000000 -0.1414200
v 1.1847800 -0.1000000 -0.0765400
v 1.1847800 -0.2000000 -0.0765400
v 1.1414200 -0.2000000 -0.1414200
v 1.1847800 -0.1000000 -0.0765400
v 1.2000000 -0.1000000 0.0000000
v 1.2000000 -0.2000000 0.0000000
v 1.1847800 -0.2000000 -0.0765400
v 1.2000000 -0.1000000 0.0000000
v 1.1847800 -0.1000000 0.0765400
v 1.1847800 -0.2000000 0.0765400
v 1.2000000 -0.2000000 0.0000000
v 1.1847800 -0.1000000 0.0765400
v 1.1414200 -0.1000000 0.1414200
v 1.1414200 -0.2000000 0.1414200
v 1.1847800 -0.2000000 0.0765400
v 1.1414200 -0.1000000 0.1414200
v 1.0765400 -0.1000000 0.1847800
v 1.0765400 -0.2000000 0.1847800
v 1.1414200 -0.2000000 0.1414200
v 1.0765400 -0.1000000 0.1847800
v 1.0000000 -0.1000000 0.2000000
v 1.0000000 -0.2000000 0.2000000
v 1.0765400 -0.2000000 0.1847800
v 0.8152200 -0.2000000 -0.0765400
v 0.8614150 -0.2000000 -0.0574050
v 0.8500000 -0.2000000 0.0000000
v 0.8000000 -0.2000000 0.0000000
v 0.8585800 -0.2000000 -0.1414200
v 0.8939350 -0.2000000 -0.1060650
v 0.8614150 -0.2000000 -0.0574050
v 0.8152200 -0.2000000 -0.0765400
v 0.9234600 -0.2000000 -0.1847800
v 0.9425950 -0.2000000 -0.1385850
v 0.8939350 -0.2000000 -0.1060650
v 0.8585800 -0.2000000 -0.1414200
v 1.0000000 -0.2000000 -0.2000000
v 1.0000000 -0.2000000 -0.1500000
v 0.9425950 -0.2000000 -0.1385850
v 0.9234600 -0.2000000 -0.1847800
v 1.0765400 -0.2000000 -0.1847800
v 1.0574050 -0.2000000 -0.1385850
v 1.0000000 -0.2000000 -0.1500000
v 1.0000000 -0.2000000 -0.2000000
v 1.1414200 -0.2000000 -0.1414200
v 1.1060650 -0.2000000 -0.1060650
v 1.0574050 -0.2000000 -0.1385850
v 1.0765400 -0.2000000 -0.1847800
v 1.1847800 -0.2000000 -0.0765400
v 1.1385850 -0.2000000 -0.0574050
v 1.1060650 -0.2000000 -0.1060650
v 1.1414200 -0.2000000 -0.1414200
v 1.2000000 -0.2000000 0.0000000
v 1.1500000 -0.2000000 0.0000000
v 1.1385850 -0.2000000 -0.0574050
v 1.1847800 -0.2000000 -0.0765400
v 1.1847800 -0.2000000 0.0765400
v 1.1385850 -0.2000000 0.0574050
v 1.1500000 -0.2000000 0.0000000
v 1.2000000 -0.2000000 0.0000000
v 1.1414200 -0.2000000 0.1414200
v 1.1060650 -0.2000000 0.1060650
v 1.1385850 -0.2000000 0.0574050
v 1.1847800 -0.2000000 0.0765400
v 1.0765400 -0.2000000 0.1847800
v 1.0574050 -0.2000000 0.1385850
v 1.1060650 -0.2000000 0.1060650
v 1.1414200 -0.2000000 0.1414200
v 1.0000000 -0.2000000 0.2000000
v 1.0000000 -0.2000000 0.1500000
v 1.0574050 -0.2000000 0.1385850
v 1.0765400 -0.2000000 0.1847800
v 0.9234600 -0.2000000 0.1847800
v 0.9425950 -0.2000000 0.1385850
v 1.0000000 -0.2000000 0.1500000
v 1.0000000 -0.2000000 0.2000000
v 0.8585800 -0.2000000 0.1414200
v 0.8939350 -0.2000000 0.1060650
v 0.9425950 -0.2000000 0.1385850
v 0.9234600 -0.2000000 0.1847800
v 0.8152200 -0.2000000 0.0765400
v 0.8614150 -0.2000000 0.0574050
v 0.8939350 -0.2000000 0.1060650
v 0.8585800 -0.2000000 0.1414200
v 0.8000000 -0.2000000 0.0000000
v 0.8500000 -0.2000000 0.0000000
v 0.8614150 -0.2000000 0.0574050
v 0.8152200 -0.2000000 0.0765400
v 1.0000000 -0.2000000 0.6500000
v 0.9425950 -0.2000000 0.6385850
v 0.9425950 -0.1000000 0.6385850
v 1.0000000 -0.1000000 0.6500000
v 0.9425950 -0.2000000 0.6385850
v 0.8939350 -0.2000000 0.6060650
v 0.8939350 -0.1000000 0.6060650
v 0.9425950 -0.1000000 0.6385850
v 0.8939350 -0.2000000 0.6060650
v 0.8614150 -0.2000000 0.5574050
v 0.8614150 -0.1000000 0.5574050
v 0.8939350 -0.1000000 0.6060650
v 0.8614150 -0.2000000 0.5574050
v 0.8500000 -0.2000000 0.5000000
v 0.8500000 -0.1000000 0.5000000
v 0.8614150 -0.1000000 0.5574050
v 0.8500000 -0.2000000 0.5000000
v 0.8614150 -0.2000000 0.4425950
v 0.8614150 -0.1000000 0.4425950
v 0.8500000 -0.1000000 0.5000000
v 0.8614150 -0.2000000 0.4425950
v 0.8939350 -0.2000000 0.3939350
v 0.8939350 -0.1000000 0.3939350
v 0.8614150 -0.1000000 0.4425950
v 0.8939350 -0.2000000 0.3939350
v 0.9425950 -0.2000000 0.3614150
v 0.9425950 -0.1000000 0.3614150
v 0.8939350 -0.1000000 0.3939350
v 0.9425950 -0.2000000 0.3614150
v 1.0000000 -0.2000000 0.3500000
v 1.0000000 -0.1000000 0.3500000
v 0.9425950 -0.1000000 0.3614150
v 1.0000000 -0.2000000 0.3500000
v 1.0574050 -0.2000000 0.3614150
v 1.0574050 -0.1000000 0.3614150
v 1.0000000 -0.1000000 0.3500000
v 1.0574050 -0.2000000 0.3614150
v 1.1060650 -0.2000000 0.3939350
v 1.1060650 -0.1000000 0.3939350
v 1.0574050 -0.1000000 0.3614150
v 1.1060650 -0.2000000 0.3939350
v 1.1385850 -0.2000000 0.4425950
v 1.1385850 -0.1000000 0.4425950
v 1.1060650 -0.1000000 0.3939350
v 1.1385850 -0.2000000 0.4425950
v 1.1500000 -0.2000000 0.5000000
v 1.1500000 -0.1000000 0.5000000
v 1.1385850 -0.1000000 0.4425950
v 1.1500000 -0.2000000 0.5000000
v 1.1385850 -0.2000000 0.5574050
v 1.1385850 -0.1000000 0.5574050
v 1.1500000 -0.1000000 0.5000000
v 1.1385850 -0.2000000 0.5574050
v 1.1060650 -0.2000000 0.6060650
v 1.1060650 -0.1000000 0.6060650
v 1.1385850 -0.1000000 0.5574050
v 1.1060650 -0.2000000 0.6060650
v 1.0574050 -0.2000000 0.6385850
v 1.0574050 -0.1000000 0.6385850
v 1.1060650 -0.1000000 0.6060650
v 1.0574050 -0.2000000 0.6385850
v 1.0000000 -0.2000000 0.6500000
v 1.0000000 -0.1000000 0.6500000
v 1.0574050 -0.1000000 0.6385850
v 1.0000000 -0.1000000 0.7000000
v 0.9234600 -0.1000000 0.6847800
v 0.9234600 -0.2000000 0.6847800
v 1.0000000 -0.2000000 0.7000000
v 0.9234600 -0.1000000 0.6847800
v 0.8585800 -0.1000000 0.6414200
v 0.8585800 -0.2000000 0.6414200
v 0.9234600 -0.2000000 0.6847800
v 0.8585800 -0.1000000 0.6414200
v 0.8152200 -0.1000000 0.5765400
v 0.8152200 -0.2000000 0.5765400
v 0.8585800 -0.2000000 0.6414200
v 0.8152200 -0.1000000 0.5765400
v 0.8000000 -0.1000000 0.5000000
v 0.8000000 -0.2000000 0.5000000
v 0.8152200 -0.2000000 0.5765400
v 0.8000000 -0.1000000 0.5000000
v 0.8152200 -0.1000000 0.4234600
v 0.8152200 -0.2000000 0.4234600
v 0.8000000 -0.2000000 0.5000000
v 0.8152200 -0.1000000 0.4234600
v 0.8585800 -0.1000000 0.3585800
v 0.8585800 -0.2000000 0.3585800
v 0.8152200 -0.2000000 0.4234600
v 0.8585800 -0.1000000 0.3585800
v 0.9234600 -0.1000000 0.3152200
v 0.9234600 -0.2000000 0.3152200
v 0.8585800 -0.2000000 0.3585800
v 0.9234600 -0.1000000 0.3152200
v 1.0000000 -0.1000000 0.3000000
v 1.0000000 -0.2000000 0.3000000
v 0.9234600 -0.2000000 0.3152200
v 1.0000000 -0.1000000 0.3000000
v 1.0765400 -0.1000000 0.3152200
v 1.0765400 -0.2000000 0.3152200
v 1.0000000 -0.2000000 0.3000000
v 1.0765400 -0.1000000 0.3152200
v 1.1414200 -0.1000000 0.3585800
v 1.1414200 -0.2000000 0.3585800
v 1.0765400 -0.2000000 0.3152200
v 1.1414200 -0.1000000 0.3585800
v 1.1847800 -0.1000000 0.4234600
v 1.1847800 -0.2000000 0.4234600
v 1.1414200 -0.2000000 0.3585800
v 1.1847800 -0.1000000 0.4234600
v 1.2000000 -0.1000000 0.5000000
v 1.2000000 -0.2000000 0.5000000
v 1.1847800 -0.2000000 0.4234600
v 1.2000000 -0.1000000 0.5000000
v 1.1847800 -0.1000000 0.5765400
v 1.1847800 -0.2000000 0.5765400
v 1.2000000 -0.2000000 0.5000000
v 1.1847800 -0.1000000 0.5765400
v 1.1414200 -0.1000000 0.6414200
v 1.1414200 -0.2000000 0.6414200
v 1.1847800 -0.2000000 0.5765400
v 1.1414200 -0.1000000 0.6414200
v 1.0765400 -0.1000000 0.6847800
v 1.0765400 -0.2000000 0.6847800
v 1.1414200 -0.2000000 0.6414200
v 1.0765400 -0.1000000 0.6847800
v 1.0000000 -0.1000000 0.7000000
v 1.0000000 -0.2000000 0.7000000
v 1.0765400 -0.2000000 0.6847800
v 0.8152200 -0.2000000 0.4234600
v 0.8614150 -0.2000000 0.4425950
v 0.8500000 -0.2000000 0.5000000
v 0.8000000 -0.2000000 0.5000000
v 0.8585800 -0.2000000 0.3585800
v 0.8939350 -0.2000000 0.3939350
v 0.8614150 -0.2000000 0.4425950
v 0.8152200 -0.2000000 0.4234600
v 0.9234600 -0.2000000 0.3152200
v 0.9425950 -0.2000000 0.3614150
v 0.8939350 -0.2000000 0.3939350
v 0.8585800 -0.2000000 0.3585800
v 1.0000000 -0.2000000 0.3000000
v 1.0000000 -0.2000000 0.3500000
v 0.9425950 -0.2000000 0.3614150
v 0.9234600 -0.2000000 0.3152200
v 1.0765400 -0.2000000 0.3152200
v 1.0574050 -0.2000000 0.3614150
v 1.0000000 -0.2000000 0.3500000
v 1.0000000 -0.2000000 0.3000000
v 1.1414200 -0.2000000 0.3585800
v 1.1060650 -0.2000000 0.3939350
v 1.0574050 -0.2000000 0.3614150
v 1.0765400 -0.2000000 0.3152200
v 1.1847800 -0.2000000 0.4234600
v 1.1385850 -0.2000000 0.4425950
v 1.1060650 -0.2000000 0.3939350
v 1.1414200 -0.2000000 0.3585800
v 1.2000000 -0.2000000 0.5000000
v 1.1500000 -0.2000000 0.5000000
v 1.1385850 -0.2000000 0.4425950
v 1.1847800 -0.2000000 0.4234600
v 1.1847800 -0.2000000 0.5765400
v 1.1385850 -0.2000000 0.5574050
v 1.1500000 -0.2000000 0.5000000
v 1.2000000 -0.2000000 0.5000000
v 1.1414200 -0.2000000 0.6414200
v 1.1060650 -0.2000000 0.6060650
v 1.1385850 -0.2000000 0.5574050
v 1.1847800 -0.2000000 0.5765400
v 1.0765400 -0.2000000 0.6847800
v 1.0574050 -0.2000000 0.6385850
v 1.1060650 -0.2000000 0.6060650
v 1.1414200 -0.2000000 0.6414200
v 1.0000000 -0.2000000 0.7000000
v 1.0000000 -0.2000000 0.6500000
v 1.0574050 -0.2000000 0.6385850
v 1.0765400 -0.2000000 0.6847800
v 0.9234600 -0.2000000 0.6847800
v 0.9425950 -0.2000000 0.6385850
v 1.0000000 -0.2000000 0.6500000
v 1.0000000 -0.2000000 0.7000000
v 0.8585800 -0.2000000 0.6414200
v 0.8939350 -0.2000000 0.6060650
v 0.9425950 -0.2000000 0.6385850
v 0.9234600 -0.2000000 0.6847800
v 0.8152200 -0.2000000 0.5765400
v 0.8614150 -0.2000000 0.5574050
v 0.8939350 -0.2000000 0.6060650
v 0.8585800 -0.2000000 0.6414200
v 0.8000000 -0.2000000 0.5000000
v 0.8500000 -0.2000000 0.5000000
v 0.8614150 -0.2000000 0.5574050
v 0.8152200 -0.2000000 0.5765400
v 1.0000000 -0.2000000 1.1500000
v 0.9425950 -0.2000000 1.1385850
v 0.9425950 -0.1000000 1.1385850
v 1.0000000 -0.1000000 1.1500000
v 0.9425950 -0.2000000 1.1385850
v 0.8939350 -0.2000000 1.1060650
v 0.8939350 -0.1000000 1.1060650
v 0.9425950 -0.1000000 1.1385850
v 0.8939350 -0.2000000 1.1060650
v 0.8614150 -0.2000000 1.0574050
v 0.8614150 -0.1000000 1.0574050
v 0.8939350 -0.1000000 1.1060650
v 0.8614150 -0.2000000 1.0574050
v 0.8500000 -0.2000000 1.0000000
v 0.8500000 -0.1000000 1.0000000
v 0.8614150 -0.1000000 1.0574050
v 0.8500000 -0.2000000 1.0000000
v 0.8614150 -0.2000000 0.9425950
v 0.8614150 -0.1000000 0.9425950
v 0.8500000 -0.1000000 1.0000000
v 0.8614150 -0.2000000 0.9425950
v 0.8939350 -0.2000000 0.8939350
v 0.8939350 -0.1000000 0.8939350
v 0.8614150 -0.1000000 0.9425950
v 0.8939350 -0.2000000 0.8939350
v 0.9425950 -0.2000000 0.8614150
v 0.9425950 -0.1000000 0.8614150
v 0.8939350 -0.1000000 0.8939350
v 0.9425950 -0.2000000 0.8614150
v 1.0000000 -0.2000000 0.8500000
v 1.0000000 -0.1000000 0.8500000
v 0.9425950 -0.1000000 0.8614150
v 1.0000000 -0.2000000 0.8500000
v 1.0574050 -0.2000000 0.8614150
v 1.0574050 -0.1000000 0.8614150
v 1.0000000 -0.1000000 0.8500000
v 1.0574050 -0.2000000 0.8614150
v 1.1060650 -0.2000000 0.8939350
v 1.1060650 -0.1000000 0.8939350
v 1.0574050 -0.1000000 0.8614150
v 1.1060650 -0.2000000 0.8939350
v 1.1385850 -0.2000000 0.9425950
v 1.1385850 -0.1000000 0.9425950
v 1.1060650 -0.1000000 0.8939350
v 1.1385850 -0.2000000 0.9425950
v 1.1500000 -0.2000000 1.0000000
v 1.1500000 -0.1000000 1.0000000
v 1.1385850 -0.1000000 0.9425950
v 1.1500000 -0.2000000 1.0000000
v 1.1385850 -0.2000000 1.0574050
v 1.1385850 -0.1000000 1.0574050
v 1.1500000 -0.1000000 1.0000000
v 1.1385850 -0.2000000 1.0574050
v 1.1060650 -0.2000000 1.1060650
v 1.1060650 -0.1000000 1.1060650
v 1.1385850 -0.1000000 1.0574050
v 1.1060650 -0.2000000 1.1060650
v 1.0574050 -0.2000000 1.1385850
v 1.0574050 -0.1000000 1.1385850
v 1.1060650 -0.1000000 1.1060650
v 1.0574050 -0.2000000 1.1385850
v 1.0000000 -0.2000000 1.1500000
v 1.0000000 -0.1000000 1.1500000
v 1.0574050 -0.1000000 1.1385850
v 1.0000000 -0.1000000 1.2000000
v 0.9234600 -0.1000000 1.1847800
v 0.9234600 -0.2000000 1.1847800
v 1.0000000 -0.2000000 1.2000000
v 0.9234600 -0.1000000 1.1847800
v 0.8585800 -0.1000000 1.1414200
v 0.8585800 -0.2000000 1.1414200
v 0.9234600 -0.2000000 1.1847800
v 0.8585800 -0.1000000 1.1414200
v 0.8152200 -0.1000000 1.0765400
v 0.8152200 -0.2000000 1.0765400
v 0.8585800 -0.2000000 1.1414200
v 0.8152200 -0.1000000 1.0765400
v 0.8000000 -0.1000000 1.0000000
v 0.8000000 -0.2000000 1.0000000
v 0.8152200 -0.2000000 1.0765400
v 0.8000000 -0.1000000 1.0000000
v 0.8152200 -0.1000000 0.9234600
v 0.8152200 -0.2000000 0.9234600
v 0.8000000 -0.2000000 1.0000000
v 0.8152200 -0.1000000 0.9234600
v 0.8585800 -0.1000000 0.8585800
v 0.8585800 -0.2000000 0.8585800
v 0.8152200 -0.2000000 0.9234600
v 0.8585800 -0.1000000 0.8585800
v 0.9234600 -0.1000000 0.8152200
v 0.9234600 -0.2000000 0.8152200
v 0.8585800 -0.2000000 0.8585800
v 0.9234600 -0.1000000 0.8152200
v 1.0000000 -0.1000000 0.8000000
v 1.0000000 -0.2000000 0.8000000
v 0.9234600 -0.2000000 0.8152200
v 1.0000000 -0.1000000 0.8000000
v 1.0765400 -0.1000000 0.8152200
v 1.0765400 -0.2000000 0.8152200
v 1.0000000 -0.2000000 0.8000000
v 1.0765400 -0.1000000 0.8152200
v 1.1414200 -0.1000000 0.8585800
v 1.1414200 -0.2000000 0.8585800
v 1.0765400 -0.2000000 0.8152200
v 1.1414200 -0.1000000 0.8585800
v 1.1847800 -0.1000000 0.9234600
v 1.1847800 -0.2000000 0.9234600
v 1.1414200 -0.2000000 0.8585800
v 1.1847800 -0.1000000 0.9234600
v 1.2000000 -0.1000000 1.0000000
v 1.2000000 -0.2000000 1.0000000
v 1.1847800 -0.2000000 0.9234600
v 1.2000000 -0.1000000 1.0000000
v 1.1847800 -0.1000000 1.0765400
v 1.1847800 -0.2000000 1.0765400
v 1.2000000 -0.2000000 1.0000000
v 1.1847800 -0.1000000 1.0765400
v 1.1414200 -0.1000000 1.1414200
v 1.1414200 -0.2000000 1.1414200
v 1.1847800 -0.2000000 1.0765400
v 1.1414200 -0.1000000 1.1414200
v 1.0765400 -0.1000000 1.1847800
v 1.0765400 -0.2000000 1.1847800
v 1.1414200 -0.2000000 1.1414200
v 1.0765400 -0.1000000 1.1847800
v 1.0000000 -0.1000000 1.2000000
v 1.0000000 -0.2000000 1.2000000
v 1.0765400 -0.2000000 1.1847800
v 0.8152200 -0.2000000 0.9234600
v 0.8614150 -0.2000000 0.9425950
v 0.8500000 -0.2000000 1.0000000
v 0.8000000 -0.2000000 1.0000000
v 0.8585800 -0.2000000 0.8585800
v 0.8939350 -0.2000000 0.8939350
v 0.8614150 -0.2000000 0.9425950
v 0.8152200 -0.2000000 0.9234600
v 0.9234600 -0.2000000 0.8152200
v 0.9425950 -0.2000000 0.8614150
v 0.8939350 -0.2000000 0.8939350
v 0.8585800 -0.2000000 0.8585800
v 1.0000000 -0.2000000 0.8000000
v 1.0000000 -0.2000000 0.8500000
v 0.9425950 -0.2000000 0.8614150
v 0.9234600 -0.2000000 0.8152200
v 1.0765400 -0.2000000 0.8152200
v 1.0574050 -0.2000000 0.8614150
v 1.0000000 -0.2000000 0.8500000
v 1.0000000 -0.2000000 0.8000000
v 1.1414200 -0.2000000 0.8585800
v 1.1060650 -0.2000000 0.8939350
v 1.0574050 -0.2000000 0.8614150
v 1.0765400 -0.2000000 0.8152200
v 1.1847800 -0.2000000 0.9234600
v 1.1385850 -0.2000000 0.9425950
v 1.1060650 -0.2000000 0.8939350
v 1.1414200 -0.2000000 0.8585800
v 1.2000000 -0.2000000 1.0000000
v 1.1500000 -0.2000000 1.0000000
v 1.1385850 -0.2000000 0.9425950
v 1.1847800 -0.2000000 0.9234600
v 1.1847800 -0.2000000 1.0765400
v 1.1385850 -0.2000000 1.0574050
v 1.1500000 -0.2000000 1.0000000
v 1.2000000 -0.2000000 1.0000000
v 1.1414200 -0.2000000 1.1414200
v 1.1060650 -0.2000000 1.1060650
v 1.1385850 -0.2000000 1.0574050
v 1.1847800 -0.2000000 1.0765400
v 1.0765400 -0.2000000 1.1847800
v 1.0574050 -0.2000000 1.1385850
v 1.1060650 -0.2000000 1.1060650
v 1.1414200 -0.2000000 1.1414200
v 1.0000000 -0.2000000 1.2000000
v 1.0000000 -0.2000000 1.1500000
v 1.0574050 -0.2000000 1.1385850
v 1.0765400 -0.2000000 1.1847800
v 0.9234600 -0.2000000 1.1847800
v 0.9425950 -0.2000000 1.1385850
v 1.0000000 -0.2000000 1.1500000
v 1.0000000 -0.2000000 1.2000000
v 0.8585800 -0.2000000 1.1414200
v 0.8939350 -0.2000000 1.1060650
v 0.9425950 -0.2000000 1.1385850
v 0.9234600 -0.2000000 1.1847800
v 0.8152200 -0.2000000 1.0765400
v 0.8614150 -0.2000000 1.0574050
v 0.8939350 -0.2000000 1.1060650
v 0.8585800 -0.2000000 1.1414200
v 0.8000000 -0.2000000 1.0000000
v 0.8500000 -0.2000000 1.0000000
v 0.8614150 -0.2000000 1.0574050
v 0.8152200 -0.2000000 1.0765400
s off
f 1 2 3
f 1 3 4
f 5 6 7
f 5 7 8
f 9 10 11
f 9 11 12
f 13 14 15
f 13 15 16
f 17 18 19
f 17 19 20
f 21 22 23
f 21 23 24
f 25 26 27
f 25 27 28
f 29 30 31
f 29 31 32
f 33 34 35
f 33 35 36
f 37 38 39
f 37 39 40
f 41 42 43
f 41 43 44
f 45 46 47
f 45 47 48
f 49 50 51
f 49 51 52
f 53 54 55
f 53 55 56
f 57 58 59
f 57 59 60
f 61 62 63
f 61 63 64
f 65 66 67
f 68 69 70
f 71 72 73
f 74 75 76
f 77 78 79
f 80 81 82
f 83 84 85
f 86 87 88
f 89 90 91
f 92 93 94
f 95 96 97
f 98 99 100
f 101 102 103
f 104 105 106
f 107 108 109
f 110 111 112
f 113 114 115
f 113 115 116
f 117 118 119
f 117 119 120
f 121 122 123
f 121 123 124
f 125 126 127
f 125 127 128
f 129 130 131
f 129 131 132
f 133 134 135
f 133 135 136
f 137 138 139
f 137 139 140
f 141 142 143
f 141 143 144
f 145 146 147
f 145 147 148
f 149 150 151
f 149 151 152
f 153 154 155
f 153 155 156
f 157 158 159
f 157 159 160
f 161 162 163
f 161 163 164
f 165 166 167
f 165 167 168
f 169 170 171
f 169 171 172
f 173 174 175
f 173 175 176
f 177 178 179
f 180 181 182
f 183 184 185
f 186 187 188
f 189 190 191
f 192 193 194
f 195 196 197
f 198 199 200
f 201 202 203
f 204 205 206
f 207 208 209
f 210 211 212
f 213 214 215
f 216 217 218
f 219 220 221
f 222 223 224
f 225 226 227
f 225 227 228
f 229 230 231
f 229 231 232
f 233 234 235
f 233 235 236
f 237 238 239
f 237 239 240
f 241 242 243
f 241 243 244
f 245 246 247
f 245 247 248
f 249 250 251
f 249 251 252
f 253 254 255
f 253 255 256
f 257 258 259
f 257 259 260
f 261 262 263
f 261 263 264
f 265 266 267
f 265 267 268
f 269 270 271
f 269 271 272
f 273 274 275
f 273 275 276
f 277 278 279
f 277 279 280
f 281 282 283
f 281 283 284
f 285 286 287
f 285 287 288
f 289 290 291
f 292 293 294
f 295 296 297
f 298 299 300
f 301 302 303
f 304 305 306
f 307 308 309
f 310 311 312
f 313 314 315
f 316 317 318
f 319 320 321
f 322 323 324
f 325 326 327
f 328 329 330
f 331 332 333
f 334 335 336
f 337 338 339
f 337 339 340
f 341 342 343
f 341 343 344
f 345 346 347
f 345 347 348
f 349 350 351
f 349 351 352
f 353 354 355
f 353 355 356
f 357 358 359
f 357 359 360
f 361 362 363
f 361 363 364
f 365 366 367
f 365 367 368
f 369 370 371
f 369 371 372
f 373 374 375
f 373 375 376
f 377 378 379
f 377 379 380
f 381 382 383
f 381 383 384
f 385 386 387
f 385 387 388
f 389 390 391
f 389 391 392
f 393 394 395
f 393 395 396
f 397 398 399
f 397 399 400
f 401 402 403
f 404 405 406
f 407 408 409
f 410 411 412
f 413 414 415
f 416 417 418
f 419 420 421
f 422 423 424
f 425 426 427
f 428 429 430
f 431 432 433
f 434 435 436
f 437 438 439
f 440 441 442
f 443 444 445
f 446 447 448
f 449 450 451
f 449 451 452
f 453 454 455
f 453 455 456
f 457 458 459
f 457 459 460
f 461 462 463
f 461 463 464
f 465 466 467
f 465 467 468
f 469 470 471
f 469 471 472
f 473 474 475
f 473 475 476
f 477 478 479
f 477 479 480
f 481 482 483
f 481 483 484
f 485 486 487
f 485 487 488
f 489 490 491
f 489 491 492
f 493 494 495
f 493 495 496
f 497 498 499
f 497 499 500
f 501 502 503
f 501 503 504
f 505 506 507
f 505 507 508
f 509 510 511
f 509 511 512
f 513 514 515
f 516 517 518
f 519 520 521
f 522 523 524
f 525 526 527
f 528 529 530
f 531 532 533
f 534 535 536
f 537 538 539
f 540 541 542
f 543 544 545
f 546 547 548
f 549 550 551
f 552 553 554
f 555 556 557
f 558 559 560
f 561 562 563
f 561 563 564
f 565 566 567
f 565 567 568
f 569 570 571
f 569 571 572
f 573 574 575
f 573 575 576
f 577 578 579
f 577 579 580
f 581 582 583
f 581 583 584
f 585 586 587
f 585 587 588
f 589 590 591
f 589 591 592
f 593 594 595
f 593 595 596
f 597 598 599
f 597 599 600
f 601 602 603
f 601 603 604
f 605 606 607
f 605 607 608
f 609 610 611
f 609 611 612
f 613 614 615
f 613 615 616
f 617 618 619
f 617 619 620
f 621 622 623
f 621 623 624
f 625 626 627
f 628 629 630
f 631 632 633
f 634 635 636
f 637 638 639
f 640 641 642
f 643 644 645
f 646 647 648
f 649 650 651
f 652 653 654
f 655 656 657
f 658 659 660
f 661 662 663
f 664 665 666
f 667 668 669
f 670 671 672
f 673 674 675
f 673 675 676
f 677 678 679
f 677 679 680
f 681 682 683
f 681 683 684
f 685 686 687
f 685 687 688
f 689 690 691
f 689 691 692
f 693 694 695
f 693 695 696
f 697 698 699
f 697 699 700
f 701 702 703
f 701 703 704
f 705 706 707
f 705 707 708
f 709 710 711
f 709 711 712
f 713 714 715
f 713 715 716
f 717 718 719
f 717 719 720
f 721 722 723
f 721 723 724
f 725 726 727
f 725 727 728
f 729 730 731
f 729 731 732
f 733 734 735
f 733 735 736
f 737 738 739
f 740 741 742
f 743 744 745
f 746 747 748
f 749 750 751
f 752 753 754
f 755 756 757
f 758 759 760
f 761 762 763
f 764 765 766
f 767 768 769
f 770 771 772
f 773 774 775
f 776 777 778
f 779 780 781
f 782 783 784
f 785 786 787
f 785 787 788
f 789 790 791
f 789 791 792
f 793 794 795
f 793 795 796
f 797 798 799
f 797 799 800
f 801 802 803
f 801 803 804
f 805 806 807
f 805 807 808
f 809 810 811
f 809 811 812
f 813 814 815
f 813 815 816
f 817 818 819
f 817 819 820
f 821 822 823
f 821 823 824
f 825 826 827
f 825 827 828
f 829 830 831
f 829 831 832
f 833 834 835
f 833 835 836
f 837 838 839
f 837 839 840
f 841 842 843
f 841 843 844
f 845 846 847
f 845 847 848
f 849 850 851
f 852 853 854
f 855 856 857
f 858 859 860
f 861 862 863
f 864 865 866
f 867 868 869
f 870 871 872
f 873 874 875
f 876 877 878
f 879 880 881
f 882 883 884
f 885 886 887
f 888 889 890
f 891 892 893
f 894 895 896
f 897 898 899
f 897 899 900
f 901 902 903
f 901 903 904
f 905 906 907
f 905 907 908
f 909 910 911
f 909 911 912
f 913 914 915
f 913 915 916
f 917 918 919
f 917 919 920
f 921 922 923
f 921 923 924
f 925 926 927
f 925 927 928
f 929 930 931
f 929 931 932
f 933 934 935
f 933 935 936
f 937 938 939
f 937 939 940
f 941 942 943
f 941 943 944
f 945 946 947
f 945 947 948
f 949 950 951
f 949 951 952
f 953 954 955
f 953 955 956
f 957 958 959
f 957 959 960
f 961 962 963
f 964 965 966
f 967 968 969
f 970 971 972
f 973 974 975
f 976 977 978
f 979 980 981
f 982 983 984
f 985 986 987
f 988 989 990
f 991 992 993
f 994 995 996
f 997 998 999
f 1000 1001 1002
f 1003 1004 1005
f 1006 1007 1008
f 1009 1010 1011
f 1009 1011 1012
f 1013 1014 1015
f 1013 1015 1016
f 1017 1018 1019
f 1017 1019 1020
f 1021 1022 1023
f 1021 1023 1024
f 1025 1026 1027
f 1025 1027 1028
f 1029 1030 1031
f 1029 1031 1032
f 1033 1034 1035
f 1033 1035 1036
f 1037 1038 1039
f 1037 1039 1040
f 1041 1042 1043
f 1041 1043 1044
f 1045 1046 1047
f 1045 1047 1048
f 1049 1050 1051
f 1049 1051 1052
f 1053 1054 1055
f 1053 1055 1056
f 1057 1058 1059
f 1057 1059 1060
f 1061 1062 1063
f 1061 1063 1064
f 1065 1066 1067
f 1065 1067 1068
f 1069 1070 1071
f 1069 1071 1072
f 1073 1074 1075
f 1076 1077 1078
f 1079 1080 1081
f 1082 1083 1084
f 1085 1086 1087
f 1088 1089 1090
f 1091 1092 1093
f 1094 1095 1096
f 1097 1098 1099
f 1100 1101 1102
f 1103 1104 1105
f 1106 1107 1108
f 1109 1110 1111
f 1112 1113 1114
f 1115 1116 1117
f 1118 1119 1120
f 1121 1122 1123
f 1121 1123 1124
f 1125 1126 1127
f 1125 1127 1128
f 1129 1130 1131
f 1129 1131 1132
f 1133 1134 1135
f 1133 1135 1136
f 1137 1138 1139
f 1137 1139 1140
f 1141 1142 1143
f 1141 1143 1144
f 1145 1146 1147
f 1145 1147 1148
f 1149 1150 1151
f 1149 1151 1152
f 1153 1154 1155
f 1153 1155 1156
f 1157 1158 1159
f 1157 1159 1160
f 1161 1162 1163
f 1161 1163 1164
f 1165 1166 1167
f 1165 1167 1168
f 1169 1170 1171
f 1169 1171 1172
f 1173 1174 1175
f 1173 1175 1176
f 1177 1178 1179
f 1177 1179 1180
f 1181 1182 1183
f 1181 1183 1184
f 1185 1186 1187
f 1188 1189 1190
f 1191 1192 1193
f 1194 1195 1196
f 1197 1198 1199
f 1200 1201 1202
f 1203 1204 1205
f 1206 1207 1208
f 1209 1210 1211
f 1212 1213 1214
f 1215 1216 1217
f 1218 1219 1220
f 1221 1222 1223
f 1224 1225 1226
f 1227 1228 1229
f 1230 1231 1232
f 1233 1234 1235
f 1233 1235 1236
f 1237 1238 1239
f 1237 1239 1240
f 1241 1242 1243
f 1241 1243 1244
f 1245 1246 1247
f 1245 1247 1248
f 1249 1250 1251
f 1249 1251 1252
f 1253 1254 1255
f 1253 1255 1256
f 1257 1258 1259
f 1257 1259 1260
f 1261 1262 1263
f 1261 1263 1264
f 1265 1266 1267
f 1265 1267 1268
f 1269 1270 1271
f 1269 1271 1272
f 1273 1274 1275
f 1273 1275 1276
f 1277 1278 1279
f 1277 1279 1280
f 1281 1282 1283
f 1281 1283 1284
f 1285 1286 1287
f 1285 1287 1288
f 1289 1290 1291
f 1289 1291 1292
f 1293 1294 1295
f 1293 1295 1296
f 1297 1298 1299
f 1300 1301 1302
f 1303 1304 1305
f 1306 1307 1308
f 1309 1310 1311
f 1312 1313 1314
f 1315 1316 1317
f 1318 1319 1320
f 1321 1322 1323
f 1324 1325 1326
f 1327 1328 1329
f 1330 1331 1332
f 1333 1334 1335
f 1336 1337 1338
f 1339 1340 1341
f 1342 1343 1344
f 1345 1346 1347
f 1345 1347 1348
f 1349 1350 1351
f 1349 1351 1352
f 1353 1354 1355
f 1353 1355 1356
f 1357 1358 1359
f 1357 1359 1360
f 1361 1362 1363
f 1361 1363 1364
f 1365 1366 1367
f 1365 1367 1368
f 1369 1370 1371
f 1369 1371 1372
f 1373 1374 1375
f 1373 1375 1376
f 1377 1378 1379
f 1377 1379 1380
f 1381 1382 1383
f 1381 1383 1384
f 1385 1386 1387
f 1385 1387 1388
f 1389 1390 1391
f 1389 1391 1392
f 1393 1394 1395
f 1393 1395 1396
f 1397 1398 1399
f 1397 1399 1400
f 1401 1402 1403
f 1401 1403 1404
f 1405 1406 1407
f 1405 1407 1408
f 1409 1410 1411
f 1412 1413 1414
f 1415 1416 1417
f 1418 1419 1420
f 1421 1422 1423
f 1424 1425 1426
f 1427 1428 1429
f 1430 1431 1432
f 1433 1434 1435
f 1436 1437 1438
f 1439 1440 1441
f 1442 1443 1444
f 1445 1446 1447
f 1448 1449 1450
f 1451 1452 1453
f 1454 1455 1456
f 1457 1458 1459
f 1457 1459 1460
f 1461 1462 1463
f 1461 1463 1464
f 1465 1466 1467
f 1465 1467 1468
f 1469 1470 1471
f 1469 1471 1472
f 1473 1474 1475
f 1473 1475 1476
f 1477 1478 1479
f 1477 1479 1480
f 1481 1482 1483
f 1481 1483 1484
f 1485 1486 1487
f 1485 1487 1488
f 1489 1490 1491
f 1489 1491 1492
f 1493 1494 1495
f 1493 1495 1496
f 1497 1498 1499
f 1497 1499 1500
f 1501 1502 1503
f 1501 1503 1504
f 1505 1506 1507
f 1505 1507 1508
f 1509 1510 1511
f 1509 1511 1512
f 1513 1514 1515
f 1513 1515 1516
f 1517 1518 1519
f 1517 1519 1520
f 1521 1522 1523
f 1524 1525 1526
f 1527 1528 1529
f 1530 1531 1532
f 1533 1534 1535
f 1536 1537 1538
f 1539 1540 1541
f 1542 1543 1544
f 1545 1546 1547
f 1548 1549 1550
f 1551 1552 1553
f 1554 1555 1556
f 1557 1558 1559
f 1560 1561 1562
f 1563 1564 1565
f 1566 1567 1568
f 1569 1570 1571
f 1569 1571 1572
f 1573 1574 1575
f 1573 1575 1576
f 1577 1578 1579
f 1577 1579 1580
f 1581 1582 1583
f 1581 1583 1584
f 1585 1586 1587
f 1585 1587 1588
f 1589 1590 1591
f 1589 1591 1592
f 1593 1594 1595
f 1593 1595 1596
f 1597 1598 1599
f 1597 1599 1600
f 1601 1602 1603
f 1601 1603 1604
f 1605 1606 1607
f 1605 1607 1608
f 1609 1610 1611
f 1609 1611 1612
f 1613 1614 1615
f 1613 1615 1616
f 1617 1618 1619
f 1617 1619 1620
f 1621 1622 1623
f 1621 1623 1624
f 1625 1626 1627
f 1625 1627 1628
f 1629 1630 1631
f 1629 1631 1632
f 1633 1634 1635
f 1636 1637 1638
f 1639 1640 1641
f 1642 1643 1644
f 1645 1646 1647
f 1648 1649 1650
f 1651 1652 1653
f 1654 1655 1656
f 1657 1658 1659
f 1660 1661 1662
f 1663 1664 1665
f 1666 1667 1668
f 1669 1670 1671
f 1672 1673 1674
f 1675 1676 1677
f 1678 1679 1680
f 1681 1682 1683
f 1681 1683 1684
f 1685 1686 1687
f 1685 1687 1688
f 1689 1690 1691
f 1689 1691 1692
f 1693 1694 1695
f 1693 1695 1696
f 1697 1698 1699
f 1697 1699 1700
f 1701 1702 1703
f 1701 1703 1704
f 1705 1706 1707
f 1705 1707 1708
f 1709 1710 1711
f 1709 1711 1712
f 1713 1714 1715
f 1713 1715 1716
f 1717 1718 1719
f 1717 1719 1720
f 1721 1722 1723
f 1721 1723 1724
f 1725 1726 1727
f 1725 1727 1728
f 1729 1730 1731
f 1729 1731 1732
f 1733 1734 1735
f 1733 1735 1736
f 1737 1738 1739
f 1737 1739 1740
f 1741 1742 1743
f 1741 1743 1744
f 1745 1746 1747
f 1748 1749 1750
f 1751 1752 1753
f 1754 1755 1756
f 1757 1758 1759
f 1760 1761 1762
f 1763 1764 1765
f 1766 1767 1768
f 1769 1770 1771
f 1772 1773 1774
f 1775 1776 1777
f 1778 1779 1780
f 1781 1782 1783
f 1784 1785 1786
f 1787 1788 1789
f 1790 1791 1792
f 1793 1794 1795
f 1793 1795 1796
f 1797 1798 1799
f 1797 1799 1800
f 1801 1802 1803
f 1801 1803 1804
f 1805 1806 1807
f 1805 1807 1808
f 1809 1810 1811
f 1809 1811 1812
f 1813 1814 1815
f 1813 1815 1816
f 1817 1818 1819
f 1817 1819 1820
f 1821 1822 1823
f 1821 1823 1824
f 1825 1826 1827
f 1825 1827 1828
f 1829 1830 1831
f 1829 1831 1832
f 1833 1834 1835
f 1833 1835 1836
f 1837 1838 1839
f 1837 1839 1840
f 1841 1842 1843
f 1841 1843 1844
f 1845 1846 1847
f 1845 1847 1848
f 1849 1850 1851
f 1849 1851 1852
f 1853 1854 1855
f 1853 1855 1856
f 1857 1858 1859
f 1860 1861 1862
f 1863 1864 1865
f 1866 1867 1868
f 1869 1870 1871
f 1872 1873 1874
f 1875 1876 1877
f 1878 1879 1880
f 1881 1882 1883
f 1884 1885 1886
f 1887 1888 1889
f 1890 1891 1892
f 1893 1894 1895
f 1896 1897 1898
f 1899 1900 1901
f 1902 1903 1904
f 1905 1906 1907
f 1905 1907 1908
f 1909 1910 1911
f 1909 1911 1912
f 1913 1914 1915
f 1913 1915 1916
f 1917 1918 1919
f 1917 1919 1920
f 1921 1922 1923
f 1921 1923 1924
f 1925 1926 1927
f 1925 1927 1928
f 1929 1930 1931
f 1929 1931 1932
f 1933 1934 1935
f 1933 1935 1936
f 1937 1938 1939
f 1937 1939 1940
f 1941 1942 1943
f 1941 1943 1944
f 1945 1946 1947
f 1945 1947 1948
f 1949 1950 1951
f 1949 1951 1952
f 1953 1954 1955
f 1953 1955 1956
f 1957 1958 1959
f 1957 1959 1960
f 1961 1962 1963
f 1961 1963 1964
f 1965 1966 1967
f 1965 1967 1968
f 1969 1970 1971
f 1972 1973 1974
f 1975 1976 1977
f 1978 1979 1980
f 1981 1982 1983
f 1984 1985 1986
f 1987 1988 1989
f 1990 1991 1992
f 1993 1994 1995
f 1996 1997 1998
f 1999 2000 2001
f 2002 2003 2004
f 2005 2006 2007
f 2008 2009 2010
f 2011 2012 2013
f 2014 2015 2016
f 2017 2018 2019
f 2017 2019 2020
f 2021 2022 2023
f 2021 2023 2024
f 2025 2026 2027
f 2025 2027 2028
f 2029 2030 2031
f 2029 2031 2032
f 2033 2034 2035
f 2033 2035 2036
f 2037 2038 2039
f 2037 2039 2040
f 2041 2042 2043
f 2041 2043 2044
f 2045 2046 2047
f 2045 2047 2048
f 2049 2050 2051
f 2049 2051 2052
f 2053 2054 2055
f 2053 2055 2056
f 2057 2058 2059
f 2057 2059 2060
f 2061 2062 2063
f 2061 2063 2064
f 2065 2066 2067
f 2065 2067 2068
f 2069 2070 2071
f 2069 2071 2072
f 2073 2074 2075
f 2073 2075 2076
f 2077 2078 2079
f 2077 2079 2080
f 2081 2082 2083
f 2084 2085 2086
f 2087 2088 2089
f 2090 2091 2092
f 2093 2094 2095
f 2096 2097 2098
f 2099 2100 2101
f 2102 2103 2104
f 2105 2106 2107
f 2108 2109 2110
f 2111 2112 2113
f 2114 2115 2116
f 2117 2118 2119
f 2120 2121 2122
f 2123 2124 2125
f 2126 2127 2128
f 2129 2130 2131
f 2129 2131 2132
f 2133 2134 2135
f 2133 2135 2136
f 2137 2138 2139
f 2137 2139 2140
f 2141 2142 2143
f 2141 2143 2144
f 2145 2146 2147
f 2145 2147 2148
f 2149 2150 2151
f 2149 2151 2152
f 2153 2154 2155
f 2153 2155 2156
f 2157 2158 2159
f 2157 2159 2160
f 2161 2162 2163
f 2161 2163 2164
f 2165 2166 2167
f 2165 2167 2168
f 2169 2170 2171
f 2169 2171 2172
f 2173 2174 2175
f 2173 2175 2176
f 2177 2178 2179
f 2177 2179 2180
f 2181 2182 2183
f 2181 2183 2184
f 2185 2186 2187
f 2185 2187 2188
f 2189 2190 2191
f 2189 2191 2192
f 2193 2194 2195
f 2196 2197 2198
f 2199 2200 2201
f 2202 2203 2204
f 2205 2206 2207
f 2208 2209 2210
f 2211 2212 2213
f 2214 2215 2216
f 2217 2218 2219
f 2220 2221 2222
f 2223 2224 2225
f 2226 2227 2228
f 2229 2230 2231
f 2232 2233 2234
f 2235 2236 2237
f 2238 2239 2240
f 2241 2242 2243
f 2241 2243 2244
f 2245 2246 2247
f 2245 2247 2248
f 2249 2250 2251
f 2249 2251 2252
f 2253 2254 2255
f 2253 2255 2256
f 2257 2258 2259
f 2257 2259 2260
f 2261 2262 2263
f 2261 2263 2264
f 2265 2266 2267
f 2265 2267 2268
f 2269 2270 2271
f 2269 2271 2272
f 2273 2274 2275
f 2273 2275 2276
f 2277 2278 2279
f 2277 2279 2280
f 2281 2282 2283
f 2281 2283 2284
f 2285 2286 2287
f 2285 2287 2288
f 2289 2290 2291
f 2289 2291 2292
f 2293 2294 2295
f 2293 2295 2296
f 2297 2298 2299
f 2297 2299 2300
f 2301 2302 2303
f 2301 2303 2304
f 2305 2306 2307
f 2308 2309 2310
f 2311 2312 2313
f 2314 2315 2316
f 2317 2318 2319
f 2320 2321 2322
f 2323 2324 2325
f 2326 2327 2328
f 2329 2330 2331
f 2332 2333 2334
f 2335 2336 2337
f 2338 2339 2340
f 2341 2342 2343
f 2344 2345 2346
f 2347 2348 2349
f 2350 2351 2352
f 2353 2354 2355
f 2353 2355 2356
f 2357 2358 2359
f 2357 2359 2360
f 2361 2362 2363
f 2361 2363 2364
f 2365 2366 2367
f 2365 2367 2368
f 2369 2370 2371
f 2369 2371 2372
f 2373 2374 2375
f 2373 2375 2376
f 2377 2378 2379
f 2377 2379 2380
f 2381 2382 2383
f 2381 2383 2384
f 2385 2386 2387
f 2385 2387 2388
f 2389 2390 2391
f 2389 2391 2392
f 2393 2394 2395
f 2393 2395 2396
f 2397 2398 2399
f 2397 2399 2400
f 2401 2402 2403
f 2401 2403 2404
f 2405 2406 2407
f 2405 2407 2408
f 2409 2410 2411
f 2409 2411 2412
f 2413 2414 2415
f 2413 2415 2416
f 2417 2418 2419
f 2420 2421 2422
f 2423 2424 2425
f 2426 2427 2428
f 2429 2430 2431
f 2432 2433 2434
f 2435 2436 2437
f 2438 2439 2440
f 2441 2442 2443
f 2444 2445 2446
f 2447 2448 2449
f 2450 2451 2452
f 2453 2454 2455
f 2456 2457 2458
f 2459 2460 2461
f 2462 2463 2464
f 2465 2466 2467
f 2465 2467 2468
f 2469 2470 2471
f 2469 2471 2472
f 2473 2474 2475
f 2473 2475 2476
f 2477 2478 2479
f 2477 2479 2480
f 2481 2482 2483
f 2481 2483 2484
f 2485 2486 2487
f 2485 2487 2488
f 2489 2490 2491
f 2489 2491 2492
f 2493 2494 2495
f 2493 2495 2496
f 2497 2498 2499
f 2497 2499 2500
f 2501 2502 2503
f 2501 2503 2504
f 2505 2506 2507
f 2505 2507 2508
f 2509 2510 2511
f 2509 2511 2512
f 2513 2514 2515
f 2513 2515 2516
f 2517 2518 2519
f 2517 2519 2520
f 2521 2522 2523
f 2521 2523 2524
f 2525 2526 2527
f 2525 2527 2528
f 2529 2530 2531
f 2532 2533 2534
f 2535 2536 2537
f 2538 2539 2540
f 2541 2542 2543
f 2544 2545 2546
f 2547 2548 2549
f 2550 2551 2552
f 2553 2554 2555
f 2556 2557 2558
f 2559 2560 2561
f 2562 2563 2564
f 2565 2566 2567
f 2568 2569 2570
f 2571 2572 2573
f 2574 2575 2576
f 2577 2578 2579
f 2577 2579 2580
f 2581 2582 2583
f 2581 2583 2584
f 2585 2586 2587
f 2585 2587 2588
f 2589 2590 2591
f 2589 2591 2592
f 2593 2594 2595
f 2593 2595 2596
f 2597 2598 2599
f 2597 2599 2600
f 2601 2602 2603
f 2601 2603 2604
f 2605 2606 2607
f 2605 2607 2608
f 2609 2610 2611
f 2609 2611 2612
f 2613 2614 2615
f 2613 2615 2616
f 2617 2618 2619
f 2617 2619 2620
f 2621 2622 2623
f 2621 2623 2624
f 2625 2626 2627
f 2625 2627 2628
f 2629 2630 2631
f 2629 2631 2632
f 2633 2634 2635
f 2633 2635 2636
f 2637 2638 2639
f 2637 2639 2640
f 2641 2642 2643
f 2644 2645 2646
f 2647 2648 2649
f 2650 2651 2652
f 2653 2654 2655
f 2656 2657 2658
f 2659 2660 2661
f 2662 2663 2664
f 2665 2666 2667
f 2668 2669 2670
f 2671 2672 2673
f 2674 2675 2676
f 2677 2678 2679
f 2680 2681 2682
f 2683 2684 2685
f 2686 2687 2688
f 2689 2690 2691
f 2689 2691 2692
f 2693 2694 2695
f 2693 2695 2696
f 2697 2698 2699
f 2697 2699 2700
f 2701 2702 2703
f 2701 2703 2704
f 2705 2706 2707
f 2705 2707 2708
f 2709 2710 2711
f 2709 2711 2712
f 2713 2714 2715
f 2713 2715 2716
f 2717 2718 2719
f 2717 2719 2720
f 2721 2722 2723
f 2721 2723 2724
f 2725 2726 2727
f 2725 2727 2728
f 2729 2730 2731
f 2729 2731 2732
f 2733 2734 2735
f 2733 2735 2736
f 2737 2738 2739
f 2737 2739 2740
f 2741 2742 2743
f 2741 2743 2744
f 2745 2746 2747
f 2745 2747 2748
f 2749 2750 2751
f 2749 2751 2752
f 2753 2754 2755
f 2756 2757 2758
f 2759 2760 2761
f 2762 2763 2764
f 2765 2766 2767
f 2768 2769 2770
f 2771 2772 2773
f 2774 2775 2776
f 2777 2778 2779
f 2780 2781 2782
f 2783 2784 2785
f 2786 2787 2788
f 2789 2790 2791
f 2792 2793 2794
f 2795 2796 2797
f 2798 2799 2800
f 2801 2802 2803
f 2801 2803 2804
f 2805 2806 2807
f 2805 2807 2808
f 2809 2810 2811
f 2809 2811 2812
f 2813 2814 2815
f 2813 2815 2816
f 2817 2818 2819
f 2817 2819 2820
f 2821 2822 2823
f 2821 2823 2824
f 2825 2826 2827
f 2825 2827 2828
f 2829 2830 2831
f 2829 2831 2832
f 2833 2834 2835
f 2833 2835 2836
f 2837 2838 2839
f 2837 2839 2840
f 2841 2842 2843
f 2841 2843 2844
f 2845 2846 2847
f 2845 2847 2848
f 2849 2850 2851
f 2849 2851 2852
f 2853 2854 2855
f 2853 2855 2856
f 2857 2858 2859
f 2857 2859 2860
f 2861 2862 2863
f 2861 2863 2864
f 2865 2866 2867
f 2868 2869 2870
f 2871 2872 2873
f 2874 2875 2876
f 2877 2878 2879
f 2880 2881 2882
f 2883 2884 2885
f 2886 2887 2888
f 2889 2890 2891
f 2892 2893 2894
f 2895 2896 2897
f 2898 2899 2900
f 2901 2902 2903
f 2904 2905 2906
f 2907 2908 2909
f 2910 2911 2912
f 2913 2914 2915
f 2913 2915 2916
f 2917 2918 2919
f 2917 2919 2920
f 2921 2922 2923
f 2921 2923 2924
f 2925 2926 2927
f 2925 2927 2928
f 2929 2930 2931
f 2929 2931 2932
f 2933 2934 2935
f 2933 2935 2936
f 2937 2938 2939
f 2937 2939 2940
f 2941 2942 2943
f 2941 2943 2944
f 2945 2946 2947
f 2945 2947 2948
f 2949 2950 2951
f 2949 2951 2952
f 2953 2954 2955
f 2953 2955 2956
f 2957 2958 2959
f 2957 2959 2960
f 2961 2962 2963
f 2961 2963 2964
f 2965 2966 2967
f 2965 2967 2968
f 2969 2970 2971
f 2969 2971 2972
f 2973 2974 2975
f 2973 2975 2976
f 2977 2978 2979
f 2980 2981 2982
f 2983 2984 2985
f 2986 2987 2988
f 2989 2990 2991
f 2992 2993 2994
f 2995 2996 2997
f 2998 2999 3000
f 3001 3002 3003
f 3004 3005 3006
f 3007 3008 3009
f 3010 3011 3012
f 3013 3014 3015
f 3016 3017 3018
f 3019 3020 3021
f 3022 3023 3024
f 3025 3026 3027
f 3025 3027 3028
f 3029 3030 3031
f 3029 3031 3032
f 3033 3034 3035
f 3033 3035 3036
f 3037 3038 3039
f 3037 3039 3040
f 3041 3042 3043
f 3041 3043 3044
f 3045 3046 3047
f 3045 3047 3048
f 3049 3050 3051
f 3049 3051 3052
f 3053 3054 3055
f 3053 3055 3056
f 3057 3058 3059
f 3057 3059 3060
f 3061 3062 3063
f 3061 3063 3064
f 3065 3066 3067
f 3065 3067 3068
f 3069 3070 3071
f 3069 3071 3072
f 3073 3074 3075
f 3073 3075 3076
f 3077 3078 3079
f 3077 3079 3080
f 3081 3082 3083
f 3081 3083 3084
f 3085 3086 3087
f 3085 3087 3088
f 3089 3090 3091
f 3092 3093 3094
f 3095 3096 3097
f 3098 3099 3100
f 3101 3102 3103
f 3104 3105 3106
f 3107 3108 3109
f 3110 3111 3112
f 3113 3114 3115
f 3116 3117 3118
f 3119 3120 3121
f 3122 3123 3124
f 3125 3126 3127
f 3128 3129 3130
f 3131 3132 3133
f 3134 3135 3136
f 3137 3138 3139
f 3137 3139 3140
f 3141 3142 3143
f 3141 3143 3144
f 3145 3146 3147
f 3145 3147 3148
f 3149 3150 3151
f 3149 3151 3152
f 3153 3154 3155
f 3153 3155 3156
f 3157 3158 3159
f 3157 3159 3160
f 3161 3162 3163
f 3161 3163 3164
f 3165 3166 3167
f 3165 3167 3168
f 3169 3170 3171
f 3169 3171 3172
f 3173 3174 3175
f 3173 3175 3176
f 3177 3178 3179
f 3177 3179 3180
f 3181 3182 3183
f 3181 3183 3184
f 3185 3186 3187
f 3185 3187 3188
f 3189 3190 3191
f 3189 3191 3192
f 3193 3194 3195
f 3193 3195 3196
f 3197 3198 3199
f 3197 3199 3200
f 3201 3202 3203
f 3204 3205 3206
f 3207 3208 3209
f 3210 3211 3212
f 3213 3214 3215
f 3216 3217 3218
f 3219 3220 3221
f 3222 3223 3224
f 3225 3226 3227
f 3228 3229 3230
f 3231 3232 3233
f 3234 3235 3236
f 3237 3238 3239
f 3240 3241 3242
f 3243 3244 3245
f 3246 3247 3248
f 3249 3250 3251
f 3249 3251 3252
f 3253 3254 3255
f 3253 3255 3256
f 3257 3258 3259
f 3257 3259 3260
f 3261 3262 3263
f 3261 3263 3264
f 3265 3266 3267
f 3265 3267 3268
f 3269 3270 3271
f 3269 3271 3272
f 3273 3274 3275
f 3273 3275 3276
f 3277 3278 3279
f 3277 3279 3280
f 3281 3282 3283
f 3281 3283 3284
f 3285 3286 3287
f 3285 3287 3288
f 3289 3290 3291
f 3289 3291 3292
f 3293 3294 3295
f 3293 3295 3296
f 3297 3298 3299
f 3297 3299 3300
f 3301 3302 3303
f 3301 3303 3304
f 3305 3306 3307
f 3305 3307 3308
f 3309 3310 3311
f 3309 3311 3312
f 3313 3314 3315
f 3316 3317 3318
f 3319 3320 3321
f 3322 3323 3324
f 3325 3326 3327
f 3328 3329 3330
f 3331 3332 3333
f 3334 3335 3336
f 3337 3338 3339
f 3340 3341 3342
f 3343 3344 3345
f 3346 3347 3348
f 3349 3350 3351
f 3352 3353 3354
f 3355 3356 3357
f 3358 3359 3360
f 3361 3362 3363
f 3361 3363 3364
f 3365 3366 3367
f 3365 3367 3368
f 3369 3370 3371
f 3369 3371 3372
f 3373 3374 3375
f 3373 3375 3376
f 3377 3378 3379
f 3377 3379 3380
f 3381 3382 3383
f 3381 3383 3384
f 3385 3386 3387
f 3385 3387 3388
f 3389 3390 3391
f 3389 3391 3392
f 3393 3394 3395
f 3393 3395 3396
f 3397 3398 3399
f 3397 3399 3400
f 3401 3402 3403
f 3401 3403 3404
f 3405 3406 3407
f 3405 3407 3408
f 3409 3410 3411
f 3409 3411 3412
f 3413 3414 3415
f 3413 3415 3416
f 3417 3418 3419
f 3417 3419 3420
f 3421 3422 3423
f 3421 3423 3424
f 3425 3426 3427
f 3428 3429 3430
f 3431 3432 3433
f 3434 3435 3436
f 3437 3438 3439
f 3440 3441 3442
f 3443 3444 3445
f 3446 3447 3448
f 3449 3450 3451
f 3452 3453 3454
f 3455 3456 3457
f 3458 3459 3460
f 3461 3462 3463
f 3464 3465 3466
f 3467 3468 3469
f 3470 3471 3472
f 3473 3474 3475
f 3473 3475 3476
f 3477 3478 3479
f 3477 3479 3480
f 3481 3482 3483
f 3481 3483 3484
f 3485 3486 3487
f 3485 3487 3488
f 3489 3490 3491
f 3489 3491 3492
f 3493 3494 3495
f 3493 3495 3496
f 3497 3498 3499
f 3497 3499 3500
f 3501 3502 3503
f 3501 3503 3504
f 3505 3506 3507
f 3505 3507 3508
f 3509 3510 3511
f 3509 3511 3512
f 3513 3514 3515
f 3513 3515 3516
f 3517 3518 3519
f 3517 3519 3520
f 3521 3522 3523
f 3521 3523 3524
f 3525 3526 3527
f 3525 3527 3528
f 3529 3530 3531
f 3529 3531 3532
f 3533 3534 3535
f 3533 3535 3536
f 3537 3538 3539
f 3540 3541 3542
f 3543 3544 3545
f 3546 3547 3548
f 3549 3550 3551
f 3552 3553 3554
f 3555 3556 3557
f 3558 3559 3560
f 3561 3562 3563
f 3564 3565 3566
f 3567 3568 3569
f 3570 3571 3572
f 3573 3574 3575
f 3576 3577 3578
f 3579 3580 3581
f 3582 3583 3584
f 3585 3586 3587
f 3585 3587 3588
f 3589 3590 3591
f 3589 3591 3592
f 3593 3594 3595
f 3593 3595 3596
f 3597 3598 3599
f 3597 3599 3600
f 3601 3602 3603
f 3601 3603 3604
f 3605 3606 3607
f 3605 3607 3608
f 3609 3610 3611
f 3609 3611 3612
f 3613 3614 3615
f 3613 3615 3616
f 3617 3618 3619
f 3617 3619 3620
f 3621 3622 3623
f 3621 3623 3624
f 3625 3626 3627
f 3625 3627 3628
f 3629 3630 3631
f 3629 3631 3632
f 3633 3634 3635
f 3633 3635 3636
f 3637 3638 3639
f 3637 3639 3640
f 3641 3642 3643
f 3641 3643 3644
f 3645 3646 3647
f 3645 3647 3648
f 3649 3650 3651
f 3652 3653 3654
f 3655 3656 3657
f 3658 3659 3660
f 3661 3662 3663
f 3664 3665 3666
f 3667 3668 3669
f 3670 3671 3672
f 3673 3674 3675
f 3676 3677 3678
f 3679 3680 3681
f 3682 3683 3684
f 3685 3686 3687
f 3688 3689 3690
f 3691 3692 3693
f 3694 3695 3696
f 3697 3698 3699
f 3697 3699 3700
f 3701 3702 3703
f 3701 3703 3704
f 3705 3706 3707
f 3705 3707 3708
f 3709 3710 3711
f 3709 3711 3712
f 3713 3714 3715
f 3713 3715 3716
f 3717 3718 3719
f 3717 3719 3720
f 3721 3722 3723
f 3721 3723 3724
f 3725 3726 3727
f 3725 3727 3728
f 3729 3730 3731
f 3729 3731 3732
f 3733 3734 3735
f 3733 3735 3736
f 3737 3738 3739
f 3737 3739 3740
f 3741 3742 3743
f 3741 3743 3744
f 3745 3746 3747
f 3745 3747 3748
f 3749 3750 3751
f 3749 3751 3752
f 3753 3754 3755
f 3753 3755 3756
f 3757 3758 3759
f 3757 3759 3760
f 3761 3762 3763
f 3764 3765 3766
f 3767 3768 3769
f 3770 3771 3772
f 3773 3774 3775
f 3776 3777 3778
f 3779 3780 3781
f 3782 3783 3784
f 3785 3786 3787
f 3788 3789 3790
f 3791 3792 3793
f 3794 3795 3796
f 3797 3798 3799
f 3800 3801 3802
f 3803 3804 3805
f 3806 3807 3808
f 3809 3810 3811
f 3809 3811 3812
f 3813 3814 3815
f 3813 3815 3816
f 3817 3818 3819
f 3817 3819 3820
f 3821 3822 3823
f 3821 3823 3824
f 3825 3826 3827
f 3825 3827 3828
f 3829 3830 3831
f 3829 3831 3832
f 3833 3834 3835
f 3833 3835 3836
f 3837 3838 3839
f 3837 3839 3840
f 3841 3842 3843
f 3841 3843 3844
f 3845 3846 3847
f 3845 3847 3848
f 3849 3850 3851
f 3849 3851 3852
f 3853 3854 3855
f 3853 3855 3856
f 3857 3858 3859
f 3857 3859 3860
f 3861 3862 3863
f 3861 3863 3864
f 3865 3866 3867
f 3865 3867 3868
f 3869 3870 3871
f 3869 3871 3872
f 3873 3874 3875
f 3876 3877 3878
f 3879 3880 3881
f 3882 3883 3884
f 3885 3886 3887
f 3888 3889 3890
f 3891 3892 3893
f 3894 3895 3896
f 3897 3898 3899
f 3900 3901 3902
f 3903 3904 3905
f 3906 3907 3908
f 3909 3910 3911
f 3912 3913 3914
f 3915 3916 3917
f 3918 3919 3920
f 3921 3922 3923
f 3921 3923 3924
f 3925 3926 3927
f 3925 3927 3928
f 3929 3930 3931
f 3929 3931 3932
f 3933 3934 3935
f 3933 3935 3936
f 3937 3938 3939
f 3937 3939 3940
f 3941 3942 3943
f 3941 3943 3944
f 3945 3946 3947
f 3945 3947 3948
f 3949 3950 3951
f 3949 3951 3952
f 3953 3954 3955
f 3953 3955 3956
f 3957 3958 3959
f 3957 3959 3960
f 3961 3962 3963
f 3961 3963 3964
f 3965 3966 3967
f 3965 3967 3968
f 3969 3970 3971
f 3969 3971 3972
f 3973 3974 3975
f 3973 3975 3976
f 3977 3978 3979
f 3977 3979 3980
f 3981 3982 3983
f 3981 3983 3984
f 3985 3986 3987
f 3988 3989 3990
f 3991 3992 3993
f 3994 3995 3996
f 3997 3998 3999
f 4000 4001 4002
f 4003 4004 4005
f 4006 4007 4008
f 4009 4010 4011
f 4012 4013 4014
f 4015 4016 4017
f 4018 4019 4020
f 4021 4022 4023
f 4024 4025 4026
f 4027 4028 4029
f 4030 4031 4032
f 4033 4034 4035
f 4033 4035 4036
f 4037 4038 4039
f 4037 4039 4040
f 4041 4042 4043
f 4041 4043 4044
f 4045 4046 4047
f 4045 4047 4048
f 4049 4050 4051
f 4049 4051 4052
f 4053 4054 4055
f 4053 4055 4056
f 4057 4058 4059
f 4057 4059 4060
f 4061 4062 4063
f 4061 4063 4064
f 4065 4066 4067
f 4065 4067 4068
f 4069 4070 4071
f 4069 4071 4072
f 4073 4074 4075
f 4073 4075 4076
f 4077 4078 4079
f 4077 4079 4080
f 4081 4082 4083
f 4081 4083 4084
f 4085 4086 4087
f 4085 4087 4088
f 4089 4090 4091
f 4089 4091 4092
f 4093 4094 4095
f 4093 4095 4096
f 4097 4098 4099
f 4097 4099 4100
f 4101 4102 4103
f 4101 4103 4104
f 4105 4106 4107
f 4105 4107 4108
f 4109 4110 4111
f 4109 4111 4112
f 4113 4114 4115
f 4113 4115 4116
f 4117 4118 4119
f 4117 4119 4120
f 4121 4122 4123
f 4121 4123 4124
f 4125 4126 4127
f 4125 4127 4128
f 4129 4130 4131
f 4129 4131 4132
f 4133 4134 4135
f 4133 4135 4136
f 4137 4138 4139
f 4137 4139 4140
f 4141 4142 4143
f 4141 4143 4144
f 4145 4146 4147
f 4145 4147 4148
f 4149 4150 4151
f 4149 4151 4152
f 4153 4154 4155
f 4153 4155 4156
f 4157 4158 4159
f 4157 4159 4160
f 4161 4162 4163
f 4161 4163 4164
f 4165 4166 4167
f 4165 4167 4168
f 4169 4170 4171
f 4169 4171 4172
f 4173 4174 4175
f 4173 4175 4176
f 4177 4178 4179
f 4177 4179 4180
f 4181 4182 4183
f 4181 4183 4184
f 4185 4186 4187
f 4185 4187 4188
f 4189 4190 4191
f 4189 4191 4192
f 4193 4194 4195
f 4193 4195 4196
f 4197 4198 4199
f 4197 4199 4200
f 4201 4202 4203
f 4201 4203 4204
f 4205 4206 4207
f 4205 4207 4208
f 4209 4210 4211
f 4209 4211 4212
f 4213 4214 4215
f 4213 4215 4216
f 4217 4218 4219
f 4217 4219 4220
f 4221 4222 4223
f 4221 4223 4224
f 4225 4226 4227
f 4225 4227 4228
f 4229 4230 4231
f 4229 4231 4232
f 4233 4234 4235
f 4233 4235 4236
f 4237 4238 4239
f 4237 4239 4240
f 4241 4242 4243
f 4241 4243 4244
f 4245 4246 4247
f 4245 4247 4248
f 4249 4250 4251
f 4249 4251 4252
f 4253 4254 4255
f 4253 4255 4256
f 4257 4258 4259
f 4257 4259 4260
f 4261 4262 4263
f 4261 4263 4264
f 4265 4266 4267
f 4265 4267 4268
f 4269 4270 4271
f 4269 4271 4272
f 4273 4274 4275
f 4273 4275 4276
f 4277 4278 4279
f 4277 4279 4280
f 4281 4282 4283
f 4281 4283 4284
f 4285 4286 4287
f 4285 4287 4288
f 4289 4290 4291
f 4289 4291 4292
f 4293 4294 4295
f 4293 4295 4296
f 4297 4298 4299
f 4297 4299 4300
f 4301 4302 4303
f 4301 4303 4304
f 4305 4306 4307
f 4305 4307 4308
f 4309 4310 4311
f 4309 4311 4312
f 4313 4314 4315
f 4313 4315 4316
f 4317 4318 4319
f 4317 4319 4320
f 4321 4322 4323
f 4321 4323 4324
f 4325 4326 4327
f 4325 4327 4328
f 4329 4330 4331
f 4329 4331 4332
f 4333 4334 4335
f 4333 4335 4336
f 4337 4338 4339
f 4337 4339 4340
f 4341 4342 4343
f 4341 4343 4344
f 4345 4346 4347
f 4345 4347 4348
f 4349 4350 4351
f 4349 4351 4352
f 4353 4354 4355
f 4353 4355 4356
f 4357 4358 4359
f 4357 4359 4360
f 4361 4362 4363
f 4361 4363 4364
f 4365 4366 4367
f 4365 4367 4368
f 4369 4370 4371
f 4369 4371 4372
f 4373 4374 4375
f 4373 4375 4376
f 4377 4378 4379
f 4377 4379 4380
f 4381 4382 4383
f 4381 4383 4384
f 4385 4386 4387
f 4385 4387 4388
f 4389 4390 4391
f 4389 4391 4392
f 4393 4394 4395
f 4393 4395 4396
f 4397 4398 4399
f 4397 4399 4400
f 4401 4402 4403
f 4401 4403 4404
f 4405 4406 4407
f 4405 4407 4408
f 4409 4410 4411
f 4409 4411 4412
f 4413 4414 4415
f 4413 4415 4416
f 4417 4418 4419
f 4417 4419 4420
f 4421 4422 4423
f 4421 4423 4424
f 4425 4426 4427
f 4425 4427 4428
f 4429 4430 4431
f 4429 4431 4432
f 4433 4434 4435
f 4433 4435 4436
f 4437 4438 4439
f 4437 4439 4440
f 4441 4442 4443
f 4441 4443 4444
f 4445 4446 4447
f 4445 4447 4448
f 4449 4450 4451
f 4449 4451 4452
f 4453 4454 4455
f 4453 4455 4456
f 4457 4458 4459
f 4457 4459 4460
f 4461 4462 4463
f 4461 4463 4464
f 4465 4466 4467
f 4465 4467 4468
f 4469 4470 4471
f 4469 4471 4472
f 4473 4474 4475
f 4473 4475 4476
f 4477 4478 4479
f 4477 4479 4480
f 4481 4482 4483
f 4481 4483 4484
f 4485 4486 4487
f 4485 4487 4488
f 4489 4490 4491
f 4489 4491 4492
f 4493 4494 4495
f 4493 4495 4496
f 4497 4498 4499
f 4497 4499 4500
f 4501 4502 4503
f 4501 4503 4504
f 4505 4506 4507
f 4505 4507 4508
f 4509 4510 4511
f 4509 4511 4512
f 4513 4514 4515
f 4513 4515 4516
f 4517 4518 4519
f 4517 4519 4520
f 4521 4522 4523
f 4521 4523 4524
f 4525 4526 4527
f 4525 4527 4528
f 4529 4530 4531
f 4529 4531 4532
f 4533 4534 4535
f 4533 4535 4536
f 4537 4538 4539
f 4537 4539 4540
f 4541 4542 4543
f 4541 4543 4544
f 4545 4546 4547
f 4545 4547 4548
f 4549 4550 4551
f 4549 4551 4552
f 4553 4554 4555
f 4553 4555 4556
f 4557 4558 4559
f 4557 4559 4560
f 4561 4562 4563
f 4561 4563 4564
f 4565 4566 4567
f 4565 4567 4568
f 4569 4570 4571
f 4569 4571 4572
f 4573 4574 4575
f 4573 4575 4576
f 4577 4578 4579
f 4577 4579 4580
f 4581 4582 4583
f 4581 4583 4584
f 4585 4586 4587
f 4585 4587 4588
f 4589 4590 4591
f 4589 4591 4592
f 4593 4594 4595
f 4593 4595 4596
f 4597 4598 4599
f 4597 4599 4600
f 4601 4602 4603
f 4601 4603 4604
f 4605 4606 4607
f 4605 4607 4608
f 4609 4610 4611
f 4609 4611 4612
f 4613 4614 4615
f 4613 4615 4616
f 4617 4618 4619
f 4617 4619 4620
f 4621 4622 4623
f 4621 4623 4624
f 4625 4626 4627
f 4625 4627 4628
f 4629 4630 4631
f 4629 4631 4632
f 4633 4634 4635
f 4633 4635 4636
f 4637 4638 4639
f 4637 4639 4640
f 4641 4642 4643
f 4641 4643 4644
f 4645 4646 4647
f 4645 4647 4648
f 4649 4650 4651
f 4649 4651 4652
f 4653 4654 4655
f 4653 4655 4656
f 4657 4658 4659
f 4657 4659 4660
f 4661 4662 4663
f 4661 4663 4664
f 4665 4666 4667
f 4665 4667 4668
f 4669 4670 4671
f 4669 4671 4672
f 4673 4674 4675
f 4673 4675 4676
f 4677 4678 4679
f 4677 4679 4680
f 4681 4682 4683
f 4681 4683 4684
f 4685 4686 4687
f 4685 4687 4688
f 4689 4690 4691
f 4689 4691 4692
f 4693 4694 4695
f 4693 4695 4696
f 4697 4698 4699
f 4697 4699 4700
f 4701 4702 4703
f 4701 4703 4704
f 4705 4706 4707
f 4705 4707 4708
f 4709 4710 4711
f 4709 4711 4712
f 4713 4714 4715
f 4713 4715 4716
f 4717 4718 4719
f 4717 4719 4720
f 4721 4722 4723
f 4721 4723 4724
f 4725 4726 4727
f 4725 4727 4728
f 4729 4730 4731
f 4729 4731 4732
f 4733 4734 4735
f 4733 4735 4736
f 4737 4738 4739
f 4737 4739 4740
f 4741 4742 4743
f 4741 4743 4744
f 4745 4746 4747
f 4745 4747 4748
f 4749 4750 4751
f 4749 4751 4752
f 4753 4754 4755
f 4753 4755 4756
f 4757 4758 4759
f 4757 4759 4760
f 4761 4762 4763
f 4761 4763 4764
f 4765 4766 4767
f 4765 4767 4768
f 4769 4770 4771
f 4769 4771 4772
f 4773 4774 4775
f 4773 4775 4776
f 4777 4778 4779
f 4777 4779 4780
f 4781 4782 4783
f 4781 4783 4784
f 4785 4786 4787
f 4785 4787 4788
f 4789 4790 4791
f 4789 4791 4792
f 4793 4794 4795
f 4793 4795 4796
f 4797 4798 4799
f 4797 4799 4800
f 4801 4802 4803
f 4801 4803 4804
f 4805 4806 4807
f 4805 4807 4808
f 4809 4810 4811
f 4809 4811 4812
f 4813 4814 4815
f 4813 4815 4816
f 4817 4818 4819
f 4817 4819 4820
f 4821 4822 4823
f 4821 4823 4824
f 4825 4826 4827
f 4825 4827 4828
f 4829 4830 4831
f 4829 4831 4832
f 4833 4834 4835
f 4833 4835 4836
f 4837 4838 4839
f 4837 4839 4840
f 4841 4842 4843
f 4841 4843 4844
f 4845 4846 4847
f 4845 4847 4848
f 4849 4850 4851
f 4849 4851 4852
f 4853 4854 4855
f 4853 4855 4856
f 4857 4858 4859
f 4857 4859 4860
f 4861 4862 4863
f 4861 4863 4864
f 4865 4866 4867
f 4865 4867 4868
f 4869 4870 4871
f 4869 4871 4872
f 4873 4874 4875
f 4873 4875 4876
f 4877 4878 4879
f 4877 4879 4880
f 4881 4882 4883
f 4881 4883 4884
f 4885 4886 4887
f 4885 4887 4888
f 4889 4890 4891
f 4889 4891 4892
f 4893 4894 4895
f 4893 4895 4896
f 4897 4898 4899
f 4897 4899 4900
f 4901 4902 4903
f 4901 4903 4904
f 4905 4906 4907
f 4905 4907 4908
f 4909 4910 4911
f 4909 4911 4912
f 4913 4914 4915
f 4913 4915 4916
f 4917 4918 4919
f 4917 4919 4920
f 4921 4922 4923
f 4921 4923 4924
f 4925 4926 4927
f 4925 4927 4928
f 4929 4930 4931
f 4929 4931 4932
f 4933 4934 4935
f 4933 4935 4936
f 4937 4938 4939
f 4937 4939 4940
f 4941 4942 4943
f 4941 4943 4944
f 4945 4946 4947
f 4945 4947 4948
f 4949 4950 4951
f 4949 4951 4952
f 4953 4954 4955
f 4953 4955 4956
f 4957 4958 4959
f 4957 4959 4960
f 4961 4962 4963
f 4961 4963 4964
f 4965 4966 4967
f 4965 4967 4968
f 4969 4970 4971
f 4969 4971 4972
f 4973 4974 4975
f 4973 4975 4976
f 4977 4978 4979
f 4977 4979 4980
f 4981 4982 4983
f 4981 4983 4984
f 4985 4986 4987
f 4985 4987 4988
f 4989 4990 4991
f 4989 4991 4992
f 4993 4994 4995
f 4993 4995 4996
f 4997 4998 4999
f 4997 4999 5000
f 5001 5002 5003
f 5001 5003 5004
f 5005 5006 5007
f 5005 5007 5008
f 5009 5010 5011
f 5009 5011 5012
f 5013 5014 5015
f 5013 5015 5016
f 5017 5018 5019
f 5017 5019 5020
f 5021 5022 5023
f 5021 5023 5024
f 5025 5026 5027
f 5025 5027 5028
f 5029 5030 5031
f 5029 5031 5032
f 5033 5034 5035
f 5033 5035 5036
f 5037 5038 5039
f 5037 5039 5040
f 5041 5042 5043
f 5041 5043 5044
f 5045 5046 5047
f 5045 5047 5048
f 5049 5050 5051
f 5049 5051 5052
f 5053 5054 5055
f 5053 5055 5056
f 5057 5058 5059
f 5057 5059 5060
f 5061 5062 5063
f 5061 5063 5064
f 5065 5066 5067
f 5065 5067 5068
f 5069 5070 5071
f 5069 5071 5072
f 5073 5074 5075
f 5073 5075 5076
f 5077 5078 5079
f 5077 5079 5080
f 5081 5082 5083
f 5081 5083 5084
f 5085 5086 5087
f 5085 5087 5088
f 5089 5090 5091
f 5089 5091 5092
f 5093 5094 5095
f 5093 5095 5096
f 5097 5098 5099
f 5097 5099 5100
f 5101 5102 5103
f 5101 5103 5104
f 5105 5106 5107
f 5105 5107 5108
f 5109 5110 5111
f 5109 5111 5112
f 5113 5114 5115
f 5113 5115 5116
f 5117 5118 5119
f 5117 5119 5120
f 5121 5122 5123
f 5121 5123 5124
f 5125 5126 5127
f 5125 5127 5128
f 5129 5130 5131
f 5129 5131 5132
f 5133 5134 5135
f 5133 5135 5136
f 5137 5138 5139
f 5137 5139 5140
f 5141 5142 5143
f 5141 5143 5144
f 5145 5146 5147
f 5145 5147 5148
f 5149 5150 5151
f 5149 5151 5152
f 5153 5154 5155
f 5153 5155 5156
f 5157 5158 5159
f 5157 5159 5160
f 5161 5162 5163
f 5161 5163 5164
f 5165 5166 5167
f 5165 5167 5168
f 5169 5170 5171
f 5169 5171 5172
f 5173 5174 5175
f 5173 5175 5176
f 5177 5178 5179
f 5177 5179 5180
f 5181 5182 5183
f 5181 5183 5184
f 5185 5186 5187
f 5185 5187 5188
f 5189 5190 5191
f 5189 5191 5192
f 5193 5194 5195
f 5193 5195 5196
f 5197 5198 5199
f 5197 5199 5200
f 5201 5202 5203
f 5201 5203 5204
f 5205 5206 5207
f 5205 5207 5208
f 5209 5210 5211
f 5209 5211 5212
f 5213 5214 5215
f 5213 5215 5216
f 5217 5218 5219
f 5217 5219 5220
f 5221 5222 5223
f 5221 5223 5224
f 5225 5226 5227
f 5225 5227 5228
f 5229 5230 5231
f 5229 5231 5232
f 5233 5234 5235
f 5233 5235 5236
f 5237 5238 5239
f 5237 5239 5240
f 5241 5242 5243
f 5241 5243 5244
f 5245 5246 5247
f 5245 5247 5248
f 5249 5250 5251
f 5249 5251 5252
f 5253 5254 5255
f 5253 5255 5256
f 5257 5258 5259
f 5257 5259 5260
f 5261 5262 5263
f 5261 5263 5264
f 5265 5266 5267
f 5265 5267 5268
f 5269 5270 5271
f 5269 5271 5272
f 5273 5274 5275
f 5273 5275 5276
f 5277 5278 5279
f 5277 5279 5280
f 5281 5282 5283
f 5281 5283 5284
f 5285 5286 5287
f 5285 5287 5288
f 5289 5290 5291
f 5289 5291 5292
f 5293 5294 5295
f 5293 5295 5296
f 5297 5298 5299
f 5297 5299 5300
f 5301 5302 5303
f 5301 5303 5304
f 5305 5306 5307
f 5305 5307 5308
f 5309 5310 5311
f 5309 5311 5312
f 5313 5314 5315
f 5313 5315 5316
f 5317 5318 5319
f 5317 5319 5320
f 5321 5322 5323
f 5321 5323 5324
f 5325 5326 5327
f 5325 5327 5328
f 5329 5330 5331
f 5329 5331 5332
f 5333 5334 5335
f 5333 5335 5336
f 5337 5338 5339
f 5337 5339 5340
f 5341 5342 5343
f 5341 5343 5344
f 5345 5346 5347
f 5345 5347 5348
f 5349 5350 5351
f 5349 5351 5352
f 5353 5354 5355
f 5353 5355 5356
f 5357 5358 5359
f 5357 5359 5360
f 5361 5362 5363
f 5361 5363 5364
f 5365 5366 5367
f 5365 5367 5368
f 5369 5370 5371
f 5369 5371 5372
f 5373 5374 5375
f 5373 5375 5376
f 5377 5378 5379
f 5377 5379 5380
f 5381 5382 5383
f 5381 5383 5384
f 5385 5386 5387
f 5385 5387 5388
f 5389 5390 5391
f 5389 5391 5392
f 5393 5394 5395
f 5393 5395 5396
f 5397 5398 5399
f 5397 5399 5400
f 5401 5402 5403
f 5401 5403 5404
f 5405 5406 5407
f 5405 5407 5408
f 5409 5410 5411
f 5409 5411 5412
f 5413 5414 5415
f 5413 5415 5416
f 5417 5418 5419
f 5417 5419 5420
f 5421 5422 5423
f 5421 5423 5424
f 5425 5426 5427
f 5425 5427 5428
f 5429 5430 5431
f 5429 5431 5432
f 5433 5434 5435
f 5433 5435 5436
f 5437 5438 5439
f 5437 5439 5440
f 5441 5442 5443
f 5441 5443 5444
f 5445 5446 5447
f 5445 5447 5448
f 5449 5450 5451
f 5449 5451 5452
f 5453 5454 5455
f 5453 5455 5456
f 5457 5458 5459
f 5457 5459 5460
f 5461 5462 5463
f 5461 5463 5464
f 5465 5466 5467
f 5465 5467 5468
f 5469 5470 5471
f 5469 5471 5472
f 5473 5474 5475
f 5473 5475 5476
f 5477 5478 5479
f 5477 5479 5480
f 5481 5482 5483
f 5481 5483 5484
f 5485 5486 5487
f 5485 5487 5488
f 5489 5490 5491
f 5489 5491 5492
f 5493 5494 5495
f 5493 5495 5496
f 5497 5498 5499
f 5497 5499 5500
f 5501 5502 5503
f 5501 5503 5504
f 5505 5506 5507
f 5505 5507 5508
f 5509 5510 5511
f 5509 5511 5512
f 5513 5514 5515
f 5513 5515 5516
f 5517 5518 5519
f 5517 5519 5520
f 5521 5522 5523
f 5521 5523 5524
f 5525 5526 5527
f 5525 5527 5528
f 5529 5530 5531
f 5529 5531 5532
f 5533 5534 5535
f 5533 5535 5536
f 5537 5538 5539
f 5537 5539 5540
f 5541 5542 5543
f 5541 5543 5544
f 5545 5546 5547
f 5545 5547 5548
f 5549 5550 5551
f 5549 5551 5552
f 5553 5554 5555
f 5553 5555 5556
f 5557 5558 5559
f 5557 5559 5560
f 5561 5562 5563
f 5561 5563 5564
f 5565 5566 5567
f 5565 5567 5568
f 5569 5570 5571
f 5569 5571 5572
f 5573 5574 5575
f 5573 5575 5576
f 5577 5578 5579
f 5577 5579 5580
f 5581 5582 5583
f 5581 5583 5584
f 5585 5586 5587
f 5585 5587 5588
f 5589 5590 5591
f 5589 5591 5592
f 5593 5594 5595
f 5593 5595 5596
f 5597 5598 5599
f 5597 5599 5600
f 5601 5602 5603
f 5601 5603 5604
f 5605 5606 5607
f 5605 5607 5608
f 5609 5610 5611
f 5609 5611 5612
f 5613 5614 5615
f 5613 5615 5616
f 5617 5618 5619
f 5617 5619 5620
f 5621 5622 5623
f 5621 5623 5624
f 5625 5626 5627
f 5625 5627 5628
f 5629 5630 5631
f 5629 5631 5632
f 5633 5634 5635
f 5633 5635 5636
f 5637 5638 5639
f 5637 5639 5640
f 5641 5642 5643
f 5641 5643 5644
f 5645 5646 5647
f 5645 5647 5648
f 5649 5650 5651
f 5649 5651 5652
f 5653 5654 5655
f 5653 5655 5656
f 5657 5658 5659
f 5657 5659 5660
f 5661 5662 5663
f 5661 5663 5664
f 5665 5666 5667
f 5665 5667 5668
f 5669 5670 5671
f 5669 5671 5672
f 5673 5674 5675
f 5673 5675 5676
f 5677 5678 5679
f 5677 5679 5680
f 5681 5682 5683
f 5681 5683 5684
f 5685 5686 5687
f 5685 5687 5688
f 5689 5690 5691
f 5689 5691 5692
f 5693 5694 5695
f 5693 5695 5696
f 5697 5698 5699
f 5697 5699 5700
f 5701 5702 5703
f 5701 5703 5704
f 5705 5706 5707
f 5705 5707 5708
f 5709 5710 5711
f 5709 5711 5712
f 5713 5714 5715
f 5713 5715 5716
f 5717 5718 5719
f 5717 5719 5720
f 5721 5722 5723
f 5721 5723 5724
f 5725 5726 5727
f 5725 5727 5728
f 5729 5730 5731
f 5729 5731 5732
f 5733 5734 5735
f 5733 5735 5736
f 5737 5738 5739
f 5737 5739 5740
f 5741 5742 5743
f 5741 5743 5744
f 5745 5746 5747
f 5745 5747 5748
f 5749 5750 5751
f 5749 5751 5752
f 5753 5754 5755
f 5753 5755 5756
f 5757 5758 5759
f 5757 5759 5760
f 5761 5762 5763
f 5761 5763 5764
f 5765 5766 5767
f 5765 5767 5768
f 5769 5770 5771
f 5769 5771 5772
f 5773 5774 5775
f 5773 5775 5776
f 5777 5778 5779
f 5777 5779 5780
f 5781 5782 5783
f 5781 5783 5784
f 5785 5786 5787
f 5785 5787 5788
f 5789 5790 5791
f 5789 5791 5792
f 5793 5794 5795
f 5793 5795 5796
f 5797 5798 5799
f 5797 5799 5800
f 5801 5802 5803
f 5801 5803 5804
f 5805 5806 5807
f 5805 5807 5808
f 5809 5810 5811
f 5809 5811 5812
f 5813 5814 5815
f 5813 5815 5816
f 5817 5818 5819
f 5817 5819 5820
f 5821 5822 5823
f 5821 5823 5824
f 5825 5826 5827
f 5825 5827 5828
f 5829 5830 5831
f 5829 5831 5832
f 5833 5834 5835
f 5833 5835 5836
f 5837 5838 5839
f 5837 5839 5840
f 5841 5842 5843
f 5841 5843 5844
f 5845 5846 5847
f 5845 5847 5848
f 5849 5850 5851
f 5849 5851 5852
f 5853 5854 5855
f 5853 5855 5856
f 5857 5858 5859
f 5857 5859 5860
f 5861 5862 5863
f 5861 5863 5864
f 5865 5866 5867
f 5865 5867 5868
f 5869 5870 5871
f 5869 5871 5872
f 5873 5874 5875
f 5873 5875 5876
f 5877 5878 5879
f 5877 5879 5880
f 5881 5882 5883
f 5881 5883 5884
f 5885 5886 5887
f 5885 5887 5888
f 5889 5890 5891
f 5889 5891 5892
f 5893 5894 5895
f 5893 5895 5896
f 5897 5898 5899
f 5897 5899 5900
f 5901 5902 5903
f 5901 5903 5904
f 5905 5906 5907
f 5905 5907 5908
f 5909 5910 5911
f 5909 5911 5912
f 5913 5914 5915
f 5913 5915 5916
f 5917 5918 5919
f 5917 5919 5920
f 5921 5922 5923
f 5921 5923 5924
f 5925 5926 5927
f 5925 5927 5928
f 5929 5930 5931
f 5929 5931 5932
f 5933 5934 5935
f 5933 5935 5936
f 5937 5938 5939
f 5937 5939 5940
f 5941 5942 5943
f 5941 5943 5944
f 5945 5946 5947
f 5945 5947 5948
f 5949 5950 5951
f 5949 5951 5952
f 5953 5954 5955
f 5953 5955 5956
f 5957 5958 5959
f 5957 5959 5960
f 5961 5962 5963
f 5961 5963 5964
f 5965 5966 5967
f 5965 5967 5968
f 5969 5970 5971
f 5969 5971 5972
f 5973 5974 5975
f 5973 5975 5976
f 5977 5978 5979
f 5977 5979 5980
f 5981 5982 5983
f 5981 5983 5984
f 5985 5986 5987
f 5985 5987 5988
f 5989 5990 5991
f 5989 5991 5992
f 5993 5994 5995
f 5993 5995 5996
f 5997 5998 5999
f 5997 5999 6000
f 6001 6002 6003
f 6001 6003 6004
f 6005 6006 6007
f 6005 6007 6008
f 6009 6010 6011
f 6009 6011 6012
f 6013 6014 6015
f 6013 6015 6016
f 6017 6018 6019
f 6017 6019 6020
f 6021 6022 6023
f 6021 6023 6024
f 6025 6026 6027
f 6025 6027 6028
f 6029 6030 6031
f 6029 6031 6032
f 6033 6034 6035
f 6033 6035 6036
f 6037 6038 6039
f 6037 6039 6040
f 6041 6042 6043
f 6041 6043 6044
f 6045 6046 6047
f 6045 6047 6048
f 6049 6050 6051
f 6049 6051 6052
f 6053 6054 6055
f 6053 6055 6056
f 6057 6058 6059
f 6057 6059 6060
f 6061 6062 6063
f 6061 6063 6064
f 6065 6066 6067
f 6065 6067 6068
f 6069 6070 6071
f 6069 6071 6072
f 6073 6074 6075
f 6073 6075 6076
f 6077 6078 6079
f 6077 6079 6080
f 6081 6082 6083
f 6081 6083 6084
f 6085 6086 6087
f 6085 6087 6088
f 6089 6090 6091
f 6089 6091 6092
f 6093 6094 6095
f 6093 6095 6096
f 6097 6098 6099
f 6097 6099 6100
f 6101 6102 6103
f 6101 6103 6104
f 6105 6106 6107
f 6105 6107 6108
f 6109 6110 6111
f 6109 6111 6112
f 6113 6114 6115
f 6113 6115 6116
f 6117 6118 6119
f 6117 6119 6120
f 6121 6122 6123
f 6121 6123 6124
f 6125 6126 6127
f 6125 6127 6128
f 6129 6130 6131
f 6129 6131 6132
f 6133 6134 6135
f 6133 6135 6136
f 6137 6138 6139
f 6137 6139 6140
f 6141 6142 6143
f 6141 6143 6144
f 6145 6146 6147
f 6145 6147 6148
f 6149 6150 6151
f 6149 6151 6152
f 6153 6154 6155
f 6153 6155 6156
f 6157 6158 6159
f 6157 6159 6160
f 6161 6162 6163
f 6161 6163 6164
f 6165 6166 6167
f 6165 6167 6168
f 6169 6170 6171
f 6169 6171 6172
f 6173 6174 6175
f 6173 6175 6176
f 6177 6178 6179
f 6177 6179 6180
f 6181 6182 6183
f 6181 6183 6184
f 6185 6186 6187
f 6185 6187 6188
f 6189 6190 6191
f 6189 6191 6192
f 6193 6194 6195
f 6193 6195 6196
f 6197 6198 6199
f 6197 6199 6200
f 6201 6202 6203
f 6201 6203 6204
f 6205 6206 6207
f 6205 6207 6208
f 6209 6210 6211
f 6209 6211 6212
f 6213 6214 6215
f 6213 6215 6216
f 6217 6218 6219
f 6217 6219 6220
f 6221 6222 6223
f 6221 6223 6224
f 6225 6226 6227
f 6225 6227 6228
f 6229 6230 6231
f 6229 6231 6232
f 6233 6234 6235
f 6233 6235 6236
f 6237 6238 6239
f 6237 6239 6240
f 6241 6242 6243
f 6241 6243 6244
f 6245 6246 6247
f 6245 6247 6248
f 6249 6250 6251
f 6249 6251 6252
f 6253 6254 6255
f 6253 6255 6256
f 6257 6258 6259
f 6257 6259 6260
f 6261 6262 6263
f 6261 6263 6264
f 6265 6266 6267
f 6265 6267 6268
f 6269 6270 6271
f 6269 6271 6272
f 6273 6274 6275
f 6273 6275 6276
f 6277 6278 6279
f 6277 6279 6280
f 6281 6282 6283
f 6281 6283 6284
f 6285 6286 6287
f 6285 6287 6288
f 6289 6290 6291
f 6289 6291 6292
f 6293 6294 6295
f 6293 6295 6296
f 6297 6298 6299
f 6297 6299 6300
f 6301 6302 6303
f 6301 6303 6304
f 6305 6306 6307
f 6305 6307 6308
f 6309 6310 6311
f 6309 6311 6312
f 6313 6314 6315
f 6313 6315 6316
f 6317 6318 6319
f 6317 6319 6320
f 6321 6322 6323
f 6321 6323 6324
f 6325 6326 6327
f 6325 6327 6328
f 6329 6330 6331
f 6329 6331 6332
f 6333 6334 6335
f 6333 6335 6336
f 6337 6338 6339
f 6337 6339 6340
f 6341 6342 6343
f 6341 6343 6344
f 6345 6346 6347
f 6345 6347 6348
f 6349 6350 6351
f 6349 6351 6352
f 6353 6354 6355
f 6353 6355 6356
f 6357 6358 6359
f 6357 6359 6360
f 6361 6362 6363
f 6361 6363 6364
f 6365 6366 6367
f 6365 6367 6368
f 6369 6370 6371
f 6369 6371 6372
f 6373 6374 6375
f 6373 6375 6376
f 6377 6378 6379
f 6377 6379 6380
f 6381 6382 6383
f 6381 6383 6384
f 6385 6386 6387
f 6385 6387 6388
f 6389 6390 6391
f 6389 6391 6392
f 6393 6394 6395
f 6393 6395 6396
f 6397 6398 6399
f 6397 6399 6400
f 6401 6402 6403
f 6401 6403 6404
f 6405 6406 6407
f 6405 6407 6408
f 6409 6410 6411
f 6409 6411 6412
f 6413 6414 6415
f 6413 6415 6416
f 6417 6418 6419
f 6417 6419 6420
f 6421 6422 6423
f 6421 6423 6424
f 6425 6426 6427
f 6425 6427 6428
f 6429 6430 6431
f 6429 6431 6432
f 6433 6434 6435
f 6433 6435 6436
f 6437 6438 6439
f 6437 6439 6440
f 6441 6442 6443
f 6441 6443 6444
f 6445 6446 6447
f 6445 6447 6448
f 6449 6450 6451
f 6449 6451 6452
f 6453 6454 6455
f 6453 6455 6456
f 6457 6458 6459
f 6457 6459 6460
f 6461 6462 6463
f 6461 6463 6464
f 6465 6466 6467
f 6465 6467 6468
f 6469 6470 6471
f 6469 6471 6472
f 6473 6474 6475
f 6473 6475 6476
f 6477 6478 6479
f 6477 6479 6480
f 6481 6482 6483
f 6481 6483 6484
f 6485 6486 6487
f 6485 6487 6488
f 6489 6490 6491
f 6489 6491 6492
f 6493 6494 6495
f 6493 6495 6496
f 6497 6498 6499
f 6497 6499 6500
f 6501 6502 6503
f 6501 6503 6504
f 6505 6506 6507
f 6505 6507 6508
f 6509 6510 6511
f 6509 6511 6512
f 6513 6514 6515
f 6513 6515 6516
f 6517 6518 6519
f 6517 6519 6520
f 6521 6522 6523
f 6521 6523 6524
f 6525 6526 6527
f 6525 6527 6528
f 6529 6530 6531
f 6529 6531 6532
f 6533 6534 6535
f 6533 6535 6536
f 6537 6538 6539
f 6537 6539 6540
f 6541 6542 6543
f 6541 6543 6544
f 6545 6546 6547
f 6545 6547 6548
f 6549 6550 6551
f 6549 6551 6552
f 6553 6554 6555
f 6553 6555 6556
f 6557 6558 6559
f 6557 6559 6560
f 6561 6562 6563
f 6561 6563 6564
f 6565 6566 6567
f 6565 6567 6568
f 6569 6570 6571
f 6569 6571 6572
f 6573 6574 6575
f 6573 6575 6576
f 6577 6578 6579
f 6577 6579 6580
f 6581 6582 6583
f 6581 6583 6584
f 6585 6586 6587
f 6585 6587 6588
f 6589 6590 6591
f 6589 6591 6592
f 6593 6594 6595
f 6593 6595 6596
f 6597 6598 6599
f 6597 6599 6600
f 6601 6602 6603
f 6601 6603 6604
f 6605 6606 6607
f 6605 6607 6608
f 6609 6610 6611
f 6609 6611 6612
f 6613 6614 6615
f 6613 6615 6616
f 6617 6618 6619
f 6617 6619 6620
f 6621 6622 6623
f 6621 6623 6624
f 6625 6626 6627
f 6625 6627 6628
f 6629 6630 6631
f 6629 6631 6632
f 6633 6634 6635
f 6633 6635 6636
f 6637 6638 6639
f 6637 6639 6640
f 6641 6642 6643
f 6641 6643 6644
f 6645 6646 6647
f 6645 6647 6648
f 6649 6650 6651
f 6649 6651 6652
f 6653 6654 6655
f 6653 6655 6656
f 6657 6658 6659
f 6657 6659 6660
f 6661 6662 6663
f 6661 6663 6664
f 6665 6666 6667
f 6665 6667 6668
f 6669 6670 6671
f 6669 6671 6672
f 6673 6674 6675
f 6673 6675 6676
f 6677 6678 6679
f 6677 6679 6680
f 6681 6682 6683
f 6681 6683 6684
f 6685 6686 6687
f 6685 6687 6688
f 6689 6690 6691
f 6689 6691 6692
f 6693 6694 6695
f 6693 6695 6696
f 6697 6698 6699
f 6697 6699 6700
f 6701 6702 6703
f 6701 6703 6704
f 6705 6706 6707
f 6705 6707 6708
f 6709 6710 6711
f 6709 6711 6712
f 6713 6714 6715
f 6713 6715 6716
f 6717 6718 6719
f 6717 6719 6720
f 6721 6722 6723
f 6721 6723 6724
f 6725 6726 6727
f 6725 6727 6728
f 6729 6730 6731
f 6729 6731 6732
f 6733 6734 6735
f 6733 6735 6736
f 6737 6738 6739
f 6737 6739 6740
f 6741 6742 6743
f 6741 6743 6744
f 6745 6746 6747
f 6745 6747 6748
f 6749 6750 6751
f 6749 6751 6752
f 6753 6754 6755
f 6753 6755 6756
f 6757 6758 6759
f 6757 6759 6760
f 6761 6762 6763
f 6761 6763 6764
f 6765 6766 6767
f 6765 6767 6768
f 6769 6770 6771
f 6769 6771 6772
f 6773 6774 6775
f 6773 6775 6776
f 6777 6778 6779
f 6777 6779 6780
f 6781 6782 6783
f 6781 6783 6784
f 6785 6786 6787
f 6785 6787 6788
f 6789 6790 6791
f 6789 6791 6792
f 6793 6794 6795
f 6793 6795 6796
f 6797 6798 6799
f 6797 6799 6800
f 6801 6802 6803
f 6801 6803 6804
f 6805 6806 6807
f 6805 6807 6808
f 6809 6810 6811
f 6809 6811 6812
f 6813 6814 6815
f 6813 6815 6816
f 6817 6818 6819
f 6817 6819 6820
f 6821 6822 6823
f 6821 6823 6824
f 6825 6826 6827
f 6825 6827 6828
f 6829 6830 6831
f 6829 6831 6832
f 6833 6834 6835
f 6833 6835 6836
f 6837 6838 6839
f 6837 6839 6840
f 6841 6842 6843
f 6841 6843 6844
f 6845 6846 6847
f 6845 6847 6848
f 6849 6850 6851
f 6849 6851 6852
f 6853 6854 6855
f 6853 6855 6856
f 6857 6858 6859
f 6857 6859 6860
f 6861 6862 6863
f 6861 6863 6864
f 6865 6866 6867
f 6865 6867 6868
f 6869 6870 6871
f 6869 6871 6872
f 6873 6874 6875
f 6873 6875 6876
f 6877 6878 6879
f 6877 6879 6880
f 6881 6882 6883
f 6881 6883 6884
f 6885 6886 6887
f 6885 6887 6888
f 6889 6890 6891
f 6889 6891 6892
f 6893 6894 6895
f 6893 6895 6896
f 6897 6898 6899
f 6897 6899 6900
f 6901 6902 6903
f 6901 6903 6904
f 6905 6906 6907
f 6905 6907 6908
f 6909 6910 6911
f 6909 6911 6912
f 6913 6914 6915
f 6913 6915 6916
f 6917 6918 6919
f 6917 6919 6920
f 6921 6922 6923
f 6921 6923 6924
f 6925 6926 6927
f 6925 6927 6928
f 6929 6930 6931
f 6929 6931 6932
f 6933 6934 6935
f 6933 6935 6936
f 6937 6938 6939
f 6937 6939 6940
f 6941 6942 6943
f 6941 6943 6944
f 6945 6946 6947
f 6945 6947 6948
f 6949 6950 6951
f 6949 6951 6952
f 6953 6954 6955
f 6953 6955 6956
f 6957 6958 6959
f 6957 6959 6960
f 6961 6962 6963
f 6961 6963 6964
f 6965 6966 6967
f 6965 6967 6968
f 6969 6970 6971
f 6969 6971 6972
f 6973 6974 6975
f 6973 6975 6976
f 6977 6978 6979
f 6977 6979 6980
f 6981 6982 6983
f 6981 6983 6984
f 6985 6986 6987
f 6985 6987 6988
f 6989 6990 6991
f 6989 6991 6992
f 6993 6994 6995
f 6993 6995 6996
f 6997 6998 6999
f 6997 6999 7000
f 7001 7002 7003
f 7001 7003 7004
f 7005 7006 7007
f 7005 7007 7008
f 7009 7010 7011
f 7009 7011 7012
f 7013 7014 7015
f 7013 7015 7016
f 7017 7018 7019
f 7017 7019 7020
f 7021 7022 7023
f 7021 7023 7024
f 7025 7026 7027
f 7025 7027 7028
f 7029 7030 7031
f 7029 7031 7032
f 7033 7034 7035
f 7033 7035 7036
f 7037 7038 7039
f 7037 7039 7040
f 7041 7042 7043
f 7041 7043 7044
f 7045 7046 7047
f 7045 7047 7048
f 7049 7050 7051
f 7049 7051 7052
f 7053 7054 7055
f 7053 7055 7056
f 7057 7058 7059
f 7057 7059 7060
f 7061 7062 7063
f 7061 7063 7064
f 7065 7066 7067
f 7065 7067 7068
f 7069 7070 7071
f 7069 7071 7072
f 7073 7074 7075
f 7073 7075 7076
f 7077 7078 7079
f 7077 7079 7080
f 7081 7082 7083
f 7081 7083 7084
f 7085 7086 7087
f 7085 7087 7088
f 7089 7090 7091
f 7089 7091 7092
f 7093 7094 7095
f 7093 7095 7096
f 7097 7098 7099
f 7097 7099 7100
f 7101 7102 7103
f 7101 7103 7104
f 7105 7106 7107
f 7105 7107 7108
f 7109 7110 7111
f 7109 7111 7112
f 7113 7114 7115
f 7113 7115 7116
f 7117 7118 7119
f 7117 7119 7120
f 7121 7122 7123
f 7121 7123 7124
f 7125 7126 7127
f 7125 7127 7128
f 7129 7130 7131
f 7129 7131 7132
f 7133 7134 7135
f 7133 7135 7136
f 7137 7138 7139
f 7137 7139 7140
f 7141 7142 7143
f 7141 7143 7144
f 7145 7146 7147
f 7145 7147 7148
f 7149 7150 7151
f 7149 7151 7152
f 7153 7154 7155
f 7153 7155 7156
f 7157 7158 7159
f 7157 7159 7160
f 7161 7162 7163
f 7161 7163 7164
f 7165 7166 7167
f 7165 7167 7168
f 7169 7170 7171
f 7169 7171 7172
f 7173 7174 7175
f 7173 7175 7176
f 7177 7178 7179
f 7177 7179 7180
f 7181 7182 7183
f 7181 7183 7184
f 7185 7186 7187
f 7185 7187 7188
f 7189 7190 7191
f 7189 7191 7192
f 7193 7194 7195
f 7193 7195 7196
f 7197 7198 7199
f 7197 7199 7200
f 7201 7202 7203
f 7201 7203 7204
f 7205 7206 7207
f 7205 7207 7208
f 7209 7210 7211
f 7209 7211 7212
f 7213 7214 7215
f 7213 7215 7216
f 7217 7218 7219
f 7217 7219 7220
f 7221 7222 7223
f 7221 7223 7224
f 7225 7226 7227
f 7225 7227 7228
f 7229 7230 7231
f 7229 7231 7232
f 7233 7234 7235
f 7233 7235 7236
f 7237 7238 7239
f 7237 7239 7240
f 7241 7242 7243
f 7241 7243 7244
f 7245 7246 7247
f 7245 7247 7248
f 7249 7250 7251
f 7249 7251 7252
f 7253 7254 7255
f 7253 7255 7256
f 7257 7258 7259
f 7257 7259 7260
f 7261 7262 7263
f 7261 7263 7264
f 7265 7266 7267
f 7265 7267 7268
f 7269 7270 7271
f 7269 7271 7272
f 7273 7274 7275
f 7273 7275 7276
f 7277 7278 7279
f 7277 7279 7280
f 7281 7282 7283
f 7281 7283 7284
f 7285 7286 7287
f 7285 7287 7288
f 7289 7290 7291
f 7289 7291 7292
f 7293 7294 7295
f 7293 7295 7296
f 7297 7298 7299
f 7297 7299 7300
f 7301 7302 7303
f 7301 7303 7304
f 7305 7306 7307
f 7305 7307 7308
f 7309 7310 7311
f 7309 7311 7312
f 7313 7314 7315
f 7313 7315 7316
f 7317 7318 7319
f 7317 7319 7320
f 7321 7322 7323
f 7321 7323 7324
f 7325 7326 7327
f 7325 7327 7328
f 7329 7330 7331
f 7329 7331 7332
f 7333 7334 7335
f 7333 7335 7336
f 7337 7338 7339
f 7337 7339 7340
f 7341 7342 7343
f 7341 7343 7344
f 7345 7346 7347
f 7345 7347 7348
f 7349 7350 7351
f 7349 7351 7352
f 7353 7354 7355
f 7353 7355 7356
f 7357 7358 7359
f 7357 7359 7360
f 7361 7362 7363
f 7361 7363 7364
f 7365 7366 7367
f 7365 7367 7368
f 7369 7370 7371
f 7369 7371 7372
f 7373 7374 7375
f 7373 7375 7376
f 7377 7378 7379
f 7377 7379 7380
f 7381 7382 7383
f 7381 7383 7384
f 7385 7386 7387
f 7385 7387 7388
f 7389 7390 7391
f 7389 7391 7392
f 7393 7394 7395
f 7393 7395 7396
f 7397 7398 7399
f 7397 7399 7400
f 7401 7402 7403
f 7401 7403 7404
f 7405 7406 7407
f 7405 7407 7408
f 7409 7410 7411
f 7409 7411 7412
f 7413 7414 7415
f 7413 7415 7416
f 7417 7418 7419
f 7417 7419 7420
f 7421 7422 7423
f 7421 7423 7424
f 7425 7426 7427
f 7425 7427 7428
f 7429 7430 7431
f 7429 7431 7432
f 7433 7434 7435
f 7433 7435 7436
f 7437 7438 7439
f 7437 7439 7440
f 7441 7442 7443
f 7441 7443 7444
f 7445 7446 7447
f 7445 7447 7448
f 7449 7450 7451
f 7449 7451 7452
f 7453 7454 7455
f 7453 7455 7456
f 7457 7458 7459
f 7457 7459 7460
f 7461 7462 7463
f 7461 7463 7464
f 7465 7466 7467
f 7465 7467 7468
f 7469 7470 7471
f 7469 7471 7472
f 7473 7474 7475
f 7473 7475 7476
f 7477 7478 7479
f 7477 7479 7480
f 7481 7482 7483
f 7481 7483 7484
f 7485 7486 7487
f 7485 7487 7488
f 7489 7490 7491
f 7489 7491 7492
f 7493 7494 7495
f 7493 7495 7496
f 7497 7498 7499
f 7497 7499 7500
f 7501 7502 7503
f 7501 7503 7504
f 7505 7506 7507
f 7505 7507 7508
f 7509 7510 7511
f 7509 7511 7512
f 7513 7514 7515
f 7513 7515 7516
f 7517 7518 7519
f 7517 7519 7520
f 7521 7522 7523
f 7521 7523 7524
f 7525 7526 7527
f 7525 7527 7528
f 7529 7530 7531
f 7529 7531 7532
f 7533 7534 7535
f 7533 7535 7536
f 7537 7538 7539
f 7537 7539 7540
f 7541 7542 7543
f 7541 7543 7544
f 7545 7546 7547
f 7545 7547 7548
f 7549 7550 7551
f 7549 7551 7552
f 7553 7554 7555
f 7553 7555 7556
f 7557 7558 7559
f 7557 7559 7560
f 7561 7562 7563
f 7561 7563 7564
f 7565 7566 7567
f 7565 7567 7568
f 7569 7570 7571
f 7569 7571 7572
f 7573 7574 7575
f 7573 7575 7576
f 7577 7578 7579
f 7577 7579 7580
f 7581 7582 7583
f 7581 7583 7584
f 7585 7586 7587
f 7585 7587 7588
f 7589 7590 7591
f 7589 7591 7592
f 7593 7594 7595
f 7593 7595 7596
f 7597 7598 7599
f 7597 7599 7600
f 7601 7602 7603
f 7601 7603 7604
f 7605 7606 7607
f 7605 7607 7608
f 7609 7610 7611
f 7609 7611 7612
f 7613 7614 7615
f 7613 7615 7616
f 7617 7618 7619
f 7617 7619 7620
f 7621 7622 7623
f 7621 7623 7624
f 7625 7626 7627
f 7625 7627 7628
f 7629 7630 7631
f 7629 7631 7632
f 7633 7634 7635
f 7633 7635 7636
f 7637 7638 7639
f 7637 7639 7640
f 7641 7642 7643
f 7641 7643 7644
f 7645 7646 7647
f 7645 7647 7648
f 7649 7650 7651
f 7649 7651 7652
f 7653 7654 7655
f 7653 7655 7656
f 7657 7658 7659
f 7657 7659 7660
f 7661 7662 7663
f 7661 7663 7664
f 7665 7666 7667
f 7665 7667 7668
f 7669 7670 7671
f 7669 7671 7672
f 7673 7674 7675
f 7673 7675 7676
f 7677 7678 7679
f 7677 7679 7680
f 7681 7682 7683
f 7681 7683 7684
f 7685 7686 7687
f 7685 7687 7688
f 7689 7690 7691
f 7689 7691 7692
f 7693 7694 7695
f 7693 7695 7696
f 7697 7698 7699
f 7697 7699 7700
f 7701 7702 7703
f 7701 7703 7704
f 7705 7706 7707
f 7705 7707 7708
f 7709 7710 7711
f 7709 7711 7712
f 7713 7714 7715
f 7713 7715 7716
f 7717 7718 7719
f 7717 7719 7720
f 7721 7722 7723
f 7721 7723 7724
f 7725 7726 7727
f 7725 7727 7728
f 7729 7730 7731
f 7729 7731 7732
f 7733 7734 7735
f 7733 7735 7736
f 7737 7738 7739
f 7737 7739 7740
f 7741 7742 7743
f 7741 7743 7744
f 7745 7746 7747
f 7745 7747 7748
f 7749 7750 7751
f 7749 7751 7752
f 7753 7754 7755
f 7753 7755 7756
f 7757 7758 7759
f 7757 7759 7760
f 7761 7762 7763
f 7761 7763 7764
f 7765 7766 7767
f 7765 7767 7768
f 7769 7770 7771
f 7769 7771 7772
f 7773 7774 7775
f 7773 7775 7776
f 7777 7778 7779
f 7777 7779 7780
f 7781 7782 7783
f 7781 7783 7784
f 7785 7786 7787
f 7785 7787 7788
f 7789 7790 7791
f 7789 7791 7792
f 7793 7794 7795
f 7793 7795 7796
f 7797 7798 7799
f 7797 7799 7800
f 7801 7802 7803
f 7801 7803 7804
f 7805 7806 7807
f 7805 7807 7808
f 7809 7810 7811
f 7809 7811 7812
f 7813 7814 7815
f 7813 7815 7816
f 7817 7818 7819
f 7817 7819 7820
f 7821 7822 7823
f 7821 7823 7824
f 7825 7826 7827
f 7825 7827 7828
f 7829 7830 7831
f 7829 7831 7832
f 7833 7834 7835
f 7833 7835 7836
f 7837 7838 7839
f 7837 7839 7840
f 7841 7842 7843
f 7841 7843 7844
f 7845 7846 7847
f 7845 7847 7848
f 7849 7850 7851
f 7849 7851 7852
f 7853 7854 7855
f 7853 7855 7856
f 7857 7858 7859
f 7857 7859 7860
f 7861 7862 7863
f 7861 7863 7864
f 7865 7866 7867
f 7865 7867 7868
f 7869 7870 7871
f 7869 7871 7872
f 7873 7874 7875
f 7873 7875 7876
f 7877 7878 7879
f 7877 7879 7880
f 7881 7882 7883
f 7881 7883 7884
f 7885 7886 7887
f 7885 7887 7888
f 7889 7890 7891
f 7889 7891 7892
f 7893 7894 7895
f 7893 7895 7896
f 7897 7898 7899
f 7897 7899 7900
f 7901 7902 7903
f 7901 7903 7904
f 7905 7906 7907
f 7905 7907 7908
f 7909 7910 7911
f 7909 7911 7912
f 7913 7914 7915
f 7913 7915 7916
f 7917 7918 7919
f 7917 7919 7920
f 7921 7922 7923
f 7921 7923 7924
f 7925 7926 7927
f 7925 7927 7928
f 7929 7930 7931
f 7929 7931 7932
f 7933 7934 7935
f 7933 7935 7936
f 7937 7938 7939
f 7937 7939 7940
f 7941 7942 7943
f 7941 7943 7944
f 7945 7946 7947
f 7945 7947 7948
f 7949 7950 7951
f 7949 7951 7952
f 7953 7954 7955
f 7953 7955 7956
f 7957 7958 7959
f 7957 7959 7960
f 7961 7962 7963
f 7961 7963 7964
f 7965 7966 7967
f 7965 7967 7968
f 7969 7970 7971
f 7969 7971 7972
f 7973 7974 7975
f 7973 7975 7976
f 7977 7978 7979
f 7977 7979 7980
f 7981 7982 7983
f 7981 7983 7984
f 7985 7986 7987
f 7985 7987 7988
f 7989 7990 7991
f 7989 7991 7992
f 7993 7994 7995
f 7993 7995 7996
f 7997 7998 7999
f 7997 7999 8000
f 8001 8002 8003
f 8001 8003 8004
f 8005 8006 8007
f 8005 8007 8008
f 8009 8010 8011
f 8009 8011 8012
f 8013 8014 8015
f 8013 8015 8016
f 8017 8018 8019
f 8017 8019 8020
f 8021 8022 8023
f 8021 8023 8024
f 8025 8026 8027
f 8025 8027 8028
f 8029 8030 8031
f 8029 8031 8032
f 8033 8034 8035
f 8033 8035 8036
f 8037 8038 8039
f 8037 8039 8040
f 8041 8042 8043
f 8041 8043 8044
f 8045 8046 8047
f 8045 8047 8048
f 8049 8050 8051
f 8049 8051 8052
f 8053 8054 8055
f 8053 8055 8056
f 8057 8058 8059
f 8057 8059 8060
f 8061 8062 8063
f 8061 8063 8064
f 8065 8066 8067
f 8065 8067 8068
f 8069 8070 8071
f 8069 8071 8072
f 8073 8074 8075
f 8073 8075 8076
f 8077 8078 8079
f 8077 8079 8080
f 8081 8082 8083
f 8081 8083 8084
f 8085 8086 8087
f 8085 8087 8088
f 8089 8090 8091
f 8089 8091 8092
f 8093 8094 8095
f 8093 8095 8096
f 8097 8098 8099
f 8097 8099 8100
f 8101 8102 8103
f 8101 8103 8104
f 8105 8106 8107
f 8105 8107 8108
f 8109 8110 8111
f 8109 8111 8112
f 8113 8114 8115
f 8113 8115 8116
f 8117 8118 8119
f 8117 8119 8120
f 8121 8122 8123
f 8121 8123 8124
f 8125 8126 8127
f 8125 8127 8128
f 8129 8130 8131
f 8129 8131 8132
f 8133 8134 8135
f 8133 8135 8136
f 8137 8138 8139
f 8137 8139 8140
f 8141 8142 8143
f 8141 8143 8144
f 8145 8146 8147
f 8145 8147 8148
f 8149 8150 8151
f 8149 8151 8152
f 8153 8154 8155
f 8153 8155 8156
f 8157 8158 8159
f 8157 8159 8160
f 8161 8162 8163
f 8161 8163 8164
f 8165 8166 8167
f 8165 8167 8168
f 8169 8170 8171
f 8169 8171 8172
f 8173 8174 8175
f 8173 8175 8176
f 8177 8178 8179
f 8177 8179 8180
f 8181 8182 8183
f 8181 8183 8184
f 8185 8186 8187
f 8185 8187 8188
f 8189 8190 8191
f 8189 8191 8192
f 8193 8194 8195
f 8193 8195 8196
f 8197 8198 8199
f 8197 8199 8200
f 8201 8202 8203
f 8201 8203 8204
f 8205 8206 8207
f 8205 8207 8208
f 8209 8210 8211
f 8209 8211 8212
f 8213 8214 8215
f 8213 8215 8216
f 8217 8218 8219
f 8217 8219 8220
f 8221 8222 8223
f 8221 8223 8224
f 8225 8226 8227
f 8225 8227 8228
f 8229 8230 8231
f 8229 8231 8232
f 8233 8234 8235
f 8233 8235 8236
f 8237 8238 8239
f 8237 8239 8240
f 8241 8242 8243
f 8241 8243 8244
f 8245 8246 8247
f 8245 8247 8248
f 8249 8250 8251
f 8249 8251 8252
f 8253 8254 8255
f 8253 8255 8256
f 8257 8258 8259
f 8257 8259 8260
f 8261 8262 8263
f 8261 8263 8264
f 8265 8266 8267
f 8265 8267 8268
f 8269 8270 8271
f 8269 8271 8272
f 8273 8274 8275
f 8273 8275 8276
f 8277 8278 8279
f 8277 8279 8280
f 8281 8282 8283
f 8281 8283 8284
f 8285 8286 8287
f 8285 8287 8288
f 8289 8290 8291
f 8289 8291 8292
f 8293 8294 8295
f 8293 8295 8296
f 8297 8298 8299
f 8297 8299 8300
f 8301 8302 8303
f 8301 8303 8304
f 8305 8306 8307
f 8305 8307 8308
f 8309 8310 8311
f 8309 8311 8312
f 8313 8314 8315
f 8313 8315 8316
f 8317 8318 8319
f 8317 8319 8320
f 8321 8322 8323
f 8321 8323 8324
f 8325 8326 8327
f 8325 8327 8328
f 8329 8330 8331
f 8329 8331 8332
f 8333 8334 8335
f 8333 8335 8336
f 8337 8338 8339
f 8337 8339 8340
f 8341 8342 8343
f 8341 8343 8344
f 8345 8346 8347
f 8345 8347 8348
f 8349 8350 8351
f 8349 8351 8352
f 8353 8354 8355
f 8353 8355 8356
f 8357 8358 8359
f 8357 8359 8360
f 8361 8362 8363
f 8361 8363 8364
f 8365 8366 8367
f 8365 8367 8368
f 8369 8370 8371
f 8369 8371 8372
f 8373 8374 8375
f 8373 8375 8376
f 8377 8378 8379
f 8377 8379 8380
f 8381 8382 8383
f 8381 8383 8384
f 8385 8386 8387
f 8385 8387 8388
f 8389 8390 8391
f 8389 8391 8392
f 8393 8394 8395
f 8393 8395 8396
f 8397 8398 8399
f 8397 8399 8400
f 8401 8402 8403
f 8401 8403 8404
f 8405 8406 8407
f 8405 8407 8408
f 8409 8410 8411
f 8409 8411 8412
f 8413 8414 8415
f 8413 8415 8416
f 8417 8418 8419
f 8417 8419 8420
f 8421 8422 8423
f 8421 8423 8424
f 8425 8426 8427
f 8425 8427 8428
f 8429 8430 8431
f 8429 8431 8432
f 8433 8434 8435
f 8433 8435 8436
f 8437 8438 8439
f 8437 8439 8440
f 8441 8442 8443
f 8441 8443 8444
f 8445 8446 8447
f 8445 8447 8448
f 8449 8450 8451
f 8449 8451 8452
f 8453 8454 8455
f 8453 8455 8456
f 8457 8458 8459
f 8457 8459 8460
f 8461 8462 8463
f 8461 8463 8464
f 8465 8466 8467
f 8465 8467 8468
f 8469 8470 8471
f 8469 8471 8472
f 8473 8474 8475
f 8473 8475 8476
f 8477 8478 8479
f 8477 8479 8480
f 8481 8482 8483
f 8481 8483 8484
f 8485 8486 8487
f 8485 8487 8488
f 8489 8490 8491
f 8489 8491 8492
f 8493 8494 8495
f 8493 8495 8496
f 8497 8498 8499
f 8497 8499 8500
f 8501 8502 8503
f 8501 8503 8504
f 8505 8506 8507
f 8505 8507 8508
f 8509 8510 8511
f 8509 8511 8512
f 8513 8514 8515
f 8513 8515 8516
f 8517 8518 8519
f 8517 8519 8520
f 8521 8522 8523
f 8521 8523 8524
f 8525 8526 8527
f 8525 8527 8528
f 8529 8530 8531
f 8529 8531 8532
f 8533 8534 8535
f 8533 8535 8536
f 8537 8538 8539
f 8537 8539 8540
f 8541 8542 8543
f 8541 8543 8544
f 8545 8546 8547
f 8545 8547 8548
f 8549 8550 8551
f 8549 8551 8552
f 8553 8554 8555
f 8553 8555 8556
f 8557 8558 8559
f 8557 8559 8560
f 8561 8562 8563
f 8561 8563 8564
f 8565 8566 8567
f 8565 8567 8568
f 8569 8570 8571
f 8569 8571 8572
f 8573 8574 8575
f 8573 8575 8576
f 8577 8578 8579
f 8577 8579 8580
f 8581 8582 8583
f 8581 8583 8584
f 8585 8586 8587
f 8585 8587 8588
f 8589 8590 8591
f 8589 8591 8592
f 8593 8594 8595
f 8593 8595 8596
f 8597 8598 8599
f 8597 8599 8600
f 8601 8602 8603
f 8601 8603 8604
f 8605 8606 8607
f 8605 8607 8608
f 8609 8610 8611
f 8609 8611 8612
f 8613 8614 8615
f 8613 8615 8616
f 8617 8618 8619
f 8617 8619 8620
f 8621 8622 8623
f 8621 8623 8624
f 8625 8626 8627
f 8625 8627 8628
f 8629 8630 8631
f 8629 8631 8632
f 8633 8634 8635
f 8633 8635 8636
f 8637 8638 8639
f 8637 8639 8640
f 8641 8642 8643
f 8641 8643 8644
f 8645 8646 8647
f 8645 8647 8648
f 8649 8650 8651
f 8649 8651 8652
f 8653 8654 8655
f 8653 8655 8656
f 8657 8658 8659
f 8657 8659 8660
f 8661 8662 8663
f 8661 8663 8664
f 8665 8666 8667
f 8665 8667 8668
f 8669 8670 8671
f 8669 8671 8672
f 8673 8674 8675
f 8673 8675 8676
f 8677 8678 8679
f 8677 8679 8680
f 8681 8682 8683
f 8681 8683 8684
f 8685 8686 8687
f 8685 8687 8688
f 8689 8690 8691
f 8689 8691 8692
f 8693 8694 8695
f 8693 8695 8696
f 8697 8698 8699
f 8697 8699 8700
f 8701 8702 8703
f 8701 8703 8704
f 8705 8706 8707
f 8705 8707 8708
f 8709 8710 8711
f 8709 8711 8712
f 8713 8714 8715
f 8713 8715 8716
f 8717 8718 8719
f 8717 8719 8720
f 8721 8722 8723
f 8721 8723 8724
f 8725 8726 8727
f 8725 8727 8728
f 8729 8730 8731
f 8729 8731 8732
f 8733 8734 8735
f 8733 8735 8736
f 8737 8738 8739
f 8737 8739 8740
f 8741 8742 8743
f 8741 8743 8744
f 8745 8746 8747
f 8745 8747 8748
f 8749 8750 8751
f 8749 8751 8752
f 8753 8754 8755
f 8753 8755 8756
f 8757 8758 8759
f 8757 8759 8760
f 8761 8762 8763
f 8761 8763 8764
f 8765 8766 8767
f 8765 8767 8768
f 8769 8770 8771
f 8769 8771 8772
f 8773 8774 8775
f 8773 8775 8776
f 8777 8778 8779
f 8777 8779 8780
f 8781 8782 8783
f 8781 8783 8784
f 8785 8786 8787
f 8785 8787 8788
f 8789 8790 8791
f 8789 8791 8792
f 8793 8794 8795
f 8793 8795 8796
f 8797 8798 8799
f 8797 8799 8800
f 8801 8802 8803
f 8801 8803 8804
f 8805 8806 8807
f 8805 8807 8808
f 8809 8810 8811
f 8809 8811 8812
f 8813 8814 8815
f 8813 8815 8816
f 8817 8818 8819
f 8817 8819 8820
f 8821 8822 8823
f 8821 8823 8824
f 8825 8826 8827
f 8825 8827 8828
f 8829 8830 8831
f 8829 8831 8832
f 8833 8834 8835
f 8833 8835 8836
f 8837 8838 8839
f 8837 8839 8840
f 8841 8842 8843
f 8841 8843 8844
f 8845 8846 8847
f 8845 8847 8848
f 8849 8850 8851
f 8849 8851 8852
f 8853 8854 8855
f 8853 8855 8856
f 8857 8858 8859
f 8857 8859 8860
f 8861 8862 8863
f 8861 8863 8864
f 8865 8866 8867
f 8865 8867 8868
f 8869 8870 8871
f 8869 8871 8872
f 8873 8874 8875
f 8873 8875 8876
f 8877 8878 8879
f 8877 8879 8880
f 8881 8882 8883
f 8881 8883 8884
f 8885 8886 8887
f 8885 8887 8888
