# Baked from official LDraw part 4719c01.dat
o ldraw_4719c01
v 0.1000000 -0.0016150 -0.4321100
v 0.1000000 -0.1000000 -0.1000000
v 0.1000000 -0.1225000 -0.1750000
v 0.1000000 -0.0016150 -0.4321100
v 0.1000000 -0.1225000 -0.1750000
v 0.1000000 -0.1625000 -0.2500000
v 0.1000000 -0.0016150 -0.4321100
v 0.1000000 -0.1625000 -0.2500000
v 0.1000000 -0.1814000 -0.2720225
v 0.1000000 -0.0000000 0.2500000
v 0.1000000 -0.1000000 0.2500000
v 0.1000000 -0.1000000 -0.1000000
v 0.1000000 -0.0016150 -0.4321100
v 0.1000000 -0.6835400 -0.1676475
v 0.1000000 -0.1569200 -0.5322200
v 0.1382700 -0.1525884 -0.5259631
v 0.1382700 -0.6792084 -0.1613906
v 0.1382700 -0.6792084 -0.1613906
v 0.1382700 -0.1525884 -0.5259631
v 0.1707100 -0.1402481 -0.5081378
v 0.1707100 -0.6668681 -0.1435653
v 0.1707100 -0.6668681 -0.1435653
v 0.1707100 -0.1402481 -0.5081378
v 0.1923900 -0.1217833 -0.4814656
v 0.1923900 -0.6484033 -0.1168931
v 0.1923900 -0.6484033 -0.1168931
v 0.1923900 -0.1217833 -0.4814656
v 0.2000000 -0.1000000 -0.4500000
v 0.2000000 -0.6266200 -0.0854275
v 0.2000000 -0.6266200 -0.0854275
v 0.2000000 -0.1000000 -0.4500000
v 0.1923900 -0.0782167 -0.4185344
v 0.1923900 -0.6048367 -0.0539619
v 0.1923900 -0.6048367 -0.0539619
v 0.1923900 -0.0782167 -0.4185344
v 0.1707100 -0.0597519 -0.3918622
v 0.1707100 -0.5863719 -0.0272897
v 0.1707100 -0.5863719 -0.0272897
v 0.1707100 -0.0597519 -0.3918622
v 0.1382700 -0.0474116 -0.3740369
v 0.1382700 -0.5740316 -0.0094644
v 0.1382700 -0.5740316 -0.0094644
v 0.1382700 -0.0474116 -0.3740369
v 0.1000000 -0.0430800 -0.3677800
v 0.1000000 -0.5697000 -0.0032075
v 0.1382700 -0.5740318 -0.0094644
v 0.1000000 -0.5697003 -0.0032075
v 0.1000000 -0.6108103 0.0252525
v 0.1382700 -0.6151418 0.0189956
v 0.1707100 -0.5863720 -0.0272897
v 0.1382700 -0.5740318 -0.0094644
v 0.1382700 -0.6151418 0.0189956
v 0.1707100 -0.6274820 0.0011703
v 0.1923900 -0.6048368 -0.0539619
v 0.1707100 -0.5863720 -0.0272897
v 0.1707100 -0.6274820 0.0011703
v 0.1923900 -0.6459468 -0.0255019
v 0.2000000 -0.6266200 -0.0854275
v 0.1923900 -0.6048368 -0.0539619
v 0.1923900 -0.6459468 -0.0255019
v 0.2000000 -0.6677300 -0.0569675
v 0.1923900 -0.6484032 -0.1168931
v 0.2000000 -0.6266200 -0.0854275
v 0.2000000 -0.6677300 -0.0569675
v 0.1923900 -0.6895132 -0.0884331
v 0.1707100 -0.6668680 -0.1435653
v 0.1923900 -0.6484032 -0.1168931
v 0.1923900 -0.6895132 -0.0884331
v 0.1707100 -0.7079780 -0.1151053
v 0.1382700 -0.6792082 -0.1613906
v 0.1707100 -0.6668680 -0.1435653
v 0.1707100 -0.7079780 -0.1151053
v 0.1382700 -0.7203182 -0.1329306
v 0.1000000 -0.1569200 -0.5322200
v 0.1000000 -0.1211228 -0.5477463
v 0.1382700 -0.1525884 -0.5259631
v 0.1000000 -0.1211228 -0.5477463
v 0.1439300 -0.1084833 -0.5394325
v 0.1382700 -0.1525884 -0.5259631
v 0.1382700 -0.1525884 -0.5259631
v 0.1439300 -0.1084833 -0.5394325
v 0.1707100 -0.1402481 -0.5081378
v 0.1439300 -0.1084833 -0.5394325
v 0.1783600 -0.0888857 -0.5111242
v 0.1707100 -0.1402481 -0.5081378
v 0.1707100 -0.1402481 -0.5081378
v 0.1783600 -0.0888857 -0.5111242
v 0.1923900 -0.1217833 -0.4814656
v 0.1783600 -0.0888857 -0.5111242
v 0.1923900 -0.0685344 -0.4717833
v 0.1923900 -0.1217833 -0.4814656
v 0.1923900 -0.1217833 -0.4814656
v 0.1923900 -0.0685344 -0.4717833
v 0.2000000 -0.1000000 -0.4500000
v 0.1000000 -0.1211228 -0.5477463
v 0.1000000 -0.0821104 -0.5483859
v 0.1439300 -0.1084833 -0.5394325
v 0.1000000 -0.0821104 -0.5483859
v 0.1439300 -0.0605774 -0.5307218
v 0.1439300 -0.1084833 -0.5394325
v 0.1439300 -0.1084833 -0.5394325
v 0.1439300 -0.0605774 -0.5307218
v 0.1783600 -0.0888857 -0.5111242
v 0.1439300 -0.0605774 -0.5307218
v 0.1707100 -0.0418622 -0.4902481
v 0.1783600 -0.0888857 -0.5111242
v 0.1783600 -0.0888857 -0.5111242
v 0.1707100 -0.0418622 -0.4902481
v 0.1923900 -0.0685344 -0.4717833
v 0.1000000 -0.0821104 -0.5483859
v 0.1000000 -0.0458202 -0.5340540
v 0.1439300 -0.0605774 -0.5307218
v 0.1000000 -0.0458202 -0.5340540
v 0.1382700 -0.0240369 -0.5025884
v 0.1439300 -0.0605774 -0.5307218
v 0.1439300 -0.0605774 -0.5307218
v 0.1382700 -0.0240369 -0.5025884
v 0.1707100 -0.0418622 -0.4902481
v 0.1000000 -0.0458202 -0.5340540
v 0.1000000 -0.0177800 -0.5069200
v 0.1382700 -0.0240369 -0.5025884
v 0.1382700 -0.0474116 -0.3740369
v 0.1000000 -0.0159460 -0.3958202
v 0.1000000 -0.0430800 -0.3677800
v 0.1382700 -0.0474116 -0.3740369
v 0.1439300 -0.0192782 -0.4105774
v 0.1000000 -0.0159460 -0.3958202
v 0.1707100 -0.0597519 -0.3918622
v 0.1439300 -0.0192782 -0.4105774
v 0.1382700 -0.0474116 -0.3740369
v 0.1707100 -0.0597519 -0.3918622
v 0.1783600 -0.0388758 -0.4388857
v 0.1439300 -0.0192782 -0.4105774
v 0.1923900 -0.0782167 -0.4185344
v 0.1783600 -0.0388758 -0.4388857
v 0.1707100 -0.0597519 -0.3918622
v 0.1923900 -0.0782167 -0.4185344
v 0.1923900 -0.0685344 -0.4717833
v 0.1783600 -0.0388758 -0.4388857
v 0.2000000 -0.1000000 -0.4500000
v 0.1923900 -0.0685344 -0.4717833
v 0.1923900 -0.0782167 -0.4185344
v 0.1439300 -0.0192782 -0.4105774
v 0.1000000 -0.0016141 -0.4321104
v 0.1000000 -0.0159460 -0.3958202
v 0.1439300 -0.0192782 -0.4105774
v 0.1439300 -0.0105675 -0.4584833
v 0.1000000 -0.0016141 -0.4321104
v 0.1783600 -0.0388758 -0.4388857
v 0.1439300 -0.0105675 -0.4584833
v 0.1439300 -0.0192782 -0.4105774
v 0.1783600 -0.0388758 -0.4388857
v 0.1707100 -0.0418622 -0.4902481
v 0.1439300 -0.0105675 -0.4584833
v 0.1923900 -0.0685344 -0.4717833
v 0.1707100 -0.0418622 -0.4902481
v 0.1783600 -0.0388758 -0.4388857
v 0.1439300 -0.0105675 -0.4584833
v 0.1000000 -0.0022537 -0.4711228
v 0.1000000 -0.0016141 -0.4321104
v 0.1439300 -0.0105675 -0.4584833
v 0.1382700 -0.0240369 -0.5025884
v 0.1000000 -0.0022537 -0.4711228
v 0.1707100 -0.0418622 -0.4902481
v 0.1382700 -0.0240369 -0.5025884
v 0.1439300 -0.0105675 -0.4584833
v 0.1382700 -0.0240369 -0.5025884
v 0.1000000 -0.0177800 -0.5069200
v 0.1000000 -0.0022537 -0.4711228
v 0.2000000 -0.6677300 -0.0569675
v 0.1923900 -0.6957702 -0.0841015
v 0.1923900 -0.6895133 -0.0884331
v 0.1923900 -0.6957702 -0.0841015
v 0.1707100 -0.7320604 -0.0984334
v 0.1707100 -0.7079781 -0.1151053
v 0.1923900 -0.6895133 -0.0884331
v 0.2000000 -0.6677300 -0.0569675
v 0.1923900 -0.6459467 -0.0255019
v 0.1923900 -0.6522037 -0.0211703
v 0.1923900 -0.6459467 -0.0255019
v 0.1707100 -0.6274819 0.0011703
v 0.1707100 -0.6515641 0.0178421
v 0.1923900 -0.6522037 -0.0211703
v 0.1707100 -0.6274819 0.0011703
v 0.1382700 -0.6151416 0.0189956
v 0.1382700 -0.6658960 0.0541323
v 0.1707100 -0.6515641 0.0178421
v 0.1382700 -0.6151416 0.0189956
v 0.1000000 -0.6108100 0.0252525
v 0.1000000 -0.6930300 0.0821725
v 0.1382700 -0.6658960 0.0541323
v 0.1000000 -0.6841475 -0.1678200
v 0.1000000 -0.6108100 0.0252525
v 0.1000000 -0.1814000 -0.2720225
v 0.1000000 -0.3351075 -0.4088625
v 0.1000000 -0.2313000 -1.8625000
v 0.1000000 -0.1653000 -2.0513000
v 0.1000000 -0.6863675 -2.1804850
v 0.1000000 -0.7193675 -2.0860850
v 0.1000000 -0.6226675 -2.2111850
v 0.1000000 -0.0945000 -2.0265500
v 0.1382700 -0.0970113 -2.0193662
v 0.1382700 -0.6251788 -2.2040012
v 0.1382700 -0.6251788 -2.2040012
v 0.1382700 -0.0970113 -2.0193662
v 0.1707100 -0.1041657 -1.9989002
v 0.1707100 -0.6323332 -2.1835352
v 0.1707100 -0.6323332 -2.1835352
v 0.1707100 -0.1041657 -1.9989002
v 0.1923900 -0.1148709 -1.9682769
v 0.1923900 -0.6430384 -2.1529119
v 0.1923900 -0.6430384 -2.1529119
v 0.1923900 -0.1148709 -1.9682769
v 0.2000000 -0.1275000 -1.9321500
v 0.2000000 -0.6556675 -2.1167850
v 0.2000000 -0.6556675 -2.1167850
v 0.2000000 -0.1275000 -1.9321500
v 0.1923900 -0.1401291 -1.8960231
v 0.1923900 -0.6682966 -2.0806581
v 0.1923900 -0.6682966 -2.0806581
v 0.1923900 -0.1401291 -1.8960231
v 0.1707100 -0.1508343 -1.8653998
v 0.1707100 -0.6790018 -2.0500348
v 0.1707100 -0.6790018 -2.0500348
v 0.1707100 -0.1508343 -1.8653998
v 0.1382700 -0.1579887 -1.8449338
v 0.1382700 -0.6861562 -2.0295688
v 0.1382700 -0.6861562 -2.0295688
v 0.1382700 -0.1579887 -1.8449338
v 0.1000000 -0.1605000 -1.8377500
v 0.1000000 -0.6886675 -2.0223850
v 0.1000000 -0.1275000 -1.9321500
v 0.1000000 -0.1605000 -1.8377500
v 0.1382700 -0.1579887 -1.8449338
v 0.1000000 -0.1275000 -1.9321500
v 0.1382700 -0.1579887 -1.8449338
v 0.1707100 -0.1508343 -1.8653998
v 0.1000000 -0.1275000 -1.9321500
v 0.1707100 -0.1508343 -1.8653998
v 0.1923900 -0.1401291 -1.8960231
v 0.1000000 -0.1275000 -1.9321500
v 0.1923900 -0.1401291 -1.8960231
v 0.2000000 -0.1275000 -1.9321500
v 0.1000000 -0.1275000 -1.9321500
v 0.2000000 -0.1275000 -1.9321500
v 0.1923900 -0.1148709 -1.9682769
v 0.1000000 -0.1275000 -1.9321500
v 0.1923900 -0.1148709 -1.9682769
v 0.1707100 -0.1041657 -1.9989002
v 0.1000000 -0.1275000 -1.9321500
v 0.1707100 -0.1041657 -1.9989002
v 0.1382700 -0.0970113 -2.0193662
v 0.1000000 -0.1275000 -1.9321500
v 0.1382700 -0.0970113 -2.0193662
v 0.1000000 -0.0945000 -2.0265500
v 0.1923900 -0.6502222 -2.1554232
v 0.1923900 -0.6430384 -2.1529119
v 0.2000000 -0.6556675 -2.1167850
v 0.1923900 -0.6502222 -2.1554232
v 0.1707100 -0.6599830 -2.1932009
v 0.1707100 -0.6323332 -2.1835352
v 0.1923900 -0.6430384 -2.1529119
v 0.1707100 -0.6599830 -2.1932009
v 0.1382700 -0.6834519 -2.2243721
v 0.1382700 -0.6251788 -2.2040012
v 0.1707100 -0.6323332 -2.1835352
v 0.1382700 -0.6834519 -2.2243721
v 0.1000000 -0.7170675 -2.2441850
v 0.1000000 -0.6226675 -2.2111850
v 0.1382700 -0.6251788 -2.2040012
v 0.2000000 -0.6556675 -2.1167850
v 0.1923900 -0.6682966 -2.0806581
v 0.1923900 -0.6754804 -2.0831694
v 0.1923900 -0.6682966 -2.0806581
v 0.1707100 -0.6790018 -2.0500348
v 0.1707100 -0.7066516 -2.0597005
v 0.1923900 -0.6754804 -2.0831694
v 0.1707100 -0.6790018 -2.0500348
v 0.1382700 -0.6861562 -2.0295688
v 0.1382700 -0.7444293 -2.0499397
v 0.1707100 -0.7066516 -2.0597005
v 0.1382700 -0.6861562 -2.0295688
v 0.1000000 -0.6886675 -2.0223850
v 0.1000000 -0.7830675 -2.0553850
v 0.1382700 -0.7444293 -2.0499397
v 0.7354025 0.4410250 -1.6022028
v 0.7277465 0.4486350 -1.5647064
v 0.2623490 0.4486350 -1.6597311
v 0.2700050 0.4410250 -1.6972275
v 0.7277465 0.4486350 -1.5647064
v 0.7212568 0.4703150 -1.5329222
v 0.2558593 0.4703150 -1.6279469
v 0.2623490 0.4486350 -1.6597311
v 0.7212568 0.4703150 -1.5329222
v 0.7169196 0.5027550 -1.5116804
v 0.2515221 0.5027550 -1.6067052
v 0.2558593 0.4703150 -1.6279469
v 0.7169196 0.5027550 -1.5116804
v 0.7153973 0.5410250 -1.5042243
v 0.2499998 0.5410250 -1.5992490
v 0.2515221 0.5027550 -1.6067052
v 0.7153973 0.5410250 -1.5042243
v 0.7169196 0.5792950 -1.5116804
v 0.2515221 0.5792950 -1.6067052
v 0.2499998 0.5410250 -1.5992490
v 0.7169196 0.5792950 -1.5116804
v 0.7212568 0.6117350 -1.5329222
v 0.2558593 0.6117350 -1.6279469
v 0.2515221 0.5792950 -1.6067052
v 0.7212568 0.6117350 -1.5329222
v 0.7277465 0.6334150 -1.5647064
v 0.2623490 0.6334150 -1.6597311
v 0.2558593 0.6117350 -1.6279469
v 0.7277465 0.6334150 -1.5647064
v 0.7354025 0.6410250 -1.6022028
v 0.2700050 0.6410250 -1.6972275
v 0.2623490 0.6334150 -1.6597311
v 0.7354025 0.6410250 -1.6022028
v 0.7430585 0.6334150 -1.6396991
v 0.2776610 0.6334150 -1.7347239
v 0.2700050 0.6410250 -1.6972275
v 0.7430585 0.6334150 -1.6396991
v 0.7495482 0.6117350 -1.6714833
v 0.2841507 0.6117350 -1.7665081
v 0.2776610 0.6334150 -1.7347239
v 0.7495482 0.6117350 -1.6714833
v 0.7538854 0.5792950 -1.6927251
v 0.2884879 0.5792950 -1.7877498
v 0.2841507 0.6117350 -1.7665081
v 0.7538854 0.5792950 -1.6927251
v 0.7554078 0.5410250 -1.7001812
v 0.2900103 0.5410250 -1.7952060
v 0.2884879 0.5792950 -1.7877498
v 0.7554078 0.5410250 -1.7001812
v 0.7538854 0.5027550 -1.6927251
v 0.2884879 0.5027550 -1.7877498
v 0.2900103 0.5410250 -1.7952060
v 0.7538854 0.5027550 -1.6927251
v 0.7495482 0.4703150 -1.6714833
v 0.2841507 0.4703150 -1.7665081
v 0.2884879 0.5027550 -1.7877498
v 0.7495482 0.4703150 -1.6714833
v 0.7430585 0.4486350 -1.6396991
v 0.2776610 0.4486350 -1.7347239
v 0.2841507 0.4703150 -1.7665081
v 0.7430585 0.4486350 -1.6396991
v 0.7354025 0.4410250 -1.6022028
v 0.2700050 0.4410250 -1.6972275
v 0.2776610 0.4486350 -1.7347239
v 0.2515224 0.5792950 -1.6067062
v 0.2500000 0.5792950 -1.6068600
v 0.2500000 0.5410250 -1.5992500
v 0.2515224 0.5792950 -1.6067062
v 0.2558595 0.6117350 -1.6279480
v 0.2500000 0.6117350 -1.6285400
v 0.2500000 0.5792950 -1.6068600
v 0.2558595 0.6117350 -1.6279480
v 0.2623492 0.6334150 -1.6597323
v 0.2500000 0.6334150 -1.6609800
v 0.2500000 0.6117350 -1.6285400
v 0.2623492 0.6334150 -1.6597323
v 0.2700053 0.6410250 -1.6972288
v 0.2500000 0.6410250 -1.6992500
v 0.2500000 0.6334150 -1.6609800
v 0.2700053 0.6410250 -1.6972288
v 0.2776613 0.6334150 -1.7347252
v 0.2500000 0.6334150 -1.7375200
v 0.2500000 0.6410250 -1.6992500
v 0.2776613 0.6334150 -1.7347252
v 0.2841510 0.6117350 -1.7665095
v 0.2500000 0.6117350 -1.7699600
v 0.2500000 0.6334150 -1.7375200
v 0.2841510 0.6117350 -1.7665095
v 0.2884881 0.5792950 -1.7877513
v 0.2500000 0.5792950 -1.7916400
v 0.2500000 0.6117350 -1.7699600
v 0.2884881 0.5792950 -1.7877513
v 0.2900105 0.5410250 -1.7952075
v 0.2500000 0.5410250 -1.7992500
v 0.2500000 0.5792950 -1.7916400
v 0.2900105 0.5410250 -1.7952075
v 0.2884881 0.5027550 -1.7877513
v 0.2500000 0.5027550 -1.7916400
v 0.2500000 0.5410250 -1.7992500
v 0.2884881 0.5027550 -1.7877513
v 0.2841510 0.4703150 -1.7665095
v 0.2500000 0.4703150 -1.7699600
v 0.2500000 0.5027550 -1.7916400
v 0.2841510 0.4703150 -1.7665095
v 0.2776613 0.4486350 -1.7347252
v 0.2500000 0.4486350 -1.7375200
v 0.2500000 0.4703150 -1.7699600
v 0.2776613 0.4486350 -1.7347252
v 0.2700053 0.4410250 -1.6972288
v 0.2500000 0.4410250 -1.6992500
v 0.2500000 0.4486350 -1.7375200
v 0.2700053 0.4410250 -1.6972288
v 0.2623492 0.4486350 -1.6597323
v 0.2500000 0.4486350 -1.6609800
v 0.2500000 0.4410250 -1.6992500
v 0.2623492 0.4486350 -1.6597323
v 0.2558595 0.4703150 -1.6279480
v 0.2500000 0.4703150 -1.6285400
v 0.2500000 0.4486350 -1.6609800
v 0.2558595 0.4703150 -1.6279480
v 0.2515224 0.5027550 -1.6067062
v 0.2500000 0.5027550 -1.6068600
v 0.2500000 0.4703150 -1.6285400
v 0.2500000 0.5027550 -1.6068600
v 0.2515224 0.5027550 -1.6067062
v 0.2500000 0.5410250 -1.5992500
v 0.7354025 0.4410250 -1.6022050
v 0.7728989 0.4486350 -1.5945490
v 0.7277465 0.4486350 -1.5647086
v 0.7728989 0.4486350 -1.5945490
v 0.7696561 0.4626650 -1.5503747
v 0.7277465 0.4486350 -1.5647086
v 0.7277465 0.4486350 -1.5647086
v 0.7696561 0.4626650 -1.5503747
v 0.7212568 0.4703150 -1.5329244
v 0.7696561 0.4626650 -1.5503747
v 0.7627683 0.4970950 -1.5166407
v 0.7212568 0.4703150 -1.5329244
v 0.7212568 0.4703150 -1.5329244
v 0.7627683 0.4970950 -1.5166407
v 0.7169196 0.5027550 -1.5116827
v 0.7627683 0.4970950 -1.5166407
v 0.7544160 0.5410250 -1.5040267
v 0.7169196 0.5027550 -1.5116827
v 0.7169196 0.5027550 -1.5116827
v 0.7544160 0.5410250 -1.5040267
v 0.7153973 0.5410250 -1.5042265
v 0.7728989 0.4486350 -1.5945490
v 0.8046831 0.4703150 -1.5880593
v 0.7696561 0.4626650 -1.5503747
v 0.8046831 0.4703150 -1.5880593
v 0.8033901 0.4970950 -1.5434869
v 0.7696561 0.4626650 -1.5503747
v 0.7696561 0.4626650 -1.5503747
v 0.8033901 0.4970950 -1.5434869
v 0.7627683 0.4970950 -1.5166407
v 0.8033901 0.4970950 -1.5434869
v 0.7905374 0.5410250 -1.5187787
v 0.7627683 0.4970950 -1.5166407
v 0.7627683 0.4970950 -1.5166407
v 0.7905374 0.5410250 -1.5187787
v 0.7544160 0.5410250 -1.5040267
v 0.8046831 0.4703150 -1.5880593
v 0.8259248 0.5027550 -1.5837221
v 0.8033901 0.4970950 -1.5434869
v 0.8259248 0.5027550 -1.5837221
v 0.8182688 0.5410250 -1.5462258
v 0.8033901 0.4970950 -1.5434869
v 0.8033901 0.4970950 -1.5434869
v 0.8182688 0.5410250 -1.5462258
v 0.7905374 0.5410250 -1.5187787
v 0.8259248 0.5027550 -1.5837221
v 0.8333810 0.5410250 -1.5821998
v 0.8182688 0.5410250 -1.5462258
v 0.7430585 0.4486350 -1.6397014
v 0.7728989 0.4486350 -1.5945490
v 0.7354025 0.4410250 -1.6022050
v 0.7430585 0.4486350 -1.6397014
v 0.7872328 0.4626650 -1.6364586
v 0.7728989 0.4486350 -1.5945490
v 0.7495482 0.4703150 -1.6714856
v 0.7872328 0.4626650 -1.6364586
v 0.7430585 0.4486350 -1.6397014
v 0.7495482 0.4703150 -1.6714856
v 0.7941206 0.4970950 -1.6701926
v 0.7872328 0.4626650 -1.6364586
v 0.7538854 0.5027550 -1.6927273
v 0.7941206 0.4970950 -1.6701926
v 0.7495482 0.4703150 -1.6714856
v 0.7538854 0.5027550 -1.6927273
v 0.7913817 0.5410250 -1.6850713
v 0.7941206 0.4970950 -1.6701926
v 0.7554078 0.5410250 -1.7001835
v 0.7913817 0.5410250 -1.6850713
v 0.7538854 0.5027550 -1.6927273
v 0.7872328 0.4626650 -1.6364586
v 0.8046831 0.4703150 -1.5880593
v 0.7728989 0.4486350 -1.5945490
v 0.7872328 0.4626650 -1.6364586
v 0.8209668 0.4970950 -1.6295708
v 0.8046831 0.4703150 -1.5880593
v 0.7941206 0.4970950 -1.6701926
v 0.8209668 0.4970950 -1.6295708
v 0.7872328 0.4626650 -1.6364586
v 0.7941206 0.4970950 -1.6701926
v 0.8188288 0.5410250 -1.6573399
v 0.8209668 0.4970950 -1.6295708
v 0.7913817 0.5410250 -1.6850713
v 0.8188288 0.5410250 -1.6573399
v 0.7941206 0.4970950 -1.6701926
v 0.8209668 0.4970950 -1.6295708
v 0.8259248 0.5027550 -1.5837221
v 0.8046831 0.4703150 -1.5880593
v 0.8209668 0.4970950 -1.6295708
v 0.8335808 0.5410250 -1.6212185
v 0.8259248 0.5027550 -1.5837221
v 0.8188288 0.5410250 -1.6573399
v 0.8335808 0.5410250 -1.6212185
v 0.8209668 0.4970950 -1.6295708
v 0.8335808 0.5410250 -1.6212185
v 0.8333810 0.5410250 -1.5821998
v 0.8259248 0.5027550 -1.5837221
v 0.7277465 0.6334150 -1.5647086
v 0.7728989 0.6334150 -1.5945490
v 0.7354025 0.6410250 -1.6022050
v 0.7277465 0.6334150 -1.5647086
v 0.7696561 0.6193850 -1.5503747
v 0.7728989 0.6334150 -1.5945490
v 0.7212568 0.6117350 -1.5329244
v 0.7696561 0.6193850 -1.5503747
v 0.7277465 0.6334150 -1.5647086
v 0.7212568 0.6117350 -1.5329244
v 0.7627683 0.5849550 -1.5166407
v 0.7696561 0.6193850 -1.5503747
v 0.7169196 0.5792950 -1.5116827
v 0.7627683 0.5849550 -1.5166407
v 0.7212568 0.6117350 -1.5329244
v 0.7169196 0.5792950 -1.5116827
v 0.7544160 0.5410250 -1.5040267
v 0.7627683 0.5849550 -1.5166407
v 0.7153973 0.5410250 -1.5042265
v 0.7544160 0.5410250 -1.5040267
v 0.7169196 0.5792950 -1.5116827
v 0.7696561 0.6193850 -1.5503747
v 0.8046831 0.6117350 -1.5880593
v 0.7728989 0.6334150 -1.5945490
v 0.7696561 0.6193850 -1.5503747
v 0.8033901 0.5849550 -1.5434869
v 0.8046831 0.6117350 -1.5880593
v 0.7627683 0.5849550 -1.5166407
v 0.8033901 0.5849550 -1.5434869
v 0.7696561 0.6193850 -1.5503747
v 0.7627683 0.5849550 -1.5166407
v 0.7905374 0.5410250 -1.5187787
v 0.8033901 0.5849550 -1.5434869
v 0.7544160 0.5410250 -1.5040267
v 0.7905374 0.5410250 -1.5187787
v 0.7627683 0.5849550 -1.5166407
v 0.8033901 0.5849550 -1.5434869
v 0.8259248 0.5792950 -1.5837221
v 0.8046831 0.6117350 -1.5880593
v 0.8033901 0.5849550 -1.5434869
v 0.8182688 0.5410250 -1.5462258
v 0.8259248 0.5792950 -1.5837221
v 0.7905374 0.5410250 -1.5187787
v 0.8182688 0.5410250 -1.5462258
v 0.8033901 0.5849550 -1.5434869
v 0.8182688 0.5410250 -1.5462258
v 0.8333810 0.5410250 -1.5821998
v 0.8259248 0.5792950 -1.5837221
v 0.7354025 0.6410250 -1.6022050
v 0.7728989 0.6334150 -1.5945490
v 0.7430585 0.6334150 -1.6397014
v 0.7728989 0.6334150 -1.5945490
v 0.7872328 0.6193850 -1.6364586
v 0.7430585 0.6334150 -1.6397014
v 0.7430585 0.6334150 -1.6397014
v 0.7872328 0.6193850 -1.6364586
v 0.7495482 0.6117350 -1.6714856
v 0.7872328 0.6193850 -1.6364586
v 0.7941206 0.5849550 -1.6701926
v 0.7495482 0.6117350 -1.6714856
v 0.7495482 0.6117350 -1.6714856
v 0.7941206 0.5849550 -1.6701926
v 0.7538854 0.5792950 -1.6927273
v 0.7941206 0.5849550 -1.6701926
v 0.7913817 0.5410250 -1.6850713
v 0.7538854 0.5792950 -1.6927273
v 0.7538854 0.5792950 -1.6927273
v 0.7913817 0.5410250 -1.6850713
v 0.7554078 0.5410250 -1.7001835
v 0.7728989 0.6334150 -1.5945490
v 0.8046831 0.6117350 -1.5880593
v 0.7872328 0.6193850 -1.6364586
v 0.8046831 0.6117350 -1.5880593
v 0.8209668 0.5849550 -1.6295708
v 0.7872328 0.6193850 -1.6364586
v 0.7872328 0.6193850 -1.6364586
v 0.8209668 0.5849550 -1.6295708
v 0.7941206 0.5849550 -1.6701926
v 0.8209668 0.5849550 -1.6295708
v 0.8188288 0.5410250 -1.6573399
v 0.7941206 0.5849550 -1.6701926
v 0.7941206 0.5849550 -1.6701926
v 0.8188288 0.5410250 -1.6573399
v 0.7913817 0.5410250 -1.6850713
v 0.8046831 0.6117350 -1.5880593
v 0.8259248 0.5792950 -1.5837221
v 0.8209668 0.5849550 -1.6295708
v 0.8259248 0.5792950 -1.5837221
v 0.8335808 0.5410250 -1.6212185
v 0.8209668 0.5849550 -1.6295708
v 0.8209668 0.5849550 -1.6295708
v 0.8335808 0.5410250 -1.6212185
v 0.8188288 0.5410250 -1.6573399
v 0.8259248 0.5792950 -1.5837221
v 0.8333810 0.5410250 -1.5821998
v 0.8335808 0.5410250 -1.6212185
v 0.2000000 -0.7018150 -1.0919450
v 0.2000000 -0.9022525 -1.1711225
v 0.0375000 -0.9022525 -1.1711225
v 0.0375000 -0.7018150 -1.0919450
v 0.2000000 -0.9430800 -1.0677800
v 0.2000000 -0.7435650 -0.9889650
v 0.0375000 -0.7435650 -0.9889650
v 0.0375000 -0.9430800 -1.0677800
v 0.2000000 -0.9022525 -1.1711225
v 0.2000000 -0.7018150 -1.0919450
v 0.2000000 -0.7435650 -0.9889650
v 0.2000000 -0.9430800 -1.0677800
v 0.2000000 -0.7018150 -1.0919450
v 0.0375000 -0.7018150 -1.0919450
v 0.0375000 -0.7435650 -0.9889650
v 0.2000000 -0.7435650 -0.9889650
v 0.1000000 -0.1569200 -0.5322200
v 0.1000000 -0.3351075 -0.4088625
v 0.0925000 -0.3639050 -0.4360950
v 0.0375000 -0.2224850 -0.5775150
v 0.1000000 -0.1569200 -0.5322200
v 0.0925000 -0.3639050 -0.4360950
v 0.0375000 -0.2224850 -0.5775150
v 0.0925000 -0.3639050 -0.4360950
v 0.0375000 -0.4831450 -0.6145150
v 0.0375000 -0.2983650 -0.6910550
v 0.0375000 -0.2224850 -0.5775150
v 0.0375000 -0.4831450 -0.6145150
v 0.0375000 -0.5086750 -0.6919500
v 0.0375000 -0.5086750 -0.6919500
v 0.0375000 -0.5250000 -0.8250000
v 0.0375000 -0.3250000 -0.8250000
v 0.0375000 -0.2983650 -0.6910550
v 0.0375000 -0.5250000 -0.8250000
v 0.0375000 -0.4662500 -1.0625000
v 0.0375000 -0.2983650 -0.9589450
v 0.0375000 -0.3250000 -0.8250000
v 0.0375000 -0.2224850 -1.0724850
v 0.0375000 -0.2983650 -0.9589450
v 0.0375000 -0.4662500 -1.0625000
v 0.0375000 -0.4662500 -1.0625000
v 0.0375000 -0.3772500 -1.2000000
v 0.0375000 -0.1807250 -1.1081500
v 0.0375000 -0.2224850 -1.0724850
v 0.0375000 -0.3772500 -1.2000000
v 0.0750000 -0.1089450 -1.1483650
v 0.0375000 -0.1807250 -1.1081500
v 0.0750000 -0.1089450 -1.1483650
v 0.0375000 -0.3772500 -1.2000000
v 0.0925000 -0.1854850 -1.3331450
v 0.0925000 -0.1854850 -1.3331450
v 0.0923900 0.0033675 -1.3756150
v 0.0923900 -0.0376150 -1.1570525
v 0.0923900 -0.0376150 -1.1570525
v 0.0750000 -0.1089450 -1.1483650
v 0.0925000 -0.1854850 -1.3331450
v 0.0375000 -0.8562325 -0.9593275
v 0.0375000 -0.7873125 -1.1926650
v 0.0375000 -0.4662500 -1.0625000
v 0.0375000 -0.5250000 -0.8250000
v 0.0375000 -0.7873125 -1.1926650
v 0.0375000 -0.8562325 -0.9593275
v 0.0375000 -1.0000000 -1.1500000
v 0.1000000 -1.0324750 -0.8287600
v 0.1000000 -1.2000000 -0.8287600
v 0.1000000 -1.2000000 -0.9287600
v 0.1000000 -1.0542250 -0.9287600
v 0.2882700 -1.3000000 -0.7863700
v 0.2500000 -1.3000000 -0.7787600
v 0.2500000 -1.3000000 -0.8787600
v 0.3207100 -1.3000000 -0.8080500
v 0.2882700 -1.3000000 -0.7863700
v 0.2500000 -1.3000000 -0.8787600
v 0.3423900 -1.3000000 -0.8404900
v 0.3207100 -1.3000000 -0.8080500
v 0.2500000 -1.3000000 -0.8787600
v 0.3500000 -1.3000000 -0.8787600
v 0.3423900 -1.3000000 -0.8404900
v 0.2500000 -1.3000000 -0.8787600
v 0.3423900 -1.3000000 -0.9170300
v 0.3500000 -1.3000000 -0.8787600
v 0.2500000 -1.3000000 -0.8787600
v 0.3207100 -1.3000000 -0.9494700
v 0.3423900 -1.3000000 -0.9170300
v 0.2500000 -1.3000000 -0.8787600
v 0.2882700 -1.3000000 -0.9711500
v 0.3207100 -1.3000000 -0.9494700
v 0.2500000 -1.3000000 -0.8787600
v 0.2500000 -1.3000000 -0.9787600
v 0.2882700 -1.3000000 -0.9711500
v 0.2500000 -1.3000000 -0.8787600
v 0.2500000 -1.2000000 -0.8787600
v 0.2500000 -1.2000000 -0.7787600
v 0.2882700 -1.2000000 -0.7863700
v 0.2500000 -1.2000000 -0.8787600
v 0.2882700 -1.2000000 -0.7863700
v 0.3207100 -1.2000000 -0.8080500
v 0.2500000 -1.2000000 -0.8787600
v 0.3207100 -1.2000000 -0.8080500
v 0.3423900 -1.2000000 -0.8404900
v 0.2500000 -1.2000000 -0.8787600
v 0.3423900 -1.2000000 -0.8404900
v 0.3500000 -1.2000000 -0.8787600
v 0.2500000 -1.2000000 -0.8787600
v 0.3500000 -1.2000000 -0.8787600
v 0.3423900 -1.2000000 -0.9170300
v 0.2500000 -1.2000000 -0.8787600
v 0.3423900 -1.2000000 -0.9170300
v 0.3207100 -1.2000000 -0.9494700
v 0.2500000 -1.2000000 -0.8787600
v 0.3207100 -1.2000000 -0.9494700
v 0.2882700 -1.2000000 -0.9711500
v 0.2500000 -1.2000000 -0.8787600
v 0.2882700 -1.2000000 -0.9711500
v 0.2500000 -1.2000000 -0.9787600
v 0.2882700 -1.3000000 -0.7863700
v 0.2882700 -1.2000000 -0.7863700
v 0.2500000 -1.2000000 -0.7787600
v 0.2500000 -1.3000000 -0.7787600
v 0.3207100 -1.3000000 -0.8080500
v 0.3207100 -1.2000000 -0.8080500
v 0.2882700 -1.2000000 -0.7863700
v 0.2882700 -1.3000000 -0.7863700
v 0.3423900 -1.3000000 -0.8404900
v 0.3423900 -1.2000000 -0.8404900
v 0.3207100 -1.2000000 -0.8080500
v 0.3207100 -1.3000000 -0.8080500
v 0.3500000 -1.3000000 -0.8787600
v 0.3500000 -1.2000000 -0.8787600
v 0.3423900 -1.2000000 -0.8404900
v 0.3423900 -1.3000000 -0.8404900
v 0.3423900 -1.3000000 -0.9170300
v 0.3423900 -1.2000000 -0.9170300
v 0.3500000 -1.2000000 -0.8787600
v 0.3500000 -1.3000000 -0.8787600
v 0.3207100 -1.3000000 -0.9494700
v 0.3207100 -1.2000000 -0.9494700
v 0.3423900 -1.2000000 -0.9170300
v 0.3423900 -1.3000000 -0.9170300
v 0.2882700 -1.3000000 -0.9711500
v 0.2882700 -1.2000000 -0.9711500
v 0.3207100 -1.2000000 -0.9494700
v 0.3207100 -1.3000000 -0.9494700
v 0.2500000 -1.3000000 -0.9787600
v 0.2500000 -1.2000000 -0.9787600
v 0.2882700 -1.2000000 -0.9711500
v 0.2882700 -1.3000000 -0.9711500
v 0.1000000 -0.7773000 -0.5962400
v 0.1000000 -0.9727000 -0.5537600
v 0.1000000 -0.8689400 -0.0764600
v 0.1000000 -0.6841475 -0.1678200
v 0.2000000 -0.7288772 0.0977463
v 0.2000000 -0.6930800 0.0822200
v 0.1000000 -0.6930800 0.0822200
v 0.1000000 -0.7288772 0.0977463
v 0.2000000 -0.7678896 0.0983859
v 0.2000000 -0.7288772 0.0977463
v 0.1000000 -0.7288772 0.0977463
v 0.1000000 -0.7678896 0.0983859
v 0.2000000 -0.8041798 0.0840540
v 0.2000000 -0.7678896 0.0983859
v 0.1000000 -0.7678896 0.0983859
v 0.1000000 -0.8041798 0.0840540
v 0.2000000 -0.8322200 0.0569200
v 0.2000000 -0.8041798 0.0840540
v 0.1000000 -0.8041798 0.0840540
v 0.1000000 -0.8322200 0.0569200
v 0.2000000 -0.8477463 0.0211228
v 0.2000000 -0.8322200 0.0569200
v 0.1000000 -0.8322200 0.0569200
v 0.1000000 -0.8477463 0.0211228
v 0.2000000 -0.7711230 -0.0977438
v 0.1750000 -0.7711230 -0.0977438
v 0.1750000 -0.7321090 -0.0983892
v 0.2000000 -0.7321090 -0.0983892
v 0.2000000 -0.7321090 -0.0983892
v 0.1750000 -0.7321090 -0.0983892
v 0.1750000 -0.6958215 -0.0840507
v 0.2000000 -0.6958215 -0.0840507
v 0.2000000 -0.6958215 -0.0840507
v 0.1750000 -0.6958215 -0.0840507
v 0.1750000 -0.6677783 -0.0569221
v 0.2000000 -0.6677783 -0.0569221
v 0.2000000 -0.7088900 -0.0284600
v 0.2000000 -0.7011268 -0.0105614
v 0.1000000 -0.7011268 -0.0105614
v 0.1000000 -0.7088900 -0.0284600
v 0.2000000 -0.7011268 -0.0105614
v 0.2000000 -0.7008071 0.0089448
v 0.1000000 -0.7008071 0.0089448
v 0.1000000 -0.7011268 -0.0105614
v 0.2000000 -0.7008071 0.0089448
v 0.2000000 -0.7079730 0.0270899
v 0.1000000 -0.7079730 0.0270899
v 0.1000000 -0.7008071 0.0089448
v 0.2000000 -0.7079730 0.0270899
v 0.2000000 -0.7215400 0.0411100
v 0.1000000 -0.7215400 0.0411100
v 0.1000000 -0.7079730 0.0270899
v 0.2000000 -0.7215400 0.0411100
v 0.2000000 -0.7394386 0.0488732
v 0.1000000 -0.7394386 0.0488732
v 0.1000000 -0.7215400 0.0411100
v 0.2000000 -0.7394386 0.0488732
v 0.2000000 -0.7589448 0.0491929
v 0.1000000 -0.7589448 0.0491929
v 0.1000000 -0.7394386 0.0488732
v 0.2000000 -0.7589448 0.0491929
v 0.2000000 -0.7770899 0.0420270
v 0.1000000 -0.7770899 0.0420270
v 0.1000000 -0.7589448 0.0491929
v 0.2000000 -0.7770899 0.0420270
v 0.2000000 -0.7911100 0.0284600
v 0.1000000 -0.7911100 0.0284600
v 0.1000000 -0.7770899 0.0420270
v 0.2000000 -0.7911100 0.0284600
v 0.2000000 -0.7988732 0.0105614
v 0.1000000 -0.7988732 0.0105614
v 0.1000000 -0.7911100 0.0284600
v 0.2000000 -0.7988732 0.0105614
v 0.2000000 -0.7991929 -0.0089448
v 0.1000000 -0.7991929 -0.0089448
v 0.1000000 -0.7988732 0.0105614
v 0.2000000 -0.7991929 -0.0089448
v 0.2000000 -0.7920270 -0.0270899
v 0.1000000 -0.7920270 -0.0270899
v 0.1000000 -0.7991929 -0.0089448
v 0.2000000 -0.7920270 -0.0270899
v 0.2000000 -0.7784600 -0.0411100
v 0.1000000 -0.7784600 -0.0411100
v 0.1000000 -0.7920270 -0.0270899
v 0.2000000 -0.7784600 -0.0411100
v 0.2000000 -0.7605614 -0.0488732
v 0.1000000 -0.7605614 -0.0488732
v 0.1000000 -0.7784600 -0.0411100
v 0.2000000 -0.7605614 -0.0488732
v 0.2000000 -0.7410552 -0.0491929
v 0.1000000 -0.7410552 -0.0491929
v 0.1000000 -0.7605614 -0.0488732
v 0.2000000 -0.7410552 -0.0491929
v 0.2000000 -0.7229101 -0.0420270
v 0.1000000 -0.7229101 -0.0420270
v 0.1000000 -0.7410552 -0.0491929
v 0.2000000 -0.7229101 -0.0420270
v 0.2000000 -0.7088900 -0.0284600
v 0.1000000 -0.7088900 -0.0284600
v 0.1000000 -0.7229101 -0.0420270
v 0.1000000 -0.7394386 0.0488732
v 0.1000000 -0.7288772 0.0977463
v 0.1000000 -0.6930800 0.0822200
v 0.1000000 -0.7215400 0.0411100
v 0.1000000 -0.7589448 0.0491929
v 0.1000000 -0.7678896 0.0983859
v 0.1000000 -0.7288772 0.0977463
v 0.1000000 -0.7394386 0.0488732
v 0.1000000 -0.7770899 0.0420270
v 0.1000000 -0.8041798 0.0840540
v 0.1000000 -0.7678896 0.0983859
v 0.1000000 -0.7589448 0.0491929
v 0.1000000 -0.7770895 0.0420258
v 0.1000000 -0.7911112 0.0284604
v 0.1000000 -0.8322225 0.0569209
v 0.1000000 -0.8041790 0.0840515
v 0.1000000 -0.7911112 0.0284604
v 0.1000000 -0.7988714 0.0105614
v 0.1000000 -0.8477428 0.0211228
v 0.1000000 -0.8322225 0.0569209
v 0.2000000 -0.7288772 0.0977463
v 0.2000000 -0.7394386 0.0488732
v 0.2000000 -0.7215400 0.0411100
v 0.2000000 -0.6930800 0.0822200
v 0.2000000 -0.7678896 0.0983859
v 0.2000000 -0.7589448 0.0491929
v 0.2000000 -0.7394386 0.0488732
v 0.2000000 -0.7288772 0.0977463
v 0.2000000 -0.8041798 0.0840540
v 0.2000000 -0.7770899 0.0420270
v 0.2000000 -0.7589448 0.0491929
v 0.2000000 -0.7678896 0.0983859
v 0.2000000 -0.8322200 0.0569200
v 0.2000000 -0.7911100 0.0284600
v 0.2000000 -0.7770899 0.0420270
v 0.2000000 -0.8041798 0.0840540
v 0.2000000 -0.8477463 0.0211228
v 0.2000000 -0.7988732 0.0105614
v 0.2000000 -0.7911100 0.0284600
v 0.2000000 -0.8322200 0.0569200
v 0.2000000 -0.8483859 -0.0178896
v 0.2000000 -0.7991929 -0.0089448
v 0.2000000 -0.7988732 0.0105614
v 0.2000000 -0.8477463 0.0211228
v 0.2000000 -0.8340540 -0.0541798
v 0.2000000 -0.7920270 -0.0270899
v 0.2000000 -0.7991929 -0.0089448
v 0.2000000 -0.8483859 -0.0178896
v 0.2000000 -0.8069200 -0.0822200
v 0.2000000 -0.7784600 -0.0411100
v 0.2000000 -0.7920270 -0.0270899
v 0.2000000 -0.8340540 -0.0541798
v 0.2000000 -0.7711228 -0.0977463
v 0.2000000 -0.7605614 -0.0488732
v 0.2000000 -0.7784600 -0.0411100
v 0.2000000 -0.8069200 -0.0822200
v 0.2000000 -0.7321104 -0.0983859
v 0.2000000 -0.7410552 -0.0491929
v 0.2000000 -0.7605614 -0.0488732
v 0.2000000 -0.7711228 -0.0977463
v 0.2000000 -0.6958202 -0.0840540
v 0.2000000 -0.7229101 -0.0420270
v 0.2000000 -0.7410552 -0.0491929
v 0.2000000 -0.7321104 -0.0983859
v 0.2000000 -0.6677800 -0.0569200
v 0.2000000 -0.7088900 -0.0284600
v 0.2000000 -0.7229101 -0.0420270
v 0.2000000 -0.6958202 -0.0840540
v 0.2000000 -0.6522537 -0.0211228
v 0.2000000 -0.7011268 -0.0105614
v 0.2000000 -0.7088900 -0.0284600
v 0.2000000 -0.6677800 -0.0569200
v 0.2000000 -0.6516141 0.0178896
v 0.2000000 -0.7008071 0.0089448
v 0.2000000 -0.7011268 -0.0105614
v 0.2000000 -0.6522537 -0.0211228
v 0.2000000 -0.6659460 0.0541798
v 0.2000000 -0.7079730 0.0270899
v 0.2000000 -0.7008071 0.0089448
v 0.2000000 -0.6516141 0.0178896
v 0.2000000 -0.6930800 0.0822200
v 0.2000000 -0.7215400 0.0411100
v 0.2000000 -0.7079730 0.0270899
v 0.2000000 -0.6659460 0.0541798
v 0.2000000 -0.9788772 -1.0522537
v 0.2000000 -0.9430800 -1.0677800
v 0.0500000 -0.9430800 -1.0677800
v 0.0500000 -0.9788772 -1.0522537
v 0.2000000 -1.0178896 -1.0516141
v 0.2000000 -0.9788772 -1.0522537
v 0.0500000 -0.9788772 -1.0522537
v 0.0500000 -1.0178896 -1.0516141
v 0.2000000 -1.0541798 -1.0659460
v 0.2000000 -1.0178896 -1.0516141
v 0.0500000 -1.0178896 -1.0516141
v 0.0500000 -1.0541798 -1.0659460
v 0.2000000 -1.0822200 -1.0930800
v 0.2000000 -1.0541798 -1.0659460
v 0.0500000 -1.0541798 -1.0659460
v 0.0500000 -1.0822200 -1.0930800
v 0.2000000 -1.0977463 -1.1288772
v 0.2000000 -1.0822200 -1.0930800
v 0.0500000 -1.0822200 -1.0930800
v 0.0500000 -1.0977463 -1.1288772
v 0.2000000 -1.0983859 -1.1678896
v 0.2000000 -1.0977463 -1.1288772
v 0.0500000 -1.0977463 -1.1288772
v 0.0500000 -1.0983859 -1.1678896
v 0.2000000 -1.0840540 -1.2041798
v 0.2000000 -1.0983859 -1.1678896
v 0.0500000 -1.0983859 -1.1678896
v 0.0500000 -1.0840540 -1.2041798
v 0.2000000 -1.0569200 -1.2322200
v 0.2000000 -1.0840540 -1.2041798
v 0.0500000 -1.0840540 -1.2041798
v 0.0500000 -1.0569200 -1.2322200
v 0.2000000 -1.0211228 -1.2477463
v 0.2000000 -1.0569200 -1.2322200
v 0.0500000 -1.0569200 -1.2322200
v 0.0500000 -1.0211228 -1.2477463
v 0.2000000 -0.9821104 -1.2483859
v 0.2000000 -1.0211228 -1.2477463
v 0.0500000 -1.0211228 -1.2477463
v 0.0500000 -0.9821104 -1.2483859
v 0.2000000 -0.9458202 -1.2340540
v 0.2000000 -0.9821104 -1.2483859
v 0.0500000 -0.9821104 -1.2483859
v 0.0500000 -0.9458202 -1.2340540
v 0.2000000 -0.9177800 -1.2069200
v 0.2000000 -0.9458202 -1.2340540
v 0.0500000 -0.9458202 -1.2340540
v 0.0500000 -0.9177800 -1.2069200
v 0.2000000 -0.9022537 -1.1711228
v 0.2000000 -0.9177800 -1.2069200
v 0.0500000 -0.9177800 -1.2069200
v 0.0500000 -0.9022537 -1.1711228
v 0.2000000 -0.9430800 -1.0677800
v 0.2000000 -0.9788772 -1.0522537
v 0.2000000 -1.0178896 -1.0516141
v 0.2000000 -0.9430800 -1.0677800
v 0.2000000 -1.0178896 -1.0516141
v 0.2000000 -1.0541798 -1.0659460
v 0.2000000 -0.9430800 -1.0677800
v 0.2000000 -1.0541798 -1.0659460
v 0.2000000 -1.0822200 -1.0930800
v 0.2000000 -0.9430800 -1.0677800
v 0.2000000 -1.0822200 -1.0930800
v 0.2000000 -1.0977463 -1.1288772
v 0.2000000 -0.9430800 -1.0677800
v 0.2000000 -1.0977463 -1.1288772
v 0.2000000 -1.0983859 -1.1678896
v 0.2000000 -0.9430800 -1.0677800
v 0.2000000 -1.0983859 -1.1678896
v 0.2000000 -1.0840540 -1.2041798
v 0.2000000 -0.9430800 -1.0677800
v 0.2000000 -1.0840540 -1.2041798
v 0.2000000 -1.0569200 -1.2322200
v 0.2000000 -0.9430800 -1.0677800
v 0.2000000 -1.0569200 -1.2322200
v 0.2000000 -1.0211228 -1.2477463
v 0.2000000 -0.9430800 -1.0677800
v 0.2000000 -1.0211228 -1.2477463
v 0.2000000 -0.9821104 -1.2483859
v 0.2000000 -0.9430800 -1.0677800
v 0.2000000 -0.9821104 -1.2483859
v 0.2000000 -0.9458202 -1.2340540
v 0.2000000 -0.9430800 -1.0677800
v 0.2000000 -0.9458202 -1.2340540
v 0.2000000 -0.9177800 -1.2069200
v 0.2000000 -0.9430800 -1.0677800
v 0.2000000 -0.9177800 -1.2069200
v 0.2000000 -0.9022537 -1.1711228
v 0.0500000 -0.8888843 -1.3162989
v 0.0500000 -0.8337060 -1.2611140
v 0.0500000 -1.0000000 -1.1500000
v 0.0500000 -0.9609822 -1.3461552
v 0.0500000 -0.8888843 -1.3162989
v 0.0500000 -1.0000000 -1.1500000
v 0.0500000 -1.0390175 -1.3461624
v 0.0500000 -0.9609822 -1.3461552
v 0.0500000 -1.0000000 -1.1500000
v 0.0500000 -1.1111140 -1.3162940
v 0.0500000 -1.0390175 -1.3461624
v 0.0500000 -1.0000000 -1.1500000
v 0.0500000 -1.1662989 -1.2611157
v 0.0500000 -1.1111140 -1.3162940
v 0.0500000 -1.0000000 -1.1500000
v 0.0500000 -1.1961552 -1.1890178
v 0.0500000 -1.1662989 -1.2611157
v 0.0500000 -1.0000000 -1.1500000
v 0.0500000 -1.1961624 -1.1109825
v 0.0500000 -1.1961552 -1.1890178
v 0.0500000 -1.0000000 -1.1500000
v 0.0500000 -1.1662940 -1.0388860
v 0.0500000 -1.1961624 -1.1109825
v 0.0500000 -1.0000000 -1.1500000
v 0.0500000 -1.1111157 -0.9837011
v 0.0500000 -1.1662940 -1.0388860
v 0.0500000 -1.0000000 -1.1500000
v 0.0500000 -1.0390178 -0.9538448
v 0.0500000 -1.1111157 -0.9837011
v 0.0500000 -1.0000000 -1.1500000
v 0.1000000 -0.8795827 -0.1253345
v 0.1000000 -1.0764753 -1.0310395
v 0.1382700 -1.0690389 -1.0326561
v 0.1382700 -0.8721464 -0.1269511
v 0.1382700 -0.8721464 -0.1269511
v 0.1382700 -1.0690389 -1.0326561
v 0.1707100 -1.0478537 -1.0372616
v 0.1707100 -0.8509612 -0.1315566
v 0.1707100 -0.8509612 -0.1315566
v 0.1707100 -1.0478537 -1.0372616
v 0.1923900 -1.0161541 -1.0441528
v 0.1923900 -0.8192616 -0.1384478
v 0.1923900 -0.8192616 -0.1384478
v 0.1923900 -1.0161541 -1.0441528
v 0.2000000 -0.9787575 -1.0522825
v 0.2000000 -0.7818650 -0.1465775
v 0.2000000 -0.7818650 -0.1465775
v 0.2000000 -0.9787575 -1.0522825
v 0.1923900 -0.9413609 -1.0604122
v 0.1923900 -0.7444684 -0.1547072
v 0.1923900 -0.7444684 -0.1547072
v 0.1923900 -0.9413609 -1.0604122
v 0.1707100 -0.9096613 -1.0673034
v 0.1707100 -0.7127688 -0.1615984
v 0.1707100 -0.7127688 -0.1615984
v 0.1707100 -0.9096613 -1.0673034
v 0.1382700 -0.8884761 -1.0719089
v 0.1382700 -0.6915836 -0.1662039
v 0.1382700 -0.6915836 -0.1662039
v 0.1382700 -0.8884761 -1.0719089
v 0.1000000 -0.8810398 -1.0735255
v 0.1000000 -0.6841473 -0.1678205
v 0.1382700 -0.8615249 -0.0780923
v 0.1000000 -0.8689612 -0.0764758
v 0.1000000 -0.8795827 -0.1253345
v 0.1382700 -0.8721464 -0.1269511
v 0.1707100 -0.8403397 -0.0826978
v 0.1382700 -0.8615249 -0.0780923
v 0.1382700 -0.8721464 -0.1269511
v 0.1707100 -0.8509612 -0.1315566
v 0.1923900 -0.8086401 -0.0895891
v 0.1707100 -0.8403397 -0.0826978
v 0.1707100 -0.8509612 -0.1315566
v 0.1923900 -0.8192616 -0.1384478
v 0.2000000 -0.7712435 -0.0977188
v 0.1923900 -0.8086401 -0.0895891
v 0.1923900 -0.8192616 -0.1384478
v 0.2000000 -0.7818650 -0.1465775
v 0.1923900 -0.7338469 -0.1058484
v 0.2000000 -0.7712435 -0.0977188
v 0.2000000 -0.7818650 -0.1465775
v 0.1923900 -0.7444684 -0.1547072
v 0.1707100 -0.7021473 -0.1127397
v 0.1923900 -0.7338469 -0.1058484
v 0.1923900 -0.7444684 -0.1547072
v 0.1707100 -0.7127688 -0.1615984
v 0.1382700 -0.6809621 -0.1173452
v 0.1707100 -0.7021473 -0.1127397
v 0.1707100 -0.7127688 -0.1615984
v 0.1382700 -0.6915836 -0.1662039
v 0.1923900 -0.9429775 -1.0678485
v 0.1923900 -0.9413609 -1.0604122
v 0.2000000 -0.9787575 -1.0522825
v 0.1923900 -0.9429775 -1.0678485
v 0.1707100 -0.9158834 -1.0959250
v 0.1707100 -0.9096613 -1.0673034
v 0.1923900 -0.9413609 -1.0604122
v 0.1707100 -0.9158834 -1.0959250
v 0.1382700 -0.9015894 -1.1322301
v 0.1382700 -0.8884761 -1.0719089
v 0.1707100 -0.9096613 -1.0673034
v 0.1382700 -0.9015894 -1.1322301
v 0.1000000 -0.9022828 -1.1712432
v 0.1000000 -0.8810398 -1.0735255
v 0.1382700 -0.8884761 -1.0719089
v 0.2000000 -0.9787575 -1.0522825
v 0.1923900 -1.0161541 -1.0441528
v 0.1923900 -1.0177707 -1.0515891
v 0.1923900 -1.0161541 -1.0441528
v 0.1707100 -1.0478537 -1.0372616
v 0.1707100 -1.0540758 -1.0658831
v 0.1923900 -1.0177707 -1.0515891
v 0.1707100 -1.0478537 -1.0372616
v 0.1382700 -1.0690389 -1.0326561
v 0.1382700 -1.0821522 -1.0929773
v 0.1707100 -1.0540758 -1.0658831
v 0.1382700 -1.0690389 -1.0326561
v 0.1000000 -1.0764753 -1.0310395
v 0.1000000 -1.0977183 -1.1287573
v 0.1382700 -1.0821522 -1.0929773
v 0.1923900 -0.7338459 -0.1058472
v 0.1923900 -0.7322293 -0.0984109
v 0.2000000 -0.7712425 -0.0977175
v 0.1923900 -0.7338459 -0.1058472
v 0.1707100 -0.7021463 -0.1127384
v 0.1707100 -0.6959242 -0.0841169
v 0.1923900 -0.7322293 -0.0984109
v 0.1923900 -0.8070225 -0.0821515
v 0.1923900 -0.8086391 -0.0895878
v 0.2000000 -0.7712425 -0.0977175
v 0.1923900 -0.8070225 -0.0821515
v 0.1707100 -0.8341166 -0.0540750
v 0.1707100 -0.8403387 -0.0826966
v 0.1923900 -0.8086391 -0.0895878
v 0.1707100 -0.8341166 -0.0540750
v 0.1382700 -0.8484106 -0.0177699
v 0.1382700 -0.8615239 -0.0780911
v 0.1707100 -0.8403387 -0.0826966
v 0.1382700 -0.8484106 -0.0177699
v 0.1000000 -0.8477173 0.0212433
v 0.1000000 -0.8689602 -0.0764745
v 0.1382700 -0.8615239 -0.0780911
v 0.1382700 -0.6792075 -0.1613900
v 0.1382700 -0.6890550 -0.1545725
v 0.1000000 -0.6841475 -0.1678200
v 0.1382700 -0.6890550 -0.1545725
v 0.1382700 -0.6915825 -0.1662025
v 0.1000000 -0.6841475 -0.1678200
v 0.1000000 -0.7170000 -2.2441853
v 0.2000000 -0.7170000 -2.2441850
v 0.2000000 -0.7556375 -2.2496301
v 0.1000000 -0.7556375 -2.2496303
v 0.1000000 -0.7556375 -2.2496303
v 0.2000000 -0.7556375 -2.2496301
v 0.2000000 -0.7934147 -2.2398692
v 0.1000000 -0.7934147 -2.2398694
v 0.1000000 -0.7934147 -2.2398694
v 0.2000000 -0.7934147 -2.2398692
v 0.2000000 -0.8245854 -2.2164001
v 0.1000000 -0.8245854 -2.2164004
v 0.1000000 -0.8245854 -2.2164004
v 0.2000000 -0.8245854 -2.2164001
v 0.2000000 -0.8443983 -2.1827845
v 0.1000000 -0.8443983 -2.1827848
v 0.1000000 -0.8443983 -2.1827848
v 0.2000000 -0.8443983 -2.1827845
v 0.2000000 -0.8498436 -2.1441464
v 0.1000000 -0.8498436 -2.1441466
v 0.1000000 -0.8498436 -2.1441466
v 0.2000000 -0.8498436 -2.1441464
v 0.2000000 -0.8400833 -2.1063687
v 0.1000000 -0.8400833 -2.1063690
v 0.1000000 -0.8400833 -2.1063690
v 0.2000000 -0.8400833 -2.1063687
v 0.2000000 -0.8166149 -2.0751977
v 0.1000000 -0.8166149 -2.0751980
v 0.1000000 -0.8166149 -2.0751980
v 0.2000000 -0.8166149 -2.0751977
v 0.2000000 -0.7830000 -2.0553850
v 0.1000000 -0.7830000 -2.0553853
v 0.2000000 -0.6556650 -2.1167850
v 0.2000000 -0.6502199 -2.1554225
v 0.1923900 -0.6502199 -2.1554225
v 0.2000000 -0.6502199 -2.1554225
v 0.2000000 -0.6599808 -2.1931997
v 0.1707100 -0.6599807 -2.1931997
v 0.1923900 -0.6502199 -2.1554225
v 0.2000000 -0.6599808 -2.1931997
v 0.2000000 -0.6834499 -2.2243704
v 0.1382700 -0.6834497 -2.2243704
v 0.1707100 -0.6599807 -2.1931997
v 0.2000000 -0.6834499 -2.2243704
v 0.2000000 -0.7170655 -2.2441833
v 0.1000000 -0.7170653 -2.2441833
v 0.1382700 -0.6834497 -2.2243704
v 0.1000000 -0.7335000 -2.1969850
v 0.1000000 -0.7528188 -2.1997075
v 0.2000000 -0.7528188 -2.1997075
v 0.2000000 -0.7335000 -2.1969850
v 0.1000000 -0.7528188 -2.1997075
v 0.1000000 -0.7717074 -2.1948271
v 0.2000000 -0.7717074 -2.1948271
v 0.2000000 -0.7528188 -2.1997075
v 0.1000000 -0.7717074 -2.1948271
v 0.1000000 -0.7872928 -2.1830926
v 0.2000000 -0.7872928 -2.1830926
v 0.2000000 -0.7717074 -2.1948271
v 0.1000000 -0.7872928 -2.1830926
v 0.1000000 -0.7971993 -2.1662847
v 0.2000000 -0.7971993 -2.1662847
v 0.2000000 -0.7872928 -2.1830926
v 0.1000000 -0.7971993 -2.1662847
v 0.1000000 -0.7999219 -2.1469657
v 0.2000000 -0.7999219 -2.1469657
v 0.2000000 -0.7971993 -2.1662847
v 0.1000000 -0.7999219 -2.1469657
v 0.1000000 -0.7950417 -2.1280769
v 0.2000000 -0.7950417 -2.1280769
v 0.2000000 -0.7999219 -2.1469657
v 0.1000000 -0.7950417 -2.1280769
v 0.1000000 -0.7833075 -2.1124914
v 0.2000000 -0.7833075 -2.1124914
v 0.2000000 -0.7950417 -2.1280769
v 0.1000000 -0.7833075 -2.1124914
v 0.1000000 -0.7665000 -2.1025850
v 0.2000000 -0.7665000 -2.1025850
v 0.2000000 -0.7833075 -2.1124914
v 0.1000000 -0.7665000 -2.1025850
v 0.1000000 -0.7471812 -2.0998625
v 0.2000000 -0.7471812 -2.0998625
v 0.2000000 -0.7665000 -2.1025850
v 0.1000000 -0.7471812 -2.0998625
v 0.1000000 -0.7282926 -2.1047429
v 0.2000000 -0.7282926 -2.1047429
v 0.2000000 -0.7471812 -2.0998625
v 0.1000000 -0.7282926 -2.1047429
v 0.1000000 -0.7127072 -2.1164774
v 0.2000000 -0.7127072 -2.1164774
v 0.2000000 -0.7282926 -2.1047429
v 0.1000000 -0.7127072 -2.1164774
v 0.1000000 -0.7028008 -2.1332853
v 0.2000000 -0.7028008 -2.1332853
v 0.2000000 -0.7127072 -2.1164774
v 0.1000000 -0.7028008 -2.1332853
v 0.1000000 -0.7000781 -2.1526043
v 0.2000000 -0.7000781 -2.1526043
v 0.2000000 -0.7028008 -2.1332853
v 0.1000000 -0.7000781 -2.1526043
v 0.1000000 -0.7049583 -2.1714931
v 0.2000000 -0.7049583 -2.1714931
v 0.2000000 -0.7000781 -2.1526043
v 0.1000000 -0.7049583 -2.1714931
v 0.1000000 -0.7166925 -2.1870786
v 0.2000000 -0.7166925 -2.1870786
v 0.2000000 -0.7049583 -2.1714931
v 0.1000000 -0.7166925 -2.1870786
v 0.1000000 -0.7335000 -2.1969850
v 0.2000000 -0.7335000 -2.1969850
v 0.2000000 -0.7166925 -2.1870786
v 0.2000000 -0.8443985 -2.1827845
v 0.2000000 -0.7971993 -2.1662847
v 0.2000000 -0.7999219 -2.1469657
v 0.2000000 -0.8498439 -2.1441464
v 0.2000000 -0.8498439 -2.1441464
v 0.2000000 -0.7999219 -2.1469657
v 0.2000000 -0.7950417 -2.1280769
v 0.2000000 -0.8400835 -2.1063687
v 0.2000000 -0.8400835 -2.1063687
v 0.2000000 -0.7950417 -2.1280769
v 0.2000000 -0.7833075 -2.1124914
v 0.2000000 -0.8166150 -2.0751977
v 0.2000000 -0.8166150 -2.0751977
v 0.2000000 -0.7833075 -2.1124914
v 0.2000000 -0.7665000 -2.1025850
v 0.2000000 -0.7830000 -2.0553850
v 0.2000000 -0.7830000 -2.0553850
v 0.2000000 -0.7665000 -2.1025850
v 0.2000000 -0.7471812 -2.0998625
v 0.2000000 -0.7443624 -2.0499399
v 0.2000000 -0.7443624 -2.0499399
v 0.2000000 -0.7471812 -2.0998625
v 0.2000000 -0.7282926 -2.1047429
v 0.2000000 -0.7065851 -2.0597008
v 0.2000000 -0.7065851 -2.0597008
v 0.2000000 -0.7282926 -2.1047429
v 0.2000000 -0.7127072 -2.1164774
v 0.2000000 -0.6754143 -2.0831699
v 0.2000000 -0.6754143 -2.0831699
v 0.2000000 -0.7127072 -2.1164774
v 0.2000000 -0.7028008 -2.1332853
v 0.2000000 -0.6556015 -2.1167855
v 0.2000000 -0.6556015 -2.1167855
v 0.2000000 -0.7028008 -2.1332853
v 0.2000000 -0.7000781 -2.1526043
v 0.2000000 -0.6501561 -2.1554236
v 0.2000000 -0.6501561 -2.1554236
v 0.2000000 -0.7000781 -2.1526043
v 0.2000000 -0.7049583 -2.1714931
v 0.2000000 -0.6599165 -2.1932013
v 0.2000000 -0.6599165 -2.1932013
v 0.2000000 -0.7049583 -2.1714931
v 0.2000000 -0.7166925 -2.1870786
v 0.2000000 -0.6833850 -2.2243723
v 0.2000000 -0.6833850 -2.2243723
v 0.2000000 -0.7166925 -2.1870786
v 0.2000000 -0.7335000 -2.1969850
v 0.2000000 -0.7170000 -2.2441850
v 0.2000000 -0.7170000 -2.2441850
v 0.2000000 -0.7335000 -2.1969850
v 0.2000000 -0.7528188 -2.1997075
v 0.2000000 -0.7556376 -2.2496301
v 0.2000000 -0.7556376 -2.2496301
v 0.2000000 -0.7528188 -2.1997075
v 0.2000000 -0.7717074 -2.1948271
v 0.2000000 -0.7934149 -2.2398692
v 0.2000000 -0.7934149 -2.2398692
v 0.2000000 -0.7717074 -2.1948271
v 0.2000000 -0.7872928 -2.1830926
v 0.2000000 -0.8245857 -2.2164001
v 0.2000000 -0.8245857 -2.2164001
v 0.2000000 -0.7872928 -2.1830926
v 0.2000000 -0.7971993 -2.1662847
v 0.2000000 -0.8443985 -2.1827845
v 0.1000000 -0.7170000 -2.2441850
v 0.1000000 -0.7556376 -2.2496301
v 0.1000000 -0.7528188 -2.1997075
v 0.1000000 -0.7335000 -2.1969850
v 0.1000000 -0.7556376 -2.2496301
v 0.1000000 -0.7934149 -2.2398692
v 0.1000000 -0.7717074 -2.1948271
v 0.1000000 -0.7528188 -2.1997075
v 0.1000000 -0.7934149 -2.2398692
v 0.1000000 -0.8245857 -2.2164001
v 0.1000000 -0.7872928 -2.1830926
v 0.1000000 -0.7717074 -2.1948271
v 0.1000000 -0.8245857 -2.2164001
v 0.1000000 -0.8443985 -2.1827845
v 0.1000000 -0.7971993 -2.1662847
v 0.1000000 -0.7872928 -2.1830926
v 0.1000000 -0.8443985 -2.1827845
v 0.1000000 -0.8498439 -2.1441464
v 0.1000000 -0.7999219 -2.1469657
v 0.1000000 -0.7971993 -2.1662847
v 0.1000000 -0.8498439 -2.1441464
v 0.1000000 -0.8400835 -2.1063687
v 0.1000000 -0.7950417 -2.1280769
v 0.1000000 -0.7999219 -2.1469657
v 0.1000000 -0.8400835 -2.1063687
v 0.1000000 -0.8166150 -2.0751977
v 0.1000000 -0.7833075 -2.1124914
v 0.1000000 -0.7950417 -2.1280769
v 0.1000000 -0.8166150 -2.0751977
v 0.1000000 -0.7830000 -2.0553850
v 0.1000000 -0.7665000 -2.1025850
v 0.1000000 -0.7833075 -2.1124914
v 0.1000000 -0.7471812 -2.0998625
v 0.1000000 -0.7665000 -2.1025850
v 0.1000000 -0.7193008 -2.0860853
v 0.1000000 -0.7282926 -2.1047429
v 0.1000000 -0.7471812 -2.0998625
v 0.1000000 -0.7193008 -2.0860853
v 0.1000000 -0.7127072 -2.1164774
v 0.1000000 -0.7282926 -2.1047429
v 0.1000000 -0.7193008 -2.0860853
v 0.1000000 -0.7028008 -2.1332853
v 0.1000000 -0.7127072 -2.1164774
v 0.1000000 -0.7193008 -2.0860853
v 0.1000000 -0.7000781 -2.1526043
v 0.1000000 -0.7028008 -2.1332853
v 0.1000000 -0.6863008 -2.1804852
v 0.1000000 -0.7049583 -2.1714931
v 0.1000000 -0.7000781 -2.1526043
v 0.1000000 -0.6863008 -2.1804852
v 0.1000000 -0.7166925 -2.1870786
v 0.1000000 -0.7049583 -2.1714931
v 0.1000000 -0.6863008 -2.1804852
v 0.1000000 -0.7335000 -2.1969850
v 0.1000000 -0.7166925 -2.1870786
v 0.1000000 -0.6863008 -2.1804852
v 0.1000000 -0.7335650 -2.1969850
v 0.1000000 -0.6863675 -2.1804850
v 0.1000000 -0.1653000 -2.0513000
v 0.1000000 -0.7170000 -2.2444000
v 0.1000000 -0.7193675 -2.0860850
v 0.1000000 -0.7665650 -2.1025850
v 0.1000000 -0.7830650 -2.0553850
v 0.1000000 -0.2313000 -1.8625000
v 0.0250000 0.2450000 -1.9289025
v 0.0250000 -0.0450000 -2.0302775
v 0.0250000 -0.0450000 -2.0375000
v 0.0250000 0.2450000 -2.0375000
v 0.1923900 -0.6754755 -2.0831821
v 0.2000000 -0.6754755 -2.0831821
v 0.2000000 -0.6556648 -2.1167982
v 0.1923900 -0.6754755 -2.0831821
v 0.1707100 -0.7066447 -2.0597118
v 0.2000000 -0.7066448 -2.0597118
v 0.2000000 -0.6754755 -2.0831821
v 0.1707100 -0.7066447 -2.0597118
v 0.1382700 -0.7444213 -2.0499491
v 0.2000000 -0.7444214 -2.0499492
v 0.2000000 -0.7066448 -2.0597118
v 0.1382700 -0.7444213 -2.0499491
v 0.1000000 -0.7830590 -2.0553920
v 0.2000000 -0.7830592 -2.0553923
v 0.2000000 -0.7444214 -2.0499492
v 0.1923900 -0.6522537 -0.0211228
v 0.2000000 -0.6522537 -0.0211228
v 0.2000000 -0.6677800 -0.0569200
v 0.1923900 -0.6522537 -0.0211228
v 0.1707100 -0.6516141 0.0178896
v 0.2000000 -0.6516141 0.0178896
v 0.2000000 -0.6522537 -0.0211228
v 0.1707100 -0.6516141 0.0178896
v 0.1382700 -0.6659460 0.0541798
v 0.2000000 -0.6659460 0.0541798
v 0.2000000 -0.6516141 0.0178896
v 0.1382700 -0.6659460 0.0541798
v 0.1000000 -0.6930800 0.0822200
v 0.2000000 -0.6930800 0.0822200
v 0.2000000 -0.6659460 0.0541798
v 0.2000000 -0.7711230 -0.0977438
v 0.2000000 -0.8069221 -0.0822217
v 0.1923900 -0.8069221 -0.0822217
v 0.2000000 -0.8069221 -0.0822217
v 0.2000000 -0.8340507 -0.0541785
v 0.1707100 -0.8340507 -0.0541785
v 0.1923900 -0.8069221 -0.0822217
v 0.2000000 -0.8340507 -0.0541785
v 0.2000000 -0.8483892 -0.0178910
v 0.1382700 -0.8483892 -0.0178910
v 0.1707100 -0.8340507 -0.0541785
v 0.2000000 -0.8483892 -0.0178910
v 0.2000000 -0.8477438 0.0211230
v 0.1000000 -0.8477438 0.0211230
v 0.1382700 -0.8483892 -0.0178910
v 0.1000000 -0.8094333 -0.0383103
v 0.1000000 -0.7988717 0.0105615
v 0.1000000 -0.7991945 -0.0089454
v 0.1000000 -0.8094333 -0.0383103
v 0.1000000 -0.7991945 -0.0089454
v 0.1000000 -0.7920253 -0.0270892
v 0.1000000 -0.8094333 -0.0383103
v 0.1000000 -0.7920253 -0.0270892
v 0.1000000 -0.7784610 -0.0411107
v 0.1000000 -0.8094333 -0.0383103
v 0.1000000 -0.7784610 -0.0411107
v 0.1000000 -0.7605615 -0.0488718
v 0.1000000 -0.7116898 -0.0594333
v 0.1000000 -0.7605615 -0.0488718
v 0.1000000 -0.7410546 -0.0491945
v 0.1000000 -0.7116898 -0.0594333
v 0.1000000 -0.7410546 -0.0491945
v 0.1000000 -0.7229108 -0.0420253
v 0.1000000 -0.7116898 -0.0594333
v 0.1000000 -0.7229108 -0.0420253
v 0.1000000 -0.7088893 -0.0284610
v 0.1000000 -0.7116898 -0.0594333
v 0.1000000 -0.7088893 -0.0284610
v 0.1000000 -0.7011283 -0.0105615
v 0.1000000 -0.7011283 -0.0105615
v 0.1000000 -0.7008055 0.0089454
v 0.1000000 -0.6905668 0.0383103
v 0.1000000 -0.7008055 0.0089454
v 0.1000000 -0.7079747 0.0270892
v 0.1000000 -0.6905668 0.0383103
v 0.1000000 -0.7079747 0.0270892
v 0.1000000 -0.7215390 0.0411107
v 0.1000000 -0.6905668 0.0383103
v 0.1000000 -0.7988725 0.0105625
v 0.1000000 -0.8477175 0.0212425
v 0.1000000 -0.8477425 0.0211225
v 0.1000000 -0.8477175 0.0212425
v 0.1000000 -0.7988725 0.0105625
v 0.1000000 -0.8094325 -0.0383100
v 0.1000000 -0.8689400 -0.0764600
v 0.1000000 -0.6841475 -0.1678200
v 0.1000000 -0.8689400 -0.0764600
v 0.1000000 -0.8094325 -0.0383100
v 0.1000000 -0.7116900 -0.0594325
v 0.1000000 -0.6835400 -0.1676475
v 0.1000000 -0.6841475 -0.1678200
v 0.1000000 -0.7116900 -0.0594325
v 0.1000000 -0.6108100 0.0252525
v 0.1000000 -0.7116900 -0.0594325
v 0.1000000 -0.6905675 0.0383100
v 0.1000000 -0.6108100 0.0252525
v 0.1000000 -0.7215400 0.0411100
v 0.1000000 -0.6930800 0.0822200
v 0.1000000 -0.6905675 0.0383100
v 0.1000000 -0.6905675 0.0383100
v 0.1000000 -0.6930800 0.0822200
v 0.1000000 -0.6108100 0.0252525
v -0.1000000 -0.1000000 -0.1000000
v -0.1000000 -0.0016150 -0.4321100
v -0.1000000 -0.1225000 -0.1750000
v -0.1000000 -0.1225000 -0.1750000
v -0.1000000 -0.0016150 -0.4321100
v -0.1000000 -0.1625000 -0.2500000
v -0.1000000 -0.1625000 -0.2500000
v -0.1000000 -0.0016150 -0.4321100
v -0.1000000 -0.1814000 -0.2720225
v -0.1000000 -0.0000000 0.2500000
v -0.1000000 -0.0016150 -0.4321100
v -0.1000000 -0.1000000 -0.1000000
v -0.1000000 -0.1000000 0.2500000
v -0.1382700 -0.6792084 -0.1613906
v -0.1382700 -0.1525884 -0.5259631
v -0.1000000 -0.1569200 -0.5322200
v -0.1000000 -0.6835400 -0.1676475
v -0.1707100 -0.6668681 -0.1435653
v -0.1707100 -0.1402481 -0.5081378
v -0.1382700 -0.1525884 -0.5259631
v -0.1382700 -0.6792084 -0.1613906
v -0.1923900 -0.6484033 -0.1168931
v -0.1923900 -0.1217833 -0.4814656
v -0.1707100 -0.1402481 -0.5081378
v -0.1707100 -0.6668681 -0.1435653
v -0.2000000 -0.6266200 -0.0854275
v -0.2000000 -0.1000000 -0.4500000
v -0.1923900 -0.1217833 -0.4814656
v -0.1923900 -0.6484033 -0.1168931
v -0.1923900 -0.6048367 -0.0539619
v -0.1923900 -0.0782167 -0.4185344
v -0.2000000 -0.1000000 -0.4500000
v -0.2000000 -0.6266200 -0.0854275
v -0.1707100 -0.5863719 -0.0272897
v -0.1707100 -0.0597519 -0.3918622
v -0.1923900 -0.0782167 -0.4185344
v -0.1923900 -0.6048367 -0.0539619
v -0.1382700 -0.5740316 -0.0094644
v -0.1382700 -0.0474116 -0.3740369
v -0.1707100 -0.0597519 -0.3918622
v -0.1707100 -0.5863719 -0.0272897
v -0.1000000 -0.5697000 -0.0032075
v -0.1000000 -0.0430800 -0.3677800
v -0.1382700 -0.0474116 -0.3740369
v -0.1382700 -0.5740316 -0.0094644
v -0.1382700 -0.6151418 0.0189956
v -0.1000000 -0.6108103 0.0252525
v -0.1000000 -0.5697003 -0.0032075
v -0.1382700 -0.5740318 -0.0094644
v -0.1707100 -0.6274820 0.0011703
v -0.1382700 -0.6151418 0.0189956
v -0.1382700 -0.5740318 -0.0094644
v -0.1707100 -0.5863720 -0.0272897
v -0.1923900 -0.6459468 -0.0255019
v -0.1707100 -0.6274820 0.0011703
v -0.1707100 -0.5863720 -0.0272897
v -0.1923900 -0.6048368 -0.0539619
v -0.2000000 -0.6677300 -0.0569675
v -0.1923900 -0.6459468 -0.0255019
v -0.1923900 -0.6048368 -0.0539619
v -0.2000000 -0.6266200 -0.0854275
v -0.1923900 -0.6895132 -0.0884331
v -0.2000000 -0.6677300 -0.0569675
v -0.2000000 -0.6266200 -0.0854275
v -0.1923900 -0.6484032 -0.1168931
v -0.1707100 -0.7079780 -0.1151053
v -0.1923900 -0.6895132 -0.0884331
v -0.1923900 -0.6484032 -0.1168931
v -0.1707100 -0.6668680 -0.1435653
v -0.1382700 -0.7203182 -0.1329306
v -0.1707100 -0.7079780 -0.1151053
v -0.1707100 -0.6668680 -0.1435653
v -0.1382700 -0.6792082 -0.1613906
v -0.1382700 -0.1525884 -0.5259631
v -0.1000000 -0.1211228 -0.5477463
v -0.1000000 -0.1569200 -0.5322200
v -0.1382700 -0.1525884 -0.5259631
v -0.1439300 -0.1084833 -0.5394325
v -0.1000000 -0.1211228 -0.5477463
v -0.1707100 -0.1402481 -0.5081378
v -0.1439300 -0.1084833 -0.5394325
v -0.1382700 -0.1525884 -0.5259631
v -0.1707100 -0.1402481 -0.5081378
v -0.1783600 -0.0888857 -0.5111242
v -0.1439300 -0.1084833 -0.5394325
v -0.1923900 -0.1217833 -0.4814656
v -0.1783600 -0.0888857 -0.5111242
v -0.1707100 -0.1402481 -0.5081378
v -0.1923900 -0.1217833 -0.4814656
v -0.1923900 -0.0685344 -0.4717833
v -0.1783600 -0.0888857 -0.5111242
v -0.2000000 -0.1000000 -0.4500000
v -0.1923900 -0.0685344 -0.4717833
v -0.1923900 -0.1217833 -0.4814656
v -0.1439300 -0.1084833 -0.5394325
v -0.1000000 -0.0821104 -0.5483859
v -0.1000000 -0.1211228 -0.5477463
v -0.1439300 -0.1084833 -0.5394325
v -0.1439300 -0.0605774 -0.5307218
v -0.1000000 -0.0821104 -0.5483859
v -0.1783600 -0.0888857 -0.5111242
v -0.1439300 -0.0605774 -0.5307218
v -0.1439300 -0.1084833 -0.5394325
v -0.1783600 -0.0888857 -0.5111242
v -0.1707100 -0.0418622 -0.4902481
v -0.1439300 -0.0605774 -0.5307218
v -0.1923900 -0.0685344 -0.4717833
v -0.1707100 -0.0418622 -0.4902481
v -0.1783600 -0.0888857 -0.5111242
v -0.1439300 -0.0605774 -0.5307218
v -0.1000000 -0.0458202 -0.5340540
v -0.1000000 -0.0821104 -0.5483859
v -0.1439300 -0.0605774 -0.5307218
v -0.1382700 -0.0240369 -0.5025884
v -0.1000000 -0.0458202 -0.5340540
v -0.1707100 -0.0418622 -0.4902481
v -0.1382700 -0.0240369 -0.5025884
v -0.1439300 -0.0605774 -0.5307218
v -0.1382700 -0.0240369 -0.5025884
v -0.1000000 -0.0177800 -0.5069200
v -0.1000000 -0.0458202 -0.5340540
v -0.1000000 -0.0430800 -0.3677800
v -0.1000000 -0.0159460 -0.3958202
v -0.1382700 -0.0474116 -0.3740369
v -0.1000000 -0.0159460 -0.3958202
v -0.1439300 -0.0192782 -0.4105774
v -0.1382700 -0.0474116 -0.3740369
v -0.1382700 -0.0474116 -0.3740369
v -0.1439300 -0.0192782 -0.4105774
v -0.1707100 -0.0597519 -0.3918622
v -0.1439300 -0.0192782 -0.4105774
v -0.1783600 -0.0388758 -0.4388857
v -0.1707100 -0.0597519 -0.3918622
v -0.1707100 -0.0597519 -0.3918622
v -0.1783600 -0.0388758 -0.4388857
v -0.1923900 -0.0782167 -0.4185344
v -0.1783600 -0.0388758 -0.4388857
v -0.1923900 -0.0685344 -0.4717833
v -0.1923900 -0.0782167 -0.4185344
v -0.1923900 -0.0782167 -0.4185344
v -0.1923900 -0.0685344 -0.4717833
v -0.2000000 -0.1000000 -0.4500000
v -0.1000000 -0.0159460 -0.3958202
v -0.1000000 -0.0016141 -0.4321104
v -0.1439300 -0.0192782 -0.4105774
v -0.1000000 -0.0016141 -0.4321104
v -0.1439300 -0.0105675 -0.4584833
v -0.1439300 -0.0192782 -0.4105774
v -0.1439300 -0.0192782 -0.4105774
v -0.1439300 -0.0105675 -0.4584833
v -0.1783600 -0.0388758 -0.4388857
v -0.1439300 -0.0105675 -0.4584833
v -0.1707100 -0.0418622 -0.4902481
v -0.1783600 -0.0388758 -0.4388857
v -0.1783600 -0.0388758 -0.4388857
v -0.1707100 -0.0418622 -0.4902481
v -0.1923900 -0.0685344 -0.4717833
v -0.1000000 -0.0016141 -0.4321104
v -0.1000000 -0.0022537 -0.4711228
v -0.1439300 -0.0105675 -0.4584833
v -0.1000000 -0.0022537 -0.4711228
v -0.1382700 -0.0240369 -0.5025884
v -0.1439300 -0.0105675 -0.4584833
v -0.1439300 -0.0105675 -0.4584833
v -0.1382700 -0.0240369 -0.5025884
v -0.1707100 -0.0418622 -0.4902481
v -0.1000000 -0.0022537 -0.4711228
v -0.1000000 -0.0177800 -0.5069200
v -0.1382700 -0.0240369 -0.5025884
v -0.1923900 -0.6895133 -0.0884331
v -0.1923900 -0.6957702 -0.0841015
v -0.2000000 -0.6677300 -0.0569675
v -0.1923900 -0.6895133 -0.0884331
v -0.1707100 -0.7079781 -0.1151053
v -0.1707100 -0.7320604 -0.0984334
v -0.1923900 -0.6957702 -0.0841015
v -0.1923900 -0.6522037 -0.0211703
v -0.1923900 -0.6459467 -0.0255019
v -0.2000000 -0.6677300 -0.0569675
v -0.1923900 -0.6522037 -0.0211703
v -0.1707100 -0.6515641 0.0178421
v -0.1707100 -0.6274819 0.0011703
v -0.1923900 -0.6459467 -0.0255019
v -0.1707100 -0.6515641 0.0178421
v -0.1382700 -0.6658960 0.0541323
v -0.1382700 -0.6151416 0.0189956
v -0.1707100 -0.6274819 0.0011703
v -0.1382700 -0.6658960 0.0541323
v -0.1000000 -0.6930300 0.0821725
v -0.1000000 -0.6108100 0.0252525
v -0.1382700 -0.6151416 0.0189956
v -0.1000000 -0.6841475 -0.1678200
v -0.1000000 -0.3351075 -0.4088625
v -0.1000000 -0.1814000 -0.2720225
v -0.1000000 -0.6108100 0.0252525
v -0.1000000 -0.2313000 -1.8625000
v -0.1000000 -0.7193675 -2.0860850
v -0.1000000 -0.6863675 -2.1804850
v -0.1000000 -0.1653000 -2.0513000
v -0.1382700 -0.6251788 -2.2040012
v -0.1382700 -0.0970113 -2.0193662
v -0.1000000 -0.0945000 -2.0265500
v -0.1000000 -0.6226675 -2.2111850
v -0.1707100 -0.6323332 -2.1835352
v -0.1707100 -0.1041657 -1.9989002
v -0.1382700 -0.0970113 -2.0193662
v -0.1382700 -0.6251788 -2.2040012
v -0.1923900 -0.6430384 -2.1529119
v -0.1923900 -0.1148709 -1.9682769
v -0.1707100 -0.1041657 -1.9989002
v -0.1707100 -0.6323332 -2.1835352
v -0.2000000 -0.6556675 -2.1167850
v -0.2000000 -0.1275000 -1.9321500
v -0.1923900 -0.1148709 -1.9682769
v -0.1923900 -0.6430384 -2.1529119
v -0.1923900 -0.6682966 -2.0806581
v -0.1923900 -0.1401291 -1.8960231
v -0.2000000 -0.1275000 -1.9321500
v -0.2000000 -0.6556675 -2.1167850
v -0.1707100 -0.6790018 -2.0500348
v -0.1707100 -0.1508343 -1.8653998
v -0.1923900 -0.1401291 -1.8960231
v -0.1923900 -0.6682966 -2.0806581
v -0.1382700 -0.6861562 -2.0295688
v -0.1382700 -0.1579887 -1.8449338
v -0.1707100 -0.1508343 -1.8653998
v -0.1707100 -0.6790018 -2.0500348
v -0.1000000 -0.6886675 -2.0223850
v -0.1000000 -0.1605000 -1.8377500
v -0.1382700 -0.1579887 -1.8449338
v -0.1382700 -0.6861562 -2.0295688
v -0.1382700 -0.1579887 -1.8449338
v -0.1000000 -0.1605000 -1.8377500
v -0.1000000 -0.1275000 -1.9321500
v -0.1707100 -0.1508343 -1.8653998
v -0.1382700 -0.1579887 -1.8449338
v -0.1000000 -0.1275000 -1.9321500
v -0.1923900 -0.1401291 -1.8960231
v -0.1707100 -0.1508343 -1.8653998
v -0.1000000 -0.1275000 -1.9321500
v -0.2000000 -0.1275000 -1.9321500
v -0.1923900 -0.1401291 -1.8960231
v -0.1000000 -0.1275000 -1.9321500
v -0.1923900 -0.1148709 -1.9682769
v -0.2000000 -0.1275000 -1.9321500
v -0.1000000 -0.1275000 -1.9321500
v -0.1707100 -0.1041657 -1.9989002
v -0.1923900 -0.1148709 -1.9682769
v -0.1000000 -0.1275000 -1.9321500
v -0.1382700 -0.0970113 -2.0193662
v -0.1707100 -0.1041657 -1.9989002
v -0.1000000 -0.1275000 -1.9321500
v -0.1000000 -0.0945000 -2.0265500
v -0.1382700 -0.0970113 -2.0193662
v -0.1000000 -0.1275000 -1.9321500
v -0.2000000 -0.6556675 -2.1167850
v -0.1923900 -0.6430384 -2.1529119
v -0.1923900 -0.6502222 -2.1554232
v -0.1923900 -0.6430384 -2.1529119
v -0.1707100 -0.6323332 -2.1835352
v -0.1707100 -0.6599830 -2.1932009
v -0.1923900 -0.6502222 -2.1554232
v -0.1707100 -0.6323332 -2.1835352
v -0.1382700 -0.6251788 -2.2040012
v -0.1382700 -0.6834519 -2.2243721
v -0.1707100 -0.6599830 -2.1932009
v -0.1382700 -0.6251788 -2.2040012
v -0.1000000 -0.6226675 -2.2111850
v -0.1000000 -0.7170675 -2.2441850
v -0.1382700 -0.6834519 -2.2243721
v -0.1923900 -0.6754804 -2.0831694
v -0.1923900 -0.6682966 -2.0806581
v -0.2000000 -0.6556675 -2.1167850
v -0.1923900 -0.6754804 -2.0831694
v -0.1707100 -0.7066516 -2.0597005
v -0.1707100 -0.6790018 -2.0500348
v -0.1923900 -0.6682966 -2.0806581
v -0.1707100 -0.7066516 -2.0597005
v -0.1382700 -0.7444293 -2.0499397
v -0.1382700 -0.6861562 -2.0295688
v -0.1707100 -0.6790018 -2.0500348
v -0.1382700 -0.7444293 -2.0499397
v -0.1000000 -0.7830675 -2.0553850
v -0.1000000 -0.6886675 -2.0223850
v -0.1382700 -0.6861562 -2.0295688
v 0.2500000 0.4410250 -1.6992500
v 0.2500000 0.4486350 -1.6609800
v -0.2500000 0.4486350 -1.6609800
v -0.2500000 0.4410250 -1.6992500
v 0.2500000 0.4486350 -1.6609800
v 0.2500000 0.4703150 -1.6285400
v -0.2500000 0.4703150 -1.6285400
v -0.2500000 0.4486350 -1.6609800
v 0.2500000 0.4703150 -1.6285400
v 0.2500000 0.5027550 -1.6068600
v -0.2500000 0.5027550 -1.6068600
v -0.2500000 0.4703150 -1.6285400
v 0.2500000 0.5027550 -1.6068600
v 0.2500000 0.5410250 -1.5992500
v -0.2500000 0.5410250 -1.5992500
v -0.2500000 0.5027550 -1.6068600
v 0.2500000 0.5410250 -1.5992500
v 0.2500000 0.5792950 -1.6068600
v -0.2500000 0.5792950 -1.6068600
v -0.2500000 0.5410250 -1.5992500
v 0.2500000 0.5792950 -1.6068600
v 0.2500000 0.6117350 -1.6285400
v -0.2500000 0.6117350 -1.6285400
v -0.2500000 0.5792950 -1.6068600
v 0.2500000 0.6117350 -1.6285400
v 0.2500000 0.6334150 -1.6609800
v -0.2500000 0.6334150 -1.6609800
v -0.2500000 0.6117350 -1.6285400
v 0.2500000 0.6334150 -1.6609800
v 0.2500000 0.6410250 -1.6992500
v -0.2500000 0.6410250 -1.6992500
v -0.2500000 0.6334150 -1.6609800
v 0.2500000 0.6410250 -1.6992500
v 0.2500000 0.6334150 -1.7375200
v -0.2500000 0.6334150 -1.7375200
v -0.2500000 0.6410250 -1.6992500
v 0.2500000 0.6334150 -1.7375200
v 0.2500000 0.6117350 -1.7699600
v -0.2500000 0.6117350 -1.7699600
v -0.2500000 0.6334150 -1.7375200
v 0.2500000 0.6117350 -1.7699600
v 0.2500000 0.5792950 -1.7916400
v -0.2500000 0.5792950 -1.7916400
v -0.2500000 0.6117350 -1.7699600
v 0.2500000 0.5792950 -1.7916400
v 0.2500000 0.5410250 -1.7992500
v -0.2500000 0.5410250 -1.7992500
v -0.2500000 0.5792950 -1.7916400
v 0.2500000 0.5410250 -1.7992500
v 0.2500000 0.5027550 -1.7916400
v -0.2500000 0.5027550 -1.7916400
v -0.2500000 0.5410250 -1.7992500
v 0.2500000 0.5027550 -1.7916400
v 0.2500000 0.4703150 -1.7699600
v -0.2500000 0.4703150 -1.7699600
v -0.2500000 0.5027550 -1.7916400
v 0.2500000 0.4703150 -1.7699600
v 0.2500000 0.4486350 -1.7375200
v -0.2500000 0.4486350 -1.7375200
v -0.2500000 0.4703150 -1.7699600
v 0.2500000 0.4486350 -1.7375200
v 0.2500000 0.4410250 -1.6992500
v -0.2500000 0.4410250 -1.6992500
v -0.2500000 0.4486350 -1.7375200
v -0.2700050 0.4410250 -1.6972275
v -0.2623490 0.4486350 -1.6597311
v -0.7277465 0.4486350 -1.5647064
v -0.7354025 0.4410250 -1.6022028
v -0.2623490 0.4486350 -1.6597311
v -0.2558593 0.4703150 -1.6279469
v -0.7212568 0.4703150 -1.5329222
v -0.7277465 0.4486350 -1.5647064
v -0.2558593 0.4703150 -1.6279469
v -0.2515221 0.5027550 -1.6067052
v -0.7169196 0.5027550 -1.5116804
v -0.7212568 0.4703150 -1.5329222
v -0.2515221 0.5027550 -1.6067052
v -0.2499998 0.5410250 -1.5992490
v -0.7153973 0.5410250 -1.5042243
v -0.7169196 0.5027550 -1.5116804
v -0.2499998 0.5410250 -1.5992490
v -0.2515221 0.5792950 -1.6067052
v -0.7169196 0.5792950 -1.5116804
v -0.7153973 0.5410250 -1.5042243
v -0.2515221 0.5792950 -1.6067052
v -0.2558593 0.6117350 -1.6279469
v -0.7212568 0.6117350 -1.5329222
v -0.7169196 0.5792950 -1.5116804
v -0.2558593 0.6117350 -1.6279469
v -0.2623490 0.6334150 -1.6597311
v -0.7277465 0.6334150 -1.5647064
v -0.7212568 0.6117350 -1.5329222
v -0.2623490 0.6334150 -1.6597311
v -0.2700050 0.6410250 -1.6972275
v -0.7354025 0.6410250 -1.6022028
v -0.7277465 0.6334150 -1.5647064
v -0.2700050 0.6410250 -1.6972275
v -0.2776610 0.6334150 -1.7347239
v -0.7430585 0.6334150 -1.6396991
v -0.7354025 0.6410250 -1.6022028
v -0.2776610 0.6334150 -1.7347239
v -0.2841507 0.6117350 -1.7665081
v -0.7495482 0.6117350 -1.6714833
v -0.7430585 0.6334150 -1.6396991
v -0.2841507 0.6117350 -1.7665081
v -0.2884879 0.5792950 -1.7877498
v -0.7538854 0.5792950 -1.6927251
v -0.7495482 0.6117350 -1.6714833
v -0.2884879 0.5792950 -1.7877498
v -0.2900103 0.5410250 -1.7952060
v -0.7554078 0.5410250 -1.7001812
v -0.7538854 0.5792950 -1.6927251
v -0.2900103 0.5410250 -1.7952060
v -0.2884879 0.5027550 -1.7877498
v -0.7538854 0.5027550 -1.6927251
v -0.7554078 0.5410250 -1.7001812
v -0.2884879 0.5027550 -1.7877498
v -0.2841507 0.4703150 -1.7665081
v -0.7495482 0.4703150 -1.6714833
v -0.7538854 0.5027550 -1.6927251
v -0.2841507 0.4703150 -1.7665081
v -0.2776610 0.4486350 -1.7347239
v -0.7430585 0.4486350 -1.6396991
v -0.7495482 0.4703150 -1.6714833
v -0.2776610 0.4486350 -1.7347239
v -0.2700050 0.4410250 -1.6972275
v -0.7354025 0.4410250 -1.6022028
v -0.7430585 0.4486350 -1.6396991
v -0.2500000 0.5410250 -1.5992500
v -0.2500000 0.5792950 -1.6068600
v -0.2515224 0.5792950 -1.6067062
v -0.2500000 0.5792950 -1.6068600
v -0.2500000 0.6117350 -1.6285400
v -0.2558595 0.6117350 -1.6279480
v -0.2515224 0.5792950 -1.6067062
v -0.2500000 0.6117350 -1.6285400
v -0.2500000 0.6334150 -1.6609800
v -0.2623492 0.6334150 -1.6597323
v -0.2558595 0.6117350 -1.6279480
v -0.2500000 0.6334150 -1.6609800
v -0.2500000 0.6410250 -1.6992500
v -0.2700053 0.6410250 -1.6972288
v -0.2623492 0.6334150 -1.6597323
v -0.2500000 0.6410250 -1.6992500
v -0.2500000 0.6334150 -1.7375200
v -0.2776613 0.6334150 -1.7347252
v -0.2700053 0.6410250 -1.6972288
v -0.2500000 0.6334150 -1.7375200
v -0.2500000 0.6117350 -1.7699600
v -0.2841510 0.6117350 -1.7665095
v -0.2776613 0.6334150 -1.7347252
v -0.2500000 0.6117350 -1.7699600
v -0.2500000 0.5792950 -1.7916400
v -0.2884881 0.5792950 -1.7877513
v -0.2841510 0.6117350 -1.7665095
v -0.2500000 0.5792950 -1.7916400
v -0.2500000 0.5410250 -1.7992500
v -0.2900105 0.5410250 -1.7952075
v -0.2884881 0.5792950 -1.7877513
v -0.2500000 0.5410250 -1.7992500
v -0.2500000 0.5027550 -1.7916400
v -0.2884881 0.5027550 -1.7877513
v -0.2900105 0.5410250 -1.7952075
v -0.2500000 0.5027550 -1.7916400
v -0.2500000 0.4703150 -1.7699600
v -0.2841510 0.4703150 -1.7665095
v -0.2884881 0.5027550 -1.7877513
v -0.2500000 0.4703150 -1.7699600
v -0.2500000 0.4486350 -1.7375200
v -0.2776613 0.4486350 -1.7347252
v -0.2841510 0.4703150 -1.7665095
v -0.2500000 0.4486350 -1.7375200
v -0.2500000 0.4410250 -1.6992500
v -0.2700053 0.4410250 -1.6972288
v -0.2776613 0.4486350 -1.7347252
v -0.2500000 0.4410250 -1.6992500
v -0.2500000 0.4486350 -1.6609800
v -0.2623492 0.4486350 -1.6597323
v -0.2700053 0.4410250 -1.6972288
v -0.2500000 0.4486350 -1.6609800
v -0.2500000 0.4703150 -1.6285400
v -0.2558595 0.4703150 -1.6279480
v -0.2623492 0.4486350 -1.6597323
v -0.2500000 0.4703150 -1.6285400
v -0.2500000 0.5027550 -1.6068600
v -0.2515224 0.5027550 -1.6067062
v -0.2558595 0.4703150 -1.6279480
v -0.2500000 0.5410250 -1.5992500
v -0.2515224 0.5027550 -1.6067062
v -0.2500000 0.5027550 -1.6068600
v -0.7277465 0.4486350 -1.5647086
v -0.7728989 0.4486350 -1.5945490
v -0.7354025 0.4410250 -1.6022050
v -0.7277465 0.4486350 -1.5647086
v -0.7696561 0.4626650 -1.5503747
v -0.7728989 0.4486350 -1.5945490
v -0.7212568 0.4703150 -1.5329244
v -0.7696561 0.4626650 -1.5503747
v -0.7277465 0.4486350 -1.5647086
v -0.7212568 0.4703150 -1.5329244
v -0.7627683 0.4970950 -1.5166407
v -0.7696561 0.4626650 -1.5503747
v -0.7169196 0.5027550 -1.5116827
v -0.7627683 0.4970950 -1.5166407
v -0.7212568 0.4703150 -1.5329244
v -0.7169196 0.5027550 -1.5116827
v -0.7544160 0.5410250 -1.5040267
v -0.7627683 0.4970950 -1.5166407
v -0.7153973 0.5410250 -1.5042265
v -0.7544160 0.5410250 -1.5040267
v -0.7169196 0.5027550 -1.5116827
v -0.7696561 0.4626650 -1.5503747
v -0.8046831 0.4703150 -1.5880593
v -0.7728989 0.4486350 -1.5945490
v -0.7696561 0.4626650 -1.5503747
v -0.8033901 0.4970950 -1.5434869
v -0.8046831 0.4703150 -1.5880593
v -0.7627683 0.4970950 -1.5166407
v -0.8033901 0.4970950 -1.5434869
v -0.7696561 0.4626650 -1.5503747
v -0.7627683 0.4970950 -1.5166407
v -0.7905374 0.5410250 -1.5187787
v -0.8033901 0.4970950 -1.5434869
v -0.7544160 0.5410250 -1.5040267
v -0.7905374 0.5410250 -1.5187787
v -0.7627683 0.4970950 -1.5166407
v -0.8033901 0.4970950 -1.5434869
v -0.8259248 0.5027550 -1.5837221
v -0.8046831 0.4703150 -1.5880593
v -0.8033901 0.4970950 -1.5434869
v -0.8182688 0.5410250 -1.5462258
v -0.8259248 0.5027550 -1.5837221
v -0.7905374 0.5410250 -1.5187787
v -0.8182688 0.5410250 -1.5462258
v -0.8033901 0.4970950 -1.5434869
v -0.8182688 0.5410250 -1.5462258
v -0.8333810 0.5410250 -1.5821998
v -0.8259248 0.5027550 -1.5837221
v -0.7354025 0.4410250 -1.6022050
v -0.7728989 0.4486350 -1.5945490
v -0.7430585 0.4486350 -1.6397014
v -0.7728989 0.4486350 -1.5945490
v -0.7872328 0.4626650 -1.6364586
v -0.7430585 0.4486350 -1.6397014
v -0.7430585 0.4486350 -1.6397014
v -0.7872328 0.4626650 -1.6364586
v -0.7495482 0.4703150 -1.6714856
v -0.7872328 0.4626650 -1.6364586
v -0.7941206 0.4970950 -1.6701926
v -0.7495482 0.4703150 -1.6714856
v -0.7495482 0.4703150 -1.6714856
v -0.7941206 0.4970950 -1.6701926
v -0.7538854 0.5027550 -1.6927273
v -0.7941206 0.4970950 -1.6701926
v -0.7913817 0.5410250 -1.6850713
v -0.7538854 0.5027550 -1.6927273
v -0.7538854 0.5027550 -1.6927273
v -0.7913817 0.5410250 -1.6850713
v -0.7554078 0.5410250 -1.7001835
v -0.7728989 0.4486350 -1.5945490
v -0.8046831 0.4703150 -1.5880593
v -0.7872328 0.4626650 -1.6364586
v -0.8046831 0.4703150 -1.5880593
v -0.8209668 0.4970950 -1.6295708
v -0.7872328 0.4626650 -1.6364586
v -0.7872328 0.4626650 -1.6364586
v -0.8209668 0.4970950 -1.6295708
v -0.7941206 0.4970950 -1.6701926
v -0.8209668 0.4970950 -1.6295708
v -0.8188288 0.5410250 -1.6573399
v -0.7941206 0.4970950 -1.6701926
v -0.7941206 0.4970950 -1.6701926
v -0.8188288 0.5410250 -1.6573399
v -0.7913817 0.5410250 -1.6850713
v -0.8046831 0.4703150 -1.5880593
v -0.8259248 0.5027550 -1.5837221
v -0.8209668 0.4970950 -1.6295708
v -0.8259248 0.5027550 -1.5837221
v -0.8335808 0.5410250 -1.6212185
v -0.8209668 0.4970950 -1.6295708
v -0.8209668 0.4970950 -1.6295708
v -0.8335808 0.5410250 -1.6212185
v -0.8188288 0.5410250 -1.6573399
v -0.8259248 0.5027550 -1.5837221
v -0.8333810 0.5410250 -1.5821998
v -0.8335808 0.5410250 -1.6212185
v -0.7354025 0.6410250 -1.6022050
v -0.7728989 0.6334150 -1.5945490
v -0.7277465 0.6334150 -1.5647086
v -0.7728989 0.6334150 -1.5945490
v -0.7696561 0.6193850 -1.5503747
v -0.7277465 0.6334150 -1.5647086
v -0.7277465 0.6334150 -1.5647086
v -0.7696561 0.6193850 -1.5503747
v -0.7212568 0.6117350 -1.5329244
v -0.7696561 0.6193850 -1.5503747
v -0.7627683 0.5849550 -1.5166407
v -0.7212568 0.6117350 -1.5329244
v -0.7212568 0.6117350 -1.5329244
v -0.7627683 0.5849550 -1.5166407
v -0.7169196 0.5792950 -1.5116827
v -0.7627683 0.5849550 -1.5166407
v -0.7544160 0.5410250 -1.5040267
v -0.7169196 0.5792950 -1.5116827
v -0.7169196 0.5792950 -1.5116827
v -0.7544160 0.5410250 -1.5040267
v -0.7153973 0.5410250 -1.5042265
v -0.7728989 0.6334150 -1.5945490
v -0.8046831 0.6117350 -1.5880593
v -0.7696561 0.6193850 -1.5503747
v -0.8046831 0.6117350 -1.5880593
v -0.8033901 0.5849550 -1.5434869
v -0.7696561 0.6193850 -1.5503747
v -0.7696561 0.6193850 -1.5503747
v -0.8033901 0.5849550 -1.5434869
v -0.7627683 0.5849550 -1.5166407
v -0.8033901 0.5849550 -1.5434869
v -0.7905374 0.5410250 -1.5187787
v -0.7627683 0.5849550 -1.5166407
v -0.7627683 0.5849550 -1.5166407
v -0.7905374 0.5410250 -1.5187787
v -0.7544160 0.5410250 -1.5040267
v -0.8046831 0.6117350 -1.5880593
v -0.8259248 0.5792950 -1.5837221
v -0.8033901 0.5849550 -1.5434869
v -0.8259248 0.5792950 -1.5837221
v -0.8182688 0.5410250 -1.5462258
v -0.8033901 0.5849550 -1.5434869
v -0.8033901 0.5849550 -1.5434869
v -0.8182688 0.5410250 -1.5462258
v -0.7905374 0.5410250 -1.5187787
v -0.8259248 0.5792950 -1.5837221
v -0.8333810 0.5410250 -1.5821998
v -0.8182688 0.5410250 -1.5462258
v -0.7430585 0.6334150 -1.6397014
v -0.7728989 0.6334150 -1.5945490
v -0.7354025 0.6410250 -1.6022050
v -0.7430585 0.6334150 -1.6397014
v -0.7872328 0.6193850 -1.6364586
v -0.7728989 0.6334150 -1.5945490
v -0.7495482 0.6117350 -1.6714856
v -0.7872328 0.6193850 -1.6364586
v -0.7430585 0.6334150 -1.6397014
v -0.7495482 0.6117350 -1.6714856
v -0.7941206 0.5849550 -1.6701926
v -0.7872328 0.6193850 -1.6364586
v -0.7538854 0.5792950 -1.6927273
v -0.7941206 0.5849550 -1.6701926
v -0.7495482 0.6117350 -1.6714856
v -0.7538854 0.5792950 -1.6927273
v -0.7913817 0.5410250 -1.6850713
v -0.7941206 0.5849550 -1.6701926
v -0.7554078 0.5410250 -1.7001835
v -0.7913817 0.5410250 -1.6850713
v -0.7538854 0.5792950 -1.6927273
v -0.7872328 0.6193850 -1.6364586
v -0.8046831 0.6117350 -1.5880593
v -0.7728989 0.6334150 -1.5945490
v -0.7872328 0.6193850 -1.6364586
v -0.8209668 0.5849550 -1.6295708
v -0.8046831 0.6117350 -1.5880593
v -0.7941206 0.5849550 -1.6701926
v -0.8209668 0.5849550 -1.6295708
v -0.7872328 0.6193850 -1.6364586
v -0.7941206 0.5849550 -1.6701926
v -0.8188288 0.5410250 -1.6573399
v -0.8209668 0.5849550 -1.6295708
v -0.7913817 0.5410250 -1.6850713
v -0.8188288 0.5410250 -1.6573399
v -0.7941206 0.5849550 -1.6701926
v -0.8209668 0.5849550 -1.6295708
v -0.8259248 0.5792950 -1.5837221
v -0.8046831 0.6117350 -1.5880593
v -0.8209668 0.5849550 -1.6295708
v -0.8335808 0.5410250 -1.6212185
v -0.8259248 0.5792950 -1.5837221
v -0.8188288 0.5410250 -1.6573399
v -0.8335808 0.5410250 -1.6212185
v -0.8209668 0.5849550 -1.6295708
v -0.8335808 0.5410250 -1.6212185
v -0.8333810 0.5410250 -1.5821998
v -0.8259248 0.5792950 -1.5837221
v -0.0375000 -0.9022525 -1.1711225
v -0.2000000 -0.9022525 -1.1711225
v -0.2000000 -0.7018150 -1.0919450
v -0.0375000 -0.7018150 -1.0919450
v -0.0375000 -0.7435650 -0.9889650
v -0.2000000 -0.7435650 -0.9889650
v -0.2000000 -0.9430800 -1.0677800
v -0.0375000 -0.9430800 -1.0677800
v -0.2000000 -0.9022525 -1.1711225
v -0.2000000 -0.9430800 -1.0677800
v -0.2000000 -0.7435650 -0.9889650
v -0.2000000 -0.7018150 -1.0919450
v -0.0375000 -0.7018150 -1.0919450
v -0.2000000 -0.7018150 -1.0919450
v -0.2000000 -0.7435650 -0.9889650
v -0.0375000 -0.7435650 -0.9889650
v -0.1000000 -0.3351075 -0.4088625
v -0.1000000 -0.1569200 -0.5322200
v -0.0925000 -0.3639050 -0.4360950
v -0.1000000 -0.1569200 -0.5322200
v -0.0375000 -0.2224850 -0.5775150
v -0.0925000 -0.3639050 -0.4360950
v -0.0925000 -0.3639050 -0.4360950
v -0.0375000 -0.2224850 -0.5775150
v -0.0375000 -0.4831450 -0.6145150
v -0.0375000 -0.2983650 -0.6910550
v -0.0375000 -0.5086750 -0.6919500
v -0.0375000 -0.4831450 -0.6145150
v -0.0375000 -0.2224850 -0.5775150
v -0.0375000 -0.5086750 -0.6919500
v -0.0375000 -0.2983650 -0.6910550
v -0.0375000 -0.3250000 -0.8250000
v -0.0375000 -0.5250000 -0.8250000
v -0.0375000 -0.5250000 -0.8250000
v -0.0375000 -0.3250000 -0.8250000
v -0.0375000 -0.2983650 -0.9589450
v -0.0375000 -0.4662500 -1.0625000
v -0.0375000 -0.4662500 -1.0625000
v -0.0375000 -0.2983650 -0.9589450
v -0.0375000 -0.2224850 -1.0724850
v -0.0375000 -0.4662500 -1.0625000
v -0.0375000 -0.2224850 -1.0724850
v -0.0375000 -0.1807250 -1.1081500
v -0.0375000 -0.3772500 -1.2000000
v -0.0750000 -0.1089450 -1.1483650
v -0.0375000 -0.3772500 -1.2000000
v -0.0375000 -0.1807250 -1.1081500
v -0.0375000 -0.3772500 -1.2000000
v -0.0750000 -0.1089450 -1.1483650
v -0.0925000 -0.1854850 -1.3331450
v -0.0923900 0.0033675 -1.3756150
v -0.0925000 -0.1854850 -1.3331450
v -0.0923900 -0.0376150 -1.1570525
v -0.0750000 -0.1089450 -1.1483650
v -0.0923900 -0.0376150 -1.1570525
v -0.0925000 -0.1854850 -1.3331450
v -0.0375000 -0.8562325 -0.9593275
v -0.0375000 -0.5250000 -0.8250000
v -0.0375000 -0.4662500 -1.0625000
v -0.0375000 -0.7873125 -1.1926650
v -0.0375000 -0.8562325 -0.9593275
v -0.0375000 -0.7873125 -1.1926650
v -0.0375000 -1.0000000 -1.1500000
v -0.1000000 -1.0324750 -0.8287600
v -0.1000000 -1.0542250 -0.9287600
v -0.1000000 -1.2000000 -0.9287600
v -0.1000000 -1.2000000 -0.8287600
v -0.2500000 -1.3000000 -0.8787600
v -0.2500000 -1.3000000 -0.7787600
v -0.2882700 -1.3000000 -0.7863700
v -0.2500000 -1.3000000 -0.8787600
v -0.2882700 -1.3000000 -0.7863700
v -0.3207100 -1.3000000 -0.8080500
v -0.2500000 -1.3000000 -0.8787600
v -0.3207100 -1.3000000 -0.8080500
v -0.3423900 -1.3000000 -0.8404900
v -0.2500000 -1.3000000 -0.8787600
v -0.3423900 -1.3000000 -0.8404900
v -0.3500000 -1.3000000 -0.8787600
v -0.2500000 -1.3000000 -0.8787600
v -0.3500000 -1.3000000 -0.8787600
v -0.3423900 -1.3000000 -0.9170300
v -0.2500000 -1.3000000 -0.8787600
v -0.3423900 -1.3000000 -0.9170300
v -0.3207100 -1.3000000 -0.9494700
v -0.2500000 -1.3000000 -0.8787600
v -0.3207100 -1.3000000 -0.9494700
v -0.2882700 -1.3000000 -0.9711500
v -0.2500000 -1.3000000 -0.8787600
v -0.2882700 -1.3000000 -0.9711500
v -0.2500000 -1.3000000 -0.9787600
v -0.2882700 -1.2000000 -0.7863700
v -0.2500000 -1.2000000 -0.7787600
v -0.2500000 -1.2000000 -0.8787600
v -0.3207100 -1.2000000 -0.8080500
v -0.2882700 -1.2000000 -0.7863700
v -0.2500000 -1.2000000 -0.8787600
v -0.3423900 -1.2000000 -0.8404900
v -0.3207100 -1.2000000 -0.8080500
v -0.2500000 -1.2000000 -0.8787600
v -0.3500000 -1.2000000 -0.8787600
v -0.3423900 -1.2000000 -0.8404900
v -0.2500000 -1.2000000 -0.8787600
v -0.3423900 -1.2000000 -0.9170300
v -0.3500000 -1.2000000 -0.8787600
v -0.2500000 -1.2000000 -0.8787600
v -0.3207100 -1.2000000 -0.9494700
v -0.3423900 -1.2000000 -0.9170300
v -0.2500000 -1.2000000 -0.8787600
v -0.2882700 -1.2000000 -0.9711500
v -0.3207100 -1.2000000 -0.9494700
v -0.2500000 -1.2000000 -0.8787600
v -0.2500000 -1.2000000 -0.9787600
v -0.2882700 -1.2000000 -0.9711500
v -0.2500000 -1.2000000 -0.8787600
v -0.2500000 -1.3000000 -0.7787600
v -0.2500000 -1.2000000 -0.7787600
v -0.2882700 -1.2000000 -0.7863700
v -0.2882700 -1.3000000 -0.7863700
v -0.2882700 -1.3000000 -0.7863700
v -0.2882700 -1.2000000 -0.7863700
v -0.3207100 -1.2000000 -0.8080500
v -0.3207100 -1.3000000 -0.8080500
v -0.3207100 -1.3000000 -0.8080500
v -0.3207100 -1.2000000 -0.8080500
v -0.3423900 -1.2000000 -0.8404900
v -0.3423900 -1.3000000 -0.8404900
v -0.3423900 -1.3000000 -0.8404900
v -0.3423900 -1.2000000 -0.8404900
v -0.3500000 -1.2000000 -0.8787600
v -0.3500000 -1.3000000 -0.8787600
v -0.3500000 -1.3000000 -0.8787600
v -0.3500000 -1.2000000 -0.8787600
v -0.3423900 -1.2000000 -0.9170300
v -0.3423900 -1.3000000 -0.9170300
v -0.3423900 -1.3000000 -0.9170300
v -0.3423900 -1.2000000 -0.9170300
v -0.3207100 -1.2000000 -0.9494700
v -0.3207100 -1.3000000 -0.9494700
v -0.3207100 -1.3000000 -0.9494700
v -0.3207100 -1.2000000 -0.9494700
v -0.2882700 -1.2000000 -0.9711500
v -0.2882700 -1.3000000 -0.9711500
v -0.2882700 -1.3000000 -0.9711500
v -0.2882700 -1.2000000 -0.9711500
v -0.2500000 -1.2000000 -0.9787600
v -0.2500000 -1.3000000 -0.9787600
v -0.1000000 -0.7773000 -0.5962400
v -0.1000000 -0.6841475 -0.1678200
v -0.1000000 -0.8689400 -0.0764600
v -0.1000000 -0.9727000 -0.5537600
v -0.1000000 -0.7288772 0.0977463
v -0.1000000 -0.6930800 0.0822200
v -0.2000000 -0.6930800 0.0822200
v -0.2000000 -0.7288772 0.0977463
v -0.1000000 -0.7678896 0.0983859
v -0.1000000 -0.7288772 0.0977463
v -0.2000000 -0.7288772 0.0977463
v -0.2000000 -0.7678896 0.0983859
v -0.1000000 -0.8041798 0.0840540
v -0.1000000 -0.7678896 0.0983859
v -0.2000000 -0.7678896 0.0983859
v -0.2000000 -0.8041798 0.0840540
v -0.1000000 -0.8322200 0.0569200
v -0.1000000 -0.8041798 0.0840540
v -0.2000000 -0.8041798 0.0840540
v -0.2000000 -0.8322200 0.0569200
v -0.1000000 -0.8477463 0.0211228
v -0.1000000 -0.8322200 0.0569200
v -0.2000000 -0.8322200 0.0569200
v -0.2000000 -0.8477463 0.0211228
v -0.2000000 -0.7321090 -0.0983892
v -0.1750000 -0.7321090 -0.0983892
v -0.1750000 -0.7711230 -0.0977438
v -0.2000000 -0.7711230 -0.0977438
v -0.2000000 -0.6958215 -0.0840507
v -0.1750000 -0.6958215 -0.0840507
v -0.1750000 -0.7321090 -0.0983892
v -0.2000000 -0.7321090 -0.0983892
v -0.2000000 -0.6677783 -0.0569221
v -0.1750000 -0.6677783 -0.0569221
v -0.1750000 -0.6958215 -0.0840507
v -0.2000000 -0.6958215 -0.0840507
v -0.1000000 -0.7088900 -0.0284600
v -0.1000000 -0.7011268 -0.0105614
v -0.2000000 -0.7011268 -0.0105614
v -0.2000000 -0.7088900 -0.0284600
v -0.1000000 -0.7011268 -0.0105614
v -0.1000000 -0.7008071 0.0089448
v -0.2000000 -0.7008071 0.0089448
v -0.2000000 -0.7011268 -0.0105614
v -0.1000000 -0.7008071 0.0089448
v -0.1000000 -0.7079730 0.0270899
v -0.2000000 -0.7079730 0.0270899
v -0.2000000 -0.7008071 0.0089448
v -0.1000000 -0.7079730 0.0270899
v -0.1000000 -0.7215400 0.0411100
v -0.2000000 -0.7215400 0.0411100
v -0.2000000 -0.7079730 0.0270899
v -0.1000000 -0.7215400 0.0411100
v -0.1000000 -0.7394386 0.0488732
v -0.2000000 -0.7394386 0.0488732
v -0.2000000 -0.7215400 0.0411100
v -0.1000000 -0.7394386 0.0488732
v -0.1000000 -0.7589448 0.0491929
v -0.2000000 -0.7589448 0.0491929
v -0.2000000 -0.7394386 0.0488732
v -0.1000000 -0.7589448 0.0491929
v -0.1000000 -0.7770899 0.0420270
v -0.2000000 -0.7770899 0.0420270
v -0.2000000 -0.7589448 0.0491929
v -0.1000000 -0.7770899 0.0420270
v -0.1000000 -0.7911100 0.0284600
v -0.2000000 -0.7911100 0.0284600
v -0.2000000 -0.7770899 0.0420270
v -0.1000000 -0.7911100 0.0284600
v -0.1000000 -0.7988732 0.0105614
v -0.2000000 -0.7988732 0.0105614
v -0.2000000 -0.7911100 0.0284600
v -0.1000000 -0.7988732 0.0105614
v -0.1000000 -0.7991929 -0.0089448
v -0.2000000 -0.7991929 -0.0089448
v -0.2000000 -0.7988732 0.0105614
v -0.1000000 -0.7991929 -0.0089448
v -0.1000000 -0.7920270 -0.0270899
v -0.2000000 -0.7920270 -0.0270899
v -0.2000000 -0.7991929 -0.0089448
v -0.1000000 -0.7920270 -0.0270899
v -0.1000000 -0.7784600 -0.0411100
v -0.2000000 -0.7784600 -0.0411100
v -0.2000000 -0.7920270 -0.0270899
v -0.1000000 -0.7784600 -0.0411100
v -0.1000000 -0.7605614 -0.0488732
v -0.2000000 -0.7605614 -0.0488732
v -0.2000000 -0.7784600 -0.0411100
v -0.1000000 -0.7605614 -0.0488732
v -0.1000000 -0.7410552 -0.0491929
v -0.2000000 -0.7410552 -0.0491929
v -0.2000000 -0.7605614 -0.0488732
v -0.1000000 -0.7410552 -0.0491929
v -0.1000000 -0.7229101 -0.0420270
v -0.2000000 -0.7229101 -0.0420270
v -0.2000000 -0.7410552 -0.0491929
v -0.1000000 -0.7229101 -0.0420270
v -0.1000000 -0.7088900 -0.0284600
v -0.2000000 -0.7088900 -0.0284600
v -0.2000000 -0.7229101 -0.0420270
v -0.1000000 -0.7215400 0.0411100
v -0.1000000 -0.6930800 0.0822200
v -0.1000000 -0.7288772 0.0977463
v -0.1000000 -0.7394386 0.0488732
v -0.1000000 -0.7394386 0.0488732
v -0.1000000 -0.7288772 0.0977463
v -0.1000000 -0.7678896 0.0983859
v -0.1000000 -0.7589448 0.0491929
v -0.1000000 -0.7589448 0.0491929
v -0.1000000 -0.7678896 0.0983859
v -0.1000000 -0.8041798 0.0840540
v -0.1000000 -0.7770899 0.0420270
v -0.1000000 -0.8041790 0.0840515
v -0.1000000 -0.8322225 0.0569209
v -0.1000000 -0.7911112 0.0284604
v -0.1000000 -0.7770895 0.0420258
v -0.1000000 -0.8322225 0.0569209
v -0.1000000 -0.8477428 0.0211228
v -0.1000000 -0.7988714 0.0105614
v -0.1000000 -0.7911112 0.0284604
v -0.2000000 -0.6930800 0.0822200
v -0.2000000 -0.7215400 0.0411100
v -0.2000000 -0.7394386 0.0488732
v -0.2000000 -0.7288772 0.0977463
v -0.2000000 -0.7288772 0.0977463
v -0.2000000 -0.7394386 0.0488732
v -0.2000000 -0.7589448 0.0491929
v -0.2000000 -0.7678896 0.0983859
v -0.2000000 -0.7678896 0.0983859
v -0.2000000 -0.7589448 0.0491929
v -0.2000000 -0.7770899 0.0420270
v -0.2000000 -0.8041798 0.0840540
v -0.2000000 -0.8041798 0.0840540
v -0.2000000 -0.7770899 0.0420270
v -0.2000000 -0.7911100 0.0284600
v -0.2000000 -0.8322200 0.0569200
v -0.2000000 -0.8322200 0.0569200
v -0.2000000 -0.7911100 0.0284600
v -0.2000000 -0.7988732 0.0105614
v -0.2000000 -0.8477463 0.0211228
v -0.2000000 -0.8477463 0.0211228
v -0.2000000 -0.7988732 0.0105614
v -0.2000000 -0.7991929 -0.0089448
v -0.2000000 -0.8483859 -0.0178896
v -0.2000000 -0.8483859 -0.0178896
v -0.2000000 -0.7991929 -0.0089448
v -0.2000000 -0.7920270 -0.0270899
v -0.2000000 -0.8340540 -0.0541798
v -0.2000000 -0.8340540 -0.0541798
v -0.2000000 -0.7920270 -0.0270899
v -0.2000000 -0.7784600 -0.0411100
v -0.2000000 -0.8069200 -0.0822200
v -0.2000000 -0.8069200 -0.0822200
v -0.2000000 -0.7784600 -0.0411100
v -0.2000000 -0.7605614 -0.0488732
v -0.2000000 -0.7711228 -0.0977463
v -0.2000000 -0.7711228 -0.0977463
v -0.2000000 -0.7605614 -0.0488732
v -0.2000000 -0.7410552 -0.0491929
v -0.2000000 -0.7321104 -0.0983859
v -0.2000000 -0.7321104 -0.0983859
v -0.2000000 -0.7410552 -0.0491929
v -0.2000000 -0.7229101 -0.0420270
v -0.2000000 -0.6958202 -0.0840540
v -0.2000000 -0.6958202 -0.0840540
v -0.2000000 -0.7229101 -0.0420270
v -0.2000000 -0.7088900 -0.0284600
v -0.2000000 -0.6677800 -0.0569200
v -0.2000000 -0.6677800 -0.0569200
v -0.2000000 -0.7088900 -0.0284600
v -0.2000000 -0.7011268 -0.0105614
v -0.2000000 -0.6522537 -0.0211228
v -0.2000000 -0.6522537 -0.0211228
v -0.2000000 -0.7011268 -0.0105614
v -0.2000000 -0.7008071 0.0089448
v -0.2000000 -0.6516141 0.0178896
v -0.2000000 -0.6516141 0.0178896
v -0.2000000 -0.7008071 0.0089448
v -0.2000000 -0.7079730 0.0270899
v -0.2000000 -0.6659460 0.0541798
v -0.2000000 -0.6659460 0.0541798
v -0.2000000 -0.7079730 0.0270899
v -0.2000000 -0.7215400 0.0411100
v -0.2000000 -0.6930800 0.0822200
v -0.0500000 -0.9788772 -1.0522537
v -0.0500000 -0.9430800 -1.0677800
v -0.2000000 -0.9430800 -1.0677800
v -0.2000000 -0.9788772 -1.0522537
v -0.0500000 -1.0178896 -1.0516141
v -0.0500000 -0.9788772 -1.0522537
v -0.2000000 -0.9788772 -1.0522537
v -0.2000000 -1.0178896 -1.0516141
v -0.0500000 -1.0541798 -1.0659460
v -0.0500000 -1.0178896 -1.0516141
v -0.2000000 -1.0178896 -1.0516141
v -0.2000000 -1.0541798 -1.0659460
v -0.0500000 -1.0822200 -1.0930800
v -0.0500000 -1.0541798 -1.0659460
v -0.2000000 -1.0541798 -1.0659460
v -0.2000000 -1.0822200 -1.0930800
v -0.0500000 -1.0977463 -1.1288772
v -0.0500000 -1.0822200 -1.0930800
v -0.2000000 -1.0822200 -1.0930800
v -0.2000000 -1.0977463 -1.1288772
v -0.0500000 -1.0983859 -1.1678896
v -0.0500000 -1.0977463 -1.1288772
v -0.2000000 -1.0977463 -1.1288772
v -0.2000000 -1.0983859 -1.1678896
v -0.0500000 -1.0840540 -1.2041798
v -0.0500000 -1.0983859 -1.1678896
v -0.2000000 -1.0983859 -1.1678896
v -0.2000000 -1.0840540 -1.2041798
v -0.0500000 -1.0569200 -1.2322200
v -0.0500000 -1.0840540 -1.2041798
v -0.2000000 -1.0840540 -1.2041798
v -0.2000000 -1.0569200 -1.2322200
v -0.0500000 -1.0211228 -1.2477463
v -0.0500000 -1.0569200 -1.2322200
v -0.2000000 -1.0569200 -1.2322200
v -0.2000000 -1.0211228 -1.2477463
v -0.0500000 -0.9821104 -1.2483859
v -0.0500000 -1.0211228 -1.2477463
v -0.2000000 -1.0211228 -1.2477463
v -0.2000000 -0.9821104 -1.2483859
v -0.0500000 -0.9458202 -1.2340540
v -0.0500000 -0.9821104 -1.2483859
v -0.2000000 -0.9821104 -1.2483859
v -0.2000000 -0.9458202 -1.2340540
v -0.0500000 -0.9177800 -1.2069200
v -0.0500000 -0.9458202 -1.2340540
v -0.2000000 -0.9458202 -1.2340540
v -0.2000000 -0.9177800 -1.2069200
v -0.0500000 -0.9022537 -1.1711228
v -0.0500000 -0.9177800 -1.2069200
v -0.2000000 -0.9177800 -1.2069200
v -0.2000000 -0.9022537 -1.1711228
v -0.2000000 -1.0178896 -1.0516141
v -0.2000000 -0.9788772 -1.0522537
v -0.2000000 -0.9430800 -1.0677800
v -0.2000000 -1.0541798 -1.0659460
v -0.2000000 -1.0178896 -1.0516141
v -0.2000000 -0.9430800 -1.0677800
v -0.2000000 -1.0822200 -1.0930800
v -0.2000000 -1.0541798 -1.0659460
v -0.2000000 -0.9430800 -1.0677800
v -0.2000000 -1.0977463 -1.1288772
v -0.2000000 -1.0822200 -1.0930800
v -0.2000000 -0.9430800 -1.0677800
v -0.2000000 -1.0983859 -1.1678896
v -0.2000000 -1.0977463 -1.1288772
v -0.2000000 -0.9430800 -1.0677800
v -0.2000000 -1.0840540 -1.2041798
v -0.2000000 -1.0983859 -1.1678896
v -0.2000000 -0.9430800 -1.0677800
v -0.2000000 -1.0569200 -1.2322200
v -0.2000000 -1.0840540 -1.2041798
v -0.2000000 -0.9430800 -1.0677800
v -0.2000000 -1.0211228 -1.2477463
v -0.2000000 -1.0569200 -1.2322200
v -0.2000000 -0.9430800 -1.0677800
v -0.2000000 -0.9821104 -1.2483859
v -0.2000000 -1.0211228 -1.2477463
v -0.2000000 -0.9430800 -1.0677800
v -0.2000000 -0.9458202 -1.2340540
v -0.2000000 -0.9821104 -1.2483859
v -0.2000000 -0.9430800 -1.0677800
v -0.2000000 -0.9177800 -1.2069200
v -0.2000000 -0.9458202 -1.2340540
v -0.2000000 -0.9430800 -1.0677800
v -0.2000000 -0.9022537 -1.1711228
v -0.2000000 -0.9177800 -1.2069200
v -0.2000000 -0.9430800 -1.0677800
v -0.0500000 -1.0000000 -1.1500000
v -0.0500000 -0.8337060 -1.2611140
v -0.0500000 -0.8888843 -1.3162989
v -0.0500000 -1.0000000 -1.1500000
v -0.0500000 -0.8888843 -1.3162989
v -0.0500000 -0.9609822 -1.3461552
v -0.0500000 -1.0000000 -1.1500000
v -0.0500000 -0.9609822 -1.3461552
v -0.0500000 -1.0390175 -1.3461624
v -0.0500000 -1.0000000 -1.1500000
v -0.0500000 -1.0390175 -1.3461624
v -0.0500000 -1.1111140 -1.3162940
v -0.0500000 -1.0000000 -1.1500000
v -0.0500000 -1.1111140 -1.3162940
v -0.0500000 -1.1662989 -1.2611157
v -0.0500000 -1.0000000 -1.1500000
v -0.0500000 -1.1662989 -1.2611157
v -0.0500000 -1.1961552 -1.1890178
v -0.0500000 -1.0000000 -1.1500000
v -0.0500000 -1.1961552 -1.1890178
v -0.0500000 -1.1961624 -1.1109825
v -0.0500000 -1.0000000 -1.1500000
v -0.0500000 -1.1961624 -1.1109825
v -0.0500000 -1.1662940 -1.0388860
v -0.0500000 -1.0000000 -1.1500000
v -0.0500000 -1.1662940 -1.0388860
v -0.0500000 -1.1111157 -0.9837011
v -0.0500000 -1.0000000 -1.1500000
v -0.0500000 -1.1111157 -0.9837011
v -0.0500000 -1.0390178 -0.9538448
v -0.1382700 -0.8721464 -0.1269511
v -0.1382700 -1.0690389 -1.0326561
v -0.1000000 -1.0764753 -1.0310395
v -0.1000000 -0.8795827 -0.1253345
v -0.1707100 -0.8509612 -0.1315566
v -0.1707100 -1.0478537 -1.0372616
v -0.1382700 -1.0690389 -1.0326561
v -0.1382700 -0.8721464 -0.1269511
v -0.1923900 -0.8192616 -0.1384478
v -0.1923900 -1.0161541 -1.0441528
v -0.1707100 -1.0478537 -1.0372616
v -0.1707100 -0.8509612 -0.1315566
v -0.2000000 -0.7818650 -0.1465775
v -0.2000000 -0.9787575 -1.0522825
v -0.1923900 -1.0161541 -1.0441528
v -0.1923900 -0.8192616 -0.1384478
v -0.1923900 -0.7444684 -0.1547072
v -0.1923900 -0.9413609 -1.0604122
v -0.2000000 -0.9787575 -1.0522825
v -0.2000000 -0.7818650 -0.1465775
v -0.1707100 -0.7127688 -0.1615984
v -0.1707100 -0.9096613 -1.0673034
v -0.1923900 -0.9413609 -1.0604122
v -0.1923900 -0.7444684 -0.1547072
v -0.1382700 -0.6915836 -0.1662039
v -0.1382700 -0.8884761 -1.0719089
v -0.1707100 -0.9096613 -1.0673034
v -0.1707100 -0.7127688 -0.1615984
v -0.1000000 -0.6841473 -0.1678205
v -0.1000000 -0.8810398 -1.0735255
v -0.1382700 -0.8884761 -1.0719089
v -0.1382700 -0.6915836 -0.1662039
v -0.1382700 -0.8721464 -0.1269511
v -0.1000000 -0.8795827 -0.1253345
v -0.1000000 -0.8689612 -0.0764758
v -0.1382700 -0.8615249 -0.0780923
v -0.1707100 -0.8509612 -0.1315566
v -0.1382700 -0.8721464 -0.1269511
v -0.1382700 -0.8615249 -0.0780923
v -0.1707100 -0.8403397 -0.0826978
v -0.1923900 -0.8192616 -0.1384478
v -0.1707100 -0.8509612 -0.1315566
v -0.1707100 -0.8403397 -0.0826978
v -0.1923900 -0.8086401 -0.0895891
v -0.2000000 -0.7818650 -0.1465775
v -0.1923900 -0.8192616 -0.1384478
v -0.1923900 -0.8086401 -0.0895891
v -0.2000000 -0.7712435 -0.0977188
v -0.1923900 -0.7444684 -0.1547072
v -0.2000000 -0.7818650 -0.1465775
v -0.2000000 -0.7712435 -0.0977188
v -0.1923900 -0.7338469 -0.1058484
v -0.1707100 -0.7127688 -0.1615984
v -0.1923900 -0.7444684 -0.1547072
v -0.1923900 -0.7338469 -0.1058484
v -0.1707100 -0.7021473 -0.1127397
v -0.1382700 -0.6915836 -0.1662039
v -0.1707100 -0.7127688 -0.1615984
v -0.1707100 -0.7021473 -0.1127397
v -0.1382700 -0.6809621 -0.1173452
v -0.2000000 -0.9787575 -1.0522825
v -0.1923900 -0.9413609 -1.0604122
v -0.1923900 -0.9429775 -1.0678485
v -0.1923900 -0.9413609 -1.0604122
v -0.1707100 -0.9096613 -1.0673034
v -0.1707100 -0.9158834 -1.0959250
v -0.1923900 -0.9429775 -1.0678485
v -0.1707100 -0.9096613 -1.0673034
v -0.1382700 -0.8884761 -1.0719089
v -0.1382700 -0.9015894 -1.1322301
v -0.1707100 -0.9158834 -1.0959250
v -0.1382700 -0.8884761 -1.0719089
v -0.1000000 -0.8810398 -1.0735255
v -0.1000000 -0.9022828 -1.1712432
v -0.1382700 -0.9015894 -1.1322301
v -0.1923900 -1.0177707 -1.0515891
v -0.1923900 -1.0161541 -1.0441528
v -0.2000000 -0.9787575 -1.0522825
v -0.1923900 -1.0177707 -1.0515891
v -0.1707100 -1.0540758 -1.0658831
v -0.1707100 -1.0478537 -1.0372616
v -0.1923900 -1.0161541 -1.0441528
v -0.1707100 -1.0540758 -1.0658831
v -0.1382700 -1.0821522 -1.0929773
v -0.1382700 -1.0690389 -1.0326561
v -0.1707100 -1.0478537 -1.0372616
v -0.1382700 -1.0821522 -1.0929773
v -0.1000000 -1.0977183 -1.1287573
v -0.1000000 -1.0764753 -1.0310395
v -0.1382700 -1.0690389 -1.0326561
v -0.2000000 -0.7712425 -0.0977175
v -0.1923900 -0.7322293 -0.0984109
v -0.1923900 -0.7338459 -0.1058472
v -0.1923900 -0.7322293 -0.0984109
v -0.1707100 -0.6959242 -0.0841169
v -0.1707100 -0.7021463 -0.1127384
v -0.1923900 -0.7338459 -0.1058472
v -0.2000000 -0.7712425 -0.0977175
v -0.1923900 -0.8086391 -0.0895878
v -0.1923900 -0.8070225 -0.0821515
v -0.1923900 -0.8086391 -0.0895878
v -0.1707100 -0.8403387 -0.0826966
v -0.1707100 -0.8341166 -0.0540750
v -0.1923900 -0.8070225 -0.0821515
v -0.1707100 -0.8403387 -0.0826966
v -0.1382700 -0.8615239 -0.0780911
v -0.1382700 -0.8484106 -0.0177699
v -0.1707100 -0.8341166 -0.0540750
v -0.1382700 -0.8615239 -0.0780911
v -0.1000000 -0.8689602 -0.0764745
v -0.1000000 -0.8477173 0.0212433
v -0.1382700 -0.8484106 -0.0177699
v -0.1382700 -0.6890550 -0.1545725
v -0.1382700 -0.6792075 -0.1613900
v -0.1000000 -0.6841475 -0.1678200
v -0.1382700 -0.6915825 -0.1662025
v -0.1382700 -0.6890550 -0.1545725
v -0.1000000 -0.6841475 -0.1678200
v -0.1000000 -0.7556375 -2.2496303
v -0.2000000 -0.7556375 -2.2496301
v -0.2000000 -0.7170000 -2.2441850
v -0.1000000 -0.7170000 -2.2441853
v -0.1000000 -0.7934147 -2.2398694
v -0.2000000 -0.7934147 -2.2398692
v -0.2000000 -0.7556375 -2.2496301
v -0.1000000 -0.7556375 -2.2496303
v -0.1000000 -0.8245854 -2.2164004
v -0.2000000 -0.8245854 -2.2164001
v -0.2000000 -0.7934147 -2.2398692
v -0.1000000 -0.7934147 -2.2398694
v -0.1000000 -0.8443983 -2.1827848
v -0.2000000 -0.8443983 -2.1827845
v -0.2000000 -0.8245854 -2.2164001
v -0.1000000 -0.8245854 -2.2164004
v -0.1000000 -0.8498436 -2.1441466
v -0.2000000 -0.8498436 -2.1441464
v -0.2000000 -0.8443983 -2.1827845
v -0.1000000 -0.8443983 -2.1827848
v -0.1000000 -0.8400833 -2.1063690
v -0.2000000 -0.8400833 -2.1063687
v -0.2000000 -0.8498436 -2.1441464
v -0.1000000 -0.8498436 -2.1441466
v -0.1000000 -0.8166149 -2.0751980
v -0.2000000 -0.8166149 -2.0751977
v -0.2000000 -0.8400833 -2.1063687
v -0.1000000 -0.8400833 -2.1063690
v -0.1000000 -0.7830000 -2.0553853
v -0.2000000 -0.7830000 -2.0553850
v -0.2000000 -0.8166149 -2.0751977
v -0.1000000 -0.8166149 -2.0751980
v -0.1923900 -0.6502199 -2.1554225
v -0.2000000 -0.6502199 -2.1554225
v -0.2000000 -0.6556650 -2.1167850
v -0.1923900 -0.6502199 -2.1554225
v -0.1707100 -0.6599807 -2.1931997
v -0.2000000 -0.6599808 -2.1931997
v -0.2000000 -0.6502199 -2.1554225
v -0.1707100 -0.6599807 -2.1931997
v -0.1382700 -0.6834497 -2.2243704
v -0.2000000 -0.6834499 -2.2243704
v -0.2000000 -0.6599808 -2.1931997
v -0.1382700 -0.6834497 -2.2243704
v -0.1000000 -0.7170653 -2.2441833
v -0.2000000 -0.7170655 -2.2441833
v -0.2000000 -0.6834499 -2.2243704
v -0.2000000 -0.7335000 -2.1969850
v -0.2000000 -0.7528188 -2.1997075
v -0.1000000 -0.7528188 -2.1997075
v -0.1000000 -0.7335000 -2.1969850
v -0.2000000 -0.7528188 -2.1997075
v -0.2000000 -0.7717074 -2.1948271
v -0.1000000 -0.7717074 -2.1948271
v -0.1000000 -0.7528188 -2.1997075
v -0.2000000 -0.7717074 -2.1948271
v -0.2000000 -0.7872928 -2.1830926
v -0.1000000 -0.7872928 -2.1830926
v -0.1000000 -0.7717074 -2.1948271
v -0.2000000 -0.7872928 -2.1830926
v -0.2000000 -0.7971993 -2.1662847
v -0.1000000 -0.7971993 -2.1662847
v -0.1000000 -0.7872928 -2.1830926
v -0.2000000 -0.7971993 -2.1662847
v -0.2000000 -0.7999219 -2.1469657
v -0.1000000 -0.7999219 -2.1469657
v -0.1000000 -0.7971993 -2.1662847
v -0.2000000 -0.7999219 -2.1469657
v -0.2000000 -0.7950417 -2.1280769
v -0.1000000 -0.7950417 -2.1280769
v -0.1000000 -0.7999219 -2.1469657
v -0.2000000 -0.7950417 -2.1280769
v -0.2000000 -0.7833075 -2.1124914
v -0.1000000 -0.7833075 -2.1124914
v -0.1000000 -0.7950417 -2.1280769
v -0.2000000 -0.7833075 -2.1124914
v -0.2000000 -0.7665000 -2.1025850
v -0.1000000 -0.7665000 -2.1025850
v -0.1000000 -0.7833075 -2.1124914
v -0.2000000 -0.7665000 -2.1025850
v -0.2000000 -0.7471812 -2.0998625
v -0.1000000 -0.7471812 -2.0998625
v -0.1000000 -0.7665000 -2.1025850
v -0.2000000 -0.7471812 -2.0998625
v -0.2000000 -0.7282926 -2.1047429
v -0.1000000 -0.7282926 -2.1047429
v -0.1000000 -0.7471812 -2.0998625
v -0.2000000 -0.7282926 -2.1047429
v -0.2000000 -0.7127072 -2.1164774
v -0.1000000 -0.7127072 -2.1164774
v -0.1000000 -0.7282926 -2.1047429
v -0.2000000 -0.7127072 -2.1164774
v -0.2000000 -0.7028008 -2.1332853
v -0.1000000 -0.7028008 -2.1332853
v -0.1000000 -0.7127072 -2.1164774
v -0.2000000 -0.7028008 -2.1332853
v -0.2000000 -0.7000781 -2.1526043
v -0.1000000 -0.7000781 -2.1526043
v -0.1000000 -0.7028008 -2.1332853
v -0.2000000 -0.7000781 -2.1526043
v -0.2000000 -0.7049583 -2.1714931
v -0.1000000 -0.7049583 -2.1714931
v -0.1000000 -0.7000781 -2.1526043
v -0.2000000 -0.7049583 -2.1714931
v -0.2000000 -0.7166925 -2.1870786
v -0.1000000 -0.7166925 -2.1870786
v -0.1000000 -0.7049583 -2.1714931
v -0.2000000 -0.7166925 -2.1870786
v -0.2000000 -0.7335000 -2.1969850
v -0.1000000 -0.7335000 -2.1969850
v -0.1000000 -0.7166925 -2.1870786
v -0.2000000 -0.8498439 -2.1441464
v -0.2000000 -0.7999219 -2.1469657
v -0.2000000 -0.7971993 -2.1662847
v -0.2000000 -0.8443985 -2.1827845
v -0.2000000 -0.8400835 -2.1063687
v -0.2000000 -0.7950417 -2.1280769
v -0.2000000 -0.7999219 -2.1469657
v -0.2000000 -0.8498439 -2.1441464
v -0.2000000 -0.8166150 -2.0751977
v -0.2000000 -0.7833075 -2.1124914
v -0.2000000 -0.7950417 -2.1280769
v -0.2000000 -0.8400835 -2.1063687
v -0.2000000 -0.7830000 -2.0553850
v -0.2000000 -0.7665000 -2.1025850
v -0.2000000 -0.7833075 -2.1124914
v -0.2000000 -0.8166150 -2.0751977
v -0.2000000 -0.7443624 -2.0499399
v -0.2000000 -0.7471812 -2.0998625
v -0.2000000 -0.7665000 -2.1025850
v -0.2000000 -0.7830000 -2.0553850
v -0.2000000 -0.7065851 -2.0597008
v -0.2000000 -0.7282926 -2.1047429
v -0.2000000 -0.7471812 -2.0998625
v -0.2000000 -0.7443624 -2.0499399
v -0.2000000 -0.6754143 -2.0831699
v -0.2000000 -0.7127072 -2.1164774
v -0.2000000 -0.7282926 -2.1047429
v -0.2000000 -0.7065851 -2.0597008
v -0.2000000 -0.6556015 -2.1167855
v -0.2000000 -0.7028008 -2.1332853
v -0.2000000 -0.7127072 -2.1164774
v -0.2000000 -0.6754143 -2.0831699
v -0.2000000 -0.6501561 -2.1554236
v -0.2000000 -0.7000781 -2.1526043
v -0.2000000 -0.7028008 -2.1332853
v -0.2000000 -0.6556015 -2.1167855
v -0.2000000 -0.6599165 -2.1932013
v -0.2000000 -0.7049583 -2.1714931
v -0.2000000 -0.7000781 -2.1526043
v -0.2000000 -0.6501561 -2.1554236
v -0.2000000 -0.6833850 -2.2243723
v -0.2000000 -0.7166925 -2.1870786
v -0.2000000 -0.7049583 -2.1714931
v -0.2000000 -0.6599165 -2.1932013
v -0.2000000 -0.7170000 -2.2441850
v -0.2000000 -0.7335000 -2.1969850
v -0.2000000 -0.7166925 -2.1870786
v -0.2000000 -0.6833850 -2.2243723
v -0.2000000 -0.7556376 -2.2496301
v -0.2000000 -0.7528188 -2.1997075
v -0.2000000 -0.7335000 -2.1969850
v -0.2000000 -0.7170000 -2.2441850
v -0.2000000 -0.7934149 -2.2398692
v -0.2000000 -0.7717074 -2.1948271
v -0.2000000 -0.7528188 -2.1997075
v -0.2000000 -0.7556376 -2.2496301
v -0.2000000 -0.8245857 -2.2164001
v -0.2000000 -0.7872928 -2.1830926
v -0.2000000 -0.7717074 -2.1948271
v -0.2000000 -0.7934149 -2.2398692
v -0.2000000 -0.8443985 -2.1827845
v -0.2000000 -0.7971993 -2.1662847
v -0.2000000 -0.7872928 -2.1830926
v -0.2000000 -0.8245857 -2.2164001
v -0.1000000 -0.7335000 -2.1969850
v -0.1000000 -0.7528188 -2.1997075
v -0.1000000 -0.7556376 -2.2496301
v -0.1000000 -0.7170000 -2.2441850
v -0.1000000 -0.7528188 -2.1997075
v -0.1000000 -0.7717074 -2.1948271
v -0.1000000 -0.7934149 -2.2398692
v -0.1000000 -0.7556376 -2.2496301
v -0.1000000 -0.7717074 -2.1948271
v -0.1000000 -0.7872928 -2.1830926
v -0.1000000 -0.8245857 -2.2164001
v -0.1000000 -0.7934149 -2.2398692
v -0.1000000 -0.7872928 -2.1830926
v -0.1000000 -0.7971993 -2.1662847
v -0.1000000 -0.8443985 -2.1827845
v -0.1000000 -0.8245857 -2.2164001
v -0.1000000 -0.7971993 -2.1662847
v -0.1000000 -0.7999219 -2.1469657
v -0.1000000 -0.8498439 -2.1441464
v -0.1000000 -0.8443985 -2.1827845
v -0.1000000 -0.7999219 -2.1469657
v -0.1000000 -0.7950417 -2.1280769
v -0.1000000 -0.8400835 -2.1063687
v -0.1000000 -0.8498439 -2.1441464
v -0.1000000 -0.7950417 -2.1280769
v -0.1000000 -0.7833075 -2.1124914
v -0.1000000 -0.8166150 -2.0751977
v -0.1000000 -0.8400835 -2.1063687
v -0.1000000 -0.7833075 -2.1124914
v -0.1000000 -0.7665000 -2.1025850
v -0.1000000 -0.7830000 -2.0553850
v -0.1000000 -0.8166150 -2.0751977
v -0.1000000 -0.7193008 -2.0860853
v -0.1000000 -0.7665000 -2.1025850
v -0.1000000 -0.7471812 -2.0998625
v -0.1000000 -0.7193008 -2.0860853
v -0.1000000 -0.7471812 -2.0998625
v -0.1000000 -0.7282926 -2.1047429
v -0.1000000 -0.7193008 -2.0860853
v -0.1000000 -0.7282926 -2.1047429
v -0.1000000 -0.7127072 -2.1164774
v -0.1000000 -0.7193008 -2.0860853
v -0.1000000 -0.7127072 -2.1164774
v -0.1000000 -0.7028008 -2.1332853
v -0.1000000 -0.6863008 -2.1804852
v -0.1000000 -0.7028008 -2.1332853
v -0.1000000 -0.7000781 -2.1526043
v -0.1000000 -0.6863008 -2.1804852
v -0.1000000 -0.7000781 -2.1526043
v -0.1000000 -0.7049583 -2.1714931
v -0.1000000 -0.6863008 -2.1804852
v -0.1000000 -0.7049583 -2.1714931
v -0.1000000 -0.7166925 -2.1870786
v -0.1000000 -0.6863008 -2.1804852
v -0.1000000 -0.7166925 -2.1870786
v -0.1000000 -0.7335000 -2.1969850
v -0.1000000 -0.7335650 -2.1969850
v -0.1000000 -0.7170000 -2.2444000
v -0.1000000 -0.1653000 -2.0513000
v -0.1000000 -0.6863675 -2.1804850
v -0.1000000 -0.7193675 -2.0860850
v -0.1000000 -0.2313000 -1.8625000
v -0.1000000 -0.7830650 -2.0553850
v -0.1000000 -0.7665650 -2.1025850
v -0.0250000 0.2450000 -1.9289025
v -0.0250000 0.2450000 -2.0375000
v -0.0250000 -0.0450000 -2.0375000
v -0.0250000 -0.0450000 -2.0302775
v -0.2000000 -0.6556648 -2.1167982
v -0.2000000 -0.6754755 -2.0831821
v -0.1923900 -0.6754755 -2.0831821
v -0.2000000 -0.6754755 -2.0831821
v -0.2000000 -0.7066448 -2.0597118
v -0.1707100 -0.7066447 -2.0597118
v -0.1923900 -0.6754755 -2.0831821
v -0.2000000 -0.7066448 -2.0597118
v -0.2000000 -0.7444214 -2.0499492
v -0.1382700 -0.7444213 -2.0499491
v -0.1707100 -0.7066447 -2.0597118
v -0.2000000 -0.7444214 -2.0499492
v -0.2000000 -0.7830592 -2.0553923
v -0.1000000 -0.7830590 -2.0553920
v -0.1382700 -0.7444213 -2.0499491
v -0.2000000 -0.6677800 -0.0569200
v -0.2000000 -0.6522537 -0.0211228
v -0.1923900 -0.6522537 -0.0211228
v -0.2000000 -0.6522537 -0.0211228
v -0.2000000 -0.6516141 0.0178896
v -0.1707100 -0.6516141 0.0178896
v -0.1923900 -0.6522537 -0.0211228
v -0.2000000 -0.6516141 0.0178896
v -0.2000000 -0.6659460 0.0541798
v -0.1382700 -0.6659460 0.0541798
v -0.1707100 -0.6516141 0.0178896
v -0.2000000 -0.6659460 0.0541798
v -0.2000000 -0.6930800 0.0822200
v -0.1000000 -0.6930800 0.0822200
v -0.1382700 -0.6659460 0.0541798
v -0.1923900 -0.8069221 -0.0822217
v -0.2000000 -0.8069221 -0.0822217
v -0.2000000 -0.7711230 -0.0977438
v -0.1923900 -0.8069221 -0.0822217
v -0.1707100 -0.8340507 -0.0541785
v -0.2000000 -0.8340507 -0.0541785
v -0.2000000 -0.8069221 -0.0822217
v -0.1707100 -0.8340507 -0.0541785
v -0.1382700 -0.8483892 -0.0178910
v -0.2000000 -0.8483892 -0.0178910
v -0.2000000 -0.8340507 -0.0541785
v -0.1382700 -0.8483892 -0.0178910
v -0.1000000 -0.8477438 0.0211230
v -0.2000000 -0.8477438 0.0211230
v -0.2000000 -0.8483892 -0.0178910
v -0.1000000 -0.7991945 -0.0089454
v -0.1000000 -0.7988717 0.0105615
v -0.1000000 -0.8094333 -0.0383103
v -0.1000000 -0.7920253 -0.0270892
v -0.1000000 -0.7991945 -0.0089454
v -0.1000000 -0.8094333 -0.0383103
v -0.1000000 -0.7784610 -0.0411107
v -0.1000000 -0.7920253 -0.0270892
v -0.1000000 -0.8094333 -0.0383103
v -0.1000000 -0.7605615 -0.0488718
v -0.1000000 -0.7784610 -0.0411107
v -0.1000000 -0.8094333 -0.0383103
v -0.1000000 -0.7410546 -0.0491945
v -0.1000000 -0.7605615 -0.0488718
v -0.1000000 -0.7116898 -0.0594333
v -0.1000000 -0.7229108 -0.0420253
v -0.1000000 -0.7410546 -0.0491945
v -0.1000000 -0.7116898 -0.0594333
v -0.1000000 -0.7088893 -0.0284610
v -0.1000000 -0.7229108 -0.0420253
v -0.1000000 -0.7116898 -0.0594333
v -0.1000000 -0.7011283 -0.0105615
v -0.1000000 -0.7088893 -0.0284610
v -0.1000000 -0.7116898 -0.0594333
v -0.1000000 -0.6905668 0.0383103
v -0.1000000 -0.7008055 0.0089454
v -0.1000000 -0.7011283 -0.0105615
v -0.1000000 -0.6905668 0.0383103
v -0.1000000 -0.7079747 0.0270892
v -0.1000000 -0.7008055 0.0089454
v -0.1000000 -0.6905668 0.0383103
v -0.1000000 -0.7215390 0.0411107
v -0.1000000 -0.7079747 0.0270892
v -0.1000000 -0.8477175 0.0212425
v -0.1000000 -0.7988725 0.0105625
v -0.1000000 -0.8477425 0.0211225
v -0.1000000 -0.8477175 0.0212425
v -0.1000000 -0.8689400 -0.0764600
v -0.1000000 -0.8094325 -0.0383100
v -0.1000000 -0.7988725 0.0105625
v -0.1000000 -0.6841475 -0.1678200
v -0.1000000 -0.7116900 -0.0594325
v -0.1000000 -0.8094325 -0.0383100
v -0.1000000 -0.8689400 -0.0764600
v -0.1000000 -0.6835400 -0.1676475
v -0.1000000 -0.6108100 0.0252525
v -0.1000000 -0.7116900 -0.0594325
v -0.1000000 -0.6841475 -0.1678200
v -0.1000000 -0.6905675 0.0383100
v -0.1000000 -0.7116900 -0.0594325
v -0.1000000 -0.6108100 0.0252525
v -0.1000000 -0.6930800 0.0822200
v -0.1000000 -0.7215400 0.0411100
v -0.1000000 -0.6905675 0.0383100
v -0.1000000 -0.6930800 0.0822200
v -0.1000000 -0.6905675 0.0383100
v -0.1000000 -0.6108100 0.0252525
v -0.0574050 -0.0000000 0.1385850
v -0.0382700 -0.0000000 0.0923900
v 0.0000000 -0.0000000 0.1000000
v 0.0000000 -0.0000000 0.1500000
v -0.1060650 -0.0000000 0.1060650
v -0.0707100 -0.0000000 0.0707100
v -0.0382700 -0.0000000 0.0923900
v -0.0574050 -0.0000000 0.1385850
v -0.1385850 -0.0000000 0.0574050
v -0.0923900 -0.0000000 0.0382700
v -0.0707100 -0.0000000 0.0707100
v -0.1060650 -0.0000000 0.1060650
v -0.1500000 -0.0000000 0.0000000
v -0.1000000 -0.0000000 0.0000000
v -0.0923900 -0.0000000 0.0382700
v -0.1385850 -0.0000000 0.0574050
v -0.1385850 -0.0000000 -0.0574050
v -0.0923900 -0.0000000 -0.0382700
v -0.1000000 -0.0000000 0.0000000
v -0.1500000 -0.0000000 0.0000000
v -0.1060650 -0.0000000 -0.1060650
v -0.0707100 -0.0000000 -0.0707100
v -0.0923900 -0.0000000 -0.0382700
v -0.1385850 -0.0000000 -0.0574050
v -0.0574050 -0.0000000 -0.1385850
v -0.0382700 -0.0000000 -0.0923900
v -0.0707100 -0.0000000 -0.0707100
v -0.1060650 -0.0000000 -0.1060650
v 0.0000000 -0.0000000 -0.1500000
v 0.0000000 -0.0000000 -0.1000000
v -0.0382700 -0.0000000 -0.0923900
v -0.0574050 -0.0000000 -0.1385850
v 0.0574050 -0.0000000 -0.1385850
v 0.0382700 -0.0000000 -0.0923900
v 0.0000000 -0.0000000 -0.1000000
v 0.0000000 -0.0000000 -0.1500000
v 0.1060650 -0.0000000 -0.1060650
v 0.0707100 -0.0000000 -0.0707100
v 0.0382700 -0.0000000 -0.0923900
v 0.0574050 -0.0000000 -0.1385850
v 0.1385850 -0.0000000 -0.0574050
v 0.0923900 -0.0000000 -0.0382700
v 0.0707100 -0.0000000 -0.0707100
v 0.1060650 -0.0000000 -0.1060650
v 0.1500000 -0.0000000 0.0000000
v 0.1000000 -0.0000000 0.0000000
v 0.0923900 -0.0000000 -0.0382700
v 0.1385850 -0.0000000 -0.0574050
v 0.1385850 -0.0000000 0.0574050
v 0.0923900 -0.0000000 0.0382700
v 0.1000000 -0.0000000 0.0000000
v 0.1500000 -0.0000000 0.0000000
v 0.1060650 -0.0000000 0.1060650
v 0.0707100 -0.0000000 0.0707100
v 0.0923900 -0.0000000 0.0382700
v 0.1385850 -0.0000000 0.0574050
v 0.0574050 -0.0000000 0.1385850
v 0.0382700 -0.0000000 0.0923900
v 0.0707100 -0.0000000 0.0707100
v 0.1060650 -0.0000000 0.1060650
v 0.0000000 -0.0000000 0.1500000
v 0.0000000 -0.0000000 0.1000000
v 0.0382700 -0.0000000 0.0923900
v 0.0574050 -0.0000000 0.1385850
v 0.0000000 -0.0000000 0.1000000
v -0.0382700 -0.0000000 0.0923900
v -0.0382700 0.1000000 0.0923900
v 0.0000000 0.1000000 0.1000000
v -0.0382700 -0.0000000 0.0923900
v -0.0707100 -0.0000000 0.0707100
v -0.0707100 0.1000000 0.0707100
v -0.0382700 0.1000000 0.0923900
v -0.0707100 -0.0000000 0.0707100
v -0.0923900 -0.0000000 0.0382700
v -0.0923900 0.1000000 0.0382700
v -0.0707100 0.1000000 0.0707100
v -0.0923900 -0.0000000 0.0382700
v -0.1000000 -0.0000000 0.0000000
v -0.1000000 0.1000000 0.0000000
v -0.0923900 0.1000000 0.0382700
v -0.1000000 -0.0000000 0.0000000
v -0.0923900 -0.0000000 -0.0382700
v -0.0923900 0.1000000 -0.0382700
v -0.1000000 0.1000000 0.0000000
v -0.0923900 -0.0000000 -0.0382700
v -0.0707100 -0.0000000 -0.0707100
v -0.0707100 0.1000000 -0.0707100
v -0.0923900 0.1000000 -0.0382700
v -0.0707100 -0.0000000 -0.0707100
v -0.0382700 -0.0000000 -0.0923900
v -0.0382700 0.1000000 -0.0923900
v -0.0707100 0.1000000 -0.0707100
v -0.0382700 -0.0000000 -0.0923900
v 0.0000000 -0.0000000 -0.1000000
v 0.0000000 0.1000000 -0.1000000
v -0.0382700 0.1000000 -0.0923900
v 0.0000000 -0.0000000 -0.1000000
v 0.0382700 -0.0000000 -0.0923900
v 0.0382700 0.1000000 -0.0923900
v 0.0000000 0.1000000 -0.1000000
v 0.0382700 -0.0000000 -0.0923900
v 0.0707100 -0.0000000 -0.0707100
v 0.0707100 0.1000000 -0.0707100
v 0.0382700 0.1000000 -0.0923900
v 0.0707100 -0.0000000 -0.0707100
v 0.0923900 -0.0000000 -0.0382700
v 0.0923900 0.1000000 -0.0382700
v 0.0707100 0.1000000 -0.0707100
v 0.0923900 -0.0000000 -0.0382700
v 0.1000000 -0.0000000 0.0000000
v 0.1000000 0.1000000 0.0000000
v 0.0923900 0.1000000 -0.0382700
v 0.1000000 -0.0000000 0.0000000
v 0.0923900 -0.0000000 0.0382700
v 0.0923900 0.1000000 0.0382700
v 0.1000000 0.1000000 0.0000000
v 0.0923900 -0.0000000 0.0382700
v 0.0707100 -0.0000000 0.0707100
v 0.0707100 0.1000000 0.0707100
v 0.0923900 0.1000000 0.0382700
v 0.0707100 -0.0000000 0.0707100
v 0.0382700 -0.0000000 0.0923900
v 0.0382700 0.1000000 0.0923900
v 0.0707100 0.1000000 0.0707100
v 0.0382700 -0.0000000 0.0923900
v 0.0000000 -0.0000000 0.1000000
v 0.0000000 0.1000000 0.1000000
v 0.0382700 0.1000000 0.0923900
v 0.0000000 0.1000000 0.1500000
v -0.0574050 0.1000000 0.1385850
v -0.0574050 -0.0000000 0.1385850
v 0.0000000 -0.0000000 0.1500000
v -0.0574050 0.1000000 0.1385850
v -0.1060650 0.1000000 0.1060650
v -0.1060650 -0.0000000 0.1060650
v -0.0574050 -0.0000000 0.1385850
v -0.1060650 0.1000000 0.1060650
v -0.1385850 0.1000000 0.0574050
v -0.1385850 -0.0000000 0.0574050
v -0.1060650 -0.0000000 0.1060650
v -0.1385850 0.1000000 0.0574050
v -0.1500000 0.1000000 0.0000000
v -0.1500000 -0.0000000 0.0000000
v -0.1385850 -0.0000000 0.0574050
v -0.1500000 0.1000000 0.0000000
v -0.1385850 0.1000000 -0.0574050
v -0.1385850 -0.0000000 -0.0574050
v -0.1500000 -0.0000000 0.0000000
v -0.1385850 0.1000000 -0.0574050
v -0.1060650 0.1000000 -0.1060650
v -0.1060650 -0.0000000 -0.1060650
v -0.1385850 -0.0000000 -0.0574050
v -0.1060650 0.1000000 -0.1060650
v -0.0574050 0.1000000 -0.1385850
v -0.0574050 -0.0000000 -0.1385850
v -0.1060650 -0.0000000 -0.1060650
v -0.0574050 0.1000000 -0.1385850
v 0.0000000 0.1000000 -0.1500000
v 0.0000000 -0.0000000 -0.1500000
v -0.0574050 -0.0000000 -0.1385850
v 0.0000000 0.1000000 -0.1500000
v 0.0574050 0.1000000 -0.1385850
v 0.0574050 -0.0000000 -0.1385850
v 0.0000000 -0.0000000 -0.1500000
v 0.0574050 0.1000000 -0.1385850
v 0.1060650 0.1000000 -0.1060650
v 0.1060650 -0.0000000 -0.1060650
v 0.0574050 -0.0000000 -0.1385850
v 0.1060650 0.1000000 -0.1060650
v 0.1385850 0.1000000 -0.0574050
v 0.1385850 -0.0000000 -0.0574050
v 0.1060650 -0.0000000 -0.1060650
v 0.1385850 0.1000000 -0.0574050
v 0.1500000 0.1000000 0.0000000
v 0.1500000 -0.0000000 0.0000000
v 0.1385850 -0.0000000 -0.0574050
v 0.1500000 0.1000000 0.0000000
v 0.1385850 0.1000000 0.0574050
v 0.1385850 -0.0000000 0.0574050
v 0.1500000 -0.0000000 0.0000000
v 0.1385850 0.1000000 0.0574050
v 0.1060650 0.1000000 0.1060650
v 0.1060650 -0.0000000 0.1060650
v 0.1385850 -0.0000000 0.0574050
v 0.1060650 0.1000000 0.1060650
v 0.0574050 0.1000000 0.1385850
v 0.0574050 -0.0000000 0.1385850
v 0.1060650 -0.0000000 0.1060650
v 0.0574050 0.1000000 0.1385850
v 0.0000000 0.1000000 0.1500000
v 0.0000000 -0.0000000 0.1500000
v 0.0574050 -0.0000000 0.1385850
v -0.1500000 0.1000000 0.0000000
v -0.1000000 0.1000000 0.0000000
v -0.0923900 0.1000000 -0.0382700
v -0.1385850 0.1000000 -0.0574050
v -0.1385850 0.1000000 -0.0574050
v -0.0923900 0.1000000 -0.0382700
v -0.0707100 0.1000000 -0.0707100
v -0.1060650 0.1000000 -0.1060650
v -0.1060650 0.1000000 -0.1060650
v -0.0707100 0.1000000 -0.0707100
v -0.0382700 0.1000000 -0.0923900
v -0.0574050 0.1000000 -0.1385850
v -0.0574050 0.1000000 -0.1385850
v -0.0382700 0.1000000 -0.0923900
v 0.0000000 0.1000000 -0.1000000
v 0.0000000 0.1000000 -0.1500000
v 0.0000000 0.1000000 -0.1500000
v 0.0000000 0.1000000 -0.1000000
v 0.0382700 0.1000000 -0.0923900
v 0.0574050 0.1000000 -0.1385850
v 0.0574050 0.1000000 -0.1385850
v 0.0382700 0.1000000 -0.0923900
v 0.0707100 0.1000000 -0.0707100
v 0.1060650 0.1000000 -0.1060650
v 0.1060650 0.1000000 -0.1060650
v 0.0707100 0.1000000 -0.0707100
v 0.0923900 0.1000000 -0.0382700
v 0.1385850 0.1000000 -0.0574050
v 0.1385850 0.1000000 -0.0574050
v 0.0923900 0.1000000 -0.0382700
v 0.1000000 0.1000000 0.0000000
v 0.1500000 0.1000000 0.0000000
v 0.1500000 0.1000000 0.0000000
v 0.1000000 0.1000000 0.0000000
v 0.0923900 0.1000000 0.0382700
v 0.1385850 0.1000000 0.0574050
v 0.1385850 0.1000000 0.0574050
v 0.0923900 0.1000000 0.0382700
v 0.0707100 0.1000000 0.0707100
v 0.1060650 0.1000000 0.1060650
v 0.1060650 0.1000000 0.1060650
v 0.0707100 0.1000000 0.0707100
v 0.0382700 0.1000000 0.0923900
v 0.0574050 0.1000000 0.1385850
v 0.0574050 0.1000000 0.1385850
v 0.0382700 0.1000000 0.0923900
v 0.0000000 0.1000000 0.1000000
v 0.0000000 0.1000000 0.1500000
v 0.0000000 0.1000000 0.1500000
v 0.0000000 0.1000000 0.1000000
v -0.0382700 0.1000000 0.0923900
v -0.0574050 0.1000000 0.1385850
v -0.0574050 0.1000000 0.1385850
v -0.0382700 0.1000000 0.0923900
v -0.0707100 0.1000000 0.0707100
v -0.1060650 0.1000000 0.1060650
v -0.1060650 0.1000000 0.1060650
v -0.0707100 0.1000000 0.0707100
v -0.0923900 0.1000000 0.0382700
v -0.1385850 0.1000000 0.0574050
v -0.1385850 0.1000000 0.0574050
v -0.0923900 0.1000000 0.0382700
v -0.1000000 0.1000000 0.0000000
v -0.1500000 0.1000000 0.0000000
v 0.0500000 -0.8888843 -1.3162989
v -0.0500000 -0.8888843 -1.3162989
v -0.0500000 -0.8337060 -1.2611140
v 0.0500000 -0.8337060 -1.2611140
v 0.0500000 -0.9609822 -1.3461552
v -0.0500000 -0.9609822 -1.3461552
v -0.0500000 -0.8888843 -1.3162989
v 0.0500000 -0.8888843 -1.3162989
v 0.0500000 -1.0390175 -1.3461624
v -0.0500000 -1.0390175 -1.3461624
v -0.0500000 -0.9609822 -1.3461552
v 0.0500000 -0.9609822 -1.3461552
v 0.0500000 -1.1111140 -1.3162940
v -0.0500000 -1.1111140 -1.3162940
v -0.0500000 -1.0390175 -1.3461624
v 0.0500000 -1.0390175 -1.3461624
v 0.0500000 -1.1662989 -1.2611157
v -0.0500000 -1.1662989 -1.2611157
v -0.0500000 -1.1111140 -1.3162940
v 0.0500000 -1.1111140 -1.3162940
v 0.0500000 -1.1961552 -1.1890178
v -0.0500000 -1.1961552 -1.1890178
v -0.0500000 -1.1662989 -1.2611157
v 0.0500000 -1.1662989 -1.2611157
v 0.0500000 -1.1961624 -1.1109825
v -0.0500000 -1.1961624 -1.1109825
v -0.0500000 -1.1961552 -1.1890178
v 0.0500000 -1.1961552 -1.1890178
v 0.0500000 -1.1662940 -1.0388860
v -0.0500000 -1.1662940 -1.0388860
v -0.0500000 -1.1961624 -1.1109825
v 0.0500000 -1.1961624 -1.1109825
v 0.0500000 -1.1111157 -0.9837011
v -0.0500000 -1.1111157 -0.9837011
v -0.0500000 -1.1662940 -1.0388860
v 0.0500000 -1.1662940 -1.0388860
v 0.0500000 -1.0390178 -0.9538448
v -0.0500000 -1.0390178 -0.9538448
v -0.0500000 -1.1111157 -0.9837011
v 0.0500000 -1.1111157 -0.9837011
v -0.1000000 -0.0000000 0.2500000
v -0.1000000 -0.1000000 0.2500000
v 0.1000000 -0.1000000 0.2500000
v 0.1000000 -0.0000000 0.2500000
v 0.1000000 -0.1605000 -1.8377500
v 0.1000000 -0.0945000 -2.0265500
v -0.1000000 -0.0945000 -2.0265500
v -0.1000000 -0.1605000 -1.8377500
v -0.1000000 -0.1653000 -2.0513000
v 0.1000000 -0.1653000 -2.0513000
v 0.1000000 -0.2313000 -1.8625000
v -0.1000000 -0.2313000 -1.8625000
v -0.1000000 -0.1605000 -1.8377500
v -0.1000000 -0.2313000 -1.8625000
v 0.1000000 -0.2313000 -1.8625000
v 0.1000000 -0.1605000 -1.8377500
v 0.1000000 -0.0945000 -2.0265500
v 0.1000000 -0.1653000 -2.0513000
v -0.1000000 -0.1653000 -2.0513000
v -0.1000000 -0.0945000 -2.0265500
v 0.1000000 -0.1000000 0.2500000
v -0.1000000 -0.1000000 0.2500000
v -0.1000000 -0.1000000 -0.1000000
v 0.1000000 -0.1000000 -0.1000000
v -0.1000000 -0.1000000 -0.1000000
v -0.1000000 -0.1225000 -0.1750000
v 0.1000000 -0.1225000 -0.1750000
v 0.1000000 -0.1000000 -0.1000000
v 0.1000000 -0.1625000 -0.2500000
v 0.1000000 -0.1225000 -0.1750000
v -0.1000000 -0.1225000 -0.1750000
v -0.1000000 -0.1625000 -0.2500000
v 0.0000000 0.2912500 -1.9180000
v 0.0478375 0.2881109 -1.9090202
v 0.0478375 -0.0894891 -2.0410202
v 0.0000000 -0.0863500 -2.0500000
v 0.0478375 0.2881109 -1.9090202
v 0.0883875 0.2791679 -1.8834378
v 0.0883875 -0.0984321 -2.0154378
v 0.0478375 -0.0894891 -2.0410202
v 0.0883875 0.2791679 -1.8834378
v 0.1154875 0.2657864 -1.8451586
v 0.1154875 -0.1118136 -1.9771586
v 0.0883875 -0.0984321 -2.0154378
v 0.1154875 0.2657864 -1.8451586
v 0.1250000 0.2500000 -1.8000000
v 0.1250000 -0.1276000 -1.9320000
v 0.1154875 -0.1118136 -1.9771586
v 0.1250000 0.2500000 -1.8000000
v 0.1154875 0.2342136 -1.7548414
v 0.1154875 -0.1433864 -1.8868414
v 0.1250000 -0.1276000 -1.9320000
v 0.1154875 0.2342136 -1.7548414
v 0.0883875 0.2208321 -1.7165622
v 0.0883875 -0.1567679 -1.8485622
v 0.1154875 -0.1433864 -1.8868414
v 0.0883875 0.2208321 -1.7165622
v 0.0478375 0.2118891 -1.6909798
v 0.0478375 -0.1657109 -1.8229798
v 0.0883875 -0.1567679 -1.8485622
v 0.0478375 0.2118891 -1.6909798
v 0.0000000 0.2087500 -1.6820000
v 0.0000000 -0.1688500 -1.8140000
v 0.0478375 -0.1657109 -1.8229798
v 0.0000000 0.2087500 -1.6820000
v -0.0478375 0.2118891 -1.6909798
v -0.0478375 -0.1657109 -1.8229798
v 0.0000000 -0.1688500 -1.8140000
v -0.0478375 0.2118891 -1.6909798
v -0.0883875 0.2208321 -1.7165622
v -0.0883875 -0.1567679 -1.8485622
v -0.0478375 -0.1657109 -1.8229798
v -0.0883875 0.2208321 -1.7165622
v -0.1154875 0.2342136 -1.7548414
v -0.1154875 -0.1433864 -1.8868414
v -0.0883875 -0.1567679 -1.8485622
v -0.1154875 0.2342136 -1.7548414
v -0.1250000 0.2500000 -1.8000000
v -0.1250000 -0.1276000 -1.9320000
v -0.1154875 -0.1433864 -1.8868414
v -0.1250000 0.2500000 -1.8000000
v -0.1154875 0.2657864 -1.8451586
v -0.1154875 -0.1118136 -1.9771586
v -0.1250000 -0.1276000 -1.9320000
v -0.1154875 0.2657864 -1.8451586
v -0.0883875 0.2791679 -1.8834378
v -0.0883875 -0.0984321 -2.0154378
v -0.1154875 -0.1118136 -1.9771586
v -0.0883875 0.2791679 -1.8834378
v -0.0478375 0.2881109 -1.9090202
v -0.0478375 -0.0894891 -2.0410202
v -0.0883875 -0.0984321 -2.0154378
v -0.0478375 0.2881109 -1.9090202
v 0.0000000 0.2912500 -1.9180000
v 0.0000000 -0.0863500 -2.0500000
v -0.0478375 -0.0894891 -2.0410202
v 0.0000000 0.2500000 -1.8000000
v 0.0000000 0.2087500 -1.6820000
v 0.0478375 0.2118891 -1.6909798
v 0.0000000 0.2500000 -1.8000000
v 0.0478375 0.2118891 -1.6909798
v 0.0883875 0.2208321 -1.7165622
v 0.0000000 0.2500000 -1.8000000
v 0.0883875 0.2208321 -1.7165622
v 0.1154875 0.2342136 -1.7548414
v 0.0000000 0.2500000 -1.8000000
v 0.1154875 0.2342136 -1.7548414
v 0.1250000 0.2500000 -1.8000000
v 0.0000000 0.2500000 -1.8000000
v 0.1250000 0.2500000 -1.8000000
v 0.1154875 0.2657864 -1.8451586
v 0.0000000 0.2500000 -1.8000000
v 0.1154875 0.2657864 -1.8451586
v 0.0883875 0.2791679 -1.8834378
v 0.0000000 0.2500000 -1.8000000
v 0.0883875 0.2791679 -1.8834378
v 0.0478375 0.2881109 -1.9090202
v 0.0000000 0.2500000 -1.8000000
v 0.0478375 0.2881109 -1.9090202
v 0.0000000 0.2912500 -1.9180000
v 0.0000000 0.2500000 -1.8000000
v 0.0000000 0.2912500 -1.9180000
v -0.0478375 0.2881109 -1.9090202
v 0.0000000 0.2500000 -1.8000000
v -0.0478375 0.2881109 -1.9090202
v -0.0883875 0.2791679 -1.8834378
v 0.0000000 0.2500000 -1.8000000
v -0.0883875 0.2791679 -1.8834378
v -0.1154875 0.2657864 -1.8451586
v 0.0000000 0.2500000 -1.8000000
v -0.1154875 0.2657864 -1.8451586
v -0.1250000 0.2500000 -1.8000000
v 0.0000000 0.2500000 -1.8000000
v -0.1250000 0.2500000 -1.8000000
v -0.1154875 0.2342136 -1.7548414
v 0.0000000 0.2500000 -1.8000000
v -0.1154875 0.2342136 -1.7548414
v -0.0883875 0.2208321 -1.7165622
v 0.0000000 0.2500000 -1.8000000
v -0.0883875 0.2208321 -1.7165622
v -0.0478375 0.2118891 -1.6909798
v 0.0000000 0.2500000 -1.8000000
v -0.0478375 0.2118891 -1.6909798
v 0.0000000 0.2087500 -1.6820000
v 0.0000000 -0.1275000 -1.9321500
v 0.0000000 -0.0862500 -2.0501500
v 0.0478375 -0.0893891 -2.0411702
v 0.0000000 -0.1275000 -1.9321500
v 0.0478375 -0.0893891 -2.0411702
v 0.0883875 -0.0983321 -2.0155878
v 0.0000000 -0.1275000 -1.9321500
v 0.0883875 -0.0983321 -2.0155878
v 0.1154875 -0.1117136 -1.9773086
v 0.0000000 -0.1275000 -1.9321500
v 0.1154875 -0.1117136 -1.9773086
v 0.1250000 -0.1275000 -1.9321500
v 0.0000000 -0.1275000 -1.9321500
v 0.1250000 -0.1275000 -1.9321500
v 0.1154875 -0.1432864 -1.8869914
v 0.0000000 -0.1275000 -1.9321500
v 0.1154875 -0.1432864 -1.8869914
v 0.0883875 -0.1566679 -1.8487122
v 0.0000000 -0.1275000 -1.9321500
v 0.0883875 -0.1566679 -1.8487122
v 0.0478375 -0.1656109 -1.8231298
v 0.0000000 -0.1275000 -1.9321500
v 0.0478375 -0.1656109 -1.8231298
v 0.0000000 -0.1687500 -1.8141500
v 0.0000000 -0.1275000 -1.9321500
v 0.0000000 -0.1687500 -1.8141500
v -0.0478375 -0.1656109 -1.8231298
v 0.0000000 -0.1275000 -1.9321500
v -0.0478375 -0.1656109 -1.8231298
v -0.0883875 -0.1566679 -1.8487122
v 0.0000000 -0.1275000 -1.9321500
v -0.0883875 -0.1566679 -1.8487122
v -0.1154875 -0.1432864 -1.8869914
v 0.0000000 -0.1275000 -1.9321500
v -0.1154875 -0.1432864 -1.8869914
v -0.1250000 -0.1275000 -1.9321500
v 0.0000000 -0.1275000 -1.9321500
v -0.1250000 -0.1275000 -1.9321500
v -0.1154875 -0.1117136 -1.9773086
v 0.0000000 -0.1275000 -1.9321500
v -0.1154875 -0.1117136 -1.9773086
v -0.0883875 -0.0983321 -2.0155878
v 0.0000000 -0.1275000 -1.9321500
v -0.0883875 -0.0983321 -2.0155878
v -0.0478375 -0.0893891 -2.0411702
v 0.0000000 -0.1275000 -1.9321500
v -0.0478375 -0.0893891 -2.0411702
v 0.0000000 -0.0862500 -2.0501500
v -0.0195093 0.5655660 -1.7935862
v 0.0195100 0.5655667 -1.7935883
v 0.0195100 0.2823667 -1.8925883
v -0.0195093 0.2823660 -1.8925863
v 0.0195100 0.5655667 -1.7935883
v 0.0555563 0.5606381 -1.7794899
v 0.0555563 0.2774381 -1.8784899
v 0.0195100 0.2823667 -1.8925883
v 0.0555563 0.5606381 -1.7794899
v 0.0831485 0.5515343 -1.7534475
v 0.0831485 0.2683343 -1.8524475
v 0.0555563 0.2774381 -1.8784899
v 0.0831485 0.5515343 -1.7534475
v 0.0980785 0.5396378 -1.7194163
v 0.0980785 0.2564378 -1.8184163
v 0.0831485 0.2683343 -1.8524475
v 0.0980785 0.5396378 -1.7194163
v 0.0980809 0.5267614 -1.6825820
v 0.0980809 0.2435614 -1.7815820
v 0.0980785 0.2564378 -1.8184163
v 0.0980809 0.5267614 -1.6825820
v 0.0831463 0.5148661 -1.6485544
v 0.0831463 0.2316661 -1.7475544
v 0.0980809 0.2435614 -1.7815820
v 0.0831463 0.5148661 -1.6485544
v 0.0555592 0.5057608 -1.6225075
v 0.0555592 0.2225608 -1.7215075
v 0.0831463 0.2316661 -1.7475544
v 0.0555592 0.5057608 -1.6225075
v 0.0195093 0.5008340 -1.6084138
v 0.0195093 0.2176340 -1.7074137
v 0.0555592 0.2225608 -1.7215075
v 0.0195093 0.5008340 -1.6084138
v -0.0195100 0.5008333 -1.6084117
v -0.0195100 0.2176333 -1.7074117
v 0.0195093 0.2176340 -1.7074137
v -0.0195100 0.5008333 -1.6084117
v -0.0555563 0.5057619 -1.6225101
v -0.0555563 0.2225619 -1.7215101
v -0.0195100 0.2176333 -1.7074117
v -0.0555563 0.5057619 -1.6225101
v -0.0831485 0.5148657 -1.6485525
v -0.0831485 0.2316657 -1.7475525
v -0.0555563 0.2225619 -1.7215101
v -0.0831485 0.5148657 -1.6485525
v -0.0980785 0.5267622 -1.6825838
v -0.0980785 0.2435623 -1.7815838
v -0.0831485 0.2316657 -1.7475525
v -0.0980785 0.5267622 -1.6825838
v -0.0980809 0.5396386 -1.7194180
v -0.0980809 0.2564386 -1.8184180
v -0.0980785 0.2435623 -1.7815838
v -0.0980809 0.5396386 -1.7194180
v -0.0831463 0.5515339 -1.7534456
v -0.0831463 0.2683339 -1.8524456
v -0.0980809 0.2564386 -1.8184180
v -0.0831463 0.5515339 -1.7534456
v -0.0555592 0.5606392 -1.7794925
v -0.0555592 0.2774392 -1.8784925
v -0.0831463 0.2683339 -1.8524456
v -0.0555592 0.5606392 -1.7794925
v -0.0195093 0.5655660 -1.7935862
v -0.0195093 0.2823660 -1.8925863
v -0.0555592 0.2774392 -1.8784925
v -0.1000000 -0.0000000 0.2500000
v 0.1000000 -0.0000000 0.2500000
v 0.1000000 -0.0016150 -0.4321100
v -0.1000000 -0.0016150 -0.4321100
v 0.1000000 0.1000000 -2.1625000
v 0.0923900 0.0617300 -2.1625000
v 0.0923900 0.0617300 -2.0625000
v 0.1000000 0.1000000 -2.0625000
v 0.0923900 0.0617300 -2.1625000
v 0.0707100 0.0292900 -2.1625000
v 0.0707100 0.0292900 -2.0625000
v 0.0923900 0.0617300 -2.0625000
v 0.0707100 0.0292900 -2.1625000
v 0.0382700 0.0076100 -2.1625000
v 0.0382700 0.0076100 -2.0625000
v 0.0707100 0.0292900 -2.0625000
v 0.0382700 0.0076100 -2.1625000
v 0.0000000 -0.0000000 -2.1625000
v 0.0000000 -0.0000000 -2.0625000
v 0.0382700 0.0076100 -2.0625000
v 0.0000000 -0.0000000 -2.1625000
v -0.0382700 0.0076100 -2.1625000
v -0.0382700 0.0076100 -2.0625000
v 0.0000000 -0.0000000 -2.0625000
v -0.0382700 0.0076100 -2.1625000
v -0.0707100 0.0292900 -2.1625000
v -0.0707100 0.0292900 -2.0625000
v -0.0382700 0.0076100 -2.0625000
v -0.0707100 0.0292900 -2.1625000
v -0.0923900 0.0617300 -2.1625000
v -0.0923900 0.0617300 -2.0625000
v -0.0707100 0.0292900 -2.0625000
v -0.0923900 0.0617300 -2.1625000
v -0.1000000 0.1000000 -2.1625000
v -0.1000000 0.1000000 -2.0625000
v -0.0923900 0.0617300 -2.0625000
v -0.1000000 0.1000000 -2.1625000
v -0.0923900 0.1382700 -2.1625000
v -0.0923900 0.1382700 -2.0625000
v -0.1000000 0.1000000 -2.0625000
v -0.0923900 0.1382700 -2.1625000
v -0.0707100 0.1707100 -2.1625000
v -0.0707100 0.1707100 -2.0625000
v -0.0923900 0.1382700 -2.0625000
v -0.0707100 0.1707100 -2.1625000
v -0.0382700 0.1923900 -2.1625000
v -0.0382700 0.1923900 -2.0625000
v -0.0707100 0.1707100 -2.0625000
v -0.0382700 0.1923900 -2.1625000
v 0.0000000 0.2000000 -2.1625000
v 0.0000000 0.2000000 -2.0625000
v -0.0382700 0.1923900 -2.0625000
v 0.0000000 0.2000000 -2.1625000
v 0.0382700 0.1923900 -2.1625000
v 0.0382700 0.1923900 -2.0625000
v 0.0000000 0.2000000 -2.0625000
v 0.0382700 0.1923900 -2.1625000
v 0.0707100 0.1707100 -2.1625000
v 0.0707100 0.1707100 -2.0625000
v 0.0382700 0.1923900 -2.0625000
v 0.0707100 0.1707100 -2.1625000
v 0.0923900 0.1382700 -2.1625000
v 0.0923900 0.1382700 -2.0625000
v 0.0707100 0.1707100 -2.0625000
v 0.0923900 0.1382700 -2.1625000
v 0.1000000 0.1000000 -2.1625000
v 0.1000000 0.1000000 -2.0625000
v 0.0923900 0.1382700 -2.0625000
v 0.1500000 0.1000000 -2.0625000
v 0.1385850 0.0425950 -2.0625000
v 0.1385850 0.0425950 -2.1625000
v 0.1500000 0.1000000 -2.1625000
v 0.1385850 0.0425950 -2.0625000
v 0.1060650 -0.0060650 -2.0625000
v 0.1060650 -0.0060650 -2.1625000
v 0.1385850 0.0425950 -2.1625000
v 0.1060650 -0.0060650 -2.0625000
v 0.0574050 -0.0385850 -2.0625000
v 0.0574050 -0.0385850 -2.1625000
v 0.1060650 -0.0060650 -2.1625000
v 0.0574050 -0.0385850 -2.0625000
v 0.0000000 -0.0500000 -2.0625000
v 0.0000000 -0.0500000 -2.1625000
v 0.0574050 -0.0385850 -2.1625000
v 0.0000000 -0.0500000 -2.0625000
v -0.0574050 -0.0385850 -2.0625000
v -0.0574050 -0.0385850 -2.1625000
v 0.0000000 -0.0500000 -2.1625000
v -0.0574050 -0.0385850 -2.0625000
v -0.1060650 -0.0060650 -2.0625000
v -0.1060650 -0.0060650 -2.1625000
v -0.0574050 -0.0385850 -2.1625000
v -0.1060650 -0.0060650 -2.0625000
v -0.1385850 0.0425950 -2.0625000
v -0.1385850 0.0425950 -2.1625000
v -0.1060650 -0.0060650 -2.1625000
v -0.1385850 0.0425950 -2.0625000
v -0.1500000 0.1000000 -2.0625000
v -0.1500000 0.1000000 -2.1625000
v -0.1385850 0.0425950 -2.1625000
v -0.1500000 0.1000000 -2.0625000
v -0.1385850 0.1574050 -2.0625000
v -0.1385850 0.1574050 -2.1625000
v -0.1500000 0.1000000 -2.1625000
v -0.1385850 0.1574050 -2.0625000
v -0.1060650 0.2060650 -2.0625000
v -0.1060650 0.2060650 -2.1625000
v -0.1385850 0.1574050 -2.1625000
v -0.1060650 0.2060650 -2.0625000
v -0.0574050 0.2385850 -2.0625000
v -0.0574050 0.2385850 -2.1625000
v -0.1060650 0.2060650 -2.1625000
v -0.0574050 0.2385850 -2.0625000
v 0.0000000 0.2500000 -2.0625000
v 0.0000000 0.2500000 -2.1625000
v -0.0574050 0.2385850 -2.1625000
v 0.0000000 0.2500000 -2.0625000
v 0.0574050 0.2385850 -2.0625000
v 0.0574050 0.2385850 -2.1625000
v 0.0000000 0.2500000 -2.1625000
v 0.0574050 0.2385850 -2.0625000
v 0.1060650 0.2060650 -2.0625000
v 0.1060650 0.2060650 -2.1625000
v 0.0574050 0.2385850 -2.1625000
v 0.1060650 0.2060650 -2.0625000
v 0.1385850 0.1574050 -2.0625000
v 0.1385850 0.1574050 -2.1625000
v 0.1060650 0.2060650 -2.1625000
v 0.1385850 0.1574050 -2.0625000
v 0.1500000 0.1000000 -2.0625000
v 0.1500000 0.1000000 -2.1625000
v 0.1385850 0.1574050 -2.1625000
v -0.0574050 -0.0385850 -2.1625000
v -0.0382700 0.0076100 -2.1625000
v 0.0000000 -0.0000000 -2.1625000
v 0.0000000 -0.0500000 -2.1625000
v -0.1060650 -0.0060650 -2.1625000
v -0.0707100 0.0292900 -2.1625000
v -0.0382700 0.0076100 -2.1625000
v -0.0574050 -0.0385850 -2.1625000
v -0.1385850 0.0425950 -2.1625000
v -0.0923900 0.0617300 -2.1625000
v -0.0707100 0.0292900 -2.1625000
v -0.1060650 -0.0060650 -2.1625000
v -0.1500000 0.1000000 -2.1625000
v -0.1000000 0.1000000 -2.1625000
v -0.0923900 0.0617300 -2.1625000
v -0.1385850 0.0425950 -2.1625000
v -0.1385850 0.1574050 -2.1625000
v -0.0923900 0.1382700 -2.1625000
v -0.1000000 0.1000000 -2.1625000
v -0.1500000 0.1000000 -2.1625000
v -0.1060650 0.2060650 -2.1625000
v -0.0707100 0.1707100 -2.1625000
v -0.0923900 0.1382700 -2.1625000
v -0.1385850 0.1574050 -2.1625000
v -0.0574050 0.2385850 -2.1625000
v -0.0382700 0.1923900 -2.1625000
v -0.0707100 0.1707100 -2.1625000
v -0.1060650 0.2060650 -2.1625000
v 0.0000000 0.2500000 -2.1625000
v 0.0000000 0.2000000 -2.1625000
v -0.0382700 0.1923900 -2.1625000
v -0.0574050 0.2385850 -2.1625000
v 0.0574050 0.2385850 -2.1625000
v 0.0382700 0.1923900 -2.1625000
v 0.0000000 0.2000000 -2.1625000
v 0.0000000 0.2500000 -2.1625000
v 0.1060650 0.2060650 -2.1625000
v 0.0707100 0.1707100 -2.1625000
v 0.0382700 0.1923900 -2.1625000
v 0.0574050 0.2385850 -2.1625000
v 0.1385850 0.1574050 -2.1625000
v 0.0923900 0.1382700 -2.1625000
v 0.0707100 0.1707100 -2.1625000
v 0.1060650 0.2060650 -2.1625000
v 0.1500000 0.1000000 -2.1625000
v 0.1000000 0.1000000 -2.1625000
v 0.0923900 0.1382700 -2.1625000
v 0.1385850 0.1574050 -2.1625000
v 0.1385850 0.0425950 -2.1625000
v 0.0923900 0.0617300 -2.1625000
v 0.1000000 0.1000000 -2.1625000
v 0.1500000 0.1000000 -2.1625000
v 0.1060650 -0.0060650 -2.1625000
v 0.0707100 0.0292900 -2.1625000
v 0.0923900 0.0617300 -2.1625000
v 0.1385850 0.0425950 -2.1625000
v 0.0574050 -0.0385850 -2.1625000
v 0.0382700 0.0076100 -2.1625000
v 0.0707100 0.0292900 -2.1625000
v 0.1060650 -0.0060650 -2.1625000
v 0.0000000 -0.0500000 -2.1625000
v 0.0000000 -0.0000000 -2.1625000
v 0.0382700 0.0076100 -2.1625000
v 0.0574050 -0.0385850 -2.1625000
v 0.1385850 0.0425950 -2.0375000
v 0.1500000 0.1000000 -2.0375000
v 0.0000000 0.1000000 -2.0375000
v 0.1060650 -0.0060650 -2.0375000
v 0.1385850 0.0425950 -2.0375000
v 0.0000000 0.1000000 -2.0375000
v 0.0574050 -0.0385850 -2.0375000
v 0.1060650 -0.0060650 -2.0375000
v 0.0000000 0.1000000 -2.0375000
v 0.0000000 -0.0500000 -2.0375000
v 0.0574050 -0.0385850 -2.0375000
v 0.0000000 0.1000000 -2.0375000
v -0.0574050 -0.0385850 -2.0375000
v 0.0000000 -0.0500000 -2.0375000
v 0.0000000 0.1000000 -2.0375000
v -0.1060650 -0.0060650 -2.0375000
v -0.0574050 -0.0385850 -2.0375000
v 0.0000000 0.1000000 -2.0375000
v -0.1385850 0.0425950 -2.0375000
v -0.1060650 -0.0060650 -2.0375000
v 0.0000000 0.1000000 -2.0375000
v -0.1500000 0.1000000 -2.0375000
v -0.1385850 0.0425950 -2.0375000
v 0.0000000 0.1000000 -2.0375000
v -0.1385850 0.1574050 -2.0375000
v -0.1500000 0.1000000 -2.0375000
v 0.0000000 0.1000000 -2.0375000
v -0.1060650 0.2060650 -2.0375000
v -0.1385850 0.1574050 -2.0375000
v 0.0000000 0.1000000 -2.0375000
v -0.0574050 0.2385850 -2.0375000
v -0.1060650 0.2060650 -2.0375000
v 0.0000000 0.1000000 -2.0375000
v 0.0000000 0.2500000 -2.0375000
v -0.0574050 0.2385850 -2.0375000
v 0.0000000 0.1000000 -2.0375000
v 0.0574050 0.2385850 -2.0375000
v 0.0000000 0.2500000 -2.0375000
v 0.0000000 0.1000000 -2.0375000
v 0.1060650 0.2060650 -2.0375000
v 0.0574050 0.2385850 -2.0375000
v 0.0000000 0.1000000 -2.0375000
v 0.1385850 0.1574050 -2.0375000
v 0.1060650 0.2060650 -2.0375000
v 0.0000000 0.1000000 -2.0375000
v 0.1500000 0.1000000 -2.0375000
v 0.1385850 0.1574050 -2.0375000
v 0.0000000 0.1000000 -2.0375000
v 0.1500000 0.1000000 -2.0375000
v 0.1385850 0.0425950 -2.0375000
v 0.1385850 0.0425950 -2.0625000
v 0.1500000 0.1000000 -2.0625000
v 0.1385850 0.0425950 -2.0375000
v 0.1060650 -0.0060650 -2.0375000
v 0.1060650 -0.0060650 -2.0625000
v 0.1385850 0.0425950 -2.0625000
v 0.1060650 -0.0060650 -2.0375000
v 0.0574050 -0.0385850 -2.0375000
v 0.0574050 -0.0385850 -2.0625000
v 0.1060650 -0.0060650 -2.0625000
v 0.0574050 -0.0385850 -2.0375000
v 0.0000000 -0.0500000 -2.0375000
v 0.0000000 -0.0500000 -2.0625000
v 0.0574050 -0.0385850 -2.0625000
v 0.0000000 -0.0500000 -2.0375000
v -0.0574050 -0.0385850 -2.0375000
v -0.0574050 -0.0385850 -2.0625000
v 0.0000000 -0.0500000 -2.0625000
v -0.0574050 -0.0385850 -2.0375000
v -0.1060650 -0.0060650 -2.0375000
v -0.1060650 -0.0060650 -2.0625000
v -0.0574050 -0.0385850 -2.0625000
v -0.1060650 -0.0060650 -2.0375000
v -0.1385850 0.0425950 -2.0375000
v -0.1385850 0.0425950 -2.0625000
v -0.1060650 -0.0060650 -2.0625000
v -0.1385850 0.0425950 -2.0375000
v -0.1500000 0.1000000 -2.0375000
v -0.1500000 0.1000000 -2.0625000
v -0.1385850 0.0425950 -2.0625000
v -0.1500000 0.1000000 -2.0375000
v -0.1385850 0.1574050 -2.0375000
v -0.1385850 0.1574050 -2.0625000
v -0.1500000 0.1000000 -2.0625000
v -0.1385850 0.1574050 -2.0375000
v -0.1060650 0.2060650 -2.0375000
v -0.1060650 0.2060650 -2.0625000
v -0.1385850 0.1574050 -2.0625000
v -0.1060650 0.2060650 -2.0375000
v -0.0574050 0.2385850 -2.0375000
v -0.0574050 0.2385850 -2.0625000
v -0.1060650 0.2060650 -2.0625000
v -0.0574050 0.2385850 -2.0375000
v 0.0000000 0.2500000 -2.0375000
v 0.0000000 0.2500000 -2.0625000
v -0.0574050 0.2385850 -2.0625000
v 0.0000000 0.2500000 -2.0375000
v 0.0574050 0.2385850 -2.0375000
v 0.0574050 0.2385850 -2.0625000
v 0.0000000 0.2500000 -2.0625000
v 0.0574050 0.2385850 -2.0375000
v 0.1060650 0.2060650 -2.0375000
v 0.1060650 0.2060650 -2.0625000
v 0.0574050 0.2385850 -2.0625000
v 0.1060650 0.2060650 -2.0375000
v 0.1385850 0.1574050 -2.0375000
v 0.1385850 0.1574050 -2.0625000
v 0.1060650 0.2060650 -2.0625000
v 0.1385850 0.1574050 -2.0375000
v 0.1500000 0.1000000 -2.0375000
v 0.1500000 0.1000000 -2.0625000
v 0.1385850 0.1574050 -2.0625000
v 0.0000000 0.1000000 -2.0625000
v 0.1000000 0.1000000 -2.0625000
v 0.0923900 0.0617300 -2.0625000
v 0.0000000 0.1000000 -2.0625000
v 0.0923900 0.0617300 -2.0625000
v 0.0707100 0.0292900 -2.0625000
v 0.0000000 0.1000000 -2.0625000
v 0.0707100 0.0292900 -2.0625000
v 0.0382700 0.0076100 -2.0625000
v 0.0000000 0.1000000 -2.0625000
v 0.0382700 0.0076100 -2.0625000
v 0.0000000 -0.0000000 -2.0625000
v 0.0000000 0.1000000 -2.0625000
v 0.0000000 -0.0000000 -2.0625000
v -0.0382700 0.0076100 -2.0625000
v 0.0000000 0.1000000 -2.0625000
v -0.0382700 0.0076100 -2.0625000
v -0.0707100 0.0292900 -2.0625000
v 0.0000000 0.1000000 -2.0625000
v -0.0707100 0.0292900 -2.0625000
v -0.0923900 0.0617300 -2.0625000
v 0.0000000 0.1000000 -2.0625000
v -0.0923900 0.0617300 -2.0625000
v -0.1000000 0.1000000 -2.0625000
v 0.0000000 0.1000000 -2.0625000
v -0.1000000 0.1000000 -2.0625000
v -0.0923900 0.1382700 -2.0625000
v 0.0000000 0.1000000 -2.0625000
v -0.0923900 0.1382700 -2.0625000
v -0.0707100 0.1707100 -2.0625000
v 0.0000000 0.1000000 -2.0625000
v -0.0707100 0.1707100 -2.0625000
v -0.0382700 0.1923900 -2.0625000
v 0.0000000 0.1000000 -2.0625000
v -0.0382700 0.1923900 -2.0625000
v 0.0000000 0.2000000 -2.0625000
v 0.0000000 0.1000000 -2.0625000
v 0.0000000 0.2000000 -2.0625000
v 0.0382700 0.1923900 -2.0625000
v 0.0000000 0.1000000 -2.0625000
v 0.0382700 0.1923900 -2.0625000
v 0.0707100 0.1707100 -2.0625000
v 0.0000000 0.1000000 -2.0625000
v 0.0707100 0.1707100 -2.0625000
v 0.0923900 0.1382700 -2.0625000
v 0.0000000 0.1000000 -2.0625000
v 0.0923900 0.1382700 -2.0625000
v 0.1000000 0.1000000 -2.0625000
v 0.0375000 -0.8562325 -0.9593275
v 0.0375000 -0.5250000 -0.8250000
v -0.0375000 -0.5250000 -0.8250000
v -0.0375000 -0.8562325 -0.9593275
v 0.0375000 -0.4662500 -1.0625000
v 0.0375000 -0.7873125 -1.1926650
v -0.0375000 -0.7873125 -1.1926650
v -0.0375000 -0.4662500 -1.0625000
v 0.1000000 -0.1569200 -0.5322200
v 0.0375000 -0.2224850 -0.5775150
v -0.0375000 -0.2224850 -0.5775150
v -0.1000000 -0.1569200 -0.5322200
v -0.1000000 -0.3351075 -0.4088625
v -0.0925000 -0.3639050 -0.4360950
v 0.0925000 -0.3639050 -0.4360950
v 0.1000000 -0.3351075 -0.4088625
v 0.0375000 -0.2224850 -0.5775150
v 0.0375000 -0.2983650 -0.6910550
v -0.0375000 -0.2983650 -0.6910550
v -0.0375000 -0.2224850 -0.5775150
v -0.0925000 -0.3639050 -0.4360950
v -0.0375000 -0.4831450 -0.6145150
v 0.0375000 -0.4831450 -0.6145150
v 0.0925000 -0.3639050 -0.4360950
v 0.0375000 -0.2983650 -0.6910550
v 0.0375000 -0.3250000 -0.8250000
v -0.0375000 -0.3250000 -0.8250000
v -0.0375000 -0.2983650 -0.6910550
v -0.0375000 -0.4831450 -0.6145150
v -0.0375000 -0.5086750 -0.6919500
v 0.0375000 -0.5086750 -0.6919500
v 0.0375000 -0.4831450 -0.6145150
v 0.0375000 -0.3250000 -0.8250000
v 0.0375000 -0.2983650 -0.9589450
v -0.0375000 -0.2983650 -0.9589450
v -0.0375000 -0.3250000 -0.8250000
v -0.0375000 -0.5086750 -0.6919500
v -0.0375000 -0.5250000 -0.8250000
v 0.0375000 -0.5250000 -0.8250000
v 0.0375000 -0.5086750 -0.6919500
v 0.0375000 -0.2983650 -0.9589450
v 0.0375000 -0.2224850 -1.0724850
v -0.0375000 -0.2224850 -1.0724850
v -0.0375000 -0.2983650 -0.9589450
v 0.0375000 -0.2224850 -1.0724850
v 0.0375000 -0.1807250 -1.1081500
v -0.0375000 -0.1807250 -1.1081500
v -0.0375000 -0.2224850 -1.0724850
v -0.0375000 -0.4662500 -1.0625000
v -0.0375000 -0.3772500 -1.2000000
v 0.0375000 -0.3772500 -1.2000000
v 0.0375000 -0.4662500 -1.0625000
v 0.0375000 -0.1807250 -1.1081500
v 0.0750000 -0.1089450 -1.1483650
v -0.0750000 -0.1089450 -1.1483650
v -0.0375000 -0.1807250 -1.1081500
v -0.0375000 -0.3772500 -1.2000000
v -0.0925000 -0.1854850 -1.3331450
v 0.0925000 -0.1854850 -1.3331450
v 0.0375000 -0.3772500 -1.2000000
v 0.0750000 -0.1089450 -1.1483650
v 0.0923900 -0.0376150 -1.1570525
v -0.0923900 -0.0376150 -1.1570525
v -0.0750000 -0.1089450 -1.1483650
v -0.0925000 -0.1854850 -1.3331450
v -0.0923900 0.0033675 -1.3756150
v 0.0923900 0.0033675 -1.3756150
v 0.0925000 -0.1854850 -1.3331450
v -0.1000000 -1.2000000 -0.9287600
v -0.1000000 -1.0542250 -0.9287600
v 0.1000000 -1.0542250 -0.9287600
v 0.1000000 -1.2000000 -0.9287600
v -0.1000000 -1.0324750 -0.8287600
v -0.1000000 -1.2000000 -0.8287600
v 0.1000000 -1.2000000 -0.8287600
v 0.1000000 -1.0324750 -0.8287600
v -0.2500000 -1.2000000 -0.9787600
v -0.2500000 -1.2000000 -0.7787600
v 0.2500000 -1.2000000 -0.7787600
v 0.2500000 -1.2000000 -0.9787600
v 0.2500000 -1.3000000 -0.9787600
v 0.2500000 -1.3000000 -0.7787600
v -0.2500000 -1.3000000 -0.7787600
v -0.2500000 -1.3000000 -0.9787600
v 0.2500000 -1.2000000 -0.9787600
v 0.2500000 -1.3000000 -0.9787600
v -0.2500000 -1.3000000 -0.9787600
v -0.2500000 -1.2000000 -0.9787600
v -0.2500000 -1.2000000 -0.7787600
v -0.2500000 -1.3000000 -0.7787600
v 0.2500000 -1.3000000 -0.7787600
v 0.2500000 -1.2000000 -0.7787600
v -0.1000000 -0.9727000 -0.5537600
v 0.1000000 -0.9727000 -0.5537600
v 0.1000000 -0.7773000 -0.5962400
v -0.1000000 -0.7773000 -0.5962400
v 0.1000000 -0.7773000 -0.5962400
v 0.1000000 -0.9023000 -1.1712400
v -0.1000000 -0.9023000 -1.1712400
v -0.1000000 -0.7773000 -0.5962400
v -0.1000000 -0.9727000 -0.5537600
v -0.1000000 -1.0977000 -1.1287600
v 0.1000000 -1.0977000 -1.1287600
v 0.1000000 -0.9727000 -0.5537600
v -0.1000000 -0.1814000 -0.2720225
v -0.1000000 -0.3351075 -0.4088625
v 0.1000000 -0.3351075 -0.4088625
v 0.1000000 -0.1814000 -0.2720225
v -0.1000000 -0.1814000 -0.2720225
v 0.1000000 -0.1814000 -0.2720225
v 0.1000000 -0.1625000 -0.2500000
v -0.1000000 -0.1625000 -0.2500000
v -0.0250000 0.2450000 -2.0375000
v -0.0250000 0.2450000 -1.9289025
v 0.0250000 0.2450000 -1.9289025
v 0.0250000 0.2450000 -2.0375000
v 0.0000000 -0.0368925 -1.9276942
v 0.0382700 -0.0326054 -1.9214067
v 0.0382700 -1.0240679 -1.2453867
v 0.0000000 -1.0283550 -1.2516742
v 0.0382700 -0.0326054 -1.9214067
v 0.0707100 -0.0203920 -1.9034943
v 0.0707100 -1.0118545 -1.2274743
v 0.0382700 -1.0240679 -1.2453867
v 0.0707100 -0.0203920 -1.9034943
v 0.0923900 -0.0021169 -1.8766918
v 0.0923900 -0.9935794 -1.2006718
v 0.0707100 -1.0118545 -1.2274743
v 0.0923900 -0.0021169 -1.8766918
v 0.1000000 0.0194425 -1.8450725
v 0.1000000 -0.9720200 -1.1690525
v 0.0923900 -0.9935794 -1.2006718
v 0.1000000 0.0194425 -1.8450725
v 0.0923900 0.0410019 -1.8134532
v 0.0923900 -0.9504606 -1.1374332
v 0.1000000 -0.9720200 -1.1690525
v 0.0923900 0.0410019 -1.8134532
v 0.0707100 0.0592770 -1.7866507
v 0.0707100 -0.9321855 -1.1106307
v 0.0923900 -0.9504606 -1.1374332
v 0.0707100 0.0592770 -1.7866507
v 0.0382700 0.0714904 -1.7687383
v 0.0382700 -0.9199721 -1.0927183
v 0.0707100 -0.9321855 -1.1106307
v 0.0382700 0.0714904 -1.7687383
v 0.0000000 0.0757775 -1.7624508
v 0.0000000 -0.9156850 -1.0864307
v 0.0382700 -0.9199721 -1.0927183
v 0.0000000 0.0757775 -1.7624508
v -0.0382700 0.0714904 -1.7687383
v -0.0382700 -0.9199721 -1.0927183
v 0.0000000 -0.9156850 -1.0864307
v -0.0382700 0.0714904 -1.7687383
v -0.0707100 0.0592770 -1.7866507
v -0.0707100 -0.9321855 -1.1106307
v -0.0382700 -0.9199721 -1.0927183
v -0.0707100 0.0592770 -1.7866507
v -0.0923900 0.0410019 -1.8134532
v -0.0923900 -0.9504606 -1.1374332
v -0.0707100 -0.9321855 -1.1106307
v -0.0923900 0.0410019 -1.8134532
v -0.1000000 0.0194425 -1.8450725
v -0.1000000 -0.9720200 -1.1690525
v -0.0923900 -0.9504606 -1.1374332
v -0.1000000 0.0194425 -1.8450725
v -0.0923900 -0.0021169 -1.8766918
v -0.0923900 -0.9935794 -1.2006718
v -0.1000000 -0.9720200 -1.1690525
v -0.0923900 -0.0021169 -1.8766918
v -0.0707100 -0.0203920 -1.9034943
v -0.0707100 -1.0118545 -1.2274743
v -0.0923900 -0.9935794 -1.2006718
v -0.0707100 -0.0203920 -1.9034943
v -0.0382700 -0.0326054 -1.9214067
v -0.0382700 -1.0240679 -1.2453867
v -0.0707100 -1.0118545 -1.2274743
v -0.0382700 -0.0326054 -1.9214067
v 0.0000000 -0.0368925 -1.9276942
v 0.0000000 -1.0283550 -1.2516742
v -0.0382700 -1.0240679 -1.2453867
v 0.0000000 0.0982900 -1.1315700
v 0.0382700 0.0908101 -1.1329725
v 0.0382700 0.2131396 -1.7853750
v 0.0000000 0.2206195 -1.7839725
v 0.0382700 0.0908101 -1.1329725
v 0.0707100 0.0695009 -1.1369681
v 0.0707100 0.1918304 -1.7893706
v 0.0382700 0.2131396 -1.7853750
v 0.0707100 0.0695009 -1.1369681
v 0.0923900 0.0376156 -1.1429468
v 0.0923900 0.1599451 -1.7953493
v 0.0707100 0.1918304 -1.7893706
v 0.0923900 0.0376156 -1.1429468
v 0.1000000 -0.0000000 -1.1500000
v 0.1000000 0.1223295 -1.8024025
v 0.0923900 0.1599451 -1.7953493
v 0.1000000 -0.0000000 -1.1500000
v 0.0923900 -0.0376156 -1.1570532
v 0.0923900 0.0847139 -1.8094557
v 0.1000000 0.1223295 -1.8024025
v 0.0923900 -0.0376156 -1.1570532
v 0.0707100 -0.0695009 -1.1630319
v 0.0707100 0.0528286 -1.8154344
v 0.0923900 0.0847139 -1.8094557
v 0.0707100 -0.0695009 -1.1630319
v 0.0382700 -0.0908101 -1.1670275
v 0.0382700 0.0315194 -1.8194300
v 0.0707100 0.0528286 -1.8154344
v 0.0382700 -0.0908101 -1.1670275
v 0.0000000 -0.0982900 -1.1684300
v 0.0000000 0.0240395 -1.8208325
v 0.0382700 0.0315194 -1.8194300
v 0.0000000 -0.0982900 -1.1684300
v -0.0382700 -0.0908101 -1.1670275
v -0.0382700 0.0315194 -1.8194300
v 0.0000000 0.0240395 -1.8208325
v -0.0382700 -0.0908101 -1.1670275
v -0.0707100 -0.0695009 -1.1630319
v -0.0707100 0.0528286 -1.8154344
v -0.0382700 0.0315194 -1.8194300
v -0.0707100 -0.0695009 -1.1630319
v -0.0923900 -0.0376156 -1.1570532
v -0.0923900 0.0847139 -1.8094557
v -0.0707100 0.0528286 -1.8154344
v -0.0923900 -0.0376156 -1.1570532
v -0.1000000 -0.0000000 -1.1500000
v -0.1000000 0.1223295 -1.8024025
v -0.0923900 0.0847139 -1.8094557
v -0.1000000 -0.0000000 -1.1500000
v -0.0923900 0.0376156 -1.1429468
v -0.0923900 0.1599451 -1.7953493
v -0.1000000 0.1223295 -1.8024025
v -0.0923900 0.0376156 -1.1429468
v -0.0707100 0.0695009 -1.1369681
v -0.0707100 0.1918304 -1.7893706
v -0.0923900 0.1599451 -1.7953493
v -0.0707100 0.0695009 -1.1369681
v -0.0382700 0.0908101 -1.1329725
v -0.0382700 0.2131396 -1.7853750
v -0.0707100 0.1918304 -1.7893706
v -0.0382700 0.0908101 -1.1329725
v 0.0000000 0.0982900 -1.1315700
v 0.0000000 0.2206195 -1.7839725
v -0.0382700 0.2131396 -1.7853750
v 0.0000000 0.0982900 -1.1315700
v 0.0000000 0.0837570 -1.0953569
v 0.0382700 0.0908101 -1.1329725
v 0.0000000 0.0837570 -1.0953569
v 0.0439300 0.0689237 -1.0923795
v 0.0382700 0.0908101 -1.1329725
v 0.0382700 0.0908101 -1.1329725
v 0.0439300 0.0689237 -1.0923795
v 0.0707100 0.0695009 -1.1369681
v 0.0439300 0.0689237 -1.0923795
v 0.0783600 0.0350825 -1.0987249
v 0.0707100 0.0695009 -1.1369681
v 0.0707100 0.0695009 -1.1369681
v 0.0783600 0.0350825 -1.0987249
v 0.0923900 0.0376156 -1.1429468
v 0.0783600 0.0350825 -1.0987249
v 0.0923900 -0.0070532 -1.1123844
v 0.0923900 0.0376156 -1.1429468
v 0.0923900 0.0376156 -1.1429468
v 0.0923900 -0.0070532 -1.1123844
v 0.1000000 -0.0000000 -1.1500000
v 0.0000000 0.0837570 -1.0953569
v 0.0000000 0.0564690 -1.0674673
v 0.0439300 0.0689237 -1.0923795
v 0.0000000 0.0564690 -1.0674673
v 0.0439300 0.0287370 -1.0648837
v 0.0439300 0.0689237 -1.0923795
v 0.0439300 0.0689237 -1.0923795
v 0.0439300 0.0287370 -1.0648837
v 0.0783600 0.0350825 -1.0987249
v 0.0439300 0.0287370 -1.0648837
v 0.0707100 -0.0130319 -1.0804991
v 0.0783600 0.0350825 -1.0987249
v 0.0783600 0.0350825 -1.0987249
v 0.0707100 -0.0130319 -1.0804991
v 0.0923900 -0.0070532 -1.1123844
v 0.0000000 0.0564690 -1.0674673
v 0.0000000 0.0205881 -1.0521367
v 0.0439300 0.0287370 -1.0648837
v 0.0000000 0.0205881 -1.0521367
v 0.0382700 -0.0170275 -1.0591899
v 0.0439300 0.0287370 -1.0648837
v 0.0439300 0.0287370 -1.0648837
v 0.0382700 -0.0170275 -1.0591899
v 0.0707100 -0.0130319 -1.0804991
v 0.0000000 0.0205881 -1.0521367
v 0.0000000 -0.0184300 -1.0517100
v 0.0382700 -0.0170275 -1.0591899
v -0.0382700 0.0908101 -1.1329725
v 0.0000000 0.0837570 -1.0953569
v 0.0000000 0.0982900 -1.1315700
v -0.0382700 0.0908101 -1.1329725
v -0.0439300 0.0689237 -1.0923795
v 0.0000000 0.0837570 -1.0953569
v -0.0707100 0.0695009 -1.1369681
v -0.0439300 0.0689237 -1.0923795
v -0.0382700 0.0908101 -1.1329725
v -0.0707100 0.0695009 -1.1369681
v -0.0783600 0.0350825 -1.0987249
v -0.0439300 0.0689237 -1.0923795
v -0.0923900 0.0376156 -1.1429468
v -0.0783600 0.0350825 -1.0987249
v -0.0707100 0.0695009 -1.1369681
v -0.0923900 0.0376156 -1.1429468
v -0.0923900 -0.0070532 -1.1123844
v -0.0783600 0.0350825 -1.0987249
v -0.1000000 -0.0000000 -1.1500000
v -0.0923900 -0.0070532 -1.1123844
v -0.0923900 0.0376156 -1.1429468
v -0.0439300 0.0689237 -1.0923795
v 0.0000000 0.0564690 -1.0674673
v 0.0000000 0.0837570 -1.0953569
v -0.0439300 0.0689237 -1.0923795
v -0.0439300 0.0287370 -1.0648837
v 0.0000000 0.0564690 -1.0674673
v -0.0783600 0.0350825 -1.0987249
v -0.0439300 0.0287370 -1.0648837
v -0.0439300 0.0689237 -1.0923795
v -0.0783600 0.0350825 -1.0987249
v -0.0707100 -0.0130319 -1.0804991
v -0.0439300 0.0287370 -1.0648837
v -0.0923900 -0.0070532 -1.1123844
v -0.0707100 -0.0130319 -1.0804991
v -0.0783600 0.0350825 -1.0987249
v -0.0439300 0.0287370 -1.0648837
v 0.0000000 0.0205881 -1.0521367
v 0.0000000 0.0564690 -1.0674673
v -0.0439300 0.0287370 -1.0648837
v -0.0382700 -0.0170275 -1.0591899
v 0.0000000 0.0205881 -1.0521367
v -0.0707100 -0.0130319 -1.0804991
v -0.0382700 -0.0170275 -1.0591899
v -0.0439300 0.0287370 -1.0648837
v -0.0382700 -0.0170275 -1.0591899
v 0.0000000 -0.0184300 -1.0517100
v 0.0000000 0.0205881 -1.0521367
v 0.0382700 -0.0908101 -1.1670275
v 0.0000000 -0.0978633 -1.1294119
v 0.0000000 -0.0982900 -1.1684300
v 0.0382700 -0.0908101 -1.1670275
v 0.0439300 -0.0851163 -1.1212630
v 0.0000000 -0.0978633 -1.1294119
v 0.0707100 -0.0695009 -1.1630319
v 0.0439300 -0.0851163 -1.1212630
v 0.0382700 -0.0908101 -1.1670275
v 0.0707100 -0.0695009 -1.1630319
v 0.0783600 -0.0512751 -1.1149175
v 0.0439300 -0.0851163 -1.1212630
v 0.0923900 -0.0376156 -1.1570532
v 0.0783600 -0.0512751 -1.1149175
v 0.0707100 -0.0695009 -1.1630319
v 0.0923900 -0.0376156 -1.1570532
v 0.0923900 -0.0070532 -1.1123844
v 0.0783600 -0.0512751 -1.1149175
v 0.1000000 -0.0000000 -1.1500000
v 0.0923900 -0.0070532 -1.1123844
v 0.0923900 -0.0376156 -1.1570532
v 0.0439300 -0.0851163 -1.1212630
v 0.0000000 -0.0825327 -1.0935310
v 0.0000000 -0.0978633 -1.1294119
v 0.0439300 -0.0851163 -1.1212630
v 0.0439300 -0.0576205 -1.0810763
v 0.0000000 -0.0825327 -1.0935310
v 0.0783600 -0.0512751 -1.1149175
v 0.0439300 -0.0576205 -1.0810763
v 0.0439300 -0.0851163 -1.1212630
v 0.0783600 -0.0512751 -1.1149175
v 0.0707100 -0.0130319 -1.0804991
v 0.0439300 -0.0576205 -1.0810763
v 0.0923900 -0.0070532 -1.1123844
v 0.0707100 -0.0130319 -1.0804991
v 0.0783600 -0.0512751 -1.1149175
v 0.0439300 -0.0576205 -1.0810763
v 0.0000000 -0.0546431 -1.0662430
v 0.0000000 -0.0825327 -1.0935310
v 0.0439300 -0.0576205 -1.0810763
v 0.0382700 -0.0170275 -1.0591899
v 0.0000000 -0.0546431 -1.0662430
v 0.0707100 -0.0130319 -1.0804991
v 0.0382700 -0.0170275 -1.0591899
v 0.0439300 -0.0576205 -1.0810763
v 0.0382700 -0.0170275 -1.0591899
v 0.0000000 -0.0184300 -1.0517100
v 0.0000000 -0.0546431 -1.0662430
v 0.0000000 -0.0982900 -1.1684300
v 0.0000000 -0.0978633 -1.1294119
v -0.0382700 -0.0908101 -1.1670275
v 0.0000000 -0.0978633 -1.1294119
v -0.0439300 -0.0851163 -1.1212630
v -0.0382700 -0.0908101 -1.1670275
v -0.0382700 -0.0908101 -1.1670275
v -0.0439300 -0.0851163 -1.1212630
v -0.0707100 -0.0695009 -1.1630319
v -0.0439300 -0.0851163 -1.1212630
v -0.0783600 -0.0512751 -1.1149175
v -0.0707100 -0.0695009 -1.1630319
v -0.0707100 -0.0695009 -1.1630319
v -0.0783600 -0.0512751 -1.1149175
v -0.0923900 -0.0376156 -1.1570532
v -0.0783600 -0.0512751 -1.1149175
v -0.0923900 -0.0070532 -1.1123844
v -0.0923900 -0.0376156 -1.1570532
v -0.0923900 -0.0376156 -1.1570532
v -0.0923900 -0.0070532 -1.1123844
v -0.1000000 -0.0000000 -1.1500000
v 0.0000000 -0.0978633 -1.1294119
v 0.0000000 -0.0825327 -1.0935310
v -0.0439300 -0.0851163 -1.1212630
v 0.0000000 -0.0825327 -1.0935310
v -0.0439300 -0.0576205 -1.0810763
v -0.0439300 -0.0851163 -1.1212630
v -0.0439300 -0.0851163 -1.1212630
v -0.0439300 -0.0576205 -1.0810763
v -0.0783600 -0.0512751 -1.1149175
v -0.0439300 -0.0576205 -1.0810763
v -0.0707100 -0.0130319 -1.0804991
v -0.0783600 -0.0512751 -1.1149175
v -0.0783600 -0.0512751 -1.1149175
v -0.0707100 -0.0130319 -1.0804991
v -0.0923900 -0.0070532 -1.1123844
v 0.0000000 -0.0825327 -1.0935310
v 0.0000000 -0.0546431 -1.0662430
v -0.0439300 -0.0576205 -1.0810763
v 0.0000000 -0.0546431 -1.0662430
v -0.0382700 -0.0170275 -1.0591899
v -0.0439300 -0.0576205 -1.0810763
v -0.0439300 -0.0576205 -1.0810763
v -0.0382700 -0.0170275 -1.0591899
v -0.0707100 -0.0130319 -1.0804991
v 0.0000000 -0.0546431 -1.0662430
v 0.0000000 -0.0184300 -1.0517100
v -0.0382700 -0.0170275 -1.0591899
v 0.1000000 -0.1569200 -0.5322200
v -0.1000000 -0.1569200 -0.5322200
v -0.1000000 -0.1211228 -0.5477463
v 0.1000000 -0.1211228 -0.5477463
v 0.1000000 -0.1211228 -0.5477463
v -0.1000000 -0.1211228 -0.5477463
v -0.1000000 -0.0821104 -0.5483859
v 0.1000000 -0.0821104 -0.5483859
v 0.1000000 -0.0821104 -0.5483859
v -0.1000000 -0.0821104 -0.5483859
v -0.1000000 -0.0458202 -0.5340540
v 0.1000000 -0.0458202 -0.5340540
v 0.1000000 -0.0458202 -0.5340540
v -0.1000000 -0.0458202 -0.5340540
v -0.1000000 -0.0177800 -0.5069200
v 0.1000000 -0.0177800 -0.5069200
v 0.1000000 -0.0177800 -0.5069200
v -0.1000000 -0.0177800 -0.5069200
v -0.1000000 -0.0022537 -0.4711228
v 0.1000000 -0.0022537 -0.4711228
v 0.1000000 -0.0022537 -0.4711228
v -0.1000000 -0.0022537 -0.4711228
v -0.1000000 -0.0016141 -0.4321104
v 0.1000000 -0.0016141 -0.4321104
v 0.0593750 -0.2620000 0.0000000
v 0.0593750 -0.2720000 0.0000000
v 0.0593750 -0.2882500 -0.1237500
v 0.0593750 -0.2785000 -0.1263250
v -0.0593750 -0.2720000 0.0000000
v -0.0593750 -0.2620000 0.0000000
v -0.0593750 -0.2785000 -0.1263250
v -0.0593750 -0.2882500 -0.1237500
v -0.0593750 -0.2882500 -0.1237500
v -0.0093750 -0.3365000 -0.1108000
v -0.0093750 -0.3220000 0.0000000
v -0.0593750 -0.2720000 0.0000000
v 0.0093750 -0.3220000 0.0000000
v -0.0093750 -0.3220000 0.0000000
v -0.0093750 -0.3365000 -0.1108000
v 0.0093750 -0.3365000 -0.1108000
v -0.0463500 -0.2567500 -0.1321500
v -0.0593750 -0.2785000 -0.1263250
v -0.0593750 -0.2620000 0.0000000
v -0.0463500 -0.2392500 0.0000000
v -0.0253250 -0.2422500 -0.1360500
v -0.0463500 -0.2567500 -0.1321500
v -0.0463500 -0.2392500 0.0000000
v -0.0253250 -0.2245000 0.0000000
v -0.0253250 -0.2245000 0.0000000
v 0.0000000 -0.2187500 0.0000000
v 0.0000000 -0.2367500 -0.1375000
v -0.0253250 -0.2422500 -0.1360500
v 0.0463750 -0.2392500 0.0000000
v 0.0593750 -0.2620000 0.0000000
v 0.0593750 -0.2785000 -0.1263250
v 0.0463750 -0.2567500 -0.1321500
v 0.0253500 -0.2245000 0.0000000
v 0.0463750 -0.2392500 0.0000000
v 0.0463750 -0.2567500 -0.1321500
v 0.0253500 -0.2422500 -0.1360500
v 0.0593750 -0.2720000 0.0000000
v 0.0093750 -0.3220000 0.0000000
v 0.0093750 -0.3365000 -0.1108000
v 0.0593750 -0.2882500 -0.1237500
v 0.0000000 -0.2187500 0.0000000
v 0.0253500 -0.2245000 0.0000000
v 0.0253500 -0.2422500 -0.1360500
v 0.0000000 -0.2367500 -0.1375000
v 0.0593750 -0.2786408 0.1262944
v 0.0593750 -0.2882998 0.1237064
v 0.0593750 -0.2719692 -0.0000292
v 0.0593750 -0.2618852 0.0000069
v -0.0593750 -0.2882998 0.1237064
v -0.0593750 -0.2786408 0.1262944
v -0.0593750 -0.2618852 0.0000069
v -0.0593750 -0.2719692 -0.0000292
v -0.0593750 -0.2719692 -0.0000292
v -0.0093750 -0.3219253 -0.0000079
v -0.0093750 -0.3365948 0.1107664
v -0.0593750 -0.2882998 0.1237064
v 0.0093750 -0.3365948 0.1107664
v -0.0093750 -0.3365948 0.1107664
v -0.0093750 -0.3219253 -0.0000079
v 0.0093750 -0.3219253 -0.0000079
v -0.0463500 -0.2393694 0.0000094
v -0.0593750 -0.2618852 0.0000069
v -0.0593750 -0.2786408 0.1262944
v -0.0463500 -0.2566666 0.1321821
v -0.0253250 -0.2243545 -0.0000050
v -0.0463500 -0.2393694 0.0000094
v -0.0463500 -0.2566666 0.1321821
v -0.0253250 -0.2424196 0.1359994
v -0.0253250 -0.2424196 0.1359994
v 0.0000000 -0.2368656 0.1374875
v 0.0000000 -0.2186668 0.0000178
v -0.0253250 -0.2243545 -0.0000050
v 0.0463750 -0.2566666 0.1321821
v 0.0593750 -0.2786408 0.1262944
v 0.0593750 -0.2618852 0.0000069
v 0.0463750 -0.2393694 0.0000094
v 0.0253500 -0.2424196 0.1359994
v 0.0463750 -0.2566666 0.1321821
v 0.0463750 -0.2393694 0.0000094
v 0.0253500 -0.2243545 -0.0000050
v 0.0593750 -0.2882998 0.1237064
v 0.0093750 -0.3365948 0.1107664
v 0.0093750 -0.3219253 -0.0000079
v 0.0593750 -0.2719692 -0.0000292
v 0.0000000 -0.2368656 0.1374875
v 0.0253500 -0.2424196 0.1359994
v 0.0253500 -0.2243545 -0.0000050
v 0.0000000 -0.2186668 0.0000178
v 0.0593750 -0.3273920 0.2440000
v 0.0593750 -0.3360520 0.2390000
v 0.0593750 -0.2882495 0.1237075
v 0.0593750 -0.2785185 0.1263525
v -0.0593750 -0.3360520 0.2390000
v -0.0593750 -0.3273920 0.2440000
v -0.0593750 -0.2785185 0.1263525
v -0.0593750 -0.2882495 0.1237075
v -0.0593750 -0.2882495 0.1237075
v -0.0093750 -0.3365090 0.1107972
v -0.0093750 -0.3793520 0.2140000
v -0.0593750 -0.3360520 0.2390000
v 0.0093750 -0.3793520 0.2140000
v -0.0093750 -0.3793520 0.2140000
v -0.0093750 -0.3365090 0.1107972
v 0.0093750 -0.3365090 0.1107972
v -0.0463500 -0.2567705 0.1321831
v -0.0593750 -0.2785185 0.1263525
v -0.0593750 -0.3273920 0.2440000
v -0.0463500 -0.3076905 0.2553750
v -0.0253250 -0.2422635 0.1360557
v -0.0463500 -0.2567705 0.1321831
v -0.0463500 -0.3076905 0.2553750
v -0.0253250 -0.2949170 0.2627500
v -0.0253250 -0.2949170 0.2627500
v 0.0000000 -0.2899375 0.2656250
v 0.0000000 -0.2367755 0.1375500
v -0.0253250 -0.2422635 0.1360557
v 0.0463750 -0.3076905 0.2553750
v 0.0593750 -0.3273920 0.2440000
v 0.0593750 -0.2785185 0.1263525
v 0.0463750 -0.2567705 0.1321831
v 0.0253500 -0.2949170 0.2627500
v 0.0463750 -0.3076905 0.2553750
v 0.0463750 -0.2567705 0.1321831
v 0.0253500 -0.2422635 0.1360557
v 0.0593750 -0.3360520 0.2390000
v 0.0093750 -0.3793520 0.2140000
v 0.0093750 -0.3365090 0.1107972
v 0.0593750 -0.2882495 0.1237075
v 0.0000000 -0.2899375 0.2656250
v 0.0253500 -0.2949170 0.2627500
v 0.0253500 -0.2422635 0.1360557
v 0.0000000 -0.2367755 0.1375500
v 0.0593750 -0.4049352 0.3450648
v 0.0593750 -0.4120062 0.3379938
v 0.0593750 -0.3359930 0.2389998
v 0.0593750 -0.3272779 0.2440732
v -0.0593750 -0.4120062 0.3379938
v -0.0593750 -0.4049352 0.3450648
v -0.0593750 -0.3272779 0.2440732
v -0.0593750 -0.3359930 0.2389998
v -0.0593750 -0.3359930 0.2389998
v -0.0093750 -0.3792675 0.2140392
v -0.0093750 -0.4473612 0.3026388
v -0.0593750 -0.4120062 0.3379938
v 0.0093750 -0.4473612 0.3026388
v -0.0093750 -0.4473612 0.3026388
v -0.0093750 -0.3792675 0.2140392
v 0.0093750 -0.3792675 0.2140392
v -0.0463500 -0.3077797 0.2553338
v -0.0593750 -0.3272779 0.2440732
v -0.0593750 -0.4049352 0.3450648
v -0.0463500 -0.3888487 0.3611513
v -0.0253250 -0.2947690 0.2628291
v -0.0463500 -0.3077797 0.2553338
v -0.0463500 -0.3888487 0.3611513
v -0.0253250 -0.3784190 0.3715810
v -0.0253250 -0.3784190 0.3715810
v 0.0000000 -0.3743531 0.3756469
v 0.0000000 -0.2898547 0.2656928
v -0.0253250 -0.2947690 0.2628291
v 0.0463750 -0.3888487 0.3611513
v 0.0593750 -0.4049352 0.3450648
v 0.0593750 -0.3272779 0.2440732
v 0.0463750 -0.3077797 0.2553338
v 0.0253500 -0.3784190 0.3715810
v 0.0463750 -0.3888487 0.3611513
v 0.0463750 -0.3077797 0.2553338
v 0.0253500 -0.2947690 0.2628291
v 0.0593750 -0.4120062 0.3379938
v 0.0093750 -0.4473612 0.3026388
v 0.0093750 -0.3792675 0.2140392
v 0.0593750 -0.3359930 0.2389998
v 0.0000000 -0.3743531 0.3756469
v 0.0253500 -0.3784190 0.3715810
v 0.0253500 -0.2947690 0.2628291
v 0.0000000 -0.2898547 0.2656928
v 0.0593750 -0.5060000 0.4226080
v 0.0593750 -0.5110000 0.4139480
v 0.0593750 -0.4119575 0.3380005
v 0.0593750 -0.4048526 0.3451565
v -0.0593750 -0.5110000 0.4139480
v -0.0593750 -0.5060000 0.4226080
v -0.0593750 -0.4048526 0.3451565
v -0.0593750 -0.4119575 0.3380005
v -0.0593750 -0.4119575 0.3380005
v -0.0093750 -0.4472972 0.3026910
v -0.0093750 -0.5360000 0.3706480
v -0.0593750 -0.5110000 0.4139480
v 0.0093750 -0.5360000 0.3706480
v -0.0093750 -0.5360000 0.3706480
v -0.0093750 -0.4472972 0.3026910
v 0.0093750 -0.4472972 0.3026910
v -0.0463500 -0.3889331 0.3610795
v -0.0593750 -0.4048526 0.3451565
v -0.0593750 -0.5060000 0.4226080
v -0.0463500 -0.4946250 0.4423095
v -0.0253250 -0.3783057 0.3716865
v -0.0463500 -0.3889331 0.3610795
v -0.0463500 -0.4946250 0.4423095
v -0.0253250 -0.4872500 0.4550830
v -0.0253250 -0.4872500 0.4550830
v 0.0000000 -0.4843750 0.4600625
v 0.0000000 -0.3743000 0.3757245
v -0.0253250 -0.3783057 0.3716865
v 0.0463750 -0.4946250 0.4423095
v 0.0593750 -0.5060000 0.4226080
v 0.0593750 -0.4048526 0.3451565
v 0.0463750 -0.3889331 0.3610795
v 0.0253500 -0.4872500 0.4550830
v 0.0463750 -0.4946250 0.4423095
v 0.0463750 -0.3889331 0.3610795
v 0.0253500 -0.3783057 0.3716865
v 0.0593750 -0.5110000 0.4139480
v 0.0093750 -0.5360000 0.3706480
v 0.0093750 -0.4472972 0.3026910
v 0.0593750 -0.4119575 0.3380005
v 0.0000000 -0.4843750 0.4600625
v 0.0253500 -0.4872500 0.4550830
v 0.0253500 -0.3783057 0.3716865
v 0.0000000 -0.3743000 0.3757245
v 0.0593750 -0.6237056 0.4713592
v 0.0593750 -0.6262936 0.4617002
v 0.0593750 -0.5109690 0.4139778
v 0.0593750 -0.5059585 0.4227289
v -0.0593750 -0.6262936 0.4617002
v -0.0593750 -0.6237056 0.4713592
v -0.0593750 -0.5059585 0.4227289
v -0.0593750 -0.5109690 0.4139778
v -0.0593750 -0.5109690 0.4139778
v -0.0093750 -0.5359645 0.3707246
v -0.0093750 -0.6392336 0.4134052
v -0.0593750 -0.6262936 0.4617002
v 0.0093750 -0.6392336 0.4134052
v -0.0093750 -0.6392336 0.4134052
v -0.0093750 -0.5359645 0.3707246
v 0.0093750 -0.5359645 0.3707246
v -0.0463500 -0.4947032 0.4422298
v -0.0593750 -0.5059585 0.4227289
v -0.0593750 -0.6237056 0.4713592
v -0.0463500 -0.6178179 0.4933334
v -0.0253250 -0.4871836 0.4552260
v -0.0463500 -0.4947032 0.4422298
v -0.0463500 -0.6178179 0.4933334
v -0.0253250 -0.6140006 0.5075804
v -0.0253250 -0.6140006 0.5075804
v 0.0000000 -0.6125125 0.5131344
v 0.0000000 -0.4843597 0.4601632
v -0.0253250 -0.4871836 0.4552260
v 0.0463750 -0.6178179 0.4933334
v 0.0593750 -0.6237056 0.4713592
v 0.0593750 -0.5059585 0.4227289
v 0.0463750 -0.4947032 0.4422298
v 0.0253500 -0.6140006 0.5075804
v 0.0463750 -0.6178179 0.4933334
v 0.0463750 -0.4947032 0.4422298
v 0.0253500 -0.4871836 0.4552260
v 0.0593750 -0.6262936 0.4617002
v 0.0093750 -0.6392336 0.4134052
v 0.0093750 -0.5359645 0.3707246
v 0.0593750 -0.5109690 0.4139778
v 0.0000000 -0.6125125 0.5131344
v 0.0253500 -0.6140006 0.5075804
v 0.0253500 -0.4871836 0.4552260
v 0.0000000 -0.4843597 0.4601632
v 0.0593750 -0.7500000 0.4880000
v 0.0593750 -0.7500000 0.4780000
v 0.0593750 -0.6262500 0.4617500
v 0.0593750 -0.6236750 0.4715000
v -0.0593750 -0.7500000 0.4780000
v -0.0593750 -0.7500000 0.4880000
v -0.0593750 -0.6236750 0.4715000
v -0.0593750 -0.6262500 0.4617500
v -0.0593750 -0.6262500 0.4617500
v -0.0093750 -0.6392000 0.4135000
v -0.0093750 -0.7500000 0.4280000
v -0.0593750 -0.7500000 0.4780000
v 0.0093750 -0.7500000 0.4280000
v -0.0093750 -0.7500000 0.4280000
v -0.0093750 -0.6392000 0.4135000
v 0.0093750 -0.6392000 0.4135000
v -0.0463500 -0.6178500 0.4932500
v -0.0593750 -0.6236750 0.4715000
v -0.0593750 -0.7500000 0.4880000
v -0.0463500 -0.7500000 0.5107500
v -0.0253250 -0.6139500 0.5077500
v -0.0463500 -0.6178500 0.4932500
v -0.0463500 -0.7500000 0.5107500
v -0.0253250 -0.7500000 0.5255000
v -0.0253250 -0.7500000 0.5255000
v 0.0000000 -0.7500000 0.5312500
v 0.0000000 -0.6125000 0.5132500
v -0.0253250 -0.6139500 0.5077500
v 0.0463750 -0.7500000 0.5107500
v 0.0593750 -0.7500000 0.4880000
v 0.0593750 -0.6236750 0.4715000
v 0.0463750 -0.6178500 0.4932500
v 0.0253500 -0.7500000 0.5255000
v 0.0463750 -0.7500000 0.5107500
v 0.0463750 -0.6178500 0.4932500
v 0.0253500 -0.6139500 0.5077500
v 0.0593750 -0.7500000 0.4780000
v 0.0093750 -0.7500000 0.4280000
v 0.0093750 -0.6392000 0.4135000
v 0.0593750 -0.6262500 0.4617500
v 0.0000000 -0.7500000 0.5312500
v 0.0253500 -0.7500000 0.5255000
v 0.0253500 -0.6139500 0.5077500
v 0.0000000 -0.6125000 0.5132500
v 0.0593750 -0.8762944 0.4713592
v 0.0593750 -0.8737064 0.4617002
v 0.0593750 -0.7499708 0.4780308
v 0.0593750 -0.7500069 0.4881148
v -0.0593750 -0.8737064 0.4617002
v -0.0593750 -0.8762944 0.4713592
v -0.0593750 -0.7500069 0.4881148
v -0.0593750 -0.7499708 0.4780308
v -0.0593750 -0.7499708 0.4780308
v -0.0093750 -0.7499921 0.4280747
v -0.0093750 -0.8607664 0.4134052
v -0.0593750 -0.8737064 0.4617002
v 0.0093750 -0.8607664 0.4134052
v -0.0093750 -0.8607664 0.4134052
v -0.0093750 -0.7499921 0.4280747
v 0.0093750 -0.7499921 0.4280747
v -0.0463500 -0.7500094 0.5106306
v -0.0593750 -0.7500069 0.4881148
v -0.0593750 -0.8762944 0.4713592
v -0.0463500 -0.8821821 0.4933334
v -0.0253250 -0.7499950 0.5256455
v -0.0463500 -0.7500094 0.5106306
v -0.0463500 -0.8821821 0.4933334
v -0.0253250 -0.8859994 0.5075804
v -0.0253250 -0.8859994 0.5075804
v 0.0000000 -0.8874875 0.5131344
v 0.0000000 -0.7500178 0.5313332
v -0.0253250 -0.7499950 0.5256455
v 0.0463750 -0.8821821 0.4933334
v 0.0593750 -0.8762944 0.4713592
v 0.0593750 -0.7500069 0.4881148
v 0.0463750 -0.7500094 0.5106306
v 0.0253500 -0.8859994 0.5075804
v 0.0463750 -0.8821821 0.4933334
v 0.0463750 -0.7500094 0.5106306
v 0.0253500 -0.7499950 0.5256455
v 0.0593750 -0.8737064 0.4617002
v 0.0093750 -0.8607664 0.4134052
v 0.0093750 -0.7499921 0.4280747
v 0.0593750 -0.7499708 0.4780308
v 0.0000000 -0.8874875 0.5131344
v 0.0253500 -0.8859994 0.5075804
v 0.0253500 -0.7499950 0.5256455
v 0.0000000 -0.7500178 0.5313332
v 0.0593750 -0.9940000 0.4226080
v 0.0593750 -0.9890000 0.4139480
v 0.0593750 -0.8737075 0.4617505
v 0.0593750 -0.8763526 0.4714815
v -0.0593750 -0.9890000 0.4139480
v -0.0593750 -0.9940000 0.4226080
v -0.0593750 -0.8763526 0.4714815
v -0.0593750 -0.8737075 0.4617505
v -0.0593750 -0.8737075 0.4617505
v -0.0093750 -0.8607972 0.4134910
v -0.0093750 -0.9640000 0.3706480
v -0.0593750 -0.9890000 0.4139480
v 0.0093750 -0.9640000 0.3706480
v -0.0093750 -0.9640000 0.3706480
v -0.0093750 -0.8607972 0.4134910
v 0.0093750 -0.8607972 0.4134910
v -0.0463500 -0.8821831 0.4932295
v -0.0593750 -0.8763526 0.4714815
v -0.0593750 -0.9940000 0.4226080
v -0.0463500 -1.0053750 0.4423095
v -0.0253250 -0.8860557 0.5077365
v -0.0463500 -0.8821831 0.4932295
v -0.0463500 -1.0053750 0.4423095
v -0.0253250 -1.0127500 0.4550830
v -0.0253250 -1.0127500 0.4550830
v 0.0000000 -1.0156250 0.4600625
v 0.0000000 -0.8875500 0.5132245
v -0.0253250 -0.8860557 0.5077365
v 0.0463750 -1.0053750 0.4423095
v 0.0593750 -0.9940000 0.4226080
v 0.0593750 -0.8763526 0.4714815
v 0.0463750 -0.8821831 0.4932295
v 0.0253500 -1.0127500 0.4550830
v 0.0463750 -1.0053750 0.4423095
v 0.0463750 -0.8821831 0.4932295
v 0.0253500 -0.8860557 0.5077365
v 0.0593750 -0.9890000 0.4139480
v 0.0093750 -0.9640000 0.3706480
v 0.0093750 -0.8607972 0.4134910
v 0.0593750 -0.8737075 0.4617505
v 0.0000000 -1.0156250 0.4600625
v 0.0253500 -1.0127500 0.4550830
v 0.0253500 -0.8860557 0.5077365
v 0.0000000 -0.8875500 0.5132245
v 0.0593750 -1.0950648 0.3450648
v 0.0593750 -1.0879938 0.3379938
v 0.0593750 -0.9889998 0.4140070
v 0.0593750 -0.9940732 0.4227221
v -0.0593750 -1.0879938 0.3379938
v -0.0593750 -1.0950648 0.3450648
v -0.0593750 -0.9940732 0.4227221
v -0.0593750 -0.9889998 0.4140070
v -0.0593750 -0.9889998 0.4140070
v -0.0093750 -0.9640392 0.3707325
v -0.0093750 -1.0526388 0.3026388
v -0.0593750 -1.0879938 0.3379938
v 0.0093750 -1.0526388 0.3026388
v -0.0093750 -1.0526388 0.3026388
v -0.0093750 -0.9640392 0.3707325
v 0.0093750 -0.9640392 0.3707325
v -0.0463500 -1.0053338 0.4422203
v -0.0593750 -0.9940732 0.4227221
v -0.0593750 -1.0950648 0.3450648
v -0.0463500 -1.1111513 0.3611513
v -0.0253250 -1.0128291 0.4552310
v -0.0463500 -1.0053338 0.4422203
v -0.0463500 -1.1111513 0.3611513
v -0.0253250 -1.1215811 0.3715810
v -0.0253250 -1.1215811 0.3715810
v 0.0000000 -1.1256469 0.3756469
v 0.0000000 -1.0156928 0.4601453
v -0.0253250 -1.0128291 0.4552310
v 0.0463750 -1.1111513 0.3611513
v 0.0593750 -1.0950648 0.3450648
v 0.0593750 -0.9940732 0.4227221
v 0.0463750 -1.0053338 0.4422203
v 0.0253500 -1.1215811 0.3715810
v 0.0463750 -1.1111513 0.3611513
v 0.0463750 -1.0053338 0.4422203
v 0.0253500 -1.0128291 0.4552310
v 0.0593750 -1.0879938 0.3379938
v 0.0093750 -1.0526388 0.3026388
v 0.0093750 -0.9640392 0.3707325
v 0.0593750 -0.9889998 0.4140070
v 0.0000000 -1.1256469 0.3756469
v 0.0253500 -1.1215811 0.3715810
v 0.0253500 -1.0128291 0.4552310
v 0.0000000 -1.0156928 0.4601453
v 0.0593750 -1.1726080 0.2440000
v 0.0593750 -1.1639480 0.2390000
v 0.0593750 -1.0880005 0.3380425
v 0.0593750 -1.0951565 0.3451475
v -0.0593750 -1.1639480 0.2390000
v -0.0593750 -1.1726080 0.2440000
v -0.0593750 -1.0951565 0.3451475
v -0.0593750 -1.0880005 0.3380425
v -0.0593750 -1.0880005 0.3380425
v -0.0093750 -1.0526910 0.3027028
v -0.0093750 -1.1206480 0.2140000
v -0.0593750 -1.1639480 0.2390000
v 0.0093750 -1.1206480 0.2140000
v -0.0093750 -1.1206480 0.2140000
v -0.0093750 -1.0526910 0.3027028
v 0.0093750 -1.0526910 0.3027028
v -0.0463500 -1.1110795 0.3610669
v -0.0593750 -1.0951565 0.3451475
v -0.0593750 -1.1726080 0.2440000
v -0.0463500 -1.1923095 0.2553750
v -0.0253250 -1.1216865 0.3716943
v -0.0463500 -1.1110795 0.3610669
v -0.0463500 -1.1923095 0.2553750
v -0.0253250 -1.2050830 0.2627500
v -0.0253250 -1.2050830 0.2627500
v 0.0000000 -1.2100625 0.2656250
v 0.0000000 -1.1257245 0.3757000
v -0.0253250 -1.1216865 0.3716943
v 0.0463750 -1.1923095 0.2553750
v 0.0593750 -1.1726080 0.2440000
v 0.0593750 -1.0951565 0.3451475
v 0.0463750 -1.1110795 0.3610669
v 0.0253500 -1.2050830 0.2627500
v 0.0463750 -1.1923095 0.2553750
v 0.0463750 -1.1110795 0.3610669
v 0.0253500 -1.1216865 0.3716943
v 0.0593750 -1.1639480 0.2390000
v 0.0093750 -1.1206480 0.2140000
v 0.0093750 -1.0526910 0.3027028
v 0.0593750 -1.0880005 0.3380425
v 0.0000000 -1.2100625 0.2656250
v 0.0253500 -1.2050830 0.2627500
v 0.0253500 -1.1216865 0.3716943
v 0.0000000 -1.1257245 0.3757000
v 0.0593750 -1.2213592 0.1262944
v 0.0593750 -1.2117002 0.1237064
v 0.0593750 -1.1639778 0.2390310
v 0.0593750 -1.1727289 0.2440415
v -0.0593750 -1.2117002 0.1237064
v -0.0593750 -1.2213592 0.1262944
v -0.0593750 -1.1727289 0.2440415
v -0.0593750 -1.1639778 0.2390310
v -0.0593750 -1.1639778 0.2390310
v -0.0093750 -1.1207246 0.2140355
v -0.0093750 -1.1634052 0.1107664
v -0.0593750 -1.2117002 0.1237064
v 0.0093750 -1.1634052 0.1107664
v -0.0093750 -1.1634052 0.1107664
v -0.0093750 -1.1207246 0.2140355
v 0.0093750 -1.1207246 0.2140355
v -0.0463500 -1.1922298 0.2552968
v -0.0593750 -1.1727289 0.2440415
v -0.0593750 -1.2213592 0.1262944
v -0.0463500 -1.2433334 0.1321821
v -0.0253250 -1.2052260 0.2628164
v -0.0463500 -1.1922298 0.2552968
v -0.0463500 -1.2433334 0.1321821
v -0.0253250 -1.2575805 0.1359994
v -0.0253250 -1.2575805 0.1359994
v 0.0000000 -1.2631344 0.1374875
v 0.0000000 -1.2101632 0.2656403
v -0.0253250 -1.2052260 0.2628164
v 0.0463750 -1.2433334 0.1321821
v 0.0593750 -1.2213592 0.1262944
v 0.0593750 -1.1727289 0.2440415
v 0.0463750 -1.1922298 0.2552968
v 0.0253500 -1.2575805 0.1359994
v 0.0463750 -1.2433334 0.1321821
v 0.0463750 -1.1922298 0.2552968
v 0.0253500 -1.2052260 0.2628164
v 0.0593750 -1.2117002 0.1237064
v 0.0093750 -1.1634052 0.1107664
v 0.0093750 -1.1207246 0.2140355
v 0.0593750 -1.1639778 0.2390310
v 0.0000000 -1.2631344 0.1374875
v 0.0253500 -1.2575805 0.1359994
v 0.0253500 -1.2052260 0.2628164
v 0.0000000 -1.2101632 0.2656403
v 0.0593750 -1.2380000 0.0000000
v 0.0593750 -1.2280000 0.0000000
v 0.0593750 -1.2117500 0.1237500
v 0.0593750 -1.2215000 0.1263250
v -0.0593750 -1.2280000 0.0000000
v -0.0593750 -1.2380000 0.0000000
v -0.0593750 -1.2215000 0.1263250
v -0.0593750 -1.2117500 0.1237500
v -0.0593750 -1.2117500 0.1237500
v -0.0093750 -1.1635000 0.1108000
v -0.0093750 -1.1780000 0.0000000
v -0.0593750 -1.2280000 0.0000000
v 0.0093750 -1.1780000 0.0000000
v -0.0093750 -1.1780000 0.0000000
v -0.0093750 -1.1635000 0.1108000
v 0.0093750 -1.1635000 0.1108000
v -0.0463500 -1.2432500 0.1321500
v -0.0593750 -1.2215000 0.1263250
v -0.0593750 -1.2380000 0.0000000
v -0.0463500 -1.2607500 0.0000000
v -0.0253250 -1.2577500 0.1360500
v -0.0463500 -1.2432500 0.1321500
v -0.0463500 -1.2607500 0.0000000
v -0.0253250 -1.2755000 0.0000000
v -0.0253250 -1.2755000 0.0000000
v 0.0000000 -1.2812500 0.0000000
v 0.0000000 -1.2632500 0.1375000
v -0.0253250 -1.2577500 0.1360500
v 0.0463750 -1.2607500 0.0000000
v 0.0593750 -1.2380000 0.0000000
v 0.0593750 -1.2215000 0.1263250
v 0.0463750 -1.2432500 0.1321500
v 0.0253500 -1.2755000 0.0000000
v 0.0463750 -1.2607500 0.0000000
v 0.0463750 -1.2432500 0.1321500
v 0.0253500 -1.2577500 0.1360500
v 0.0593750 -1.2280000 0.0000000
v 0.0093750 -1.1780000 0.0000000
v 0.0093750 -1.1635000 0.1108000
v 0.0593750 -1.2117500 0.1237500
v 0.0000000 -1.2812500 0.0000000
v 0.0253500 -1.2755000 0.0000000
v 0.0253500 -1.2577500 0.1360500
v 0.0000000 -1.2632500 0.1375000
v 0.0593750 -1.2213592 -0.1262944
v 0.0593750 -1.2117002 -0.1237064
v 0.0593750 -1.2280308 0.0000292
v 0.0593750 -1.2381148 -0.0000069
v -0.0593750 -1.2117002 -0.1237064
v -0.0593750 -1.2213592 -0.1262944
v -0.0593750 -1.2381148 -0.0000069
v -0.0593750 -1.2280308 0.0000292
v -0.0593750 -1.2280308 0.0000292
v -0.0093750 -1.1780747 0.0000079
v -0.0093750 -1.1634052 -0.1107664
v -0.0593750 -1.2117002 -0.1237064
v 0.0093750 -1.1634052 -0.1107664
v -0.0093750 -1.1634052 -0.1107664
v -0.0093750 -1.1780747 0.0000079
v 0.0093750 -1.1780747 0.0000079
v -0.0463500 -1.2606306 -0.0000094
v -0.0593750 -1.2381148 -0.0000069
v -0.0593750 -1.2213592 -0.1262944
v -0.0463500 -1.2433334 -0.1321821
v -0.0253250 -1.2756455 0.0000050
v -0.0463500 -1.2606306 -0.0000094
v -0.0463500 -1.2433334 -0.1321821
v -0.0253250 -1.2575805 -0.1359994
v -0.0253250 -1.2575805 -0.1359994
v 0.0000000 -1.2631344 -0.1374875
v 0.0000000 -1.2813332 -0.0000178
v -0.0253250 -1.2756455 0.0000050
v 0.0463750 -1.2433334 -0.1321821
v 0.0593750 -1.2213592 -0.1262944
v 0.0593750 -1.2381148 -0.0000069
v 0.0463750 -1.2606306 -0.0000094
v 0.0253500 -1.2575805 -0.1359994
v 0.0463750 -1.2433334 -0.1321821
v 0.0463750 -1.2606306 -0.0000094
v 0.0253500 -1.2756455 0.0000050
v 0.0593750 -1.2117002 -0.1237064
v 0.0093750 -1.1634052 -0.1107664
v 0.0093750 -1.1780747 0.0000079
v 0.0593750 -1.2280308 0.0000292
v 0.0000000 -1.2631344 -0.1374875
v 0.0253500 -1.2575805 -0.1359994
v 0.0253500 -1.2756455 0.0000050
v 0.0000000 -1.2813332 -0.0000178
v 0.0593750 -1.1726080 -0.2440000
v 0.0593750 -1.1639480 -0.2390000
v 0.0593750 -1.2117505 -0.1237075
v 0.0593750 -1.2214815 -0.1263525
v -0.0593750 -1.1639480 -0.2390000
v -0.0593750 -1.1726080 -0.2440000
v -0.0593750 -1.2214815 -0.1263525
v -0.0593750 -1.2117505 -0.1237075
v -0.0593750 -1.2117505 -0.1237075
v -0.0093750 -1.1634910 -0.1107972
v -0.0093750 -1.1206480 -0.2140000
v -0.0593750 -1.1639480 -0.2390000
v 0.0093750 -1.1206480 -0.2140000
v -0.0093750 -1.1206480 -0.2140000
v -0.0093750 -1.1634910 -0.1107972
v 0.0093750 -1.1634910 -0.1107972
v -0.0463500 -1.2432295 -0.1321831
v -0.0593750 -1.2214815 -0.1263525
v -0.0593750 -1.1726080 -0.2440000
v -0.0463500 -1.1923095 -0.2553750
v -0.0253250 -1.2577365 -0.1360557
v -0.0463500 -1.2432295 -0.1321831
v -0.0463500 -1.1923095 -0.2553750
v -0.0253250 -1.2050830 -0.2627500
v -0.0253250 -1.2050830 -0.2627500
v 0.0000000 -1.2100625 -0.2656250
v 0.0000000 -1.2632245 -0.1375500
v -0.0253250 -1.2577365 -0.1360557
v 0.0463750 -1.1923095 -0.2553750
v 0.0593750 -1.1726080 -0.2440000
v 0.0593750 -1.2214815 -0.1263525
v 0.0463750 -1.2432295 -0.1321831
v 0.0253500 -1.2050830 -0.2627500
v 0.0463750 -1.1923095 -0.2553750
v 0.0463750 -1.2432295 -0.1321831
v 0.0253500 -1.2577365 -0.1360557
v 0.0593750 -1.1639480 -0.2390000
v 0.0093750 -1.1206480 -0.2140000
v 0.0093750 -1.1634910 -0.1107972
v 0.0593750 -1.2117505 -0.1237075
v 0.0000000 -1.2100625 -0.2656250
v 0.0253500 -1.2050830 -0.2627500
v 0.0253500 -1.2577365 -0.1360557
v 0.0000000 -1.2632245 -0.1375500
v 0.0593750 -1.0950648 -0.3450648
v 0.0593750 -1.0879938 -0.3379938
v 0.0593750 -1.1640071 -0.2389998
v 0.0593750 -1.1727221 -0.2440732
v -0.0593750 -1.0879938 -0.3379938
v -0.0593750 -1.0950648 -0.3450648
v -0.0593750 -1.1727221 -0.2440732
v -0.0593750 -1.1640071 -0.2389998
v -0.0593750 -1.1640071 -0.2389998
v -0.0093750 -1.1207325 -0.2140392
v -0.0093750 -1.0526388 -0.3026388
v -0.0593750 -1.0879938 -0.3379938
v 0.0093750 -1.0526388 -0.3026388
v -0.0093750 -1.0526388 -0.3026388
v -0.0093750 -1.1207325 -0.2140392
v 0.0093750 -1.1207325 -0.2140392
v -0.0463500 -1.1922203 -0.2553338
v -0.0593750 -1.1727221 -0.2440732
v -0.0593750 -1.0950648 -0.3450648
v -0.0463500 -1.1111513 -0.3611513
v -0.0253250 -1.2052310 -0.2628291
v -0.0463500 -1.1922203 -0.2553338
v -0.0463500 -1.1111513 -0.3611513
v -0.0253250 -1.1215811 -0.3715810
v -0.0253250 -1.1215811 -0.3715810
v 0.0000000 -1.1256469 -0.3756469
v 0.0000000 -1.2101453 -0.2656928
v -0.0253250 -1.2052310 -0.2628291
v 0.0463750 -1.1111513 -0.3611513
v 0.0593750 -1.0950648 -0.3450648
v 0.0593750 -1.1727221 -0.2440732
v 0.0463750 -1.1922203 -0.2553338
v 0.0253500 -1.1215811 -0.3715810
v 0.0463750 -1.1111513 -0.3611513
v 0.0463750 -1.1922203 -0.2553338
v 0.0253500 -1.2052310 -0.2628291
v 0.0593750 -1.0879938 -0.3379938
v 0.0093750 -1.0526388 -0.3026388
v 0.0093750 -1.1207325 -0.2140392
v 0.0593750 -1.1640071 -0.2389998
v 0.0000000 -1.1256469 -0.3756469
v 0.0253500 -1.1215811 -0.3715810
v 0.0253500 -1.2052310 -0.2628291
v 0.0000000 -1.2101453 -0.2656928
v 0.0593750 -0.9940000 -0.4226080
v 0.0593750 -0.9890000 -0.4139480
v 0.0593750 -1.0880425 -0.3380005
v 0.0593750 -1.0951475 -0.3451565
v -0.0593750 -0.9890000 -0.4139480
v -0.0593750 -0.9940000 -0.4226080
v -0.0593750 -1.0951475 -0.3451565
v -0.0593750 -1.0880425 -0.3380005
v -0.0593750 -1.0880425 -0.3380005
v -0.0093750 -1.0527028 -0.3026910
v -0.0093750 -0.9640000 -0.3706480
v -0.0593750 -0.9890000 -0.4139480
v 0.0093750 -0.9640000 -0.3706480
v -0.0093750 -0.9640000 -0.3706480
v -0.0093750 -1.0527028 -0.3026910
v 0.0093750 -1.0527028 -0.3026910
v -0.0463500 -1.1110669 -0.3610795
v -0.0593750 -1.0951475 -0.3451565
v -0.0593750 -0.9940000 -0.4226080
v -0.0463500 -1.0053750 -0.4423095
v -0.0253250 -1.1216943 -0.3716865
v -0.0463500 -1.1110669 -0.3610795
v -0.0463500 -1.0053750 -0.4423095
v -0.0253250 -1.0127500 -0.4550830
v -0.0253250 -1.0127500 -0.4550830
v 0.0000000 -1.0156250 -0.4600625
v 0.0000000 -1.1257000 -0.3757245
v -0.0253250 -1.1216943 -0.3716865
v 0.0463750 -1.0053750 -0.4423095
v 0.0593750 -0.9940000 -0.4226080
v 0.0593750 -1.0951475 -0.3451565
v 0.0463750 -1.1110669 -0.3610795
v 0.0253500 -1.0127500 -0.4550830
v 0.0463750 -1.0053750 -0.4423095
v 0.0463750 -1.1110669 -0.3610795
v 0.0253500 -1.1216943 -0.3716865
v 0.0593750 -0.9890000 -0.4139480
v 0.0093750 -0.9640000 -0.3706480
v 0.0093750 -1.0527028 -0.3026910
v 0.0593750 -1.0880425 -0.3380005
v 0.0000000 -1.0156250 -0.4600625
v 0.0253500 -1.0127500 -0.4550830
v 0.0253500 -1.1216943 -0.3716865
v 0.0000000 -1.1257000 -0.3757245
v 0.0593750 -0.8762944 -0.4713592
v 0.0593750 -0.8737064 -0.4617002
v 0.0593750 -0.9890310 -0.4139778
v 0.0593750 -0.9940415 -0.4227289
v -0.0593750 -0.8737064 -0.4617002
v -0.0593750 -0.8762944 -0.4713592
v -0.0593750 -0.9940415 -0.4227289
v -0.0593750 -0.9890310 -0.4139778
v -0.0593750 -0.9890310 -0.4139778
v -0.0093750 -0.9640355 -0.3707246
v -0.0093750 -0.8607664 -0.4134052
v -0.0593750 -0.8737064 -0.4617002
v 0.0093750 -0.8607664 -0.4134052
v -0.0093750 -0.8607664 -0.4134052
v -0.0093750 -0.9640355 -0.3707246
v 0.0093750 -0.9640355 -0.3707246
v -0.0463500 -1.0052968 -0.4422298
v -0.0593750 -0.9940415 -0.4227289
v -0.0593750 -0.8762944 -0.4713592
v -0.0463500 -0.8821821 -0.4933334
v -0.0253250 -1.0128164 -0.4552260
v -0.0463500 -1.0052968 -0.4422298
v -0.0463500 -0.8821821 -0.4933334
v -0.0253250 -0.8859994 -0.5075804
v -0.0253250 -0.8859994 -0.5075804
v 0.0000000 -0.8874875 -0.5131344
v 0.0000000 -1.0156403 -0.4601632
v -0.0253250 -1.0128164 -0.4552260
v 0.0463750 -0.8821821 -0.4933334
v 0.0593750 -0.8762944 -0.4713592
v 0.0593750 -0.9940415 -0.4227289
v 0.0463750 -1.0052968 -0.4422298
v 0.0253500 -0.8859994 -0.5075804
v 0.0463750 -0.8821821 -0.4933334
v 0.0463750 -1.0052968 -0.4422298
v 0.0253500 -1.0128164 -0.4552260
v 0.0593750 -0.8737064 -0.4617002
v 0.0093750 -0.8607664 -0.4134052
v 0.0093750 -0.9640355 -0.3707246
v 0.0593750 -0.9890310 -0.4139778
v 0.0000000 -0.8874875 -0.5131344
v 0.0253500 -0.8859994 -0.5075804
v 0.0253500 -1.0128164 -0.4552260
v 0.0000000 -1.0156403 -0.4601632
v 0.0593750 -0.7500000 -0.4880000
v 0.0593750 -0.7500000 -0.4780000
v 0.0593750 -0.8737500 -0.4617500
v 0.0593750 -0.8763250 -0.4715000
v -0.0593750 -0.7500000 -0.4780000
v -0.0593750 -0.7500000 -0.4880000
v -0.0593750 -0.8763250 -0.4715000
v -0.0593750 -0.8737500 -0.4617500
v -0.0593750 -0.8737500 -0.4617500
v -0.0093750 -0.8608000 -0.4135000
v -0.0093750 -0.7500000 -0.4280000
v -0.0593750 -0.7500000 -0.4780000
v 0.0093750 -0.7500000 -0.4280000
v -0.0093750 -0.7500000 -0.4280000
v -0.0093750 -0.8608000 -0.4135000
v 0.0093750 -0.8608000 -0.4135000
v -0.0463500 -0.8821500 -0.4932500
v -0.0593750 -0.8763250 -0.4715000
v -0.0593750 -0.7500000 -0.4880000
v -0.0463500 -0.7500000 -0.5107500
v -0.0253250 -0.8860500 -0.5077500
v -0.0463500 -0.8821500 -0.4932500
v -0.0463500 -0.7500000 -0.5107500
v -0.0253250 -0.7500000 -0.5255000
v -0.0253250 -0.7500000 -0.5255000
v 0.0000000 -0.7500000 -0.5312500
v 0.0000000 -0.8875000 -0.5132500
v -0.0253250 -0.8860500 -0.5077500
v 0.0463750 -0.7500000 -0.5107500
v 0.0593750 -0.7500000 -0.4880000
v 0.0593750 -0.8763250 -0.4715000
v 0.0463750 -0.8821500 -0.4932500
v 0.0253500 -0.7500000 -0.5255000
v 0.0463750 -0.7500000 -0.5107500
v 0.0463750 -0.8821500 -0.4932500
v 0.0253500 -0.8860500 -0.5077500
v 0.0593750 -0.7500000 -0.4780000
v 0.0093750 -0.7500000 -0.4280000
v 0.0093750 -0.8608000 -0.4135000
v 0.0593750 -0.8737500 -0.4617500
v 0.0000000 -0.7500000 -0.5312500
v 0.0253500 -0.7500000 -0.5255000
v 0.0253500 -0.8860500 -0.5077500
v 0.0000000 -0.8875000 -0.5132500
v 0.0593750 -0.6237056 -0.4713592
v 0.0593750 -0.6262936 -0.4617002
v 0.0593750 -0.7500292 -0.4780308
v 0.0593750 -0.7499931 -0.4881148
v -0.0593750 -0.6262936 -0.4617002
v -0.0593750 -0.6237056 -0.4713592
v -0.0593750 -0.7499931 -0.4881148
v -0.0593750 -0.7500292 -0.4780308
v -0.0593750 -0.7500292 -0.4780308
v -0.0093750 -0.7500079 -0.4280747
v -0.0093750 -0.6392336 -0.4134052
v -0.0593750 -0.6262936 -0.4617002
v 0.0093750 -0.6392336 -0.4134052
v -0.0093750 -0.6392336 -0.4134052
v -0.0093750 -0.7500079 -0.4280747
v 0.0093750 -0.7500079 -0.4280747
v -0.0463500 -0.7499906 -0.5106306
v -0.0593750 -0.7499931 -0.4881148
v -0.0593750 -0.6237056 -0.4713592
v -0.0463500 -0.6178179 -0.4933334
v -0.0253250 -0.7500050 -0.5256455
v -0.0463500 -0.7499906 -0.5106306
v -0.0463500 -0.6178179 -0.4933334
v -0.0253250 -0.6140006 -0.5075804
v -0.0253250 -0.6140006 -0.5075804
v 0.0000000 -0.6125125 -0.5131344
v 0.0000000 -0.7499822 -0.5313332
v -0.0253250 -0.7500050 -0.5256455
v 0.0463750 -0.6178179 -0.4933334
v 0.0593750 -0.6237056 -0.4713592
v 0.0593750 -0.7499931 -0.4881148
v 0.0463750 -0.7499906 -0.5106306
v 0.0253500 -0.6140006 -0.5075804
v 0.0463750 -0.6178179 -0.4933334
v 0.0463750 -0.7499906 -0.5106306
v 0.0253500 -0.7500050 -0.5256455
v 0.0593750 -0.6262936 -0.4617002
v 0.0093750 -0.6392336 -0.4134052
v 0.0093750 -0.7500079 -0.4280747
v 0.0593750 -0.7500292 -0.4780308
v 0.0000000 -0.6125125 -0.5131344
v 0.0253500 -0.6140006 -0.5075804
v 0.0253500 -0.7500050 -0.5256455
v 0.0000000 -0.7499822 -0.5313332
v 0.0593750 -0.5060000 -0.4226080
v 0.0593750 -0.5110000 -0.4139480
v 0.0593750 -0.6262925 -0.4617505
v 0.0593750 -0.6236474 -0.4714815
v -0.0593750 -0.5110000 -0.4139480
v -0.0593750 -0.5060000 -0.4226080
v -0.0593750 -0.6236474 -0.4714815
v -0.0593750 -0.6262925 -0.4617505
v -0.0593750 -0.6262925 -0.4617505
v -0.0093750 -0.6392028 -0.4134910
v -0.0093750 -0.5360000 -0.3706480
v -0.0593750 -0.5110000 -0.4139480
v 0.0093750 -0.5360000 -0.3706480
v -0.0093750 -0.5360000 -0.3706480
v -0.0093750 -0.6392028 -0.4134910
v 0.0093750 -0.6392028 -0.4134910
v -0.0463500 -0.6178169 -0.4932295
v -0.0593750 -0.6236474 -0.4714815
v -0.0593750 -0.5060000 -0.4226080
v -0.0463500 -0.4946250 -0.4423095
v -0.0253250 -0.6139443 -0.5077365
v -0.0463500 -0.6178169 -0.4932295
v -0.0463500 -0.4946250 -0.4423095
v -0.0253250 -0.4872500 -0.4550830
v -0.0253250 -0.4872500 -0.4550830
v 0.0000000 -0.4843750 -0.4600625
v 0.0000000 -0.6124500 -0.5132245
v -0.0253250 -0.6139443 -0.5077365
v 0.0463750 -0.4946250 -0.4423095
v 0.0593750 -0.5060000 -0.4226080
v 0.0593750 -0.6236474 -0.4714815
v 0.0463750 -0.6178169 -0.4932295
v 0.0253500 -0.4872500 -0.4550830
v 0.0463750 -0.4946250 -0.4423095
v 0.0463750 -0.6178169 -0.4932295
v 0.0253500 -0.6139443 -0.5077365
v 0.0593750 -0.5110000 -0.4139480
v 0.0093750 -0.5360000 -0.3706480
v 0.0093750 -0.6392028 -0.4134910
v 0.0593750 -0.6262925 -0.4617505
v 0.0000000 -0.4843750 -0.4600625
v 0.0253500 -0.4872500 -0.4550830
v 0.0253500 -0.6139443 -0.5077365
v 0.0000000 -0.6124500 -0.5132245
v 0.0593750 -0.4049352 -0.3450648
v 0.0593750 -0.4120062 -0.3379938
v 0.0593750 -0.5110002 -0.4140070
v 0.0593750 -0.5059268 -0.4227221
v -0.0593750 -0.4120062 -0.3379938
v -0.0593750 -0.4049352 -0.3450648
v -0.0593750 -0.5059268 -0.4227221
v -0.0593750 -0.5110002 -0.4140070
v -0.0593750 -0.5110002 -0.4140070
v -0.0093750 -0.5359608 -0.3707325
v -0.0093750 -0.4473612 -0.3026388
v -0.0593750 -0.4120062 -0.3379938
v 0.0093750 -0.4473612 -0.3026388
v -0.0093750 -0.4473612 -0.3026388
v -0.0093750 -0.5359608 -0.3707325
v 0.0093750 -0.5359608 -0.3707325
v -0.0463500 -0.4946662 -0.4422203
v -0.0593750 -0.5059268 -0.4227221
v -0.0593750 -0.4049352 -0.3450648
v -0.0463500 -0.3888487 -0.3611513
v -0.0253250 -0.4871709 -0.4552310
v -0.0463500 -0.4946662 -0.4422203
v -0.0463500 -0.3888487 -0.3611513
v -0.0253250 -0.3784190 -0.3715810
v -0.0253250 -0.3784190 -0.3715810
v 0.0000000 -0.3743531 -0.3756469
v 0.0000000 -0.4843072 -0.4601453
v -0.0253250 -0.4871709 -0.4552310
v 0.0463750 -0.3888487 -0.3611513
v 0.0593750 -0.4049352 -0.3450648
v 0.0593750 -0.5059268 -0.4227221
v 0.0463750 -0.4946662 -0.4422203
v 0.0253500 -0.3784190 -0.3715810
v 0.0463750 -0.3888487 -0.3611513
v 0.0463750 -0.4946662 -0.4422203
v 0.0253500 -0.4871709 -0.4552310
v 0.0593750 -0.4120062 -0.3379938
v 0.0093750 -0.4473612 -0.3026388
v 0.0093750 -0.5359608 -0.3707325
v 0.0593750 -0.5110002 -0.4140070
v 0.0000000 -0.3743531 -0.3756469
v 0.0253500 -0.3784190 -0.3715810
v 0.0253500 -0.4871709 -0.4552310
v 0.0000000 -0.4843072 -0.4601453
v 0.0593750 -0.3273920 -0.2440000
v 0.0593750 -0.3360520 -0.2390000
v 0.0593750 -0.4119995 -0.3380425
v 0.0593750 -0.4048435 -0.3451475
v -0.0593750 -0.3360520 -0.2390000
v -0.0593750 -0.3273920 -0.2440000
v -0.0593750 -0.4048435 -0.3451475
v -0.0593750 -0.4119995 -0.3380425
v -0.0593750 -0.4119995 -0.3380425
v -0.0093750 -0.4473090 -0.3027028
v -0.0093750 -0.3793520 -0.2140000
v -0.0593750 -0.3360520 -0.2390000
v 0.0093750 -0.3793520 -0.2140000
v -0.0093750 -0.3793520 -0.2140000
v -0.0093750 -0.4473090 -0.3027028
v 0.0093750 -0.4473090 -0.3027028
v -0.0463500 -0.3889205 -0.3610669
v -0.0593750 -0.4048435 -0.3451475
v -0.0593750 -0.3273920 -0.2440000
v -0.0463500 -0.3076905 -0.2553750
v -0.0253250 -0.3783135 -0.3716943
v -0.0463500 -0.3889205 -0.3610669
v -0.0463500 -0.3076905 -0.2553750
v -0.0253250 -0.2949170 -0.2627500
v -0.0253250 -0.2949170 -0.2627500
v 0.0000000 -0.2899375 -0.2656250
v 0.0000000 -0.3742755 -0.3757000
v -0.0253250 -0.3783135 -0.3716943
v 0.0463750 -0.3076905 -0.2553750
v 0.0593750 -0.3273920 -0.2440000
v 0.0593750 -0.4048435 -0.3451475
v 0.0463750 -0.3889205 -0.3610669
v 0.0253500 -0.2949170 -0.2627500
v 0.0463750 -0.3076905 -0.2553750
v 0.0463750 -0.3889205 -0.3610669
v 0.0253500 -0.3783135 -0.3716943
v 0.0593750 -0.3360520 -0.2390000
v 0.0093750 -0.3793520 -0.2140000
v 0.0093750 -0.4473090 -0.3027028
v 0.0593750 -0.4119995 -0.3380425
v 0.0000000 -0.2899375 -0.2656250
v 0.0253500 -0.2949170 -0.2627500
v 0.0253500 -0.3783135 -0.3716943
v 0.0000000 -0.3742755 -0.3757000
v 0.0593750 -0.2786408 -0.1262944
v 0.0593750 -0.2882998 -0.1237064
v 0.0593750 -0.3360222 -0.2390310
v 0.0593750 -0.3272711 -0.2440415
v -0.0593750 -0.2882998 -0.1237064
v -0.0593750 -0.2786408 -0.1262944
v -0.0593750 -0.3272711 -0.2440415
v -0.0593750 -0.3360222 -0.2390310
v -0.0593750 -0.3360222 -0.2390310
v -0.0093750 -0.3792754 -0.2140355
v -0.0093750 -0.3365948 -0.1107664
v -0.0593750 -0.2882998 -0.1237064
v 0.0093750 -0.3365948 -0.1107664
v -0.0093750 -0.3365948 -0.1107664
v -0.0093750 -0.3792754 -0.2140355
v 0.0093750 -0.3792754 -0.2140355
v -0.0463500 -0.3077702 -0.2552968
v -0.0593750 -0.3272711 -0.2440415
v -0.0593750 -0.2786408 -0.1262944
v -0.0463500 -0.2566666 -0.1321821
v -0.0253250 -0.2947740 -0.2628164
v -0.0463500 -0.3077702 -0.2552968
v -0.0463500 -0.2566666 -0.1321821
v -0.0253250 -0.2424196 -0.1359994
v -0.0253250 -0.2424196 -0.1359994
v 0.0000000 -0.2368656 -0.1374875
v 0.0000000 -0.2898368 -0.2656403
v -0.0253250 -0.2947740 -0.2628164
v 0.0463750 -0.2566666 -0.1321821
v 0.0593750 -0.2786408 -0.1262944
v 0.0593750 -0.3272711 -0.2440415
v 0.0463750 -0.3077702 -0.2552968
v 0.0253500 -0.2424196 -0.1359994
v 0.0463750 -0.2566666 -0.1321821
v 0.0463750 -0.3077702 -0.2552968
v 0.0253500 -0.2947740 -0.2628164
v 0.0593750 -0.2882998 -0.1237064
v 0.0093750 -0.3365948 -0.1107664
v 0.0093750 -0.3792754 -0.2140355
v 0.0593750 -0.3360222 -0.2390310
v 0.0000000 -0.2368656 -0.1374875
v 0.0253500 -0.2424196 -0.1359994
v 0.0253500 -0.2947740 -0.2628164
v 0.0000000 -0.2898368 -0.2656403
v -0.0500000 -0.8500000 0.0000000
v -0.0500000 -0.8423900 -0.0382700
v 0.0500000 -0.8423900 -0.0382700
v 0.0500000 -0.8500000 0.0000000
v -0.0500000 -0.8423900 -0.0382700
v -0.0500000 -0.8207100 -0.0707100
v 0.0500000 -0.8207100 -0.0707100
v 0.0500000 -0.8423900 -0.0382700
v -0.0500000 -0.8207100 -0.0707100
v -0.0500000 -0.7882700 -0.0923900
v 0.0500000 -0.7882700 -0.0923900
v 0.0500000 -0.8207100 -0.0707100
v -0.0500000 -0.7882700 -0.0923900
v -0.0500000 -0.7500000 -0.1000000
v 0.0500000 -0.7500000 -0.1000000
v 0.0500000 -0.7882700 -0.0923900
v -0.0500000 -0.7500000 -0.1000000
v -0.0500000 -0.7117300 -0.0923900
v 0.0500000 -0.7117300 -0.0923900
v 0.0500000 -0.7500000 -0.1000000
v -0.0500000 -0.7117300 -0.0923900
v -0.0500000 -0.6792900 -0.0707100
v 0.0500000 -0.6792900 -0.0707100
v 0.0500000 -0.7117300 -0.0923900
v -0.0500000 -0.6792900 -0.0707100
v -0.0500000 -0.6576100 -0.0382700
v 0.0500000 -0.6576100 -0.0382700
v 0.0500000 -0.6792900 -0.0707100
v -0.0500000 -0.6576100 -0.0382700
v -0.0500000 -0.6500000 0.0000000
v 0.0500000 -0.6500000 0.0000000
v 0.0500000 -0.6576100 -0.0382700
v -0.0500000 -0.6500000 0.0000000
v -0.0500000 -0.6576100 0.0382700
v 0.0500000 -0.6576100 0.0382700
v 0.0500000 -0.6500000 0.0000000
v -0.0500000 -0.6576100 0.0382700
v -0.0500000 -0.6792900 0.0707100
v 0.0500000 -0.6792900 0.0707100
v 0.0500000 -0.6576100 0.0382700
v -0.0500000 -0.6792900 0.0707100
v -0.0500000 -0.7117300 0.0923900
v 0.0500000 -0.7117300 0.0923900
v 0.0500000 -0.6792900 0.0707100
v -0.0500000 -0.7117300 0.0923900
v -0.0500000 -0.7500000 0.1000000
v 0.0500000 -0.7500000 0.1000000
v 0.0500000 -0.7117300 0.0923900
v -0.0500000 -0.7500000 0.1000000
v -0.0500000 -0.7882700 0.0923900
v 0.0500000 -0.7882700 0.0923900
v 0.0500000 -0.7500000 0.1000000
v -0.0500000 -0.7882700 0.0923900
v -0.0500000 -0.8207100 0.0707100
v 0.0500000 -0.8207100 0.0707100
v 0.0500000 -0.7882700 0.0923900
v -0.0500000 -0.8207100 0.0707100
v -0.0500000 -0.8423900 0.0382700
v 0.0500000 -0.8423900 0.0382700
v 0.0500000 -0.8207100 0.0707100
v -0.0500000 -0.8423900 0.0382700
v -0.0500000 -0.8500000 0.0000000
v 0.0500000 -0.8500000 0.0000000
v 0.0500000 -0.8423900 0.0382700
v -0.0500000 -0.7500000 -0.1000000
v -0.0500000 -0.7500000 -0.0500000
v -0.0500000 -0.7308650 -0.0461950
v -0.0500000 -0.7117300 -0.0923900
v -0.0500000 -0.7117300 -0.0923900
v -0.0500000 -0.7308650 -0.0461950
v -0.0500000 -0.7146450 -0.0353550
v -0.0500000 -0.6792900 -0.0707100
v -0.0500000 -0.6792900 -0.0707100
v -0.0500000 -0.7146450 -0.0353550
v -0.0500000 -0.7038050 -0.0191350
v -0.0500000 -0.6576100 -0.0382700
v -0.0500000 -0.6576100 -0.0382700
v -0.0500000 -0.7038050 -0.0191350
v -0.0500000 -0.7000000 0.0000000
v -0.0500000 -0.6500000 0.0000000
v -0.0500000 -0.6500000 0.0000000
v -0.0500000 -0.7000000 0.0000000
v -0.0500000 -0.7038050 0.0191350
v -0.0500000 -0.6576100 0.0382700
v -0.0500000 -0.6576100 0.0382700
v -0.0500000 -0.7038050 0.0191350
v -0.0500000 -0.7146450 0.0353550
v -0.0500000 -0.6792900 0.0707100
v -0.0500000 -0.6792900 0.0707100
v -0.0500000 -0.7146450 0.0353550
v -0.0500000 -0.7308650 0.0461950
v -0.0500000 -0.7117300 0.0923900
v -0.0500000 -0.7117300 0.0923900
v -0.0500000 -0.7308650 0.0461950
v -0.0500000 -0.7500000 0.0500000
v -0.0500000 -0.7500000 0.1000000
v -0.0500000 -0.7500000 0.1000000
v -0.0500000 -0.7500000 0.0500000
v -0.0500000 -0.7691350 0.0461950
v -0.0500000 -0.7882700 0.0923900
v -0.0500000 -0.7882700 0.0923900
v -0.0500000 -0.7691350 0.0461950
v -0.0500000 -0.7853550 0.0353550
v -0.0500000 -0.8207100 0.0707100
v -0.0500000 -0.8207100 0.0707100
v -0.0500000 -0.7853550 0.0353550
v -0.0500000 -0.7961950 0.0191350
v -0.0500000 -0.8423900 0.0382700
v -0.0500000 -0.8423900 0.0382700
v -0.0500000 -0.7961950 0.0191350
v -0.0500000 -0.8000000 0.0000000
v -0.0500000 -0.8500000 0.0000000
v -0.0500000 -0.8500000 0.0000000
v -0.0500000 -0.8000000 0.0000000
v -0.0500000 -0.7961950 -0.0191350
v -0.0500000 -0.8423900 -0.0382700
v -0.0500000 -0.8423900 -0.0382700
v -0.0500000 -0.7961950 -0.0191350
v -0.0500000 -0.7853550 -0.0353550
v -0.0500000 -0.8207100 -0.0707100
v -0.0500000 -0.8207100 -0.0707100
v -0.0500000 -0.7853550 -0.0353550
v -0.0500000 -0.7691350 -0.0461950
v -0.0500000 -0.7882700 -0.0923900
v -0.0500000 -0.7882700 -0.0923900
v -0.0500000 -0.7691350 -0.0461950
v -0.0500000 -0.7500000 -0.0500000
v -0.0500000 -0.7500000 -0.1000000
v 0.0500000 -0.7117300 -0.0923900
v 0.0500000 -0.7308650 -0.0461950
v 0.0500000 -0.7500000 -0.0500000
v 0.0500000 -0.7500000 -0.1000000
v 0.0500000 -0.6792900 -0.0707100
v 0.0500000 -0.7146450 -0.0353550
v 0.0500000 -0.7308650 -0.0461950
v 0.0500000 -0.7117300 -0.0923900
v 0.0500000 -0.6576100 -0.0382700
v 0.0500000 -0.7038050 -0.0191350
v 0.0500000 -0.7146450 -0.0353550
v 0.0500000 -0.6792900 -0.0707100
v 0.0500000 -0.6500000 0.0000000
v 0.0500000 -0.7000000 0.0000000
v 0.0500000 -0.7038050 -0.0191350
v 0.0500000 -0.6576100 -0.0382700
v 0.0500000 -0.6576100 0.0382700
v 0.0500000 -0.7038050 0.0191350
v 0.0500000 -0.7000000 0.0000000
v 0.0500000 -0.6500000 0.0000000
v 0.0500000 -0.6792900 0.0707100
v 0.0500000 -0.7146450 0.0353550
v 0.0500000 -0.7038050 0.0191350
v 0.0500000 -0.6576100 0.0382700
v 0.0500000 -0.7117300 0.0923900
v 0.0500000 -0.7308650 0.0461950
v 0.0500000 -0.7146450 0.0353550
v 0.0500000 -0.6792900 0.0707100
v 0.0500000 -0.7500000 0.1000000
v 0.0500000 -0.7500000 0.0500000
v 0.0500000 -0.7308650 0.0461950
v 0.0500000 -0.7117300 0.0923900
v 0.0500000 -0.7882700 0.0923900
v 0.0500000 -0.7691350 0.0461950
v 0.0500000 -0.7500000 0.0500000
v 0.0500000 -0.7500000 0.1000000
v 0.0500000 -0.8207100 0.0707100
v 0.0500000 -0.7853550 0.0353550
v 0.0500000 -0.7691350 0.0461950
v 0.0500000 -0.7882700 0.0923900
v 0.0500000 -0.8423900 0.0382700
v 0.0500000 -0.7961950 0.0191350
v 0.0500000 -0.7853550 0.0353550
v 0.0500000 -0.8207100 0.0707100
v 0.0500000 -0.8500000 0.0000000
v 0.0500000 -0.8000000 0.0000000
v 0.0500000 -0.7961950 0.0191350
v 0.0500000 -0.8423900 0.0382700
v 0.0500000 -0.8423900 -0.0382700
v 0.0500000 -0.7961950 -0.0191350
v 0.0500000 -0.8000000 0.0000000
v 0.0500000 -0.8500000 0.0000000
v 0.0500000 -0.8207100 -0.0707100
v 0.0500000 -0.7853550 -0.0353550
v 0.0500000 -0.7961950 -0.0191350
v 0.0500000 -0.8423900 -0.0382700
v 0.0500000 -0.7882700 -0.0923900
v 0.0500000 -0.7691350 -0.0461950
v 0.0500000 -0.7853550 -0.0353550
v 0.0500000 -0.8207100 -0.0707100
v 0.0500000 -0.7500000 -0.1000000
v 0.0500000 -0.7500000 -0.0500000
v 0.0500000 -0.7691350 -0.0461950
v 0.0500000 -0.7882700 -0.0923900
v -0.1000000 -0.8000000 0.0000000
v -0.1000000 -0.7961950 -0.0191350
v -0.0500000 -0.7961950 -0.0191350
v -0.0500000 -0.8000000 0.0000000
v -0.1000000 -0.7961950 -0.0191350
v -0.1000000 -0.7853550 -0.0353550
v -0.0500000 -0.7853550 -0.0353550
v -0.0500000 -0.7961950 -0.0191350
v -0.1000000 -0.7853550 -0.0353550
v -0.1000000 -0.7691350 -0.0461950
v -0.0500000 -0.7691350 -0.0461950
v -0.0500000 -0.7853550 -0.0353550
v -0.1000000 -0.7691350 -0.0461950
v -0.1000000 -0.7500000 -0.0500000
v -0.0500000 -0.7500000 -0.0500000
v -0.0500000 -0.7691350 -0.0461950
v -0.1000000 -0.7500000 -0.0500000
v -0.1000000 -0.7308650 -0.0461950
v -0.0500000 -0.7308650 -0.0461950
v -0.0500000 -0.7500000 -0.0500000
v -0.1000000 -0.7308650 -0.0461950
v -0.1000000 -0.7146450 -0.0353550
v -0.0500000 -0.7146450 -0.0353550
v -0.0500000 -0.7308650 -0.0461950
v -0.1000000 -0.7146450 -0.0353550
v -0.1000000 -0.7038050 -0.0191350
v -0.0500000 -0.7038050 -0.0191350
v -0.0500000 -0.7146450 -0.0353550
v -0.1000000 -0.7038050 -0.0191350
v -0.1000000 -0.7000000 0.0000000
v -0.0500000 -0.7000000 0.0000000
v -0.0500000 -0.7038050 -0.0191350
v -0.1000000 -0.7000000 0.0000000
v -0.1000000 -0.7038050 0.0191350
v -0.0500000 -0.7038050 0.0191350
v -0.0500000 -0.7000000 0.0000000
v -0.1000000 -0.7038050 0.0191350
v -0.1000000 -0.7146450 0.0353550
v -0.0500000 -0.7146450 0.0353550
v -0.0500000 -0.7038050 0.0191350
v -0.1000000 -0.7146450 0.0353550
v -0.1000000 -0.7308650 0.0461950
v -0.0500000 -0.7308650 0.0461950
v -0.0500000 -0.7146450 0.0353550
v -0.1000000 -0.7308650 0.0461950
v -0.1000000 -0.7500000 0.0500000
v -0.0500000 -0.7500000 0.0500000
v -0.0500000 -0.7308650 0.0461950
v -0.1000000 -0.7500000 0.0500000
v -0.1000000 -0.7691350 0.0461950
v -0.0500000 -0.7691350 0.0461950
v -0.0500000 -0.7500000 0.0500000
v -0.1000000 -0.7691350 0.0461950
v -0.1000000 -0.7853550 0.0353550
v -0.0500000 -0.7853550 0.0353550
v -0.0500000 -0.7691350 0.0461950
v -0.1000000 -0.7853550 0.0353550
v -0.1000000 -0.7961950 0.0191350
v -0.0500000 -0.7961950 0.0191350
v -0.0500000 -0.7853550 0.0353550
v -0.1000000 -0.7961950 0.0191350
v -0.1000000 -0.8000000 0.0000000
v -0.0500000 -0.8000000 0.0000000
v -0.0500000 -0.7961950 0.0191350
v 0.0500000 -0.8000000 0.0000000
v 0.0500000 -0.7961950 -0.0191350
v 0.1000000 -0.7961950 -0.0191350
v 0.1000000 -0.8000000 0.0000000
v 0.0500000 -0.7961950 -0.0191350
v 0.0500000 -0.7853550 -0.0353550
v 0.1000000 -0.7853550 -0.0353550
v 0.1000000 -0.7961950 -0.0191350
v 0.0500000 -0.7853550 -0.0353550
v 0.0500000 -0.7691350 -0.0461950
v 0.1000000 -0.7691350 -0.0461950
v 0.1000000 -0.7853550 -0.0353550
v 0.0500000 -0.7691350 -0.0461950
v 0.0500000 -0.7500000 -0.0500000
v 0.1000000 -0.7500000 -0.0500000
v 0.1000000 -0.7691350 -0.0461950
v 0.0500000 -0.7500000 -0.0500000
v 0.0500000 -0.7308650 -0.0461950
v 0.1000000 -0.7308650 -0.0461950
v 0.1000000 -0.7500000 -0.0500000
v 0.0500000 -0.7308650 -0.0461950
v 0.0500000 -0.7146450 -0.0353550
v 0.1000000 -0.7146450 -0.0353550
v 0.1000000 -0.7308650 -0.0461950
v 0.0500000 -0.7146450 -0.0353550
v 0.0500000 -0.7038050 -0.0191350
v 0.1000000 -0.7038050 -0.0191350
v 0.1000000 -0.7146450 -0.0353550
v 0.0500000 -0.7038050 -0.0191350
v 0.0500000 -0.7000000 0.0000000
v 0.1000000 -0.7000000 0.0000000
v 0.1000000 -0.7038050 -0.0191350
v 0.0500000 -0.7000000 0.0000000
v 0.0500000 -0.7038050 0.0191350
v 0.1000000 -0.7038050 0.0191350
v 0.1000000 -0.7000000 0.0000000
v 0.0500000 -0.7038050 0.0191350
v 0.0500000 -0.7146450 0.0353550
v 0.1000000 -0.7146450 0.0353550
v 0.1000000 -0.7038050 0.0191350
v 0.0500000 -0.7146450 0.0353550
v 0.0500000 -0.7308650 0.0461950
v 0.1000000 -0.7308650 0.0461950
v 0.1000000 -0.7146450 0.0353550
v 0.0500000 -0.7308650 0.0461950
v 0.0500000 -0.7500000 0.0500000
v 0.1000000 -0.7500000 0.0500000
v 0.1000000 -0.7308650 0.0461950
v 0.0500000 -0.7500000 0.0500000
v 0.0500000 -0.7691350 0.0461950
v 0.1000000 -0.7691350 0.0461950
v 0.1000000 -0.7500000 0.0500000
v 0.0500000 -0.7691350 0.0461950
v 0.0500000 -0.7853550 0.0353550
v 0.1000000 -0.7853550 0.0353550
v 0.1000000 -0.7691350 0.0461950
v 0.0500000 -0.7853550 0.0353550
v 0.0500000 -0.7961950 0.0191350
v 0.1000000 -0.7961950 0.0191350
v 0.1000000 -0.7853550 0.0353550
v 0.0500000 -0.7961950 0.0191350
v 0.0500000 -0.8000000 0.0000000
v 0.1000000 -0.8000000 0.0000000
v 0.1000000 -0.7961950 0.0191350
v -0.1000000 -0.7961950 -0.0191350
v -0.1000000 -0.8000000 0.0000000
v -0.1000000 -0.7500000 0.0000000
v -0.1000000 -0.7853550 -0.0353550
v -0.1000000 -0.7961950 -0.0191350
v -0.1000000 -0.7500000 0.0000000
v -0.1000000 -0.7691350 -0.0461950
v -0.1000000 -0.7853550 -0.0353550
v -0.1000000 -0.7500000 0.0000000
v -0.1000000 -0.7500000 -0.0500000
v -0.1000000 -0.7691350 -0.0461950
v -0.1000000 -0.7500000 0.0000000
v -0.1000000 -0.7308650 -0.0461950
v -0.1000000 -0.7500000 -0.0500000
v -0.1000000 -0.7500000 0.0000000
v -0.1000000 -0.7146450 -0.0353550
v -0.1000000 -0.7308650 -0.0461950
v -0.1000000 -0.7500000 0.0000000
v -0.1000000 -0.7038050 -0.0191350
v -0.1000000 -0.7146450 -0.0353550
v -0.1000000 -0.7500000 0.0000000
v -0.1000000 -0.7000000 0.0000000
v -0.1000000 -0.7038050 -0.0191350
v -0.1000000 -0.7500000 0.0000000
v -0.1000000 -0.7038050 0.0191350
v -0.1000000 -0.7000000 0.0000000
v -0.1000000 -0.7500000 0.0000000
v -0.1000000 -0.7146450 0.0353550
v -0.1000000 -0.7038050 0.0191350
v -0.1000000 -0.7500000 0.0000000
v -0.1000000 -0.7308650 0.0461950
v -0.1000000 -0.7146450 0.0353550
v -0.1000000 -0.7500000 0.0000000
v -0.1000000 -0.7500000 0.0500000
v -0.1000000 -0.7308650 0.0461950
v -0.1000000 -0.7500000 0.0000000
v -0.1000000 -0.7691350 0.0461950
v -0.1000000 -0.7500000 0.0500000
v -0.1000000 -0.7500000 0.0000000
v -0.1000000 -0.7853550 0.0353550
v -0.1000000 -0.7691350 0.0461950
v -0.1000000 -0.7500000 0.0000000
v -0.1000000 -0.7961950 0.0191350
v -0.1000000 -0.7853550 0.0353550
v -0.1000000 -0.7500000 0.0000000
v -0.1000000 -0.8000000 0.0000000
v -0.1000000 -0.7961950 0.0191350
v -0.1000000 -0.7500000 0.0000000
v 0.1000000 -0.7500000 0.0000000
v 0.1000000 -0.8000000 0.0000000
v 0.1000000 -0.7961950 -0.0191350
v 0.1000000 -0.7500000 0.0000000
v 0.1000000 -0.7961950 -0.0191350
v 0.1000000 -0.7853550 -0.0353550
v 0.1000000 -0.7500000 0.0000000
v 0.1000000 -0.7853550 -0.0353550
v 0.1000000 -0.7691350 -0.0461950
v 0.1000000 -0.7500000 0.0000000
v 0.1000000 -0.7691350 -0.0461950
v 0.1000000 -0.7500000 -0.0500000
v 0.1000000 -0.7500000 0.0000000
v 0.1000000 -0.7500000 -0.0500000
v 0.1000000 -0.7308650 -0.0461950
v 0.1000000 -0.7500000 0.0000000
v 0.1000000 -0.7308650 -0.0461950
v 0.1000000 -0.7146450 -0.0353550
v 0.1000000 -0.7500000 0.0000000
v 0.1000000 -0.7146450 -0.0353550
v 0.1000000 -0.7038050 -0.0191350
v 0.1000000 -0.7500000 0.0000000
v 0.1000000 -0.7038050 -0.0191350
v 0.1000000 -0.7000000 0.0000000
v 0.1000000 -0.7500000 0.0000000
v 0.1000000 -0.7000000 0.0000000
v 0.1000000 -0.7038050 0.0191350
v 0.1000000 -0.7500000 0.0000000
v 0.1000000 -0.7038050 0.0191350
v 0.1000000 -0.7146450 0.0353550
v 0.1000000 -0.7500000 0.0000000
v 0.1000000 -0.7146450 0.0353550
v 0.1000000 -0.7308650 0.0461950
v 0.1000000 -0.7500000 0.0000000
v 0.1000000 -0.7308650 0.0461950
v 0.1000000 -0.7500000 0.0500000
v 0.1000000 -0.7500000 0.0000000
v 0.1000000 -0.7500000 0.0500000
v 0.1000000 -0.7691350 0.0461950
v 0.1000000 -0.7500000 0.0000000
v 0.1000000 -0.7691350 0.0461950
v 0.1000000 -0.7853550 0.0353550
v 0.1000000 -0.7500000 0.0000000
v 0.1000000 -0.7853550 0.0353550
v 0.1000000 -0.7961950 0.0191350
v 0.1000000 -0.7500000 0.0000000
v 0.1000000 -0.7961950 0.0191350
v 0.1000000 -0.8000000 0.0000000
v -0.0250000 -1.1195600 -0.1530800
v -0.0250000 -1.1500000 0.0000000
v -0.0250000 -0.7500000 0.0000000
v -0.0250000 -1.0328400 -0.2828400
v -0.0250000 -1.1195600 -0.1530800
v -0.0250000 -0.7500000 0.0000000
v -0.0250000 -0.9030800 -0.3695600
v -0.0250000 -1.0328400 -0.2828400
v -0.0250000 -0.7500000 0.0000000
v -0.0250000 -0.7500000 -0.4000000
v -0.0250000 -0.9030800 -0.3695600
v -0.0250000 -0.7500000 0.0000000
v -0.0250000 -0.5969200 -0.3695600
v -0.0250000 -0.7500000 -0.4000000
v -0.0250000 -0.7500000 0.0000000
v -0.0250000 -0.4671600 -0.2828400
v -0.0250000 -0.5969200 -0.3695600
v -0.0250000 -0.7500000 0.0000000
v -0.0250000 -0.3804400 -0.1530800
v -0.0250000 -0.4671600 -0.2828400
v -0.0250000 -0.7500000 0.0000000
v -0.0250000 -0.3500000 0.0000000
v -0.0250000 -0.3804400 -0.1530800
v -0.0250000 -0.7500000 0.0000000
v -0.0250000 -0.3804400 0.1530800
v -0.0250000 -0.3500000 0.0000000
v -0.0250000 -0.7500000 0.0000000
v -0.0250000 -0.4671600 0.2828400
v -0.0250000 -0.3804400 0.1530800
v -0.0250000 -0.7500000 0.0000000
v -0.0250000 -0.5969200 0.3695600
v -0.0250000 -0.4671600 0.2828400
v -0.0250000 -0.7500000 0.0000000
v -0.0250000 -0.7500000 0.4000000
v -0.0250000 -0.5969200 0.3695600
v -0.0250000 -0.7500000 0.0000000
v -0.0250000 -0.9030800 0.3695600
v -0.0250000 -0.7500000 0.4000000
v -0.0250000 -0.7500000 0.0000000
v -0.0250000 -1.0328400 0.2828400
v -0.0250000 -0.9030800 0.3695600
v -0.0250000 -0.7500000 0.0000000
v -0.0250000 -1.1195600 0.1530800
v -0.0250000 -1.0328400 0.2828400
v -0.0250000 -0.7500000 0.0000000
v -0.0250000 -1.1500000 0.0000000
v -0.0250000 -1.1195600 0.1530800
v -0.0250000 -0.7500000 0.0000000
v 0.0250000 -0.7500000 0.0000000
v 0.0250000 -1.1500000 0.0000000
v 0.0250000 -1.1195600 -0.1530800
v 0.0250000 -0.7500000 0.0000000
v 0.0250000 -1.1195600 -0.1530800
v 0.0250000 -1.0328400 -0.2828400
v 0.0250000 -0.7500000 0.0000000
v 0.0250000 -1.0328400 -0.2828400
v 0.0250000 -0.9030800 -0.3695600
v 0.0250000 -0.7500000 0.0000000
v 0.0250000 -0.9030800 -0.3695600
v 0.0250000 -0.7500000 -0.4000000
v 0.0250000 -0.7500000 0.0000000
v 0.0250000 -0.7500000 -0.4000000
v 0.0250000 -0.5969200 -0.3695600
v 0.0250000 -0.7500000 0.0000000
v 0.0250000 -0.5969200 -0.3695600
v 0.0250000 -0.4671600 -0.2828400
v 0.0250000 -0.7500000 0.0000000
v 0.0250000 -0.4671600 -0.2828400
v 0.0250000 -0.3804400 -0.1530800
v 0.0250000 -0.7500000 0.0000000
v 0.0250000 -0.3804400 -0.1530800
v 0.0250000 -0.3500000 0.0000000
v 0.0250000 -0.7500000 0.0000000
v 0.0250000 -0.3500000 0.0000000
v 0.0250000 -0.3804400 0.1530800
v 0.0250000 -0.7500000 0.0000000
v 0.0250000 -0.3804400 0.1530800
v 0.0250000 -0.4671600 0.2828400
v 0.0250000 -0.7500000 0.0000000
v 0.0250000 -0.4671600 0.2828400
v 0.0250000 -0.5969200 0.3695600
v 0.0250000 -0.7500000 0.0000000
v 0.0250000 -0.5969200 0.3695600
v 0.0250000 -0.7500000 0.4000000
v 0.0250000 -0.7500000 0.0000000
v 0.0250000 -0.7500000 0.4000000
v 0.0250000 -0.9030800 0.3695600
v 0.0250000 -0.7500000 0.0000000
v 0.0250000 -0.9030800 0.3695600
v 0.0250000 -1.0328400 0.2828400
v 0.0250000 -0.7500000 0.0000000
v 0.0250000 -1.0328400 0.2828400
v 0.0250000 -1.1195600 0.1530800
v 0.0250000 -0.7500000 0.0000000
v 0.0250000 -1.1195600 0.1530800
v 0.0250000 -1.1500000 0.0000000
v -0.0250000 -1.1500000 0.0000000
v -0.0250000 -1.1195600 -0.1530800
v -0.0500000 -1.1195600 -0.1530800
v -0.0500000 -1.1500000 0.0000000
v -0.0250000 -1.1195600 -0.1530800
v -0.0250000 -1.0328400 -0.2828400
v -0.0500000 -1.0328400 -0.2828400
v -0.0500000 -1.1195600 -0.1530800
v -0.0250000 -1.0328400 -0.2828400
v -0.0250000 -0.9030800 -0.3695600
v -0.0500000 -0.9030800 -0.3695600
v -0.0500000 -1.0328400 -0.2828400
v -0.0250000 -0.9030800 -0.3695600
v -0.0250000 -0.7500000 -0.4000000
v -0.0500000 -0.7500000 -0.4000000
v -0.0500000 -0.9030800 -0.3695600
v -0.0250000 -0.7500000 -0.4000000
v -0.0250000 -0.5969200 -0.3695600
v -0.0500000 -0.5969200 -0.3695600
v -0.0500000 -0.7500000 -0.4000000
v -0.0250000 -0.5969200 -0.3695600
v -0.0250000 -0.4671600 -0.2828400
v -0.0500000 -0.4671600 -0.2828400
v -0.0500000 -0.5969200 -0.3695600
v -0.0250000 -0.4671600 -0.2828400
v -0.0250000 -0.3804400 -0.1530800
v -0.0500000 -0.3804400 -0.1530800
v -0.0500000 -0.4671600 -0.2828400
v -0.0250000 -0.3804400 -0.1530800
v -0.0250000 -0.3500000 0.0000000
v -0.0500000 -0.3500000 0.0000000
v -0.0500000 -0.3804400 -0.1530800
v -0.0250000 -0.3500000 0.0000000
v -0.0250000 -0.3804400 0.1530800
v -0.0500000 -0.3804400 0.1530800
v -0.0500000 -0.3500000 0.0000000
v -0.0250000 -0.3804400 0.1530800
v -0.0250000 -0.4671600 0.2828400
v -0.0500000 -0.4671600 0.2828400
v -0.0500000 -0.3804400 0.1530800
v -0.0250000 -0.4671600 0.2828400
v -0.0250000 -0.5969200 0.3695600
v -0.0500000 -0.5969200 0.3695600
v -0.0500000 -0.4671600 0.2828400
v -0.0250000 -0.5969200 0.3695600
v -0.0250000 -0.7500000 0.4000000
v -0.0500000 -0.7500000 0.4000000
v -0.0500000 -0.5969200 0.3695600
v -0.0250000 -0.7500000 0.4000000
v -0.0250000 -0.9030800 0.3695600
v -0.0500000 -0.9030800 0.3695600
v -0.0500000 -0.7500000 0.4000000
v -0.0250000 -0.9030800 0.3695600
v -0.0250000 -1.0328400 0.2828400
v -0.0500000 -1.0328400 0.2828400
v -0.0500000 -0.9030800 0.3695600
v -0.0250000 -1.0328400 0.2828400
v -0.0250000 -1.1195600 0.1530800
v -0.0500000 -1.1195600 0.1530800
v -0.0500000 -1.0328400 0.2828400
v -0.0250000 -1.1195600 0.1530800
v -0.0250000 -1.1500000 0.0000000
v -0.0500000 -1.1500000 0.0000000
v -0.0500000 -1.1195600 0.1530800
v 0.0500000 -1.1500000 0.0000000
v 0.0500000 -1.1195600 -0.1530800
v 0.0250000 -1.1195600 -0.1530800
v 0.0250000 -1.1500000 0.0000000
v 0.0500000 -1.1195600 -0.1530800
v 0.0500000 -1.0328400 -0.2828400
v 0.0250000 -1.0328400 -0.2828400
v 0.0250000 -1.1195600 -0.1530800
v 0.0500000 -1.0328400 -0.2828400
v 0.0500000 -0.9030800 -0.3695600
v 0.0250000 -0.9030800 -0.3695600
v 0.0250000 -1.0328400 -0.2828400
v 0.0500000 -0.9030800 -0.3695600
v 0.0500000 -0.7500000 -0.4000000
v 0.0250000 -0.7500000 -0.4000000
v 0.0250000 -0.9030800 -0.3695600
v 0.0500000 -0.7500000 -0.4000000
v 0.0500000 -0.5969200 -0.3695600
v 0.0250000 -0.5969200 -0.3695600
v 0.0250000 -0.7500000 -0.4000000
v 0.0500000 -0.5969200 -0.3695600
v 0.0500000 -0.4671600 -0.2828400
v 0.0250000 -0.4671600 -0.2828400
v 0.0250000 -0.5969200 -0.3695600
v 0.0500000 -0.4671600 -0.2828400
v 0.0500000 -0.3804400 -0.1530800
v 0.0250000 -0.3804400 -0.1530800
v 0.0250000 -0.4671600 -0.2828400
v 0.0500000 -0.3804400 -0.1530800
v 0.0500000 -0.3500000 0.0000000
v 0.0250000 -0.3500000 0.0000000
v 0.0250000 -0.3804400 -0.1530800
v 0.0500000 -0.3500000 0.0000000
v 0.0500000 -0.3804400 0.1530800
v 0.0250000 -0.3804400 0.1530800
v 0.0250000 -0.3500000 0.0000000
v 0.0500000 -0.3804400 0.1530800
v 0.0500000 -0.4671600 0.2828400
v 0.0250000 -0.4671600 0.2828400
v 0.0250000 -0.3804400 0.1530800
v 0.0500000 -0.4671600 0.2828400
v 0.0500000 -0.5969200 0.3695600
v 0.0250000 -0.5969200 0.3695600
v 0.0250000 -0.4671600 0.2828400
v 0.0500000 -0.5969200 0.3695600
v 0.0500000 -0.7500000 0.4000000
v 0.0250000 -0.7500000 0.4000000
v 0.0250000 -0.5969200 0.3695600
v 0.0500000 -0.7500000 0.4000000
v 0.0500000 -0.9030800 0.3695600
v 0.0250000 -0.9030800 0.3695600
v 0.0250000 -0.7500000 0.4000000
v 0.0500000 -0.9030800 0.3695600
v 0.0500000 -1.0328400 0.2828400
v 0.0250000 -1.0328400 0.2828400
v 0.0250000 -0.9030800 0.3695600
v 0.0500000 -1.0328400 0.2828400
v 0.0500000 -1.1195600 0.1530800
v 0.0250000 -1.1195600 0.1530800
v 0.0250000 -1.0328400 0.2828400
v 0.0500000 -1.1195600 0.1530800
v 0.0500000 -1.1500000 0.0000000
v 0.0250000 -1.1500000 0.0000000
v 0.0250000 -1.1195600 0.1530800
v -0.0500000 -0.3500000 0.0000000
v -0.0500000 -0.3804400 0.1530800
v -0.0500000 -0.3342450 0.1722150
v -0.0500000 -0.3000000 0.0000000
v -0.0500000 -0.3804400 0.1530800
v -0.0500000 -0.4671600 0.2828400
v -0.0500000 -0.4318050 0.3181950
v -0.0500000 -0.3342450 0.1722150
v -0.0500000 -0.4671600 0.2828400
v -0.0500000 -0.5969200 0.3695600
v -0.0500000 -0.5777850 0.4157550
v -0.0500000 -0.4318050 0.3181950
v -0.0500000 -0.5969200 0.3695600
v -0.0500000 -0.7500000 0.4000000
v -0.0500000 -0.7500000 0.4500000
v -0.0500000 -0.5777850 0.4157550
v -0.0500000 -0.7500000 0.4000000
v -0.0500000 -0.9030800 0.3695600
v -0.0500000 -0.9222150 0.4157550
v -0.0500000 -0.7500000 0.4500000
v -0.0500000 -0.9030800 0.3695600
v -0.0500000 -1.0328400 0.2828400
v -0.0500000 -1.0681950 0.3181950
v -0.0500000 -0.9222150 0.4157550
v -0.0500000 -1.0328400 0.2828400
v -0.0500000 -1.1195600 0.1530800
v -0.0500000 -1.1657550 0.1722150
v -0.0500000 -1.0681950 0.3181950
v -0.0500000 -1.1195600 0.1530800
v -0.0500000 -1.1500000 0.0000000
v -0.0500000 -1.2000000 0.0000000
v -0.0500000 -1.1657550 0.1722150
v -0.0500000 -1.1500000 0.0000000
v -0.0500000 -1.1195600 -0.1530800
v -0.0500000 -1.1657550 -0.1722150
v -0.0500000 -1.2000000 0.0000000
v -0.0500000 -1.1195600 -0.1530800
v -0.0500000 -1.0328400 -0.2828400
v -0.0500000 -1.0681950 -0.3181950
v -0.0500000 -1.1657550 -0.1722150
v -0.0500000 -1.0328400 -0.2828400
v -0.0500000 -0.9030800 -0.3695600
v -0.0500000 -0.9222150 -0.4157550
v -0.0500000 -1.0681950 -0.3181950
v -0.0500000 -0.9030800 -0.3695600
v -0.0500000 -0.7500000 -0.4000000
v -0.0500000 -0.7500000 -0.4500000
v -0.0500000 -0.9222150 -0.4157550
v -0.0500000 -0.7500000 -0.4000000
v -0.0500000 -0.5969200 -0.3695600
v -0.0500000 -0.5777850 -0.4157550
v -0.0500000 -0.7500000 -0.4500000
v -0.0500000 -0.5969200 -0.3695600
v -0.0500000 -0.4671600 -0.2828400
v -0.0500000 -0.4318050 -0.3181950
v -0.0500000 -0.5777850 -0.4157550
v -0.0500000 -0.4671600 -0.2828400
v -0.0500000 -0.3804400 -0.1530800
v -0.0500000 -0.3342450 -0.1722150
v -0.0500000 -0.4318050 -0.3181950
v -0.0500000 -0.3804400 -0.1530800
v -0.0500000 -0.3500000 0.0000000
v -0.0500000 -0.3000000 0.0000000
v -0.0500000 -0.3342450 -0.1722150
v 0.0500000 -0.3000000 0.0000000
v 0.0500000 -0.3342450 0.1722150
v 0.0500000 -0.3804400 0.1530800
v 0.0500000 -0.3500000 0.0000000
v 0.0500000 -0.3342450 0.1722150
v 0.0500000 -0.4318050 0.3181950
v 0.0500000 -0.4671600 0.2828400
v 0.0500000 -0.3804400 0.1530800
v 0.0500000 -0.4318050 0.3181950
v 0.0500000 -0.5777850 0.4157550
v 0.0500000 -0.5969200 0.3695600
v 0.0500000 -0.4671600 0.2828400
v 0.0500000 -0.5777850 0.4157550
v 0.0500000 -0.7500000 0.4500000
v 0.0500000 -0.7500000 0.4000000
v 0.0500000 -0.5969200 0.3695600
v 0.0500000 -0.7500000 0.4500000
v 0.0500000 -0.9222150 0.4157550
v 0.0500000 -0.9030800 0.3695600
v 0.0500000 -0.7500000 0.4000000
v 0.0500000 -0.9222150 0.4157550
v 0.0500000 -1.0681950 0.3181950
v 0.0500000 -1.0328400 0.2828400
v 0.0500000 -0.9030800 0.3695600
v 0.0500000 -1.0681950 0.3181950
v 0.0500000 -1.1657550 0.1722150
v 0.0500000 -1.1195600 0.1530800
v 0.0500000 -1.0328400 0.2828400
v 0.0500000 -1.1657550 0.1722150
v 0.0500000 -1.2000000 0.0000000
v 0.0500000 -1.1500000 0.0000000
v 0.0500000 -1.1195600 0.1530800
v 0.0500000 -1.2000000 0.0000000
v 0.0500000 -1.1657550 -0.1722150
v 0.0500000 -1.1195600 -0.1530800
v 0.0500000 -1.1500000 0.0000000
v 0.0500000 -1.1657550 -0.1722150
v 0.0500000 -1.0681950 -0.3181950
v 0.0500000 -1.0328400 -0.2828400
v 0.0500000 -1.1195600 -0.1530800
v 0.0500000 -1.0681950 -0.3181950
v 0.0500000 -0.9222150 -0.4157550
v 0.0500000 -0.9030800 -0.3695600
v 0.0500000 -1.0328400 -0.2828400
v 0.0500000 -0.9222150 -0.4157550
v 0.0500000 -0.7500000 -0.4500000
v 0.0500000 -0.7500000 -0.4000000
v 0.0500000 -0.9030800 -0.3695600
v 0.0500000 -0.7500000 -0.4500000
v 0.0500000 -0.5777850 -0.4157550
v 0.0500000 -0.5969200 -0.3695600
v 0.0500000 -0.7500000 -0.4000000
v 0.0500000 -0.5777850 -0.4157550
v 0.0500000 -0.4318050 -0.3181950
v 0.0500000 -0.4671600 -0.2828400
v 0.0500000 -0.5969200 -0.3695600
v 0.0500000 -0.4318050 -0.3181950
v 0.0500000 -0.3342450 -0.1722150
v 0.0500000 -0.3804400 -0.1530800
v 0.0500000 -0.4671600 -0.2828400
v 0.0500000 -0.3342450 -0.1722150
v 0.0500000 -0.3000000 0.0000000
v 0.0500000 -0.3500000 0.0000000
v 0.0500000 -0.3804400 -0.1530800
v 0.0000000 -0.3804400 0.1530800
v 0.0500000 -0.3342450 0.1722150
v 0.0500000 -0.3000000 0.0000000
v 0.0000000 -0.3500000 0.0000000
v 0.0000000 -0.4671600 0.2828400
v 0.0500000 -0.4318050 0.3181950
v 0.0500000 -0.3342450 0.1722150
v 0.0000000 -0.3804400 0.1530800
v 0.0000000 -0.5969200 0.3695600
v 0.0500000 -0.5777850 0.4157550
v 0.0500000 -0.4318050 0.3181950
v 0.0000000 -0.4671600 0.2828400
v 0.0000000 -0.7500000 0.4000000
v 0.0500000 -0.7500000 0.4500000
v 0.0500000 -0.5777850 0.4157550
v 0.0000000 -0.5969200 0.3695600
v 0.0000000 -0.9030800 0.3695600
v 0.0500000 -0.9222150 0.4157550
v 0.0500000 -0.7500000 0.4500000
v 0.0000000 -0.7500000 0.4000000
v 0.0000000 -1.0328400 0.2828400
v 0.0500000 -1.0681950 0.3181950
v 0.0500000 -0.9222150 0.4157550
v 0.0000000 -0.9030800 0.3695600
v 0.0000000 -1.1195600 0.1530800
v 0.0500000 -1.1657550 0.1722150
v 0.0500000 -1.0681950 0.3181950
v 0.0000000 -1.0328400 0.2828400
v 0.0000000 -1.1500000 0.0000000
v 0.0500000 -1.2000000 0.0000000
v 0.0500000 -1.1657550 0.1722150
v 0.0000000 -1.1195600 0.1530800
v 0.0000000 -1.1195600 -0.1530800
v 0.0500000 -1.1657550 -0.1722150
v 0.0500000 -1.2000000 0.0000000
v 0.0000000 -1.1500000 0.0000000
v 0.0000000 -1.0328400 -0.2828400
v 0.0500000 -1.0681950 -0.3181950
v 0.0500000 -1.1657550 -0.1722150
v 0.0000000 -1.1195600 -0.1530800
v 0.0000000 -0.9030800 -0.3695600
v 0.0500000 -0.9222150 -0.4157550
v 0.0500000 -1.0681950 -0.3181950
v 0.0000000 -1.0328400 -0.2828400
v 0.0000000 -0.7500000 -0.4000000
v 0.0500000 -0.7500000 -0.4500000
v 0.0500000 -0.9222150 -0.4157550
v 0.0000000 -0.9030800 -0.3695600
v 0.0000000 -0.5969200 -0.3695600
v 0.0500000 -0.5777850 -0.4157550
v 0.0500000 -0.7500000 -0.4500000
v 0.0000000 -0.7500000 -0.4000000
v 0.0000000 -0.4671600 -0.2828400
v 0.0500000 -0.4318050 -0.3181950
v 0.0500000 -0.5777850 -0.4157550
v 0.0000000 -0.5969200 -0.3695600
v 0.0000000 -0.3804400 -0.1530800
v 0.0500000 -0.3342450 -0.1722150
v 0.0500000 -0.4318050 -0.3181950
v 0.0000000 -0.4671600 -0.2828400
v 0.0000000 -0.3500000 0.0000000
v 0.0500000 -0.3000000 0.0000000
v 0.0500000 -0.3342450 -0.1722150
v 0.0000000 -0.3804400 -0.1530800
v 0.0000000 -0.3804400 -0.1530800
v -0.0500000 -0.3342450 -0.1722150
v -0.0500000 -0.3000000 0.0000000
v 0.0000000 -0.3500000 0.0000000
v 0.0000000 -0.4671600 -0.2828400
v -0.0500000 -0.4318050 -0.3181950
v -0.0500000 -0.3342450 -0.1722150
v 0.0000000 -0.3804400 -0.1530800
v 0.0000000 -0.5969200 -0.3695600
v -0.0500000 -0.5777850 -0.4157550
v -0.0500000 -0.4318050 -0.3181950
v 0.0000000 -0.4671600 -0.2828400
v 0.0000000 -0.7500000 -0.4000000
v -0.0500000 -0.7500000 -0.4500000
v -0.0500000 -0.5777850 -0.4157550
v 0.0000000 -0.5969200 -0.3695600
v 0.0000000 -0.9030800 -0.3695600
v -0.0500000 -0.9222150 -0.4157550
v -0.0500000 -0.7500000 -0.4500000
v 0.0000000 -0.7500000 -0.4000000
v 0.0000000 -1.0328400 -0.2828400
v -0.0500000 -1.0681950 -0.3181950
v -0.0500000 -0.9222150 -0.4157550
v 0.0000000 -0.9030800 -0.3695600
v 0.0000000 -1.1195600 -0.1530800
v -0.0500000 -1.1657550 -0.1722150
v -0.0500000 -1.0681950 -0.3181950
v 0.0000000 -1.0328400 -0.2828400
v 0.0000000 -1.1500000 0.0000000
v -0.0500000 -1.2000000 0.0000000
v -0.0500000 -1.1657550 -0.1722150
v 0.0000000 -1.1195600 -0.1530800
v 0.0000000 -1.1195600 0.1530800
v -0.0500000 -1.1657550 0.1722150
v -0.0500000 -1.2000000 0.0000000
v 0.0000000 -1.1500000 0.0000000
v 0.0000000 -1.0328400 0.2828400
v -0.0500000 -1.0681950 0.3181950
v -0.0500000 -1.1657550 0.1722150
v 0.0000000 -1.1195600 0.1530800
v 0.0000000 -0.9030800 0.3695600
v -0.0500000 -0.9222150 0.4157550
v -0.0500000 -1.0681950 0.3181950
v 0.0000000 -1.0328400 0.2828400
v 0.0000000 -0.7500000 0.4000000
v -0.0500000 -0.7500000 0.4500000
v -0.0500000 -0.9222150 0.4157550
v 0.0000000 -0.9030800 0.3695600
v 0.0000000 -0.5969200 0.3695600
v -0.0500000 -0.5777850 0.4157550
v -0.0500000 -0.7500000 0.4500000
v 0.0000000 -0.7500000 0.4000000
v 0.0000000 -0.4671600 0.2828400
v -0.0500000 -0.4318050 0.3181950
v -0.0500000 -0.5777850 0.4157550
v 0.0000000 -0.5969200 0.3695600
v 0.0000000 -0.3804400 0.1530800
v -0.0500000 -0.3342450 0.1722150
v -0.0500000 -0.4318050 0.3181950
v 0.0000000 -0.4671600 0.2828400
v 0.0000000 -0.3500000 0.0000000
v -0.0500000 -0.3000000 0.0000000
v -0.0500000 -0.3342450 0.1722150
v 0.0000000 -0.3804400 0.1530800
v -0.0250000 -0.6549640 -0.0250000
v -0.0345750 -0.6545867 -0.0231000
v -0.0345750 -0.3545950 -0.0231000
v -0.0250000 -0.3549725 -0.0250000
v -0.0426750 -0.3535150 -0.0176750
v -0.0345750 -0.3545950 -0.0231000
v -0.0345750 -0.6545867 -0.0231000
v -0.0426750 -0.6535095 -0.0176750
v -0.0481000 -0.3519050 -0.0095750
v -0.0426750 -0.3535150 -0.0176750
v -0.0426750 -0.6535095 -0.0176750
v -0.0481000 -0.6519012 -0.0095750
v -0.0500000 -0.3500000 0.0000000
v -0.0481000 -0.3519050 -0.0095750
v -0.0481000 -0.6519012 -0.0095750
v -0.0500000 -0.6500000 0.0000000
v -0.0481000 -0.3519050 0.0095750
v -0.0500000 -0.3500000 0.0000000
v -0.0500000 -0.6500000 0.0000000
v -0.0481000 -0.6519012 0.0095750
v -0.0426750 -0.3535150 0.0176750
v -0.0481000 -0.3519050 0.0095750
v -0.0481000 -0.6519012 0.0095750
v -0.0426750 -0.6535095 0.0176750
v -0.0345750 -0.3545950 0.0231000
v -0.0426750 -0.3535150 0.0176750
v -0.0426750 -0.6535095 0.0176750
v -0.0345750 -0.6545867 0.0231000
v -0.0250000 -0.3549725 0.0250000
v -0.0345750 -0.3545950 0.0231000
v -0.0345750 -0.6545867 0.0231000
v -0.0250000 -0.6549640 0.0250000
v -0.0345750 -0.4223750 -0.2158288
v -0.0250000 -0.4234350 -0.2174153
v -0.0250000 -0.6788110 -0.0699693
v -0.0345750 -0.6777498 -0.0683835
v -0.0345750 -0.6777498 -0.0683835
v -0.0426750 -0.6747280 -0.0638683
v -0.0426750 -0.4193500 -0.2113027
v -0.0345750 -0.4223750 -0.2158288
v -0.0481000 -0.4148350 -0.2045447
v -0.0426750 -0.4193500 -0.2113027
v -0.0426750 -0.6747280 -0.0638683
v -0.0481000 -0.6702018 -0.0571050
v -0.0500000 -0.4095175 -0.1965835
v -0.0481000 -0.4148350 -0.2045447
v -0.0481000 -0.6702018 -0.0571050
v -0.0500000 -0.6648763 -0.0491475
v -0.0481000 -0.4041925 -0.1886130
v -0.0500000 -0.4095175 -0.1965835
v -0.0500000 -0.6648763 -0.0491475
v -0.0481000 -0.6595505 -0.0411898
v -0.0457618 -0.6576000 -0.0382750
v -0.0426750 -0.6566495 -0.0334878
v -0.0426750 -0.3996775 -0.1818550
v -0.0481000 -0.4041925 -0.1886130
v -0.0481000 -0.4041925 -0.1886130
v -0.0481000 -0.6595505 -0.0411898
v -0.0457618 -0.6576000 -0.0382750
v -0.0345750 -0.3966600 -0.1773385
v -0.0426750 -0.3996775 -0.1818550
v -0.0426750 -0.6566495 -0.0334878
v -0.0345750 -0.6555345 -0.0278728
v -0.0345750 -0.6555345 -0.0278728
v -0.0250000 -0.6551427 -0.0259003
v -0.0250000 -0.3956000 -0.1757520
v -0.0345750 -0.3966600 -0.1773385
v -0.0345750 -0.5726615 -0.3533400
v -0.0250000 -0.5742480 -0.3544000
v -0.0250000 -0.7240998 -0.0948573
v -0.0345750 -0.7221272 -0.0944655
v -0.0426750 -0.5681450 -0.3503225
v -0.0345750 -0.5726615 -0.3533400
v -0.0345750 -0.7221272 -0.0944655
v -0.0426750 -0.7165123 -0.0933505
v -0.0457625 -0.7117250 -0.0924000
v -0.0481000 -0.7088102 -0.0904495
v -0.0481000 -0.5613870 -0.3458075
v -0.0426750 -0.5681450 -0.3503225
v -0.0426750 -0.5681450 -0.3503225
v -0.0426750 -0.7165123 -0.0933505
v -0.0457625 -0.7117250 -0.0924000
v -0.0500000 -0.5534165 -0.3404825
v -0.0481000 -0.5613870 -0.3458075
v -0.0481000 -0.7088102 -0.0904495
v -0.0500000 -0.7008525 -0.0851237
v -0.0481000 -0.5454553 -0.3351650
v -0.0500000 -0.5534165 -0.3404825
v -0.0500000 -0.7008525 -0.0851237
v -0.0481000 -0.6928950 -0.0797983
v -0.0426750 -0.5386973 -0.3306500
v -0.0481000 -0.5454553 -0.3351650
v -0.0481000 -0.6928950 -0.0797983
v -0.0426750 -0.6861318 -0.0752720
v -0.0426750 -0.6861318 -0.0752720
v -0.0345750 -0.6816165 -0.0722503
v -0.0345750 -0.5341712 -0.3276250
v -0.0426750 -0.5386973 -0.3306500
v -0.0250000 -0.5325848 -0.3265650
v -0.0345750 -0.5341712 -0.3276250
v -0.0345750 -0.6816165 -0.0722503
v -0.0250000 -0.6800308 -0.0711890
v -0.0250000 -0.7750000 -0.0950360
v -0.0345750 -0.7731000 -0.0954133
v -0.0345750 -0.7731000 -0.3954050
v -0.0250000 -0.7750000 -0.3950275
v -0.0426750 -0.7676750 -0.3964850
v -0.0345750 -0.7731000 -0.3954050
v -0.0345750 -0.7731000 -0.0954133
v -0.0426750 -0.7676750 -0.0964905
v -0.0481000 -0.7595750 -0.3980950
v -0.0426750 -0.7676750 -0.3964850
v -0.0426750 -0.7676750 -0.0964905
v -0.0481000 -0.7595750 -0.0980988
v -0.0500000 -0.7500000 -0.4000000
v -0.0481000 -0.7595750 -0.3980950
v -0.0481000 -0.7595750 -0.0980988
v -0.0500000 -0.7500000 -0.1000000
v -0.0481000 -0.7404250 -0.3980950
v -0.0500000 -0.7500000 -0.4000000
v -0.0500000 -0.7500000 -0.1000000
v -0.0481000 -0.7404250 -0.0980988
v -0.0426750 -0.7323250 -0.3964850
v -0.0481000 -0.7404250 -0.3980950
v -0.0481000 -0.7404250 -0.0980988
v -0.0426750 -0.7323250 -0.0964905
v -0.0345750 -0.7269000 -0.3954050
v -0.0426750 -0.7323250 -0.3964850
v -0.0426750 -0.7323250 -0.0964905
v -0.0345750 -0.7269000 -0.0954133
v -0.0250000 -0.7250000 -0.3950275
v -0.0345750 -0.7269000 -0.3954050
v -0.0345750 -0.7269000 -0.0954133
v -0.0250000 -0.7250000 -0.0950360
v -0.0345750 -0.9658288 -0.3276250
v -0.0250000 -0.9674153 -0.3265650
v -0.0250000 -0.8199692 -0.0711890
v -0.0345750 -0.8183835 -0.0722503
v -0.0345750 -0.8183835 -0.0722503
v -0.0426750 -0.8138683 -0.0752720
v -0.0426750 -0.9613027 -0.3306500
v -0.0345750 -0.9658288 -0.3276250
v -0.0481000 -0.9545448 -0.3351650
v -0.0426750 -0.9613027 -0.3306500
v -0.0426750 -0.8138683 -0.0752720
v -0.0481000 -0.8071050 -0.0797983
v -0.0500000 -0.9465835 -0.3404825
v -0.0481000 -0.9545448 -0.3351650
v -0.0481000 -0.8071050 -0.0797983
v -0.0500000 -0.7991475 -0.0851237
v -0.0481000 -0.9386130 -0.3458075
v -0.0500000 -0.9465835 -0.3404825
v -0.0500000 -0.7991475 -0.0851237
v -0.0481000 -0.7911898 -0.0904495
v -0.0457618 -0.7882750 -0.0924000
v -0.0426750 -0.7834878 -0.0933505
v -0.0426750 -0.9318550 -0.3503225
v -0.0481000 -0.9386130 -0.3458075
v -0.0481000 -0.9386130 -0.3458075
v -0.0481000 -0.7911898 -0.0904495
v -0.0457618 -0.7882750 -0.0924000
v -0.0345750 -0.9273385 -0.3533400
v -0.0426750 -0.9318550 -0.3503225
v -0.0426750 -0.7834878 -0.0933505
v -0.0345750 -0.7778728 -0.0944655
v -0.0345750 -0.7778728 -0.0944655
v -0.0250000 -0.7759003 -0.0948573
v -0.0250000 -0.9257520 -0.3544000
v -0.0345750 -0.9273385 -0.3533400
v -0.0345750 -1.1033400 -0.1773385
v -0.0250000 -1.1044000 -0.1757520
v -0.0250000 -0.8448573 -0.0259003
v -0.0345750 -0.8444655 -0.0278728
v -0.0426750 -1.1003225 -0.1818550
v -0.0345750 -1.1033400 -0.1773385
v -0.0345750 -0.8444655 -0.0278728
v -0.0426750 -0.8433505 -0.0334878
v -0.0457625 -0.8424000 -0.0382750
v -0.0481000 -0.8404495 -0.0411898
v -0.0481000 -1.0958075 -0.1886130
v -0.0426750 -1.1003225 -0.1818550
v -0.0426750 -1.1003225 -0.1818550
v -0.0426750 -0.8433505 -0.0334878
v -0.0457625 -0.8424000 -0.0382750
v -0.0500000 -1.0904825 -0.1965835
v -0.0481000 -1.0958075 -0.1886130
v -0.0481000 -0.8404495 -0.0411898
v -0.0500000 -0.8351238 -0.0491475
v -0.0481000 -1.0851650 -0.2045447
v -0.0500000 -1.0904825 -0.1965835
v -0.0500000 -0.8351238 -0.0491475
v -0.0481000 -0.8297983 -0.0571050
v -0.0426750 -1.0806500 -0.2113027
v -0.0481000 -1.0851650 -0.2045447
v -0.0481000 -0.8297983 -0.0571050
v -0.0426750 -0.8252720 -0.0638683
v -0.0426750 -0.8252720 -0.0638683
v -0.0345750 -0.8222503 -0.0683835
v -0.0345750 -1.0776250 -0.2158288
v -0.0426750 -1.0806500 -0.2113027
v -0.0250000 -1.0765650 -0.2174153
v -0.0345750 -1.0776250 -0.2158288
v -0.0345750 -0.8222503 -0.0683835
v -0.0250000 -0.8211890 -0.0699693
v -0.0250000 -0.8450360 0.0250000
v -0.0345750 -0.8454133 0.0231000
v -0.0345750 -1.1454050 0.0231000
v -0.0250000 -1.1450275 0.0250000
v -0.0426750 -1.1464850 0.0176750
v -0.0345750 -1.1454050 0.0231000
v -0.0345750 -0.8454133 0.0231000
v -0.0426750 -0.8464905 0.0176750
v -0.0481000 -1.1480950 0.0095750
v -0.0426750 -1.1464850 0.0176750
v -0.0426750 -0.8464905 0.0176750
v -0.0481000 -0.8480988 0.0095750
v -0.0500000 -1.1500000 0.0000000
v -0.0481000 -1.1480950 0.0095750
v -0.0481000 -0.8480988 0.0095750
v -0.0500000 -0.8500000 0.0000000
v -0.0481000 -1.1480950 -0.0095750
v -0.0500000 -1.1500000 0.0000000
v -0.0500000 -0.8500000 0.0000000
v -0.0481000 -0.8480988 -0.0095750
v -0.0426750 -1.1464850 -0.0176750
v -0.0481000 -1.1480950 -0.0095750
v -0.0481000 -0.8480988 -0.0095750
v -0.0426750 -0.8464905 -0.0176750
v -0.0345750 -1.1454050 -0.0231000
v -0.0426750 -1.1464850 -0.0176750
v -0.0426750 -0.8464905 -0.0176750
v -0.0345750 -0.8454133 -0.0231000
v -0.0250000 -1.1450275 -0.0250000
v -0.0345750 -1.1454050 -0.0231000
v -0.0345750 -0.8454133 -0.0231000
v -0.0250000 -0.8450360 -0.0250000
v -0.0345750 -1.0776250 0.2158288
v -0.0250000 -1.0765650 0.2174153
v -0.0250000 -0.8211890 0.0699693
v -0.0345750 -0.8222503 0.0683835
v -0.0345750 -0.8222503 0.0683835
v -0.0426750 -0.8252720 0.0638683
v -0.0426750 -1.0806500 0.2113027
v -0.0345750 -1.0776250 0.2158288
v -0.0481000 -1.0851650 0.2045447
v -0.0426750 -1.0806500 0.2113027
v -0.0426750 -0.8252720 0.0638683
v -0.0481000 -0.8297983 0.0571050
v -0.0500000 -1.0904825 0.1965835
v -0.0481000 -1.0851650 0.2045447
v -0.0481000 -0.8297983 0.0571050
v -0.0500000 -0.8351238 0.0491475
v -0.0481000 -1.0958075 0.1886130
v -0.0500000 -1.0904825 0.1965835
v -0.0500000 -0.8351238 0.0491475
v -0.0481000 -0.8404495 0.0411898
v -0.0457618 -0.8424000 0.0382750
v -0.0426750 -0.8433505 0.0334878
v -0.0426750 -1.1003225 0.1818550
v -0.0481000 -1.0958075 0.1886130
v -0.0481000 -1.0958075 0.1886130
v -0.0481000 -0.8404495 0.0411898
v -0.0457618 -0.8424000 0.0382750
v -0.0345750 -1.1033400 0.1773385
v -0.0426750 -1.1003225 0.1818550
v -0.0426750 -0.8433505 0.0334878
v -0.0345750 -0.8444655 0.0278728
v -0.0345750 -0.8444655 0.0278728
v -0.0250000 -0.8448573 0.0259003
v -0.0250000 -1.1044000 0.1757520
v -0.0345750 -1.1033400 0.1773385
v -0.0345750 -0.9273385 0.3533400
v -0.0250000 -0.9257520 0.3544000
v -0.0250000 -0.7759003 0.0948573
v -0.0345750 -0.7778728 0.0944655
v -0.0426750 -0.9318550 0.3503225
v -0.0345750 -0.9273385 0.3533400
v -0.0345750 -0.7778728 0.0944655
v -0.0426750 -0.7834878 0.0933505
v -0.0457625 -0.7882750 0.0924000
v -0.0481000 -0.7911898 0.0904495
v -0.0481000 -0.9386130 0.3458075
v -0.0426750 -0.9318550 0.3503225
v -0.0426750 -0.9318550 0.3503225
v -0.0426750 -0.7834878 0.0933505
v -0.0457625 -0.7882750 0.0924000
v -0.0500000 -0.9465835 0.3404825
v -0.0481000 -0.9386130 0.3458075
v -0.0481000 -0.7911898 0.0904495
v -0.0500000 -0.7991475 0.0851237
v -0.0481000 -0.9545448 0.3351650
v -0.0500000 -0.9465835 0.3404825
v -0.0500000 -0.7991475 0.0851237
v -0.0481000 -0.8071050 0.0797983
v -0.0426750 -0.9613027 0.3306500
v -0.0481000 -0.9545448 0.3351650
v -0.0481000 -0.8071050 0.0797983
v -0.0426750 -0.8138683 0.0752720
v -0.0426750 -0.8138683 0.0752720
v -0.0345750 -0.8183835 0.0722503
v -0.0345750 -0.9658288 0.3276250
v -0.0426750 -0.9613027 0.3306500
v -0.0250000 -0.9674153 0.3265650
v -0.0345750 -0.9658288 0.3276250
v -0.0345750 -0.8183835 0.0722503
v -0.0250000 -0.8199692 0.0711890
v -0.0250000 -0.7250000 0.0950360
v -0.0345750 -0.7269000 0.0954133
v -0.0345750 -0.7269000 0.3954050
v -0.0250000 -0.7250000 0.3950275
v -0.0426750 -0.7323250 0.3964850
v -0.0345750 -0.7269000 0.3954050
v -0.0345750 -0.7269000 0.0954133
v -0.0426750 -0.7323250 0.0964905
v -0.0481000 -0.7404250 0.3980950
v -0.0426750 -0.7323250 0.3964850
v -0.0426750 -0.7323250 0.0964905
v -0.0481000 -0.7404250 0.0980988
v -0.0500000 -0.7500000 0.4000000
v -0.0481000 -0.7404250 0.3980950
v -0.0481000 -0.7404250 0.0980988
v -0.0500000 -0.7500000 0.1000000
v -0.0481000 -0.7595750 0.3980950
v -0.0500000 -0.7500000 0.4000000
v -0.0500000 -0.7500000 0.1000000
v -0.0481000 -0.7595750 0.0980988
v -0.0426750 -0.7676750 0.3964850
v -0.0481000 -0.7595750 0.3980950
v -0.0481000 -0.7595750 0.0980988
v -0.0426750 -0.7676750 0.0964905
v -0.0345750 -0.7731000 0.3954050
v -0.0426750 -0.7676750 0.3964850
v -0.0426750 -0.7676750 0.0964905
v -0.0345750 -0.7731000 0.0954133
v -0.0250000 -0.7750000 0.3950275
v -0.0345750 -0.7731000 0.3954050
v -0.0345750 -0.7731000 0.0954133
v -0.0250000 -0.7750000 0.0950360
v -0.0345750 -0.5341712 0.3276250
v -0.0250000 -0.5325848 0.3265650
v -0.0250000 -0.6800308 0.0711890
v -0.0345750 -0.6816165 0.0722503
v -0.0345750 -0.6816165 0.0722503
v -0.0426750 -0.6861318 0.0752720
v -0.0426750 -0.5386973 0.3306500
v -0.0345750 -0.5341712 0.3276250
v -0.0481000 -0.5454553 0.3351650
v -0.0426750 -0.5386973 0.3306500
v -0.0426750 -0.6861318 0.0752720
v -0.0481000 -0.6928950 0.0797983
v -0.0500000 -0.5534165 0.3404825
v -0.0481000 -0.5454553 0.3351650
v -0.0481000 -0.6928950 0.0797983
v -0.0500000 -0.7008525 0.0851237
v -0.0481000 -0.5613870 0.3458075
v -0.0500000 -0.5534165 0.3404825
v -0.0500000 -0.7008525 0.0851237
v -0.0481000 -0.7088102 0.0904495
v -0.0457618 -0.7117250 0.0924000
v -0.0426750 -0.7165123 0.0933505
v -0.0426750 -0.5681450 0.3503225
v -0.0481000 -0.5613870 0.3458075
v -0.0481000 -0.5613870 0.3458075
v -0.0481000 -0.7088102 0.0904495
v -0.0457618 -0.7117250 0.0924000
v -0.0345750 -0.5726615 0.3533400
v -0.0426750 -0.5681450 0.3503225
v -0.0426750 -0.7165123 0.0933505
v -0.0345750 -0.7221272 0.0944655
v -0.0345750 -0.7221272 0.0944655
v -0.0250000 -0.7240998 0.0948573
v -0.0250000 -0.5742480 0.3544000
v -0.0345750 -0.5726615 0.3533400
v -0.0345750 -0.3966600 0.1773385
v -0.0250000 -0.3956000 0.1757520
v -0.0250000 -0.6551427 0.0259003
v -0.0345750 -0.6555345 0.0278728
v -0.0426750 -0.3996775 0.1818550
v -0.0345750 -0.3966600 0.1773385
v -0.0345750 -0.6555345 0.0278728
v -0.0426750 -0.6566495 0.0334878
v -0.0457625 -0.6576000 0.0382750
v -0.0481000 -0.6595505 0.0411898
v -0.0481000 -0.4041925 0.1886130
v -0.0426750 -0.3996775 0.1818550
v -0.0426750 -0.3996775 0.1818550
v -0.0426750 -0.6566495 0.0334878
v -0.0457625 -0.6576000 0.0382750
v -0.0500000 -0.4095175 0.1965835
v -0.0481000 -0.4041925 0.1886130
v -0.0481000 -0.6595505 0.0411898
v -0.0500000 -0.6648763 0.0491475
v -0.0481000 -0.4148350 0.2045447
v -0.0500000 -0.4095175 0.1965835
v -0.0500000 -0.6648763 0.0491475
v -0.0481000 -0.6702018 0.0571050
v -0.0426750 -0.4193500 0.2113027
v -0.0481000 -0.4148350 0.2045447
v -0.0481000 -0.6702018 0.0571050
v -0.0426750 -0.6747280 0.0638683
v -0.0426750 -0.6747280 0.0638683
v -0.0345750 -0.6777498 0.0683835
v -0.0345750 -0.4223750 0.2158288
v -0.0426750 -0.4193500 0.2113027
v -0.0250000 -0.4234350 0.2174153
v -0.0345750 -0.4223750 0.2158288
v -0.0345750 -0.6777498 0.0683835
v -0.0250000 -0.6788110 0.0699693
v 0.0250000 -0.6549640 0.0250000
v 0.0345750 -0.6545867 0.0231000
v 0.0345750 -0.3545950 0.0231000
v 0.0250000 -0.3549725 0.0250000
v 0.0426750 -0.3535150 0.0176750
v 0.0345750 -0.3545950 0.0231000
v 0.0345750 -0.6545867 0.0231000
v 0.0426750 -0.6535095 0.0176750
v 0.0481000 -0.3519050 0.0095750
v 0.0426750 -0.3535150 0.0176750
v 0.0426750 -0.6535095 0.0176750
v 0.0481000 -0.6519012 0.0095750
v 0.0500000 -0.3500000 0.0000000
v 0.0481000 -0.3519050 0.0095750
v 0.0481000 -0.6519012 0.0095750
v 0.0500000 -0.6500000 0.0000000
v 0.0481000 -0.3519050 -0.0095750
v 0.0500000 -0.3500000 0.0000000
v 0.0500000 -0.6500000 0.0000000
v 0.0481000 -0.6519012 -0.0095750
v 0.0426750 -0.3535150 -0.0176750
v 0.0481000 -0.3519050 -0.0095750
v 0.0481000 -0.6519012 -0.0095750
v 0.0426750 -0.6535095 -0.0176750
v 0.0345750 -0.3545950 -0.0231000
v 0.0426750 -0.3535150 -0.0176750
v 0.0426750 -0.6535095 -0.0176750
v 0.0345750 -0.6545867 -0.0231000
v 0.0250000 -0.3549725 -0.0250000
v 0.0345750 -0.3545950 -0.0231000
v 0.0345750 -0.6545867 -0.0231000
v 0.0250000 -0.6549640 -0.0250000
v 0.0345750 -0.4223750 0.2158288
v 0.0250000 -0.4234350 0.2174153
v 0.0250000 -0.6788110 0.0699693
v 0.0345750 -0.6777498 0.0683835
v 0.0345750 -0.6777498 0.0683835
v 0.0426750 -0.6747280 0.0638683
v 0.0426750 -0.4193500 0.2113027
v 0.0345750 -0.4223750 0.2158288
v 0.0481000 -0.4148350 0.2045447
v 0.0426750 -0.4193500 0.2113027
v 0.0426750 -0.6747280 0.0638683
v 0.0481000 -0.6702018 0.0571050
v 0.0500000 -0.4095175 0.1965835
v 0.0481000 -0.4148350 0.2045447
v 0.0481000 -0.6702018 0.0571050
v 0.0500000 -0.6648763 0.0491475
v 0.0481000 -0.4041925 0.1886130
v 0.0500000 -0.4095175 0.1965835
v 0.0500000 -0.6648763 0.0491475
v 0.0481000 -0.6595505 0.0411898
v 0.0457618 -0.6576000 0.0382750
v 0.0426750 -0.6566495 0.0334878
v 0.0426750 -0.3996775 0.1818550
v 0.0481000 -0.4041925 0.1886130
v 0.0481000 -0.4041925 0.1886130
v 0.0481000 -0.6595505 0.0411898
v 0.0457618 -0.6576000 0.0382750
v 0.0345750 -0.3966600 0.1773385
v 0.0426750 -0.3996775 0.1818550
v 0.0426750 -0.6566495 0.0334878
v 0.0345750 -0.6555345 0.0278728
v 0.0345750 -0.6555345 0.0278728
v 0.0250000 -0.6551427 0.0259003
v 0.0250000 -0.3956000 0.1757520
v 0.0345750 -0.3966600 0.1773385
v 0.0345750 -0.5726615 0.3533400
v 0.0250000 -0.5742480 0.3544000
v 0.0250000 -0.7240998 0.0948573
v 0.0345750 -0.7221272 0.0944655
v 0.0426750 -0.5681450 0.3503225
v 0.0345750 -0.5726615 0.3533400
v 0.0345750 -0.7221272 0.0944655
v 0.0426750 -0.7165123 0.0933505
v 0.0457625 -0.7117250 0.0924000
v 0.0481000 -0.7088102 0.0904495
v 0.0481000 -0.5613870 0.3458075
v 0.0426750 -0.5681450 0.3503225
v 0.0426750 -0.5681450 0.3503225
v 0.0426750 -0.7165123 0.0933505
v 0.0457625 -0.7117250 0.0924000
v 0.0500000 -0.5534165 0.3404825
v 0.0481000 -0.5613870 0.3458075
v 0.0481000 -0.7088102 0.0904495
v 0.0500000 -0.7008525 0.0851237
v 0.0481000 -0.5454553 0.3351650
v 0.0500000 -0.5534165 0.3404825
v 0.0500000 -0.7008525 0.0851237
v 0.0481000 -0.6928950 0.0797983
v 0.0426750 -0.5386973 0.3306500
v 0.0481000 -0.5454553 0.3351650
v 0.0481000 -0.6928950 0.0797983
v 0.0426750 -0.6861318 0.0752720
v 0.0426750 -0.6861318 0.0752720
v 0.0345750 -0.6816165 0.0722503
v 0.0345750 -0.5341712 0.3276250
v 0.0426750 -0.5386973 0.3306500
v 0.0250000 -0.5325848 0.3265650
v 0.0345750 -0.5341712 0.3276250
v 0.0345750 -0.6816165 0.0722503
v 0.0250000 -0.6800308 0.0711890
v 0.0250000 -0.7750000 0.0950360
v 0.0345750 -0.7731000 0.0954133
v 0.0345750 -0.7731000 0.3954050
v 0.0250000 -0.7750000 0.3950275
v 0.0426750 -0.7676750 0.3964850
v 0.0345750 -0.7731000 0.3954050
v 0.0345750 -0.7731000 0.0954133
v 0.0426750 -0.7676750 0.0964905
v 0.0481000 -0.7595750 0.3980950
v 0.0426750 -0.7676750 0.3964850
v 0.0426750 -0.7676750 0.0964905
v 0.0481000 -0.7595750 0.0980988
v 0.0500000 -0.7500000 0.4000000
v 0.0481000 -0.7595750 0.3980950
v 0.0481000 -0.7595750 0.0980988
v 0.0500000 -0.7500000 0.1000000
v 0.0481000 -0.7404250 0.3980950
v 0.0500000 -0.7500000 0.4000000
v 0.0500000 -0.7500000 0.1000000
v 0.0481000 -0.7404250 0.0980988
v 0.0426750 -0.7323250 0.3964850
v 0.0481000 -0.7404250 0.3980950
v 0.0481000 -0.7404250 0.0980988
v 0.0426750 -0.7323250 0.0964905
v 0.0345750 -0.7269000 0.3954050
v 0.0426750 -0.7323250 0.3964850
v 0.0426750 -0.7323250 0.0964905
v 0.0345750 -0.7269000 0.0954133
v 0.0250000 -0.7250000 0.3950275
v 0.0345750 -0.7269000 0.3954050
v 0.0345750 -0.7269000 0.0954133
v 0.0250000 -0.7250000 0.0950360
v 0.0345750 -0.9658288 0.3276250
v 0.0250000 -0.9674153 0.3265650
v 0.0250000 -0.8199692 0.0711890
v 0.0345750 -0.8183835 0.0722503
v 0.0345750 -0.8183835 0.0722503
v 0.0426750 -0.8138683 0.0752720
v 0.0426750 -0.9613027 0.3306500
v 0.0345750 -0.9658288 0.3276250
v 0.0481000 -0.9545448 0.3351650
v 0.0426750 -0.9613027 0.3306500
v 0.0426750 -0.8138683 0.0752720
v 0.0481000 -0.8071050 0.0797983
v 0.0500000 -0.9465835 0.3404825
v 0.0481000 -0.9545448 0.3351650
v 0.0481000 -0.8071050 0.0797983
v 0.0500000 -0.7991475 0.0851237
v 0.0481000 -0.9386130 0.3458075
v 0.0500000 -0.9465835 0.3404825
v 0.0500000 -0.7991475 0.0851237
v 0.0481000 -0.7911898 0.0904495
v 0.0457618 -0.7882750 0.0924000
v 0.0426750 -0.7834878 0.0933505
v 0.0426750 -0.9318550 0.3503225
v 0.0481000 -0.9386130 0.3458075
v 0.0481000 -0.9386130 0.3458075
v 0.0481000 -0.7911898 0.0904495
v 0.0457618 -0.7882750 0.0924000
v 0.0345750 -0.9273385 0.3533400
v 0.0426750 -0.9318550 0.3503225
v 0.0426750 -0.7834878 0.0933505
v 0.0345750 -0.7778728 0.0944655
v 0.0345750 -0.7778728 0.0944655
v 0.0250000 -0.7759003 0.0948573
v 0.0250000 -0.9257520 0.3544000
v 0.0345750 -0.9273385 0.3533400
v 0.0345750 -1.1033400 0.1773385
v 0.0250000 -1.1044000 0.1757520
v 0.0250000 -0.8448573 0.0259003
v 0.0345750 -0.8444655 0.0278728
v 0.0426750 -1.1003225 0.1818550
v 0.0345750 -1.1033400 0.1773385
v 0.0345750 -0.8444655 0.0278728
v 0.0426750 -0.8433505 0.0334878
v 0.0457625 -0.8424000 0.0382750
v 0.0481000 -0.8404495 0.0411898
v 0.0481000 -1.0958075 0.1886130
v 0.0426750 -1.1003225 0.1818550
v 0.0426750 -1.1003225 0.1818550
v 0.0426750 -0.8433505 0.0334878
v 0.0457625 -0.8424000 0.0382750
v 0.0500000 -1.0904825 0.1965835
v 0.0481000 -1.0958075 0.1886130
v 0.0481000 -0.8404495 0.0411898
v 0.0500000 -0.8351238 0.0491475
v 0.0481000 -1.0851650 0.2045447
v 0.0500000 -1.0904825 0.1965835
v 0.0500000 -0.8351238 0.0491475
v 0.0481000 -0.8297983 0.0571050
v 0.0426750 -1.0806500 0.2113027
v 0.0481000 -1.0851650 0.2045447
v 0.0481000 -0.8297983 0.0571050
v 0.0426750 -0.8252720 0.0638683
v 0.0426750 -0.8252720 0.0638683
v 0.0345750 -0.8222503 0.0683835
v 0.0345750 -1.0776250 0.2158288
v 0.0426750 -1.0806500 0.2113027
v 0.0250000 -1.0765650 0.2174153
v 0.0345750 -1.0776250 0.2158288
v 0.0345750 -0.8222503 0.0683835
v 0.0250000 -0.8211890 0.0699693
v 0.0250000 -0.8450360 -0.0250000
v 0.0345750 -0.8454133 -0.0231000
v 0.0345750 -1.1454050 -0.0231000
v 0.0250000 -1.1450275 -0.0250000
v 0.0426750 -1.1464850 -0.0176750
v 0.0345750 -1.1454050 -0.0231000
v 0.0345750 -0.8454133 -0.0231000
v 0.0426750 -0.8464905 -0.0176750
v 0.0481000 -1.1480950 -0.0095750
v 0.0426750 -1.1464850 -0.0176750
v 0.0426750 -0.8464905 -0.0176750
v 0.0481000 -0.8480988 -0.0095750
v 0.0500000 -1.1500000 0.0000000
v 0.0481000 -1.1480950 -0.0095750
v 0.0481000 -0.8480988 -0.0095750
v 0.0500000 -0.8500000 0.0000000
v 0.0481000 -1.1480950 0.0095750
v 0.0500000 -1.1500000 0.0000000
v 0.0500000 -0.8500000 0.0000000
v 0.0481000 -0.8480988 0.0095750
v 0.0426750 -1.1464850 0.0176750
v 0.0481000 -1.1480950 0.0095750
v 0.0481000 -0.8480988 0.0095750
v 0.0426750 -0.8464905 0.0176750
v 0.0345750 -1.1454050 0.0231000
v 0.0426750 -1.1464850 0.0176750
v 0.0426750 -0.8464905 0.0176750
v 0.0345750 -0.8454133 0.0231000
v 0.0250000 -1.1450275 0.0250000
v 0.0345750 -1.1454050 0.0231000
v 0.0345750 -0.8454133 0.0231000
v 0.0250000 -0.8450360 0.0250000
v 0.0345750 -1.0776250 -0.2158288
v 0.0250000 -1.0765650 -0.2174153
v 0.0250000 -0.8211890 -0.0699693
v 0.0345750 -0.8222503 -0.0683835
v 0.0345750 -0.8222503 -0.0683835
v 0.0426750 -0.8252720 -0.0638683
v 0.0426750 -1.0806500 -0.2113027
v 0.0345750 -1.0776250 -0.2158288
v 0.0481000 -1.0851650 -0.2045447
v 0.0426750 -1.0806500 -0.2113027
v 0.0426750 -0.8252720 -0.0638683
v 0.0481000 -0.8297983 -0.0571050
v 0.0500000 -1.0904825 -0.1965835
v 0.0481000 -1.0851650 -0.2045447
v 0.0481000 -0.8297983 -0.0571050
v 0.0500000 -0.8351238 -0.0491475
v 0.0481000 -1.0958075 -0.1886130
v 0.0500000 -1.0904825 -0.1965835
v 0.0500000 -0.8351238 -0.0491475
v 0.0481000 -0.8404495 -0.0411898
v 0.0457618 -0.8424000 -0.0382750
v 0.0426750 -0.8433505 -0.0334878
v 0.0426750 -1.1003225 -0.1818550
v 0.0481000 -1.0958075 -0.1886130
v 0.0481000 -1.0958075 -0.1886130
v 0.0481000 -0.8404495 -0.0411898
v 0.0457618 -0.8424000 -0.0382750
v 0.0345750 -1.1033400 -0.1773385
v 0.0426750 -1.1003225 -0.1818550
v 0.0426750 -0.8433505 -0.0334878
v 0.0345750 -0.8444655 -0.0278728
v 0.0345750 -0.8444655 -0.0278728
v 0.0250000 -0.8448573 -0.0259003
v 0.0250000 -1.1044000 -0.1757520
v 0.0345750 -1.1033400 -0.1773385
v 0.0345750 -0.9273385 -0.3533400
v 0.0250000 -0.9257520 -0.3544000
v 0.0250000 -0.7759003 -0.0948573
v 0.0345750 -0.7778728 -0.0944655
v 0.0426750 -0.9318550 -0.3503225
v 0.0345750 -0.9273385 -0.3533400
v 0.0345750 -0.7778728 -0.0944655
v 0.0426750 -0.7834878 -0.0933505
v 0.0457625 -0.7882750 -0.0924000
v 0.0481000 -0.7911898 -0.0904495
v 0.0481000 -0.9386130 -0.3458075
v 0.0426750 -0.9318550 -0.3503225
v 0.0426750 -0.9318550 -0.3503225
v 0.0426750 -0.7834878 -0.0933505
v 0.0457625 -0.7882750 -0.0924000
v 0.0500000 -0.9465835 -0.3404825
v 0.0481000 -0.9386130 -0.3458075
v 0.0481000 -0.7911898 -0.0904495
v 0.0500000 -0.7991475 -0.0851237
v 0.0481000 -0.9545448 -0.3351650
v 0.0500000 -0.9465835 -0.3404825
v 0.0500000 -0.7991475 -0.0851237
v 0.0481000 -0.8071050 -0.0797983
v 0.0426750 -0.9613027 -0.3306500
v 0.0481000 -0.9545448 -0.3351650
v 0.0481000 -0.8071050 -0.0797983
v 0.0426750 -0.8138683 -0.0752720
v 0.0426750 -0.8138683 -0.0752720
v 0.0345750 -0.8183835 -0.0722503
v 0.0345750 -0.9658288 -0.3276250
v 0.0426750 -0.9613027 -0.3306500
v 0.0250000 -0.9674153 -0.3265650
v 0.0345750 -0.9658288 -0.3276250
v 0.0345750 -0.8183835 -0.0722503
v 0.0250000 -0.8199692 -0.0711890
v 0.0250000 -0.7250000 -0.0950360
v 0.0345750 -0.7269000 -0.0954133
v 0.0345750 -0.7269000 -0.3954050
v 0.0250000 -0.7250000 -0.3950275
v 0.0426750 -0.7323250 -0.3964850
v 0.0345750 -0.7269000 -0.3954050
v 0.0345750 -0.7269000 -0.0954133
v 0.0426750 -0.7323250 -0.0964905
v 0.0481000 -0.7404250 -0.3980950
v 0.0426750 -0.7323250 -0.3964850
v 0.0426750 -0.7323250 -0.0964905
v 0.0481000 -0.7404250 -0.0980988
v 0.0500000 -0.7500000 -0.4000000
v 0.0481000 -0.7404250 -0.3980950
v 0.0481000 -0.7404250 -0.0980988
v 0.0500000 -0.7500000 -0.1000000
v 0.0481000 -0.7595750 -0.3980950
v 0.0500000 -0.7500000 -0.4000000
v 0.0500000 -0.7500000 -0.1000000
v 0.0481000 -0.7595750 -0.0980988
v 0.0426750 -0.7676750 -0.3964850
v 0.0481000 -0.7595750 -0.3980950
v 0.0481000 -0.7595750 -0.0980988
v 0.0426750 -0.7676750 -0.0964905
v 0.0345750 -0.7731000 -0.3954050
v 0.0426750 -0.7676750 -0.3964850
v 0.0426750 -0.7676750 -0.0964905
v 0.0345750 -0.7731000 -0.0954133
v 0.0250000 -0.7750000 -0.3950275
v 0.0345750 -0.7731000 -0.3954050
v 0.0345750 -0.7731000 -0.0954133
v 0.0250000 -0.7750000 -0.0950360
v 0.0345750 -0.5341712 -0.3276250
v 0.0250000 -0.5325848 -0.3265650
v 0.0250000 -0.6800308 -0.0711890
v 0.0345750 -0.6816165 -0.0722503
v 0.0345750 -0.6816165 -0.0722503
v 0.0426750 -0.6861318 -0.0752720
v 0.0426750 -0.5386973 -0.3306500
v 0.0345750 -0.5341712 -0.3276250
v 0.0481000 -0.5454553 -0.3351650
v 0.0426750 -0.5386973 -0.3306500
v 0.0426750 -0.6861318 -0.0752720
v 0.0481000 -0.6928950 -0.0797983
v 0.0500000 -0.5534165 -0.3404825
v 0.0481000 -0.5454553 -0.3351650
v 0.0481000 -0.6928950 -0.0797983
v 0.0500000 -0.7008525 -0.0851237
v 0.0481000 -0.5613870 -0.3458075
v 0.0500000 -0.5534165 -0.3404825
v 0.0500000 -0.7008525 -0.0851237
v 0.0481000 -0.7088102 -0.0904495
v 0.0457618 -0.7117250 -0.0924000
v 0.0426750 -0.7165123 -0.0933505
v 0.0426750 -0.5681450 -0.3503225
v 0.0481000 -0.5613870 -0.3458075
v 0.0481000 -0.5613870 -0.3458075
v 0.0481000 -0.7088102 -0.0904495
v 0.0457618 -0.7117250 -0.0924000
v 0.0345750 -0.5726615 -0.3533400
v 0.0426750 -0.5681450 -0.3503225
v 0.0426750 -0.7165123 -0.0933505
v 0.0345750 -0.7221272 -0.0944655
v 0.0345750 -0.7221272 -0.0944655
v 0.0250000 -0.7240998 -0.0948573
v 0.0250000 -0.5742480 -0.3544000
v 0.0345750 -0.5726615 -0.3533400
v 0.0345750 -0.3966600 -0.1773385
v 0.0250000 -0.3956000 -0.1757520
v 0.0250000 -0.6551427 -0.0259003
v 0.0345750 -0.6555345 -0.0278728
v 0.0426750 -0.3996775 -0.1818550
v 0.0345750 -0.3966600 -0.1773385
v 0.0345750 -0.6555345 -0.0278728
v 0.0426750 -0.6566495 -0.0334878
v 0.0457625 -0.6576000 -0.0382750
v 0.0481000 -0.6595505 -0.0411898
v 0.0481000 -0.4041925 -0.1886130
v 0.0426750 -0.3996775 -0.1818550
v 0.0426750 -0.3996775 -0.1818550
v 0.0426750 -0.6566495 -0.0334878
v 0.0457625 -0.6576000 -0.0382750
v 0.0500000 -0.4095175 -0.1965835
v 0.0481000 -0.4041925 -0.1886130
v 0.0481000 -0.6595505 -0.0411898
v 0.0500000 -0.6648763 -0.0491475
v 0.0481000 -0.4148350 -0.2045447
v 0.0500000 -0.4095175 -0.1965835
v 0.0500000 -0.6648763 -0.0491475
v 0.0481000 -0.6702018 -0.0571050
v 0.0426750 -0.4193500 -0.2113027
v 0.0481000 -0.4148350 -0.2045447
v 0.0481000 -0.6702018 -0.0571050
v 0.0426750 -0.6747280 -0.0638683
v 0.0426750 -0.6747280 -0.0638683
v 0.0345750 -0.6777498 -0.0683835
v 0.0345750 -0.4223750 -0.2158288
v 0.0426750 -0.4193500 -0.2113027
v 0.0250000 -0.4234350 -0.2174153
v 0.0345750 -0.4223750 -0.2158288
v 0.0345750 -0.6777498 -0.0683835
v 0.0250000 -0.6788110 -0.0699693
v 0.0593750 -0.2620000 -2.1500000
v 0.0593750 -0.2720000 -2.1500000
v 0.0593750 -0.2882500 -2.2737500
v 0.0593750 -0.2785000 -2.2763250
v -0.0593750 -0.2720000 -2.1500000
v -0.0593750 -0.2620000 -2.1500000
v -0.0593750 -0.2785000 -2.2763250
v -0.0593750 -0.2882500 -2.2737500
v -0.0593750 -0.2882500 -2.2737500
v -0.0093750 -0.3365000 -2.2608000
v -0.0093750 -0.3220000 -2.1500000
v -0.0593750 -0.2720000 -2.1500000
v 0.0093750 -0.3220000 -2.1500000
v -0.0093750 -0.3220000 -2.1500000
v -0.0093750 -0.3365000 -2.2608000
v 0.0093750 -0.3365000 -2.2608000
v -0.0463500 -0.2567500 -2.2821500
v -0.0593750 -0.2785000 -2.2763250
v -0.0593750 -0.2620000 -2.1500000
v -0.0463500 -0.2392500 -2.1500000
v -0.0253250 -0.2422500 -2.2860500
v -0.0463500 -0.2567500 -2.2821500
v -0.0463500 -0.2392500 -2.1500000
v -0.0253250 -0.2245000 -2.1500000
v -0.0253250 -0.2245000 -2.1500000
v 0.0000000 -0.2187500 -2.1500000
v 0.0000000 -0.2367500 -2.2875000
v -0.0253250 -0.2422500 -2.2860500
v 0.0463750 -0.2392500 -2.1500000
v 0.0593750 -0.2620000 -2.1500000
v 0.0593750 -0.2785000 -2.2763250
v 0.0463750 -0.2567500 -2.2821500
v 0.0253500 -0.2245000 -2.1500000
v 0.0463750 -0.2392500 -2.1500000
v 0.0463750 -0.2567500 -2.2821500
v 0.0253500 -0.2422500 -2.2860500
v 0.0593750 -0.2720000 -2.1500000
v 0.0093750 -0.3220000 -2.1500000
v 0.0093750 -0.3365000 -2.2608000
v 0.0593750 -0.2882500 -2.2737500
v 0.0000000 -0.2187500 -2.1500000
v 0.0253500 -0.2245000 -2.1500000
v 0.0253500 -0.2422500 -2.2860500
v 0.0000000 -0.2367500 -2.2875000
v 0.0593750 -0.2786408 -2.0237056
v 0.0593750 -0.2882998 -2.0262936
v 0.0593750 -0.2719692 -2.1500292
v 0.0593750 -0.2618852 -2.1499931
v -0.0593750 -0.2882998 -2.0262936
v -0.0593750 -0.2786408 -2.0237056
v -0.0593750 -0.2618852 -2.1499931
v -0.0593750 -0.2719692 -2.1500292
v -0.0593750 -0.2719692 -2.1500292
v -0.0093750 -0.3219253 -2.1500079
v -0.0093750 -0.3365948 -2.0392336
v -0.0593750 -0.2882998 -2.0262936
v 0.0093750 -0.3365948 -2.0392336
v -0.0093750 -0.3365948 -2.0392336
v -0.0093750 -0.3219253 -2.1500079
v 0.0093750 -0.3219253 -2.1500079
v -0.0463500 -0.2393694 -2.1499906
v -0.0593750 -0.2618852 -2.1499931
v -0.0593750 -0.2786408 -2.0237056
v -0.0463500 -0.2566666 -2.0178179
v -0.0253250 -0.2243545 -2.1500050
v -0.0463500 -0.2393694 -2.1499906
v -0.0463500 -0.2566666 -2.0178179
v -0.0253250 -0.2424196 -2.0140006
v -0.0253250 -0.2424196 -2.0140006
v 0.0000000 -0.2368656 -2.0125125
v 0.0000000 -0.2186668 -2.1499822
v -0.0253250 -0.2243545 -2.1500050
v 0.0463750 -0.2566666 -2.0178179
v 0.0593750 -0.2786408 -2.0237056
v 0.0593750 -0.2618852 -2.1499931
v 0.0463750 -0.2393694 -2.1499906
v 0.0253500 -0.2424196 -2.0140006
v 0.0463750 -0.2566666 -2.0178179
v 0.0463750 -0.2393694 -2.1499906
v 0.0253500 -0.2243545 -2.1500050
v 0.0593750 -0.2882998 -2.0262936
v 0.0093750 -0.3365948 -2.0392336
v 0.0093750 -0.3219253 -2.1500079
v 0.0593750 -0.2719692 -2.1500292
v 0.0000000 -0.2368656 -2.0125125
v 0.0253500 -0.2424196 -2.0140006
v 0.0253500 -0.2243545 -2.1500050
v 0.0000000 -0.2186668 -2.1499822
v 0.0593750 -0.3273920 -1.9060000
v 0.0593750 -0.3360520 -1.9110000
v 0.0593750 -0.2882495 -2.0262925
v 0.0593750 -0.2785185 -2.0236474
v -0.0593750 -0.3360520 -1.9110000
v -0.0593750 -0.3273920 -1.9060000
v -0.0593750 -0.2785185 -2.0236474
v -0.0593750 -0.2882495 -2.0262925
v -0.0593750 -0.2882495 -2.0262925
v -0.0093750 -0.3365090 -2.0392028
v -0.0093750 -0.3793520 -1.9360000
v -0.0593750 -0.3360520 -1.9110000
v 0.0093750 -0.3793520 -1.9360000
v -0.0093750 -0.3793520 -1.9360000
v -0.0093750 -0.3365090 -2.0392028
v 0.0093750 -0.3365090 -2.0392028
v -0.0463500 -0.2567705 -2.0178169
v -0.0593750 -0.2785185 -2.0236474
v -0.0593750 -0.3273920 -1.9060000
v -0.0463500 -0.3076905 -1.8946250
v -0.0253250 -0.2422635 -2.0139443
v -0.0463500 -0.2567705 -2.0178169
v -0.0463500 -0.3076905 -1.8946250
v -0.0253250 -0.2949170 -1.8872500
v -0.0253250 -0.2949170 -1.8872500
v 0.0000000 -0.2899375 -1.8843750
v 0.0000000 -0.2367755 -2.0124500
v -0.0253250 -0.2422635 -2.0139443
v 0.0463750 -0.3076905 -1.8946250
v 0.0593750 -0.3273920 -1.9060000
v 0.0593750 -0.2785185 -2.0236474
v 0.0463750 -0.2567705 -2.0178169
v 0.0253500 -0.2949170 -1.8872500
v 0.0463750 -0.3076905 -1.8946250
v 0.0463750 -0.2567705 -2.0178169
v 0.0253500 -0.2422635 -2.0139443
v 0.0593750 -0.3360520 -1.9110000
v 0.0093750 -0.3793520 -1.9360000
v 0.0093750 -0.3365090 -2.0392028
v 0.0593750 -0.2882495 -2.0262925
v 0.0000000 -0.2899375 -1.8843750
v 0.0253500 -0.2949170 -1.8872500
v 0.0253500 -0.2422635 -2.0139443
v 0.0000000 -0.2367755 -2.0124500
v 0.0593750 -0.4049352 -1.8049352
v 0.0593750 -0.4120062 -1.8120062
v 0.0593750 -0.3359930 -1.9110002
v 0.0593750 -0.3272779 -1.9059268
v -0.0593750 -0.4120062 -1.8120062
v -0.0593750 -0.4049352 -1.8049352
v -0.0593750 -0.3272779 -1.9059268
v -0.0593750 -0.3359930 -1.9110002
v -0.0593750 -0.3359930 -1.9110002
v -0.0093750 -0.3792675 -1.9359608
v -0.0093750 -0.4473612 -1.8473612
v -0.0593750 -0.4120062 -1.8120062
v 0.0093750 -0.4473612 -1.8473612
v -0.0093750 -0.4473612 -1.8473612
v -0.0093750 -0.3792675 -1.9359608
v 0.0093750 -0.3792675 -1.9359608
v -0.0463500 -0.3077797 -1.8946662
v -0.0593750 -0.3272779 -1.9059268
v -0.0593750 -0.4049352 -1.8049352
v -0.0463500 -0.3888487 -1.7888487
v -0.0253250 -0.2947690 -1.8871709
v -0.0463500 -0.3077797 -1.8946662
v -0.0463500 -0.3888487 -1.7888487
v -0.0253250 -0.3784190 -1.7784190
v -0.0253250 -0.3784190 -1.7784190
v 0.0000000 -0.3743531 -1.7743531
v 0.0000000 -0.2898547 -1.8843072
v -0.0253250 -0.2947690 -1.8871709
v 0.0463750 -0.3888487 -1.7888487
v 0.0593750 -0.4049352 -1.8049352
v 0.0593750 -0.3272779 -1.9059268
v 0.0463750 -0.3077797 -1.8946662
v 0.0253500 -0.3784190 -1.7784190
v 0.0463750 -0.3888487 -1.7888487
v 0.0463750 -0.3077797 -1.8946662
v 0.0253500 -0.2947690 -1.8871709
v 0.0593750 -0.4120062 -1.8120062
v 0.0093750 -0.4473612 -1.8473612
v 0.0093750 -0.3792675 -1.9359608
v 0.0593750 -0.3359930 -1.9110002
v 0.0000000 -0.3743531 -1.7743531
v 0.0253500 -0.3784190 -1.7784190
v 0.0253500 -0.2947690 -1.8871709
v 0.0000000 -0.2898547 -1.8843072
v 0.0593750 -0.5060000 -1.7273920
v 0.0593750 -0.5110000 -1.7360520
v 0.0593750 -0.4119575 -1.8119995
v 0.0593750 -0.4048526 -1.8048435
v -0.0593750 -0.5110000 -1.7360520
v -0.0593750 -0.5060000 -1.7273920
v -0.0593750 -0.4048526 -1.8048435
v -0.0593750 -0.4119575 -1.8119995
v -0.0593750 -0.4119575 -1.8119995
v -0.0093750 -0.4472972 -1.8473090
v -0.0093750 -0.5360000 -1.7793520
v -0.0593750 -0.5110000 -1.7360520
v 0.0093750 -0.5360000 -1.7793520
v -0.0093750 -0.5360000 -1.7793520
v -0.0093750 -0.4472972 -1.8473090
v 0.0093750 -0.4472972 -1.8473090
v -0.0463500 -0.3889331 -1.7889205
v -0.0593750 -0.4048526 -1.8048435
v -0.0593750 -0.5060000 -1.7273920
v -0.0463500 -0.4946250 -1.7076905
v -0.0253250 -0.3783057 -1.7783135
v -0.0463500 -0.3889331 -1.7889205
v -0.0463500 -0.4946250 -1.7076905
v -0.0253250 -0.4872500 -1.6949170
v -0.0253250 -0.4872500 -1.6949170
v 0.0000000 -0.4843750 -1.6899375
v 0.0000000 -0.3743000 -1.7742755
v -0.0253250 -0.3783057 -1.7783135
v 0.0463750 -0.4946250 -1.7076905
v 0.0593750 -0.5060000 -1.7273920
v 0.0593750 -0.4048526 -1.8048435
v 0.0463750 -0.3889331 -1.7889205
v 0.0253500 -0.4872500 -1.6949170
v 0.0463750 -0.4946250 -1.7076905
v 0.0463750 -0.3889331 -1.7889205
v 0.0253500 -0.3783057 -1.7783135
v 0.0593750 -0.5110000 -1.7360520
v 0.0093750 -0.5360000 -1.7793520
v 0.0093750 -0.4472972 -1.8473090
v 0.0593750 -0.4119575 -1.8119995
v 0.0000000 -0.4843750 -1.6899375
v 0.0253500 -0.4872500 -1.6949170
v 0.0253500 -0.3783057 -1.7783135
v 0.0000000 -0.3743000 -1.7742755
v 0.0593750 -0.6237056 -1.6786408
v 0.0593750 -0.6262936 -1.6882998
v 0.0593750 -0.5109690 -1.7360222
v 0.0593750 -0.5059585 -1.7272711
v -0.0593750 -0.6262936 -1.6882998
v -0.0593750 -0.6237056 -1.6786408
v -0.0593750 -0.5059585 -1.7272711
v -0.0593750 -0.5109690 -1.7360222
v -0.0593750 -0.5109690 -1.7360222
v -0.0093750 -0.5359645 -1.7792754
v -0.0093750 -0.6392336 -1.7365948
v -0.0593750 -0.6262936 -1.6882998
v 0.0093750 -0.6392336 -1.7365948
v -0.0093750 -0.6392336 -1.7365948
v -0.0093750 -0.5359645 -1.7792754
v 0.0093750 -0.5359645 -1.7792754
v -0.0463500 -0.4947032 -1.7077702
v -0.0593750 -0.5059585 -1.7272711
v -0.0593750 -0.6237056 -1.6786408
v -0.0463500 -0.6178179 -1.6566666
v -0.0253250 -0.4871836 -1.6947740
v -0.0463500 -0.4947032 -1.7077702
v -0.0463500 -0.6178179 -1.6566666
v -0.0253250 -0.6140006 -1.6424196
v -0.0253250 -0.6140006 -1.6424196
v 0.0000000 -0.6125125 -1.6368656
v 0.0000000 -0.4843597 -1.6898368
v -0.0253250 -0.4871836 -1.6947740
v 0.0463750 -0.6178179 -1.6566666
v 0.0593750 -0.6237056 -1.6786408
v 0.0593750 -0.5059585 -1.7272711
v 0.0463750 -0.4947032 -1.7077702
v 0.0253500 -0.6140006 -1.6424196
v 0.0463750 -0.6178179 -1.6566666
v 0.0463750 -0.4947032 -1.7077702
v 0.0253500 -0.4871836 -1.6947740
v 0.0593750 -0.6262936 -1.6882998
v 0.0093750 -0.6392336 -1.7365948
v 0.0093750 -0.5359645 -1.7792754
v 0.0593750 -0.5109690 -1.7360222
v 0.0000000 -0.6125125 -1.6368656
v 0.0253500 -0.6140006 -1.6424196
v 0.0253500 -0.4871836 -1.6947740
v 0.0000000 -0.4843597 -1.6898368
v 0.0593750 -0.7500000 -1.6620000
v 0.0593750 -0.7500000 -1.6720000
v 0.0593750 -0.6262500 -1.6882500
v 0.0593750 -0.6236750 -1.6785000
v -0.0593750 -0.7500000 -1.6720000
v -0.0593750 -0.7500000 -1.6620000
v -0.0593750 -0.6236750 -1.6785000
v -0.0593750 -0.6262500 -1.6882500
v -0.0593750 -0.6262500 -1.6882500
v -0.0093750 -0.6392000 -1.7365000
v -0.0093750 -0.7500000 -1.7220000
v -0.0593750 -0.7500000 -1.6720000
v 0.0093750 -0.7500000 -1.7220000
v -0.0093750 -0.7500000 -1.7220000
v -0.0093750 -0.6392000 -1.7365000
v 0.0093750 -0.6392000 -1.7365000
v -0.0463500 -0.6178500 -1.6567500
v -0.0593750 -0.6236750 -1.6785000
v -0.0593750 -0.7500000 -1.6620000
v -0.0463500 -0.7500000 -1.6392500
v -0.0253250 -0.6139500 -1.6422500
v -0.0463500 -0.6178500 -1.6567500
v -0.0463500 -0.7500000 -1.6392500
v -0.0253250 -0.7500000 -1.6245000
v -0.0253250 -0.7500000 -1.6245000
v 0.0000000 -0.7500000 -1.6187500
v 0.0000000 -0.6125000 -1.6367500
v -0.0253250 -0.6139500 -1.6422500
v 0.0463750 -0.7500000 -1.6392500
v 0.0593750 -0.7500000 -1.6620000
v 0.0593750 -0.6236750 -1.6785000
v 0.0463750 -0.6178500 -1.6567500
v 0.0253500 -0.7500000 -1.6245000
v 0.0463750 -0.7500000 -1.6392500
v 0.0463750 -0.6178500 -1.6567500
v 0.0253500 -0.6139500 -1.6422500
v 0.0593750 -0.7500000 -1.6720000
v 0.0093750 -0.7500000 -1.7220000
v 0.0093750 -0.6392000 -1.7365000
v 0.0593750 -0.6262500 -1.6882500
v 0.0000000 -0.7500000 -1.6187500
v 0.0253500 -0.7500000 -1.6245000
v 0.0253500 -0.6139500 -1.6422500
v 0.0000000 -0.6125000 -1.6367500
v 0.0593750 -0.8762944 -1.6786408
v 0.0593750 -0.8737064 -1.6882998
v 0.0593750 -0.7499708 -1.6719692
v 0.0593750 -0.7500069 -1.6618852
v -0.0593750 -0.8737064 -1.6882998
v -0.0593750 -0.8762944 -1.6786408
v -0.0593750 -0.7500069 -1.6618852
v -0.0593750 -0.7499708 -1.6719692
v -0.0593750 -0.7499708 -1.6719692
v -0.0093750 -0.7499921 -1.7219253
v -0.0093750 -0.8607664 -1.7365948
v -0.0593750 -0.8737064 -1.6882998
v 0.0093750 -0.8607664 -1.7365948
v -0.0093750 -0.8607664 -1.7365948
v -0.0093750 -0.7499921 -1.7219253
v 0.0093750 -0.7499921 -1.7219253
v -0.0463500 -0.7500094 -1.6393694
v -0.0593750 -0.7500069 -1.6618852
v -0.0593750 -0.8762944 -1.6786408
v -0.0463500 -0.8821821 -1.6566666
v -0.0253250 -0.7499950 -1.6243545
v -0.0463500 -0.7500094 -1.6393694
v -0.0463500 -0.8821821 -1.6566666
v -0.0253250 -0.8859994 -1.6424196
v -0.0253250 -0.8859994 -1.6424196
v 0.0000000 -0.8874875 -1.6368656
v 0.0000000 -0.7500178 -1.6186668
v -0.0253250 -0.7499950 -1.6243545
v 0.0463750 -0.8821821 -1.6566666
v 0.0593750 -0.8762944 -1.6786408
v 0.0593750 -0.7500069 -1.6618852
v 0.0463750 -0.7500094 -1.6393694
v 0.0253500 -0.8859994 -1.6424196
v 0.0463750 -0.8821821 -1.6566666
v 0.0463750 -0.7500094 -1.6393694
v 0.0253500 -0.7499950 -1.6243545
v 0.0593750 -0.8737064 -1.6882998
v 0.0093750 -0.8607664 -1.7365948
v 0.0093750 -0.7499921 -1.7219253
v 0.0593750 -0.7499708 -1.6719692
v 0.0000000 -0.8874875 -1.6368656
v 0.0253500 -0.8859994 -1.6424196
v 0.0253500 -0.7499950 -1.6243545
v 0.0000000 -0.7500178 -1.6186668
v 0.0593750 -0.9940000 -1.7273920
v 0.0593750 -0.9890000 -1.7360520
v 0.0593750 -0.8737075 -1.6882495
v 0.0593750 -0.8763526 -1.6785185
v -0.0593750 -0.9890000 -1.7360520
v -0.0593750 -0.9940000 -1.7273920
v -0.0593750 -0.8763526 -1.6785185
v -0.0593750 -0.8737075 -1.6882495
v -0.0593750 -0.8737075 -1.6882495
v -0.0093750 -0.8607972 -1.7365090
v -0.0093750 -0.9640000 -1.7793520
v -0.0593750 -0.9890000 -1.7360520
v 0.0093750 -0.9640000 -1.7793520
v -0.0093750 -0.9640000 -1.7793520
v -0.0093750 -0.8607972 -1.7365090
v 0.0093750 -0.8607972 -1.7365090
v -0.0463500 -0.8821831 -1.6567705
v -0.0593750 -0.8763526 -1.6785185
v -0.0593750 -0.9940000 -1.7273920
v -0.0463500 -1.0053750 -1.7076905
v -0.0253250 -0.8860557 -1.6422635
v -0.0463500 -0.8821831 -1.6567705
v -0.0463500 -1.0053750 -1.7076905
v -0.0253250 -1.0127500 -1.6949170
v -0.0253250 -1.0127500 -1.6949170
v 0.0000000 -1.0156250 -1.6899375
v 0.0000000 -0.8875500 -1.6367755
v -0.0253250 -0.8860557 -1.6422635
v 0.0463750 -1.0053750 -1.7076905
v 0.0593750 -0.9940000 -1.7273920
v 0.0593750 -0.8763526 -1.6785185
v 0.0463750 -0.8821831 -1.6567705
v 0.0253500 -1.0127500 -1.6949170
v 0.0463750 -1.0053750 -1.7076905
v 0.0463750 -0.8821831 -1.6567705
v 0.0253500 -0.8860557 -1.6422635
v 0.0593750 -0.9890000 -1.7360520
v 0.0093750 -0.9640000 -1.7793520
v 0.0093750 -0.8607972 -1.7365090
v 0.0593750 -0.8737075 -1.6882495
v 0.0000000 -1.0156250 -1.6899375
v 0.0253500 -1.0127500 -1.6949170
v 0.0253500 -0.8860557 -1.6422635
v 0.0000000 -0.8875500 -1.6367755
v 0.0593750 -1.0950648 -1.8049352
v 0.0593750 -1.0879938 -1.8120062
v 0.0593750 -0.9889998 -1.7359929
v 0.0593750 -0.9940732 -1.7272779
v -0.0593750 -1.0879938 -1.8120062
v -0.0593750 -1.0950648 -1.8049352
v -0.0593750 -0.9940732 -1.7272779
v -0.0593750 -0.9889998 -1.7359929
v -0.0593750 -0.9889998 -1.7359929
v -0.0093750 -0.9640392 -1.7792675
v -0.0093750 -1.0526388 -1.8473612
v -0.0593750 -1.0879938 -1.8120062
v 0.0093750 -1.0526388 -1.8473612
v -0.0093750 -1.0526388 -1.8473612
v -0.0093750 -0.9640392 -1.7792675
v 0.0093750 -0.9640392 -1.7792675
v -0.0463500 -1.0053338 -1.7077797
v -0.0593750 -0.9940732 -1.7272779
v -0.0593750 -1.0950648 -1.8049352
v -0.0463500 -1.1111513 -1.7888487
v -0.0253250 -1.0128291 -1.6947690
v -0.0463500 -1.0053338 -1.7077797
v -0.0463500 -1.1111513 -1.7888487
v -0.0253250 -1.1215811 -1.7784190
v -0.0253250 -1.1215811 -1.7784190
v 0.0000000 -1.1256469 -1.7743531
v 0.0000000 -1.0156928 -1.6898547
v -0.0253250 -1.0128291 -1.6947690
v 0.0463750 -1.1111513 -1.7888487
v 0.0593750 -1.0950648 -1.8049352
v 0.0593750 -0.9940732 -1.7272779
v 0.0463750 -1.0053338 -1.7077797
v 0.0253500 -1.1215811 -1.7784190
v 0.0463750 -1.1111513 -1.7888487
v 0.0463750 -1.0053338 -1.7077797
v 0.0253500 -1.0128291 -1.6947690
v 0.0593750 -1.0879938 -1.8120062
v 0.0093750 -1.0526388 -1.8473612
v 0.0093750 -0.9640392 -1.7792675
v 0.0593750 -0.9889998 -1.7359929
v 0.0000000 -1.1256469 -1.7743531
v 0.0253500 -1.1215811 -1.7784190
v 0.0253500 -1.0128291 -1.6947690
v 0.0000000 -1.0156928 -1.6898547
v 0.0593750 -1.1726080 -1.9060000
v 0.0593750 -1.1639480 -1.9110000
v 0.0593750 -1.0880005 -1.8119575
v 0.0593750 -1.0951565 -1.8048526
v -0.0593750 -1.1639480 -1.9110000
v -0.0593750 -1.1726080 -1.9060000
v -0.0593750 -1.0951565 -1.8048526
v -0.0593750 -1.0880005 -1.8119575
v -0.0593750 -1.0880005 -1.8119575
v -0.0093750 -1.0526910 -1.8472972
v -0.0093750 -1.1206480 -1.9360000
v -0.0593750 -1.1639480 -1.9110000
v 0.0093750 -1.1206480 -1.9360000
v -0.0093750 -1.1206480 -1.9360000
v -0.0093750 -1.0526910 -1.8472972
v 0.0093750 -1.0526910 -1.8472972
v -0.0463500 -1.1110795 -1.7889331
v -0.0593750 -1.0951565 -1.8048526
v -0.0593750 -1.1726080 -1.9060000
v -0.0463500 -1.1923095 -1.8946250
v -0.0253250 -1.1216865 -1.7783057
v -0.0463500 -1.1110795 -1.7889331
v -0.0463500 -1.1923095 -1.8946250
v -0.0253250 -1.2050830 -1.8872500
v -0.0253250 -1.2050830 -1.8872500
v 0.0000000 -1.2100625 -1.8843750
v 0.0000000 -1.1257245 -1.7743000
v -0.0253250 -1.1216865 -1.7783057
v 0.0463750 -1.1923095 -1.8946250
v 0.0593750 -1.1726080 -1.9060000
v 0.0593750 -1.0951565 -1.8048526
v 0.0463750 -1.1110795 -1.7889331
v 0.0253500 -1.2050830 -1.8872500
v 0.0463750 -1.1923095 -1.8946250
v 0.0463750 -1.1110795 -1.7889331
v 0.0253500 -1.1216865 -1.7783057
v 0.0593750 -1.1639480 -1.9110000
v 0.0093750 -1.1206480 -1.9360000
v 0.0093750 -1.0526910 -1.8472972
v 0.0593750 -1.0880005 -1.8119575
v 0.0000000 -1.2100625 -1.8843750
v 0.0253500 -1.2050830 -1.8872500
v 0.0253500 -1.1216865 -1.7783057
v 0.0000000 -1.1257245 -1.7743000
v 0.0593750 -1.2213592 -2.0237056
v 0.0593750 -1.2117002 -2.0262936
v 0.0593750 -1.1639778 -1.9109690
v 0.0593750 -1.1727289 -1.9059585
v -0.0593750 -1.2117002 -2.0262936
v -0.0593750 -1.2213592 -2.0237056
v -0.0593750 -1.1727289 -1.9059585
v -0.0593750 -1.1639778 -1.9109690
v -0.0593750 -1.1639778 -1.9109690
v -0.0093750 -1.1207246 -1.9359645
v -0.0093750 -1.1634052 -2.0392336
v -0.0593750 -1.2117002 -2.0262936
v 0.0093750 -1.1634052 -2.0392336
v -0.0093750 -1.1634052 -2.0392336
v -0.0093750 -1.1207246 -1.9359645
v 0.0093750 -1.1207246 -1.9359645
v -0.0463500 -1.1922298 -1.8947032
v -0.0593750 -1.1727289 -1.9059585
v -0.0593750 -1.2213592 -2.0237056
v -0.0463500 -1.2433334 -2.0178179
v -0.0253250 -1.2052260 -1.8871836
v -0.0463500 -1.1922298 -1.8947032
v -0.0463500 -1.2433334 -2.0178179
v -0.0253250 -1.2575805 -2.0140006
v -0.0253250 -1.2575805 -2.0140006
v 0.0000000 -1.2631344 -2.0125125
v 0.0000000 -1.2101632 -1.8843597
v -0.0253250 -1.2052260 -1.8871836
v 0.0463750 -1.2433334 -2.0178179
v 0.0593750 -1.2213592 -2.0237056
v 0.0593750 -1.1727289 -1.9059585
v 0.0463750 -1.1922298 -1.8947032
v 0.0253500 -1.2575805 -2.0140006
v 0.0463750 -1.2433334 -2.0178179
v 0.0463750 -1.1922298 -1.8947032
v 0.0253500 -1.2052260 -1.8871836
v 0.0593750 -1.2117002 -2.0262936
v 0.0093750 -1.1634052 -2.0392336
v 0.0093750 -1.1207246 -1.9359645
v 0.0593750 -1.1639778 -1.9109690
v 0.0000000 -1.2631344 -2.0125125
v 0.0253500 -1.2575805 -2.0140006
v 0.0253500 -1.2052260 -1.8871836
v 0.0000000 -1.2101632 -1.8843597
v 0.0593750 -1.2380000 -2.1500000
v 0.0593750 -1.2280000 -2.1500000
v 0.0593750 -1.2117500 -2.0262500
v 0.0593750 -1.2215000 -2.0236750
v -0.0593750 -1.2280000 -2.1500000
v -0.0593750 -1.2380000 -2.1500000
v -0.0593750 -1.2215000 -2.0236750
v -0.0593750 -1.2117500 -2.0262500
v -0.0593750 -1.2117500 -2.0262500
v -0.0093750 -1.1635000 -2.0392000
v -0.0093750 -1.1780000 -2.1500000
v -0.0593750 -1.2280000 -2.1500000
v 0.0093750 -1.1780000 -2.1500000
v -0.0093750 -1.1780000 -2.1500000
v -0.0093750 -1.1635000 -2.0392000
v 0.0093750 -1.1635000 -2.0392000
v -0.0463500 -1.2432500 -2.0178500
v -0.0593750 -1.2215000 -2.0236750
v -0.0593750 -1.2380000 -2.1500000
v -0.0463500 -1.2607500 -2.1500000
v -0.0253250 -1.2577500 -2.0139500
v -0.0463500 -1.2432500 -2.0178500
v -0.0463500 -1.2607500 -2.1500000
v -0.0253250 -1.2755000 -2.1500000
v -0.0253250 -1.2755000 -2.1500000
v 0.0000000 -1.2812500 -2.1500000
v 0.0000000 -1.2632500 -2.0125000
v -0.0253250 -1.2577500 -2.0139500
v 0.0463750 -1.2607500 -2.1500000
v 0.0593750 -1.2380000 -2.1500000
v 0.0593750 -1.2215000 -2.0236750
v 0.0463750 -1.2432500 -2.0178500
v 0.0253500 -1.2755000 -2.1500000
v 0.0463750 -1.2607500 -2.1500000
v 0.0463750 -1.2432500 -2.0178500
v 0.0253500 -1.2577500 -2.0139500
v 0.0593750 -1.2280000 -2.1500000
v 0.0093750 -1.1780000 -2.1500000
v 0.0093750 -1.1635000 -2.0392000
v 0.0593750 -1.2117500 -2.0262500
v 0.0000000 -1.2812500 -2.1500000
v 0.0253500 -1.2755000 -2.1500000
v 0.0253500 -1.2577500 -2.0139500
v 0.0000000 -1.2632500 -2.0125000
v 0.0593750 -1.2213592 -2.2762944
v 0.0593750 -1.2117002 -2.2737064
v 0.0593750 -1.2280308 -2.1499708
v 0.0593750 -1.2381148 -2.1500069
v -0.0593750 -1.2117002 -2.2737064
v -0.0593750 -1.2213592 -2.2762944
v -0.0593750 -1.2381148 -2.1500069
v -0.0593750 -1.2280308 -2.1499708
v -0.0593750 -1.2280308 -2.1499708
v -0.0093750 -1.1780747 -2.1499921
v -0.0093750 -1.1634052 -2.2607664
v -0.0593750 -1.2117002 -2.2737064
v 0.0093750 -1.1634052 -2.2607664
v -0.0093750 -1.1634052 -2.2607664
v -0.0093750 -1.1780747 -2.1499921
v 0.0093750 -1.1780747 -2.1499921
v -0.0463500 -1.2606306 -2.1500094
v -0.0593750 -1.2381148 -2.1500069
v -0.0593750 -1.2213592 -2.2762944
v -0.0463500 -1.2433334 -2.2821821
v -0.0253250 -1.2756455 -2.1499950
v -0.0463500 -1.2606306 -2.1500094
v -0.0463500 -1.2433334 -2.2821821
v -0.0253250 -1.2575805 -2.2859994
v -0.0253250 -1.2575805 -2.2859994
v 0.0000000 -1.2631344 -2.2874875
v 0.0000000 -1.2813332 -2.1500179
v -0.0253250 -1.2756455 -2.1499950
v 0.0463750 -1.2433334 -2.2821821
v 0.0593750 -1.2213592 -2.2762944
v 0.0593750 -1.2381148 -2.1500069
v 0.0463750 -1.2606306 -2.1500094
v 0.0253500 -1.2575805 -2.2859994
v 0.0463750 -1.2433334 -2.2821821
v 0.0463750 -1.2606306 -2.1500094
v 0.0253500 -1.2756455 -2.1499950
v 0.0593750 -1.2117002 -2.2737064
v 0.0093750 -1.1634052 -2.2607664
v 0.0093750 -1.1780747 -2.1499921
v 0.0593750 -1.2280308 -2.1499708
v 0.0000000 -1.2631344 -2.2874875
v 0.0253500 -1.2575805 -2.2859994
v 0.0253500 -1.2756455 -2.1499950
v 0.0000000 -1.2813332 -2.1500179
v 0.0593750 -1.1726080 -2.3940000
v 0.0593750 -1.1639480 -2.3890000
v 0.0593750 -1.2117505 -2.2737075
v 0.0593750 -1.2214815 -2.2763525
v -0.0593750 -1.1639480 -2.3890000
v -0.0593750 -1.1726080 -2.3940000
v -0.0593750 -1.2214815 -2.2763525
v -0.0593750 -1.2117505 -2.2737075
v -0.0593750 -1.2117505 -2.2737075
v -0.0093750 -1.1634910 -2.2607972
v -0.0093750 -1.1206480 -2.3640000
v -0.0593750 -1.1639480 -2.3890000
v 0.0093750 -1.1206480 -2.3640000
v -0.0093750 -1.1206480 -2.3640000
v -0.0093750 -1.1634910 -2.2607972
v 0.0093750 -1.1634910 -2.2607972
v -0.0463500 -1.2432295 -2.2821831
v -0.0593750 -1.2214815 -2.2763525
v -0.0593750 -1.1726080 -2.3940000
v -0.0463500 -1.1923095 -2.4053750
v -0.0253250 -1.2577365 -2.2860557
v -0.0463500 -1.2432295 -2.2821831
v -0.0463500 -1.1923095 -2.4053750
v -0.0253250 -1.2050830 -2.4127500
v -0.0253250 -1.2050830 -2.4127500
v 0.0000000 -1.2100625 -2.4156250
v 0.0000000 -1.2632245 -2.2875500
v -0.0253250 -1.2577365 -2.2860557
v 0.0463750 -1.1923095 -2.4053750
v 0.0593750 -1.1726080 -2.3940000
v 0.0593750 -1.2214815 -2.2763525
v 0.0463750 -1.2432295 -2.2821831
v 0.0253500 -1.2050830 -2.4127500
v 0.0463750 -1.1923095 -2.4053750
v 0.0463750 -1.2432295 -2.2821831
v 0.0253500 -1.2577365 -2.2860557
v 0.0593750 -1.1639480 -2.3890000
v 0.0093750 -1.1206480 -2.3640000
v 0.0093750 -1.1634910 -2.2607972
v 0.0593750 -1.2117505 -2.2737075
v 0.0000000 -1.2100625 -2.4156250
v 0.0253500 -1.2050830 -2.4127500
v 0.0253500 -1.2577365 -2.2860557
v 0.0000000 -1.2632245 -2.2875500
v 0.0593750 -1.0950648 -2.4950648
v 0.0593750 -1.0879938 -2.4879938
v 0.0593750 -1.1640071 -2.3889998
v 0.0593750 -1.1727221 -2.3940732
v -0.0593750 -1.0879938 -2.4879938
v -0.0593750 -1.0950648 -2.4950648
v -0.0593750 -1.1727221 -2.3940732
v -0.0593750 -1.1640071 -2.3889998
v -0.0593750 -1.1640071 -2.3889998
v -0.0093750 -1.1207325 -2.3640392
v -0.0093750 -1.0526388 -2.4526388
v -0.0593750 -1.0879938 -2.4879938
v 0.0093750 -1.0526388 -2.4526388
v -0.0093750 -1.0526388 -2.4526388
v -0.0093750 -1.1207325 -2.3640392
v 0.0093750 -1.1207325 -2.3640392
v -0.0463500 -1.1922203 -2.4053338
v -0.0593750 -1.1727221 -2.3940732
v -0.0593750 -1.0950648 -2.4950648
v -0.0463500 -1.1111513 -2.5111513
v -0.0253250 -1.2052310 -2.4128291
v -0.0463500 -1.1922203 -2.4053338
v -0.0463500 -1.1111513 -2.5111513
v -0.0253250 -1.1215811 -2.5215810
v -0.0253250 -1.1215811 -2.5215810
v 0.0000000 -1.1256469 -2.5256469
v 0.0000000 -1.2101453 -2.4156928
v -0.0253250 -1.2052310 -2.4128291
v 0.0463750 -1.1111513 -2.5111513
v 0.0593750 -1.0950648 -2.4950648
v 0.0593750 -1.1727221 -2.3940732
v 0.0463750 -1.1922203 -2.4053338
v 0.0253500 -1.1215811 -2.5215810
v 0.0463750 -1.1111513 -2.5111513
v 0.0463750 -1.1922203 -2.4053338
v 0.0253500 -1.2052310 -2.4128291
v 0.0593750 -1.0879938 -2.4879938
v 0.0093750 -1.0526388 -2.4526388
v 0.0093750 -1.1207325 -2.3640392
v 0.0593750 -1.1640071 -2.3889998
v 0.0000000 -1.1256469 -2.5256469
v 0.0253500 -1.1215811 -2.5215810
v 0.0253500 -1.2052310 -2.4128291
v 0.0000000 -1.2101453 -2.4156928
v 0.0593750 -0.9940000 -2.5726080
v 0.0593750 -0.9890000 -2.5639480
v 0.0593750 -1.0880425 -2.4880005
v 0.0593750 -1.0951475 -2.4951565
v -0.0593750 -0.9890000 -2.5639480
v -0.0593750 -0.9940000 -2.5726080
v -0.0593750 -1.0951475 -2.4951565
v -0.0593750 -1.0880425 -2.4880005
v -0.0593750 -1.0880425 -2.4880005
v -0.0093750 -1.0527028 -2.4526910
v -0.0093750 -0.9640000 -2.5206480
v -0.0593750 -0.9890000 -2.5639480
v 0.0093750 -0.9640000 -2.5206480
v -0.0093750 -0.9640000 -2.5206480
v -0.0093750 -1.0527028 -2.4526910
v 0.0093750 -1.0527028 -2.4526910
v -0.0463500 -1.1110669 -2.5110795
v -0.0593750 -1.0951475 -2.4951565
v -0.0593750 -0.9940000 -2.5726080
v -0.0463500 -1.0053750 -2.5923095
v -0.0253250 -1.1216943 -2.5216865
v -0.0463500 -1.1110669 -2.5110795
v -0.0463500 -1.0053750 -2.5923095
v -0.0253250 -1.0127500 -2.6050830
v -0.0253250 -1.0127500 -2.6050830
v 0.0000000 -1.0156250 -2.6100625
v 0.0000000 -1.1257000 -2.5257245
v -0.0253250 -1.1216943 -2.5216865
v 0.0463750 -1.0053750 -2.5923095
v 0.0593750 -0.9940000 -2.5726080
v 0.0593750 -1.0951475 -2.4951565
v 0.0463750 -1.1110669 -2.5110795
v 0.0253500 -1.0127500 -2.6050830
v 0.0463750 -1.0053750 -2.5923095
v 0.0463750 -1.1110669 -2.5110795
v 0.0253500 -1.1216943 -2.5216865
v 0.0593750 -0.9890000 -2.5639480
v 0.0093750 -0.9640000 -2.5206480
v 0.0093750 -1.0527028 -2.4526910
v 0.0593750 -1.0880425 -2.4880005
v 0.0000000 -1.0156250 -2.6100625
v 0.0253500 -1.0127500 -2.6050830
v 0.0253500 -1.1216943 -2.5216865
v 0.0000000 -1.1257000 -2.5257245
v 0.0593750 -0.8762944 -2.6213592
v 0.0593750 -0.8737064 -2.6117002
v 0.0593750 -0.9890310 -2.5639778
v 0.0593750 -0.9940415 -2.5727289
v -0.0593750 -0.8737064 -2.6117002
v -0.0593750 -0.8762944 -2.6213592
v -0.0593750 -0.9940415 -2.5727289
v -0.0593750 -0.9890310 -2.5639778
v -0.0593750 -0.9890310 -2.5639778
v -0.0093750 -0.9640355 -2.5207246
v -0.0093750 -0.8607664 -2.5634052
v -0.0593750 -0.8737064 -2.6117002
v 0.0093750 -0.8607664 -2.5634052
v -0.0093750 -0.8607664 -2.5634052
v -0.0093750 -0.9640355 -2.5207246
v 0.0093750 -0.9640355 -2.5207246
v -0.0463500 -1.0052968 -2.5922298
v -0.0593750 -0.9940415 -2.5727289
v -0.0593750 -0.8762944 -2.6213592
v -0.0463500 -0.8821821 -2.6433334
v -0.0253250 -1.0128164 -2.6052260
v -0.0463500 -1.0052968 -2.5922298
v -0.0463500 -0.8821821 -2.6433334
v -0.0253250 -0.8859994 -2.6575805
v -0.0253250 -0.8859994 -2.6575805
v 0.0000000 -0.8874875 -2.6631344
v 0.0000000 -1.0156403 -2.6101632
v -0.0253250 -1.0128164 -2.6052260
v 0.0463750 -0.8821821 -2.6433334
v 0.0593750 -0.8762944 -2.6213592
v 0.0593750 -0.9940415 -2.5727289
v 0.0463750 -1.0052968 -2.5922298
v 0.0253500 -0.8859994 -2.6575805
v 0.0463750 -0.8821821 -2.6433334
v 0.0463750 -1.0052968 -2.5922298
v 0.0253500 -1.0128164 -2.6052260
v 0.0593750 -0.8737064 -2.6117002
v 0.0093750 -0.8607664 -2.5634052
v 0.0093750 -0.9640355 -2.5207246
v 0.0593750 -0.9890310 -2.5639778
v 0.0000000 -0.8874875 -2.6631344
v 0.0253500 -0.8859994 -2.6575805
v 0.0253500 -1.0128164 -2.6052260
v 0.0000000 -1.0156403 -2.6101632
v 0.0593750 -0.7500000 -2.6380000
v 0.0593750 -0.7500000 -2.6280000
v 0.0593750 -0.8737500 -2.6117500
v 0.0593750 -0.8763250 -2.6215000
v -0.0593750 -0.7500000 -2.6280000
v -0.0593750 -0.7500000 -2.6380000
v -0.0593750 -0.8763250 -2.6215000
v -0.0593750 -0.8737500 -2.6117500
v -0.0593750 -0.8737500 -2.6117500
v -0.0093750 -0.8608000 -2.5635000
v -0.0093750 -0.7500000 -2.5780000
v -0.0593750 -0.7500000 -2.6280000
v 0.0093750 -0.7500000 -2.5780000
v -0.0093750 -0.7500000 -2.5780000
v -0.0093750 -0.8608000 -2.5635000
v 0.0093750 -0.8608000 -2.5635000
v -0.0463500 -0.8821500 -2.6432500
v -0.0593750 -0.8763250 -2.6215000
v -0.0593750 -0.7500000 -2.6380000
v -0.0463500 -0.7500000 -2.6607500
v -0.0253250 -0.8860500 -2.6577500
v -0.0463500 -0.8821500 -2.6432500
v -0.0463500 -0.7500000 -2.6607500
v -0.0253250 -0.7500000 -2.6755000
v -0.0253250 -0.7500000 -2.6755000
v 0.0000000 -0.7500000 -2.6812500
v 0.0000000 -0.8875000 -2.6632500
v -0.0253250 -0.8860500 -2.6577500
v 0.0463750 -0.7500000 -2.6607500
v 0.0593750 -0.7500000 -2.6380000
v 0.0593750 -0.8763250 -2.6215000
v 0.0463750 -0.8821500 -2.6432500
v 0.0253500 -0.7500000 -2.6755000
v 0.0463750 -0.7500000 -2.6607500
v 0.0463750 -0.8821500 -2.6432500
v 0.0253500 -0.8860500 -2.6577500
v 0.0593750 -0.7500000 -2.6280000
v 0.0093750 -0.7500000 -2.5780000
v 0.0093750 -0.8608000 -2.5635000
v 0.0593750 -0.8737500 -2.6117500
v 0.0000000 -0.7500000 -2.6812500
v 0.0253500 -0.7500000 -2.6755000
v 0.0253500 -0.8860500 -2.6577500
v 0.0000000 -0.8875000 -2.6632500
v 0.0593750 -0.6237056 -2.6213592
v 0.0593750 -0.6262936 -2.6117002
v 0.0593750 -0.7500292 -2.6280308
v 0.0593750 -0.7499931 -2.6381148
v -0.0593750 -0.6262936 -2.6117002
v -0.0593750 -0.6237056 -2.6213592
v -0.0593750 -0.7499931 -2.6381148
v -0.0593750 -0.7500292 -2.6280308
v -0.0593750 -0.7500292 -2.6280308
v -0.0093750 -0.7500079 -2.5780747
v -0.0093750 -0.6392336 -2.5634052
v -0.0593750 -0.6262936 -2.6117002
v 0.0093750 -0.6392336 -2.5634052
v -0.0093750 -0.6392336 -2.5634052
v -0.0093750 -0.7500079 -2.5780747
v 0.0093750 -0.7500079 -2.5780747
v -0.0463500 -0.7499906 -2.6606306
v -0.0593750 -0.7499931 -2.6381148
v -0.0593750 -0.6237056 -2.6213592
v -0.0463500 -0.6178179 -2.6433334
v -0.0253250 -0.7500050 -2.6756455
v -0.0463500 -0.7499906 -2.6606306
v -0.0463500 -0.6178179 -2.6433334
v -0.0253250 -0.6140006 -2.6575805
v -0.0253250 -0.6140006 -2.6575805
v 0.0000000 -0.6125125 -2.6631344
v 0.0000000 -0.7499822 -2.6813332
v -0.0253250 -0.7500050 -2.6756455
v 0.0463750 -0.6178179 -2.6433334
v 0.0593750 -0.6237056 -2.6213592
v 0.0593750 -0.7499931 -2.6381148
v 0.0463750 -0.7499906 -2.6606306
v 0.0253500 -0.6140006 -2.6575805
v 0.0463750 -0.6178179 -2.6433334
v 0.0463750 -0.7499906 -2.6606306
v 0.0253500 -0.7500050 -2.6756455
v 0.0593750 -0.6262936 -2.6117002
v 0.0093750 -0.6392336 -2.5634052
v 0.0093750 -0.7500079 -2.5780747
v 0.0593750 -0.7500292 -2.6280308
v 0.0000000 -0.6125125 -2.6631344
v 0.0253500 -0.6140006 -2.6575805
v 0.0253500 -0.7500050 -2.6756455
v 0.0000000 -0.7499822 -2.6813332
v 0.0593750 -0.5060000 -2.5726080
v 0.0593750 -0.5110000 -2.5639480
v 0.0593750 -0.6262925 -2.6117505
v 0.0593750 -0.6236474 -2.6214815
v -0.0593750 -0.5110000 -2.5639480
v -0.0593750 -0.5060000 -2.5726080
v -0.0593750 -0.6236474 -2.6214815
v -0.0593750 -0.6262925 -2.6117505
v -0.0593750 -0.6262925 -2.6117505
v -0.0093750 -0.6392028 -2.5634910
v -0.0093750 -0.5360000 -2.5206480
v -0.0593750 -0.5110000 -2.5639480
v 0.0093750 -0.5360000 -2.5206480
v -0.0093750 -0.5360000 -2.5206480
v -0.0093750 -0.6392028 -2.5634910
v 0.0093750 -0.6392028 -2.5634910
v -0.0463500 -0.6178169 -2.6432295
v -0.0593750 -0.6236474 -2.6214815
v -0.0593750 -0.5060000 -2.5726080
v -0.0463500 -0.4946250 -2.5923095
v -0.0253250 -0.6139443 -2.6577365
v -0.0463500 -0.6178169 -2.6432295
v -0.0463500 -0.4946250 -2.5923095
v -0.0253250 -0.4872500 -2.6050830
v -0.0253250 -0.4872500 -2.6050830
v 0.0000000 -0.4843750 -2.6100625
v 0.0000000 -0.6124500 -2.6632245
v -0.0253250 -0.6139443 -2.6577365
v 0.0463750 -0.4946250 -2.5923095
v 0.0593750 -0.5060000 -2.5726080
v 0.0593750 -0.6236474 -2.6214815
v 0.0463750 -0.6178169 -2.6432295
v 0.0253500 -0.4872500 -2.6050830
v 0.0463750 -0.4946250 -2.5923095
v 0.0463750 -0.6178169 -2.6432295
v 0.0253500 -0.6139443 -2.6577365
v 0.0593750 -0.5110000 -2.5639480
v 0.0093750 -0.5360000 -2.5206480
v 0.0093750 -0.6392028 -2.5634910
v 0.0593750 -0.6262925 -2.6117505
v 0.0000000 -0.4843750 -2.6100625
v 0.0253500 -0.4872500 -2.6050830
v 0.0253500 -0.6139443 -2.6577365
v 0.0000000 -0.6124500 -2.6632245
v 0.0593750 -0.4049352 -2.4950648
v 0.0593750 -0.4120062 -2.4879938
v 0.0593750 -0.5110002 -2.5640071
v 0.0593750 -0.5059268 -2.5727221
v -0.0593750 -0.4120062 -2.4879938
v -0.0593750 -0.4049352 -2.4950648
v -0.0593750 -0.5059268 -2.5727221
v -0.0593750 -0.5110002 -2.5640071
v -0.0593750 -0.5110002 -2.5640071
v -0.0093750 -0.5359608 -2.5207325
v -0.0093750 -0.4473612 -2.4526388
v -0.0593750 -0.4120062 -2.4879938
v 0.0093750 -0.4473612 -2.4526388
v -0.0093750 -0.4473612 -2.4526388
v -0.0093750 -0.5359608 -2.5207325
v 0.0093750 -0.5359608 -2.5207325
v -0.0463500 -0.4946662 -2.5922203
v -0.0593750 -0.5059268 -2.5727221
v -0.0593750 -0.4049352 -2.4950648
v -0.0463500 -0.3888487 -2.5111513
v -0.0253250 -0.4871709 -2.6052310
v -0.0463500 -0.4946662 -2.5922203
v -0.0463500 -0.3888487 -2.5111513
v -0.0253250 -0.3784190 -2.5215810
v -0.0253250 -0.3784190 -2.5215810
v 0.0000000 -0.3743531 -2.5256469
v 0.0000000 -0.4843072 -2.6101453
v -0.0253250 -0.4871709 -2.6052310
v 0.0463750 -0.3888487 -2.5111513
v 0.0593750 -0.4049352 -2.4950648
v 0.0593750 -0.5059268 -2.5727221
v 0.0463750 -0.4946662 -2.5922203
v 0.0253500 -0.3784190 -2.5215810
v 0.0463750 -0.3888487 -2.5111513
v 0.0463750 -0.4946662 -2.5922203
v 0.0253500 -0.4871709 -2.6052310
v 0.0593750 -0.4120062 -2.4879938
v 0.0093750 -0.4473612 -2.4526388
v 0.0093750 -0.5359608 -2.5207325
v 0.0593750 -0.5110002 -2.5640071
v 0.0000000 -0.3743531 -2.5256469
v 0.0253500 -0.3784190 -2.5215810
v 0.0253500 -0.4871709 -2.6052310
v 0.0000000 -0.4843072 -2.6101453
v 0.0593750 -0.3273920 -2.3940000
v 0.0593750 -0.3360520 -2.3890000
v 0.0593750 -0.4119995 -2.4880425
v 0.0593750 -0.4048435 -2.4951475
v -0.0593750 -0.3360520 -2.3890000
v -0.0593750 -0.3273920 -2.3940000
v -0.0593750 -0.4048435 -2.4951475
v -0.0593750 -0.4119995 -2.4880425
v -0.0593750 -0.4119995 -2.4880425
v -0.0093750 -0.4473090 -2.4527028
v -0.0093750 -0.3793520 -2.3640000
v -0.0593750 -0.3360520 -2.3890000
v 0.0093750 -0.3793520 -2.3640000
v -0.0093750 -0.3793520 -2.3640000
v -0.0093750 -0.4473090 -2.4527028
v 0.0093750 -0.4473090 -2.4527028
v -0.0463500 -0.3889205 -2.5110669
v -0.0593750 -0.4048435 -2.4951475
v -0.0593750 -0.3273920 -2.3940000
v -0.0463500 -0.3076905 -2.4053750
v -0.0253250 -0.3783135 -2.5216943
v -0.0463500 -0.3889205 -2.5110669
v -0.0463500 -0.3076905 -2.4053750
v -0.0253250 -0.2949170 -2.4127500
v -0.0253250 -0.2949170 -2.4127500
v 0.0000000 -0.2899375 -2.4156250
v 0.0000000 -0.3742755 -2.5257000
v -0.0253250 -0.3783135 -2.5216943
v 0.0463750 -0.3076905 -2.4053750
v 0.0593750 -0.3273920 -2.3940000
v 0.0593750 -0.4048435 -2.4951475
v 0.0463750 -0.3889205 -2.5110669
v 0.0253500 -0.2949170 -2.4127500
v 0.0463750 -0.3076905 -2.4053750
v 0.0463750 -0.3889205 -2.5110669
v 0.0253500 -0.3783135 -2.5216943
v 0.0593750 -0.3360520 -2.3890000
v 0.0093750 -0.3793520 -2.3640000
v 0.0093750 -0.4473090 -2.4527028
v 0.0593750 -0.4119995 -2.4880425
v 0.0000000 -0.2899375 -2.4156250
v 0.0253500 -0.2949170 -2.4127500
v 0.0253500 -0.3783135 -2.5216943
v 0.0000000 -0.3742755 -2.5257000
v 0.0593750 -0.2786408 -2.2762944
v 0.0593750 -0.2882998 -2.2737064
v 0.0593750 -0.3360222 -2.3890310
v 0.0593750 -0.3272711 -2.3940415
v -0.0593750 -0.2882998 -2.2737064
v -0.0593750 -0.2786408 -2.2762944
v -0.0593750 -0.3272711 -2.3940415
v -0.0593750 -0.3360222 -2.3890310
v -0.0593750 -0.3360222 -2.3890310
v -0.0093750 -0.3792754 -2.3640355
v -0.0093750 -0.3365948 -2.2607664
v -0.0593750 -0.2882998 -2.2737064
v 0.0093750 -0.3365948 -2.2607664
v -0.0093750 -0.3365948 -2.2607664
v -0.0093750 -0.3792754 -2.3640355
v 0.0093750 -0.3792754 -2.3640355
v -0.0463500 -0.3077702 -2.4052968
v -0.0593750 -0.3272711 -2.3940415
v -0.0593750 -0.2786408 -2.2762944
v -0.0463500 -0.2566666 -2.2821821
v -0.0253250 -0.2947740 -2.4128164
v -0.0463500 -0.3077702 -2.4052968
v -0.0463500 -0.2566666 -2.2821821
v -0.0253250 -0.2424196 -2.2859994
v -0.0253250 -0.2424196 -2.2859994
v 0.0000000 -0.2368656 -2.2874875
v 0.0000000 -0.2898368 -2.4156404
v -0.0253250 -0.2947740 -2.4128164
v 0.0463750 -0.2566666 -2.2821821
v 0.0593750 -0.2786408 -2.2762944
v 0.0593750 -0.3272711 -2.3940415
v 0.0463750 -0.3077702 -2.4052968
v 0.0253500 -0.2424196 -2.2859994
v 0.0463750 -0.2566666 -2.2821821
v 0.0463750 -0.3077702 -2.4052968
v 0.0253500 -0.2947740 -2.4128164
v 0.0593750 -0.2882998 -2.2737064
v 0.0093750 -0.3365948 -2.2607664
v 0.0093750 -0.3792754 -2.3640355
v 0.0593750 -0.3360222 -2.3890310
v 0.0000000 -0.2368656 -2.2874875
v 0.0253500 -0.2424196 -2.2859994
v 0.0253500 -0.2947740 -2.4128164
v 0.0000000 -0.2898368 -2.4156404
v -0.0500000 -0.8500000 -2.1500000
v -0.0500000 -0.8423900 -2.1882700
v 0.0500000 -0.8423900 -2.1882700
v 0.0500000 -0.8500000 -2.1500000
v -0.0500000 -0.8423900 -2.1882700
v -0.0500000 -0.8207100 -2.2207100
v 0.0500000 -0.8207100 -2.2207100
v 0.0500000 -0.8423900 -2.1882700
v -0.0500000 -0.8207100 -2.2207100
v -0.0500000 -0.7882700 -2.2423900
v 0.0500000 -0.7882700 -2.2423900
v 0.0500000 -0.8207100 -2.2207100
v -0.0500000 -0.7882700 -2.2423900
v -0.0500000 -0.7500000 -2.2500000
v 0.0500000 -0.7500000 -2.2500000
v 0.0500000 -0.7882700 -2.2423900
v -0.0500000 -0.7500000 -2.2500000
v -0.0500000 -0.7117300 -2.2423900
v 0.0500000 -0.7117300 -2.2423900
v 0.0500000 -0.7500000 -2.2500000
v -0.0500000 -0.7117300 -2.2423900
v -0.0500000 -0.6792900 -2.2207100
v 0.0500000 -0.6792900 -2.2207100
v 0.0500000 -0.7117300 -2.2423900
v -0.0500000 -0.6792900 -2.2207100
v -0.0500000 -0.6576100 -2.1882700
v 0.0500000 -0.6576100 -2.1882700
v 0.0500000 -0.6792900 -2.2207100
v -0.0500000 -0.6576100 -2.1882700
v -0.0500000 -0.6500000 -2.1500000
v 0.0500000 -0.6500000 -2.1500000
v 0.0500000 -0.6576100 -2.1882700
v -0.0500000 -0.6500000 -2.1500000
v -0.0500000 -0.6576100 -2.1117300
v 0.0500000 -0.6576100 -2.1117300
v 0.0500000 -0.6500000 -2.1500000
v -0.0500000 -0.6576100 -2.1117300
v -0.0500000 -0.6792900 -2.0792900
v 0.0500000 -0.6792900 -2.0792900
v 0.0500000 -0.6576100 -2.1117300
v -0.0500000 -0.6792900 -2.0792900
v -0.0500000 -0.7117300 -2.0576100
v 0.0500000 -0.7117300 -2.0576100
v 0.0500000 -0.6792900 -2.0792900
v -0.0500000 -0.7117300 -2.0576100
v -0.0500000 -0.7500000 -2.0500000
v 0.0500000 -0.7500000 -2.0500000
v 0.0500000 -0.7117300 -2.0576100
v -0.0500000 -0.7500000 -2.0500000
v -0.0500000 -0.7882700 -2.0576100
v 0.0500000 -0.7882700 -2.0576100
v 0.0500000 -0.7500000 -2.0500000
v -0.0500000 -0.7882700 -2.0576100
v -0.0500000 -0.8207100 -2.0792900
v 0.0500000 -0.8207100 -2.0792900
v 0.0500000 -0.7882700 -2.0576100
v -0.0500000 -0.8207100 -2.0792900
v -0.0500000 -0.8423900 -2.1117300
v 0.0500000 -0.8423900 -2.1117300
v 0.0500000 -0.8207100 -2.0792900
v -0.0500000 -0.8423900 -2.1117300
v -0.0500000 -0.8500000 -2.1500000
v 0.0500000 -0.8500000 -2.1500000
v 0.0500000 -0.8423900 -2.1117300
v -0.0500000 -0.7500000 -2.2500000
v -0.0500000 -0.7500000 -2.2000000
v -0.0500000 -0.7308650 -2.1961950
v -0.0500000 -0.7117300 -2.2423900
v -0.0500000 -0.7117300 -2.2423900
v -0.0500000 -0.7308650 -2.1961950
v -0.0500000 -0.7146450 -2.1853550
v -0.0500000 -0.6792900 -2.2207100
v -0.0500000 -0.6792900 -2.2207100
v -0.0500000 -0.7146450 -2.1853550
v -0.0500000 -0.7038050 -2.1691350
v -0.0500000 -0.6576100 -2.1882700
v -0.0500000 -0.6576100 -2.1882700
v -0.0500000 -0.7038050 -2.1691350
v -0.0500000 -0.7000000 -2.1500000
v -0.0500000 -0.6500000 -2.1500000
v -0.0500000 -0.6500000 -2.1500000
v -0.0500000 -0.7000000 -2.1500000
v -0.0500000 -0.7038050 -2.1308650
v -0.0500000 -0.6576100 -2.1117300
v -0.0500000 -0.6576100 -2.1117300
v -0.0500000 -0.7038050 -2.1308650
v -0.0500000 -0.7146450 -2.1146450
v -0.0500000 -0.6792900 -2.0792900
v -0.0500000 -0.6792900 -2.0792900
v -0.0500000 -0.7146450 -2.1146450
v -0.0500000 -0.7308650 -2.1038050
v -0.0500000 -0.7117300 -2.0576100
v -0.0500000 -0.7117300 -2.0576100
v -0.0500000 -0.7308650 -2.1038050
v -0.0500000 -0.7500000 -2.1000000
v -0.0500000 -0.7500000 -2.0500000
v -0.0500000 -0.7500000 -2.0500000
v -0.0500000 -0.7500000 -2.1000000
v -0.0500000 -0.7691350 -2.1038050
v -0.0500000 -0.7882700 -2.0576100
v -0.0500000 -0.7882700 -2.0576100
v -0.0500000 -0.7691350 -2.1038050
v -0.0500000 -0.7853550 -2.1146450
v -0.0500000 -0.8207100 -2.0792900
v -0.0500000 -0.8207100 -2.0792900
v -0.0500000 -0.7853550 -2.1146450
v -0.0500000 -0.7961950 -2.1308650
v -0.0500000 -0.8423900 -2.1117300
v -0.0500000 -0.8423900 -2.1117300
v -0.0500000 -0.7961950 -2.1308650
v -0.0500000 -0.8000000 -2.1500000
v -0.0500000 -0.8500000 -2.1500000
v -0.0500000 -0.8500000 -2.1500000
v -0.0500000 -0.8000000 -2.1500000
v -0.0500000 -0.7961950 -2.1691350
v -0.0500000 -0.8423900 -2.1882700
v -0.0500000 -0.8423900 -2.1882700
v -0.0500000 -0.7961950 -2.1691350
v -0.0500000 -0.7853550 -2.1853550
v -0.0500000 -0.8207100 -2.2207100
v -0.0500000 -0.8207100 -2.2207100
v -0.0500000 -0.7853550 -2.1853550
v -0.0500000 -0.7691350 -2.1961950
v -0.0500000 -0.7882700 -2.2423900
v -0.0500000 -0.7882700 -2.2423900
v -0.0500000 -0.7691350 -2.1961950
v -0.0500000 -0.7500000 -2.2000000
v -0.0500000 -0.7500000 -2.2500000
v 0.0500000 -0.7117300 -2.2423900
v 0.0500000 -0.7308650 -2.1961950
v 0.0500000 -0.7500000 -2.2000000
v 0.0500000 -0.7500000 -2.2500000
v 0.0500000 -0.6792900 -2.2207100
v 0.0500000 -0.7146450 -2.1853550
v 0.0500000 -0.7308650 -2.1961950
v 0.0500000 -0.7117300 -2.2423900
v 0.0500000 -0.6576100 -2.1882700
v 0.0500000 -0.7038050 -2.1691350
v 0.0500000 -0.7146450 -2.1853550
v 0.0500000 -0.6792900 -2.2207100
v 0.0500000 -0.6500000 -2.1500000
v 0.0500000 -0.7000000 -2.1500000
v 0.0500000 -0.7038050 -2.1691350
v 0.0500000 -0.6576100 -2.1882700
v 0.0500000 -0.6576100 -2.1117300
v 0.0500000 -0.7038050 -2.1308650
v 0.0500000 -0.7000000 -2.1500000
v 0.0500000 -0.6500000 -2.1500000
v 0.0500000 -0.6792900 -2.0792900
v 0.0500000 -0.7146450 -2.1146450
v 0.0500000 -0.7038050 -2.1308650
v 0.0500000 -0.6576100 -2.1117300
v 0.0500000 -0.7117300 -2.0576100
v 0.0500000 -0.7308650 -2.1038050
v 0.0500000 -0.7146450 -2.1146450
v 0.0500000 -0.6792900 -2.0792900
v 0.0500000 -0.7500000 -2.0500000
v 0.0500000 -0.7500000 -2.1000000
v 0.0500000 -0.7308650 -2.1038050
v 0.0500000 -0.7117300 -2.0576100
v 0.0500000 -0.7882700 -2.0576100
v 0.0500000 -0.7691350 -2.1038050
v 0.0500000 -0.7500000 -2.1000000
v 0.0500000 -0.7500000 -2.0500000
v 0.0500000 -0.8207100 -2.0792900
v 0.0500000 -0.7853550 -2.1146450
v 0.0500000 -0.7691350 -2.1038050
v 0.0500000 -0.7882700 -2.0576100
v 0.0500000 -0.8423900 -2.1117300
v 0.0500000 -0.7961950 -2.1308650
v 0.0500000 -0.7853550 -2.1146450
v 0.0500000 -0.8207100 -2.0792900
v 0.0500000 -0.8500000 -2.1500000
v 0.0500000 -0.8000000 -2.1500000
v 0.0500000 -0.7961950 -2.1308650
v 0.0500000 -0.8423900 -2.1117300
v 0.0500000 -0.8423900 -2.1882700
v 0.0500000 -0.7961950 -2.1691350
v 0.0500000 -0.8000000 -2.1500000
v 0.0500000 -0.8500000 -2.1500000
v 0.0500000 -0.8207100 -2.2207100
v 0.0500000 -0.7853550 -2.1853550
v 0.0500000 -0.7961950 -2.1691350
v 0.0500000 -0.8423900 -2.1882700
v 0.0500000 -0.7882700 -2.2423900
v 0.0500000 -0.7691350 -2.1961950
v 0.0500000 -0.7853550 -2.1853550
v 0.0500000 -0.8207100 -2.2207100
v 0.0500000 -0.7500000 -2.2500000
v 0.0500000 -0.7500000 -2.2000000
v 0.0500000 -0.7691350 -2.1961950
v 0.0500000 -0.7882700 -2.2423900
v -0.1000000 -0.8000000 -2.1500000
v -0.1000000 -0.7961950 -2.1691350
v -0.0500000 -0.7961950 -2.1691350
v -0.0500000 -0.8000000 -2.1500000
v -0.1000000 -0.7961950 -2.1691350
v -0.1000000 -0.7853550 -2.1853550
v -0.0500000 -0.7853550 -2.1853550
v -0.0500000 -0.7961950 -2.1691350
v -0.1000000 -0.7853550 -2.1853550
v -0.1000000 -0.7691350 -2.1961950
v -0.0500000 -0.7691350 -2.1961950
v -0.0500000 -0.7853550 -2.1853550
v -0.1000000 -0.7691350 -2.1961950
v -0.1000000 -0.7500000 -2.2000000
v -0.0500000 -0.7500000 -2.2000000
v -0.0500000 -0.7691350 -2.1961950
v -0.1000000 -0.7500000 -2.2000000
v -0.1000000 -0.7308650 -2.1961950
v -0.0500000 -0.7308650 -2.1961950
v -0.0500000 -0.7500000 -2.2000000
v -0.1000000 -0.7308650 -2.1961950
v -0.1000000 -0.7146450 -2.1853550
v -0.0500000 -0.7146450 -2.1853550
v -0.0500000 -0.7308650 -2.1961950
v -0.1000000 -0.7146450 -2.1853550
v -0.1000000 -0.7038050 -2.1691350
v -0.0500000 -0.7038050 -2.1691350
v -0.0500000 -0.7146450 -2.1853550
v -0.1000000 -0.7038050 -2.1691350
v -0.1000000 -0.7000000 -2.1500000
v -0.0500000 -0.7000000 -2.1500000
v -0.0500000 -0.7038050 -2.1691350
v -0.1000000 -0.7000000 -2.1500000
v -0.1000000 -0.7038050 -2.1308650
v -0.0500000 -0.7038050 -2.1308650
v -0.0500000 -0.7000000 -2.1500000
v -0.1000000 -0.7038050 -2.1308650
v -0.1000000 -0.7146450 -2.1146450
v -0.0500000 -0.7146450 -2.1146450
v -0.0500000 -0.7038050 -2.1308650
v -0.1000000 -0.7146450 -2.1146450
v -0.1000000 -0.7308650 -2.1038050
v -0.0500000 -0.7308650 -2.1038050
v -0.0500000 -0.7146450 -2.1146450
v -0.1000000 -0.7308650 -2.1038050
v -0.1000000 -0.7500000 -2.1000000
v -0.0500000 -0.7500000 -2.1000000
v -0.0500000 -0.7308650 -2.1038050
v -0.1000000 -0.7500000 -2.1000000
v -0.1000000 -0.7691350 -2.1038050
v -0.0500000 -0.7691350 -2.1038050
v -0.0500000 -0.7500000 -2.1000000
v -0.1000000 -0.7691350 -2.1038050
v -0.1000000 -0.7853550 -2.1146450
v -0.0500000 -0.7853550 -2.1146450
v -0.0500000 -0.7691350 -2.1038050
v -0.1000000 -0.7853550 -2.1146450
v -0.1000000 -0.7961950 -2.1308650
v -0.0500000 -0.7961950 -2.1308650
v -0.0500000 -0.7853550 -2.1146450
v -0.1000000 -0.7961950 -2.1308650
v -0.1000000 -0.8000000 -2.1500000
v -0.0500000 -0.8000000 -2.1500000
v -0.0500000 -0.7961950 -2.1308650
v 0.0500000 -0.8000000 -2.1500000
v 0.0500000 -0.7961950 -2.1691350
v 0.1000000 -0.7961950 -2.1691350
v 0.1000000 -0.8000000 -2.1500000
v 0.0500000 -0.7961950 -2.1691350
v 0.0500000 -0.7853550 -2.1853550
v 0.1000000 -0.7853550 -2.1853550
v 0.1000000 -0.7961950 -2.1691350
v 0.0500000 -0.7853550 -2.1853550
v 0.0500000 -0.7691350 -2.1961950
v 0.1000000 -0.7691350 -2.1961950
v 0.1000000 -0.7853550 -2.1853550
v 0.0500000 -0.7691350 -2.1961950
v 0.0500000 -0.7500000 -2.2000000
v 0.1000000 -0.7500000 -2.2000000
v 0.1000000 -0.7691350 -2.1961950
v 0.0500000 -0.7500000 -2.2000000
v 0.0500000 -0.7308650 -2.1961950
v 0.1000000 -0.7308650 -2.1961950
v 0.1000000 -0.7500000 -2.2000000
v 0.0500000 -0.7308650 -2.1961950
v 0.0500000 -0.7146450 -2.1853550
v 0.1000000 -0.7146450 -2.1853550
v 0.1000000 -0.7308650 -2.1961950
v 0.0500000 -0.7146450 -2.1853550
v 0.0500000 -0.7038050 -2.1691350
v 0.1000000 -0.7038050 -2.1691350
v 0.1000000 -0.7146450 -2.1853550
v 0.0500000 -0.7038050 -2.1691350
v 0.0500000 -0.7000000 -2.1500000
v 0.1000000 -0.7000000 -2.1500000
v 0.1000000 -0.7038050 -2.1691350
v 0.0500000 -0.7000000 -2.1500000
v 0.0500000 -0.7038050 -2.1308650
v 0.1000000 -0.7038050 -2.1308650
v 0.1000000 -0.7000000 -2.1500000
v 0.0500000 -0.7038050 -2.1308650
v 0.0500000 -0.7146450 -2.1146450
v 0.1000000 -0.7146450 -2.1146450
v 0.1000000 -0.7038050 -2.1308650
v 0.0500000 -0.7146450 -2.1146450
v 0.0500000 -0.7308650 -2.1038050
v 0.1000000 -0.7308650 -2.1038050
v 0.1000000 -0.7146450 -2.1146450
v 0.0500000 -0.7308650 -2.1038050
v 0.0500000 -0.7500000 -2.1000000
v 0.1000000 -0.7500000 -2.1000000
v 0.1000000 -0.7308650 -2.1038050
v 0.0500000 -0.7500000 -2.1000000
v 0.0500000 -0.7691350 -2.1038050
v 0.1000000 -0.7691350 -2.1038050
v 0.1000000 -0.7500000 -2.1000000
v 0.0500000 -0.7691350 -2.1038050
v 0.0500000 -0.7853550 -2.1146450
v 0.1000000 -0.7853550 -2.1146450
v 0.1000000 -0.7691350 -2.1038050
v 0.0500000 -0.7853550 -2.1146450
v 0.0500000 -0.7961950 -2.1308650
v 0.1000000 -0.7961950 -2.1308650
v 0.1000000 -0.7853550 -2.1146450
v 0.0500000 -0.7961950 -2.1308650
v 0.0500000 -0.8000000 -2.1500000
v 0.1000000 -0.8000000 -2.1500000
v 0.1000000 -0.7961950 -2.1308650
v -0.1000000 -0.7961950 -2.1691350
v -0.1000000 -0.8000000 -2.1500000
v -0.1000000 -0.7500000 -2.1500000
v -0.1000000 -0.7853550 -2.1853550
v -0.1000000 -0.7961950 -2.1691350
v -0.1000000 -0.7500000 -2.1500000
v -0.1000000 -0.7691350 -2.1961950
v -0.1000000 -0.7853550 -2.1853550
v -0.1000000 -0.7500000 -2.1500000
v -0.1000000 -0.7500000 -2.2000000
v -0.1000000 -0.7691350 -2.1961950
v -0.1000000 -0.7500000 -2.1500000
v -0.1000000 -0.7308650 -2.1961950
v -0.1000000 -0.7500000 -2.2000000
v -0.1000000 -0.7500000 -2.1500000
v -0.1000000 -0.7146450 -2.1853550
v -0.1000000 -0.7308650 -2.1961950
v -0.1000000 -0.7500000 -2.1500000
v -0.1000000 -0.7038050 -2.1691350
v -0.1000000 -0.7146450 -2.1853550
v -0.1000000 -0.7500000 -2.1500000
v -0.1000000 -0.7000000 -2.1500000
v -0.1000000 -0.7038050 -2.1691350
v -0.1000000 -0.7500000 -2.1500000
v -0.1000000 -0.7038050 -2.1308650
v -0.1000000 -0.7000000 -2.1500000
v -0.1000000 -0.7500000 -2.1500000
v -0.1000000 -0.7146450 -2.1146450
v -0.1000000 -0.7038050 -2.1308650
v -0.1000000 -0.7500000 -2.1500000
v -0.1000000 -0.7308650 -2.1038050
v -0.1000000 -0.7146450 -2.1146450
v -0.1000000 -0.7500000 -2.1500000
v -0.1000000 -0.7500000 -2.1000000
v -0.1000000 -0.7308650 -2.1038050
v -0.1000000 -0.7500000 -2.1500000
v -0.1000000 -0.7691350 -2.1038050
v -0.1000000 -0.7500000 -2.1000000
v -0.1000000 -0.7500000 -2.1500000
v -0.1000000 -0.7853550 -2.1146450
v -0.1000000 -0.7691350 -2.1038050
v -0.1000000 -0.7500000 -2.1500000
v -0.1000000 -0.7961950 -2.1308650
v -0.1000000 -0.7853550 -2.1146450
v -0.1000000 -0.7500000 -2.1500000
v -0.1000000 -0.8000000 -2.1500000
v -0.1000000 -0.7961950 -2.1308650
v -0.1000000 -0.7500000 -2.1500000
v 0.1000000 -0.7500000 -2.1500000
v 0.1000000 -0.8000000 -2.1500000
v 0.1000000 -0.7961950 -2.1691350
v 0.1000000 -0.7500000 -2.1500000
v 0.1000000 -0.7961950 -2.1691350
v 0.1000000 -0.7853550 -2.1853550
v 0.1000000 -0.7500000 -2.1500000
v 0.1000000 -0.7853550 -2.1853550
v 0.1000000 -0.7691350 -2.1961950
v 0.1000000 -0.7500000 -2.1500000
v 0.1000000 -0.7691350 -2.1961950
v 0.1000000 -0.7500000 -2.2000000
v 0.1000000 -0.7500000 -2.1500000
v 0.1000000 -0.7500000 -2.2000000
v 0.1000000 -0.7308650 -2.1961950
v 0.1000000 -0.7500000 -2.1500000
v 0.1000000 -0.7308650 -2.1961950
v 0.1000000 -0.7146450 -2.1853550
v 0.1000000 -0.7500000 -2.1500000
v 0.1000000 -0.7146450 -2.1853550
v 0.1000000 -0.7038050 -2.1691350
v 0.1000000 -0.7500000 -2.1500000
v 0.1000000 -0.7038050 -2.1691350
v 0.1000000 -0.7000000 -2.1500000
v 0.1000000 -0.7500000 -2.1500000
v 0.1000000 -0.7000000 -2.1500000
v 0.1000000 -0.7038050 -2.1308650
v 0.1000000 -0.7500000 -2.1500000
v 0.1000000 -0.7038050 -2.1308650
v 0.1000000 -0.7146450 -2.1146450
v 0.1000000 -0.7500000 -2.1500000
v 0.1000000 -0.7146450 -2.1146450
v 0.1000000 -0.7308650 -2.1038050
v 0.1000000 -0.7500000 -2.1500000
v 0.1000000 -0.7308650 -2.1038050
v 0.1000000 -0.7500000 -2.1000000
v 0.1000000 -0.7500000 -2.1500000
v 0.1000000 -0.7500000 -2.1000000
v 0.1000000 -0.7691350 -2.1038050
v 0.1000000 -0.7500000 -2.1500000
v 0.1000000 -0.7691350 -2.1038050
v 0.1000000 -0.7853550 -2.1146450
v 0.1000000 -0.7500000 -2.1500000
v 0.1000000 -0.7853550 -2.1146450
v 0.1000000 -0.7961950 -2.1308650
v 0.1000000 -0.7500000 -2.1500000
v 0.1000000 -0.7961950 -2.1308650
v 0.1000000 -0.8000000 -2.1500000
v -0.0250000 -1.1195600 -2.3030800
v -0.0250000 -1.1500000 -2.1500000
v -0.0250000 -0.7500000 -2.1500000
v -0.0250000 -1.0328400 -2.4328400
v -0.0250000 -1.1195600 -2.3030800
v -0.0250000 -0.7500000 -2.1500000
v -0.0250000 -0.9030800 -2.5195600
v -0.0250000 -1.0328400 -2.4328400
v -0.0250000 -0.7500000 -2.1500000
v -0.0250000 -0.7500000 -2.5500000
v -0.0250000 -0.9030800 -2.5195600
v -0.0250000 -0.7500000 -2.1500000
v -0.0250000 -0.5969200 -2.5195600
v -0.0250000 -0.7500000 -2.5500000
v -0.0250000 -0.7500000 -2.1500000
v -0.0250000 -0.4671600 -2.4328400
v -0.0250000 -0.5969200 -2.5195600
v -0.0250000 -0.7500000 -2.1500000
v -0.0250000 -0.3804400 -2.3030800
v -0.0250000 -0.4671600 -2.4328400
v -0.0250000 -0.7500000 -2.1500000
v -0.0250000 -0.3500000 -2.1500000
v -0.0250000 -0.3804400 -2.3030800
v -0.0250000 -0.7500000 -2.1500000
v -0.0250000 -0.3804400 -1.9969200
v -0.0250000 -0.3500000 -2.1500000
v -0.0250000 -0.7500000 -2.1500000
v -0.0250000 -0.4671600 -1.8671600
v -0.0250000 -0.3804400 -1.9969200
v -0.0250000 -0.7500000 -2.1500000
v -0.0250000 -0.5969200 -1.7804400
v -0.0250000 -0.4671600 -1.8671600
v -0.0250000 -0.7500000 -2.1500000
v -0.0250000 -0.7500000 -1.7500000
v -0.0250000 -0.5969200 -1.7804400
v -0.0250000 -0.7500000 -2.1500000
v -0.0250000 -0.9030800 -1.7804400
v -0.0250000 -0.7500000 -1.7500000
v -0.0250000 -0.7500000 -2.1500000
v -0.0250000 -1.0328400 -1.8671600
v -0.0250000 -0.9030800 -1.7804400
v -0.0250000 -0.7500000 -2.1500000
v -0.0250000 -1.1195600 -1.9969200
v -0.0250000 -1.0328400 -1.8671600
v -0.0250000 -0.7500000 -2.1500000
v -0.0250000 -1.1500000 -2.1500000
v -0.0250000 -1.1195600 -1.9969200
v -0.0250000 -0.7500000 -2.1500000
v 0.0250000 -0.7500000 -2.1500000
v 0.0250000 -1.1500000 -2.1500000
v 0.0250000 -1.1195600 -2.3030800
v 0.0250000 -0.7500000 -2.1500000
v 0.0250000 -1.1195600 -2.3030800
v 0.0250000 -1.0328400 -2.4328400
v 0.0250000 -0.7500000 -2.1500000
v 0.0250000 -1.0328400 -2.4328400
v 0.0250000 -0.9030800 -2.5195600
v 0.0250000 -0.7500000 -2.1500000
v 0.0250000 -0.9030800 -2.5195600
v 0.0250000 -0.7500000 -2.5500000
v 0.0250000 -0.7500000 -2.1500000
v 0.0250000 -0.7500000 -2.5500000
v 0.0250000 -0.5969200 -2.5195600
v 0.0250000 -0.7500000 -2.1500000
v 0.0250000 -0.5969200 -2.5195600
v 0.0250000 -0.4671600 -2.4328400
v 0.0250000 -0.7500000 -2.1500000
v 0.0250000 -0.4671600 -2.4328400
v 0.0250000 -0.3804400 -2.3030800
v 0.0250000 -0.7500000 -2.1500000
v 0.0250000 -0.3804400 -2.3030800
v 0.0250000 -0.3500000 -2.1500000
v 0.0250000 -0.7500000 -2.1500000
v 0.0250000 -0.3500000 -2.1500000
v 0.0250000 -0.3804400 -1.9969200
v 0.0250000 -0.7500000 -2.1500000
v 0.0250000 -0.3804400 -1.9969200
v 0.0250000 -0.4671600 -1.8671600
v 0.0250000 -0.7500000 -2.1500000
v 0.0250000 -0.4671600 -1.8671600
v 0.0250000 -0.5969200 -1.7804400
v 0.0250000 -0.7500000 -2.1500000
v 0.0250000 -0.5969200 -1.7804400
v 0.0250000 -0.7500000 -1.7500000
v 0.0250000 -0.7500000 -2.1500000
v 0.0250000 -0.7500000 -1.7500000
v 0.0250000 -0.9030800 -1.7804400
v 0.0250000 -0.7500000 -2.1500000
v 0.0250000 -0.9030800 -1.7804400
v 0.0250000 -1.0328400 -1.8671600
v 0.0250000 -0.7500000 -2.1500000
v 0.0250000 -1.0328400 -1.8671600
v 0.0250000 -1.1195600 -1.9969200
v 0.0250000 -0.7500000 -2.1500000
v 0.0250000 -1.1195600 -1.9969200
v 0.0250000 -1.1500000 -2.1500000
v -0.0250000 -1.1500000 -2.1500000
v -0.0250000 -1.1195600 -2.3030800
v -0.0500000 -1.1195600 -2.3030800
v -0.0500000 -1.1500000 -2.1500000
v -0.0250000 -1.1195600 -2.3030800
v -0.0250000 -1.0328400 -2.4328400
v -0.0500000 -1.0328400 -2.4328400
v -0.0500000 -1.1195600 -2.3030800
v -0.0250000 -1.0328400 -2.4328400
v -0.0250000 -0.9030800 -2.5195600
v -0.0500000 -0.9030800 -2.5195600
v -0.0500000 -1.0328400 -2.4328400
v -0.0250000 -0.9030800 -2.5195600
v -0.0250000 -0.7500000 -2.5500000
v -0.0500000 -0.7500000 -2.5500000
v -0.0500000 -0.9030800 -2.5195600
v -0.0250000 -0.7500000 -2.5500000
v -0.0250000 -0.5969200 -2.5195600
v -0.0500000 -0.5969200 -2.5195600
v -0.0500000 -0.7500000 -2.5500000
v -0.0250000 -0.5969200 -2.5195600
v -0.0250000 -0.4671600 -2.4328400
v -0.0500000 -0.4671600 -2.4328400
v -0.0500000 -0.5969200 -2.5195600
v -0.0250000 -0.4671600 -2.4328400
v -0.0250000 -0.3804400 -2.3030800
v -0.0500000 -0.3804400 -2.3030800
v -0.0500000 -0.4671600 -2.4328400
v -0.0250000 -0.3804400 -2.3030800
v -0.0250000 -0.3500000 -2.1500000
v -0.0500000 -0.3500000 -2.1500000
v -0.0500000 -0.3804400 -2.3030800
v -0.0250000 -0.3500000 -2.1500000
v -0.0250000 -0.3804400 -1.9969200
v -0.0500000 -0.3804400 -1.9969200
v -0.0500000 -0.3500000 -2.1500000
v -0.0250000 -0.3804400 -1.9969200
v -0.0250000 -0.4671600 -1.8671600
v -0.0500000 -0.4671600 -1.8671600
v -0.0500000 -0.3804400 -1.9969200
v -0.0250000 -0.4671600 -1.8671600
v -0.0250000 -0.5969200 -1.7804400
v -0.0500000 -0.5969200 -1.7804400
v -0.0500000 -0.4671600 -1.8671600
v -0.0250000 -0.5969200 -1.7804400
v -0.0250000 -0.7500000 -1.7500000
v -0.0500000 -0.7500000 -1.7500000
v -0.0500000 -0.5969200 -1.7804400
v -0.0250000 -0.7500000 -1.7500000
v -0.0250000 -0.9030800 -1.7804400
v -0.0500000 -0.9030800 -1.7804400
v -0.0500000 -0.7500000 -1.7500000
v -0.0250000 -0.9030800 -1.7804400
v -0.0250000 -1.0328400 -1.8671600
v -0.0500000 -1.0328400 -1.8671600
v -0.0500000 -0.9030800 -1.7804400
v -0.0250000 -1.0328400 -1.8671600
v -0.0250000 -1.1195600 -1.9969200
v -0.0500000 -1.1195600 -1.9969200
v -0.0500000 -1.0328400 -1.8671600
v -0.0250000 -1.1195600 -1.9969200
v -0.0250000 -1.1500000 -2.1500000
v -0.0500000 -1.1500000 -2.1500000
v -0.0500000 -1.1195600 -1.9969200
v 0.0500000 -1.1500000 -2.1500000
v 0.0500000 -1.1195600 -2.3030800
v 0.0250000 -1.1195600 -2.3030800
v 0.0250000 -1.1500000 -2.1500000
v 0.0500000 -1.1195600 -2.3030800
v 0.0500000 -1.0328400 -2.4328400
v 0.0250000 -1.0328400 -2.4328400
v 0.0250000 -1.1195600 -2.3030800
v 0.0500000 -1.0328400 -2.4328400
v 0.0500000 -0.9030800 -2.5195600
v 0.0250000 -0.9030800 -2.5195600
v 0.0250000 -1.0328400 -2.4328400
v 0.0500000 -0.9030800 -2.5195600
v 0.0500000 -0.7500000 -2.5500000
v 0.0250000 -0.7500000 -2.5500000
v 0.0250000 -0.9030800 -2.5195600
v 0.0500000 -0.7500000 -2.5500000
v 0.0500000 -0.5969200 -2.5195600
v 0.0250000 -0.5969200 -2.5195600
v 0.0250000 -0.7500000 -2.5500000
v 0.0500000 -0.5969200 -2.5195600
v 0.0500000 -0.4671600 -2.4328400
v 0.0250000 -0.4671600 -2.4328400
v 0.0250000 -0.5969200 -2.5195600
v 0.0500000 -0.4671600 -2.4328400
v 0.0500000 -0.3804400 -2.3030800
v 0.0250000 -0.3804400 -2.3030800
v 0.0250000 -0.4671600 -2.4328400
v 0.0500000 -0.3804400 -2.3030800
v 0.0500000 -0.3500000 -2.1500000
v 0.0250000 -0.3500000 -2.1500000
v 0.0250000 -0.3804400 -2.3030800
v 0.0500000 -0.3500000 -2.1500000
v 0.0500000 -0.3804400 -1.9969200
v 0.0250000 -0.3804400 -1.9969200
v 0.0250000 -0.3500000 -2.1500000
v 0.0500000 -0.3804400 -1.9969200
v 0.0500000 -0.4671600 -1.8671600
v 0.0250000 -0.4671600 -1.8671600
v 0.0250000 -0.3804400 -1.9969200
v 0.0500000 -0.4671600 -1.8671600
v 0.0500000 -0.5969200 -1.7804400
v 0.0250000 -0.5969200 -1.7804400
v 0.0250000 -0.4671600 -1.8671600
v 0.0500000 -0.5969200 -1.7804400
v 0.0500000 -0.7500000 -1.7500000
v 0.0250000 -0.7500000 -1.7500000
v 0.0250000 -0.5969200 -1.7804400
v 0.0500000 -0.7500000 -1.7500000
v 0.0500000 -0.9030800 -1.7804400
v 0.0250000 -0.9030800 -1.7804400
v 0.0250000 -0.7500000 -1.7500000
v 0.0500000 -0.9030800 -1.7804400
v 0.0500000 -1.0328400 -1.8671600
v 0.0250000 -1.0328400 -1.8671600
v 0.0250000 -0.9030800 -1.7804400
v 0.0500000 -1.0328400 -1.8671600
v 0.0500000 -1.1195600 -1.9969200
v 0.0250000 -1.1195600 -1.9969200
v 0.0250000 -1.0328400 -1.8671600
v 0.0500000 -1.1195600 -1.9969200
v 0.0500000 -1.1500000 -2.1500000
v 0.0250000 -1.1500000 -2.1500000
v 0.0250000 -1.1195600 -1.9969200
v -0.0500000 -0.3500000 -2.1500000
v -0.0500000 -0.3804400 -1.9969200
v -0.0500000 -0.3342450 -1.9777850
v -0.0500000 -0.3000000 -2.1500000
v -0.0500000 -0.3804400 -1.9969200
v -0.0500000 -0.4671600 -1.8671600
v -0.0500000 -0.4318050 -1.8318050
v -0.0500000 -0.3342450 -1.9777850
v -0.0500000 -0.4671600 -1.8671600
v -0.0500000 -0.5969200 -1.7804400
v -0.0500000 -0.5777850 -1.7342450
v -0.0500000 -0.4318050 -1.8318050
v -0.0500000 -0.5969200 -1.7804400
v -0.0500000 -0.7500000 -1.7500000
v -0.0500000 -0.7500000 -1.7000000
v -0.0500000 -0.5777850 -1.7342450
v -0.0500000 -0.7500000 -1.7500000
v -0.0500000 -0.9030800 -1.7804400
v -0.0500000 -0.9222150 -1.7342450
v -0.0500000 -0.7500000 -1.7000000
v -0.0500000 -0.9030800 -1.7804400
v -0.0500000 -1.0328400 -1.8671600
v -0.0500000 -1.0681950 -1.8318050
v -0.0500000 -0.9222150 -1.7342450
v -0.0500000 -1.0328400 -1.8671600
v -0.0500000 -1.1195600 -1.9969200
v -0.0500000 -1.1657550 -1.9777850
v -0.0500000 -1.0681950 -1.8318050
v -0.0500000 -1.1195600 -1.9969200
v -0.0500000 -1.1500000 -2.1500000
v -0.0500000 -1.2000000 -2.1500000
v -0.0500000 -1.1657550 -1.9777850
v -0.0500000 -1.1500000 -2.1500000
v -0.0500000 -1.1195600 -2.3030800
v -0.0500000 -1.1657550 -2.3222150
v -0.0500000 -1.2000000 -2.1500000
v -0.0500000 -1.1195600 -2.3030800
v -0.0500000 -1.0328400 -2.4328400
v -0.0500000 -1.0681950 -2.4681950
v -0.0500000 -1.1657550 -2.3222150
v -0.0500000 -1.0328400 -2.4328400
v -0.0500000 -0.9030800 -2.5195600
v -0.0500000 -0.9222150 -2.5657550
v -0.0500000 -1.0681950 -2.4681950
v -0.0500000 -0.9030800 -2.5195600
v -0.0500000 -0.7500000 -2.5500000
v -0.0500000 -0.7500000 -2.6000000
v -0.0500000 -0.9222150 -2.5657550
v -0.0500000 -0.7500000 -2.5500000
v -0.0500000 -0.5969200 -2.5195600
v -0.0500000 -0.5777850 -2.5657550
v -0.0500000 -0.7500000 -2.6000000
v -0.0500000 -0.5969200 -2.5195600
v -0.0500000 -0.4671600 -2.4328400
v -0.0500000 -0.4318050 -2.4681950
v -0.0500000 -0.5777850 -2.5657550
v -0.0500000 -0.4671600 -2.4328400
v -0.0500000 -0.3804400 -2.3030800
v -0.0500000 -0.3342450 -2.3222150
v -0.0500000 -0.4318050 -2.4681950
v -0.0500000 -0.3804400 -2.3030800
v -0.0500000 -0.3500000 -2.1500000
v -0.0500000 -0.3000000 -2.1500000
v -0.0500000 -0.3342450 -2.3222150
v 0.0500000 -0.3000000 -2.1500000
v 0.0500000 -0.3342450 -1.9777850
v 0.0500000 -0.3804400 -1.9969200
v 0.0500000 -0.3500000 -2.1500000
v 0.0500000 -0.3342450 -1.9777850
v 0.0500000 -0.4318050 -1.8318050
v 0.0500000 -0.4671600 -1.8671600
v 0.0500000 -0.3804400 -1.9969200
v 0.0500000 -0.4318050 -1.8318050
v 0.0500000 -0.5777850 -1.7342450
v 0.0500000 -0.5969200 -1.7804400
v 0.0500000 -0.4671600 -1.8671600
v 0.0500000 -0.5777850 -1.7342450
v 0.0500000 -0.7500000 -1.7000000
v 0.0500000 -0.7500000 -1.7500000
v 0.0500000 -0.5969200 -1.7804400
v 0.0500000 -0.7500000 -1.7000000
v 0.0500000 -0.9222150 -1.7342450
v 0.0500000 -0.9030800 -1.7804400
v 0.0500000 -0.7500000 -1.7500000
v 0.0500000 -0.9222150 -1.7342450
v 0.0500000 -1.0681950 -1.8318050
v 0.0500000 -1.0328400 -1.8671600
v 0.0500000 -0.9030800 -1.7804400
v 0.0500000 -1.0681950 -1.8318050
v 0.0500000 -1.1657550 -1.9777850
v 0.0500000 -1.1195600 -1.9969200
v 0.0500000 -1.0328400 -1.8671600
v 0.0500000 -1.1657550 -1.9777850
v 0.0500000 -1.2000000 -2.1500000
v 0.0500000 -1.1500000 -2.1500000
v 0.0500000 -1.1195600 -1.9969200
v 0.0500000 -1.2000000 -2.1500000
v 0.0500000 -1.1657550 -2.3222150
v 0.0500000 -1.1195600 -2.3030800
v 0.0500000 -1.1500000 -2.1500000
v 0.0500000 -1.1657550 -2.3222150
v 0.0500000 -1.0681950 -2.4681950
v 0.0500000 -1.0328400 -2.4328400
v 0.0500000 -1.1195600 -2.3030800
v 0.0500000 -1.0681950 -2.4681950
v 0.0500000 -0.9222150 -2.5657550
v 0.0500000 -0.9030800 -2.5195600
v 0.0500000 -1.0328400 -2.4328400
v 0.0500000 -0.9222150 -2.5657550
v 0.0500000 -0.7500000 -2.6000000
v 0.0500000 -0.7500000 -2.5500000
v 0.0500000 -0.9030800 -2.5195600
v 0.0500000 -0.7500000 -2.6000000
v 0.0500000 -0.5777850 -2.5657550
v 0.0500000 -0.5969200 -2.5195600
v 0.0500000 -0.7500000 -2.5500000
v 0.0500000 -0.5777850 -2.5657550
v 0.0500000 -0.4318050 -2.4681950
v 0.0500000 -0.4671600 -2.4328400
v 0.0500000 -0.5969200 -2.5195600
v 0.0500000 -0.4318050 -2.4681950
v 0.0500000 -0.3342450 -2.3222150
v 0.0500000 -0.3804400 -2.3030800
v 0.0500000 -0.4671600 -2.4328400
v 0.0500000 -0.3342450 -2.3222150
v 0.0500000 -0.3000000 -2.1500000
v 0.0500000 -0.3500000 -2.1500000
v 0.0500000 -0.3804400 -2.3030800
v 0.0000000 -0.3804400 -1.9969200
v 0.0500000 -0.3342450 -1.9777850
v 0.0500000 -0.3000000 -2.1500000
v 0.0000000 -0.3500000 -2.1500000
v 0.0000000 -0.4671600 -1.8671600
v 0.0500000 -0.4318050 -1.8318050
v 0.0500000 -0.3342450 -1.9777850
v 0.0000000 -0.3804400 -1.9969200
v 0.0000000 -0.5969200 -1.7804400
v 0.0500000 -0.5777850 -1.7342450
v 0.0500000 -0.4318050 -1.8318050
v 0.0000000 -0.4671600 -1.8671600
v 0.0000000 -0.7500000 -1.7500000
v 0.0500000 -0.7500000 -1.7000000
v 0.0500000 -0.5777850 -1.7342450
v 0.0000000 -0.5969200 -1.7804400
v 0.0000000 -0.9030800 -1.7804400
v 0.0500000 -0.9222150 -1.7342450
v 0.0500000 -0.7500000 -1.7000000
v 0.0000000 -0.7500000 -1.7500000
v 0.0000000 -1.0328400 -1.8671600
v 0.0500000 -1.0681950 -1.8318050
v 0.0500000 -0.9222150 -1.7342450
v 0.0000000 -0.9030800 -1.7804400
v 0.0000000 -1.1195600 -1.9969200
v 0.0500000 -1.1657550 -1.9777850
v 0.0500000 -1.0681950 -1.8318050
v 0.0000000 -1.0328400 -1.8671600
v 0.0000000 -1.1500000 -2.1500000
v 0.0500000 -1.2000000 -2.1500000
v 0.0500000 -1.1657550 -1.9777850
v 0.0000000 -1.1195600 -1.9969200
v 0.0000000 -1.1195600 -2.3030800
v 0.0500000 -1.1657550 -2.3222150
v 0.0500000 -1.2000000 -2.1500000
v 0.0000000 -1.1500000 -2.1500000
v 0.0000000 -1.0328400 -2.4328400
v 0.0500000 -1.0681950 -2.4681950
v 0.0500000 -1.1657550 -2.3222150
v 0.0000000 -1.1195600 -2.3030800
v 0.0000000 -0.9030800 -2.5195600
v 0.0500000 -0.9222150 -2.5657550
v 0.0500000 -1.0681950 -2.4681950
v 0.0000000 -1.0328400 -2.4328400
v 0.0000000 -0.7500000 -2.5500000
v 0.0500000 -0.7500000 -2.6000000
v 0.0500000 -0.9222150 -2.5657550
v 0.0000000 -0.9030800 -2.5195600
v 0.0000000 -0.5969200 -2.5195600
v 0.0500000 -0.5777850 -2.5657550
v 0.0500000 -0.7500000 -2.6000000
v 0.0000000 -0.7500000 -2.5500000
v 0.0000000 -0.4671600 -2.4328400
v 0.0500000 -0.4318050 -2.4681950
v 0.0500000 -0.5777850 -2.5657550
v 0.0000000 -0.5969200 -2.5195600
v 0.0000000 -0.3804400 -2.3030800
v 0.0500000 -0.3342450 -2.3222150
v 0.0500000 -0.4318050 -2.4681950
v 0.0000000 -0.4671600 -2.4328400
v 0.0000000 -0.3500000 -2.1500000
v 0.0500000 -0.3000000 -2.1500000
v 0.0500000 -0.3342450 -2.3222150
v 0.0000000 -0.3804400 -2.3030800
v 0.0000000 -0.3804400 -2.3030800
v -0.0500000 -0.3342450 -2.3222150
v -0.0500000 -0.3000000 -2.1500000
v 0.0000000 -0.3500000 -2.1500000
v 0.0000000 -0.4671600 -2.4328400
v -0.0500000 -0.4318050 -2.4681950
v -0.0500000 -0.3342450 -2.3222150
v 0.0000000 -0.3804400 -2.3030800
v 0.0000000 -0.5969200 -2.5195600
v -0.0500000 -0.5777850 -2.5657550
v -0.0500000 -0.4318050 -2.4681950
v 0.0000000 -0.4671600 -2.4328400
v 0.0000000 -0.7500000 -2.5500000
v -0.0500000 -0.7500000 -2.6000000
v -0.0500000 -0.5777850 -2.5657550
v 0.0000000 -0.5969200 -2.5195600
v 0.0000000 -0.9030800 -2.5195600
v -0.0500000 -0.9222150 -2.5657550
v -0.0500000 -0.7500000 -2.6000000
v 0.0000000 -0.7500000 -2.5500000
v 0.0000000 -1.0328400 -2.4328400
v -0.0500000 -1.0681950 -2.4681950
v -0.0500000 -0.9222150 -2.5657550
v 0.0000000 -0.9030800 -2.5195600
v 0.0000000 -1.1195600 -2.3030800
v -0.0500000 -1.1657550 -2.3222150
v -0.0500000 -1.0681950 -2.4681950
v 0.0000000 -1.0328400 -2.4328400
v 0.0000000 -1.1500000 -2.1500000
v -0.0500000 -1.2000000 -2.1500000
v -0.0500000 -1.1657550 -2.3222150
v 0.0000000 -1.1195600 -2.3030800
v 0.0000000 -1.1195600 -1.9969200
v -0.0500000 -1.1657550 -1.9777850
v -0.0500000 -1.2000000 -2.1500000
v 0.0000000 -1.1500000 -2.1500000
v 0.0000000 -1.0328400 -1.8671600
v -0.0500000 -1.0681950 -1.8318050
v -0.0500000 -1.1657550 -1.9777850
v 0.0000000 -1.1195600 -1.9969200
v 0.0000000 -0.9030800 -1.7804400
v -0.0500000 -0.9222150 -1.7342450
v -0.0500000 -1.0681950 -1.8318050
v 0.0000000 -1.0328400 -1.8671600
v 0.0000000 -0.7500000 -1.7500000
v -0.0500000 -0.7500000 -1.7000000
v -0.0500000 -0.9222150 -1.7342450
v 0.0000000 -0.9030800 -1.7804400
v 0.0000000 -0.5969200 -1.7804400
v -0.0500000 -0.5777850 -1.7342450
v -0.0500000 -0.7500000 -1.7000000
v 0.0000000 -0.7500000 -1.7500000
v 0.0000000 -0.4671600 -1.8671600
v -0.0500000 -0.4318050 -1.8318050
v -0.0500000 -0.5777850 -1.7342450
v 0.0000000 -0.5969200 -1.7804400
v 0.0000000 -0.3804400 -1.9969200
v -0.0500000 -0.3342450 -1.9777850
v -0.0500000 -0.4318050 -1.8318050
v 0.0000000 -0.4671600 -1.8671600
v 0.0000000 -0.3500000 -2.1500000
v -0.0500000 -0.3000000 -2.1500000
v -0.0500000 -0.3342450 -1.9777850
v 0.0000000 -0.3804400 -1.9969200
v -0.0250000 -0.6549640 -2.1750000
v -0.0345750 -0.6545867 -2.1731000
v -0.0345750 -0.3545950 -2.1731000
v -0.0250000 -0.3549725 -2.1750000
v -0.0426750 -0.3535150 -2.1676750
v -0.0345750 -0.3545950 -2.1731000
v -0.0345750 -0.6545867 -2.1731000
v -0.0426750 -0.6535095 -2.1676750
v -0.0481000 -0.3519050 -2.1595750
v -0.0426750 -0.3535150 -2.1676750
v -0.0426750 -0.6535095 -2.1676750
v -0.0481000 -0.6519012 -2.1595750
v -0.0500000 -0.3500000 -2.1500000
v -0.0481000 -0.3519050 -2.1595750
v -0.0481000 -0.6519012 -2.1595750
v -0.0500000 -0.6500000 -2.1500000
v -0.0481000 -0.3519050 -2.1404250
v -0.0500000 -0.3500000 -2.1500000
v -0.0500000 -0.6500000 -2.1500000
v -0.0481000 -0.6519012 -2.1404250
v -0.0426750 -0.3535150 -2.1323250
v -0.0481000 -0.3519050 -2.1404250
v -0.0481000 -0.6519012 -2.1404250
v -0.0426750 -0.6535095 -2.1323250
v -0.0345750 -0.3545950 -2.1269000
v -0.0426750 -0.3535150 -2.1323250
v -0.0426750 -0.6535095 -2.1323250
v -0.0345750 -0.6545867 -2.1269000
v -0.0250000 -0.3549725 -2.1250000
v -0.0345750 -0.3545950 -2.1269000
v -0.0345750 -0.6545867 -2.1269000
v -0.0250000 -0.6549640 -2.1250000
v -0.0345750 -0.4223750 -2.3658287
v -0.0250000 -0.4234350 -2.3674153
v -0.0250000 -0.6788110 -2.2199693
v -0.0345750 -0.6777498 -2.2183835
v -0.0345750 -0.6777498 -2.2183835
v -0.0426750 -0.6747280 -2.2138683
v -0.0426750 -0.4193500 -2.3613028
v -0.0345750 -0.4223750 -2.3658287
v -0.0481000 -0.4148350 -2.3545448
v -0.0426750 -0.4193500 -2.3613028
v -0.0426750 -0.6747280 -2.2138683
v -0.0481000 -0.6702018 -2.2071050
v -0.0500000 -0.4095175 -2.3465835
v -0.0481000 -0.4148350 -2.3545448
v -0.0481000 -0.6702018 -2.2071050
v -0.0500000 -0.6648763 -2.1991475
v -0.0481000 -0.4041925 -2.3386130
v -0.0500000 -0.4095175 -2.3465835
v -0.0500000 -0.6648763 -2.1991475
v -0.0481000 -0.6595505 -2.1911897
v -0.0457618 -0.6576000 -2.1882750
v -0.0426750 -0.6566495 -2.1834878
v -0.0426750 -0.3996775 -2.3318550
v -0.0481000 -0.4041925 -2.3386130
v -0.0481000 -0.4041925 -2.3386130
v -0.0481000 -0.6595505 -2.1911897
v -0.0457618 -0.6576000 -2.1882750
v -0.0345750 -0.3966600 -2.3273385
v -0.0426750 -0.3996775 -2.3318550
v -0.0426750 -0.6566495 -2.1834878
v -0.0345750 -0.6555345 -2.1778728
v -0.0345750 -0.6555345 -2.1778728
v -0.0250000 -0.6551427 -2.1759003
v -0.0250000 -0.3956000 -2.3257520
v -0.0345750 -0.3966600 -2.3273385
v -0.0345750 -0.5726615 -2.5033400
v -0.0250000 -0.5742480 -2.5044000
v -0.0250000 -0.7240998 -2.2448573
v -0.0345750 -0.7221272 -2.2444655
v -0.0426750 -0.5681450 -2.5003225
v -0.0345750 -0.5726615 -2.5033400
v -0.0345750 -0.7221272 -2.2444655
v -0.0426750 -0.7165123 -2.2433505
v -0.0457625 -0.7117250 -2.2424000
v -0.0481000 -0.7088102 -2.2404495
v -0.0481000 -0.5613870 -2.4958075
v -0.0426750 -0.5681450 -2.5003225
v -0.0426750 -0.5681450 -2.5003225
v -0.0426750 -0.7165123 -2.2433505
v -0.0457625 -0.7117250 -2.2424000
v -0.0500000 -0.5534165 -2.4904825
v -0.0481000 -0.5613870 -2.4958075
v -0.0481000 -0.7088102 -2.2404495
v -0.0500000 -0.7008525 -2.2351238
v -0.0481000 -0.5454553 -2.4851650
v -0.0500000 -0.5534165 -2.4904825
v -0.0500000 -0.7008525 -2.2351238
v -0.0481000 -0.6928950 -2.2297982
v -0.0426750 -0.5386973 -2.4806500
v -0.0481000 -0.5454553 -2.4851650
v -0.0481000 -0.6928950 -2.2297982
v -0.0426750 -0.6861318 -2.2252720
v -0.0426750 -0.6861318 -2.2252720
v -0.0345750 -0.6816165 -2.2222503
v -0.0345750 -0.5341712 -2.4776250
v -0.0426750 -0.5386973 -2.4806500
v -0.0250000 -0.5325848 -2.4765650
v -0.0345750 -0.5341712 -2.4776250
v -0.0345750 -0.6816165 -2.2222503
v -0.0250000 -0.6800308 -2.2211890
v -0.0250000 -0.7750000 -2.2450360
v -0.0345750 -0.7731000 -2.2454132
v -0.0345750 -0.7731000 -2.5454050
v -0.0250000 -0.7750000 -2.5450275
v -0.0426750 -0.7676750 -2.5464850
v -0.0345750 -0.7731000 -2.5454050
v -0.0345750 -0.7731000 -2.2454132
v -0.0426750 -0.7676750 -2.2464905
v -0.0481000 -0.7595750 -2.5480950
v -0.0426750 -0.7676750 -2.5464850
v -0.0426750 -0.7676750 -2.2464905
v -0.0481000 -0.7595750 -2.2480988
v -0.0500000 -0.7500000 -2.5500000
v -0.0481000 -0.7595750 -2.5480950
v -0.0481000 -0.7595750 -2.2480988
v -0.0500000 -0.7500000 -2.2500000
v -0.0481000 -0.7404250 -2.5480950
v -0.0500000 -0.7500000 -2.5500000
v -0.0500000 -0.7500000 -2.2500000
v -0.0481000 -0.7404250 -2.2480988
v -0.0426750 -0.7323250 -2.5464850
v -0.0481000 -0.7404250 -2.5480950
v -0.0481000 -0.7404250 -2.2480988
v -0.0426750 -0.7323250 -2.2464905
v -0.0345750 -0.7269000 -2.5454050
v -0.0426750 -0.7323250 -2.5464850
v -0.0426750 -0.7323250 -2.2464905
v -0.0345750 -0.7269000 -2.2454132
v -0.0250000 -0.7250000 -2.5450275
v -0.0345750 -0.7269000 -2.5454050
v -0.0345750 -0.7269000 -2.2454132
v -0.0250000 -0.7250000 -2.2450360
v -0.0345750 -0.9658288 -2.4776250
v -0.0250000 -0.9674153 -2.4765650
v -0.0250000 -0.8199692 -2.2211890
v -0.0345750 -0.8183835 -2.2222503
v -0.0345750 -0.8183835 -2.2222503
v -0.0426750 -0.8138683 -2.2252720
v -0.0426750 -0.9613027 -2.4806500
v -0.0345750 -0.9658288 -2.4776250
v -0.0481000 -0.9545448 -2.4851650
v -0.0426750 -0.9613027 -2.4806500
v -0.0426750 -0.8138683 -2.2252720
v -0.0481000 -0.8071050 -2.2297982
v -0.0500000 -0.9465835 -2.4904825
v -0.0481000 -0.9545448 -2.4851650
v -0.0481000 -0.8071050 -2.2297982
v -0.0500000 -0.7991475 -2.2351238
v -0.0481000 -0.9386130 -2.4958075
v -0.0500000 -0.9465835 -2.4904825
v -0.0500000 -0.7991475 -2.2351238
v -0.0481000 -0.7911898 -2.2404495
v -0.0457618 -0.7882750 -2.2424000
v -0.0426750 -0.7834878 -2.2433505
v -0.0426750 -0.9318550 -2.5003225
v -0.0481000 -0.9386130 -2.4958075
v -0.0481000 -0.9386130 -2.4958075
v -0.0481000 -0.7911898 -2.2404495
v -0.0457618 -0.7882750 -2.2424000
v -0.0345750 -0.9273385 -2.5033400
v -0.0426750 -0.9318550 -2.5003225
v -0.0426750 -0.7834878 -2.2433505
v -0.0345750 -0.7778728 -2.2444655
v -0.0345750 -0.7778728 -2.2444655
v -0.0250000 -0.7759003 -2.2448573
v -0.0250000 -0.9257520 -2.5044000
v -0.0345750 -0.9273385 -2.5033400
v -0.0345750 -1.1033400 -2.3273385
v -0.0250000 -1.1044000 -2.3257520
v -0.0250000 -0.8448573 -2.1759003
v -0.0345750 -0.8444655 -2.1778728
v -0.0426750 -1.1003225 -2.3318550
v -0.0345750 -1.1033400 -2.3273385
v -0.0345750 -0.8444655 -2.1778728
v -0.0426750 -0.8433505 -2.1834878
v -0.0457625 -0.8424000 -2.1882750
v -0.0481000 -0.8404495 -2.1911897
v -0.0481000 -1.0958075 -2.3386130
v -0.0426750 -1.1003225 -2.3318550
v -0.0426750 -1.1003225 -2.3318550
v -0.0426750 -0.8433505 -2.1834878
v -0.0457625 -0.8424000 -2.1882750
v -0.0500000 -1.0904825 -2.3465835
v -0.0481000 -1.0958075 -2.3386130
v -0.0481000 -0.8404495 -2.1911897
v -0.0500000 -0.8351238 -2.1991475
v -0.0481000 -1.0851650 -2.3545448
v -0.0500000 -1.0904825 -2.3465835
v -0.0500000 -0.8351238 -2.1991475
v -0.0481000 -0.8297983 -2.2071050
v -0.0426750 -1.0806500 -2.3613028
v -0.0481000 -1.0851650 -2.3545448
v -0.0481000 -0.8297983 -2.2071050
v -0.0426750 -0.8252720 -2.2138683
v -0.0426750 -0.8252720 -2.2138683
v -0.0345750 -0.8222503 -2.2183835
v -0.0345750 -1.0776250 -2.3658287
v -0.0426750 -1.0806500 -2.3613028
v -0.0250000 -1.0765650 -2.3674153
v -0.0345750 -1.0776250 -2.3658287
v -0.0345750 -0.8222503 -2.2183835
v -0.0250000 -0.8211890 -2.2199693
v -0.0250000 -0.8450360 -2.1250000
v -0.0345750 -0.8454133 -2.1269000
v -0.0345750 -1.1454050 -2.1269000
v -0.0250000 -1.1450275 -2.1250000
v -0.0426750 -1.1464850 -2.1323250
v -0.0345750 -1.1454050 -2.1269000
v -0.0345750 -0.8454133 -2.1269000
v -0.0426750 -0.8464905 -2.1323250
v -0.0481000 -1.1480950 -2.1404250
v -0.0426750 -1.1464850 -2.1323250
v -0.0426750 -0.8464905 -2.1323250
v -0.0481000 -0.8480988 -2.1404250
v -0.0500000 -1.1500000 -2.1500000
v -0.0481000 -1.1480950 -2.1404250
v -0.0481000 -0.8480988 -2.1404250
v -0.0500000 -0.8500000 -2.1500000
v -0.0481000 -1.1480950 -2.1595750
v -0.0500000 -1.1500000 -2.1500000
v -0.0500000 -0.8500000 -2.1500000
v -0.0481000 -0.8480988 -2.1595750
v -0.0426750 -1.1464850 -2.1676750
v -0.0481000 -1.1480950 -2.1595750
v -0.0481000 -0.8480988 -2.1595750
v -0.0426750 -0.8464905 -2.1676750
v -0.0345750 -1.1454050 -2.1731000
v -0.0426750 -1.1464850 -2.1676750
v -0.0426750 -0.8464905 -2.1676750
v -0.0345750 -0.8454133 -2.1731000
v -0.0250000 -1.1450275 -2.1750000
v -0.0345750 -1.1454050 -2.1731000
v -0.0345750 -0.8454133 -2.1731000
v -0.0250000 -0.8450360 -2.1750000
v -0.0345750 -1.0776250 -1.9341713
v -0.0250000 -1.0765650 -1.9325848
v -0.0250000 -0.8211890 -2.0800308
v -0.0345750 -0.8222503 -2.0816165
v -0.0345750 -0.8222503 -2.0816165
v -0.0426750 -0.8252720 -2.0861317
v -0.0426750 -1.0806500 -1.9386972
v -0.0345750 -1.0776250 -1.9341713
v -0.0481000 -1.0851650 -1.9454552
v -0.0426750 -1.0806500 -1.9386972
v -0.0426750 -0.8252720 -2.0861317
v -0.0481000 -0.8297983 -2.0928950
v -0.0500000 -1.0904825 -1.9534165
v -0.0481000 -1.0851650 -1.9454552
v -0.0481000 -0.8297983 -2.0928950
v -0.0500000 -0.8351238 -2.1008525
v -0.0481000 -1.0958075 -1.9613870
v -0.0500000 -1.0904825 -1.9534165
v -0.0500000 -0.8351238 -2.1008525
v -0.0481000 -0.8404495 -2.1088103
v -0.0457618 -0.8424000 -2.1117250
v -0.0426750 -0.8433505 -2.1165122
v -0.0426750 -1.1003225 -1.9681450
v -0.0481000 -1.0958075 -1.9613870
v -0.0481000 -1.0958075 -1.9613870
v -0.0481000 -0.8404495 -2.1088103
v -0.0457618 -0.8424000 -2.1117250
v -0.0345750 -1.1033400 -1.9726615
v -0.0426750 -1.1003225 -1.9681450
v -0.0426750 -0.8433505 -2.1165122
v -0.0345750 -0.8444655 -2.1221273
v -0.0345750 -0.8444655 -2.1221273
v -0.0250000 -0.8448573 -2.1240998
v -0.0250000 -1.1044000 -1.9742480
v -0.0345750 -1.1033400 -1.9726615
v -0.0345750 -0.9273385 -1.7966600
v -0.0250000 -0.9257520 -1.7956000
v -0.0250000 -0.7759003 -2.0551427
v -0.0345750 -0.7778728 -2.0555345
v -0.0426750 -0.9318550 -1.7996775
v -0.0345750 -0.9273385 -1.7966600
v -0.0345750 -0.7778728 -2.0555345
v -0.0426750 -0.7834878 -2.0566495
v -0.0457625 -0.7882750 -2.0576000
v -0.0481000 -0.7911898 -2.0595505
v -0.0481000 -0.9386130 -1.8041925
v -0.0426750 -0.9318550 -1.7996775
v -0.0426750 -0.9318550 -1.7996775
v -0.0426750 -0.7834878 -2.0566495
v -0.0457625 -0.7882750 -2.0576000
v -0.0500000 -0.9465835 -1.8095175
v -0.0481000 -0.9386130 -1.8041925
v -0.0481000 -0.7911898 -2.0595505
v -0.0500000 -0.7991475 -2.0648763
v -0.0481000 -0.9545448 -1.8148350
v -0.0500000 -0.9465835 -1.8095175
v -0.0500000 -0.7991475 -2.0648763
v -0.0481000 -0.8071050 -2.0702018
v -0.0426750 -0.9613027 -1.8193500
v -0.0481000 -0.9545448 -1.8148350
v -0.0481000 -0.8071050 -2.0702018
v -0.0426750 -0.8138683 -2.0747280
v -0.0426750 -0.8138683 -2.0747280
v -0.0345750 -0.8183835 -2.0777498
v -0.0345750 -0.9658288 -1.8223750
v -0.0426750 -0.9613027 -1.8193500
v -0.0250000 -0.9674153 -1.8234350
v -0.0345750 -0.9658288 -1.8223750
v -0.0345750 -0.8183835 -2.0777498
v -0.0250000 -0.8199692 -2.0788110
v -0.0250000 -0.7250000 -2.0549640
v -0.0345750 -0.7269000 -2.0545867
v -0.0345750 -0.7269000 -1.7545950
v -0.0250000 -0.7250000 -1.7549725
v -0.0426750 -0.7323250 -1.7535150
v -0.0345750 -0.7269000 -1.7545950
v -0.0345750 -0.7269000 -2.0545867
v -0.0426750 -0.7323250 -2.0535095
v -0.0481000 -0.7404250 -1.7519050
v -0.0426750 -0.7323250 -1.7535150
v -0.0426750 -0.7323250 -2.0535095
v -0.0481000 -0.7404250 -2.0519012
v -0.0500000 -0.7500000 -1.7500000
v -0.0481000 -0.7404250 -1.7519050
v -0.0481000 -0.7404250 -2.0519012
v -0.0500000 -0.7500000 -2.0500000
v -0.0481000 -0.7595750 -1.7519050
v -0.0500000 -0.7500000 -1.7500000
v -0.0500000 -0.7500000 -2.0500000
v -0.0481000 -0.7595750 -2.0519012
v -0.0426750 -0.7676750 -1.7535150
v -0.0481000 -0.7595750 -1.7519050
v -0.0481000 -0.7595750 -2.0519012
v -0.0426750 -0.7676750 -2.0535095
v -0.0345750 -0.7731000 -1.7545950
v -0.0426750 -0.7676750 -1.7535150
v -0.0426750 -0.7676750 -2.0535095
v -0.0345750 -0.7731000 -2.0545867
v -0.0250000 -0.7750000 -1.7549725
v -0.0345750 -0.7731000 -1.7545950
v -0.0345750 -0.7731000 -2.0545867
v -0.0250000 -0.7750000 -2.0549640
v -0.0345750 -0.5341712 -1.8223750
v -0.0250000 -0.5325848 -1.8234350
v -0.0250000 -0.6800308 -2.0788110
v -0.0345750 -0.6816165 -2.0777498
v -0.0345750 -0.6816165 -2.0777498
v -0.0426750 -0.6861318 -2.0747280
v -0.0426750 -0.5386973 -1.8193500
v -0.0345750 -0.5341712 -1.8223750
v -0.0481000 -0.5454553 -1.8148350
v -0.0426750 -0.5386973 -1.8193500
v -0.0426750 -0.6861318 -2.0747280
v -0.0481000 -0.6928950 -2.0702018
v -0.0500000 -0.5534165 -1.8095175
v -0.0481000 -0.5454553 -1.8148350
v -0.0481000 -0.6928950 -2.0702018
v -0.0500000 -0.7008525 -2.0648763
v -0.0481000 -0.5613870 -1.8041925
v -0.0500000 -0.5534165 -1.8095175
v -0.0500000 -0.7008525 -2.0648763
v -0.0481000 -0.7088102 -2.0595505
v -0.0457618 -0.7117250 -2.0576000
v -0.0426750 -0.7165123 -2.0566495
v -0.0426750 -0.5681450 -1.7996775
v -0.0481000 -0.5613870 -1.8041925
v -0.0481000 -0.5613870 -1.8041925
v -0.0481000 -0.7088102 -2.0595505
v -0.0457618 -0.7117250 -2.0576000
v -0.0345750 -0.5726615 -1.7966600
v -0.0426750 -0.5681450 -1.7996775
v -0.0426750 -0.7165123 -2.0566495
v -0.0345750 -0.7221272 -2.0555345
v -0.0345750 -0.7221272 -2.0555345
v -0.0250000 -0.7240998 -2.0551427
v -0.0250000 -0.5742480 -1.7956000
v -0.0345750 -0.5726615 -1.7966600
v -0.0345750 -0.3966600 -1.9726615
v -0.0250000 -0.3956000 -1.9742480
v -0.0250000 -0.6551427 -2.1240998
v -0.0345750 -0.6555345 -2.1221273
v -0.0426750 -0.3996775 -1.9681450
v -0.0345750 -0.3966600 -1.9726615
v -0.0345750 -0.6555345 -2.1221273
v -0.0426750 -0.6566495 -2.1165122
v -0.0457625 -0.6576000 -2.1117250
v -0.0481000 -0.6595505 -2.1088103
v -0.0481000 -0.4041925 -1.9613870
v -0.0426750 -0.3996775 -1.9681450
v -0.0426750 -0.3996775 -1.9681450
v -0.0426750 -0.6566495 -2.1165122
v -0.0457625 -0.6576000 -2.1117250
v -0.0500000 -0.4095175 -1.9534165
v -0.0481000 -0.4041925 -1.9613870
v -0.0481000 -0.6595505 -2.1088103
v -0.0500000 -0.6648763 -2.1008525
v -0.0481000 -0.4148350 -1.9454552
v -0.0500000 -0.4095175 -1.9534165
v -0.0500000 -0.6648763 -2.1008525
v -0.0481000 -0.6702018 -2.0928950
v -0.0426750 -0.4193500 -1.9386972
v -0.0481000 -0.4148350 -1.9454552
v -0.0481000 -0.6702018 -2.0928950
v -0.0426750 -0.6747280 -2.0861317
v -0.0426750 -0.6747280 -2.0861317
v -0.0345750 -0.6777498 -2.0816165
v -0.0345750 -0.4223750 -1.9341713
v -0.0426750 -0.4193500 -1.9386972
v -0.0250000 -0.4234350 -1.9325848
v -0.0345750 -0.4223750 -1.9341713
v -0.0345750 -0.6777498 -2.0816165
v -0.0250000 -0.6788110 -2.0800308
v 0.0250000 -0.6549640 -2.1250000
v 0.0345750 -0.6545867 -2.1269000
v 0.0345750 -0.3545950 -2.1269000
v 0.0250000 -0.3549725 -2.1250000
v 0.0426750 -0.3535150 -2.1323250
v 0.0345750 -0.3545950 -2.1269000
v 0.0345750 -0.6545867 -2.1269000
v 0.0426750 -0.6535095 -2.1323250
v 0.0481000 -0.3519050 -2.1404250
v 0.0426750 -0.3535150 -2.1323250
v 0.0426750 -0.6535095 -2.1323250
v 0.0481000 -0.6519012 -2.1404250
v 0.0500000 -0.3500000 -2.1500000
v 0.0481000 -0.3519050 -2.1404250
v 0.0481000 -0.6519012 -2.1404250
v 0.0500000 -0.6500000 -2.1500000
v 0.0481000 -0.3519050 -2.1595750
v 0.0500000 -0.3500000 -2.1500000
v 0.0500000 -0.6500000 -2.1500000
v 0.0481000 -0.6519012 -2.1595750
v 0.0426750 -0.3535150 -2.1676750
v 0.0481000 -0.3519050 -2.1595750
v 0.0481000 -0.6519012 -2.1595750
v 0.0426750 -0.6535095 -2.1676750
v 0.0345750 -0.3545950 -2.1731000
v 0.0426750 -0.3535150 -2.1676750
v 0.0426750 -0.6535095 -2.1676750
v 0.0345750 -0.6545867 -2.1731000
v 0.0250000 -0.3549725 -2.1750000
v 0.0345750 -0.3545950 -2.1731000
v 0.0345750 -0.6545867 -2.1731000
v 0.0250000 -0.6549640 -2.1750000
v 0.0345750 -0.4223750 -1.9341713
v 0.0250000 -0.4234350 -1.9325848
v 0.0250000 -0.6788110 -2.0800308
v 0.0345750 -0.6777498 -2.0816165
v 0.0345750 -0.6777498 -2.0816165
v 0.0426750 -0.6747280 -2.0861317
v 0.0426750 -0.4193500 -1.9386972
v 0.0345750 -0.4223750 -1.9341713
v 0.0481000 -0.4148350 -1.9454552
v 0.0426750 -0.4193500 -1.9386972
v 0.0426750 -0.6747280 -2.0861317
v 0.0481000 -0.6702018 -2.0928950
v 0.0500000 -0.4095175 -1.9534165
v 0.0481000 -0.4148350 -1.9454552
v 0.0481000 -0.6702018 -2.0928950
v 0.0500000 -0.6648763 -2.1008525
v 0.0481000 -0.4041925 -1.9613870
v 0.0500000 -0.4095175 -1.9534165
v 0.0500000 -0.6648763 -2.1008525
v 0.0481000 -0.6595505 -2.1088103
v 0.0457618 -0.6576000 -2.1117250
v 0.0426750 -0.6566495 -2.1165122
v 0.0426750 -0.3996775 -1.9681450
v 0.0481000 -0.4041925 -1.9613870
v 0.0481000 -0.4041925 -1.9613870
v 0.0481000 -0.6595505 -2.1088103
v 0.0457618 -0.6576000 -2.1117250
v 0.0345750 -0.3966600 -1.9726615
v 0.0426750 -0.3996775 -1.9681450
v 0.0426750 -0.6566495 -2.1165122
v 0.0345750 -0.6555345 -2.1221273
v 0.0345750 -0.6555345 -2.1221273
v 0.0250000 -0.6551427 -2.1240998
v 0.0250000 -0.3956000 -1.9742480
v 0.0345750 -0.3966600 -1.9726615
v 0.0345750 -0.5726615 -1.7966600
v 0.0250000 -0.5742480 -1.7956000
v 0.0250000 -0.7240998 -2.0551427
v 0.0345750 -0.7221272 -2.0555345
v 0.0426750 -0.5681450 -1.7996775
v 0.0345750 -0.5726615 -1.7966600
v 0.0345750 -0.7221272 -2.0555345
v 0.0426750 -0.7165123 -2.0566495
v 0.0457625 -0.7117250 -2.0576000
v 0.0481000 -0.7088102 -2.0595505
v 0.0481000 -0.5613870 -1.8041925
v 0.0426750 -0.5681450 -1.7996775
v 0.0426750 -0.5681450 -1.7996775
v 0.0426750 -0.7165123 -2.0566495
v 0.0457625 -0.7117250 -2.0576000
v 0.0500000 -0.5534165 -1.8095175
v 0.0481000 -0.5613870 -1.8041925
v 0.0481000 -0.7088102 -2.0595505
v 0.0500000 -0.7008525 -2.0648763
v 0.0481000 -0.5454553 -1.8148350
v 0.0500000 -0.5534165 -1.8095175
v 0.0500000 -0.7008525 -2.0648763
v 0.0481000 -0.6928950 -2.0702018
v 0.0426750 -0.5386973 -1.8193500
v 0.0481000 -0.5454553 -1.8148350
v 0.0481000 -0.6928950 -2.0702018
v 0.0426750 -0.6861318 -2.0747280
v 0.0426750 -0.6861318 -2.0747280
v 0.0345750 -0.6816165 -2.0777498
v 0.0345750 -0.5341712 -1.8223750
v 0.0426750 -0.5386973 -1.8193500
v 0.0250000 -0.5325848 -1.8234350
v 0.0345750 -0.5341712 -1.8223750
v 0.0345750 -0.6816165 -2.0777498
v 0.0250000 -0.6800308 -2.0788110
v 0.0250000 -0.7750000 -2.0549640
v 0.0345750 -0.7731000 -2.0545867
v 0.0345750 -0.7731000 -1.7545950
v 0.0250000 -0.7750000 -1.7549725
v 0.0426750 -0.7676750 -1.7535150
v 0.0345750 -0.7731000 -1.7545950
v 0.0345750 -0.7731000 -2.0545867
v 0.0426750 -0.7676750 -2.0535095
v 0.0481000 -0.7595750 -1.7519050
v 0.0426750 -0.7676750 -1.7535150
v 0.0426750 -0.7676750 -2.0535095
v 0.0481000 -0.7595750 -2.0519012
v 0.0500000 -0.7500000 -1.7500000
v 0.0481000 -0.7595750 -1.7519050
v 0.0481000 -0.7595750 -2.0519012
v 0.0500000 -0.7500000 -2.0500000
v 0.0481000 -0.7404250 -1.7519050
v 0.0500000 -0.7500000 -1.7500000
v 0.0500000 -0.7500000 -2.0500000
v 0.0481000 -0.7404250 -2.0519012
v 0.0426750 -0.7323250 -1.7535150
v 0.0481000 -0.7404250 -1.7519050
v 0.0481000 -0.7404250 -2.0519012
v 0.0426750 -0.7323250 -2.0535095
v 0.0345750 -0.7269000 -1.7545950
v 0.0426750 -0.7323250 -1.7535150
v 0.0426750 -0.7323250 -2.0535095
v 0.0345750 -0.7269000 -2.0545867
v 0.0250000 -0.7250000 -1.7549725
v 0.0345750 -0.7269000 -1.7545950
v 0.0345750 -0.7269000 -2.0545867
v 0.0250000 -0.7250000 -2.0549640
v 0.0345750 -0.9658288 -1.8223750
v 0.0250000 -0.9674153 -1.8234350
v 0.0250000 -0.8199692 -2.0788110
v 0.0345750 -0.8183835 -2.0777498
v 0.0345750 -0.8183835 -2.0777498
v 0.0426750 -0.8138683 -2.0747280
v 0.0426750 -0.9613027 -1.8193500
v 0.0345750 -0.9658288 -1.8223750
v 0.0481000 -0.9545448 -1.8148350
v 0.0426750 -0.9613027 -1.8193500
v 0.0426750 -0.8138683 -2.0747280
v 0.0481000 -0.8071050 -2.0702018
v 0.0500000 -0.9465835 -1.8095175
v 0.0481000 -0.9545448 -1.8148350
v 0.0481000 -0.8071050 -2.0702018
v 0.0500000 -0.7991475 -2.0648763
v 0.0481000 -0.9386130 -1.8041925
v 0.0500000 -0.9465835 -1.8095175
v 0.0500000 -0.7991475 -2.0648763
v 0.0481000 -0.7911898 -2.0595505
v 0.0457618 -0.7882750 -2.0576000
v 0.0426750 -0.7834878 -2.0566495
v 0.0426750 -0.9318550 -1.7996775
v 0.0481000 -0.9386130 -1.8041925
v 0.0481000 -0.9386130 -1.8041925
v 0.0481000 -0.7911898 -2.0595505
v 0.0457618 -0.7882750 -2.0576000
v 0.0345750 -0.9273385 -1.7966600
v 0.0426750 -0.9318550 -1.7996775
v 0.0426750 -0.7834878 -2.0566495
v 0.0345750 -0.7778728 -2.0555345
v 0.0345750 -0.7778728 -2.0555345
v 0.0250000 -0.7759003 -2.0551427
v 0.0250000 -0.9257520 -1.7956000
v 0.0345750 -0.9273385 -1.7966600
v 0.0345750 -1.1033400 -1.9726615
v 0.0250000 -1.1044000 -1.9742480
v 0.0250000 -0.8448573 -2.1240998
v 0.0345750 -0.8444655 -2.1221273
v 0.0426750 -1.1003225 -1.9681450
v 0.0345750 -1.1033400 -1.9726615
v 0.0345750 -0.8444655 -2.1221273
v 0.0426750 -0.8433505 -2.1165122
v 0.0457625 -0.8424000 -2.1117250
v 0.0481000 -0.8404495 -2.1088103
v 0.0481000 -1.0958075 -1.9613870
v 0.0426750 -1.1003225 -1.9681450
v 0.0426750 -1.1003225 -1.9681450
v 0.0426750 -0.8433505 -2.1165122
v 0.0457625 -0.8424000 -2.1117250
v 0.0500000 -1.0904825 -1.9534165
v 0.0481000 -1.0958075 -1.9613870
v 0.0481000 -0.8404495 -2.1088103
v 0.0500000 -0.8351238 -2.1008525
v 0.0481000 -1.0851650 -1.9454552
v 0.0500000 -1.0904825 -1.9534165
v 0.0500000 -0.8351238 -2.1008525
v 0.0481000 -0.8297983 -2.0928950
v 0.0426750 -1.0806500 -1.9386972
v 0.0481000 -1.0851650 -1.9454552
v 0.0481000 -0.8297983 -2.0928950
v 0.0426750 -0.8252720 -2.0861317
v 0.0426750 -0.8252720 -2.0861317
v 0.0345750 -0.8222503 -2.0816165
v 0.0345750 -1.0776250 -1.9341713
v 0.0426750 -1.0806500 -1.9386972
v 0.0250000 -1.0765650 -1.9325848
v 0.0345750 -1.0776250 -1.9341713
v 0.0345750 -0.8222503 -2.0816165
v 0.0250000 -0.8211890 -2.0800308
v 0.0250000 -0.8450360 -2.1750000
v 0.0345750 -0.8454133 -2.1731000
v 0.0345750 -1.1454050 -2.1731000
v 0.0250000 -1.1450275 -2.1750000
v 0.0426750 -1.1464850 -2.1676750
v 0.0345750 -1.1454050 -2.1731000
v 0.0345750 -0.8454133 -2.1731000
v 0.0426750 -0.8464905 -2.1676750
v 0.0481000 -1.1480950 -2.1595750
v 0.0426750 -1.1464850 -2.1676750
v 0.0426750 -0.8464905 -2.1676750
v 0.0481000 -0.8480988 -2.1595750
v 0.0500000 -1.1500000 -2.1500000
v 0.0481000 -1.1480950 -2.1595750
v 0.0481000 -0.8480988 -2.1595750
v 0.0500000 -0.8500000 -2.1500000
v 0.0481000 -1.1480950 -2.1404250
v 0.0500000 -1.1500000 -2.1500000
v 0.0500000 -0.8500000 -2.1500000
v 0.0481000 -0.8480988 -2.1404250
v 0.0426750 -1.1464850 -2.1323250
v 0.0481000 -1.1480950 -2.1404250
v 0.0481000 -0.8480988 -2.1404250
v 0.0426750 -0.8464905 -2.1323250
v 0.0345750 -1.1454050 -2.1269000
v 0.0426750 -1.1464850 -2.1323250
v 0.0426750 -0.8464905 -2.1323250
v 0.0345750 -0.8454133 -2.1269000
v 0.0250000 -1.1450275 -2.1250000
v 0.0345750 -1.1454050 -2.1269000
v 0.0345750 -0.8454133 -2.1269000
v 0.0250000 -0.8450360 -2.1250000
v 0.0345750 -1.0776250 -2.3658287
v 0.0250000 -1.0765650 -2.3674153
v 0.0250000 -0.8211890 -2.2199693
v 0.0345750 -0.8222503 -2.2183835
v 0.0345750 -0.8222503 -2.2183835
v 0.0426750 -0.8252720 -2.2138683
v 0.0426750 -1.0806500 -2.3613028
v 0.0345750 -1.0776250 -2.3658287
v 0.0481000 -1.0851650 -2.3545448
v 0.0426750 -1.0806500 -2.3613028
v 0.0426750 -0.8252720 -2.2138683
v 0.0481000 -0.8297983 -2.2071050
v 0.0500000 -1.0904825 -2.3465835
v 0.0481000 -1.0851650 -2.3545448
v 0.0481000 -0.8297983 -2.2071050
v 0.0500000 -0.8351238 -2.1991475
v 0.0481000 -1.0958075 -2.3386130
v 0.0500000 -1.0904825 -2.3465835
v 0.0500000 -0.8351238 -2.1991475
v 0.0481000 -0.8404495 -2.1911897
v 0.0457618 -0.8424000 -2.1882750
v 0.0426750 -0.8433505 -2.1834878
v 0.0426750 -1.1003225 -2.3318550
v 0.0481000 -1.0958075 -2.3386130
v 0.0481000 -1.0958075 -2.3386130
v 0.0481000 -0.8404495 -2.1911897
v 0.0457618 -0.8424000 -2.1882750
v 0.0345750 -1.1033400 -2.3273385
v 0.0426750 -1.1003225 -2.3318550
v 0.0426750 -0.8433505 -2.1834878
v 0.0345750 -0.8444655 -2.1778728
v 0.0345750 -0.8444655 -2.1778728
v 0.0250000 -0.8448573 -2.1759003
v 0.0250000 -1.1044000 -2.3257520
v 0.0345750 -1.1033400 -2.3273385
v 0.0345750 -0.9273385 -2.5033400
v 0.0250000 -0.9257520 -2.5044000
v 0.0250000 -0.7759003 -2.2448573
v 0.0345750 -0.7778728 -2.2444655
v 0.0426750 -0.9318550 -2.5003225
v 0.0345750 -0.9273385 -2.5033400
v 0.0345750 -0.7778728 -2.2444655
v 0.0426750 -0.7834878 -2.2433505
v 0.0457625 -0.7882750 -2.2424000
v 0.0481000 -0.7911898 -2.2404495
v 0.0481000 -0.9386130 -2.4958075
v 0.0426750 -0.9318550 -2.5003225
v 0.0426750 -0.9318550 -2.5003225
v 0.0426750 -0.7834878 -2.2433505
v 0.0457625 -0.7882750 -2.2424000
v 0.0500000 -0.9465835 -2.4904825
v 0.0481000 -0.9386130 -2.4958075
v 0.0481000 -0.7911898 -2.2404495
v 0.0500000 -0.7991475 -2.2351238
v 0.0481000 -0.9545448 -2.4851650
v 0.0500000 -0.9465835 -2.4904825
v 0.0500000 -0.7991475 -2.2351238
v 0.0481000 -0.8071050 -2.2297982
v 0.0426750 -0.9613027 -2.4806500
v 0.0481000 -0.9545448 -2.4851650
v 0.0481000 -0.8071050 -2.2297982
v 0.0426750 -0.8138683 -2.2252720
v 0.0426750 -0.8138683 -2.2252720
v 0.0345750 -0.8183835 -2.2222503
v 0.0345750 -0.9658288 -2.4776250
v 0.0426750 -0.9613027 -2.4806500
v 0.0250000 -0.9674153 -2.4765650
v 0.0345750 -0.9658288 -2.4776250
v 0.0345750 -0.8183835 -2.2222503
v 0.0250000 -0.8199692 -2.2211890
v 0.0250000 -0.7250000 -2.2450360
v 0.0345750 -0.7269000 -2.2454132
v 0.0345750 -0.7269000 -2.5454050
v 0.0250000 -0.7250000 -2.5450275
v 0.0426750 -0.7323250 -2.5464850
v 0.0345750 -0.7269000 -2.5454050
v 0.0345750 -0.7269000 -2.2454132
v 0.0426750 -0.7323250 -2.2464905
v 0.0481000 -0.7404250 -2.5480950
v 0.0426750 -0.7323250 -2.5464850
v 0.0426750 -0.7323250 -2.2464905
v 0.0481000 -0.7404250 -2.2480988
v 0.0500000 -0.7500000 -2.5500000
v 0.0481000 -0.7404250 -2.5480950
v 0.0481000 -0.7404250 -2.2480988
v 0.0500000 -0.7500000 -2.2500000
v 0.0481000 -0.7595750 -2.5480950
v 0.0500000 -0.7500000 -2.5500000
v 0.0500000 -0.7500000 -2.2500000
v 0.0481000 -0.7595750 -2.2480988
v 0.0426750 -0.7676750 -2.5464850
v 0.0481000 -0.7595750 -2.5480950
v 0.0481000 -0.7595750 -2.2480988
v 0.0426750 -0.7676750 -2.2464905
v 0.0345750 -0.7731000 -2.5454050
v 0.0426750 -0.7676750 -2.5464850
v 0.0426750 -0.7676750 -2.2464905
v 0.0345750 -0.7731000 -2.2454132
v 0.0250000 -0.7750000 -2.5450275
v 0.0345750 -0.7731000 -2.5454050
v 0.0345750 -0.7731000 -2.2454132
v 0.0250000 -0.7750000 -2.2450360
v 0.0345750 -0.5341712 -2.4776250
v 0.0250000 -0.5325848 -2.4765650
v 0.0250000 -0.6800308 -2.2211890
v 0.0345750 -0.6816165 -2.2222503
v 0.0345750 -0.6816165 -2.2222503
v 0.0426750 -0.6861318 -2.2252720
v 0.0426750 -0.5386973 -2.4806500
v 0.0345750 -0.5341712 -2.4776250
v 0.0481000 -0.5454553 -2.4851650
v 0.0426750 -0.5386973 -2.4806500
v 0.0426750 -0.6861318 -2.2252720
v 0.0481000 -0.6928950 -2.2297982
v 0.0500000 -0.5534165 -2.4904825
v 0.0481000 -0.5454553 -2.4851650
v 0.0481000 -0.6928950 -2.2297982
v 0.0500000 -0.7008525 -2.2351238
v 0.0481000 -0.5613870 -2.4958075
v 0.0500000 -0.5534165 -2.4904825
v 0.0500000 -0.7008525 -2.2351238
v 0.0481000 -0.7088102 -2.2404495
v 0.0457618 -0.7117250 -2.2424000
v 0.0426750 -0.7165123 -2.2433505
v 0.0426750 -0.5681450 -2.5003225
v 0.0481000 -0.5613870 -2.4958075
v 0.0481000 -0.5613870 -2.4958075
v 0.0481000 -0.7088102 -2.2404495
v 0.0457618 -0.7117250 -2.2424000
v 0.0345750 -0.5726615 -2.5033400
v 0.0426750 -0.5681450 -2.5003225
v 0.0426750 -0.7165123 -2.2433505
v 0.0345750 -0.7221272 -2.2444655
v 0.0345750 -0.7221272 -2.2444655
v 0.0250000 -0.7240998 -2.2448573
v 0.0250000 -0.5742480 -2.5044000
v 0.0345750 -0.5726615 -2.5033400
v 0.0345750 -0.3966600 -2.3273385
v 0.0250000 -0.3956000 -2.3257520
v 0.0250000 -0.6551427 -2.1759003
v 0.0345750 -0.6555345 -2.1778728
v 0.0426750 -0.3996775 -2.3318550
v 0.0345750 -0.3966600 -2.3273385
v 0.0345750 -0.6555345 -2.1778728
v 0.0426750 -0.6566495 -2.1834878
v 0.0457625 -0.6576000 -2.1882750
v 0.0481000 -0.6595505 -2.1911897
v 0.0481000 -0.4041925 -2.3386130
v 0.0426750 -0.3996775 -2.3318550
v 0.0426750 -0.3996775 -2.3318550
v 0.0426750 -0.6566495 -2.1834878
v 0.0457625 -0.6576000 -2.1882750
v 0.0500000 -0.4095175 -2.3465835
v 0.0481000 -0.4041925 -2.3386130
v 0.0481000 -0.6595505 -2.1911897
v 0.0500000 -0.6648763 -2.1991475
v 0.0481000 -0.4148350 -2.3545448
v 0.0500000 -0.4095175 -2.3465835
v 0.0500000 -0.6648763 -2.1991475
v 0.0481000 -0.6702018 -2.2071050
v 0.0426750 -0.4193500 -2.3613028
v 0.0481000 -0.4148350 -2.3545448
v 0.0481000 -0.6702018 -2.2071050
v 0.0426750 -0.6747280 -2.2138683
v 0.0426750 -0.6747280 -2.2138683
v 0.0345750 -0.6777498 -2.2183835
v 0.0345750 -0.4223750 -2.3658287
v 0.0426750 -0.4193500 -2.3613028
v 0.0250000 -0.4234350 -2.3674153
v 0.0345750 -0.4223750 -2.3658287
v 0.0345750 -0.6777498 -2.2183835
v 0.0250000 -0.6788110 -2.2199693
s off
f 1 2 3
f 4 5 6
f 7 8 9
f 10 11 12
f 10 12 13
f 14 15 16
f 14 16 17
f 18 19 20
f 18 20 21
f 22 23 24
f 22 24 25
f 26 27 28
f 26 28 29
f 30 31 32
f 30 32 33
f 34 35 36
f 34 36 37
f 38 39 40
f 38 40 41
f 42 43 44
f 42 44 45
f 46 47 48
f 46 48 49
f 50 51 52
f 50 52 53
f 54 55 56
f 54 56 57
f 58 59 60
f 58 60 61
f 62 63 64
f 62 64 65
f 66 67 68
f 66 68 69
f 70 71 72
f 70 72 73
f 74 75 76
f 77 78 79
f 80 81 82
f 83 84 85
f 86 87 88
f 89 90 91
f 92 93 94
f 95 96 97
f 98 99 100
f 101 102 103
f 104 105 106
f 107 108 109
f 110 111 112
f 113 114 115
f 116 117 118
f 119 120 121
f 122 123 124
f 125 126 127
f 128 129 130
f 131 132 133
f 134 135 136
f 137 138 139
f 140 141 142
f 143 144 145
f 146 147 148
f 149 150 151
f 152 153 154
f 155 156 157
f 158 159 160
f 161 162 163
f 164 165 166
f 167 168 169
f 170 171 172
f 173 174 175
f 173 175 176
f 177 178 179
f 180 181 182
f 180 182 183
f 184 185 186
f 184 186 187
f 188 189 190
f 188 190 191
f 192 193 194
f 192 194 195
f 196 197 198
f 196 198 199
f 200 201 202
f 200 202 203
f 204 205 206
f 204 206 207
f 208 209 210
f 208 210 211
f 212 213 214
f 212 214 215
f 216 217 218
f 216 218 219
f 220 221 222
f 220 222 223
f 224 225 226
f 224 226 227
f 228 229 230
f 228 230 231
f 232 233 234
f 235 236 237
f 238 239 240
f 241 242 243
f 244 245 246
f 247 248 249
f 250 251 252
f 253 254 255
f 256 257 258
f 259 260 261
f 259 261 262
f 263 264 265
f 263 265 266
f 267 268 269
f 267 269 270
f 271 272 273
f 274 275 276
f 274 276 277
f 278 279 280
f 278 280 281
f 282 283 284
f 282 284 285
f 286 287 288
f 286 288 289
f 290 291 292
f 290 292 293
f 294 295 296
f 294 296 297
f 298 299 300
f 298 300 301
f 302 303 304
f 302 304 305
f 306 307 308
f 306 308 309
f 310 311 312
f 310 312 313
f 314 315 316
f 314 316 317
f 318 319 320
f 318 320 321
f 322 323 324
f 322 324 325
f 326 327 328
f 326 328 329
f 330 331 332
f 330 332 333
f 334 335 336
f 334 336 337
f 338 339 340
f 338 340 341
f 342 343 344
f 342 344 345
f 346 347 348
f 346 348 349
f 350 351 352
f 353 354 355
f 353 355 356
f 357 358 359
f 357 359 360
f 361 362 363
f 361 363 364
f 365 366 367
f 365 367 368
f 369 370 371
f 369 371 372
f 373 374 375
f 373 375 376
f 377 378 379
f 377 379 380
f 381 382 383
f 381 383 384
f 385 386 387
f 385 387 388
f 389 390 391
f 389 391 392
f 393 394 395
f 393 395 396
f 397 398 399
f 397 399 400
f 401 402 403
f 401 403 404
f 405 406 407
f 405 407 408
f 409 410 411
f 412 413 414
f 415 416 417
f 418 419 420
f 421 422 423
f 424 425 426
f 427 428 429
f 430 431 432
f 433 434 435
f 436 437 438
f 439 440 441
f 442 443 444
f 445 446 447
f 448 449 450
f 451 452 453
f 454 455 456
f 457 458 459
f 460 461 462
f 463 464 465
f 466 467 468
f 469 470 471
f 472 473 474
f 475 476 477
f 478 479 480
f 481 482 483
f 484 485 486
f 487 488 489
f 490 491 492
f 493 494 495
f 496 497 498
f 499 500 501
f 502 503 504
f 505 506 507
f 508 509 510
f 511 512 513
f 514 515 516
f 517 518 519
f 520 521 522
f 523 524 525
f 526 527 528
f 529 530 531
f 532 533 534
f 535 536 537
f 538 539 540
f 541 542 543
f 544 545 546
f 547 548 549
f 550 551 552
f 553 554 555
f 556 557 558
f 559 560 561
f 562 563 564
f 565 566 567
f 568 569 570
f 571 572 573
f 574 575 576
f 577 578 579
f 580 581 582
f 583 584 585
f 586 587 588
f 589 590 591
f 592 593 594
f 595 596 597
f 598 599 600
f 601 602 603
f 604 605 606
f 604 606 607
f 608 609 610
f 608 610 611
f 612 613 614
f 612 614 615
f 616 617 618
f 616 618 619
f 620 621 622
f 623 624 625
f 626 627 628
f 629 630 631
f 629 631 632
f 633 634 635
f 633 635 636
f 637 638 639
f 637 639 640
f 641 642 643
f 644 645 646
f 644 646 647
f 648 649 650
f 651 652 653
f 654 655 656
f 657 658 659
f 660 661 662
f 660 662 663
f 664 665 666
f 667 668 669
f 667 669 670
f 671 672 673
f 674 675 676
f 677 678 679
f 680 681 682
f 683 684 685
f 686 687 688
f 689 690 691
f 692 693 694
f 695 696 697
f 698 699 700
f 701 702 703
f 704 705 706
f 707 708 709
f 710 711 712
f 713 714 715
f 716 717 718
f 719 720 721
f 719 721 722
f 723 724 725
f 723 725 726
f 727 728 729
f 727 729 730
f 731 732 733
f 731 733 734
f 735 736 737
f 735 737 738
f 739 740 741
f 739 741 742
f 743 744 745
f 743 745 746
f 747 748 749
f 747 749 750
f 751 752 753
f 751 753 754
f 755 756 757
f 755 757 758
f 759 760 761
f 759 761 762
f 763 764 765
f 763 765 766
f 767 768 769
f 767 769 770
f 771 772 773
f 771 773 774
f 775 776 777
f 775 777 778
f 779 780 781
f 779 781 782
f 783 784 785
f 783 785 786
f 787 788 789
f 787 789 790
f 791 792 793
f 791 793 794
f 795 796 797
f 795 797 798
f 799 800 801
f 799 801 802
f 803 804 805
f 803 805 806
f 807 808 809
f 807 809 810
f 811 812 813
f 811 813 814
f 815 816 817
f 815 817 818
f 819 820 821
f 819 821 822
f 823 824 825
f 823 825 826
f 827 828 829
f 827 829 830
f 831 832 833
f 831 833 834
f 835 836 837
f 835 837 838
f 839 840 841
f 839 841 842
f 843 844 845
f 843 845 846
f 847 848 849
f 847 849 850
f 851 852 853
f 851 853 854
f 855 856 857
f 855 857 858
f 859 860 861
f 859 861 862
f 863 864 865
f 863 865 866
f 867 868 869
f 867 869 870
f 871 872 873
f 871 873 874
f 875 876 877
f 875 877 878
f 879 880 881
f 879 881 882
f 883 884 885
f 883 885 886
f 887 888 889
f 887 889 890
f 891 892 893
f 891 893 894
f 895 896 897
f 895 897 898
f 899 900 901
f 899 901 902
f 903 904 905
f 903 905 906
f 907 908 909
f 907 909 910
f 911 912 913
f 911 913 914
f 915 916 917
f 915 917 918
f 919 920 921
f 919 921 922
f 923 924 925
f 923 925 926
f 927 928 929
f 927 929 930
f 931 932 933
f 931 933 934
f 935 936 937
f 935 937 938
f 939 940 941
f 939 941 942
f 943 944 945
f 943 945 946
f 947 948 949
f 947 949 950
f 951 952 953
f 951 953 954
f 955 956 957
f 955 957 958
f 959 960 961
f 959 961 962
f 963 964 965
f 963 965 966
f 967 968 969
f 967 969 970
f 971 972 973
f 971 973 974
f 975 976 977
f 975 977 978
f 979 980 981
f 979 981 982
f 983 984 985
f 983 985 986
f 987 988 989
f 990 991 992
f 993 994 995
f 996 997 998
f 999 1000 1001
f 1002 1003 1004
f 1005 1006 1007
f 1008 1009 1010
f 1011 1012 1013
f 1014 1015 1016
f 1017 1018 1019
f 1020 1021 1022
f 1023 1024 1025
f 1026 1027 1028
f 1029 1030 1031
f 1032 1033 1034
f 1035 1036 1037
f 1038 1039 1040
f 1041 1042 1043
f 1044 1045 1046
f 1047 1048 1049
f 1050 1051 1052
f 1053 1054 1055
f 1053 1055 1056
f 1057 1058 1059
f 1057 1059 1060
f 1061 1062 1063
f 1061 1063 1064
f 1065 1066 1067
f 1065 1067 1068
f 1069 1070 1071
f 1069 1071 1072
f 1073 1074 1075
f 1073 1075 1076
f 1077 1078 1079
f 1077 1079 1080
f 1081 1082 1083
f 1081 1083 1084
f 1085 1086 1087
f 1085 1087 1088
f 1089 1090 1091
f 1089 1091 1092
f 1093 1094 1095
f 1093 1095 1096
f 1097 1098 1099
f 1097 1099 1100
f 1101 1102 1103
f 1101 1103 1104
f 1105 1106 1107
f 1105 1107 1108
f 1109 1110 1111
f 1109 1111 1112
f 1113 1114 1115
f 1116 1117 1118
f 1116 1118 1119
f 1120 1121 1122
f 1120 1122 1123
f 1124 1125 1126
f 1124 1126 1127
f 1128 1129 1130
f 1131 1132 1133
f 1131 1133 1134
f 1135 1136 1137
f 1135 1137 1138
f 1139 1140 1141
f 1139 1141 1142
f 1143 1144 1145
f 1146 1147 1148
f 1146 1148 1149
f 1150 1151 1152
f 1153 1154 1155
f 1153 1155 1156
f 1157 1158 1159
f 1157 1159 1160
f 1161 1162 1163
f 1161 1163 1164
f 1165 1166 1167
f 1168 1169 1170
f 1171 1172 1173
f 1171 1173 1174
f 1175 1176 1177
f 1175 1177 1178
f 1179 1180 1181
f 1179 1181 1182
f 1183 1184 1185
f 1183 1185 1186
f 1187 1188 1189
f 1187 1189 1190
f 1191 1192 1193
f 1191 1193 1194
f 1195 1196 1197
f 1195 1197 1198
f 1199 1200 1201
f 1199 1201 1202
f 1203 1204 1205
f 1206 1207 1208
f 1206 1208 1209
f 1210 1211 1212
f 1210 1212 1213
f 1214 1215 1216
f 1214 1216 1217
f 1218 1219 1220
f 1218 1220 1221
f 1222 1223 1224
f 1222 1224 1225
f 1226 1227 1228
f 1226 1228 1229
f 1230 1231 1232
f 1230 1232 1233
f 1234 1235 1236
f 1234 1236 1237
f 1238 1239 1240
f 1238 1240 1241
f 1242 1243 1244
f 1242 1244 1245
f 1246 1247 1248
f 1246 1248 1249
f 1250 1251 1252
f 1250 1252 1253
f 1254 1255 1256
f 1254 1256 1257
f 1258 1259 1260
f 1258 1260 1261
f 1262 1263 1264
f 1262 1264 1265
f 1266 1267 1268
f 1266 1268 1269
f 1270 1271 1272
f 1270 1272 1273
f 1274 1275 1276
f 1274 1276 1277
f 1278 1279 1280
f 1278 1280 1281
f 1282 1283 1284
f 1282 1284 1285
f 1286 1287 1288
f 1286 1288 1289
f 1290 1291 1292
f 1290 1292 1293
f 1294 1295 1296
f 1294 1296 1297
f 1298 1299 1300
f 1298 1300 1301
f 1302 1303 1304
f 1302 1304 1305
f 1306 1307 1308
f 1306 1308 1309
f 1310 1311 1312
f 1310 1312 1313
f 1314 1315 1316
f 1314 1316 1317
f 1318 1319 1320
f 1318 1320 1321
f 1322 1323 1324
f 1322 1324 1325
f 1326 1327 1328
f 1326 1328 1329
f 1330 1331 1332
f 1330 1332 1333
f 1334 1335 1336
f 1334 1336 1337
f 1338 1339 1340
f 1338 1340 1341
f 1342 1343 1344
f 1342 1344 1345
f 1346 1347 1348
f 1346 1348 1349
f 1350 1351 1352
f 1350 1352 1353
f 1354 1355 1356
f 1354 1356 1357
f 1358 1359 1360
f 1358 1360 1361
f 1362 1363 1364
f 1362 1364 1365
f 1366 1367 1368
f 1366 1368 1369
f 1370 1371 1372
f 1370 1372 1373
f 1374 1375 1376
f 1374 1376 1377
f 1378 1379 1380
f 1381 1382 1383
f 1384 1385 1386
f 1387 1388 1389
f 1390 1391 1392
f 1393 1394 1395
f 1396 1397 1398
f 1399 1400 1401
f 1402 1403 1404
f 1402 1404 1405
f 1406 1407 1408
f 1406 1408 1409
f 1410 1411 1412
f 1410 1412 1413
f 1414 1415 1416
f 1417 1418 1419
f 1417 1419 1420
f 1421 1422 1423
f 1421 1423 1424
f 1425 1426 1427
f 1425 1427 1428
f 1429 1430 1431
f 1432 1433 1434
f 1432 1434 1435
f 1436 1437 1438
f 1436 1438 1439
f 1440 1441 1442
f 1440 1442 1443
f 1444 1445 1446
f 1447 1448 1449
f 1447 1449 1450
f 1451 1452 1453
f 1451 1453 1454
f 1455 1456 1457
f 1455 1457 1458
f 1459 1460 1461
f 1462 1463 1464
f 1465 1466 1467
f 1468 1469 1470
f 1471 1472 1473
f 1474 1475 1476
f 1477 1478 1479
f 1480 1481 1482
f 1483 1484 1485
f 1486 1487 1488
f 1489 1490 1491
f 1492 1493 1494
f 1495 1496 1497
f 1495 1497 1498
f 1499 1500 1501
f 1499 1501 1502
f 1503 1504 1505
f 1503 1505 1506
f 1507 1508 1509
f 1510 1511 1512
f 1513 1514 1515
f 1516 1517 1518
f 1519 1520 1521
f 1522 1523 1524
f 1525 1526 1527
f 1525 1527 1528
f 1529 1530 1531
f 1529 1531 1532
f 1533 1534 1535
f 1533 1535 1536
f 1537 1538 1539
f 1537 1539 1540
f 1541 1542 1543
f 1541 1543 1544
f 1545 1546 1547
f 1545 1547 1548
f 1549 1550 1551
f 1549 1551 1552
f 1553 1554 1555
f 1553 1555 1556
f 1557 1558 1559
f 1557 1559 1560
f 1561 1562 1563
f 1561 1563 1564
f 1565 1566 1567
f 1565 1567 1568
f 1569 1570 1571
f 1569 1571 1572
f 1573 1574 1575
f 1573 1575 1576
f 1577 1578 1579
f 1577 1579 1580
f 1581 1582 1583
f 1581 1583 1584
f 1585 1586 1587
f 1585 1587 1588
f 1589 1590 1591
f 1592 1593 1594
f 1595 1596 1597
f 1598 1599 1600
f 1601 1602 1603
f 1604 1605 1606
f 1607 1608 1609
f 1610 1611 1612
f 1613 1614 1615
f 1616 1617 1618
f 1619 1620 1621
f 1622 1623 1624
f 1625 1626 1627
f 1628 1629 1630
f 1631 1632 1633
f 1634 1635 1636
f 1637 1638 1639
f 1640 1641 1642
f 1643 1644 1645
f 1646 1647 1648
f 1649 1650 1651
f 1652 1653 1654
f 1655 1656 1657
f 1658 1659 1660
f 1661 1662 1663
f 1664 1665 1666
f 1667 1668 1669
f 1670 1671 1672
f 1673 1674 1675
f 1676 1677 1678
f 1679 1680 1681
f 1682 1683 1684
f 1685 1686 1687
f 1688 1689 1690
f 1688 1690 1691
f 1692 1693 1694
f 1695 1696 1697
f 1695 1697 1698
f 1699 1700 1701
f 1699 1701 1702
f 1703 1704 1705
f 1703 1705 1706
f 1707 1708 1709
f 1707 1709 1710
f 1711 1712 1713
f 1711 1713 1714
f 1715 1716 1717
f 1715 1717 1718
f 1719 1720 1721
f 1719 1721 1722
f 1723 1724 1725
f 1723 1725 1726
f 1727 1728 1729
f 1727 1729 1730
f 1731 1732 1733
f 1731 1733 1734
f 1735 1736 1737
f 1735 1737 1738
f 1739 1740 1741
f 1739 1741 1742
f 1743 1744 1745
f 1743 1745 1746
f 1747 1748 1749
f 1750 1751 1752
f 1753 1754 1755
f 1756 1757 1758
f 1759 1760 1761
f 1762 1763 1764
f 1765 1766 1767
f 1768 1769 1770
f 1771 1772 1773
f 1774 1775 1776
f 1774 1776 1777
f 1778 1779 1780
f 1778 1780 1781
f 1782 1783 1784
f 1782 1784 1785
f 1786 1787 1788
f 1789 1790 1791
f 1789 1791 1792
f 1793 1794 1795
f 1793 1795 1796
f 1797 1798 1799
f 1797 1799 1800
f 1801 1802 1803
f 1801 1803 1804
f 1805 1806 1807
f 1805 1807 1808
f 1809 1810 1811
f 1809 1811 1812
f 1813 1814 1815
f 1813 1815 1816
f 1817 1818 1819
f 1817 1819 1820
f 1821 1822 1823
f 1821 1823 1824
f 1825 1826 1827
f 1825 1827 1828
f 1829 1830 1831
f 1829 1831 1832
f 1833 1834 1835
f 1833 1835 1836
f 1837 1838 1839
f 1837 1839 1840
f 1841 1842 1843
f 1841 1843 1844
f 1845 1846 1847
f 1845 1847 1848
f 1849 1850 1851
f 1849 1851 1852
f 1853 1854 1855
f 1853 1855 1856
f 1857 1858 1859
f 1857 1859 1860
f 1861 1862 1863
f 1861 1863 1864
f 1865 1866 1867
f 1865 1867 1868
f 1869 1870 1871
f 1869 1871 1872
f 1873 1874 1875
f 1873 1875 1876
f 1877 1878 1879
f 1877 1879 1880
f 1881 1882 1883
f 1881 1883 1884
f 1885 1886 1887
f 1885 1887 1888
f 1889 1890 1891
f 1889 1891 1892
f 1893 1894 1895
f 1893 1895 1896
f 1897 1898 1899
f 1897 1899 1900
f 1901 1902 1903
f 1901 1903 1904
f 1905 1906 1907
f 1905 1907 1908
f 1909 1910 1911
f 1909 1911 1912
f 1913 1914 1915
f 1913 1915 1916
f 1917 1918 1919
f 1917 1919 1920
f 1921 1922 1923
f 1921 1923 1924
f 1925 1926 1927
f 1925 1927 1928
f 1929 1930 1931
f 1932 1933 1934
f 1932 1934 1935
f 1936 1937 1938
f 1936 1938 1939
f 1940 1941 1942
f 1940 1942 1943
f 1944 1945 1946
f 1944 1946 1947
f 1948 1949 1950
f 1948 1950 1951
f 1952 1953 1954
f 1952 1954 1955
f 1956 1957 1958
f 1956 1958 1959
f 1960 1961 1962
f 1960 1962 1963
f 1964 1965 1966
f 1964 1966 1967
f 1968 1969 1970
f 1968 1970 1971
f 1972 1973 1974
f 1972 1974 1975
f 1976 1977 1978
f 1976 1978 1979
f 1980 1981 1982
f 1980 1982 1983
f 1984 1985 1986
f 1984 1986 1987
f 1988 1989 1990
f 1991 1992 1993
f 1994 1995 1996
f 1997 1998 1999
f 2000 2001 2002
f 2003 2004 2005
f 2006 2007 2008
f 2009 2010 2011
f 2012 2013 2014
f 2015 2016 2017
f 2018 2019 2020
f 2021 2022 2023
f 2024 2025 2026
f 2027 2028 2029
f 2030 2031 2032
f 2033 2034 2035
f 2036 2037 2038
f 2039 2040 2041
f 2042 2043 2044
f 2045 2046 2047
f 2048 2049 2050
f 2051 2052 2053
f 2054 2055 2056
f 2057 2058 2059
f 2060 2061 2062
f 2063 2064 2065
f 2066 2067 2068
f 2069 2070 2071
f 2072 2073 2074
f 2075 2076 2077
f 2078 2079 2080
f 2081 2082 2083
f 2084 2085 2086
f 2087 2088 2089
f 2090 2091 2092
f 2093 2094 2095
f 2096 2097 2098
f 2099 2100 2101
f 2102 2103 2104
f 2105 2106 2107
f 2108 2109 2110
f 2111 2112 2113
f 2114 2115 2116
f 2117 2118 2119
f 2120 2121 2122
f 2123 2124 2125
f 2126 2127 2128
f 2129 2130 2131
f 2132 2133 2134
f 2135 2136 2137
f 2138 2139 2140
f 2141 2142 2143
f 2144 2145 2146
f 2147 2148 2149
f 2150 2151 2152
f 2153 2154 2155
f 2156 2157 2158
f 2159 2160 2161
f 2162 2163 2164
f 2165 2166 2167
f 2168 2169 2170
f 2171 2172 2173
f 2174 2175 2176
f 2177 2178 2179
f 2180 2181 2182
f 2183 2184 2185
f 2183 2185 2186
f 2187 2188 2189
f 2187 2189 2190
f 2191 2192 2193
f 2191 2193 2194
f 2195 2196 2197
f 2195 2197 2198
f 2199 2200 2201
f 2202 2203 2204
f 2205 2206 2207
f 2208 2209 2210
f 2208 2210 2211
f 2212 2213 2214
f 2212 2214 2215
f 2216 2217 2218
f 2216 2218 2219
f 2220 2221 2222
f 2223 2224 2225
f 2223 2225 2226
f 2227 2228 2229
f 2230 2231 2232
f 2233 2234 2235
f 2236 2237 2238
f 2239 2240 2241
f 2239 2241 2242
f 2243 2244 2245
f 2246 2247 2248
f 2246 2248 2249
f 2250 2251 2252
f 2253 2254 2255
f 2256 2257 2258
f 2259 2260 2261
f 2262 2263 2264
f 2265 2266 2267
f 2268 2269 2270
f 2271 2272 2273
f 2274 2275 2276
f 2277 2278 2279
f 2280 2281 2282
f 2283 2284 2285
f 2286 2287 2288
f 2289 2290 2291
f 2292 2293 2294
f 2295 2296 2297
f 2298 2299 2300
f 2298 2300 2301
f 2302 2303 2304
f 2302 2304 2305
f 2306 2307 2308
f 2306 2308 2309
f 2310 2311 2312
f 2310 2312 2313
f 2314 2315 2316
f 2314 2316 2317
f 2318 2319 2320
f 2318 2320 2321
f 2322 2323 2324
f 2322 2324 2325
f 2326 2327 2328
f 2326 2328 2329
f 2330 2331 2332
f 2330 2332 2333
f 2334 2335 2336
f 2334 2336 2337
f 2338 2339 2340
f 2338 2340 2341
f 2342 2343 2344
f 2342 2344 2345
f 2346 2347 2348
f 2346 2348 2349
f 2350 2351 2352
f 2350 2352 2353
f 2354 2355 2356
f 2354 2356 2357
f 2358 2359 2360
f 2358 2360 2361
f 2362 2363 2364
f 2362 2364 2365
f 2366 2367 2368
f 2366 2368 2369
f 2370 2371 2372
f 2370 2372 2373
f 2374 2375 2376
f 2374 2376 2377
f 2378 2379 2380
f 2378 2380 2381
f 2382 2383 2384
f 2382 2384 2385
f 2386 2387 2388
f 2386 2388 2389
f 2390 2391 2392
f 2390 2392 2393
f 2394 2395 2396
f 2394 2396 2397
f 2398 2399 2400
f 2398 2400 2401
f 2402 2403 2404
f 2402 2404 2405
f 2406 2407 2408
f 2406 2408 2409
f 2410 2411 2412
f 2410 2412 2413
f 2414 2415 2416
f 2414 2416 2417
f 2418 2419 2420
f 2418 2420 2421
f 2422 2423 2424
f 2422 2424 2425
f 2426 2427 2428
f 2426 2428 2429
f 2430 2431 2432
f 2430 2432 2433
f 2434 2435 2436
f 2434 2436 2437
f 2438 2439 2440
f 2438 2440 2441
f 2442 2443 2444
f 2442 2444 2445
f 2446 2447 2448
f 2446 2448 2449
f 2450 2451 2452
f 2450 2452 2453
f 2454 2455 2456
f 2454 2456 2457
f 2458 2459 2460
f 2458 2460 2461
f 2462 2463 2464
f 2462 2464 2465
f 2466 2467 2468
f 2466 2468 2469
f 2470 2471 2472
f 2470 2472 2473
f 2474 2475 2476
f 2474 2476 2477
f 2478 2479 2480
f 2478 2480 2481
f 2482 2483 2484
f 2482 2484 2485
f 2486 2487 2488
f 2486 2488 2489
f 2490 2491 2492
f 2490 2492 2493
f 2494 2495 2496
f 2494 2496 2497
f 2498 2499 2500
f 2498 2500 2501
f 2502 2503 2504
f 2502 2504 2505
f 2506 2507 2508
f 2506 2508 2509
f 2510 2511 2512
f 2510 2512 2513
f 2514 2515 2516
f 2514 2516 2517
f 2518 2519 2520
f 2518 2520 2521
f 2522 2523 2524
f 2522 2524 2525
f 2526 2527 2528
f 2526 2528 2529
f 2530 2531 2532
f 2530 2532 2533
f 2534 2535 2536
f 2534 2536 2537
f 2538 2539 2540
f 2538 2540 2541
f 2542 2543 2544
f 2542 2544 2545
f 2546 2547 2548
f 2546 2548 2549
f 2550 2551 2552
f 2550 2552 2553
f 2554 2555 2556
f 2554 2556 2557
f 2558 2559 2560
f 2558 2560 2561
f 2562 2563 2564
f 2562 2564 2565
f 2566 2567 2568
f 2569 2570 2571
f 2572 2573 2574
f 2575 2576 2577
f 2578 2579 2580
f 2581 2582 2583
f 2584 2585 2586
f 2587 2588 2589
f 2590 2591 2592
f 2593 2594 2595
f 2596 2597 2598
f 2599 2600 2601
f 2602 2603 2604
f 2605 2606 2607
f 2608 2609 2610
f 2611 2612 2613
f 2614 2615 2616
f 2617 2618 2619
f 2620 2621 2622
f 2623 2624 2625
f 2626 2627 2628
f 2629 2630 2631
f 2632 2633 2634
f 2632 2634 2635
f 2636 2637 2638
f 2636 2638 2639
f 2640 2641 2642
f 2640 2642 2643
f 2644 2645 2646
f 2644 2646 2647
f 2648 2649 2650
f 2648 2650 2651
f 2652 2653 2654
f 2652 2654 2655
f 2656 2657 2658
f 2656 2658 2659
f 2660 2661 2662
f 2660 2662 2663
f 2664 2665 2666
f 2664 2666 2667
f 2668 2669 2670
f 2668 2670 2671
f 2672 2673 2674
f 2672 2674 2675
f 2676 2677 2678
f 2676 2678 2679
f 2680 2681 2682
f 2680 2682 2683
f 2684 2685 2686
f 2684 2686 2687
f 2688 2689 2690
f 2688 2690 2691
f 2692 2693 2694
f 2695 2696 2697
f 2695 2697 2698
f 2699 2700 2701
f 2699 2701 2702
f 2703 2704 2705
f 2703 2705 2706
f 2707 2708 2709
f 2710 2711 2712
f 2710 2712 2713
f 2714 2715 2716
f 2714 2716 2717
f 2718 2719 2720
f 2718 2720 2721
f 2722 2723 2724
f 2725 2726 2727
f 2725 2727 2728
f 2729 2730 2731
f 2732 2733 2734
f 2732 2734 2735
f 2736 2737 2738
f 2736 2738 2739
f 2740 2741 2742
f 2740 2742 2743
f 2744 2745 2746
f 2747 2748 2749
f 2750 2751 2752
f 2750 2752 2753
f 2754 2755 2756
f 2754 2756 2757
f 2758 2759 2760
f 2758 2760 2761
f 2762 2763 2764
f 2762 2764 2765
f 2766 2767 2768
f 2766 2768 2769
f 2770 2771 2772
f 2770 2772 2773
f 2774 2775 2776
f 2774 2776 2777
f 2778 2779 2780
f 2778 2780 2781
f 2782 2783 2784
f 2785 2786 2787
f 2785 2787 2788
f 2789 2790 2791
f 2789 2791 2792
f 2793 2794 2795
f 2793 2795 2796
f 2797 2798 2799
f 2797 2799 2800
f 2801 2802 2803
f 2801 2803 2804
f 2805 2806 2807
f 2805 2807 2808
f 2809 2810 2811
f 2809 2811 2812
f 2813 2814 2815
f 2813 2815 2816
f 2817 2818 2819
f 2817 2819 2820
f 2821 2822 2823
f 2821 2823 2824
f 2825 2826 2827
f 2825 2827 2828
f 2829 2830 2831
f 2829 2831 2832
f 2833 2834 2835
f 2833 2835 2836
f 2837 2838 2839
f 2837 2839 2840
f 2841 2842 2843
f 2841 2843 2844
f 2845 2846 2847
f 2845 2847 2848
f 2849 2850 2851
f 2849 2851 2852
f 2853 2854 2855
f 2853 2855 2856
f 2857 2858 2859
f 2857 2859 2860
f 2861 2862 2863
f 2861 2863 2864
f 2865 2866 2867
f 2865 2867 2868
f 2869 2870 2871
f 2869 2871 2872
f 2873 2874 2875
f 2873 2875 2876
f 2877 2878 2879
f 2877 2879 2880
f 2881 2882 2883
f 2881 2883 2884
f 2885 2886 2887
f 2885 2887 2888
f 2889 2890 2891
f 2889 2891 2892
f 2893 2894 2895
f 2893 2895 2896
f 2897 2898 2899
f 2897 2899 2900
f 2901 2902 2903
f 2901 2903 2904
f 2905 2906 2907
f 2905 2907 2908
f 2909 2910 2911
f 2909 2911 2912
f 2913 2914 2915
f 2913 2915 2916
f 2917 2918 2919
f 2917 2919 2920
f 2921 2922 2923
f 2921 2923 2924
f 2925 2926 2927
f 2925 2927 2928
f 2929 2930 2931
f 2929 2931 2932
f 2933 2934 2935
f 2933 2935 2936
f 2937 2938 2939
f 2937 2939 2940
f 2941 2942 2943
f 2941 2943 2944
f 2945 2946 2947
f 2945 2947 2948
f 2949 2950 2951
f 2949 2951 2952
f 2953 2954 2955
f 2953 2955 2956
f 2957 2958 2959
f 2960 2961 2962
f 2963 2964 2965
f 2966 2967 2968
f 2969 2970 2971
f 2972 2973 2974
f 2975 2976 2977
f 2978 2979 2980
f 2981 2982 2983
f 2981 2983 2984
f 2985 2986 2987
f 2985 2987 2988
f 2989 2990 2991
f 2989 2991 2992
f 2993 2994 2995
f 2996 2997 2998
f 2996 2998 2999
f 3000 3001 3002
f 3000 3002 3003
f 3004 3005 3006
f 3004 3006 3007
f 3008 3009 3010
f 3011 3012 3013
f 3011 3013 3014
f 3015 3016 3017
f 3015 3017 3018
f 3019 3020 3021
f 3019 3021 3022
f 3023 3024 3025
f 3026 3027 3028
f 3026 3028 3029
f 3030 3031 3032
f 3030 3032 3033
f 3034 3035 3036
f 3034 3036 3037
f 3038 3039 3040
f 3041 3042 3043
f 3044 3045 3046
f 3047 3048 3049
f 3050 3051 3052
f 3053 3054 3055
f 3056 3057 3058
f 3059 3060 3061
f 3062 3063 3064
f 3065 3066 3067
f 3068 3069 3070
f 3071 3072 3073
f 3074 3075 3076
f 3074 3076 3077
f 3078 3079 3080
f 3078 3080 3081
f 3082 3083 3084
f 3082 3084 3085
f 3086 3087 3088
f 3089 3090 3091
f 3092 3093 3094
f 3095 3096 3097
f 3095 3097 3098
f 3099 3100 3101
f 3099 3101 3102
f 3103 3104 3105
f 3103 3105 3106
f 3107 3108 3109
f 3107 3109 3110
f 3111 3112 3113
f 3111 3113 3114
f 3115 3116 3117
f 3115 3117 3118
f 3119 3120 3121
f 3119 3121 3122
f 3123 3124 3125
f 3123 3125 3126
f 3127 3128 3129
f 3127 3129 3130
f 3131 3132 3133
f 3131 3133 3134
f 3135 3136 3137
f 3135 3137 3138
f 3139 3140 3141
f 3139 3141 3142
f 3143 3144 3145
f 3143 3145 3146
f 3147 3148 3149
f 3147 3149 3150
f 3151 3152 3153
f 3151 3153 3154
f 3155 3156 3157
f 3155 3157 3158
f 3159 3160 3161
f 3159 3161 3162
f 3163 3164 3165
f 3163 3165 3166
f 3167 3168 3169
f 3167 3169 3170
f 3171 3172 3173
f 3171 3173 3174
f 3175 3176 3177
f 3175 3177 3178
f 3179 3180 3181
f 3179 3181 3182
f 3183 3184 3185
f 3183 3185 3186
f 3187 3188 3189
f 3187 3189 3190
f 3191 3192 3193
f 3191 3193 3194
f 3195 3196 3197
f 3195 3197 3198
f 3199 3200 3201
f 3199 3201 3202
f 3203 3204 3205
f 3203 3205 3206
f 3207 3208 3209
f 3207 3209 3210
f 3211 3212 3213
f 3211 3213 3214
f 3215 3216 3217
f 3215 3217 3218
f 3219 3220 3221
f 3219 3221 3222
f 3223 3224 3225
f 3223 3225 3226
f 3227 3228 3229
f 3227 3229 3230
f 3231 3232 3233
f 3231 3233 3234
f 3235 3236 3237
f 3235 3237 3238
f 3239 3240 3241
f 3239 3241 3242
f 3243 3244 3245
f 3243 3245 3246
f 3247 3248 3249
f 3247 3249 3250
f 3251 3252 3253
f 3251 3253 3254
f 3255 3256 3257
f 3255 3257 3258
f 3259 3260 3261
f 3259 3261 3262
f 3263 3264 3265
f 3263 3265 3266
f 3267 3268 3269
f 3267 3269 3270
f 3271 3272 3273
f 3271 3273 3274
f 3275 3276 3277
f 3275 3277 3278
f 3279 3280 3281
f 3279 3281 3282
f 3283 3284 3285
f 3283 3285 3286
f 3287 3288 3289
f 3287 3289 3290
f 3291 3292 3293
f 3291 3293 3294
f 3295 3296 3297
f 3295 3297 3298
f 3299 3300 3301
f 3299 3301 3302
f 3303 3304 3305
f 3303 3305 3306
f 3307 3308 3309
f 3307 3309 3310
f 3311 3312 3313
f 3311 3313 3314
f 3315 3316 3317
f 3315 3317 3318
f 3319 3320 3321
f 3319 3321 3322
f 3323 3324 3325
f 3323 3325 3326
f 3327 3328 3329
f 3327 3329 3330
f 3331 3332 3333
f 3331 3333 3334
f 3335 3336 3337
f 3335 3337 3338
f 3339 3340 3341
f 3339 3341 3342
f 3343 3344 3345
f 3343 3345 3346
f 3347 3348 3349
f 3347 3349 3350
f 3351 3352 3353
f 3351 3353 3354
f 3355 3356 3357
f 3355 3357 3358
f 3359 3360 3361
f 3359 3361 3362
f 3363 3364 3365
f 3363 3365 3366
f 3367 3368 3369
f 3367 3369 3370
f 3371 3372 3373
f 3371 3373 3374
f 3375 3376 3377
f 3375 3377 3378
f 3379 3380 3381
f 3379 3381 3382
f 3383 3384 3385
f 3383 3385 3386
f 3387 3388 3389
f 3387 3389 3390
f 3391 3392 3393
f 3391 3393 3394
f 3395 3396 3397
f 3395 3397 3398
f 3399 3400 3401
f 3399 3401 3402
f 3403 3404 3405
f 3403 3405 3406
f 3407 3408 3409
f 3407 3409 3410
f 3411 3412 3413
f 3411 3413 3414
f 3415 3416 3417
f 3415 3417 3418
f 3419 3420 3421
f 3419 3421 3422
f 3423 3424 3425
f 3423 3425 3426
f 3427 3428 3429
f 3427 3429 3430
f 3431 3432 3433
f 3431 3433 3434
f 3435 3436 3437
f 3435 3437 3438
f 3439 3440 3441
f 3439 3441 3442
f 3443 3444 3445
f 3443 3445 3446
f 3447 3448 3449
f 3447 3449 3450
f 3451 3452 3453
f 3451 3453 3454
f 3455 3456 3457
f 3455 3457 3458
f 3459 3460 3461
f 3459 3461 3462
f 3463 3464 3465
f 3463 3465 3466
f 3467 3468 3469
f 3467 3469 3470
f 3471 3472 3473
f 3471 3473 3474
f 3475 3476 3477
f 3475 3477 3478
f 3479 3480 3481
f 3479 3481 3482
f 3483 3484 3485
f 3483 3485 3486
f 3487 3488 3489
f 3490 3491 3492
f 3493 3494 3495
f 3496 3497 3498
f 3499 3500 3501
f 3502 3503 3504
f 3505 3506 3507
f 3508 3509 3510
f 3511 3512 3513
f 3514 3515 3516
f 3517 3518 3519
f 3520 3521 3522
f 3523 3524 3525
f 3526 3527 3528
f 3529 3530 3531
f 3532 3533 3534
f 3535 3536 3537
f 3538 3539 3540
f 3541 3542 3543
f 3544 3545 3546
f 3547 3548 3549
f 3550 3551 3552
f 3553 3554 3555
f 3556 3557 3558
f 3559 3560 3561
f 3562 3563 3564
f 3565 3566 3567
f 3568 3569 3570
f 3571 3572 3573
f 3574 3575 3576
f 3577 3578 3579
f 3580 3581 3582
f 3583 3584 3585
f 3583 3585 3586
f 3587 3588 3589
f 3587 3589 3590
f 3591 3592 3593
f 3591 3593 3594
f 3595 3596 3597
f 3595 3597 3598
f 3599 3600 3601
f 3599 3601 3602
f 3603 3604 3605
f 3603 3605 3606
f 3607 3608 3609
f 3607 3609 3610
f 3611 3612 3613
f 3611 3613 3614
f 3615 3616 3617
f 3615 3617 3618
f 3619 3620 3621
f 3619 3621 3622
f 3623 3624 3625
f 3623 3625 3626
f 3627 3628 3629
f 3627 3629 3630
f 3631 3632 3633
f 3631 3633 3634
f 3635 3636 3637
f 3635 3637 3638
f 3639 3640 3641
f 3639 3641 3642
f 3643 3644 3645
f 3643 3645 3646
f 3647 3648 3649
f 3647 3649 3650
f 3651 3652 3653
f 3651 3653 3654
f 3655 3656 3657
f 3655 3657 3658
f 3659 3660 3661
f 3659 3661 3662
f 3663 3664 3665
f 3663 3665 3666
f 3667 3668 3669
f 3667 3669 3670
f 3671 3672 3673
f 3671 3673 3674
f 3675 3676 3677
f 3675 3677 3678
f 3679 3680 3681
f 3679 3681 3682
f 3683 3684 3685
f 3683 3685 3686
f 3687 3688 3689
f 3687 3689 3690
f 3691 3692 3693
f 3691 3693 3694
f 3695 3696 3697
f 3695 3697 3698
f 3699 3700 3701
f 3699 3701 3702
f 3703 3704 3705
f 3703 3705 3706
f 3707 3708 3709
f 3707 3709 3710
f 3711 3712 3713
f 3711 3713 3714
f 3715 3716 3717
f 3715 3717 3718
f 3719 3720 3721
f 3719 3721 3722
f 3723 3724 3725
f 3723 3725 3726
f 3727 3728 3729
f 3727 3729 3730
f 3731 3732 3733
f 3731 3733 3734
f 3735 3736 3737
f 3735 3737 3738
f 3739 3740 3741
f 3739 3741 3742
f 3743 3744 3745
f 3743 3745 3746
f 3747 3748 3749
f 3747 3749 3750
f 3751 3752 3753
f 3751 3753 3754
f 3755 3756 3757
f 3755 3757 3758
f 3759 3760 3761
f 3759 3761 3762
f 3763 3764 3765
f 3763 3765 3766
f 3767 3768 3769
f 3767 3769 3770
f 3771 3772 3773
f 3771 3773 3774
f 3775 3776 3777
f 3775 3777 3778
f 3779 3780 3781
f 3779 3781 3782
f 3783 3784 3785
f 3783 3785 3786
f 3787 3788 3789
f 3787 3789 3790
f 3791 3792 3793
f 3791 3793 3794
f 3795 3796 3797
f 3795 3797 3798
f 3799 3800 3801
f 3799 3801 3802
f 3803 3804 3805
f 3803 3805 3806
f 3807 3808 3809
f 3807 3809 3810
f 3811 3812 3813
f 3811 3813 3814
f 3815 3816 3817
f 3815 3817 3818
f 3819 3820 3821
f 3819 3821 3822
f 3823 3824 3825
f 3823 3825 3826
f 3827 3828 3829
f 3827 3829 3830
f 3831 3832 3833
f 3831 3833 3834
f 3835 3836 3837
f 3835 3837 3838
f 3839 3840 3841
f 3839 3841 3842
f 3843 3844 3845
f 3846 3847 3848
f 3849 3850 3851
f 3852 3853 3854
f 3855 3856 3857
f 3858 3859 3860
f 3861 3862 3863
f 3864 3865 3866
f 3867 3868 3869
f 3870 3871 3872
f 3873 3874 3875
f 3876 3877 3878
f 3879 3880 3881
f 3882 3883 3884
f 3885 3886 3887
f 3888 3889 3890
f 3891 3892 3893
f 3891 3893 3894
f 3895 3896 3897
f 3895 3897 3898
f 3899 3900 3901
f 3899 3901 3902
f 3903 3904 3905
f 3903 3905 3906
f 3907 3908 3909
f 3907 3909 3910
f 3911 3912 3913
f 3911 3913 3914
f 3915 3916 3917
f 3915 3917 3918
f 3919 3920 3921
f 3919 3921 3922
f 3923 3924 3925
f 3923 3925 3926
f 3927 3928 3929
f 3927 3929 3930
f 3931 3932 3933
f 3931 3933 3934
f 3935 3936 3937
f 3935 3937 3938
f 3939 3940 3941
f 3939 3941 3942
f 3943 3944 3945
f 3943 3945 3946
f 3947 3948 3949
f 3947 3949 3950
f 3951 3952 3953
f 3951 3953 3954
f 3955 3956 3957
f 3958 3959 3960
f 3961 3962 3963
f 3964 3965 3966
f 3967 3968 3969
f 3970 3971 3972
f 3973 3974 3975
f 3976 3977 3978
f 3979 3980 3981
f 3982 3983 3984
f 3985 3986 3987
f 3988 3989 3990
f 3991 3992 3993
f 3994 3995 3996
f 3997 3998 3999
f 4000 4001 4002
f 4003 4004 4005
f 4003 4005 4006
f 4007 4008 4009
f 4007 4009 4010
f 4011 4012 4013
f 4011 4013 4014
f 4015 4016 4017
f 4015 4017 4018
f 4019 4020 4021
f 4019 4021 4022
f 4023 4024 4025
f 4023 4025 4026
f 4027 4028 4029
f 4027 4029 4030
f 4031 4032 4033
f 4031 4033 4034
f 4035 4036 4037
f 4035 4037 4038
f 4039 4040 4041
f 4039 4041 4042
f 4043 4044 4045
f 4043 4045 4046
f 4047 4048 4049
f 4047 4049 4050
f 4051 4052 4053
f 4051 4053 4054
f 4055 4056 4057
f 4055 4057 4058
f 4059 4060 4061
f 4059 4061 4062
f 4063 4064 4065
f 4063 4065 4066
f 4067 4068 4069
f 4067 4069 4070
f 4071 4072 4073
f 4071 4073 4074
f 4075 4076 4077
f 4075 4077 4078
f 4079 4080 4081
f 4079 4081 4082
f 4083 4084 4085
f 4083 4085 4086
f 4087 4088 4089
f 4087 4089 4090
f 4091 4092 4093
f 4091 4093 4094
f 4095 4096 4097
f 4095 4097 4098
f 4099 4100 4101
f 4099 4101 4102
f 4103 4104 4105
f 4103 4105 4106
f 4107 4108 4109
f 4107 4109 4110
f 4111 4112 4113
f 4111 4113 4114
f 4115 4116 4117
f 4115 4117 4118
f 4119 4120 4121
f 4119 4121 4122
f 4123 4124 4125
f 4123 4125 4126
f 4127 4128 4129
f 4127 4129 4130
f 4131 4132 4133
f 4131 4133 4134
f 4135 4136 4137
f 4135 4137 4138
f 4139 4140 4141
f 4139 4141 4142
f 4143 4144 4145
f 4143 4145 4146
f 4147 4148 4149
f 4147 4149 4150
f 4151 4152 4153
f 4151 4153 4154
f 4155 4156 4157
f 4155 4157 4158
f 4159 4160 4161
f 4159 4161 4162
f 4163 4164 4165
f 4163 4165 4166
f 4167 4168 4169
f 4167 4169 4170
f 4171 4172 4173
f 4171 4173 4174
f 4175 4176 4177
f 4175 4177 4178
f 4179 4180 4181
f 4179 4181 4182
f 4183 4184 4185
f 4183 4185 4186
f 4187 4188 4189
f 4187 4189 4190
f 4191 4192 4193
f 4191 4193 4194
f 4195 4196 4197
f 4195 4197 4198
f 4199 4200 4201
f 4199 4201 4202
f 4203 4204 4205
f 4203 4205 4206
f 4207 4208 4209
f 4207 4209 4210
f 4211 4212 4213
f 4211 4213 4214
f 4215 4216 4217
f 4215 4217 4218
f 4219 4220 4221
f 4219 4221 4222
f 4223 4224 4225
f 4223 4225 4226
f 4227 4228 4229
f 4227 4229 4230
f 4231 4232 4233
f 4231 4233 4234
f 4235 4236 4237
f 4235 4237 4238
f 4239 4240 4241
f 4239 4241 4242
f 4243 4244 4245
f 4243 4245 4246
f 4247 4248 4249
f 4250 4251 4252
f 4253 4254 4255
f 4256 4257 4258
f 4259 4260 4261
f 4262 4263 4264
f 4265 4266 4267
f 4268 4269 4270
f 4271 4272 4273
f 4274 4275 4276
f 4277 4278 4279
f 4280 4281 4282
f 4283 4284 4285
f 4286 4287 4288
f 4289 4290 4291
f 4292 4293 4294
f 4295 4296 4297
f 4298 4299 4300
f 4301 4302 4303
f 4304 4305 4306
f 4307 4308 4309
f 4310 4311 4312
f 4313 4314 4315
f 4316 4317 4318
f 4319 4320 4321
f 4322 4323 4324
f 4325 4326 4327
f 4328 4329 4330
f 4331 4332 4333
f 4334 4335 4336
f 4337 4338 4339
f 4340 4341 4342
f 4343 4344 4345
f 4346 4347 4348
f 4349 4350 4351
f 4352 4353 4354
f 4355 4356 4357
f 4358 4359 4360
f 4361 4362 4363
f 4364 4365 4366
f 4367 4368 4369
f 4370 4371 4372
f 4373 4374 4375
f 4376 4377 4378
f 4379 4380 4381
f 4382 4383 4384
f 4385 4386 4387
f 4388 4389 4390
f 4391 4392 4393
f 4394 4395 4396
f 4397 4398 4399
f 4400 4401 4402
f 4403 4404 4405
f 4406 4407 4408
f 4409 4410 4411
f 4412 4413 4414
f 4415 4416 4417
f 4418 4419 4420
f 4421 4422 4423
f 4424 4425 4426
f 4427 4428 4429
f 4430 4431 4432
f 4433 4434 4435
f 4436 4437 4438
f 4439 4440 4441
f 4439 4441 4442
f 4443 4444 4445
f 4443 4445 4446
f 4447 4448 4449
f 4447 4449 4450
f 4451 4452 4453
f 4451 4453 4454
f 4455 4456 4457
f 4455 4457 4458
f 4459 4460 4461
f 4459 4461 4462
f 4463 4464 4465
f 4463 4465 4466
f 4467 4468 4469
f 4467 4469 4470
f 4471 4472 4473
f 4471 4473 4474
f 4475 4476 4477
f 4475 4477 4478
f 4479 4480 4481
f 4479 4481 4482
f 4483 4484 4485
f 4483 4485 4486
f 4487 4488 4489
f 4487 4489 4490
f 4491 4492 4493
f 4491 4493 4494
f 4495 4496 4497
f 4495 4497 4498
f 4499 4500 4501
f 4499 4501 4502
f 4503 4504 4505
f 4503 4505 4506
f 4507 4508 4509
f 4507 4509 4510
f 4511 4512 4513
f 4511 4513 4514
f 4515 4516 4517
f 4515 4517 4518
f 4519 4520 4521
f 4519 4521 4522
f 4523 4524 4525
f 4523 4525 4526
f 4527 4528 4529
f 4527 4529 4530
f 4531 4532 4533
f 4531 4533 4534
f 4535 4536 4537
f 4535 4537 4538
f 4539 4540 4541
f 4539 4541 4542
f 4543 4544 4545
f 4543 4545 4546
f 4547 4548 4549
f 4547 4549 4550
f 4551 4552 4553
f 4551 4553 4554
f 4555 4556 4557
f 4555 4557 4558
f 4559 4560 4561
f 4559 4561 4562
f 4563 4564 4565
f 4563 4565 4566
f 4567 4568 4569
f 4567 4569 4570
f 4571 4572 4573
f 4571 4573 4574
f 4575 4576 4577
f 4575 4577 4578
f 4579 4580 4581
f 4579 4581 4582
f 4583 4584 4585
f 4583 4585 4586
f 4587 4588 4589
f 4587 4589 4590
f 4591 4592 4593
f 4591 4593 4594
f 4595 4596 4597
f 4595 4597 4598
f 4599 4600 4601
f 4599 4601 4602
f 4603 4604 4605
f 4603 4605 4606
f 4607 4608 4609
f 4607 4609 4610
f 4611 4612 4613
f 4611 4613 4614
f 4615 4616 4617
f 4615 4617 4618
f 4619 4620 4621
f 4619 4621 4622
f 4623 4624 4625
f 4623 4625 4626
f 4627 4628 4629
f 4627 4629 4630
f 4631 4632 4633
f 4631 4633 4634
f 4635 4636 4637
f 4635 4637 4638
f 4639 4640 4641
f 4639 4641 4642
f 4643 4644 4645
f 4643 4645 4646
f 4647 4648 4649
f 4647 4649 4650
f 4651 4652 4653
f 4651 4653 4654
f 4655 4656 4657
f 4655 4657 4658
f 4659 4660 4661
f 4659 4661 4662
f 4663 4664 4665
f 4663 4665 4666
f 4667 4668 4669
f 4667 4669 4670
f 4671 4672 4673
f 4671 4673 4674
f 4675 4676 4677
f 4675 4677 4678
f 4679 4680 4681
f 4679 4681 4682
f 4683 4684 4685
f 4683 4685 4686
f 4687 4688 4689
f 4687 4689 4690
f 4691 4692 4693
f 4691 4693 4694
f 4695 4696 4697
f 4695 4697 4698
f 4699 4700 4701
f 4699 4701 4702
f 4703 4704 4705
f 4703 4705 4706
f 4707 4708 4709
f 4707 4709 4710
f 4711 4712 4713
f 4711 4713 4714
f 4715 4716 4717
f 4715 4717 4718
f 4719 4720 4721
f 4719 4721 4722
f 4723 4724 4725
f 4723 4725 4726
f 4727 4728 4729
f 4727 4729 4730
f 4731 4732 4733
f 4731 4733 4734
f 4735 4736 4737
f 4735 4737 4738
f 4739 4740 4741
f 4739 4741 4742
f 4743 4744 4745
f 4743 4745 4746
f 4747 4748 4749
f 4747 4749 4750
f 4751 4752 4753
f 4751 4753 4754
f 4755 4756 4757
f 4755 4757 4758
f 4759 4760 4761
f 4759 4761 4762
f 4763 4764 4765
f 4763 4765 4766
f 4767 4768 4769
f 4767 4769 4770
f 4771 4772 4773
f 4771 4773 4774
f 4775 4776 4777
f 4775 4777 4778
f 4779 4780 4781
f 4779 4781 4782
f 4783 4784 4785
f 4783 4785 4786
f 4787 4788 4789
f 4787 4789 4790
f 4791 4792 4793
f 4791 4793 4794
f 4795 4796 4797
f 4795 4797 4798
f 4799 4800 4801
f 4799 4801 4802
f 4803 4804 4805
f 4803 4805 4806
f 4807 4808 4809
f 4807 4809 4810
f 4811 4812 4813
f 4811 4813 4814
f 4815 4816 4817
f 4815 4817 4818
f 4819 4820 4821
f 4819 4821 4822
f 4823 4824 4825
f 4823 4825 4826
f 4827 4828 4829
f 4827 4829 4830
f 4831 4832 4833
f 4831 4833 4834
f 4835 4836 4837
f 4835 4837 4838
f 4839 4840 4841
f 4839 4841 4842
f 4843 4844 4845
f 4843 4845 4846
f 4847 4848 4849
f 4847 4849 4850
f 4851 4852 4853
f 4851 4853 4854
f 4855 4856 4857
f 4855 4857 4858
f 4859 4860 4861
f 4859 4861 4862
f 4863 4864 4865
f 4863 4865 4866
f 4867 4868 4869
f 4867 4869 4870
f 4871 4872 4873
f 4871 4873 4874
f 4875 4876 4877
f 4875 4877 4878
f 4879 4880 4881
f 4879 4881 4882
f 4883 4884 4885
f 4883 4885 4886
f 4887 4888 4889
f 4887 4889 4890
f 4891 4892 4893
f 4891 4893 4894
f 4895 4896 4897
f 4895 4897 4898
f 4899 4900 4901
f 4899 4901 4902
f 4903 4904 4905
f 4903 4905 4906
f 4907 4908 4909
f 4907 4909 4910
f 4911 4912 4913
f 4911 4913 4914
f 4915 4916 4917
f 4915 4917 4918
f 4919 4920 4921
f 4919 4921 4922
f 4923 4924 4925
f 4923 4925 4926
f 4927 4928 4929
f 4927 4929 4930
f 4931 4932 4933
f 4931 4933 4934
f 4935 4936 4937
f 4935 4937 4938
f 4939 4940 4941
f 4939 4941 4942
f 4943 4944 4945
f 4943 4945 4946
f 4947 4948 4949
f 4947 4949 4950
f 4951 4952 4953
f 4951 4953 4954
f 4955 4956 4957
f 4955 4957 4958
f 4959 4960 4961
f 4959 4961 4962
f 4963 4964 4965
f 4963 4965 4966
f 4967 4968 4969
f 4967 4969 4970
f 4971 4972 4973
f 4971 4973 4974
f 4975 4976 4977
f 4975 4977 4978
f 4979 4980 4981
f 4979 4981 4982
f 4983 4984 4985
f 4983 4985 4986
f 4987 4988 4989
f 4987 4989 4990
f 4991 4992 4993
f 4991 4993 4994
f 4995 4996 4997
f 4995 4997 4998
f 4999 5000 5001
f 4999 5001 5002
f 5003 5004 5005
f 5003 5005 5006
f 5007 5008 5009
f 5007 5009 5010
f 5011 5012 5013
f 5011 5013 5014
f 5015 5016 5017
f 5015 5017 5018
f 5019 5020 5021
f 5019 5021 5022
f 5023 5024 5025
f 5023 5025 5026
f 5027 5028 5029
f 5027 5029 5030
f 5031 5032 5033
f 5031 5033 5034
f 5035 5036 5037
f 5035 5037 5038
f 5039 5040 5041
f 5039 5041 5042
f 5043 5044 5045
f 5043 5045 5046
f 5047 5048 5049
f 5047 5049 5050
f 5051 5052 5053
f 5051 5053 5054
f 5055 5056 5057
f 5055 5057 5058
f 5059 5060 5061
f 5059 5061 5062
f 5063 5064 5065
f 5063 5065 5066
f 5067 5068 5069
f 5067 5069 5070
f 5071 5072 5073
f 5071 5073 5074
f 5075 5076 5077
f 5075 5077 5078
f 5079 5080 5081
f 5079 5081 5082
f 5083 5084 5085
f 5083 5085 5086
f 5087 5088 5089
f 5087 5089 5090
f 5091 5092 5093
f 5091 5093 5094
f 5095 5096 5097
f 5095 5097 5098
f 5099 5100 5101
f 5099 5101 5102
f 5103 5104 5105
f 5103 5105 5106
f 5107 5108 5109
f 5107 5109 5110
f 5111 5112 5113
f 5111 5113 5114
f 5115 5116 5117
f 5115 5117 5118
f 5119 5120 5121
f 5119 5121 5122
f 5123 5124 5125
f 5123 5125 5126
f 5127 5128 5129
f 5127 5129 5130
f 5131 5132 5133
f 5131 5133 5134
f 5135 5136 5137
f 5135 5137 5138
f 5139 5140 5141
f 5139 5141 5142
f 5143 5144 5145
f 5143 5145 5146
f 5147 5148 5149
f 5147 5149 5150
f 5151 5152 5153
f 5151 5153 5154
f 5155 5156 5157
f 5155 5157 5158
f 5159 5160 5161
f 5159 5161 5162
f 5163 5164 5165
f 5163 5165 5166
f 5167 5168 5169
f 5167 5169 5170
f 5171 5172 5173
f 5171 5173 5174
f 5175 5176 5177
f 5175 5177 5178
f 5179 5180 5181
f 5179 5181 5182
f 5183 5184 5185
f 5183 5185 5186
f 5187 5188 5189
f 5187 5189 5190
f 5191 5192 5193
f 5191 5193 5194
f 5195 5196 5197
f 5195 5197 5198
f 5199 5200 5201
f 5199 5201 5202
f 5203 5204 5205
f 5203 5205 5206
f 5207 5208 5209
f 5207 5209 5210
f 5211 5212 5213
f 5211 5213 5214
f 5215 5216 5217
f 5215 5217 5218
f 5219 5220 5221
f 5219 5221 5222
f 5223 5224 5225
f 5223 5225 5226
f 5227 5228 5229
f 5227 5229 5230
f 5231 5232 5233
f 5231 5233 5234
f 5235 5236 5237
f 5235 5237 5238
f 5239 5240 5241
f 5239 5241 5242
f 5243 5244 5245
f 5243 5245 5246
f 5247 5248 5249
f 5247 5249 5250
f 5251 5252 5253
f 5251 5253 5254
f 5255 5256 5257
f 5255 5257 5258
f 5259 5260 5261
f 5259 5261 5262
f 5263 5264 5265
f 5263 5265 5266
f 5267 5268 5269
f 5267 5269 5270
f 5271 5272 5273
f 5271 5273 5274
f 5275 5276 5277
f 5275 5277 5278
f 5279 5280 5281
f 5279 5281 5282
f 5283 5284 5285
f 5283 5285 5286
f 5287 5288 5289
f 5287 5289 5290
f 5291 5292 5293
f 5291 5293 5294
f 5295 5296 5297
f 5295 5297 5298
f 5299 5300 5301
f 5299 5301 5302
f 5303 5304 5305
f 5303 5305 5306
f 5307 5308 5309
f 5307 5309 5310
f 5311 5312 5313
f 5311 5313 5314
f 5315 5316 5317
f 5315 5317 5318
f 5319 5320 5321
f 5319 5321 5322
f 5323 5324 5325
f 5323 5325 5326
f 5327 5328 5329
f 5327 5329 5330
f 5331 5332 5333
f 5331 5333 5334
f 5335 5336 5337
f 5335 5337 5338
f 5339 5340 5341
f 5339 5341 5342
f 5343 5344 5345
f 5343 5345 5346
f 5347 5348 5349
f 5347 5349 5350
f 5351 5352 5353
f 5351 5353 5354
f 5355 5356 5357
f 5355 5357 5358
f 5359 5360 5361
f 5359 5361 5362
f 5363 5364 5365
f 5363 5365 5366
f 5367 5368 5369
f 5367 5369 5370
f 5371 5372 5373
f 5371 5373 5374
f 5375 5376 5377
f 5375 5377 5378
f 5379 5380 5381
f 5379 5381 5382
f 5383 5384 5385
f 5383 5385 5386
f 5387 5388 5389
f 5387 5389 5390
f 5391 5392 5393
f 5391 5393 5394
f 5395 5396 5397
f 5395 5397 5398
f 5399 5400 5401
f 5399 5401 5402
f 5403 5404 5405
f 5403 5405 5406
f 5407 5408 5409
f 5407 5409 5410
f 5411 5412 5413
f 5411 5413 5414
f 5415 5416 5417
f 5415 5417 5418
f 5419 5420 5421
f 5419 5421 5422
f 5423 5424 5425
f 5423 5425 5426
f 5427 5428 5429
f 5427 5429 5430
f 5431 5432 5433
f 5431 5433 5434
f 5435 5436 5437
f 5435 5437 5438
f 5439 5440 5441
f 5439 5441 5442
f 5443 5444 5445
f 5443 5445 5446
f 5447 5448 5449
f 5447 5449 5450
f 5451 5452 5453
f 5451 5453 5454
f 5455 5456 5457
f 5455 5457 5458
f 5459 5460 5461
f 5459 5461 5462
f 5463 5464 5465
f 5463 5465 5466
f 5467 5468 5469
f 5467 5469 5470
f 5471 5472 5473
f 5471 5473 5474
f 5475 5476 5477
f 5475 5477 5478
f 5479 5480 5481
f 5479 5481 5482
f 5483 5484 5485
f 5483 5485 5486
f 5487 5488 5489
f 5487 5489 5490
f 5491 5492 5493
f 5491 5493 5494
f 5495 5496 5497
f 5495 5497 5498
f 5499 5500 5501
f 5499 5501 5502
f 5503 5504 5505
f 5503 5505 5506
f 5507 5508 5509
f 5507 5509 5510
f 5511 5512 5513
f 5511 5513 5514
f 5515 5516 5517
f 5515 5517 5518
f 5519 5520 5521
f 5519 5521 5522
f 5523 5524 5525
f 5523 5525 5526
f 5527 5528 5529
f 5527 5529 5530
f 5531 5532 5533
f 5531 5533 5534
f 5535 5536 5537
f 5535 5537 5538
f 5539 5540 5541
f 5539 5541 5542
f 5543 5544 5545
f 5543 5545 5546
f 5547 5548 5549
f 5547 5549 5550
f 5551 5552 5553
f 5551 5553 5554
f 5555 5556 5557
f 5555 5557 5558
f 5559 5560 5561
f 5559 5561 5562
f 5563 5564 5565
f 5563 5565 5566
f 5567 5568 5569
f 5567 5569 5570
f 5571 5572 5573
f 5571 5573 5574
f 5575 5576 5577
f 5575 5577 5578
f 5579 5580 5581
f 5579 5581 5582
f 5583 5584 5585
f 5583 5585 5586
f 5587 5588 5589
f 5587 5589 5590
f 5591 5592 5593
f 5591 5593 5594
f 5595 5596 5597
f 5595 5597 5598
f 5599 5600 5601
f 5599 5601 5602
f 5603 5604 5605
f 5603 5605 5606
f 5607 5608 5609
f 5607 5609 5610
f 5611 5612 5613
f 5611 5613 5614
f 5615 5616 5617
f 5615 5617 5618
f 5619 5620 5621
f 5619 5621 5622
f 5623 5624 5625
f 5623 5625 5626
f 5627 5628 5629
f 5627 5629 5630
f 5631 5632 5633
f 5631 5633 5634
f 5635 5636 5637
f 5635 5637 5638
f 5639 5640 5641
f 5639 5641 5642
f 5643 5644 5645
f 5643 5645 5646
f 5647 5648 5649
f 5647 5649 5650
f 5651 5652 5653
f 5651 5653 5654
f 5655 5656 5657
f 5655 5657 5658
f 5659 5660 5661
f 5659 5661 5662
f 5663 5664 5665
f 5663 5665 5666
f 5667 5668 5669
f 5667 5669 5670
f 5671 5672 5673
f 5671 5673 5674
f 5675 5676 5677
f 5675 5677 5678
f 5679 5680 5681
f 5679 5681 5682
f 5683 5684 5685
f 5683 5685 5686
f 5687 5688 5689
f 5687 5689 5690
f 5691 5692 5693
f 5691 5693 5694
f 5695 5696 5697
f 5695 5697 5698
f 5699 5700 5701
f 5699 5701 5702
f 5703 5704 5705
f 5703 5705 5706
f 5707 5708 5709
f 5707 5709 5710
f 5711 5712 5713
f 5711 5713 5714
f 5715 5716 5717
f 5715 5717 5718
f 5719 5720 5721
f 5719 5721 5722
f 5723 5724 5725
f 5723 5725 5726
f 5727 5728 5729
f 5727 5729 5730
f 5731 5732 5733
f 5731 5733 5734
f 5735 5736 5737
f 5735 5737 5738
f 5739 5740 5741
f 5739 5741 5742
f 5743 5744 5745
f 5743 5745 5746
f 5747 5748 5749
f 5747 5749 5750
f 5751 5752 5753
f 5751 5753 5754
f 5755 5756 5757
f 5755 5757 5758
f 5759 5760 5761
f 5759 5761 5762
f 5763 5764 5765
f 5763 5765 5766
f 5767 5768 5769
f 5767 5769 5770
f 5771 5772 5773
f 5771 5773 5774
f 5775 5776 5777
f 5775 5777 5778
f 5779 5780 5781
f 5779 5781 5782
f 5783 5784 5785
f 5783 5785 5786
f 5787 5788 5789
f 5787 5789 5790
f 5791 5792 5793
f 5791 5793 5794
f 5795 5796 5797
f 5795 5797 5798
f 5799 5800 5801
f 5799 5801 5802
f 5803 5804 5805
f 5803 5805 5806
f 5807 5808 5809
f 5807 5809 5810
f 5811 5812 5813
f 5811 5813 5814
f 5815 5816 5817
f 5815 5817 5818
f 5819 5820 5821
f 5819 5821 5822
f 5823 5824 5825
f 5823 5825 5826
f 5827 5828 5829
f 5827 5829 5830
f 5831 5832 5833
f 5831 5833 5834
f 5835 5836 5837
f 5835 5837 5838
f 5839 5840 5841
f 5842 5843 5844
f 5845 5846 5847
f 5848 5849 5850
f 5851 5852 5853
f 5854 5855 5856
f 5857 5858 5859
f 5860 5861 5862
f 5863 5864 5865
f 5866 5867 5868
f 5869 5870 5871
f 5872 5873 5874
f 5875 5876 5877
f 5878 5879 5880
f 5881 5882 5883
f 5884 5885 5886
f 5887 5888 5889
f 5890 5891 5892
f 5893 5894 5895
f 5896 5897 5898
f 5899 5900 5901
f 5902 5903 5904
f 5905 5906 5907
f 5908 5909 5910
f 5911 5912 5913
f 5914 5915 5916
f 5917 5918 5919
f 5920 5921 5922
f 5923 5924 5925
f 5926 5927 5928
f 5929 5930 5931
f 5932 5933 5934
f 5935 5936 5937
f 5938 5939 5940
f 5941 5942 5943
f 5944 5945 5946
f 5947 5948 5949
f 5950 5951 5952
f 5953 5954 5955
f 5956 5957 5958
f 5959 5960 5961
f 5962 5963 5964
f 5965 5966 5967
f 5968 5969 5970
f 5971 5972 5973
f 5974 5975 5976
f 5977 5978 5979
f 5980 5981 5982
f 5983 5984 5985
f 5986 5987 5988
f 5989 5990 5991
f 5992 5993 5994
f 5995 5996 5997
f 5998 5999 6000
f 6001 6002 6003
f 6004 6005 6006
f 6007 6008 6009
f 6010 6011 6012
f 6013 6014 6015
f 6016 6017 6018
f 6019 6020 6021
f 6022 6023 6024
f 6025 6026 6027
f 6028 6029 6030
f 6031 6032 6033
f 6031 6033 6034
f 6035 6036 6037
f 6035 6037 6038
f 6039 6040 6041
f 6039 6041 6042
f 6043 6044 6045
f 6043 6045 6046
f 6047 6048 6049
f 6047 6049 6050
f 6051 6052 6053
f 6051 6053 6054
f 6055 6056 6057
f 6055 6057 6058
f 6059 6060 6061
f 6059 6061 6062
f 6063 6064 6065
f 6063 6065 6066
f 6067 6068 6069
f 6067 6069 6070
f 6071 6072 6073
f 6071 6073 6074
f 6075 6076 6077
f 6075 6077 6078
f 6079 6080 6081
f 6079 6081 6082
f 6083 6084 6085
f 6083 6085 6086
f 6087 6088 6089
f 6087 6089 6090
f 6091 6092 6093
f 6091 6093 6094
f 6095 6096 6097
f 6095 6097 6098
f 6099 6100 6101
f 6099 6101 6102
f 6103 6104 6105
f 6103 6105 6106
f 6107 6108 6109
f 6107 6109 6110
f 6111 6112 6113
f 6111 6113 6114
f 6115 6116 6117
f 6115 6117 6118
f 6119 6120 6121
f 6119 6121 6122
f 6123 6124 6125
f 6123 6125 6126
f 6127 6128 6129
f 6127 6129 6130
f 6131 6132 6133
f 6131 6133 6134
f 6135 6136 6137
f 6135 6137 6138
f 6139 6140 6141
f 6139 6141 6142
f 6143 6144 6145
f 6143 6145 6146
f 6147 6148 6149
f 6147 6149 6150
f 6151 6152 6153
f 6151 6153 6154
f 6155 6156 6157
f 6155 6157 6158
f 6159 6160 6161
f 6159 6161 6162
f 6163 6164 6165
f 6163 6165 6166
f 6167 6168 6169
f 6167 6169 6170
f 6171 6172 6173
f 6171 6173 6174
f 6175 6176 6177
f 6175 6177 6178
f 6179 6180 6181
f 6179 6181 6182
f 6183 6184 6185
f 6183 6185 6186
f 6187 6188 6189
f 6187 6189 6190
f 6191 6192 6193
f 6191 6193 6194
f 6195 6196 6197
f 6195 6197 6198
f 6199 6200 6201
f 6199 6201 6202
f 6203 6204 6205
f 6203 6205 6206
f 6207 6208 6209
f 6207 6209 6210
f 6211 6212 6213
f 6211 6213 6214
f 6215 6216 6217
f 6215 6217 6218
f 6219 6220 6221
f 6219 6221 6222
f 6223 6224 6225
f 6223 6225 6226
f 6227 6228 6229
f 6227 6229 6230
f 6231 6232 6233
f 6231 6233 6234
f 6235 6236 6237
f 6235 6237 6238
f 6239 6240 6241
f 6239 6241 6242
f 6243 6244 6245
f 6243 6245 6246
f 6247 6248 6249
f 6247 6249 6250
f 6251 6252 6253
f 6251 6253 6254
f 6255 6256 6257
f 6255 6257 6258
f 6259 6260 6261
f 6259 6261 6262
f 6263 6264 6265
f 6263 6265 6266
f 6267 6268 6269
f 6267 6269 6270
f 6271 6272 6273
f 6271 6273 6274
f 6275 6276 6277
f 6275 6277 6278
f 6279 6280 6281
f 6279 6281 6282
f 6283 6284 6285
f 6283 6285 6286
f 6287 6288 6289
f 6287 6289 6290
f 6291 6292 6293
f 6291 6293 6294
f 6295 6296 6297
f 6295 6297 6298
f 6299 6300 6301
f 6299 6301 6302
f 6303 6304 6305
f 6303 6305 6306
f 6307 6308 6309
f 6307 6309 6310
f 6311 6312 6313
f 6311 6313 6314
f 6315 6316 6317
f 6315 6317 6318
f 6319 6320 6321
f 6319 6321 6322
f 6323 6324 6325
f 6323 6325 6326
f 6327 6328 6329
f 6327 6329 6330
f 6331 6332 6333
f 6331 6333 6334
f 6335 6336 6337
f 6335 6337 6338
f 6339 6340 6341
f 6339 6341 6342
f 6343 6344 6345
f 6343 6345 6346
f 6347 6348 6349
f 6347 6349 6350
f 6351 6352 6353
f 6351 6353 6354
f 6355 6356 6357
f 6355 6357 6358
f 6359 6360 6361
f 6359 6361 6362
f 6363 6364 6365
f 6363 6365 6366
f 6367 6368 6369
f 6367 6369 6370
f 6371 6372 6373
f 6371 6373 6374
f 6375 6376 6377
f 6375 6377 6378
f 6379 6380 6381
f 6379 6381 6382
f 6383 6384 6385
f 6383 6385 6386
f 6387 6388 6389
f 6387 6389 6390
f 6391 6392 6393
f 6391 6393 6394
f 6395 6396 6397
f 6395 6397 6398
f 6399 6400 6401
f 6399 6401 6402
f 6403 6404 6405
f 6403 6405 6406
f 6407 6408 6409
f 6407 6409 6410
f 6411 6412 6413
f 6411 6413 6414
f 6415 6416 6417
f 6415 6417 6418
f 6419 6420 6421
f 6419 6421 6422
f 6423 6424 6425
f 6423 6425 6426
f 6427 6428 6429
f 6427 6429 6430
f 6431 6432 6433
f 6431 6433 6434
f 6435 6436 6437
f 6435 6437 6438
f 6439 6440 6441
f 6439 6441 6442
f 6443 6444 6445
f 6443 6445 6446
f 6447 6448 6449
f 6447 6449 6450
f 6451 6452 6453
f 6451 6453 6454
f 6455 6456 6457
f 6455 6457 6458
f 6459 6460 6461
f 6459 6461 6462
f 6463 6464 6465
f 6463 6465 6466
f 6467 6468 6469
f 6467 6469 6470
f 6471 6472 6473
f 6474 6475 6476
f 6474 6476 6477
f 6478 6479 6480
f 6478 6480 6481
f 6482 6483 6484
f 6482 6484 6485
f 6486 6487 6488
f 6486 6488 6489
f 6490 6491 6492
f 6490 6492 6493
f 6494 6495 6496
f 6497 6498 6499
f 6497 6499 6500
f 6501 6502 6503
f 6501 6503 6504
f 6505 6506 6507
f 6505 6507 6508
f 6509 6510 6511
f 6509 6511 6512
f 6513 6514 6515
f 6513 6515 6516
f 6517 6518 6519
f 6517 6519 6520
f 6521 6522 6523
f 6521 6523 6524
f 6525 6526 6527
f 6525 6527 6528
f 6529 6530 6531
f 6529 6531 6532
f 6533 6534 6535
f 6533 6535 6536
f 6537 6538 6539
f 6537 6539 6540
f 6541 6542 6543
f 6541 6543 6544
f 6545 6546 6547
f 6545 6547 6548
f 6549 6550 6551
f 6549 6551 6552
f 6553 6554 6555
f 6553 6555 6556
f 6557 6558 6559
f 6557 6559 6560
f 6561 6562 6563
f 6561 6563 6564
f 6565 6566 6567
f 6565 6567 6568
f 6569 6570 6571
f 6569 6571 6572
f 6573 6574 6575
f 6576 6577 6578
f 6576 6578 6579
f 6580 6581 6582
f 6580 6582 6583
f 6584 6585 6586
f 6584 6586 6587
f 6588 6589 6590
f 6588 6590 6591
f 6592 6593 6594
f 6592 6594 6595
f 6596 6597 6598
f 6599 6600 6601
f 6599 6601 6602
f 6603 6604 6605
f 6603 6605 6606
f 6607 6608 6609
f 6607 6609 6610
f 6611 6612 6613
f 6611 6613 6614
f 6615 6616 6617
f 6615 6617 6618
f 6619 6620 6621
f 6619 6621 6622
f 6623 6624 6625
f 6623 6625 6626
f 6627 6628 6629
f 6627 6629 6630
f 6631 6632 6633
f 6631 6633 6634
f 6635 6636 6637
f 6635 6637 6638
f 6639 6640 6641
f 6639 6641 6642
f 6643 6644 6645
f 6643 6645 6646
f 6647 6648 6649
f 6647 6649 6650
f 6651 6652 6653
f 6651 6653 6654
f 6655 6656 6657
f 6655 6657 6658
f 6659 6660 6661
f 6659 6661 6662
f 6663 6664 6665
f 6663 6665 6666
f 6667 6668 6669
f 6667 6669 6670
f 6671 6672 6673
f 6671 6673 6674
f 6675 6676 6677
f 6678 6679 6680
f 6678 6680 6681
f 6682 6683 6684
f 6682 6684 6685
f 6686 6687 6688
f 6686 6688 6689
f 6690 6691 6692
f 6690 6692 6693
f 6694 6695 6696
f 6694 6696 6697
f 6698 6699 6700
f 6701 6702 6703
f 6701 6703 6704
f 6705 6706 6707
f 6705 6707 6708
f 6709 6710 6711
f 6709 6711 6712
f 6713 6714 6715
f 6713 6715 6716
f 6717 6718 6719
f 6717 6719 6720
f 6721 6722 6723
f 6721 6723 6724
f 6725 6726 6727
f 6725 6727 6728
f 6729 6730 6731
f 6729 6731 6732
f 6733 6734 6735
f 6733 6735 6736
f 6737 6738 6739
f 6737 6739 6740
f 6741 6742 6743
f 6741 6743 6744
f 6745 6746 6747
f 6745 6747 6748
f 6749 6750 6751
f 6749 6751 6752
f 6753 6754 6755
f 6753 6755 6756
f 6757 6758 6759
f 6757 6759 6760
f 6761 6762 6763
f 6761 6763 6764
f 6765 6766 6767
f 6765 6767 6768
f 6769 6770 6771
f 6769 6771 6772
f 6773 6774 6775
f 6773 6775 6776
f 6777 6778 6779
f 6780 6781 6782
f 6780 6782 6783
f 6784 6785 6786
f 6784 6786 6787
f 6788 6789 6790
f 6788 6790 6791
f 6792 6793 6794
f 6792 6794 6795
f 6796 6797 6798
f 6796 6798 6799
f 6800 6801 6802
f 6803 6804 6805
f 6803 6805 6806
f 6807 6808 6809
f 6807 6809 6810
f 6811 6812 6813
f 6811 6813 6814
f 6815 6816 6817
f 6815 6817 6818
f 6819 6820 6821
f 6819 6821 6822
f 6823 6824 6825
f 6823 6825 6826
f 6827 6828 6829
f 6827 6829 6830
f 6831 6832 6833
f 6831 6833 6834
f 6835 6836 6837
f 6835 6837 6838
f 6839 6840 6841
f 6839 6841 6842
f 6843 6844 6845
f 6843 6845 6846
f 6847 6848 6849
f 6847 6849 6850
f 6851 6852 6853
f 6851 6853 6854
f 6855 6856 6857
f 6855 6857 6858
f 6859 6860 6861
f 6859 6861 6862
f 6863 6864 6865
f 6863 6865 6866
f 6867 6868 6869
f 6867 6869 6870
f 6871 6872 6873
f 6871 6873 6874
f 6875 6876 6877
f 6875 6877 6878
f 6879 6880 6881
f 6882 6883 6884
f 6882 6884 6885
f 6886 6887 6888
f 6886 6888 6889
f 6890 6891 6892
f 6890 6892 6893
f 6894 6895 6896
f 6894 6896 6897
f 6898 6899 6900
f 6898 6900 6901
f 6902 6903 6904
f 6905 6906 6907
f 6905 6907 6908
f 6909 6910 6911
f 6909 6911 6912
f 6913 6914 6915
f 6913 6915 6916
f 6917 6918 6919
f 6917 6919 6920
f 6921 6922 6923
f 6921 6923 6924
f 6925 6926 6927
f 6925 6927 6928
f 6929 6930 6931
f 6929 6931 6932
f 6933 6934 6935
f 6933 6935 6936
f 6937 6938 6939
f 6937 6939 6940
f 6941 6942 6943
f 6941 6943 6944
f 6945 6946 6947
f 6945 6947 6948
f 6949 6950 6951
f 6949 6951 6952
f 6953 6954 6955
f 6953 6955 6956
f 6957 6958 6959
f 6957 6959 6960
f 6961 6962 6963
f 6961 6963 6964
f 6965 6966 6967
f 6965 6967 6968
f 6969 6970 6971
f 6969 6971 6972
f 6973 6974 6975
f 6973 6975 6976
f 6977 6978 6979
f 6977 6979 6980
f 6981 6982 6983
f 6984 6985 6986
f 6984 6986 6987
f 6988 6989 6990
f 6988 6990 6991
f 6992 6993 6994
f 6992 6994 6995
f 6996 6997 6998
f 6996 6998 6999
f 7000 7001 7002
f 7000 7002 7003
f 7004 7005 7006
f 7007 7008 7009
f 7007 7009 7010
f 7011 7012 7013
f 7011 7013 7014
f 7015 7016 7017
f 7015 7017 7018
f 7019 7020 7021
f 7019 7021 7022
f 7023 7024 7025
f 7023 7025 7026
f 7027 7028 7029
f 7027 7029 7030
f 7031 7032 7033
f 7031 7033 7034
f 7035 7036 7037
f 7035 7037 7038
f 7039 7040 7041
f 7039 7041 7042
f 7043 7044 7045
f 7043 7045 7046
f 7047 7048 7049
f 7047 7049 7050
f 7051 7052 7053
f 7051 7053 7054
f 7055 7056 7057
f 7055 7057 7058
f 7059 7060 7061
f 7059 7061 7062
f 7063 7064 7065
f 7063 7065 7066
f 7067 7068 7069
f 7067 7069 7070
f 7071 7072 7073
f 7071 7073 7074
f 7075 7076 7077
f 7075 7077 7078
f 7079 7080 7081
f 7079 7081 7082
f 7083 7084 7085
f 7086 7087 7088
f 7086 7088 7089
f 7090 7091 7092
f 7090 7092 7093
f 7094 7095 7096
f 7094 7096 7097
f 7098 7099 7100
f 7098 7100 7101
f 7102 7103 7104
f 7102 7104 7105
f 7106 7107 7108
f 7109 7110 7111
f 7109 7111 7112
f 7113 7114 7115
f 7113 7115 7116
f 7117 7118 7119
f 7117 7119 7120
f 7121 7122 7123
f 7121 7123 7124
f 7125 7126 7127
f 7125 7127 7128
f 7129 7130 7131
f 7129 7131 7132
f 7133 7134 7135
f 7133 7135 7136
f 7137 7138 7139
f 7137 7139 7140
f 7141 7142 7143
f 7141 7143 7144
f 7145 7146 7147
f 7145 7147 7148
f 7149 7150 7151
f 7149 7151 7152
f 7153 7154 7155
f 7153 7155 7156
f 7157 7158 7159
f 7157 7159 7160
f 7161 7162 7163
f 7161 7163 7164
f 7165 7166 7167
f 7165 7167 7168
f 7169 7170 7171
f 7169 7171 7172
f 7173 7174 7175
f 7173 7175 7176
f 7177 7178 7179
f 7177 7179 7180
f 7181 7182 7183
f 7181 7183 7184
f 7185 7186 7187
f 7188 7189 7190
f 7188 7190 7191
f 7192 7193 7194
f 7192 7194 7195
f 7196 7197 7198
f 7196 7198 7199
f 7200 7201 7202
f 7200 7202 7203
f 7204 7205 7206
f 7204 7206 7207
f 7208 7209 7210
f 7211 7212 7213
f 7211 7213 7214
f 7215 7216 7217
f 7215 7217 7218
f 7219 7220 7221
f 7219 7221 7222
f 7223 7224 7225
f 7223 7225 7226
f 7227 7228 7229
f 7227 7229 7230
f 7231 7232 7233
f 7231 7233 7234
f 7235 7236 7237
f 7235 7237 7238
f 7239 7240 7241
f 7239 7241 7242
f 7243 7244 7245
f 7243 7245 7246
f 7247 7248 7249
f 7247 7249 7250
f 7251 7252 7253
f 7251 7253 7254
f 7255 7256 7257
f 7255 7257 7258
f 7259 7260 7261
f 7259 7261 7262
f 7263 7264 7265
f 7263 7265 7266
f 7267 7268 7269
f 7267 7269 7270
f 7271 7272 7273
f 7271 7273 7274
f 7275 7276 7277
f 7275 7277 7278
f 7279 7280 7281
f 7279 7281 7282
f 7283 7284 7285
f 7283 7285 7286
f 7287 7288 7289
f 7287 7289 7290
f 7291 7292 7293
f 7291 7293 7294
f 7295 7296 7297
f 7295 7297 7298
f 7299 7300 7301
f 7299 7301 7302
f 7303 7304 7305
f 7303 7305 7306
f 7307 7308 7309
f 7307 7309 7310
f 7311 7312 7313
f 7311 7313 7314
f 7315 7316 7317
f 7315 7317 7318
f 7319 7320 7321
f 7319 7321 7322
f 7323 7324 7325
f 7323 7325 7326
f 7327 7328 7329
f 7327 7329 7330
f 7331 7332 7333
f 7331 7333 7334
f 7335 7336 7337
f 7335 7337 7338
f 7339 7340 7341
f 7339 7341 7342
f 7343 7344 7345
f 7343 7345 7346
f 7347 7348 7349
f 7347 7349 7350
f 7351 7352 7353
f 7351 7353 7354
f 7355 7356 7357
f 7355 7357 7358
f 7359 7360 7361
f 7359 7361 7362
f 7363 7364 7365
f 7363 7365 7366
f 7367 7368 7369
f 7367 7369 7370
f 7371 7372 7373
f 7371 7373 7374
f 7375 7376 7377
f 7375 7377 7378
f 7379 7380 7381
f 7379 7381 7382
f 7383 7384 7385
f 7383 7385 7386
f 7387 7388 7389
f 7387 7389 7390
f 7391 7392 7393
f 7391 7393 7394
f 7395 7396 7397
f 7395 7397 7398
f 7399 7400 7401
f 7399 7401 7402
f 7403 7404 7405
f 7403 7405 7406
f 7407 7408 7409
f 7407 7409 7410
f 7411 7412 7413
f 7411 7413 7414
f 7415 7416 7417
f 7415 7417 7418
f 7419 7420 7421
f 7419 7421 7422
f 7423 7424 7425
f 7423 7425 7426
f 7427 7428 7429
f 7427 7429 7430
f 7431 7432 7433
f 7431 7433 7434
f 7435 7436 7437
f 7435 7437 7438
f 7439 7440 7441
f 7439 7441 7442
f 7443 7444 7445
f 7443 7445 7446
f 7447 7448 7449
f 7447 7449 7450
f 7451 7452 7453
f 7451 7453 7454
f 7455 7456 7457
f 7455 7457 7458
f 7459 7460 7461
f 7459 7461 7462
f 7463 7464 7465
f 7463 7465 7466
f 7467 7468 7469
f 7467 7469 7470
f 7471 7472 7473
f 7471 7473 7474
f 7475 7476 7477
f 7475 7477 7478
f 7479 7480 7481
f 7479 7481 7482
f 7483 7484 7485
f 7483 7485 7486
f 7487 7488 7489
f 7487 7489 7490
f 7491 7492 7493
f 7491 7493 7494
f 7495 7496 7497
f 7495 7497 7498
f 7499 7500 7501
f 7499 7501 7502
f 7503 7504 7505
f 7503 7505 7506
f 7507 7508 7509
f 7507 7509 7510
f 7511 7512 7513
f 7511 7513 7514
f 7515 7516 7517
f 7515 7517 7518
f 7519 7520 7521
f 7519 7521 7522
f 7523 7524 7525
f 7523 7525 7526
f 7527 7528 7529
f 7527 7529 7530
f 7531 7532 7533
f 7531 7533 7534
f 7535 7536 7537
f 7535 7537 7538
f 7539 7540 7541
f 7539 7541 7542
f 7543 7544 7545
f 7543 7545 7546
f 7547 7548 7549
f 7547 7549 7550
f 7551 7552 7553
f 7551 7553 7554
f 7555 7556 7557
f 7555 7557 7558
f 7559 7560 7561
f 7559 7561 7562
f 7563 7564 7565
f 7563 7565 7566
f 7567 7568 7569
f 7567 7569 7570
f 7571 7572 7573
f 7571 7573 7574
f 7575 7576 7577
f 7575 7577 7578
f 7579 7580 7581
f 7579 7581 7582
f 7583 7584 7585
f 7583 7585 7586
f 7587 7588 7589
f 7587 7589 7590
f 7591 7592 7593
f 7591 7593 7594
f 7595 7596 7597
f 7595 7597 7598
f 7599 7600 7601
f 7599 7601 7602
f 7603 7604 7605
f 7603 7605 7606
f 7607 7608 7609
f 7607 7609 7610
f 7611 7612 7613
f 7611 7613 7614
f 7615 7616 7617
f 7615 7617 7618
f 7619 7620 7621
f 7619 7621 7622
f 7623 7624 7625
f 7623 7625 7626
f 7627 7628 7629
f 7627 7629 7630
f 7631 7632 7633
f 7631 7633 7634
f 7635 7636 7637
f 7635 7637 7638
f 7639 7640 7641
f 7639 7641 7642
f 7643 7644 7645
f 7643 7645 7646
f 7647 7648 7649
f 7647 7649 7650
f 7651 7652 7653
f 7651 7653 7654
f 7655 7656 7657
f 7655 7657 7658
f 7659 7660 7661
f 7659 7661 7662
f 7663 7664 7665
f 7663 7665 7666
f 7667 7668 7669
f 7667 7669 7670
f 7671 7672 7673
f 7671 7673 7674
f 7675 7676 7677
f 7675 7677 7678
f 7679 7680 7681
f 7679 7681 7682
f 7683 7684 7685
f 7683 7685 7686
f 7687 7688 7689
f 7687 7689 7690
f 7691 7692 7693
f 7691 7693 7694
f 7695 7696 7697
f 7695 7697 7698
f 7699 7700 7701
f 7699 7701 7702
f 7703 7704 7705
f 7703 7705 7706
f 7707 7708 7709
f 7707 7709 7710
f 7711 7712 7713
f 7711 7713 7714
f 7715 7716 7717
f 7715 7717 7718
f 7719 7720 7721
f 7719 7721 7722
f 7723 7724 7725
f 7723 7725 7726
f 7727 7728 7729
f 7727 7729 7730
f 7731 7732 7733
f 7731 7733 7734
f 7735 7736 7737
f 7735 7737 7738
f 7739 7740 7741
f 7739 7741 7742
f 7743 7744 7745
f 7743 7745 7746
f 7747 7748 7749
f 7747 7749 7750
f 7751 7752 7753
f 7751 7753 7754
f 7755 7756 7757
f 7755 7757 7758
f 7759 7760 7761
f 7759 7761 7762
f 7763 7764 7765
f 7763 7765 7766
f 7767 7768 7769
f 7767 7769 7770
f 7771 7772 7773
f 7771 7773 7774
f 7775 7776 7777
f 7775 7777 7778
f 7779 7780 7781
f 7779 7781 7782
f 7783 7784 7785
f 7783 7785 7786
f 7787 7788 7789
f 7787 7789 7790
f 7791 7792 7793
f 7791 7793 7794
f 7795 7796 7797
f 7795 7797 7798
f 7799 7800 7801
f 7799 7801 7802
f 7803 7804 7805
f 7803 7805 7806
f 7807 7808 7809
f 7807 7809 7810
f 7811 7812 7813
f 7811 7813 7814
f 7815 7816 7817
f 7815 7817 7818
f 7819 7820 7821
f 7819 7821 7822
f 7823 7824 7825
f 7823 7825 7826
f 7827 7828 7829
f 7827 7829 7830
f 7831 7832 7833
f 7831 7833 7834
f 7835 7836 7837
f 7835 7837 7838
f 7839 7840 7841
f 7839 7841 7842
f 7843 7844 7845
f 7843 7845 7846
f 7847 7848 7849
f 7847 7849 7850
f 7851 7852 7853
f 7851 7853 7854
f 7855 7856 7857
f 7855 7857 7858
f 7859 7860 7861
f 7859 7861 7862
f 7863 7864 7865
f 7863 7865 7866
f 7867 7868 7869
f 7867 7869 7870
f 7871 7872 7873
f 7871 7873 7874
f 7875 7876 7877
f 7875 7877 7878
f 7879 7880 7881
f 7879 7881 7882
f 7883 7884 7885
f 7883 7885 7886
f 7887 7888 7889
f 7887 7889 7890
f 7891 7892 7893
f 7891 7893 7894
f 7895 7896 7897
f 7895 7897 7898
f 7899 7900 7901
f 7899 7901 7902
f 7903 7904 7905
f 7903 7905 7906
f 7907 7908 7909
f 7907 7909 7910
f 7911 7912 7913
f 7911 7913 7914
f 7915 7916 7917
f 7915 7917 7918
f 7919 7920 7921
f 7919 7921 7922
f 7923 7924 7925
f 7923 7925 7926
f 7927 7928 7929
f 7927 7929 7930
f 7931 7932 7933
f 7931 7933 7934
f 7935 7936 7937
f 7935 7937 7938
f 7939 7940 7941
f 7939 7941 7942
f 7943 7944 7945
f 7943 7945 7946
f 7947 7948 7949
f 7947 7949 7950
f 7951 7952 7953
f 7951 7953 7954
f 7955 7956 7957
f 7955 7957 7958
f 7959 7960 7961
f 7959 7961 7962
f 7963 7964 7965
f 7963 7965 7966
f 7967 7968 7969
f 7967 7969 7970
f 7971 7972 7973
f 7971 7973 7974
f 7975 7976 7977
f 7975 7977 7978
f 7979 7980 7981
f 7979 7981 7982
f 7983 7984 7985
f 7983 7985 7986
f 7987 7988 7989
f 7987 7989 7990
f 7991 7992 7993
f 7991 7993 7994
f 7995 7996 7997
f 7995 7997 7998
f 7999 8000 8001
f 7999 8001 8002
f 8003 8004 8005
f 8003 8005 8006
f 8007 8008 8009
f 8007 8009 8010
f 8011 8012 8013
f 8011 8013 8014
f 8015 8016 8017
f 8015 8017 8018
f 8019 8020 8021
f 8019 8021 8022
f 8023 8024 8025
f 8023 8025 8026
f 8027 8028 8029
f 8027 8029 8030
f 8031 8032 8033
f 8031 8033 8034
f 8035 8036 8037
f 8035 8037 8038
f 8039 8040 8041
f 8039 8041 8042
f 8043 8044 8045
f 8043 8045 8046
f 8047 8048 8049
f 8047 8049 8050
f 8051 8052 8053
f 8051 8053 8054
f 8055 8056 8057
f 8055 8057 8058
f 8059 8060 8061
f 8059 8061 8062
f 8063 8064 8065
f 8063 8065 8066
f 8067 8068 8069
f 8067 8069 8070
f 8071 8072 8073
f 8071 8073 8074
f 8075 8076 8077
f 8075 8077 8078
f 8079 8080 8081
f 8079 8081 8082
f 8083 8084 8085
f 8083 8085 8086
f 8087 8088 8089
f 8087 8089 8090
f 8091 8092 8093
f 8091 8093 8094
f 8095 8096 8097
f 8095 8097 8098
f 8099 8100 8101
f 8099 8101 8102
f 8103 8104 8105
f 8103 8105 8106
f 8107 8108 8109
f 8107 8109 8110
f 8111 8112 8113
f 8111 8113 8114
f 8115 8116 8117
f 8115 8117 8118
f 8119 8120 8121
f 8119 8121 8122
f 8123 8124 8125
f 8123 8125 8126
f 8127 8128 8129
f 8127 8129 8130
f 8131 8132 8133
f 8131 8133 8134
f 8135 8136 8137
f 8135 8137 8138
f 8139 8140 8141
f 8139 8141 8142
f 8143 8144 8145
f 8143 8145 8146
f 8147 8148 8149
f 8147 8149 8150
f 8151 8152 8153
f 8151 8153 8154
f 8155 8156 8157
f 8155 8157 8158
f 8159 8160 8161
f 8159 8161 8162
f 8163 8164 8165
f 8163 8165 8166
f 8167 8168 8169
f 8167 8169 8170
f 8171 8172 8173
f 8171 8173 8174
f 8175 8176 8177
f 8175 8177 8178
f 8179 8180 8181
f 8179 8181 8182
f 8183 8184 8185
f 8183 8185 8186
f 8187 8188 8189
f 8187 8189 8190
f 8191 8192 8193
f 8191 8193 8194
f 8195 8196 8197
f 8195 8197 8198
f 8199 8200 8201
f 8199 8201 8202
f 8203 8204 8205
f 8203 8205 8206
f 8207 8208 8209
f 8207 8209 8210
f 8211 8212 8213
f 8211 8213 8214
f 8215 8216 8217
f 8215 8217 8218
f 8219 8220 8221
f 8219 8221 8222
f 8223 8224 8225
f 8223 8225 8226
f 8227 8228 8229
f 8227 8229 8230
f 8231 8232 8233
f 8231 8233 8234
f 8235 8236 8237
f 8235 8237 8238
f 8239 8240 8241
f 8239 8241 8242
f 8243 8244 8245
f 8243 8245 8246
f 8247 8248 8249
f 8247 8249 8250
f 8251 8252 8253
f 8251 8253 8254
f 8255 8256 8257
f 8255 8257 8258
f 8259 8260 8261
f 8259 8261 8262
f 8263 8264 8265
f 8263 8265 8266
f 8267 8268 8269
f 8267 8269 8270
f 8271 8272 8273
f 8271 8273 8274
f 8275 8276 8277
f 8275 8277 8278
f 8279 8280 8281
f 8279 8281 8282
f 8283 8284 8285
f 8283 8285 8286
f 8287 8288 8289
f 8287 8289 8290
f 8291 8292 8293
f 8291 8293 8294
f 8295 8296 8297
f 8295 8297 8298
f 8299 8300 8301
f 8299 8301 8302
f 8303 8304 8305
f 8303 8305 8306
f 8307 8308 8309
f 8307 8309 8310
f 8311 8312 8313
f 8311 8313 8314
f 8315 8316 8317
f 8315 8317 8318
f 8319 8320 8321
f 8319 8321 8322
f 8323 8324 8325
f 8323 8325 8326
f 8327 8328 8329
f 8327 8329 8330
f 8331 8332 8333
f 8331 8333 8334
f 8335 8336 8337
f 8335 8337 8338
f 8339 8340 8341
f 8339 8341 8342
f 8343 8344 8345
f 8343 8345 8346
f 8347 8348 8349
f 8347 8349 8350
f 8351 8352 8353
f 8351 8353 8354
f 8355 8356 8357
f 8355 8357 8358
f 8359 8360 8361
f 8359 8361 8362
f 8363 8364 8365
f 8363 8365 8366
f 8367 8368 8369
f 8367 8369 8370
f 8371 8372 8373
f 8371 8373 8374
f 8375 8376 8377
f 8375 8377 8378
f 8379 8380 8381
f 8379 8381 8382
f 8383 8384 8385
f 8383 8385 8386
f 8387 8388 8389
f 8387 8389 8390
f 8391 8392 8393
f 8391 8393 8394
f 8395 8396 8397
f 8395 8397 8398
f 8399 8400 8401
f 8399 8401 8402
f 8403 8404 8405
f 8403 8405 8406
f 8407 8408 8409
f 8407 8409 8410
f 8411 8412 8413
f 8411 8413 8414
f 8415 8416 8417
f 8415 8417 8418
f 8419 8420 8421
f 8419 8421 8422
f 8423 8424 8425
f 8423 8425 8426
f 8427 8428 8429
f 8427 8429 8430
f 8431 8432 8433
f 8431 8433 8434
f 8435 8436 8437
f 8435 8437 8438
f 8439 8440 8441
f 8439 8441 8442
f 8443 8444 8445
f 8443 8445 8446
f 8447 8448 8449
f 8447 8449 8450
f 8451 8452 8453
f 8451 8453 8454
f 8455 8456 8457
f 8455 8457 8458
f 8459 8460 8461
f 8459 8461 8462
f 8463 8464 8465
f 8463 8465 8466
f 8467 8468 8469
f 8467 8469 8470
f 8471 8472 8473
f 8471 8473 8474
f 8475 8476 8477
f 8475 8477 8478
f 8479 8480 8481
f 8479 8481 8482
f 8483 8484 8485
f 8483 8485 8486
f 8487 8488 8489
f 8487 8489 8490
f 8491 8492 8493
f 8491 8493 8494
f 8495 8496 8497
f 8495 8497 8498
f 8499 8500 8501
f 8499 8501 8502
f 8503 8504 8505
f 8503 8505 8506
f 8507 8508 8509
f 8507 8509 8510
f 8511 8512 8513
f 8511 8513 8514
f 8515 8516 8517
f 8515 8517 8518
f 8519 8520 8521
f 8519 8521 8522
f 8523 8524 8525
f 8523 8525 8526
f 8527 8528 8529
f 8527 8529 8530
f 8531 8532 8533
f 8531 8533 8534
f 8535 8536 8537
f 8535 8537 8538
f 8539 8540 8541
f 8539 8541 8542
f 8543 8544 8545
f 8543 8545 8546
f 8547 8548 8549
f 8547 8549 8550
f 8551 8552 8553
f 8551 8553 8554
f 8555 8556 8557
f 8555 8557 8558
f 8559 8560 8561
f 8559 8561 8562
f 8563 8564 8565
f 8563 8565 8566
f 8567 8568 8569
f 8567 8569 8570
f 8571 8572 8573
f 8571 8573 8574
f 8575 8576 8577
f 8575 8577 8578
f 8579 8580 8581
f 8579 8581 8582
f 8583 8584 8585
f 8583 8585 8586
f 8587 8588 8589
f 8587 8589 8590
f 8591 8592 8593
f 8591 8593 8594
f 8595 8596 8597
f 8595 8597 8598
f 8599 8600 8601
f 8599 8601 8602
f 8603 8604 8605
f 8603 8605 8606
f 8607 8608 8609
f 8610 8611 8612
f 8613 8614 8615
f 8616 8617 8618
f 8619 8620 8621
f 8622 8623 8624
f 8625 8626 8627
f 8628 8629 8630
f 8631 8632 8633
f 8634 8635 8636
f 8637 8638 8639
f 8640 8641 8642
f 8643 8644 8645
f 8646 8647 8648
f 8649 8650 8651
f 8652 8653 8654
f 8655 8656 8657
f 8658 8659 8660
f 8661 8662 8663
f 8664 8665 8666
f 8667 8668 8669
f 8670 8671 8672
f 8673 8674 8675
f 8676 8677 8678
f 8679 8680 8681
f 8682 8683 8684
f 8685 8686 8687
f 8688 8689 8690
f 8691 8692 8693
f 8694 8695 8696
f 8697 8698 8699
f 8700 8701 8702
f 8703 8704 8705
f 8706 8707 8708
f 8709 8710 8711
f 8712 8713 8714
f 8715 8716 8717
f 8718 8719 8720
f 8721 8722 8723
f 8724 8725 8726
f 8727 8728 8729
f 8730 8731 8732
f 8733 8734 8735
f 8736 8737 8738
f 8739 8740 8741
f 8742 8743 8744
f 8745 8746 8747
f 8748 8749 8750
f 8751 8752 8753
f 8754 8755 8756
f 8757 8758 8759
f 8760 8761 8762
f 8763 8764 8765
f 8766 8767 8768
f 8769 8770 8771
f 8772 8773 8774
f 8775 8776 8777
f 8778 8779 8780
f 8781 8782 8783
f 8784 8785 8786
f 8787 8788 8789
f 8790 8791 8792
f 8793 8794 8795
f 8796 8797 8798
f 8799 8800 8801
f 8799 8801 8802
f 8803 8804 8805
f 8803 8805 8806
f 8807 8808 8809
f 8807 8809 8810
f 8811 8812 8813
f 8811 8813 8814
f 8815 8816 8817
f 8815 8817 8818
f 8819 8820 8821
f 8819 8821 8822
f 8823 8824 8825
f 8823 8825 8826
f 8827 8828 8829
f 8827 8829 8830
f 8831 8832 8833
f 8831 8833 8834
f 8835 8836 8837
f 8835 8837 8838
f 8839 8840 8841
f 8839 8841 8842
f 8843 8844 8845
f 8843 8845 8846
f 8847 8848 8849
f 8847 8849 8850
f 8851 8852 8853
f 8851 8853 8854
f 8855 8856 8857
f 8855 8857 8858
f 8859 8860 8861
f 8859 8861 8862
f 8863 8864 8865
f 8863 8865 8866
f 8867 8868 8869
f 8867 8869 8870
f 8871 8872 8873
f 8871 8873 8874
f 8875 8876 8877
f 8875 8877 8878
f 8879 8880 8881
f 8879 8881 8882
f 8883 8884 8885
f 8883 8885 8886
f 8887 8888 8889
f 8887 8889 8890
f 8891 8892 8893
f 8891 8893 8894
f 8895 8896 8897
f 8895 8897 8898
f 8899 8900 8901
f 8899 8901 8902
f 8903 8904 8905
f 8903 8905 8906
f 8907 8908 8909
f 8907 8909 8910
f 8911 8912 8913
f 8911 8913 8914
f 8915 8916 8917
f 8915 8917 8918
f 8919 8920 8921
f 8919 8921 8922
f 8923 8924 8925
f 8923 8925 8926
f 8927 8928 8929
f 8927 8929 8930
f 8931 8932 8933
f 8931 8933 8934
f 8935 8936 8937
f 8935 8937 8938
f 8939 8940 8941
f 8939 8941 8942
f 8943 8944 8945
f 8943 8945 8946
f 8947 8948 8949
f 8947 8949 8950
f 8951 8952 8953
f 8951 8953 8954
f 8955 8956 8957
f 8955 8957 8958
f 8959 8960 8961
f 8959 8961 8962
f 8963 8964 8965
f 8963 8965 8966
f 8967 8968 8969
f 8967 8969 8970
f 8971 8972 8973
f 8971 8973 8974
f 8975 8976 8977
f 8975 8977 8978
f 8979 8980 8981
f 8979 8981 8982
f 8983 8984 8985
f 8983 8985 8986
f 8987 8988 8989
f 8987 8989 8990
f 8991 8992 8993
f 8991 8993 8994
f 8995 8996 8997
f 8995 8997 8998
f 8999 9000 9001
f 8999 9001 9002
f 9003 9004 9005
f 9003 9005 9006
f 9007 9008 9009
f 9007 9009 9010
f 9011 9012 9013
f 9011 9013 9014
f 9015 9016 9017
f 9015 9017 9018
f 9019 9020 9021
f 9019 9021 9022
f 9023 9024 9025
f 9023 9025 9026
f 9027 9028 9029
f 9027 9029 9030
f 9031 9032 9033
f 9031 9033 9034
f 9035 9036 9037
f 9035 9037 9038
f 9039 9040 9041
f 9039 9041 9042
f 9043 9044 9045
f 9043 9045 9046
f 9047 9048 9049
f 9047 9049 9050
f 9051 9052 9053
f 9051 9053 9054
f 9055 9056 9057
f 9055 9057 9058
f 9059 9060 9061
f 9059 9061 9062
f 9063 9064 9065
f 9063 9065 9066
f 9067 9068 9069
f 9067 9069 9070
f 9071 9072 9073
f 9071 9073 9074
f 9075 9076 9077
f 9075 9077 9078
f 9079 9080 9081
f 9079 9081 9082
f 9083 9084 9085
f 9083 9085 9086
f 9087 9088 9089
f 9087 9089 9090
f 9091 9092 9093
f 9091 9093 9094
f 9095 9096 9097
f 9095 9097 9098
f 9099 9100 9101
f 9099 9101 9102
f 9103 9104 9105
f 9103 9105 9106
f 9107 9108 9109
f 9107 9109 9110
f 9111 9112 9113
f 9111 9113 9114
f 9115 9116 9117
f 9115 9117 9118
f 9119 9120 9121
f 9119 9121 9122
f 9123 9124 9125
f 9123 9125 9126
f 9127 9128 9129
f 9127 9129 9130
f 9131 9132 9133
f 9131 9133 9134
f 9135 9136 9137
f 9135 9137 9138
f 9139 9140 9141
f 9139 9141 9142
f 9143 9144 9145
f 9143 9145 9146
f 9147 9148 9149
f 9147 9149 9150
f 9151 9152 9153
f 9151 9153 9154
f 9155 9156 9157
f 9155 9157 9158
f 9159 9160 9161
f 9159 9161 9162
f 9163 9164 9165
f 9163 9165 9166
f 9167 9168 9169
f 9167 9169 9170
f 9171 9172 9173
f 9171 9173 9174
f 9175 9176 9177
f 9175 9177 9178
f 9179 9180 9181
f 9179 9181 9182
f 9183 9184 9185
f 9183 9185 9186
f 9187 9188 9189
f 9187 9189 9190
f 9191 9192 9193
f 9191 9193 9194
f 9195 9196 9197
f 9195 9197 9198
f 9199 9200 9201
f 9199 9201 9202
f 9203 9204 9205
f 9203 9205 9206
f 9207 9208 9209
f 9207 9209 9210
f 9211 9212 9213
f 9211 9213 9214
f 9215 9216 9217
f 9215 9217 9218
f 9219 9220 9221
f 9219 9221 9222
f 9223 9224 9225
f 9223 9225 9226
f 9227 9228 9229
f 9227 9229 9230
f 9231 9232 9233
f 9231 9233 9234
f 9235 9236 9237
f 9235 9237 9238
f 9239 9240 9241
f 9242 9243 9244
f 9242 9244 9245
f 9246 9247 9248
f 9246 9248 9249
f 9250 9251 9252
f 9250 9252 9253
f 9254 9255 9256
f 9254 9256 9257
f 9258 9259 9260
f 9258 9260 9261
f 9262 9263 9264
f 9265 9266 9267
f 9265 9267 9268
f 9269 9270 9271
f 9269 9271 9272
f 9273 9274 9275
f 9273 9275 9276
f 9277 9278 9279
f 9277 9279 9280
f 9281 9282 9283
f 9281 9283 9284
f 9285 9286 9287
f 9285 9287 9288
f 9289 9290 9291
f 9289 9291 9292
f 9293 9294 9295
f 9293 9295 9296
f 9297 9298 9299
f 9297 9299 9300
f 9301 9302 9303
f 9301 9303 9304
f 9305 9306 9307
f 9305 9307 9308
f 9309 9310 9311
f 9309 9311 9312
f 9313 9314 9315
f 9313 9315 9316
f 9317 9318 9319
f 9317 9319 9320
f 9321 9322 9323
f 9321 9323 9324
f 9325 9326 9327
f 9325 9327 9328
f 9329 9330 9331
f 9329 9331 9332
f 9333 9334 9335
f 9333 9335 9336
f 9337 9338 9339
f 9337 9339 9340
f 9341 9342 9343
f 9344 9345 9346
f 9344 9346 9347
f 9348 9349 9350
f 9348 9350 9351
f 9352 9353 9354
f 9352 9354 9355
f 9356 9357 9358
f 9356 9358 9359
f 9360 9361 9362
f 9360 9362 9363
f 9364 9365 9366
f 9367 9368 9369
f 9367 9369 9370
f 9371 9372 9373
f 9371 9373 9374
f 9375 9376 9377
f 9375 9377 9378
f 9379 9380 9381
f 9379 9381 9382
f 9383 9384 9385
f 9383 9385 9386
f 9387 9388 9389
f 9387 9389 9390
f 9391 9392 9393
f 9391 9393 9394
f 9395 9396 9397
f 9395 9397 9398
f 9399 9400 9401
f 9399 9401 9402
f 9403 9404 9405
f 9403 9405 9406
f 9407 9408 9409
f 9407 9409 9410
f 9411 9412 9413
f 9411 9413 9414
f 9415 9416 9417
f 9415 9417 9418
f 9419 9420 9421
f 9419 9421 9422
f 9423 9424 9425
f 9423 9425 9426
f 9427 9428 9429
f 9427 9429 9430
f 9431 9432 9433
f 9431 9433 9434
f 9435 9436 9437
f 9435 9437 9438
f 9439 9440 9441
f 9439 9441 9442
f 9443 9444 9445
f 9446 9447 9448
f 9446 9448 9449
f 9450 9451 9452
f 9450 9452 9453
f 9454 9455 9456
f 9454 9456 9457
f 9458 9459 9460
f 9458 9460 9461
f 9462 9463 9464
f 9462 9464 9465
f 9466 9467 9468
f 9469 9470 9471
f 9469 9471 9472
f 9473 9474 9475
f 9473 9475 9476
f 9477 9478 9479
f 9477 9479 9480
f 9481 9482 9483
f 9481 9483 9484
f 9485 9486 9487
f 9485 9487 9488
f 9489 9490 9491
f 9489 9491 9492
f 9493 9494 9495
f 9493 9495 9496
f 9497 9498 9499
f 9497 9499 9500
f 9501 9502 9503
f 9501 9503 9504
f 9505 9506 9507
f 9505 9507 9508
f 9509 9510 9511
f 9509 9511 9512
f 9513 9514 9515
f 9513 9515 9516
f 9517 9518 9519
f 9517 9519 9520
f 9521 9522 9523
f 9521 9523 9524
f 9525 9526 9527
f 9525 9527 9528
f 9529 9530 9531
f 9529 9531 9532
f 9533 9534 9535
f 9533 9535 9536
f 9537 9538 9539
f 9537 9539 9540
f 9541 9542 9543
f 9541 9543 9544
f 9545 9546 9547
f 9548 9549 9550
f 9548 9550 9551
f 9552 9553 9554
f 9552 9554 9555
f 9556 9557 9558
f 9556 9558 9559
f 9560 9561 9562
f 9560 9562 9563
f 9564 9565 9566
f 9564 9566 9567
f 9568 9569 9570
f 9571 9572 9573
f 9571 9573 9574
f 9575 9576 9577
f 9575 9577 9578
f 9579 9580 9581
f 9579 9581 9582
f 9583 9584 9585
f 9583 9585 9586
f 9587 9588 9589
f 9587 9589 9590
f 9591 9592 9593
f 9591 9593 9594
f 9595 9596 9597
f 9595 9597 9598
f 9599 9600 9601
f 9599 9601 9602
f 9603 9604 9605
f 9603 9605 9606
f 9607 9608 9609
f 9607 9609 9610
f 9611 9612 9613
f 9611 9613 9614
f 9615 9616 9617
f 9615 9617 9618
f 9619 9620 9621
f 9619 9621 9622
f 9623 9624 9625
f 9623 9625 9626
f 9627 9628 9629
f 9627 9629 9630
f 9631 9632 9633
f 9631 9633 9634
f 9635 9636 9637
f 9635 9637 9638
f 9639 9640 9641
f 9639 9641 9642
f 9643 9644 9645
f 9643 9645 9646
f 9647 9648 9649
f 9650 9651 9652
f 9650 9652 9653
f 9654 9655 9656
f 9654 9656 9657
f 9658 9659 9660
f 9658 9660 9661
f 9662 9663 9664
f 9662 9664 9665
f 9666 9667 9668
f 9666 9668 9669
f 9670 9671 9672
f 9673 9674 9675
f 9673 9675 9676
f 9677 9678 9679
f 9677 9679 9680
f 9681 9682 9683
f 9681 9683 9684
f 9685 9686 9687
f 9685 9687 9688
f 9689 9690 9691
f 9689 9691 9692
f 9693 9694 9695
f 9693 9695 9696
f 9697 9698 9699
f 9697 9699 9700
f 9701 9702 9703
f 9701 9703 9704
f 9705 9706 9707
f 9705 9707 9708
f 9709 9710 9711
f 9709 9711 9712
f 9713 9714 9715
f 9713 9715 9716
f 9717 9718 9719
f 9717 9719 9720
f 9721 9722 9723
f 9721 9723 9724
f 9725 9726 9727
f 9725 9727 9728
f 9729 9730 9731
f 9729 9731 9732
f 9733 9734 9735
f 9733 9735 9736
f 9737 9738 9739
f 9737 9739 9740
f 9741 9742 9743
f 9741 9743 9744
f 9745 9746 9747
f 9745 9747 9748
f 9749 9750 9751
f 9752 9753 9754
f 9752 9754 9755
f 9756 9757 9758
f 9756 9758 9759
f 9760 9761 9762
f 9760 9762 9763
f 9764 9765 9766
f 9764 9766 9767
f 9768 9769 9770
f 9768 9770 9771
f 9772 9773 9774
f 9775 9776 9777
f 9775 9777 9778
f 9779 9780 9781
f 9779 9781 9782
f 9783 9784 9785
f 9783 9785 9786
f 9787 9788 9789
f 9787 9789 9790
f 9791 9792 9793
f 9791 9793 9794
f 9795 9796 9797
f 9795 9797 9798
f 9799 9800 9801
f 9799 9801 9802
f 9803 9804 9805
f 9803 9805 9806
f 9807 9808 9809
f 9807 9809 9810
f 9811 9812 9813
f 9811 9813 9814
f 9815 9816 9817
f 9815 9817 9818
f 9819 9820 9821
f 9819 9821 9822
f 9823 9824 9825
f 9823 9825 9826
f 9827 9828 9829
f 9827 9829 9830
f 9831 9832 9833
f 9831 9833 9834
f 9835 9836 9837
f 9835 9837 9838
f 9839 9840 9841
f 9839 9841 9842
f 9843 9844 9845
f 9843 9845 9846
f 9847 9848 9849
f 9847 9849 9850
f 9851 9852 9853
f 9854 9855 9856
f 9854 9856 9857
f 9858 9859 9860
f 9858 9860 9861
f 9862 9863 9864
f 9862 9864 9865
f 9866 9867 9868
f 9866 9868 9869
f 9870 9871 9872
f 9870 9872 9873
f 9874 9875 9876
f 9877 9878 9879
f 9877 9879 9880
f 9881 9882 9883
f 9881 9883 9884
f 9885 9886 9887
f 9885 9887 9888
f 9889 9890 9891
f 9889 9891 9892
f 9893 9894 9895
f 9893 9895 9896
f 9897 9898 9899
f 9897 9899 9900
f 9901 9902 9903
f 9901 9903 9904
f 9905 9906 9907
f 9905 9907 9908
f 9909 9910 9911
f 9909 9911 9912
f 9913 9914 9915
f 9913 9915 9916
f 9917 9918 9919
f 9917 9919 9920
f 9921 9922 9923
f 9921 9923 9924
f 9925 9926 9927
f 9925 9927 9928
f 9929 9930 9931
f 9929 9931 9932
f 9933 9934 9935
f 9933 9935 9936
f 9937 9938 9939
f 9937 9939 9940
f 9941 9942 9943
f 9941 9943 9944
f 9945 9946 9947
f 9945 9947 9948
f 9949 9950 9951
f 9949 9951 9952
f 9953 9954 9955
f 9956 9957 9958
f 9956 9958 9959
f 9960 9961 9962
f 9960 9962 9963
f 9964 9965 9966
f 9964 9966 9967
f 9968 9969 9970
f 9968 9970 9971
f 9972 9973 9974
f 9972 9974 9975
f 9976 9977 9978
f 9979 9980 9981
f 9979 9981 9982
f 9983 9984 9985
f 9983 9985 9986
f 9987 9988 9989
f 9987 9989 9990
f 9991 9992 9993
f 9991 9993 9994
f 9995 9996 9997
f 9995 9997 9998
